# Blender 4.4.0
# www.blender.org
mtllib Compass_body.mtl
o Compass
v 1.567496 -0.284060 0.929231
v 0.000046 -0.284060 -0.000051
v 0.948093 -0.284060 1.548707
v 0.568836 -0.284060 1.548707
v 0.000046 -0.284060 1.548707
v -0.568840 -0.284060 1.548707
v -0.948097 -0.284060 1.548707
v -1.567500 -0.284060 0.929231
v -1.567500 -0.284060 0.557518
v -1.567500 -0.284060 -0.000051
v -1.567500 -0.284060 -0.557620
v -1.567500 -0.284060 -0.929333
v -0.948097 -0.284060 -1.548674
v -0.568840 -0.284060 -1.548674
v 0.000046 -0.284060 -1.548674
v 0.568836 -0.284060 -1.548674
v 0.948093 -0.284060 -1.548674
v 1.567496 -0.284060 -0.929333
v 1.567496 -0.284060 -0.557620
v 1.567496 -0.284060 -0.000051
v 1.567496 -0.284060 0.557518
v 0.009326 0.151488 1.642376
v 0.016215 0.144630 1.642376
v 0.000046 0.135245 1.642376
v 0.018702 0.135245 1.642376
v 0.016215 0.125860 1.642376
v 0.009326 0.119122 1.642376
v 0.000046 0.116596 1.642376
v -0.009330 0.119122 1.642376
v -0.016219 0.125860 1.642376
v -0.018707 0.135245 1.642376
v -0.016219 0.144630 1.642376
v -0.009330 0.151488 1.642376
v 0.000046 0.154014 1.642376
v -0.568840 -0.284060 1.548707
v -0.948097 0.284077 1.548707
v -0.948097 -0.284060 1.548707
v -1.567500 -0.284060 0.929231
v -1.567500 0.284077 0.929231
v -1.567500 0.284077 0.557518
v -1.567500 -0.284060 0.557518
v -1.567500 0.284077 -0.000051
v -1.567500 -0.284060 -0.000051
v -1.567500 0.284077 -0.557620
v -1.567500 -0.284060 -0.557620
v -1.567500 0.284077 -0.929333
v -1.567500 -0.284060 -0.929333
v -0.948097 -0.284060 -1.548674
v -0.948097 0.284077 -1.548674
v -0.568840 0.284077 -1.548674
v -0.568840 -0.284060 -1.548674
v -0.000050 0.284077 -1.548674
v 0.000046 -0.284060 -1.548674
v -0.568840 0.284077 1.548707
v 0.000046 -0.284060 1.548707
v -0.000050 0.284077 1.548707
v 0.568836 -0.284060 1.548707
v 0.568836 0.284077 1.548707
v 0.948093 -0.284060 1.548707
v 0.948093 0.284077 1.548707
v 1.567496 0.284077 0.929231
v 1.567496 -0.284060 0.929231
v 1.567496 -0.284060 0.557518
v 1.567496 0.284077 0.557518
v 1.567496 -0.284060 -0.000051
v 1.567496 0.284077 -0.000051
v 1.567496 -0.284060 -0.557620
v 1.567496 0.284077 -0.557620
v 1.567496 -0.284060 -0.929333
v 1.567496 0.284077 -0.929333
v 0.948093 0.284077 -1.548674
v 0.948093 -0.284060 -1.548674
v 0.568836 -0.284060 -1.548674
v 0.568836 0.284077 -1.548674
v 0.000046 -0.284060 -1.548674
v -0.000050 0.284077 -1.548674
v 1.567496 0.284077 -0.929333
v 0.801519 0.284077 -1.104288
v 0.948093 0.284077 -1.548674
v 0.421113 0.284077 -1.297950
v 0.568836 0.284077 -1.548674
v -0.000624 0.284077 -1.364568
v -0.000050 0.284077 -1.548674
v -0.422265 0.284077 -1.297546
v -0.568840 0.284077 -1.548674
v -0.802575 0.284077 -1.103615
v -0.948097 0.284077 -1.548674
v -1.104240 0.284077 -0.801481
v -1.567500 0.284077 -0.929333
v -1.297887 0.284077 -0.421020
v -1.567500 0.284077 -0.557620
v -1.364477 0.284077 0.000622
v -1.567500 0.284077 -0.000051
v -1.297504 0.284077 0.422264
v -1.567500 0.284077 0.557518
v -1.103570 0.284077 0.802590
v -1.567500 0.284077 0.929231
v -0.801523 0.284077 1.104321
v -0.948097 0.284077 1.548707
v -0.421117 0.284077 1.297983
v -0.568840 0.284077 1.548707
v 0.000620 0.284077 1.364466
v -0.000050 0.284077 1.548707
v 0.422261 0.284077 1.297579
v 0.568836 0.284077 1.548707
v 0.802571 0.284077 1.103513
v 0.948093 0.284077 1.548707
v 1.104236 0.284077 0.801514
v 1.567496 0.284077 0.929231
v 1.297883 0.284077 0.421053
v 1.567496 0.284077 0.557518
v 1.364473 0.284077 -0.000589
v 1.567496 0.284077 -0.000051
v 1.297500 0.284077 -0.422232
v 1.567496 0.284077 -0.557620
v 1.103566 0.284077 -0.802557
v -0.000624 0.284077 -1.364568
v 0.421113 0.284077 -1.297950
v -0.000624 -0.208140 -1.364568
v 0.421113 -0.208140 -1.297950
v 0.801519 0.284077 -1.104288
v 0.801519 -0.208140 -1.104288
v 1.103566 0.284077 -0.802557
v 1.103566 -0.208140 -0.802557
v 1.297500 0.284077 -0.422232
v 1.297500 -0.208140 -0.422231
v 1.364473 0.284077 -0.000589
v 1.364473 -0.208140 -0.000589
v 1.297883 0.284077 0.421053
v 1.297883 -0.208140 0.421053
v 1.104236 0.284077 0.801514
v 1.104236 -0.208140 0.801514
v 0.802571 0.284077 1.103513
v 0.802571 -0.208140 1.103513
v 0.422261 0.284077 1.297579
v 0.422261 -0.208140 1.297579
v 0.000620 0.284077 1.364466
v 0.000620 -0.208140 1.364466
v -0.421117 0.284077 1.297983
v -0.421117 -0.208140 1.297983
v -0.801523 0.284077 1.104321
v -0.801523 -0.208140 1.104321
v -1.103570 0.284077 0.802590
v -1.103570 -0.208140 0.802590
v -1.297504 0.284077 0.422264
v -1.297504 -0.208140 0.422264
v -1.364477 0.284077 0.000622
v -1.364477 -0.208140 0.000622
v -1.297887 0.284077 -0.421020
v -1.297887 -0.208140 -0.421020
v -1.104240 0.284077 -0.801481
v -1.104240 -0.208140 -0.801481
v -0.802575 0.284077 -1.103615
v -0.802575 -0.208140 -1.103615
v -0.422265 0.284077 -1.297546
v -0.422265 -0.208140 -1.297546
v -0.000624 0.284077 -1.364568
v -0.000624 -0.208140 -1.364568
v 0.801519 -0.208140 -1.104288
v 0.779705 -0.208140 -1.074142
v 1.103566 -0.208140 -0.802557
v 1.073524 -0.208140 -0.780621
v -0.801523 -0.208140 1.104321
v -0.779709 -0.208140 1.074175
v -1.103570 -0.208140 0.802590
v -1.073528 -0.208140 0.780653
v -0.421117 -0.208140 1.297983
v -0.409636 -0.208140 1.262588
v -0.801523 -0.208140 1.104321
v -0.779709 -0.208140 1.074175
v 0.000620 -0.208140 1.364466
v 0.000620 -0.208140 1.327322
v -0.421117 -0.208140 1.297983
v -0.409636 -0.208140 1.262588
v 0.422261 -0.208140 1.297579
v 0.410685 -0.208140 1.262184
v 0.000620 -0.208140 1.364466
v 0.000620 -0.208140 1.327322
v 0.802571 -0.208140 1.103513
v 0.780661 -0.208140 1.073502
v 0.422261 -0.208140 1.297579
v 0.410685 -0.208140 1.262184
v 1.104236 -0.208140 0.801514
v 1.074193 -0.208140 0.779711
v 0.802571 -0.208140 1.103513
v 0.780661 -0.208140 1.073502
v 1.297883 -0.208140 0.421053
v 1.262578 -0.208140 0.409614
v 1.104236 -0.208140 0.801514
v 1.074193 -0.208140 0.779711
v 1.364473 -0.208140 -0.000589
v 1.327351 -0.208140 -0.000589
v 1.297883 -0.208140 0.421053
v 1.262578 -0.208140 0.409614
v 1.297500 -0.208140 -0.422231
v 1.262196 -0.208140 -0.410657
v 1.364473 -0.208140 -0.000589
v 1.327351 -0.208140 -0.000589
v 1.103566 -0.208140 -0.802557
v 1.073524 -0.208140 -0.780621
v 1.297500 -0.208140 -0.422231
v 1.262196 -0.208140 -0.410657
v 0.421113 -0.208140 -1.297950
v 0.409632 -0.208140 -1.262555
v 0.801519 -0.208140 -1.104288
v 0.779705 -0.208140 -1.074142
v -0.000624 -0.208140 -1.364568
v -0.000624 -0.208140 -1.327289
v 0.421113 -0.208140 -1.297950
v 0.409632 -0.208140 -1.262555
v -0.422265 -0.208140 -1.297546
v -0.410689 -0.208140 -1.262151
v -0.000624 -0.208140 -1.364568
v -0.000624 -0.208140 -1.327289
v -0.802575 -0.208140 -1.103615
v -0.780666 -0.208140 -1.073469
v -0.422265 -0.208140 -1.297546
v -0.410689 -0.208140 -1.262151
v -1.104240 -0.208140 -0.801481
v -1.074198 -0.208140 -0.779679
v -0.802575 -0.208140 -1.103615
v -0.780666 -0.208140 -1.073469
v -1.297887 -0.208140 -0.421020
v -1.262583 -0.208140 -0.409581
v -1.104240 -0.208140 -0.801481
v -1.074198 -0.208140 -0.779679
v -1.364477 -0.208140 0.000622
v -1.327355 -0.208140 0.000622
v -1.297887 -0.208140 -0.421020
v -1.262583 -0.208140 -0.409581
v -1.297504 -0.208140 0.422264
v -1.262200 -0.208140 0.410690
v -1.364477 -0.208140 0.000622
v -1.327355 -0.208140 0.000622
v -1.103570 -0.208140 0.802590
v -1.073528 -0.208140 0.780653
v -1.297504 -0.208140 0.422264
v -1.262200 -0.208140 0.410690
v 0.779705 -0.208140 -1.074142
v 0.779705 0.114550 -1.074142
v 1.073524 -0.208140 -0.780621
v 1.073524 0.114550 -0.780621
v -0.779709 -0.208140 1.074175
v -0.779709 0.114550 1.074175
v -1.073528 -0.208140 0.780653
v -1.073528 0.114550 0.780653
v -0.409636 -0.208140 1.262588
v -0.409636 0.114550 1.262588
v -0.779709 -0.208140 1.074175
v -0.779709 0.114550 1.074175
v 0.000620 -0.208140 1.327322
v 0.000620 0.114550 1.327322
v -0.409636 -0.208140 1.262588
v -0.409636 0.114550 1.262588
v 0.410685 -0.208140 1.262184
v 0.410685 0.114550 1.262184
v 0.000620 -0.208140 1.327322
v 0.000620 0.114550 1.327322
v 0.780661 -0.208140 1.073502
v 0.780661 0.114550 1.073502
v 0.410685 -0.208140 1.262184
v 0.410685 0.114550 1.262184
v 1.074193 -0.208140 0.779711
v 1.074193 0.114550 0.779711
v 0.780661 -0.208140 1.073502
v 0.780661 0.114550 1.073502
v 1.262578 -0.208140 0.409614
v 1.262578 0.114550 0.409614
v 1.074193 -0.208140 0.779711
v 1.074193 0.114550 0.779711
v 1.327351 -0.208140 -0.000589
v 1.327351 0.114550 -0.000589
v 1.262578 -0.208140 0.409614
v 1.262578 0.114550 0.409614
v 1.262196 -0.208140 -0.410657
v 1.262196 0.114550 -0.410658
v 1.327351 -0.208140 -0.000589
v 1.327351 0.114550 -0.000589
v 1.073524 -0.208140 -0.780621
v 1.073524 0.114550 -0.780621
v 1.262196 -0.208140 -0.410657
v 1.262196 0.114550 -0.410658
v 0.409632 -0.208140 -1.262555
v 0.409632 0.114550 -1.262555
v 0.779705 -0.208140 -1.074142
v 0.779705 0.114550 -1.074142
v -0.000624 -0.208140 -1.327289
v -0.000624 0.114550 -1.327289
v 0.409632 -0.208140 -1.262555
v 0.409632 0.114550 -1.262555
v -0.410689 -0.208140 -1.262151
v -0.410689 0.114550 -1.262151
v -0.000624 -0.208140 -1.327289
v -0.000624 0.114550 -1.327289
v -0.780666 -0.208140 -1.073469
v -0.780666 0.114550 -1.073469
v -0.410689 -0.208140 -1.262151
v -0.410689 0.114550 -1.262151
v -1.074198 -0.208140 -0.779679
v -1.074198 0.114550 -0.779679
v -0.780666 -0.208140 -1.073469
v -0.780666 0.114550 -1.073469
v -1.262583 -0.208140 -0.409581
v -1.262583 0.114550 -0.409581
v -1.074198 -0.208140 -0.779679
v -1.074198 0.114550 -0.779679
v -1.327355 -0.208140 0.000622
v -1.327355 0.114550 0.000622
v -1.262583 -0.208140 -0.409581
v -1.262583 0.114550 -0.409581
v -1.262200 -0.208140 0.410690
v -1.262200 0.114550 0.410690
v -1.327355 -0.208140 0.000622
v -1.327355 0.114550 0.000622
v -1.073528 -0.208140 0.780653
v -1.073528 0.114550 0.780653
v -1.262200 -0.208140 0.410690
v -1.262200 0.114550 0.410690
v 0.029609 0.186620 1.534980
v 0.029609 0.186620 1.585582
v 0.051328 0.164963 1.534980
v 0.051328 0.164963 1.585582
v 0.059269 0.135245 1.534980
v 0.059269 0.135245 1.585582
v 0.051328 0.105647 1.534980
v 0.051328 0.105647 1.585582
v 0.029609 0.083990 1.534980
v 0.029609 0.083990 1.585582
v 0.000046 0.076049 1.534980
v 0.000046 0.076049 1.585582
v 0.021955 0.097225 1.625418
v 0.000046 0.091329 1.625418
v 0.000046 0.101195 1.637665
v 0.017076 0.105767 1.637665
v 0.000046 0.116596 1.642376
v 0.009326 0.119122 1.642376
v 0.029514 0.118280 1.637665
v 0.016215 0.125860 1.642376
v 0.038029 0.113347 1.625418
v 0.043961 0.135245 1.625418
v 0.034106 0.135245 1.637665
v 0.018702 0.135245 1.642376
v 0.029514 0.152330 1.637665
v 0.016215 0.144630 1.642376
v 0.038029 0.157263 1.625418
v 0.021955 0.173385 1.625418
v 0.017076 0.164843 1.637665
v 0.009326 0.151488 1.642376
v 0.000046 0.169415 1.637665
v 0.000046 0.154014 1.642376
v 0.000046 0.179281 1.625418
v 0.000046 0.194561 1.585582
v 0.000046 0.194561 1.534980
v -0.029614 0.186620 1.585582
v -0.029614 0.186620 1.534980
v -0.051332 0.164963 1.585582
v -0.051332 0.164963 1.534980
v -0.059273 0.135245 1.585582
v -0.059273 0.135245 1.534980
v -0.051332 0.105647 1.585582
v -0.051332 0.105647 1.534980
v -0.029614 0.083990 1.585582
v -0.029614 0.083990 1.534980
v 0.000046 0.076049 1.585582
v 0.000046 0.076049 1.534980
v 0.000046 0.091329 1.625418
v -0.021960 0.097225 1.625418
v -0.038033 0.113347 1.625418
v -0.043965 0.135245 1.625418
v -0.038033 0.157263 1.625418
v -0.021960 0.173385 1.625418
v -0.017080 0.164843 1.637665
v -0.009330 0.151488 1.642376
v -0.029518 0.152330 1.637665
v -0.016219 0.144630 1.642376
v -0.034110 0.135245 1.637665
v -0.018707 0.135245 1.642376
v -0.029518 0.118280 1.637665
v -0.017080 0.105767 1.637665
v 0.000046 0.101195 1.637665
v -0.009330 0.119122 1.642376
v 0.000046 0.116596 1.642376
v -0.016219 0.125860 1.642376
v -0.145477 0.145712 0.229410
v -0.959387 0.172784 0.976738
v -0.191209 0.238838 0.183114
v -0.977948 0.210563 0.957897
v -0.984741 0.215617 0.951033
v -0.198002 0.243891 0.176116
v -0.965702 0.155578 0.970278
v -1.003589 0.155699 0.931788
v -0.151791 0.128507 0.223084
v -0.243831 0.128748 0.129685
v -1.009904 0.172904 0.925463
v -0.991630 0.210563 0.944169
v -0.250145 0.145953 0.123225
v -0.204795 0.238838 0.169252
v -0.198002 0.243891 0.176116
v -0.984741 0.215617 0.951033
v -0.074485 0.145231 -0.253198
v -0.009809 0.238116 -0.253467
v -0.036024 0.174468 -1.381525
v -0.009809 0.212127 -1.381659
v -0.000050 0.217181 -1.381659
v -0.000146 0.243169 -0.253467
v -0.027030 0.157263 -1.381525
v 0.027026 0.157263 -1.381525
v -0.065588 0.128026 -0.253198
v 0.065583 0.127905 -0.253198
v 0.036020 0.174468 -1.381525
v 0.009613 0.212127 -1.381659
v 0.074577 0.144990 -0.253198
v 0.009613 0.238116 -0.253467
v -0.000146 0.243169 -0.253467
v -0.000050 0.217181 -1.381659
v 0.238182 0.145592 0.109902
v 0.195128 0.238597 0.158486
v 1.062234 0.171460 0.884954
v 1.044821 0.209119 0.904603
v 1.038315 0.214173 0.911870
v 0.188718 0.243650 0.165753
v 1.056302 0.154255 0.891683
v 1.020711 0.154135 0.932326
v 0.232250 0.128387 0.116631
v 0.145759 0.128266 0.215279
v 1.014683 0.171340 0.939055
v 1.032001 0.209119 0.919137
v 0.139732 0.145472 0.222008
v 0.182307 0.238597 0.173020
v 0.188718 0.243650 0.165753
v 1.038315 0.214173 0.911870
v -0.958909 0.161474 0.977276
v -0.144998 0.134403 0.229948
v -0.959387 0.172784 0.976738
v -0.145477 0.145712 0.229410
v -0.965702 0.155578 0.970278
v -0.151791 0.128507 0.223084
v -0.958909 0.161474 0.977276
v -0.144998 0.134403 0.229948
v -1.010382 0.161594 0.924924
v -0.250624 0.134523 0.122687
v -1.003589 0.155699 0.931788
v -0.243831 0.128748 0.129685
v -1.009904 0.172904 0.925463
v -0.250145 0.145953 0.123225
v -1.010382 0.161594 0.924924
v -0.250624 0.134523 0.122687
v -0.036694 0.163158 -1.381525
v -0.075251 0.133921 -0.253198
v -0.036024 0.174468 -1.381525
v -0.074485 0.145231 -0.253198
v -0.027030 0.157263 -1.381525
v -0.065588 0.128026 -0.253198
v -0.036694 0.163158 -1.381525
v -0.075251 0.133921 -0.253198
v 0.036689 0.163038 -1.381525
v 0.075342 0.133681 -0.253198
v 0.027026 0.157263 -1.381525
v 0.065583 0.127905 -0.253198
v 0.036020 0.174468 -1.381525
v 0.074577 0.144990 -0.253198
v 0.036689 0.163038 -1.381525
v 0.075342 0.133681 -0.253198
v 1.062712 0.160150 0.884415
v 0.238660 0.134282 0.109363
v 1.062234 0.171460 0.884954
v 0.238182 0.145592 0.109902
v 1.056302 0.154255 0.891683
v 0.232250 0.128387 0.116631
v 1.062712 0.160150 0.884415
v 0.238660 0.134282 0.109363
v 1.014301 0.160030 0.939594
v 0.139253 0.134162 0.222546
v 1.020711 0.154135 0.932326
v 0.145759 0.128266 0.215279
v 1.014683 0.171340 0.939055
v 0.139732 0.145472 0.222008
v 1.014301 0.160030 0.939594
v 0.139253 0.134162 0.222546
v 0.366004 0.248463 -0.118886
v 0.235599 0.248463 -0.076493
v 0.311278 0.248463 -0.226147
v 0.200390 0.248463 -0.145668
v 0.311278 0.248463 -0.226147
v 0.200390 0.248463 -0.145668
v 0.226222 0.248463 -0.311337
v 0.145664 0.248463 -0.200442
v 0.226222 0.248463 -0.311337
v 0.145664 0.248463 -0.200442
v 0.118875 0.248463 -0.365977
v 0.076586 0.248463 -0.235568
v 0.118875 0.248463 -0.365977
v 0.076586 0.248463 -0.235568
v 0.000046 0.248463 -0.384818
v 0.000046 0.248463 -0.247815
v 0.000046 0.248463 -0.384818
v 0.000046 0.248463 -0.247815
v -0.118879 0.248463 -0.365977
v -0.076590 0.248463 -0.235568
v -0.118879 0.248463 -0.365977
v -0.076590 0.248463 -0.235568
v -0.226227 0.248463 -0.311337
v -0.145668 0.248463 -0.200442
v -0.226227 0.248463 -0.311337
v -0.145668 0.248463 -0.200442
v -0.311282 0.248463 -0.226147
v -0.200394 0.248463 -0.145668
v -0.366008 0.248463 -0.118886
v -0.235603 0.248463 -0.076493
v -0.384856 0.248463 -0.000051
v -0.247754 0.248463 -0.000051
v -0.366008 0.248463 0.118919
v -0.235603 0.248463 0.076526
v -0.366008 0.248463 0.118919
v -0.235603 0.248463 0.076526
v -0.311282 0.248463 0.226180
v -0.200394 0.248463 0.145566
v -0.311282 0.248463 0.226180
v -0.200394 0.248463 0.145566
v -0.226227 0.248463 0.311370
v -0.145668 0.248463 0.200475
v -0.226227 0.248463 0.311370
v -0.145668 0.248463 0.200475
v -0.118879 0.248463 0.366009
v -0.076590 0.248463 0.235600
v -0.118879 0.248463 0.366009
v -0.076590 0.248463 0.235600
v 0.000046 0.248463 0.384851
v 0.000046 0.248463 0.247713
v 0.118875 0.248463 0.366009
v 0.076586 0.248463 0.235600
v 0.118875 0.248463 0.366009
v 0.076586 0.248463 0.235600
v 0.226222 0.248463 0.311370
v 0.145664 0.248463 0.200475
v 0.226222 0.248463 0.311370
v 0.145664 0.248463 0.200475
v 0.311278 0.248463 0.226180
v 0.200390 0.248463 0.145566
v 0.366004 0.248463 0.118919
v 0.235599 0.248463 0.076526
v 0.384852 0.248463 -0.000051
v 0.247749 0.248463 -0.000051
v 0.366004 0.248463 -0.118886
v 0.235599 0.248463 -0.076493
v 0.200390 0.248463 -0.145668
v 0.235599 0.248463 -0.076493
v 0.235599 0.202261 -0.076493
v 0.247749 0.202261 -0.000051
v 0.247749 0.248463 -0.000051
v 0.235599 0.202261 0.076526
v 0.235599 0.248463 0.076526
v 0.200390 0.202261 0.145566
v 0.200390 0.248463 0.145566
v 0.145664 0.202261 0.200475
v 0.145664 0.248463 0.200475
v 0.076586 0.202261 0.235600
v 0.076586 0.248463 0.235600
v 0.000046 0.202261 0.247713
v 0.000046 0.248463 0.247713
v -0.076590 0.202261 0.235600
v -0.076590 0.248463 0.235600
v -0.145668 0.202261 0.200475
v -0.145668 0.248463 0.200475
v -0.200394 0.202261 0.145566
v -0.200394 0.248463 0.145566
v -0.235603 0.202261 0.076526
v -0.235603 0.248463 0.076526
v -0.247754 0.202261 -0.000051
v -0.247754 0.248463 -0.000051
v -0.235603 0.202261 -0.076493
v -0.235603 0.248463 -0.076493
v -0.200394 0.202261 -0.145668
v -0.200394 0.248463 -0.145668
v -0.145668 0.202261 -0.200442
v -0.145668 0.248463 -0.200442
v -0.076590 0.202261 -0.235568
v -0.076590 0.248463 -0.235568
v 0.000046 0.202261 -0.247815
v 0.000046 0.248463 -0.247815
v 0.200390 0.202261 -0.145668
v 0.145664 0.248463 -0.200442
v 0.145664 0.202261 -0.200442
v 0.076586 0.248463 -0.235568
v 0.076586 0.202261 -0.235568
v 0.000046 0.248463 -0.247815
v 0.000046 0.202261 -0.247815
v 0.000046 0.295507 -0.247815
v 0.000046 0.249305 -0.247815
v 0.076586 0.295507 -0.235568
v 0.076586 0.249305 -0.235568
v 0.145664 0.295507 -0.200442
v 0.145664 0.249305 -0.200442
v 0.200390 0.295507 -0.145668
v 0.200390 0.249305 -0.145668
v 0.235599 0.295507 -0.076493
v 0.235599 0.249305 -0.076493
v 0.247749 0.295507 -0.000051
v 0.247749 0.249305 -0.000051
v 0.235599 0.295507 0.076526
v 0.235599 0.249305 0.076526
v 0.200390 0.295507 0.145566
v 0.200390 0.249305 0.145566
v 0.145664 0.295507 0.200475
v 0.145664 0.249305 0.200475
v 0.076586 0.295507 0.235600
v 0.076586 0.249305 0.235600
v 0.000046 0.295507 0.247713
v 0.000046 0.249305 0.247713
v -0.076590 0.295507 0.235600
v -0.076590 0.249305 0.235600
v -0.145668 0.295507 0.200475
v -0.145668 0.249305 0.200475
v -0.200394 0.295507 0.145566
v -0.200394 0.249305 0.145566
v -0.235603 0.295507 0.076526
v -0.235603 0.249305 0.076526
v -0.247754 0.295507 -0.000051
v -0.247754 0.249305 -0.000051
v -0.235603 0.295507 -0.076493
v -0.235603 0.249305 -0.076493
v -0.200394 0.295507 -0.145668
v -0.200394 0.249305 -0.145668
v -0.145668 0.295507 -0.200442
v -0.145668 0.249305 -0.200442
v -0.076590 0.295507 -0.235568
v -0.076590 0.249305 -0.235568
v 0.000046 0.295507 -0.247815
v 0.000046 0.249305 -0.247815
v 0.235599 0.202261 -0.076493
v 0.189196 0.202261 -0.061420
v 0.200390 0.202261 -0.145668
v 0.160972 0.202261 -0.116867
v 0.200390 0.202261 -0.145668
v 0.160972 0.202261 -0.116867
v 0.145664 0.202261 -0.200442
v 0.116961 0.202261 -0.161010
v 0.145664 0.202261 -0.200442
v 0.116961 0.202261 -0.161010
v 0.076586 0.202261 -0.235568
v 0.061469 0.202261 -0.189137
v 0.076586 0.202261 -0.235568
v 0.061469 0.202261 -0.189137
v 0.000046 0.202261 -0.247815
v 0.000046 0.202261 -0.198962
v 0.000046 0.202261 -0.247815
v 0.000046 0.202261 -0.198962
v -0.076590 0.202261 -0.235568
v -0.061474 0.202261 -0.189137
v -0.076590 0.202261 -0.235568
v -0.061474 0.202261 -0.189137
v -0.145668 0.202261 -0.200442
v -0.116965 0.202261 -0.161010
v -0.145668 0.202261 -0.200442
v -0.116965 0.202261 -0.161010
v -0.200394 0.202261 -0.145668
v -0.160976 0.202261 -0.116867
v -0.200394 0.202261 -0.145668
v -0.160976 0.202261 -0.116867
v -0.235603 0.202261 -0.076493
v -0.189200 0.202261 -0.061420
v -0.247754 0.202261 -0.000051
v -0.198959 0.202261 -0.000051
v -0.235603 0.202261 0.076526
v -0.189200 0.202261 0.061453
v -0.200394 0.202261 0.145566
v -0.160976 0.202261 0.116900
v -0.200394 0.202261 0.145566
v -0.160976 0.202261 0.116900
v -0.145668 0.202261 0.200475
v -0.116965 0.202261 0.160908
v -0.145668 0.202261 0.200475
v -0.116965 0.202261 0.160908
v -0.076590 0.202261 0.235600
v -0.061474 0.202261 0.189170
v -0.076590 0.202261 0.235600
v -0.061474 0.202261 0.189170
v 0.000046 0.202261 0.247713
v 0.000046 0.202261 0.198994
v 0.076586 0.202261 0.235600
v 0.061469 0.202261 0.189170
v 0.076586 0.202261 0.235600
v 0.061469 0.202261 0.189170
v 0.145664 0.202261 0.200475
v 0.116961 0.202261 0.160908
v 0.145664 0.202261 0.200475
v 0.116961 0.202261 0.160908
v 0.200390 0.202261 0.145566
v 0.160972 0.202261 0.116900
v 0.200390 0.202261 0.145566
v 0.160972 0.202261 0.116900
v 0.235599 0.202261 0.076526
v 0.189196 0.202261 0.061453
v 0.235599 0.202261 0.076526
v 0.189196 0.202261 0.061453
v 0.247749 0.202261 -0.000051
v 0.198955 0.202261 -0.000051
v 0.247749 0.202261 -0.000051
v 0.198955 0.202261 -0.000051
v 0.235599 0.202261 -0.076493
v 0.189196 0.202261 -0.061420
v 0.200390 0.249305 -0.145668
v 0.160972 0.249305 -0.116867
v 0.235599 0.249305 -0.076493
v 0.189196 0.249305 -0.061420
v 0.160972 0.249305 -0.116867
v 0.200390 0.249305 -0.145668
v 0.116961 0.249305 -0.161010
v 0.145664 0.249305 -0.200442
v 0.061469 0.249305 -0.189137
v 0.076586 0.249305 -0.235568
v 0.000046 0.249305 -0.247815
v 0.000046 0.249305 -0.198962
v 0.076586 0.249305 -0.235568
v 0.061469 0.249305 -0.189137
v -0.076590 0.249305 -0.235568
v -0.061474 0.249305 -0.189137
v 0.000046 0.249305 -0.247815
v 0.000046 0.249305 -0.198962
v -0.145668 0.249305 -0.200442
v -0.116965 0.249305 -0.161010
v -0.076590 0.249305 -0.235568
v -0.061474 0.249305 -0.189137
v -0.200394 0.249305 -0.145668
v -0.160976 0.249305 -0.116867
v -0.145668 0.249305 -0.200442
v -0.116965 0.249305 -0.161010
v -0.235603 0.249305 -0.076493
v -0.189200 0.249305 -0.061420
v -0.200394 0.249305 -0.145668
v -0.160976 0.249305 -0.116867
v -0.247754 0.249305 -0.000051
v -0.198959 0.249305 -0.000051
v -0.235603 0.249305 -0.076493
v -0.189200 0.249305 -0.061420
v -0.235603 0.249305 0.076526
v -0.189200 0.249305 0.061453
v -0.247754 0.249305 -0.000051
v -0.198959 0.249305 -0.000051
v -0.200394 0.249305 0.145566
v -0.160976 0.249305 0.116900
v -0.235603 0.249305 0.076526
v -0.189200 0.249305 0.061453
v -0.145668 0.249305 0.200475
v -0.116965 0.249305 0.160908
v -0.200394 0.249305 0.145566
v -0.160976 0.249305 0.116900
v -0.076590 0.249305 0.235600
v -0.061474 0.249305 0.189170
v -0.145668 0.249305 0.200475
v -0.116965 0.249305 0.160908
v 0.000046 0.249305 0.247713
v 0.000046 0.249305 0.198994
v -0.076590 0.249305 0.235600
v -0.061474 0.249305 0.189170
v 0.076586 0.249305 0.235600
v 0.061469 0.249305 0.189170
v 0.000046 0.249305 0.247713
v 0.000046 0.249305 0.198994
v 0.145664 0.249305 0.200475
v 0.116961 0.249305 0.160908
v 0.076586 0.249305 0.235600
v 0.061469 0.249305 0.189170
v 0.200390 0.249305 0.145566
v 0.160972 0.249305 0.116900
v 0.145664 0.249305 0.200475
v 0.116961 0.249305 0.160908
v 0.235599 0.249305 0.076526
v 0.189196 0.249305 0.061453
v 0.200390 0.249305 0.145566
v 0.160972 0.249305 0.116900
v 0.189196 0.249305 0.061453
v 0.235599 0.249305 0.076526
v 0.198955 0.249305 -0.000051
v 0.247749 0.249305 -0.000051
v 0.189196 0.249305 -0.061420
v 0.235599 0.249305 -0.076493
v 0.160972 0.202261 -0.116867
v 0.189196 0.202261 -0.061420
v 0.189196 0.249305 -0.061420
v 0.198955 0.249305 -0.000051
v 0.198955 0.202261 -0.000051
v 0.189196 0.249305 0.061453
v 0.189196 0.202261 0.061453
v 0.160972 0.249305 0.116900
v 0.160972 0.202261 0.116900
v 0.116961 0.249305 0.160908
v 0.116961 0.202261 0.160908
v 0.061469 0.249305 0.189170
v 0.061469 0.202261 0.189170
v 0.000046 0.249305 0.198994
v 0.000046 0.202261 0.198994
v -0.061474 0.249305 0.189170
v -0.061474 0.202261 0.189170
v -0.116965 0.249305 0.160908
v -0.116965 0.202261 0.160908
v -0.160976 0.249305 0.116900
v -0.160976 0.202261 0.116900
v -0.189200 0.249305 0.061453
v -0.189200 0.202261 0.061453
v -0.198959 0.249305 -0.000051
v -0.198959 0.202261 -0.000051
v -0.189200 0.249305 -0.061420
v -0.189200 0.202261 -0.061420
v -0.160976 0.249305 -0.116867
v -0.160976 0.202261 -0.116867
v -0.116965 0.249305 -0.161010
v -0.116965 0.202261 -0.161010
v -0.061474 0.249305 -0.189137
v -0.061474 0.202261 -0.189137
v 0.000046 0.249305 -0.198962
v 0.000046 0.202261 -0.198962
v 0.160972 0.249305 -0.116867
v 0.116961 0.202261 -0.161010
v 0.116961 0.249305 -0.161010
v 0.061469 0.202261 -0.189137
v 0.061469 0.249305 -0.189137
v 0.000046 0.202261 -0.198962
v 0.000046 0.249305 -0.198962
v 0.356915 0.295507 -0.115925
v 0.375285 0.295507 -0.000051
v 0.366004 0.286122 -0.118886
v 0.384852 0.286122 -0.000051
v 0.375285 0.295507 -0.000051
v 0.356915 0.295507 0.115958
v 0.366004 0.286122 0.118919
v 0.356915 0.295507 0.115958
v 0.303624 0.295507 0.220662
v 0.311278 0.286122 0.226180
v 0.303624 0.295507 0.220662
v 0.220578 0.295507 0.303564
v 0.226222 0.286122 0.311370
v 0.220578 0.295507 0.303564
v 0.116004 0.295507 0.356992
v 0.118875 0.286122 0.366009
v 0.116004 0.295507 0.356992
v 0.000046 0.295507 0.375295
v 0.000046 0.286122 0.384851
v 0.000046 0.295507 0.375295
v -0.116009 0.295507 0.356992
v -0.118879 0.286122 0.366009
v -0.116009 0.295507 0.356992
v -0.220582 0.295507 0.303564
v -0.226227 0.286122 0.311370
v -0.220582 0.295507 0.303564
v -0.303628 0.295507 0.220662
v -0.311282 0.286122 0.226180
v -0.303628 0.295507 0.220662
v -0.356919 0.295507 0.115958
v -0.366008 0.286122 0.118919
v -0.356919 0.295507 0.115958
v -0.375289 0.295507 -0.000051
v -0.384856 0.286122 -0.000051
v -0.375289 0.295507 -0.000051
v -0.356919 0.295507 -0.115925
v -0.366008 0.286122 -0.118886
v -0.356919 0.295507 -0.115925
v -0.303628 0.295507 -0.220629
v -0.311282 0.286122 -0.226147
v -0.303628 0.295507 -0.220629
v -0.220582 0.295507 -0.303666
v -0.226227 0.286122 -0.311337
v -0.220582 0.295507 -0.303666
v -0.116009 0.295507 -0.356960
v -0.118879 0.286122 -0.365977
v 0.000046 0.286122 -0.384818
v 0.000046 0.295507 -0.375263
v -0.116009 0.295507 -0.356960
v 0.311278 0.286122 -0.226147
v 0.356915 0.295507 -0.115925
v 0.303624 0.295507 -0.220629
v 0.226222 0.286122 -0.311337
v 0.303624 0.295507 -0.220629
v 0.220578 0.295507 -0.303666
v 0.118875 0.286122 -0.365977
v 0.220578 0.295507 -0.303666
v 0.116004 0.295507 -0.356960
v 0.000046 0.286122 -0.384818
v 0.116004 0.295507 -0.356960
v 0.000046 0.295507 -0.375263
v 0.000046 0.248463 -0.384818
v 0.000046 0.286122 -0.384818
v 0.118875 0.248463 -0.365977
v 0.118875 0.286122 -0.365977
v 0.226222 0.248463 -0.311337
v 0.226222 0.286122 -0.311337
v 0.311278 0.248463 -0.226147
v 0.311278 0.286122 -0.226147
v 0.366004 0.248463 -0.118886
v 0.366004 0.286122 -0.118886
v 0.384852 0.248463 -0.000051
v 0.384852 0.286122 -0.000051
v 0.366004 0.248463 0.118919
v 0.366004 0.286122 0.118919
v 0.311278 0.248463 0.226180
v 0.311278 0.286122 0.226180
v 0.226222 0.248463 0.311370
v 0.226222 0.286122 0.311370
v 0.118875 0.248463 0.366009
v 0.118875 0.286122 0.366009
v 0.000046 0.248463 0.384851
v 0.000046 0.286122 0.384851
v -0.118879 0.248463 0.366009
v -0.118879 0.286122 0.366009
v -0.226227 0.248463 0.311370
v -0.226227 0.286122 0.311370
v -0.311282 0.248463 0.226180
v -0.311282 0.286122 0.226180
v -0.366008 0.248463 0.118919
v -0.366008 0.286122 0.118919
v -0.384856 0.248463 -0.000051
v -0.384856 0.286122 -0.000051
v -0.366008 0.248463 -0.118886
v -0.366008 0.286122 -0.118886
v -0.311282 0.248463 -0.226147
v -0.311282 0.286122 -0.226147
v -0.226227 0.248463 -0.311337
v -0.226227 0.286122 -0.311337
v -0.118879 0.248463 -0.365977
v -0.118879 0.286122 -0.365977
v 0.000046 0.248463 -0.384818
v 0.000046 0.286122 -0.384818
v 0.356915 0.295507 -0.115925
v 0.303624 0.295507 -0.220629
v 0.200390 0.295507 -0.145668
v 0.145664 0.295507 -0.200442
v 0.220578 0.295507 -0.303666
v 0.076586 0.295507 -0.235568
v 0.116004 0.295507 -0.356960
v 0.000046 0.295507 -0.247815
v 0.000046 0.295507 -0.375263
v -0.076590 0.295507 -0.235568
v -0.116009 0.295507 -0.356960
v -0.145668 0.295507 -0.200442
v -0.220582 0.295507 -0.303666
v -0.200394 0.295507 -0.145668
v -0.303628 0.295507 -0.220629
v -0.235603 0.295507 -0.076493
v -0.356919 0.295507 -0.115925
v -0.247754 0.295507 -0.000051
v -0.375289 0.295507 -0.000051
v -0.235603 0.295507 0.076526
v -0.356919 0.295507 0.115958
v -0.200394 0.295507 0.145566
v -0.303628 0.295507 0.220662
v -0.145668 0.295507 0.200475
v -0.220582 0.295507 0.303564
v -0.076590 0.295507 0.235600
v -0.116009 0.295507 0.356992
v 0.000046 0.295507 0.247713
v 0.000046 0.295507 0.375295
v 0.076586 0.295507 0.235600
v 0.116004 0.295507 0.356992
v 0.145664 0.295507 0.200475
v 0.220578 0.295507 0.303564
v 0.200390 0.295507 0.145566
v 0.303624 0.295507 0.220662
v 0.235599 0.295507 0.076526
v 0.356915 0.295507 0.115958
v 0.247749 0.295507 -0.000051
v 0.375285 0.295507 -0.000051
v 0.235599 0.295507 -0.076493
v 0.022338 0.248824 -0.249833
v -0.022342 0.248824 -0.249833
v 0.022338 0.248824 -0.191829
v -0.022342 0.248824 -0.191829
v 0.022338 0.248824 0.201955
v -0.022342 0.248824 0.201955
v 0.022338 0.248824 0.325904
v -0.022342 0.248824 0.325904
v -0.965702 0.155578 0.970278
v -1.003589 0.155699 0.931788
v -0.958909 0.161474 0.977276
v -1.010382 0.161594 0.924924
v -0.959387 0.172784 0.976738
v -1.009904 0.172904 0.925463
v -0.977948 0.210563 0.957897
v -0.991630 0.210563 0.944169
v -0.984741 0.215617 0.951033
v -0.151791 0.128507 0.223084
v -0.243831 0.128748 0.129685
v -0.144998 0.134403 0.229948
v -0.250624 0.134523 0.122687
v -0.145477 0.145712 0.229410
v -0.250145 0.145953 0.123225
v -0.191209 0.238838 0.183114
v -0.204795 0.238838 0.169252
v -0.198002 0.243891 0.176116
v -0.036694 0.163158 -1.381525
v -0.027030 0.157263 -1.381525
v -0.036024 0.174468 -1.381525
v -0.009809 0.212127 -1.381659
v 0.027026 0.157263 -1.381525
v -0.000050 0.217181 -1.381659
v 0.009613 0.212127 -1.381659
v 0.036020 0.174468 -1.381525
v 0.036689 0.163038 -1.381525
v -0.075251 0.133921 -0.253198
v -0.074485 0.145231 -0.253198
v -0.065588 0.128026 -0.253198
v -0.009809 0.238116 -0.253467
v 0.065583 0.127905 -0.253198
v -0.000146 0.243169 -0.253467
v 0.009613 0.238116 -0.253467
v 0.074577 0.144990 -0.253198
v 0.075342 0.133681 -0.253198
v 1.020711 0.154135 0.932326
v 1.056302 0.154255 0.891683
v 1.014301 0.160030 0.939594
v 1.062712 0.160150 0.884415
v 1.014683 0.171340 0.939055
v 1.062234 0.171460 0.884954
v 1.032001 0.209119 0.919137
v 1.044821 0.209119 0.904603
v 1.038315 0.214173 0.911870
v 0.145759 0.128266 0.215279
v 0.232250 0.128387 0.116631
v 0.139253 0.134162 0.222546
v 0.238660 0.134282 0.109363
v 0.139732 0.145472 0.222008
v 0.238182 0.145592 0.109902
v 0.182307 0.238597 0.173020
v 0.195128 0.238597 0.158486
v 0.188718 0.243650 0.165753
v 0.000046 0.306336 -0.000051
v 0.039942 0.303087 -0.012971
v 0.034011 0.303087 -0.024679
v 0.078882 0.293221 -0.025621
v 0.067114 0.293221 -0.048769
v 0.024634 0.303087 -0.033965
v 0.048745 0.293221 -0.067072
v 0.012962 0.303087 -0.039887
v 0.025591 0.293221 -0.078915
v 0.000046 0.303087 -0.042040
v 0.000046 0.293221 -0.082953
v -0.012966 0.303087 -0.039887
v -0.025595 0.293221 -0.078915
v -0.024639 0.303087 -0.033965
v -0.048749 0.293221 -0.067072
v -0.034015 0.303087 -0.024679
v -0.067118 0.293221 -0.048769
v -0.039947 0.303087 -0.012971
v -0.078886 0.293221 -0.025621
v -0.041956 0.303087 -0.000051
v -0.039947 0.303087 0.013003
v -0.034015 0.303087 0.024712
v -0.078886 0.293221 0.025654
v -0.067118 0.293221 0.048802
v -0.024639 0.303087 0.033998
v -0.048749 0.293221 0.067105
v -0.012966 0.303087 0.039920
v 0.000046 0.303087 0.041938
v -0.025595 0.293221 0.078948
v -0.071615 0.277098 0.098597
v -0.098596 0.277098 0.071681
v -0.115913 0.277098 0.037632
v -0.121845 0.277098 -0.000051
v -0.082905 0.293221 -0.000051
v -0.115913 0.277098 -0.037599
v -0.098596 0.277098 -0.071648
v -0.071615 0.277098 -0.098564
v -0.037650 0.277098 -0.115925
v 0.000046 0.277098 -0.121847
v 0.037646 0.277098 -0.115925
v 0.071611 0.277098 -0.098564
v 0.098591 0.277098 -0.071648
v 0.115909 0.277098 -0.037599
v 0.121841 0.277098 -0.000051
v 0.082901 0.293221 -0.000051
v 0.041952 0.303087 -0.000051
v 0.039942 0.303087 0.013003
v 0.078882 0.293221 0.025654
v 0.115909 0.277098 0.037632
v 0.098591 0.277098 0.071681
v 0.067114 0.293221 0.048802
v 0.034011 0.303087 0.024712
v 0.024634 0.303087 0.033998
v 0.012962 0.303087 0.039920
v 0.000046 0.293221 0.082986
v -0.037650 0.277098 0.115958
v -0.092759 0.255080 0.127666
v -0.127681 0.255080 0.092675
v -0.150069 0.255080 0.048802
v -0.157819 0.255080 -0.000051
v -0.150069 0.255080 -0.048769
v -0.127681 0.255080 -0.092777
v -0.092759 0.255080 -0.127634
v -0.048749 0.255080 -0.150109
v 0.000046 0.255080 -0.157780
v 0.048745 0.255080 -0.150109
v 0.092755 0.255080 -0.127634
v 0.127677 0.255080 -0.092777
v 0.150065 0.255080 -0.048769
v 0.157814 0.255080 -0.000051
v 0.150065 0.255080 0.048802
v 0.127677 0.255080 0.092675
v 0.092755 0.255080 0.127666
v 0.071611 0.277098 0.098597
v 0.048745 0.293221 0.067105
v 0.025591 0.293221 0.078948
v 0.000046 0.277098 0.121879
v -0.048749 0.255080 0.150007
v -0.111607 0.227769 0.153506
v -0.153513 0.227769 0.111517
v -0.180494 0.227769 0.058626
v -0.189774 0.227769 -0.000051
v -0.180494 0.227769 -0.058594
v -0.153513 0.227768 -0.111619
v -0.111607 0.227768 -0.153608
v -0.058699 0.227768 -0.180524
v 0.000046 0.227768 -0.189810
v 0.058695 0.227768 -0.180524
v 0.111603 0.227768 -0.153608
v 0.153509 0.227768 -0.111619
v 0.180490 0.227769 -0.058594
v 0.189770 0.227769 -0.000051
v 0.180490 0.227769 0.058626
v 0.153509 0.227769 0.111517
v 0.111603 0.227769 0.153506
v 0.058695 0.227769 0.180557
v 0.048745 0.255080 0.150007
v 0.037646 0.277098 0.115958
v 0.000046 0.255080 0.157813
v -0.058699 0.227769 0.180557
v -0.127681 0.195644 0.175712
v -0.067118 0.195644 0.206531
v 0.000046 0.227769 0.189843
v 0.000046 0.195644 0.217163
v 0.067114 0.195644 0.206531
v 0.127677 0.195644 0.175712
v 0.175706 0.195644 0.127666
v 0.206513 0.195644 0.067105
v 0.217133 0.195644 -0.000051
v 0.206513 0.195644 -0.067072
v 0.175706 0.195644 -0.127634
v 0.127677 0.195644 -0.175679
v 0.067114 0.195644 -0.206498
v 0.000046 0.195644 -0.217130
v -0.067118 0.195644 -0.206498
v -0.127681 0.195644 -0.175679
v -0.175710 0.195644 -0.127634
v -0.206517 0.195644 -0.067072
v -0.217137 0.195644 -0.000051
v -0.206517 0.195644 0.067105
v -0.175710 0.195644 0.127666
v -0.193506 0.159789 0.140586
v -0.140597 0.159789 0.193477
v -0.073911 0.159789 0.227526
v 0.000046 0.159789 0.239234
v 0.073907 0.159789 0.227526
v 0.140593 0.159789 0.193477
v 0.193501 0.159789 0.140586
v 0.227466 0.159789 0.073969
v 0.239139 0.159789 -0.000051
v 0.227466 0.159789 -0.073936
v 0.193501 0.159789 -0.140553
v 0.140593 0.159789 -0.193444
v 0.073907 0.159789 -0.227493
v 0.000046 0.159789 -0.239201
v -0.073911 0.159789 -0.227493
v -0.140597 0.159789 -0.193444
v -0.193506 0.159789 -0.140553
v -0.227470 0.159789 -0.073936
v -0.239143 0.159789 -0.000051
v -0.227470 0.159789 0.073969
v -0.248232 0.108775 0.080698
v -0.211206 0.108775 0.153506
v -0.261052 0.108775 -0.000051
v -0.248232 0.108775 -0.080665
v -0.211206 0.108775 -0.153473
v -0.153418 0.108775 -0.211209
v -0.080704 0.108775 -0.248218
v 0.000046 0.108775 -0.261003
v 0.080700 0.108775 -0.248218
v 0.153413 0.108775 -0.211209
v 0.211201 0.108775 -0.153473
v 0.248228 0.108775 -0.080665
v 0.261048 0.108775 -0.000051
v 0.248228 0.108775 0.080698
v 0.211201 0.108775 0.153506
v 0.153413 0.108775 0.211241
v 0.080700 0.108775 0.248251
v 0.000046 0.108775 0.261036
v -0.080704 0.108775 0.248251
v -0.153418 0.108775 0.211241
v 0.022338 0.293582 0.162927
v 0.022338 0.316322 0.101692
v 0.022338 0.327872 0.162927
v 0.022338 0.340626 -0.000051
v 0.022338 0.442053 -0.000051
v 0.022338 0.434353 -0.162894
v 0.022338 0.335813 -0.105293
v 0.022338 0.292980 -0.188195
v 0.022338 0.318728 -0.162894
v 0.022338 0.425209 -0.256159
v 0.022338 0.513160 -0.375128
v 0.022338 0.504257 -0.162894
v 0.022338 0.375157 0.162927
v 0.022338 0.344596 -0.233818
v 0.022338 0.248824 -0.191829
v 0.022338 0.248824 -0.249833
v 0.022338 0.566822 -0.360055
v 0.022338 0.305734 0.325904
v 0.022338 0.248824 0.325904
v 0.022338 0.248824 0.201955
v -0.022342 0.340626 -0.000051
v -0.022342 0.327872 0.162927
v -0.022342 0.316322 0.101692
v -0.022342 0.293582 0.162927
v -0.022342 0.442053 -0.000051
v -0.022342 0.375157 0.162927
v -0.022342 0.504257 -0.162894
v -0.022342 0.434353 -0.162894
v -0.022342 0.335813 -0.105293
v -0.022342 0.292980 -0.188195
v -0.022342 0.318728 -0.162894
v -0.022342 0.344596 -0.233818
v -0.022342 0.425209 -0.256159
v -0.022342 0.513160 -0.375128
v -0.022342 0.566822 -0.360055
v -0.022342 0.248824 -0.249833
v -0.022342 0.248824 -0.191829
v -0.022342 0.305734 0.325904
v -0.022342 0.248824 0.325904
v -0.022342 0.248824 0.201955
v -0.022342 0.305734 0.325904
v -0.022342 0.248824 0.325904
v 0.022338 0.305734 0.325904
v 0.022338 0.248824 0.325904
v -0.022342 0.566822 -0.360055
v -0.022342 0.504257 -0.162894
v 0.022338 0.566822 -0.360055
v 0.022338 0.504257 -0.162894
v -0.022342 0.442053 -0.000051
v 0.022338 0.442053 -0.000051
v -0.022342 0.375157 0.162927
v 0.022338 0.375157 0.162927
v -0.022342 0.305734 0.325904
v 0.022338 0.305734 0.325904
v 0.022338 0.566822 -0.360055
v -0.022342 0.566822 -0.360055
v 0.022338 0.513160 -0.375128
v -0.022342 0.513160 -0.375128
v 0.022338 0.513160 -0.375128
v -0.022342 0.513160 -0.375128
v 0.022338 0.425209 -0.256159
v -0.022342 0.425209 -0.256159
v 0.022338 0.344596 -0.233818
v -0.022342 0.344596 -0.233818
v 0.022338 0.248824 -0.249833
v -0.022342 0.248824 -0.249833
v 0.022338 0.292980 -0.188195
v 0.022338 0.248824 -0.191829
v -0.022342 0.292980 -0.188195
v -0.022342 0.248824 -0.191829
v -0.022342 0.293582 0.162927
v -0.022342 0.248824 0.201955
v 0.022338 0.293582 0.162927
v 0.022338 0.248824 0.201955
v 0.022338 0.293582 0.162927
v 0.022338 0.316322 0.101692
v -0.022342 0.293582 0.162927
v -0.022342 0.316322 0.101692
v 0.022338 0.316322 0.101692
v 0.022338 0.340626 -0.000051
v -0.022342 0.316322 0.101692
v -0.022342 0.340626 -0.000051
v 0.022338 0.340626 -0.000051
v 0.022338 0.335813 -0.105293
v -0.022342 0.340626 -0.000051
v -0.022342 0.335813 -0.105293
v -0.022342 0.292980 -0.188195
v -0.022342 0.335813 -0.105293
v 0.022338 0.292980 -0.188195
v 0.022338 0.335813 -0.105293
vn -0.7526 -0.0001 -0.6585
vn -0.7526 -0.0000 -0.6585
vn 0.7526 -0.0000 0.6585
vn 0.7526 0.0001 0.6585
vn 0.7110 -0.0000 -0.7032
vn -0.7525 -0.0001 -0.6585
vn -0.0000 -0.0000 1.0000
vn 0.2136 0.7125 -0.6684
vn -0.0015 0.7110 -0.7032
vn 0.2137 0.7125 -0.6684
vn -0.0000 1.0000 -0.0022
vn 0.0001 0.0005 1.0000
vn -0.0000 -0.0000 -1.0000
vn -0.0000 -0.0001 -1.0000
vn -0.7109 -0.0000 0.7033
vn 0.0034 -0.9106 0.4134
vn -0.4575 -0.7874 0.4132
vn -0.4922 -0.8575 0.1502
vn -0.0023 -0.9886 0.1503
vn -0.7110 -0.0000 0.7032
vn -0.7109 -0.0000 0.7032
vn -0.5316 0.5717 0.6250
vn -0.5107 0.6152 0.6006
vn -0.5049 0.6199 0.6006
vn -0.5313 0.5717 0.6252
vn -0.9976 0.0603 -0.0328
vn -0.9976 0.0604 -0.0328
vn 0.6762 0.0679 0.7336
vn 0.6762 0.0677 0.7336
vn 0.6762 0.0678 0.7336
vn 0.3723 -0.8533 -0.3650
vn 0.3722 -0.8534 -0.3650
vn -0.7868 0.6170 -0.0172
vn -0.7868 0.6170 -0.0153
vn -0.4646 0.8853 -0.0197
vn -0.4645 0.8853 -0.0197
vn 0.3091 -0.0000 0.9510
vn 0.0004 -0.0000 1.0000
vn -0.2875 0.8872 0.3609
vn -0.9873 -0.0000 0.1588
vn 0.8098 -0.0000 -0.5867
vn 0.9502 -0.0000 -0.3115
vn 0.9503 -0.0000 -0.3115
vn -0.5885 0.0037 0.8085
vn -0.5885 0.0038 0.8085
vn -0.3094 0.0037 0.9509
vn -1.0000 -0.0000 0.0022
vn -0.4543 -0.0000 -0.8908
vn -0.4978 -0.8673 0.0021
vn -0.0004 -1.0000 0.0022
vn 0.4954 -0.8556 0.1502
vn -0.0014 -0.9886 0.1503
vn 0.0004 -1.0000 0.0022
vn 0.4978 -0.8673 0.0022
vn 0.9516 -0.0000 0.3074
vn 0.8097 -0.0000 0.5869
vn 0.9516 -0.0000 -0.3074
vn 1.0000 -0.0000 0.0021
vn 1.0000 -0.0000 0.0022
vn 0.0001 -0.0000 1.0000
vn -0.3094 0.0038 0.9509
vn 0.8097 -0.0000 -0.5869
vn 0.5884 -0.0000 -0.8086
vn -0.0000 -1.0000 0.0022
vn -0.0000 -1.0000 -0.0022
vn -0.0000 -1.0000 -0.0020
vn -0.8098 -0.0000 -0.5867
vn -0.5885 0.0037 -0.8085
vn -0.5885 0.0038 -0.8085
vn 0.9873 -0.0000 -0.1588
vn -0.0000 1.0000 -0.0020
vn -0.4979 0.8672 -0.0021
vn -0.4922 0.8575 0.1502
vn -0.0019 0.9887 0.1502
vn -0.1564 -0.0000 0.9877
vn -0.1567 -0.0000 0.9876
vn 0.1157 0.1928 0.9744
vn 0.1938 0.1140 0.9744
vn 0.2249 -0.0000 0.9744
vn 0.1938 -0.1140 0.9744
vn 0.5882 -0.0000 0.8087
vn 0.3094 -0.0000 0.9509
vn 0.1157 -0.1928 0.9744
vn 0.0019 -0.2248 0.9744
vn 0.4978 0.8673 -0.0022
vn 0.4954 0.8556 0.1502
vn -0.1124 -0.1947 0.9744
vn -0.1957 -0.1108 0.9744
vn -0.2248 0.0038 0.9744
vn -0.1957 0.1108 0.9744
vn -0.1124 0.1947 0.9744
vn 0.0019 0.2248 0.9744
vn -1.0000 -0.0000 0.0020
vn -0.9516 -0.0000 -0.3074
vn 0.5879 -0.0000 0.8089
vn 0.5876 -0.0000 0.8091
vn 0.3093 -0.0000 0.9510
vn -0.8093 -0.0000 -0.5874
vn -0.0004 -0.0000 1.0000
vn 0.9887 -0.0004 0.1502
vn 0.8546 -0.4971 0.1502
vn 0.8673 -0.4978 0.0022
vn 1.0000 -0.0001 -0.0020
vn -0.3094 0.0037 -0.9509
vn -0.0004 -0.0000 -1.0000
vn 0.4120 0.7116 0.5691
vn 0.2158 0.7120 0.6682
vn 0.5692 0.7106 0.4136
vn 0.4126 0.7116 0.5687
vn 0.4126 0.7116 0.5686
vn -0.7075 -0.0000 0.7067
vn -0.7074 -0.0000 0.7069
vn -0.7074 -0.0000 0.7068
vn 0.8094 -0.0000 -0.5873
vn 1.0000 -0.0000 -0.0022
vn -0.8098 0.0037 0.5867
vn -0.5265 -0.0000 -0.8502
vn -0.5265 -0.0001 -0.8502
vn -0.8490 -0.0038 0.5284
vn -0.8490 -0.0038 0.5283
vn -0.8490 -0.0000 -0.5283
vn -0.8491 -0.0002 -0.5283
vn -0.9516 -0.0000 0.3073
vn -1.0000 -0.0000 0.0021
vn 0.9516 -0.0000 -0.3073
vn 1.0000 -0.0000 0.0020
vn -0.3094 0.0035 0.9509
vn -0.3094 0.0036 0.9509
vn -0.8097 -0.0000 -0.5868
vn 0.1565 -0.0000 0.9877
vn 0.1569 -0.0000 0.9876
vn -0.0000 1.0000 0.0022
vn -0.0000 1.0000 0.0023
vn -0.0000 1.0000 -0.0023
vn -0.8097 -0.0000 -0.5869
vn 0.7079 -0.0000 0.7063
vn -0.9516 -0.0000 0.3074
vn 0.5883 -0.0000 0.8086
vn 0.5884 -0.0000 0.8086
vn 0.3089 -0.0000 -0.9511
vn 0.5879 -0.0000 -0.8089
vn -0.0001 -0.0000 -1.0000
vn 0.3095 -0.0000 -0.9509
vn 0.9880 -0.0000 0.1545
vn 0.3089 -0.0000 0.9511
vn 0.9516 -0.0000 0.3073
vn 0.8099 -0.0000 0.5866
vn 0.8096 -0.0000 0.5870
vn -0.4546 0.0038 0.8907
vn -0.4545 0.0037 0.8907
vn 0.4109 0.7122 -0.5691
vn 0.2144 0.7125 -0.6682
vn 0.2151 0.7120 0.6684
vn 0.0004 0.7110 0.7032
vn -0.4109 0.7122 -0.5691
vn -0.2180 0.7114 -0.6681
vn -0.2180 0.7114 -0.6682
vn -0.6654 0.7136 -0.2193
vn -0.5697 0.7106 -0.4129
vn -0.7017 0.7124 0.0018
vn -0.6657 0.7136 -0.2185
vn -0.6656 0.7136 -0.2185
vn 0.5692 0.7106 -0.4136
vn 0.4115 0.7122 -0.5687
vn -0.5692 0.7106 -0.4136
vn -0.4115 0.7122 -0.5687
vn 0.6656 0.7136 -0.2185
vn 0.7017 0.7124 0.0018
vn -0.5697 0.7106 0.4129
vn -0.6654 0.7136 0.2193
vn -0.6654 0.7136 0.2192
vn 0.6654 0.7135 0.2193
vn 0.5697 0.7106 0.4129
vn 0.6654 0.7135 0.2192
vn -0.0022 0.7110 -0.7032
vn -0.2173 0.7114 -0.6684
vn -0.0023 0.7110 -0.7032
vn -0.0004 0.7110 0.7032
vn -0.2151 0.7120 0.6684
vn -0.2152 0.7120 0.6684
vn -0.2159 0.7120 0.6681
vn -0.4152 0.7097 0.5691
vn -0.4158 0.7097 0.5687
vn -0.5692 0.7106 0.4136
vn -0.4159 0.7097 0.5687
vn 0.6654 0.7136 -0.2192
vn 0.5697 0.7106 -0.4129
vn 0.6654 0.7136 -0.2193
vn -0.6657 0.7136 0.2185
vn -0.7017 0.7124 0.0026
vn -0.6656 0.7136 0.2185
vn 0.7017 0.7124 0.0026
vn 0.6656 0.7136 0.2185
vn -0.8098 0.0038 0.5867
vn -0.8098 0.0037 0.5868
vn 0.5885 -0.0000 -0.8085
vn 0.8097 -0.0000 -0.5868
vn 0.9515 -0.0000 0.3075
vn 0.8098 -0.0000 0.5867
vn 0.8490 -0.0000 -0.5283
vn 0.5265 0.0001 -0.8502
vn 0.5265 -0.0000 -0.8502
vn 0.8491 0.0001 -0.5283
vn 0.9515 -0.0000 -0.3076
vn -1.0000 -0.0000 -0.0021
vn -0.0000 -1.0000 0.0023
vn -0.0000 -1.0000 -0.0023
vn 0.4575 -0.7873 0.4133
vn 0.3216 -0.5496 0.7711
vn -0.0015 -0.6367 0.7711
vn 0.0042 -0.9105 0.4134
vn -1.0000 -0.0000 -0.0020
vn -0.8673 -0.4978 0.0022
vn -0.8565 -0.4938 0.1502
vn -0.9886 0.0038 0.1502
vn 0.5265 -0.0000 0.8502
vn 0.8491 0.0001 0.5283
vn 0.8490 -0.0000 0.5283
vn 0.5265 -0.0001 0.8502
vn -0.9515 -0.0000 0.3075
vn 0.3094 -0.0000 -0.9509
vn 0.0004 -0.0000 -1.0000
vn 0.5881 -0.0000 0.8088
vn 0.5881 -0.0000 -0.8088
vn -0.3094 0.0038 -0.9509
vn 0.3085 -0.0000 -0.9512
vn 0.8094 -0.0000 0.5873
vn 0.8546 0.4970 0.1502
vn 0.8672 0.4979 -0.0021
vn -0.3918 -0.8548 -0.3404
vn -0.3919 -0.8547 -0.3404
vn 0.6826 0.0679 -0.7277
vn -0.5169 -0.8550 -0.0415
vn -0.6336 0.0639 0.7710
vn -0.0000 -0.9997 -0.0242
vn -0.0001 -0.9997 -0.0244
vn -0.0000 -0.9997 -0.0241
vn -0.0001 -0.9997 -0.0243
vn -0.5613 0.6179 -0.5506
vn -0.3381 0.8866 -0.3157
vn 0.5367 0.6193 0.5730
vn 0.5407 0.6198 0.5687
vn 0.3073 0.8870 0.3446
vn 0.3078 0.8868 0.3449
vn 0.9972 0.0677 -0.0328
vn 0.9972 0.0678 -0.0327
vn 0.9972 0.0677 -0.0327
vn 0.9972 0.0679 -0.0328
vn -0.8186 0.5742 -0.0153
vn 0.5169 -0.8550 -0.0415
vn 0.5169 -0.8551 -0.0415
vn -0.3141 -0.8546 0.4136
vn -0.3142 -0.8546 0.4135
vn -0.3142 -0.8547 0.4132
vn -0.3142 -0.8547 0.4133
vn -0.5833 0.5726 -0.5761
vn -0.0151 -0.9998 0.0153
vn -0.7236 0.0603 -0.6875
vn -0.7236 0.0604 -0.6875
vn 0.0151 -0.9998 0.0153
vn 0.0150 -0.9998 0.0153
vn 0.7868 0.6169 -0.0173
vn 0.7868 0.6170 -0.0153
vn 0.4646 0.8853 -0.0197
vn 0.5535 0.5695 -0.6077
vn 0.5303 0.6189 -0.5794
vn 0.3200 0.8873 -0.3322
vn 0.5625 0.5753 0.5938
vn 0.5623 0.5756 0.5938
vn 0.3319 -0.8556 0.3973
vn 0.3318 -0.8556 0.3973
vn 0.8186 0.5742 -0.0153
vn 0.8186 0.5742 -0.0152
vn -0.9502 0.0038 0.3115
vn -0.5265 -0.0000 0.8502
vn -0.5265 0.0001 0.8502
vn 0.4537 -0.0000 -0.8912
vn -0.1569 -0.0000 -0.9876
vn 0.8917 -0.0000 -0.4526
vn 0.7075 -0.0000 -0.7067
vn 0.7074 -0.0000 -0.7069
vn 0.7074 -0.0000 -0.7068
vn 0.4543 -0.0000 0.8908
vn 0.8915 -0.0000 0.4530
vn 0.1564 -0.0000 -0.9877
vn 0.1567 -0.0000 -0.9876
vn -0.8917 0.0038 0.4526
vn -0.8672 0.4979 -0.0021
vn -0.8565 0.4938 0.1502
vn -0.7079 0.0038 -0.7063
vn -0.9880 -0.0000 -0.1545
vn 0.0038 0.9106 0.4133
vn 0.4575 0.7873 0.4133
vn 0.3151 0.5534 0.7710
vn -0.0019 0.6368 0.7710
vn 0.0019 0.2253 0.9743
vn 0.1159 0.1932 0.9743
vn -0.1960 -0.1110 0.9743
vn -0.5505 -0.3200 0.7710
vn -0.3184 -0.5515 0.7710
vn -0.1126 -0.1951 0.9743
vn -0.7892 -0.4542 0.4133
vn -0.9106 -0.0006 0.4133
vn 0.1942 0.1143 0.9743
vn 0.5524 0.3168 0.7711
vn -0.7892 0.4542 0.4133
vn -0.4575 0.7873 0.4133
vn -0.5505 0.3200 0.7710
vn -0.3190 0.5512 0.7710
vn -0.1961 0.1110 0.9743
vn -0.1126 0.1951 0.9743
vn 0.7892 0.4542 0.4133
vn -0.8915 -0.0000 -0.4530
vn 0.9106 -0.0006 0.4133
vn 0.7892 -0.4542 0.4133
vn -0.0023 -0.6367 0.7711
vn 0.0016 -0.2255 0.9742
vn 0.2253 -0.0000 0.9743
vn 0.6368 -0.0000 0.7711
vn 0.1941 -0.1142 0.9743
vn 0.5524 -0.3168 0.7710
vn -0.6368 -0.0038 0.7710
vn -0.2252 0.0037 0.9743
vn 0.1159 -0.1932 0.9743
vn 0.0022 -0.2255 0.9742
vn -0.1932 0.9434 -0.2697
vn -0.2683 0.9429 -0.1975
vn -0.1616 0.9795 -0.1198
vn -0.1183 0.9794 -0.1633
vn -0.1017 0.9434 0.3156
vn 0.0019 0.9432 0.3322
vn -0.0019 0.9794 0.2018
vn -0.0585 0.9803 0.1889
vn 0.1017 0.9434 0.3157
vn 0.0623 0.9800 0.1889
vn 0.1931 0.9791 -0.0633
vn 0.2025 0.9793 0.0022
vn 0.3333 0.9428 0.0022
vn 0.3188 0.9423 -0.1025
vn 0.1149 0.9799 0.1631
vn 0.1985 0.9423 0.2697
vn -0.3815 0.8815 0.2781
vn -0.4505 0.8808 0.1458
vn -0.5697 0.8008 0.1846
vn -0.4830 0.8014 0.3527
vn 0.5268 0.4442 0.7246
vn 0.2788 0.4427 0.8522
vn 0.2839 0.3938 0.8743
vn 0.5411 0.3950 0.7424
vn 0.0037 -0.0828 0.9966
vn 0.0018 0.9529 0.3032
vn -0.0018 0.9446 0.3281
vn -0.0021 -0.9989 0.0459
vn -0.0020 -0.9989 0.0459
vn 0.0019 -0.9728 -0.2316
vn 0.0018 -0.9728 -0.2317
vn -0.0000 -0.9374 -0.3481
vn -0.0018 -0.8877 0.4604
vn -0.0018 -0.8878 0.4603
vn -0.0018 -0.8877 0.4603
vn -0.0000 1.0000 0.0019
vn 0.1616 0.9795 -0.1199
vn -0.3188 0.9423 0.1025
vn -0.2683 0.9429 0.1975
vn -0.1616 0.9795 0.1199
vn -0.1894 0.9799 0.0633
vn 0.1616 0.9795 0.1199
vn 0.2682 0.9429 0.1975
vn -0.3189 0.9422 -0.1025
vn -0.1894 0.9799 -0.0633
vn 0.0999 0.9436 -0.3156
vn 0.0019 0.9432 -0.3322
vn -0.0019 0.9794 -0.2017
vn 0.0623 0.9800 -0.1889
vn 0.1969 0.9426 -0.2697
vn 0.1149 0.9799 -0.1631
vn 0.2683 0.9429 -0.1975
vn 0.1931 0.9791 0.0633
vn 0.3189 0.9422 0.1025
vn -0.0585 0.9803 -0.1889
vn -0.0000 0.9226 0.3858
vn 0.0038 0.9194 0.3933
vn -0.3333 0.9428 0.0022
vn -0.2025 0.9793 0.0022
vn -0.1037 0.9432 -0.3156
vn -0.1186 0.9795 0.1631
vn -0.0000 -0.5922 -0.8058
vn -0.0019 -0.6434 -0.7655
vn 0.2771 0.8820 -0.3812
vn 0.1486 0.8812 -0.4487
vn 0.2785 0.8816 0.3812
vn 0.3815 0.8815 0.2781
vn 0.4714 0.8819 0.0022
vn 0.4493 0.8814 -0.1459
vn 0.0019 0.8816 -0.4720
vn -0.1448 0.8819 -0.4487
vn -0.2785 0.8816 0.3812
vn -0.1428 0.8822 0.4487
vn -0.1985 0.9423 0.2697
vn 0.0038 0.8816 0.4720
vn 0.1428 0.8822 0.4487
vn -0.4459 0.8831 -0.1458
vn -0.4714 0.8819 0.0022
vn -0.2735 0.8831 -0.3812
vn -0.3836 0.8806 -0.2781
vn 0.4505 0.8808 0.1458
vn 0.1888 0.8005 0.5689
vn 0.3536 0.8007 0.4835
vn 0.4863 0.7995 0.3527
vn 0.5697 0.8008 0.1846
vn 0.5987 0.8009 0.0022
vn 0.5697 0.8008 -0.1846
vn 0.3802 0.8821 -0.2781
vn 0.4852 0.8001 -0.3527
vn 0.1872 0.8008 -0.5689
vn 0.0019 0.7994 -0.6008
vn -0.3502 0.8023 0.4835
vn -0.1851 0.8013 0.5689
vn 0.3524 0.8013 -0.4835
vn -0.1872 0.8008 -0.5689
vn -0.3523 0.8013 -0.4835
vn -0.4852 0.8001 -0.3527
vn -0.5987 0.8010 -0.0022
vn 0.0038 0.7994 0.6008
vn -0.5697 0.8008 -0.1846
vn 0.2191 0.6986 0.6812
vn 0.4215 0.6974 0.5796
vn 0.7177 0.6963 0.0022
vn 0.6805 0.6979 -0.2231
vn 0.5764 0.7003 -0.4212
vn 0.4205 0.6980 -0.5796
vn -0.4204 0.6981 -0.5796
vn -0.5793 0.6979 -0.4212
vn -0.2191 0.6986 0.6811
vn -0.0037 0.6986 0.7155
vn 0.0019 0.6986 -0.7156
vn -0.2212 0.6980 -0.6811
vn 0.2176 0.6991 -0.6811
vn -0.6778 0.7006 -0.2231
vn -0.7177 0.6964 -0.0022
vn -0.6812 0.6973 0.2231
vn -0.5793 0.6979 0.4212
vn -0.4183 0.6994 0.5796
vn 0.4785 0.5810 0.6585
vn 0.6585 0.5799 0.4797
vn 0.5764 0.7003 0.4211
vn -0.0019 0.5814 -0.8136
vn -0.2515 0.5814 -0.7738
vn 0.2550 0.5798 -0.7738
vn -0.4814 0.5786 0.6585
vn -0.2494 0.5823 0.7738
vn -0.6560 0.5828 0.4796
vn -0.7738 0.5809 0.2528
vn -0.7737 0.5809 -0.2528
vn -0.8142 0.5805 -0.0021
vn 0.4776 0.5818 -0.6584
vn -0.6579 0.5806 -0.4797
vn -0.4776 0.5817 -0.6584
vn 0.0019 0.5814 0.8136
vn 0.7760 0.5778 0.2528
vn 0.6812 0.6973 0.2231
vn 0.6579 0.5805 -0.4797
vn 0.2494 0.5824 0.7737
vn 0.8143 0.5805 0.0022
vn 0.7760 0.5778 -0.2528
vn 0.7258 0.4444 0.5250
vn -0.2746 0.4453 -0.8522
vn -0.5287 0.4420 -0.7246
vn 0.8524 0.4428 0.2781
vn 0.2778 0.4434 -0.8522
vn -0.0019 0.4468 -0.8947
vn -0.5268 0.4443 0.7246
vn -0.2788 0.4427 0.8523
vn -0.7255 0.4451 -0.5250
vn 0.8521 0.4433 -0.2781
vn 0.7255 0.4450 -0.5250
vn -0.8958 0.4445 -0.0022
vn -0.8524 0.4428 0.2781
vn -0.8504 0.4467 -0.2781
vn -0.7238 0.4477 0.5250
vn 0.8958 0.4445 0.0022
vn 0.0019 0.4468 0.8946
vn 0.5263 0.4449 -0.7246
vn 0.7451 0.3917 0.5398
vn 0.8741 0.3952 0.2823
vn 0.9180 0.3966 0.0022
vn 0.8739 0.3957 -0.2823
vn 0.7448 0.3923 -0.5398
vn -0.7434 0.3947 0.5400
vn -0.5410 0.3949 0.7426
vn 0.0036 0.3952 0.9186
vn -0.5428 0.3925 -0.7425
vn -0.7447 0.3924 -0.5398
vn -0.2868 0.3916 0.8743
vn -0.2850 0.3930 -0.8743
vn -0.8739 0.3957 -0.2823
vn -0.9180 0.3966 -0.0022
vn -0.8756 0.3919 0.2823
vn 0.5406 0.3956 -0.7425
vn 0.2819 0.3952 -0.8743
vn -0.0000 0.3951 -0.9186
vn 0.0037 0.9294 0.3690
vn 0.0038 0.9294 0.3690
vn -1.0000 0.0050 0.0019
vn -1.0000 -0.0000 -0.0022
vn 0.0019 -0.0349 -0.9994
vn 0.0018 0.1653 -0.9862
vn 0.0017 0.1652 -0.9863
vn 0.0038 -0.6568 -0.7541
vn 0.0038 0.2718 -0.9624
vt 0.030040 0.651350
vt 0.028607 0.652310
vt 0.027056 0.651590
vt 0.020969 0.608751
vt 0.032546 0.608751
vt 0.028369 0.614751
vt 0.025265 0.614751
vt 0.017030 0.635511
vt 0.038633 0.634551
vt 0.015598 0.636591
vt 0.037081 0.633711
vt 0.026817 0.615591
vt 0.015837 0.638271
vt 0.038752 0.636231
vt 0.027175 0.651590
vt 0.031114 0.605991
vt 0.032665 0.606951
vt 0.020849 0.606951
vt 0.022401 0.605991
vt 0.029920 0.651350
vt 0.708317 0.597591
vt 0.728010 0.597591
vt 0.727771 0.599751
vt 0.708556 0.599871
vt 0.028488 0.652310
vt 0.026936 0.651590
vt 0.244634 0.213838
vt 0.284737 0.224757
vt 0.231148 0.278277
vt 0.218496 0.239877
vt 0.015598 0.636471
vt 0.028727 0.652310
vt 0.028249 0.614751
vt 0.025146 0.614751
vt 0.947498 0.706309
vt 0.946544 0.701390
vt 0.956569 0.697310
vt 0.959553 0.703669
vt 0.026698 0.615591
vt 0.296433 0.728029
vt 0.289033 0.728029
vt 0.284617 0.544192
vt 0.302998 0.544192
vt 0.145572 0.727789
vt 0.137576 0.544432
vt 0.139485 0.544432
vt 0.147363 0.727789
vt 0.058445 0.726589
vt 0.050926 0.547072
vt 0.052836 0.547072
vt 0.060355 0.726589
vt 0.270892 0.730429
vt 0.277218 0.545512
vt 0.279008 0.545512
vt 0.272682 0.730429
vt 0.154882 0.727789
vt 0.157866 0.544432
vt 0.159656 0.544432
vt 0.156553 0.727789
vt 0.763100 0.555352
vt 0.762980 0.547672
vt 0.773245 0.547672
vt 0.773245 0.555352
vt 0.287243 0.728029
vt 0.282827 0.544192
vt 0.232819 0.818988
vt 0.197013 0.818988
vt 0.197013 0.791148
vt 0.232819 0.791148
vt 0.495035 0.739549
vt 0.531915 0.739549
vt 0.531915 0.782148
vt 0.495035 0.782148
vt 0.590039 0.547912
vt 0.590039 0.555592
vt 0.579894 0.555712
vt 0.579894 0.547912
vt 0.210380 0.934906
vt 0.210380 0.885826
vt 0.258479 0.885826
vt 0.258479 0.934906
vt 0.089358 0.818988
vt 0.053433 0.818988
vt 0.053433 0.791148
vt 0.089358 0.791148
vt 0.971846 0.684110
vt 0.976262 0.690350
vt 0.901787 0.677390
vt 0.895342 0.680150
vt 0.891164 0.659990
vt 0.898325 0.658190
vt 0.605674 0.739549
vt 0.642554 0.739549
vt 0.642554 0.782148
vt 0.605674 0.782148
vt 0.694472 0.578272
vt 0.694472 0.585831
vt 0.681821 0.585831
vt 0.681821 0.578272
vt 0.618445 0.578272
vt 0.618445 0.585831
vt 0.605794 0.585831
vt 0.605794 0.578272
vt 0.707243 0.585831
vt 0.707243 0.578272
vt 0.719894 0.578272
vt 0.719894 0.585831
vt 0.558888 0.510833
vt 0.505419 0.564472
vt 0.423304 0.430794
vt 0.472716 0.564472
vt 0.423543 0.564592
vt 0.374370 0.564712
vt 0.341548 0.564712
vt 0.287959 0.511313
vt 0.306698 0.885826
vt 0.306698 0.934906
vt 0.287959 0.479153
vt 0.287840 0.431034
vt 0.287721 0.382795
vt 0.287721 0.350755
vt 0.341071 0.297116
vt 0.373893 0.296996
vt 0.423066 0.296996
vt 0.472239 0.296876
vt 0.529766 0.578272
vt 0.529766 0.585831
vt 0.517115 0.585831
vt 0.517115 0.578272
vt 0.504941 0.296756
vt 0.558530 0.350275
vt 0.591710 0.818988
vt 0.555785 0.818988
vt 0.555785 0.791148
vt 0.591710 0.791148
vt 0.558650 0.382315
vt 0.558769 0.430554
vt 0.933892 0.824987
vt 0.943440 0.824987
vt 0.943440 0.832307
vt 0.933892 0.832307
vt 0.558769 0.478673
vt 0.939144 0.658310
vt 0.947140 0.661790
vt 0.939263 0.678470
vt 0.933534 0.675830
vt 0.376399 0.818988
vt 0.340474 0.818988
vt 0.340474 0.791148
vt 0.376399 0.791148
vt 0.966595 0.664910
vt 0.968027 0.669590
vt 0.964327 0.666230
vt 0.963134 0.668510
vt 0.963253 0.671030
vt 0.679434 0.739549
vt 0.716314 0.739549
vt 0.716314 0.782028
vt 0.679434 0.782028
vt 0.964566 0.673310
vt 0.966833 0.674510
vt 0.930908 0.656150
vt 0.927447 0.674150
vt 0.969459 0.674390
vt 0.971608 0.673070
vt 0.972801 0.670790
vt 0.972801 0.668150
vt 0.971369 0.665990
vt 0.969101 0.664790
vt 0.432733 0.592431
vt 0.432733 0.598551
vt 0.413040 0.598671
vt 0.413040 0.592431
vt 0.747703 0.571552
vt 0.747703 0.563992
vt 0.760354 0.563992
vt 0.760354 0.571552
vt 0.962298 0.802428
vt 0.942008 0.802428
vt 0.942008 0.795108
vt 0.962298 0.795108
vt 0.236757 0.739669
vt 0.273637 0.739669
vt 0.273637 0.782148
vt 0.236757 0.782148
vt 0.015479 0.739669
vt 0.052358 0.739669
vt 0.052358 0.782148
vt 0.015479 0.782148
vt 0.914677 0.673790
vt 0.908232 0.675110
vt 0.905964 0.656510
vt 0.914080 0.655310
vt 0.753193 0.739549
vt 0.753193 0.782028
vt 0.353961 0.592671
vt 0.353961 0.598791
vt 0.334268 0.598911
vt 0.334268 0.592791
vt 0.570227 0.600231
vt 0.551011 0.600351
vt 0.550772 0.598191
vt 0.570465 0.598071
vt 0.589920 0.600231
vt 0.570704 0.600231
vt 0.590159 0.598071
vt 0.304669 0.818988
vt 0.268744 0.818988
vt 0.268744 0.791148
vt 0.304669 0.791148
vt 0.684327 0.571552
vt 0.684327 0.563992
vt 0.696979 0.563992
vt 0.696979 0.571552
vt 0.734336 0.885826
vt 0.734336 0.934906
vt 0.686237 0.934906
vt 0.686237 0.885826
vt 0.491693 0.592191
vt 0.491812 0.598431
vt 0.472119 0.598431
vt 0.472119 0.592311
vt 0.069784 0.934906
vt 0.069784 0.885826
vt 0.102606 0.885826
vt 0.102606 0.934906
vt 0.338803 0.885826
vt 0.338803 0.934906
vt 0.178275 0.934906
vt 0.178275 0.885826
vt 0.567840 0.578272
vt 0.567840 0.585831
vt 0.555069 0.585831
vt 0.555069 0.578272
vt 0.649238 0.591711
vt 0.649238 0.597831
vt 0.629545 0.597951
vt 0.629545 0.591711
vt 0.531079 0.592071
vt 0.531079 0.598191
vt 0.511506 0.598311
vt 0.511386 0.592191
vt 0.630738 0.555592
vt 0.630738 0.547912
vt 0.640883 0.547912
vt 0.640883 0.555592
vt 0.199877 0.739669
vt 0.199877 0.782148
vt 0.458155 0.739549
vt 0.458155 0.782148
vt 0.412324 0.818988
vt 0.412324 0.791148
vt 0.434165 0.667790
vt 0.413637 0.664550
vt 0.419485 0.646310
vt 0.438104 0.655790
vt 0.430824 0.630711
vt 0.445623 0.645470
vt 0.593262 0.731989
vt 0.596723 0.709789
vt 0.609494 0.709789
vt 0.612955 0.731989
vt 0.455768 0.638031
vt 0.446339 0.619431
vt 0.464600 0.613551
vt 0.467823 0.634191
vt 0.647567 0.714349
vt 0.631812 0.698510
vt 0.639212 0.688190
vt 0.659144 0.698390
vt 0.480593 0.634191
vt 0.483816 0.613551
vt 0.502077 0.619431
vt 0.492648 0.638031
vt 0.445504 0.702830
vt 0.430824 0.717589
vt 0.419485 0.701990
vt 0.438104 0.692510
vt 0.737200 0.671870
vt 0.742810 0.666230
vt 0.750329 0.676550
vt 0.743168 0.680150
vt 0.732545 0.658790
vt 0.728965 0.665870
vt 0.719297 0.662750
vt 0.720491 0.654830
vt 0.514251 0.667790
vt 0.534779 0.664550
vt 0.534779 0.683750
vt 0.514251 0.680510
vt 0.558650 0.714349
vt 0.574523 0.698510
vt 0.584668 0.705949
vt 0.574523 0.725869
vt 0.502793 0.702830
vt 0.517592 0.717589
vt 0.502077 0.728869
vt 0.492648 0.710269
vt 0.510312 0.692510
vt 0.528931 0.701990
vt 0.467823 0.714109
vt 0.464600 0.734749
vt 0.446339 0.728869
vt 0.455768 0.710269
vt 0.480593 0.714109
vt 0.483816 0.734749
vt 0.784822 0.483233
vt 0.800934 0.451194
vt 0.804037 0.452154
vt 0.787447 0.485153
vt 0.517592 0.630711
vt 0.502912 0.645470
vt 0.528931 0.646310
vt 0.510312 0.655790
vt 0.413637 0.683750
vt 0.434165 0.680510
vt 0.656876 0.525712
vt 0.692324 0.531112
vt 0.692324 0.534352
vt 0.655921 0.528832
vt 0.580491 0.578272
vt 0.580491 0.585831
vt 0.373654 0.592671
vt 0.373654 0.598791
vt 0.393347 0.598671
vt 0.393347 0.592551
vt 0.484055 0.818988
vt 0.448130 0.818988
vt 0.448130 0.791148
vt 0.484055 0.791148
vt 0.452426 0.592311
vt 0.452426 0.598551
vt 0.752835 0.555352
vt 0.752835 0.547672
vt 0.708317 0.591471
vt 0.688624 0.597711
vt 0.688624 0.591591
vt 0.671437 0.555472
vt 0.671437 0.547792
vt 0.681582 0.547792
vt 0.681582 0.555472
vt 0.519980 0.818988
vt 0.519980 0.791148
vt 0.570465 0.591951
vt 0.550772 0.592071
vt 0.732545 0.555472
vt 0.732545 0.547672
vt 0.742690 0.547672
vt 0.742690 0.555352
vt 0.651147 0.547792
vt 0.651147 0.555592
vt 0.708078 0.599871
vt 0.688863 0.599871
vt 0.550534 0.600351
vt 0.531437 0.600471
vt 0.373415 0.600951
vt 0.354200 0.600951
vt 0.412801 0.600831
vt 0.393586 0.600831
vt 0.432495 0.600711
vt 0.413279 0.600831
vt 0.707840 0.734869
vt 0.709152 0.726949
vt 0.719297 0.726949
vt 0.720491 0.734869
vt 0.668931 0.597831
vt 0.688385 0.599871
vt 0.669170 0.599991
vt 0.393108 0.600831
vt 0.373893 0.600951
vt 0.648999 0.599991
vt 0.629783 0.600111
vt 0.471881 0.600591
vt 0.452665 0.600711
vt 0.609613 0.600111
vt 0.590397 0.600231
vt 0.609852 0.597951
vt 0.353722 0.601071
vt 0.334507 0.601071
vt 0.530841 0.600471
vt 0.511744 0.600471
vt 0.511267 0.600471
vt 0.492051 0.600591
vt 0.491574 0.600591
vt 0.472358 0.600591
vt 0.668692 0.599991
vt 0.649476 0.599991
vt 0.452188 0.600711
vt 0.432972 0.600711
vt 0.629306 0.600111
vt 0.610090 0.600111
vt 0.089238 0.739669
vt 0.126118 0.739669
vt 0.126118 0.782148
vt 0.089238 0.782148
vt 0.691846 0.555472
vt 0.691846 0.547792
vt 0.701991 0.547792
vt 0.701991 0.555472
vt 0.668931 0.591591
vt 0.590159 0.591831
vt 0.593142 0.585831
vt 0.593142 0.578272
vt 0.149272 0.278277
vt 0.100099 0.278277
vt 0.112751 0.256557
vt 0.149153 0.262317
vt 0.722401 0.571552
vt 0.722401 0.563992
vt 0.735052 0.563992
vt 0.735052 0.571552
vt 0.814660 0.885826
vt 0.890329 0.885826
vt 0.890329 0.934906
vt 0.814660 0.934906
vt 0.712136 0.547792
vt 0.712136 0.555472
vt 0.620593 0.555592
vt 0.620593 0.547912
vt 0.542418 0.578272
vt 0.542418 0.585831
vt 0.661292 0.555472
vt 0.661292 0.547792
vt 0.608300 0.571552
vt 0.608300 0.563992
vt 0.620951 0.563992
vt 0.620951 0.571552
vt 0.750329 0.676430
vt 0.685521 0.723469
vt 0.691130 0.717829
vt 0.699366 0.723829
vt 0.695785 0.731029
vt 0.013808 0.144479
vt 0.013808 0.096240
vt 0.037081 0.107999
vt 0.031352 0.144359
vt 0.643151 0.676190
vt 0.665231 0.679670
vt 0.678121 0.676550
vt 0.685163 0.680150
vt 0.682060 0.689750
vt 0.674182 0.688550
vt 0.709033 0.662750
vt 0.707840 0.654830
vt 0.728965 0.723829
vt 0.732545 0.731029
vt 0.695785 0.658790
vt 0.699366 0.665870
vt 0.691130 0.671870
vt 0.685521 0.666230
vt 0.742810 0.723469
vt 0.737200 0.717829
vt 0.743168 0.709669
vt 0.750329 0.713269
vt 0.754148 0.688550
vt 0.746271 0.689750
vt 0.754148 0.701270
vt 0.746271 0.699950
vt 0.758445 0.323276
vt 0.726458 0.307196
vt 0.727413 0.304076
vt 0.760354 0.320636
vt 0.674182 0.701270
vt 0.682060 0.699950
vt 0.685163 0.709669
vt 0.678121 0.713269
vt 0.709152 0.662750
vt 0.806305 0.415674
vt 0.800457 0.380275
vt 0.803560 0.379315
vt 0.809527 0.415674
vt 0.691250 0.717829
vt 0.685521 0.723589
vt 0.624771 0.509633
vt 0.622861 0.512273
vt 0.906561 0.686750
vt 0.909067 0.689750
vt 0.906322 0.692630
vt 0.902383 0.690110
vt 0.961105 0.671630
vt 0.966833 0.677750
vt 0.953108 0.691550
vt 0.949169 0.686390
vt 0.569749 0.555712
vt 0.569749 0.548032
vt 0.578343 0.885826
vt 0.654012 0.885826
vt 0.654012 0.934906
vt 0.578343 0.934906
vt 0.557575 0.571552
vt 0.557575 0.563992
vt 0.570227 0.563992
vt 0.570227 0.571552
vt 0.732545 0.585831
vt 0.732545 0.578272
vt 0.745197 0.578272
vt 0.745197 0.585831
vt 0.709630 0.571552
vt 0.709630 0.563992
vt 0.631096 0.578272
vt 0.631096 0.585831
vt 0.643867 0.578272
vt 0.643867 0.585831
vt 0.659025 0.571552
vt 0.659025 0.563992
vt 0.671676 0.563992
vt 0.671676 0.571552
vt 0.633603 0.571552
vt 0.633603 0.563992
vt 0.646373 0.563992
vt 0.646373 0.571552
vt 0.595649 0.571552
vt 0.595649 0.563992
vt 0.421275 0.739549
vt 0.421275 0.782148
vt 0.519621 0.571552
vt 0.519621 0.563992
vt 0.532273 0.563992
vt 0.532273 0.571552
vt 0.656518 0.578272
vt 0.656518 0.585831
vt 0.609852 0.591831
vt 0.020611 0.934906
vt 0.020611 0.885826
vt 0.496467 0.885826
vt 0.496467 0.934906
vt 0.447294 0.934906
vt 0.447294 0.885826
vt 0.504464 0.578272
vt 0.504464 0.585831
vt 0.491693 0.585831
vt 0.491693 0.578272
vt 0.921122 0.673550
vt 0.922434 0.655190
vt 0.544924 0.563992
vt 0.544924 0.571552
vt 0.923151 0.885826
vt 0.923151 0.934906
vt 0.284737 0.144479
vt 0.284737 0.192598
vt 0.261344 0.180958
vt 0.267192 0.144479
vt 0.669170 0.585831
vt 0.669170 0.578272
vt 0.284737 0.096240
vt 0.261463 0.108119
vt 0.013808 0.192598
vt 0.037081 0.180838
vt 0.582997 0.571552
vt 0.582997 0.563992
vt 0.610448 0.555592
vt 0.610448 0.547912
vt 0.347516 0.739549
vt 0.384396 0.739549
vt 0.384396 0.782148
vt 0.347516 0.782148
vt 0.621548 0.705949
vt 0.631693 0.725869
vt 0.593262 0.607671
vt 0.596723 0.629871
vt 0.584788 0.633711
vt 0.574523 0.613791
vt 0.558650 0.625311
vt 0.574523 0.641151
vt 0.567004 0.651470
vt 0.547072 0.641271
vt 0.563066 0.663470
vt 0.540985 0.659990
vt 0.643151 0.663470
vt 0.665231 0.659990
vt 0.639212 0.651470
vt 0.659144 0.641271
vt 0.631812 0.641151
vt 0.647567 0.625311
vt 0.582759 0.452514
vt 0.599229 0.484433
vt 0.596723 0.486353
vt 0.579775 0.453594
vt 0.540985 0.679670
vt 0.563066 0.676190
vt 0.567004 0.688190
vt 0.547072 0.698390
vt 0.727771 0.525232
vt 0.728726 0.528352
vt 0.621548 0.633711
vt 0.631693 0.613791
vt 0.609494 0.629871
vt 0.612955 0.607671
vt 0.084345 0.727909
vt 0.078138 0.547312
vt 0.079929 0.547312
vt 0.086135 0.727909
vt 0.233057 0.729109
vt 0.226254 0.545272
vt 0.228045 0.545272
vt 0.234848 0.729109
vt 0.181020 0.729109
vt 0.187346 0.544672
vt 0.189255 0.544672
vt 0.182929 0.729229
vt 0.304907 0.544192
vt 0.298343 0.728029
vt 0.172188 0.729109
vt 0.165982 0.544672
vt 0.109528 0.545152
vt 0.113228 0.724549
vt 0.111438 0.724549
vt 0.107738 0.545152
vt 0.067755 0.726589
vt 0.071335 0.546952
vt 0.073126 0.547072
vt 0.069545 0.726589
vt 0.206442 0.728629
vt 0.214200 0.545272
vt 0.216109 0.545272
vt 0.208232 0.728629
vt 0.170398 0.729229
vt 0.164072 0.544672
vt 0.260150 0.730429
vt 0.253825 0.545512
vt 0.255734 0.545512
vt 0.262060 0.730429
vt 0.120628 0.724549
vt 0.127908 0.545152
vt 0.094967 0.727909
vt 0.101412 0.547312
vt 0.129698 0.545152
vt 0.122537 0.724549
vt 0.195700 0.545272
vt 0.198923 0.728629
vt 0.197132 0.728629
vt 0.194029 0.545272
vt 0.246544 0.545272
vt 0.242367 0.728989
vt 0.248334 0.545272
vt 0.244157 0.729109
vt 0.103202 0.547312
vt 0.096877 0.727909
vt 0.310517 0.739549
vt 0.310517 0.782148
vt 0.162998 0.739669
vt 0.162998 0.782148
vt 0.600184 0.547912
vt 0.600184 0.555592
vt 0.414472 0.934906
vt 0.414472 0.885826
vt 0.699366 0.818988
vt 0.663441 0.818988
vt 0.663441 0.791148
vt 0.699366 0.791148
vt 0.545640 0.885826
vt 0.545640 0.934906
vt 0.972324 0.885826
vt 0.972324 0.934906
vt 0.067277 0.278277
vt 0.013808 0.224757
vt 0.053791 0.213718
vt 0.079929 0.239877
vt 0.198445 0.278277
vt 0.185675 0.256557
vt 0.149272 0.010681
vt 0.198445 0.010681
vt 0.185794 0.032281
vt 0.149272 0.026521
vt 0.013808 0.064200
vt 0.067277 0.010681
vt 0.080048 0.049080
vt 0.053910 0.075120
vt 0.284737 0.064200
vt 0.244634 0.075240
vt 0.231148 0.010681
vt 0.218616 0.049080
vt 0.100099 0.010681
vt 0.112870 0.032281
vt 0.568794 0.739549
vt 0.568794 0.782148
vt 0.782554 0.934906
vt 0.782554 0.885826
vt 0.623696 0.323996
vt 0.598394 0.349555
vt 0.595768 0.347755
vt 0.621787 0.321476
vt 0.759638 0.508793
vt 0.761548 0.511433
vt 0.582281 0.381595
vt 0.576910 0.417114
vt 0.573688 0.417114
vt 0.579297 0.380635
vt 0.655563 0.307556
vt 0.654489 0.304556
vt 0.690892 0.301796
vt 0.690892 0.298556
vt 0.783986 0.348475
vt 0.786612 0.346555
vt 0.728010 0.591471
vt 0.722281 0.547792
vt 0.722401 0.555472
vt 0.017627 0.818988
vt 0.017627 0.791148
vt 0.627635 0.818988
vt 0.627635 0.791148
vt 0.735291 0.818988
vt 0.735291 0.791148
vt 0.954421 0.666230
vt 0.944515 0.682070
vt 0.125163 0.818988
vt 0.125163 0.791148
vt 0.773006 0.563992
vt 0.773006 0.571552
vt 0.161088 0.818988
vt 0.161088 0.791148
vt 0.930073 0.684950
vt 0.925538 0.683630
vt 0.924821 0.687230
vt 0.928760 0.688430
vt 0.927447 0.691910
vt 0.924225 0.690950
vt 0.937473 0.699710
vt 0.941173 0.698390
vt 0.942605 0.702110
vt 0.938547 0.702229
vt 0.944634 0.696950
vt 0.941769 0.692990
vt 0.920883 0.690470
vt 0.920764 0.686750
vt 0.938308 0.689630
vt 0.934489 0.686990
vt 0.935921 0.692390
vt 0.932460 0.690110
vt 0.933295 0.695150
vt 0.930550 0.693350
vt 0.920764 0.683150
vt 0.915989 0.683390
vt 0.911096 0.684590
vt 0.942844 0.706189
vt 0.938547 0.704629
vt 0.917660 0.690590
vt 0.916706 0.686990
vt 0.914557 0.691190
vt 0.912648 0.687830
vt 0.938786 0.695150
vt 0.935683 0.697310
vt 0.912051 0.692390
vt 0.910380 0.694190
vt 0.350738 0.684350
vt 0.348232 0.681710
vt 0.353006 0.678470
vt 0.354200 0.679790
vt 0.354677 0.664070
vt 0.358258 0.663710
vt 0.358019 0.669470
vt 0.356229 0.669710
vt 0.361719 0.664310
vt 0.359809 0.669830
vt 0.363270 0.677150
vt 0.363509 0.675350
vt 0.369357 0.675590
vt 0.368641 0.679190
vt 0.361361 0.670670
vt 0.364941 0.666110
vt 0.344174 0.664550
vt 0.341548 0.669350
vt 0.336058 0.667310
vt 0.339519 0.660950
vt 0.382963 0.642591
vt 0.371625 0.636471
vt 0.374370 0.628551
vt 0.387976 0.635991
vt 0.915751 0.762229
vt 0.915751 0.769548
vt 0.908590 0.769548
vt 0.908590 0.762229
vt 0.892000 0.881027
vt 0.892000 0.847187
vt 0.899400 0.847187
vt 0.899400 0.881027
vt 0.948334 0.762229
vt 0.948215 0.769548
vt 0.931028 0.769548
vt 0.931028 0.762229
vt 0.965401 0.762229
vt 0.965401 0.769548
vt 0.976023 0.762229
vt 0.976023 0.769548
vt 0.357780 0.675230
vt 0.362316 0.678710
vt 0.346919 0.671270
vt 0.348709 0.668150
vt 0.353245 0.671630
vt 0.352409 0.673190
vt 0.362554 0.671990
vt 0.367328 0.668750
vt 0.346680 0.678350
vt 0.352290 0.676790
vt 0.361003 0.686270
vt 0.357422 0.686750
vt 0.357541 0.680990
vt 0.359332 0.680750
vt 0.364225 0.684710
vt 0.361003 0.680030
vt 0.366851 0.682310
vt 0.363390 0.673670
vt 0.368880 0.671990
vt 0.355871 0.680630
vt 0.892000 0.789948
vt 0.892000 0.760909
vt 0.899400 0.760909
vt 0.899400 0.789948
vt 0.346322 0.674750
vt 0.352051 0.674990
vt 0.353842 0.686030
vt 0.354558 0.670430
vt 0.974472 0.861107
vt 0.974472 0.836867
vt 0.981752 0.836867
vt 0.981752 0.861107
vt 0.367567 0.689510
vt 0.362554 0.691910
vt 0.368402 0.661550
vt 0.372222 0.665510
vt 0.375086 0.675830
vt 0.374131 0.681110
vt 0.357183 0.692510
vt 0.351932 0.691550
vt 0.348113 0.660830
vt 0.353006 0.658550
vt 0.351335 0.665630
vt 0.358377 0.657830
vt 0.363748 0.658910
vt 0.341190 0.680030
vt 0.340474 0.674630
vt 0.347158 0.688910
vt 0.343458 0.684950
vt 0.374489 0.670430
vt 0.365657 0.653390
vt 0.371983 0.656870
vt 0.376996 0.662150
vt 0.380099 0.668750
vt 0.380934 0.675950
vt 0.379622 0.683030
vt 0.371506 0.685910
vt 0.376160 0.689390
vt 0.364225 0.697430
vt 0.357064 0.698390
vt 0.344771 0.656030
vt 0.351335 0.652910
vt 0.370790 0.694430
vt 0.349903 0.696950
vt 0.343577 0.693470
vt 0.338684 0.688190
vt 0.334626 0.674510
vt 0.358616 0.652070
vt 0.335581 0.681590
vt 0.367686 0.647870
vt 0.375683 0.652190
vt 0.386902 0.676070
vt 0.385231 0.685070
vt 0.380815 0.692990
vt 0.374131 0.699230
vt 0.339997 0.698150
vt 0.333790 0.691550
vt 0.349664 0.647270
vt 0.358735 0.646190
vt 0.356945 0.704269
vt 0.347993 0.702590
vt 0.365896 0.703070
vt 0.329852 0.683270
vt 0.328778 0.674270
vt 0.330449 0.665390
vt 0.334865 0.657350
vt 0.341429 0.651110
vt 0.379264 0.647510
vt 0.386783 0.655430
vt 0.381889 0.658790
vt 0.356706 0.710269
vt 0.345964 0.708229
vt 0.367686 0.708829
vt 0.338087 0.646190
vt 0.347993 0.641511
vt 0.330090 0.653750
vt 0.324839 0.663350
vt 0.324123 0.685070
vt 0.322691 0.674150
vt 0.377593 0.704149
vt 0.328778 0.694910
vt 0.336297 0.702950
vt 0.358854 0.640191
vt 0.391437 0.665390
vt 0.385709 0.667070
vt 0.385589 0.696710
vt 0.369596 0.642231
vt 0.392870 0.676310
vt 0.390841 0.686990
vt 0.391795 0.651950
vt 0.343935 0.713989
vt 0.332597 0.707869
vt 0.397286 0.663590
vt 0.369357 0.714709
vt 0.356587 0.716389
vt 0.334626 0.641151
vt 0.346203 0.635631
vt 0.323765 0.698390
vt 0.396570 0.689030
vt 0.390363 0.700310
vt 0.316604 0.674030
vt 0.318991 0.661310
vt 0.318275 0.686750
vt 0.325197 0.650030
vt 0.398957 0.676430
vt 0.358974 0.634071
vt 0.381054 0.709189
vt 0.398599 0.647270
vt 0.405282 0.661190
vt 0.407311 0.676550
vt 0.404447 0.691790
vt 0.397047 0.705349
vt 0.318633 0.644991
vt 0.329852 0.634431
vt 0.359212 0.625671
vt 0.327584 0.714469
vt 0.316962 0.703189
vt 0.343816 0.627711
vt 0.341190 0.721789
vt 0.310278 0.689150
vt 0.308368 0.673790
vt 0.311233 0.658670
vt 0.385828 0.716029
vt 0.371744 0.722629
vt 0.356467 0.724669
vt 0.927686 0.817188
vt 0.927686 0.807828
vt 0.935086 0.807828
vt 0.935086 0.817188
vt 0.892000 0.818748
vt 0.899400 0.818748
vt 0.911812 0.721549
vt 0.906083 0.739549
vt 0.892000 0.733429
vt 0.899400 0.722029
vt 0.963850 0.733789
vt 0.953108 0.734269
vt 0.962059 0.739069
vt 0.936041 0.732949
vt 0.959792 0.746389
vt 0.931028 0.748789
vt 0.919928 0.727069
vt 0.909186 0.716269
vt 0.869084 0.741349
vt 0.902622 0.750349
vt 0.868845 0.750349
vt 0.869084 0.741229
vt 0.902622 0.750469
vt 0.899519 0.722029
vt 0.910738 0.709189
vt 0.901667 0.706309
vt 0.991420 0.734869
vt 0.972085 0.728749
vt 0.963850 0.733669
vt 0.909067 0.716269
vt 0.991420 0.734749
vt 0.988555 0.743629
vt 0.988555 0.743749
vt 0.959792 0.746509
vt 0.972085 0.728629
vt 0.974472 0.823188
vt 0.974472 0.807348
vt 0.981752 0.807348
vt 0.981752 0.823188
vt 0.985810 0.762229
vt 0.985810 0.769548
vt 0.956330 0.827867
vt 0.956330 0.818748
vt 0.963611 0.818748
vt 0.963611 0.827867
s 1
usemtl Material
f 1022/1/1 1024/2/2 1023/3/2
f 1011/4/3 1012/5/4 1014/6/3 1013/7/3
f 1017/8/2 1018/9/1 1019/10/2
f 1016/11/2 1018/9/1 1017/8/2
f 1013/7/3 1014/6/3 1015/12/3
f 984/13/5 985/14/5 987/1/5 986/15/5
f 1018/9/1 1020/14/6 1021/13/1 1019/10/2
f 1008/16/3 1010/17/3 1009/18/3
f 1007/19/3 1008/16/3 1009/18/3
f 1002/11/7 1006/9/7 1005/14/7
f 1004/20/7 1002/11/7 1005/14/7
f 875/21/8 878/22/9 880/23/9 879/24/10
f 1003/25/7 1002/11/7 1004/20/7
f 1001/26/7 1002/11/7 1003/25/7
f 116/27/11 77/28/11 79/29/11 78/30/11
f 998/31/7 1000/8/12 999/13/7
f 993/19/13 996/4/13 997/18/13
f 995/7/13 996/4/13 993/19/13
f 994/12/14 995/7/13 993/19/13
f 992/6/13 994/12/14 993/19/13
f 999/13/7 1000/8/12 1002/11/7 1001/26/7
f 989/17/13 991/5/14 990/16/13
f 986/15/5 987/1/5 988/32/5
f 975/5/15 977/33/15 978/34/15 976/4/15
f 366/35/16 367/36/17 362/37/18 364/38/19
f 981/11/5 983/9/5 982/10/5
f 980/8/5 981/11/5 982/10/5
f 977/33/15 979/39/20 978/34/15
f 972/19/20 973/17/20 974/18/21
f 971/16/20 973/17/20 972/19/20
f 426/40/22 427/41/23 429/42/24 428/43/25
f 448/44/26 449/45/27 451/46/27 450/47/26
f 432/48/28 433/49/29 435/50/30 434/51/30
f 468/52/31 469/53/32 471/54/32 470/55/31
f 403/56/33 401/57/34 405/58/35 404/59/36
f 809/60/37 810/61/37 812/62/38 811/63/38
f 429/42/24 427/41/23 431/64/39 430/65/39
f 312/66/40 314/67/40 313/68/40 311/69/40
f 144/70/41 146/71/42 145/72/43 143/73/41
f 814/74/44 815/75/45 817/76/46 816/77/46
f 44/78/47 45/79/47 43/80/47 42/81/47
f 296/82/48 298/83/48 297/84/48 295/85/48
f 363/86/49 365/87/50 364/38/19 362/37/18
f 328/88/51 330/89/52 329/90/53 327/91/54
f 150/92/55 152/93/56 151/94/56 149/95/55
f 548/96/57 547/97/57 550/98/58 549/99/59
f 559/100/60 560/101/60 562/102/46 561/103/61
f 546/104/62 581/105/62 583/106/63 582/107/63
f 1/108/64 3/109/65 2/110/66
f 3/109/65 4/111/65 2/110/66
f 4/111/65 5/112/64 2/110/66
f 5/112/64 6/113/65 2/110/66
f 6/113/65 7/114/64 2/110/66
f 7/114/64 8/115/64 2/110/66
f 42/81/47 43/80/47 41/116/47 40/117/47
f 8/115/64 9/118/65 2/110/66
f 9/118/65 10/119/64 2/110/66
f 10/119/64 11/120/64 2/110/66
f 11/120/64 12/121/65 2/110/66
f 12/121/65 13/122/65 2/110/66
f 13/122/65 14/123/64 2/110/66
f 14/123/64 15/124/64 2/110/66
f 15/124/64 16/125/64 2/110/66
f 573/126/67 574/127/67 576/128/68 575/129/69
f 16/125/64 17/130/64 2/110/66
f 17/130/64 18/131/64 2/110/66
f 276/132/70 278/133/70 277/134/70 275/135/70
f 18/131/64 19/136/64 2/110/66
f 19/136/64 20/137/65 2/110/66
f 963/138/64 965/139/64 966/140/64 964/141/64
f 20/137/65 21/142/64 2/110/66
f 2/110/66 21/142/64 1/108/64
f 353/143/71 355/144/72 354/145/73 352/146/74
f 252/147/75 254/148/76 253/149/75 251/150/76
f 22/151/77 24/152/7 23/153/78
f 23/153/78 24/152/7 25/154/79
f 25/154/79 24/152/7 26/155/80
f 154/156/81 156/157/82 155/158/82 153/159/81
f 26/155/80 24/152/7 27/160/83
f 27/160/83 24/152/7 28/161/84
f 319/162/85 353/143/71 352/146/74 320/163/86
f 28/161/84 24/152/7 29/164/87
f 29/164/87 24/152/7 30/165/88
f 30/165/88 24/152/7 31/166/89
f 31/166/89 24/152/7 32/167/90
f 32/167/90 24/152/7 33/168/91
f 33/168/91 24/152/7 34/169/92
f 24/152/7 22/151/77 34/169/92
f 911/170/93 912/171/47 914/172/94 913/173/94
f 624/174/95 625/175/96 627/176/97 626/177/97
f 967/178/64 969/179/64 970/180/64 968/181/64
f 130/182/94 132/183/98 131/184/98 129/185/94
f 119/186/99 120/187/46 118/188/61 117/189/99
f 324/190/100 326/191/101 325/192/102 323/193/103
f 156/157/82 158/194/38 157/195/38 155/158/82
f 919/196/104 920/197/104 922/198/105 921/199/105
f 833/200/106 834/201/107 835/202/107 832/203/106
f 830/204/108 831/205/109 832/203/110 829/206/108
f 244/207/111 246/208/112 245/209/111 243/210/113
f 614/211/114 615/212/114 617/213/57 616/214/57
f 65/215/115 66/216/115 64/217/59 63/218/59
f 905/219/45 906/220/44 908/221/116 907/222/116
f 1009/18/3 1010/17/3 1012/5/4 1011/4/3
f 50/223/13 51/224/13 48/225/117 49/226/118
f 40/117/47 41/116/47 38/227/119 39/228/120
f 46/229/121 49/226/118 48/225/117 47/230/122
f 567/231/123 568/232/123 570/233/47 569/234/124
f 889/235/125 890/236/57 892/237/126 891/238/59
f 901/239/60 902/240/60 904/241/127 903/242/128
f 783/243/94 784/244/94 786/245/129 785/246/129
f 128/247/47 130/182/94 129/185/94 127/248/47
f 142/249/63 144/70/41 143/73/41 141/250/63
f 256/251/130 258/147/131 257/150/131 255/252/131
f 936/253/132 937/254/11 939/255/132 938/256/132
f 938/256/132 939/255/132 941/257/132 940/258/132
f 538/259/64 539/260/64 541/261/64 540/262/64
f 942/263/132 943/264/132 945/265/132 944/266/132
f 480/267/64 481/268/64 483/269/64 482/270/64
f 946/271/11 947/272/11 949/273/11 948/274/132
f 930/275/11 931/276/11 933/277/11 932/278/11
f 774/279/133 775/280/132 777/281/133 776/282/132
f 668/283/65 669/284/65 671/285/65 670/286/65
f 954/287/132 955/288/132 957/289/11 956/290/11
f 532/291/64 533/292/64 535/293/64 534/294/64
f 960/295/132 961/296/132 923/297/132 962/298/132
f 958/299/134 959/300/11 961/296/132 960/295/132
f 926/301/11 927/302/11 929/303/11 928/304/11
f 925/305/132 924/306/132 927/302/11 926/301/11
f 200/307/132 202/308/132 201/309/132 199/310/132
f 948/274/132 949/273/11 951/311/132 950/312/132
f 950/312/132 951/311/132 953/313/132 952/314/132
f 932/278/11 933/277/11 935/315/11 934/316/11
f 212/317/132 214/318/132 213/319/132 211/320/132
f 565/321/116 566/322/116 568/232/123 567/231/123
f 917/323/69 918/324/69 920/197/104 919/196/104
f 913/173/94 914/172/94 916/325/135 915/326/135
f 264/327/136 266/328/136 265/329/136 263/330/136
f 909/331/137 910/332/137 912/171/47 911/170/93
f 807/333/138 808/334/139 810/61/37 809/60/37
f 883/335/140 884/21/140 886/336/141 885/337/141
f 791/338/142 792/339/142 794/340/143 793/341/143
f 272/133/144 274/342/144 273/343/144 271/134/144
f 897/344/95 898/203/95 900/202/145 899/345/145
f 803/346/146 804/347/55 806/348/147 805/349/148
f 785/246/129 786/245/129 788/350/69 787/351/69
f 248/148/149 250/207/149 249/210/150 247/149/150
f 872/336/151 875/21/152 877/352/152 876/353/151
f 836/354/153 837/355/154 838/240/154 835/202/153
f 863/356/155 864/357/156 865/197/157 862/324/155
f 857/358/158 858/359/159 859/325/159 856/172/158
f 854/360/160 855/361/161 856/172/162 853/171/160
f 724/362/11 725/363/11 727/364/11 726/365/11
f 869/366/163 872/336/164 874/367/164 873/368/163
f 860/369/165 861/370/166 862/324/166 859/325/165
f 820/371/167 821/372/168 823/237/168 822/236/167
f 848/373/169 849/374/170 850/332/171 847/221/169
f 827/375/172 828/376/173 829/206/173 826/377/174
f 866/198/175 865/197/176 868/378/176 867/379/177
f 839/380/178 840/381/179 841/241/180 838/240/178
f 842/382/181 843/383/182 844/220/182 841/241/181
f 845/384/183 846/385/184 847/221/184 844/220/185
f 822/236/186 869/366/187 871/386/187 870/387/188
f 851/388/189 852/389/190 853/171/190 850/332/191
f 824/390/192 825/391/193 826/377/193 823/237/192
f 122/392/45 124/393/194 123/394/195 121/395/45
f 795/396/196 796/397/63 798/398/197 797/399/197
f 885/337/141 886/336/141 888/366/62 887/400/62
f 895/401/56 896/206/56 898/203/95 897/344/95
f 561/103/61 562/102/46 564/402/45 563/403/45
f 83/404/11 85/405/134 84/406/11 82/407/11
f 620/408/198 621/409/198 623/410/199 622/411/199
f 69/412/200 72/413/201 71/414/202 70/415/203
f 887/400/62 888/366/62 890/236/57 889/235/125
f 899/345/145 900/202/145 902/240/60 901/239/60
f 797/399/197 798/398/197 800/416/204 799/417/125
f 781/418/205 782/419/205 784/244/94 783/243/94
f 571/420/94 572/421/94 574/127/67 573/126/67
f 789/422/104 790/423/104 792/339/142 791/338/142
f 602/424/135 603/425/135 605/426/69 604/427/69
f 662/428/64 663/282/64 665/279/206 664/280/64
f 732/429/11 733/430/11 735/431/11 734/432/11
f 93/433/132 95/434/132 94/435/132 92/436/11
f 484/270/207 485/269/65 487/437/207 486/438/207
f 686/439/65 687/440/65 689/441/65 688/442/65
f 672/286/65 673/285/65 675/443/65 674/444/65
f 642/365/64 643/364/64 645/445/64 644/446/64
f 678/447/64 679/448/64 681/449/64 680/450/64
f 682/450/64 683/449/64 685/440/64 684/439/64
f 650/451/64 651/452/64 653/453/64 652/454/64
f 664/280/64 665/279/206 667/284/64 666/283/64
f 940/258/132 941/257/132 943/264/132 942/263/132
f 660/455/64 661/456/64 663/282/64 662/428/64
f 658/457/64 659/458/64 661/456/64 660/455/64
f 706/456/132 707/455/132 709/457/132 708/458/132
f 180/459/132 182/460/132 181/461/132 179/462/132
f 934/316/11 935/315/11 937/254/11 936/253/132
f 716/446/133 717/445/133 719/452/133 718/451/133
f 638/362/64 639/363/64 641/364/64 640/365/64
f 634/432/64 635/431/64 637/363/64 636/362/64
f 728/432/132 729/431/132 731/363/132 730/362/132
f 694/463/207 695/464/207 697/465/207 696/466/65
f 772/284/133 773/283/132 775/280/132 774/279/133
f 768/283/132 769/284/132 771/285/132 770/286/132
f 744/442/132 745/441/132 747/464/132 746/463/132
f 760/444/11 761/467/11 763/448/11 762/447/11
f 646/446/207 647/445/207 649/452/207 648/451/207
f 752/450/134 753/449/134 755/440/134 754/439/134
f 192/468/132 194/469/132 193/470/132 191/471/132
f 764/286/11 765/285/11 767/467/11 766/444/11
f 690/442/64 691/441/64 693/464/64 692/463/64
f 698/466/64 699/465/206 701/472/206 700/473/206
f 736/466/132 737/465/132 739/430/132 738/429/132
f 630/473/64 631/472/64 633/431/64 632/432/64
f 216/474/132 218/317/132 217/320/132 215/475/132
f 708/458/132 709/457/132 711/454/132 710/453/132
f 756/447/11 757/448/11 759/449/11 758/450/11
f 712/451/132 713/452/132 715/453/132 714/454/132
f 720/365/132 721/364/132 723/445/132 722/446/132
f 654/454/64 655/453/64 657/458/64 656/457/64
f 331/476/208 334/477/209 333/478/210 332/479/211
f 359/480/212 361/481/213 360/482/214 358/483/215
f 816/77/46 817/76/46 819/484/99 818/485/99
f 59/486/216 62/487/217 61/488/218 60/489/219
f 594/490/116 595/491/116 597/492/220 596/493/220
f 584/494/221 585/495/221 587/496/222 586/497/222
f 618/498/58 619/499/58 621/409/198 620/408/198
f 557/500/82 558/501/82 560/101/60 559/100/60
f 555/502/223 556/503/223 558/501/82 557/500/82
f 1020/14/6 1022/1/1 1023/3/2 1021/13/1
f 610/504/221 611/505/221 613/506/63 612/507/224
f 606/508/225 607/509/104 609/510/142 608/511/142
f 600/512/94 601/513/94 603/425/135 602/424/135
f 608/511/142 609/510/142 611/505/221 610/504/221
f 569/234/124 570/233/47 572/421/94 571/420/94
f 140/514/226 142/249/63 141/250/63 139/515/226
f 546/104/62 547/97/57 548/96/57 581/105/62
f 588/516/99 589/517/99 591/518/61 590/519/46
f 553/520/227 554/521/227 556/503/223 555/502/223
f 805/349/148 806/348/147 808/334/139 807/333/138
f 893/522/55 894/377/55 896/206/56 895/401/56
f 787/351/69 788/350/69 790/423/104 789/422/104
f 52/523/13 53/524/13 51/224/13 50/223/13
f 582/107/63 583/106/63 585/495/221 584/494/221
f 55/525/7 56/526/7 54/527/7 35/528/7
f 577/529/225 578/530/225 580/531/105 579/532/105
f 320/163/86 322/533/228 321/534/229 319/162/85
f 793/341/143 794/340/143 796/397/63 795/396/196
f 590/519/46 591/518/61 593/535/44 592/536/44
f 73/537/13 74/538/13 71/414/202 72/413/201
f 113/539/11 115/540/11 114/541/11 112/542/134
f 549/99/59 550/98/58 552/543/146 551/544/146
f 907/222/116 908/221/116 910/332/137 909/331/137
f 111/545/133 113/539/11 112/542/134 110/546/133
f 91/547/134 93/433/132 92/436/11 90/548/11
f 598/549/124 599/550/124 601/513/94 600/512/94
f 326/191/101 328/88/51 327/91/54 325/192/102
f 780/551/123 779/552/123 782/419/205 781/418/205
f 136/553/225 138/554/142 137/555/142 135/556/225
f 540/262/64 541/261/64 543/557/64 542/558/64
f 508/559/64 509/560/206 511/561/64 510/562/64
f 514/563/65 515/564/65 517/565/65 516/566/65
f 518/566/64 519/565/64 521/567/64 520/568/64
f 488/438/65 489/437/65 491/569/65 490/570/65
f 492/570/64 493/569/64 495/571/64 494/572/64
f 496/572/65 497/571/65 499/573/65 498/574/65
f 740/463/132 741/464/132 743/465/132 742/466/132
f 928/304/11 929/303/11 931/276/11 930/275/11
f 542/558/64 543/557/64 545/268/64 544/267/64
f 224/575/132 226/576/132 225/577/132 223/578/132
f 510/562/64 511/561/64 513/564/206 512/563/206
f 526/579/64 527/580/64 529/581/64 528/582/64
f 676/444/206 677/443/206 679/448/64 678/447/64
f 522/568/64 523/567/64 525/580/64 524/579/64
f 528/582/64 529/581/64 531/292/206 530/291/206
f 208/318/132 210/583/132 209/584/132 207/319/132
f 500/574/207 501/573/207 503/585/207 502/586/207
f 504/586/206 505/585/206 507/587/64 506/588/64
f 506/588/64 507/587/64 509/560/206 508/559/64
f 440/589/230 441/590/231 443/591/230 442/592/230
f 464/593/232 465/594/232 467/595/232 466/596/232
f 452/597/233 453/598/233 455/599/233 454/600/233
f 476/40/234 477/43/234 479/601/234 478/602/234
f 406/597/235 407/603/236 409/604/237 408/598/238
f 397/605/239 395/606/239 399/607/240 398/608/240
f 387/609/241 386/610/242 389/611/243 388/612/244
f 460/613/245 461/614/246 463/615/247 462/616/248
f 400/46/249 401/57/34 403/56/33 402/47/249
f 456/617/250 457/618/251 459/604/250 458/603/251
f 472/619/252 473/620/253 475/621/254 474/622/255
f 394/623/256 395/606/239 397/605/239 396/624/256
f 390/625/257 391/592/257 393/591/257 392/626/257
f 444/623/258 445/624/258 447/627/258 446/628/259
f 422/52/260 423/622/260 425/621/260 424/53/261
f 413/629/262 411/630/263 415/631/264 414/632/264
f 416/595/265 417/633/266 419/634/266 418/596/265
f 419/634/266 417/633/266 421/635/267 420/636/267
f 384/50/268 386/610/242 387/609/241 385/51/269
f 436/625/270 437/626/270 439/637/271 438/638/270
f 410/613/272 411/630/263 413/629/262 412/614/273
f 596/493/220 597/492/220 599/550/124 598/549/124
f 616/214/57 617/213/57 619/499/58 618/498/58
f 132/183/98 134/639/69 133/640/68 131/184/98
f 126/641/274 128/247/47 127/248/47 125/642/274
f 778/643/116 813/644/116 815/75/45 814/74/44
f 778/643/116 779/552/123 780/551/123 813/644/116
f 35/528/7 54/527/7 36/645/275 37/646/276
f 284/647/277 286/648/277 285/649/277 283/650/277
f 120/187/46 122/392/45 121/395/45 118/188/61
f 57/651/7 58/652/7 56/526/7 55/525/7
f 75/653/13 76/654/13 74/538/13 73/537/13
f 604/427/69 605/426/69 607/509/104 606/508/225
f 59/486/216 60/489/219 58/652/7 57/651/7
f 322/533/228 324/190/100 323/193/103 321/534/229
f 87/655/11 89/656/11 88/657/11 86/658/11
f 81/659/11 83/404/11 82/407/11 80/660/11
f 103/661/132 105/662/132 104/663/132 102/664/132
f 97/665/132 99/666/132 98/667/132 96/668/132
f 95/434/132 97/665/132 96/668/132 94/435/132
f 109/669/132 111/545/133 110/546/133 108/670/132
f 115/540/11 77/28/11 116/27/11 114/541/11
f 107/671/132 109/669/132 108/670/132 106/672/132
f 79/29/11 81/659/11 80/660/11 78/30/11
f 99/666/132 101/673/132 100/674/132 98/667/132
f 101/673/132 103/661/132 102/664/132 100/674/132
f 85/405/134 87/655/11 86/658/11 84/406/11
f 89/656/11 91/547/134 90/548/11 88/657/11
f 146/71/42 148/675/115 147/676/115 145/72/43
f 69/412/200 70/415/203 68/677/59 67/678/59
f 67/678/59 68/677/59 66/216/115 65/215/115
f 124/393/194 126/641/274 125/642/274 123/394/195
f 361/481/213 363/86/49 362/37/18 360/482/214
f 36/645/275 39/228/120 38/227/119 37/646/276
f 915/326/135 916/325/135 918/324/69 917/323/69
f 592/536/44 593/535/44 595/491/116 594/490/116
f 134/639/69 136/553/225 135/556/225 133/640/68
f 622/411/199 623/410/199 625/175/96 624/174/95
f 138/554/142 140/514/226 139/515/226 137/555/142
f 164/679/11 166/680/11 165/681/11 163/682/11
f 923/297/132 924/306/132 925/305/132 962/298/132
f 748/439/11 749/440/11 751/441/11 750/442/11
f 160/683/11 162/307/11 161/310/11 159/684/11
f 232/685/11 234/686/11 233/687/11 231/688/11
f 220/576/132 222/474/132 221/475/132 219/577/132
f 204/583/133 206/683/132 205/684/133 203/584/133
f 952/314/132 953/313/132 955/288/132 954/287/132
f 228/686/132 230/575/132 229/578/132 227/687/132
f 702/455/11 703/456/11 705/282/11 704/281/11
f 236/680/11 238/685/11 237/688/11 235/681/11
f 168/689/133 170/679/132 169/682/133 167/690/133
f 172/691/134 174/689/134 173/690/134 171/692/134
f 176/460/11 178/691/11 177/692/11 175/461/11
f 184/693/11 186/459/11 185/462/11 183/694/11
f 956/290/11 957/289/11 959/300/11 958/299/134
f 188/469/11 190/693/11 189/694/11 187/470/11
f 944/266/132 945/265/132 947/272/11 946/271/11
f 196/308/132 198/468/132 197/471/132 195/309/132
f 536/294/64 537/293/64 539/260/64 538/259/64
f 891/238/59 892/237/126 894/377/55 893/522/55
f 881/695/222 882/22/222 884/21/140 883/335/140
f 799/417/125 800/416/204 802/696/59 801/697/58
f 292/83/278 294/698/278 293/699/278 291/84/278
f 280/700/279 282/132/279 281/135/279 279/701/279
f 240/648/280 242/700/281 241/701/280 239/649/282
f 260/328/283 262/251/283 261/252/283 259/329/283
f 982/10/5 983/9/5 985/14/5 984/13/5
f 903/242/128 904/241/127 906/220/44 905/219/45
f 268/342/284 270/327/284 269/330/284 267/343/284
f 973/17/20 975/5/15 976/4/15 974/18/21
f 288/702/285 290/647/286 289/650/285 287/703/286
f 148/675/115 150/92/55 149/95/55 147/676/115
f 563/403/45 564/402/45 566/322/116 565/321/116
f 316/208/287 318/66/287 317/69/287 315/209/287
f 355/144/72 357/704/288 356/705/289 354/145/73
f 300/706/290 302/82/290 301/85/290 299/707/290
f 46/229/121 47/230/122 45/79/47 44/78/47
f 801/697/58 802/696/59 804/347/55 803/346/146
f 551/544/146 552/543/146 554/521/227 553/520/227
f 626/177/97 627/176/97 629/708/38 628/709/38
f 308/67/291 310/710/291 309/711/291 307/68/291
f 612/507/224 613/506/63 615/212/114 614/211/114
f 320/163/86 352/146/74 351/712/292 346/713/293
f 347/714/294 346/713/293 351/712/292 349/715/295
f 349/715/295 350/716/296 348/717/297 347/714/294
f 383/718/298 378/719/299 379/720/300 381/721/301
f 367/36/17 368/722/302 360/482/214 362/37/18
f 368/722/302 369/723/303 358/483/215 360/482/214
f 347/714/294 348/717/297 344/724/304 343/725/305
f 369/723/303 370/726/306 356/705/289 358/483/215
f 370/726/306 371/727/307 354/145/73 356/705/289
f 370/726/306 374/728/308 372/729/309 371/727/307
f 374/728/308 375/730/310 373/731/311 372/729/309
f 371/727/307 372/729/309 349/715/295 351/712/292
f 322/533/228 320/163/86 346/713/293 345/732/312
f 152/93/56 154/156/81 153/159/81 151/94/56
f 575/129/69 576/128/68 578/530/225 577/529/225
f 63/218/59 64/217/59 61/488/218 62/487/217
f 304/710/313 306/706/313 305/707/313 303/711/313
f 371/727/307 351/712/292 352/146/74 354/145/73
f 324/190/100 322/533/228 345/732/312 340/733/314
f 326/191/101 324/190/100 340/733/314 339/734/315
f 328/88/51 326/191/101 339/734/315 331/476/208
f 331/476/208 332/479/211 330/89/52 328/88/51
f 366/35/16 380/735/316 379/720/300 367/36/17
f 380/735/316 382/736/317 381/721/301 379/720/300
f 343/725/305 344/724/304 342/737/318 341/738/319
f 341/738/319 342/737/318 338/739/320 337/740/321
f 340/733/314 341/738/319 337/740/321 339/734/315
f 334/477/209 331/476/208 339/734/315 337/740/321
f 369/723/303 368/722/302 378/719/299 376/741/322
f 367/36/17 379/720/300 378/719/299 368/722/302
f 341/738/319 340/733/314 345/732/312 343/725/305
f 991/5/14 992/6/13 993/19/13 990/16/13
f 376/741/322 377/742/323 375/730/310 374/728/308
f 372/729/309 373/731/311 350/716/296 349/715/295
f 337/740/321 338/739/320 336/743/324 334/477/209
f 383/718/298 377/742/323 376/741/322 378/719/299
f 369/723/303 376/741/322 374/728/308 370/726/306
f 346/713/293 347/714/294 343/725/305 345/732/312
f 105/662/132 107/671/132 106/672/132 104/663/132
f 334/477/209 336/743/324 335/744/325 333/478/210
f 357/704/288 359/480/212 358/483/215 356/705/289
f 1039/745/326 1041/746/327 1040/747/328 1038/748/329
f 1053/749/330 1079/750/331 1052/751/332 1051/752/333
f 1079/750/331 1100/753/334 1078/754/335 1052/751/332
f 1026/755/336 1070/756/337 1069/757/338 1028/758/339
f 1077/759/340 1078/754/335 1100/753/334 1099/760/341
f 1055/761/342 1056/762/343 1083/763/344 1082/764/345
f 1151/765/346 1150/766/347 1182/767/348 1181/768/349
f 1252/769/350 1254/770/350 1255/771/350 1253/772/350
f 1230/773/351 1231/774/352 1233/775/352 1232/776/351
f 1268/777/353 1270/778/354 1271/779/353 1269/780/354
f 1264/781/355 1266/782/356 1267/778/356 1265/777/356
f 1260/783/357 1262/784/357 1263/782/357 1261/781/357
f 1272/770/358 1274/769/358 1275/780/359 1273/779/360
f 1025/785/361 1026/755/336 1027/786/362
f 1047/787/363 1048/788/364 1046/789/365 1045/790/366
f 1076/791/367 1077/759/340 1099/760/341 1075/792/368
f 1041/746/327 1043/793/369 1042/794/370 1040/747/328
f 1033/795/371 1035/796/372 1034/797/373 1032/798/374
f 1031/799/375 1033/795/371 1032/798/374 1030/800/376
f 1029/801/377 1031/799/375 1030/800/376 1027/786/362
f 1071/802/378 1076/791/367 1075/792/368 1072/803/379
f 1042/794/370 1025/785/361 1040/747/328
f 1040/747/328 1025/785/361 1038/748/329
f 1038/748/329 1025/785/361 1036/804/380
f 1036/804/380 1025/785/361 1034/797/373
f 1034/797/373 1025/785/361 1032/798/374
f 1032/798/374 1025/785/361 1030/800/376
f 1025/785/361 1027/786/362 1030/800/376
f 1236/805/381 1238/806/382 1239/807/382 1237/808/381
f 1058/809/383 1047/787/363 1045/790/366 1044/810/384
f 1042/794/370 1044/810/384 1025/785/361
f 1044/810/384 1045/790/366 1025/785/361
f 1025/785/361 1045/790/366 1046/789/365
f 1037/811/385 1039/745/326 1038/748/329 1036/804/380
f 1049/812/386 1051/752/333 1025/785/361
f 1025/785/361 1051/752/333 1052/751/332
f 1244/813/387 1246/814/388 1247/815/388 1245/816/387
f 1033/795/371 1031/799/375 1065/817/389 1064/818/390
f 1075/792/368 1099/760/341 1098/819/391 1074/820/392
f 1028/758/339 1069/757/338 1068/821/393 1067/822/394
f 1048/788/364 1047/787/363 1056/762/343 1055/761/342
f 1037/811/385 1035/796/372 1063/823/395 1062/824/396
f 1054/825/397 1080/826/398 1053/749/330 1050/827/399
f 1080/826/398 1101/828/400 1079/750/331 1053/749/330
f 1101/828/400 1122/829/401 1100/753/334 1079/750/331
f 1058/809/383 1043/793/369 1059/830/402 1057/831/403
f 1041/746/327 1039/745/326 1061/832/404 1060/833/405
f 1072/803/379 1075/792/368 1074/820/392 1073/834/406
f 1073/834/406 1068/821/393 1069/757/338 1072/803/379
f 1043/793/369 1058/809/383 1044/810/384 1042/794/370
f 1026/755/336 1025/785/361 1070/756/337
f 1025/785/361 1071/802/378 1070/756/337
f 1035/796/372 1037/811/385 1036/804/380 1034/797/373
f 1047/787/363 1058/809/383 1057/831/403 1056/762/343
f 1072/803/379 1069/757/338 1070/756/337 1071/802/378
f 1046/789/365 1049/812/386 1025/785/361
f 1043/793/369 1041/746/327 1060/833/405 1059/830/402
f 1028/758/339 1029/801/377 1027/786/362 1026/755/336
f 1071/802/378 1025/785/361 1076/791/367
f 1076/791/367 1025/785/361 1077/759/340
f 1077/759/340 1025/785/361 1078/754/335
f 1025/785/361 1052/751/332 1078/754/335
f 1035/796/372 1033/795/371 1064/818/390 1063/823/395
f 1098/819/391 1122/829/401 1121/835/407 1097/836/408
f 1099/760/341 1100/753/334 1122/829/401 1098/819/391
f 1073/834/406 1074/820/392 1096/837/409 1095/838/410
f 1068/821/393 1073/834/406 1095/838/410 1094/839/411
f 1067/822/394 1068/821/393 1094/839/411 1093/840/412
f 1066/841/413 1067/822/394 1093/840/412 1092/842/414
f 1063/823/395 1064/818/390 1090/843/415 1089/844/416
f 1081/845/417 1102/846/418 1080/826/398 1054/825/397
f 1064/818/390 1065/817/389 1091/847/419 1090/843/415
f 1062/824/396 1063/823/395 1089/844/416 1088/848/420
f 1061/832/404 1062/824/396 1088/848/420 1087/849/421
f 1060/833/405 1061/832/404 1087/849/421 1086/850/422
f 1065/817/389 1066/841/413 1092/842/414 1091/847/419
f 1056/762/343 1057/831/403 1084/851/423 1083/763/344
f 1123/852/424 1121/835/407 1122/829/401 1101/828/400
f 1059/830/402 1060/833/405 1086/850/422 1085/853/425
f 1054/825/397 1055/761/342 1082/764/345 1081/845/417
f 1031/799/375 1029/801/377 1066/841/413 1065/817/389
f 1048/788/364 1050/827/399 1049/812/386 1046/789/365
f 1050/827/399 1053/749/330 1051/752/333 1049/812/386
f 1029/801/377 1028/758/339 1067/822/394 1066/841/413
f 1074/820/392 1098/819/391 1097/836/408 1096/837/409
f 1097/836/408 1121/835/407 1120/854/426 1119/855/427
f 1093/840/412 1094/839/411 1116/856/428 1115/857/429
f 1092/842/414 1093/840/412 1115/857/429 1114/858/430
f 1091/847/419 1092/842/414 1114/858/430 1113/859/431
f 1086/850/422 1087/849/421 1109/860/432 1108/861/433
f 1124/862/434 1127/863/435 1123/852/424 1102/846/418
f 1088/848/420 1089/844/416 1111/864/436 1110/865/437
f 1087/849/421 1088/848/420 1110/865/437 1109/860/432
f 1089/844/416 1090/843/415 1112/866/438 1111/864/436
f 1127/863/435 1120/854/426 1121/835/407 1123/852/424
f 1084/851/423 1085/853/425 1107/867/439 1106/868/440
f 1083/763/344 1084/851/423 1106/868/440 1105/869/441
f 1082/764/345 1083/763/344 1105/869/441 1104/870/442
f 1081/845/417 1082/764/345 1104/870/442 1103/871/443
f 1103/871/443 1124/862/434 1102/846/418 1081/845/417
f 1057/831/403 1059/830/402 1085/853/425 1084/851/423
f 1039/745/326 1037/811/385 1062/824/396 1061/832/404
f 1102/846/418 1123/852/424 1101/828/400 1080/826/398
f 1085/853/425 1086/850/422 1108/861/433 1107/867/439
f 1130/872/444 1131/873/445 1118/874/446 1119/855/427
f 1138/875/447 1139/876/448 1110/865/437 1111/864/436
f 1137/877/449 1138/875/447 1111/864/436 1112/866/438
f 1125/878/450 1126/879/451 1124/862/434 1103/871/443
f 1145/880/452 1125/878/450 1103/871/443 1104/870/442
f 1144/881/453 1145/880/452 1104/870/442 1105/869/441
f 1142/882/454 1143/883/455 1106/868/440 1107/867/439
f 1136/884/456 1137/877/449 1112/866/438 1113/859/431
f 1141/885/457 1142/882/454 1107/867/439 1108/861/433
f 1139/876/448 1140/886/458 1109/860/432 1110/865/437
f 1126/879/451 1128/887/459 1127/863/435 1124/862/434
f 1143/883/455 1144/881/453 1105/869/441 1106/868/440
f 1131/873/445 1132/888/460 1117/889/461 1118/874/446
f 1135/890/462 1136/884/456 1113/859/431 1114/858/430
f 1128/887/459 1129/891/463 1120/854/426 1127/863/435
f 1133/892/464 1134/893/465 1115/857/429 1116/856/428
f 1132/888/460 1133/892/464 1116/856/428 1117/889/461
f 1129/891/463 1130/872/444 1119/855/427 1120/854/426
f 1140/886/458 1141/885/457 1108/861/433 1109/860/432
f 1151/765/346 1152/894/466 1131/873/445 1130/872/444
f 1160/895/467 1161/896/468 1140/886/458 1139/876/448
f 1152/894/466 1153/897/469 1132/888/460 1131/873/445
f 1158/898/470 1159/899/471 1138/875/447 1137/877/449
f 1147/900/472 1148/901/473 1126/879/451 1125/878/450
f 1161/896/468 1162/902/474 1141/885/457 1140/886/458
f 1155/903/475 1156/904/476 1135/890/462 1134/893/465
f 1164/905/477 1165/906/478 1144/881/453 1143/883/455
f 1163/907/479 1164/905/477 1143/883/455 1142/882/454
f 1165/906/478 1146/908/480 1145/880/452 1144/881/453
f 1153/897/469 1154/909/481 1133/892/464 1132/888/460
f 1159/899/471 1160/895/467 1139/876/448 1138/875/447
f 1148/901/473 1149/910/482 1128/887/459 1126/879/451
f 1157/911/483 1158/898/470 1137/877/449 1136/884/456
f 1156/904/476 1157/911/483 1136/884/456 1135/890/462
f 1146/908/480 1147/900/472 1125/878/450 1145/880/452
f 1150/766/347 1151/765/346 1130/872/444 1129/891/463
f 1154/909/481 1155/903/475 1134/893/465 1133/892/464
f 1162/902/474 1163/907/479 1142/882/454 1141/885/457
f 1153/897/469 1152/894/466 1180/912/484 1179/913/485
f 1095/838/410 1096/837/409 1118/874/446 1117/889/461
f 1154/909/481 1153/897/469 1179/913/485 1178/914/486
f 1155/903/475 1154/909/481 1178/914/486 1177/915/487
f 1156/904/476 1155/903/475 1177/915/487 1176/916/488
f 1147/900/472 1146/908/480 1167/917/489 1185/918/490
f 1150/766/347 1149/910/482 1183/919/491 1182/767/348
f 1162/902/474 1161/896/468 1171/920/492 1170/921/493
f 1149/910/482 1148/901/473 1184/922/494 1183/919/491
f 1161/896/468 1160/895/467 1172/923/495 1171/920/492
f 1164/905/477 1163/907/479 1169/924/496 1168/925/497
f 1166/926/498 1167/917/489 1146/908/480 1165/906/478
f 1165/906/478 1164/905/477 1168/925/497 1166/926/498
f 1163/907/479 1162/902/474 1170/921/493 1169/924/496
f 1157/911/483 1156/904/476 1176/916/488 1175/927/499
f 1148/901/473 1147/900/472 1185/918/490 1184/922/494
f 1159/899/471 1158/898/470 1174/928/500 1173/929/501
f 1160/895/467 1159/899/471 1173/929/501 1172/923/495
f 1158/898/470 1157/911/483 1175/927/499 1174/928/500
f 1152/894/466 1151/765/346 1181/768/349 1180/912/484
f 1226/930/7 1227/931/7 1229/932/7 1228/933/7
f 1234/934/502 1236/805/381 1237/808/381 1235/935/503
f 1050/827/399 1048/788/364 1055/761/342 1054/825/397
f 1096/837/409 1097/836/408 1119/855/427 1118/874/446
f 1090/843/415 1091/847/419 1113/859/431 1112/866/438
f 1094/839/411 1095/838/410 1117/889/461 1116/856/428
f 1231/774/352 1234/934/502 1235/935/503 1233/775/352
f 1216/936/504 1213/937/124 1218/938/47 1217/939/47
f 1186/940/59 1187/941/59 1188/942/59
f 1187/941/59 1189/943/59 1188/942/59
f 1207/942/505 1211/944/505 1210/945/505 1206/943/505
f 1192/946/59 1193/947/59 1191/937/58
f 1191/937/58 1193/947/59 1194/936/59
f 1193/947/59 1195/938/59 1194/936/59
f 1195/938/59 1196/948/59 1194/936/59
f 1194/936/59 1196/948/59 1191/937/58
f 1212/949/47 1220/950/47 1219/951/47 1213/937/124
f 1191/937/58 1197/952/59 1190/945/59
f 1195/938/59 1193/947/59 1199/953/59
f 1193/947/59 1200/954/59 1199/953/59
f 1199/953/59 1200/954/59 1201/955/59
f 1186/940/59 1204/956/59 1205/957/59
f 1206/943/505 1208/941/505 1207/942/505
f 1207/942/505 1208/941/505 1209/958/505
f 1206/943/505 1213/937/124 1214/946/47
f 1214/946/47 1213/937/124 1215/959/47
f 1213/937/124 1216/936/504 1215/959/47
f 1215/959/47 1216/936/504 1217/939/47
f 1209/958/505 1224/960/47 1223/961/47 1211/944/505
f 1218/938/47 1213/937/124 1219/951/47
f 1217/939/47 1221/955/47 1215/959/47
f 1215/959/47 1221/955/47 1222/954/47
f 1203/962/59 1204/956/59 1186/940/59 1198/963/59
f 1209/958/505 1225/964/47 1224/960/47
f 1248/965/506 1250/966/507 1251/967/508 1249/968/506
f 1256/784/509 1258/783/509 1259/969/509 1257/970/509
f 1190/945/59 1198/963/59 1188/942/59 1189/943/59
f 1240/971/510 1242/972/387 1243/973/387 1241/974/510
f 1189/943/59 1192/946/59 1191/937/58 1190/945/59
f 1246/814/388 1248/965/506 1249/968/506 1247/815/388
f 1134/893/465 1135/890/462 1114/858/430 1115/857/429
f 1149/910/482 1150/766/347 1129/891/463 1128/887/459
f 1196/948/59 1202/950/59 1197/952/59 1191/937/58
f 1212/949/47 1213/937/124 1206/943/505 1210/945/505
