# Blender 4.4.0
# www.blender.org
mtllib Spirit Tuner_body.mtl
o Spirit_Tuner_Body
v -0.390023 -1.425712 0.025127
v -0.411433 -1.381324 0.022450
v -0.385622 -1.406292 0.001969
v -0.400811 -1.374701 0.000303
v -0.636785 -0.131302 -0.043654
v -0.619015 -0.120921 -0.065763
v -0.622390 -0.089599 -0.051723
v -0.640326 -0.098190 -0.028003
v -0.640326 -0.051654 0.030237
v -0.622390 -0.040199 0.010131
v -0.622390 -0.008787 0.024191
v -0.640326 -0.017737 0.046225
v -0.640326 0.129030 0.038606
v -0.622390 0.136816 0.016627
v -0.640326 0.719229 0.009195
v -0.622357 0.720034 -0.012465
v -0.640326 0.811763 0.004234
v -0.622357 0.811316 -0.017370
v -0.640326 1.267366 -0.020178
v -0.622324 1.261102 -0.041520
v -0.640326 1.345314 -0.024372
v -0.622324 1.337976 -0.045657
v -0.640326 1.414670 -0.028078
v -0.622324 1.406526 -0.049326
v -0.605547 1.461743 -0.030025
v -0.596414 1.440801 -0.050918
v -0.525135 1.473198 -0.029988
v -0.519675 1.451720 -0.050918
v -0.416529 1.485368 -0.029969
v -0.413385 1.463622 -0.050936
v -0.397832 1.465322 -0.050936
v -0.401241 1.487069 -0.029969
v -0.319174 1.495929 -0.029969
v -0.317354 1.474003 -0.050936
v -0.214076 1.506668 -0.029969
v -0.213348 1.484563 -0.050955
v -0.098157 1.506668 -0.029969
v -0.098157 1.484563 -0.050955
v 0.017001 1.484563 -0.050955
v 0.017729 1.506668 -0.029969
v 0.121007 1.474003 -0.050936
v 0.122827 1.495929 -0.029969
v 0.201485 1.465322 -0.050936
v 0.204893 1.487069 -0.029969
v 0.220182 1.485368 -0.029969
v 0.217038 1.463622 -0.050936
v 0.323327 1.451720 -0.050918
v 0.328787 1.473198 -0.029988
v 0.400066 1.440801 -0.050918
v 0.409199 1.461743 -0.030025
v 0.425977 1.406526 -0.049326
v 0.443978 1.414670 -0.028078
v 0.425977 1.337976 -0.045657
v 0.443978 1.345314 -0.024372
v 0.425977 1.261102 -0.041520
v 0.443978 1.267366 -0.020178
v 0.426010 0.811316 -0.017370
v 0.443978 0.811763 0.004234
v 0.426010 0.720034 -0.012465
v 0.443978 0.719229 0.009195
v 0.426043 0.136816 0.016627
v 0.443978 0.129030 0.038606
v 0.426043 -0.008787 0.024191
v 0.443978 -0.017737 0.046225
v 0.443978 -0.051654 0.030237
v 0.426043 -0.040199 0.010131
v 0.426043 -0.089599 -0.051723
v 0.443978 -0.098190 -0.028003
v 0.440438 -0.131302 -0.043654
v 0.422668 -0.120921 -0.065763
v 0.204463 -1.374701 0.000303
v 0.215086 -1.381324 0.022450
v 0.189274 -1.406292 0.001969
v -0.343232 -1.312952 0.447675
v -0.266493 -1.312952 0.447975
v -0.339426 -1.288879 0.471769
v -0.266493 -1.288879 0.471769
v -0.237207 -1.312952 0.447975
v -0.237174 -1.288879 0.471769
v -0.221786 -1.288879 0.471769
v -0.221753 -1.312952 0.447975
v -0.198292 -1.312952 0.447975
v -0.198292 -1.288879 0.471769
v -0.154280 -1.312952 0.447975
v -0.154280 -1.288879 0.471769
v -0.098157 -1.312952 0.447975
v -0.098157 -1.288879 0.471769
v -0.042067 -1.288879 0.471769
v -0.042067 -1.312952 0.447975
v 0.001944 -1.288879 0.471769
v 0.001944 -1.312952 0.447975
v 0.025439 -1.288879 0.471769
v 0.025406 -1.312952 0.447975
v 0.040860 -1.312952 0.447975
v 0.040826 -1.288879 0.471769
v 0.070145 -1.288879 0.471769
v 0.070145 -1.312952 0.447975
v 0.143079 -1.288879 0.471769
v -0.339426 -1.288879 0.471769
v -0.351273 -1.257646 0.473754
v -0.343232 -1.312952 0.447675
v -0.361233 -1.269996 0.449267
v -0.533573 -0.111435 0.546578
v -0.550648 -0.110719 0.522091
v -0.553428 -0.076443 0.523158
v -0.536287 -0.077159 0.547664
v -0.536287 -0.041184 0.547664
v -0.553428 -0.041899 0.523158
v -0.553428 -0.007535 0.522110
v -0.536320 -0.006908 0.546596
v -0.536353 0.133594 0.537873
v -0.553428 0.134042 0.513330
v -0.536485 0.692023 0.504643
v -0.553428 0.696050 0.479950
v -0.536518 0.779188 0.499045
v -0.553428 0.783842 0.474315
v -0.536618 1.208391 0.471470
v -0.553428 1.216088 0.446608
v -0.536651 1.281775 0.466752
v -0.553428 1.290008 0.441872
v -0.536651 1.347193 0.462558
v -0.553428 1.355874 0.437641
v -0.515902 1.379142 0.460799
v -0.524241 1.400799 0.435469
v -0.451738 1.389612 0.460780
v -0.456735 1.411806 0.435525
v -0.376919 1.398114 0.460761
v -0.378805 1.421203 0.435525
v -0.370962 1.398024 0.460817
v -0.373940 1.421650 0.435338
v -0.406966 1.330011 0.464955
v -0.406966 1.330011 0.469766
v -0.392273 1.293140 0.468025
v -0.392273 1.293140 0.472836
v 0.249964 -0.006301 0.575061
v 0.248409 -0.010686 0.575642
v 0.254497 -0.004421 0.574799
v 0.254200 -0.010507 0.575623
v 0.258766 -0.006390 0.575061
v 0.260321 -0.010328 0.575604
v 0.253935 -0.016234 0.576372
v 0.258832 -0.014266 0.576110
v -0.450117 1.349699 0.463438
v -0.450117 1.349699 0.468250
v -0.406966 1.330011 0.464955
v -0.406966 1.330011 0.469766
v 0.143079 -1.288879 0.471769
v 0.146884 -1.312952 0.447675
v 0.154925 -1.257646 0.473754
v 0.164886 -1.269996 0.449267
v 0.337226 -0.111435 0.546578
v 0.354301 -0.110719 0.522091
v 0.357081 -0.076443 0.523158
v 0.339939 -0.077159 0.547664
v 0.339939 -0.041184 0.547664
v 0.357081 -0.041899 0.523158
v 0.357081 -0.007535 0.522110
v 0.339972 -0.006908 0.546596
v 0.340005 0.133594 0.537873
v 0.357081 0.134042 0.513330
v 0.340138 0.692023 0.504643
v 0.357081 0.696050 0.479950
v 0.340171 0.779188 0.499045
v 0.357081 0.783842 0.474315
v 0.340270 1.208391 0.471470
v 0.357081 1.216088 0.446608
v 0.340303 1.281775 0.466752
v 0.357081 1.290008 0.441872
v 0.340303 1.347193 0.462558
v 0.357081 1.355874 0.437641
v 0.319555 1.379142 0.460799
v 0.327894 1.400799 0.435469
v 0.255391 1.389612 0.460780
v 0.260388 1.411806 0.435525
v 0.180571 1.398114 0.460761
v 0.182457 1.421203 0.435525
v 0.174615 1.398024 0.460817
v 0.319555 1.379142 0.460799
v 0.255391 1.389612 0.460780
v 0.340303 1.347193 0.462558
v 0.251321 1.359811 0.463064
v 0.297549 1.330905 0.464449
v 0.253769 1.349699 0.463438
v 0.180075 1.371624 0.463401
v 0.180571 1.398114 0.460761
v 0.210618 1.330011 0.464955
v 0.173523 1.302089 0.467707
v 0.195926 1.293140 0.468025
v 0.190929 1.287950 0.468399
v 0.206680 1.246336 0.470814
v 0.211776 1.251168 0.470477
v 0.246489 1.228885 0.471750
v 0.253802 1.232733 0.471488
v 0.244802 1.219399 0.471956
v 0.251287 1.218862 0.471938
v 0.246986 0.791449 0.499120
v 0.253405 0.784916 0.499476
v 0.143145 0.792970 0.499307
v 0.143013 0.786258 0.499719
v 0.127724 0.793239 0.499345
v 0.127625 0.786885 0.499738
v 0.077525 0.794491 0.499532
v 0.077392 0.787959 0.499925
v -0.000869 0.796102 0.499813
v -0.000935 0.789659 0.500206
v -0.098157 0.796102 0.499813
v -0.098157 0.789659 0.500206
v -0.195413 0.789659 0.500206
v -0.098157 0.697124 0.505673
v -0.195380 0.697124 0.505673
v -0.098157 0.687459 0.506234
v -0.195380 0.687459 0.506234
v 0.075142 0.697035 0.505429
v -0.000968 0.697124 0.505673
v -0.000968 0.687459 0.506234
v 0.071304 0.687280 0.506010
v 0.121569 0.699540 0.505130
v 0.136659 0.694350 0.505392
v 0.114091 0.687191 0.505879
v 0.131034 0.687191 0.505822
v 0.193179 0.696856 0.505074
v 0.340138 0.692023 0.504643
v 0.340171 0.779188 0.499045
v 0.340270 1.208391 0.471470
v 0.297814 1.251795 0.469972
v 0.340303 1.281775 0.466752
v 0.313102 1.292603 0.466377
v -0.408124 1.251168 0.475307
v -0.408124 1.251168 0.470477
v -0.392273 1.293140 0.472836
v -0.392273 1.293140 0.468025
v 0.143079 -1.288879 0.471769
v 0.154925 -1.257646 0.473754
v 0.070145 -1.288879 0.471769
v 0.070145 -1.249861 0.473155
v 0.040826 -1.250219 0.473136
v 0.135335 -0.111972 0.546522
v 0.119981 -0.111077 0.546578
v 0.121371 -0.076980 0.547664
v 0.073984 -0.111524 0.546559
v 0.075076 -0.077159 0.547664
v -0.001663 -0.111524 0.546559
v -0.001067 -0.077159 0.547664
v -0.098157 -0.111524 0.546559
v -0.098157 -0.077249 0.547664
v -0.195280 -0.077159 0.547664
v -0.195280 -0.041184 0.547664
v -0.271423 -0.077159 0.547664
v -0.271423 -0.041184 0.547664
v -0.317718 -0.041184 0.547664
v -0.317718 -0.006908 0.546615
v -0.333139 -0.041184 0.547664
v -0.333139 -0.006908 0.546615
v -0.389526 -0.006908 0.546615
v -0.389526 0.134757 0.537985
v -0.536320 -0.006908 0.546596
v -0.536353 0.133594 0.537873
v -0.271423 -0.006908 0.546634
v -0.195280 -0.006908 0.546634
v -0.098157 -0.041184 0.547664
v -0.098157 -0.006908 0.546634
v -0.001067 -0.006908 0.546634
v -0.001034 0.134757 0.538116
v 0.075076 -0.006908 0.546634
v 0.075109 0.134757 0.538060
v 0.121371 0.132431 0.538172
v 0.114058 0.144512 0.537479
v 0.136791 0.137084 0.537873
v 0.131034 0.144512 0.537461
v 0.193179 0.134757 0.537985
v 0.183417 0.144423 0.537423
v 0.183417 0.687101 0.505654
v 0.136791 -0.006908 0.546615
v 0.121371 -0.006908 0.546615
v 0.075076 -0.041184 0.547664
v -0.001067 -0.041184 0.547664
v 0.340005 0.133594 0.537873
v 0.339972 -0.006908 0.546596
v 0.193179 -0.006908 0.546615
v 0.193179 -0.041184 0.547664
v 0.136791 -0.041184 0.547664
v 0.136791 -0.077338 0.547664
v 0.121371 -0.041184 0.547664
v -0.098157 1.257254 0.477367
v -0.098157 1.263697 0.477367
v -0.141573 1.275510 0.476281
v -0.136874 1.279985 0.476281
v -0.159674 1.323388 0.473454
v -0.153188 1.323209 0.473454
v -0.142500 1.362586 0.471133
v -0.137900 1.358021 0.471133
v -0.098157 1.381826 0.469991
v -0.098157 1.375383 0.469991
v -0.233964 0.009092 0.551791
v -0.233964 0.009450 0.560665
v -0.246770 -0.024826 0.554206
v -0.246770 -0.024378 0.563061
v -0.249285 -0.021604 0.569202
v -0.237439 0.009808 0.566937
v -0.243726 0.010076 0.571130
v -0.252925 0.032360 0.569071
v -0.253819 -0.016950 0.573040
v -0.280490 -0.034759 0.569969
v -0.246770 -0.024378 0.563061
v -0.280490 -0.038607 0.563904
v -0.280490 -0.039055 0.555049
v -0.280490 -0.028226 0.573676
v -0.311199 -0.021425 0.568472
v -0.280490 -0.038607 0.563904
v -0.313714 -0.024199 0.562331
v -0.313714 -0.024647 0.553476
v -0.306699 -0.016771 0.572309
v -0.322847 0.009718 0.565476
v -0.313714 -0.024199 0.562331
v -0.326322 0.009450 0.559167
v -0.326322 0.009002 0.550312
v -0.316593 0.009987 0.569651
v -0.311497 0.036834 0.563511
v -0.326322 0.009450 0.559167
v -0.313946 0.038893 0.557089
v -0.313946 0.038445 0.548197
v -0.285223 0.004528 0.573620
v -0.287175 0.009629 0.572927
v -0.307030 0.032718 0.568022
v -0.285322 0.013745 0.572384
v -0.280623 0.044531 0.567461
v -0.280623 0.015714 0.572122
v -0.252925 0.032360 0.569071
v -0.275957 0.013745 0.572384
v -0.243726 0.010076 0.571130
v -0.274071 0.009718 0.572927
v -0.253819 -0.016950 0.573040
v -0.276089 0.004438 0.573620
v -0.280490 -0.028226 0.573676
v -0.280325 0.002648 0.573863
v -0.280557 0.050437 0.562837
v -0.248359 0.036476 0.564578
v -0.245877 0.038445 0.558156
v -0.233964 0.009450 0.560665
v -0.233964 0.009092 0.551791
v -0.313946 0.038893 0.557089
v -0.280524 0.053569 0.556341
v -0.280524 0.053122 0.547429
v 0.183318 1.438922 0.391157
v 0.177593 1.428541 0.436499
v 0.184112 1.431852 0.390333
v 0.177593 1.421650 0.435338
v -0.000968 0.687459 0.485960
v 0.071304 0.687280 0.485735
v -0.000968 0.687459 0.506234
v 0.071304 0.687280 0.506010
v 0.114091 0.687191 0.505879
v 0.114885 0.687191 0.485604
v 0.130272 0.687191 0.485548
v 0.131034 0.687191 0.505822
v 0.183417 0.687101 0.505654
v -0.484598 0.017683 0.547355
v -0.484598 0.018130 0.556247
v -0.450282 0.032539 0.546325
v -0.450282 0.032986 0.555217
v -0.450348 0.029854 0.561732
v -0.482116 0.016072 0.562668
v -0.477616 0.011956 0.567161
v -0.486716 -0.010596 0.568603
v -0.455709 -0.010686 0.575642
v -0.453955 -0.014445 0.576147
v -0.454220 -0.007196 0.575174
v -0.450448 0.023947 0.566356
v -0.418945 0.015356 0.563174
v -0.450282 0.032986 0.555217
v -0.416397 0.017325 0.556734
v -0.416397 0.016878 0.547841
v -0.450812 -0.005764 0.574987
v -0.423578 0.011419 0.567648
v -0.408753 -0.010328 0.566038
v -0.416397 0.017325 0.556734
v -0.405278 -0.010686 0.559785
v -0.405278 -0.011133 0.550912
v -0.447668 -0.006748 0.575118
v -0.415073 -0.009970 0.570250
v -0.420136 -0.040755 0.568378
v -0.405278 -0.010686 0.559785
v -0.417588 -0.043529 0.562238
v -0.417588 -0.043977 0.553383
v -0.445815 -0.009791 0.575511
v -0.424670 -0.036191 0.572235
v -0.450216 -0.054000 0.569295
v -0.417588 -0.043529 0.562238
v -0.450183 -0.057938 0.563230
v -0.450183 -0.058385 0.554375
v -0.446775 -0.013729 0.576054
v -0.450249 -0.047467 0.573002
v -0.482215 -0.040129 0.567854
v -0.450183 -0.057938 0.563230
v -0.484730 -0.042903 0.561732
v -0.484730 -0.043350 0.552877
v -0.450382 -0.015608 0.576297
v -0.477715 -0.035475 0.571710
v -0.492970 -0.010954 0.564447
v -0.484730 -0.042903 0.561732
v -0.496445 -0.011223 0.558138
v -0.496445 -0.011670 0.549264
v -0.496445 -0.011223 0.558138
v -0.484598 0.018130 0.556247
v -0.484598 0.017683 0.547355
v 0.165184 1.439907 0.391513
v 0.169651 1.441339 0.393984
v 0.183318 1.438922 0.391157
v 0.178751 1.440891 0.393815
v 0.156845 1.374936 0.468437
v 0.156514 1.403752 0.465591
v 0.156514 1.373683 0.463363
v 0.155786 1.400172 0.460724
v 0.160187 1.429615 0.436892
v 0.159194 1.422724 0.435731
v -0.098157 -0.033864 0.555442
v -0.098157 -0.033417 0.564297
v -0.132208 -0.019546 0.554356
v -0.132208 -0.019098 0.563211
v -0.129660 -0.016324 0.569352
v -0.098157 -0.029569 0.570362
v -0.098157 -0.023036 0.574069
v -0.071188 -0.011760 0.573208
v -0.125160 -0.011760 0.573208
v -0.143194 0.019652 0.566693
v -0.132208 -0.019098 0.563211
v -0.146669 0.019383 0.560403
v -0.146669 0.018936 0.551529
v -0.136907 0.019741 0.570868
v -0.130851 0.047663 0.564522
v -0.146669 0.019383 0.560403
v -0.133300 0.049721 0.558100
v -0.133300 0.049363 0.549208
v -0.126384 0.043546 0.569033
v -0.098157 0.062071 0.563473
v -0.133300 0.049721 0.558100
v -0.098157 0.065203 0.556977
v -0.098157 0.064756 0.548066
v -0.098157 0.056075 0.568097
v -0.065496 0.047663 0.564522
v -0.098157 0.065203 0.556977
v -0.063047 0.049721 0.558100
v -0.063047 0.049363 0.549208
v -0.069963 0.043546 0.569033
v -0.053153 0.019652 0.566693
v -0.063047 0.049721 0.558100
v -0.049678 0.019383 0.560403
v -0.049678 0.018936 0.551529
v -0.059440 0.019741 0.570868
v -0.066687 -0.016324 0.569352
v -0.049678 0.019383 0.560403
v -0.064139 -0.019098 0.563211
v -0.064139 -0.019546 0.554356
v -0.064139 -0.019098 0.563211
v -0.098157 -0.033417 0.564297
v -0.098157 -0.033864 0.555442
v 0.183417 0.144423 0.537423
v 0.183417 0.687101 0.505654
v 0.183417 0.144423 0.517167
v 0.183417 0.687101 0.485398
v 0.084143 -0.039055 0.555049
v 0.084143 -0.038607 0.563904
v 0.050423 -0.024826 0.554206
v 0.050423 -0.024378 0.563061
v 0.052938 -0.021604 0.569202
v 0.084143 -0.034759 0.569969
v 0.084143 -0.028226 0.573676
v 0.110351 -0.016771 0.572309
v 0.057471 -0.016950 0.573040
v 0.041091 0.009808 0.566937
v 0.050423 -0.024378 0.563061
v 0.037617 0.009450 0.560665
v 0.037617 0.009092 0.551791
v 0.047379 0.010076 0.571130
v 0.052011 0.036476 0.564578
v 0.037617 0.009450 0.560665
v 0.049530 0.038445 0.558156
v 0.049530 0.037998 0.549264
v 0.056578 0.032360 0.569071
v 0.084209 0.050437 0.562837
v 0.049530 0.038445 0.558156
v 0.084176 0.053569 0.556341
v 0.084176 0.053122 0.547429
v 0.084275 0.044531 0.567461
v 0.115150 0.036834 0.563511
v 0.084176 0.053569 0.556341
v 0.117598 0.038893 0.557089
v 0.117598 0.038445 0.548197
v 0.110682 0.032718 0.568022
v 0.126500 0.009718 0.565476
v 0.117598 0.038893 0.557089
v 0.129975 0.009450 0.559167
v 0.129975 0.009002 0.550312
v 0.120246 0.009987 0.569651
v 0.114852 -0.021425 0.568472
v 0.129975 0.009450 0.559167
v 0.117367 -0.024199 0.562331
v 0.117367 -0.024647 0.553476
v 0.087982 0.012761 0.572515
v 0.089669 0.009629 0.572946
v 0.088015 0.005333 0.573508
v 0.084143 -0.028226 0.573676
v 0.083978 0.003722 0.573732
v 0.057471 -0.016950 0.573040
v 0.079940 0.005333 0.573508
v 0.047379 0.010076 0.571130
v 0.078319 0.009629 0.572946
v 0.056578 0.032360 0.569071
v 0.080371 0.013029 0.572478
v 0.084275 0.044531 0.567461
v 0.084275 0.014282 0.572309
v 0.117367 -0.024199 0.562331
v 0.084143 -0.038607 0.563904
v 0.084143 -0.039055 0.555049
v 0.288383 -0.043350 0.552877
v 0.288383 -0.042903 0.561732
v 0.253835 -0.058385 0.554375
v 0.253835 -0.057938 0.563230
v 0.253869 -0.054000 0.569295
v 0.285868 -0.040129 0.567854
v 0.281368 -0.035475 0.571710
v 0.290368 -0.010596 0.568603
v 0.260321 -0.010328 0.575604
v 0.258766 -0.006390 0.575061
v 0.258832 -0.014266 0.576110
v 0.253902 -0.047467 0.573002
v 0.223789 -0.040755 0.568378
v 0.253835 -0.057938 0.563230
v 0.221241 -0.043529 0.562238
v 0.221241 -0.043977 0.553383
v 0.253935 -0.016234 0.576372
v 0.228322 -0.036191 0.572235
v 0.212405 -0.010328 0.566038
v 0.221241 -0.043529 0.562238
v 0.208931 -0.010686 0.559785
v 0.208931 -0.011133 0.550912
v 0.249898 -0.014266 0.576110
v 0.218726 -0.009970 0.570250
v 0.222597 0.015356 0.563174
v 0.208931 -0.010686 0.559785
v 0.220049 0.017325 0.556734
v 0.220049 0.016878 0.547841
v 0.248409 -0.010686 0.575642
v 0.227230 0.011419 0.567648
v 0.254001 0.029854 0.561732
v 0.220049 0.017325 0.556734
v 0.253935 0.032986 0.555217
v 0.253935 0.032539 0.546325
v 0.249964 -0.006301 0.575061
v 0.254100 0.023947 0.566356
v 0.285769 0.016072 0.562668
v 0.253935 0.032986 0.555217
v 0.288251 0.018130 0.556247
v 0.288251 0.017683 0.547355
v 0.254497 -0.004421 0.574799
v 0.281268 0.011956 0.567161
v 0.296623 -0.010954 0.564447
v 0.288251 0.018130 0.556247
v 0.300097 -0.011223 0.558138
v 0.300097 -0.011670 0.549264
v 0.300097 -0.011223 0.558138
v 0.288383 -0.042903 0.561732
v 0.288383 -0.043350 0.552877
v 0.443978 1.414670 -0.028078
v 0.443978 1.414759 0.047666
v 0.443978 1.345314 -0.024372
v 0.443978 1.345851 0.051523
v 0.443978 1.267366 -0.020178
v 0.443978 1.268440 0.055866
v 0.443978 0.811763 0.004234
v 0.443978 0.816059 0.081177
v 0.443978 0.719229 0.009195
v 0.443978 0.724151 0.086325
v 0.443978 0.129030 0.038606
v 0.443978 0.137800 0.116821
v 0.443978 -0.017737 0.046225
v 0.443978 -0.010935 0.124740
v 0.443978 -0.045300 0.126893
v 0.443978 -0.045300 0.175418
v 0.443978 -0.084408 0.128990
v 0.443978 -0.084408 0.177365
v 0.440868 -0.118683 0.178975
v 0.366478 -0.111793 0.473828
v 0.171934 -1.282078 0.419145
v 0.164886 -1.269996 0.449267
v 0.146884 -1.312952 0.447675
v 0.443978 1.414759 0.096397
v 0.443978 1.345851 0.100253
v 0.443978 1.268440 0.104578
v 0.443978 0.816059 0.129907
v 0.443978 0.724151 0.135055
v 0.443978 0.137800 0.165571
v 0.443978 -0.010935 0.173639
v 0.369324 -0.042347 0.474259
v 0.369324 -0.077607 0.474521
v 0.357081 -0.076443 0.523158
v 0.354301 -0.110719 0.522091
v 0.369324 -0.008072 0.473080
v 0.369324 0.134578 0.464412
v 0.369324 0.699988 0.431426
v 0.369324 0.788406 0.425865
v 0.369324 1.223426 0.398496
v 0.369324 1.297883 0.393815
v 0.369324 1.364107 0.389641
v 0.357081 1.290008 0.441872
v 0.357081 1.216088 0.446608
v 0.357081 0.783842 0.474315
v 0.357081 0.696050 0.479950
v 0.357081 0.134042 0.513330
v 0.357081 -0.007535 0.522110
v 0.357081 -0.041899 0.523158
v 0.156845 1.374936 0.468437
v 0.160783 1.377352 0.470365
v 0.156514 1.403752 0.465591
v 0.161279 1.404289 0.467669
v -0.450150 1.232733 0.476299
v -0.450150 1.232733 0.471488
v -0.408124 1.251168 0.475307
v -0.408124 1.251168 0.470477
v 0.153469 -1.325302 0.418059
v 0.215086 -1.356266 0.235044
v 0.215086 -1.361904 0.186632
v 0.440901 -0.118683 0.129963
v 0.215086 -1.381324 0.022450
v 0.440438 -0.131302 -0.043654
v 0.443978 -0.098190 -0.028003
v 0.443978 -0.051654 0.030237
v -0.000968 0.687459 0.485960
v -0.000968 0.687459 0.506234
v -0.098157 0.687459 0.485960
v -0.098157 0.687459 0.506234
v -0.195380 0.687459 0.506234
v 0.193642 -1.400654 0.237066
v 0.193642 -1.406382 0.188653
v -0.053848 1.362586 0.471133
v -0.036673 1.323388 0.473454
v -0.053848 1.362586 0.466303
v -0.036673 1.323388 0.468624
v -0.036673 1.323388 0.473454
v -0.054774 1.275510 0.476281
v -0.036673 1.323388 0.468624
v -0.054774 1.275510 0.471470
v -0.054774 1.275510 0.476281
v -0.098157 1.257254 0.477367
v -0.054774 1.275510 0.471470
v -0.098157 1.257254 0.472537
v 0.084209 1.252063 0.476973
v 0.041058 1.270230 0.476131
v 0.084209 1.252063 0.472143
v 0.041058 1.270230 0.471320
v 0.041058 1.270230 0.476131
v 0.024612 1.313276 0.473716
v 0.041058 1.270230 0.471320
v 0.024612 1.313276 0.468905
v 0.040231 1.351220 0.471189
v 0.084209 1.370282 0.469354
v 0.040231 1.351220 0.466377
v 0.084209 1.370282 0.464543
v 0.024612 1.313276 0.473716
v 0.040231 1.351220 0.471189
v 0.024612 1.313276 0.468905
v 0.040231 1.351220 0.466377
v 0.084209 1.370282 0.469354
v 0.126864 1.351668 0.470122
v 0.084209 1.370282 0.464543
v 0.126864 1.351668 0.465310
v 0.126864 1.351668 0.470122
v 0.142979 1.313276 0.472218
v 0.126864 1.351668 0.465310
v 0.142979 1.313276 0.467407
v 0.142979 1.313276 0.472218
v 0.126798 1.270499 0.475401
v 0.142979 1.313276 0.467407
v 0.126798 1.270499 0.470590
v 0.126798 1.270499 0.475401
v 0.084209 1.252063 0.476973
v 0.126798 1.270499 0.470590
v 0.084209 1.252063 0.472143
v -0.137900 1.358021 0.471133
v -0.137900 1.358021 0.466490
v -0.098157 1.375383 0.469991
v -0.098157 1.375383 0.465348
v -0.153188 1.323209 0.473454
v -0.153188 1.323209 0.468811
v -0.137900 1.358021 0.471133
v -0.137900 1.358021 0.466490
v 0.297814 1.251795 0.474783
v 0.253802 1.232733 0.476299
v 0.297814 1.251795 0.469972
v 0.253802 1.232733 0.471488
v 0.313102 1.292603 0.471189
v 0.297814 1.251795 0.474783
v 0.313102 1.292603 0.466377
v 0.297814 1.251795 0.469972
v 0.253769 1.349699 0.468250
v 0.297549 1.330905 0.469260
v 0.253769 1.349699 0.463438
v 0.297549 1.330905 0.464449
v 0.297549 1.330905 0.469260
v 0.313102 1.292603 0.471189
v 0.297549 1.330905 0.464449
v 0.313102 1.292603 0.466377
v 0.195926 1.293140 0.472836
v 0.210618 1.330011 0.469766
v 0.195926 1.293140 0.468025
v 0.210618 1.330011 0.464955
v 0.210618 1.330011 0.469766
v 0.253769 1.349699 0.468250
v 0.210618 1.330011 0.464955
v 0.253769 1.349699 0.463438
v 0.211776 1.251168 0.475307
v 0.195926 1.293140 0.472836
v 0.211776 1.251168 0.470477
v 0.195926 1.293140 0.468025
v 0.253802 1.232733 0.476299
v 0.211776 1.251168 0.475307
v 0.253802 1.232733 0.471488
v 0.211776 1.251168 0.470477
v -0.136874 1.279985 0.476281
v -0.136874 1.279985 0.471638
v -0.153188 1.323209 0.473454
v -0.153188 1.323209 0.468811
v -0.098157 1.375383 0.469991
v -0.058448 1.358021 0.471133
v -0.098157 1.381826 0.469991
v -0.053848 1.362586 0.471133
v -0.043159 1.323209 0.473454
v -0.036673 1.323388 0.473454
v -0.059473 1.279985 0.476281
v -0.054774 1.275510 0.476281
v -0.098157 1.263697 0.477367
v -0.098157 1.257254 0.477367
v -0.098157 1.263697 0.477367
v -0.098157 1.263697 0.472724
v -0.136874 1.279985 0.476281
v -0.136874 1.279985 0.471638
v -0.242071 1.274794 0.476131
v -0.242071 1.274794 0.471488
v -0.280524 1.258596 0.476973
v -0.280524 1.258596 0.472331
v -0.227445 1.313186 0.473716
v -0.227445 1.313186 0.469073
v -0.242071 1.274794 0.476131
v -0.242071 1.274794 0.471488
v -0.280557 1.363749 0.469354
v -0.280557 1.363749 0.464711
v -0.241211 1.346656 0.471189
v -0.241211 1.346656 0.466546
v -0.098157 1.375383 0.465348
v -0.058448 1.358021 0.466490
v -0.098157 1.375383 0.469991
v -0.058448 1.358021 0.471133
v -0.058448 1.358021 0.466490
v -0.043159 1.323209 0.468811
v -0.058448 1.358021 0.471133
v -0.043159 1.323209 0.473454
v -0.241211 1.346656 0.471189
v -0.241211 1.346656 0.466546
v -0.227445 1.313186 0.473716
v -0.227445 1.313186 0.469073
v -0.043159 1.323209 0.468811
v -0.059473 1.279985 0.471638
v -0.043159 1.323209 0.473454
v -0.059473 1.279985 0.476281
v -0.059473 1.279985 0.471638
v -0.098157 1.263697 0.472724
v -0.059473 1.279985 0.476281
v -0.098157 1.263697 0.477367
v -0.098157 1.381826 0.469991
v -0.053848 1.362586 0.471133
v -0.098157 1.381826 0.465179
v -0.053848 1.362586 0.466303
v 0.084176 1.258596 0.472331
v 0.045724 1.274794 0.471488
v 0.084176 1.258596 0.476973
v 0.045724 1.274794 0.476131
v 0.045724 1.274794 0.471488
v 0.031098 1.313186 0.469073
v 0.045724 1.274794 0.476131
v 0.031098 1.313186 0.473716
v 0.044864 1.346656 0.466546
v 0.084209 1.363749 0.464711
v 0.044864 1.346656 0.471189
v 0.084209 1.363749 0.469354
v 0.031098 1.313186 0.469073
v 0.044864 1.346656 0.466546
v 0.031098 1.313186 0.473716
v 0.044864 1.346656 0.471189
v 0.084209 1.363749 0.464711
v 0.122231 1.347104 0.465479
v 0.084209 1.363749 0.469354
v 0.122231 1.347104 0.470122
v 0.122231 1.347104 0.465479
v 0.136460 1.313186 0.467594
v 0.122231 1.347104 0.470122
v 0.136460 1.313186 0.472218
v 0.136460 1.313186 0.467594
v 0.122066 1.274973 0.470758
v 0.136460 1.313186 0.472218
v 0.122066 1.274973 0.475401
v 0.122066 1.274973 0.470758
v 0.084176 1.258596 0.472331
v 0.122066 1.274973 0.475401
v 0.084176 1.258596 0.476973
v -0.318579 1.347104 0.465479
v -0.318579 1.347104 0.470122
v -0.332808 1.313186 0.467594
v -0.332808 1.313186 0.472218
v 0.293082 1.256269 0.470159
v 0.253802 1.239266 0.471657
v 0.293082 1.256269 0.474783
v 0.253802 1.239266 0.476299
v 0.306583 1.292514 0.466546
v 0.293082 1.256269 0.470159
v 0.306583 1.292514 0.471189
v 0.293082 1.256269 0.474783
v 0.253869 1.343166 0.463607
v 0.292916 1.326341 0.464636
v 0.253869 1.343166 0.468250
v 0.292916 1.326341 0.469260
v 0.292916 1.326341 0.464636
v 0.306583 1.292514 0.466546
v 0.292916 1.326341 0.469260
v 0.306583 1.292514 0.471189
v -0.332808 1.313186 0.467594
v -0.332808 1.313186 0.472218
v -0.318413 1.274973 0.470758
v -0.318413 1.274973 0.475401
v 0.215317 1.325447 0.469766
v 0.202445 1.293051 0.472836
v 0.215317 1.325447 0.465123
v 0.202445 1.293051 0.468193
v -0.280524 1.258596 0.476973
v -0.280524 1.258596 0.472331
v -0.318413 1.274973 0.475401
v -0.318413 1.274973 0.470758
v 0.253869 1.343166 0.468250
v 0.215317 1.325447 0.469766
v 0.253869 1.343166 0.463607
v 0.215317 1.325447 0.465123
v 0.202445 1.293051 0.472836
v 0.216508 1.255643 0.475307
v 0.202445 1.293051 0.468193
v 0.216508 1.255643 0.470665
v -0.450150 1.239266 0.476299
v -0.450150 1.239266 0.471657
v -0.489429 1.256269 0.474783
v -0.489429 1.256269 0.470159
v 0.216508 1.255643 0.475307
v 0.253802 1.239266 0.476299
v 0.216508 1.255643 0.470665
v 0.253802 1.239266 0.471657
v -0.098157 1.263697 0.472724
v -0.059473 1.279985 0.471638
v -0.098157 1.270230 0.472724
v -0.064139 1.284549 0.471638
v -0.043159 1.323209 0.468811
v -0.049678 1.323030 0.468811
v -0.058448 1.358021 0.466490
v -0.063047 1.353457 0.466490
v -0.098157 1.375383 0.465348
v -0.098157 1.368850 0.465348
v -0.502931 1.292514 0.466546
v -0.502931 1.292514 0.471189
v -0.489429 1.256269 0.470159
v -0.489429 1.256269 0.474783
v -0.450216 1.343166 0.463607
v -0.450216 1.343166 0.468250
v -0.489264 1.326341 0.464636
v -0.489264 1.326341 0.469260
v -0.280557 1.363749 0.464711
v -0.280557 1.363749 0.469354
v -0.318579 1.347104 0.465479
v -0.318579 1.347104 0.470122
v -0.489264 1.326341 0.464636
v -0.489264 1.326341 0.469260
v -0.502931 1.292514 0.466546
v -0.502931 1.292514 0.471189
v -0.411665 1.325447 0.469766
v -0.411665 1.325447 0.465123
v -0.398792 1.293051 0.472836
v -0.398792 1.293051 0.468193
v 0.160187 1.429615 0.436892
v 0.165184 1.439907 0.391513
v 0.159194 1.422724 0.435731
v 0.164952 1.432926 0.390708
v 0.160783 1.377352 0.470365
v 0.156845 1.374936 0.468437
v 0.169850 1.377620 0.470290
v 0.174946 1.375383 0.468287
v -0.412856 1.255643 0.475307
v -0.412856 1.255643 0.470665
v -0.450150 1.239266 0.476299
v -0.450150 1.239266 0.471657
v -0.098157 1.368850 0.465348
v -0.098157 1.375383 0.465348
v -0.133300 1.353457 0.466490
v -0.137900 1.358021 0.466490
v -0.146669 1.323030 0.468811
v -0.153188 1.323209 0.468811
v -0.132208 1.284549 0.471638
v -0.136874 1.279985 0.471638
v -0.098157 1.270230 0.472724
v -0.098157 1.263697 0.472724
v -0.450216 1.343166 0.468250
v -0.450216 1.343166 0.463607
v -0.411665 1.325447 0.469766
v -0.411665 1.325447 0.465123
v -0.049678 1.270051 0.462015
v -0.032206 1.316229 0.459282
v -0.049678 1.270588 0.471750
v -0.032206 1.316766 0.469017
v -0.032206 1.316229 0.459282
v -0.002225 1.315692 0.459320
v -0.032206 1.316766 0.469017
v -0.002093 1.316229 0.469073
v 0.019449 1.307638 0.459526
v 0.019582 1.308264 0.469260
v -0.049678 1.270588 0.471750
v -0.098157 1.250184 0.472967
v -0.049678 1.270051 0.462015
v -0.098157 1.249647 0.463214
v 0.035896 1.264771 0.461903
v 0.084110 1.244457 0.462783
v 0.035962 1.265308 0.471638
v 0.084242 1.244993 0.472518
v 0.019449 1.307638 0.459526
v 0.035896 1.264771 0.461903
v 0.019582 1.308264 0.469260
v 0.035962 1.265308 0.471638
v 0.131728 1.264950 0.461023
v 0.146322 1.304416 0.458122
v 0.131894 1.265577 0.470758
v 0.146520 1.305043 0.467875
v 0.084110 1.244457 0.462783
v 0.131728 1.264950 0.461023
v 0.084242 1.244993 0.472518
v 0.131894 1.265577 0.470758
v 0.190796 1.287412 0.458646
v 0.206581 1.245799 0.461061
v 0.190929 1.287950 0.468399
v 0.206680 1.246336 0.470814
v 0.206581 1.245799 0.461061
v 0.246423 1.228348 0.461997
v 0.206680 1.246336 0.470814
v 0.246489 1.228885 0.471750
v 0.246423 1.228348 0.461997
v 0.244735 1.218862 0.462203
v 0.246489 1.228885 0.471750
v 0.244802 1.219399 0.471956
v 0.246919 0.790822 0.489385
v 0.246986 0.791449 0.499120
v -0.596414 1.440801 -0.050918
v -0.519675 1.451720 -0.050918
v -0.622324 1.406526 -0.049326
v -0.533507 1.410285 -0.048896
v -0.533507 1.341555 -0.045227
v -0.420765 1.412433 -0.048390
v -0.420765 1.343076 -0.044721
v -0.405377 1.343256 -0.044646
v -0.405377 1.266203 -0.040584
v -0.320663 1.344150 -0.044272
v -0.320663 1.266829 -0.040209
v -0.214010 1.267187 -0.039760
v -0.213944 0.815253 -0.016247
v -0.098157 1.267187 -0.039760
v -0.098157 0.815253 -0.016247
v 0.017596 0.815253 -0.016247
v -0.098157 0.723435 -0.011473
v 0.017596 0.723435 -0.011473
v 0.017497 0.137621 0.016852
v 0.108200 0.723614 -0.011697
v 0.108167 0.137621 0.016796
v 0.164754 0.137711 0.016777
v 0.164754 -0.008787 0.024209
v 0.180141 0.137711 0.016758
v 0.180141 -0.008787 0.024209
v 0.248773 -0.008787 0.024209
v 0.248773 -0.040199 0.010131
v 0.426043 -0.040199 0.010131
v 0.248773 -0.089599 -0.051648
v 0.426043 -0.089599 -0.051723
v 0.422668 -0.120921 -0.065763
v -0.413385 1.463622 -0.050936
v -0.405377 1.411359 -0.048241
v -0.320663 1.412970 -0.047866
v -0.214043 1.344508 -0.043785
v -0.098157 1.344508 -0.043785
v 0.017663 1.267187 -0.039760
v 0.124316 1.266829 -0.040209
v 0.110947 0.815253 -0.016509
v 0.172232 0.815164 -0.016677
v 0.164787 0.723972 -0.011847
v 0.180174 0.723345 -0.011847
v 0.248773 0.137711 0.016721
v 0.426043 0.136816 0.016627
v 0.426043 -0.008787 0.024191
v -0.397832 1.465322 -0.050936
v -0.317354 1.474003 -0.050936
v -0.214043 1.413417 -0.047361
v -0.098157 1.413417 -0.047361
v 0.017696 1.344508 -0.043785
v 0.124316 1.344150 -0.044272
v 0.209030 1.266203 -0.040584
v 0.224417 1.265577 -0.040640
v 0.187686 0.815164 -0.016715
v 0.271572 0.814985 -0.016939
v 0.264226 0.723703 -0.012034
v 0.426010 0.720034 -0.012465
v -0.213348 1.484563 -0.050955
v -0.098157 1.484563 -0.050955
v 0.017696 1.413417 -0.047361
v 0.124316 1.412970 -0.047866
v 0.209030 1.343256 -0.044646
v 0.224417 1.343076 -0.044721
v 0.337160 1.264413 -0.041127
v 0.425977 1.261102 -0.041520
v 0.426010 0.811316 -0.017370
v 0.017001 1.484563 -0.050955
v 0.121007 1.474003 -0.050936
v 0.209030 1.411359 -0.048241
v 0.224417 1.412433 -0.048390
v 0.337160 1.341555 -0.045227
v 0.425977 1.337976 -0.045657
v 0.201485 1.465322 -0.050936
v 0.217038 1.463622 -0.050936
v 0.337160 1.410285 -0.048896
v 0.425977 1.406526 -0.049326
v 0.323327 1.451720 -0.050918
v -0.622324 1.337976 -0.045657
v -0.533507 1.264413 -0.041127
v -0.622324 1.261102 -0.041520
v -0.467920 0.814985 -0.016939
v -0.622357 0.811316 -0.017370
v -0.460574 0.723703 -0.012034
v -0.622357 0.720034 -0.012465
v -0.445120 0.137711 0.016721
v -0.622390 0.136816 0.016627
v -0.445120 -0.008787 0.024209
v -0.622390 -0.008787 0.024191
v -0.622390 -0.040199 0.010131
v -0.376522 0.723345 -0.011847
v -0.384033 0.815164 -0.016715
v -0.361134 0.723972 -0.011847
v -0.368580 0.815164 -0.016677
v -0.304548 0.723614 -0.011697
v -0.307294 0.815253 -0.016509
v -0.213944 0.723435 -0.011473
v -0.213845 0.137621 0.016852
v -0.098157 0.137621 0.016852
v 0.017464 -0.008787 0.024228
v 0.108134 -0.008787 0.024228
v 0.164754 -0.040199 0.010131
v 0.180141 -0.040199 0.010131
v 0.108134 -0.040199 0.010131
v 0.164754 -0.089599 -0.051666
v 0.180141 -0.089599 -0.051666
v 0.246555 -0.120921 -0.065763
v 0.102277 -1.373180 0.000771
v 0.204463 -1.374701 0.000303
v 0.102277 -1.406113 0.001950
v 0.189274 -1.406292 0.001969
v 0.017464 -0.040110 0.010131
v -0.098157 -0.008787 0.024228
v -0.213811 -0.008787 0.024228
v -0.304515 0.137621 0.016796
v -0.361101 0.137711 0.016777
v 0.017464 -0.089599 -0.051685
v -0.098157 -0.040110 0.010131
v -0.213811 -0.040110 0.010131
v -0.304482 -0.040199 0.010131
v -0.304482 -0.008787 0.024228
v -0.361101 -0.040199 0.010131
v -0.361101 -0.008787 0.024209
v -0.376489 -0.008787 0.024209
v -0.376489 0.137711 0.016758
v 0.339939 -0.041184 0.547664
v 0.339939 -0.077159 0.547664
v 0.193179 -0.077159 0.547664
v 0.191359 -0.111524 0.546559
v 0.337226 -0.111435 0.546578
v -0.640326 1.414670 -0.028078
v -0.640326 1.414759 0.047666
v -0.605547 1.461743 -0.030025
v -0.605514 1.461743 0.045401
v -0.640326 1.414759 0.096397
v -0.605514 1.461743 0.094113
v -0.565672 1.364107 0.389641
v -0.535658 1.409390 0.387469
v -0.553428 1.355874 0.437641
v -0.524241 1.400799 0.435469
v 0.177593 1.428541 0.436499
v 0.173721 1.430779 0.437603
v 0.174317 1.401604 0.465591
v 0.170147 1.403215 0.467707
v 0.174946 1.375383 0.468287
v 0.169850 1.377620 0.470290
v -0.515902 1.379142 0.460799
v -0.536651 1.347193 0.462558
v -0.451738 1.389612 0.460780
v -0.447668 1.359811 0.463064
v -0.376422 1.371624 0.463401
v -0.450117 1.349699 0.463438
v -0.406966 1.330011 0.464955
v -0.493897 1.330905 0.464449
v -0.509450 1.292603 0.466377
v -0.536651 1.281775 0.466752
v -0.494161 1.251795 0.469972
v -0.536618 1.208391 0.471470
v -0.450150 1.232733 0.471488
v -0.447635 1.218862 0.471938
v -0.441149 1.219399 0.471956
v -0.443333 0.791449 0.499120
v -0.536518 0.779188 0.499045
v -0.449753 0.784916 0.499476
v -0.339492 0.792970 0.499307
v -0.536485 0.692023 0.504643
v -0.389526 0.696856 0.505074
v -0.333006 0.694350 0.505392
v -0.327381 0.687191 0.505822
v -0.317917 0.699540 0.505130
v -0.310438 0.687191 0.505879
v -0.267651 0.687280 0.506010
v -0.271490 0.697035 0.505429
v -0.323973 0.786885 0.499738
v -0.339360 0.786258 0.499719
v -0.324072 0.793239 0.499345
v -0.273872 0.794491 0.499532
v -0.273740 0.787959 0.499925
v -0.195479 0.796102 0.499813
v -0.379765 0.144423 0.537423
v -0.327381 0.144512 0.537461
v -0.379765 0.687101 0.505654
v -0.376919 1.398114 0.460761
v -0.371955 1.374220 0.463195
v -0.370962 1.398024 0.460817
v -0.352861 1.373683 0.463363
v -0.349685 1.370193 0.463719
v -0.352133 1.400172 0.460724
v -0.349718 1.400083 0.460761
v -0.369870 1.302089 0.467707
v -0.392273 1.293140 0.468025
v -0.387276 1.287950 0.468399
v -0.367124 1.294930 0.468212
v -0.354483 1.304953 0.467725
v -0.352795 1.300657 0.468025
v -0.339327 1.313276 0.467407
v -0.342868 1.305043 0.467875
v -0.323145 1.270499 0.470590
v -0.328241 1.265577 0.470758
v -0.280557 1.252063 0.472143
v -0.280590 1.244993 0.472518
v -0.237406 1.270230 0.471320
v -0.232310 1.265308 0.471638
v -0.220959 1.313276 0.468905
v -0.215929 1.308264 0.469260
v -0.195479 1.322762 0.468661
v -0.194254 1.316229 0.469073
v -0.159674 1.323388 0.468624
v -0.164141 1.316766 0.469017
v -0.141573 1.275510 0.471470
v -0.146669 1.270588 0.471750
v -0.098157 1.257254 0.472537
v -0.098157 1.250184 0.472967
v -0.049678 1.270588 0.471750
v -0.236578 1.351220 0.466377
v -0.195479 1.392118 0.464561
v -0.280557 1.370282 0.464543
v -0.284859 1.380842 0.464037
v -0.323211 1.351668 0.465310
v -0.142500 1.362586 0.466303
v -0.098157 1.392118 0.464561
v -0.098157 1.381826 0.465179
v -0.053848 1.362586 0.466303
v -0.194817 1.421024 0.460742
v -0.282112 1.411001 0.460742
v -0.276089 0.004438 0.573620
v -0.274071 0.009718 0.572927
v -0.280325 0.002648 0.573863
v -0.280490 0.009629 0.572927
v -0.287175 0.009629 0.572927
v -0.280623 0.015714 0.572122
v -0.285322 0.013745 0.572384
v -0.275957 0.013745 0.572384
v -0.098157 1.421024 0.460742
v -0.001530 1.421024 0.460742
v -0.000869 1.392118 0.464561
v -0.036673 1.323388 0.468624
v -0.000869 1.322762 0.468661
v -0.002093 1.316229 0.469073
v 0.019582 1.308264 0.469260
v -0.032206 1.316766 0.469017
v -0.054774 1.275510 0.471470
v -0.379765 0.144423 0.517167
v -0.326587 0.144512 0.517186
v -0.379765 0.687101 0.485398
v -0.326620 0.687191 0.485548
v -0.311232 0.687191 0.485604
v -0.311199 0.144512 0.517205
v -0.267618 0.144512 0.517223
v -0.267651 0.687280 0.485735
v -0.195380 0.687459 0.485960
v -0.195313 0.144512 0.517280
v -0.098157 0.144512 0.517280
v -0.098157 0.687459 0.485960
v -0.000968 0.687459 0.485960
v -0.001034 0.144512 0.517280
v 0.071271 0.144512 0.517223
v 0.071304 0.687280 0.485735
v 0.114885 0.687191 0.485604
v 0.114852 0.144512 0.517205
v 0.130239 0.144512 0.517186
v 0.130272 0.687191 0.485548
v 0.183417 0.687101 0.485398
v 0.174946 1.375383 0.468287
v 0.156845 1.374936 0.468437
v 0.175608 1.374220 0.463195
v 0.156514 1.373683 0.463363
v 0.160783 1.377352 0.470365
v 0.169850 1.377620 0.470290
v 0.161279 1.404289 0.467669
v 0.170147 1.403215 0.467707
v -0.379765 0.144423 0.517167
v -0.379765 0.144423 0.537423
v -0.326587 0.144512 0.517186
v -0.327381 0.144512 0.537461
v -0.311199 0.144512 0.517205
v -0.310405 0.144512 0.537479
v -0.267618 0.144512 0.537498
v -0.267618 0.144512 0.517223
v -0.195313 0.144512 0.537554
v -0.195313 0.144512 0.517280
v -0.342669 1.304416 0.458122
v -0.342868 1.305043 0.467875
v -0.352696 1.300031 0.458290
v -0.352795 1.300657 0.468025
v -0.366991 1.294393 0.458477
v -0.367124 1.294930 0.468212
v -0.387144 1.287412 0.458646
v -0.387276 1.287950 0.468399
v -0.390023 -1.425712 0.025127
v -0.298625 -1.425712 0.025239
v -0.389990 -1.406382 0.188653
v -0.298625 -1.406382 0.188653
v -0.389990 -1.400654 0.237066
v -0.298625 -1.400654 0.237066
v -0.271026 -1.325302 0.418321
v -0.262257 -1.400654 0.237066
v -0.240715 -1.325302 0.418321
v -0.225294 -1.325302 0.418321
v -0.221753 -1.312952 0.447975
v -0.198292 -1.312952 0.447975
v -0.262224 -1.425712 0.025239
v -0.262224 -1.406382 0.188653
v -0.246837 -1.406382 0.188653
v -0.246804 -1.400654 0.237066
v -0.217385 -1.406382 0.188653
v -0.217385 -1.400654 0.237066
v -0.200972 -1.325302 0.418321
v -0.154280 -1.312952 0.447975
v -0.155802 -1.325302 0.418321
v -0.165002 -1.400654 0.237066
v -0.165002 -1.406382 0.188653
v -0.217385 -1.425712 0.025239
v -0.165002 -1.425712 0.025239
v -0.098157 -1.425712 0.025239
v -0.098157 -1.406382 0.188653
v -0.098157 -1.400654 0.237066
v -0.098157 -1.325302 0.418321
v -0.098157 -1.312952 0.447975
v -0.040545 -1.325302 0.418321
v -0.042067 -1.312952 0.447975
v 0.004625 -1.325302 0.418321
v 0.001944 -1.312952 0.447975
v 0.028947 -1.325302 0.418321
v 0.025406 -1.312952 0.447975
v 0.044367 -1.325302 0.418321
v 0.040860 -1.312952 0.447975
v 0.074679 -1.325302 0.418321
v 0.070145 -1.312952 0.447975
v 0.153469 -1.325302 0.418059
v 0.146884 -1.312952 0.447675
v 0.065910 -1.400654 0.237066
v 0.050456 -1.400654 0.237066
v 0.021038 -1.400654 0.237066
v 0.021038 -1.406382 0.188653
v -0.031346 -1.400654 0.237066
v -0.031346 -1.406382 0.188653
v -0.031346 -1.425712 0.025239
v 0.021038 -1.425712 0.025239
v 0.050489 -1.406382 0.188653
v 0.065877 -1.406382 0.188653
v 0.102277 -1.400654 0.237066
v 0.193642 -1.400654 0.237066
v 0.050489 -1.425712 0.025239
v 0.065877 -1.425712 0.025239
v 0.102277 -1.406382 0.188653
v 0.102277 -1.425712 0.025239
v 0.193642 -1.406382 0.188653
v 0.409199 1.461743 -0.030025
v 0.328787 1.473198 -0.029988
v 0.409166 1.461743 0.045401
v 0.328787 1.473198 0.045401
v 0.328787 1.473198 0.094113
v 0.220215 1.485368 0.094113
v 0.269984 1.420487 0.387488
v 0.186792 1.432031 0.387506
v 0.182457 1.421203 0.435525
v 0.177593 1.421650 0.435338
v 0.409166 1.461743 0.094113
v 0.339310 1.409390 0.387469
v 0.327894 1.400799 0.435469
v 0.260388 1.411806 0.435525
v -0.093293 0.014372 0.572291
v -0.091440 0.018757 0.571710
v -0.098190 0.012403 0.572572
v -0.098190 0.018757 0.571710
v -0.102757 0.014372 0.572309
v -0.104643 0.018757 0.571710
v -0.098190 0.025558 0.570812
v -0.093326 0.023589 0.571074
v 0.173721 1.430779 0.437603
v 0.165217 1.431315 0.437791
v 0.170147 1.403215 0.467707
v 0.161279 1.404289 0.467669
v 0.155786 1.400172 0.460724
v 0.159194 1.422724 0.435731
v 0.153370 1.400083 0.460761
v 0.155852 1.423172 0.435525
v 0.085765 1.411001 0.460742
v 0.087386 1.433553 0.435544
v -0.001530 1.421024 0.460742
v -0.000869 1.443844 0.435544
v -0.098157 1.421024 0.460742
v -0.098157 1.443844 0.435544
v -0.195479 1.443844 0.435544
v -0.194817 1.421024 0.460742
v -0.283733 1.433553 0.435544
v -0.282112 1.411001 0.460742
v -0.352199 1.423172 0.435525
v -0.349718 1.400083 0.460761
v -0.355542 1.422724 0.435731
v -0.352133 1.400172 0.460724
v -0.446775 -0.013729 0.576054
v -0.445815 -0.009791 0.575511
v -0.450382 -0.015608 0.576297
v -0.450613 -0.010238 0.575586
v -0.453955 -0.014445 0.576147
v -0.455709 -0.010686 0.575642
v -0.450812 -0.005764 0.574987
v -0.447668 -0.006748 0.575118
v -0.403028 1.246336 0.470814
v -0.402929 1.245799 0.461061
v -0.387276 1.287950 0.468399
v -0.387144 1.287412 0.458646
v -0.352861 1.403752 0.465591
v -0.356534 1.429615 0.436892
v -0.357626 1.404289 0.467669
v -0.361564 1.431315 0.437791
v 0.183318 1.438922 0.391157
v 0.178751 1.440891 0.393815
v 0.177593 1.428541 0.436499
v 0.173721 1.430779 0.437603
v -0.349817 -1.325302 0.418059
v -0.266493 -1.312952 0.447975
v -0.343232 -1.312952 0.447675
v -0.237207 -1.312952 0.447975
v -0.353192 1.374936 0.468437
v -0.352861 1.373683 0.463363
v -0.352861 1.403752 0.465591
v -0.352133 1.400172 0.460724
v -0.356534 1.429615 0.436892
v -0.355542 1.422724 0.435731
v 0.190929 1.287950 0.468399
v 0.170776 1.294930 0.468212
v 0.190796 1.287412 0.458646
v 0.170644 1.294393 0.458477
v 0.156448 1.300657 0.468025
v 0.156348 1.300031 0.458290
v 0.146520 1.305043 0.467875
v 0.146322 1.304416 0.458122
v -0.380459 1.431852 0.390333
v -0.379665 1.438922 0.391157
v -0.361300 1.432926 0.390708
v -0.361531 1.439907 0.391513
v 0.184112 1.431852 0.390333
v 0.160187 1.433911 0.387506
v 0.164952 1.432926 0.390708
v 0.155852 1.423172 0.435525
v 0.159194 1.422724 0.435731
v 0.204860 1.487069 0.094113
v 0.204893 1.487069 0.045401
v 0.220182 1.485368 0.045401
v 0.204893 1.487069 -0.029969
v 0.220182 1.485368 -0.029969
v -0.442837 1.228885 0.471750
v -0.408124 1.251168 0.470477
v -0.403028 1.246336 0.470814
v 0.087386 1.433553 0.435544
v 0.092383 1.442323 0.387525
v 0.001746 1.452615 0.387525
v 0.017729 1.506668 0.094113
v -0.098157 1.506668 0.094113
v 0.017729 1.506668 0.045401
v -0.098157 1.506668 0.045401
v 0.017729 1.506668 -0.029969
v -0.098157 1.506668 -0.029969
v 0.122827 1.495929 0.045401
v 0.122827 1.495929 0.094113
v -0.375099 1.440891 0.393815
v -0.370069 1.430779 0.437603
v -0.365999 1.441339 0.393984
v -0.361564 1.431315 0.437791
v 0.122827 1.495929 -0.029969
v -0.214076 1.506668 -0.029969
v -0.214076 1.506668 0.045401
v -0.214076 1.506668 0.094113
v -0.198093 1.452615 0.387525
v -0.288730 1.442323 0.387525
v -0.283733 1.433553 0.435544
v -0.356534 1.433911 0.387506
v -0.352199 1.423172 0.435525
v -0.361300 1.432926 0.390708
v -0.355542 1.422724 0.435731
v -0.195479 1.443844 0.435544
v -0.098157 1.443844 0.435544
v -0.098157 1.452615 0.387525
v -0.000869 1.443844 0.435544
v -0.236578 1.351220 0.466377
v -0.236578 1.351220 0.471189
v -0.220959 1.313276 0.468905
v -0.220959 1.313276 0.473716
v -0.380459 1.431852 0.390333
v -0.383140 1.432031 0.387506
v -0.373940 1.421650 0.435338
v -0.378805 1.421203 0.435525
v -0.466332 1.420487 0.387488
v -0.416562 1.485368 0.094113
v -0.525135 1.473198 0.094113
v -0.525135 1.473198 0.045401
v -0.605514 1.461743 0.045401
v -0.525135 1.473198 -0.029988
v -0.605547 1.461743 -0.030025
v -0.416529 1.485368 0.045401
v -0.401241 1.487069 0.045401
v -0.401208 1.487069 0.094113
v -0.319174 1.495929 0.094113
v -0.319174 1.495929 0.045401
v -0.319174 1.495929 -0.029969
v -0.401241 1.487069 -0.029969
v -0.416529 1.485368 -0.029969
v -0.456735 1.411806 0.435525
v -0.524241 1.400799 0.435469
v -0.535658 1.409390 0.387469
v -0.605514 1.461743 0.094113
v 0.443978 1.414670 -0.028078
v 0.409199 1.461743 -0.030025
v 0.443978 1.414759 0.047666
v 0.409166 1.461743 0.045401
v 0.443978 1.414759 0.096397
v 0.409166 1.461743 0.094113
v 0.369324 1.364107 0.389641
v 0.339310 1.409390 0.387469
v 0.357081 1.355874 0.437641
v 0.327894 1.400799 0.435469
v 0.357081 1.355874 0.437641
v -0.328241 1.265577 0.470758
v -0.328076 1.264950 0.461023
v -0.280590 1.244993 0.472518
v -0.280457 1.244457 0.462783
v 0.183417 0.144423 0.517167
v 0.130239 0.144512 0.517186
v 0.183417 0.144423 0.537423
v 0.131034 0.144512 0.537461
v 0.114852 0.144512 0.517205
v 0.114058 0.144512 0.537479
v 0.071271 0.144512 0.537498
v 0.071271 0.144512 0.517223
v -0.001034 0.144512 0.537554
v -0.001034 0.144512 0.517280
v 0.040826 -1.288879 0.471769
v 0.025439 -1.249592 0.473173
v 0.025439 -1.288879 0.471769
v 0.001944 -1.288879 0.471769
v 0.001944 -1.249861 0.473155
v -0.042067 -1.288879 0.471769
v -0.042067 -1.249861 0.473155
v -0.098157 -1.249861 0.473155
v -0.098157 -1.288879 0.471769
v -0.154280 -1.288879 0.471769
v -0.154280 -1.249861 0.473155
v -0.198292 -1.249861 0.473155
v -0.198292 -1.288879 0.471769
v -0.221786 -1.249592 0.473173
v -0.221786 -1.288879 0.471769
v -0.237174 -1.288879 0.471769
v -0.194685 -0.111524 0.546559
v -0.270331 -0.111524 0.546559
v -0.316328 -0.111077 0.546578
v -0.237174 -1.250219 0.473136
v -0.266493 -1.288879 0.471769
v -0.317718 -0.076980 0.547664
v -0.331683 -0.111972 0.546522
v -0.266493 -1.249861 0.473155
v -0.351273 -1.257646 0.473754
v -0.339426 -1.288879 0.471769
v -0.333139 -0.077338 0.547664
v -0.389526 -0.077159 0.547664
v -0.387706 -0.111524 0.546559
v -0.536287 -0.077159 0.547664
v -0.533573 -0.111435 0.546578
v -0.389526 -0.041184 0.547664
v -0.536287 -0.041184 0.547664
v -0.280524 0.053569 0.556341
v -0.245877 0.038445 0.558156
v -0.245877 0.037998 0.549264
v 0.170776 1.294930 0.468212
v 0.158135 1.304953 0.467725
v 0.156448 1.300657 0.468025
v 0.142979 1.313276 0.467407
v 0.146520 1.305043 0.467875
v 0.126798 1.270499 0.470590
v 0.131894 1.265577 0.470758
v 0.084209 1.252063 0.472143
v 0.084242 1.244993 0.472518
v 0.041058 1.270230 0.471320
v 0.035962 1.265308 0.471638
v 0.024612 1.313276 0.468905
v 0.153337 1.370193 0.463719
v 0.126864 1.351668 0.465310
v 0.088511 1.380842 0.464037
v 0.084209 1.370282 0.464543
v 0.040231 1.351220 0.466377
v 0.153370 1.400083 0.460761
v 0.085765 1.411001 0.460742
v 0.155786 1.400172 0.460724
v 0.156514 1.373683 0.463363
v 0.175608 1.374220 0.463195
v 0.174615 1.398024 0.460817
v -0.098157 1.249647 0.463214
v -0.098157 1.250184 0.472967
v -0.146669 1.270051 0.462015
v -0.146669 1.270588 0.471750
v -0.280590 1.244993 0.472518
v -0.280457 1.244457 0.462783
v -0.232310 1.265308 0.471638
v -0.232243 1.264771 0.461903
v -0.164141 1.316229 0.459282
v -0.164141 1.316766 0.469017
v -0.194122 1.315692 0.459320
v -0.194254 1.316229 0.469073
v -0.215797 1.307638 0.459526
v -0.215929 1.308264 0.469260
v -0.390023 -1.425712 0.025127
v -0.389990 -1.406382 0.188653
v -0.411433 -1.381324 0.022450
v -0.411433 -1.361904 0.186632
v -0.637248 -0.118683 0.129963
v -0.637215 -0.118683 0.178975
v -0.640326 -0.084408 0.128990
v -0.640326 -0.084408 0.177365
v -0.640326 -0.045300 0.175418
v -0.565672 -0.077607 0.474521
v -0.565672 -0.042347 0.474259
v -0.553428 -0.076443 0.523158
v -0.553428 -0.041899 0.523158
v -0.640326 -0.045300 0.126893
v -0.640326 -0.098190 -0.028003
v -0.636785 -0.131302 -0.043654
v -0.640326 -0.010935 0.124740
v -0.640326 -0.010935 0.173639
v -0.640326 0.137800 0.165571
v -0.565672 -0.008072 0.473080
v -0.565672 0.134578 0.464412
v -0.553428 0.134042 0.513330
v -0.553428 0.696050 0.479950
v -0.565672 0.699988 0.431426
v -0.640326 0.724151 0.135055
v -0.640326 0.137800 0.116821
v -0.640326 -0.017737 0.046225
v -0.640326 -0.051654 0.030237
v -0.640326 0.816059 0.129907
v -0.640326 0.724151 0.086325
v -0.640326 0.129030 0.038606
v -0.640326 0.816059 0.081177
v -0.640326 0.719229 0.009195
v -0.640326 0.811763 0.004234
v -0.640326 1.268440 0.055866
v -0.640326 1.267366 -0.020178
v -0.640326 1.345851 0.051523
v -0.640326 1.345314 -0.024372
v -0.640326 1.414759 0.047666
v -0.640326 1.414670 -0.028078
v -0.640326 1.268440 0.104578
v -0.565672 0.788406 0.425865
v -0.553428 0.783842 0.474315
v -0.553428 1.216088 0.446608
v -0.565672 1.223426 0.398496
v -0.640326 1.345851 0.100253
v -0.553428 1.290008 0.441872
v -0.565672 1.297883 0.393815
v -0.640326 1.414759 0.096397
v -0.565672 1.364107 0.389641
v -0.553428 1.355874 0.437641
v -0.389990 -1.400654 0.237066
v -0.411433 -1.356266 0.235044
v -0.368282 -1.282078 0.419145
v -0.562826 -0.111793 0.473828
v -0.361233 -1.269996 0.449267
v -0.550648 -0.110719 0.522091
v -0.349817 -1.325302 0.418059
v -0.343232 -1.312952 0.447675
v -0.553428 -0.007535 0.522110
v 0.080371 0.013029 0.572478
v 0.078319 0.009629 0.572946
v 0.084275 0.014282 0.572309
v 0.084143 0.009629 0.572946
v 0.087982 0.012761 0.572515
v 0.089669 0.009629 0.572946
v 0.083978 0.003722 0.573732
v 0.079940 0.005333 0.573508
v -0.142500 1.362586 0.466303
v -0.142500 1.362586 0.471133
v -0.098157 1.381826 0.465179
v -0.098157 1.381826 0.469991
v -0.215797 1.307638 0.459526
v -0.215929 1.308264 0.469260
v -0.232243 1.264771 0.461903
v -0.232310 1.265308 0.471638
v -0.328076 1.264950 0.461023
v -0.328241 1.265577 0.470758
v -0.342669 1.304416 0.458122
v -0.342868 1.305043 0.467875
v -0.361300 1.432926 0.390708
v -0.361531 1.439907 0.391513
v -0.355542 1.422724 0.435731
v -0.356534 1.429615 0.436892
v -0.493897 1.330905 0.469260
v -0.493897 1.330905 0.464449
v -0.509450 1.292603 0.471189
v -0.509450 1.292603 0.466377
v -0.357626 1.404289 0.467669
v -0.357130 1.377352 0.470365
v -0.352861 1.403752 0.465591
v -0.353192 1.374936 0.468437
v -0.442837 1.228885 0.471750
v -0.442771 1.228348 0.461997
v -0.403028 1.246336 0.470814
v -0.402929 1.245799 0.461061
v -0.373940 1.421650 0.435338
v -0.373940 1.428541 0.436499
v -0.380459 1.431852 0.390333
v -0.379665 1.438922 0.391157
v -0.159674 1.323388 0.473454
v -0.159674 1.323388 0.468624
v -0.141573 1.275510 0.476281
v -0.141573 1.275510 0.471470
v -0.442771 1.228348 0.461997
v -0.442837 1.228885 0.471750
v -0.441083 1.218862 0.462203
v -0.441149 1.219399 0.471956
v -0.443267 0.790822 0.489385
v -0.443333 0.791449 0.499120
v -0.398792 1.293051 0.472836
v -0.398792 1.293051 0.468193
v -0.412856 1.255643 0.475307
v -0.412856 1.255643 0.470665
v -0.246837 -1.425712 0.025239
v -0.370069 1.430779 0.437603
v -0.375099 1.440891 0.393815
v -0.373940 1.428541 0.436499
v -0.379665 1.438922 0.391157
v -0.366197 1.377620 0.470290
v -0.366495 1.403215 0.467707
v -0.371293 1.375383 0.468287
v -0.370664 1.401604 0.465591
v -0.370069 1.430779 0.437603
v -0.373940 1.428541 0.436499
v -0.356534 1.429615 0.436892
v -0.361531 1.439907 0.391513
v -0.361564 1.431315 0.437791
v -0.365999 1.441339 0.393984
v -0.237406 1.270230 0.471320
v -0.237406 1.270230 0.476131
v -0.280557 1.252063 0.472143
v -0.280557 1.252063 0.476973
v -0.220959 1.313276 0.468905
v -0.220959 1.313276 0.473716
v -0.237406 1.270230 0.471320
v -0.237406 1.270230 0.476131
v -0.280557 1.370282 0.464543
v -0.280557 1.370282 0.469354
v -0.236578 1.351220 0.466377
v -0.236578 1.351220 0.471189
v -0.357130 1.377352 0.470365
v -0.366197 1.377620 0.470290
v -0.353192 1.374936 0.468437
v -0.371293 1.375383 0.468287
v -0.375099 1.440891 0.393815
v -0.365999 1.441339 0.393984
v -0.379665 1.438922 0.391157
v -0.361531 1.439907 0.391513
v -0.450117 1.349699 0.468250
v -0.450117 1.349699 0.463438
v -0.493897 1.330905 0.469260
v -0.493897 1.330905 0.464449
v -0.195313 0.144512 0.517280
v -0.195313 0.144512 0.537554
v -0.098157 0.144512 0.517280
v -0.098157 0.144512 0.537554
v -0.001034 0.144512 0.537554
v -0.280557 1.252063 0.472143
v -0.280557 1.252063 0.476973
v -0.323145 1.270499 0.470590
v -0.323145 1.270499 0.475401
v 0.165217 1.431315 0.437791
v 0.173721 1.430779 0.437603
v 0.169651 1.441339 0.393984
v 0.178751 1.440891 0.393815
v -0.366495 1.403215 0.467707
v -0.366197 1.377620 0.470290
v -0.357626 1.404289 0.467669
v -0.357130 1.377352 0.470365
v 0.184112 1.431852 0.390333
v 0.164952 1.432926 0.390708
v 0.183318 1.438922 0.391157
v 0.165184 1.439907 0.391513
v -0.509450 1.292603 0.471189
v -0.509450 1.292603 0.466377
v -0.494161 1.251795 0.474783
v -0.494161 1.251795 0.469972
v -0.373940 1.428541 0.436499
v -0.373940 1.421650 0.435338
v -0.370664 1.401604 0.465591
v -0.370962 1.398024 0.460817
v -0.371293 1.375383 0.468287
v -0.371955 1.374220 0.463195
v -0.371293 1.375383 0.468287
v -0.371955 1.374220 0.463195
v -0.353192 1.374936 0.468437
v -0.352861 1.373683 0.463363
v -0.323145 1.270499 0.470590
v -0.323145 1.270499 0.475401
v -0.339327 1.313276 0.467407
v -0.339327 1.313276 0.472218
v -0.323211 1.351668 0.465310
v -0.323211 1.351668 0.470122
v -0.280557 1.370282 0.464543
v -0.280557 1.370282 0.469354
v -0.379765 0.687101 0.485398
v -0.326620 0.687191 0.485548
v -0.379765 0.687101 0.505654
v -0.327381 0.687191 0.505822
v -0.310438 0.687191 0.505879
v -0.311232 0.687191 0.485604
v -0.267651 0.687280 0.485735
v -0.267651 0.687280 0.506010
v -0.195380 0.687459 0.506234
v -0.420765 1.265577 -0.040640
v -0.370069 1.430779 0.437603
v -0.366495 1.403215 0.467707
v -0.361564 1.431315 0.437791
v -0.357626 1.404289 0.467669
v -0.443267 0.790822 0.489385
v -0.443333 0.791449 0.499120
v -0.339393 0.792344 0.489573
v -0.339492 0.792970 0.499307
v -0.324006 0.792702 0.489610
v -0.324072 0.793239 0.499345
v -0.273806 0.793954 0.489797
v -0.273872 0.794491 0.499532
v -0.195479 0.795565 0.490078
v -0.195479 0.796102 0.499813
v -0.098157 0.795565 0.490078
v -0.098157 0.796102 0.499813
v -0.000869 0.796102 0.499813
v -0.000869 0.795565 0.490078
v 0.077525 0.794491 0.499532
v 0.077459 0.793954 0.489797
v 0.127724 0.793239 0.499345
v 0.127658 0.792702 0.489610
v 0.143145 0.792970 0.499307
v 0.143046 0.792344 0.489573
v 0.246986 0.791449 0.499120
v 0.246919 0.790822 0.489385
v -0.385622 -1.406292 0.001969
v -0.400811 -1.374701 0.000303
v -0.298625 -1.406113 0.001950
v -0.298625 -1.373180 0.000771
v -0.262224 -1.373538 0.000790
v -0.374801 -0.120921 -0.065763
v -0.246837 -1.372822 0.000752
v -0.359347 -0.120921 -0.065763
v -0.303158 -0.120921 -0.065763
v -0.304482 -0.089599 -0.051685
v -0.213811 -0.089599 -0.051685
v -0.619015 -0.120921 -0.065763
v -0.442903 -0.120921 -0.065763
v -0.376489 -0.089599 -0.051666
v -0.361101 -0.089599 -0.051666
v -0.445120 -0.089599 -0.051648
v -0.376489 -0.040199 0.010131
v -0.622390 -0.089599 -0.051723
v -0.445120 -0.040199 0.010131
v -0.164141 1.316766 0.469017
v -0.164141 1.316229 0.459282
v -0.146669 1.270588 0.471750
v -0.146669 1.270051 0.462015
v -0.339327 1.313276 0.467407
v -0.339327 1.313276 0.472218
v -0.323211 1.351668 0.465310
v -0.323211 1.351668 0.470122
v -0.098157 -0.089599 -0.051704
v -0.213083 -0.120921 -0.065745
v -0.098157 -0.120921 -0.065745
v -0.165002 -1.373180 0.000771
v -0.098157 -1.373180 0.000771
v -0.165002 -1.406113 0.001950
v -0.098157 -1.406113 0.001950
v -0.217385 -1.373180 0.000771
v -0.246837 -1.406113 0.001950
v -0.262224 -1.406113 0.001950
v -0.217385 -1.406113 0.001950
v 0.016736 -0.120921 -0.065745
v -0.031346 -1.373180 0.000771
v -0.031346 -1.406113 0.001950
v 0.106811 -0.120921 -0.065763
v 0.108134 -0.089599 -0.051685
v 0.163000 -0.120921 -0.065763
v 0.178453 -0.120921 -0.065763
v 0.050489 -1.372822 0.000752
v 0.021038 -1.373180 0.000771
v 0.065877 -1.373538 0.000790
v 0.050489 -1.406113 0.001950
v 0.021038 -1.406113 0.001950
v 0.065877 -1.406113 0.001950
v -0.379765 0.144423 0.537423
v -0.379765 0.144423 0.517167
v -0.379765 0.687101 0.505654
v -0.379765 0.687101 0.485398
v -0.385622 -1.406292 0.001969
v -0.298625 -1.406113 0.001950
v -0.390023 -1.425712 0.025127
v -0.298625 -1.425712 0.025239
v -0.262224 -1.406113 0.001950
v -0.262224 -1.425712 0.025239
v -0.246837 -1.425712 0.025239
v -0.246837 -1.406113 0.001950
v -0.217385 -1.406113 0.001950
v -0.217385 -1.425712 0.025239
v -0.165002 -1.406113 0.001950
v -0.165002 -1.425712 0.025239
v -0.098157 -1.406113 0.001950
v -0.098157 -1.425712 0.025239
v -0.031346 -1.425712 0.025239
v -0.031346 -1.406113 0.001950
v 0.021038 -1.425712 0.025239
v 0.021038 -1.406113 0.001950
v 0.050489 -1.425712 0.025239
v 0.050489 -1.406113 0.001950
v 0.065877 -1.406113 0.001950
v 0.065877 -1.425712 0.025239
v 0.102277 -1.425712 0.025239
v 0.102277 -1.406113 0.001950
v 0.193675 -1.425712 0.025127
v -0.142500 1.362586 0.471133
v -0.142500 1.362586 0.466303
v -0.159674 1.323388 0.473454
v -0.159674 1.323388 0.468624
v 0.156514 1.403752 0.465591
v 0.161279 1.404289 0.467669
v 0.160187 1.429615 0.436892
v 0.165217 1.431315 0.437791
v -0.450150 1.232733 0.471488
v -0.450150 1.232733 0.476299
v -0.494161 1.251795 0.469972
v -0.494161 1.251795 0.474783
v 0.177593 1.428541 0.436499
v 0.174317 1.401604 0.465591
v 0.177593 1.421650 0.435338
v 0.174615 1.398024 0.460817
v 0.174946 1.375383 0.468287
v 0.175608 1.374220 0.463195
v -0.098157 1.257254 0.472537
v -0.098157 1.257254 0.477367
v -0.141573 1.275510 0.471470
v -0.141573 1.275510 0.476281
v 0.160187 1.429615 0.436892
v 0.165217 1.431315 0.437791
v 0.165184 1.439907 0.391513
v 0.169651 1.441339 0.393984
v 0.071271 0.144512 0.537498
v -0.001034 0.144512 0.537554
v -0.098157 0.144512 0.537554
v -0.098157 0.134757 0.538116
v -0.195313 0.134757 0.538116
v -0.195313 0.144512 0.537554
v -0.267618 0.144512 0.537498
v -0.271457 0.134757 0.538060
v -0.310405 0.144512 0.537479
v -0.317718 0.132431 0.538172
v -0.333139 0.137084 0.537873
v 0.041058 1.270230 0.476131
v 0.031098 1.313186 0.473716
v 0.024612 1.313276 0.473716
v 0.044864 1.346656 0.471189
v 0.040231 1.351220 0.471189
v 0.084209 1.363749 0.469354
v 0.084209 1.370282 0.469354
v 0.122231 1.347104 0.470122
v 0.126864 1.351668 0.470122
v 0.136460 1.313186 0.472218
v 0.142979 1.313276 0.472218
v 0.122066 1.274973 0.475401
v 0.126798 1.270499 0.475401
v 0.084176 1.258596 0.476973
v 0.084209 1.252063 0.476973
v 0.045724 1.274794 0.476131
v -0.411665 1.325447 0.469766
v -0.406966 1.330011 0.469766
v -0.450216 1.343166 0.468250
v -0.450117 1.349699 0.468250
v -0.489264 1.326341 0.469260
v -0.493897 1.330905 0.469260
v -0.502931 1.292514 0.471189
v -0.509450 1.292603 0.471189
v -0.489429 1.256269 0.474783
v -0.494161 1.251795 0.474783
v -0.450150 1.239266 0.476299
v -0.450150 1.232733 0.476299
v -0.412856 1.255643 0.475307
v -0.408124 1.251168 0.475307
v -0.398792 1.293051 0.472836
v -0.392273 1.293140 0.472836
v -0.164141 1.316229 0.459282
v -0.194122 1.315692 0.459320
v -0.193526 1.312470 0.459526
v -0.213315 1.305132 0.459713
v -0.195380 1.228080 0.464374
v -0.229695 1.262355 0.462072
v -0.284726 1.219220 0.463888
v -0.280457 1.240966 0.462952
v -0.354383 1.211255 0.463569
v -0.330624 1.262534 0.461117
v -0.351703 1.297167 0.458477
v -0.344423 1.300299 0.458365
v -0.342669 1.304416 0.458122
v -0.328076 1.264950 0.461023
v -0.215797 1.307638 0.459526
v -0.232243 1.264771 0.461903
v -0.280457 1.244457 0.462783
v -0.352696 1.300031 0.458290
v -0.366363 1.291350 0.458664
v -0.369804 1.210986 0.463420
v -0.384662 1.284817 0.458833
v -0.400380 1.243382 0.461229
v -0.387144 1.287412 0.458646
v -0.402929 1.245799 0.461061
v -0.366991 1.294393 0.458477
v -0.339459 0.795386 0.489385
v -0.324072 0.796102 0.489404
v -0.339393 0.792344 0.489573
v -0.324006 0.792702 0.489610
v -0.273872 0.797176 0.489591
v -0.195512 0.798787 0.489872
v -0.098157 1.228080 0.464374
v -0.098157 0.798787 0.489872
v -0.000836 0.798787 0.489872
v -0.000869 0.795565 0.490078
v 0.077459 0.793954 0.489797
v -0.273806 0.793954 0.489797
v -0.195479 0.795565 0.490078
v -0.098157 0.795565 0.490078
v -0.443267 0.790822 0.489385
v -0.440057 0.794044 0.489198
v -0.441083 1.218862 0.462203
v -0.437807 1.219130 0.462221
v -0.442771 1.228348 0.461997
v -0.439097 1.226379 0.462128
v -0.098157 -0.023036 0.574069
v -0.098190 0.012403 0.572572
v -0.125160 -0.011760 0.573208
v -0.102757 0.014372 0.572309
v -0.136907 0.019741 0.570868
v -0.104643 0.018757 0.571710
v -0.126384 0.043546 0.569033
v -0.102724 0.023589 0.571074
v -0.098157 0.056075 0.568097
v -0.098190 0.025558 0.570812
v -0.069963 0.043546 0.569033
v -0.093326 0.023589 0.571074
v -0.059440 0.019741 0.570868
v -0.091440 0.018757 0.571710
v -0.071188 -0.011760 0.573208
v -0.093293 0.014372 0.572291
v -0.236578 1.351220 0.471189
v -0.241211 1.346656 0.471189
v -0.220959 1.313276 0.473716
v -0.227445 1.313186 0.473716
v -0.237406 1.270230 0.476131
v -0.242071 1.274794 0.476131
v -0.280557 1.252063 0.476973
v -0.280524 1.258596 0.476973
v -0.323145 1.270499 0.475401
v -0.318413 1.274973 0.475401
v -0.339327 1.313276 0.472218
v -0.332808 1.313186 0.472218
v -0.323211 1.351668 0.470122
v -0.318579 1.347104 0.470122
v -0.280557 1.370282 0.469354
v -0.280557 1.363749 0.469354
v 0.084176 1.357216 0.464711
v 0.044864 1.346656 0.466546
v 0.049530 1.342092 0.466546
v 0.031098 1.313186 0.469073
v 0.037617 1.313186 0.469073
v 0.045724 1.274794 0.471488
v 0.050423 1.279269 0.471488
v 0.084176 1.258596 0.472331
v 0.084143 1.265040 0.472331
v 0.122066 1.274973 0.470758
v 0.117367 1.279448 0.470758
v 0.136460 1.313186 0.467594
v 0.129975 1.313097 0.467594
v 0.122231 1.347104 0.465479
v 0.117598 1.342540 0.465479
v 0.084209 1.363749 0.464711
v 0.210618 1.330011 0.469766
v 0.253869 1.343166 0.468250
v 0.253769 1.349699 0.468250
v 0.292916 1.326341 0.469260
v 0.297549 1.330905 0.469260
v 0.306583 1.292514 0.471189
v 0.313102 1.292603 0.471189
v 0.293082 1.256269 0.474783
v 0.297814 1.251795 0.474783
v 0.253802 1.239266 0.476299
v 0.253802 1.232733 0.476299
v 0.216508 1.255643 0.475307
v 0.211776 1.251168 0.475307
v 0.202445 1.293051 0.472836
v 0.195926 1.293140 0.472836
v 0.215317 1.325447 0.469766
v -0.450282 1.336633 0.463607
v -0.450216 1.343166 0.463607
v -0.484598 1.321777 0.464636
v -0.489264 1.326341 0.464636
v -0.496445 1.292424 0.466546
v -0.502931 1.292514 0.466546
v -0.484730 1.260744 0.470159
v -0.489429 1.256269 0.470159
v -0.450183 1.245709 0.471657
v -0.450150 1.239266 0.471657
v -0.417588 1.260118 0.470665
v -0.412856 1.255643 0.470665
v -0.405278 1.292961 0.468193
v -0.398792 1.293051 0.468193
v -0.416397 1.320972 0.465123
v -0.411665 1.325447 0.465123
v 0.216508 1.255643 0.470665
v 0.208931 1.292961 0.468193
v 0.202445 1.293051 0.468193
v 0.220049 1.320972 0.465123
v 0.215317 1.325447 0.465123
v 0.253935 1.336633 0.463607
v 0.253869 1.343166 0.463607
v 0.288251 1.321777 0.464636
v 0.292916 1.326341 0.464636
v 0.300097 1.292424 0.466546
v 0.306583 1.292514 0.466546
v 0.288383 1.260744 0.470159
v 0.293082 1.256269 0.470159
v 0.253835 1.245709 0.471657
v 0.253802 1.239266 0.471657
v 0.221241 1.260118 0.470665
v -0.227445 1.313186 0.469073
v -0.233964 1.313186 0.469073
v -0.242071 1.274794 0.471488
v -0.246770 1.279269 0.471488
v -0.280524 1.258596 0.472331
v -0.280490 1.265040 0.472331
v -0.318413 1.274973 0.470758
v -0.313714 1.279448 0.470758
v -0.332808 1.313186 0.467594
v -0.326322 1.313097 0.467594
v -0.318579 1.347104 0.465479
v -0.313946 1.342540 0.465479
v -0.280557 1.363749 0.464711
v -0.280524 1.357216 0.464711
v -0.241211 1.346656 0.466546
v -0.245877 1.342092 0.466546
v 0.131728 1.264950 0.461023
v 0.148076 1.300299 0.458365
v 0.146322 1.304416 0.458122
v 0.155190 1.297167 0.458496
v 0.156348 1.300031 0.458290
v 0.169982 1.291798 0.458646
v 0.170644 1.294393 0.458477
v 0.188315 1.284817 0.458833
v 0.190796 1.287412 0.458646
v 0.204033 1.243382 0.461229
v 0.206581 1.245799 0.461061
v 0.242750 1.226379 0.462128
v 0.246423 1.228348 0.461997
v 0.241459 1.219130 0.462221
v 0.244735 1.218862 0.462203
v 0.243710 0.794044 0.489198
v 0.246919 0.790822 0.489385
v 0.143112 0.795386 0.489385
v 0.143046 0.792344 0.489573
v 0.127724 0.796102 0.489404
v 0.127658 0.792702 0.489610
v 0.077525 0.797176 0.489591
v 0.173457 1.210986 0.463420
v 0.158036 1.211255 0.463569
v 0.088379 1.219220 0.463888
v -0.000968 1.228080 0.464374
v 0.134276 1.262534 0.461117
v 0.084110 1.240966 0.462952
v 0.084110 1.244457 0.462783
v 0.035896 1.264771 0.461903
v 0.033348 1.262355 0.462072
v 0.016968 1.305132 0.459713
v -0.002821 1.312470 0.459526
v -0.002225 1.315692 0.459320
v -0.032206 1.316229 0.459282
v 0.019449 1.307638 0.459526
v -0.146669 1.270051 0.462015
v -0.149217 1.267545 0.462165
v -0.098157 1.249647 0.463214
v -0.098157 1.246067 0.463420
v -0.047130 1.267545 0.462165
v -0.166392 1.312918 0.459469
v -0.049678 1.270051 0.462015
v -0.029956 1.312918 0.459469
v -0.195380 0.687459 0.485960
v -0.195380 0.687459 0.485960
v 0.193675 -1.425712 0.025127
v 0.189274 -1.406292 0.001969
v 0.400066 1.440801 -0.050918
v 0.193675 -1.425712 0.025127
v 0.193675 -1.425712 0.025127
v 0.146884 -1.312952 0.447675
v -0.001034 0.144512 0.517280
v 0.183417 0.687101 0.485398
v 0.183417 0.144423 0.517167
v 0.177593 1.421650 0.435338
v -0.454220 -0.007196 0.575174
v -0.285223 0.004528 0.573620
v -0.102724 0.023589 0.571074
v 0.088015 0.005333 0.573508
v 0.249898 -0.014266 0.576110
v -0.133300 0.049363 0.549208
v -0.146669 0.018936 0.551529
v -0.132208 -0.019546 0.554356
v -0.246770 -0.024826 0.554206
v -0.280524 0.053122 0.547429
v -0.245877 0.037998 0.549264
v -0.313946 0.038445 0.548197
v -0.326322 0.009002 0.550312
v -0.313714 -0.024647 0.553476
v -0.280490 -0.039055 0.555049
v -0.450183 -0.058385 0.554375
v -0.484730 -0.043350 0.552877
v -0.496445 -0.011670 0.549264
v -0.416397 0.016878 0.547841
v -0.450282 0.032539 0.546325
v -0.405278 -0.011133 0.550912
v -0.417588 -0.043977 0.553383
v -0.098157 0.064756 0.548066
v -0.063047 0.049363 0.549208
v -0.049678 0.018936 0.551529
v -0.064139 -0.019546 0.554356
v 0.050423 -0.024826 0.554206
v 0.049530 0.037998 0.549264
v 0.037617 0.009092 0.551791
v 0.084176 0.053122 0.547429
v 0.117598 0.038445 0.548197
v 0.129975 0.009002 0.550312
v 0.117367 -0.024647 0.553476
v 0.300097 -0.011670 0.549264
v 0.253935 0.032539 0.546325
v 0.288251 0.017683 0.547355
v 0.208931 -0.011133 0.550912
v 0.220049 0.016878 0.547841
v 0.221241 -0.043977 0.553383
v 0.253835 -0.058385 0.554375
v 0.249677 1.298170 0.494455
v 0.248023 1.293482 0.495078
v 0.254496 1.300159 0.494190
v 0.254165 1.293671 0.495062
v 0.259032 1.298122 0.494455
v 0.260685 1.293861 0.495031
v 0.253929 1.287658 0.495857
v 0.259079 1.289788 0.495576
v 0.290450 1.258868 0.470911
v 0.290450 1.259341 0.480306
v 0.253787 1.242958 0.472516
v 0.253787 1.243431 0.481911
v 0.253834 1.247504 0.488347
v 0.287804 1.262277 0.486804
v 0.282985 1.267249 0.490902
v 0.292576 1.293577 0.487599
v 0.260685 1.293861 0.495031
v 0.259032 1.298122 0.494455
v 0.259079 1.289788 0.495576
v 0.253882 1.254464 0.492273
v 0.221896 1.261614 0.487365
v 0.253787 1.243431 0.481911
v 0.219203 1.258679 0.480852
v 0.219203 1.258252 0.471456
v 0.253929 1.287658 0.495857
v 0.226715 1.266492 0.491447
v 0.209849 1.293908 0.484887
v 0.219203 1.258679 0.480852
v 0.206163 1.293529 0.478250
v 0.206163 1.293103 0.468838
v 0.249630 1.289741 0.495576
v 0.216558 1.294287 0.489344
v 0.220668 1.321182 0.481833
v 0.206163 1.293529 0.478250
v 0.217928 1.323266 0.475009
v 0.217928 1.322793 0.465582
v 0.248023 1.293482 0.495078
v 0.225534 1.317016 0.486586
v 0.253976 1.336572 0.480322
v 0.217928 1.323266 0.475009
v 0.253882 1.339886 0.473404
v 0.253882 1.339413 0.463961
v 0.249677 1.298170 0.494455
v 0.254071 1.330274 0.485215
v 0.287662 1.321893 0.481304
v 0.253882 1.339886 0.473404
v 0.290308 1.324071 0.474479
v 0.290308 1.323645 0.465052
v 0.254496 1.300159 0.494190
v 0.282891 1.317584 0.486087
v 0.299190 1.293293 0.483189
v 0.290308 1.324071 0.474479
v 0.302876 1.292914 0.476505
v 0.302876 1.292488 0.467093
v 0.302876 1.292914 0.476505
v 0.290450 1.259341 0.480306
v 0.290450 1.258868 0.470911
v 0.249630 1.289741 0.495576
v 0.302876 1.292488 0.467093
v 0.253882 1.339413 0.463961
v 0.290308 1.323645 0.465052
v 0.206163 1.293103 0.468838
v 0.217928 1.322793 0.465582
v 0.219203 1.258252 0.471456
v 0.253787 1.242958 0.472516
v -0.454428 1.297270 0.494582
v -0.455987 1.293529 0.495080
v -0.450790 1.298738 0.494380
v -0.450601 1.294050 0.495017
v -0.445499 1.294524 0.494940
v -0.450365 1.288273 0.495779
v -0.446538 1.290262 0.495515
v -0.454145 1.289504 0.495608
v -0.450129 1.242958 0.472512
v -0.450129 1.243431 0.481915
v -0.486792 1.258868 0.470911
v -0.486792 1.259341 0.480314
v -0.484146 1.262277 0.486811
v -0.450176 1.247504 0.488350
v -0.450223 1.254464 0.492282
v -0.423057 1.266492 0.491458
v -0.446538 1.290262 0.495515
v -0.445499 1.294524 0.494940
v -0.450365 1.288273 0.495779
v -0.479327 1.267249 0.490899
v -0.495532 1.293293 0.483190
v -0.486792 1.259341 0.480314
v -0.499217 1.292914 0.476506
v -0.499217 1.292488 0.467088
v -0.454145 1.289504 0.495608
v -0.488918 1.293577 0.487604
v -0.484004 1.321893 0.481309
v -0.499217 1.292914 0.476506
v -0.486650 1.324071 0.474486
v -0.486650 1.323645 0.465052
v -0.455987 1.293529 0.495080
v -0.479232 1.317584 0.486081
v -0.450318 1.336572 0.480330
v -0.486650 1.324071 0.474486
v -0.450223 1.339886 0.473413
v -0.450223 1.339413 0.463964
v -0.454428 1.297270 0.494582
v -0.450412 1.330274 0.485226
v -0.417010 1.321182 0.481837
v -0.450223 1.339886 0.473413
v -0.414269 1.323266 0.475014
v -0.414269 1.322793 0.465580
v -0.450790 1.298738 0.494380
v -0.421876 1.317016 0.486593
v -0.406190 1.293908 0.484899
v -0.414269 1.323266 0.475014
v -0.402505 1.293529 0.478247
v -0.402505 1.293103 0.468844
v -0.447483 1.297649 0.494520
v -0.412899 1.294287 0.489344
v -0.418238 1.261614 0.487371
v -0.402505 1.293529 0.478247
v -0.415545 1.258679 0.480858
v -0.415545 1.258252 0.471455
v -0.415545 1.258679 0.480858
v -0.450129 1.243431 0.481915
v -0.450129 1.242958 0.472512
v -0.447483 1.297649 0.494520
v -0.486792 1.258868 0.470911
v -0.486650 1.323645 0.465052
v -0.499217 1.292488 0.467088
v -0.414269 1.322793 0.465580
v -0.450223 1.339413 0.463964
v -0.402505 1.293103 0.468844
v -0.415545 1.258252 0.471455
v -0.285925 1.317946 0.491683
v -0.287468 1.314077 0.492346
v -0.280523 1.320268 0.491462
v -0.280523 1.314077 0.492346
v -0.275894 1.317946 0.491683
v -0.273579 1.314077 0.492125
v -0.280523 1.306339 0.493229
v -0.285153 1.308660 0.493008
v -0.245029 1.277705 0.472469
v -0.245029 1.277705 0.481745
v -0.280523 1.262228 0.473352
v -0.280523 1.263002 0.482628
v -0.280523 1.266871 0.489033
v -0.247344 1.280801 0.488370
v -0.251974 1.285444 0.492346
v -0.241171 1.314077 0.490358
v -0.280523 1.273836 0.493008
v -0.312931 1.280801 0.487487
v -0.280523 1.263002 0.482628
v -0.316018 1.277705 0.481082
v -0.316018 1.277705 0.471585
v -0.308302 1.286218 0.491683
v -0.325277 1.314077 0.484395
v -0.316018 1.277705 0.481082
v -0.329135 1.313303 0.477548
v -0.329135 1.313303 0.468273
v -0.319104 1.314077 0.488812
v -0.313703 1.342710 0.482186
v -0.329135 1.313303 0.477548
v -0.316018 1.345032 0.475340
v -0.316018 1.344258 0.466064
v -0.285153 1.308660 0.493008
v -0.287468 1.314077 0.492346
v -0.308302 1.338067 0.487045
v -0.285925 1.317946 0.491683
v -0.280523 1.351223 0.486383
v -0.280523 1.320268 0.491462
v -0.251202 1.338067 0.488149
v -0.275894 1.317946 0.491683
v -0.241171 1.314077 0.490358
v -0.273579 1.314077 0.492125
v -0.251974 1.285444 0.492346
v -0.275894 1.308660 0.493008
v -0.280523 1.273836 0.493008
v -0.280523 1.306339 0.493229
v -0.280523 1.357414 0.481524
v -0.246572 1.341936 0.483291
v -0.251202 1.338067 0.488149
v -0.234998 1.314077 0.485941
v -0.231140 1.314077 0.479315
v -0.245029 1.277705 0.481745
v -0.245029 1.277705 0.472469
v -0.280523 1.359735 0.465181
v -0.280523 1.360509 0.474677
v -0.243486 1.344258 0.467168
v -0.243486 1.344258 0.476665
v -0.243486 1.344258 0.476665
v -0.231140 1.314077 0.479315
v -0.231140 1.313303 0.469819
v -0.316018 1.345032 0.475340
v -0.280523 1.360509 0.474677
v -0.280523 1.359735 0.465181
v -0.275894 1.308660 0.493008
v -0.231140 1.313303 0.469819
v -0.243486 1.344258 0.467168
v -0.316018 1.344258 0.466064
v -0.329135 1.313303 0.468273
v -0.316018 1.277705 0.471585
v -0.280523 1.262228 0.473352
v -0.102974 1.328187 0.490239
v -0.105035 1.323052 0.490926
v -0.098197 1.330241 0.489969
v -0.098197 1.323052 0.490926
v -0.091006 1.323052 0.490926
v -0.098197 1.316325 0.491829
v -0.092967 1.318431 0.491546
v -0.103024 1.318379 0.491546
v -0.135459 1.355455 0.467043
v -0.135459 1.355917 0.476464
v -0.098146 1.371836 0.465830
v -0.098146 1.372298 0.475278
v -0.098146 1.369011 0.482179
v -0.132844 1.353709 0.483284
v -0.128117 1.349344 0.488069
v -0.139280 1.324131 0.490037
v -0.098146 1.362695 0.487085
v -0.063499 1.353709 0.483284
v -0.098146 1.372298 0.475278
v -0.060884 1.355917 0.476464
v -0.060884 1.355455 0.467043
v -0.068226 1.349344 0.488069
v -0.050374 1.323977 0.485589
v -0.060884 1.355917 0.476464
v -0.046703 1.323668 0.478917
v -0.046703 1.323206 0.469496
v -0.057062 1.324131 0.490037
v -0.064756 1.285772 0.488419
v -0.046703 1.323668 0.478917
v -0.062091 1.282845 0.481909
v -0.062091 1.282382 0.472501
v -0.069533 1.290701 0.492503
v -0.098146 1.271753 0.489484
v -0.062091 1.282845 0.481909
v -0.098146 1.267645 0.483055
v -0.098146 1.267182 0.473647
v -0.098146 1.278685 0.493420
v -0.131587 1.285772 0.488419
v -0.098146 1.267645 0.483055
v -0.134252 1.282845 0.481909
v -0.134252 1.282382 0.472501
v -0.126809 1.290701 0.492503
v -0.145969 1.323977 0.485589
v -0.134252 1.282845 0.481909
v -0.149639 1.323668 0.478917
v -0.149639 1.323206 0.469496
v -0.149639 1.323668 0.478917
v -0.135459 1.355917 0.476464
v -0.135459 1.355455 0.467043
v -0.098146 1.362695 0.487085
v -0.098197 1.330241 0.489969
v -0.068226 1.349344 0.488069
v -0.093017 1.328136 0.490239
v -0.057062 1.324131 0.490037
v -0.091006 1.323052 0.490926
v -0.069533 1.290701 0.492503
v -0.092967 1.318431 0.491546
v -0.098146 1.278685 0.493420
v -0.098197 1.316325 0.491829
v -0.126809 1.290701 0.492503
v -0.103024 1.318379 0.491546
v -0.139280 1.324131 0.490037
v -0.105035 1.323052 0.490926
v -0.128117 1.349344 0.488069
v -0.102974 1.328187 0.490239
v -0.093017 1.328136 0.490239
v -0.149639 1.323206 0.469496
v -0.134252 1.282382 0.472501
v -0.098146 1.267182 0.473647
v -0.098146 1.371836 0.465830
v -0.060884 1.355455 0.467043
v -0.046703 1.323206 0.469496
v -0.062091 1.282382 0.472501
v 0.080180 1.317490 0.491766
v 0.077978 1.313793 0.492257
v 0.084297 1.318835 0.491589
v 0.084154 1.313841 0.492257
v 0.088223 1.317154 0.491807
v 0.089994 1.313841 0.492257
v 0.084010 1.307552 0.493088
v 0.079702 1.309328 0.492856
v 0.084154 1.262228 0.473268
v 0.084154 1.262660 0.482660
v 0.048393 1.277304 0.472369
v 0.048393 1.277784 0.481774
v 0.051074 1.280713 0.488290
v 0.084154 1.266789 0.489094
v 0.084154 1.273703 0.493034
v 0.111968 1.285850 0.491589
v 0.055861 1.285610 0.492366
v 0.038483 1.314033 0.485891
v 0.048393 1.277784 0.481774
v 0.034797 1.313697 0.479239
v 0.034797 1.313265 0.469819
v 0.045186 1.314322 0.490335
v 0.050069 1.342313 0.483383
v 0.034797 1.313697 0.479239
v 0.047436 1.344473 0.476567
v 0.047436 1.343993 0.467134
v 0.054904 1.338039 0.488154
v 0.084250 1.357196 0.481542
v 0.047436 1.344473 0.476567
v 0.084202 1.360509 0.474631
v 0.084202 1.360029 0.465185
v 0.084297 1.350907 0.486436
v 0.117090 1.342697 0.482251
v 0.084202 1.360509 0.474631
v 0.119675 1.344905 0.475436
v 0.119675 1.344473 0.466003
v 0.112303 1.338376 0.487036
v 0.129106 1.313985 0.484323
v 0.119675 1.344905 0.475436
v 0.132792 1.313649 0.477644
v 0.132792 1.313169 0.468238
v 0.122452 1.314177 0.488753
v 0.116755 1.280905 0.487513
v 0.132792 1.313649 0.477644
v 0.119436 1.277976 0.480997
v 0.119436 1.277496 0.471605
v 0.088223 1.317154 0.491807
v 0.089994 1.313841 0.492257
v 0.088271 1.309280 0.492856
v 0.084154 1.273703 0.493034
v 0.084010 1.307552 0.493088
v 0.055861 1.285610 0.492366
v 0.079702 1.309328 0.492856
v 0.045186 1.314322 0.490335
v 0.077978 1.313793 0.492257
v 0.054904 1.338039 0.488154
v 0.080180 1.317490 0.491766
v 0.084297 1.350907 0.486436
v 0.084297 1.318835 0.491589
v 0.119436 1.277976 0.480997
v 0.084154 1.262660 0.482660
v 0.084154 1.262228 0.473268
v 0.088271 1.309280 0.492856
v 0.048393 1.277304 0.472369
v 0.047436 1.343993 0.467134
v 0.034797 1.313265 0.469819
v 0.084202 1.360029 0.465185
v 0.119675 1.344473 0.466003
v 0.132792 1.313169 0.468238
v 0.119436 1.277496 0.471605
v -0.738629 1.164096 0.331791
v -0.742961 1.137540 0.337910
v -0.738629 1.164096 0.194113
v -0.742961 1.137540 0.187994
v -0.601466 1.164096 0.331791
v -0.599961 1.137540 0.337910
v -0.636831 1.137540 0.187994
v -0.635326 1.164096 0.194113
v -0.738277 0.513511 0.331294
v -0.742961 0.542221 0.337910
v -0.742961 0.542221 0.187994
v -0.738277 0.513511 0.194609
v -0.599961 0.542221 0.337910
v -0.601588 0.513511 0.331294
v -0.635204 0.513511 0.194609
v -0.636831 0.542221 0.187994
v -0.680678 1.163456 0.251654
v -0.680678 2.181397 0.251654
v -0.677672 1.163456 0.251871
v -0.677672 2.181397 0.251871
v -0.674782 1.163456 0.252514
v -0.674782 2.181397 0.252514
v -0.672118 1.163456 0.253558
v -0.672118 2.181397 0.253558
v -0.669783 1.163456 0.254963
v -0.669783 2.181397 0.254963
v -0.667867 1.163456 0.256675
v -0.667867 2.181397 0.256675
v -0.666443 1.163456 0.258628
v -0.666443 2.181397 0.258628
v -0.665566 1.163456 0.260748
v -0.665566 2.181397 0.260748
v -0.665270 1.163456 0.262952
v -0.665270 2.181397 0.262952
v -0.665566 1.163456 0.265156
v -0.665566 2.181397 0.265156
v -0.666443 1.163456 0.267275
v -0.666443 2.181397 0.267275
v -0.667867 1.163456 0.269228
v -0.667867 2.181397 0.269228
v -0.669783 1.163456 0.270940
v -0.669783 2.181397 0.270940
v -0.672118 1.163456 0.272345
v -0.672118 2.181397 0.272345
v -0.674782 1.163456 0.273389
v -0.674782 2.181397 0.273389
v -0.677672 1.163456 0.274032
v -0.677672 2.181397 0.274032
v -0.680678 1.163456 0.274249
v -0.680678 2.181397 0.274249
v -0.683684 1.163456 0.274032
v -0.683684 2.181397 0.274032
v -0.686575 1.163456 0.273389
v -0.686575 2.181397 0.273389
v -0.689239 1.163456 0.272345
v -0.689239 2.181397 0.272345
v -0.691574 1.163456 0.270940
v -0.691574 2.181397 0.270940
v -0.693490 1.163456 0.269228
v -0.693490 2.181397 0.269228
v -0.694914 1.163456 0.267275
v -0.694914 2.181397 0.267275
v -0.695791 1.163456 0.265156
v -0.695791 2.181397 0.265156
v -0.696087 1.163456 0.262952
v -0.696087 2.181397 0.262952
v -0.695791 1.163456 0.260748
v -0.695791 2.181397 0.260748
v -0.694914 1.163456 0.258628
v -0.694914 2.181397 0.258628
v -0.693490 1.163456 0.256675
v -0.693490 2.181397 0.256675
v -0.691574 1.163456 0.254963
v -0.691574 2.181397 0.254963
v -0.689239 1.163456 0.253558
v -0.689239 2.181397 0.253558
v -0.686575 1.163456 0.252514
v -0.686575 2.181397 0.252514
v -0.683684 1.163456 0.251871
v -0.683684 2.181397 0.251871
v -0.727022 2.181250 0.302009
v -0.727022 2.592240 0.302009
v -0.727022 2.181250 0.223894
v -0.727022 2.592240 0.223894
v -0.634335 2.181250 0.302009
v -0.634335 2.592240 0.302009
v -0.634335 2.181250 0.223894
v -0.634335 2.592240 0.223894
vn 0.7760 -0.4003 -0.4874
vn 0.7974 -0.1799 -0.5760
vn 0.7974 -0.1800 -0.5760
vn 0.7761 -0.4003 -0.4874
vn -0.1597 -0.9854 0.0586
vn -0.1672 -0.9842 0.0590
vn -0.0170 -0.9981 0.0589
vn -0.0170 -0.9981 0.0590
vn 0.9228 -0.3256 0.2061
vn 0.9218 -0.3257 0.2103
vn 0.9376 -0.3475 0.0153
vn 0.9376 -0.3474 0.0152
vn 0.4115 0.9010 0.1372
vn 0.4100 0.9010 0.1415
vn 0.4223 0.9053 -0.0459
vn 0.4223 0.9053 -0.0458
vn -0.9350 -0.3546 0.0021
vn 0.9938 -0.0076 0.1110
vn 0.9938 -0.0076 0.1111
vn 0.9951 0.0829 0.0546
vn 0.9934 0.1055 0.0459
vn 0.9278 0.0075 0.3729
vn 0.9271 -0.0377 0.3729
vn 0.9689 -0.0378 0.2444
vn 0.9697 0.0075 0.2443
vn 0.3806 -0.9226 0.0633
vn 0.3455 -0.9363 0.0633
vn 0.0216 0.0618 0.9979
vn 0.0146 0.0594 0.9981
vn 0.0141 0.0640 0.9978
vn 0.0146 0.0639 0.9979
vn 0.2229 0.0949 0.9702
vn 0.1567 -0.0371 0.9870
vn 0.2664 -0.1574 0.9509
vn 0.3726 0.0894 0.9237
vn 0.1206 0.9729 0.1975
vn 0.1074 0.9761 0.1889
vn 0.0491 0.9816 0.1846
vn -0.3958 -0.8864 0.2402
vn -0.3991 -0.8872 0.2316
vn -0.3986 -0.9160 0.0460
vn -0.3986 -0.9160 0.0459
vn -0.0019 -0.0524 -0.9986
vn -0.0020 -0.0524 -0.9986
vn -0.9050 0.3892 0.1717
vn -0.9044 0.3924 0.1674
vn -0.9237 0.3827 -0.0196
vn -0.9237 0.3826 -0.0197
vn -0.0000 -0.0482 -0.9988
vn -0.0000 0.0395 -0.9992
vn -0.0001 -0.0484 -0.9988
vn 0.7852 0.4141 -0.4604
vn 0.7847 0.4276 -0.4488
vn 0.7778 0.0152 -0.6283
vn 0.7797 0.0380 -0.6250
vn 0.9065 0.3893 0.1631
vn 0.9050 0.3892 0.1718
vn 0.9265 0.3757 -0.0196
vn 0.9266 0.3756 -0.0197
vn 0.3908 0.9102 0.1372
vn 0.3888 0.9097 0.1458
vn 0.4017 0.9146 -0.0460
vn 0.9202 -0.3327 0.2061
vn 0.9193 -0.3325 0.2103
vn 0.9349 -0.3545 0.0153
vn 0.9350 -0.3544 0.0154
vn -0.0171 0.9979 -0.0630
vn -0.0170 0.9979 -0.0633
vn -0.0245 0.9980 -0.0589
vn -0.0244 0.9980 -0.0589
vn -0.3722 0.4693 0.8007
vn 0.0057 0.6129 0.7901
vn 0.0057 0.8097 0.5868
vn -0.5225 0.6050 0.6008
vn -0.7689 0.0339 0.6385
vn -0.9215 -0.3292 0.2061
vn -0.9192 -0.3328 0.2103
vn -0.5694 -0.4696 0.6748
vn -0.8193 0.0340 0.5724
vn -0.9275 0.0189 0.3732
vn -0.9275 0.0189 0.3733
vn -0.8192 0.0339 0.5725
vn 0.7687 -0.0377 -0.6385
vn 0.9766 0.0151 0.2146
vn 0.9684 0.0153 0.2490
vn 0.9686 0.0152 0.2481
vn 0.9775 0.0151 0.2103
vn 0.7177 0.1721 -0.6747
vn 0.7687 -0.0378 -0.6385
vn 0.7194 0.1648 -0.6747
vn 0.2823 0.6146 -0.7366
vn 0.3094 0.6014 -0.7366
vn 0.0848 0.6839 -0.7246
vn 0.0849 0.6839 -0.7246
vn 0.0772 0.6849 -0.7245
vn 0.0773 0.6848 -0.7246
vn 0.0774 0.6847 -0.7247
vn 0.4036 -0.9149 0.0023
vn 0.4035 -0.9150 0.0022
vn 0.4035 -0.9150 0.0021
vn -0.8958 0.4099 0.1717
vn -0.8983 0.4063 0.1674
vn -0.9148 0.4034 -0.0196
vn -0.9148 0.4034 -0.0197
vn 0.0001 -0.0482 -0.9988
vn -0.0000 -0.0481 -0.9988
vn -0.4009 -0.8852 0.2359
vn -0.4053 -0.9130 0.0458
vn -0.4052 -0.9131 0.0459
vn 0.0699 0.6856 -0.7246
vn 0.0701 0.6856 -0.7246
vn 0.0322 0.6883 -0.7247
vn 0.0019 0.6891 -0.7246
vn -0.0095 -0.0515 -0.9986
vn 0.3897 -0.9210 0.0022
vn 0.3896 -0.9210 0.0021
vn -0.3940 -0.8883 0.2359
vn -0.3991 -0.8872 0.2317
vn -0.3984 -0.9161 0.0459
vn -0.9085 0.3789 0.1761
vn -0.9110 0.3789 0.1631
vn -0.9294 0.3685 -0.0196
vn 0.9117 0.3751 0.1675
vn 0.9109 0.3753 0.1718
vn -0.0000 -0.0655 0.9979
vn -0.0000 -0.0611 0.9981
vn 0.9271 -0.3187 0.1975
vn 0.9233 -0.3186 0.2146
vn 0.9376 -0.3474 0.0154
vn 0.9375 -0.3475 0.0153
vn 0.3991 -0.8871 0.2317
vn 0.3969 -0.8870 0.2359
vn 0.4018 -0.9146 0.0459
vn -0.0019 -0.9447 0.3280
vn -0.0000 -0.9229 0.3850
vn -0.0000 -0.9229 0.3851
vn 0.9236 -0.3259 0.2018
vn 0.9218 -0.3257 0.2104
vn -0.0018 0.9836 0.1803
vn -0.0000 -0.0391 -0.9992
vn 0.3977 0.9072 0.1373
vn 0.3962 0.9072 0.1415
vn 0.4025 0.9143 -0.0460
vn 0.4021 0.9145 -0.0459
vn -0.9218 -0.3257 0.2103
vn -0.9224 -0.3295 0.2018
vn -0.9376 -0.3474 0.0152
vn -0.9376 -0.3475 0.0152
vn -0.0736 0.6852 -0.7246
vn -0.0734 0.6851 -0.7247
vn -0.0735 0.6852 -0.7247
vn -0.0735 0.6852 -0.7246
vn -0.0000 -0.0392 -0.9992
vn 0.0038 0.6859 -0.7277
vn 0.0057 -0.0521 -0.9986
vn 0.0058 -0.0520 -0.9986
vn 0.0058 -0.0521 -0.9986
vn -0.3801 -0.8943 0.2359
vn -0.3802 -0.8943 0.2359
vn -0.3913 -0.9191 0.0459
vn 0.9192 -0.3328 0.2103
vn -0.3966 -0.9180 0.0022
vn -0.3966 -0.9180 0.0021
vn 0.3977 0.9072 0.1372
vn 0.3962 0.9072 0.1416
vn 0.4018 0.9146 -0.0459
vn -0.0057 -0.0343 -0.9994
vn -0.0019 -0.0523 -0.9986
vn 0.0036 0.1306 0.9914
vn 0.0038 0.1307 0.9914
vn 0.0037 0.1306 0.9914
vn 0.0037 0.1307 0.9914
vn -0.0037 0.1306 0.9914
vn -0.0037 0.1307 0.9914
vn -0.0038 0.1306 0.9914
vn -0.0074 0.0605 0.9981
vn -0.0127 0.0508 0.9986
vn -0.0196 0.0534 0.9984
vn -0.0075 0.0606 0.9981
vn -0.0132 0.7350 0.6780
vn -0.0810 0.7366 0.6715
vn -0.0809 0.7366 0.6715
vn -0.0000 0.0611 0.9981
vn -0.0001 0.0610 0.9981
vn 0.0018 0.0568 0.9984
vn 0.0018 0.0567 0.9984
vn -0.0055 0.0565 0.9984
vn -0.0074 0.0607 0.9981
vn -0.0055 0.0521 0.9986
vn -0.0000 -0.0437 -0.9990
vn -0.0001 -0.0393 -0.9992
vn -0.0001 -0.0482 -0.9988
vn -0.0002 0.0350 -0.9994
vn 0.0019 0.0350 -0.9994
vn -0.0000 -0.0175 0.9998
vn -0.0000 -0.0173 0.9999
vn -0.0000 -0.9230 0.3848
vn 0.0566 0.9712 0.2316
vn 0.0565 0.9712 0.2316
vn -0.7687 -0.0377 -0.6385
vn -0.0019 -0.9933 0.1155
vn -0.0019 -0.9933 0.1156
vn 0.0017 -0.0350 -0.9994
vn 0.0018 -0.0350 -0.9994
vn -0.0038 0.6858 -0.7277
vn 0.0019 0.6891 -0.7247
vn -0.0000 0.6827 -0.7307
vn 0.0038 0.6858 -0.7277
vn 0.0038 0.6858 -0.7278
vn 0.9695 0.0151 0.2446
vn 0.9276 0.0226 0.3729
vn 0.9696 0.0151 0.2443
vn 0.9695 0.0149 0.2446
vn 0.0018 0.0351 -0.9994
vn 0.0002 0.0351 -0.9994
vn -0.9990 -0.0454 0.0022
vn -0.9971 -0.0754 0.0066
vn -0.9848 -0.1728 0.0153
vn -0.0001 0.0611 0.9981
vn 0.0017 0.0569 0.9984
vn 0.0019 0.0568 0.9984
vn 0.0017 0.0570 0.9984
vn -0.7690 -0.0303 -0.6385
vn 0.0019 -0.9432 0.3322
vn -0.0000 -0.9461 0.3239
vn -0.0094 0.1260 0.9920
vn -0.0168 0.1165 0.9931
vn -0.0183 0.0898 0.9958
vn -0.0056 0.1002 0.9950
vn -0.9150 -0.4035 0.0022
vn -0.7690 -0.0304 -0.6385
vn -0.9350 0.3546 0.0021
vn -0.9350 0.3546 0.0022
vn -0.0094 -0.0516 -0.9986
vn -0.0096 -0.0515 -0.9986
vn 0.0037 -0.7668 -0.6419
vn -0.0018 -0.7640 -0.6452
vn -0.0019 -0.7640 -0.6452
vn 0.0038 -0.7668 -0.6419
vn 0.0091 0.0516 0.9986
vn 0.0074 0.0607 0.9981
vn 0.0090 0.0561 0.9984
vn -0.7777 0.0189 -0.6283
vn -0.7799 0.0341 -0.6249
vn -0.0000 -0.9230 0.3849
vn -0.3890 0.9096 0.1458
vn -0.3873 0.9117 0.1372
vn -0.3984 0.9161 -0.0459
vn -0.3985 0.9160 -0.0459
vn -0.0321 -0.9733 0.2274
vn -0.0320 -0.9733 0.2274
vn -0.0055 0.0566 0.9984
vn -0.0072 0.0607 0.9981
vn -0.0146 0.0594 0.9981
vn -0.0811 0.6843 -0.7246
vn -0.0885 0.6834 -0.7246
vn -0.7852 0.4141 -0.4604
vn -0.7829 0.4309 -0.4487
vn -0.7998 0.3660 -0.4759
vn -0.7901 0.4176 -0.4487
vn -0.0000 1.0000 0.0022
vn -0.1261 0.9685 0.2146
vn -0.1131 0.9738 0.1975
vn -0.1299 0.9708 0.2018
vn -0.1392 0.9676 0.2105
vn 0.0072 0.0607 0.9981
vn 0.0147 0.0593 0.9981
vn -0.8006 -0.1648 -0.5761
vn -0.8008 -0.1573 -0.5778
vn -0.7974 -0.1799 -0.5760
vn -0.7974 -0.1800 -0.5760
vn -0.0000 0.0610 0.9981
vn 0.0018 0.0524 0.9986
vn -0.0000 -1.0000 0.0023
vn -0.0000 -1.0000 0.0022
vn -0.0038 0.6859 -0.7277
vn 0.0073 0.0608 0.9981
vn 0.0271 0.0644 0.9976
vn 0.0019 -0.7016 0.7125
vn 0.0019 -0.8272 0.5618
vn 0.0490 0.9861 0.1587
vn 0.0038 0.9880 0.1545
vn 0.3242 -0.9439 0.0633
vn -0.0019 -0.7048 0.7094
vn -0.0019 -0.8248 0.5655
vn -0.0107 0.0423 0.9990
vn 0.0017 0.0568 0.9984
vn 0.0016 0.0566 0.9984
vn 0.0020 -0.7016 0.7126
vn -0.0019 -0.8248 0.5654
vn 0.0020 -0.7016 0.7125
vn -0.0018 -0.7047 0.7095
vn 0.0072 0.0605 0.9981
vn -0.0072 0.0605 0.9981
vn -0.0018 -0.7641 -0.6451
vn -0.0018 -0.9933 0.1156
vn 0.0453 0.9990 0.0022
vn -0.0056 0.0958 0.9954
vn -0.0111 0.0866 0.9962
vn -0.0164 0.0724 0.9972
vn 0.0236 0.0313 0.9992
vn 0.0232 0.0313 0.9992
vn 0.0019 0.0523 0.9986
vn -0.0018 -0.9933 0.1157
vn 0.0293 0.0382 0.9988
vn 0.0123 0.0123 0.9998
vn 0.0123 0.0124 0.9998
vn 0.0291 0.0382 0.9988
vn -0.0054 0.0565 0.9984
vn -0.0126 0.0554 0.9984
vn 0.0072 0.0603 0.9982
vn 0.0073 0.0607 0.9981
vn -0.0038 0.6858 -0.7278
vn 0.1430 0.9897 -0.0022
vn 0.1205 0.9927 -0.0022
vn 0.0090 0.0562 0.9984
vn -0.0000 0.0609 0.9981
vn -0.0237 0.0314 0.9992
vn -0.0000 0.0655 0.9979
vn 0.7734 0.0527 0.6318
vn 0.5338 0.5951 0.6008
vn -0.8007 -0.3485 0.4873
vn -0.8450 -0.1724 0.5063
vn -0.9243 -0.1801 0.3364
vn 0.0162 0.0544 0.9984
vn 0.9685 0.0152 0.2487
vn 0.9685 0.0151 0.2486
vn 0.9683 0.0153 0.2492
vn -0.1780 0.0905 0.9799
vn -0.1249 0.2414 0.9624
vn -0.2372 0.3457 0.9079
vn -0.3401 0.0856 0.9365
vn 0.0076 0.0607 0.9981
vn 0.9270 -0.0377 0.3733
vn 0.8187 -0.0452 0.5725
vn 0.8442 -0.1650 0.5101
vn 0.9162 -0.1651 0.3651
vn 0.9277 0.0075 0.3733
vn 0.8199 0.0075 0.5725
vn -0.0075 0.0607 0.9981
vn -0.0073 0.0607 0.9981
vn 0.0001 0.0611 0.9981
vn 0.9275 0.0226 0.3732
vn 0.8194 0.0301 0.5725
vn 0.8191 0.0376 0.5725
vn -0.0000 -0.9228 0.3852
vn 0.0001 -0.9229 0.3851
vn -0.0019 -0.8250 0.5652
vn -0.0019 -0.8250 0.5651
vn 0.8215 0.0377 0.5689
vn 0.8216 0.0376 0.5689
vn 0.8216 0.0375 0.5689
vn 0.8215 0.0376 0.5689
vn 0.8216 0.0376 0.5688
vn 0.9243 -0.1801 0.3365
vn 0.8450 -0.1724 0.5063
vn 0.8216 0.0377 0.5689
vn 0.7610 0.2449 0.6008
vn 0.7790 0.2016 0.5938
vn -0.8217 0.0340 0.5689
vn -0.9377 0.3476 0.0021
vn -0.9377 0.3475 0.0022
vn 0.0997 0.7343 0.6715
vn 0.0847 0.7361 0.6715
vn -0.9296 0.3687 0.0022
vn -0.9295 0.3687 0.0022
vn -0.9296 0.3686 0.0022
vn -0.0168 0.9978 -0.0634
vn -0.0000 0.0612 0.9981
vn -0.0113 -0.0065 0.9999
vn -0.0823 0.0291 0.9962
vn -0.2301 -0.1192 0.9658
vn -0.0114 -0.0064 0.9999
vn -0.0092 0.0736 0.9972
vn -0.0091 0.0735 0.9973
vn -0.0347 0.0503 0.9981
vn -0.8726 -0.3987 0.2823
vn -0.8531 -0.3845 0.3527
vn -0.9492 -0.1690 0.2655
vn -0.9606 -0.1766 0.2145
vn -0.0358 0.6882 -0.7247
vn -0.0353 0.6877 -0.7252
vn -0.0736 0.6851 -0.7247
vn 0.9239 -0.3827 0.0022
vn 0.9239 -0.3826 0.0021
vn 0.0146 0.0638 0.9979
vn 0.8022 -0.3450 0.4873
vn -0.8442 -0.1650 0.5101
vn -0.9155 -0.1688 0.3652
vn 0.0215 0.0619 0.9979
vn 0.0217 0.0572 0.9981
vn 0.0348 0.0505 0.9981
vn 0.0066 0.0113 0.9999
vn 0.0065 0.0114 0.9999
vn 0.0347 0.0504 0.9981
vn 0.0352 0.0438 0.9984
vn 0.0354 0.0444 0.9984
vn 0.0120 0.0126 0.9998
vn 0.0118 0.0126 0.9999
vn 0.3966 -0.9180 0.0021
vn 0.3965 -0.9180 0.0020
vn -0.0175 0.0303 0.9994
vn 0.0073 0.0651 0.9979
vn -0.0245 0.9980 -0.0590
vn -0.0094 0.9982 -0.0589
vn 0.0627 0.0838 0.9945
vn 0.0495 0.0278 0.9984
vn 0.0627 0.0839 0.9945
vn 0.0065 0.0113 0.9999
vn 0.0354 0.0445 0.9984
vn -0.8217 0.0341 0.5690
vn 0.0073 -0.1044 0.9945
vn -0.1310 -0.0476 0.9902
vn -0.2530 -0.1634 0.9536
vn 0.0132 -0.2715 0.9623
vn 0.1067 0.0896 0.9902
vn 0.0823 0.0291 0.9962
vn 0.2271 -0.1160 0.9669
vn 0.3071 0.0816 0.9482
vn -0.0064 0.0115 0.9999
vn -0.0066 0.0113 0.9999
vn 0.0239 0.0358 0.9991
vn 0.0239 0.0362 0.9991
vn 0.0145 0.0638 0.9979
vn -0.0239 0.0365 0.9990
vn -0.0239 0.0366 0.9990
vn -0.8217 0.0339 0.5689
vn -0.0323 0.0413 0.9986
vn -0.0322 0.0413 0.9986
vn -0.3799 0.4677 0.7981
vn 0.0001 0.6090 0.7932
vn 0.0001 0.8072 0.5903
vn -0.5282 0.6001 0.6008
vn -0.0348 0.0505 0.9981
vn -0.0347 0.0502 0.9981
vn -0.0065 0.0114 0.9999
vn -0.0018 0.0742 0.9972
vn -0.3662 0.6442 0.6715
vn -0.3088 0.6703 0.6747
vn -0.7610 0.2449 0.6008
vn -0.7790 0.2016 0.5938
vn -0.0236 0.0314 0.9992
vn -0.0320 0.0359 0.9988
vn -0.1034 0.7338 0.6715
vn -0.1034 0.7339 0.6713
vn 0.0057 0.0742 0.9972
vn 0.0059 0.0743 0.9972
vn -0.0239 0.0358 0.9991
vn -0.0239 0.0367 0.9990
vn 0.0056 0.0739 0.9972
vn 0.0347 0.0503 0.9981
vn 0.0055 0.0740 0.9972
vn 0.0129 0.0686 0.9976
vn 0.0129 0.0775 0.9969
vn 0.0147 0.0639 0.9978
vn 0.0091 0.0560 0.9984
vn -0.0322 0.0414 0.9986
vn -0.0065 0.0113 0.9999
vn 0.0129 0.0732 0.9972
vn -0.0164 0.0768 0.9969
vn -0.0166 0.0679 0.9976
vn 0.0237 0.0314 0.9992
vn 0.0238 0.0314 0.9992
vn -0.0001 0.0655 0.9979
vn -0.0175 0.0302 0.9994
vn -0.0145 0.0639 0.9979
vn -0.0216 0.0618 0.9979
vn -0.0237 0.0657 0.9976
vn -0.9915 0.0189 0.1285
vn -0.9933 0.0038 0.1155
vn -0.9964 0.0038 0.0851
vn -0.9964 -0.0038 0.0851
vn 0.0001 0.0612 0.9981
vn -0.0000 0.0615 0.9981
vn -0.0017 -0.0523 -0.9986
vn 0.0183 0.0245 0.9995
vn 0.0182 0.0245 0.9995
vn -0.0072 0.0649 0.9979
vn -0.0073 0.0650 0.9979
vn -0.9109 0.3753 0.1718
vn -0.9104 0.3784 0.1675
vn -0.9266 0.3756 -0.0197
vn -0.0019 0.9983 -0.0590
vn -0.0325 0.0466 0.9984
vn 0.0239 0.0366 0.9990
vn -0.0054 0.0566 0.9984
vn -0.9685 0.0151 0.2486
vn -0.9696 0.0114 0.2444
vn -0.9696 0.0113 0.2444
vn -0.0073 0.0651 0.9979
vn 0.1300 -0.0367 0.9908
vn -0.0056 -0.1002 0.9950
vn -0.0094 -0.2717 0.9623
vn 0.2479 -0.1634 0.9549
vn -0.0324 0.0466 0.9984
vn -0.0327 0.0465 0.9984
vn 0.0206 0.1596 0.9870
vn 0.0706 0.1446 0.9870
vn 0.2110 0.2853 0.9349
vn 0.0205 0.1596 0.9870
vn -0.0073 0.0652 0.9978
vn -0.0118 0.0126 0.9999
vn -0.0120 0.0126 0.9998
vn -0.0382 0.0420 0.9984
vn -0.0381 0.0420 0.9984
vn -0.0066 0.0114 0.9999
vn 0.0107 0.0423 0.9990
vn 0.0216 0.0573 0.9981
vn 0.0201 0.0671 0.9975
vn 0.0201 0.0669 0.9976
vn 0.0064 0.0113 0.9999
vn -0.0210 0.0222 0.9995
vn -0.0210 0.0223 0.9995
vn -0.0152 0.0264 0.9995
vn -0.0153 0.0265 0.9995
vn -0.0124 0.0124 0.9998
vn -0.0122 0.0123 0.9998
vn 0.0293 0.0434 0.9986
vn 0.0293 0.0433 0.9986
vn -0.9350 -0.3546 0.0022
vn -0.9350 -0.3546 0.0023
vn 0.0068 0.0112 0.9999
vn -0.3893 0.9102 0.1415
vn -0.5338 0.5951 0.6008
vn 0.0058 0.8097 0.5868
vn -0.3943 0.9087 0.1372
vn -0.3490 -0.9353 0.0590
vn 0.9059 0.3890 0.1674
vn 0.9050 0.3892 0.1717
vn 0.9237 0.3826 -0.0197
vn -1.0000 -0.0000 0.0022
vn -0.0000 -0.0174 0.9998
vn 0.0018 0.7410 0.6715
vn -0.0434 0.7397 0.6715
vn -0.0434 0.7398 0.6714
vn -0.0000 0.0131 0.9999
vn -0.0000 0.0132 0.9999
vn 0.0019 -0.0349 -0.9994
vn -0.0003 0.0395 -0.9992
vn 0.3966 0.9180 0.0022
vn 0.3965 0.9180 0.0021
vn 0.0019 -0.9432 0.3321
vn 0.0021 0.0570 0.9984
vn -0.0112 0.2841 0.9587
vn 0.1161 0.2411 0.9635
vn 0.2321 0.3444 0.9097
vn -0.0024 0.4351 0.9004
vn 0.0001 0.0610 0.9981
vn 0.0012 0.0571 0.9984
vn 0.0021 0.0573 0.9984
vn 0.0110 0.0912 0.9958
vn 0.0110 0.0911 0.9958
vn 0.0256 0.0790 0.9965
vn 0.0256 0.0789 0.9966
vn 0.0002 0.0395 -0.9992
vn -0.1354 0.9758 0.1717
vn -0.1205 0.9927 -0.0022
vn -0.1430 0.9897 -0.0022
vn -0.1429 0.9747 0.1717
vn -0.3652 0.0858 0.9270
vn -0.2666 -0.1484 0.9523
vn -0.1522 -0.0370 0.9877
vn -0.2166 0.0982 0.9713
vn 0.0093 0.2884 0.9575
vn 0.0038 0.4390 0.8985
vn -0.0035 0.0436 0.9990
vn 0.0036 0.0435 0.9990
vn 0.9706 0.0151 0.2402
vn -0.0000 1.0000 -0.0022
vn -0.0000 -0.0172 0.9999
vn -0.0000 0.0133 0.9999
vn -0.0000 -0.0173 0.9998
vn -0.1487 0.2225 0.9635
vn -0.2594 0.3243 0.9097
vn 0.0252 0.0071 0.9997
vn 0.0236 0.0314 0.9992
vn -0.0233 0.0313 0.9992
vn -0.0239 0.0104 0.9997
vn -0.0240 0.0104 0.9997
vn 0.3897 0.9210 0.0022
vn 0.3896 0.9210 0.0022
vn 0.3897 0.9209 0.0022
vn -0.7661 0.0339 0.6419
vn -0.9190 -0.3362 0.2061
vn -0.5547 -0.4868 0.6747
vn -0.3967 -0.3236 0.8590
vn -0.5530 0.0602 0.8310
vn -0.7734 0.0527 0.6318
vn -0.5563 -0.4805 0.6780
vn -0.1447 0.9678 0.2061
vn 0.0072 0.0609 0.9981
vn 1.0000 0.0001 0.0066
vn 1.0000 0.0001 0.0075
vn 0.9999 -0.0076 0.0065
vn -0.0094 -0.7231 0.6907
vn 0.0056 -0.7231 0.6907
vn 0.3958 -0.8864 0.2402
vn 0.5621 -0.4782 0.6748
vn 0.7711 0.0452 0.6351
vn 0.0659 0.7351 0.6747
vn -0.5257 0.6057 0.5973
vn -0.7657 0.0415 0.6419
vn -0.8189 -0.0415 0.5724
vn -0.9268 -0.0415 0.3733
vn 0.3122 0.6688 0.6747
vn 0.3629 0.6461 0.6715
vn -0.1110 0.9748 0.1932
vn -0.1111 0.9803 0.1631
vn -0.1036 0.9812 0.1631
vn -0.0168 0.1643 0.9863
vn 0.0314 0.1404 0.9896
vn 0.0315 0.1401 0.9896
vn -0.0132 0.3749 0.9270
vn -0.0279 0.1410 0.9896
vn -0.0349 0.1392 0.9896
vn -0.0566 0.0881 0.9945
vn -0.0567 0.0880 0.9945
vn 0.0127 0.0002 0.9999
vn 0.0131 -0.0000 0.9999
vn -0.0145 0.0638 0.9979
vn -0.9685 0.0149 0.2487
vn -0.9685 0.0151 0.2484
vn 0.0091 0.0559 0.9984
vn -0.0126 0.0553 0.9984
vn -0.9080 0.3858 0.1631
vn -0.9050 0.3892 0.1718
vn -0.0216 0.0572 0.9981
vn -0.7711 0.0452 0.6351
vn -0.5646 -0.4754 0.6748
vn 0.0074 0.0606 0.9981
vn -0.9915 0.0189 0.1286
vn -0.9895 0.0302 0.1415
vn 0.0293 0.0435 0.9986
vn 0.0294 0.0435 0.9986
vn 0.0175 0.0302 0.9994
vn 0.0175 0.0303 0.9994
vn -0.0000 -1.0000 -0.0021
vn -0.0000 -1.0000 -0.0022
vn 0.0066 0.0114 0.9999
vn 0.0294 0.0486 0.9984
vn 0.0073 0.0650 0.9979
vn 0.0074 0.0652 0.9978
vn 0.0174 0.0302 0.9994
vn 0.3908 0.9102 0.1373
vn 0.3897 0.9100 0.1415
vn 0.4017 0.9146 -0.0459
vn -0.0463 0.0247 0.9986
vn -0.0463 0.0246 0.9986
vn -0.0019 0.8098 0.5868
vn -0.7760 -0.4004 -0.4874
vn -0.7761 -0.4002 -0.4874
vn 0.2614 0.3278 0.9079
vn 0.7883 0.4210 -0.4487
vn 0.7998 0.3660 -0.4759
vn 0.5158 0.4120 0.7512
vn 0.4361 0.0970 0.8947
vn 0.4361 0.0971 0.8946
vn 0.5092 0.3988 0.7626
vn 0.0252 0.0070 0.9997
vn -0.0241 0.0104 0.9997
vn -0.0241 0.0105 0.9997
vn -0.0111 0.0910 0.9958
vn -0.0110 0.0910 0.9958
vn -0.0037 0.0916 0.9958
vn 0.0019 -0.7262 0.6875
vn 0.5670 -0.4725 0.6747
vn 0.4127 -0.3092 0.8568
vn -0.0019 -0.4931 0.8700
vn -0.4081 0.9026 0.1372
vn -0.4100 0.9010 0.1415
vn -0.0217 0.0572 0.9981
vn -0.0256 0.0788 0.9966
vn -0.0256 0.0789 0.9966
vn 0.5225 0.6050 0.6008
vn 0.3693 0.4717 0.8007
vn 0.5530 0.0602 0.8310
vn 0.7659 0.0377 0.6419
vn -0.9775 0.0151 0.2103
vn -0.9767 0.0113 0.2145
vn 0.0252 0.0072 0.9997
vn 0.0253 0.0071 0.9997
vn -0.5597 -0.4811 0.6747
vn -0.9216 -0.3289 0.2060
vn -0.0053 0.0566 0.9984
vn 0.0132 -0.7230 0.6907
vn 0.9769 -0.0377 0.2103
vn 0.9776 0.0076 0.2103
vn 0.9900 0.1054 -0.0938
vn 0.9907 0.1204 -0.0633
vn 0.9909 0.1279 -0.0415
vn 0.5539 -0.4833 0.6780
vn 0.1726 0.1003 0.9799
vn 0.3368 0.0818 0.9380
vn 0.3837 -0.8928 0.2359
vn 0.3836 -0.8928 0.2359
vn 0.0037 -0.0348 0.9994
vn -0.0037 -0.0348 0.9994
vn -0.0453 0.9990 0.0022
vn -0.1055 0.9944 0.0021
vn -0.1055 0.9944 0.0022
vn 0.0340 0.8291 -0.5581
vn 0.7690 0.0302 0.6385
vn 0.8958 0.4099 0.1718
vn 0.8967 0.4097 0.1674
vn 0.5282 0.6001 0.6008
vn -0.9376 -0.3475 0.0153
vn -0.9964 0.0377 0.0764
vn -0.5339 0.7240 0.4368
vn -0.5187 0.8180 0.2487
vn -0.5188 0.8180 0.2486
vn -0.5345 0.7351 0.4171
vn 0.9907 0.1205 -0.0633
vn 0.3966 -0.9180 0.0022
vn 0.3496 0.7160 0.6043
vn 0.3700 0.8416 0.3934
vn 0.3704 0.8524 0.3692
vn 0.3495 0.7160 0.6043
vn 0.3879 -0.9205 0.0458
vn 0.3879 -0.9206 0.0459
vn 0.9150 0.4035 0.0022
vn 0.9150 0.4035 0.0021
vn 0.0132 -0.4928 0.8701
vn -0.4127 -0.3092 0.8568
vn -0.1056 0.9944 0.0022
vn -0.1130 0.9936 -0.0022
vn -0.0020 -0.0522 -0.9986
vn -0.0018 -0.0525 -0.9986
vn 0.3799 0.4677 0.7981
vn 0.5538 0.0527 0.8310
vn -0.3071 0.0816 0.9482
vn 0.0016 0.0568 0.9984
vn -0.0057 0.1002 0.9950
vn -0.0057 0.1000 0.9950
vn -0.0056 0.1001 0.9950
vn -0.0057 0.1001 0.9950
vn -0.0001 0.6827 -0.7307
vn -0.0018 -0.0523 -0.9986
vn -1.0000 -0.0000 0.0023
vn -0.5538 0.0527 0.8310
vn 0.0018 0.0569 0.9984
vn 0.1056 0.9944 0.0022
vn 0.1130 0.9936 -0.0022
vn 0.0036 -0.0434 0.9991
vn -0.0038 -0.0347 0.9994
vn -0.0074 -0.0607 0.9981
vn -0.0000 -0.0131 0.9999
vn 0.0111 0.0866 0.9962
vn 0.0056 -0.0521 -0.9986
vn -0.0000 -0.0480 -0.9988
vn -0.9210 0.3896 0.0022
vn -0.8198 0.0113 0.5725
vn -0.9277 0.0038 0.3733
vn -0.0959 0.7348 0.6715
vn -0.0960 0.7348 0.6715
vn 0.3836 -0.8929 0.2359
vn 0.5522 -0.4896 0.6748
vn 0.3990 -0.3207 0.8591
vn -0.0095 -0.4929 0.8700
vn -0.1111 0.9796 0.1674
vn 0.9148 0.4034 -0.0196
vn 0.9148 0.4034 -0.0197
vn 0.0183 0.0898 0.9958
vn 0.0204 0.1159 0.9931
vn 0.0056 0.1263 0.9920
vn 0.0093 0.0999 0.9950
vn -0.0000 0.1047 0.9945
vn -0.0019 0.8098 0.5867
vn -0.3962 0.9072 0.1415
vn -0.2170 0.2859 0.9334
vn 0.3700 0.8418 0.3931
vn 0.3681 0.9138 0.1717
vn 0.3682 0.9138 0.1717
vn 0.3704 0.8525 0.3689
vn -0.4190 0.9068 -0.0459
vn -0.4192 0.9067 -0.0458
vn 0.9210 0.3896 0.0021
vn 0.9210 0.3896 0.0022
vn 0.9349 -0.3544 0.0196
vn 0.9349 -0.3543 0.0196
vn 0.9349 -0.3545 0.0196
vn -0.0146 0.0639 0.9979
vn -0.0739 0.1430 0.9870
vn 0.0074 -0.0606 0.9981
vn 0.0091 -0.0472 0.9988
vn 0.0019 -0.7017 0.7125
vn -0.9376 -0.3476 0.0022
vn -0.9377 -0.3475 0.0022
vn 0.0001 1.0000 0.0021
vn -0.0000 1.0000 0.0021
vn 0.1540 0.2290 0.9612
vn 0.8006 -0.1648 -0.5761
vn 0.8021 -0.1574 -0.5761
vn 1.0000 -0.0000 0.0022
vn 0.5572 -0.4839 0.6748
vn 0.0091 0.0558 0.9984
vn 0.5257 0.6057 0.5973
vn 0.9071 0.3824 0.1761
vn 0.9095 0.3823 0.1631
vn -0.9617 -0.1652 0.2187
vn -0.9244 -0.1801 0.3363
vn -0.9510 -0.1651 0.2613
vn -0.9377 -0.3475 0.0023
vn 0.7690 -0.0302 -0.6385
vn 0.7690 -0.0303 -0.6385
vn -0.9273 -0.3179 0.1975
vn -0.9245 -0.3151 0.2146
vn 0.0057 0.9982 -0.0590
vn 0.0208 0.9980 -0.0589
vn 0.0208 0.9980 -0.0590
vn 0.0057 0.9982 -0.0589
vn 0.0209 0.9980 -0.0588
vn 0.0209 0.9980 -0.0589
vn 0.0133 0.9979 -0.0633
vn 0.0132 0.9979 -0.0633
vn -0.9691 -0.0339 0.2444
vn -0.9769 -0.0377 0.2103
vn 0.9267 0.3757 0.0021
vn 0.9267 0.3757 0.0022
vn 0.9267 0.3757 0.0020
vn -0.9776 0.0069 0.2103
vn -0.1109 0.7327 0.6715
vn -0.3966 0.9180 0.0020
vn -0.3966 0.9180 0.0022
vn -0.3966 0.9180 0.0021
vn 0.3974 -0.8868 0.2359
vn -0.8590 -0.3743 0.3491
vn 0.0133 0.9979 -0.0634
vn 0.9766 0.0151 0.2145
vn -0.9766 0.0113 0.2146
vn 0.3966 0.9180 0.0021
vn -0.9696 0.0112 0.2443
vn -0.9269 -0.0415 0.3729
vn -0.9279 0.0038 0.3729
vn -0.9157 -0.1688 0.3648
vn -0.9210 -0.3897 0.0022
vn -0.9696 0.0114 0.2443
vn -0.9684 0.0153 0.2490
vn -0.9685 0.0151 0.2487
vn -0.0022 -0.0524 -0.9986
vn -0.0022 -0.0526 -0.9986
vn -0.0021 -0.0521 -0.9986
vn -0.1595 0.9654 0.2061
vn -0.9277 0.0189 0.3729
vn -0.9706 0.0151 0.2402
vn -0.9277 0.0188 0.3729
vn -0.3896 -0.9210 0.0021
vn -0.3896 -0.9210 0.0022
vn -0.7828 0.5687 0.2527
vn -0.7863 0.5657 0.2485
vn -0.8054 0.5927 0.0022
vn -0.8054 0.5927 0.0021
vn -0.0001 -1.0000 -0.0021
vn 0.0283 -0.9734 0.2274
vn 0.0283 -0.9734 0.2273
vn -0.4034 -0.9150 0.0021
vn -0.4035 -0.9150 0.0022
vn 0.9963 -0.0075 0.0851
vn 0.9964 0.0377 0.0764
vn 0.9964 -0.0000 0.0851
vn 0.9916 0.0151 0.1285
vn 0.9933 0.0076 0.1155
vn 0.9485 -0.1727 0.2656
vn 0.9599 -0.1803 0.2145
vn 0.9617 -0.1652 0.2187
vn 0.9350 -0.3546 0.0021
vn 0.9350 -0.3546 0.0022
vn -0.9821 -0.1878 0.0153
vn 0.9377 -0.3475 0.0022
vn 0.0019 -0.8275 0.5615
vn 0.0019 -0.8274 0.5615
vn 0.0092 0.0999 0.9950
vn 0.9990 -0.0454 0.0022
vn 0.9971 -0.0755 0.0065
vn -0.0566 0.9712 0.2316
vn -0.0567 0.9712 0.2316
vn -0.0490 0.9861 0.1587
vn -0.8994 -0.4343 0.0502
vn -0.0340 0.8291 -0.5580
vn -0.0340 0.8291 -0.5581
vn -0.0264 -0.6396 0.7682
vn 0.9267 -0.3757 0.0022
vn 0.9268 -0.3757 0.0021
vn 0.9267 -0.3757 0.0021
vn 0.9294 0.3685 -0.0196
vn -0.3701 0.8417 0.3931
vn -0.3704 0.8525 0.3689
vn -0.3683 0.9137 0.1717
vn -0.7923 0.5364 0.2906
vn -0.7923 0.5365 0.2907
vn -0.7794 0.5550 0.2907
vn -0.7794 0.5551 0.2907
vn 0.9916 0.0151 0.1286
vn 0.9933 0.0075 0.1155
vn 0.9895 0.0302 0.1415
vn 0.5188 0.8180 0.2487
vn 0.5369 0.7217 0.4368
vn 0.5375 0.7329 0.4171
vn 0.3895 -0.9210 0.0020
vn 0.3895 -0.9210 0.0021
vn -1.0000 -0.0075 0.0066
vn -0.9999 -0.0076 0.0065
vn -1.0000 0.0001 0.0065
vn -1.0000 0.0001 0.0075
vn -0.3095 0.6014 -0.7366
vn -0.2822 0.6146 -0.7366
vn -0.4052 -0.9128 0.0502
vn -0.4052 -0.9129 0.0503
vn -0.4052 -0.9129 0.0502
vn 0.9239 0.3827 0.0022
vn 0.9239 0.3826 0.0021
vn -0.4415 0.0900 0.8927
vn 0.7690 -0.0304 -0.6385
vn -0.9904 0.1017 -0.0937
vn -0.9904 0.1016 -0.0939
vn -0.9909 0.1279 -0.0415
vn -0.9911 0.1167 -0.0633
vn -0.9346 -0.3545 0.0284
vn -0.9346 -0.3545 0.0285
vn -0.9850 0.1728 -0.0022
vn -0.9849 0.1729 -0.0022
vn -0.0022 -0.7046 0.7096
vn -0.3967 -0.9179 0.0021
vn -0.3967 -0.9180 0.0021
vn 0.9350 0.3545 0.0021
vn 0.9350 0.3546 0.0022
vn 0.9350 0.3546 0.0021
vn -0.0716 0.9750 0.2103
vn -0.0771 0.9708 0.2273
vn -0.1316 0.9687 0.2104
vn 0.8547 -0.3810 0.3526
vn 0.8710 -0.4021 0.2823
vn -0.4173 0.9088 0.0022
vn 0.9510 -0.1651 0.2613
vn 0.9244 -0.1801 0.3363
vn 0.9821 -0.1878 0.0153
vn 0.9848 -0.1728 0.0153
vn -0.7177 0.1721 -0.6747
vn -0.7194 0.1648 -0.6747
vn -0.9267 0.3757 0.0022
vn -0.9267 0.3757 0.0021
vn 0.9295 0.3687 0.0022
vn 0.9295 0.3688 0.0021
vn 0.0128 0.0775 0.9969
vn 0.0223 0.1023 0.9945
vn 0.9685 0.0151 0.2487
vn 0.9775 0.0151 0.2102
vn 1.0000 -0.0000 0.0023
vn 0.4173 0.9088 0.0022
vn 0.9685 0.0151 0.2485
vn -0.9350 0.3545 0.0021
vn -0.9947 0.0867 0.0546
vn -0.9937 0.1018 0.0459
vn -0.1091 0.0867 0.9902
vn -0.9150 0.4035 0.0022
vn -0.9150 0.4035 0.0021
vn -0.3896 0.9210 0.0022
vn -0.3896 0.9210 0.0021
vn -0.0020 -0.0523 -0.9986
vn -0.9349 -0.3546 0.0153
vn 0.9150 -0.4035 0.0022
vn 0.0056 -0.0522 -0.9986
vn 0.0057 -0.0522 -0.9986
vn 0.9010 -0.4309 0.0502
vn 0.9010 -0.4310 0.0503
vn 0.4083 -0.9106 0.0633
vn -0.3980 0.9162 -0.0461
vn 0.0056 -0.0525 -0.9986
vn 0.3878 -0.9201 0.0545
vn 0.3878 -0.9201 0.0546
vn 0.8592 -0.3744 0.3487
vn 0.0092 0.0955 0.9954
vn 0.0093 0.0955 0.9954
vn 0.0094 0.0998 0.9950
vn -0.3897 0.9209 0.0022
vn -0.3897 0.9210 0.0022
vn -0.0223 0.1023 0.9945
vn -0.0165 0.0768 0.9969
vn 0.0147 0.0594 0.9981
vn -0.9375 -0.3475 0.0153
vn 0.0161 0.0544 0.9984
vn 0.0148 0.0636 0.9979
vn -0.9239 -0.3826 0.0021
vn -0.0072 0.0603 0.9982
vn 0.0001 -1.0000 0.0021
vn 0.9210 -0.3896 0.0022
vn 0.9210 -0.3897 0.0022
vn 0.0211 0.0572 0.9981
vn 0.9351 0.3545 0.0021
vn -0.0142 0.0640 0.9978
vn 0.4173 -0.9088 0.0022
vn -0.3913 -0.9187 0.0546
vn -0.3912 -0.9187 0.0546
vn 0.9377 0.3476 0.0021
vn 0.9377 0.3475 0.0022
vn -0.4035 0.9150 0.0022
vn 0.0074 -0.0607 0.9981
vn -0.0036 -0.0434 0.9991
vn -0.0057 -0.0475 0.9989
vn 0.1317 0.9687 0.2103
vn 0.1073 0.9753 0.1932
vn -0.4173 -0.9088 0.0022
vn -0.9351 0.3545 0.0021
vn 0.1055 0.9944 0.0021
vn 0.0037 -0.0347 0.9994
vn -0.0146 0.0638 0.9979
vn 0.0001 -0.0481 -0.9988
vn -0.0001 1.0000 0.0021
vn 0.4019 -0.9145 0.0459
vn 0.4019 -0.9146 0.0459
vn -0.4035 -0.9150 0.0021
vn -0.9685 0.0150 0.2485
vn -0.9685 0.0152 0.2487
vn -0.9267 -0.3757 0.0021
vn -0.9267 -0.3757 0.0022
vn 0.9295 -0.3687 0.0021
vn -0.0095 -0.0516 -0.9986
vn 0.1354 0.9758 0.1717
vn 0.1336 0.9703 0.2018
vn 0.1487 0.9672 0.2061
vn 0.1429 0.9747 0.1717
vn 0.0264 -0.6396 0.7682
vn 0.0263 -0.6396 0.7682
vn 0.1559 0.9660 0.2061
vn 0.1391 0.9677 0.2104
vn 0.1132 0.9737 0.1976
vn 0.1223 0.9690 0.2146
vn 0.1148 0.9792 0.1674
vn 0.1074 0.9808 0.1631
vn 0.4035 0.9150 0.0022
vn -0.0240 0.0365 0.9990
vn 0.0239 0.0365 0.9990
vn -0.1111 0.9757 0.1889
vn 0.9163 -0.1651 0.3648
vn -0.4053 0.9130 -0.0459
vn -0.4051 0.9131 -0.0458
vn 0.0207 -0.9980 0.0589
vn 0.1635 -0.9848 0.0586
vn 0.1634 -0.9848 0.0590
vn -0.1167 0.9658 0.2316
vn -0.1036 0.9712 0.2146
vn 0.3456 -0.9365 0.0591
vn 0.3457 -0.9365 0.0591
vn -0.0491 0.9816 0.1846
vn -0.1204 0.9729 0.1974
vn 0.3883 -0.9199 0.0547
vn 0.3880 -0.9200 0.0546
vn 0.0736 0.9710 0.2274
vn 0.0716 0.9750 0.2103
vn 0.9346 -0.3545 0.0284
vn 0.0055 -0.0519 -0.9986
vn 0.0054 -0.0522 -0.9986
vn -0.3983 -0.9161 0.0459
vn -0.3983 -0.9161 0.0460
vn 0.0245 0.7406 0.6715
vn 0.0246 0.7406 0.6715
vn 0.1146 0.7321 0.6715
vn 0.9849 0.1729 -0.0022
vn 0.9850 0.1728 -0.0022
vn 0.0059 -0.0521 -0.9986
vn 0.0059 -0.0522 -0.9986
vn 0.0019 -0.0347 -0.9994
vn -0.3496 0.7160 0.6043
vn -0.3496 0.7159 0.6043
vn -0.3704 0.8524 0.3692
vn -0.3700 0.8416 0.3934
vn -0.3962 0.9072 0.1416
vn -0.4053 0.9130 -0.0458
vn -0.8993 -0.4343 0.0502
vn 0.0003 0.0395 -0.9992
vn 0.3880 -0.9205 0.0459
vn 0.0001 -0.0393 -0.9992
vn -0.9349 -0.3544 0.0196
vn -0.9349 -0.3544 0.0197
vn -0.0037 -0.7668 -0.6419
vn 0.0998 0.9716 0.2146
vn 0.1167 0.9658 0.2316
vn -0.0133 0.1169 -0.9930
vn -0.0133 0.1169 -0.9931
vn 0.0056 -0.0516 -0.9987
vn 0.0056 -0.0517 -0.9986
vn 0.3949 -0.9176 0.0459
vn 0.3950 -0.9176 0.0459
vn 0.3949 -0.9176 0.0460
vn 0.4017 -0.9144 0.0503
vn 0.4017 -0.9144 0.0504
vn 0.0057 -0.0518 -0.9986
vn 0.3967 -0.9180 0.0021
vn -0.9937 -0.0113 0.1111
vn -0.9937 -0.0113 0.1112
vn 0.0005 -0.9230 0.3848
vn -0.9239 0.3827 0.0022
vn -0.9347 -0.3544 0.0284
vn -0.9347 -0.3544 0.0285
vn 0.0396 0.7399 0.6715
vn -0.3914 -0.9191 0.0459
vn -0.0283 0.7405 0.6715
vn -0.0697 0.7348 0.6747
vn 0.0038 0.1306 0.9914
vn 0.5369 0.7216 0.4371
vn 0.5376 0.7327 0.4174
vn 0.8054 0.5927 0.0021
vn 0.8054 0.5927 0.0022
vn 0.7863 0.5657 0.2485
vn 0.7850 0.5657 0.2527
vn 0.7772 0.5581 0.2907
vn 0.7943 0.5334 0.2906
vn 0.7944 0.5334 0.2906
vn -0.5157 0.4120 0.7512
vn -0.5339 0.7238 0.4371
vn -0.5345 0.7349 0.4174
vn -0.5116 0.3959 0.7626
vn -0.4369 0.0933 0.8946
vn -0.4369 0.0934 0.8946
vn -0.0147 0.0640 0.9978
vn -0.9295 -0.3687 0.0022
vn -0.9295 -0.3687 0.0021
vn -0.9295 -0.3687 0.0020
vn -0.0146 0.0639 0.9978
vn -0.0236 0.0658 0.9976
vn -0.0216 0.0573 0.9981
vn 0.0074 0.0651 0.9979
vn 0.4415 0.0900 0.8927
vn -0.3913 -0.9186 0.0546
vn -0.3911 -0.9187 0.0546
vn 0.0096 0.1173 -0.9931
vn 0.0095 0.1173 -0.9930
vn -0.0215 0.0619 0.9979
vn -0.0149 0.0598 0.9981
vn -0.0147 0.0596 0.9981
vn -0.3277 -0.9427 0.0633
vn -0.3419 -0.9376 0.0633
vn -0.3841 -0.9211 0.0633
vn -0.3842 -0.9211 0.0633
vn -0.4049 -0.9122 0.0633
vn 0.3896 0.9210 0.0021
vn 0.0036 0.1305 0.9914
vn 0.0094 0.7350 0.6780
vn 0.0019 0.0569 0.9984
vn 0.0018 0.0566 0.9984
vn -0.0001 0.0609 0.9981
vn 0.0019 0.0570 0.9984
vn -0.4053 -0.9130 0.0459
vn -0.4052 -0.9131 0.0460
vn -0.9376 -0.3474 0.0153
vn -0.9375 -0.3476 0.0153
vn -0.4191 0.9068 -0.0459
vn -0.9294 0.3686 -0.0197
vn 0.4018 0.9146 -0.0458
vn 0.9376 -0.3474 0.0153
vn 0.3991 -0.8872 0.2317
vn 0.7734 0.0527 0.6317
vn 0.1539 0.2291 0.9612
vn 0.0094 0.2884 0.9575
vn 0.1566 -0.0371 0.9870
vn 0.9109 0.3753 0.1717
vn 0.0038 0.4389 0.8985
vn 0.0075 -0.1044 0.9945
vn -0.2529 -0.1634 0.9536
vn 0.3893 0.9102 0.1415
vn -0.1310 -0.0477 0.9902
vn 0.4018 -0.9146 0.0458
vn 0.4224 0.9052 -0.0458
vn 0.4224 0.9052 -0.0459
vn 0.9294 0.3686 -0.0197
vn 0.9095 0.3824 0.1631
vn -0.9109 0.3753 0.1717
vn -0.3983 0.9161 -0.0459
vn 0.1299 -0.0367 0.9908
vn 0.1726 0.1004 0.9799
vn -0.2672 -0.1477 0.9523
vn -0.7734 0.0527 0.6317
vn -0.9272 -0.3183 0.1975
vn -0.1522 -0.0369 0.9877
vn -0.9103 0.3787 0.1674
vn -0.0113 0.2842 0.9587
vn 0.9071 0.3824 0.1760
vn -0.2167 0.0984 0.9713
vn -0.2593 0.3243 0.9097
vn 0.0057 0.8098 0.5867
vn -0.0019 0.4350 0.9004
vn 0.4096 0.9012 0.1415
vn -0.9218 -0.3257 0.2104
vn 0.9349 -0.3546 0.0153
vn 0.3879 -0.9205 0.0459
vn -0.0018 0.8098 0.5867
vn 0.5523 -0.4896 0.6747
vn 0.3991 -0.3206 0.8590
vn 0.5530 0.0601 0.8310
vn -0.0094 -0.4930 0.8700
vn -0.5646 -0.4754 0.6747
vn 0.3890 0.9096 0.1459
vn 0.9192 -0.3329 0.2103
vn -0.2302 -0.1192 0.9658
vn -0.9044 0.3925 0.1674
vn -0.2170 0.2858 0.9334
vn -0.0822 0.0292 0.9962
vn -0.0168 0.1644 0.9862
vn 0.0315 0.1402 0.9896
vn 0.0494 0.0279 0.9984
vn 0.0495 0.0279 0.9984
vn -0.0114 -0.0066 0.9999
vn 0.3880 -0.9205 0.0458
vn 0.3878 -0.9206 0.0459
vn 0.4019 0.9146 -0.0458
vn -0.3914 -0.9191 0.0458
vn -0.0036 0.0915 0.9958
vn -0.4052 0.9131 -0.0459
vn -0.0000 0.8072 0.5903
vn -0.0258 0.0788 0.9966
vn -0.0036 0.0435 0.9990
vn -0.0000 0.6095 0.7928
vn 0.0035 0.0435 0.9990
vn 0.0216 0.0571 0.9981
vn 0.0110 0.0910 0.9958
vn -0.8983 0.4063 0.1675
vn 0.5538 0.0526 0.8310
vn -0.7689 0.0340 0.6385
vn 0.0019 -0.7261 0.6876
vn -0.5694 -0.4696 0.6747
vn -0.0018 -0.4931 0.8700
vn 0.9237 0.3827 -0.0196
vn 0.4021 0.9144 -0.0465
vn -0.3890 0.9096 0.1459
vn -0.9349 -0.3545 0.0153
vn -0.3912 -0.9192 0.0459
vn 0.3958 -0.8864 0.2401
vn 0.0057 -0.7231 0.6907
vn 0.0132 -0.4929 0.8700
vn 0.2271 -0.1159 0.9670
vn -0.9190 -0.3363 0.2061
vn 0.0706 0.1447 0.9870
vn 0.2110 0.2852 0.9349
vn 0.0204 0.1595 0.9870
vn -0.0278 0.1410 0.9896
vn -0.0350 0.1392 0.9896
vn -0.5530 0.0601 0.8310
vn -0.5225 0.6051 0.6008
vn 0.0131 0.0001 0.9999
vn 0.0132 -0.0001 0.9999
vn -0.3722 0.4694 0.8007
vn 0.1068 0.0896 0.9902
vn 0.0056 0.6129 0.7901
vn 0.3958 0.9074 0.1415
vn -0.0000 1.0000 -0.0000
vn -0.0000 -0.0000 -1.0000
vn -0.0000 -0.0000 1.0000
vn -0.9870 0.1610 -0.0000
vn -0.0000 0.2245 -0.9745
vn -0.0000 0.2245 0.9745
vn -1.0000 -0.0000 -0.0000
vn -0.9870 -0.1610 -0.0000
vn -0.0000 -0.2245 -0.9745
vn -0.0000 -0.2245 0.9745
vn -0.0000 -1.0000 -0.0000
vn 0.0720 -0.0000 -0.9974
vn 0.2171 -0.0000 -0.9761
vn 0.3649 -0.0000 -0.9310
vn 0.5156 -0.0000 -0.8568
vn 0.6663 -0.0000 -0.7457
vn 0.8081 -0.0000 -0.5891
vn 0.9240 -0.0000 -0.3823
vn 0.9911 -0.0000 -0.1331
vn 0.9911 -0.0000 0.1331
vn 0.9240 -0.0000 0.3823
vn 0.8081 -0.0000 0.5891
vn 0.6663 -0.0000 0.7457
vn 0.5156 -0.0000 0.8568
vn 0.3649 -0.0000 0.9310
vn 0.2171 -0.0000 0.9761
vn 0.0720 -0.0000 0.9974
vn -0.0720 -0.0000 0.9974
vn -0.2171 -0.0000 0.9761
vn -0.3649 -0.0000 0.9310
vn -0.5156 -0.0000 0.8568
vn -0.6663 -0.0000 0.7457
vn -0.8081 -0.0000 0.5891
vn -0.9240 -0.0000 0.3823
vn -0.9911 -0.0000 0.1331
vn -0.9911 -0.0000 -0.1331
vn -0.9240 -0.0000 -0.3823
vn -0.8081 -0.0000 -0.5891
vn -0.6663 -0.0000 -0.7457
vn -0.5156 -0.0000 -0.8568
vn -0.3649 -0.0000 -0.9310
vn -0.2171 -0.0000 -0.9761
vn -0.0720 -0.0000 -0.9974
vn 1.0000 -0.0000 -0.0000
vt 0.395731 0.011158
vt 0.391389 0.019897
vt 0.384635 0.016499
vt 0.392836 0.002904
vt 0.179484 0.796231
vt 0.179966 0.798901
vt 0.170680 0.798901
vt 0.172006 0.796352
vt 0.437098 0.964582
vt 0.438666 0.953415
vt 0.441078 0.952808
vt 0.439149 0.965917
vt 0.417681 0.970044
vt 0.429621 0.970894
vt 0.430224 0.973321
vt 0.416595 0.972108
vt 0.242079 0.790769
vt 0.240752 0.790890
vt 0.245576 0.777660
vt 0.246662 0.778388
vt 0.070456 0.816744
vt 0.071421 0.815651
vt 0.072265 0.824026
vt 0.070577 0.824148
vt 0.651415 0.407700
vt 0.652139 0.397504
vt 0.666732 0.398232
vt 0.666129 0.408550
vt 0.072265 0.790162
vt 0.071662 0.792711
vt 0.067441 0.791012
vt 0.068527 0.788341
vt 0.234239 0.794167
vt 0.229536 0.795017
vt 0.229174 0.793803
vt 0.233395 0.792104
vt 0.319628 0.958270
vt 0.319508 0.957057
vt 0.327347 0.953051
vt 0.328071 0.960698
vt 0.852345 0.862261
vt 0.853672 0.876098
vt 0.827982 0.876219
vt 0.827500 0.862382
vt 0.393680 0.943462
vt 0.382223 0.944433
vt 0.380896 0.942249
vt 0.394525 0.941035
vt 0.371730 0.842112
vt 0.372092 0.821842
vt 0.376554 0.821963
vt 0.376192 0.841990
vt 0.374866 0.953415
vt 0.375710 0.963611
vt 0.373539 0.964946
vt 0.372454 0.952808
vt 0.411048 0.471181
vt 0.412012 0.428820
vt 0.438666 0.429427
vt 0.437701 0.471787
vt 0.309377 0.411948
vt 0.317819 0.413283
vt 0.317095 0.423843
vt 0.308653 0.421901
vt 0.396213 0.970408
vt 0.402846 0.962762
vt 0.405258 0.963733
vt 0.397298 0.972714
vt 0.384394 0.971379
vt 0.383549 0.973686
vt 0.402485 0.951231
vt 0.404776 0.950260
vt 0.080708 0.641353
vt 0.080467 0.638439
vt 0.085050 0.638682
vt 0.085170 0.641595
vt 0.343991 0.961548
vt 0.350383 0.967374
vt 0.349780 0.969437
vt 0.342061 0.962519
vt 0.232551 0.954022
vt 0.230500 0.953415
vt 0.239305 0.943705
vt 0.240149 0.945647
vt 0.023420 0.442050
vt 0.014616 0.442535
vt 0.015219 0.400417
vt 0.024023 0.400296
vt 0.305276 0.798537
vt 0.307085 0.665385
vt 0.315286 0.665750
vt 0.313598 0.797081
vt 0.752483 0.818807
vt 0.665285 0.800115
vt 0.665285 0.778388
vt 0.752724 0.796352
vt 0.306000 0.842233
vt 0.305155 0.821478
vt 0.313357 0.819535
vt 0.313839 0.839077
vt 0.316492 0.856677
vt 0.320834 0.848909
vt 0.340252 0.861654
vt 0.342664 0.853036
vt 0.371971 0.865902
vt 0.373418 0.857163
vt 0.378002 0.857770
vt 0.376434 0.866509
vt 0.042958 0.768799
vt 0.055501 0.776325
vt 0.054536 0.777053
vt 0.042958 0.770256
vt 0.230983 0.963975
vt 0.228571 0.965189
vt 0.228088 0.952566
vt 0.574107 0.473244
vt 0.575192 0.644387
vt 0.550589 0.643901
vt 0.553845 0.473244
vt 0.321799 0.943584
vt 0.310462 0.945040
vt 0.309135 0.942977
vt 0.322523 0.941035
vt 0.400434 0.869543
vt 0.401399 0.860683
vt 0.431309 0.873063
vt 0.431792 0.864203
vt 0.465200 0.873791
vt 0.465441 0.864931
vt 0.339408 0.820628
vt 0.339528 0.798294
vt 0.372333 0.799144
vt 0.150539 0.782637
vt 0.150539 0.781301
vt 0.163082 0.786399
vt 0.162237 0.787370
vt 0.431671 0.944433
vt 0.419611 0.943341
vt 0.418766 0.941035
vt 0.432877 0.942006
vt 0.303829 0.954265
vt 0.304914 0.963975
vt 0.302743 0.965310
vt 0.301417 0.953780
vt 0.325779 0.970044
vt 0.332171 0.962033
vt 0.334583 0.962883
vt 0.326985 0.972229
vt 0.114839 0.035191
vt 0.119422 0.035312
vt 0.089030 0.368980
vt 0.084567 0.368738
vt 0.331086 0.951109
vt 0.333377 0.950017
vt 0.112065 0.919065
vt 0.107482 0.976113
vt 0.090718 0.975628
vt 0.092648 0.918459
vt 0.367388 0.962640
vt 0.366906 0.951109
vt 0.369197 0.950260
vt 0.369800 0.963733
vt 0.799761 0.875733
vt 0.800002 0.862018
vt 0.439993 0.386337
vt 0.459893 0.020504
vt 0.479190 0.020747
vt 0.473280 0.386944
vt 0.349056 0.971501
vt 0.360634 0.970408
vt 0.361720 0.972714
vt 0.348332 0.973807
vt 0.558669 0.869058
vt 0.554207 0.869422
vt 0.553001 0.860683
vt 0.557584 0.860197
vt 0.532377 0.387794
vt 0.532860 0.397868
vt 0.506568 0.397504
vt 0.506447 0.387430
vt 0.560478 0.802300
vt 0.556016 0.802421
vt 0.547815 0.670605
vt 0.552277 0.670726
vt 0.358222 0.943462
vt 0.346644 0.944433
vt 0.345317 0.942249
vt 0.359066 0.941035
vt 0.259205 0.964704
vt 0.259446 0.951716
vt 0.261858 0.950866
vt 0.261496 0.965796
vt 0.029933 0.774747
vt 0.029088 0.773897
vt 0.239546 0.972593
vt 0.251606 0.972229
vt 0.252571 0.974657
vt 0.238581 0.974778
vt 0.323367 0.381725
vt 0.421058 0.020140
vt 0.373780 0.384638
vt 0.318302 0.956207
vt 0.316372 0.957299
vt 0.317095 0.956450
vt 0.354001 0.956207
vt 0.354966 0.956935
vt 0.355086 0.958270
vt 0.244370 0.960455
vt 0.243285 0.959363
vt 0.243285 0.957906
vt 0.389580 0.955843
vt 0.387168 0.957178
vt 0.388132 0.955964
vt 0.094698 0.767100
vt 0.095663 0.773412
vt 0.079622 0.779481
vt 0.074074 0.763944
vt 0.423229 0.956571
vt 0.423832 0.958513
vt 0.423108 0.957664
vt 0.063702 0.822813
vt 0.061773 0.832887
vt 0.060205 0.832523
vt 0.062014 0.822570
vt 0.084085 0.441200
vt 0.065873 0.443142
vt 0.066959 0.400174
vt 0.083602 0.399568
vt 0.059843 0.772805
vt 0.058999 0.773533
vt 0.048988 0.766736
vt 0.049471 0.764915
vt 0.420817 0.010430
vt 0.317578 0.467539
vt 0.370283 0.427485
vt 0.369559 0.469967
vt 0.088427 0.378933
vt 0.083964 0.378933
vt 0.049350 0.917002
vt 0.057913 0.917245
vt 0.060808 0.974535
vt 0.053692 0.974292
vt 0.875139 0.861411
vt 0.877431 0.861411
vt 0.878155 0.873063
vt 0.876225 0.872942
vt 0.627053 0.826818
vt 0.618852 0.824512
vt 0.619334 0.802178
vt 0.627535 0.803878
vt 0.058396 0.903044
vt 0.073713 0.903529
vt 0.073230 0.917730
vt 0.522367 0.021718
vt 0.522849 0.011886
vt 0.527312 0.012008
vt 0.526829 0.021596
vt 0.321920 0.391192
vt 0.372574 0.394591
vt 0.370886 0.417774
vt 0.506447 0.420566
vt 0.472677 0.420080
vt 0.473039 0.397019
vt 0.650692 0.623389
vt 0.651053 0.459286
vt 0.665767 0.460257
vt 0.665164 0.625452
vt 0.627656 0.418381
vt 0.628138 0.428941
vt 0.574831 0.430762
vt 0.574589 0.421051
vt 0.944609 0.460985
vt 0.990439 0.464869
vt 0.995022 0.474701
vt 0.944488 0.470938
vt 0.123040 0.639653
vt 0.123764 0.613557
vt 0.151624 0.613921
vt 0.151503 0.640260
vt 0.179363 0.795138
vt 0.172489 0.795381
vt 0.166459 0.782151
vt 0.630068 0.670726
vt 0.621987 0.670726
vt 0.622470 0.643901
vt 0.630671 0.643537
vt 0.008224 0.901344
vt 0.034757 0.902315
vt 0.034274 0.916516
vt 0.007741 0.915545
vt 0.120628 0.830217
vt 0.093854 0.827304
vt 0.092889 0.818564
vt 0.120508 0.821599
vt 0.165373 0.801086
vt 0.166579 0.800965
vt 0.162117 0.811282
vt 0.161273 0.810553
vt 0.532980 0.420809
vt 0.626088 0.472637
vt 0.634410 0.470210
vt 0.108688 0.797809
vt 0.104708 0.787613
vt 0.105553 0.786763
vt 0.110015 0.797687
vt 0.563011 0.013950
vt 0.538046 0.012372
vt 0.538649 0.003390
vt 0.566147 0.005817
vt 0.252209 0.768071
vt 0.242079 0.774747
vt 0.241355 0.774019
vt 0.251848 0.766250
vt 0.636581 0.427363
vt 0.106759 0.985459
vt 0.090477 0.984974
vt 0.340131 0.963490
vt 0.337960 0.964825
vt 0.065753 0.816380
vt 0.064788 0.815409
vt 0.116528 0.792954
vt 0.121473 0.794774
vt 0.121352 0.795867
vt 0.115925 0.793803
vt 0.588459 0.857041
vt 0.590630 0.865780
vt 0.636219 0.417289
vt 0.624400 0.396169
vt 0.632480 0.396290
vt 0.125211 0.447633
vt 0.124970 0.441807
vt 0.152830 0.441929
vt 0.152830 0.447755
vt 0.718472 0.858862
vt 0.718593 0.873063
vt 0.694833 0.872578
vt 0.697246 0.858862
vt 0.180690 0.442293
vt 0.180569 0.447997
vt 0.184429 0.793439
vt 0.185032 0.794167
vt 0.631274 0.383910
vt 0.623194 0.386702
vt 0.567112 0.022810
vt 0.573866 0.019533
vt 0.165856 0.782879
vt 0.204329 0.399689
vt 0.203002 0.439986
vt 0.180811 0.439501
vt 0.181776 0.398961
vt 0.179605 0.611251
vt 0.151745 0.611129
vt 0.151745 0.605303
vt 0.179484 0.605425
vt 0.439511 0.396412
vt 0.413339 0.395805
vt 0.414063 0.385852
vt 0.244249 0.776446
vt 0.239425 0.789191
vt 0.139202 0.013950
vt 0.139202 0.023781
vt 0.126176 0.023781
vt 0.126056 0.013828
vt 0.831118 0.960577
vt 0.798313 0.959970
vt 0.061531 0.788099
vt 0.063461 0.786035
vt 0.226520 0.025845
vt 0.205535 0.024631
vt 0.206138 0.014557
vt 0.229536 0.016499
vt 0.128830 0.796109
vt 0.128347 0.795138
vt 0.045491 0.768071
vt 0.056948 0.775232
vt 0.135222 0.782758
vt 0.134619 0.781908
vt 0.150539 0.775718
vt 0.150539 0.776689
vt 0.185514 0.014314
vt 0.192630 0.014314
vt 0.192268 0.024267
vt 0.185273 0.024145
vt 0.048506 0.764794
vt 0.047903 0.767100
vt 0.197213 0.014435
vt 0.196851 0.024388
vt 0.114357 0.013828
vt 0.114598 0.023781
vt 0.105914 0.023903
vt 0.105432 0.013828
vt 0.179846 0.770499
vt 0.150659 0.770499
vt 0.121352 0.770135
vt 0.420455 0.001448
vt 0.431309 0.001569
vt 0.431430 0.010430
vt 0.036445 0.854371
vt 0.046938 0.854735
vt 0.045370 0.902679
vt 0.830998 0.974292
vt 0.798193 0.973807
vt 0.063582 0.814559
vt 0.134257 0.800843
vt 0.138599 0.811160
vt 0.137272 0.812374
vt 0.132448 0.800722
vt 0.049833 0.902801
vt 0.051521 0.854856
vt 0.194680 0.808247
vt 0.206500 0.813224
vt 0.206500 0.815044
vt 0.193354 0.809461
vt 0.110497 0.781059
vt 0.111221 0.780330
vt 0.180328 0.800843
vt 0.186600 0.796352
vt 0.187806 0.798173
vt 0.412374 0.418867
vt 0.438908 0.419474
vt 0.942558 0.995291
vt 0.919643 0.995534
vt 0.919522 0.974171
vt 0.942438 0.974050
vt 0.189856 0.780816
vt 0.164167 0.784943
vt 0.169715 0.800965
vt 0.064064 0.785307
vt 0.068768 0.787734
vt 0.247868 0.779481
vt 0.243767 0.790648
vt 0.330121 0.961305
vt 0.324814 0.968102
vt 0.084808 0.024874
vt 0.081431 0.033492
vt 0.082034 0.015528
vt 0.074557 0.028272
vt 0.228209 0.789555
vt 0.221455 0.780452
vt 0.227123 0.764915
vt 0.651174 0.816380
vt 0.651053 0.797081
vt 0.665526 0.819535
vt 0.316492 0.958635
vt 0.308653 0.961912
vt 0.308050 0.955357
vt 0.237013 0.786399
vt 0.232189 0.788827
vt 0.231706 0.764794
vt 0.290924 0.381240
vt 0.282240 0.381240
vt 0.281517 0.371044
vt 0.290200 0.370558
vt 0.291165 0.391799
vt 0.282361 0.391921
vt 0.069612 0.763702
vt 0.052124 0.641353
vt 0.080828 0.642202
vt 0.179605 0.613921
vt 0.179966 0.640017
vt 0.099884 0.643659
vt 0.122920 0.645115
vt 0.291045 0.402359
vt 0.282361 0.402117
vt 0.085291 0.642566
vt 0.291165 0.444477
vt 0.282361 0.443871
vt 0.132206 0.976963
vt 0.141131 0.977327
vt 0.139443 0.986552
vt 0.130880 0.986309
vt 0.290683 0.611858
vt 0.290080 0.637468
vt 0.281396 0.635891
vt 0.281999 0.610280
vt 0.292492 0.764673
vt 0.283808 0.762245
vt 0.236893 0.029486
vt 0.229897 0.034463
vt 0.293819 0.787370
vt 0.293457 0.808126
vt 0.285255 0.804363
vt 0.285135 0.784579
vt 0.017510 0.760424
vt 0.008827 0.762852
vt 0.012927 0.635526
vt 0.021731 0.634070
vt 0.269094 0.778752
vt 0.269939 0.777781
vt 0.274280 0.788341
vt 0.273074 0.788463
vt 0.263788 0.828760
vt 0.240149 0.833737
vt 0.238460 0.823662
vt 0.260893 0.819171
vt 0.246420 0.801571
vt 0.245576 0.802543
vt 0.051280 0.640503
vt 0.048988 0.638925
vt 0.100005 0.642688
vt 0.215786 0.788099
vt 0.216510 0.787128
vt 0.221937 0.797930
vt 0.220611 0.798052
vt 0.251727 0.641838
vt 0.222179 0.643173
vt 0.222299 0.642324
vt 0.250883 0.642809
vt 0.317578 0.959484
vt 0.317940 0.957785
vt 0.318905 0.959242
vt 0.252813 0.766129
vt 0.384273 0.948196
vt 0.392354 0.947589
vt 0.253295 0.768435
vt 0.029571 0.787006
vt 0.027882 0.786885
vt 0.031983 0.777175
vt 0.033189 0.778510
vt 0.909512 0.850972
vt 0.854275 0.831430
vt 0.854878 0.817715
vt 0.910959 0.836650
vt 0.499211 0.874277
vt 0.498969 0.865416
vt 0.529483 0.862867
vt 0.530086 0.871728
vt 0.195645 0.807519
vt 0.190821 0.798173
vt 0.192148 0.798294
vt 0.226520 0.792104
vt 0.228571 0.791133
vt 0.025229 0.369344
vt 0.016545 0.368616
vt 0.548659 0.387915
vt 0.549262 0.397990
vt 0.226762 0.791012
vt 0.220852 0.781301
vt 0.249918 0.798052
vt 0.259325 0.801571
vt 0.259325 0.803392
vt 0.248712 0.799387
vt 0.196972 0.806305
vt 0.206500 0.810311
vt 0.206500 0.812010
vt 0.041390 0.803149
vt 0.030294 0.797081
vt 0.031139 0.796352
vt 0.041390 0.801936
vt 0.217113 0.807398
vt 0.215786 0.806184
vt 0.218802 0.798173
vt 0.100005 0.640017
vt 0.123040 0.641474
vt 0.122920 0.644266
vt 0.172127 0.035434
vt 0.185032 0.035676
vt 0.204208 0.369466
vt 0.181896 0.368980
vt 0.390665 0.958392
vt 0.390545 0.956814
vt 0.398625 0.953051
vt 0.398866 0.961305
vt 0.205897 0.783972
vt 0.214822 0.789434
vt 0.206017 0.785671
vt 0.021490 0.608459
vt 0.012807 0.609916
vt 0.193836 0.798416
vt 0.312754 0.948803
vt 0.320593 0.947589
vt 0.363046 0.953051
vt 0.363408 0.961184
vt 0.042596 0.775111
vt 0.042717 0.773290
vt 0.052245 0.778995
vt 0.051039 0.780088
vt 0.237616 0.787128
vt 0.232430 0.789434
vt 0.135463 0.800965
vt 0.140528 0.789434
vt 0.141734 0.790769
vt 0.137272 0.800965
vt 0.015942 0.782758
vt 0.007138 0.785428
vt 0.136790 0.784700
vt 0.150539 0.779481
vt 0.137996 0.786278
vt 0.083482 0.784821
vt 0.084447 0.786157
vt 0.079019 0.796959
vt 0.077090 0.796838
vt 0.234842 0.962276
vt 0.241114 0.968588
vt 0.240269 0.970651
vt 0.232792 0.963126
vt 0.050918 0.796716
vt 0.052124 0.798052
vt 0.041511 0.800115
vt 0.054054 0.789312
vt 0.055863 0.789434
vt 0.021008 0.812374
vt 0.016063 0.820871
vt 0.007259 0.806184
vt 0.015580 0.802543
vt 0.139805 0.788463
vt 0.138719 0.787128
vt 0.107241 0.808854
vt 0.106035 0.807640
vt 0.111703 0.797566
vt 0.039702 0.817836
vt 0.036566 0.827304
vt 0.246782 0.790526
vt 0.245094 0.790648
vt 0.248832 0.780330
vt 0.250039 0.781423
vt 0.108809 0.783001
vt 0.114236 0.795988
vt 0.113030 0.797687
vt 0.107603 0.784457
vt 0.498608 0.021111
vt 0.513804 0.021354
vt 0.271386 0.788584
vt 0.267888 0.780088
vt 0.268371 0.796716
vt 0.269697 0.797930
vt 0.279587 0.814073
vt 0.258843 0.810675
vt 0.272833 0.800722
vt 0.259446 0.807762
vt 0.053089 0.798901
vt 0.054295 0.800236
vt 0.041270 0.804970
vt 0.237013 0.815651
vt 0.041752 0.809218
vt 0.053210 0.778146
vt 0.058878 0.789555
vt 0.057069 0.789434
vt 0.189133 0.798173
vt 0.194319 0.785914
vt 0.195525 0.787249
vt 0.066717 0.793075
vt 0.060205 0.789676
vt 0.063340 0.834344
vt 0.065270 0.823420
vt 0.255707 0.766250
vt 0.254019 0.640260
vt 0.257516 0.766129
vt 0.255948 0.638318
vt 0.222540 0.639410
vt 0.222782 0.637468
vt 0.080346 0.636497
vt 0.085050 0.636862
vt 0.100005 0.638197
vt 0.151503 0.644873
vt 0.151503 0.645844
vt 0.466044 0.823905
vt 0.466406 0.801329
vt 0.500175 0.801936
vt 0.499814 0.824512
vt 0.527794 0.003147
vt 0.523211 0.003026
vt 0.028968 0.798173
vt 0.024867 0.786521
vt 0.026676 0.786642
vt 0.101573 0.612950
vt 0.087462 0.612829
vt 0.411289 0.950502
vt 0.410324 0.960698
vt 0.407912 0.961548
vt 0.408997 0.949410
vt 0.151503 0.642202
vt 0.031139 0.776204
vt 0.139443 0.810311
vt 0.140770 0.809097
vt 0.102899 0.610401
vt 0.123764 0.610887
vt 0.090236 0.609794
vt 0.850898 0.208276
vt 0.849692 0.234129
vt 0.835219 0.235465
vt 0.836304 0.209854
vt 0.082758 0.610765
vt 0.047179 0.636862
vt 0.064305 0.608580
vt 0.425882 0.957057
vt 0.425279 0.956086
vt 0.429621 0.948196
vt 0.434566 0.954508
vt 0.085170 0.787249
vt 0.086256 0.788463
vt 0.082034 0.797202
vt 0.080225 0.797202
vt 0.353157 0.959120
vt 0.354363 0.958999
vt 0.358705 0.966524
vt 0.218440 0.610280
vt 0.239184 0.609794
vt 0.220611 0.611736
vt 0.094216 0.811282
vt 0.094216 0.809582
vt 0.103743 0.805577
vt 0.105070 0.806791
vt 0.103502 0.788948
vt 0.095060 0.784943
vt 0.095060 0.783243
vt 0.127382 0.919551
vt 0.135945 0.919915
vt 0.127744 0.976841
vt 0.120628 0.976599
vt 0.258240 0.770256
vt 0.272109 0.775475
vt 0.107000 0.797809
vt 0.277416 0.788220
vt 0.259446 0.804606
vt 0.270542 0.798658
vt 0.271868 0.799872
vt 0.259446 0.806427
vt 0.218078 0.808247
vt 0.219405 0.809461
vt 0.081311 0.808611
vt 0.082637 0.807398
vt 0.094216 0.812496
vt 0.094216 0.814316
vt 0.217596 0.785792
vt 0.223746 0.797809
vt 0.131121 0.800722
vt 0.205897 0.782758
vt 0.205776 0.781059
vt 0.412374 0.959970
vt 0.418766 0.968102
vt 0.205053 0.036040
vt 0.222179 0.369709
vt 0.196369 0.035798
vt 0.095301 0.778995
vt 0.095301 0.780330
vt 0.082637 0.783972
vt 0.958840 0.066749
vt 0.959564 0.044173
vt 0.981635 0.043202
vt 0.981032 0.066385
vt 0.218199 0.400296
vt 0.216993 0.440229
vt 0.124608 0.378448
vt 0.124850 0.368616
vt 0.153433 0.368616
vt 0.153313 0.378448
vt 0.150177 0.830824
vt 0.150177 0.840655
vt 0.120387 0.840048
vt 0.181896 0.389129
vt 0.153192 0.388765
vt 0.182017 0.378812
vt 0.459893 0.010794
vt 0.444697 0.020261
vt 0.444697 0.010672
vt 0.408515 0.641717
vt 0.435048 0.642202
vt 0.395731 0.418503
vt 0.395369 0.428334
vt 0.830756 0.995534
vt 0.797831 0.995048
vt 0.479431 0.011158
vt 0.465682 0.844054
vt 0.499572 0.844539
vt 0.196248 0.788220
vt 0.197454 0.789434
vt 0.124005 0.605061
vt 0.391148 0.418381
vt 0.390786 0.428213
vt 0.136428 0.905714
vt 0.140890 0.905835
vt 0.140408 0.920036
vt 0.088185 0.399325
vt 0.102055 0.398961
vt 0.102779 0.439380
vt 0.088788 0.439380
vt 0.200469 0.611008
vt 0.213133 0.610644
vt 0.215907 0.613678
vt 0.201796 0.613678
vt 0.424676 0.958635
vt 0.428294 0.966767
vt 0.419731 0.966281
vt 0.221696 0.442171
vt 0.239787 0.444356
vt 0.219405 0.443749
vt 0.237013 0.447148
vt 0.236410 0.606760
vt 0.249918 0.968224
vt 0.245817 0.960334
vt 0.246903 0.959363
vt 0.255225 0.963004
vt 0.104105 0.442050
vt 0.091562 0.442535
vt 0.102055 0.389008
vt 0.088306 0.389372
vt 0.554327 0.430883
vt 0.554207 0.421051
vt 0.677346 0.956450
vt 0.676863 0.970166
vt 0.653827 0.969195
vt 0.654430 0.955479
vt 0.415148 0.952444
vt 0.420937 0.947468
vt 0.424194 0.955843
vt 0.315166 0.967495
vt 0.086376 0.442778
vt 0.255466 0.953294
vt 0.246782 0.957906
vt 0.245697 0.956935
vt 0.249436 0.947468
vt 0.665767 0.418624
vt 0.651174 0.417774
vt 0.201676 0.442778
vt 0.201073 0.448483
vt 0.124608 0.388765
vt 0.102176 0.378691
vt 0.083723 0.389493
vt 0.067200 0.389857
vt 0.067320 0.379176
vt 0.414425 0.959363
vt 0.150539 0.784336
vt 0.161152 0.788584
vt 0.168388 0.800965
vt 0.163443 0.812496
vt 0.150297 0.818200
vt 0.150297 0.816380
vt 0.150539 0.785550
vt 0.341337 0.954022
vt 0.339408 0.953537
vt 0.347609 0.946254
vt 0.348574 0.948196
vt 0.343508 0.954751
vt 0.179966 0.641838
vt 0.413218 0.951352
vt 0.420334 0.945283
vt 0.675054 0.871849
vt 0.180087 0.645601
vt 0.179966 0.644630
vt 0.203002 0.643416
vt 0.203002 0.644387
vt 0.045611 0.764915
vt 0.430586 0.946254
vt 0.357498 0.945526
vt 0.364976 0.952080
vt 0.365458 0.961912
vt 0.235566 0.835800
vt 0.232912 0.836043
vt 0.231345 0.825119
vt 0.233877 0.824755
vt 0.315648 0.638925
vt 0.362805 0.640867
vt 0.306723 0.962883
vt 0.305879 0.954751
vt 0.359669 0.968466
vt 0.024385 0.379419
vt 0.015701 0.379297
vt 0.284411 0.822691
vt 0.726553 0.873427
vt 0.735840 0.958513
vt 0.712563 0.957664
vt 0.042837 0.772077
vt 0.388374 0.959484
vt 0.389821 0.959363
vt 0.394404 0.966524
vt 0.385720 0.967374
vt 0.352192 0.958392
vt 0.351951 0.957299
vt 0.258602 0.776568
vt 0.258481 0.774747
vt 0.356895 0.947589
vt 0.074436 0.791012
vt 0.072748 0.788584
vt 0.842093 0.083742
vt 0.856446 0.081314
vt 0.205535 0.775111
vt 0.205535 0.774140
vt 0.190580 0.781544
vt 0.095542 0.774383
vt 0.074195 0.790041
vt 0.080225 0.780330
vt 0.376916 0.954022
vt 0.383188 0.946375
vt 0.206620 0.767828
vt 0.719678 0.858862
vt 0.721367 0.859105
vt 0.720523 0.871242
vt 0.719196 0.872213
vt 0.247747 0.800236
vt 0.103502 0.604818
vt 0.106638 0.785428
vt 0.095180 0.782030
vt 0.091080 0.604332
vt 0.084929 0.609309
vt 0.086859 0.604089
vt 0.258360 0.773533
vt 0.258240 0.771591
vt 0.271145 0.776446
vt 0.276089 0.788220
vt 0.083602 0.806669
vt 0.084929 0.805456
vt 0.313960 0.971622
vt 0.313357 0.973928
vt 0.352795 0.956328
vt 0.314563 0.969559
vt 0.323729 0.966281
vt 0.313839 0.391071
vt 0.233516 0.818322
vt 0.234842 0.817472
vt 0.235204 0.824512
vt 0.150297 0.815166
vt 0.150297 0.813467
vt 0.150539 0.787370
vt 0.250280 0.945404
vt 0.257516 0.952444
vt 0.241114 0.947589
vt 0.244249 0.956935
vt 0.234601 0.954751
vt 0.395369 0.968466
vt 0.400917 0.962033
vt 0.944729 0.067113
vt 0.939784 0.198930
vt 0.311668 0.946861
vt 0.214219 0.443385
vt 0.321196 0.945526
vt 0.755740 0.402238
vt 0.755619 0.413647
vt 0.725347 0.872335
vt 0.724382 0.871121
vt 0.726312 0.859226
vt 0.728121 0.859347
vt 0.329277 0.952080
vt 0.425641 0.958149
vt 0.433360 0.962397
vt 0.251003 0.943462
vt 0.155604 0.035312
vt 0.155725 0.023903
vt 0.172248 0.024024
vt 0.153192 0.398597
vt 0.152951 0.439015
vt 0.377640 0.962640
vt 0.765267 0.973200
vt 0.764785 0.994441
vt 0.734754 0.993591
vt 0.735357 0.972229
vt 0.124970 0.439137
vt 0.875260 0.873549
vt 0.879119 0.873913
vt 0.257275 0.963854
vt 0.250883 0.970287
vt 0.722573 0.858862
vt 0.721608 0.870514
vt 0.071059 0.833979
vt 0.069130 0.834950
vt 0.067441 0.835072
vt 0.069130 0.824026
vt 0.251968 0.941035
vt 0.164288 0.813467
vt 0.712080 0.971501
vt 0.711357 0.992742
vt 0.707015 0.992620
vt 0.707738 0.971258
vt 0.431912 0.843447
vt 0.432274 0.823420
vt 0.204449 0.389736
vt 0.502467 0.669998
vt 0.468577 0.669512
vt 0.469059 0.642688
vt 0.502949 0.643295
vt 0.460014 0.001933
vt 0.479552 0.002297
vt 0.379087 0.954629
vt 0.093130 0.904257
vt 0.112548 0.904864
vt 0.066597 0.823662
vt 0.067079 0.817229
vt 0.069371 0.817351
vt 0.231465 0.604089
vt 0.232189 0.450061
vt 0.553724 0.397990
vt 0.553001 0.387915
vt 0.572660 0.387915
vt 0.573624 0.397990
vt 0.360393 0.667449
vt 0.384876 0.667934
vt 0.975484 0.226361
vt 0.952930 0.225390
vt 0.953895 0.198566
vt 0.976448 0.199415
vt 0.884185 0.974292
vt 0.888527 0.974292
vt 0.888647 0.995655
vt 0.884306 0.995655
vt 0.106276 0.035434
vt 0.393077 0.945526
vt 0.238702 0.370194
vt 0.239305 0.380390
vt 0.068044 0.368980
vt 0.529844 0.670362
vt 0.529603 0.643659
vt 0.546126 0.644023
vt 0.075763 0.796838
vt 0.080346 0.809461
vt 0.024144 0.390100
vt 0.015339 0.389979
vt 0.093130 0.837257
vt 0.400555 0.952080
vt 0.708221 0.957542
vt 0.207706 0.819414
vt 0.206620 0.828032
vt 0.179725 0.830581
vt 0.180087 0.822084
vt 0.124608 0.398475
vt 0.150297 0.822327
vt 0.436134 0.020261
vt 0.436013 0.010551
vt 0.435892 0.001569
vt 0.444697 0.001690
vt 0.384997 0.969437
vt 0.431671 0.020019
vt 0.397902 0.385366
vt 0.498849 0.011522
vt 0.499090 0.002540
vt 0.379569 0.961669
vt 0.723417 0.870393
vt 0.724864 0.858862
vt 0.225073 0.797809
vt 0.220249 0.810311
vt 0.043682 0.764673
vt 0.032465 0.795260
vt 0.387288 0.958513
vt 0.137996 0.857770
vt 0.142579 0.857891
vt 0.139202 0.035312
vt 0.549624 0.420930
vt 0.119181 0.023781
vt 0.118940 0.013828
vt 0.023661 0.786521
vt 0.217716 0.449211
vt 0.396937 0.395441
vt 0.315286 0.378691
vt 0.769850 0.424329
vt 0.755619 0.423600
vt 0.769730 0.414376
vt 0.436616 0.953901
vt 0.392474 0.395319
vt 0.393439 0.385245
vt 0.205776 0.779723
vt 0.193474 0.785064
vt 0.192268 0.783608
vt 0.205656 0.777781
vt 0.938699 0.225633
vt 0.435289 0.963490
vt 0.429018 0.968830
vt 0.203002 0.640746
vt 0.203002 0.638925
vt 0.217957 0.637833
vt 0.217957 0.639653
vt 0.930136 0.470938
vt 0.845832 0.814438
vt 0.841732 0.471302
vt 0.218199 0.390221
vt 0.204449 0.379419
vt 0.218199 0.379783
vt 0.081673 0.782394
vt 0.075160 0.793925
vt 0.309497 0.464869
vt 0.217716 0.642445
vt 0.959684 0.023903
vt 0.981514 0.022568
vt 0.217716 0.643416
vt 0.549383 0.473244
vt 0.532618 0.473123
vt 0.841490 0.461228
vt 0.930618 0.460985
vt 0.945573 0.439501
vt 0.968489 0.441322
vt 0.973313 0.451275
vt 0.945091 0.449575
vt 0.930980 0.449697
vt 0.931342 0.439744
vt 0.072145 0.834101
vt 0.072868 0.823905
vt 0.845229 0.828153
vt 0.753448 0.664536
vt 0.767680 0.665507
vt 0.766956 0.797445
vt 0.945453 0.044780
vt 0.947141 0.396290
vt 0.932910 0.396533
vt 0.841370 0.450910
vt 0.826897 0.461228
vt 0.826656 0.451032
vt 0.827138 0.471302
vt 0.049230 0.974171
vt 0.044888 0.916759
vt 0.389459 0.668056
vt 0.376916 0.799508
vt 0.843179 0.399082
vt 0.857531 0.059588
vt 0.945935 0.024874
vt 0.858496 0.040167
vt 0.401520 0.800115
vt 0.407309 0.668420
vt 0.434686 0.668905
vt 0.432636 0.800722
vt 0.678310 0.858134
vt 0.222782 0.400417
vt 0.828465 0.399568
vt 0.841490 0.440836
vt 0.826776 0.440957
vt 0.944247 0.008002
vt 0.958840 0.006910
vt 0.216631 0.604939
vt 0.206379 0.816380
vt 0.230139 0.817715
vt 0.229174 0.816622
vt 0.235807 0.816501
vt 0.236772 0.823905
vt 0.237013 0.835436
vt 0.238702 0.833979
vt 0.695557 0.042716
vt 0.752363 0.026209
vt 0.755740 0.392406
vt 0.218319 0.784821
vt 0.972710 0.844661
vt 0.924950 0.838470
vt 0.061290 0.984003
vt 0.054416 0.983760
vt 0.231224 0.818443
vt 0.769730 0.402966
vt 0.815681 0.401024
vt 0.797952 0.413890
vt 0.765629 0.959484
vt 0.238099 0.941399
vt 0.923864 0.852914
vt 0.212409 0.605182
vt 0.873692 0.861654
vt 0.844144 0.042716
vt 0.842093 0.027180
vt 0.856446 0.024388
vt 0.878637 0.861654
vt 0.880325 0.861532
vt 0.880325 0.874884
vt 0.094216 0.815651
vt 0.108206 0.809825
vt 0.610409 0.853643
vt 0.614389 0.861532
vt 0.255707 0.769528
vt 0.229897 0.825240
vt 0.307447 0.638197
vt 0.874175 0.874884
vt 0.872004 0.861775
vt 0.225676 0.794896
vt 0.219405 0.783365
vt 0.765870 0.840170
vt 0.766594 0.820021
vt 0.788544 0.821842
vt 0.787700 0.842476
vt 0.150297 0.819414
vt 0.353519 0.957785
vt 0.199987 0.605425
vt 0.728965 0.859469
vt 0.695557 0.028879
vt 0.751639 0.011765
vt 0.667335 0.388158
vt 0.387409 0.641231
vt 0.686270 0.045508
vt 0.766473 0.024874
vt 0.769971 0.392892
vt 0.041270 0.806305
vt 0.028003 0.799144
vt 0.073954 0.975021
vt 0.625485 0.847452
vt 0.617766 0.844054
vt 0.752121 0.838592
vt 0.055139 0.801329
vt 0.228329 0.815651
vt 0.227606 0.824876
vt 0.650933 0.775354
vt 0.753689 0.637833
vt 0.767800 0.638682
vt 0.665164 0.651306
vt 0.650692 0.649121
vt 0.814475 0.020747
vt 0.820746 0.391435
vt 0.160428 0.789555
vt 0.789027 0.798780
vt 0.790353 0.638561
vt 0.790112 0.665628
vt 0.769489 0.467661
vt 0.792404 0.466447
vt 0.231224 0.835921
vt 0.229294 0.834950
vt 0.228329 0.824997
vt 0.792766 0.423600
vt 0.531292 0.802178
vt 0.136307 0.813345
vt 0.537443 0.022082
vt 0.755257 0.466811
vt 0.339166 0.840655
vt 0.102537 0.368738
vt 0.336875 0.952808
vt 0.192509 0.810432
vt 0.576760 0.671090
vt 0.593404 0.802421
vt 0.765991 0.010551
vt 0.813872 0.006424
vt 0.391871 0.641474
vt 0.514166 0.011765
vt 0.559996 0.824876
vt 0.555534 0.824876
vt 0.686391 0.031792
vt 0.074074 0.984367
vt 0.072265 0.814680
vt 0.071300 0.794046
vt 0.120870 0.798537
vt 0.120508 0.800479
vt 0.072024 0.602997
vt 0.067079 0.605546
vt 0.095422 0.777053
vt 0.068647 0.445934
vt 0.073471 0.448968
vt 0.127865 0.905350
vt 0.239305 0.391071
vt 0.239305 0.401267
vt 0.222661 0.379783
vt 0.217716 0.369830
vt 0.871159 0.861896
vt 0.873089 0.875855
vt 0.191906 0.035919
vt 0.400796 0.842840
vt 0.155845 0.014071
vt 0.126297 0.035312
vt 0.177675 0.921250
vt 0.151021 0.920401
vt 0.151503 0.906199
vt 0.178157 0.907049
vt 0.860787 0.995655
vt 0.860908 0.974292
vt 0.104588 0.447755
vt 0.092286 0.447997
vt 0.088065 0.448240
vt 0.843058 0.062015
vt 0.969936 0.398475
vt 0.919402 0.960455
vt 0.904809 0.876098
vt 0.924588 0.875976
vt 0.942438 0.960213
vt 0.921814 0.862139
vt 0.902758 0.862261
vt 0.880929 0.875733
vt 0.881532 0.861532
vt 0.888527 0.960577
vt 0.884185 0.960577
vt 0.860908 0.960577
vt 0.506326 0.430519
vt 0.505964 0.472880
vt 0.471833 0.472394
vt 0.472557 0.430033
vt 0.222661 0.390464
vt 0.159946 0.809218
vt 0.163564 0.801086
vt 0.159222 0.790890
vt 0.060084 0.855099
vt 0.980790 0.005453
vt 0.745850 0.874398
vt 0.652863 0.387430
vt 0.130156 0.798537
vt 0.771659 0.875369
vt 0.747659 0.860561
vt 0.772504 0.861532
vt 0.530689 0.845025
vt 0.530930 0.824876
vt 0.514407 0.002904
vt 0.228209 0.835072
vt 0.094698 0.856313
vt 0.114236 0.856920
vt 0.592318 0.844903
vt 0.592801 0.824755
vt 0.401158 0.822691
vt 0.971504 0.859105
vt 0.676019 0.991407
vt 0.549744 0.430883
vt 0.532980 0.430762
vt 0.555292 0.844903
vt 0.559755 0.845268
vt 0.164046 0.977934
vt 0.161755 0.987280
vt 0.040425 0.973928
vt 0.017510 0.973079
vt 0.424435 0.957421
vt 0.394404 0.470695
vt 0.389821 0.470574
vt 0.207223 0.837985
vt 0.179966 0.840534
vt 0.064788 0.834708
vt 0.245094 0.958635
vt 0.786132 0.859590
vt 0.764303 0.857163
vt 0.075280 0.855706
vt 0.749830 0.855463
vt 0.652983 0.990557
vt 0.662752 0.835193
vt 0.648521 0.831916
vt 0.041390 0.983274
vt 0.019078 0.982425
vt 0.153071 0.858255
vt 0.172489 0.014192
vt 0.126417 0.986187
vt 0.049953 0.983639
vt 0.119543 0.985945
vt 0.129433 0.857527
vt 0.179725 0.859105
vt 0.009791 0.853400
vt 0.213374 0.448847
vt 0.388977 0.957785
vt 0.000000 0.000000
vt 0.558249 0.158334
vt 0.616599 0.158334
vt 0.616984 0.214071
vt 0.558249 0.214071
vt 0.500236 0.095165
vt 0.555772 0.095165
vt 0.555772 0.155856
vt 0.500236 0.155856
vt 0.500236 0.216548
vt 0.555772 0.216548
vt 0.555772 0.277240
vt 0.500236 0.277240
vt 0.558249 0.036950
vt 0.558249 0.092687
vt 0.555772 0.034473
vt 0.558249 0.097642
vt 0.558249 0.155856
vt 0.558249 0.217187
vt 0.558249 0.275401
vt 0.500236 0.034473
vt 0.439397 0.158535
vt 0.438982 0.213870
vt 0.436866 0.216548
vt 0.436866 0.155856
vt 0.497558 0.158535
vt 0.497558 0.155856
vt 0.497558 0.213870
vt 0.497558 0.216548
vt 0.893705 0.010138
vt 0.893705 0.834129
vt 0.890220 0.834129
vt 0.890220 0.010138
vt 0.886735 0.834129
vt 0.886735 0.010138
vt 0.883250 0.834129
vt 0.883250 0.010138
vt 0.879764 0.834129
vt 0.879764 0.010138
vt 0.876279 0.834129
vt 0.876279 0.010138
vt 0.872794 0.834129
vt 0.872794 0.010138
vt 0.869309 0.834129
vt 0.869309 0.010138
vt 0.865824 0.834129
vt 0.865824 0.010138
vt 0.862339 0.834129
vt 0.862339 0.010138
vt 0.858854 0.834129
vt 0.858854 0.010138
vt 0.855368 0.834129
vt 0.855368 0.010138
vt 0.851883 0.834129
vt 0.851883 0.010138
vt 0.848398 0.834129
vt 0.848398 0.010138
vt 0.844913 0.834129
vt 0.844913 0.010138
vt 0.841428 0.834129
vt 0.841428 0.010138
vt 0.837943 0.834129
vt 0.837943 0.010138
vt 0.834458 0.834129
vt 0.834458 0.010138
vt 0.830972 0.834129
vt 0.830972 0.010138
vt 0.827487 0.834129
vt 0.827487 0.010138
vt 0.824002 0.834129
vt 0.824002 0.010138
vt 0.820517 0.834129
vt 0.820517 0.010138
vt 0.817032 0.834129
vt 0.817032 0.010138
vt 0.813547 0.834129
vt 0.813547 0.010138
vt 0.810062 0.834129
vt 0.810062 0.010138
vt 0.806576 0.834129
vt 0.806576 0.010138
vt 0.803091 0.834129
vt 0.803091 0.010138
vt 0.799606 0.834129
vt 0.799606 0.010138
vt 0.796121 0.834129
vt 0.796121 0.010138
vt 0.792636 0.834129
vt 0.792636 0.010138
vt 0.789151 0.834129
vt 0.789151 0.010138
vt 0.785666 0.834129
vt 0.785666 0.010138
vt 0.782180 0.834129
vt 0.782180 0.010138
vt 0.497558 0.034473
vt 0.558249 0.034473
vt 0.558249 0.095165
vt 0.497558 0.095165
vt 0.558249 0.216548
vt 0.558249 0.277240
vt 0.497558 0.277240
vt 0.618941 0.155856
vt 0.618941 0.216548
s 1
usemtl Material.012
f 73/1/1 71/2/2 72/3/3 2138/4/4
f 914/5/5 916/6/6 915/7/7 913/8/8
f 382/9/9 383/10/10 384/11/11 2168/12/12
f 370/13/13 371/14/14 372/15/15 2167/16/16
f 712/17/17 714/18/17 713/19/17 711/20/17
f 1368/21/18 1369/22/19 1371/23/20 1370/24/21
f 611/25/22 596/26/23 595/27/24 594/28/25
f 1235/29/26 1236/30/26 1238/31/27 1237/32/27
f 187/33/28 1518/34/29 1519/35/30 1517/36/31
f 523/37/32 525/38/33 521/39/34 522/40/35
f 1399/41/36 1400/42/37 1401/43/38 1428/44/38
f 309/45/39 310/46/40 311/47/41 2162/48/42
f 1022/49/43 1015/50/44 1014/51/43 1021/52/43
f 319/53/45 320/54/46 321/55/47 2160/56/48
f 973/57/49 1052/58/50 1051/59/50 971/60/51
f 65/61/52 66/62/53 63/63/54 64/64/55
f 338/65/56 339/66/57 340/67/58 2158/68/59
f 1514/69/60 1515/65/61 1516/68/62 2157/70/62
f 295/66/63 297/71/64 296/72/65 294/67/66
f 1766/73/67 1767/74/68 1769/75/69 1768/76/70
f 479/77/71 484/78/72 480/79/73 475/80/74
f 425/81/75 427/82/76 426/83/77 420/84/78
f 111/85/79 112/86/80 109/87/81 110/88/82
f 56/89/83 58/90/83 57/91/83 55/92/83
f 588/93/84 603/94/85 602/95/86 589/96/87
f 52/97/88 54/98/83 53/99/89 51/100/90
f 50/101/91 52/97/88 51/100/90 49/102/92
f 48/103/93 50/101/91 49/102/92 47/104/94
f 45/105/95 48/103/93 47/104/94 46/106/96
f 45/105/95 46/106/96 43/107/96 44/108/97
f 617/109/98 619/110/99 618/111/100 616/112/99
f 431/82/101 432/113/102 433/114/103 2154/115/104
f 1037/116/105 1035/117/106 1042/118/106 1076/119/106
f 528/120/107 529/121/107 530/122/108 2187/123/109
f 42/124/110 44/108/97 43/107/96 41/125/111
f 40/126/112 42/124/110 41/125/111 39/127/112
f 37/128/113 40/126/112 39/127/112 38/129/113
f 1015/50/44 1023/130/114 1016/131/44 1005/132/43
f 644/133/115 646/134/116 645/135/115 643/136/115
f 394/137/117 395/138/118 396/139/119 2163/140/119
f 540/141/120 541/142/121 542/143/122 2184/144/122
f 558/145/123 559/146/124 560/147/59 2183/148/59
f 1500/149/125 1494/150/125 1499/151/126 1503/152/126
f 561/146/127 562/153/128 563/154/129 2181/147/130
f 516/153/131 518/120/132 517/123/133 515/154/133
f 1287/155/134 1271/156/135 1269/157/136 1268/158/134
f 496/159/137 497/160/138 498/161/11 2179/162/11
f 1401/43/38 1427/163/139 1426/164/139 1428/44/38
f 1824/165/140 1825/166/43 1817/167/43 1815/168/140
f 486/169/141 487/170/142 488/171/143 2177/172/144
f 314/46/145 315/53/146 316/56/147 2161/47/148
f 29/173/149 32/174/150 31/175/151 30/176/152
f 1794/177/153 1795/178/154 1796/179/154 1814/180/140
f 1759/181/155 961/182/156 1045/183/155 1043/184/157
f 462/185/158 464/186/159 463/187/160 461/188/160
f 451/189/63 452/190/161 453/191/130 2172/192/11
f 1874/109/162 1875/112/163 1877/193/162 1876/194/162
f 441/195/164 442/196/165 443/197/166 2170/198/166
f 983/199/167 1060/2/168 1059/200/168 1058/201/153
f 141/202/169 136/203/170 2152/204/171
f 1620/205/172 2151/206/172 1619/207/173
f 1320/208/174 2150/209/174 1319/210/173
f 1179/211/172 1181/212/175 2149/213/175
f 1941/214/176 1942/215/177 1944/216/178 1943/217/179
f 1349/218/172 1350/219/172 2148/220/172
f 129/221/180 130/222/180 128/223/181 127/224/182
f 1902/225/183 255/226/184 254/227/185 253/228/186
f 1956/229/187 1958/230/188 1979/231/189 1977/232/188
f 1060/2/168 1062/1/190 1061/233/191 1059/200/168
f 996/234/192 997/63/193 978/235/194 995/236/106
f 1503/152/126 1499/151/126 1502/237/195 1507/238/196
f 1256/239/134 1258/240/134 1259/241/197 1250/242/135
f 1716/243/198 1717/244/198 1719/245/199 1718/246/198
f 21/247/200 22/248/200 20/249/200 19/250/200
f 1258/240/134 1257/251/201 1263/252/202 1262/253/134
f 1792/254/43 1821/255/203 1822/256/204 1790/257/43
f 980/62/205 982/258/206 981/259/207 979/260/205
f 1070/261/208 1069/262/209 1813/263/209 1796/179/154
f 608/264/210 609/265/211 599/266/212 600/267/213
f 1041/268/208 1040/269/214 1039/270/215 1804/271/208
f 1560/272/216 1568/273/217 1569/274/218 1558/275/218
f 208/276/219 210/277/183 209/278/220 207/279/183
f 2124/280/221 2135/281/185 2132/282/222
f 17/283/200 18/284/200 16/285/223 15/286/223
f 1243/287/202 1244/288/201 1246/289/224 1245/290/225
f 1175/291/226 1176/292/227 1169/293/228 1167/294/229
f 754/295/230 756/296/230 755/297/230 753/298/230
f 1795/178/154 1071/299/209 1070/261/208 1796/179/154
f 15/286/223 16/285/223 14/300/231 13/301/223
f 742/302/232 744/303/233 743/304/233 741/305/232
f 1028/100/234 1029/104/235 2140/102/114
f 1841/306/236 1842/307/237 1844/308/238 1843/309/239
f 2103/310/240 2102/311/241 2101/312/242 2105/313/241
f 13/301/223 14/300/231 11/269/243 12/314/244
f 1269/157/136 1271/156/135 1272/315/197 1270/316/245
f 481/317/246 482/169/247 483/172/248 2175/318/249
f 1738/319/250 1739/320/251 1741/22/250 1740/21/251
f 1938/321/188 1937/322/252 1936/323/253 1949/324/254
f 29/173/149 30/176/152 28/325/255 27/326/256
f 9/327/257 10/268/258 7/328/259 8/329/260
f 1707/330/261 1708/331/261 1710/332/261 1709/333/261
f 1436/334/262 1434/335/263 1437/336/264 1452/337/265
f 1709/333/261 1710/332/261 1711/338/261 2144/339/261
f 2125/5/266 2124/280/221 2123/340/241 2127/341/267
f 5/342/268 8/329/260 7/328/259 6/343/269
f 5/342/268 6/343/269 4/344/270 2/345/271
f 2132/282/222 2135/281/185 2126/8/183 2134/346/272
f 264/347/273 265/348/183 263/349/183 262/350/273
f 629/351/274 631/352/275 630/353/275 628/354/275
f 1824/165/140 1068/355/276 1828/356/154 1827/357/153
f 190/358/277 191/19/277 188/18/278 189/359/241
f 84/360/279 85/361/279 83/362/279 82/363/280
f 1401/43/38 1402/364/281 1403/365/282 1427/163/139
f 1237/32/27 1238/31/27 1240/366/283 1239/367/283
f 98/368/284 96/369/284 97/370/285 2143/371/284
f 1935/372/183 1936/323/253 1937/322/252 2133/373/185
f 1397/110/188 1110/109/286 1396/374/189 1398/375/188
f 2128/376/183 2129/377/287 2131/378/288 2130/379/183
f 91/380/280 93/381/280 92/382/289 90/383/279
f 1976/384/188 1977/232/188 1979/231/189 1978/385/189
f 94/386/290 95/387/291 92/382/289 93/381/280
f 78/388/290 79/389/279 77/390/292 75/391/285
f 2129/377/287 2133/373/185 1937/322/252
f 2117/392/293 2123/340/241 2124/280/221 2132/282/222
f 2131/378/288 1966/393/183 2117/392/293
f 1939/394/294 1966/393/183 2131/378/288
f 2129/377/287 1939/394/294 2131/378/288
f 1863/395/238 1862/396/295 1861/397/295 1864/233/295
f 1242/398/296 1253/399/202 1254/400/202 1244/288/201
f 1402/364/281 1404/401/297 1405/402/261 1403/365/282
f 1135/320/298 1136/221/229 1134/224/299 1102/403/300
f 2131/378/288 2117/392/293 2132/282/222
f 289/404/273 291/405/301 290/406/302 288/407/303
f 1255/408/202 1254/400/202 1253/399/202 1668/409/304
f 1906/410/305 1908/411/306 1909/412/307 1907/413/308
f 1938/321/188 1949/324/254 1950/414/309 1940/415/310
f 94/386/290 97/370/285 96/369/284 95/387/291
f 1189/416/311 1190/6/241 1191/417/312 1528/418/29
f 1055/419/313 1063/420/205 1051/59/50 1052/58/50
f 1300/421/314 1301/422/315 1303/423/315 1302/424/314
f 2122/425/316 2123/340/241 2117/392/293
f 1193/135/183 1165/426/272 1192/7/317 1188/427/272
f 1957/367/188 1955/428/188 1953/429/188 1959/32/254
f 2039/430/318 2041/431/319 2042/17/319 2040/20/318
f 557/432/320 559/146/124 558/145/123 551/433/321
f 99/434/322 100/435/323 101/436/322
f 100/435/323 102/437/324 101/436/322
f 2095/438/29 2118/439/325 2115/440/241
f 1466/441/326 605/442/327 603/94/85 604/443/328
f 543/203/329 549/444/330 544/445/331 538/446/332
f 2099/447/241 2097/448/241 2114/449/333
f 153/450/334 154/451/335 151/452/336 152/453/337
f 153/450/334 156/454/338 155/455/339 154/451/335
f 2114/449/333 2101/312/242 2099/447/241
f 2105/313/241 2101/312/242 2114/449/333
f 1954/456/340 1977/232/188 1975/457/188 1960/458/341
f 209/278/220 214/459/183 205/460/342 207/279/183
f 1941/214/176 1964/461/341 1965/462/341 1939/394/294
f 157/463/343 158/464/344 155/455/339 156/454/338
f 1943/217/179 1961/465/341 1964/461/341 1941/214/176
f 1954/456/340 1960/458/341 1961/465/341 1943/217/179
f 157/463/343 160/466/343 159/467/345 158/464/344
f 1277/468/346 1279/469/347 1280/470/348 1278/471/349
f 162/472/350 164/473/351 163/474/352 161/475/353
f 164/473/351 166/476/354 165/477/350 163/474/352
f 150/478/355 152/453/337 151/452/336 149/479/356
f 168/480/357 170/481/358 169/482/359 167/483/357
f 117/484/360 118/485/360 116/486/360 115/487/360
f 814/488/361 816/489/361 815/490/362 813/491/362
f 174/492/363 176/493/364 175/494/364 173/495/363
f 704/496/365 706/497/366 705/18/366 703/17/367
f 1764/498/368 1765/499/368 1767/74/68 1766/73/67
f 1961/465/341 1963/76/253 1971/500/188 1964/461/341
f 798/501/232 800/502/232 799/503/232 797/504/233
f 1960/458/341 1962/73/369 1963/76/253 1961/465/341
f 2108/505/312 2109/506/312 2110/507/342
f 2107/508/241 2109/506/312 2108/505/312
f 135/444/171 136/203/170 137/509/171
f 136/203/170 138/510/172 137/509/171
f 137/509/171 138/510/172 139/511/171
f 138/510/172 140/37/172 139/511/171
f 2106/512/241 2107/508/241 2108/505/312
f 2105/313/241 2107/508/241 2106/512/241
f 335/211/370 322/213/371 312/513/372 334/514/373
f 136/203/170 141/202/169 138/510/172
f 141/202/169 142/38/173 138/510/172
f 138/510/172 142/38/173 140/37/172
f 2102/311/241 2103/310/240 2104/515/273
f 2048/516/374 2049/517/375 2051/518/376 2050/519/376
f 1605/520/377 1611/521/378 1607/522/379 1606/523/380
f 35/524/381 36/525/382 34/526/152 33/527/383
f 786/528/384 788/410/385 787/529/384 785/530/384
f 2094/531/28 2095/438/29 2096/532/386
f 147/368/387 148/371/387 149/479/356
f 148/371/387 150/478/355 149/479/356
f 103/533/388 104/534/389 102/437/324 100/435/323
f 1795/178/154 1794/177/153 1793/535/140 1800/536/276
f 2093/537/390 2095/438/29 2094/531/28
f 2092/538/391 2093/537/390 2094/531/28
f 2063/539/392 2065/540/393 2066/541/394 2064/542/395
f 2013/528/396 2014/543/397 2012/544/398 2027/545/399
f 868/546/400 870/547/401 869/548/400 867/549/400
f 2025/550/402 2027/545/399 2012/544/398 2026/551/402
f 2023/504/403 2025/550/402 2026/551/402 2024/552/403
f 1770/500/404 1771/553/69 1773/554/405 1772/555/405
f 1487/556/125 1485/557/125 240/558/126 242/559/126
f 331/560/406 333/561/407 332/562/407 330/563/408
f 2019/564/409 2021/501/397 2022/565/410 2020/566/409
f 113/567/360 114/568/411 112/86/80 111/85/79
f 2013/528/396 2015/530/369 2016/569/183 2014/543/397
f 531/202/412 537/204/413 532/570/414 526/571/415
f 480/79/73 482/169/247 481/317/246 475/80/74
f 500/207/416 501/206/417 468/572/418 494/573/419
f 2052/574/420 2053/575/421 2055/576/422 2054/577/423
f 2097/448/241 2099/447/241 2100/578/312 2098/579/424
f 2050/519/376 2051/518/376 2053/575/421 2052/574/420
f 900/580/183 902/581/425 901/582/426 899/583/183
f 119/584/360 120/585/427 118/485/360 117/484/360
f 1162/586/369 1164/587/272 1163/134/272 1161/588/272
f 2004/589/428 2005/590/429 2007/591/341 2006/592/341
f 434/593/430 439/594/431 435/595/432 430/596/433
f 2058/597/434 2059/598/435 2045/549/436 2044/599/436
f 2056/600/437 2057/601/437 2059/598/435 2058/597/434
f 123/602/438 124/603/439 122/604/440 121/605/441
f 287/606/442 289/404/273 288/407/303 286/607/318
f 1996/608/443 1997/609/443 1999/305/186 1998/610/185
f 125/611/444 126/612/445 124/603/439 123/602/438
f 2061/613/446 2062/614/447 2060/615/448 2075/616/449
f 1154/617/309 1156/618/341 1155/619/254 1153/620/252
f 1814/180/140 1816/621/168 1820/622/43 1794/177/153
f 1955/428/188 1957/367/188 1958/230/188 1956/229/187
f 2069/623/450 2071/624/451 2072/488/451 2070/491/452
f 2067/625/318 2069/623/450 2070/491/452 2068/626/318
f 2065/540/393 2067/625/318 2068/626/318 2066/541/394
f 178/627/453 179/495/454 180/482/31
f 179/495/454 181/628/453 180/482/31
f 180/482/31 181/628/453 182/629/455
f 181/628/453 183/630/456 182/629/455
f 1919/631/429 1920/632/457 1922/633/421 1921/546/458
f 183/630/456 181/628/453 184/634/459
f 1102/403/300 1134/224/299 1100/611/460 1101/635/461
f 2054/577/423 2055/576/422 2057/601/437 2056/600/437
f 1931/636/462 1932/111/463 1934/637/319 1933/638/464
f 1904/529/220 1905/639/220 1903/640/465 1918/641/402
f 183/630/456 184/634/459 186/497/391
f 184/634/459 187/33/28 186/497/391
f 186/497/391 187/33/28 188/18/278
f 1143/366/188 1144/31/466 1141/642/467 1142/643/468
f 333/561/407 335/211/370 334/514/373 332/562/407
f 1142/643/468 1397/110/188 1398/375/188 1143/366/188
f 2021/501/397 2023/504/403 2024/552/403 2022/565/410
f 1732/644/469 1733/222/470 1735/221/471 1734/645/472
f 194/646/241 196/647/241 195/648/31
f 195/648/31 196/647/241 197/649/403
f 196/647/241 198/650/473 197/649/403
f 197/649/403 198/650/473 199/651/183
f 1126/652/183 1125/653/253 1127/75/341 1116/74/219
f 1125/653/253 1129/654/341 1128/553/341 1127/75/341
f 1129/654/341 208/276/219 1130/554/219 1128/553/341
f 1964/461/341 1971/500/188 1972/555/183 1965/462/341
f 1965/462/341 1972/555/183 1973/655/369 1967/656/474
f 988/657/43 966/658/475 964/659/43 987/660/157
f 1846/661/295 1845/256/295 1848/255/295 1847/662/295
f 1923/547/476 1924/663/477 1926/664/478 1925/665/479
f 1921/546/458 1922/633/421 1924/663/477 1923/547/476
f 1124/666/341 1129/654/341 1125/653/253 1121/667/341
f 403/668/480 404/669/481 405/670/482 2165/671/482
f 1772/555/405 1773/554/405 1775/672/483 1774/655/483
f 1925/665/479 1926/664/478 1928/193/484 1927/673/484
f 898/674/485 900/580/183 899/583/183 897/675/485
f 1123/676/486 212/677/287 210/277/183 1124/666/341
f 1123/676/486 1124/666/341 1121/667/341 1122/678/309
f 1595/679/487 1577/680/488 1576/681/489 1596/682/487
f 1119/683/183 1126/652/183 1115/684/490 1118/685/219
f 391/686/491 397/687/492 392/688/493 386/689/494
f 2082/690/495 2083/691/496 2085/692/490 2084/693/490
f 511/694/497 499/695/498 489/696/499 510/78/500
f 220/697/221 221/698/342 218/699/342
f 1117/567/183 1118/685/219 1115/684/490 1114/487/501
f 2088/700/502 2089/701/503 2091/702/504 2090/703/505
f 2078/303/462 2079/704/462 2081/705/506 2080/706/458
f 1285/707/134 1284/708/134 1275/709/346 1273/710/135
f 195/648/31 224/477/386 193/711/507
f 224/477/386 225/712/508 193/711/507
f 2076/302/183 2077/713/369 2079/704/462 2078/303/462
f 2090/703/505 2091/702/504 2077/713/369 2076/302/183
f 224/477/386 226/483/509 225/712/508
f 226/483/509 227/714/510 225/712/508
f 2029/715/511 2031/716/512 2032/717/513 2030/718/409
f 1908/411/306 1910/719/514 1911/720/515 1909/412/307
f 226/483/509 180/482/31 227/714/510
f 180/482/31 182/629/455 227/714/510
f 2008/721/476 2009/722/476 2011/723/516 2010/724/517
f 1912/503/241 1914/502/518 1915/725/519 1913/726/312
f 1654/407/520 1655/727/520 1657/588/521 1656/607/520
f 2080/706/458 2081/705/506 2083/691/496 2082/690/495
f 1916/728/393 1918/641/402 1903/640/465 1917/729/522
f 358/669/523 362/730/524 361/731/525 360/13/526
f 917/341/527 918/417/527 916/6/6 914/5/5
f 235/732/126 237/733/126 236/734/125
f 1712/735/162 1713/736/162 1715/589/163 1714/737/162
f 491/170/528 492/159/529 493/162/530 2178/171/530
f 1588/738/531 1590/739/531 1591/740/531 1589/741/531
f 264/347/273 274/742/186 266/743/369 265/348/183
f 246/744/532 1497/745/126 244/746/126 245/747/532
f 1334/748/533 1335/749/533 1336/750/534 1337/291/535
f 276/751/536 260/752/537 245/747/532 243/753/532
f 1826/754/538 1825/166/43 1832/755/43 1835/756/203
f 972/757/106 973/57/49 971/60/51 970/758/192
f 1053/759/205 1055/419/313 1052/58/50 975/760/539
f 1404/401/297 1406/761/297 1407/762/261 1405/402/261
f 1825/166/43 1826/754/538 1819/763/538 1817/167/43
f 696/717/540 698/629/541 697/630/541 695/718/541
f 1011/129/43 1001/764/43 1000/765/155 1010/525/155
f 2017/766/318 2019/564/409 2020/566/409 2018/767/318
f 1904/529/220 1906/410/305 1907/413/308 1905/639/220
f 1001/764/43 988/657/43 987/660/157 1000/765/155
f 1203/330/287 1204/333/185 1205/353/185 1202/768/186
f 979/260/205 1054/769/313 977/770/50 978/235/194
f 1291/771/202 1292/772/202 1283/773/542 1284/708/134
f 251/774/186 258/775/273 1899/776/183 1901/777/183
f 216/778/543 219/779/185 217/780/312 213/781/312
f 373/219/544 379/782/545 374/783/546 368/784/547
f 268/785/272 270/786/548 269/787/549
f 269/787/549 270/786/548 271/788/185
f 270/786/548 221/698/342 271/788/185
f 271/788/185 221/698/342 272/789/550
f 221/698/342 220/697/221 272/789/550
f 1990/790/551 1991/791/552 1993/792/553 1992/793/554
f 1898/794/185 1900/795/186 1901/777/183 1899/776/183
f 1901/777/183 1902/225/183 253/228/186 251/774/186
f 249/796/536 258/775/273 251/774/186 250/797/536
f 1039/270/215 1075/798/555 1802/799/208 1804/271/208
f 1439/800/556 1440/801/557 1441/802/558 1455/803/559
f 364/804/560 398/805/561 366/806/562 365/218/563
f 549/444/330 555/509/564 550/807/565 544/445/331
f 1902/225/183 1901/777/183 1900/795/186 1132/808/287
f 1994/809/508 1995/810/391 1981/811/566 1980/812/567
f 611/25/22 594/28/25 598/813/568 610/814/211
f 255/226/184 257/85/183 256/88/186 254/227/185
f 1477/815/569 1478/816/569 1480/339/261 1479/338/261
f 247/817/536 249/796/536 248/818/570 246/744/532
f 252/819/571 1512/820/536 1508/821/572 1507/238/196
f 1507/238/196 1502/237/195 250/797/536 252/819/571
f 250/797/536 1502/237/195 248/818/570 249/796/536
f 1992/793/554 1993/792/553 1995/810/391 1994/809/508
f 365/218/563 367/220/573 363/822/574 364/804/560
f 977/770/50 1054/769/313 1053/759/205 975/760/539
f 218/699/342 221/698/342 197/649/403 199/651/183
f 1954/456/340 1956/229/187 1977/232/188
f 731/823/575 732/133/575 730/136/462 729/824/576
f 729/824/576 730/136/462 728/825/273 727/296/273
f 727/296/273 728/825/273 726/826/577 724/297/442
f 724/297/442 726/826/577 725/827/578 723/828/579
f 1978/385/189 1979/231/189 1958/230/188
f 2103/310/240 2105/313/241 2106/512/241 2104/515/273
f 1975/457/188 1977/232/188 1976/384/188
f 734/829/580 736/581/581 735/606/581 733/823/582
f 1974/498/341 1975/457/188 1976/384/188
f 1960/458/341 1975/457/188 1974/498/341
f 470/830/583 472/831/584 471/186/77 465/832/585
f 469/833/586 474/834/587 470/830/583 465/832/585
f 474/834/587 479/77/71 475/80/74 470/830/583
f 1962/73/369 1960/458/341 1974/498/341
f 1130/554/219 208/276/219 207/279/183 206/672/317
f 206/672/317 207/279/183 205/460/342 204/835/342
f 398/805/561 364/804/560 399/836/588 393/837/589
f 1455/803/559 1454/838/590 1437/336/264 1439/800/556
f 1968/839/312 1969/840/183 1970/841/241 2113/842/591
f 1660/384/592 1661/843/593 1663/499/594 1662/498/594
f 392/688/493 398/805/561 393/837/589 387/844/595
f 466/845/596 513/185/597 512/160/131 495/846/598
f 1966/393/183 1967/656/474 1968/839/312 2117/392/293
f 127/224/182 128/223/181 126/612/445 125/611/444
f 494/573/419 468/572/418 495/846/598 490/847/599
f 495/846/598 497/160/138 496/159/137 490/847/599
f 1322/848/600 1323/849/600 1325/850/600 1324/851/600
f 1009/852/106 996/234/192 995/236/106 1008/853/106
f 538/446/332 544/445/331 539/854/601 533/855/602
f 490/847/599 492/159/529 491/170/528 485/856/321
f 103/533/388 106/857/603 105/858/604 104/534/389
f 170/481/358 172/859/605 171/627/606 169/482/359
f 1421/860/607 1447/861/608 1446/862/609 1434/335/263
f 1937/322/252 1938/321/188 1939/394/294 2129/377/287
f 1929/863/436 1930/112/506 1932/111/463 1931/636/462
f 499/695/498 500/207/416 494/573/419 489/696/499
f 327/864/610 329/865/611 328/866/612 326/867/613
f 509/868/614 511/694/497 510/78/500 508/77/615
f 507/869/616 509/868/614 508/77/615 506/834/617
f 1927/673/484 1928/193/484 1930/112/506 1929/863/436
f 2071/624/451 2073/870/394 2074/871/393 2072/488/451
f 501/206/417 503/205/618 502/872/619 468/572/418
f 2099/447/241 2101/312/242 2102/311/241 2100/578/312
f 1954/456/340 1955/428/188 1956/229/187
f 484/78/72 489/696/499 485/856/321 480/79/73
f 1953/429/188 1955/428/188 1954/456/340
f 1947/873/467 1952/29/620 1945/874/254
f 1596/682/487 1597/875/621 1598/876/622 1595/679/487
f 121/605/441 122/604/440 120/585/427 119/584/360
f 2120/877/242 2119/878/240 2118/439/325 2092/538/391
f 2119/878/240 2120/877/242 2121/879/623 2122/425/316
f 1940/415/310 1950/414/309 1951/880/624 1942/215/177
f 475/80/74 477/317/625 476/831/626 470/830/583
f 1946/881/467 1948/882/627 1947/873/467
f 1945/874/254 1946/881/467 1947/873/467
f 1943/217/179 1944/216/178 1945/874/254
f 313/883/628 315/53/146 314/46/145 308/884/629
f 2115/440/241 2118/439/325 2119/878/240 2116/885/630
f 2119/878/240 2122/425/316 2117/392/293 2116/885/630
f 1938/321/188 1940/415/310 1939/394/294
f 1650/886/470 1651/887/631 1653/888/632 1652/889/632
f 2041/431/319 2043/890/633 2028/496/634 2042/17/319
f 1758/677/275 1757/676/275 1756/891/275 2136/768/275
f 2000/892/635 2001/304/636 2003/893/436 2002/736/421
f 1754/678/275 1755/894/275 1756/891/275 1757/676/275
f 1753/895/637 1751/896/638 1755/894/275 1754/678/275
f 2037/897/639 2039/430/318 2040/20/318 2038/898/394
f 2035/489/640 2037/897/639 2038/898/394 2036/899/640
f 2033/490/641 2035/489/640 2036/899/640 2034/900/642
f 2086/901/643 2087/902/636 2089/701/503 2088/700/502
f 552/903/644 553/145/645 554/148/166 2182/904/646
f 503/205/618 505/905/647 504/833/648 502/872/619
f 551/433/321 553/145/645 552/903/644 545/906/649
f 2/345/271 4/344/270 3/306/650 1/309/651
f 556/907/652 522/40/35 557/432/320 551/433/321
f 65/61/52 68/908/653 67/258/654 66/62/53
f 1095/851/655 1097/909/656 1096/910/657 1094/911/658
f 896/912/659 898/674/485 897/675/485 895/913/575
f 1998/610/185 1999/305/186 2001/304/636 2000/892/635
f 902/581/425 904/829/660 903/914/661 901/582/426
f 1986/593/662 1987/209/663 1989/208/664 1988/594/664
f 421/915/665 450/916/666 423/809/667 422/812/668
f 545/906/649 547/903/669 546/142/670 539/854/601
f 2002/736/421 2003/893/436 2005/590/429 2004/589/428
f 2073/870/394 2075/616/449 2060/615/448 2074/871/393
f 1982/917/627 1983/918/671 1985/210/672 1984/919/673
f 337/920/674 301/866/675 300/563/676 299/921/677
f 1594/922/678 1582/923/679 1595/679/487 1598/876/622
f 2006/592/341 2007/591/341 2009/722/476 2008/721/476
f 291/405/301 293/828/680 292/827/681 290/406/302
f 2010/724/517 2011/723/516 1997/609/443 1996/608/443
f 550/807/565 556/907/652 551/433/321 545/906/649
f 532/570/414 538/446/332 533/855/602 527/924/682
f 533/855/602 535/141/683 534/121/145 527/924/682
f 1942/215/177 1951/880/624 1948/882/627 1944/216/178
f 268/785/272 269/787/549 267/925/287 266/743/369
f 1120/895/684 1122/678/309 1121/667/341 1119/683/183
f 544/445/331 550/807/565 545/906/649 539/854/601
f 527/924/682 529/121/107 528/120/107 519/926/685
f 255/226/184 1902/225/183 1132/808/287
f 581/927/686 579/928/687 594/28/25 595/27/24
f 1634/929/688 1635/930/688 1637/931/689 1636/932/690
f 525/38/33 531/202/412 526/571/415 521/39/34
f 521/39/34 526/571/415 519/926/685 520/933/691
f 115/487/360 116/486/360 114/568/411 113/567/360
f 267/925/287 1892/815/186 265/348/183 266/743/369
f 385/934/692 391/686/491 386/689/494 380/935/693
f 520/933/691 557/432/320 522/40/35 521/39/34
f 421/915/665 455/936/694 454/190/695 450/916/666
f 485/856/321 487/170/142 486/169/141 480/79/73
f 1487/556/125 1488/937/125 1489/938/696 1486/939/697
f 261/940/273 262/350/273 263/349/183 1895/941/183
f 318/942/524 320/54/46 319/53/45 313/883/628
f 1416/943/698 1415/944/698 1449/945/699 1448/946/700
f 1897/331/185 1898/794/185 1899/776/183 1896/947/183
f 406/948/701 407/246/701 408/949/701
f 407/246/701 409/245/701 408/949/701
f 445/950/702 447/189/703 446/196/704 440/951/705
f 534/121/145 535/141/683 536/144/706 2186/122/706
f 1734/645/472 1735/221/471 1737/320/707 1736/319/707
f 1669/952/708 1670/953/709 1672/888/710 1671/887/711
f 1188/427/272 1192/7/317 1190/6/241 1189/416/311
f 1370/24/21 1371/23/20 1373/954/690 1372/955/712
f 688/898/713 690/711/400 689/712/713 687/899/713
f 1356/24/714 1357/955/715 1359/956/716 1358/957/717
f 454/190/695 455/936/694 456/958/718 2173/191/719
f 636/825/720 638/427/721 637/959/721 635/826/720
f 520/933/691 562/153/128 561/146/127 557/432/320
f 466/845/596 495/846/598 468/572/418 467/872/722
f 422/812/668 424/917/723 420/84/78 421/915/665
f 1445/960/724 1450/961/700 1451/962/725 1444/963/725
f 467/872/722 469/833/586 465/832/585 466/845/596
f 450/916/666 452/190/161 451/189/63 445/950/702
f 210/277/183 212/677/287 211/352/185 209/278/220
f 1001/764/43 1012/964/726 1002/965/727 988/657/43
f 264/347/273 262/350/273 276/751/536 275/966/536
f 444/790/728 449/793/729 445/950/702 440/951/705
f 1946/881/467 1945/874/254 1944/216/178 1948/882/627
f 965/967/43 967/968/43 969/969/106 1048/970/105
f 254/227/185 1512/820/536 252/819/571 253/228/186
f 439/594/431 444/790/728 440/951/705 435/595/432
f 440/951/705 442/196/165 441/195/164 435/595/432
f 1842/307/237 1845/256/295 1846/661/295 1844/308/238
f 260/752/537 276/751/536 262/350/273 261/940/273
f 1855/971/295 1854/972/238 1853/763/295 1856/754/295
f 312/513/372 317/973/730 313/883/628 308/884/629
f 263/349/183 265/348/183 1892/815/186 1893/338/731
f 1267/974/202 1288/975/202 1287/155/134 1268/158/134
f 1720/976/732 1721/977/733 1723/978/734 1722/957/735
f 166/476/354 168/480/357 167/483/357 165/477/350
f 430/596/433 432/113/102 431/82/101 425/81/75
f 458/789/531 460/979/531 459/980/531 457/788/531
f 1799/981/736 1791/982/153 1798/983/153 1801/984/736
f 1005/132/43 1016/131/44 1007/985/44 1006/986/737
f 1586/987/531 1583/988/738 1585/989/531 1587/990/531
f 424/917/723 429/919/739 425/81/75 420/84/78
f 216/778/543 213/781/312 214/459/183 215/351/740
f 1392/991/741 1393/992/742 1395/993/742 1394/994/741
f 1501/390/743 1496/389/744 1500/149/125 1504/995/126
f 308/884/629 310/46/40 309/45/39 303/996/595
f 1080/997/126 1081/452/745 1078/451/746 1079/998/572
f 1507/238/196 1508/821/572 1509/999/126 1503/152/126
f 179/495/454 185/494/747 184/634/459 181/628/453
f 1045/183/155 1047/1000/748 1046/1001/749 1044/1002/106
f 1809/1003/750 1810/592/750 1812/721/750 1811/1004/750
f 107/1005/751 110/88/82 109/87/81 108/1006/752
f 1336/750/534 1338/1007/753 1339/292/754 1337/291/535
f 303/996/595 305/45/755 304/71/755 298/1008/756
f 302/562/757 307/514/758 303/996/595 298/1008/756
f 307/514/758 312/513/372 308/884/629 303/996/595
f 980/62/205 979/260/205 978/235/194 997/63/193
f 1444/963/725 1438/1009/759 1446/862/609 1445/960/724
f 446/196/704 447/189/703 448/192/760 2171/197/761
f 489/696/499 494/573/419 490/847/599 485/856/321
f 1531/1010/762 1535/1011/763 1186/1012/764 1187/1013/765
f 247/817/536 259/1014/273 258/775/273 249/796/536
f 1814/180/140 1815/168/140 1817/167/43 1816/621/168
f 362/730/524 399/836/588 364/804/560 363/822/574
f 2095/438/29 2093/537/390 2092/538/391 2118/439/325
f 1172/1015/766 1185/748/172 1175/291/226 1167/294/229
f 1939/394/294 1965/462/341 1967/656/474 1966/393/183
f 1831/1016/168 1834/1017/203 1835/756/203 1832/755/43
f 1859/1018/295 1857/1019/295 1858/756/295 1860/1017/295
f 326/867/613 301/866/675 337/920/674 336/1020/767
f 336/1020/767 337/920/674 1515/65/61 1514/69/60
f 1059/200/168 1061/233/191 1836/397/203 1833/1021/43
f 107/1005/751 108/1006/752 105/858/604 106/857/603
f 379/782/545 385/934/692 380/935/693 374/783/546
f 336/1020/767 342/69/526 341/54/768 318/942/524
f 1829/1022/140 1831/1016/168 1832/755/43 1827/357/153
f 1825/166/43 1824/165/140 1827/357/153 1832/755/43
f 1851/1023/295 1853/763/295 1854/972/238 1852/1024/237
f 324/1025/769 318/942/524 313/883/628 317/973/730
f 1679/931/770 1680/930/771 1682/1026/772 1681/1027/773
f 546/142/670 547/903/669 548/904/774 2185/143/775
f 1068/355/276 1824/165/140 1815/168/140 1813/263/209
f 1069/262/209 1063/420/205 1068/355/276 1813/263/209
f 449/793/729 423/809/667 450/916/666 445/950/702
f 462/185/158 466/845/596 465/832/585 464/186/159
f 668/726/776 670/1028/776 669/1029/777 667/720/777
f 910/8/778 912/7/779 911/426/778 909/346/780
f 1110/109/286 1111/1030/781 1112/843/188 1396/374/189
f 2123/340/241 2122/425/316 2121/879/623 2127/341/267
f 2130/379/183 2131/378/288 2132/282/222 2134/346/272
f 2044/599/436 2045/549/436 2047/548/462 2046/1031/462
f 397/687/492 366/806/562 398/805/561 392/688/493
f 1984/919/673 1985/210/672 1987/209/663 1986/593/662
f 1988/594/664 1989/208/664 1991/791/552 1990/790/551
f 325/1032/782 327/864/610 326/867/613 324/1025/769
f 1295/1033/202 1296/1034/202 1292/772/202 1291/771/202
f 1490/361/696 1489/938/696 1488/937/125 1491/1035/125
f 1039/270/215 1037/116/105 1076/119/106 1075/798/555
f 1504/995/126 1505/435/783 1506/434/784 1501/390/743
f 1071/299/209 1795/178/154 1800/536/276 1073/1036/208
f 82/363/280 83/362/279 80/1037/785 81/1038/280
f 1728/664/786 1729/1039/787 1731/194/786 1730/193/787
f 1471/980/788 1472/1040/261 1474/787/789 1473/788/788
f 1055/419/313 1053/759/205 1056/1041/154 1828/356/154
f 1857/1019/295 1855/971/295 1856/754/295 1858/756/295
f 393/837/589 395/138/118 394/137/117 387/844/595
f 336/1020/767 318/942/524 324/1025/769 326/867/613
f 526/571/415 532/570/414 527/924/682 519/926/685
f 522/40/35 556/907/652 524/511/790 523/37/32
f 69/1042/791 72/3/3 71/2/2 70/199/792
f 577/1043/793 593/1044/87 579/928/687 578/1045/793
f 2061/613/446 2063/539/392 2064/542/395 2062/614/447
f 386/689/494 392/688/493 387/844/595 381/1046/794
f 516/153/131 520/933/691 519/926/685 518/120/132
f 1827/357/153 1828/356/154 1056/1041/154 1829/1022/140
f 1829/1022/140 1056/1041/154 1057/1047/207 1830/1048/153
f 1059/200/168 1833/1021/43 1830/1048/153 1058/201/153
f 1524/1049/795 1526/1050/456 1527/1051/456 1525/1052/456
f 300/563/676 302/562/757 298/1008/756 299/921/677
f 295/66/63 299/921/677 298/1008/756 297/71/64
f 1582/923/679 1578/1053/678 1577/680/488 1595/679/487
f 1068/355/276 1063/420/205 1055/419/313 1828/356/154
f 505/905/647 507/869/616 506/834/617 504/833/648
f 374/783/546 380/935/693 375/1054/677 369/1055/796
f 375/1054/677 377/9/797 376/14/798 369/1055/796
f 1831/1016/168 1829/1022/140 1830/1048/153 1833/1021/43
f 380/935/693 386/689/494 381/1046/794 375/1054/677
f 368/784/547 374/783/546 369/1055/796 361/731/525
f 417/936/158 421/915/665 420/84/78 419/83/159
f 1945/874/254 1953/429/188 1954/456/340 1943/217/179
f 202/1056/266 203/1057/312 201/1058/266 200/1059/312
f 555/509/564 524/511/790 556/907/652 550/807/565
f 363/822/574 368/784/547 361/731/525 362/730/524
f 1559/1060/799 1607/522/379 1609/1061/800 1608/1062/801
f 1796/179/154 1813/263/209 1815/168/140 1814/180/140
f 283/1063/536 275/966/536 241/1064/570 239/1065/195
f 1630/882/787 1631/1066/802 1633/1067/802 1632/873/802
f 367/220/573 373/219/544 368/784/547 363/822/574
f 62/1068/803 64/64/55 63/63/54 61/234/804
f 362/730/524 404/669/481 403/668/480 399/836/588
f 1896/947/183 1895/941/183 1894/332/185 1897/331/185
f 1860/1017/295 1861/397/295 1862/396/295 1859/1018/295
f 399/836/588 401/668/805 400/138/806 393/837/589
f 1776/835/807 1778/1056/808 1779/841/809 1777/840/810
f 1778/1056/808 1780/1059/811 1781/1069/812 1779/841/809
f 1780/1059/811 1782/650/813 1783/507/814 1781/1069/812
f 1590/739/531 1592/1070/531 1593/1071/531 1591/740/531
f 2114/449/333 2115/440/241 2111/1072/312 2109/506/312
f 1585/989/531 1588/738/531 1589/741/531 1587/990/531
f 1067/1073/106 1044/1002/106 1046/1001/749 1066/1074/106
f 1563/1075/815 1561/1076/816 1559/1060/799 1608/1062/801
f 700/900/817 702/714/818 701/629/817 699/717/819
f 1570/1077/738 1580/1078/531 1581/1079/531 1567/1080/531
f 1567/1080/531 1562/1081/820 1571/1082/678 1570/1077/738
f 1338/1007/753 1340/1083/821 1341/1084/821 1339/292/754
f 1558/275/218 1559/1060/799 1561/1076/816 1560/272/216
f 802/564/822 804/728/823 803/502/823 801/501/824
f 387/844/595 389/137/825 388/10/825 381/1046/794
f 1611/521/378 1612/1085/826 1609/1061/800 1607/522/379
f 1782/650/813 1784/647/827 1785/505/814 1783/507/814
f 1791/982/153 1799/981/736 1800/536/276 1793/535/140
f 589/96/87 590/1086/828 571/1087/793 569/1088/793
f 1594/922/678 1599/1089/829 1590/739/531 1588/738/531
f 1588/738/531 1585/989/531 1582/923/679 1594/922/678
f 1583/988/738 1578/1053/678 1582/923/679 1585/989/531
f 1579/1090/531 1572/1091/678 1578/1053/678 1583/988/738
f 1570/1077/738 1571/1082/678 1572/1091/678 1579/1090/531
f 846/575/540 848/518/830 847/673/830 845/863/830
f 1561/1076/816 1563/1075/815 1564/1092/831 1562/1081/820
f 1563/1075/815 1565/1093/832 1566/1094/833 1564/1092/831
f 1563/1075/815 1608/1062/801 1610/1095/834 1565/1093/832
f 1250/242/135 1249/1096/135 1248/1097/542 1256/239/134
f 1005/132/43 1006/986/737 992/1098/43 1004/1099/43
f 200/1059/312 201/1058/266 199/651/183 198/650/473
f 794/504/835 796/503/835 795/719/835 793/550/835
f 1577/680/488 1578/1053/678 1572/1091/678 1574/1100/836
f 1125/653/253 1126/652/183 1119/683/183 1121/667/341
f 299/921/677 339/66/57 338/65/56 337/920/674
f 1599/1089/829 1594/922/678 1598/876/622 1601/1101/837
f 1602/1102/678 1599/1089/829 1601/1101/837 1603/1103/838
f 1015/50/44 1005/132/43 1004/1099/43 1014/51/43
f 990/1104/43 1004/1099/43 992/1098/43 991/1105/839
f 990/1104/43 991/1105/839 968/1106/840 989/1107/841
f 187/33/28 1517/36/31 189/359/241 188/18/278
f 1453/1108/842 1452/337/265 1437/336/264 1454/838/590
f 266/743/369 274/742/186 273/1109/186 268/785/272
f 1574/1100/836 1575/1110/843 1576/681/489 1577/680/488
f 1575/1110/843 1574/1100/836 1573/1111/844 1613/1112/845
f 1564/1092/831 1566/1094/833 1613/1112/845 1573/1111/844
f 1884/134/846 1885/133/846 1887/607/847 1886/588/846
f 1086/1102/848 1087/1113/849 1085/1114/850 1083/1070/851
f 356/789/852 355/697/637 354/1115/638 2145/979/852
f 664/720/540 666/1029/540 665/1116/540 663/412/540
f 429/919/739 434/593/430 430/596/433 425/81/75
f 2095/438/29 2097/448/241 2098/579/424 2096/532/386
f 1215/910/853 1216/1117/853 1218/1118/853 1217/1119/854
f 716/20/855 718/19/856 717/711/855 715/898/855
f 1879/911/857 1882/910/858 1883/1119/858 1881/1120/859
f 1878/1121/860 1879/911/857 1881/1120/859 1880/1122/861
f 1188/427/272 1189/416/311 1187/1013/765 1174/959/183
f 584/1123/862 621/1124/863 582/1125/864
f 672/725/865 674/1126/865 673/1028/865 671/726/866
f 1556/1127/867 1557/1128/867 1558/275/218 1569/274/218
f 692/899/868 694/712/868 693/714/868 691/900/868
f 1252/1129/869 1251/1130/870 1250/242/135 1259/241/197
f 1219/1131/871 1220/909/871 1222/851/871 1221/850/871
f 580/1132/872 626/1133/873 578/1045/793
f 626/1133/873 627/1134/793 578/1045/793
f 1410/953/874 1411/952/874 1413/1027/875 1412/1026/874
f 676/729/713 678/1049/400 677/1126/400 675/725/713
f 211/352/185 215/351/740 214/459/183 209/278/220
f 1417/1135/876 1416/943/698 1448/946/700 1447/861/608
f 426/83/77 427/82/76 428/115/706 2155/1136/706
f 1555/1137/877 1605/520/377 1606/523/380 1557/1128/867
f 1700/1026/878 1702/930/879 1701/888/879
f 1699/953/879 1700/1026/878 1701/888/879
f 1696/977/880 1698/319/880 1697/21/880
f 1695/978/880 1696/977/880 1697/21/880
f 354/1115/638 355/697/637 352/779/275 353/1138/275
f 876/547/881 878/665/882 877/517/883 875/548/881
f 376/14/798 377/9/797 378/12/884 2166/15/884
f 872/723/100 874/722/100 873/901/100 871/700/99
f 1888/1139/885 1889/243/886 1891/246/887 1890/948/887
f 1090/1140/888 1091/1141/889 1089/1142/890 1088/1103/891
f 345/1143/892 347/1144/893 346/1145/894 344/949/894
f 1980/812/567 1981/811/566 1983/918/671 1982/917/627
f 512/160/131 513/185/597 514/188/133 2180/161/133
f 1360/949/895 1361/245/895 1363/244/896 1362/1143/897
f 276/751/536 243/753/532 241/1064/570 275/966/536
f 1683/620/898 1684/892/898 1686/736/116 1685/735/899
f 9/327/257 12/314/244 11/269/243 10/268/258
f 951/505/900 952/647/901 950/646/902 948/512/903
f 1687/619/866 1688/610/866 1690/892/866 1689/620/866
f 1562/1081/820 1564/1092/831 1573/1111/844 1571/1082/678
f 640/136/866 642/135/866 641/427/866 639/825/866
f 1691/1146/830 1692/724/830 1694/608/830 1693/1147/830
f 27/326/256 28/325/255 26/1148/904 25/1149/905
f 944/515/906 946/1150/907 945/358/908 943/311/908
f 1429/1147/909 1430/608/909 1432/610/910 1431/619/910
f 613/1131/911 615/850/911 614/1151/911 612/1117/911
f 58/90/83 60/1152/804 59/852/912 57/91/83
f 1491/1035/125 1488/937/125 244/746/126 1497/745/126
f 884/948/913 886/1153/914 885/1154/915 883/1139/916
f 932/531/868 934/1155/868 933/1156/868 931/538/868
f 565/1157/793 567/1158/793 566/1159/793 564/1160/793
f 928/879/917 930/1051/917 929/417/918 927/341/917
f 770/826/830 772/959/540 771/1161/540 769/827/540
f 1742/737/17 1743/589/17 1745/592/520 1744/1003/17
f 1620/205/172 1615/869/172 1621/905/171
f 1617/1162/174 1615/869/172 1620/205/172
f 1619/207/173 1617/1162/174 1620/205/172
f 1617/1162/174 1619/207/173 1618/695/174
f 948/512/903 950/646/902 949/1150/919 947/515/920
f 1616/694/175 1617/1162/174 1618/695/174
f 1615/869/172 1617/1162/174 1616/694/175
f 1614/868/172 1615/869/172 1616/694/175
f 75/391/285 77/390/292 76/434/284 74/436/921
f 750/298/922 752/297/922 751/828/162 749/912/923
f 349/1163/275 353/1138/275 352/779/275 351/778/275
f 593/1044/87 598/813/568 594/28/25 579/928/687
f 720/581/924 722/580/925 721/404/926 719/606/924
f 1421/860/607 1423/929/927 1424/932/928 1422/1164/929
f 620/1165/930 633/1166/931 621/1124/863 584/1123/862
f 708/718/932 710/630/932 709/497/932 707/496/932
f 581/927/686 595/27/24 583/1167/933 582/1125/864
f 1608/1062/801 1609/1061/800 1610/1095/834
f 1007/985/44 1008/853/106 994/1168/106 1006/986/737
f 583/1167/933 585/1169/934 584/1123/862 582/1125/864
f 1606/523/380 1607/522/379 1559/1060/799
f 622/1170/935 623/1171/936 582/1125/864 621/1124/863
f 1703/633/823 1704/1172/823 1706/1173/823 1705/663/823
f 1259/241/197 1258/240/134 1262/253/134 1261/1174/197
f 23/1175/937 24/1176/938 22/248/200 21/247/200
f 1638/663/939 1639/1173/940 1641/1039/939 1640/664/939
f 2097/448/241 2095/438/29 2115/440/241 2114/449/333
f 587/1177/87 588/93/84 567/1158/793 565/1157/793
f 132/632/941 134/637/941 133/643/942 131/1178/941
f 1529/1179/943 1534/1180/944 1535/1011/763 1531/1010/762
f 605/442/327 606/1181/945 602/95/86 603/94/85
f 590/1086/828 591/1182/946 573/1183/947 571/1087/793
f 144/633/948 146/632/948 145/1178/948 143/1172/948
f 589/96/87 602/95/86 601/1184/949 590/1086/828
f 606/1181/945 607/1185/327 601/1184/949 602/95/86
f 229/110/865 231/643/866 230/637/866 228/111/865
f 607/1185/327 608/264/210 600/267/213 601/1184/949
f 590/1086/828 601/1184/949 600/267/213 591/1182/946
f 257/85/183 255/226/184 1118/685/219 1117/567/183
f 588/93/84 589/96/87 569/1088/793 567/1158/793
f 624/1186/935 625/1187/936 623/1171/936 622/1170/935
f 762/1188/232 764/824/950 763/296/950 761/295/233
f 567/1158/793 569/1088/793 568/1189/793 566/1159/793
f 1496/389/744 1495/1037/696 1494/150/125 1500/149/125
f 2015/530/369 2017/766/318 2018/767/318 2016/569/183
f 571/1087/793 573/1183/947 572/1190/793 570/1191/793
f 573/1183/947 575/1192/793 574/1193/793 572/1190/793
f 414/1194/916 415/1195/915 413/1196/951 411/1151/952
f 1057/1047/207 981/259/207 1058/201/153 1830/1048/153
f 575/1192/793 577/1043/793 576/1197/793 574/1193/793
f 1047/1000/748 1045/183/155 961/182/156 963/1198/155
f 1914/502/518 1916/728/393 1917/729/522 1915/725/519
f 1567/1080/531 1581/1079/531 1568/273/217
f 25/1149/905 26/1148/904 24/1176/938 23/1175/937
f 322/213/371 323/212/953 317/973/730 312/513/372
f 1866/406/954 1867/1199/955 1869/727/955 1868/407/954
f 766/829/956 768/823/957 767/824/956 765/1188/957
f 2114/449/333 2109/506/312 2107/508/241 2105/313/241
f 1791/982/153 1790/257/43 1789/1200/168 1798/983/153
f 1067/1073/106 1076/119/106 1042/118/106 1044/1002/106
f 592/1201/87 599/266/212 598/813/568 593/1044/87
f 778/530/925 780/529/925 779/641/925 777/766/925
f 1571/1082/678 1573/1111/844 1574/1100/836 1572/1091/678
f 1560/272/216 1561/1076/816 1562/1081/820 1567/1080/531
f 1026/106/958 1029/104/235 1027/1202/114 1022/49/43
f 248/818/570 1502/237/195 1499/151/126 1498/1203/126
f 1567/1080/531 1568/273/217 1560/272/216
f 579/928/687 581/927/686 580/1132/872 578/1045/793
f 2109/506/312 2111/1072/312 2112/1069/266 2110/507/342
f 33/527/383 34/526/152 31/175/151 32/174/150
f 471/186/77 472/831/584 473/1204/959 2174/187/959
f 684/580/960 686/674/960 685/405/960 683/404/960
f 656/412/824 658/1116/823 657/1205/824 655/413/824
f 1033/1206/155 1034/284/961 1032/249/962 1031/1207/962
f 624/1186/935 622/1170/935 634/1208/963 2141/1209/964
f 1233/873/965 1234/1067/965 1236/30/26 1235/29/26
f 994/1168/106 993/1210/106 992/1098/43 1006/986/737
f 358/669/523 360/13/526 359/16/966 357/670/966
f 1821/255/203 1792/254/43 1820/622/43 1823/1211/538
f 959/1212/967 960/1213/155 961/182/156 1759/181/155
f 920/587/968 922/379/969 921/346/969 919/426/969
f 586/1214/970 620/1165/930 584/1123/862 585/1169/934
f 1261/1174/197 1269/157/136 1270/316/245 1260/1215/197
f 184/634/459 1538/1119/971 1537/1118/972
f 1529/1179/943 184/634/459 1537/1118/972
f 1529/1179/943 1537/1118/972 1536/1196/973
f 1534/1180/944 1529/1179/943 1536/1196/973
f 738/303/957 740/706/974 739/893/957 737/304/975
f 1140/1084/976 1138/1216/977 1169/293/228 1176/292/227
f 1533/1205/978 1189/416/311 1528/418/29
f 400/138/806 401/668/805 402/671/979 2164/139/979
f 1187/1013/765 1189/416/311 1533/1205/978
f 1532/1116/980 1187/1013/765 1533/1205/978
f 1531/1010/762 1187/1013/765 1532/1116/980
f 1530/1029/29 1531/1010/762 1532/1116/980
f 746/700/163 748/703/162 747/609/923 745/723/162
f 1529/1179/943 1531/1010/762 1530/1029/29
f 1520/1028/981 1529/1179/943 1530/1029/29
f 1138/1216/977 1102/403/300 1141/642/467 1145/1217/254
f 758/703/982 760/302/982 759/305/982 757/609/982
f 1520/1028/981 1518/34/29 1529/1179/943
f 1156/618/341 1158/1218/253 1157/1219/983 1155/619/254
f 285/823/579 287/606/442 286/607/318 284/133/661
f 1750/1220/984 1751/896/638 1753/895/637 1752/1221/984
f 1152/1222/624 1154/617/309 1153/620/252 1151/735/624
f 1150/1066/671 1152/1222/624 1151/735/624 1149/737/671
f 806/722/985 808/591/986 807/693/986 805/901/986
f 1521/1155/390 1522/1126/987 1523/1156/391
f 1520/1028/981 1522/1126/987 1521/1155/390
f 1519/35/30 1520/1028/981 1521/1155/390
f 1518/34/29 1520/1028/981 1519/35/30
f 826/591/988 828/590/925 827/690/926 825/693/926
f 1144/31/466 1146/30/989 1145/1217/254 1141/642/467
f 834/706/830 836/690/830 835/590/830 833/893/830
f 54/98/83 56/89/83 55/92/83 53/99/89
f 1260/1215/197 1252/1129/869 1259/241/197 1261/1174/197
f 1837/1223/793 1838/1224/793 1840/1220/793 1839/1221/793
f 1262/253/134 1268/158/134 1269/157/136 1261/1174/197
f 1285/707/134 1287/155/134 1288/975/202 1286/1225/202
f 280/1226/536 1077/455/536 278/464/186 279/1227/186
f 838/890/990 840/542/990 839/541/990 837/715/990
f 1540/379/991 1541/587/992 1543/586/991 1542/376/991
f 864/665/993 866/673/994 865/518/994 863/517/994
f 37/128/113 38/129/113 36/525/382 35/524/381
f 235/732/126 233/479/745 1080/997/126 237/733/126
f 892/576/995 894/575/995 893/863/995 891/636/995
f 1511/533/996 1505/435/783 1509/999/126
f 1559/1060/799 1558/275/218 1557/1128/867 1606/523/380
f 237/733/126 1080/997/126 1079/998/572 282/1228/572
f 2116/885/630 2117/392/293 1968/839/312 2113/842/591
f 282/1228/572 239/1065/195 238/1229/126 237/733/126
f 983/199/167 1058/201/153 981/259/207 982/258/206
f 233/479/745 235/732/126 234/369/997 232/368/998
f 236/734/125 1481/387/696 234/369/997 235/732/126
f 1503/152/126 1504/995/126 1500/149/125
f 1389/1230/999 1387/1231/1000 1400/42/37 1399/41/36
f 238/1229/126 1482/1232/125 236/734/125 237/733/126
f 239/1065/195 241/1064/570 240/558/126 238/1229/126
f 582/1125/864 623/1171/936 580/1132/872 581/927/686
f 241/1064/570 243/753/532 242/559/126 240/558/126
f 906/549/1001 908/598/1001 907/631/1001 905/546/1001
f 236/734/125 1482/1232/125 1483/382/697 1481/387/696
f 1020/125/43 1013/1233/43 1012/964/726 1019/127/168
f 1664/638/1002 1665/601/1002 1667/576/232 1666/636/233
f 2115/440/241 2116/885/630 2113/842/591 2111/1072/312
f 242/559/126 244/746/126 1488/937/125 1487/556/125
f 810/871/823 812/897/824 811/489/824 809/488/824
f 204/835/342 205/460/342 203/1057/312 202/1056/266
f 1510/857/746 1508/821/572 1512/820/536 1513/1005/536
f 246/744/532 248/818/570 1498/1203/126 1497/745/126
f 86/1234/291 87/938/291 85/361/279 84/360/279
f 648/640/847 650/1050/846 649/1049/847 647/729/847
f 1933/638/464 1934/637/319 1920/632/457 1919/631/429
f 1497/745/126 1498/1203/126 1492/1235/125 1491/1035/125
f 1294/1236/225 1293/1237/224 1297/1238/296 1299/1239/202
f 537/204/413 543/203/329 538/446/332 532/570/414
f 1394/994/741 1414/1240/1003 1408/1241/1003 1392/991/741
f 1498/1203/126 1499/151/126 1494/150/125 1492/1235/125
f 2046/1031/462 2047/548/462 2049/517/375 2048/516/374
f 1492/1235/125 1494/150/125 1495/1037/696 1493/362/1004
f 2084/693/490 2085/692/490 2087/902/636 2086/901/643
f 270/786/548 268/785/272 273/1109/186 279/1227/186
f 1229/794/261 1231/331/261 1232/330/261 1230/1242/261
f 1114/487/501 1115/684/490 1111/1030/781 1109/484/1005
f 1227/1243/261 1228/795/261 1229/794/261 1230/1242/261
f 1035/117/106 1036/285/1006 1034/284/961 1033/1206/155
f 818/626/163 820/716/163 819/715/163 817/541/163
f 1223/1224/1007 1224/1223/1007 1226/808/261 1225/1244/789
f 388/10/825 389/137/825 390/140/1008 2169/11/1009
f 790/550/856 792/719/856 791/411/856 789/545/1010
f 1043/184/157 1045/183/155 1044/1002/106 1042/118/106
f 1601/1101/837 1600/1245/1011 1604/1140/1012 1603/1103/838
f 822/491/1013 824/490/1014 823/716/1014 821/626/1014
f 1505/435/783 1504/995/126 1503/152/126 1509/999/126
f 1088/1103/891 1089/1142/890 1087/1113/849 1086/1102/848
f 830/431/1015 832/614/1015 831/542/1015 829/890/1015
f 1024/99/1016 1017/92/43 1016/131/44 1023/130/114
f 1584/1246/531 1579/1090/531 1583/988/738 1586/987/531
f 1020/125/43 1025/107/43 1021/52/43 1013/1233/43
f 260/752/537 261/940/273 259/1014/273 247/817/536
f 1304/1247/1017 1306/1248/1018 1311/1249/1019 1310/1250/1020
f 887/1131/1021 888/1117/1021 889/909/1021
f 888/1117/1021 890/910/1022 889/909/1021
f 1312/1251/1023 1311/1249/1019 1306/1248/1018 1313/1252/1024
f 1306/1248/1018 1307/1253/1025 1308/1254/1026 1313/1252/1024
f 1307/1253/1025 1306/1248/1018 1305/1255/1027 1391/1256/1028
f 850/897/1029 852/871/1029 851/615/1029 849/430/1029
f 1387/1231/1000 1307/1253/1025 1391/1256/1028 1409/1257/1028
f 1065/1258/50 1049/1259/105 1050/1260/49 1064/1261/50
f 274/742/186 283/1063/536 281/1262/571 273/1109/186
f 861/912/579 862/913/579 860/1263/1030 859/298/426
f 859/298/426 860/1263/1030 858/1264/184 857/295/183
f 857/295/183 858/1264/184 856/1265/1031 854/1188/485
f 854/1188/485 856/1265/1031 855/914/575 853/829/575
f 260/752/537 247/817/536 246/744/532 245/747/532
f 1257/251/201 1255/408/202 1668/409/304 1264/1266/304
f 1083/1070/851 1085/1114/850 1084/1267/850 1082/1071/850
f 1799/981/736 1802/799/208 1073/1036/208 1800/536/276
f 213/781/312 217/780/312 201/1058/266 203/1057/312
f 1447/861/608 1421/860/607 1419/1268/1032
f 585/1169/934 583/1167/933 597/1269/1033
f 1391/1256/1028 1305/1255/1027 1393/992/742 1392/991/741
f 1305/1255/1027 1304/1247/1017 1303/423/315 1393/992/742
f 341/54/768 342/69/526 343/70/1034 2159/55/1035
f 2111/1072/312 2113/842/591 1970/841/241 2112/1069/266
f 1437/336/264 1438/1009/759 1439/800/556
f 1548/372/1036 1549/1270/1036 1551/1218/1037 1550/323/1038
f 1434/335/263 1436/334/262 1435/886/1039
f 1433/889/1040 1434/335/263 1435/886/1039
f 1421/860/607 1434/335/263 1433/889/1040
f 1550/323/1038 1551/1218/1037 1553/618/1041 1552/324/1042
f 1423/929/927 1421/860/607 1433/889/1040
f 842/430/926 844/615/924 843/614/988 841/431/925
f 1418/1271/1043 1419/1268/1032 1420/1272/1044 1425/1273/1043
f 1768/76/70 1769/75/69 1771/553/69 1770/500/404
f 1425/1273/1043 1426/164/139 1427/163/139 1418/1271/1043
f 583/1167/933 595/27/24 596/26/23 597/1269/1033
f 1403/365/282 1417/1135/876 1418/1271/1043 1427/163/139
f 1544/1222/1045 1545/880/1045 1547/414/1045 1546/617/1046
f 609/265/211 610/814/211 598/813/568 599/266/212
f 1387/1231/1000 1389/1230/999 1390/1154/1047 1388/1153/1048
f 1352/375/1049 1353/230/1049 1355/367/1049 1354/366/1049
f 172/859/605 174/492/363 173/495/363 171/627/606
f 986/1274/1050 1000/765/155 987/660/157 962/1275/1051
f 1849/1211/238 1851/1023/295 1852/1024/237 1850/1276/237
f 1486/939/697 1484/383/697 1485/557/125 1487/556/125
f 1467/1066/1052 1468/882/119 1470/880/1053 1469/1222/119
f 1774/655/483 1775/672/483 1776/835/807 1777/840/810
f 1326/1196/1054 1327/1195/1055 1329/1277/1056 1328/1180/1056
f 962/1275/1051 963/1198/155 961/182/156 960/1213/155
f 1409/1257/1028 1400/42/37 1387/1231/1000
f 1419/1268/1032 1418/1271/1043 1417/1135/876 1447/861/608
f 1288/975/202 1267/974/202 1266/1278/296 1289/1279/202
f 1626/324/1049 1627/618/1049 1629/617/1049 1628/414/1049
f 1445/960/724 1446/862/609 1447/861/608 1448/946/700
f 1658/385/1057 1659/374/1058 1661/843/593 1660/384/592
f 1407/762/261 1415/944/698 1416/943/698 1405/402/261
f 1816/621/168 1818/1023/538 1823/1211/538 1820/622/43
f 270/786/548 279/1227/186 278/464/186 277/467/183
f 1419/1268/1032 1421/860/607 1422/1164/929 1420/1272/1044
f 953/1148/1059 954/325/962 955/1176/1060
f 954/325/962 956/1280/748 955/1176/1060
f 1028/100/234 1024/99/1016 1023/130/114 1027/1202/114
f 1047/1000/748 965/967/43 1048/970/105 1046/1001/749
f 957/1281/155 1030/248/155 955/1176/1060 956/1280/748
f 1003/1282/43 1014/51/43 1004/1099/43 990/1104/43
f 1003/1282/43 990/1104/43 989/1107/841 1002/965/727
f 971/60/51 1050/1260/49 969/969/106 970/758/192
f 966/658/475 967/968/43 965/967/43 964/659/43
f 1450/961/700 1445/960/724 1448/946/700 1449/945/699
f 969/969/106 1050/1260/49 1049/1259/105 1048/970/105
f 1049/1259/105 1066/1074/106 1046/1001/749 1048/970/105
f 1969/840/183 1968/839/312 1967/656/474 1973/655/369
f 78/388/290 81/1038/280 80/1037/785 79/389/279
f 1896/947/183 1899/776/183 258/775/273 259/1014/273
f 1284/708/134 1285/707/134 1286/1225/202 1291/771/202
f 1893/338/731 1894/332/185 1895/941/183 263/349/183
f 1801/984/736 1803/328/206 1041/268/208 1804/271/208
f 1798/983/153 1797/343/1061 1803/328/206 1801/984/736
f 192/1150/273 193/711/507 191/19/277 190/358/277
f 194/646/241 195/648/31 193/711/507 192/1150/273
f 1870/1151/1062 1871/850/1063 1873/849/1064 1872/1194/1065
f 1013/1233/43 1021/52/43 1014/51/43 1003/1282/43
f 1013/1233/43 1003/1282/43 1002/965/727 1012/964/726
f 988/657/43 1002/965/727 989/1107/841 966/658/475
f 981/259/207 1057/1047/207 1054/769/313 979/260/205
f 436/113/1066 437/195/526 438/198/1067 2153/114/1034
f 652/639/520 654/418/520 653/1050/520 651/640/520
f 1554/1283/1068 1555/1137/877 1557/1128/867 1556/1127/867
f 569/1088/793 571/1087/793 570/1191/793 568/1189/793
f 1022/49/43 1027/1202/114 1023/130/114 1015/50/44
f 1039/270/215 1040/269/214 1038/300/105 1037/116/105
f 1442/1284/557 1440/801/557 1444/963/725 1451/962/725
f 1408/1241/1003 1409/1257/1028 1391/1256/1028 1392/991/741
f 1816/621/168 1817/167/43 1819/763/538 1818/1023/538
f 1026/106/958 1022/49/43 1021/52/43 1025/107/43
f 1792/254/43 1793/535/140 1794/177/153 1820/622/43
f 1075/798/555 1074/1285/1069 1073/1036/208 1802/799/208
f 1405/402/261 1416/943/698 1417/1135/876 1403/365/282
f 304/71/755 305/45/755 306/48/1070 2156/72/1070
f 243/753/532 245/747/532 244/746/126 242/559/126
f 1402/364/281 1401/43/38 1400/42/37 1409/1257/1028
f 1043/184/157 1033/1206/155 1031/1207/962 1759/181/155
f 1033/1206/155 1043/184/157 1042/118/106 1035/117/106
f 1037/116/105 1038/300/105 1036/285/1006 1035/117/106
f 1074/1285/1069 1067/1073/106 1066/1074/106 1072/1286/50
f 1518/34/29 187/33/28 184/634/459 1529/1179/943
f 626/1133/873 580/1132/872 623/1171/936 625/1187/936
f 1011/129/43 1019/127/168 1012/964/726 1001/764/43
f 1788/307/1071 1789/1200/168 1790/257/43 1822/256/204
f 1805/1270/1072 1806/372/1072 1808/376/1073 1807/586/1072
f 963/1198/155 964/659/43 965/967/43 1047/1000/748
f 680/674/713 682/912/713 681/828/713 679/405/713
f 1759/181/155 1031/1207/962 957/1281/155 959/1212/967
f 1865/4/1074 1863/395/238 1864/233/295 2139/1/1074
f 1386/1145/1075 1387/1231/1000 1388/1153/1048
f 1307/1253/1025 1387/1231/1000 1386/1145/1075
f 1309/1144/1076 1307/1253/1025 1386/1145/1075
f 1724/1145/1077 1725/1153/1078 1727/948/1078 1726/949/1078
f 999/526/155 1010/525/155 1000/765/155 986/1274/1050
f 999/526/155 986/1274/1050 985/1287/1079 998/175/155
f 958/1288/1080 985/1287/1079 960/1213/155 959/1212/967
f 958/1288/1080 959/1212/967 957/1281/155 956/1280/748
f 1031/1207/962 1032/249/962 1030/248/155 957/1281/155
f 936/538/1081 938/1156/1082 937/1052/1081 935/877/1083
f 1646/374/1084 1647/385/1085 1649/230/1084 1648/375/1085
f 984/176/1086 998/175/155 985/1287/1079 958/1288/1080
f 984/176/1086 958/1288/1080 956/1280/748 954/325/962
f 782/545/1087 784/411/400 783/410/400 781/528/713
f 962/1275/1051 987/660/157 964/659/43 963/1198/155
f 1522/1126/987 1524/1049/795 1525/1052/456 1523/1156/391
f 411/1151/952 413/1196/951 412/1118/1088 410/1117/1089
f 1029/104/235 1028/100/234 1027/1202/114
f 1953/429/188 1945/874/254 1952/29/620 1959/32/254
f 1279/469/347 1277/468/346 1283/773/542 1293/1237/224
f 1225/1244/789 1226/808/261 1228/795/261 1227/1243/261
f 1017/92/43 1018/91/43 1007/985/44 1016/131/44
f 1008/853/106 1007/985/44 1018/91/43 1009/852/106
f 986/1274/1050 962/1275/1051 960/1213/155 985/1287/1079
f 349/1163/275 351/778/275 350/351/275 348/354/275
f 1279/469/347 1281/1289/1090 1282/1290/346 1280/470/348
f 1293/1237/224 1294/1236/225 1281/1289/1090 1279/469/347
f 323/212/953 325/1032/782 324/1025/769 317/973/730
f 1485/557/125 1482/1232/125 238/1229/126 240/558/126
f 660/413/1091 662/1205/1091 661/418/1091 659/639/1091
f 992/1098/43 993/1210/106 972/757/106 991/1105/839
f 970/758/192 968/1106/840 991/1105/839 972/757/106
f 251/774/186 253/228/186 252/819/571 250/797/536
f 1245/290/225 1246/289/224 1247/1291/346 1364/1292/346
f 940/311/1092 942/358/1093 941/359/1093 939/578/1093
f 1198/894/309 1199/1243/309 1200/1242/187 1201/891/309
f 1303/423/315 1301/422/315 1395/993/742 1393/992/742
f 1895/941/183 1896/947/183 259/1014/273 261/940/273
f 1065/1258/50 1072/1286/50 1066/1074/106 1049/1259/105
f 1073/1036/208 1074/1285/1069 1072/1286/50 1071/299/209
f 968/1106/840 970/758/192 969/969/106 967/968/43
f 1802/799/208 1799/981/736 1801/984/736 1804/271/208
f 1350/219/172 1345/934/172 1351/782/170
f 1347/1293/172 1345/934/172 1350/219/172
f 1349/218/172 1347/1293/172 1350/219/172
f 1347/1293/172 1349/218/172 1348/806/172
f 1071/299/209 1072/1286/50 1065/1258/50 1070/261/208
f 1406/761/297 1404/401/297 1408/1241/1003 1414/1240/1003
f 1787/344/155 1797/343/1061 1798/983/153 1789/1200/168
f 1786/306/190 1787/344/155 1789/1200/168 1788/307/1071
f 1346/687/172 1347/1293/172 1348/806/172
f 1345/934/172 1347/1293/172 1346/687/172
f 1344/686/171 1345/934/172 1346/687/172
f 160/466/343 162/472/350 161/475/353 159/467/345
f 1847/662/295 1848/255/295 1849/1211/238 1850/1276/237
f 1051/59/50 1064/1261/50 1050/1260/49 971/60/51
f 1076/119/106 1067/1073/106 1074/1285/1069 1075/798/555
f 972/757/106 993/1210/106 974/1294/192 973/57/49
f 994/1168/106 976/1295/106 974/1294/192 993/1210/106
f 1328/1180/1056 1329/1277/1056 1331/1296/363 1330/1011/363
f 1330/1011/363 1331/1296/363 1333/1297/1094 1332/1012/1094
f 630/353/275 631/352/275 632/677/274 2137/768/275
f 1197/896/309 1195/1244/309 1199/1243/309 1198/894/309
f 1440/801/557 1439/800/556 1438/1009/759 1444/963/725
f 976/1295/106 977/770/50 975/760/539 974/1294/192
f 976/1295/106 995/236/106 978/235/194 977/770/50
f 1332/1012/1094 1333/1297/1094 1335/749/533 1334/748/533
f 417/936/158 419/83/159 418/1136/1095 416/958/160
f 975/760/539 1052/58/50 973/57/49 974/1294/192
f 994/1168/106 1008/853/106 995/236/106 976/1295/106
f 1580/1078/531 1570/1077/738 1579/1090/531 1584/1246/531
f 591/1182/946 592/1201/87 575/1192/793 573/1183/947
f 1340/1083/821 1342/954/1096 1343/23/1096 1341/1084/821
f 1070/261/208 1065/1258/50 1064/1261/50 1069/262/209
f 1760/1298/1097 1761/976/1097 1763/957/1097 1762/956/1097
f 592/1201/87 593/1044/87 577/1043/793 575/1192/793
f 1320/208/174 1315/792/1098 1321/791/172
f 1317/1299/172 1315/792/1098 1320/208/174
f 1319/210/173 1317/1299/172 1320/208/174
f 1508/821/572 1510/857/746 1511/533/996 1509/999/126
f 1599/1089/829 1602/1102/678 1592/1070/531 1590/739/531
f 1317/1299/172 1319/210/173 1318/918/173
f 1316/811/172 1317/1299/172 1318/918/173
f 1315/792/1098 1317/1299/172 1316/811/172
f 233/479/745 1081/452/745 1080/997/126
f 1314/810/172 1315/792/1098 1316/811/172
f 1093/848/1099 1095/851/655 1094/911/658 1092/1121/1100
f 381/1046/794 383/10/10 382/9/9 375/1054/677
f 369/1055/796 371/14/14 370/13/13 361/731/525
f 1456/1160/1101 1457/1300/1101 1459/1301/1102 1458/1157/1101
f 1265/1302/202 1266/1278/296 1267/974/202 1263/252/202
f 1307/1253/1025 1309/1144/1076 1308/1254/1026
f 1458/1157/1101 1459/1301/1102 1461/1303/1103 1460/1177/1104
f 1304/1247/1017 1305/1255/1027 1306/1248/1018
f 1790/257/43 1791/982/153 1793/535/140 1792/254/43
f 1440/801/557 1442/1284/557 1443/1304/558 1441/802/558
f 1302/424/314 1303/423/315 1304/1247/1017 1310/1250/1020
f 1462/443/1105 1463/1305/1105 1465/1306/1106 1464/441/1107
f 280/1226/536 1079/998/572 1078/451/746 1077/455/536
f 1255/408/202 1257/251/201 1258/240/134 1256/239/134
f 476/831/626 477/317/625 478/318/482 2176/1204/482
f 1063/420/205 1069/262/209 1064/1261/50 1051/59/50
f 1491/1035/125 1492/1235/125 1493/362/1004 1490/361/696
f 1247/1291/346 1365/1307/349 1366/1308/346 1364/1292/346
f 1746/1004/823 1747/721/823 1749/724/823 1748/1146/823
f 1246/289/224 1248/1097/542 1249/1096/135 1247/1291/346
f 1255/408/202 1256/239/134 1248/1097/542 1254/400/202
f 1674/976/1108 1677/1298/1109 1678/644/1110 1676/645/1111
f 1673/977/1112 1674/976/1108 1676/645/1111 1675/319/1113
f 1293/1237/224 1283/773/542 1292/772/202 1297/1238/296
f 1297/1238/296 1292/772/202 1296/1034/202 1298/1309/201
f 1098/602/461 1099/605/1114 1100/611/460
f 1099/605/1114 1101/635/461 1100/611/460
f 880/598/1115 882/601/1116 881/638/1115 879/631/1117
f 1101/635/461 1103/1172/624 1102/403/300
f 1102/403/300 1103/1172/624 1104/1178/671
f 89/1310/291 91/380/280 90/383/279 88/939/785
f 1054/769/313 1057/1047/207 1056/1041/154 1053/759/205
f 1103/1172/624 1101/635/461 1105/1173/1118
f 1101/635/461 1099/605/1114 1105/1173/1118
f 1105/1173/1118 1099/605/1114 1106/1039/468
f 1099/605/1114 1107/584/1119 1106/1039/468
f 1106/1039/468 1107/584/1119 1108/194/1120
f 1107/584/1119 1109/484/1005 1108/194/1120
f 1108/194/1120 1109/484/1005 1110/109/286
f 1109/484/1005 1111/1030/781 1110/109/286
f 1111/1030/781 1113/499/188 1112/843/188
f 1275/709/346 1277/468/346 1278/471/349 1276/1311/869
f 223/474/1121 224/477/386 195/648/31 197/649/403
f 1111/1030/781 1115/684/490 1113/499/188
f 1115/684/490 1116/74/219 1113/499/188
f 539/854/601 541/142/121 540/141/120 533/855/602
f 1642/957/1122 1643/978/1122 1645/21/1122 1644/24/1122
f 329/865/611 331/560/406 330/563/408 328/866/612
f 1118/685/219 1120/895/684 1119/683/183
f 220/697/221 218/699/342 217/780/312 219/779/185
f 1939/394/294 1940/415/310 1942/215/177 1941/214/176
f 1365/1307/349 1247/1291/346 1249/1096/135 1367/1312/349
f 1249/1096/135 1250/242/135 1251/1130/870 1367/1312/349
f 633/1166/931 634/1208/963 622/1170/935 621/1124/863
f 218/699/342 199/651/183 201/1058/266 217/780/312
f 1126/652/183 1116/74/219 1115/684/490
f 69/1042/791 70/199/792 67/258/654 68/908/653
f 1124/666/341 210/277/183 208/276/219 1129/654/341
f 1484/383/697 1483/382/697 1482/1232/125 1485/557/125
f 924/877/992 926/1052/1123 925/1051/1124 923/879/992
f 1460/1177/1104 1461/1303/1103 1463/1305/1105 1462/443/1105
f 1834/1017/203 1831/1016/168 1833/1021/43 1836/397/203
f 205/460/342 214/459/183 213/781/312 203/1057/312
f 1622/1199/823 1623/406/823 1625/827/823 1624/1161/823
f 435/595/432 437/195/526 436/113/1066 430/596/433
f 86/1234/291 89/1310/291 88/939/785 87/938/291
f 279/1227/186 273/1109/186 281/1262/571 280/1226/536
f 221/698/342 270/786/548 277/467/183 222/475/183
f 1118/685/219 255/226/184 1131/1223/287
f 255/226/184 1132/808/287 1131/1223/287
f 1263/252/202 1267/974/202 1268/158/134 1262/253/134
f 1257/251/201 1264/1266/304 1265/1302/202 1263/252/202
f 1131/1223/287 1133/1221/309 1118/685/219
f 1133/1221/309 1120/895/684 1118/685/219
f 1287/155/134 1285/707/134 1273/710/135 1271/156/135
f 1271/156/135 1273/710/135 1274/1313/869 1272/315/197
f 184/634/459 185/494/747 1539/1120/765 1538/1119/971
f 1273/710/135 1275/709/346 1276/1311/869 1274/1313/869
f 1382/889/1125 1383/888/1126 1385/930/1125 1384/929/1126
f 1244/288/201 1254/400/202 1248/1097/542 1246/289/224
f 1135/320/298 1102/403/300 1137/22/298
f 1102/403/300 1138/1216/977 1137/22/298
f 1137/22/298 1138/1216/977 1139/23/229
f 1138/1216/977 1140/1084/976 1139/23/229
f 1277/468/346 1275/709/346 1284/708/134 1283/773/542
f 254/227/185 256/88/186 1513/1005/536 1512/820/536
f 1102/403/300 1104/1178/671 1141/642/467
f 1141/642/467 1104/1178/671 1142/643/468
f 275/966/536 283/1063/536 274/742/186 264/347/273
f 1409/1257/1028 1408/1241/1003 1404/401/297 1402/364/281
f 587/1177/87 604/443/328 603/94/85 588/93/84
f 591/1182/946 600/267/213 599/266/212 592/1201/87
f 1145/1217/254 1146/30/989 1147/1003/1005
f 1146/30/989 1148/1067/1127 1147/1003/1005
f 1147/1003/1005 1148/1067/1127 1149/737/671
f 1148/1067/1127 1150/1066/671 1149/737/671
f 2031/716/512 2033/490/641 2034/900/642 2032/717/513
f 2029/715/511 2030/718/409 2028/496/634 2043/890/633
f 1526/1050/456 1528/418/29 1191/417/312 1527/1051/456
f 222/475/183 223/474/1121 197/649/403 221/698/342
f 2124/280/221 2125/5/266 2126/8/183 2135/281/185
f 2128/376/183 1935/372/183 2133/373/185 2129/377/287
f 1193/135/183 1163/134/272 1164/587/272 1165/426/272
f 1910/719/514 1912/503/241 1913/726/312 1911/720/515
f 1438/1009/759 1437/336/264 1434/335/263 1446/862/609
f 1155/619/254 1157/1219/983 1166/1147/1128
f 1157/1219/983 1167/294/229 1166/1147/1128
f 1166/1147/1128 1167/294/229 1168/1146/310
f 1167/294/229 1169/293/228 1168/1146/310
f 1168/1146/310 1169/293/228 1170/1004/1129
f 1169/293/228 1138/1216/977 1170/1004/1129
f 1170/1004/1129 1138/1216/977 1147/1003/1005
f 1138/1216/977 1145/1217/254 1147/1003/1005
f 1291/771/202 1286/1225/202 1290/1314/304 1295/1033/202
f 578/1045/793 627/1134/793 576/1197/793 577/1043/793
f 1167/294/229 1171/1199/183 1172/1015/766
f 1171/1199/183 1173/1161/272 1172/1015/766
f 1172/1015/766 1173/1161/272 1174/959/183
f 1299/1239/202 1297/1238/296 1298/1309/201 2142/1315/296
f 1374/359/1130 1375/36/1131 1377/579/1131 1376/578/1130
f 1375/36/1131 1378/35/1132 1379/532/1133 1377/579/1131
f 1172/1015/766 1187/1013/765 1186/1012/764 1185/748/172
f 60/1152/804 62/1068/803 61/234/804 59/852/912
f 1378/35/1132 1380/1155/1134 1381/531/1134 1379/532/1133
f 1241/1316/202 1242/398/296 1244/288/201 1243/287/202
f 1597/875/621 1600/1245/1011 1601/1101/837 1598/876/622
f 774/766/581 776/641/581 775/728/581 773/564/1135
f 1472/1040/261 1475/1317/569 1476/925/569 1474/787/789
f 1177/561/1136 1178/560/175 1179/211/172
f 1178/560/175 1180/1318/174 1179/211/172
f 1179/211/172 1180/1318/174 1181/212/175
f 1180/1318/174 1182/864/174 1181/212/175
f 1181/212/175 1182/864/174 1183/1032/169
f 1476/925/569 1475/1317/569 1478/816/569 1477/815/569
f 177/1120/1137 175/494/364 176/493/364 2147/1122/1137
f 19/250/200 20/249/200 18/284/200 17/283/200
f 1182/864/174 1180/1318/174 1184/865/173
f 1180/1318/174 1178/560/175 1184/865/173
f 282/1228/572 1079/998/572 280/1226/536 281/1262/571
f 283/1063/536 239/1065/195 282/1228/572 281/1262/571
f 1207/339/185 1208/816/1138 1209/1163/1139 1206/354/186
f 1172/1015/766 1174/959/183 1187/1013/765
f 1159/727/272 1171/1199/183 1167/294/229 1157/1219/983
f 1202/768/186 1201/891/309 1200/1242/187 1203/330/287
f 966/658/475 989/1107/841 968/1106/840 967/968/43
f 1206/354/186 1205/353/185 1204/333/185 1207/339/185
f 1158/1218/253 1160/1270/1140 1159/727/272 1157/1219/983
f 1194/1224/309 1195/1244/309 1197/896/309 1196/1220/309
f 1210/1138/185 1209/1163/1139 1208/816/1138 1211/1317/1141
f 1160/1270/1140 1162/586/369 1161/588/272 1159/727/272
f 1211/1317/1141 1212/1040/185 1213/1115/185 1210/1138/185
f 1214/979/186 1213/1115/185 1212/1040/185 2146/980/186
f 1289/1279/202 1290/1314/304 1286/1225/202 1288/975/202
f 2188/1319/174 2189/1319/172 2190/1319/172
f 2189/1319/172 2191/1319/172 2190/1319/172
f 2190/1319/172 2191/1319/172 2192/1319/171
f 2191/1319/172 2193/1319/172 2192/1319/171
f 2211/1319/1142 2252/1319/1143 2209/1319/107
f 2217/1319/1144 2251/1319/1145 2215/1319/145
f 2229/1319/774 2250/1319/1146 2227/1319/670
f 2223/1319/1147 2249/1319/1147 2221/1319/120
f 2189/1319/172 2194/1319/172 2191/1319/172
f 2194/1319/172 2195/1319/172 2191/1319/172
f 2191/1319/172 2195/1319/172 2193/1319/172
f 2241/1319/59 2248/1319/59 2239/1319/123
f 2235/1319/1148 2247/1319/166 2233/1319/60
f 2244/1319/11 2246/1319/1149 2242/1319/127
f 2194/1319/172 2189/1319/172 2245/1319/172
f 2242/1319/127 2243/1319/128 2244/1319/11
f 2196/1319/133 2197/1319/1150 2198/1319/133
f 2197/1319/1150 2199/1319/825 2198/1319/133
f 2201/1319/691 2243/1319/128 2242/1319/127
f 2238/1319/1151 2201/1319/691 2242/1319/127
f 2199/1319/825 2197/1319/1150 2200/1319/685
f 2197/1319/1150 2201/1319/691 2200/1319/685
f 2200/1319/685 2201/1319/691 2202/1319/34
f 2201/1319/691 2203/1319/35 2202/1319/34
f 2202/1319/34 2203/1319/35 2204/1319/32
f 2203/1319/35 2205/1319/1152 2204/1319/32
f 2203/1319/35 2201/1319/691 2238/1319/1151
f 2237/1319/652 2203/1319/35 2238/1319/1151
f 2205/1319/1152 2203/1319/35 2237/1319/652
f 2236/1319/1153 2205/1319/1152 2237/1319/652
f 2204/1319/32 2206/1319/1154 2202/1319/34
f 2206/1319/1154 2207/1319/415 2202/1319/34
f 2202/1319/34 2207/1319/415 2200/1319/685
f 2207/1319/415 2208/1319/682 2200/1319/685
f 2200/1319/685 2208/1319/682 2209/1319/107
f 2208/1319/682 2210/1319/107 2209/1319/107
f 2209/1319/107 2210/1319/107 2211/1319/1142
f 2239/1319/123 2240/1319/1155 2241/1319/59
f 2238/1319/1151 2240/1319/1155 2239/1319/123
f 2232/1319/321 2238/1319/1151 2239/1319/123
f 2237/1319/652 2238/1319/1151 2232/1319/321
f 2231/1319/1156 2237/1319/652 2232/1319/321
f 2206/1319/1154 2212/1319/1157 2207/1319/415
f 2212/1319/1157 2213/1319/1158 2207/1319/415
f 2207/1319/415 2213/1319/1158 2208/1319/682
f 2213/1319/1158 2214/1319/602 2208/1319/682
f 2208/1319/682 2214/1319/602 2215/1319/145
f 2214/1319/602 2216/1319/76 2215/1319/145
f 2215/1319/145 2216/1319/76 2217/1319/1144
f 2236/1319/1153 2237/1319/652 2231/1319/1156
f 2230/1319/330 2236/1319/1153 2231/1319/1156
f 2233/1319/60 2234/1319/1159 2235/1319/1148
f 2232/1319/321 2234/1319/1159 2233/1319/60
f 2226/1319/767 2232/1319/321 2233/1319/60
f 2212/1319/1157 2218/1319/1160 2213/1319/1158
f 2218/1319/1160 2219/1319/332 2213/1319/1158
f 2213/1319/1158 2219/1319/332 2214/1319/602
f 2219/1319/332 2220/1319/601 2214/1319/602
f 2214/1319/602 2220/1319/601 2221/1319/120
f 2220/1319/601 2222/1319/121 2221/1319/120
f 2221/1319/120 2222/1319/121 2223/1319/1147
f 2231/1319/1156 2232/1319/321 2226/1319/767
f 2225/1319/331 2231/1319/1156 2226/1319/767
f 2230/1319/330 2231/1319/1156 2225/1319/331
f 2224/1319/329 2230/1319/330 2225/1319/331
f 2227/1319/670 2228/1319/669 2229/1319/774
f 2218/1319/1160 2224/1319/329 2219/1319/332
f 2224/1319/329 2225/1319/331 2219/1319/332
f 2219/1319/332 2225/1319/331 2220/1319/601
f 2225/1319/331 2226/1319/767 2220/1319/601
f 2220/1319/601 2226/1319/767 2227/1319/670
f 2226/1319/767 2228/1319/669 2227/1319/670
f 2253/1319/174 2254/1319/172 2255/1319/173
f 2254/1319/172 2256/1319/172 2255/1319/173
f 2255/1319/173 2256/1319/172 2257/1319/172
f 2256/1319/172 2258/1319/172 2257/1319/172
f 2257/1319/172 2258/1319/172 2259/1319/172
f 2309/1319/1009 2317/1319/1161 2307/1319/825
f 2306/1319/11 2316/1319/11 2304/1319/9
f 2294/1319/1162 2315/1319/1163 2292/1319/13
f 2300/1319/1164 2314/1319/1164 2298/1319/1165
f 2282/1319/482 2313/1319/482 2280/1319/1166
f 2258/1319/172 2256/1319/172 2260/1319/170
f 2256/1319/172 2254/1319/172 2260/1319/170
f 2288/1319/1167 2312/1319/248 2286/1319/523
f 2276/1319/706 2311/1319/706 2274/1319/806
f 2255/1319/173 2257/1319/172 2310/1319/172
f 2307/1319/825 2308/1319/825 2309/1319/1009
f 2261/1319/1052 2262/1319/117 2263/1319/119
f 2262/1319/117 2264/1319/40 2263/1319/119
f 2266/1319/595 2308/1319/825 2307/1319/825
f 2303/1319/794 2266/1319/595 2307/1319/825
f 2264/1319/40 2262/1319/117 2265/1319/589
f 2262/1319/117 2266/1319/595 2265/1319/589
f 2265/1319/589 2266/1319/595 2267/1319/493
f 2266/1319/595 2268/1319/494 2267/1319/493
f 2267/1319/493 2268/1319/494 2269/1319/1168
f 2268/1319/494 2270/1319/1169 2269/1319/1168
f 2268/1319/494 2266/1319/595 2303/1319/794
f 2302/1319/693 2268/1319/494 2303/1319/794
f 2270/1319/1169 2268/1319/494 2302/1319/693
f 2301/1319/545 2270/1319/1169 2302/1319/693
f 2269/1319/1168 2271/1319/492 2267/1319/493
f 2271/1319/492 2272/1319/1170 2267/1319/493
f 2267/1319/493 2272/1319/1170 2265/1319/589
f 2272/1319/1170 2273/1319/1171 2265/1319/589
f 2265/1319/589 2273/1319/1171 2274/1319/806
f 2273/1319/1171 2275/1319/1172 2274/1319/806
f 2274/1319/806 2275/1319/1172 2276/1319/706
f 2304/1319/9 2305/1319/10 2306/1319/11
f 2303/1319/794 2305/1319/10 2304/1319/9
f 2297/1319/677 2303/1319/794 2304/1319/9
f 2302/1319/693 2303/1319/794 2297/1319/677
f 2296/1319/546 2302/1319/693 2297/1319/677
f 2271/1319/492 2277/1319/1173 2272/1319/1170
f 2277/1319/1173 2278/1319/560 2272/1319/1170
f 2272/1319/1170 2278/1319/560 2273/1319/1171
f 2278/1319/560 2279/1319/524 2273/1319/1171
f 2273/1319/1171 2279/1319/524 2280/1319/1166
f 2279/1319/524 2281/1319/1174 2280/1319/1166
f 2280/1319/1166 2281/1319/1174 2282/1319/482
f 2301/1319/545 2302/1319/693 2296/1319/546
f 2295/1319/1175 2301/1319/545 2296/1319/546
f 2298/1319/1165 2299/1319/1176 2300/1319/1164
f 2297/1319/677 2299/1319/1176 2298/1319/1165
f 2291/1319/796 2297/1319/677 2298/1319/1165
f 2277/1319/1173 2283/1319/1177 2278/1319/560
f 2283/1319/1177 2284/1319/1178 2278/1319/560
f 2278/1319/560 2284/1319/1178 2279/1319/524
f 2284/1319/1178 2285/1319/1179 2279/1319/524
f 2279/1319/524 2285/1319/1179 2286/1319/523
f 2285/1319/1179 2287/1319/526 2286/1319/523
f 2286/1319/523 2287/1319/526 2288/1319/1167
f 2296/1319/546 2297/1319/677 2291/1319/796
f 2290/1319/1180 2296/1319/546 2291/1319/796
f 2295/1319/1175 2296/1319/546 2290/1319/1180
f 2289/1319/573 2295/1319/1175 2290/1319/1180
f 2292/1319/13 2293/1319/1181 2294/1319/1162
f 2283/1319/1177 2289/1319/573 2284/1319/1178
f 2289/1319/573 2290/1319/1180 2284/1319/1178
f 2284/1319/1178 2290/1319/1180 2285/1319/1179
f 2290/1319/1180 2291/1319/796 2285/1319/1179
f 2285/1319/1179 2291/1319/796 2292/1319/13
f 2291/1319/796 2293/1319/1181 2292/1319/13
f 2318/1319/174 2319/1319/174 2320/1319/174
f 2319/1319/174 2321/1319/174 2320/1319/174
f 2320/1319/174 2321/1319/174 2322/1319/171
f 2321/1319/174 2323/1319/172 2322/1319/171
f 2338/1319/119 2386/1319/119 2336/1319/39
f 2343/1319/706 2385/1319/706 2341/1319/1182
f 2323/1319/172 2321/1319/174 2324/1319/174
f 2321/1319/174 2319/1319/174 2324/1319/174
f 2324/1319/174 2319/1319/174 2325/1319/174
f 2348/1319/48 2384/1319/48 2346/1319/45
f 2379/1319/1034 2383/1319/1034 2377/1319/768
f 2376/1319/59 2382/1319/59 2374/1319/56
f 2369/1319/1183 2381/1319/1183 2367/1319/63
f 2324/1319/174 2380/1319/172 2323/1319/172
f 2326/1319/1184 2327/1319/755 2328/1319/1184
f 2327/1319/755 2329/1319/755 2328/1319/1184
f 2377/1319/768 2378/1319/526 2379/1319/1034
f 2363/1319/1185 2378/1319/526 2377/1319/768
f 2329/1319/755 2327/1319/755 2330/1319/595
f 2327/1319/755 2331/1319/1186 2330/1319/595
f 2330/1319/595 2331/1319/1186 2332/1319/1187
f 2331/1319/1186 2333/1319/1188 2332/1319/1187
f 2345/1319/524 2363/1319/1185 2377/1319/768
f 2374/1319/56 2375/1319/529 2376/1319/59
f 2366/1319/677 2375/1319/529 2374/1319/56
f 2364/1319/674 2366/1319/677 2374/1319/56
f 2332/1319/1187 2334/1319/1189 2330/1319/595
f 2334/1319/1189 2335/1319/1190 2330/1319/595
f 2330/1319/595 2335/1319/1190 2336/1319/39
f 2335/1319/1190 2337/1319/40 2336/1319/39
f 2336/1319/39 2337/1319/40 2338/1319/119
f 2371/1319/60 2363/1319/1185 2364/1319/674
f 2373/1319/1191 2371/1319/60 2364/1319/674
f 2371/1319/60 2373/1319/1191 2372/1319/1148
f 2370/1319/166 2371/1319/60 2372/1319/1148
f 2367/1319/63 2368/1319/1192 2369/1319/1183
f 2334/1319/1189 2339/1319/1193 2335/1319/1190
f 2339/1319/1193 2340/1319/628 2335/1319/1190
f 2335/1319/1190 2340/1319/628 2341/1319/1182
f 2340/1319/628 2342/1319/146 2341/1319/1182
f 2341/1319/1182 2342/1319/146 2343/1319/706
f 2331/1319/1186 2368/1319/1192 2367/1319/63
f 2366/1319/677 2331/1319/1186 2367/1319/63
f 2366/1319/677 2333/1319/1188 2331/1319/1186
f 2365/1319/675 2333/1319/1188 2366/1319/677
f 2364/1319/674 2365/1319/675 2366/1319/677
f 2339/1319/1193 2344/1319/730 2340/1319/628
f 2344/1319/730 2345/1319/524 2340/1319/628
f 2340/1319/628 2345/1319/524 2346/1319/45
f 2345/1319/524 2347/1319/1194 2346/1319/45
f 2346/1319/45 2347/1319/1194 2348/1319/48
f 2353/1319/613 2365/1319/675 2364/1319/674
f 2363/1319/1185 2353/1319/613 2364/1319/674
f 2351/1319/1195 2345/1319/524 2344/1319/730
f 2363/1319/1185 2345/1319/524 2351/1319/1195
f 2353/1319/613 2363/1319/1185 2351/1319/1195
f 2339/1319/1193 2349/1319/1196 2344/1319/730
f 2349/1319/1196 2350/1319/953 2344/1319/730
f 2344/1319/730 2350/1319/953 2351/1319/1195
f 2350/1319/953 2352/1319/782 2351/1319/1195
f 2351/1319/1195 2352/1319/782 2353/1319/613
f 2352/1319/782 2354/1319/1197 2353/1319/613
f 2353/1319/613 2354/1319/1197 2355/1319/1198
f 2354/1319/1197 2356/1319/1198 2355/1319/1198
f 2355/1319/1198 2356/1319/1198 2357/1319/406
f 2356/1319/1198 2358/1319/406 2357/1319/406
f 2357/1319/406 2358/1319/406 2359/1319/1199
f 2358/1319/406 2360/1319/1200 2359/1319/1199
f 2359/1319/1199 2360/1319/1200 2361/1319/370
f 2360/1319/1200 2362/1319/1201 2361/1319/370
f 2361/1319/370 2362/1319/1201 2339/1319/1193
f 2362/1319/1201 2349/1319/1196 2339/1319/1193
f 2387/1319/174 2388/1319/174 2389/1319/174
f 2388/1319/174 2390/1319/174 2389/1319/174
f 2389/1319/174 2390/1319/174 2391/1319/173
f 2390/1319/174 2392/1319/174 2391/1319/173
f 2391/1319/173 2392/1319/174 2393/1319/174
f 2422/1319/1202 2459/1319/1203 2420/1319/695
f 2417/1319/11 2458/1319/130 2415/1319/63
f 2412/1319/761 2457/1319/761 2410/1319/704
f 2407/1319/1204 2456/1319/166 2405/1319/164
f 2427/1319/1095 2455/1319/1205 2425/1319/158
f 2392/1319/174 2390/1319/174 2394/1319/172
f 2390/1319/174 2388/1319/174 2394/1319/172
f 2432/1319/706 2454/1319/706 2430/1319/77
f 2435/1319/104 2453/1319/104 2433/1319/101
f 2389/1319/174 2391/1319/173 2452/1319/172
f 2451/1319/663 2437/1319/664 2436/1319/1206
f 2395/1319/1207 2396/1319/768 2397/1319/1034
f 2396/1319/768 2398/1319/526 2397/1319/1034
f 2450/1319/662 2451/1319/663 2436/1319/1206
f 2449/1319/673 2451/1319/663 2450/1319/662
f 2398/1319/526 2396/1319/768 2399/1319/1208
f 2396/1319/768 2400/1319/433 2399/1319/1208
f 2399/1319/1208 2400/1319/433 2401/1319/430
f 2400/1319/433 2402/1319/739 2401/1319/430
f 2448/1319/1209 2449/1319/673 2450/1319/662
f 2447/1319/671 2449/1319/673 2448/1319/1209
f 2446/1319/671 2447/1319/671 2448/1319/1209
f 2445/1319/1210 2447/1319/671 2446/1319/671
f 2401/1319/430 2403/1319/1211 2399/1319/1208
f 2403/1319/1211 2404/1319/705 2399/1319/1208
f 2399/1319/1208 2404/1319/705 2405/1319/164
f 2404/1319/705 2406/1319/142 2405/1319/164
f 2405/1319/164 2406/1319/142 2407/1319/1204
f 2444/1319/1212 2445/1319/1210 2446/1319/671
f 2443/1319/391 2445/1319/1210 2444/1319/1212
f 2442/1319/1213 2443/1319/391 2444/1319/1212
f 2441/1319/554 2443/1319/391 2442/1319/1213
f 2440/1319/554 2441/1319/554 2442/1319/1213
f 2403/1319/1211 2408/1319/728 2404/1319/705
f 2408/1319/728 2409/1319/702 2404/1319/705
f 2404/1319/705 2409/1319/702 2410/1319/704
f 2409/1319/702 2411/1319/703 2410/1319/704
f 2410/1319/704 2411/1319/703 2412/1319/761
f 2439/1319/1214 2441/1319/554 2440/1319/554
f 2438/1319/1214 2439/1319/1214 2440/1319/554
f 2437/1319/664 2439/1319/1214 2438/1319/1214
f 2436/1319/1206 2437/1319/664 2438/1319/1214
f 2433/1319/101 2434/1319/1215 2435/1319/104
f 2408/1319/728 2413/1319/1216 2409/1319/702
f 2413/1319/1216 2414/1319/666 2409/1319/702
f 2409/1319/702 2414/1319/666 2415/1319/63
f 2414/1319/666 2416/1319/161 2415/1319/63
f 2415/1319/63 2416/1319/161 2417/1319/11
f 2400/1319/433 2434/1319/1215 2433/1319/101
f 2429/1319/1217 2400/1319/433 2433/1319/101
f 2402/1319/739 2400/1319/433 2429/1319/1217
f 2428/1319/723 2402/1319/739 2429/1319/1217
f 2430/1319/77 2431/1319/76 2432/1319/706
f 2413/1319/1216 2418/1319/667 2414/1319/666
f 2418/1319/667 2419/1319/1218 2414/1319/666
f 2414/1319/666 2419/1319/1218 2420/1319/695
f 2419/1319/1218 2421/1319/755 2420/1319/695
f 2420/1319/695 2421/1319/755 2422/1319/1202
f 2429/1319/1217 2431/1319/76 2430/1319/77
f 2424/1319/1219 2429/1319/1217 2430/1319/77
f 2428/1319/723 2429/1319/1217 2424/1319/1219
f 2423/1319/1220 2428/1319/723 2424/1319/1219
f 2425/1319/158 2426/1319/158 2427/1319/1095
f 2418/1319/667 2423/1319/1220 2419/1319/1218
f 2423/1319/1220 2424/1319/1219 2419/1319/1218
f 2419/1319/1218 2424/1319/1219 2425/1319/158
f 2424/1319/1219 2426/1319/158 2425/1319/158
f 2460/1319/172 2461/1319/172 2462/1319/172
f 2461/1319/172 2463/1319/172 2462/1319/172
f 2462/1319/172 2463/1319/172 2464/1319/171
f 2463/1319/172 2465/1319/172 2464/1319/171
f 2521/1319/133 2529/1319/133 2519/1319/1150
f 2505/1319/11 2528/1319/11 2503/1319/137
f 2465/1319/172 2463/1319/172 2466/1319/172
f 2463/1319/172 2461/1319/172 2466/1319/172
f 2466/1319/172 2461/1319/172 2467/1319/172
f 2500/1319/530 2527/1319/1221 2498/1319/528
f 2495/1319/166 2526/1319/1222 2493/1319/164
f 2485/1319/482 2525/1319/482 2483/1319/45
f 2490/1319/248 2524/1319/1167 2488/1319/1223
f 2480/1319/1224 2523/1319/1224 2478/1319/77
f 2468/1319/1205 2469/1319/158 2470/1319/1225
f 2469/1319/158 2471/1319/158 2470/1319/1225
f 2466/1319/172 2522/1319/169 2465/1319/172
f 2519/1319/1150 2520/1319/1226 2521/1319/133
f 2471/1319/158 2469/1319/158 2472/1319/585
f 2469/1319/158 2473/1319/1227 2472/1319/585
f 2472/1319/585 2473/1319/1227 2474/1319/1228
f 2473/1319/1227 2475/1319/1229 2474/1319/1228
f 2473/1319/1227 2520/1319/1226 2519/1319/1150
f 2502/1319/598 2473/1319/1227 2519/1319/1150
f 2475/1319/1229 2473/1319/1227 2502/1319/598
f 2501/1319/419 2475/1319/1229 2502/1319/598
f 2474/1319/1228 2476/1319/586 2472/1319/585
f 2476/1319/586 2477/1319/583 2472/1319/585
f 2472/1319/585 2477/1319/583 2478/1319/77
f 2477/1319/583 2479/1319/1230 2478/1319/77
f 2478/1319/77 2479/1319/1230 2480/1319/1224
f 2518/1319/497 2506/1319/1231 2496/1319/1232
f 2517/1319/1233 2518/1319/497 2496/1319/1232
f 2516/1319/1234 2518/1319/497 2517/1319/1233
f 2515/1319/1235 2516/1319/1234 2517/1319/1233
f 2514/1319/616 2516/1319/1234 2515/1319/1235
f 2476/1319/586 2481/1319/1236 2477/1319/583
f 2481/1319/1236 2482/1319/1237 2477/1319/583
f 2477/1319/583 2482/1319/1237 2483/1319/45
f 2482/1319/1237 2484/1319/625 2483/1319/45
f 2483/1319/45 2484/1319/625 2485/1319/482
f 2513/1319/616 2514/1319/616 2515/1319/1235
f 2512/1319/648 2514/1319/616 2513/1319/616
f 2511/1319/648 2512/1319/648 2513/1319/616
f 2510/1319/1238 2512/1319/648 2511/1319/648
f 2509/1319/1239 2510/1319/1238 2511/1319/648
f 2481/1319/1236 2486/1319/1240 2482/1319/1237
f 2486/1319/1240 2487/1319/1179 2482/1319/1237
f 2482/1319/1237 2487/1319/1179 2488/1319/1223
f 2487/1319/1179 2489/1319/247 2488/1319/1223
f 2488/1319/1223 2489/1319/247 2490/1319/248
f 2508/1319/417 2510/1319/1238 2509/1319/1239
f 2475/1319/1229 2508/1319/417 2509/1319/1239
f 2507/1319/1241 2508/1319/417 2475/1319/1229
f 2501/1319/419 2507/1319/1241 2475/1319/1229
f 2506/1319/1231 2507/1319/1241 2501/1319/419
f 2486/1319/1240 2491/1319/1242 2487/1319/1179
f 2491/1319/1242 2492/1319/321 2487/1319/1179
f 2487/1319/1179 2492/1319/321 2493/1319/164
f 2492/1319/321 2494/1319/1243 2493/1319/164
f 2493/1319/164 2494/1319/1243 2495/1319/166
f 2496/1319/1232 2506/1319/1231 2501/1319/419
f 2503/1319/137 2504/1319/10 2505/1319/11
f 2502/1319/598 2504/1319/10 2503/1319/137
f 2497/1319/599 2502/1319/598 2503/1319/137
f 2501/1319/419 2502/1319/598 2497/1319/599
f 2491/1319/1242 2496/1319/1232 2492/1319/321
f 2496/1319/1232 2497/1319/599 2492/1319/321
f 2492/1319/321 2497/1319/599 2498/1319/528
f 2497/1319/599 2499/1319/529 2498/1319/528
f 2498/1319/528 2499/1319/529 2500/1319/530
f 2496/1319/1232 2501/1319/419 2497/1319/599
s 0
f 2537/1320/1244 2532/1321/1244 2530/1322/1244 2534/1323/1244
f 2540/1324/1245 2533/1325/1245 2536/1326/1245 2545/1327/1245
f 2542/1328/1246 2535/1329/1246 2531/1330/1246 2539/1331/1246
f 2530/1332/1247 2532/1333/1247 2533/1325/1247 2531/1334/1247
f 2532/1335/1248 2537/1336/1248 2536/1326/1248 2533/1325/1248
f 2534/1337/1249 2530/1338/1249 2531/1330/1249 2535/1329/1249
f 2539/1339/1250 2531/1334/1250 2533/1325/1250 2540/1324/1250
f 2541/1340/1251 2538/1341/1251 2539/1342/1251 2540/1343/1251
f 2544/1344/1252 2541/1340/1252 2540/1343/1252 2545/1345/1252
f 2538/1341/1253 2543/1346/1253 2542/1347/1253 2539/1342/1253
f 2541/1340/1254 2544/1344/1254 2543/1346/1254 2538/1341/1254
f 2546/1348/1255 2547/1349/1255 2549/1350/1255 2548/1351/1255
f 2548/1351/1256 2549/1350/1256 2551/1352/1256 2550/1353/1256
f 2550/1353/1257 2551/1352/1257 2553/1354/1257 2552/1355/1257
f 2552/1355/1258 2553/1354/1258 2555/1356/1258 2554/1357/1258
f 2554/1357/1259 2555/1356/1259 2557/1358/1259 2556/1359/1259
f 2556/1359/1260 2557/1358/1260 2559/1360/1260 2558/1361/1260
f 2558/1361/1261 2559/1360/1261 2561/1362/1261 2560/1363/1261
f 2560/1363/1262 2561/1362/1262 2563/1364/1262 2562/1365/1262
f 2562/1365/1263 2563/1364/1263 2565/1366/1263 2564/1367/1263
f 2564/1367/1264 2565/1366/1264 2567/1368/1264 2566/1369/1264
f 2566/1369/1265 2567/1368/1265 2569/1370/1265 2568/1371/1265
f 2568/1371/1266 2569/1370/1266 2571/1372/1266 2570/1373/1266
f 2570/1373/1267 2571/1372/1267 2573/1374/1267 2572/1375/1267
f 2572/1375/1268 2573/1374/1268 2575/1376/1268 2574/1377/1268
f 2574/1377/1269 2575/1376/1269 2577/1378/1269 2576/1379/1269
f 2576/1379/1270 2577/1378/1270 2579/1380/1270 2578/1381/1270
f 2578/1381/1271 2579/1380/1271 2581/1382/1271 2580/1383/1271
f 2580/1383/1272 2581/1382/1272 2583/1384/1272 2582/1385/1272
f 2582/1385/1273 2583/1384/1273 2585/1386/1273 2584/1387/1273
f 2584/1387/1274 2585/1386/1274 2587/1388/1274 2586/1389/1274
f 2586/1389/1275 2587/1388/1275 2589/1390/1275 2588/1391/1275
f 2588/1391/1276 2589/1390/1276 2591/1392/1276 2590/1393/1276
f 2590/1393/1277 2591/1392/1277 2593/1394/1277 2592/1395/1277
f 2592/1395/1278 2593/1394/1278 2595/1396/1278 2594/1397/1278
f 2594/1397/1279 2595/1396/1279 2597/1398/1279 2596/1399/1279
f 2596/1399/1280 2597/1398/1280 2599/1400/1280 2598/1401/1280
f 2598/1401/1281 2599/1400/1281 2601/1402/1281 2600/1403/1281
f 2600/1403/1282 2601/1402/1282 2603/1404/1282 2602/1405/1282
f 2602/1405/1283 2603/1404/1283 2605/1406/1283 2604/1407/1283
f 2604/1407/1284 2605/1406/1284 2607/1408/1284 2606/1409/1284
f 2606/1409/1285 2607/1408/1285 2609/1410/1285 2608/1411/1285
f 2608/1411/1286 2609/1410/1286 2547/1412/1286 2546/1413/1286
f 2610/1414/1250 2611/1415/1250 2613/1416/1250 2612/1417/1250
f 2612/1417/1245 2613/1416/1245 2617/1336/1245 2616/1345/1245
f 2616/1345/1287 2617/1336/1287 2615/1418/1287 2614/1347/1287
f 2614/1347/1246 2615/1418/1246 2611/1419/1246 2610/1420/1246
f 2612/1343/1254 2616/1345/1254 2614/1347/1254 2610/1342/1254
f 2617/1336/1244 2613/1421/1244 2611/1422/1244 2615/1418/1244
