# Blender 4.4.0
# www.blender.org
mtllib Thermometer_body.mtl
o Body
v 0.213525 0.461851 -0.026943
v 0.225614 0.472600 -0.026943
v 0.224827 0.462196 -0.026943
v 0.235566 0.473013 -0.026811
v 0.236578 0.484382 -0.026811
v 0.245012 0.484726 -0.025811
v 0.214537 0.471911 -0.026943
v 0.201268 0.461438 -0.026943
v 0.202505 0.471084 -0.026943
v 0.188336 0.460886 -0.026943
v 0.189854 0.470119 -0.026943
v 0.175123 0.460335 -0.026943
v 0.176866 0.469086 -0.026943
v 0.191766 0.480041 -0.026943
v 0.179171 0.478456 -0.026943
v 0.194577 0.490376 -0.026943
v 0.182264 0.488378 -0.026943
v 0.198569 0.500849 -0.026943
v 0.186537 0.498644 -0.026943
v 0.210321 0.502916 -0.026943
v 0.206610 0.492237 -0.026943
v 0.204136 0.481557 -0.026943
v 0.215887 0.482797 -0.026943
v 0.221566 0.504708 -0.026943
v 0.218080 0.493890 -0.026943
v 0.231968 0.506086 -0.026943
v 0.228706 0.495130 -0.026943
v 0.226795 0.483762 -0.026943
v 0.238321 0.495957 -0.026811
v 0.241245 0.506913 -0.026811
v 0.236691 0.516008 -0.026943
v 0.245743 0.516766 -0.026811
v 0.242538 0.525103 -0.026943
v 0.251309 0.525654 -0.026811
v 0.248667 0.533509 -0.026943
v 0.249285 0.507395 -0.025811
v 0.253558 0.517179 -0.025811
v 0.255751 0.507533 -0.023152
v 0.259799 0.517317 -0.023152
v 0.260587 0.507533 -0.017966
v 0.264410 0.517386 -0.017966
v 0.264747 0.526067 -0.023152
v 0.269133 0.525998 -0.017966
v 0.258787 0.525998 -0.025811
v 0.257101 0.533853 -0.026811
v 0.264185 0.533922 -0.025811
v 0.262498 0.541570 -0.026811
v 0.254514 0.541570 -0.026943
v 0.269864 0.533853 -0.023152
v 0.269077 0.541363 -0.025811
v 0.274306 0.541088 -0.023152
v 0.273968 0.533784 -0.017966
v 0.278129 0.540812 -0.017966
v 0.266828 0.549012 -0.026653
v 0.272844 0.548391 -0.025679
v 0.277511 0.547771 -0.023021
v 0.280884 0.547220 -0.017861
v 0.280378 0.540606 -0.009832
v 0.282852 0.546944 -0.009779
v 0.281109 0.540537 0.000013
v 0.283527 0.546807 0.000013
v 0.280378 0.540606 0.009832
v 0.282852 0.546944 0.009780
v 0.278129 0.540812 0.017966
v 0.280884 0.547220 0.017861
v 0.274306 0.541088 0.023152
v 0.269864 0.533853 0.023152
v 0.273968 0.533784 0.017966
v 0.264747 0.526067 0.023152
v 0.269133 0.525998 0.017966
v 0.259799 0.517317 0.023152
v 0.264410 0.517386 0.017966
v 0.255751 0.507533 0.023152
v 0.260587 0.507533 0.017966
v 0.249285 0.507395 0.025811
v 0.253558 0.517179 0.025811
v 0.258787 0.525998 0.025811
v 0.264185 0.533922 0.025811
v 0.241245 0.506913 0.026811
v 0.245743 0.516766 0.026811
v 0.231968 0.506086 0.026943
v 0.236691 0.516008 0.026943
v 0.251309 0.525654 0.026811
v 0.242538 0.525103 0.026943
v 0.257101 0.533853 0.026811
v 0.248667 0.533509 0.026943
v 0.269077 0.541363 0.025811
v 0.277511 0.547771 0.023021
v 0.282346 0.552939 0.017203
v 0.284033 0.552457 0.009411
v 0.284595 0.552388 0.000013
v 0.284033 0.552457 -0.009411
v 0.282346 0.552939 -0.017203
v 0.279478 0.553766 -0.022178
v 0.275430 0.554799 -0.024732
v 0.270089 0.555833 -0.025679
v 0.263342 0.556660 -0.025811
v 0.259406 0.549425 -0.026811
v 0.250747 0.549563 -0.026811
v 0.245293 0.541363 -0.026943
v 0.241132 0.549494 -0.026811
v 0.235116 0.540950 -0.026943
v 0.230787 0.549287 -0.026811
v 0.224321 0.540399 -0.026943
v 0.220104 0.548943 -0.026811
v 0.213188 0.539779 -0.026943
v 0.226345 0.557142 -0.025811
v 0.236466 0.557280 -0.025811
v 0.246249 0.557280 -0.025811
v 0.255301 0.557142 -0.025811
v 0.258900 0.563550 -0.023152
v 0.250410 0.563894 -0.023152
v 0.241189 0.563963 -0.023152
v 0.231574 0.563963 -0.023152
v 0.235510 0.569062 -0.017966
v 0.244675 0.569062 -0.017966
v 0.253446 0.568924 -0.017966
v 0.261486 0.568442 -0.017966
v 0.266378 0.562861 -0.023152
v 0.272450 0.561689 -0.023021
v 0.277173 0.560243 -0.022178
v 0.280547 0.558658 -0.019888
v 0.282740 0.557486 -0.015545
v 0.284089 0.557142 -0.008569
v 0.284539 0.557142 -0.000013
v 0.284089 0.557142 0.008569
v 0.282740 0.557486 0.015545
v 0.279478 0.553766 0.022178
v 0.272844 0.548391 0.025679
v 0.262498 0.541570 0.026811
v 0.254514 0.541570 0.026943
v 0.266828 0.549012 0.026653
v 0.275430 0.554799 0.024732
v 0.280547 0.558658 0.019888
v 0.282571 0.560380 0.013465
v 0.283246 0.560932 0.007989
v 0.283527 0.561207 -0.000013
v 0.283246 0.560932 -0.007989
v 0.282571 0.560380 -0.013465
v 0.281053 0.562172 -0.015545
v 0.278242 0.564239 -0.017203
v 0.274081 0.566168 -0.017861
v 0.268458 0.567546 -0.017966
v 0.281053 0.562172 -0.015545
v 0.281559 0.564032 -0.008569
v 0.283246 0.560932 -0.007989
v 0.278916 0.566719 -0.009411
v 0.278242 0.564239 -0.017203
v 0.274980 0.568855 -0.009779
v 0.274081 0.566168 -0.017861
v 0.269751 0.570440 -0.009832
v 0.268458 0.567546 -0.017966
v 0.270145 0.571405 0.000013
v 0.275318 0.569751 0.000013
v 0.279141 0.567477 0.000013
v 0.281840 0.564652 -0.000013
v 0.283527 0.561207 -0.000013
v 0.281559 0.564032 0.008569
v 0.283246 0.560932 0.007989
v 0.281053 0.562172 0.015545
v 0.269751 0.570440 0.009832
v 0.274980 0.568855 0.009780
v 0.268458 0.567546 0.017966
v 0.274081 0.566168 0.017861
v 0.278916 0.566719 0.009411
v 0.278242 0.564239 0.017203
v 0.269751 0.570440 0.009832
v 0.261486 0.568442 0.017966
v 0.263061 0.571473 0.009832
v 0.253446 0.568924 0.017966
v 0.270145 0.571405 0.000013
v 0.263567 0.572438 0.000013
v 0.269751 0.570440 -0.009832
v 0.263061 0.571473 -0.009832
v 0.261486 0.568442 -0.017966
v 0.255301 0.571956 -0.009832
v 0.253446 0.568924 -0.017966
v 0.246811 0.572163 -0.009832
v 0.244675 0.569062 -0.017966
v 0.237927 0.572163 -0.009832
v 0.235510 0.569062 -0.017966
v 0.238715 0.573196 0.000013
v 0.247486 0.573196 -0.000013
v 0.255920 0.572989 0.000013
v 0.255301 0.571956 0.009832
v 0.244675 0.569062 0.017966
v 0.246811 0.572163 0.009832
v 0.235510 0.569062 0.017966
v 0.237927 0.572163 0.009832
v 0.234779 0.462402 -0.026811
v 0.244056 0.473220 -0.025811
v 0.223927 0.453169 -0.026811
v 0.233767 0.453307 -0.026653
v 0.223028 0.445728 -0.025811
v 0.232642 0.445728 -0.025679
v 0.222128 0.439802 -0.023152
v 0.231574 0.439871 -0.023021
v 0.221453 0.435600 -0.017966
v 0.230674 0.435600 -0.017861
v 0.239108 0.440078 -0.022178
v 0.237927 0.435944 -0.017203
v 0.240570 0.445866 -0.024732
v 0.242032 0.453376 -0.025679
v 0.243213 0.462540 -0.025811
v 0.250972 0.473289 -0.023152
v 0.251815 0.484795 -0.023152
v 0.253221 0.496509 -0.023152
v 0.246530 0.496371 -0.025811
v 0.255751 0.507533 -0.023152
v 0.249285 0.507395 -0.025811
v 0.260587 0.507533 -0.017966
v 0.258169 0.496509 -0.017966
v 0.256876 0.484864 -0.017966
v 0.255976 0.473289 -0.017966
v 0.250016 0.462540 -0.023152
v 0.248610 0.453376 -0.023021
v 0.246755 0.446004 -0.022178
v 0.244787 0.440492 -0.019888
v 0.243325 0.436771 -0.015544
v 0.248610 0.440767 -0.015544
v 0.246586 0.437873 -0.013465
v 0.254964 0.462609 -0.017966
v 0.253333 0.453376 -0.017861
v 0.251141 0.446073 -0.017203
v 0.253671 0.446004 -0.009411
v 0.250635 0.440492 -0.008569
v 0.247149 0.436840 -0.007989
v 0.243325 0.436771 -0.015544
v 0.242875 0.434635 -0.008569
v 0.237927 0.435944 -0.017203
v 0.237365 0.433532 -0.009411
v 0.230674 0.435600 -0.017861
v 0.230112 0.433050 -0.009779
v 0.221453 0.435600 -0.017966
v 0.221003 0.432981 -0.009832
v 0.229943 0.432223 0.000013
v 0.220891 0.432154 0.000013
v 0.258000 0.462609 -0.009832
v 0.256201 0.453376 -0.009779
v 0.258956 0.462609 0.000013
v 0.237197 0.432706 0.000013
v 0.242875 0.433946 -0.000013
v 0.247430 0.436357 0.000013
v 0.251309 0.440285 0.000013
v 0.254514 0.445935 0.000013
v 0.257101 0.453376 0.000013
v 0.258000 0.462609 0.009832
v 0.256201 0.453376 0.009780
v 0.254964 0.462609 0.017966
v 0.253671 0.446004 0.009411
v 0.250635 0.440492 0.008569
v 0.247149 0.436840 0.007989
v 0.242875 0.434635 0.008569
v 0.237365 0.433532 0.009411
v 0.230112 0.433050 0.009780
v 0.221003 0.432981 0.009832
v 0.230674 0.435600 0.017861
v 0.221453 0.435600 0.017966
v 0.237927 0.435944 0.017203
v 0.243325 0.436771 0.015545
v 0.246586 0.437873 0.013465
v 0.248610 0.440767 0.015545
v 0.251141 0.446073 0.017203
v 0.253333 0.453376 0.017861
v 0.250016 0.462540 0.023152
v 0.248610 0.453376 0.023021
v 0.246755 0.446004 0.022178
v 0.244787 0.440492 0.019888
v 0.243325 0.436771 0.015545
v 0.239108 0.440078 0.022178
v 0.237927 0.435944 0.017203
v 0.240570 0.445866 0.024732
v 0.242032 0.453376 0.025679
v 0.243213 0.462540 0.025811
v 0.244056 0.473220 0.025811
v 0.250972 0.473289 0.023152
v 0.255976 0.473289 0.017966
v 0.251815 0.484795 0.023152
v 0.256876 0.484864 0.017966
v 0.253221 0.496509 0.023152
v 0.258169 0.496509 0.017966
v 0.255751 0.507533 0.023152
v 0.260587 0.507533 0.017966
v 0.249285 0.507395 0.025811
v 0.246530 0.496371 0.025811
v 0.245012 0.484726 0.025811
v 0.236578 0.484382 0.026811
v 0.235566 0.473013 0.026811
v 0.234779 0.462402 0.026811
v 0.233767 0.453307 0.026653
v 0.232642 0.445728 0.025679
v 0.231574 0.439871 0.023021
v 0.230674 0.435600 0.017861
v 0.222128 0.439803 0.023152
v 0.221453 0.435600 0.017966
v 0.241245 0.506913 0.026811
v 0.223028 0.445728 0.025811
v 0.223927 0.453169 0.026811
v 0.224827 0.462196 0.026943
v 0.225614 0.472600 0.026943
v 0.226795 0.483762 0.026943
v 0.228706 0.495130 0.026943
v 0.238321 0.495957 0.026811
v 0.221566 0.504708 0.026943
v 0.218080 0.493890 0.026943
v 0.215887 0.482797 0.026943
v 0.214537 0.471911 0.026943
v 0.213525 0.461851 0.026943
v 0.202505 0.471084 0.026943
v 0.201268 0.461438 0.026943
v 0.210321 0.502916 0.026943
v 0.206610 0.492237 0.026943
v 0.198569 0.500849 0.026943
v 0.194577 0.490376 0.026943
v 0.186537 0.498645 0.026943
v 0.204136 0.481557 0.026943
v 0.191766 0.480041 0.026943
v 0.189854 0.470119 0.026943
v 0.188336 0.460886 0.026943
v 0.176866 0.469086 0.026943
v 0.175123 0.460335 0.026943
v 0.182264 0.488378 0.026943
v 0.179171 0.478456 0.026943
v 0.231968 0.506086 0.026943
v 0.221566 0.504708 0.026943
v 0.236691 0.516008 0.026943
v 0.226514 0.514767 0.026943
v 0.242538 0.525103 0.026943
v 0.232586 0.524069 0.026943
v 0.215550 0.513045 0.026943
v 0.210321 0.502916 0.026943
v 0.198569 0.500849 0.026943
v 0.203967 0.511185 0.026943
v 0.192160 0.509118 0.026943
v 0.210433 0.521244 0.026943
v 0.198738 0.519591 0.026943
v 0.217405 0.531028 0.026943
v 0.205935 0.529926 0.026943
v 0.224321 0.540399 0.026943
v 0.213188 0.539779 0.026943
v 0.248667 0.533509 0.026943
v 0.235116 0.540950 0.026943
v 0.228538 0.532062 0.026943
v 0.221791 0.522760 0.026943
v 0.239052 0.532889 0.026943
v 0.254514 0.541570 0.026943
v 0.245293 0.541363 0.026943
v 0.220104 0.548943 0.026811
v 0.230787 0.549287 0.026811
v 0.224321 0.540399 0.026943
v 0.241132 0.549494 0.026811
v 0.235116 0.540950 0.026943
v 0.250747 0.549563 0.026811
v 0.245293 0.541363 0.026943
v 0.259406 0.549425 0.026811
v 0.270089 0.555833 0.025679
v 0.277173 0.560243 0.022178
v 0.281053 0.562172 0.015545
v 0.278242 0.564239 0.017203
v 0.272450 0.561689 0.023021
v 0.263342 0.556660 0.025811
v 0.255301 0.557142 0.025811
v 0.246249 0.557280 0.025811
v 0.236466 0.557280 0.025811
v 0.226345 0.557142 0.025811
v 0.241189 0.563963 0.023152
v 0.231574 0.563963 0.023152
v 0.244675 0.569062 0.017966
v 0.235510 0.569062 0.017966
v 0.274081 0.566168 0.017861
v 0.253446 0.568924 0.017966
v 0.250410 0.563894 0.023152
v 0.258900 0.563550 0.023152
v 0.266378 0.562861 0.023152
v 0.268458 0.567546 0.017966
v 0.261486 0.568442 0.017966
v 0.254964 0.462609 -0.017966
v 0.255976 0.473289 -0.017966
v 0.259068 0.473289 -0.009832
v 0.259912 0.484864 -0.009832
v 0.260924 0.484864 0.000013
v 0.260081 0.473289 0.000013
v 0.258000 0.462609 -0.009832
v 0.258956 0.462609 0.000013
v 0.259068 0.473289 0.009832
v 0.258000 0.462609 0.009832
v 0.255976 0.473289 0.017966
v 0.254964 0.462609 0.017966
v 0.256876 0.484864 0.017966
v 0.259912 0.484864 0.009832
v 0.258169 0.496509 0.017966
v 0.261149 0.496509 0.009832
v 0.260587 0.507533 0.017966
v 0.263454 0.507533 0.009832
v 0.262161 0.496509 0.000013
v 0.261149 0.496509 -0.009832
v 0.258169 0.496509 -0.017966
v 0.263454 0.507533 -0.009832
v 0.260587 0.507533 -0.017966
v 0.264410 0.507533 0.000013
v 0.264410 0.517386 -0.017966
v 0.263454 0.507533 -0.009832
v 0.267221 0.517386 -0.009832
v 0.264410 0.507533 0.000013
v 0.268121 0.517386 0.000013
v 0.267221 0.517386 0.009832
v 0.260587 0.507533 0.017966
v 0.264410 0.517386 0.017966
v 0.269133 0.525998 -0.017966
v 0.271832 0.525998 -0.009832
v 0.272675 0.525998 0.000013
v 0.271832 0.525998 0.009832
v 0.269133 0.525998 0.017966
v 0.276499 0.533647 0.009832
v 0.273968 0.533784 0.017966
v 0.280378 0.540606 0.009832
v 0.278129 0.540812 0.017966
v 0.273968 0.533784 -0.017966
v 0.276499 0.533647 -0.009832
v 0.280378 0.540606 -0.009832
v 0.277286 0.533647 0.000013
v 0.281109 0.540537 0.000013
v 0.231968 0.506086 -0.026943
v 0.221566 0.504708 -0.026943
v 0.226514 0.514767 -0.026943
v 0.215550 0.513045 -0.026943
v 0.221791 0.522760 -0.026943
v 0.232586 0.524069 -0.026943
v 0.236691 0.516008 -0.026943
v 0.242538 0.525103 -0.026943
v 0.239052 0.532889 -0.026943
v 0.248667 0.533509 -0.026943
v 0.245293 0.541363 -0.026943
v 0.254514 0.541570 -0.026943
v 0.235116 0.540950 -0.026943
v 0.228538 0.532062 -0.026943
v 0.224321 0.540399 -0.026943
v 0.217405 0.531028 -0.026943
v 0.205935 0.529926 -0.026943
v 0.210433 0.521244 -0.026943
v 0.203967 0.511185 -0.026943
v 0.210321 0.502916 -0.026943
v 0.198569 0.500849 -0.026943
v 0.192160 0.509118 -0.026943
v 0.198738 0.519591 -0.026943
v 0.221453 0.435600 0.017966
v 0.210939 0.439803 0.023152
v 0.211726 0.445659 0.025811
v 0.199244 0.445590 0.025811
v 0.198401 0.439803 0.023152
v 0.210377 0.435600 0.017966
v 0.197782 0.435600 0.017966
v 0.184963 0.439803 0.023152
v 0.184232 0.435600 0.017966
v 0.171019 0.439803 0.023152
v 0.170175 0.435600 0.017966
v 0.172143 0.445521 0.025811
v 0.185918 0.445590 0.025811
v 0.173549 0.452411 0.026811
v 0.187043 0.452687 0.026811
v 0.188336 0.460886 0.026943
v 0.200200 0.452894 0.026811
v 0.212626 0.453032 0.026811
v 0.223927 0.453169 0.026811
v 0.213525 0.461851 0.026943
v 0.224827 0.462196 0.026943
v 0.201268 0.461438 0.026943
v 0.170175 0.435600 -0.017966
v 0.171019 0.439802 -0.023152
v 0.184963 0.439802 -0.023152
v 0.185918 0.445590 -0.025811
v 0.199244 0.445590 -0.025811
v 0.198401 0.439802 -0.023152
v 0.184232 0.435600 -0.017966
v 0.197782 0.435600 -0.017966
v 0.210939 0.439802 -0.023152
v 0.210377 0.435600 -0.017966
v 0.222128 0.439802 -0.023152
v 0.221453 0.435600 -0.017966
v 0.223028 0.445728 -0.025811
v 0.211726 0.445659 -0.025811
v 0.223927 0.453169 -0.026811
v 0.212626 0.453032 -0.026811
v 0.224827 0.462196 -0.026943
v 0.213525 0.461851 -0.026943
v 0.200200 0.452894 -0.026811
v 0.187043 0.452687 -0.026811
v 0.172143 0.445521 -0.025811
v 0.173549 0.452411 -0.026811
v 0.188336 0.460886 -0.026943
v 0.201268 0.461438 -0.026943
v 0.170175 0.435600 -0.017966
v 0.184232 0.435600 -0.017966
v 0.183782 0.432981 -0.009832
v 0.197389 0.432981 -0.009832
v 0.197276 0.432154 0.000013
v 0.183669 0.432154 -0.000013
v 0.169669 0.432981 -0.009832
v 0.169500 0.432154 0.000013
v 0.183782 0.432981 0.009832
v 0.169669 0.432981 0.009832
v 0.184232 0.435600 0.017966
v 0.170175 0.435600 0.017966
v 0.197782 0.435600 0.017966
v 0.197389 0.432981 0.009832
v 0.210377 0.435600 0.017966
v 0.209983 0.432981 0.009832
v 0.221003 0.432981 0.009832
v 0.209871 0.432154 0.000013
v 0.209983 0.432981 -0.009832
v 0.197782 0.435600 -0.017966
v 0.210377 0.435600 -0.017966
v 0.221003 0.432981 -0.009832
v 0.220891 0.432154 0.000013
v 0.372623 0.782159 0.065907
v 0.371957 0.766479 0.065078
v 0.371957 0.779034 0.060956
v 0.371137 0.764916 0.061458
v 0.372623 0.792780 0.058423
v 0.372623 0.768704 0.070327
v 0.371957 0.752043 0.067208
v 0.372623 0.753209 0.072593
v 0.371957 0.736496 0.068167
v 0.372623 0.736522 0.073605
v 0.371957 0.720683 0.068501
v 0.372623 0.719570 0.073940
v 0.371957 0.705665 0.067505
v 0.372623 0.703413 0.072852
v 0.371957 0.692554 0.064181
v 0.372623 0.689322 0.069270
v 0.371957 0.682462 0.057541
v 0.372623 0.678436 0.062104
v 0.371137 0.685296 0.054369
v 0.371137 0.694858 0.060652
v 0.371137 0.707280 0.063793
v 0.371137 0.721504 0.064744
v 0.371137 0.736496 0.064424
v 0.371137 0.751222 0.063496
v 0.370287 0.750375 0.059731
v 0.370287 0.736496 0.060613
v 0.370287 0.722404 0.060910
v 0.370287 0.709002 0.060005
v 0.370287 0.697321 0.057023
v 0.370287 0.688316 0.051098
v 0.369529 0.692872 0.046245
v 0.369529 0.701030 0.051646
v 0.369529 0.711624 0.054391
v 0.369529 0.723755 0.055251
v 0.369529 0.736522 0.055008
v 0.369529 0.749103 0.054201
v 0.370287 0.763274 0.057799
v 0.369529 0.760784 0.052414
v 0.371137 0.776835 0.057548
v 0.371957 0.788913 0.054011
v 0.371137 0.786185 0.050976
v 0.370287 0.774478 0.054095
v 0.369529 0.770982 0.049021
v 0.370287 0.783324 0.047896
v 0.369529 0.778981 0.043370
v 0.372623 0.799985 0.047295
v 0.371957 0.788913 0.054011
v 0.371957 0.795588 0.043705
v 0.372623 0.804249 0.033185
v 0.371957 0.799508 0.030660
v 0.372623 0.806262 0.017090
v 0.371957 0.801336 0.015789
v 0.372623 0.806792 -0.000002
v 0.371957 0.801812 -0.000002
v 0.371137 0.797919 0.014892
v 0.371137 0.798343 -0.000002
v 0.371137 0.796197 0.028925
v 0.371137 0.792515 0.041240
v 0.370287 0.783324 0.047896
v 0.370287 0.789258 0.038738
v 0.369529 0.778981 0.043370
v 0.370287 0.792727 0.027168
v 0.370287 0.794343 0.013986
v 0.370287 0.794740 -0.000002
v 0.369529 0.789046 0.012648
v 0.369529 0.789416 -0.000002
v 0.369529 0.787562 0.024575
v 0.369529 0.784384 0.035056
v 0.368059 0.749713 0.012861
v 0.368291 0.756334 0.019775
v 0.368291 0.758956 0.015880
v 0.368585 0.767962 0.022658
v 0.368585 0.764360 0.028119
v 0.368972 0.776941 0.029443
v 0.368972 0.772359 0.036456
v 0.369529 0.784384 0.035056
v 0.369529 0.787562 0.024575
v 0.368059 0.751514 0.010259
v 0.368291 0.760546 0.011088
v 0.368059 0.752653 0.007133
v 0.368291 0.761340 0.005696
v 0.368059 0.753235 0.003657
v 0.368291 0.761552 -0.000002
v 0.368059 0.753394 -0.000002
v 0.368585 0.771405 -0.000002
v 0.368585 0.771140 0.008152
v 0.368585 0.770107 0.015858
v 0.368972 0.779643 0.020627
v 0.368972 0.780914 0.010609
v 0.368972 0.781258 -0.000002
v 0.370287 0.794740 -0.000002
v 0.369529 0.789046 -0.012651
v 0.370287 0.794343 -0.013982
v 0.369529 0.787562 -0.024578
v 0.371137 0.798343 -0.000002
v 0.371137 0.797919 -0.014895
v 0.371957 0.801812 -0.000002
v 0.371957 0.801336 -0.015785
v 0.372623 0.806262 -0.017086
v 0.371957 0.799508 -0.030663
v 0.372623 0.804249 -0.033181
v 0.371137 0.796197 -0.028921
v 0.370287 0.792727 -0.027164
v 0.369529 0.784384 -0.035059
v 0.370287 0.789257 -0.038741
v 0.369529 0.778981 -0.043373
v 0.371137 0.792515 -0.041236
v 0.371957 0.795588 -0.043708
v 0.372623 0.799985 -0.047290
v 0.371957 0.788913 -0.054014
v 0.372623 0.792780 -0.058426
v 0.371137 0.786185 -0.050972
v 0.370287 0.783324 -0.047899
v 0.371957 0.779034 -0.060959
v 0.371957 0.788913 -0.054014
v 0.371137 0.776835 -0.057544
v 0.371137 0.786185 -0.050972
v 0.370287 0.774478 -0.054098
v 0.370287 0.783324 -0.047899
v 0.369529 0.770982 -0.049017
v 0.369529 0.760784 -0.052417
v 0.372623 0.782159 -0.065911
v 0.371957 0.766479 -0.065074
v 0.371137 0.764916 -0.061461
v 0.370287 0.763274 -0.057802
v 0.369529 0.749103 -0.054197
v 0.370287 0.750375 -0.059734
v 0.369529 0.736522 -0.055011
v 0.372623 0.768704 -0.070330
v 0.371957 0.752043 -0.067204
v 0.372623 0.753209 -0.072589
v 0.371957 0.736495 -0.068170
v 0.372623 0.736522 -0.073601
v 0.371137 0.751222 -0.063492
v 0.370287 0.736495 -0.060617
v 0.371137 0.736495 -0.064420
v 0.369529 0.723755 -0.055254
v 0.370287 0.722404 -0.060906
v 0.369529 0.711624 -0.054395
v 0.371137 0.721504 -0.064739
v 0.371957 0.720683 -0.068497
v 0.372623 0.719570 -0.073943
v 0.371957 0.705665 -0.067500
v 0.372623 0.703413 -0.072855
v 0.371137 0.707280 -0.063796
v 0.370287 0.709002 -0.060001
v 0.369529 0.701030 -0.051649
v 0.370287 0.697321 -0.057019
v 0.371137 0.694858 -0.060647
v 0.371957 0.692554 -0.064184
v 0.372623 0.689322 -0.069265
v 0.371957 0.682462 -0.057544
v 0.372623 0.678436 -0.062100
v 0.371137 0.685296 -0.054372
v 0.370287 0.688316 -0.051101
v 0.369529 0.692872 -0.046248
v 0.368972 0.699838 -0.038824
v 0.368972 0.706724 -0.043426
v 0.368585 0.708260 -0.029872
v 0.368585 0.713611 -0.033515
v 0.368291 0.716657 -0.020919
v 0.368291 0.720471 -0.023597
v 0.368059 0.723649 -0.013495
v 0.368059 0.726166 -0.015374
v 0.367811 0.728073 -0.008764
v 0.367811 0.729794 -0.010133
v 0.367517 0.730377 -0.006330
v 0.367517 0.731675 -0.007441
v 0.367084 0.731198 -0.005433
v 0.367084 0.732364 -0.006452
v 0.366465 0.731331 -0.005311
v 0.369529 0.711624 -0.054395
v 0.367517 0.733238 -0.008270
v 0.367811 0.731913 -0.011076
v 0.368059 0.729344 -0.016545
v 0.368291 0.725345 -0.025118
v 0.368585 0.720497 -0.035470
v 0.368972 0.715650 -0.045815
v 0.369529 0.723755 -0.055254
v 0.368972 0.725848 -0.046613
v 0.368585 0.728338 -0.036185
v 0.368291 0.730854 -0.025757
v 0.368059 0.732946 -0.017116
v 0.367811 0.734271 -0.011609
v 0.368059 0.736734 -0.017200
v 0.367811 0.736760 -0.011738
v 0.368059 0.740495 -0.016888
v 0.367811 0.739250 -0.011487
v 0.368059 0.744044 -0.016112
v 0.367811 0.741634 -0.010863
v 0.368059 0.747170 -0.014796
v 0.367811 0.743753 -0.009852
v 0.368059 0.749713 -0.012864
v 0.367811 0.745475 -0.008452
v 0.367517 0.741978 -0.007311
v 0.367517 0.740389 -0.008171
v 0.367517 0.738614 -0.008718
v 0.367517 0.736787 -0.008931
v 0.367517 0.734959 -0.008772
v 0.367084 0.733714 -0.007235
v 0.367084 0.735198 -0.007730
v 0.367084 0.736787 -0.007897
v 0.367084 0.738376 -0.007699
v 0.367084 0.739912 -0.007174
v 0.367084 0.741316 -0.006376
v 0.367517 0.743303 -0.006186
v 0.367084 0.742508 -0.005349
v 0.366465 0.741237 -0.006239
v 0.366465 0.742402 -0.005235
v 0.366465 0.739859 -0.007030
v 0.366465 0.738350 -0.007555
v 0.366465 0.736787 -0.007752
v 0.366465 0.735251 -0.007585
v 0.366465 0.733794 -0.007083
v 0.366465 0.732470 -0.006307
v 0.365630 0.731331 -0.005311
v 0.365630 0.732470 -0.006307
v 0.365630 0.733794 -0.007083
v 0.365630 0.735251 -0.007585
v 0.365630 0.736787 -0.007752
v 0.365630 0.738350 -0.007555
v 0.365630 0.739859 -0.007030
v 0.365630 0.741237 -0.006239
v 0.365630 0.742402 -0.005235
v 0.366465 0.743303 -0.004063
v 0.365630 0.743303 -0.004063
v 0.366465 0.743912 -0.002778
v 0.365630 0.743912 -0.002778
v 0.366465 0.744283 -0.001409
v 0.365630 0.744283 -0.001409
v 0.366465 0.744389 -0.000002
v 0.365630 0.744389 -0.000002
v 0.364516 0.744283 -0.001409
v 0.364516 0.744389 -0.000002
v 0.364516 0.743912 -0.002778
v 0.364516 0.743303 -0.004063
v 0.364516 0.742402 -0.005235
v 0.364516 0.741237 -0.006239
v 0.364516 0.739859 -0.007030
v 0.364516 0.738350 -0.007555
v 0.364516 0.736787 -0.007752
v 0.364516 0.735251 -0.007585
v 0.364516 0.733794 -0.007083
v 0.364516 0.732470 -0.006307
v 0.364516 0.731331 -0.005311
v 0.363093 0.731331 -0.005311
v 0.363093 0.732470 -0.006307
v 0.363093 0.733794 -0.007083
v 0.363093 0.735251 -0.007585
v 0.363093 0.736787 -0.007752
v 0.363093 0.738350 -0.007555
v 0.363093 0.739859 -0.007030
v 0.363093 0.741237 -0.006239
v 0.363093 0.742402 -0.005235
v 0.363093 0.743303 -0.004063
v 0.363093 0.743912 -0.002778
v 0.363093 0.744283 -0.001409
v 0.363093 0.744389 -0.000002
v 0.361345 0.744283 -0.001409
v 0.361345 0.743912 -0.002778
v 0.361345 0.743303 -0.004063
v 0.361345 0.742402 -0.005235
v 0.361345 0.741237 -0.006239
v 0.361345 0.739859 -0.007030
v 0.361345 0.738350 -0.007555
v 0.361345 0.736787 -0.007752
v 0.361345 0.735251 -0.007585
v 0.361345 0.733794 -0.007083
v 0.361345 0.732470 -0.006307
v 0.361345 0.731331 -0.005311
v 0.361345 0.730456 -0.004132
v 0.363093 0.730456 -0.004132
v 0.361345 0.729821 -0.002824
v 0.364516 0.730456 -0.004132
v 0.365630 0.730456 -0.004132
v 0.366465 0.730456 -0.004132
v 0.365630 0.729821 -0.002824
v 0.366465 0.729821 -0.002824
v 0.364516 0.729821 -0.002824
v 0.363093 0.729821 -0.002824
v 0.361345 0.729450 -0.001432
v 0.363093 0.729450 -0.001432
v 0.361345 0.729318 -0.000002
v 0.363093 0.729318 -0.000002
v 0.364516 0.729450 -0.001432
v 0.365630 0.729450 -0.001432
v 0.366465 0.729450 -0.001432
v 0.365630 0.729318 -0.000002
v 0.366465 0.729318 -0.000002
v 0.364516 0.729318 -0.000002
v 0.365630 0.729450 0.001436
v 0.366465 0.729450 0.001436
v 0.366465 0.729821 0.002828
v 0.365630 0.729821 0.002828
v 0.366465 0.730456 0.004129
v 0.365630 0.730456 0.004129
v 0.366465 0.731331 0.005308
v 0.365630 0.731331 0.005308
v 0.364516 0.730456 0.004129
v 0.364516 0.729821 0.002828
v 0.364516 0.729450 0.001436
v 0.363093 0.729318 -0.000002
v 0.363093 0.729450 0.001436
v 0.361345 0.729318 -0.000002
v 0.361345 0.729450 0.001436
v 0.363093 0.729821 0.002828
v 0.361345 0.729821 0.002828
v 0.363093 0.730456 0.004129
v 0.361345 0.730456 0.004129
v 0.363093 0.731331 0.005308
v 0.361345 0.731331 0.005308
v 0.366465 0.729318 -0.000002
v 0.364516 0.731331 0.005308
v 0.365630 0.732470 0.006312
v 0.366465 0.732470 0.006312
v 0.367084 0.732364 0.006449
v 0.367084 0.731198 0.005437
v 0.367517 0.731675 0.007445
v 0.367517 0.730377 0.006334
v 0.367811 0.729794 0.010138
v 0.367811 0.728073 0.008761
v 0.368059 0.726166 0.015378
v 0.368059 0.723649 0.013492
v 0.368059 0.729344 0.016542
v 0.367811 0.731913 0.011073
v 0.367517 0.733238 0.008267
v 0.367084 0.733714 0.007232
v 0.366465 0.733794 0.007088
v 0.367084 0.735198 0.007734
v 0.367517 0.734959 0.008776
v 0.367811 0.734271 0.011606
v 0.368059 0.732946 0.017120
v 0.368059 0.736734 0.017204
v 0.367811 0.736760 0.011743
v 0.367517 0.736787 0.008936
v 0.368059 0.740495 0.016885
v 0.367811 0.739250 0.011492
v 0.368059 0.744044 0.016109
v 0.367811 0.741634 0.010860
v 0.368059 0.747170 0.014793
v 0.367517 0.738614 0.008723
v 0.367084 0.736787 0.007901
v 0.366465 0.735251 0.007582
v 0.365630 0.733794 0.007088
v 0.364516 0.732470 0.006312
v 0.363093 0.732470 0.006312
v 0.361345 0.732470 0.006312
v 0.363093 0.733794 0.007088
v 0.364516 0.733794 0.007088
v 0.365630 0.735251 0.007582
v 0.366465 0.736787 0.007749
v 0.367084 0.738376 0.007704
v 0.367517 0.740389 0.008168
v 0.367811 0.743753 0.009849
v 0.368059 0.749713 0.012861
v 0.367811 0.745475 0.008449
v 0.367517 0.741978 0.007308
v 0.367084 0.739912 0.007171
v 0.366465 0.738350 0.007559
v 0.365630 0.736787 0.007749
v 0.364516 0.735251 0.007582
v 0.363093 0.735251 0.007582
v 0.361345 0.733794 0.007088
v 0.361345 0.735251 0.007582
v 0.363093 0.736787 0.007749
v 0.361345 0.736787 0.007749
v 0.364516 0.736787 0.007749
v 0.365630 0.738350 0.007559
v 0.366465 0.739859 0.007034
v 0.367084 0.741316 0.006373
v 0.367517 0.743303 0.006182
v 0.367811 0.746746 0.006677
v 0.368059 0.751514 0.010259
v 0.368059 0.752653 0.007133
v 0.367811 0.747594 0.004615
v 0.368059 0.753235 0.003657
v 0.367811 0.748044 0.002356
v 0.367811 0.748176 -0.000002
v 0.367517 0.745395 0.001687
v 0.367517 0.745528 -0.000002
v 0.368059 0.749713 0.012861
v 0.367517 0.744998 0.003322
v 0.367517 0.744309 0.004836
v 0.367084 0.742508 0.005353
v 0.367084 0.743409 0.004159
v 0.366465 0.742402 0.005232
v 0.366465 0.743303 0.004060
v 0.367084 0.744044 0.002843
v 0.366465 0.743912 0.002775
v 0.367084 0.744415 0.001444
v 0.366465 0.744283 0.001406
v 0.367084 0.744521 -0.000002
v 0.366465 0.744389 -0.000002
v 0.365630 0.744283 0.001406
v 0.365630 0.744389 -0.000002
v 0.365630 0.743912 0.002775
v 0.366465 0.743912 0.002775
v 0.365630 0.743303 0.004060
v 0.366465 0.743303 0.004060
v 0.365630 0.742402 0.005232
v 0.366465 0.742402 0.005232
v 0.365630 0.741237 0.006243
v 0.366465 0.741237 0.006243
v 0.365630 0.739859 0.007034
v 0.364516 0.738350 0.007559
v 0.363093 0.738350 0.007559
v 0.361345 0.738350 0.007559
v 0.363093 0.739859 0.007034
v 0.361345 0.739859 0.007034
v 0.367084 0.742508 0.005353
v 0.364516 0.739859 0.007034
v 0.364516 0.741237 0.006243
v 0.363093 0.741237 0.006243
v 0.361345 0.741237 0.006243
v 0.363093 0.742402 0.005232
v 0.364516 0.742402 0.005232
v 0.364516 0.743303 0.004060
v 0.364516 0.743912 0.002775
v 0.364516 0.744283 0.001406
v 0.363093 0.744283 0.001406
v 0.363093 0.743912 0.002775
v 0.363093 0.743303 0.004060
v 0.361345 0.742402 0.005232
v 0.361345 0.743303 0.004060
v 0.361345 0.743912 0.002775
v 0.361345 0.744283 0.001406
v 0.361345 0.744389 -0.000002
v 0.361345 0.744389 -0.000002
v 0.359256 0.744256 0.001406
v 0.359256 0.744362 -0.000002
v 0.359272 0.743885 0.002775
v 0.361345 0.743912 0.002775
v 0.359272 0.743276 0.004060
v 0.361345 0.743303 0.004060
v 0.359272 0.742376 0.005224
v 0.361345 0.742402 0.005232
v 0.359272 0.741237 0.006228
v 0.359272 0.739859 0.007019
v 0.361345 0.739859 0.007034
v 0.359256 0.738350 0.007536
v 0.361345 0.738350 0.007559
v 0.359256 0.736787 0.007734
v 0.361345 0.736787 0.007749
v 0.359256 0.735251 0.007567
v 0.361345 0.735251 0.007582
v 0.359272 0.733794 0.007065
v 0.361345 0.733794 0.007088
v 0.359272 0.732470 0.006296
v 0.359272 0.731331 0.005300
v 0.361345 0.731331 0.005308
v 0.359272 0.730456 0.004129
v 0.361345 0.730456 0.004129
v 0.359272 0.729847 0.002828
v 0.361345 0.729821 0.002828
v 0.359256 0.729450 0.001436
v 0.361345 0.729450 0.001436
v 0.359256 0.729344 -0.000002
v 0.361345 0.729318 -0.000002
v 0.361345 0.729450 -0.001432
v 0.359256 0.729450 -0.001439
v 0.361345 0.729821 -0.002824
v 0.359272 0.729847 -0.002831
v 0.361345 0.730456 -0.004132
v 0.359272 0.730456 -0.004132
v 0.361345 0.731331 -0.005311
v 0.359272 0.731331 -0.005303
v 0.361345 0.732470 -0.006307
v 0.359272 0.732470 -0.006300
v 0.361345 0.733794 -0.007083
v 0.359272 0.733794 -0.007068
v 0.361345 0.735251 -0.007585
v 0.359256 0.735251 -0.007562
v 0.361345 0.736787 -0.007752
v 0.359256 0.736787 -0.007730
v 0.359256 0.738350 -0.007540
v 0.361345 0.739859 -0.007030
v 0.359272 0.739859 -0.007015
v 0.359272 0.741237 -0.006224
v 0.361345 0.742402 -0.005235
v 0.359272 0.742376 -0.005227
v 0.361345 0.743303 -0.004063
v 0.359272 0.743276 -0.004063
v 0.361345 0.743912 -0.002778
v 0.359272 0.743885 -0.002778
v 0.361345 0.744283 -0.001409
v 0.359256 0.744256 -0.001409
v 0.361345 0.744389 -0.000002
v 0.359256 0.744362 -0.000002
v 0.357075 0.744124 -0.001424
v 0.357075 0.744230 -0.000002
v 0.355033 0.743779 -0.001454
v 0.355033 0.743885 -0.000002
v 0.353408 0.743064 -0.001523
v 0.353393 0.743170 -0.000002
v 0.353548 0.742799 -0.002938
v 0.355110 0.743435 -0.002824
v 0.357106 0.743779 -0.002786
v 0.357152 0.743170 -0.004048
v 0.353872 0.742376 -0.004124
v 0.355280 0.742905 -0.004033
v 0.354290 0.741952 -0.004892
v 0.355404 0.742164 -0.005052
v 0.353872 0.741184 -0.005372
v 0.357183 0.742323 -0.005174
v 0.355280 0.741157 -0.005889
v 0.357152 0.741210 -0.006140
v 0.353548 0.739965 -0.005904
v 0.355110 0.739886 -0.006566
v 0.353408 0.738456 -0.006300
v 0.357106 0.739859 -0.006893
v 0.357075 0.738376 -0.007403
v 0.355033 0.738403 -0.007030
v 0.353393 0.736840 -0.006459
v 0.355033 0.736813 -0.007205
v 0.353408 0.735224 -0.006322
v 0.357075 0.736787 -0.007593
v 0.357075 0.735251 -0.007425
v 0.355033 0.735251 -0.007053
v 0.353548 0.733741 -0.005950
v 0.355110 0.733794 -0.006612
v 0.353872 0.732549 -0.005425
v 0.357106 0.733794 -0.006946
v 0.357152 0.732496 -0.006208
v 0.355280 0.732549 -0.005957
v 0.354290 0.731781 -0.004953
v 0.355404 0.731569 -0.005121
v 0.353872 0.731384 -0.004177
v 0.357183 0.731410 -0.005250
v 0.357152 0.730562 -0.004117
v 0.355280 0.730827 -0.004094
v 0.353548 0.730986 -0.002983
v 0.355110 0.730298 -0.002869
v 0.353408 0.730695 -0.001546
v 0.357106 0.729953 -0.002839
v 0.357075 0.729609 -0.001447
v 0.357075 0.729477 -0.000002
v 0.355033 0.729874 -0.000002
v 0.355033 0.729980 -0.001477
v 0.353393 0.730615 -0.000002
v 0.355033 0.729980 0.001482
v 0.357075 0.729609 0.001451
v 0.357106 0.729953 0.002836
v 0.357152 0.730562 0.004113
v 0.357183 0.731410 0.005247
v 0.357152 0.732496 0.006205
v 0.357106 0.733794 0.006943
v 0.357075 0.735251 0.007430
v 0.357075 0.736787 0.007590
v 0.357075 0.738376 0.007399
v 0.357106 0.739859 0.006897
v 0.357152 0.741210 0.006137
v 0.357183 0.742323 0.005178
v 0.357152 0.743170 0.004053
v 0.357106 0.743779 0.002790
v 0.357075 0.744124 0.001421
v 0.357075 0.744230 -0.000002
v 0.355033 0.743779 0.001451
v 0.355033 0.743885 -0.000002
v 0.353408 0.743064 0.001527
v 0.357075 0.729477 -0.000002
v 0.353548 0.742799 0.002934
v 0.355110 0.743435 0.002828
v 0.355280 0.742905 0.004037
v 0.355404 0.742164 0.005049
v 0.355280 0.741157 0.005893
v 0.355110 0.739886 0.006563
v 0.355033 0.738403 0.007027
v 0.355033 0.736813 0.007209
v 0.355033 0.735251 0.007057
v 0.355110 0.733794 0.006616
v 0.355280 0.732549 0.005954
v 0.355404 0.731569 0.005117
v 0.355280 0.730827 0.004098
v 0.355110 0.730298 0.002874
v 0.353408 0.730695 0.001550
v 0.353548 0.730986 0.002980
v 0.353872 0.731384 0.004174
v 0.354290 0.731781 0.004950
v 0.353872 0.732549 0.005429
v 0.353548 0.733741 0.005947
v 0.353408 0.735224 0.006327
v 0.353393 0.736840 0.006456
v 0.353408 0.738456 0.006304
v 0.353548 0.739965 0.005909
v 0.353872 0.741184 0.005368
v 0.354290 0.741952 0.004889
v 0.353872 0.742376 0.004121
v 0.353006 0.741422 0.004441
v 0.353872 0.742376 0.004121
v 0.352557 0.740151 0.004836
v 0.353548 0.739965 0.005909
v 0.352387 0.738588 0.005140
v 0.353408 0.738456 0.006304
v 0.352356 0.736893 0.005270
v 0.353393 0.736840 0.006456
v 0.352387 0.735198 0.005163
v 0.352557 0.733635 0.004866
v 0.353006 0.732337 0.004486
v 0.353872 0.732549 0.005429
v 0.353872 0.731384 0.004174
v 0.353548 0.730986 0.002980
v 0.352557 0.732072 0.003193
v 0.352047 0.733503 0.003444
v 0.353408 0.730695 0.001550
v 0.352387 0.731887 0.001657
v 0.352356 0.731807 -0.000002
v 0.351861 0.733397 0.001778
v 0.351830 0.733344 -0.000002
v 0.351861 0.735171 0.003642
v 0.351660 0.735145 0.001877
v 0.351830 0.736946 0.003718
v 0.351629 0.735145 -0.000002
v 0.351629 0.736999 0.001915
v 0.351598 0.736999 -0.000002
v 0.351861 0.738720 0.003627
v 0.352047 0.740363 0.003421
v 0.351660 0.738826 0.001870
v 0.351629 0.738853 -0.000002
v 0.351861 0.740522 0.001771
v 0.351830 0.740574 -0.000002
v 0.352557 0.741740 0.003163
v 0.353548 0.742799 0.002934
v 0.352387 0.741978 0.001641
v 0.353408 0.743064 0.001527
v 0.352356 0.742058 -0.000002
v 0.351629 0.738853 -0.000002
v 0.351660 0.738826 -0.001873
v 0.351629 0.736999 -0.001918
v 0.351629 0.735145 -0.000002
v 0.351660 0.735145 -0.001880
v 0.351830 0.733344 -0.000002
v 0.351861 0.733397 -0.001781
v 0.352356 0.731807 -0.000002
v 0.352387 0.731887 -0.001660
v 0.353393 0.730615 -0.000002
v 0.353408 0.730695 -0.001546
v 0.352557 0.732072 -0.003196
v 0.353548 0.730986 -0.002983
v 0.353006 0.732337 -0.004489
v 0.353872 0.731384 -0.004177
v 0.353872 0.732549 -0.005425
v 0.354290 0.731781 -0.004953
v 0.353548 0.733741 -0.005950
v 0.352557 0.733635 -0.004870
v 0.352047 0.733503 -0.003447
v 0.351861 0.735171 -0.003637
v 0.353408 0.735224 -0.006322
v 0.352387 0.735198 -0.005159
v 0.353393 0.736840 -0.006459
v 0.352356 0.736893 -0.005265
v 0.353408 0.738456 -0.006300
v 0.351830 0.736946 -0.003714
v 0.352387 0.738588 -0.005144
v 0.351861 0.738720 -0.003630
v 0.353548 0.739965 -0.005904
v 0.352557 0.740151 -0.004832
v 0.353872 0.741184 -0.005372
v 0.352047 0.740363 -0.003417
v 0.351861 0.740522 -0.001766
v 0.351830 0.740574 -0.000002
v 0.352387 0.741978 -0.001637
v 0.352356 0.742058 -0.000002
v 0.353408 0.743064 -0.001523
v 0.353393 0.743170 -0.000002
v 0.353548 0.742799 -0.002938
v 0.352557 0.741740 -0.003158
v 0.353006 0.741422 -0.004444
v 0.354290 0.741952 -0.004892
v 0.353872 0.742376 -0.004124
v 0.344497 0.737423 0.122582
v 0.344358 0.764704 0.121076
v 0.337103 0.764943 0.121442
v 0.337025 0.790476 0.117851
v 0.329816 0.790688 0.118034
v 0.329816 0.765128 0.121639
v 0.322684 0.790794 0.118118
v 0.322452 0.765260 0.121723
v 0.329909 0.737820 0.123168
v 0.322313 0.738032 0.123259
v 0.337273 0.737608 0.122963
v 0.322947 0.813255 0.110869
v 0.329862 0.813149 0.110800
v 0.337010 0.812910 0.110633
v 0.344296 0.790132 0.117501
v 0.351536 0.764333 0.120361
v 0.351645 0.737264 0.121845
v 0.344497 0.737423 0.122582
v 0.351815 0.709691 0.122286
v 0.344729 0.709717 0.123031
v 0.337273 0.737608 0.122963
v 0.337536 0.709929 0.123419
v 0.329909 0.737820 0.123168
v 0.330141 0.710221 0.123625
v 0.337876 0.683548 0.121556
v 0.345008 0.683336 0.121168
v 0.352016 0.683416 0.120430
v 0.358591 0.684051 0.118718
v 0.358452 0.709956 0.120552
v 0.364269 0.685482 0.115326
v 0.364191 0.710618 0.117106
v 0.358328 0.737105 0.120126
v 0.364361 0.663418 0.109621
v 0.358730 0.661299 0.112854
v 0.352233 0.660293 0.114474
v 0.345302 0.660081 0.115182
v 0.352418 0.642149 0.102631
v 0.358854 0.643500 0.101171
v 0.364439 0.646255 0.098280
v 0.368709 0.650810 0.093336
v 0.368678 0.667020 0.104107
v 0.371385 0.657326 0.086057
v 0.371370 0.672265 0.095991
v 0.372685 0.664901 0.077507
v 0.372685 0.678383 0.086452
v 0.371354 0.691574 0.100980
v 0.368631 0.687971 0.109522
v 0.368585 0.711836 0.111211
v 0.364114 0.736972 0.116695
v 0.358251 0.763751 0.118673
v 0.351475 0.789549 0.116824
v 0.344265 0.812434 0.110313
v 0.351459 0.811612 0.109682
v 0.344265 0.830259 0.097938
v 0.351459 0.829253 0.097390
v 0.358204 0.810156 0.108176
v 0.358204 0.827425 0.096059
v 0.358220 0.788516 0.115204
v 0.364067 0.762797 0.115288
v 0.368554 0.736866 0.110823
v 0.371339 0.713637 0.102532
v 0.372685 0.695812 0.090940
v 0.372978 0.684369 0.077028
v 0.372978 0.672344 0.069057
v 0.372623 0.678436 0.062104
v 0.372623 0.689322 0.069270
v 0.372978 0.699997 0.081021
v 0.372978 0.717849 0.082246
v 0.372623 0.719570 0.073940
v 0.372978 0.736601 0.081896
v 0.372978 0.754983 0.080816
v 0.372623 0.753209 0.072593
v 0.372978 0.772067 0.078344
v 0.372623 0.768704 0.070327
v 0.372978 0.786927 0.073468
v 0.372623 0.782159 0.065907
v 0.372978 0.798687 0.065162
v 0.372623 0.792780 0.058423
v 0.372978 0.806712 0.052764
v 0.372623 0.799985 0.047295
v 0.372978 0.811480 0.037034
v 0.372623 0.804249 0.033185
v 0.372978 0.813784 0.019075
v 0.372623 0.806262 0.017090
v 0.372978 0.814394 -0.000002
v 0.372669 0.823664 -0.000002
v 0.372669 0.822975 0.021479
v 0.372669 0.820327 0.041696
v 0.372669 0.814897 0.059404
v 0.372669 0.805891 0.073339
v 0.372669 0.792754 0.082641
v 0.372669 0.776200 0.088072
v 0.372669 0.757182 0.090796
v 0.372669 0.736654 0.091967
v 0.372669 0.715756 0.092324
v 0.371323 0.736760 0.102159
v 0.371308 0.833226 -0.000002
v 0.371308 0.759407 0.100897
v 0.371308 0.780437 0.097915
v 0.371308 0.798740 0.091921
v 0.371308 0.813281 0.081599
v 0.371308 0.823320 0.066120
v 0.371308 0.829412 0.046420
v 0.371308 0.832405 0.023913
v 0.368507 0.841569 -0.000002
v 0.368507 0.840669 0.025974
v 0.368507 0.837331 0.050413
v 0.368507 0.830683 0.071802
v 0.368507 0.819744 0.088605
v 0.368507 0.803958 0.099786
v 0.368523 0.784119 0.106267
v 0.368523 0.761367 0.109477
v 0.364052 0.786794 0.111918
v 0.364037 0.807719 0.105103
v 0.364037 0.824406 0.093328
v 0.364037 0.824406 0.093328
v 0.364037 0.836007 0.075636
v 0.358204 0.827425 0.096059
v 0.368507 0.837331 0.050413
v 0.364037 0.843079 0.053106
v 0.368507 0.840669 0.025974
v 0.364037 0.846628 0.027358
v 0.364037 0.847582 -0.000002
v 0.358204 0.850495 0.028157
v 0.358204 0.846814 0.054658
v 0.358204 0.839450 0.077842
v 0.351459 0.829253 0.097390
v 0.351459 0.841516 0.078914
v 0.344265 0.830259 0.097938
v 0.344265 0.842655 0.079356
v 0.337010 0.830842 0.098212
v 0.337010 0.843344 0.079576
v 0.329924 0.831133 0.098356
v 0.351459 0.849038 0.055411
v 0.351459 0.852826 0.028545
v 0.358204 0.851502 -0.000002
v 0.358204 0.850495 -0.028160
v 0.364037 0.846628 -0.027362
v 0.368507 0.840669 -0.025970
v 0.364037 0.843079 -0.053109
v 0.368507 0.837331 -0.050417
v 0.364037 0.836007 -0.075639
v 0.368507 0.830683 -0.071806
v 0.364037 0.824406 -0.093332
v 0.368507 0.819744 -0.088608
v 0.344265 0.850283 0.055715
v 0.358204 0.827425 -0.096055
v 0.358204 0.839450 -0.077845
v 0.358204 0.846814 -0.054653
v 0.351459 0.849038 -0.055406
v 0.351459 0.852826 -0.028541
v 0.351459 0.853859 -0.000002
v 0.344265 0.854124 0.028697
v 0.337025 0.850999 0.055867
v 0.329971 0.843662 0.079690
v 0.323164 0.831239 0.098409
v 0.323318 0.843794 0.079728
v 0.316898 0.831292 0.098432
v 0.317239 0.843821 0.079743
v 0.323380 0.851528 0.055974
v 0.317409 0.851528 0.055981
v 0.351459 0.829253 -0.097386
v 0.329986 0.851369 0.055943
v 0.337025 0.854866 0.028781
v 0.344265 0.855183 -0.000002
v 0.344265 0.854124 -0.028700
v 0.344265 0.850283 -0.055718
v 0.344265 0.842655 -0.079359
v 0.351459 0.841516 -0.078918
v 0.344265 0.830259 -0.097934
v 0.337010 0.830842 -0.098215
v 0.337010 0.843344 -0.079572
v 0.337025 0.850999 -0.055870
v 0.337025 0.854866 -0.028776
v 0.337025 0.855952 -0.000002
v 0.330002 0.855263 -0.028822
v 0.330002 0.856322 -0.000002
v 0.329924 0.831133 -0.098352
v 0.329971 0.843662 -0.079686
v 0.323164 0.831239 -0.098413
v 0.323318 0.843794 -0.079732
v 0.316898 0.831292 -0.098428
v 0.317239 0.843821 -0.079739
v 0.323380 0.851528 -0.055977
v 0.329986 0.851369 -0.055946
v 0.317486 0.856481 -0.000002
v 0.317471 0.855422 -0.028837
v 0.323411 0.856481 -0.000002
v 0.323411 0.855395 -0.028837
v 0.317409 0.851528 -0.055977
v 0.344265 0.812434 0.110313
v 0.337010 0.830842 0.098212
v 0.344265 0.830259 0.097938
v 0.329924 0.831133 0.098356
v 0.323164 0.831239 0.098409
v 0.316898 0.831292 0.098432
v 0.316357 0.813281 0.110891
v 0.315692 0.790847 0.118156
v 0.314995 0.765366 0.121769
v 0.314361 0.738217 0.123305
v 0.314361 0.738217 0.123305
v 0.322313 0.710512 0.123731
v 0.330450 0.683839 0.121784
v 0.338247 0.660240 0.115554
v 0.345565 0.641752 0.103262
v 0.313866 0.710777 0.123807
v 0.322452 0.683998 0.121974
v 0.313510 0.684210 0.122278
v 0.322746 0.659948 0.116148
v 0.330853 0.660346 0.115828
v 0.331409 0.641672 0.103787
v 0.338619 0.641805 0.103589
v 0.323504 0.640586 0.103886
v 0.313325 0.659604 0.116977
v 0.313247 0.636905 0.103665
v 0.358978 0.625780 0.058172
v 0.352697 0.620907 0.030469
v 0.359009 0.623211 0.030036
v 0.352712 0.620297 -0.000002
v 0.359009 0.622708 -0.000002
v 0.359009 0.623211 -0.030039
v 0.352697 0.620907 -0.030465
v 0.346060 0.619026 -0.000002
v 0.364516 0.627105 0.029176
v 0.364501 0.629409 0.056514
v 0.368755 0.635104 0.053669
v 0.368755 0.633038 0.027708
v 0.364516 0.626681 -0.000002
v 0.368755 0.632693 -0.000002
v 0.368755 0.633038 -0.027712
v 0.364516 0.627105 -0.029180
v 0.368755 0.635104 -0.053664
v 0.364501 0.629409 -0.056509
v 0.358978 0.625780 -0.058175
v 0.352650 0.623714 -0.059012
v 0.346029 0.619715 -0.030655
v 0.339500 0.618443 -0.000002
v 0.339439 0.619211 -0.030716
v 0.333266 0.618125 -0.000002
v 0.333158 0.618947 -0.030495
v 0.327588 0.617702 -0.000002
v 0.327387 0.618523 -0.029765
v 0.322669 0.616828 -0.000002
v 0.322344 0.617543 -0.028236
v 0.326614 0.621675 -0.058167
v 0.321106 0.620191 -0.055444
v 0.325159 0.628349 -0.083687
v 0.318523 0.625701 -0.080614
v 0.323504 0.640586 -0.103889
v 0.313247 0.636905 -0.103661
v 0.331409 0.641672 -0.103790
v 0.332121 0.629303 -0.084402
v 0.332771 0.622231 -0.059240
v 0.339268 0.622416 -0.059514
v 0.338619 0.641805 -0.103593
v 0.338975 0.629488 -0.084463
v 0.345565 0.641752 -0.103266
v 0.345781 0.629594 -0.084227
v 0.352418 0.642149 -0.102627
v 0.345936 0.622761 -0.059377
v 0.352557 0.630283 -0.083710
v 0.358931 0.632005 -0.082523
v 0.364485 0.635262 -0.080157
v 0.358854 0.643500 -0.101174
v 0.364439 0.646255 -0.098276
v 0.368709 0.650810 -0.093332
v 0.368740 0.640507 -0.076126
v 0.368755 0.633038 -0.027712
v 0.371400 0.640904 -0.000002
v 0.371400 0.641169 -0.025551
v 0.372700 0.650201 -0.000002
v 0.372700 0.650440 -0.023011
v 0.372978 0.659260 -0.000002
v 0.372978 0.659472 -0.020501
v 0.372623 0.666623 -0.000002
v 0.372623 0.666808 -0.018439
v 0.372978 0.660902 -0.039707
v 0.372623 0.668106 -0.035706
v 0.371400 0.643023 -0.049481
v 0.368740 0.640507 -0.076126
v 0.371400 0.647897 -0.070193
v 0.372700 0.652082 -0.044567
v 0.372685 0.656426 -0.063218
v 0.372978 0.664769 -0.056327
v 0.372623 0.671629 -0.050652
v 0.372978 0.672344 -0.069060
v 0.372623 0.678436 -0.062100
v 0.371385 0.657326 -0.086060
v 0.372685 0.664901 -0.077503
v 0.368678 0.667020 -0.104110
v 0.364361 0.663418 -0.109624
v 0.364439 0.646255 -0.098276
v 0.358730 0.661299 -0.112850
v 0.358854 0.643500 -0.101174
v 0.352233 0.660293 -0.114477
v 0.352418 0.642149 -0.102627
v 0.345302 0.660081 -0.115177
v 0.345565 0.641752 -0.103266
v 0.338247 0.660240 -0.115557
v 0.338619 0.641805 -0.103593
v 0.330853 0.660346 -0.115824
v 0.331409 0.641672 -0.103790
v 0.322746 0.659948 -0.116151
v 0.323504 0.640586 -0.103889
v 0.313325 0.659604 -0.116980
v 0.313247 0.636905 -0.103661
v 0.313510 0.684210 -0.122274
v 0.322452 0.683998 -0.121970
v 0.330450 0.683839 -0.121787
v 0.337876 0.683548 -0.121551
v 0.345008 0.683336 -0.121163
v 0.352016 0.683416 -0.120425
v 0.358591 0.684051 -0.118722
v 0.364269 0.685482 -0.115322
v 0.368631 0.687971 -0.109518
v 0.371370 0.672265 -0.095994
v 0.372685 0.678383 -0.086448
v 0.372978 0.684369 -0.077031
v 0.372623 0.689322 -0.069265
v 0.372978 0.699996 -0.081025
v 0.372623 0.703413 -0.072855
v 0.313866 0.710777 -0.123810
v 0.372685 0.695812 -0.090936
v 0.371354 0.691574 -0.100984
v 0.368585 0.711836 -0.111214
v 0.364191 0.710618 -0.117109
v 0.358452 0.709956 -0.120555
v 0.351815 0.709691 -0.122281
v 0.344729 0.709717 -0.123027
v 0.337536 0.709929 -0.123415
v 0.330141 0.710221 -0.123628
v 0.322313 0.710512 -0.123727
v 0.314361 0.738217 -0.123308
v 0.322313 0.738032 -0.123255
v 0.314995 0.765366 -0.121772
v 0.329909 0.737820 -0.123164
v 0.337273 0.737608 -0.122966
v 0.344497 0.737423 -0.122586
v 0.351645 0.737264 -0.121848
v 0.358328 0.737105 -0.120129
v 0.364114 0.736972 -0.116698
v 0.368554 0.736866 -0.110819
v 0.371339 0.713637 -0.102535
v 0.372669 0.715756 -0.092328
v 0.372978 0.717849 -0.082242
v 0.372623 0.719570 -0.073943
v 0.372978 0.736601 -0.081899
v 0.372623 0.736522 -0.073601
v 0.344358 0.764704 -0.121072
v 0.372669 0.736654 -0.091962
v 0.371323 0.736760 -0.102155
v 0.368523 0.761367 -0.109472
v 0.364067 0.762797 -0.115291
v 0.358251 0.763751 -0.118676
v 0.351536 0.764333 -0.120357
v 0.344296 0.790132 -0.117505
v 0.351475 0.789549 -0.116820
v 0.344265 0.812434 -0.110317
v 0.358220 0.788516 -0.115200
v 0.364052 0.786794 -0.111922
v 0.368523 0.784119 -0.106270
v 0.371308 0.759407 -0.100892
v 0.372669 0.757182 -0.090791
v 0.372978 0.754983 -0.080812
v 0.372623 0.753209 -0.072589
v 0.372978 0.772067 -0.078347
v 0.372669 0.776199 -0.088076
v 0.371308 0.780437 -0.097918
v 0.368507 0.803958 -0.099789
v 0.364037 0.807719 -0.105099
v 0.358204 0.810156 -0.108172
v 0.351459 0.811612 -0.109685
v 0.344265 0.830259 -0.097934
v 0.351459 0.829253 -0.097386
v 0.358204 0.827425 -0.096055
v 0.364037 0.824406 -0.093332
v 0.371308 0.798740 -0.091917
v 0.372669 0.792754 -0.082645
v 0.372978 0.786927 -0.073464
v 0.372623 0.782159 -0.065911
v 0.372978 0.798687 -0.065165
v 0.372623 0.792780 -0.058426
v 0.372669 0.805891 -0.073335
v 0.371308 0.813281 -0.081603
v 0.368507 0.830683 -0.071806
v 0.371308 0.823320 -0.066116
v 0.368507 0.837331 -0.050417
v 0.372669 0.814897 -0.059407
v 0.372978 0.806712 -0.052767
v 0.372623 0.799985 -0.047290
v 0.372978 0.811480 -0.037029
v 0.372623 0.804249 -0.033181
v 0.372669 0.820327 -0.041700
v 0.371308 0.829412 -0.046416
v 0.368507 0.840669 -0.025970
v 0.371308 0.832405 -0.023908
v 0.371308 0.833226 -0.000002
v 0.372669 0.822975 -0.021482
v 0.372978 0.813784 -0.019071
v 0.372623 0.806262 -0.017086
v 0.372978 0.814394 -0.000002
v 0.372623 0.806792 -0.000002
v 0.372669 0.823664 -0.000002
v 0.346029 0.619715 0.030660
v 0.352650 0.623714 0.059009
v 0.339500 0.618443 -0.000002
v 0.339439 0.619211 0.030713
v 0.333266 0.618125 -0.000002
v 0.333158 0.618947 0.030492
v 0.327588 0.617702 -0.000002
v 0.327387 0.618523 0.029762
v 0.322669 0.616828 -0.000002
v 0.322344 0.617543 0.028233
v 0.326614 0.621675 0.058164
v 0.321106 0.620191 0.055441
v 0.332771 0.622231 0.059237
v 0.339268 0.622416 0.059511
v 0.345936 0.622761 0.059374
v 0.352557 0.630283 0.083706
v 0.358931 0.632005 0.082520
v 0.364485 0.635262 0.080162
v 0.368740 0.640507 0.076123
v 0.364439 0.646255 0.098280
v 0.358854 0.643500 0.101171
v 0.352418 0.642149 0.102631
v 0.345781 0.629594 0.084224
v 0.338975 0.629488 0.084459
v 0.332121 0.629303 0.084399
v 0.325159 0.628349 0.083684
v 0.318523 0.625701 0.080611
v 0.323504 0.640586 0.103886
v 0.313247 0.636905 0.103665
v 0.331409 0.641672 0.103787
v 0.338619 0.641805 0.103589
v 0.345565 0.641752 0.103262
v 0.337025 0.855952 -0.000002
v 0.330002 0.855263 0.028819
v 0.330002 0.856322 -0.000002
v 0.323411 0.855395 0.028834
v 0.323411 0.856481 -0.000002
v 0.317471 0.855422 0.028834
v 0.317486 0.856481 -0.000002
v -0.050632 0.722696 0.124081
v -0.045651 0.756864 0.122643
v -0.056635 0.723146 0.124172
v -0.055397 0.757182 0.122476
v -0.046068 0.786476 0.118855
v -0.058507 0.786238 0.118080
v -0.039339 0.756626 0.122560
v -0.046888 0.722510 0.123876
v -0.035564 0.756493 0.122370
v -0.043856 0.722616 0.123647
v -0.032779 0.756467 0.122149
v -0.040004 0.723014 0.123457
v -0.029500 0.756652 0.121974
v -0.022863 0.786238 0.118551
v -0.020063 0.786238 0.118376
v -0.014555 0.811136 0.111279
v -0.012157 0.811056 0.111104
v -0.008321 0.830471 0.098782
v -0.006217 0.830312 0.098622
v -0.010579 0.830630 0.098965
v -0.016953 0.811268 0.111485
v -0.025431 0.786317 0.118764
v -0.029252 0.786423 0.118939
v -0.014478 0.830683 0.099109
v -0.020805 0.811348 0.111652
v -0.021486 0.830524 0.099178
v -0.027628 0.811295 0.111721
v -0.032439 0.829994 0.099048
v -0.035827 0.786503 0.119015
v -0.038287 0.810977 0.111568
v -0.051251 0.810315 0.110861
v -0.064401 0.809176 0.109180
v -0.059373 0.827452 0.096972
v -0.045805 0.829041 0.098425
v -0.070991 0.825121 0.094325
v -0.075586 0.807428 0.106130
v -0.071069 0.785655 0.116246
v -0.081697 0.784649 0.112900
v -0.067201 0.757473 0.121662
v -0.065855 0.723835 0.124012
v -0.068284 0.686409 0.124621
v -0.076932 0.687521 0.124461
v -0.079686 0.649380 0.122719
v -0.087777 0.650916 0.122575
v -0.089850 0.615132 0.116642
v -0.097446 0.617066 0.116513
v -0.097786 0.586791 0.104555
v -0.104980 0.588990 0.104449
v -0.106310 0.620271 0.115722
v -0.113318 0.592804 0.103749
v -0.097337 0.653406 0.121738
v -0.087251 0.689216 0.123617
v -0.076947 0.724762 0.123176
v -0.079051 0.757685 0.119722
v -0.088952 0.757685 0.116170
v -0.087962 0.725954 0.121160
v -0.097384 0.691627 0.121571
v -0.106558 0.657114 0.119715
v -0.114742 0.625277 0.113797
v -0.121100 0.598896 0.102023
v -0.120945 0.632587 0.110260
v -0.126607 0.607928 0.098851
v -0.113674 0.662412 0.116011
v -0.105475 0.694858 0.117836
v -0.097012 0.727384 0.117486
v -0.106388 0.547485 0.031032
v -0.113102 0.550028 0.031010
v -0.112189 0.556517 0.060058
v -0.120001 0.560967 0.059655
v -0.120837 0.554583 0.030797
v -0.113241 0.548173 -0.000002
v -0.120961 0.552756 -0.000002
v -0.127907 0.562106 0.030287
v -0.127149 0.568277 0.058659
v -0.125107 0.580090 0.083212
v -0.117727 0.573257 0.084619
v -0.109745 0.569045 0.085190
v -0.105397 0.554001 0.060112
v -0.102798 0.566635 0.085273
v -0.104980 0.588990 0.104449
v -0.097786 0.586791 0.104555
v -0.106527 0.545631 -0.000002
v -0.113318 0.592804 0.103749
v -0.121100 0.598896 0.102023
v -0.126607 0.607928 0.098851
v -0.130150 0.590367 0.080626
v -0.131976 0.579296 0.056841
v -0.132641 0.573548 0.029344
v -0.128015 0.560357 -0.000002
v -0.132734 0.571906 -0.000002
v -0.132641 0.573548 -0.029347
v -0.127907 0.562106 -0.030290
v -0.131976 0.579296 -0.056836
v -0.120837 0.554583 -0.030800
v -0.113241 0.548173 -0.000002
v -0.113102 0.550028 -0.031005
v -0.106388 0.547485 -0.031036
v -0.112189 0.556517 -0.060054
v -0.105397 0.554001 -0.060115
v -0.120001 0.560967 -0.059651
v -0.127149 0.568277 -0.058662
v -0.130150 0.590367 -0.080621
v -0.125107 0.580090 -0.083208
v -0.126607 0.607928 -0.098846
v -0.121100 0.598896 -0.102018
v -0.117727 0.573257 -0.084615
v -0.109745 0.569045 -0.085193
v -0.102798 0.566635 -0.085269
v -0.104980 0.588990 -0.104452
v -0.097786 0.586791 -0.104559
v -0.098157 0.565257 -0.085178
v -0.092944 0.585467 -0.104467
v -0.113318 0.592804 -0.103745
v -0.100880 0.552650 -0.060016
v -0.105397 0.554001 -0.060115
v -0.101932 0.546134 -0.030975
v -0.106388 0.547485 -0.031036
v -0.102087 0.544306 -0.000002
v -0.106388 0.547485 0.031032
v -0.101932 0.546134 0.030979
v -0.105397 0.554001 0.060112
v -0.099534 0.543671 -0.000002
v -0.099333 0.545498 -0.030807
v -0.098173 0.551882 -0.059810
v -0.095249 0.564251 -0.085124
v -0.089803 0.584408 -0.104559
v -0.093145 0.562953 -0.085124
v -0.087096 0.582792 -0.105175
v -0.091134 0.560437 -0.084120
v -0.082687 0.579375 -0.106886
v -0.094878 0.550187 -0.058266
v -0.096425 0.551219 -0.059377
v -0.097786 0.545128 -0.030450
v -0.098049 0.543353 -0.000002
v -0.099333 0.545498 0.030804
v -0.096471 0.544677 -0.029796
v -0.096827 0.542982 -0.000002
v -0.097786 0.545128 0.030454
v -0.096471 0.544677 0.029793
v -0.096425 0.551220 0.059381
v -0.094878 0.550187 0.058271
v -0.093145 0.562953 0.085121
v -0.091134 0.560437 0.084117
v -0.087096 0.582792 0.105172
v -0.082687 0.579375 0.106883
v -0.089803 0.584408 0.104555
v -0.095249 0.564251 0.085129
v -0.098173 0.551882 0.059807
v -0.100880 0.552650 0.060020
v -0.102798 0.566635 0.085273
v -0.098157 0.565257 0.085182
v -0.092944 0.585467 0.104472
v 0.101365 0.017270 0.022772
v 0.100189 0.011522 0.022620
v 0.091185 0.011734 0.044009
v 0.087410 0.005827 0.043575
v 0.096182 0.005483 0.022475
v 0.078809 0.000371 0.043157
v 0.086838 -0.000159 0.022430
v 0.099137 0.005350 -0.000001
v 0.103190 0.011416 -0.000001
v 0.096182 0.005483 -0.022471
v 0.100189 0.011522 -0.022615
v 0.104350 0.017217 -0.000001
v 0.101365 0.017270 -0.022775
v 0.091185 0.011734 -0.044012
v 0.092376 0.017402 -0.044324
v 0.092376 0.017402 0.044328
v 0.087410 0.005827 -0.043578
v 0.078809 0.000371 -0.043152
v 0.086838 -0.000159 -0.022433
v 0.089622 -0.000344 -0.000001
v 0.069650 -0.004768 0.022650
v 0.062843 -0.004052 0.043340
v 0.052849 -0.002861 0.060142
v 0.065984 0.001112 0.060614
v 0.072992 0.006224 0.062036
v 0.076210 0.011946 0.062972
v 0.077385 0.017534 0.063443
v 0.055247 0.012052 0.078329
v 0.056392 0.017587 0.078907
v 0.052834 0.006436 0.076846
v 0.048425 0.001563 0.073948
v 0.043381 -0.001589 0.070578
v 0.025792 -0.002861 0.075302
v 0.031144 -0.005456 0.062333
v -0.000121 -0.004026 0.079903
v 0.003452 -0.007019 0.065330
v -0.028061 -0.004688 0.082741
v -0.025910 -0.007761 0.067429
v -0.053169 -0.004794 0.083737
v -0.052086 -0.007893 0.068250
v -0.023404 -0.009535 0.047531
v -0.050957 -0.009668 0.048094
v 0.038106 -0.007019 0.044572
v 0.043304 -0.007840 0.023213
v 0.072110 -0.004980 -0.000001
v 0.069650 -0.004768 -0.022646
v 0.062843 -0.004053 -0.043335
v 0.007877 -0.008741 0.046230
v 0.011373 -0.009588 0.023928
v -0.021362 -0.010330 0.024537
v -0.050044 -0.010462 0.024826
v -0.020511 -0.010542 -0.000001
v -0.049673 -0.010648 -0.000001
v -0.050044 -0.010462 -0.024821
v -0.021362 -0.010330 -0.024540
v -0.050957 -0.009668 -0.048089
v 0.045269 -0.008078 -0.000001
v 0.043304 -0.007840 -0.023216
v 0.038106 -0.007019 -0.044575
v 0.012766 -0.009800 -0.000001
v 0.011373 -0.009588 -0.023931
v -0.023404 -0.009535 -0.047526
v -0.052086 -0.007893 -0.068246
v -0.025910 -0.007761 -0.067432
v -0.053169 -0.004794 -0.083732
v -0.028061 -0.004688 -0.082743
v 0.003452 -0.007019 -0.065332
v -0.000121 -0.004026 -0.079906
v 0.007877 -0.008741 -0.046233
v 0.031144 -0.005456 -0.062336
v 0.025792 -0.002861 -0.075304
v 0.052849 -0.002861 -0.060137
v 0.043381 -0.001589 -0.070581
v 0.065984 0.001112 -0.060617
v 0.048425 0.001563 -0.073950
v 0.072992 0.006224 -0.062031
v 0.076210 0.011946 -0.062974
v 0.077385 0.017534 -0.063446
v 0.055247 0.012052 -0.078332
v 0.056392 0.017587 -0.078910
v 0.052834 0.006436 -0.076841
v 0.056392 0.017587 0.078907
v 0.029922 0.017534 0.089837
v 0.028839 0.011946 0.089229
v -0.000353 0.011734 0.096097
v -0.001127 0.005854 0.094051
v 0.027308 0.006251 0.087365
v 0.055247 0.012052 0.078329
v 0.052834 0.006436 0.076846
v 0.025482 0.001139 0.083144
v 0.048425 0.001563 0.073948
v 0.025792 -0.002861 0.075302
v 0.043381 -0.001589 0.070578
v -0.000121 -0.004026 0.079903
v -0.001405 0.000397 0.089138
v -0.028061 -0.004688 0.082741
v -0.029221 -0.000079 0.092454
v -0.053169 -0.004794 0.083737
v -0.053912 -0.000159 0.093519
v -0.029484 0.005536 0.097596
v -0.029066 0.011548 0.099672
v 0.000668 0.017402 0.096675
v -0.028154 0.017243 0.100197
v -0.054020 0.011469 0.100676
v -0.053278 0.017111 0.101178
v -0.054221 0.005483 0.098645
v -0.122848 0.658041 0.077941
v -0.119754 0.672450 0.086947
v -0.116784 0.677827 0.083585
v -0.112638 0.694196 0.088027
v -0.109899 0.696103 0.086057
v -0.115531 0.690461 0.091549
v -0.107811 0.713187 0.089632
v -0.110379 0.711095 0.093184
v -0.102659 0.734032 0.089814
v -0.104810 0.733370 0.093298
v -0.097461 0.755831 0.089495
v -0.099287 0.756202 0.092857
v -0.092511 0.776994 0.087761
v -0.094073 0.778054 0.090932
v -0.088132 0.795773 0.083235
v -0.089494 0.797283 0.086125
v -0.084683 0.810421 0.074541
v -0.085905 0.812301 0.077036
v -0.083306 0.809255 0.073134
v -0.086647 0.794820 0.081607
v -0.090917 0.776305 0.085981
v -0.095713 0.755540 0.087608
v -0.100694 0.734297 0.087867
v -0.105506 0.714220 0.087654
v -0.103711 0.714591 0.086521
v -0.099070 0.734297 0.086749
v -0.094197 0.755222 0.086513
v -0.089463 0.775749 0.084931
v -0.085255 0.794078 0.080633
v -0.081960 0.808381 0.072274
v -0.080567 0.807401 0.071453
v -0.083847 0.793257 0.079721
v -0.088055 0.775140 0.083957
v -0.092789 0.754851 0.085524
v -0.097600 0.734191 0.085745
v -0.102149 0.714750 0.085524
v -0.107888 0.696924 0.084939
v -0.106202 0.697321 0.083957
v -0.113643 0.680635 0.081714
v -0.119893 0.664875 0.074921
v -0.112081 0.670808 0.071453
v -0.109574 0.682489 0.079713
v -0.113984 0.669987 0.072289
v -0.111384 0.681853 0.080649
v -0.116459 0.668424 0.073240
v -0.121796 0.655790 0.061108
v -0.124766 0.647923 0.063565
v -0.125741 0.641619 0.044815
v -0.122755 0.650175 0.043081
v -0.126081 0.638414 0.023137
v -0.122848 0.658041 0.077941
v -0.118176 0.659922 0.059739
v -0.113984 0.669987 0.072289
v -0.115562 0.661723 0.058963
v -0.112081 0.670808 0.071453
v -0.113628 0.662677 0.058278
v -0.116335 0.656637 0.041567
v -0.114401 0.657670 0.041088
v -0.119027 0.654651 0.042115
v -0.123080 0.647314 0.022239
v -0.119305 0.651976 0.021745
v -0.116598 0.654042 0.021464
v -0.114680 0.655101 0.021213
v -0.116613 0.653327 -0.000002
v -0.114711 0.654413 -0.000002
v -0.119336 0.651234 -0.000002
v -0.123127 0.646519 -0.000002
v -0.126128 0.637487 -0.000002
v -0.129377 0.623237 -0.000002
v -0.129315 0.624323 0.024529
v -0.132393 0.605756 -0.000002
v -0.125741 0.641619 0.044815
v -0.128912 0.628111 0.047515
v -0.124766 0.647923 0.063565
v -0.127783 0.635448 0.067398
v -0.122848 0.658041 0.077941
v -0.125540 0.647208 0.082634
v -0.130506 0.620138 0.072038
v -0.127876 0.633912 0.088316
v -0.131836 0.611504 0.050786
v -0.132331 0.607027 0.026218
v -0.133940 0.587718 -0.000002
v -0.133863 0.589202 0.027921
v -0.132734 0.571906 -0.000002
v -0.133291 0.594367 0.054072
v -0.131713 0.604326 0.076701
v -0.128619 0.620138 0.094043
v -0.130150 0.590367 0.080626
v -0.126607 0.607928 0.098851
v -0.131976 0.579296 0.056841
v -0.132641 0.573548 0.029344
v -0.126128 0.637487 -0.000002
v -0.129377 0.623237 -0.000002
v -0.126081 0.638414 -0.023140
v -0.129315 0.624323 -0.024532
v -0.125741 0.641619 -0.044811
v -0.128912 0.628111 -0.047511
v -0.132331 0.607027 -0.026221
v -0.132393 0.605756 -0.000002
v -0.133940 0.587718 -0.000002
v -0.133863 0.589202 -0.027917
v -0.132641 0.573548 -0.029347
v -0.124766 0.647923 -0.063568
v -0.127783 0.635448 -0.067394
v -0.122848 0.658041 -0.077936
v -0.125540 0.647208 -0.082629
v -0.130506 0.620138 -0.072034
v -0.127876 0.633912 -0.088319
v -0.131836 0.611504 -0.050782
v -0.133291 0.594367 -0.054075
v -0.131976 0.579296 -0.056836
v -0.131713 0.604326 -0.076704
v -0.128619 0.620138 -0.094039
v -0.130150 0.590367 -0.080621
v -0.126607 0.607928 -0.098846
v -0.122848 0.658041 -0.077936
v -0.119754 0.672450 -0.086942
v -0.125540 0.647208 -0.082629
v -0.121966 0.663895 -0.092183
v -0.123668 0.653327 -0.098519
v -0.128619 0.620138 -0.094039
v -0.123699 0.642361 -0.104901
v -0.120945 0.632587 -0.110263
v -0.115531 0.690461 -0.091552
v -0.117263 0.684502 -0.097044
v -0.118191 0.677085 -0.103691
v -0.110379 0.711095 -0.093187
v -0.111818 0.707704 -0.098717
v -0.104810 0.733370 -0.093301
v -0.105970 0.732205 -0.098732
v -0.099287 0.756202 -0.092852
v -0.111926 0.703466 -0.105418
v -0.117356 0.669378 -0.110385
v -0.110131 0.698990 -0.112165
v -0.113674 0.662412 -0.116006
v -0.105475 0.694858 -0.117832
v -0.105305 0.730695 -0.105304
v -0.100076 0.756626 -0.098086
v -0.094073 0.778054 -0.090928
v -0.094522 0.779563 -0.095857
v -0.098792 0.757102 -0.104429
v -0.102644 0.729000 -0.111922
v -0.097012 0.727384 -0.117489
v -0.095388 0.757473 -0.110811
v -0.088952 0.757685 -0.116174
v -0.088798 0.783139 -0.107837
v -0.081697 0.784649 -0.112895
v -0.083197 0.805017 -0.101524
v -0.075586 0.807428 -0.106126
v -0.078974 0.821995 -0.090342
v -0.070991 0.825121 -0.094328
v -0.092774 0.781364 -0.101828
v -0.089710 0.799534 -0.090609
v -0.087622 0.802236 -0.096047
v -0.085998 0.815109 -0.080910
v -0.083692 0.818499 -0.085611
v -0.085905 0.812301 -0.077039
v -0.089494 0.797283 -0.086121
v -0.088132 0.795773 -0.083238
v -0.092511 0.776994 -0.087764
v -0.086647 0.794820 -0.081610
v -0.083306 0.809255 -0.073129
v -0.081960 0.808381 -0.072277
v -0.084683 0.810421 -0.074544
v -0.097461 0.755831 -0.089498
v -0.104810 0.733370 -0.093301
v -0.102659 0.734032 -0.089818
v -0.107811 0.713187 -0.089635
v -0.115531 0.690461 -0.091552
v -0.112638 0.694196 -0.088022
v -0.119754 0.672450 -0.086942
v -0.116784 0.677827 -0.083588
v -0.122848 0.658041 -0.077936
v -0.119893 0.664875 -0.074924
v -0.113643 0.680635 -0.081709
v -0.116459 0.668424 -0.073243
v -0.111384 0.681853 -0.080652
v -0.113984 0.669987 -0.072292
v -0.109574 0.682489 -0.079716
v -0.112081 0.670808 -0.071456
v -0.106202 0.697321 -0.083961
v -0.107888 0.696924 -0.084942
v -0.109899 0.696103 -0.086060
v -0.105506 0.714220 -0.087650
v -0.102149 0.714750 -0.085520
v -0.103711 0.714591 -0.086524
v -0.097600 0.734191 -0.085748
v -0.099070 0.734297 -0.086745
v -0.092789 0.754851 -0.085520
v -0.100694 0.734297 -0.087863
v -0.094197 0.755222 -0.086516
v -0.095713 0.755540 -0.087612
v -0.088055 0.775140 -0.083961
v -0.089463 0.775749 -0.084934
v -0.083847 0.793257 -0.079716
v -0.090917 0.776305 -0.085984
v -0.085255 0.794078 -0.080637
v -0.080567 0.807401 -0.071456
v -0.078510 0.816301 -0.058282
v -0.079856 0.817387 -0.058951
v -0.077442 0.820883 -0.041084
v -0.083306 0.809255 -0.073129
v -0.081155 0.818367 -0.059635
v -0.084683 0.810421 -0.074544
v -0.082470 0.819744 -0.060761
v -0.083600 0.821942 -0.062746
v -0.081295 0.824618 -0.042818
v -0.082377 0.827107 -0.044195
v -0.080026 0.823081 -0.042042
v -0.078757 0.821995 -0.041555
v -0.077056 0.822578 -0.021216
v -0.078324 0.823717 -0.021459
v -0.076994 0.822816 -0.000002
v -0.079562 0.824829 -0.021703
v -0.080830 0.826472 -0.022106
v -0.081898 0.829173 -0.022805
v -0.080753 0.826789 -0.000002
v -0.081821 0.829571 -0.000002
v -0.079485 0.825094 -0.000002
v -0.078247 0.823955 -0.000002
v -0.078324 0.823717 0.021456
v -0.077056 0.822578 0.021213
v -0.079562 0.824829 0.021699
v -0.079485 0.825094 -0.000002
v -0.080830 0.826472 0.022102
v -0.080753 0.826789 -0.000002
v -0.081898 0.829173 0.022810
v -0.082377 0.827107 0.044191
v -0.081295 0.824618 0.042822
v -0.083600 0.821942 0.062743
v -0.082470 0.819744 0.060766
v -0.084683 0.810421 0.074541
v -0.081155 0.818367 0.059640
v -0.083306 0.809255 0.073134
v -0.080026 0.823081 0.042039
v -0.078757 0.821995 0.041560
v -0.077442 0.820883 0.041088
v -0.079856 0.817387 0.058948
v -0.078510 0.816301 0.058278
v -0.081960 0.808381 0.072274
v -0.085998 0.815109 0.080915
v -0.083600 0.821942 0.062743
v -0.083646 0.825280 0.065824
v -0.082377 0.827107 0.044191
v -0.082424 0.830895 0.046329
v -0.081898 0.829173 0.022810
v -0.081944 0.833305 0.023898
v -0.081882 0.833809 -0.000002
v -0.079500 0.838311 0.025229
v -0.079423 0.838973 -0.000002
v -0.083692 0.818499 0.085608
v -0.081217 0.829332 0.069559
v -0.078974 0.821995 0.090347
v -0.076329 0.833491 0.073324
v -0.070991 0.825121 0.094325
v -0.068114 0.837199 0.076488
v -0.074967 0.840245 0.051531
v -0.079964 0.835504 0.048922
v -0.066644 0.844483 0.053730
v -0.074457 0.843450 0.026560
v -0.066103 0.848032 0.027686
v -0.074395 0.844271 -0.000002
v -0.066025 0.848959 -0.000002
v -0.066103 0.848032 -0.027689
v -0.074395 0.844271 -0.000002
v -0.074457 0.843450 -0.026563
v -0.079423 0.838973 -0.000002
v -0.079500 0.838311 -0.025224
v -0.081882 0.833809 -0.000002
v -0.081944 0.833305 -0.023901
v -0.081821 0.829571 -0.000002
v -0.081898 0.829173 -0.022805
v -0.082424 0.830895 -0.046332
v -0.082377 0.827107 -0.044195
v -0.066644 0.844483 -0.053733
v -0.074967 0.840245 -0.051535
v -0.068114 0.837199 -0.076491
v -0.076329 0.833491 -0.073319
v -0.078974 0.821995 -0.090342
v -0.081217 0.829332 -0.069562
v -0.079964 0.835504 -0.048918
v -0.085998 0.815109 -0.080910
v -0.083600 0.821942 -0.062746
v -0.083646 0.825280 -0.065827
v -0.083692 0.818499 -0.085611
v -0.021486 0.830524 0.099178
v -0.028803 0.843132 0.080245
v -0.017634 0.843768 0.080352
v -0.026932 0.851131 0.056339
v -0.040654 0.849807 0.055996
v -0.042402 0.841913 0.079751
v -0.032439 0.829994 0.099048
v -0.045805 0.829041 0.098425
v -0.056248 0.840006 0.078595
v -0.059373 0.827452 0.096972
v -0.068114 0.837199 0.076488
v -0.070991 0.825121 0.094325
v -0.014478 0.830683 0.099109
v -0.066644 0.844483 0.053730
v -0.054639 0.847635 0.055190
v -0.054051 0.851422 0.028431
v -0.040020 0.853727 0.028842
v -0.053958 0.852455 -0.000002
v -0.066025 0.848959 -0.000002
v -0.066103 0.848032 0.027686
v -0.026235 0.855130 0.029024
v -0.015669 0.851846 0.056415
v -0.010533 0.844006 0.080299
v -0.010579 0.830630 0.098965
v -0.006619 0.843953 0.080177
v -0.008321 0.830471 0.098782
v -0.004422 0.843768 0.080032
v -0.006217 0.830312 0.098622
v -0.002504 0.843582 0.079896
v -0.002426 0.851873 0.056187
v -0.000601 0.851661 0.056088
v -0.001699 0.855925 0.028941
v 0.000095 0.855687 0.028895
v -0.001591 0.857011 -0.000002
v 0.000204 0.856773 -0.000002
v -0.003710 0.857223 -0.000002
v -0.003819 0.856111 0.028994
v -0.004577 0.852085 0.056293
v -0.008506 0.852111 0.056377
v -0.014942 0.855872 0.029062
v -0.007655 0.857249 -0.000002
v -0.007764 0.856163 0.029039
v -0.014849 0.856958 -0.000002
v -0.026143 0.856216 -0.000002
v -0.039927 0.854786 -0.000002
v -0.040020 0.853727 -0.028845
v -0.054051 0.851422 -0.028434
v -0.066103 0.848032 -0.027689
v -0.054639 0.847635 -0.055186
v -0.066644 0.844483 -0.053733
v -0.070991 0.825121 -0.094328
v -0.059373 0.827452 -0.096967
v -0.068114 0.837199 -0.076491
v -0.056248 0.840006 -0.078591
v -0.042402 0.841913 -0.079754
v -0.040654 0.849807 -0.055992
v -0.028803 0.843132 -0.080249
v -0.032439 0.829994 -0.099044
v -0.021486 0.830524 -0.099173
v -0.026932 0.851131 -0.056342
v -0.017634 0.843768 -0.080355
v -0.014478 0.830683 -0.099112
v -0.010533 0.844006 -0.080302
v -0.010579 0.830630 -0.098960
v -0.006619 0.843953 -0.080180
v -0.008321 0.830471 -0.098778
v -0.004422 0.843768 -0.080028
v -0.006217 0.830312 -0.098618
v -0.002504 0.843582 -0.079899
v -0.002426 0.851873 -0.056182
v -0.000601 0.851661 -0.056091
v -0.045805 0.829041 -0.098428
v -0.004577 0.852084 -0.056289
v -0.008506 0.852111 -0.056380
v -0.015669 0.851846 -0.056410
v -0.026235 0.855130 -0.029020
v -0.026143 0.856216 -0.000002
v -0.014942 0.855872 -0.029058
v -0.007764 0.856163 -0.029043
v -0.003819 0.856111 -0.028997
v -0.001699 0.855925 -0.028944
v 0.000095 0.855687 -0.028891
v -0.001591 0.857011 -0.000002
v -0.003710 0.857223 -0.000002
v -0.007655 0.857249 -0.000002
v -0.085905 0.812301 0.077036
v -0.089710 0.799534 0.090605
v -0.089494 0.797283 0.086125
v -0.094522 0.779563 0.095861
v -0.092774 0.781364 0.101825
v -0.087622 0.802236 0.096044
v -0.085998 0.815109 0.080915
v -0.083692 0.818499 0.085608
v -0.083197 0.805017 0.101520
v -0.078974 0.821995 0.090347
v -0.075586 0.807428 0.106130
v -0.081697 0.784649 0.112900
v -0.088798 0.783139 0.107841
v -0.088952 0.757685 0.116170
v -0.095388 0.757473 0.110808
v -0.097012 0.727384 0.117486
v -0.102644 0.729000 0.111926
v -0.105475 0.694858 0.117836
v -0.098792 0.757102 0.104426
v -0.100076 0.756626 0.098090
v -0.094073 0.778054 0.090932
v -0.099287 0.756202 0.092857
v -0.105970 0.732205 0.098729
v -0.111818 0.707704 0.098721
v -0.110379 0.711095 0.093184
v -0.117263 0.684502 0.097040
v -0.115531 0.690461 0.091549
v -0.121966 0.663895 0.092180
v -0.119754 0.672450 0.086947
v -0.125540 0.647208 0.082634
v -0.127876 0.633912 0.088316
v -0.123668 0.653327 0.098516
v -0.128619 0.620138 0.094043
v -0.118191 0.677085 0.103688
v -0.111926 0.703466 0.105423
v -0.105305 0.730695 0.105308
v -0.110131 0.698990 0.112169
v -0.113674 0.662412 0.116011
v -0.117356 0.669378 0.110382
v -0.123699 0.642361 0.104898
v -0.120945 0.632587 0.110260
v 0.372623 0.666808 0.018436
v 0.372978 0.659472 0.020505
v 0.372978 0.660902 0.039711
v 0.372700 0.652082 0.044564
v 0.372700 0.650440 0.023008
v 0.372978 0.659260 -0.000002
v 0.372700 0.650201 -0.000002
v 0.371400 0.641169 0.025548
v 0.371400 0.640904 -0.000002
v 0.368755 0.633038 0.027708
v 0.372623 0.666623 -0.000002
v 0.372623 0.668106 0.035710
v 0.368755 0.635104 0.053669
v 0.371400 0.643023 0.049485
v 0.368740 0.640507 0.076123
v 0.371400 0.647897 0.070190
v 0.372685 0.656426 0.063215
v 0.372978 0.664769 0.056324
v 0.372623 0.671629 0.050649
v 0.372623 0.678436 0.062104
v 0.372623 0.671629 0.050649
v 0.371957 0.676105 0.046930
v 0.371957 0.672847 0.033086
v 0.371137 0.676185 0.031261
v 0.371137 0.679284 0.044343
v 0.371957 0.682462 0.057541
v 0.370287 0.682648 0.041666
v 0.370287 0.688316 0.051098
v 0.369529 0.687707 0.037688
v 0.369529 0.692872 0.046245
v 0.369529 0.685005 0.026552
v 0.370287 0.679708 0.029367
v 0.369529 0.683998 0.013705
v 0.370287 0.678622 0.015158
v 0.369529 0.683839 -0.000002
v 0.370287 0.678463 -0.000002
v 0.371137 0.675046 0.016139
v 0.371957 0.671656 0.017082
v 0.372623 0.668106 0.035710
v 0.372623 0.666808 0.018436
v 0.371957 0.671470 -0.000002
v 0.371137 0.674887 -0.000002
v 0.371137 0.675046 -0.016135
v 0.370287 0.678622 -0.015161
v 0.371137 0.676185 -0.031256
v 0.370287 0.679708 -0.029370
v 0.371137 0.679284 -0.044339
v 0.370287 0.682648 -0.041662
v 0.369529 0.685005 -0.026555
v 0.369529 0.687707 -0.037683
v 0.370287 0.688316 -0.051101
v 0.369529 0.692872 -0.046248
v 0.369529 0.683998 -0.013708
v 0.371137 0.685296 -0.054372
v 0.371957 0.682462 -0.057544
v 0.371957 0.676105 -0.046933
v 0.372623 0.678436 -0.062100
v 0.372623 0.671629 -0.050652
v 0.371957 0.672847 -0.033082
v 0.371957 0.671656 -0.017085
v 0.371957 0.671470 -0.000002
v 0.372623 0.666808 -0.018439
v 0.372623 0.668106 -0.035706
v 0.368059 0.726166 0.015378
v 0.368291 0.720471 0.023593
v 0.368291 0.725345 0.025122
v 0.368585 0.720497 0.035467
v 0.368585 0.713611 0.033512
v 0.368291 0.716657 0.020916
v 0.368585 0.708260 0.029869
v 0.368972 0.706724 0.043431
v 0.368972 0.699838 0.038829
v 0.369529 0.701030 0.051646
v 0.369529 0.711624 0.054391
v 0.368972 0.715650 0.045819
v 0.368972 0.725848 0.046610
v 0.369529 0.736522 0.055008
v 0.368972 0.736575 0.046443
v 0.369529 0.749103 0.054201
v 0.368585 0.728338 0.036182
v 0.368291 0.730854 0.025761
v 0.368291 0.736681 0.025769
v 0.368059 0.736734 0.017204
v 0.368291 0.742455 0.025335
v 0.368059 0.740495 0.016885
v 0.368291 0.747832 0.024331
v 0.368059 0.744044 0.016109
v 0.368291 0.752573 0.022551
v 0.368291 0.756334 0.019775
v 0.368585 0.764360 0.028119
v 0.368585 0.759062 0.031907
v 0.368972 0.772359 0.036456
v 0.368585 0.752414 0.034265
v 0.368585 0.744812 0.035543
v 0.368585 0.736628 0.036106
v 0.368972 0.747143 0.045743
v 0.369529 0.760784 0.052414
v 0.368972 0.756996 0.044191
v 0.368972 0.765578 0.041263
v 0.369529 0.770982 0.049021
v 0.368059 0.723649 0.013492
v 0.368059 0.721901 0.010845
v 0.368291 0.716657 0.020916
v 0.368291 0.714141 0.016923
v 0.368585 0.708260 0.029869
v 0.368585 0.704791 0.024263
v 0.368291 0.712737 0.011872
v 0.368585 0.702937 0.017059
v 0.368291 0.712128 0.006114
v 0.368059 0.720365 0.003893
v 0.368059 0.720868 0.007574
v 0.368972 0.699838 0.038829
v 0.368972 0.695441 0.031603
v 0.368972 0.693136 0.022255
v 0.368585 0.702169 0.008799
v 0.368972 0.692236 0.011484
v 0.369529 0.685005 0.026552
v 0.369529 0.683998 0.013705
v 0.368972 0.692077 -0.000002
v 0.369529 0.687707 0.037688
v 0.368291 0.711995 -0.000002
v 0.368059 0.720233 -0.000002
v 0.367811 0.725477 -0.000002
v 0.367811 0.725609 0.002470
v 0.367517 0.728179 -0.000002
v 0.368585 0.702036 -0.000002
v 0.368059 0.720868 0.007574
v 0.367811 0.726033 0.004828
v 0.368059 0.721901 0.010845
v 0.367811 0.726854 0.006966
v 0.368059 0.723649 0.013492
v 0.367517 0.729371 0.004973
v 0.367517 0.730377 0.006334
v 0.367517 0.728708 0.003421
v 0.367517 0.728311 0.001740
v 0.367084 0.729185 -0.000002
v 0.367084 0.729291 0.001474
v 0.366465 0.729318 -0.000002
v 0.367084 0.729688 0.002904
v 0.367084 0.730324 0.004235
v 0.367084 0.731198 0.005437
v 0.366465 0.730456 0.004129
v 0.366465 0.731331 0.005308
v 0.366465 0.729821 0.002828
v 0.366465 0.729450 0.001436
v 0.367811 0.725477 -0.000002
v 0.368059 0.720365 -0.003888
v 0.367811 0.725609 -0.002474
v 0.368059 0.720868 -0.007570
v 0.367811 0.726033 -0.004832
v 0.367517 0.728311 -0.001743
v 0.367517 0.728179 -0.000002
v 0.367084 0.729185 -0.000002
v 0.367084 0.729291 -0.001470
v 0.366465 0.729450 -0.001432
v 0.368059 0.721901 -0.010841
v 0.367811 0.726854 -0.006961
v 0.367811 0.728073 -0.008764
v 0.367517 0.729371 -0.004969
v 0.367517 0.730377 -0.006330
v 0.367517 0.728708 -0.003417
v 0.367084 0.729688 -0.002900
v 0.366465 0.729821 -0.002824
v 0.367084 0.730324 -0.004238
v 0.367084 0.731198 -0.005433
v 0.366465 0.730456 -0.004132
v 0.366465 0.731331 -0.005311
v 0.368059 0.721901 -0.010841
v 0.368291 0.716657 -0.020919
v 0.368291 0.714141 -0.016926
v 0.368585 0.708260 -0.029872
v 0.368059 0.720868 -0.007570
v 0.368291 0.712737 -0.011875
v 0.368059 0.720365 -0.003888
v 0.368291 0.712128 -0.006110
v 0.368059 0.720233 -0.000002
v 0.368291 0.711995 -0.000002
v 0.368585 0.702169 -0.008795
v 0.368585 0.702036 -0.000002
v 0.368972 0.692236 -0.011480
v 0.368972 0.692077 -0.000002
v 0.369529 0.683998 -0.013708
v 0.369529 0.683839 -0.000002
v 0.369529 0.685005 -0.026555
v 0.368972 0.693136 -0.022250
v 0.368585 0.702937 -0.017063
v 0.368585 0.704791 -0.024266
v 0.368972 0.699838 -0.038824
v 0.368972 0.695441 -0.031606
v 0.369529 0.692872 -0.046248
v 0.369529 0.687707 -0.037683
v -0.082687 0.579375 0.106883
v -0.078123 0.612484 0.116961
v -0.072879 0.612961 0.118133
v -0.067263 0.648056 0.122423
v -0.070682 0.648056 0.122461
v -0.081341 0.613199 0.116551
v -0.087096 0.582792 0.105172
v -0.089803 0.584408 0.104555
v -0.084760 0.614020 0.116543
v -0.092944 0.585467 0.104472
v -0.089850 0.615132 0.116642
v -0.079686 0.649380 0.122719
v -0.074302 0.648479 0.122605
v -0.068284 0.686409 0.124621
v -0.062591 0.685747 0.124514
v -0.056635 0.723146 0.124172
v -0.050632 0.722696 0.124081
v -0.058878 0.685508 0.124302
v -0.055583 0.685694 0.124081
v -0.062281 0.648903 0.122621
v -0.051127 0.686356 0.123929
v -0.043856 0.722616 0.123647
v -0.040004 0.723014 0.123457
v -0.046888 0.722510 0.123876
v 0.344497 0.737423 -0.122586
v 0.337273 0.737608 -0.122966
v 0.337103 0.764942 -0.121445
v 0.329816 0.765128 -0.121635
v 0.329816 0.790688 -0.118037
v 0.337025 0.790476 -0.117855
v 0.344358 0.764704 -0.121072
v 0.344296 0.790132 -0.117505
v 0.337010 0.812910 -0.110629
v 0.344265 0.812434 -0.110317
v 0.337010 0.830842 -0.098215
v 0.344265 0.830259 -0.097934
v 0.329924 0.831133 -0.098352
v 0.329862 0.813149 -0.110796
v 0.323164 0.831239 -0.098413
v 0.322947 0.813255 -0.110864
v 0.316898 0.831292 -0.098428
v 0.316357 0.813281 -0.110895
v 0.322684 0.790794 -0.118113
v 0.322452 0.765260 -0.121726
v 0.329909 0.737820 -0.123164
v 0.315692 0.790847 -0.118151
v -0.050632 0.722696 -0.124077
v -0.056635 0.723146 -0.124175
v -0.045651 0.756864 -0.122639
v -0.055397 0.757182 -0.122479
v -0.065855 0.723835 -0.124016
v -0.067201 0.757473 -0.121665
v -0.058507 0.786238 -0.118083
v -0.068284 0.686409 -0.124617
v -0.039339 0.756626 -0.122563
v -0.046888 0.722510 -0.123879
v -0.035564 0.756493 -0.122373
v -0.043856 0.722616 -0.123643
v -0.032779 0.756467 -0.122152
v -0.040004 0.723014 -0.123460
v -0.029500 0.756652 -0.121970
v -0.022863 0.786238 -0.118547
v -0.020063 0.786238 -0.118372
v -0.025431 0.786317 -0.118760
v -0.029252 0.786423 -0.118942
v -0.035827 0.786503 -0.119018
v -0.046068 0.786476 -0.118859
v -0.051251 0.810315 -0.110857
v -0.038287 0.810977 -0.111572
v -0.027628 0.811295 -0.111716
v -0.020805 0.811348 -0.111648
v -0.016953 0.811268 -0.111480
v -0.014555 0.811136 -0.111283
v -0.012157 0.811056 -0.111108
v -0.008321 0.830471 -0.098778
v -0.006217 0.830312 -0.098618
v -0.010579 0.830630 -0.098960
v -0.014478 0.830683 -0.099112
v -0.021486 0.830524 -0.099173
v -0.032439 0.829994 -0.099044
v -0.045805 0.829041 -0.098428
v -0.059373 0.827452 -0.096967
v -0.064401 0.809176 -0.109183
v -0.070991 0.825121 -0.094328
v -0.075586 0.807428 -0.106126
v -0.071069 0.785655 -0.116242
v -0.081697 0.784649 -0.112895
v -0.079051 0.757685 -0.119718
v -0.088952 0.757685 -0.116174
v -0.076947 0.724762 -0.123171
v -0.076932 0.687521 -0.124464
v -0.079686 0.649380 -0.122715
v -0.087777 0.650916 -0.122578
v -0.089850 0.615132 -0.116637
v -0.097446 0.617066 -0.116516
v -0.097786 0.586791 -0.104559
v -0.104980 0.588990 -0.104452
v -0.106310 0.620271 -0.115725
v -0.113318 0.592804 -0.103745
v -0.114742 0.625277 -0.113800
v -0.121100 0.598896 -0.102018
v -0.120945 0.632587 -0.110263
v -0.126607 0.607928 -0.098846
v -0.113674 0.662412 -0.116006
v -0.106558 0.657114 -0.119718
v -0.097337 0.653406 -0.121741
v -0.087251 0.689216 -0.123620
v -0.087962 0.725954 -0.121163
v -0.097012 0.727384 -0.117489
v -0.097384 0.691627 -0.121574
v -0.105475 0.694858 -0.117832
v 0.056392 0.017587 -0.078910
v 0.028839 0.011946 -0.089232
v 0.055247 0.012052 -0.078332
v 0.027308 0.006251 -0.087360
v -0.001127 0.005854 -0.094046
v -0.000353 0.011734 -0.096100
v 0.029922 0.017534 -0.089840
v 0.000668 0.017402 -0.096671
v -0.029066 0.011548 -0.099675
v -0.028154 0.017243 -0.100192
v -0.054020 0.011469 -0.100679
v -0.053278 0.017111 -0.101181
v -0.054221 0.005483 -0.098641
v -0.029484 0.005536 -0.097599
v -0.053912 -0.000159 -0.093522
v -0.029221 -0.000079 -0.092457
v -0.053169 -0.004794 -0.083732
v -0.028061 -0.004688 -0.082743
v -0.001405 0.000397 -0.089133
v 0.025482 0.001139 -0.083147
v 0.052834 0.006436 -0.076841
v 0.048425 0.001563 -0.073950
v 0.025792 -0.002861 -0.075304
v 0.043381 -0.001589 -0.070581
v -0.000121 -0.004026 -0.079906
v -0.123127 0.646519 -0.000002
v -0.123080 0.647314 -0.022243
v -0.119305 0.651976 -0.021741
v -0.119027 0.654651 -0.042118
v -0.122755 0.650175 -0.043084
v -0.126081 0.638414 -0.023140
v -0.125741 0.641619 -0.044811
v -0.121796 0.655790 -0.061111
v -0.124766 0.647923 -0.063568
v -0.119893 0.664875 -0.074924
v -0.116459 0.668424 -0.073243
v -0.118176 0.659922 -0.059742
v -0.113984 0.669987 -0.072292
v -0.115562 0.661723 -0.058958
v -0.112081 0.670808 -0.071456
v -0.113628 0.662676 -0.058282
v -0.116335 0.656637 -0.041570
v -0.116598 0.654042 -0.021459
v -0.119336 0.651234 -0.000002
v -0.116613 0.653327 -0.000002
v -0.114680 0.655101 -0.021216
v -0.114401 0.657670 -0.041084
v 0.367811 0.748176 -0.000002
v 0.367811 0.748044 -0.002360
v 0.367517 0.745395 -0.001690
v 0.367517 0.744998 -0.003318
v 0.367811 0.747594 -0.004611
v 0.368059 0.753235 -0.003653
v 0.368059 0.752653 -0.007136
v 0.367811 0.746746 -0.006680
v 0.368059 0.751514 -0.010263
v 0.368059 0.749713 -0.012864
v 0.367517 0.743303 -0.006186
v 0.367517 0.744309 -0.004839
v 0.367084 0.742508 -0.005349
v 0.367084 0.743409 -0.004162
v 0.366465 0.742402 -0.005235
v 0.366465 0.743303 -0.004063
v 0.367084 0.744044 -0.002846
v 0.367084 0.744415 -0.001439
v 0.367084 0.744521 -0.000002
v 0.366465 0.744283 -0.001409
v 0.366465 0.744389 -0.000002
v 0.366465 0.743912 -0.002778
v 0.368059 0.749713 -0.012864
v 0.368291 0.756334 -0.019771
v 0.368291 0.758956 -0.015884
v 0.368585 0.767962 -0.022661
v 0.368585 0.770107 -0.015853
v 0.368291 0.760546 -0.011084
v 0.368059 0.751514 -0.010263
v 0.368059 0.752653 -0.007136
v 0.368291 0.761340 -0.005691
v 0.368059 0.753235 -0.003653
v 0.368291 0.761552 -0.000002
v 0.368059 0.753394 -0.000002
v 0.368585 0.771405 -0.000002
v 0.368585 0.771140 -0.008156
v 0.368972 0.781258 -0.000002
v 0.368972 0.780914 -0.010612
v 0.369529 0.789416 -0.000002
v 0.369529 0.789046 -0.012651
v 0.368972 0.779643 -0.020622
v 0.368972 0.776941 -0.029438
v 0.369529 0.787562 -0.024578
v 0.369529 0.784384 -0.035059
v 0.368972 0.772359 -0.036459
v 0.369529 0.778981 -0.043373
v 0.368585 0.764360 -0.028115
v 0.368585 0.759062 -0.031910
v 0.368972 0.765578 -0.041266
v 0.368585 0.752414 -0.034261
v 0.368972 0.756996 -0.044187
v 0.368585 0.744812 -0.035539
v 0.368972 0.747143 -0.045746
v 0.369529 0.749103 -0.054197
v 0.368972 0.736575 -0.046446
v 0.368585 0.736628 -0.036109
v 0.368291 0.736681 -0.025772
v 0.369529 0.770982 -0.049017
v 0.368059 0.736734 -0.017200
v 0.368291 0.742455 -0.025338
v 0.368059 0.740495 -0.016888
v 0.368291 0.747832 -0.024334
v 0.368059 0.744044 -0.016112
v 0.368291 0.752573 -0.022547
v 0.368291 0.756334 -0.019771
v -0.082687 0.579375 -0.106886
v -0.078123 0.612484 -0.116957
v -0.087096 0.582792 -0.105175
v -0.081341 0.613199 -0.116554
v -0.070682 0.648056 -0.122456
v -0.067263 0.648056 -0.122426
v -0.072879 0.612961 -0.118128
v -0.062281 0.648903 -0.122624
v -0.055583 0.685694 -0.124084
v -0.051127 0.686356 -0.123932
v -0.043856 0.722616 -0.123643
v -0.046888 0.722510 -0.123879
v -0.058878 0.685508 -0.124305
v -0.050632 0.722696 -0.124077
v -0.062591 0.685747 -0.124510
v -0.056635 0.723146 -0.124175
v -0.074302 0.648479 -0.122608
v -0.084760 0.614020 -0.116539
v -0.089803 0.584408 -0.104559
v -0.092944 0.585467 -0.104467
v -0.089850 0.615132 -0.116637
v -0.079686 0.649380 -0.122715
v 0.288572 0.590897 0.017919
v 0.264299 0.572965 0.033040
v 0.267393 0.572886 0.016899
v 0.239299 0.551008 0.032698
v 0.242826 0.550875 0.016755
v 0.268383 0.572886 -0.000002
v 0.243940 0.550849 -0.000002
v 0.219172 0.526878 0.017097
v 0.220440 0.526772 -0.000002
v 0.289423 0.590870 -0.000002
v 0.285849 0.591029 0.035033
v 0.258884 0.573204 0.047652
v 0.281084 0.591400 0.050519
v 0.250933 0.573760 0.059959
v 0.274045 0.592115 0.063564
v 0.223952 0.551696 0.058955
v 0.233095 0.551272 0.047036
v 0.208018 0.527461 0.047751
v 0.215134 0.527143 0.033314
v 0.187922 0.503702 0.048861
v 0.175978 0.503993 0.060628
v 0.162504 0.481797 0.061457
v 0.196059 0.503305 0.034189
v 0.200700 0.502934 0.017576
v 0.202185 0.502775 -0.000002
v 0.190381 0.480711 0.017888
v 0.185013 0.481135 0.034774
v 0.175808 0.481559 0.049630
v 0.155016 0.461455 0.061952
v 0.169450 0.461243 0.050040
v 0.150174 0.442835 0.062271
v 0.197498 0.527805 0.059525
v 0.179645 0.460820 0.035063
v 0.165319 0.442650 0.050261
v 0.176195 0.442279 0.035193
v 0.159874 0.425618 0.050443
v 0.144604 0.425777 0.062576
v 0.135895 0.410097 0.062986
v 0.185678 0.460396 0.018040
v 0.182770 0.441881 0.018109
v 0.187674 0.460210 -0.000002
v 0.184967 0.441723 -0.000002
v 0.192114 0.480526 -0.000002
v 0.170997 0.425327 0.035299
v 0.150638 0.410018 0.050740
v 0.125406 0.395450 0.063534
v 0.139221 0.395370 0.051166
v 0.115365 0.381332 0.064211
v 0.161405 0.409779 0.035497
v 0.177773 0.425009 0.018154
v 0.180063 0.424877 -0.000002
v 0.168011 0.409567 0.018246
v 0.149323 0.395264 0.035786
v 0.128299 0.381306 0.051714
v 0.108048 0.367347 0.065032
v 0.120517 0.367347 0.052375
v 0.104954 0.353150 0.065976
v 0.137736 0.381279 0.036174
v 0.155527 0.395159 0.018398
v 0.170254 0.409488 -0.000002
v 0.157631 0.395106 -0.000002
v 0.143506 0.381226 0.018596
v 0.129598 0.367374 0.036638
v 0.117640 0.353150 0.053136
v 0.104536 0.338794 0.067018
v 0.117856 0.338794 0.053965
v 0.104428 0.324491 0.068098
v 0.145471 0.381226 -0.000002
v 0.135152 0.367374 0.018831
v 0.137039 0.367374 -0.000002
v 0.132615 0.353177 0.019105
v 0.126922 0.353177 0.037170
v 0.127649 0.338794 0.037741
v 0.118429 0.324465 0.054832
v 0.102308 0.310374 0.069170
v 0.116618 0.310347 0.055684
v 0.096600 0.296521 0.070212
v 0.128763 0.324438 0.038342
v 0.133698 0.338794 0.019402
v 0.134549 0.353177 -0.000002
v 0.135755 0.338794 -0.000002
v 0.135183 0.324412 0.019706
v 0.127216 0.310347 0.038935
v 0.110600 0.296548 0.056506
v 0.088756 0.282642 0.071216
v 0.102030 0.282695 0.057312
v 0.080944 0.268313 0.072236
v 0.137380 0.324412 -0.000002
v 0.133806 0.310321 0.020010
v 0.136065 0.310321 -0.000002
v 0.127386 0.296601 0.020299
v 0.120966 0.296574 0.039505
v 0.111838 0.282801 0.040061
v 0.093459 0.268392 0.058118
v 0.075359 0.253109 0.073278
v 0.087441 0.253189 0.058955
v 0.073502 0.236714 0.074365
v 0.102695 0.268551 0.040624
v 0.117918 0.282907 0.020588
v 0.129598 0.296627 -0.000002
v 0.120007 0.282960 -0.000002
v 0.108404 0.268736 0.020878
v 0.096368 0.253400 0.041202
v 0.085740 0.236820 0.059822
v 0.074199 0.219418 0.075453
v 0.086977 0.219497 0.060682
v 0.075591 0.201513 0.076457
v 0.110353 0.268816 -0.000002
v 0.101875 0.253639 0.021174
v 0.103763 0.253718 -0.000002
v 0.100436 0.237217 0.021478
v 0.094805 0.237032 0.041810
v 0.096461 0.219630 0.042411
v 0.088926 0.201566 0.061488
v 0.075777 0.183396 0.077324
v 0.089437 0.183396 0.062188
v 0.073472 0.165384 0.077994
v 0.098889 0.201619 0.042966
v 0.102386 0.219789 0.021790
v 0.102370 0.237323 -0.000002
v 0.104428 0.219842 -0.000002
v 0.105124 0.201698 0.022079
v 0.099632 0.183369 0.043453
v 0.086946 0.165358 0.062728
v 0.069542 0.147982 0.078488
v 0.082584 0.147930 0.063131
v 0.065411 0.131667 0.078838
v 0.107274 0.201724 -0.000002
v 0.106021 0.183369 0.022323
v 0.108218 0.183369 -0.000002
v 0.103237 0.165225 0.022521
v 0.096987 0.165278 0.043834
v 0.092191 0.147824 0.044115
v 0.078051 0.131614 0.063412
v 0.062503 0.116940 0.079066
v 0.075127 0.116860 0.063602
v 0.061822 0.104120 0.079211
v 0.087271 0.131455 0.044320
v 0.098147 0.147718 0.022665
v 0.105402 0.165199 -0.000002
v 0.100189 0.147665 -0.000002
v 0.092902 0.131322 0.022772
v 0.084193 0.116701 0.044457
v 0.075019 0.104041 0.063724
v 0.062751 0.092837 0.079294
v 0.076968 0.092757 0.063793
v 0.064220 0.082586 0.079332
v 0.094821 0.131269 -0.000002
v 0.089654 0.116543 0.022840
v 0.091479 0.116463 -0.000002
v 0.089932 0.103696 0.022886
v 0.084363 0.103855 0.044541
v 0.086946 0.092572 0.044587
v 0.079691 0.082507 0.063823
v 0.065179 0.072866 0.079348
v 0.081903 0.072786 0.063846
v 0.064839 0.063304 0.079363
v 0.090504 0.082321 0.044609
v 0.092840 0.092386 0.022908
v 0.091773 0.103617 -0.000002
v 0.094759 0.092307 -0.000002
v 0.096847 0.082162 0.022924
v 0.093599 0.072601 0.044625
v 0.082615 0.063224 0.063853
v 0.063478 0.054086 0.079370
v 0.082104 0.054007 0.063869
v 0.061652 0.045637 0.079386
v 0.098920 0.082056 -0.000002
v 0.100467 0.072442 0.022931
v 0.102711 0.072336 -0.000002
v 0.102494 0.062853 0.022939
v 0.095115 0.063039 0.044632
v 0.095300 0.053848 0.044640
v 0.080959 0.045584 0.063876
v 0.059904 0.038327 0.079393
v 0.079753 0.038247 0.063884
v 0.058651 0.032341 0.079386
v 0.094728 0.045399 0.044647
v 0.103144 0.053663 0.022939
v 0.104923 0.062774 -0.000002
v 0.105743 0.053583 -0.000002
v 0.102974 0.045240 0.022946
v 0.093970 0.038115 0.044655
v 0.078917 0.032288 0.063884
v 0.057800 0.027282 0.079340
v 0.078407 0.027229 0.063838
v 0.057119 0.022567 0.079196
v 0.105727 0.045160 -0.000002
v 0.102525 0.037956 0.022946
v 0.105387 0.037903 -0.000002
v 0.102216 0.032049 0.022947
v 0.093459 0.032155 0.044655
v 0.093150 0.027123 0.044617
v 0.077958 0.022514 0.063701
v 0.056392 0.017587 0.078906
v 0.077386 0.017534 0.063443
v 0.092856 0.022408 0.044518
v 0.092376 0.017402 0.044328
v 0.102030 0.027017 0.022931
v 0.101798 0.022302 0.022878
v 0.105000 0.026990 -0.000002
v 0.105155 0.031970 -0.000002
v 0.101365 0.017270 0.022772
v 0.104768 0.022275 -0.000002
v 0.104350 0.017217 -0.000002
v 0.104768 0.022275 -0.000002
v 0.101365 0.017270 -0.022775
v 0.101798 0.022302 -0.022874
v 0.092376 0.017402 -0.044324
v 0.105000 0.026990 -0.000002
v 0.102030 0.027017 -0.022927
v 0.105155 0.031970 -0.000002
v 0.102216 0.032049 -0.022950
v 0.102525 0.037956 -0.022950
v 0.105727 0.045160 -0.000002
v 0.102974 0.045240 -0.022943
v 0.105743 0.053583 -0.000002
v 0.103144 0.053663 -0.022943
v 0.104923 0.062774 -0.000002
v 0.102494 0.062853 -0.022935
v 0.100467 0.072442 -0.022935
v 0.098920 0.082056 -0.000002
v 0.096847 0.082162 -0.022927
v 0.094759 0.092307 -0.000002
v 0.092840 0.092386 -0.022912
v 0.091773 0.103617 -0.000002
v 0.089932 0.103696 -0.022889
v 0.089654 0.116543 -0.022844
v 0.094821 0.131269 -0.000002
v 0.092902 0.131322 -0.022775
v 0.100189 0.147665 -0.000002
v 0.098147 0.147718 -0.022669
v 0.105402 0.165199 -0.000002
v 0.103237 0.165225 -0.022524
v 0.106021 0.183369 -0.022327
v 0.107274 0.201724 -0.000002
v 0.105124 0.201698 -0.022076
v 0.104428 0.219842 -0.000002
v 0.102386 0.219789 -0.021787
v 0.102370 0.237323 -0.000002
v 0.100436 0.237217 -0.021482
v 0.101875 0.253639 -0.021170
v 0.110353 0.268816 -0.000002
v 0.108404 0.268736 -0.020874
v 0.120007 0.282960 -0.000002
v 0.117918 0.282907 -0.020592
v 0.129598 0.296627 -0.000002
v 0.127386 0.296601 -0.020303
v 0.133806 0.310321 -0.020014
v 0.137380 0.324412 -0.000002
v 0.135183 0.324412 -0.019710
v 0.135755 0.338794 -0.000002
v 0.133698 0.338794 -0.019398
v 0.134549 0.353177 -0.000002
v 0.132615 0.353177 -0.019109
v 0.135152 0.367374 -0.018835
v 0.145471 0.381226 -0.000002
v 0.143506 0.381226 -0.018592
v 0.157631 0.395106 -0.000002
v 0.155527 0.395159 -0.018402
v 0.170254 0.409488 -0.000002
v 0.168011 0.409567 -0.018250
v 0.177773 0.425009 -0.018151
v 0.184967 0.441723 -0.000002
v 0.182770 0.441881 -0.018105
v 0.187674 0.460210 -0.000002
v 0.185678 0.460396 -0.018044
v 0.192114 0.480526 -0.000002
v 0.190381 0.480711 -0.017892
v 0.200700 0.502934 -0.017580
v 0.220440 0.526772 -0.000002
v 0.219172 0.526878 -0.017101
v 0.243940 0.550849 -0.000002
v 0.242826 0.550875 -0.016751
v 0.268383 0.572886 -0.000002
v 0.267393 0.572886 -0.016903
v 0.288572 0.590897 -0.017923
v 0.264299 0.572965 -0.033044
v 0.285849 0.591029 -0.035029
v 0.239299 0.551008 -0.032702
v 0.215134 0.527143 -0.033310
v 0.196059 0.503305 -0.034185
v 0.185013 0.481135 -0.034771
v 0.179645 0.460820 -0.035067
v 0.176195 0.442279 -0.035197
v 0.170997 0.425327 -0.035303
v 0.161405 0.409779 -0.035493
v 0.149323 0.395264 -0.035790
v 0.137736 0.381279 -0.036170
v 0.129598 0.367374 -0.036634
v 0.126922 0.353177 -0.037167
v 0.127649 0.338794 -0.037745
v 0.128763 0.324438 -0.038338
v 0.127216 0.310347 -0.038939
v 0.120966 0.296574 -0.039509
v 0.111838 0.282801 -0.040065
v 0.102695 0.268551 -0.040628
v 0.096368 0.253400 -0.041206
v 0.094805 0.237032 -0.041806
v 0.096461 0.219630 -0.042407
v 0.098889 0.201619 -0.042970
v 0.099632 0.183369 -0.043449
v 0.096987 0.165278 -0.043830
v 0.092191 0.147824 -0.044119
v 0.087271 0.131455 -0.044317
v 0.084193 0.116701 -0.044453
v 0.084363 0.103855 -0.044537
v 0.086946 0.092572 -0.044590
v 0.090504 0.082321 -0.044613
v 0.093599 0.072601 -0.044628
v 0.095115 0.063039 -0.044636
v 0.095300 0.053848 -0.044644
v 0.094728 0.045399 -0.044651
v 0.093970 0.038115 -0.044659
v 0.093459 0.032155 -0.044659
v 0.093150 0.027123 -0.044621
v 0.092856 0.022408 -0.044522
v 0.077386 0.017534 -0.063447
v 0.077958 0.022514 -0.063705
v 0.056392 0.017587 -0.078910
v 0.057119 0.022540 -0.079192
v 0.078407 0.027229 -0.063834
v 0.078917 0.032288 -0.063880
v 0.079753 0.038247 -0.063888
v 0.080959 0.045584 -0.063880
v 0.082104 0.054007 -0.063865
v 0.082615 0.063224 -0.063857
v 0.081903 0.072786 -0.063842
v 0.079691 0.082507 -0.063827
v 0.076968 0.092757 -0.063796
v 0.075019 0.104041 -0.063728
v 0.075127 0.116860 -0.063606
v 0.078051 0.131614 -0.063416
v 0.082584 0.147929 -0.063127
v 0.086946 0.165358 -0.062724
v 0.089437 0.183395 -0.062184
v 0.088926 0.201566 -0.061492
v 0.086977 0.219497 -0.060685
v 0.085740 0.236820 -0.059818
v 0.087441 0.253189 -0.058951
v 0.093459 0.268392 -0.058122
v 0.102030 0.282695 -0.057316
v 0.110600 0.296548 -0.056510
v 0.116618 0.310347 -0.055688
v 0.118429 0.324465 -0.054829
v 0.117856 0.338794 -0.053969
v 0.117640 0.353150 -0.053140
v 0.120517 0.367347 -0.052379
v 0.128299 0.381306 -0.051718
v 0.139221 0.395370 -0.051170
v 0.150638 0.410018 -0.050744
v 0.159874 0.425618 -0.050447
v 0.165319 0.442650 -0.050257
v 0.169450 0.461243 -0.050044
v 0.175808 0.481559 -0.049633
v 0.187922 0.503702 -0.048865
v 0.208018 0.527461 -0.047747
v 0.233095 0.551272 -0.047032
v 0.258884 0.573204 -0.047648
v 0.281084 0.591400 -0.050516
v 0.250933 0.573760 -0.059963
v 0.223952 0.551696 -0.058959
v 0.197498 0.527805 -0.059522
v 0.175978 0.503993 -0.060632
v 0.162504 0.481797 -0.061454
v 0.155016 0.461455 -0.061956
v 0.150174 0.442835 -0.062275
v 0.144604 0.425777 -0.062579
v 0.135895 0.410097 -0.062990
v 0.125406 0.395450 -0.063530
v 0.115365 0.381332 -0.064215
v 0.108048 0.367347 -0.065029
v 0.104954 0.353150 -0.065980
v 0.104536 0.338794 -0.067014
v 0.104428 0.324491 -0.068102
v 0.102308 0.310374 -0.069174
v 0.096600 0.296521 -0.070209
v 0.088756 0.282642 -0.071220
v 0.080944 0.268313 -0.072232
v 0.075359 0.253109 -0.073282
v 0.073502 0.236714 -0.074369
v 0.074199 0.219418 -0.075449
v 0.075591 0.201513 -0.076461
v 0.075777 0.183395 -0.077321
v 0.073472 0.165384 -0.077998
v 0.069542 0.147982 -0.078492
v 0.065411 0.131666 -0.078834
v 0.062503 0.116940 -0.079070
v 0.061822 0.104120 -0.079207
v 0.062751 0.092837 -0.079291
v 0.064220 0.082586 -0.079329
v 0.065179 0.072866 -0.079344
v 0.064839 0.063304 -0.079359
v 0.063478 0.054086 -0.079374
v 0.061652 0.045637 -0.079382
v 0.059904 0.038327 -0.079389
v 0.058651 0.032341 -0.079389
v 0.057800 0.027282 -0.079336
v 0.021738 0.843476 0.079781
v 0.013493 0.851422 0.055988
v 0.012069 0.843423 0.079773
v 0.006732 0.851449 0.055996
v 0.007320 0.855448 0.028841
v 0.014019 0.855422 0.028834
v 0.007397 0.856534 -0.000002
v 0.014081 0.856508 -0.000002
v 0.023518 0.855422 0.028834
v 0.023579 0.856481 -0.000002
v 0.036157 0.855422 0.028834
v 0.035693 0.851449 0.055996
v 0.023038 0.851422 0.055988
v 0.034455 0.843529 0.079789
v 0.021738 0.843476 0.079781
v 0.032011 0.830551 0.098546
v 0.019201 0.830418 0.098515
v 0.047187 0.830683 0.098576
v 0.049616 0.843556 0.079804
v 0.050869 0.851449 0.055996
v 0.063973 0.830789 0.098599
v 0.066448 0.843609 0.079811
v 0.081640 0.830921 0.098622
v 0.084131 0.843662 0.079827
v 0.099539 0.831027 0.098645
v 0.067717 0.851475 0.056004
v 0.051333 0.855422 0.028841
v 0.068181 0.855422 0.028841
v 0.051395 0.856481 -0.000002
v 0.068243 0.856481 -0.000002
v 0.085415 0.851502 0.056004
v 0.036219 0.856481 -0.000002
v 0.101999 0.843715 0.079834
v 0.117547 0.831107 0.098660
v 0.119914 0.843768 0.079834
v 0.135601 0.831213 0.098668
v 0.103268 0.851502 0.056004
v 0.085879 0.855422 0.028841
v 0.085941 0.856481 -0.000002
v 0.103716 0.855422 0.028841
v 0.121120 0.851528 0.056011
v 0.137844 0.843794 0.079842
v 0.153701 0.831266 0.098668
v 0.155790 0.843821 0.079842
v 0.171786 0.831345 0.098668
v 0.138989 0.851528 0.056011
v 0.121569 0.855422 0.028841
v 0.103794 0.856481 -0.000002
v 0.121631 0.856481 -0.000002
v 0.139406 0.855422 0.028841
v 0.156857 0.851528 0.056011
v 0.173735 0.843847 0.079842
v 0.189855 0.831372 0.098660
v 0.191665 0.843874 0.079834
v 0.207847 0.831425 0.098645
v 0.139468 0.856481 -0.000002
v 0.157259 0.855422 0.028841
v 0.157306 0.856481 -0.000002
v 0.175097 0.855422 0.028841
v 0.174741 0.851555 0.056011
v 0.192594 0.851555 0.056011
v 0.209580 0.843874 0.079834
v 0.225762 0.831425 0.098622
v 0.227448 0.843900 0.079827
v 0.243414 0.831425 0.098599
v 0.210462 0.851555 0.056004
v 0.192934 0.855422 0.028841
v 0.175143 0.856481 -0.000002
v 0.192980 0.856481 -0.000002
v 0.210787 0.855422 0.028841
v 0.228315 0.851555 0.056004
v 0.245131 0.843900 0.079811
v 0.260184 0.831425 0.098576
v 0.261917 0.843874 0.079804
v 0.275252 0.831398 0.098546
v 0.210833 0.856481 -0.000002
v 0.228624 0.855422 0.028841
v 0.228671 0.856481 -0.000002
v 0.246322 0.855422 0.028841
v 0.245997 0.851555 0.056004
v 0.262814 0.851555 0.055996
v 0.276985 0.843874 0.079789
v 0.287876 0.831372 0.098515
v 0.289500 0.843874 0.079781
v 0.277867 0.851555 0.055996
v 0.290320 0.851555 0.055988
v 0.263139 0.855422 0.028841
v 0.278191 0.855422 0.028834
v 0.263185 0.856481 -0.000002
v 0.246369 0.856481 -0.000002
v 0.290614 0.855422 0.028834
v 0.278238 0.856481 -0.000002
v 0.290661 0.856481 -0.000002
v 0.278238 0.856481 -0.000002
v 0.290614 0.855422 -0.028838
v 0.278191 0.855422 -0.028838
v 0.290320 0.851555 -0.055992
v 0.263185 0.856481 -0.000002
v 0.263139 0.855422 -0.028838
v 0.246369 0.856481 -0.000002
v 0.246322 0.855422 -0.028838
v 0.228624 0.855422 -0.028838
v 0.210833 0.856481 -0.000002
v 0.210787 0.855422 -0.028838
v 0.192980 0.856481 -0.000002
v 0.192934 0.855422 -0.028838
v 0.175143 0.856481 -0.000002
v 0.175097 0.855422 -0.028838
v 0.157259 0.855422 -0.028838
v 0.139468 0.856481 -0.000002
v 0.139406 0.855422 -0.028838
v 0.121631 0.856481 -0.000002
v 0.121569 0.855422 -0.028838
v 0.103794 0.856481 -0.000002
v 0.103716 0.855422 -0.028838
v 0.085879 0.855422 -0.028838
v 0.068243 0.856481 -0.000002
v 0.068181 0.855422 -0.028838
v 0.051395 0.856481 -0.000002
v 0.051333 0.855422 -0.028838
v 0.036219 0.856481 -0.000002
v 0.036157 0.855422 -0.028838
v 0.023518 0.855422 -0.028838
v 0.035693 0.851449 -0.055992
v 0.023038 0.851422 -0.055992
v 0.050869 0.851449 -0.056000
v 0.067717 0.851475 -0.056000
v 0.085415 0.851502 -0.056008
v 0.103268 0.851502 -0.056008
v 0.121120 0.851528 -0.056008
v 0.138989 0.851528 -0.056008
v 0.156857 0.851528 -0.056008
v 0.174741 0.851555 -0.056008
v 0.192594 0.851555 -0.056008
v 0.210462 0.851555 -0.056008
v 0.228315 0.851555 -0.056008
v 0.245997 0.851555 -0.056000
v 0.262814 0.851555 -0.056000
v 0.277867 0.851555 -0.055992
v 0.289500 0.843874 -0.079778
v 0.276985 0.843874 -0.079793
v 0.287876 0.831372 -0.098520
v 0.275252 0.831398 -0.098550
v 0.261917 0.843874 -0.079800
v 0.245131 0.843900 -0.079816
v 0.227448 0.843900 -0.079823
v 0.209580 0.843874 -0.079831
v 0.191665 0.843874 -0.079838
v 0.173735 0.843847 -0.079838
v 0.155790 0.843821 -0.079846
v 0.137844 0.843794 -0.079838
v 0.119914 0.843768 -0.079838
v 0.101999 0.843715 -0.079831
v 0.084131 0.843662 -0.079823
v 0.066448 0.843609 -0.079816
v 0.049616 0.843556 -0.079808
v 0.034455 0.843529 -0.079793
v 0.021738 0.843476 -0.079778
v 0.032011 0.830551 -0.098550
v 0.019201 0.830418 -0.098520
v 0.047187 0.830683 -0.098581
v 0.063973 0.830789 -0.098603
v 0.081640 0.830921 -0.098626
v 0.099539 0.831027 -0.098641
v 0.117547 0.831107 -0.098657
v 0.135601 0.831213 -0.098664
v 0.153701 0.831266 -0.098672
v 0.171786 0.831345 -0.098664
v 0.189855 0.831372 -0.098657
v 0.207847 0.831425 -0.098641
v 0.225762 0.831425 -0.098626
v 0.243414 0.831425 -0.098603
v 0.260184 0.831425 -0.098573
v 0.009300 0.830312 0.098493
v 0.005154 0.843423 0.079773
v 0.002060 0.830259 0.098493
v 0.000467 0.843450 0.079811
v -0.002952 0.830233 0.098523
v -0.002504 0.843582 0.079895
v -0.006217 0.830312 0.098622
v -0.000601 0.851661 0.056087
v 0.002215 0.851502 0.056026
v 0.002865 0.855528 0.028856
v 0.002957 0.856614 -0.000002
v 0.000204 0.856773 -0.000002
v 0.000095 0.855687 0.028894
v 0.023518 0.855422 -0.028838
v 0.014081 0.856508 -0.000002
v 0.014019 0.855422 -0.028838
v 0.007397 0.856534 -0.000002
v 0.007320 0.855448 -0.028845
v 0.002957 0.856614 -0.000002
v 0.002865 0.855528 -0.028861
v 0.000095 0.855687 -0.028891
v 0.023038 0.851422 -0.055992
v 0.013493 0.851422 -0.055992
v 0.006732 0.851449 -0.056000
v 0.021738 0.843476 -0.079778
v 0.012069 0.843423 -0.079770
v 0.009300 0.830312 -0.098497
v 0.005154 0.843423 -0.079778
v 0.002060 0.830259 -0.098489
v 0.002215 0.851502 -0.056031
v 0.000467 0.843450 -0.079816
v -0.000601 0.851661 -0.056091
v -0.002504 0.843582 -0.079899
v -0.002952 0.830233 -0.098527
v -0.006217 0.830312 -0.098619
v 0.010290 0.368857 0.082238
v -0.014818 0.355322 0.081006
v 0.006562 0.354581 0.083577
v -0.018361 0.340490 0.082192
v 0.003205 0.339907 0.084862
v -0.021888 0.325551 0.083265
v -0.000059 0.325154 0.086102
v 0.025668 0.339377 0.085501
v 0.028685 0.353945 0.084162
v 0.050328 0.353495 0.083288
v 0.053994 0.367692 0.082040
v 0.074199 0.367453 0.079279
v 0.070687 0.353256 0.080458
v 0.092423 0.367374 0.073848
v 0.089112 0.353177 0.074936
v 0.108048 0.367347 0.065032
v 0.104954 0.353150 0.065976
v 0.087967 0.338821 0.076130
v 0.104536 0.338794 0.067018
v 0.032429 0.368168 0.082869
v -0.011136 0.369652 0.079637
v 0.068830 0.338874 0.081751
v 0.047822 0.339033 0.084626
v 0.022806 0.324809 0.086847
v 0.045516 0.324571 0.086011
v 0.067221 0.324491 0.083098
v 0.087116 0.324465 0.077378
v 0.104428 0.324491 0.068098
v 0.084672 0.310347 0.078617
v 0.102308 0.310374 0.069170
v 0.064437 0.310374 0.084444
v 0.042438 0.310400 0.087388
v 0.019495 0.310506 0.088179
v -0.003540 0.310692 0.087311
v -0.025477 0.310877 0.084292
v -0.045109 0.311062 0.078420
v -0.041412 0.325895 0.077598
v -0.037699 0.340966 0.076716
v -0.034017 0.355905 0.075666
v -0.030412 0.370261 0.074327
v -0.049688 0.356143 0.066782
v -0.046099 0.370526 0.065550
v -0.053510 0.341178 0.067664
v -0.057393 0.326028 0.068341
v -0.061214 0.311142 0.068957
v -0.064849 0.296707 0.069627
v -0.048729 0.296707 0.079279
v -0.068222 0.282457 0.070410
v -0.029175 0.296707 0.085341
v -0.007408 0.296680 0.088506
v 0.015365 0.296654 0.089479
v 0.037967 0.296627 0.088719
v 0.059548 0.296574 0.085737
v 0.079366 0.296548 0.079812
v 0.096600 0.296521 0.070212
v 0.072358 0.282695 0.080975
v 0.088756 0.282642 0.071216
v 0.053437 0.282801 0.087007
v 0.032707 0.282880 0.090027
v 0.010832 0.282907 0.090772
v -0.011415 0.282801 0.089730
v -0.032841 0.282669 0.086452
v -0.052195 0.282510 0.080238
v -0.071316 0.267862 0.071331
v -0.055381 0.267995 0.081325
v -0.074054 0.252500 0.072411
v -0.036229 0.268260 0.087654
v -0.015174 0.268524 0.091023
v 0.006516 0.268710 0.092103
v 0.027617 0.268683 0.091350
v 0.047466 0.268551 0.088277
v 0.065427 0.268392 0.082147
v 0.080944 0.268313 0.072236
v 0.060368 0.253189 0.083349
v 0.075359 0.253109 0.073278
v 0.042964 0.253400 0.089593
v 0.023672 0.253559 0.092735
v 0.003019 0.253586 0.093511
v -0.018314 0.253347 0.092415
v -0.039153 0.252977 0.088992
v -0.058182 0.252659 0.082557
v -0.076421 0.236025 0.073658
v -0.060502 0.236157 0.083957
v -0.078386 0.218676 0.074982
v -0.041458 0.236502 0.090476
v -0.020589 0.236899 0.093921
v 0.000792 0.237137 0.095002
v 0.021491 0.237137 0.094180
v 0.040875 0.237005 0.090963
v 0.058388 0.236820 0.084604
v 0.073502 0.236714 0.074365
v 0.058527 0.219471 0.085851
v 0.074199 0.219418 0.075453
v 0.040458 0.219603 0.092324
v 0.020578 0.219709 0.095625
v -0.000523 0.219656 0.096492
v -0.022182 0.219418 0.095450
v -0.043237 0.219100 0.092005
v -0.062390 0.218809 0.085425
v -0.079933 0.200850 0.076267
v -0.063906 0.200930 0.086840
v -0.081093 0.182919 0.077416
v -0.044660 0.201142 0.093457
v -0.023435 0.201380 0.096895
v -0.001467 0.201566 0.097892
v 0.020114 0.201619 0.096964
v 0.040566 0.201619 0.093594
v 0.059270 0.201539 0.087007
v 0.075591 0.201513 0.076457
v 0.059115 0.183369 0.088004
v 0.075777 0.183396 0.077324
v 0.040040 0.183369 0.094667
v 0.019248 0.183343 0.098105
v -0.002581 0.183263 0.099086
v -0.024657 0.183157 0.098135
v -0.045898 0.183051 0.094728
v -0.065112 0.182972 0.088080
v -0.081867 0.165305 0.078321
v -0.066102 0.165278 0.089061
v -0.082578 0.148221 0.078960
v -0.047136 0.165225 0.095709
v -0.026142 0.165199 0.099086
v -0.004283 0.165173 0.099991
v 0.017360 0.165225 0.098964
v 0.038013 0.165278 0.095488
v 0.056949 0.165358 0.088764
v 0.073472 0.165384 0.077994
v 0.053422 0.147930 0.089312
v 0.069542 0.147982 0.078488
v 0.034857 0.147824 0.096074
v 0.014591 0.147744 0.099581
v -0.006650 0.147718 0.100623
v -0.028076 0.147824 0.099748
v -0.048621 0.148009 0.096401
v -0.067170 0.148168 0.089746
v -0.083507 0.131958 0.079325
v -0.068624 0.131878 0.090141
v -0.085023 0.116781 0.079401
v -0.050632 0.131693 0.096812
v -0.030629 0.131455 0.100159
v -0.009651 0.131349 0.101026
v 0.011265 0.131349 0.099976
v 0.031268 0.131481 0.096477
v 0.049585 0.131614 0.089700
v 0.065411 0.131667 0.078838
v 0.046491 0.116860 0.089943
v 0.062503 0.116940 0.079066
v 0.027911 0.116701 0.096728
v 0.007676 0.116516 0.100219
v -0.013256 0.116437 0.101239
v -0.033939 0.116463 0.100341
v -0.053432 0.116595 0.096956
v -0.070775 0.116728 0.090255
v -0.087297 0.102849 0.079226
v -0.073822 0.102875 0.090111
v -0.089989 0.090109 0.078952
v -0.057161 0.102955 0.096880
v -0.038086 0.103087 0.100341
v -0.017371 0.103299 0.101315
v 0.004118 0.103564 0.100341
v 0.025281 0.103829 0.096873
v 0.044913 0.104041 0.090103
v 0.061822 0.104120 0.079211
v 0.044403 0.092757 0.090187
v 0.062751 0.092837 0.079294
v 0.023177 0.092492 0.096949
v 0.000606 0.092095 0.100387
v -0.021826 0.091618 0.101307
v -0.042742 0.091089 0.100258
v -0.061446 0.090612 0.096713
v -0.077380 0.090241 0.089875
v -0.092619 0.078375 0.078800
v -0.080908 0.078640 0.089738
v -0.094707 0.067542 0.078960
v -0.065778 0.079302 0.096614
v -0.047507 0.080149 0.100204
v -0.026374 0.081024 0.101292
v -0.002937 0.081712 0.100394
v 0.021212 0.082189 0.096979
v 0.044217 0.082507 0.090225
v 0.064220 0.082586 0.079332
v 0.043614 0.072760 0.090240
v 0.065179 0.072866 0.079348
v 0.019000 0.072442 0.096994
v -0.006526 0.071859 0.100425
v -0.030768 0.071011 0.101338
v -0.051947 0.069926 0.100280
v -0.069661 0.068787 0.096728
v -0.083924 0.067912 0.089890
v -0.095929 0.057530 0.079568
v -0.086013 0.057927 0.090445
v -0.096517 0.048498 0.080390
v -0.072708 0.058907 0.097162
v -0.055737 0.060125 0.100569
v -0.034837 0.061344 0.101490
v -0.010177 0.062244 0.100493
v 0.016246 0.062853 0.097025
v 0.042051 0.063198 0.090255
v 0.064839 0.063304 0.079363
v 0.039792 0.054007 0.090270
v 0.063478 0.054086 0.079370
v 0.013168 0.053663 0.097055
v -0.013797 0.053080 0.100585
v -0.038534 0.052179 0.101695
v -0.058955 0.051014 0.100957
v -0.075091 0.049822 0.097755
v -0.087436 0.048868 0.091198
v -0.096889 0.040631 0.081120
v -0.088550 0.040949 0.091868
v -0.097415 0.034168 0.081462
v -0.077102 0.041796 0.098280
v -0.061802 0.042856 0.101307
v -0.041891 0.043915 0.101885
v -0.017216 0.044710 0.100668
v 0.010074 0.045240 0.097086
v 0.037286 0.045558 0.090278
v 0.061652 0.045637 0.079386
v 0.034966 0.038247 0.090293
v 0.059904 0.038327 0.079393
v 0.007289 0.037982 0.097101
v -0.020295 0.037532 0.100706
v -0.044939 0.036843 0.101969
v -0.064416 0.035996 0.101467
v -0.079036 0.035122 0.098523
v -0.089741 0.034433 0.092180
v -0.098389 0.029162 0.081196
v -0.091226 0.029374 0.091936
v -0.099519 0.025110 0.080489
v -0.081093 0.029877 0.098333
v -0.066938 0.030539 0.101338
v -0.047677 0.031202 0.101901
v -0.022925 0.031705 0.100676
v 0.005015 0.032049 0.097093
v 0.033202 0.032261 0.090286
v 0.058651 0.032341 0.079386
v 0.031903 0.027229 0.090240
v 0.057800 0.027282 0.079340
v 0.003236 0.027070 0.097032
v -0.025090 0.026805 0.100577
v -0.050029 0.026434 0.101710
v -0.069197 0.026010 0.100995
v -0.083074 0.025586 0.097824
v -0.092804 0.025242 0.091290
v -0.100431 0.021348 0.079599
v -0.094058 0.021401 0.090468
v -0.100694 0.017217 0.078785
v -0.094661 0.017190 0.089723
v -0.084682 0.021560 0.097177
v -0.071038 0.021746 0.100562
v -0.051916 0.021958 0.101452
v -0.026823 0.022196 0.100417
v 0.001828 0.022381 0.096903
v 0.030866 0.022514 0.090103
v 0.057119 0.022567 0.079196
v 0.029922 0.017534 0.089837
v 0.056392 0.017587 0.078906
v 0.000668 0.017402 0.096675
v -0.028154 0.017243 0.100197
v -0.053277 0.017111 0.101178
v -0.072244 0.017084 0.100151
v -0.085611 0.017137 0.096591
v -0.094661 0.017190 0.089723
v -0.100045 0.012237 0.078115
v -0.094336 0.012131 0.089031
v -0.098652 0.006993 0.076815
v -0.093346 0.006754 0.087350
v -0.085673 0.011866 0.095952
v -0.085611 0.017137 0.096591
v -0.072244 0.017084 0.100151
v -0.072693 0.011601 0.099596
v -0.054020 0.011469 0.100676
v -0.072569 0.005748 0.097603
v -0.054221 0.005483 0.098645
v -0.072120 0.000212 0.092590
v -0.053912 -0.000159 0.093518
v -0.071610 -0.004397 0.082984
v -0.053169 -0.004794 0.083737
v -0.096842 0.002251 0.074175
v -0.083878 -0.003496 0.080314
v -0.084373 0.000901 0.089358
v -0.085131 0.006224 0.094051
v -0.092124 0.001775 0.083387
v -0.095233 -0.000901 0.070981
v -0.091397 -0.002198 0.075750
v 0.019279 0.427631 0.078693
v 0.020934 0.411263 0.078853
v -0.002272 0.410839 0.075567
v -0.004128 0.396801 0.076617
v 0.018443 0.396430 0.079644
v -0.007377 0.383292 0.078085
v 0.014498 0.382604 0.080854
v 0.042175 0.396086 0.080686
v 0.046151 0.411660 0.080108
v 0.071739 0.410918 0.079484
v 0.077339 0.427711 0.079097
v 0.046831 0.432479 0.080253
v 0.083527 0.445854 0.078785
v 0.058481 0.452503 0.080679
v 0.026859 0.451999 0.081173
v 0.010816 0.445139 0.079271
v 0.019279 0.427631 0.078693
v -0.007423 0.442491 0.075932
v -0.003076 0.425963 0.075263
v -0.014091 0.459760 0.077492
v -0.000121 0.462568 0.080542
v 0.010940 0.469110 0.082443
v 0.036296 0.465428 0.082344
v 0.065876 0.471759 0.080937
v 0.090520 0.465216 0.078541
v 0.114576 0.462303 0.075293
v 0.108388 0.443391 0.075742
v 0.136452 0.461482 0.070129
v 0.130944 0.442808 0.070562
v 0.155016 0.461455 0.061952
v 0.162504 0.481797 0.061457
v 0.145084 0.481903 0.069596
v 0.175978 0.503993 0.060628
v 0.160106 0.504232 0.068889
v 0.197498 0.527805 0.059525
v 0.183497 0.528255 0.068075
v 0.223952 0.551696 0.058955
v 0.211839 0.552411 0.067946
v 0.250933 0.573760 0.059959
v 0.240444 0.574740 0.069474
v 0.274045 0.592115 0.063564
v 0.264686 0.593254 0.073628
v 0.290026 0.605518 0.070440
v 0.281193 0.606842 0.080990
v 0.300128 0.615583 0.079926
v 0.291248 0.617304 0.090711
v 0.306812 0.624615 0.091046
v 0.297189 0.627449 0.101490
v 0.313247 0.636905 0.103665
v 0.300623 0.640851 0.111538
v 0.285277 0.629091 0.107073
v 0.288000 0.642546 0.115166
v 0.102803 0.426095 0.076237
v 0.280141 0.618735 0.097633
v 0.270363 0.608325 0.088536
v 0.253501 0.594896 0.081226
v 0.228207 0.576435 0.076739
v 0.197730 0.554027 0.074647
v 0.166727 0.529712 0.074152
v 0.140799 0.505477 0.074457
v 0.124153 0.482936 0.074875
v 0.100545 0.486247 0.078458
v 0.118599 0.509211 0.078579
v 0.148627 0.533394 0.078876
v 0.183095 0.557311 0.079986
v 0.215304 0.579163 0.082565
v 0.241140 0.597042 0.087167
v 0.257972 0.609888 0.094066
v 0.267393 0.619847 0.102243
v 0.272019 0.629939 0.110397
v 0.274478 0.643182 0.117174
v 0.257662 0.630230 0.112656
v 0.260045 0.643182 0.118414
v 0.253377 0.620615 0.105650
v 0.244466 0.611451 0.098493
v 0.228237 0.599717 0.092240
v 0.202897 0.583269 0.087753
v 0.170440 0.563245 0.084915
v 0.133590 0.541499 0.083432
v 0.091959 0.518985 0.083174
v 0.074848 0.492657 0.081485
v 0.042144 0.482698 0.083364
v 0.048100 0.501848 0.084702
v 0.055232 0.522296 0.087000
v 0.022992 0.513582 0.088102
v 0.027741 0.531487 0.090818
v 0.020145 0.496127 0.085897
v 0.017051 0.480685 0.084094
v -0.002442 0.484155 0.084033
v 0.000451 0.494723 0.085889
v 0.000498 0.509397 0.088338
v 0.000451 0.526189 0.091495
v 0.003685 0.542876 0.094948
v -0.019243 0.536228 0.094271
v -0.019939 0.554795 0.099900
v -0.016458 0.519647 0.090240
v -0.013519 0.504920 0.087251
v -0.011616 0.494564 0.085379
v -0.019011 0.494432 0.084718
v -0.010440 0.479069 0.082405
v -0.028943 0.494114 0.082626
v -0.021532 0.477083 0.079774
v -0.025307 0.509476 0.087502
v -0.035842 0.510562 0.085897
v -0.013519 0.504920 0.087251
v -0.030536 0.524839 0.090985
v -0.016458 0.519647 0.090240
v -0.035301 0.540148 0.095328
v -0.019243 0.536228 0.094271
v -0.039586 0.553630 0.100470
v -0.052968 0.551590 0.098827
v -0.047940 0.540121 0.093967
v -0.042170 0.526083 0.089654
v -0.051792 0.525156 0.085174
v -0.045357 0.510085 0.081462
v -0.039014 0.493584 0.078047
v -0.033151 0.476314 0.074913
v -0.028154 0.458807 0.072266
v -0.024394 0.441696 0.070380
v -0.022383 0.425566 0.069520
v -0.022430 0.410865 0.069840
v -0.024147 0.397172 0.071034
v -0.026978 0.383875 0.072669
v -0.037823 0.425592 0.060826
v -0.038488 0.410998 0.061100
v -0.040251 0.397383 0.062287
v -0.042881 0.384113 0.063929
v -0.038457 0.441617 0.061815
v -0.040391 0.458648 0.063853
v -0.043578 0.475944 0.066599
v -0.048002 0.492869 0.069718
v -0.053510 0.508761 0.072943
v -0.059636 0.523064 0.076297
v -0.065824 0.535221 0.079918
v -0.057950 0.538214 0.089251
v -0.071517 0.544757 0.083904
v -0.063411 0.548571 0.093762
v -0.067773 0.556040 0.098736
v -0.056944 0.559934 0.104106
v -0.043717 0.563377 0.106130
v -0.039586 0.553630 0.100470
v -0.028463 0.567324 0.106692
v -0.003447 0.565549 0.102494
v -0.012436 0.573018 0.107658
v 0.011559 0.573945 0.104502
v -0.076236 0.551564 0.088369
v -0.031340 0.575985 0.112215
v -0.046053 0.571826 0.111598
v -0.059342 0.567668 0.109499
v -0.070775 0.562927 0.104121
v -0.079840 0.557444 0.093450
v -0.072012 0.572383 0.109803
v -0.082192 0.564966 0.099299
v -0.059620 0.578104 0.114573
v -0.045852 0.582739 0.116406
v -0.031031 0.586871 0.116900
v -0.015653 0.580567 0.112739
v 0.003607 0.579004 0.108837
v 0.025266 0.580832 0.106403
v 0.019248 0.584328 0.109933
v 0.035213 0.585282 0.107879
v 0.000714 0.585335 0.113340
v -0.015313 0.591003 0.117204
v -0.028231 0.603452 0.120513
v -0.012513 0.607239 0.120703
v 0.001194 0.595161 0.117516
v 0.003978 0.610974 0.120893
v 0.017531 0.589864 0.113903
v 0.034656 0.588566 0.110587
v 0.046615 0.585891 0.106814
v 0.037735 0.578316 0.103650
v 0.025266 0.580832 0.106403
v 0.025885 0.568542 0.100744
v 0.011559 0.573945 0.104502
v 0.013431 0.556861 0.097945
v -0.003447 0.565549 0.102494
v 0.003685 0.542876 0.094948
v 0.035739 0.548465 0.094051
v 0.045671 0.563721 0.097686
v 0.055603 0.576673 0.101581
v 0.063741 0.586844 0.105704
v 0.050869 0.591612 0.110442
v 0.034904 0.594022 0.114261
v 0.018428 0.599240 0.117798
v 0.021228 0.614656 0.121068
v 0.036420 0.603187 0.118011
v 0.039236 0.618231 0.121205
v 0.055232 0.522296 0.087000
v 0.053004 0.597784 0.114344
v 0.068830 0.594287 0.110032
v 0.083991 0.588593 0.105034
v 0.077324 0.576647 0.100204
v 0.069604 0.561152 0.095427
v 0.062116 0.542691 0.090833
v 0.092980 0.543777 0.088787
v 0.096971 0.563192 0.094226
v 0.101782 0.579269 0.099634
v 0.106191 0.591665 0.104905
v 0.088540 0.597174 0.109826
v 0.071894 0.601280 0.114306
v 0.055093 0.607001 0.118132
v 0.057924 0.621701 0.121304
v 0.074338 0.610603 0.118216
v 0.077169 0.625012 0.121380
v 0.091556 0.604670 0.114344
v 0.109363 0.600485 0.109940
v 0.129134 0.596247 0.105323
v 0.130480 0.604246 0.110366
v 0.151195 0.601598 0.106091
v 0.111699 0.608034 0.114542
v 0.094001 0.614020 0.118315
v 0.096770 0.628111 0.121464
v 0.113849 0.617251 0.118482
v 0.116526 0.631025 0.121570
v 0.131888 0.611318 0.114892
v 0.150901 0.608087 0.110891
v 0.170455 0.606683 0.106974
v 0.169666 0.611504 0.111218
v 0.183373 0.610047 0.107696
v 0.151721 0.614391 0.115227
v 0.133682 0.620218 0.118733
v 0.136250 0.633673 0.121707
v 0.153299 0.622893 0.118931
v 0.155774 0.636031 0.121814
v 0.170780 0.617066 0.115295
v 0.186297 0.613782 0.110800
v 0.191805 0.608617 0.105209
v 0.175205 0.601386 0.102653
v 0.170455 0.606683 0.106974
v 0.152989 0.593122 0.100980
v 0.151195 0.601598 0.106091
v 0.127711 0.585202 0.099938
v 0.129134 0.596247 0.105323
v 0.101782 0.579269 0.099634
v 0.096971 0.563192 0.094226
v 0.126813 0.571270 0.094340
v 0.156424 0.583004 0.095640
v 0.182739 0.595294 0.097991
v 0.203098 0.605994 0.101482
v 0.201257 0.614417 0.109005
v 0.188943 0.619106 0.114770
v 0.172482 0.625197 0.118916
v 0.174926 0.638070 0.121799
v 0.191093 0.627078 0.118528
v 0.193506 0.639792 0.121578
v 0.092980 0.543777 0.088787
v 0.206146 0.620377 0.113409
v 0.215784 0.613941 0.106122
v 0.215412 0.602843 0.097055
v 0.192006 0.588937 0.092932
v 0.161808 0.572383 0.090179
v 0.127602 0.555643 0.088703
v 0.133590 0.541499 0.083432
v 0.230280 0.612855 0.102532
v 0.222575 0.620960 0.111309
v 0.208961 0.628508 0.117630
v 0.211375 0.641143 0.121091
v 0.226041 0.629515 0.116284
v 0.228454 0.642149 0.120369
v 0.238355 0.621013 0.108662
v 0.253377 0.620615 0.105650
v 0.242300 0.630071 0.114595
v 0.257662 0.630230 0.112656
v 0.244698 0.642811 0.119456
v 0.302294 0.660558 0.118878
v 0.300623 0.640851 0.111538
v 0.290088 0.661511 0.120551
v 0.276923 0.661855 0.121540
v 0.274478 0.643182 0.117174
v 0.262783 0.661696 0.122118
v 0.266155 0.684899 0.123936
v 0.313325 0.659604 0.116976
v 0.303408 0.684608 0.122795
v 0.313510 0.684210 0.122278
v 0.304568 0.710989 0.123928
v 0.313866 0.710777 0.123807
v 0.305883 0.738350 0.123373
v 0.314361 0.738217 0.123305
v 0.296570 0.738456 0.123457
v 0.294265 0.711121 0.124065
v 0.292115 0.684952 0.123343
v 0.279707 0.685031 0.123700
v 0.269977 0.711068 0.124309
v 0.282786 0.711121 0.124187
v 0.274014 0.738535 0.123662
v 0.286066 0.738509 0.123548
v 0.278099 0.765684 0.122095
v 0.286066 0.738509 0.123548
v 0.289407 0.765631 0.121996
v 0.298968 0.765552 0.121905
v 0.305883 0.738350 0.123373
v 0.307322 0.765472 0.121829
v 0.314361 0.738217 0.123305
v 0.314995 0.765366 0.121768
v 0.308761 0.790926 0.118201
v 0.315692 0.790847 0.118155
v 0.310076 0.813334 0.110921
v 0.316357 0.813281 0.110891
v 0.311097 0.831292 0.098447
v 0.316898 0.831292 0.098432
v 0.281951 0.791138 0.118406
v 0.304971 0.831319 0.098462
v 0.303362 0.813387 0.110960
v 0.297560 0.831345 0.098493
v 0.301289 0.790979 0.118262
v 0.292594 0.791059 0.118330
v 0.285308 0.813467 0.111058
v 0.295394 0.813440 0.111013
v 0.287876 0.831372 0.098515
v 0.275252 0.831398 0.098546
v 0.285308 0.813467 0.111058
v 0.272498 0.813520 0.111119
v 0.281951 0.791138 0.118406
v 0.260184 0.831425 0.098576
v 0.257384 0.813546 0.111172
v 0.243414 0.831425 0.098599
v 0.240676 0.813572 0.111218
v 0.225762 0.831425 0.098622
v 0.223039 0.813572 0.111264
v 0.207847 0.831425 0.098645
v 0.205078 0.813520 0.111294
v 0.189855 0.831372 0.098660
v 0.186931 0.813467 0.111325
v 0.171786 0.831345 0.098668
v 0.168661 0.813361 0.111340
v 0.153701 0.831266 0.098668
v 0.150344 0.813255 0.111340
v 0.135601 0.831213 0.098668
v 0.132027 0.813096 0.111340
v 0.117547 0.831107 0.098660
v 0.113772 0.812937 0.111325
v 0.099539 0.831027 0.098645
v 0.095625 0.812725 0.111302
v 0.081640 0.830921 0.098622
v 0.077664 0.812513 0.111264
v 0.063973 0.830789 0.098599
v 0.060028 0.812275 0.111218
v 0.047187 0.830683 0.098576
v 0.043289 0.812036 0.111172
v 0.032011 0.830551 0.098546
v 0.028097 0.811798 0.111119
v 0.019201 0.830418 0.098515
v 0.015133 0.811559 0.111058
v 0.009300 0.830312 0.098493
v 0.004860 0.811348 0.111013
v 0.002060 0.830259 0.098493
v -0.002890 0.811162 0.110990
v -0.002952 0.830233 0.098523
v -0.008444 0.811056 0.111013
v -0.006217 0.830312 0.098622
v -0.012157 0.811056 0.111104
v -0.015731 0.786397 0.118284
v -0.020063 0.786238 0.118376
v -0.009450 0.786662 0.118277
v -0.001018 0.787006 0.118322
v 0.009764 0.787403 0.118399
v 0.022976 0.787854 0.118482
v 0.038199 0.788304 0.118566
v 0.054892 0.788728 0.118642
v 0.072481 0.789152 0.118710
v 0.090535 0.789549 0.118764
v 0.108852 0.789920 0.118802
v 0.127370 0.790238 0.118824
v 0.145966 0.790529 0.118832
v 0.164577 0.790767 0.118824
v 0.183079 0.790953 0.118802
v 0.201412 0.791085 0.118771
v 0.219466 0.791165 0.118718
v 0.237056 0.791218 0.118650
v 0.253733 0.791218 0.118573
v 0.268878 0.791191 0.118490
v 0.278099 0.765684 0.122095
v 0.264686 0.765737 0.122202
v 0.274014 0.738535 0.123662
v 0.249447 0.765711 0.122308
v 0.232817 0.765658 0.122399
v 0.215227 0.765525 0.122483
v 0.197080 0.765340 0.122552
v 0.178562 0.765049 0.122597
v 0.159796 0.764678 0.122628
v 0.140892 0.764254 0.122635
v 0.122002 0.763751 0.122620
v 0.103221 0.763194 0.122590
v 0.084703 0.762559 0.122544
v 0.066556 0.761870 0.122468
v 0.048966 0.761155 0.122384
v 0.032305 0.760413 0.122285
v 0.016989 0.759645 0.122179
v 0.003437 0.758904 0.122065
v 0.010492 0.728126 0.123708
v -0.003478 0.726907 0.123586
v 0.025977 0.729344 0.123829
v 0.042685 0.730536 0.123944
v 0.060306 0.731701 0.124042
v 0.078561 0.732787 0.124126
v 0.097265 0.733820 0.124179
v 0.116294 0.734747 0.124217
v 0.135461 0.735595 0.124233
v 0.154629 0.736337 0.124233
v 0.173642 0.736972 0.124202
v 0.192346 0.737502 0.124149
v 0.210570 0.737926 0.124081
v 0.228160 0.738217 0.123989
v 0.244806 0.738403 0.123890
v 0.260199 0.738509 0.123776
v 0.269977 0.711068 0.124309
v 0.255682 0.710883 0.124430
v 0.266155 0.684899 0.123936
v 0.240088 0.710618 0.124544
v 0.223364 0.710247 0.124651
v 0.205759 0.709691 0.124735
v 0.187427 0.708976 0.124803
v 0.168584 0.708102 0.124841
v 0.149385 0.707069 0.124864
v 0.130000 0.705877 0.124864
v 0.110616 0.704552 0.124841
v 0.091386 0.703095 0.124803
v 0.072497 0.701533 0.124742
v 0.054134 0.699891 0.124659
v 0.036435 0.698142 0.124560
v 0.019619 0.696341 0.124446
v 0.003870 0.694514 0.124324
v -0.010641 0.692660 0.124202
v -0.002457 0.661299 0.124141
v -0.017494 0.658756 0.124020
v -0.008058 0.631289 0.122993
v -0.023543 0.628058 0.122856
v -0.012513 0.607239 0.120703
v -0.028231 0.603452 0.120513
v 0.003978 0.610974 0.120893
v 0.008264 0.634468 0.123130
v 0.013601 0.663842 0.124263
v 0.030572 0.666305 0.124377
v 0.021228 0.614656 0.121068
v 0.025389 0.637620 0.123251
v 0.039236 0.618231 0.121205
v 0.043304 0.640639 0.123358
v 0.057924 0.621701 0.121304
v 0.048363 0.668689 0.124468
v 0.061900 0.643579 0.123442
v 0.066850 0.670993 0.124552
v 0.077169 0.625012 0.121380
v 0.081052 0.646361 0.123502
v 0.096770 0.628111 0.121464
v 0.085879 0.673165 0.124613
v 0.105263 0.675205 0.124659
v 0.100560 0.648983 0.123563
v 0.116526 0.631025 0.121570
v 0.120223 0.651393 0.123624
v 0.136250 0.633673 0.121707
v 0.124818 0.677085 0.124689
v 0.144357 0.678780 0.124712
v 0.139871 0.653618 0.123685
v 0.155774 0.636031 0.121814
v 0.159317 0.655578 0.123731
v 0.174926 0.638070 0.121799
v 0.163695 0.680290 0.124712
v 0.182662 0.681588 0.124681
v 0.178392 0.657300 0.123708
v 0.193506 0.639792 0.121578
v 0.196879 0.658730 0.123594
v 0.211375 0.641143 0.121091
v 0.201071 0.682674 0.124613
v 0.218754 0.683495 0.124491
v 0.214654 0.659869 0.123358
v 0.228454 0.642149 0.120369
v 0.231595 0.660716 0.123023
v 0.244698 0.642811 0.119456
v 0.235570 0.684131 0.124332
v 0.251412 0.684581 0.124149
v 0.262783 0.661696 0.122118
v 0.247668 0.661326 0.122597
v -0.030412 0.370261 0.074327
v -0.011136 0.369652 0.079637
v 0.010290 0.368857 0.082238
v 0.037193 0.381968 0.081660
v 0.065690 0.395715 0.080085
v 0.095842 0.410230 0.076784
v 0.125375 0.425724 0.071003
v 0.150174 0.442835 0.062271
v 0.144604 0.425777 0.062576
v 0.117454 0.410071 0.071521
v 0.087967 0.395450 0.077446
v 0.059409 0.381571 0.080960
v 0.053994 0.367692 0.082040
v 0.080294 0.381385 0.078275
v 0.074199 0.367453 0.079279
v 0.135895 0.410097 0.062986
v 0.108110 0.395397 0.072152
v 0.125406 0.395450 0.063534
v 0.099168 0.381332 0.072928
v 0.092423 0.367374 0.073848
v 0.115365 0.381332 0.064211
v -0.050044 -0.010462 0.024825
v -0.071068 -0.009323 0.047743
v -0.070976 -0.010171 0.024658
v -0.084435 -0.008370 0.046618
v -0.084914 -0.009270 0.024148
v -0.092866 -0.006516 0.045035
v -0.093733 -0.007443 0.023479
v -0.085116 -0.009535 -0.000002
v -0.070945 -0.010383 -0.000002
v -0.084914 -0.009270 -0.024152
v -0.070976 -0.010171 -0.024662
v -0.049673 -0.010648 -0.000002
v -0.050044 -0.010462 -0.024821
v -0.071068 -0.009323 -0.047747
v -0.050957 -0.009668 -0.048089
v -0.050957 -0.009668 0.048093
v -0.084435 -0.008370 -0.046621
v -0.092866 -0.006516 -0.045032
v -0.093733 -0.007443 -0.023483
v -0.094088 -0.007708 -0.000002
v -0.099333 -0.004291 0.022886
v -0.098204 -0.003470 0.043742
v -0.096657 -0.002198 0.060590
v -0.091876 -0.004847 0.062857
v -0.095233 -0.000901 0.070981
v -0.091397 -0.002198 0.075750
v -0.083971 -0.006542 0.065793
v -0.071254 -0.007496 0.067695
v -0.052086 -0.007893 0.068250
v -0.071610 -0.004397 0.082984
v -0.053169 -0.004794 0.083737
v -0.083878 -0.003496 0.080314
v -0.096842 0.002251 0.074175
v -0.096657 -0.002198 0.060590
v -0.099921 0.001775 0.060857
v -0.098652 0.006993 0.076815
v -0.102303 0.006754 0.062020
v -0.100045 0.012237 0.078115
v -0.103974 0.012131 0.062773
v -0.100694 0.017217 0.078785
v -0.104840 0.017190 0.063336
v -0.100431 0.021348 0.079599
v -0.104825 0.021401 0.064074
v -0.099519 0.025110 0.080489
v -0.104253 0.025242 0.064888
v -0.098389 0.029162 0.081196
v -0.103494 0.029348 0.065535
v -0.097415 0.034168 0.081462
v -0.102907 0.034407 0.065778
v -0.096889 0.040631 0.081120
v -0.102767 0.040949 0.065466
v -0.096517 0.048498 0.080390
v -0.102829 0.048842 0.064797
v -0.095929 0.057530 0.079568
v -0.102721 0.057900 0.064044
v -0.094707 0.067542 0.078960
v -0.102102 0.067886 0.063488
v -0.092619 0.078375 0.078800
v -0.100741 0.078613 0.063344
v -0.089989 0.090109 0.078952
v -0.098900 0.090214 0.063481
v -0.087297 0.102849 0.079226
v -0.096997 0.102875 0.063739
v -0.085023 0.116781 0.079401
v -0.095434 0.116728 0.063914
v -0.083507 0.131958 0.079325
v -0.094491 0.131878 0.063861
v -0.082578 0.148221 0.078960
v -0.093980 0.148168 0.063557
v -0.081867 0.165305 0.078321
v -0.093562 0.165278 0.063024
v -0.081093 0.182919 0.077416
v -0.092928 0.182972 0.062264
v -0.079933 0.200850 0.076267
v -0.091814 0.200930 0.061321
v -0.078386 0.218676 0.074982
v -0.090221 0.218782 0.060256
v -0.076421 0.236025 0.073658
v -0.088179 0.236157 0.059168
v -0.074054 0.252500 0.072411
v -0.085765 0.252659 0.058164
v -0.071316 0.267862 0.071331
v -0.083027 0.267995 0.057297
v -0.068222 0.282457 0.070410
v -0.079964 0.282510 0.056574
v -0.064849 0.296707 0.069627
v -0.076576 0.296707 0.055981
v -0.061214 0.311142 0.068957
v -0.072863 0.311062 0.055486
v -0.057393 0.326028 0.068341
v -0.068872 0.325895 0.055053
v -0.053510 0.341178 0.067664
v -0.064772 0.340993 0.054558
v -0.049688 0.356143 0.066782
v -0.060796 0.355905 0.053874
v -0.046099 0.370526 0.065550
v -0.057145 0.370287 0.052855
v -0.042881 0.384113 0.063929
v -0.054036 0.383875 0.051455
v -0.040251 0.397383 0.062287
v -0.051545 0.397171 0.050025
v -0.038488 0.410998 0.061100
v -0.049750 0.410812 0.048991
v -0.037823 0.425592 0.060826
v -0.048729 0.425460 0.048785
v -0.038457 0.441617 0.061815
v -0.048575 0.441511 0.049713
v -0.040391 0.458648 0.063853
v -0.049441 0.458462 0.051577
v -0.043578 0.475944 0.066599
v -0.051529 0.475546 0.054026
v -0.048002 0.492869 0.069718
v -0.054995 0.491995 0.056741
v -0.053510 0.508761 0.072943
v -0.059930 0.507119 0.059449
v -0.059636 0.523064 0.076297
v -0.065778 0.520495 0.062195
v -0.065824 0.535221 0.079918
v -0.071888 0.531725 0.065124
v -0.071517 0.544757 0.083904
v -0.077612 0.540439 0.068341
v -0.076236 0.551564 0.088369
v -0.082408 0.546584 0.071977
v -0.079840 0.557444 0.093450
v -0.086183 0.551325 0.076069
v -0.082192 0.564966 0.099299
v -0.089014 0.555987 0.080504
v -0.082687 0.579375 0.106883
v -0.091134 0.560437 0.084117
v -0.092882 0.548385 0.056125
v -0.094877 0.550187 0.058270
v -0.094692 0.543671 0.028765
v -0.096471 0.544677 0.029792
v -0.095156 0.542108 -0.000002
v -0.096827 0.542982 -0.000002
v -0.096471 0.544677 -0.029796
v -0.094692 0.543671 -0.028769
v -0.094877 0.550187 -0.058267
v -0.092882 0.548385 -0.056122
v -0.091134 0.560437 -0.084121
v -0.089014 0.555987 -0.080500
v -0.082687 0.579375 -0.106887
v -0.082192 0.564966 -0.099303
v -0.086183 0.551325 -0.076066
v -0.079840 0.557444 -0.093446
v -0.082408 0.546584 -0.071973
v -0.076236 0.551564 -0.088373
v -0.077612 0.540439 -0.068345
v -0.071517 0.544757 -0.083900
v -0.071888 0.531725 -0.065120
v -0.065824 0.535221 -0.079914
v -0.065778 0.520495 -0.062199
v -0.059636 0.523064 -0.076301
v -0.059930 0.507119 -0.059446
v -0.053510 0.508761 -0.072939
v -0.054995 0.491995 -0.056738
v -0.048002 0.492869 -0.069722
v -0.051529 0.475546 -0.054030
v -0.043578 0.475944 -0.066603
v -0.049441 0.458462 -0.051573
v -0.040391 0.458648 -0.063857
v -0.048575 0.441511 -0.049717
v -0.038457 0.441617 -0.061819
v -0.048729 0.425460 -0.048782
v -0.037823 0.425592 -0.060830
v -0.049750 0.410812 -0.048987
v -0.038488 0.410998 -0.061096
v -0.051545 0.397171 -0.050021
v -0.040251 0.397383 -0.062290
v -0.054036 0.383875 -0.051459
v -0.042881 0.384113 -0.063926
v -0.057145 0.370287 -0.052851
v -0.046099 0.370526 -0.065546
v -0.060796 0.355905 -0.053870
v -0.049688 0.356143 -0.066778
v -0.064772 0.340993 -0.054562
v -0.053510 0.341178 -0.067661
v -0.068872 0.325895 -0.055049
v -0.057393 0.326028 -0.068337
v -0.072863 0.311062 -0.055483
v -0.061214 0.311142 -0.068954
v -0.076576 0.296707 -0.055977
v -0.064849 0.296707 -0.069631
v -0.079964 0.282510 -0.056578
v -0.068222 0.282457 -0.070414
v -0.083027 0.267995 -0.057301
v -0.071316 0.267862 -0.071334
v -0.085765 0.252659 -0.058160
v -0.074054 0.252500 -0.072414
v -0.088179 0.236157 -0.059172
v -0.076421 0.236025 -0.073654
v -0.090221 0.218782 -0.060252
v -0.078386 0.218676 -0.074978
v -0.091814 0.200930 -0.061317
v -0.079933 0.200850 -0.076271
v -0.092928 0.182972 -0.062268
v -0.081093 0.182919 -0.077412
v -0.093562 0.165278 -0.063021
v -0.081867 0.165305 -0.078317
v -0.093980 0.148168 -0.063561
v -0.082578 0.148221 -0.078956
v -0.094491 0.131878 -0.063857
v -0.083507 0.131958 -0.079321
v -0.095434 0.116728 -0.063911
v -0.085023 0.116781 -0.079405
v -0.096997 0.102875 -0.063736
v -0.087297 0.102849 -0.079222
v -0.098900 0.090214 -0.063485
v -0.089989 0.090109 -0.078956
v -0.100741 0.078613 -0.063340
v -0.092619 0.078375 -0.078796
v -0.102102 0.067886 -0.063492
v -0.094707 0.067542 -0.078964
v -0.102721 0.057900 -0.064040
v -0.095929 0.057530 -0.079564
v -0.102829 0.048842 -0.064793
v -0.096517 0.048498 -0.080386
v -0.102767 0.040949 -0.065462
v -0.096889 0.040631 -0.081124
v -0.102907 0.034406 -0.065774
v -0.097415 0.034168 -0.081458
v -0.103494 0.029348 -0.065531
v -0.098389 0.029162 -0.081192
v -0.104253 0.025242 -0.064884
v -0.099519 0.025110 -0.080485
v -0.104825 0.021401 -0.064070
v -0.100431 0.021348 -0.079602
v -0.104840 0.017190 -0.063332
v -0.100694 0.017217 -0.078789
v -0.103974 0.012131 -0.062777
v -0.100045 0.012237 -0.078112
v -0.102303 0.006754 -0.062017
v -0.098652 0.006993 -0.076811
v -0.099921 0.001775 -0.060853
v -0.096842 0.002251 -0.074179
v -0.096657 -0.002198 -0.060587
v -0.095233 -0.000901 -0.070984
v -0.098204 -0.003470 -0.043746
v -0.102009 0.000927 -0.043381
v -0.104748 0.006251 -0.043586
v -0.106558 0.011866 -0.043868
v -0.107501 0.017111 -0.044240
v -0.107965 0.011628 -0.022540
v -0.108925 0.017058 -0.022730
v -0.099333 -0.004291 -0.022889
v -0.103324 0.000291 -0.022570
v -0.099766 -0.004582 -0.000002
v -0.103773 0.000027 -0.000002
v -0.106140 0.005827 -0.022479
v -0.106589 0.005642 -0.000002
v -0.108383 0.011522 -0.000002
v -0.109358 0.017031 -0.000002
v -0.108925 0.017058 0.022726
v -0.107965 0.011628 0.022536
v -0.107501 0.017111 0.044244
v -0.106140 0.005827 0.022475
v -0.106558 0.011866 0.043864
v -0.104748 0.006251 0.043583
v -0.103324 0.000291 0.022566
v -0.098204 -0.003470 -0.043746
v -0.096657 -0.002198 -0.060587
v -0.091876 -0.004847 -0.062861
v -0.091397 -0.002198 -0.075754
v -0.083971 -0.006542 -0.065797
v -0.083878 -0.003496 -0.080310
v -0.071270 -0.007496 -0.067698
v -0.071610 -0.004397 -0.082980
v -0.052086 -0.007893 -0.068246
v -0.053169 -0.004794 -0.083733
v -0.043144 0.599585 0.120171
v -0.057130 0.595002 0.118855
v -0.070125 0.588963 0.115424
v -0.082687 0.579375 0.106883
v -0.072879 0.612961 0.118132
v -0.063550 0.616589 0.120247
v -0.062281 0.648903 0.122620
v -0.051576 0.620960 0.121897
v -0.038117 0.624721 0.122635
v -0.028231 0.603452 0.120513
v -0.023543 0.628058 0.122856
v -0.031387 0.656161 0.123883
v -0.017494 0.658756 0.124020
v -0.023683 0.690832 0.124088
v -0.010641 0.692660 0.124202
v -0.015669 0.725715 0.123472
v -0.025910 0.724629 0.123396
v -0.034991 0.689084 0.123982
v -0.043810 0.653512 0.123594
v -0.054345 0.650890 0.123099
v -0.051127 0.686356 0.123928
v -0.044258 0.687548 0.123913
v -0.040004 0.723014 0.123457
v -0.034079 0.723702 0.123381
v 0.003437 0.758904 0.122065
v -0.007980 0.758188 0.121966
v -0.017262 0.757526 0.121897
v -0.024410 0.756996 0.121890
v -0.029499 0.756652 0.121974
v -0.034079 0.723702 0.123381
v -0.040004 0.723014 0.123457
v -0.015669 0.725715 0.123472
v -0.025910 0.724629 0.123396
v -0.102009 0.000927 0.043385
v -0.106805 0.049636 0.045340
v -0.106929 0.058722 0.044777
v -0.106589 0.041637 0.045842
v -0.106558 0.034989 0.046077
v -0.106882 0.029771 0.045895
v -0.107378 0.025507 0.045408
v -0.107687 0.021507 0.044800
v -0.107501 0.017111 0.044244
v -0.108925 0.017058 0.022726
v -0.109219 0.021613 0.023023
v -0.109079 0.025772 0.023350
v -0.108770 0.030195 0.023608
v -0.108569 0.035545 0.023707
v -0.108646 0.042326 0.023585
v -0.108894 0.050431 0.023312
v -0.109048 0.059516 0.023015
v -0.106635 0.068628 0.044358
v -0.105769 0.079169 0.044244
v -0.104546 0.090506 0.044358
v -0.103278 0.102902 0.044549
v -0.102272 0.116595 0.044685
v -0.101777 0.131693 0.044655
v -0.101576 0.148009 0.044434
v -0.101344 0.165225 0.044054
v -0.100818 0.183025 0.043514
v -0.099720 0.201115 0.042837
v -0.098080 0.219073 0.042084
v -0.095991 0.236502 0.041316
v -0.093516 0.252977 0.040608
v -0.090747 0.268233 0.040008
v -0.087668 0.282642 0.039513
v -0.084234 0.296707 0.039110
v -0.080413 0.310904 0.038783
v -0.076236 0.325604 0.038509
v -0.071919 0.340569 0.038190
v -0.067742 0.355402 0.037718
v -0.064014 0.369731 0.036995
v -0.060920 0.383345 0.035976
v -0.058507 0.396721 0.034926
v -0.056743 0.410441 0.034166
v -0.055583 0.425195 0.034029
v -0.055041 0.441299 0.034736
v -0.055381 0.458224 0.036136
v -0.056898 0.475096 0.037961
v -0.059914 0.491121 0.039947
v -0.064524 0.505556 0.041886
v -0.070218 0.518058 0.043833
v -0.076236 0.528388 0.045887
v -0.081867 0.536360 0.048139
v -0.078850 0.525898 0.023684
v -0.084342 0.533341 0.024848
v -0.079716 0.524918 -0.000002
v -0.085147 0.532149 -0.000002
v -0.073822 0.515489 -0.000002
v -0.072909 0.516204 0.022627
v -0.068237 0.503887 -0.000002
v -0.067309 0.504364 0.021623
v -0.063735 0.490194 -0.000002
v -0.062792 0.490459 0.020611
v -0.059961 0.474752 0.019562
v -0.060920 0.474619 -0.000002
v -0.059620 0.457933 -0.000002
v -0.058630 0.458012 0.018596
v -0.059481 0.441007 -0.000002
v -0.058476 0.441113 0.017850
v -0.060131 0.424797 -0.000002
v -0.059125 0.424903 0.017462
v -0.060317 0.410097 0.017538
v -0.061307 0.409912 -0.000002
v -0.063039 0.396059 -0.000002
v -0.062049 0.396271 0.017934
v -0.065391 0.382604 -0.000002
v -0.064416 0.382842 0.018489
v -0.068500 0.368963 -0.000002
v -0.067510 0.369201 0.019022
v -0.071347 0.354898 0.019402
v -0.072368 0.354686 -0.000002
v -0.076746 0.339960 -0.000002
v -0.075663 0.340145 0.019638
v -0.081294 0.325180 -0.000002
v -0.080150 0.325312 0.019797
v -0.085688 0.310692 -0.000002
v -0.084466 0.310771 0.019927
v -0.088395 0.296707 0.020094
v -0.089648 0.296707 -0.000002
v -0.093160 0.282854 -0.000002
v -0.091876 0.282801 0.020292
v -0.096301 0.268604 -0.000002
v -0.095001 0.268498 0.020543
v -0.099116 0.253427 -0.000002
v -0.097801 0.253294 0.020855
v -0.100308 0.236820 0.021220
v -0.101638 0.236952 -0.000002
v -0.103804 0.219471 -0.000002
v -0.102442 0.219338 0.021615
v -0.105475 0.201407 -0.000002
v -0.104113 0.201301 0.022003
v -0.106573 0.183157 -0.000002
v -0.105212 0.183104 0.022361
v -0.105691 0.165172 0.022642
v -0.107037 0.165146 -0.000002
v -0.107115 0.147797 -0.000002
v -0.105800 0.147850 0.022840
v -0.107053 0.131402 -0.000002
v -0.105815 0.131508 0.022946
v -0.107161 0.116384 -0.000002
v -0.106032 0.116463 0.022962
v -0.106635 0.102955 0.022893
v -0.107641 0.102981 -0.000002
v -0.108352 0.090930 -0.000002
v -0.107501 0.090797 0.022787
v -0.109048 0.079964 -0.000002
v -0.108337 0.079699 0.022726
v -0.109528 0.069687 -0.000002
v -0.108909 0.069343 0.022787
v -0.109636 0.059887 -0.000002
v -0.109481 0.050775 -0.000002
v -0.109265 0.042644 -0.000002
v -0.109188 0.035810 -0.000002
v -0.109358 0.030407 -0.000002
v -0.109605 0.025904 -0.000002
v -0.109683 0.021666 -0.000002
v -0.107501 0.017111 -0.044240
v -0.107687 0.021507 -0.044796
v -0.107378 0.025507 -0.045412
v -0.106882 0.029771 -0.045899
v -0.106558 0.034989 -0.046081
v -0.106589 0.041637 -0.045845
v -0.106805 0.049636 -0.045343
v -0.106929 0.058722 -0.044773
v -0.106635 0.068628 -0.044362
v -0.105769 0.079169 -0.044248
v -0.104546 0.090506 -0.044355
v -0.103278 0.102902 -0.044552
v -0.102272 0.116595 -0.044689
v -0.101777 0.131693 -0.044651
v -0.101576 0.148009 -0.044438
v -0.101344 0.165225 -0.044058
v -0.100818 0.183025 -0.043518
v -0.099720 0.201115 -0.042841
v -0.098080 0.219073 -0.042088
v -0.095991 0.236502 -0.041320
v -0.093516 0.252977 -0.040612
v -0.090747 0.268233 -0.040004
v -0.087668 0.282642 -0.039509
v -0.084234 0.296707 -0.039106
v -0.080413 0.310904 -0.038787
v -0.076236 0.325604 -0.038505
v -0.071919 0.340569 -0.038186
v -0.067742 0.355402 -0.037722
v -0.064014 0.369731 -0.036992
v -0.060920 0.383345 -0.035980
v -0.058507 0.396721 -0.034923
v -0.056743 0.410441 -0.034170
v -0.055583 0.425195 -0.034025
v -0.055041 0.441299 -0.034740
v -0.055381 0.458224 -0.036140
v -0.056898 0.475096 -0.037965
v -0.059914 0.491121 -0.039943
v -0.064524 0.505556 -0.041890
v -0.070218 0.518058 -0.043837
v -0.076236 0.528388 -0.045884
v -0.081867 0.536360 -0.048143
v -0.078850 0.525898 -0.023681
v -0.084342 0.533341 -0.024844
v -0.079716 0.524918 -0.000002
v -0.108925 0.017058 -0.022730
v -0.109219 0.021613 -0.023026
v -0.109683 0.021666 -0.000002
v -0.073822 0.515489 -0.000002
v -0.072909 0.516204 -0.022631
v -0.067309 0.504364 -0.021619
v -0.062792 0.490459 -0.020608
v -0.059961 0.474752 -0.019566
v -0.058630 0.458012 -0.018600
v -0.058476 0.441113 -0.017847
v -0.059125 0.424903 -0.017466
v -0.060317 0.410097 -0.017535
v -0.062049 0.396271 -0.017938
v -0.064416 0.382842 -0.018493
v -0.067510 0.369201 -0.019025
v -0.071347 0.354898 -0.019398
v -0.075663 0.340145 -0.019642
v -0.080150 0.325312 -0.019794
v -0.084466 0.310771 -0.019931
v -0.088395 0.296707 -0.020090
v -0.091876 0.282801 -0.020296
v -0.095001 0.268498 -0.020547
v -0.097801 0.253294 -0.020859
v -0.100308 0.236820 -0.021224
v -0.102442 0.219338 -0.021619
v -0.104113 0.201301 -0.022007
v -0.105212 0.183104 -0.022357
v -0.105691 0.165172 -0.022638
v -0.105800 0.147850 -0.022836
v -0.105815 0.131508 -0.022950
v -0.106032 0.116463 -0.022966
v -0.106635 0.102955 -0.022889
v -0.107501 0.090797 -0.022791
v -0.108337 0.079699 -0.022730
v -0.108909 0.069343 -0.022791
v -0.109048 0.059516 -0.023011
v -0.108894 0.050431 -0.023315
v -0.108646 0.042326 -0.023582
v -0.108569 0.035545 -0.023711
v -0.108770 0.030195 -0.023612
v -0.109079 0.025772 -0.023353
v -0.109605 0.025904 -0.000002
v -0.109358 0.030407 -0.000002
v -0.109265 0.042644 -0.000002
v -0.109481 0.050775 -0.000002
v -0.109636 0.059887 -0.000002
v -0.109048 0.079964 -0.000002
v -0.108352 0.090930 -0.000002
v -0.107641 0.102981 -0.000002
v -0.107053 0.131402 -0.000002
v -0.107115 0.147797 -0.000002
v -0.107037 0.165146 -0.000002
v -0.105475 0.201407 -0.000002
v -0.103804 0.219471 -0.000002
v -0.101638 0.236952 -0.000002
v -0.096301 0.268604 -0.000002
v -0.093160 0.282854 -0.000002
v -0.089648 0.296707 -0.000002
v -0.081294 0.325180 -0.000002
v -0.076746 0.339960 -0.000002
v -0.072368 0.354686 -0.000002
v -0.065391 0.382604 -0.000002
v -0.063039 0.396059 -0.000002
v -0.061307 0.409912 -0.000002
v -0.059481 0.441007 -0.000002
v -0.059620 0.457933 -0.000002
v -0.060920 0.474619 -0.000002
v -0.068237 0.503887 -0.000002
v -0.090143 0.545684 0.053402
v -0.092186 0.541764 0.027495
v -0.092773 0.540307 -0.000002
v -0.092186 0.541764 -0.027491
v -0.090143 0.545684 -0.053406
v -0.086508 0.541923 -0.050676
v -0.081867 0.536360 -0.048143
v -0.084342 0.533341 -0.024844
v -0.088798 0.538479 -0.026145
v -0.089494 0.537155 -0.000002
v -0.088798 0.538479 0.026141
v -0.086508 0.541923 0.050672
v -0.081867 0.536360 0.048139
v -0.084342 0.533341 0.024848
v 0.322344 0.617543 0.028233
v 0.317858 0.615450 0.025768
v 0.316202 0.617251 0.050542
v 0.310153 0.612086 0.044602
v 0.312180 0.611133 0.022825
v 0.318322 0.614921 -0.000002
v 0.312768 0.610842 -0.000002
v 0.303130 0.603372 0.020026
v 0.300763 0.603796 0.039102
v 0.296493 0.604511 0.056247
v 0.306301 0.613702 0.064173
v 0.312845 0.620589 0.073118
v 0.321106 0.620191 0.055441
v 0.318523 0.625701 0.080610
v 0.306812 0.624615 0.091046
v 0.313247 0.636905 0.103665
v 0.322669 0.616828 -0.000002
v 0.300128 0.615583 0.079926
v 0.290026 0.605518 0.070440
v 0.281084 0.591400 0.050519
v 0.285849 0.591029 0.035033
v 0.288572 0.590897 0.017919
v 0.303857 0.603266 -0.000002
v 0.288572 0.590897 -0.017923
v 0.303130 0.603372 -0.020030
v 0.285849 0.591029 -0.035029
v 0.312180 0.611133 -0.022829
v 0.318322 0.614921 -0.000002
v 0.317858 0.615450 -0.025765
v 0.322344 0.617543 -0.028237
v 0.316202 0.617251 -0.050539
v 0.321106 0.620191 -0.055445
v 0.310153 0.612086 -0.044606
v 0.300763 0.603796 -0.039099
v 0.296493 0.604511 -0.056243
v 0.306301 0.613702 -0.064177
v 0.312845 0.620589 -0.073114
v 0.318523 0.625701 -0.080614
v 0.306812 0.624615 -0.091043
v 0.313247 0.636905 -0.103662
v 0.300128 0.615583 -0.079930
v 0.290026 0.605518 -0.070445
v 0.274045 0.592115 -0.063561
v 0.316898 0.831292 0.098432
v 0.311747 0.843847 0.079751
v 0.317239 0.843821 0.079743
v 0.312072 0.851528 0.055981
v 0.306502 0.851555 0.055981
v 0.305976 0.843847 0.079758
v 0.311097 0.831292 0.098447
v 0.304971 0.831319 0.098462
v 0.298922 0.843847 0.079766
v 0.297560 0.831345 0.098493
v 0.289500 0.843874 0.079781
v 0.290320 0.851555 0.055988
v 0.299602 0.851555 0.055988
v 0.290614 0.855422 0.028834
v 0.299865 0.855422 0.028834
v 0.299896 0.856481 -0.000002
v 0.306688 0.855422 0.028834
v 0.312195 0.855422 0.028834
v 0.317409 0.851528 0.055981
v 0.317471 0.855422 0.028834
v 0.312211 0.856481 -0.000002
v 0.317486 0.856481 -0.000002
v 0.306719 0.856481 -0.000002
v 0.306688 0.855422 -0.028838
v 0.299865 0.855422 -0.028838
v 0.306502 0.851555 -0.055985
v 0.299602 0.851555 -0.055985
v 0.305976 0.843847 -0.079755
v 0.298922 0.843847 -0.079770
v 0.290320 0.851555 -0.055992
v 0.289500 0.843874 -0.079778
v 0.297560 0.831345 -0.098489
v 0.290614 0.855422 -0.028838
v 0.304971 0.831319 -0.098466
v 0.311097 0.831292 -0.098444
v 0.311747 0.843847 -0.079747
v 0.316898 0.831292 -0.098428
v 0.317239 0.843821 -0.079740
v 0.312072 0.851528 -0.055985
v 0.312195 0.855422 -0.028838
v 0.312211 0.856481 -0.000002
v 0.317471 0.855422 -0.028838
v 0.317409 0.851528 -0.055977
v 0.053994 0.367692 -0.082044
v 0.028685 0.353945 -0.084166
v 0.032429 0.368168 -0.082866
v 0.006562 0.354580 -0.083581
v 0.003205 0.339907 -0.084866
v -0.018361 0.340489 -0.082196
v 0.050328 0.353495 -0.083284
v 0.074199 0.367453 -0.079283
v 0.070687 0.353256 -0.080454
v 0.092423 0.367374 -0.073852
v 0.089112 0.353177 -0.074932
v 0.108048 0.367347 -0.065029
v 0.104954 0.353150 -0.065980
v 0.087967 0.338821 -0.076126
v 0.104536 0.338794 -0.067014
v 0.087116 0.324465 -0.077374
v 0.104428 0.324491 -0.068102
v 0.084672 0.310347 -0.078621
v 0.102308 0.310374 -0.069174
v 0.079366 0.296548 -0.079815
v 0.096600 0.296521 -0.070209
v 0.072358 0.282695 -0.080979
v 0.088756 0.282642 -0.071220
v 0.065427 0.268392 -0.082143
v 0.080944 0.268313 -0.072232
v 0.060368 0.253189 -0.083352
v 0.075359 0.253109 -0.073282
v 0.058388 0.236820 -0.084607
v 0.073502 0.236714 -0.074369
v 0.058527 0.219471 -0.085855
v 0.074199 0.219418 -0.075449
v 0.059270 0.201539 -0.087011
v 0.075591 0.201513 -0.076461
v 0.059115 0.183369 -0.088000
v 0.075777 0.183395 -0.077321
v 0.056949 0.165358 -0.088761
v 0.073472 0.165384 -0.077998
v 0.053422 0.147929 -0.089316
v 0.069542 0.147982 -0.078492
v 0.049585 0.131614 -0.089696
v 0.065411 0.131666 -0.078834
v 0.046491 0.116860 -0.089947
v 0.062503 0.116940 -0.079070
v 0.044913 0.104041 -0.090099
v 0.061822 0.104120 -0.079207
v 0.044403 0.092757 -0.090183
v 0.062751 0.092837 -0.079291
v 0.044217 0.082507 -0.090221
v 0.064220 0.082586 -0.079329
v 0.043614 0.072760 -0.090244
v 0.065179 0.072866 -0.079344
v 0.042051 0.063198 -0.090259
v 0.064839 0.063304 -0.079359
v 0.039792 0.054007 -0.090267
v 0.063478 0.054086 -0.079374
v 0.037286 0.045558 -0.090282
v 0.061652 0.045637 -0.079382
v 0.034966 0.038247 -0.090289
v 0.059904 0.038327 -0.079389
v 0.033202 0.032261 -0.090289
v 0.058651 0.032341 -0.079389
v 0.031903 0.027229 -0.090236
v 0.057800 0.027282 -0.079336
v 0.030866 0.022514 -0.090099
v 0.057119 0.022540 -0.079192
v 0.029922 0.017534 -0.089841
v 0.056392 0.017587 -0.078910
v 0.000668 0.017402 -0.096671
v 0.001828 0.022381 -0.096899
v 0.003236 0.027070 -0.097036
v 0.005015 0.032049 -0.097097
v 0.007289 0.037982 -0.097105
v 0.010074 0.045240 -0.097089
v 0.013168 0.053663 -0.097059
v 0.016246 0.062853 -0.097021
v 0.019000 0.072442 -0.096998
v 0.021212 0.082189 -0.096975
v 0.023177 0.092492 -0.096945
v 0.025281 0.103829 -0.096869
v 0.027911 0.116701 -0.096724
v 0.031268 0.131481 -0.096473
v 0.034857 0.147824 -0.096078
v 0.038013 0.165278 -0.095492
v 0.040040 0.183369 -0.094671
v 0.040566 0.201618 -0.093591
v 0.040458 0.219603 -0.092328
v 0.040875 0.237005 -0.090966
v 0.042964 0.253400 -0.089590
v 0.047466 0.268551 -0.088274
v 0.053437 0.282801 -0.087003
v 0.059548 0.296574 -0.085741
v 0.064437 0.310374 -0.084448
v 0.067221 0.324491 -0.083101
v 0.068830 0.338874 -0.081748
v 0.047822 0.339033 -0.084623
v -0.028154 0.017243 -0.100193
v 0.045516 0.324571 -0.086015
v 0.042438 0.310400 -0.087391
v 0.037967 0.296627 -0.088723
v 0.032707 0.282880 -0.090031
v 0.027617 0.268683 -0.091354
v 0.023672 0.253559 -0.092731
v 0.021491 0.237137 -0.094184
v 0.020578 0.219709 -0.095621
v 0.020114 0.201618 -0.096960
v 0.019248 0.183342 -0.098101
v 0.017360 0.165225 -0.098968
v 0.014591 0.147744 -0.099577
v 0.011265 0.131349 -0.099980
v 0.007676 0.116516 -0.100216
v 0.004118 0.103564 -0.100337
v 0.000606 0.092095 -0.100383
v -0.002937 0.081712 -0.100398
v -0.006526 0.071859 -0.100421
v -0.010177 0.062244 -0.100490
v -0.013797 0.053080 -0.100588
v -0.017216 0.044710 -0.100664
v -0.020295 0.037532 -0.100702
v -0.022925 0.031705 -0.100672
v -0.025090 0.026805 -0.100573
v -0.026823 0.022196 -0.100413
v -0.053277 0.017111 -0.101182
v -0.051916 0.021958 -0.101456
v -0.050029 0.026434 -0.101714
v -0.047677 0.031202 -0.101904
v -0.044939 0.036843 -0.101973
v -0.041891 0.043915 -0.101881
v -0.038534 0.052179 -0.101699
v -0.034837 0.061344 -0.101494
v -0.030768 0.071011 -0.101341
v -0.026374 0.081024 -0.101296
v -0.021826 0.091618 -0.101311
v -0.017371 0.103299 -0.101311
v -0.013256 0.116436 -0.101243
v -0.009651 0.131349 -0.101030
v -0.006650 0.147718 -0.100626
v -0.004283 0.165172 -0.099988
v -0.002581 0.183263 -0.099082
v -0.001467 0.201565 -0.097896
v -0.000523 0.219656 -0.096496
v 0.000792 0.237137 -0.094998
v 0.003019 0.253586 -0.093507
v 0.006516 0.268710 -0.092107
v 0.010832 0.282907 -0.090776
v 0.015365 0.296654 -0.089483
v 0.019495 0.310506 -0.088182
v 0.022806 0.324809 -0.086851
v 0.025668 0.339377 -0.085497
v -0.000059 0.325154 -0.086098
v -0.003540 0.310692 -0.087308
v -0.007408 0.296680 -0.088510
v -0.011415 0.282801 -0.089734
v -0.015174 0.268524 -0.091020
v -0.018314 0.253347 -0.092412
v -0.020589 0.236899 -0.093918
v -0.022182 0.219418 -0.095454
v -0.023435 0.201380 -0.096892
v -0.024657 0.183157 -0.098139
v -0.026142 0.165199 -0.099082
v -0.028076 0.147824 -0.099752
v -0.030629 0.131455 -0.100155
v -0.033939 0.116463 -0.100345
v -0.038086 0.103087 -0.100345
v -0.042742 0.091088 -0.100261
v -0.047507 0.080149 -0.100200
v -0.051947 0.069925 -0.100284
v -0.055737 0.060125 -0.100566
v -0.058955 0.051014 -0.100953
v -0.061802 0.042856 -0.101303
v -0.064416 0.035996 -0.101463
v -0.066938 0.030539 -0.101341
v -0.069197 0.026010 -0.100999
v -0.071038 0.021746 -0.100566
v -0.072244 0.017084 -0.100147
v -0.085611 0.017137 -0.096587
v -0.084682 0.021560 -0.097181
v -0.083074 0.025586 -0.097827
v -0.081093 0.029877 -0.098337
v -0.079036 0.035122 -0.098527
v -0.077102 0.041796 -0.098284
v -0.075091 0.049822 -0.097751
v -0.072708 0.058907 -0.097166
v -0.069661 0.068787 -0.096732
v -0.065778 0.079302 -0.096610
v -0.061446 0.090612 -0.096717
v -0.057161 0.102955 -0.096884
v -0.053432 0.116595 -0.096960
v -0.050632 0.131693 -0.096808
v -0.048621 0.148009 -0.096397
v -0.047136 0.165225 -0.095713
v -0.045898 0.183051 -0.094732
v -0.044660 0.201142 -0.093461
v -0.043237 0.219100 -0.092001
v -0.041458 0.236502 -0.090472
v -0.039153 0.252977 -0.088996
v -0.036229 0.268260 -0.087658
v -0.032841 0.282669 -0.086448
v -0.029175 0.296707 -0.085345
v -0.025477 0.310877 -0.084296
v -0.021888 0.325551 -0.083269
v -0.041412 0.325895 -0.077594
v -0.045109 0.311062 -0.078416
v -0.048729 0.296707 -0.079283
v -0.052195 0.282510 -0.080241
v -0.055381 0.267995 -0.081322
v -0.058182 0.252659 -0.082561
v -0.060502 0.236157 -0.083953
v -0.062390 0.218809 -0.085421
v -0.063906 0.200930 -0.086836
v -0.065112 0.182972 -0.088084
v -0.066102 0.165278 -0.089057
v -0.067170 0.148168 -0.089742
v -0.068624 0.131878 -0.090145
v -0.070775 0.116728 -0.090251
v -0.073822 0.102875 -0.090114
v -0.077380 0.090241 -0.089879
v -0.080908 0.078640 -0.089742
v -0.083924 0.067912 -0.089886
v -0.086013 0.057927 -0.090442
v -0.087436 0.048868 -0.091195
v -0.088550 0.040949 -0.091872
v -0.089741 0.034433 -0.092183
v -0.091226 0.029374 -0.091940
v -0.092804 0.025242 -0.091286
v -0.094058 0.021401 -0.090472
v -0.094661 0.017190 -0.089727
v -0.100694 0.017217 -0.078789
v -0.100431 0.021348 -0.079602
v -0.099519 0.025110 -0.080485
v -0.098389 0.029162 -0.081192
v -0.097415 0.034168 -0.081458
v -0.096889 0.040631 -0.081124
v -0.096517 0.048498 -0.080386
v -0.095929 0.057530 -0.079564
v -0.094707 0.067542 -0.078964
v -0.092619 0.078375 -0.078796
v -0.089989 0.090109 -0.078956
v -0.087297 0.102849 -0.079222
v -0.085023 0.116781 -0.079405
v -0.083507 0.131958 -0.079321
v -0.082578 0.148221 -0.078956
v -0.081867 0.165305 -0.078317
v -0.081093 0.182919 -0.077412
v -0.079933 0.200850 -0.076271
v -0.078386 0.218676 -0.074978
v -0.076421 0.236025 -0.073654
v -0.074054 0.252500 -0.072414
v -0.071316 0.267862 -0.071334
v -0.068222 0.282457 -0.070414
v -0.064849 0.296707 -0.069631
v -0.061214 0.311142 -0.068954
v -0.057393 0.326028 -0.068337
v -0.037699 0.340966 -0.076720
v -0.053510 0.341178 -0.067661
v -0.014818 0.355322 -0.081010
v 0.010290 0.368857 -0.082234
v -0.011136 0.369652 -0.079641
v -0.034017 0.355905 -0.075670
v -0.049688 0.356143 -0.066778
v -0.030412 0.370261 -0.074331
v -0.046099 0.370526 -0.065546
v -0.026978 0.383875 -0.072673
v -0.042881 0.384113 -0.063926
v -0.007377 0.383292 -0.078081
v -0.011136 0.369652 -0.079641
v 0.014498 0.382604 -0.080858
v 0.010290 0.368857 -0.082234
v 0.037193 0.381968 -0.081664
v 0.059409 0.381571 -0.080956
v 0.053994 0.367692 -0.082044
v 0.080294 0.381385 -0.078271
v 0.074199 0.367453 -0.079283
v 0.099168 0.381332 -0.072924
v 0.092423 0.367374 -0.073852
v 0.115365 0.381332 -0.064215
v 0.125406 0.395450 -0.063530
v 0.108110 0.395397 -0.072156
v 0.135895 0.410097 -0.062990
v 0.117454 0.410071 -0.071517
v 0.144604 0.425777 -0.062579
v 0.125375 0.425724 -0.071000
v 0.150174 0.442835 -0.062275
v 0.130944 0.442808 -0.070566
v 0.155016 0.461455 -0.061956
v 0.136452 0.461482 -0.070125
v 0.162504 0.481797 -0.061454
v 0.145084 0.481903 -0.069600
v 0.175978 0.503993 -0.060632
v 0.160106 0.504232 -0.068885
v 0.197498 0.527805 -0.059522
v 0.183497 0.528255 -0.068071
v 0.223952 0.551696 -0.058959
v 0.211839 0.552411 -0.067950
v 0.250933 0.573760 -0.059963
v 0.240444 0.574740 -0.069479
v 0.274045 0.592115 -0.063561
v 0.264686 0.593254 -0.073624
v 0.290026 0.605518 -0.070445
v 0.281193 0.606842 -0.080987
v 0.300128 0.615583 -0.079930
v 0.291248 0.617304 -0.090715
v 0.306812 0.624615 -0.091043
v 0.297189 0.627449 -0.101486
v 0.313247 0.636905 -0.103662
v 0.300623 0.640851 -0.111534
v 0.302294 0.660558 -0.118882
v 0.313325 0.659604 -0.116980
v 0.303408 0.684608 -0.122799
v 0.313510 0.684210 -0.122274
v 0.304568 0.710989 -0.123925
v 0.313866 0.710777 -0.123811
v 0.305883 0.738350 -0.123370
v 0.314361 0.738217 -0.123309
v 0.307322 0.765472 -0.121833
v 0.314995 0.765366 -0.121772
v 0.308761 0.790926 -0.118197
v 0.315692 0.790847 -0.118152
v 0.310076 0.813334 -0.110926
v 0.316357 0.813281 -0.110895
v 0.311097 0.831292 -0.098444
v 0.316898 0.831292 -0.098428
v 0.304971 0.831319 -0.098466
v 0.303362 0.813387 -0.110964
v 0.301289 0.790979 -0.118258
v 0.298968 0.765552 -0.121909
v 0.296570 0.738456 -0.123453
v 0.289407 0.765631 -0.122000
v 0.286066 0.738509 -0.123552
v 0.278099 0.765684 -0.122099
v 0.274014 0.738535 -0.123659
v 0.297560 0.831345 -0.098489
v 0.295394 0.813440 -0.111009
v 0.287876 0.831372 -0.098520
v 0.285308 0.813467 -0.111063
v 0.292594 0.791059 -0.118334
v 0.281951 0.791138 -0.118410
v 0.275252 0.831398 -0.098550
v 0.285308 0.813467 -0.111063
v 0.272498 0.813519 -0.111116
v 0.268878 0.791191 -0.118494
v 0.278099 0.765684 -0.122099
v 0.260184 0.831425 -0.098573
v 0.257384 0.813546 -0.111169
v 0.243414 0.831425 -0.098603
v 0.240676 0.813572 -0.111222
v 0.225762 0.831425 -0.098626
v 0.223039 0.813572 -0.111260
v 0.207847 0.831425 -0.098641
v 0.205078 0.813519 -0.111298
v 0.189855 0.831372 -0.098657
v 0.186931 0.813467 -0.111321
v 0.171786 0.831345 -0.098664
v 0.168661 0.813361 -0.111336
v 0.153701 0.831266 -0.098672
v 0.150344 0.813255 -0.111344
v 0.135601 0.831213 -0.098664
v 0.132027 0.813096 -0.111336
v 0.117547 0.831107 -0.098657
v 0.113772 0.812937 -0.111321
v 0.099539 0.831027 -0.098641
v 0.095625 0.812725 -0.111298
v 0.081640 0.830921 -0.098626
v 0.077664 0.812513 -0.111268
v 0.063973 0.830789 -0.098603
v 0.060028 0.812275 -0.111222
v 0.047187 0.830683 -0.098581
v 0.043289 0.812036 -0.111169
v 0.032011 0.830551 -0.098550
v 0.028097 0.811798 -0.111116
v 0.019201 0.830418 -0.098520
v 0.015133 0.811559 -0.111063
v 0.009300 0.830312 -0.098497
v 0.004860 0.811348 -0.111017
v 0.002060 0.830259 -0.098489
v -0.002890 0.811162 -0.110994
v -0.002952 0.830233 -0.098527
v -0.008444 0.811056 -0.111017
v -0.006217 0.830312 -0.098619
v -0.012157 0.811056 -0.111108
v -0.015731 0.786397 -0.118289
v -0.020063 0.786238 -0.118372
v -0.009450 0.786662 -0.118281
v -0.001018 0.787006 -0.118327
v 0.009764 0.787403 -0.118403
v 0.022976 0.787854 -0.118486
v 0.038199 0.788304 -0.118570
v 0.054892 0.788728 -0.118646
v 0.072481 0.789151 -0.118715
v 0.090535 0.789549 -0.118768
v 0.108852 0.789920 -0.118806
v 0.127370 0.790237 -0.118829
v 0.145966 0.790529 -0.118836
v 0.164577 0.790767 -0.118829
v 0.183079 0.790953 -0.118806
v 0.201412 0.791085 -0.118768
v 0.219466 0.791165 -0.118715
v 0.237056 0.791218 -0.118646
v 0.253733 0.791218 -0.118570
v 0.264686 0.765737 -0.122206
v 0.260199 0.738509 -0.123773
v 0.269977 0.711068 -0.124313
v 0.249447 0.765711 -0.122305
v 0.232817 0.765658 -0.122404
v 0.215227 0.765525 -0.122487
v 0.197080 0.765340 -0.122556
v 0.178562 0.765048 -0.122601
v 0.159796 0.764678 -0.122632
v 0.140892 0.764254 -0.122639
v 0.122002 0.763751 -0.122624
v 0.103221 0.763194 -0.122594
v 0.084703 0.762559 -0.122541
v 0.066556 0.761870 -0.122472
v 0.048966 0.761155 -0.122381
v 0.032305 0.760413 -0.122282
v 0.016989 0.759645 -0.122175
v 0.003437 0.758904 -0.122069
v 0.010492 0.728126 -0.123712
v -0.003478 0.726907 -0.123590
v 0.025977 0.729344 -0.123834
v 0.042685 0.730536 -0.123948
v 0.060306 0.731701 -0.124047
v 0.078561 0.732787 -0.124123
v 0.097265 0.733820 -0.124183
v 0.116294 0.734747 -0.124222
v 0.135461 0.735595 -0.124237
v 0.154629 0.736337 -0.124229
v 0.173642 0.736972 -0.124199
v 0.192346 0.737502 -0.124153
v 0.210570 0.737926 -0.124085
v 0.228160 0.738217 -0.123993
v 0.244806 0.738403 -0.123887
v 0.255682 0.710883 -0.124427
v 0.266155 0.684899 -0.123940
v 0.251412 0.684581 -0.124145
v 0.262783 0.661696 -0.122122
v 0.240088 0.710618 -0.124549
v 0.223364 0.710247 -0.124647
v 0.205759 0.709691 -0.124739
v 0.187427 0.708976 -0.124800
v 0.168584 0.708102 -0.124845
v 0.149385 0.707069 -0.124868
v 0.130000 0.705877 -0.124860
v 0.110616 0.704552 -0.124845
v 0.091386 0.703095 -0.124800
v 0.072497 0.701533 -0.124739
v 0.054134 0.699891 -0.124663
v 0.036435 0.698142 -0.124564
v 0.019619 0.696341 -0.124450
v 0.003870 0.694514 -0.124328
v -0.010641 0.692660 -0.124206
v -0.002457 0.661299 -0.124145
v -0.017494 0.658756 -0.124024
v 0.013601 0.663842 -0.124260
v 0.030572 0.666305 -0.124374
v 0.048363 0.668689 -0.124472
v 0.066850 0.670993 -0.124549
v 0.085879 0.673165 -0.124609
v 0.105263 0.675205 -0.124655
v 0.124818 0.677085 -0.124693
v 0.144357 0.678780 -0.124708
v 0.163695 0.680290 -0.124716
v 0.182662 0.681588 -0.124685
v 0.201071 0.682674 -0.124609
v 0.218754 0.683495 -0.124495
v 0.235570 0.684131 -0.124336
v 0.247668 0.661326 -0.122601
v 0.260045 0.643182 -0.118418
v 0.244698 0.642811 -0.119460
v 0.231595 0.660716 -0.123020
v 0.214654 0.659869 -0.123362
v 0.196879 0.658730 -0.123598
v 0.178392 0.657300 -0.123712
v 0.159317 0.655578 -0.123727
v 0.139871 0.653618 -0.123689
v 0.120223 0.651393 -0.123621
v 0.100560 0.648983 -0.123567
v 0.081052 0.646360 -0.123506
v 0.061900 0.643579 -0.123446
v 0.043304 0.640639 -0.123362
v 0.025389 0.637620 -0.123255
v 0.008264 0.634468 -0.123126
v -0.008058 0.631289 -0.122989
v -0.023543 0.628058 -0.122852
v -0.012513 0.607239 -0.120707
v -0.028231 0.603452 -0.120517
v 0.003978 0.610974 -0.120898
v 0.021228 0.614656 -0.121065
v 0.039236 0.618231 -0.121202
v 0.057924 0.621701 -0.121308
v 0.077169 0.625012 -0.121384
v 0.096770 0.628111 -0.121460
v 0.116526 0.631025 -0.121567
v 0.136250 0.633673 -0.121711
v 0.155774 0.636031 -0.121810
v 0.174926 0.638070 -0.121795
v 0.193506 0.639792 -0.121574
v 0.211375 0.641143 -0.121088
v 0.228454 0.642149 -0.120365
v 0.018443 0.396430 -0.079648
v -0.004128 0.396801 -0.076613
v 0.020934 0.411263 -0.078857
v 0.046151 0.411660 -0.080112
v 0.042175 0.396086 -0.080690
v 0.071739 0.410918 -0.079481
v 0.065690 0.395715 -0.080089
v 0.087967 0.395450 -0.077450
v 0.095842 0.410230 -0.076788
v 0.102803 0.426095 -0.076241
v 0.108388 0.443391 -0.075746
v 0.114576 0.462303 -0.075297
v 0.124153 0.482936 -0.074871
v 0.140799 0.505477 -0.074461
v 0.166727 0.529712 -0.074156
v 0.197730 0.554027 -0.074651
v 0.228207 0.576435 -0.076743
v 0.253501 0.594896 -0.081230
v 0.270363 0.608325 -0.088540
v 0.280141 0.618735 -0.097637
v 0.285277 0.629091 -0.107069
v 0.288000 0.642546 -0.115162
v 0.272019 0.629939 -0.110393
v 0.274478 0.643182 -0.117178
v 0.257662 0.630230 -0.112652
v 0.260045 0.643182 -0.118418
v 0.253377 0.620615 -0.105654
v 0.267393 0.619847 -0.102247
v 0.257972 0.609888 -0.094062
v 0.241140 0.597042 -0.087171
v 0.215304 0.579163 -0.082561
v 0.183095 0.557311 -0.079990
v 0.148627 0.533394 -0.078872
v 0.118599 0.509211 -0.078583
v 0.100545 0.486247 -0.078462
v 0.090520 0.465216 -0.078538
v 0.083527 0.445854 -0.078781
v 0.077339 0.427711 -0.079093
v 0.046831 0.432479 -0.080257
v 0.058481 0.452503 -0.080675
v 0.065876 0.471759 -0.080941
v 0.074848 0.492657 -0.081489
v 0.091959 0.518985 -0.083178
v 0.133590 0.541499 -0.083436
v 0.170440 0.563245 -0.084919
v 0.202897 0.583269 -0.087757
v 0.228237 0.599717 -0.092244
v 0.244466 0.611451 -0.098489
v 0.215412 0.602842 -0.097059
v 0.230280 0.612855 -0.102536
v 0.244466 0.611451 -0.098489
v 0.238355 0.621013 -0.108666
v 0.253377 0.620615 -0.105654
v 0.242300 0.630071 -0.114592
v 0.257662 0.630230 -0.112652
v 0.244698 0.642811 -0.119460
v 0.228454 0.642149 -0.120365
v 0.226041 0.629515 -0.116288
v 0.211375 0.641143 -0.121088
v 0.208961 0.628508 -0.117634
v 0.193506 0.639792 -0.121574
v 0.191093 0.627078 -0.118532
v 0.174926 0.638070 -0.121795
v 0.172482 0.625197 -0.118920
v 0.155774 0.636031 -0.121810
v 0.153299 0.622893 -0.118927
v 0.136250 0.633673 -0.121711
v 0.133682 0.620218 -0.118730
v 0.116526 0.631025 -0.121567
v 0.113849 0.617251 -0.118486
v 0.096770 0.628111 -0.121460
v 0.094001 0.614020 -0.118319
v 0.077169 0.625012 -0.121384
v 0.074338 0.610603 -0.118220
v 0.057924 0.621701 -0.121308
v 0.055093 0.607001 -0.118136
v 0.039236 0.618231 -0.121202
v 0.036420 0.603187 -0.118007
v 0.021228 0.614656 -0.121065
v 0.018443 0.599240 -0.117794
v 0.003978 0.610974 -0.120898
v 0.001194 0.595161 -0.117513
v -0.012513 0.607239 -0.120707
v -0.015313 0.591003 -0.117201
v -0.031031 0.586871 -0.116897
v -0.015653 0.580567 -0.112736
v 0.000714 0.585335 -0.113344
v 0.017531 0.589864 -0.113900
v 0.034904 0.594022 -0.114265
v 0.053004 0.597783 -0.114348
v 0.071894 0.601280 -0.114310
v 0.091556 0.604670 -0.114348
v 0.111699 0.608034 -0.114539
v 0.131888 0.611318 -0.114896
v 0.151721 0.614391 -0.115231
v 0.170780 0.617066 -0.115292
v 0.188943 0.619105 -0.114774
v 0.206146 0.620377 -0.113405
v 0.222575 0.620960 -0.111313
v 0.215784 0.613940 -0.106126
v 0.201257 0.614417 -0.109001
v 0.186297 0.613782 -0.110796
v 0.169666 0.611504 -0.111215
v 0.150901 0.608087 -0.110895
v 0.130480 0.604246 -0.110370
v 0.109363 0.600485 -0.109944
v 0.088540 0.597174 -0.109830
v 0.068830 0.594287 -0.110036
v 0.050869 0.591612 -0.110439
v 0.034656 0.588566 -0.110583
v 0.019248 0.584328 -0.109937
v 0.003607 0.579004 -0.108841
v -0.012436 0.573018 -0.107662
v -0.031340 0.575985 -0.112219
v -0.046053 0.571826 -0.111603
v -0.045852 0.582739 -0.116402
v -0.043144 0.599585 -0.120167
v -0.038117 0.624721 -0.122632
v -0.023543 0.628058 -0.122852
v -0.031387 0.656161 -0.123879
v -0.017494 0.658756 -0.124024
v -0.023683 0.690832 -0.124092
v -0.010641 0.692660 -0.124206
v -0.015669 0.725715 -0.123476
v -0.003478 0.726907 -0.123590
v -0.025910 0.724629 -0.123392
v -0.034991 0.689084 -0.123986
v -0.043810 0.653512 -0.123598
v -0.051576 0.620960 -0.121902
v -0.057130 0.595002 -0.118851
v -0.063550 0.616589 -0.120251
v -0.070125 0.588963 -0.115421
v -0.034079 0.723702 -0.123377
v -0.044258 0.687548 -0.123917
v -0.040004 0.723014 -0.123461
v -0.051127 0.686356 -0.123932
v -0.054345 0.650890 -0.123096
v -0.062281 0.648903 -0.122624
v -0.072879 0.612961 -0.118129
v -0.082687 0.579375 -0.106887
v -0.082192 0.564966 -0.099303
v -0.072012 0.572383 -0.109807
v -0.079840 0.557444 -0.093446
v -0.057130 0.595002 -0.118851
v -0.059620 0.578104 -0.114577
v -0.059342 0.567668 -0.109496
v -0.070775 0.562927 -0.104125
v -0.076236 0.551564 -0.088373
v -0.067773 0.556040 -0.098733
v -0.071517 0.544757 -0.083900
v -0.056944 0.559934 -0.104110
v -0.043717 0.563377 -0.106126
v -0.028463 0.567324 -0.106696
v -0.039586 0.553630 -0.100474
v -0.019939 0.554795 -0.099904
v -0.052968 0.551590 -0.098824
v -0.063411 0.548571 -0.093758
v -0.057950 0.538214 -0.089255
v -0.065824 0.535221 -0.079914
v -0.047940 0.540121 -0.093971
v -0.052968 0.551590 -0.098824
v -0.035301 0.540148 -0.095325
v -0.039586 0.553630 -0.100474
v -0.019243 0.536228 -0.094275
v -0.016458 0.519647 -0.090236
v -0.030536 0.524838 -0.090989
v -0.042170 0.526083 -0.089651
v -0.051792 0.525156 -0.085170
v -0.059636 0.523064 -0.076301
v -0.045357 0.510085 -0.081466
v -0.053510 0.508761 -0.072939
v -0.035842 0.510562 -0.085893
v -0.025307 0.509476 -0.087506
v -0.013519 0.504920 -0.087255
v -0.039014 0.493584 -0.078051
v -0.028943 0.494114 -0.082622
v -0.019011 0.494432 -0.084722
v -0.011616 0.494564 -0.085383
v -0.048002 0.492869 -0.069722
v -0.033151 0.476314 -0.074917
v -0.043578 0.475944 -0.066603
v -0.021532 0.477083 -0.079778
v -0.010440 0.479069 -0.082402
v -0.002442 0.484155 -0.084037
v 0.000451 0.494723 -0.085885
v 0.000498 0.509397 -0.088342
v 0.000451 0.526189 -0.091491
v -0.019243 0.536228 -0.094275
v 0.003685 0.542876 -0.094945
v 0.027741 0.531487 -0.090814
v 0.022992 0.513582 -0.088106
v 0.020145 0.496127 -0.085893
v 0.055232 0.522296 -0.086996
v 0.048100 0.501848 -0.084706
v 0.042144 0.482698 -0.083368
v 0.017051 0.480685 -0.084090
v 0.036296 0.465428 -0.082348
v 0.010940 0.469110 -0.082440
v 0.026859 0.451999 -0.081169
v -0.000121 0.462568 -0.080538
v -0.014091 0.459760 -0.077488
v 0.010816 0.445139 -0.079275
v 0.019279 0.427631 -0.078697
v -0.007423 0.442491 -0.075929
v -0.003076 0.425963 -0.075267
v -0.028154 0.458807 -0.072270
v -0.040391 0.458648 -0.063857
v -0.024394 0.441696 -0.070384
v -0.038457 0.441617 -0.061819
v -0.022383 0.425565 -0.069517
v -0.037823 0.425592 -0.060830
v -0.038488 0.410998 -0.061096
v -0.022430 0.410865 -0.069844
v -0.040251 0.397383 -0.062290
v -0.002272 0.410839 -0.075571
v -0.024147 0.397171 -0.071030
v 0.019279 0.427631 -0.078697
v -0.054020 0.011469 -0.100680
v -0.072693 0.011601 -0.099592
v -0.072569 0.005748 -0.097599
v -0.085131 0.006224 -0.094055
v -0.085673 0.011866 -0.095956
v -0.072244 0.017084 -0.100147
v -0.085611 0.017137 -0.096587
v -0.094336 0.012131 -0.089034
v -0.100045 0.012237 -0.078112
v -0.098652 0.006993 -0.076811
v -0.093346 0.006754 -0.087346
v -0.096842 0.002251 -0.074179
v -0.092124 0.001775 -0.083383
v -0.095233 -0.000901 -0.070984
v -0.091397 -0.002198 -0.075754
v -0.084373 0.000901 -0.089361
v -0.072120 0.000212 -0.092594
v -0.054221 0.005483 -0.098641
v -0.053912 -0.000159 -0.093522
v -0.071610 -0.004397 -0.082980
v -0.053169 -0.004794 -0.083733
v -0.083878 -0.003496 -0.080310
v 0.003437 0.758904 -0.122069
v -0.007980 0.758188 -0.121970
v -0.017262 0.757526 -0.121902
v -0.024410 0.756996 -0.121894
v -0.029499 0.756652 -0.121970
v -0.034079 0.723702 -0.123377
v -0.015669 0.725715 -0.123476
v -0.025910 0.724629 -0.123392
v 0.296570 0.738456 -0.123453
v 0.294265 0.711121 -0.124062
v 0.286066 0.738509 -0.123552
v 0.282786 0.711121 -0.124191
v 0.274014 0.738535 -0.123659
v 0.269977 0.711068 -0.124313
v 0.279707 0.685031 -0.123704
v 0.292115 0.684952 -0.123339
v 0.290088 0.661511 -0.120555
v 0.288000 0.642546 -0.115162
v 0.276923 0.661855 -0.121544
v 0.274478 0.643182 -0.117178
v 0.262783 0.661696 -0.122122
v 0.266155 0.684899 -0.123940
v 0.035213 0.585282 -0.107875
v 0.046615 0.585891 -0.106811
v 0.037735 0.578316 -0.103654
v 0.055603 0.576673 -0.101577
v 0.045671 0.563721 -0.097690
v 0.025885 0.568542 -0.100741
v 0.025266 0.580832 -0.106400
v 0.011559 0.573945 -0.104498
v 0.013431 0.556861 -0.097941
v -0.003447 0.565549 -0.102490
v 0.003685 0.542876 -0.094945
v -0.019939 0.554795 -0.099904
v 0.027741 0.531487 -0.090814
v 0.035739 0.548465 -0.094055
v 0.062116 0.542691 -0.090837
v 0.091959 0.518985 -0.083178
v 0.092980 0.543777 -0.088791
v 0.069604 0.561152 -0.095424
v 0.077324 0.576647 -0.100201
v 0.063741 0.586844 -0.105708
v 0.083991 0.588593 -0.105038
v 0.101782 0.579269 -0.099630
v 0.106191 0.591665 -0.104909
v 0.096971 0.563192 -0.094230
v 0.101782 0.579269 -0.099630
v 0.127711 0.585202 -0.099934
v 0.129134 0.596247 -0.105327
v 0.151195 0.601598 -0.106096
v 0.152989 0.593122 -0.100984
v 0.126813 0.571270 -0.094344
v 0.092980 0.543777 -0.088791
v 0.127602 0.555643 -0.088707
v 0.161808 0.572383 -0.090183
v 0.156424 0.583004 -0.095644
v 0.175205 0.601386 -0.102657
v 0.170455 0.606683 -0.106978
v 0.183373 0.610047 -0.107700
v 0.191805 0.608617 -0.105206
v 0.182739 0.595294 -0.097987
v 0.192006 0.588937 -0.092937
v 0.203098 0.605994 -0.101486
v 0.170455 0.606683 -0.106978
v 0.129134 0.596247 -0.105327
v 0.083991 0.588593 -0.105038
v 0.063741 0.586844 -0.105708
v 0.046615 0.585891 -0.106811
v 0.035213 0.585282 -0.107875
v 0.025266 0.580832 -0.106400
v 0.011559 0.573945 -0.104498
v -0.003447 0.565549 -0.102490
v -0.028463 0.567324 -0.106696
v -0.130370 0.604231 -0.021397
v -0.132194 0.610005 -0.020612
v -0.129733 0.609719 -0.020612
v -0.131599 0.615128 -0.018491
v -0.129137 0.614843 -0.018491
v -0.131088 0.619524 -0.015115
v -0.128627 0.619238 -0.015115
v -0.130696 0.622899 -0.010718
v -0.128235 0.622613 -0.010718
v -0.130451 0.625011 -0.005536
v -0.127990 0.624725 -0.005536
v -0.130366 0.625740 0.000039
v -0.127905 0.625454 0.000039
v -0.130451 0.625011 0.005535
v -0.127990 0.624725 0.005535
v -0.130696 0.622899 0.010718
v -0.128235 0.622613 0.010718
v -0.131088 0.619524 0.015115
v -0.128627 0.619238 0.015115
v -0.131599 0.615128 0.018491
v -0.129137 0.614843 0.018491
v -0.132194 0.610005 0.020611
v -0.129733 0.609719 0.020611
v -0.132832 0.604517 0.021396
v -0.130370 0.604231 0.021396
v -0.133469 0.599029 0.020611
v -0.131007 0.598743 0.020611
v -0.134064 0.593906 0.018491
v -0.131603 0.593620 0.018491
v -0.134575 0.589511 0.015115
v -0.132113 0.589225 0.015115
v -0.134967 0.586135 0.010718
v -0.132505 0.585850 0.010718
v -0.135212 0.584023 0.005535
v -0.132751 0.583737 0.005535
v -0.135297 0.583294 -0.000039
v -0.132835 0.583008 -0.000039
v -0.135212 0.584023 -0.005536
v -0.132751 0.583737 -0.005536
v -0.134967 0.586135 -0.010718
v -0.132505 0.585850 -0.010718
v -0.134575 0.589511 -0.015115
v -0.132113 0.589225 -0.015115
v -0.134064 0.593906 -0.018491
v -0.131603 0.593620 -0.018491
v -0.133469 0.599029 -0.020612
v -0.131007 0.598743 -0.020612
v -0.132832 0.604517 -0.021397
v -0.133557 0.604601 -0.021240
v -0.134192 0.599138 -0.020454
v -0.134781 0.594063 -0.018334
v -0.135289 0.589692 -0.015037
v -0.135678 0.586341 -0.010640
v -0.135921 0.584253 -0.005457
v -0.136005 0.583524 -0.000039
v -0.135921 0.584253 0.005457
v -0.135678 0.586341 0.010639
v -0.135289 0.589692 0.015036
v -0.134781 0.594063 0.018334
v -0.134192 0.599138 0.020454
v -0.133557 0.604601 0.021239
v -0.132925 0.610041 0.020454
v -0.132333 0.615140 0.018334
v -0.131828 0.619486 0.015036
v -0.131439 0.622837 0.010639
v -0.131193 0.624950 0.005457
v -0.131109 0.625678 0.000039
v -0.131193 0.624950 -0.005457
v -0.131439 0.622837 -0.010640
v -0.131828 0.619486 -0.015037
v -0.132333 0.615140 -0.018334
v -0.132925 0.610041 -0.020454
v -0.134170 0.604673 -0.020769
v -0.134790 0.599330 -0.020062
v -0.135371 0.594328 -0.018020
v -0.135868 0.590055 -0.014723
v -0.136249 0.586776 -0.010404
v -0.136488 0.584713 -0.005379
v -0.136570 0.584008 -0.000039
v -0.136488 0.584713 0.005378
v -0.136249 0.586776 0.010404
v -0.135868 0.590055 0.014722
v -0.135371 0.594328 0.018020
v -0.134790 0.599330 0.020062
v -0.134170 0.604673 0.020768
v -0.133549 0.610015 0.020062
v -0.132971 0.614993 0.018020
v -0.132475 0.619266 0.014722
v -0.132091 0.622569 0.010404
v -0.131851 0.624633 0.005378
v -0.131770 0.625337 0.000039
v -0.131851 0.624633 -0.005379
v -0.132091 0.622569 -0.010404
v -0.132475 0.619266 -0.014723
v -0.132971 0.614992 -0.018020
v -0.133549 0.610015 -0.020062
v -0.134580 0.604720 -0.020140
v -0.135184 0.599524 -0.019512
v -0.135745 0.594692 -0.017471
v -0.136228 0.590539 -0.014251
v -0.136597 0.587358 -0.010090
v -0.136828 0.585367 -0.005222
v -0.136907 0.584687 -0.000039
v -0.136828 0.585367 0.005221
v -0.136597 0.587358 0.010090
v -0.136228 0.590539 0.014251
v -0.135745 0.594692 0.017470
v -0.135184 0.599524 0.019512
v -0.134580 0.604720 0.020140
v -0.133980 0.609892 0.019512
v -0.133418 0.614725 0.017470
v -0.132936 0.618877 0.014251
v -0.132567 0.622058 0.010090
v -0.132332 0.624073 0.005221
v -0.132253 0.624753 0.000039
v -0.132332 0.624073 -0.005222
v -0.132567 0.622058 -0.010090
v -0.132936 0.618877 -0.014251
v -0.133418 0.614725 -0.017471
v -0.133980 0.609892 -0.019512
v -0.134725 0.604737 -0.019434
v -0.135306 0.599735 -0.018806
v -0.135848 0.595073 -0.016843
v -0.136310 0.591090 -0.013780
v -0.136668 0.588006 -0.009697
v -0.136891 0.586088 -0.005065
v -0.136967 0.585433 -0.000039
v -0.136891 0.586088 0.005064
v -0.136668 0.588006 0.009697
v -0.136310 0.591090 0.013780
v -0.135848 0.595073 0.016842
v -0.135306 0.599735 0.018805
v -0.134725 0.604737 0.019433
v -0.134144 0.609739 0.018805
v -0.134144 0.609739 -0.018806
v -0.133605 0.614377 -0.016843
v -0.133140 0.618384 -0.013780
v -0.132785 0.621443 -0.009697
v -0.132559 0.623386 -0.005065
v -0.132483 0.624041 0.000039
v -0.132559 0.623386 0.005064
v -0.132785 0.621443 0.009697
v -0.133140 0.618384 0.013780
v -0.133605 0.614377 0.016842
v -0.129527 0.611492 -0.080365
v -0.128889 0.616979 -0.079658
v -0.131351 0.617265 -0.079658
v -0.130756 0.622389 -0.077538
v -0.128294 0.622103 -0.077538
v -0.130245 0.626784 -0.074083
v -0.127784 0.626498 -0.074083
v -0.129853 0.630159 -0.069686
v -0.127392 0.629873 -0.069686
v -0.129608 0.632272 -0.064504
v -0.127146 0.631986 -0.064504
v -0.129523 0.633000 -0.059007
v -0.127062 0.632714 -0.059007
v -0.129608 0.632272 -0.053511
v -0.127146 0.631986 -0.053511
v -0.129853 0.630159 -0.048329
v -0.127392 0.629873 -0.048329
v -0.130245 0.626784 -0.043932
v -0.127784 0.626498 -0.043932
v -0.130756 0.622389 -0.040477
v -0.128294 0.622103 -0.040477
v -0.131351 0.617265 -0.038357
v -0.128889 0.616979 -0.038357
v -0.131988 0.611777 -0.037650
v -0.129527 0.611492 -0.037650
v -0.132626 0.606290 -0.038357
v -0.130164 0.606004 -0.038357
v -0.133221 0.601166 -0.040477
v -0.130759 0.600880 -0.040477
v -0.133731 0.596771 -0.043932
v -0.131270 0.596485 -0.043932
v -0.134123 0.593396 -0.048329
v -0.131662 0.593110 -0.048329
v -0.134369 0.591283 -0.053511
v -0.131907 0.590997 -0.053511
v -0.134453 0.590555 -0.059007
v -0.131992 0.590269 -0.059007
v -0.134369 0.591283 -0.064504
v -0.131907 0.590997 -0.064504
v -0.134123 0.593396 -0.069686
v -0.131662 0.593110 -0.069686
v -0.133731 0.596771 -0.074083
v -0.131270 0.596485 -0.074083
v -0.133221 0.601166 -0.077538
v -0.130759 0.600880 -0.077538
v -0.132626 0.606290 -0.079658
v -0.130164 0.606004 -0.079658
v -0.131988 0.611777 -0.080365
v -0.132714 0.611862 -0.080208
v -0.133346 0.606423 -0.079501
v -0.133938 0.601323 -0.077381
v -0.134443 0.596977 -0.074005
v -0.134832 0.593626 -0.069608
v -0.135077 0.591513 -0.064504
v -0.135162 0.590785 -0.059007
v -0.135077 0.591513 -0.053511
v -0.134832 0.593626 -0.048407
v -0.134443 0.596977 -0.044010
v -0.133938 0.601323 -0.040634
v -0.133346 0.606423 -0.038514
v -0.132714 0.611862 -0.037807
v -0.132079 0.617325 -0.038514
v -0.131490 0.622400 -0.040634
v -0.130982 0.626771 -0.044010
v -0.130593 0.630122 -0.048407
v -0.130350 0.632210 -0.053511
v -0.130266 0.632939 -0.059007
v -0.130350 0.632210 -0.064504
v -0.130593 0.630122 -0.069608
v -0.130982 0.626771 -0.074005
v -0.131490 0.622400 -0.077381
v -0.132079 0.617325 -0.079501
v -0.133326 0.611933 -0.079815
v -0.133947 0.606591 -0.079108
v -0.134525 0.601613 -0.076988
v -0.135022 0.597339 -0.073691
v -0.135405 0.594037 -0.069372
v -0.135645 0.591973 -0.064425
v -0.135727 0.591269 -0.059007
v -0.135645 0.591973 -0.053590
v -0.135405 0.594037 -0.048643
v -0.135022 0.597339 -0.044324
v -0.134525 0.601613 -0.041027
v -0.133947 0.606591 -0.038907
v -0.133326 0.611933 -0.038200
v -0.132706 0.617275 -0.038907
v -0.132125 0.622277 -0.041027
v -0.131628 0.626551 -0.044324
v -0.131248 0.629829 -0.048643
v -0.131008 0.631893 -0.053590
v -0.130926 0.632597 -0.059007
v -0.131008 0.631893 -0.064425
v -0.131248 0.629829 -0.069372
v -0.131628 0.626551 -0.073691
v -0.132125 0.622277 -0.076988
v -0.132706 0.617275 -0.079108
v -0.133737 0.611981 -0.079187
v -0.134338 0.606809 -0.078480
v -0.134899 0.601976 -0.076439
v -0.135381 0.597824 -0.073298
v -0.135751 0.594643 -0.069058
v -0.135985 0.592628 -0.064190
v -0.136064 0.591948 -0.059007
v -0.135985 0.592628 -0.053747
v -0.135751 0.594643 -0.048878
v -0.135381 0.597824 -0.044717
v -0.134899 0.601976 -0.041498
v -0.134338 0.606809 -0.039535
v -0.133737 0.611981 -0.038828
v -0.133133 0.617177 -0.039535
v -0.132572 0.622009 -0.041498
v -0.132090 0.626162 -0.044717
v -0.131720 0.629342 -0.048879
v -0.131489 0.631334 -0.053747
v -0.131410 0.632014 -0.059007
v -0.131489 0.631334 -0.064190
v -0.131720 0.629342 -0.069058
v -0.132090 0.626162 -0.073298
v -0.132572 0.622009 -0.076439
v -0.133133 0.617177 -0.078480
v -0.133882 0.611997 -0.078480
v -0.133301 0.617000 -0.077774
v -0.132759 0.621662 -0.075811
v -0.132297 0.625644 -0.072748
v -0.131938 0.628728 -0.068744
v -0.131716 0.630646 -0.064033
v -0.131639 0.631302 -0.059007
v -0.131716 0.630646 -0.053982
v -0.131938 0.628728 -0.049271
v -0.132297 0.625644 -0.045267
v -0.132759 0.621662 -0.042204
v -0.133301 0.617000 -0.040241
v -0.133882 0.611997 -0.039535
v -0.134463 0.606995 -0.040241
v -0.135001 0.602357 -0.042204
v -0.135467 0.598351 -0.045267
v -0.135822 0.595291 -0.049271
v -0.136048 0.593349 -0.053982
v -0.136124 0.592693 -0.059007
v -0.136048 0.593349 -0.064033
v -0.135822 0.595291 -0.068744
v -0.135467 0.598351 -0.072748
v -0.135001 0.602357 -0.075811
v -0.134463 0.606995 -0.077774
v -0.131351 0.617265 0.079658
v -0.131988 0.611777 0.080364
v -0.129527 0.611492 0.080364
v -0.130164 0.606004 0.079658
v -0.128889 0.616979 0.079658
v -0.130756 0.622389 0.077538
v -0.128294 0.622103 0.077538
v -0.130245 0.626784 0.074083
v -0.127784 0.626498 0.074083
v -0.129853 0.630159 0.069686
v -0.127392 0.629873 0.069686
v -0.129608 0.632272 0.064503
v -0.127146 0.631986 0.064503
v -0.129523 0.633000 0.059007
v -0.127062 0.632714 0.059007
v -0.129608 0.632272 0.053511
v -0.127146 0.631986 0.053511
v -0.129853 0.630159 0.048329
v -0.127392 0.629873 0.048329
v -0.130245 0.626784 0.043931
v -0.127784 0.626498 0.043931
v -0.130756 0.622389 0.040477
v -0.128294 0.622103 0.040477
v -0.131351 0.617265 0.038357
v -0.128889 0.616979 0.038357
v -0.131988 0.611777 0.037650
v -0.129527 0.611492 0.037650
v -0.132626 0.606290 0.038357
v -0.130164 0.606004 0.038357
v -0.133221 0.601166 0.040477
v -0.130759 0.600880 0.040477
v -0.133731 0.596771 0.043931
v -0.131270 0.596485 0.043931
v -0.134123 0.593396 0.048329
v -0.131662 0.593110 0.048329
v -0.134369 0.591283 0.053511
v -0.131907 0.590997 0.053511
v -0.134453 0.590555 0.059007
v -0.131992 0.590269 0.059007
v -0.134369 0.591283 0.064504
v -0.131907 0.590997 0.064504
v -0.134123 0.593396 0.069686
v -0.131662 0.593110 0.069686
v -0.133731 0.596771 0.074083
v -0.131270 0.596485 0.074083
v -0.133221 0.601166 0.077538
v -0.130759 0.600880 0.077538
v -0.132626 0.606290 0.079658
v -0.133346 0.606423 0.079501
v -0.132714 0.611862 0.080207
v -0.132079 0.617325 0.079501
v -0.131490 0.622400 0.077381
v -0.130982 0.626771 0.074004
v -0.130593 0.630122 0.069607
v -0.130350 0.632210 0.064503
v -0.130266 0.632939 0.059007
v -0.130350 0.632210 0.053511
v -0.130593 0.630122 0.048407
v -0.130982 0.626771 0.044010
v -0.131490 0.622400 0.040634
v -0.132079 0.617325 0.038514
v -0.132714 0.611862 0.037807
v -0.133346 0.606423 0.038514
v -0.133938 0.601323 0.040634
v -0.134443 0.596977 0.044010
v -0.134832 0.593626 0.048407
v -0.135077 0.591513 0.053511
v -0.135162 0.590785 0.059007
v -0.135077 0.591513 0.064504
v -0.134832 0.593626 0.069607
v -0.134443 0.596977 0.074004
v -0.133938 0.601323 0.077381
v -0.134525 0.601613 0.076988
v -0.133947 0.606591 0.079108
v -0.133326 0.611933 0.079815
v -0.132706 0.617275 0.079108
v -0.132125 0.622277 0.076988
v -0.131628 0.626551 0.073690
v -0.131248 0.629829 0.069372
v -0.131008 0.631893 0.064425
v -0.130926 0.632597 0.059007
v -0.131008 0.631893 0.053589
v -0.131248 0.629829 0.048643
v -0.131628 0.626551 0.044324
v -0.132125 0.622277 0.041026
v -0.132706 0.617275 0.038906
v -0.133326 0.611933 0.038200
v -0.133947 0.606591 0.038906
v -0.134525 0.601613 0.041026
v -0.135022 0.597339 0.044324
v -0.135405 0.594037 0.048643
v -0.135645 0.591973 0.053589
v -0.135727 0.591269 0.059007
v -0.135645 0.591973 0.064425
v -0.135405 0.594037 0.069372
v -0.135022 0.597339 0.073690
v -0.135381 0.597824 0.073298
v -0.134899 0.601976 0.076438
v -0.134338 0.606809 0.078480
v -0.133737 0.611981 0.079187
v -0.133133 0.617177 0.078480
v -0.132572 0.622009 0.076438
v -0.132090 0.626162 0.073298
v -0.131720 0.629342 0.069058
v -0.131489 0.631334 0.064189
v -0.131410 0.632014 0.059007
v -0.131489 0.631334 0.053746
v -0.131720 0.629342 0.048878
v -0.132090 0.626162 0.044717
v -0.132572 0.622009 0.041497
v -0.133133 0.617177 0.039534
v -0.133737 0.611981 0.038828
v -0.134338 0.606809 0.039534
v -0.134899 0.601976 0.041497
v -0.135381 0.597824 0.044717
v -0.135751 0.594643 0.048878
v -0.135985 0.592628 0.053746
v -0.136064 0.591948 0.059007
v -0.135985 0.592628 0.064189
v -0.135751 0.594643 0.069058
v -0.135822 0.595291 0.068744
v -0.135467 0.598351 0.072748
v -0.135001 0.602357 0.075810
v -0.134463 0.606995 0.077773
v -0.133882 0.611997 0.078480
v -0.133301 0.617000 0.077773
v -0.132759 0.621662 0.075810
v -0.132297 0.625644 0.072748
v -0.131938 0.628728 0.068744
v -0.131716 0.630646 0.064032
v -0.131639 0.631302 0.059007
v -0.131716 0.630646 0.053982
v -0.131938 0.628728 0.049271
v -0.132297 0.625644 0.045266
v -0.132759 0.621662 0.042204
v -0.133301 0.617000 0.040241
v -0.133882 0.611997 0.039534
v -0.134463 0.606995 0.040241
v -0.135001 0.602357 0.042204
v -0.135467 0.598351 0.045266
v -0.135822 0.595291 0.049271
v -0.136048 0.593349 0.053982
v -0.136048 0.593349 0.064032
v -0.136124 0.592693 0.059007
vn 0.0037 -0.6112 -0.7915
vn -0.0019 -0.2781 -0.9605
vn 0.0076 -0.2739 -0.9617
vn 0.0076 -0.6078 -0.7941
vn -0.0171 -0.1088 -0.9939
vn -0.0000 -0.0178 -0.9998
vn 0.0103 -0.1128 -0.9936
vn 0.0679 -0.0153 0.9976
vn 0.0679 -0.0065 0.9977
vn 0.0075 -0.0021 1.0000
vn 0.0077 -0.0065 0.9999
vn 0.0680 -0.0065 0.9977
vn 0.3992 -0.9169 -0.0000
vn 0.3973 -0.9104 0.1153
vn 0.1949 -0.9786 0.0659
vn 0.1911 -0.9816 -0.0000
vn 0.1011 -0.9357 -0.3381
vn 0.0861 -0.8510 -0.5181
vn 0.2041 -0.8393 -0.5039
vn 0.2450 -0.9132 -0.3256
vn -0.0638 -0.2695 -0.9609
vn -0.0551 -0.2656 -0.9625
vn -0.0000 0.0022 -1.0000
vn -0.0000 0.0023 -1.0000
vn -0.5531 0.1287 -0.8231
vn -0.5469 0.1286 -0.8272
vn -0.5385 0.1650 -0.8263
vn -0.5442 0.1691 -0.8217
vn -0.0000 0.0022 1.0000
vn -0.0000 -0.0066 1.0000
vn 0.9868 0.0632 -0.1490
vn 0.9958 0.0371 -0.0831
vn 0.9859 0.0240 -0.1655
vn 0.9780 0.0326 -0.2061
vn 0.0479 -0.0337 0.9983
vn -0.0393 -0.0851 0.9956
vn -0.0701 -0.0574 0.9959
vn 0.0342 -0.0297 0.9990
vn 0.0069 -0.0139 0.9999
vn 0.0616 0.0099 0.9981
vn 0.0616 0.0059 0.9981
vn -0.0000 0.0066 -1.0000
vn -0.0017 0.0461 -0.9989
vn -0.0036 0.0719 -0.9974
vn 0.0019 0.2530 -0.9675
vn -0.0037 0.2486 -0.9686
vn 0.0018 0.5543 -0.8323
vn 0.0170 0.5544 -0.8321
vn 0.1286 0.4112 0.9024
vn 0.6732 0.2985 0.6765
vn 0.6614 0.1551 0.7339
vn 0.1252 0.2152 0.9685
vn 0.4356 -0.6409 -0.6320
vn 0.4458 -0.8216 -0.3553
vn 0.2129 -0.8933 -0.3958
vn 0.2009 -0.6930 -0.6924
vn 0.9728 0.2317 -0.0000
vn 0.9728 0.2316 0.0084
vn 0.9828 0.1846 0.0082
vn 0.9828 0.1849 -0.0000
vn 0.9966 0.0589 0.0581
vn 0.9965 0.0371 0.0748
vn 1.0000 -0.0021 -0.0001
vn -0.0000 0.0297 -0.9996
vn 0.0342 -0.0297 -0.9990
vn -0.8633 0.4385 -0.2499
vn -0.8277 0.3834 -0.4098
vn -0.6499 0.4368 -0.6220
vn -0.6855 0.5873 -0.4303
vn 0.0076 -0.0022 1.0000
vn 0.0077 -0.0022 1.0000
vn 0.9688 -0.2443 0.0416
vn 0.9719 -0.2230 0.0749
vn 0.9971 -0.0720 0.0250
vn 0.9970 -0.0763 0.0084
vn 0.9694 -0.0848 -0.2305
vn 0.9304 -0.2639 -0.2543
vn 0.7928 -0.3077 -0.5260
vn 0.8441 -0.1254 -0.5213
vn 0.9962 0.0852 0.0170
vn 0.9960 0.0894 0.0083
vn 0.9727 0.2316 0.0167
vn 0.9735 0.2231 0.0497
vn 0.0679 -0.0110 0.9976
vn 0.0679 -0.0240 0.9974
vn 0.9996 0.0284 0.0084
vn 0.9994 0.0327 0.0083
vn 0.9987 0.0502 0.0083
vn 0.9988 0.0459 0.0167
vn 0.0076 -0.0022 -1.0000
vn 0.0678 -0.0239 -0.9974
vn 0.0076 -0.0066 -0.9999
vn 0.0679 -0.0371 -0.9970
vn 0.1950 -0.9786 -0.0659
vn 0.1999 -0.9695 -0.1417
vn 0.3938 -0.8836 -0.2532
vn 0.3973 -0.9104 -0.1153
vn 0.0736 -0.0459 -0.9962
vn -0.4688 -0.3465 0.8125
vn -0.2469 -0.1373 0.9593
vn -0.2170 -0.1963 0.9562
vn -0.4107 -0.4064 0.8162
vn 0.0069 -0.0139 -0.9999
vn 0.0616 0.0099 -0.9981
vn 0.0274 0.0218 -0.9994
vn -0.0700 -0.0574 -0.9959
vn -0.2469 -0.1373 -0.9593
vn -0.0393 -0.0851 -0.9956
vn -0.0034 -0.1088 0.9941
vn 0.2558 -0.1285 -0.9581
vn 0.2485 -0.0808 -0.9653
vn 0.5545 -0.2697 0.7872
vn 0.2558 -0.1286 0.9581
vn 0.2485 -0.0807 0.9652
vn 0.5530 -0.1760 0.8144
vn 0.8266 -0.2528 0.5028
vn 0.7992 -0.3771 0.4681
vn -0.9392 0.2217 -0.2621
vn -0.9280 0.2341 -0.2898
vn -0.7826 0.2121 -0.5853
vn -0.8136 0.1879 -0.5502
vn -0.0122 0.4217 -0.9066
vn 0.0243 0.4105 -0.9115
vn 0.0686 0.1797 -0.9813
vn 0.0309 0.1914 -0.9810
vn -0.9917 0.1283 0.0042
vn -0.9988 0.0022 0.0499
vn -0.9922 0.0065 0.1245
vn -0.9913 0.1285 0.0292
vn 0.0075 -0.0065 -1.0000
vn 0.9997 0.0239 0.0085
vn 0.9996 0.0284 0.0083
vn -0.6226 -0.3367 0.7064
vn -0.8552 -0.1469 0.4970
vn -0.9333 -0.2174 0.2860
vn -0.7575 -0.4749 0.4480
vn 0.5420 -0.3527 -0.7628
vn 0.4721 -0.6147 -0.6319
vn 0.2161 -0.6216 -0.7530
vn 0.2463 -0.3074 -0.9192
vn 0.6591 -0.2018 0.7245
vn 0.3298 -0.0677 0.9416
vn 0.2919 -0.1631 0.9424
vn 0.6057 -0.3198 0.7286
vn 0.9994 -0.0022 0.0334
vn 0.9972 -0.0022 0.0749
vn 0.9971 0.0109 0.0749
vn 0.9994 0.0023 0.0334
vn 0.0076 0.0022 -1.0000
vn 0.0811 -0.0546 -0.9952
vn 0.9884 -0.1067 0.1081
vn 0.9810 -0.1413 0.1327
vn 0.9793 -0.0892 0.1818
vn 0.9888 -0.0676 0.1328
vn 0.1441 -0.9713 -0.1894
vn 0.3389 -0.9270 -0.1608
vn 0.3425 -0.9395 -0.0000
vn 0.1391 -0.9903 0.0001
vn 0.5548 -0.2697 -0.7871
vn 0.2685 -0.1674 -0.9486
vn 0.5606 -0.3404 -0.7549
vn 0.2792 -0.1846 -0.9423
vn 0.5687 -0.3609 -0.7391
vn -0.9718 0.2359 0.0042
vn -0.9197 0.2210 -0.3244
vn -0.9259 0.2425 -0.2896
vn -0.9716 0.2359 0.0208
vn 0.2919 -0.1631 -0.9424
vn 0.6057 -0.3198 -0.7286
vn 0.5688 -0.3609 0.7391
vn 0.7784 -0.4720 0.4139
vn 0.8161 -0.4092 0.4081
vn 0.4727 0.4487 -0.7585
vn 0.2218 0.5361 -0.8145
vn 0.3170 0.7954 -0.5165
vn 0.5500 0.6938 -0.4649
vn 0.9997 -0.0022 -0.0250
vn 0.9994 -0.0022 -0.0333
vn 0.9994 -0.0066 -0.0333
vn -0.8835 -0.3828 0.2698
vn -0.8757 -0.4675 0.1204
vn -0.9841 -0.1632 0.0708
vn -0.9841 -0.0894 0.1533
vn -0.8669 0.3652 -0.3393
vn -0.8366 0.4725 -0.2773
vn -0.6416 0.6093 -0.4659
vn -0.6804 0.4385 -0.5872
vn 0.7697 0.2865 -0.5705
vn 0.7229 0.0109 -0.6909
vn 0.3892 0.1415 -0.9102
vn 0.0979 0.0328 0.9947
vn 0.0829 -0.0416 0.9957
vn 0.9785 -0.0805 -0.1901
vn 0.9974 -0.0284 -0.0666
vn 0.9973 -0.0546 -0.0500
vn 0.9792 -0.1456 -0.1410
vn -0.9842 -0.0891 0.1532
vn -0.9841 -0.1629 0.0707
vn -0.9686 0.2486 -0.0082
vn -0.9615 0.2740 -0.0208
vn 0.8765 -0.2739 0.3959
vn 0.7890 -0.5937 0.1578
vn 0.8948 -0.4053 0.1874
vn 0.7971 -0.3892 0.4618
vn 0.7034 -0.5938 0.3908
vn 0.0137 0.0969 0.9952
vn 0.0137 0.0376 0.9992
vn 0.0205 0.0376 0.9991
vn 0.0206 0.0970 0.9951
vn 0.0776 -0.7245 0.6848
vn 0.0235 -0.7272 0.6861
vn 0.0271 -0.8526 0.5219
vn 0.0861 -0.8510 0.5181
vn 0.8765 -0.2739 -0.3958
vn 0.9463 -0.2823 -0.1578
vn 0.8913 -0.4251 -0.1578
vn 0.8161 -0.4093 -0.4080
vn 0.4316 -0.5382 0.7239
vn 0.6667 -0.5413 0.5123
vn 0.7928 -0.3078 0.5261
vn 0.5136 -0.3521 0.7824
vn 0.6163 0.7875 -0.0000
vn 0.8124 0.5831 -0.0000
vn 0.8011 0.5831 -0.1351
vn 0.5985 0.7793 -0.1858
vn 0.3389 -0.9270 0.1609
vn 0.5927 -0.7928 0.1420
vn 0.5738 -0.7654 0.2913
vn 0.3781 -0.8383 0.3928
vn 0.7784 -0.4720 -0.4139
vn 0.7767 -0.4565 -0.4340
vn 0.7992 -0.3771 -0.4681
vn 0.4426 0.7548 -0.4841
vn 0.3390 0.6921 -0.6373
vn 0.1837 0.7237 -0.6653
vn 0.2137 0.8422 -0.4950
vn 0.0355 -0.9460 0.3223
vn 0.0566 -0.7966 0.6019
vn -0.0073 -0.7990 0.6013
vn -0.0093 -0.9474 0.3200
vn -0.0038 0.0720 -0.9974
vn -0.0001 0.1975 -0.9803
vn 0.2074 -0.9456 -0.2508
vn 0.3711 -0.8377 -0.4007
vn -0.4688 -0.3465 -0.8125
vn -0.4107 -0.4064 -0.8162
vn -0.2171 -0.1963 -0.9562
vn 0.9987 0.0021 -0.0500
vn 0.9994 0.0020 -0.0332
vn 0.9994 -0.0021 -0.0333
vn 0.9987 -0.0022 -0.0501
vn 0.9950 0.0022 -0.0997
vn 0.9950 -0.0022 -0.0997
vn 0.9997 -0.0022 0.0250
vn 0.9997 -0.0022 0.0251
vn 0.9994 -0.0066 0.0333
vn 0.9994 -0.0022 0.0333
vn 0.3065 -0.9355 -0.1760
vn 0.3277 -0.8722 -0.3631
vn 0.1508 -0.9015 -0.4056
vn 0.1381 -0.9722 -0.1893
vn 0.0038 0.0720 -0.9974
vn 0.0076 0.0022 1.0000
vn 0.0076 -0.0066 0.9999
vn 0.0811 -0.0546 0.9952
vn -0.6277 -0.5939 -0.5032
vn -0.4952 -0.8201 -0.2868
vn -0.3906 -0.8619 -0.3234
vn -0.4788 -0.6605 -0.5783
vn 0.9950 -0.0109 -0.0998
vn 0.9987 -0.0065 -0.0500
vn 0.9987 -0.0109 -0.0500
vn 0.9955 -0.0240 -0.0914
vn 0.1716 -0.2352 -0.9567
vn 0.0824 -0.2189 -0.9722
vn 0.0770 -0.0851 -0.9934
vn 0.1742 -0.1091 -0.9786
vn -0.6499 0.4368 0.6220
vn -0.6249 0.2805 0.7286
vn -0.7902 0.2912 0.5393
vn -0.8277 0.3834 0.4098
vn -0.9664 0.0369 -0.2544
vn -0.9136 0.0882 -0.3969
vn -0.7304 -0.0397 -0.6818
vn -0.8553 -0.1467 -0.4969
vn -0.3303 -0.7295 -0.5989
vn -0.2652 -0.4698 -0.8420
vn -0.4108 -0.4066 -0.8161
vn 0.2684 -0.1675 0.9486
vn 0.0736 -0.0458 0.9962
vn 0.0678 -0.0372 0.9970
vn 0.3298 -0.0677 -0.9416
vn 0.6591 -0.2018 -0.7245
vn -0.0752 0.8937 0.4422
vn -0.1272 0.8927 0.4324
vn -0.1200 0.7068 0.6972
vn -0.0646 0.7029 0.7083
vn 0.9848 -0.0066 0.1738
vn 0.9767 -0.0108 0.2144
vn 0.9765 -0.0239 0.2143
vn 0.9846 -0.0196 0.1738
vn 0.5606 -0.8174 -0.1324
vn 0.5742 -0.8187 -0.0000
vn 0.2844 -0.9587 -0.0000
vn 0.2759 -0.9490 -0.1526
vn 0.9462 -0.2823 0.1579
vn 0.9605 -0.2781 -0.0000
vn 0.9956 -0.0938 -0.0000
vn 0.9848 -0.0982 0.1430
vn 0.9260 -0.0807 0.3689
vn 0.7229 0.0109 0.6909
vn 0.9749 -0.0065 -0.2224
vn 0.9965 -0.0022 -0.0831
vn 0.9971 -0.0109 -0.0749
vn 0.9762 -0.0326 -0.2142
vn 0.3892 0.1415 0.9102
vn 0.1335 0.2274 0.9646
vn 0.0321 0.2529 0.9670
vn 0.0114 0.0677 0.9976
vn 0.9975 -0.0502 0.0500
vn 0.9760 -0.1585 0.1491
vn 0.9755 -0.1238 0.1817
vn 0.9976 -0.0371 0.0582
vn 0.0979 0.0328 -0.9947
vn 0.0829 -0.0415 -0.9957
vn 0.0114 0.0677 -0.9976
vn 0.0554 -0.9854 -0.1611
vn 0.0814 -0.9387 -0.3351
vn 0.1365 -0.9262 -0.3516
vn 0.1049 -0.9789 -0.1756
vn -0.4788 -0.6605 0.5783
vn -0.6277 -0.5939 0.5032
vn -0.4689 -0.3467 0.8124
vn -0.4108 -0.4066 0.8161
vn -0.0000 0.0065 -1.0000
vn 0.9988 -0.0459 -0.0167
vn 0.9989 -0.0328 -0.0333
vn 0.9997 -0.0196 -0.0167
vn 0.9995 -0.0284 -0.0168
vn 1.0000 0.0066 -0.0000
vn 0.9960 0.0894 -0.0000
vn 0.9956 0.0938 -0.0000
vn 1.0000 0.0067 -0.0000
vn 0.9792 -0.1456 0.1410
vn 0.9775 -0.1973 0.0750
vn 0.9968 -0.0764 0.0250
vn 0.9973 -0.0546 0.0500
vn 0.2790 -0.1847 0.9424
vn 0.5606 -0.3404 0.7549
vn 0.0094 0.2528 -0.9675
vn -0.4683 -0.1597 -0.8690
vn -0.6224 -0.3366 -0.7066
vn -0.8552 -0.1469 -0.4971
vn -0.7302 -0.0398 -0.6820
vn 0.9994 -0.0327 -0.0082
vn 0.9995 -0.0328 -0.0000
vn 0.9985 -0.0546 -0.0000
vn 0.9987 -0.0502 -0.0083
vn -0.6200 0.1870 0.7620
vn -0.6343 0.1504 0.7583
vn -0.7818 0.1870 0.5948
vn -0.7783 0.2203 0.5880
vn -0.0037 0.2486 0.9686
vn 0.0019 0.2529 0.9675
vn 0.0169 0.5544 0.8320
vn 0.0019 0.5544 0.8323
vn -0.0056 0.4911 0.8711
vn -0.0001 0.1975 0.9803
vn 0.9871 -0.1458 -0.0667
vn 0.9785 -0.1888 -0.0832
vn 0.9853 -0.1674 -0.0334
vn 0.9966 -0.0807 -0.0167
vn -0.9729 0.0196 0.2303
vn -0.9597 0.2781 -0.0416
vn -0.8633 0.4384 0.2499
vn -0.6855 0.5873 0.4304
vn 0.3938 -0.8836 0.2532
vn 0.6386 -0.6657 0.3860
vn 0.5462 -0.6060 0.5783
vn 0.3711 -0.8377 0.4007
vn 0.0750 0.8405 0.5365
vn 0.0320 0.8429 0.5371
vn 0.0358 0.5581 0.8290
vn 0.9996 0.0110 0.0251
vn 0.9989 0.0196 0.0417
vn 0.9987 0.0066 0.0499
vn 0.9994 0.0065 0.0332
vn 0.9950 0.0022 0.0997
vn 0.9987 0.0021 0.0501
vn 0.9957 0.0153 0.0914
vn 0.4728 0.4488 0.7584
vn 0.2217 0.5361 0.8145
vn 0.7698 0.2865 0.5704
vn 0.9390 0.1458 0.3114
vn 0.9874 0.1112 0.1130
vn -0.6004 0.7859 0.1480
vn -0.6129 0.7339 0.2929
vn -0.3863 0.8438 0.3724
vn -0.3771 0.9068 0.1885
vn -0.0112 0.9724 -0.2329
vn -0.0036 0.8910 -0.4539
vn -0.0388 0.8933 -0.4478
vn -0.0480 0.9716 -0.2318
vn -0.7426 -0.3624 0.5632
vn -0.7489 -0.5702 0.3377
vn -0.8771 -0.2069 0.4334
vn -0.9729 0.0195 0.2305
vn -0.2810 -0.9492 0.1414
vn -0.3981 -0.9084 0.1274
vn -0.4952 -0.8201 0.2868
vn -0.3907 -0.8618 0.3234
vn 0.9947 -0.1025 -0.0000
vn 0.9947 -0.1024 -0.0084
vn 0.2074 -0.9456 0.2508
vn 0.1049 -0.9789 0.1755
vn 0.0951 -0.9912 0.0917
vn 0.1999 -0.9695 0.1417
vn -0.5353 0.2576 -0.8044
vn -0.5399 0.2697 -0.7974
vn 0.9955 -0.0240 0.0914
vn 0.9853 -0.0413 0.1656
vn 0.9862 -0.0719 0.1492
vn 0.9957 -0.0415 0.0831
vn 0.9147 0.3362 0.2242
vn 0.9329 0.3444 0.1054
vn 0.9928 0.1194 -0.0001
vn 0.9874 0.1112 -0.1130
vn 0.9329 0.3444 -0.1054
vn 0.9388 0.3444 -0.0000
vn 0.9147 0.3363 -0.2243
vn 0.9390 0.1458 -0.3115
vn 0.7827 0.5137 0.3513
vn 0.5500 0.6938 0.4649
vn 0.3170 0.7954 0.5166
vn 0.1632 0.8309 0.5319
vn 0.0886 0.5581 0.8250
vn 0.9993 -0.0371 -0.0000
vn 0.9996 -0.0285 -0.0001
vn 0.9996 -0.0284 -0.0000
vn 0.9977 0.0589 0.0332
vn 0.9981 0.0459 0.0416
vn 0.9786 0.1499 0.1409
vn 0.9769 0.1844 0.1079
vn 0.7827 0.5139 -0.3512
vn 0.9146 0.3364 -0.2242
vn 0.9328 0.3446 -0.1054
vn -0.8726 -0.4873 -0.0334
vn -0.9825 -0.1848 -0.0250
vn -0.9820 -0.1890 -0.0042
vn -0.8732 -0.4873 -0.0000
vn 0.9994 -0.0327 -0.0083
vn 0.9996 -0.0283 -0.0083
vn 0.0308 0.0732 -0.9968
vn 0.0651 0.0614 -0.9960
vn 0.0616 0.0060 -0.9981
vn 0.9995 -0.0284 -0.0166
vn 0.9997 -0.0240 -0.0084
vn 0.3171 0.7955 0.5164
vn 0.5500 0.6939 0.4647
vn 0.5985 0.7793 0.1857
vn 0.3820 0.8985 0.2163
vn 0.8406 -0.1415 -0.5229
vn 0.8268 -0.2528 -0.5026
vn 0.9374 -0.2781 -0.2098
vn 0.9621 -0.1545 -0.2245
vn 0.9960 0.0894 -0.0083
vn 1.0000 -0.0065 -0.0000
vn 1.0000 -0.0023 0.0001
vn 0.9962 0.0852 -0.0169
vn -0.3218 -0.9468 -0.0042
vn -0.2634 -0.9647 -0.0041
vn -0.2628 -0.9545 0.1410
vn -0.3167 -0.9378 0.1419
vn 0.4033 0.9151 -0.0000
vn 0.9994 -0.0024 -0.0332
vn 0.8010 0.5832 0.1351
vn 0.9328 0.3447 0.1054
vn 0.9387 0.3446 -0.0000
vn -0.5934 -0.7481 -0.2970
vn -0.5211 -0.6497 -0.5535
vn -0.3352 -0.7329 -0.5921
vn -0.4015 -0.8551 -0.3279
vn 0.7827 0.5139 0.3511
vn 0.9146 0.3364 0.2242
vn 0.1259 -0.8469 -0.5166
vn 0.1261 -0.9311 -0.3422
vn 0.6657 -0.7023 -0.2521
vn 0.6768 -0.6302 -0.3805
vn -0.0481 0.9946 -0.0916
vn -0.0112 0.9958 -0.0906
vn 0.9688 -0.2443 -0.0416
vn 0.9675 -0.2528 -0.0000
vn 0.9967 -0.0807 -0.0000
vn 0.9970 -0.0763 -0.0084
vn 0.1177 -0.9931 0.0001
vn 0.2844 -0.9587 0.0001
vn 0.2762 -0.9488 0.1529
vn 0.1110 -0.9800 0.1650
vn 0.3171 0.7955 -0.5164
vn 0.1633 0.8311 -0.5316
vn 0.2150 0.9496 -0.2283
vn 0.3820 0.8985 -0.2162
vn 0.9950 -0.0022 0.0998
vn 0.9949 -0.0109 0.0998
vn 0.9894 0.0589 0.1327
vn 0.9819 0.0762 0.1737
vn 0.9817 0.1370 0.1327
vn 0.9897 0.1024 0.0997
vn 0.5500 0.6939 -0.4647
vn 0.9976 0.0197 0.0666
vn 0.9994 0.0065 0.0334
vn 0.0339 -0.9807 0.1924
vn 0.1442 -0.9713 0.1893
vn 0.1686 -0.8744 0.4551
vn 0.0490 -0.8806 0.4713
vn 0.6561 -0.7444 0.1244
vn 0.6657 -0.7023 0.2522
vn 0.8439 -0.0807 -0.5303
vn 0.8449 -0.0720 -0.5301
vn 0.5537 -0.0459 -0.8314
vn 0.5538 -0.0546 -0.8309
vn 0.9765 -0.0239 -0.2143
vn 0.9767 -0.0107 -0.2145
vn 0.9848 -0.0065 -0.1738
vn 0.9846 -0.0196 -0.1737
vn 0.0751 0.8407 -0.5363
vn 0.1039 0.9669 -0.2330
vn 0.2149 0.9496 -0.2283
vn 0.0320 0.8430 -0.5369
vn 0.0428 0.9714 -0.2334
vn 0.0512 0.9941 -0.0951
vn 0.1166 0.9889 -0.0925
vn 0.0942 0.9675 -0.2347
vn 0.1117 0.9641 -0.2409
vn 0.1773 0.0338 -0.9836
vn 0.3839 0.0341 -0.9228
vn 0.3842 -0.0222 -0.9230
vn 0.1774 -0.0258 -0.9838
vn 0.2295 0.9733 -0.0000
vn 0.1092 0.9940 -0.0000
vn 0.1039 0.9669 0.2331
vn 0.2150 0.9496 0.2283
vn -0.1187 -0.2387 0.9638
vn 0.0103 -0.1128 0.9936
vn 0.7971 -0.3893 -0.4617
vn 0.7033 -0.5938 -0.3909
vn 0.9987 -0.0109 0.0500
vn 0.9987 -0.0064 0.0501
vn 0.9950 -0.0109 0.0997
vn -0.2650 -0.4695 0.8422
vn 0.0149 0.9723 0.2333
vn 0.0038 0.9691 0.2465
vn -0.0038 0.8162 0.5777
vn 0.0094 0.8430 0.5378
vn 0.9761 -0.1585 -0.1490
vn 0.9743 -0.1930 -0.1163
vn 0.9977 -0.0589 -0.0329
vn 0.9975 -0.0502 -0.0499
vn 0.7993 -0.3771 -0.4679
vn 0.8914 -0.4093 -0.1948
vn 0.9373 -0.2782 -0.2098
vn 0.8267 -0.2529 -0.5026
vn 0.5788 0.8048 0.1318
vn 0.2901 0.9448 0.1522
vn 0.2572 0.9118 0.3200
vn 0.5347 0.7920 0.2947
vn 0.5848 -0.0062 0.8111
vn 0.2984 -0.0061 0.9544
vn 0.2794 -0.2009 0.9389
vn 0.5703 -0.1697 0.8037
vn 0.0427 0.9714 0.2334
vn 0.0437 0.9990 -0.0000
vn 0.7138 -0.5029 -0.4875
vn 0.7101 -0.6509 -0.2685
vn 0.0793 0.7336 0.6749
vn 0.1837 0.7237 0.6653
vn 0.2136 0.8423 0.4949
vn 0.0895 0.8535 0.5134
vn 0.9994 -0.0065 -0.0334
vn 0.9996 -0.0153 -0.0249
vn 0.9988 -0.0240 -0.0416
vn 0.0094 0.8430 -0.5378
vn 0.0150 0.9723 -0.2333
vn 0.9950 -0.0981 -0.0167
vn 0.9951 -0.0894 -0.0416
vn 0.8066 -0.3577 -0.4706
vn 0.6556 -0.3260 -0.6811
vn 0.6877 -0.1598 -0.7082
vn 0.8518 -0.1553 -0.5003
vn 0.9971 -0.0720 -0.0250
vn 0.9993 -0.0372 -0.0000
vn 0.9994 -0.0328 -0.0083
vn 0.9950 0.0022 0.0998
vn 0.9848 0.0022 0.1737
vn 0.6657 0.0270 -0.7457
vn 0.3843 0.0905 -0.9188
vn 0.6629 0.0725 -0.7452
vn 0.6867 0.4231 -0.5912
vn 0.6732 0.2985 -0.6765
vn 0.9748 0.0848 -0.2063
vn 0.9775 0.1196 -0.1737
vn 0.8883 -0.0107 0.4591
vn 0.8845 0.0193 0.4661
vn 0.6657 0.0273 0.7457
vn 0.6659 -0.0187 0.7458
vn -0.6159 -0.1665 -0.7700
vn -0.6101 -0.1663 -0.7747
vn -0.5670 0.0063 -0.8237
vn -0.5789 0.0061 -0.8154
vn 0.0974 -0.4034 -0.9098
vn 0.1116 -0.2152 -0.9702
vn 0.2795 -0.2009 -0.9389
vn 0.2447 -0.3829 -0.8908
vn -0.9628 0.2697 0.0166
vn -0.9613 0.2739 0.0291
vn -0.9802 0.1974 0.0166
vn -0.9803 0.1974 0.0084
vn -0.8765 0.4756 -0.0748
vn -0.8729 0.4672 -0.1407
vn -0.6956 0.6742 -0.2481
vn -0.6966 0.7052 -0.1322
vn 0.9994 0.0021 0.0332
vn 0.9994 -0.0020 0.0332
vn 0.9997 0.0022 0.0250
vn 0.9994 -0.0109 0.0333
vn 0.9997 -0.0065 0.0249
vn 0.9996 -0.0109 0.0249
vn 0.9996 -0.0153 0.0250
vn 0.9995 0.0284 -0.0167
vn 0.9977 0.0589 -0.0333
vn 0.9981 0.0459 -0.0416
vn 0.9997 0.0197 -0.0167
vn 0.9719 -0.2230 -0.0749
vn 0.0567 -0.6112 0.7894
vn 0.0490 -0.8805 0.4715
vn 0.1686 -0.8742 0.4553
vn 0.2161 -0.6215 0.7530
vn 0.3839 0.0341 0.9227
vn 0.3842 -0.0222 0.9230
vn -0.5490 0.8358 -0.0000
vn -0.6986 0.7156 -0.0000
vn -0.6999 0.7122 -0.0539
vn -0.5495 0.8331 -0.0622
vn 0.0643 -0.2823 0.9572
vn 0.2463 -0.3074 0.9192
vn -0.3168 -0.9378 0.1419
vn -0.2950 -0.8930 0.3400
vn -0.4015 -0.8551 0.3279
vn -0.4258 -0.8952 0.1317
vn -0.0034 -0.1088 -0.9941
vn -0.1187 -0.2387 -0.9638
vn 0.5583 -0.0764 0.8261
vn 0.5537 -0.0459 0.8314
vn 0.2393 -0.0197 0.9707
vn 0.2465 -0.0328 0.9686
vn 0.2393 -0.0241 0.9707
vn 0.5538 -0.0546 0.8309
vn 0.2447 -0.0458 0.9685
vn 0.5552 -0.0981 0.8259
vn 0.2486 -0.0807 0.9652
vn 0.1845 -0.1568 0.9702
vn 0.1956 -0.3933 0.8984
vn 0.4168 -0.3644 0.8328
vn 0.3943 -0.1467 0.9072
vn 0.9964 -0.0851 0.0001
vn 0.9964 -0.0851 0.0004
vn -0.2587 -0.9038 -0.3409
vn -0.2628 -0.9545 -0.1410
vn -0.3167 -0.9378 -0.1419
vn -0.2950 -0.8930 -0.3400
vn 0.8952 -0.4406 -0.0665
vn 0.9752 -0.2188 -0.0332
vn 0.9747 -0.2232 -0.0084
vn 0.8936 -0.4486 -0.0167
vn -0.5939 -0.7478 0.2969
vn -0.5211 -0.6497 0.5535
vn -0.8163 -0.5300 0.2298
vn 0.8440 -0.0807 0.5303
vn 0.8404 -0.1416 0.5231
vn 0.8449 -0.0720 0.5301
vn 0.5583 -0.0763 -0.8261
vn 0.2465 -0.0328 -0.9686
vn 0.2393 -0.0197 -0.9707
vn 0.8436 -0.1199 0.5234
vn -0.2300 -0.4982 -0.8360
vn -0.3952 -0.4478 -0.8020
vn 0.5420 -0.3526 0.7628
vn 0.5611 -0.1674 0.8107
vn 0.2520 -0.1112 0.9613
vn 0.4721 -0.6147 0.6319
vn -0.2242 -0.7639 0.6052
vn -0.3303 -0.7295 0.5989
vn -0.2651 -0.4697 0.8420
vn -0.1473 -0.5110 0.8468
vn 0.9977 -0.0677 -0.0000
vn 0.9728 -0.2317 -0.0000
vn 0.9682 -0.2358 -0.0831
vn 0.9955 -0.0677 -0.0666
vn 0.9997 0.0065 -0.0250
vn 0.9994 0.0066 -0.0333
vn 0.9994 0.0024 -0.0335
vn 0.9997 0.0022 -0.0250
vn 0.9748 0.2231 -0.0000
vn 0.9980 0.0633 -0.0000
vn 0.9955 0.0677 -0.0666
vn 0.9709 0.2273 -0.0748
vn 0.8350 -0.2231 0.5031
vn 0.9996 -0.0284 0.0001
vn 0.9976 0.0197 -0.0666
vn 0.9978 0.0328 -0.0582
vn 0.7923 -0.5395 -0.2848
vn 0.5157 -0.7990 -0.3093
vn 0.4305 -0.7538 -0.4965
vn 0.6667 -0.5413 -0.5123
vn 0.9988 0.0459 -0.0167
vn 0.9958 0.0851 -0.0333
vn 0.9950 0.0981 -0.0167
vn 0.9987 0.0505 -0.0079
vn 0.0679 -0.0109 -0.9976
vn 0.2447 -0.0457 -0.9685
vn 0.1393 0.5816 0.8015
vn 0.6866 0.4231 0.5912
vn 0.0038 -0.8806 0.4738
vn 0.0038 -0.9807 0.1953
vn 0.9960 -0.0895 -0.0083
vn 1.0000 -0.0066 -0.0000
vn 1.0000 -0.0023 -0.0001
vn 0.0044 -1.0000 -0.0000
vn 0.0350 -0.9994 -0.0000
vn -0.9333 -0.2172 0.2858
vn -0.9634 -0.2354 0.1285
vn 0.6761 -0.4225 -0.6036
vn 0.6813 -0.5348 -0.4998
vn 0.9755 -0.1238 -0.1817
vn -0.2348 -0.7613 -0.6043
vn -0.2949 -0.8930 -0.3400
vn 0.9445 -0.2528 0.2097
vn 0.9641 -0.1416 0.2245
vn 0.9653 -0.2610 0.0001
vn 0.9893 -0.1459 -0.0000
vn 0.9996 0.0109 0.0250
vn 0.9997 0.0064 0.0250
vn 0.9965 0.0022 0.0831
vn 0.9965 -0.0022 0.0831
vn 1.0000 0.0022 -0.0083
vn 1.0000 -0.0022 -0.0084
vn -0.0752 -0.0932 0.9928
vn -0.0480 -0.0059 0.9988
vn -0.1365 0.0179 0.9905
vn -0.1743 -0.0693 0.9823
vn 0.1039 0.9357 0.3370
vn 0.5957 -0.8032 -0.0000
vn 0.7994 -0.6007 0.0001
vn -0.8403 -0.0234 -0.5415
vn -0.6974 -0.1227 -0.7061
vn -0.6655 0.0353 -0.7456
vn -0.8087 0.0952 -0.5804
vn 0.9124 -0.4094 -0.0000
vn 0.9967 -0.0808 -0.0000
vn 0.0351 0.9843 -0.1728
vn 0.0349 0.9994 -0.0000
vn 0.1220 0.9925 -0.0000
vn 0.1180 0.9792 -0.1651
vn -0.9999 0.0022 -0.0166
vn -0.9988 0.0021 -0.0499
vn -0.9634 -0.2354 -0.1285
vn -0.9708 -0.2357 -0.0457
vn -0.2348 -0.7613 0.6043
vn -0.3352 -0.7329 0.5921
vn 0.0464 0.2228 -0.9738
vn 0.0559 0.4404 -0.8960
vn 0.0976 0.4407 -0.8923
vn 0.0807 0.2228 -0.9715
vn 0.9593 -0.2823 -0.0000
vn 0.9374 -0.2781 0.2098
vn 0.9621 -0.1545 0.2245
vn 0.9880 -0.1546 0.0001
vn 0.7891 -0.5938 -0.1572
vn 0.8948 -0.4053 -0.1874
vn -0.5549 0.0920 -0.8268
vn -0.5610 0.0922 -0.8227
vn 0.0130 0.9999 -0.0000
vn -0.9356 0.1702 -0.3094
vn -0.9530 0.1103 -0.2822
vn 0.4469 0.8946 -0.0000
vn 0.2547 0.9670 -0.0000
vn 0.2526 0.9641 0.0818
vn 0.4454 0.8922 0.0746
vn 0.2526 0.9641 -0.0818
vn 0.1403 0.9863 -0.0872
vn 0.1435 0.9897 -0.0000
vn 0.0273 -0.1561 0.9874
vn 0.0435 -0.3918 0.9190
vn 0.0314 -0.3993 0.9163
vn 0.0395 -0.1600 0.9863
vn 0.4824 -0.1520 0.8627
vn 0.3040 -0.1338 0.9432
vn 0.2969 -0.2602 0.9188
vn 0.4678 -0.2915 0.8344
vn 0.0824 -0.2189 0.9723
vn 0.0770 -0.0851 0.9934
vn -0.0051 -0.0772 0.9970
vn -0.0103 -0.2071 0.9783
vn 0.9997 0.0197 -0.0166
vn 0.9997 0.0153 -0.0166
vn 0.9997 0.0240 -0.0084
vn 0.0340 -0.9807 -0.1924
vn 0.0490 -0.8806 -0.4713
vn 0.1686 -0.8743 -0.4551
vn 0.0733 0.6777 -0.7317
vn 0.0161 0.6869 -0.7266
vn 0.5927 -0.7928 -0.1422
vn 0.3781 -0.8383 -0.3928
vn 0.5738 -0.7654 -0.2913
vn 0.0360 -0.1482 -0.9883
vn 0.0272 -0.1561 -0.9874
vn 0.0434 -0.3918 -0.9190
vn 0.0763 -0.3841 -0.9201
vn 1.0000 -0.0022 0.0083
vn 0.9965 0.0066 -0.0831
vn 0.9963 0.0196 -0.0831
vn 1.0000 -0.0022 0.0001
vn -0.2332 -0.9618 0.1437
vn -0.2210 -0.9753 -0.0042
vn -0.2591 -0.9658 -0.0042
vn 0.1716 -0.2352 0.9567
vn 0.1576 -0.5075 0.8471
vn 0.2610 -0.5171 0.8152
vn 0.8349 -0.2231 -0.5031
vn 0.5610 -0.1674 -0.8107
vn 0.5283 0.3487 -0.7741
vn 0.5730 0.1615 -0.8035
vn 0.2841 0.1891 -0.9400
vn 0.2582 0.3831 -0.8869
vn 0.3782 -0.8382 -0.3929
vn 0.1686 -0.8742 -0.4553
vn -0.2933 0.0579 0.9543
vn -0.3514 -0.0221 0.9360
vn 0.0885 -0.9952 0.0409
vn 0.0870 -0.9962 -0.0000
vn 0.0320 0.8430 0.5369
vn 0.0751 0.8407 0.5363
vn 0.2520 -0.1112 -0.9613
vn 0.6761 -0.4225 0.6036
vn 0.6642 -0.3062 0.6820
vn 0.9727 -0.0891 0.2142
vn 0.6385 -0.6657 -0.3862
vn 0.5462 -0.6061 -0.5782
vn 0.0776 -0.7245 -0.6848
vn 0.0849 -0.5704 -0.8170
vn 0.2018 -0.5549 -0.8071
vn 0.1752 -0.7142 -0.6776
vn 0.9727 -0.0891 -0.2142
vn 0.9976 -0.0371 -0.0582
vn 0.9975 -0.0240 -0.0665
vn 0.8266 -0.2528 -0.5028
vn 0.8404 -0.1415 -0.5231
vn 0.5553 -0.0982 -0.8259
vn 0.5530 -0.1760 -0.8144
vn -0.2242 -0.7639 -0.6052
vn -0.2853 -0.8968 -0.3382
vn -0.3514 -0.0220 -0.9360
vn -0.1743 -0.0693 -0.9823
vn -0.2545 -0.2243 -0.9407
vn -0.7555 0.2402 -0.6095
vn -0.7194 0.3085 -0.6223
vn -0.4538 0.2951 -0.8408
vn -0.4843 0.1962 -0.8526
vn 0.9858 -0.1545 -0.0666
vn 0.9749 -0.2188 -0.0416
vn -0.1196 0.0654 -0.9907
vn -0.2669 0.1016 -0.9583
vn -0.2438 0.1492 -0.9583
vn 0.2393 -0.0240 -0.9707
vn 0.0679 -0.0065 -0.9977
vn 0.0679 -0.0066 -0.9977
vn 0.0678 -0.0152 -0.9976
vn 0.0697 -0.0808 -0.9943
vn 0.0642 -0.2823 -0.9572
vn -0.1273 0.8926 -0.4324
vn -0.0752 0.8937 -0.4422
vn -0.0646 0.7029 -0.7083
vn -0.1200 0.7068 -0.6971
vn 0.9767 0.0065 0.2143
vn 0.9859 0.0240 0.1656
vn 0.9780 0.0326 0.2061
vn 0.9862 0.0022 0.1656
vn -0.0480 -0.0059 -0.9988
vn -0.1373 0.0181 -0.9904
vn 0.0567 -0.6112 -0.7894
vn 0.0490 -0.8805 -0.4715
vn 0.0038 -0.8805 -0.4740
vn 0.9694 -0.0848 0.2305
vn 0.9955 -0.0677 0.0666
vn 0.9978 -0.0021 0.0666
vn 0.9750 -0.0022 0.2223
vn 0.9683 -0.2358 0.0831
vn 0.9728 -0.2316 -0.0000
vn -0.4682 -0.1597 0.8690
vn -0.2544 -0.2243 0.9407
vn -0.6212 0.0598 0.7813
vn -0.7303 -0.0398 0.6820
vn 0.0113 -0.0721 -0.9973
vn 0.0077 -0.0065 -0.9999
vn 0.9971 -0.0152 -0.0748
vn 0.9718 -0.0499 -0.2304
vn 0.9860 -0.1197 -0.1163
vn 0.0075 -0.0021 -1.0000
vn 0.0479 -0.0337 -0.9983
vn -0.8552 -0.1468 0.4971
vn -0.6224 -0.3366 0.7066
vn -0.3951 -0.4476 0.8022
vn -0.0269 0.6964 0.7172
vn -0.0387 0.8933 0.4478
vn 0.9975 -0.0240 0.0663
vn 0.0410 0.0376 0.9984
vn 0.0412 0.0972 0.9944
vn -0.9197 0.2210 0.3246
vn -0.9258 0.2425 0.2899
vn -0.5444 0.1691 0.8216
vn -0.5531 0.1287 0.8231
vn -0.0000 -0.0066 -1.0000
vn 0.0075 -0.0022 -1.0000
vn 0.1743 -0.1092 0.9786
vn -0.1324 -0.2543 0.9580
vn -0.0638 -0.2695 0.9609
vn -0.0172 -0.1088 0.9939
vn 0.9737 -0.2274 0.0167
vn 0.9838 -0.1760 0.0333
vn 0.9749 -0.2188 0.0417
vn 0.9835 -0.1803 0.0166
vn 0.8847 0.4643 0.0416
vn 0.6894 0.7214 0.0664
vn 0.6919 0.7048 0.1566
vn 0.8882 0.4484 0.0997
vn 0.8929 -0.0708 -0.4446
vn 0.8997 -0.1735 -0.4005
vn -0.2344 0.2593 0.9369
vn -0.4535 0.2950 0.8410
vn -0.2438 0.1492 0.9583
vn -0.1147 0.1169 0.9865
vn 0.4426 0.7548 0.4842
vn 0.3390 0.6921 0.6373
vn 0.0733 0.6775 0.7319
vn 0.0162 0.6867 0.7268
vn 0.0695 0.3957 0.9158
vn 0.0886 0.3883 0.9173
vn 0.9879 0.1111 0.1080
vn 0.9863 0.1544 0.0582
vn 0.9791 0.1890 0.0750
vn 0.9817 0.1370 0.1326
vn 0.4313 -0.5382 0.7241
vn 0.2018 -0.5549 0.8071
vn 0.1752 -0.7142 0.6777
vn 0.3256 -0.6850 0.6518
vn -0.0000 -0.0109 -0.9999
vn -0.1132 0.4445 0.8886
vn -0.2220 0.4612 0.8591
vn -0.1081 0.2347 0.9660
vn -0.0396 0.2149 0.9758
vn -0.4535 0.2950 -0.8410
vn -0.4840 0.1962 -0.8528
vn -0.4268 0.4677 -0.7740
vn -0.2344 0.2592 -0.9369
vn 0.9838 -0.1760 -0.0334
vn -0.7575 -0.4749 -0.4480
vn -0.6226 -0.3367 -0.7064
vn -0.0487 0.4330 0.9001
vn -0.0645 0.7027 0.7085
vn -0.1200 0.7066 0.6974
vn -0.0488 0.4330 -0.9001
vn -0.0646 0.7027 -0.7085
vn -0.9738 0.2274 0.0041
vn -0.8169 0.5760 0.0291
vn -0.8199 0.5725 -0.0042
vn -0.9758 0.2189 -0.0000
vn -0.9570 0.2780 -0.0832
vn -0.9515 0.2777 -0.1327
vn 0.0075 -0.0065 1.0000
vn 0.9977 -0.0589 0.0329
vn 0.9743 -0.1929 0.1163
vn -0.0000 0.0066 1.0000
vn 0.0037 0.0721 0.9974
vn -0.0038 0.0720 0.9974
vn -0.0017 0.0459 0.9989
vn -0.5164 0.1565 0.8419
vn -0.2669 0.1016 0.9583
vn -0.4841 0.1962 0.8528
vn 0.7023 -0.7023 -0.1162
vn 0.4514 -0.8787 -0.1556
vn 0.0505 0.4031 -0.9137
vn 0.1071 0.6683 -0.7362
vn 0.0734 0.6775 -0.7319
vn 0.0395 0.1875 -0.9815
vn 0.0886 0.3883 -0.9173
vn 0.5137 -0.3521 -0.7824
vn 0.5706 -0.1696 -0.8035
vn 0.8848 0.4641 0.0416
vn 0.8883 0.4482 0.0997
vn 0.9997 -0.0066 -0.0251
vn 0.9994 -0.0109 -0.0333
vn 0.9996 -0.0153 -0.0250
vn 0.9996 -0.0109 -0.0249
vn -0.6039 0.7952 0.0541
vn -0.6095 0.7928 -0.0000
vn 0.9972 -0.0328 -0.0666
vn 0.9970 -0.0197 -0.0749
vn 0.9869 -0.0370 -0.1572
vn 0.9888 -0.0676 -0.1328
vn -0.3771 0.9068 -0.1885
vn -0.3863 0.8438 -0.3724
vn -0.6129 0.7339 -0.2929
vn -0.6003 0.7859 -0.1481
vn 0.0001 0.2031 0.9792
vn 0.0017 0.0851 0.9964
vn 0.0307 0.0732 0.9968
vn 0.0309 0.1914 0.9810
vn 0.0650 0.0614 0.9960
vn 0.0686 0.1798 0.9813
vn 0.0772 0.1758 0.9814
vn 0.0308 0.0732 0.9968
vn -0.9570 0.2779 0.0831
vn -0.9515 0.2776 0.1325
vn -0.9765 0.2145 -0.0208
vn -0.9794 0.2018 -0.0042
vn 0.0772 0.1758 -0.9814
vn 0.0094 0.2529 0.9675
vn 0.9873 0.0241 0.1573
vn 0.7041 -0.7093 0.0334
vn 0.8935 -0.4488 0.0167
vn 0.8951 -0.4408 0.0666
vn 0.7022 -0.7024 0.1162
vn 0.0275 0.0214 -0.9994
vn 0.0650 0.0614 -0.9960
vn 0.9947 0.1025 -0.0083
vn 0.9985 0.0545 -0.0001
vn 0.9699 0.2401 0.0416
vn 0.9729 0.2187 0.0748
vn 0.6723 0.6961 0.2519
vn 0.6595 0.7414 0.1241
vn 0.0883 0.5581 -0.8250
vn 0.1335 0.2274 -0.9646
vn 0.0321 0.2529 -0.9670
vn -0.7782 0.2203 -0.5880
vn -0.6200 0.1870 -0.7620
vn -0.6248 0.2806 -0.7286
vn -0.7902 0.2912 -0.5392
vn -0.0056 0.4911 -0.8711
vn -0.9727 0.1671 -0.1613
vn -0.9857 0.1414 -0.0915
vn -0.0038 0.8161 -0.5780
vn 0.0094 0.8429 -0.5380
vn 0.9810 -0.1413 -0.1327
vn -0.0428 0.0416 -0.9982
vn 0.4302 -0.7539 0.4965
vn 0.2041 -0.8394 0.5038
vn 0.2449 -0.9132 0.3257
vn 0.5155 -0.7991 0.3094
vn -0.1291 0.9658 -0.2247
vn -0.0786 0.9708 -0.2267
vn 0.0320 0.8429 -0.5371
vn -0.0825 0.9923 0.0924
vn -0.0786 0.9708 0.2267
vn -0.0481 0.9716 0.2318
vn -0.0480 0.9946 0.0916
vn 0.0392 0.9951 -0.0912
vn 0.0393 0.9992 -0.0000
vn 0.0786 0.9969 -0.0000
vn 0.0800 0.9929 -0.0884
vn 0.0360 0.5580 -0.8291
vn 0.0462 0.2228 0.9738
vn 0.0558 0.4405 0.8960
vn 0.0279 0.4403 0.8974
vn 0.0257 0.2227 0.9745
vn 0.9995 0.0284 0.0167
vn 0.9997 0.0196 0.0166
vn 0.0737 -0.1601 0.9843
vn 0.0730 -0.3995 0.9138
vn 0.1633 0.8309 -0.5319
vn 0.0750 0.8405 -0.5366
vn 0.0036 0.7088 -0.7054
vn 0.0018 0.8993 -0.4373
vn 0.0092 0.8993 -0.4372
vn 0.0108 0.7088 -0.7053
vn 0.1150 0.2074 -0.9715
vn 0.1230 -0.0061 -0.9924
vn 0.0342 -0.0059 -0.9994
vn 0.0360 0.2150 -0.9760
vn 0.1110 -0.9800 -0.1650
vn 0.8450 -0.0720 0.5299
vn 0.8437 -0.1198 0.5233
vn 0.9641 -0.1415 0.2245
vn 0.9707 -0.0851 0.2246
vn 0.9704 -0.0895 0.2245
vn 0.8441 -0.0807 0.5301
vn 0.9964 -0.0852 -0.0000
vn 0.9960 -0.0893 0.0001
vn -0.0000 -1.0000 0.0001
vn 0.0038 -0.9807 -0.1953
vn 0.0108 0.7087 -0.7055
vn 0.0139 0.4403 -0.8977
vn 0.0069 0.4403 -0.8978
vn 0.0036 0.7086 -0.7056
vn 0.5729 0.1616 0.8036
vn 0.2841 0.1891 0.9399
vn 0.1227 -0.0060 0.9924
vn 0.0343 -0.0060 0.9994
vn 0.0327 -0.2227 0.9743
vn 0.1116 -0.2152 0.9702
vn 0.0369 0.8974 -0.4397
vn 0.0324 0.7089 -0.7046
vn 0.0324 0.7087 0.7048
vn 0.0611 0.7089 0.7026
vn 0.2009 -0.6929 -0.6925
vn 0.0719 -0.7059 -0.7047
vn 0.0730 -0.3995 -0.9138
vn 0.1955 -0.3934 -0.8983
vn -0.0070 -0.5025 0.8645
vn 0.0738 -0.5064 0.8591
vn 0.9972 -0.0327 -0.0665
vn 0.9975 -0.0502 -0.0500
vn 0.0990 0.4035 -0.9096
vn 0.2672 -0.9636 -0.0000
vn 0.2580 -0.9644 -0.0579
vn 0.4638 -0.8845 -0.0499
vn 0.4698 -0.8828 -0.0000
vn 0.0611 0.7091 -0.7024
vn 0.0718 0.8957 -0.4388
vn 0.1274 0.8926 -0.4324
vn 0.1164 0.7068 -0.6978
vn 0.0655 -0.9979 -0.0000
vn 0.0566 -0.9961 -0.0670
vn 0.1217 -0.9905 -0.0646
vn 0.1351 -0.9908 -0.0000
vn 0.8406 -0.1415 0.5229
vn 0.8441 -0.0807 -0.5301
vn 0.9704 -0.0895 -0.2245
vn 0.8267 -0.2528 0.5026
vn -0.2172 0.9727 -0.0814
vn -0.2167 0.9537 -0.2084
vn -0.3769 0.9069 -0.1885
vn -0.3803 0.9215 -0.0785
vn 0.1181 0.9792 0.1651
vn 0.0801 0.9929 0.0884
vn 0.1403 0.9863 0.0871
vn -0.7389 -0.6572 0.1489
vn -0.7370 -0.6746 0.0417
vn -0.8726 -0.4873 0.0334
vn -0.2853 -0.8968 0.3382
vn -0.9707 -0.2360 -0.0458
vn -0.9633 -0.2357 -0.1286
vn -0.8163 -0.5299 -0.2298
vn -0.8355 -0.5431 -0.0832
vn 0.9445 -0.2528 -0.2096
vn 0.6988 -0.2873 0.6550
vn 0.6796 -0.1141 0.7246
vn 0.0895 0.8535 -0.5134
vn 0.1039 0.9358 -0.3369
vn 0.2572 0.9118 -0.3200
vn 0.0274 0.0218 0.9994
vn 0.8914 -0.4093 0.1948
vn 0.7993 -0.3771 0.4679
vn 0.8267 -0.2529 0.5026
vn 0.9373 -0.2782 0.2098
vn 0.0136 0.0376 -0.9992
vn 0.0205 0.0376 -0.9991
vn 0.0212 -0.0259 -0.9994
vn 0.0137 -0.0218 -0.9997
vn -0.0552 -0.2656 0.9625
vn -0.1473 -0.5180 0.8426
vn -0.1473 -0.5108 0.8470
vn 0.5705 -0.1696 0.8036
vn 0.8441 -0.1254 0.5213
vn 0.8573 -0.0021 0.5148
vn 0.5850 -0.0062 0.8110
vn 0.9848 0.1717 -0.0250
vn 0.9876 0.1459 -0.0583
vn 0.9968 0.0721 -0.0333
vn 0.9962 0.0851 -0.0167
vn 0.8538 -0.4911 0.1725
vn 0.7768 -0.4565 0.4338
vn 0.8689 -0.4950 0.0001
vn 0.9106 -0.4133 0.0001
vn -0.1197 0.0654 0.9906
vn -0.0428 0.0421 0.9982
vn 0.0037 -0.6112 0.7914
vn -0.0019 -0.2781 0.9605
vn 0.0037 -0.2823 0.9593
vn -0.0000 -0.6146 0.7888
vn 0.0017 0.0851 -0.9964
vn 0.0342 0.0179 -0.9993
vn 0.8161 -0.4093 -0.4079
vn 0.8912 -0.4252 -0.1578
vn 0.8507 -0.4989 -0.1657
vn 0.7785 -0.4720 -0.4137
vn -0.0000 -0.0178 0.9998
vn -0.0000 0.0297 0.9996
vn -0.0171 -0.1088 0.9939
vn 0.8509 -0.4987 0.1652
vn 0.7785 -0.4720 0.4137
vn 0.0698 -0.0807 0.9943
vn 0.0113 -0.0721 0.9973
vn 0.0076 -0.2741 0.9617
vn 0.0820 0.0970 0.9919
vn 0.0808 0.2228 0.9715
vn 0.0414 0.0976 -0.9944
vn 0.0820 0.0970 -0.9919
vn 0.1172 -0.9792 0.1659
vn 0.1261 -0.9311 0.3422
vn 0.1259 -0.8469 0.5166
vn 0.6768 -0.6302 0.3805
vn 0.8649 -0.5020 0.0001
vn -0.2650 -0.4696 -0.8422
vn -0.1473 -0.5108 -0.8470
vn 0.9994 -0.0328 0.0083
vn 0.9987 -0.0502 0.0084
vn 0.9985 -0.0546 0.0001
vn -0.5519 0.4508 -0.7016
vn 0.4094 -0.5481 0.7294
vn 0.2960 -0.7871 0.5412
vn 0.9751 0.2194 -0.0335
vn 0.9791 0.1891 -0.0751
vn -0.9393 0.2218 0.2619
vn -0.9281 0.2341 0.2897
vn -0.9841 -0.1632 -0.0708
vn -0.8757 -0.4676 -0.1205
vn -0.8836 -0.3827 -0.2698
vn -0.9841 -0.0893 -0.1533
vn 0.2948 -0.9533 -0.0663
vn 0.1231 -0.9898 -0.0720
vn 0.9996 0.0284 -0.0083
vn 0.9994 0.0327 -0.0082
vn 0.8952 -0.4406 0.0665
vn 0.9753 -0.2186 0.0331
vn 0.9010 -0.4043 0.1572
vn 0.9989 0.0328 -0.0333
vn 0.9963 0.0633 -0.0582
vn 0.6797 -0.1141 -0.7246
vn 0.6659 -0.0187 -0.7458
vn 0.8885 -0.0107 -0.4588
vn 0.5529 -0.1761 -0.8144
vn -0.8104 0.5794 -0.0872
vn -0.8169 0.5760 -0.0291
vn -0.6039 0.7952 -0.0541
vn 0.9967 -0.0808 0.0084
vn 1.0000 0.0022 -0.0001
vn 0.2960 -0.7871 -0.5411
vn 0.4094 -0.5481 -0.7294
vn 0.4428 0.7547 0.4841
vn 0.3391 0.6921 0.6372
vn 0.4450 0.5389 0.7153
vn 0.6817 0.5348 0.4992
vn -0.9738 0.2274 -0.0040
vn -0.9825 -0.1845 0.0250
vn 0.9993 0.0371 -0.0000
vn 0.9993 0.0372 -0.0000
vn 0.9970 0.0764 0.0083
vn 0.9971 0.0764 0.0001
vn 0.9985 0.0545 0.0001
vn 0.9985 0.0546 -0.0000
vn 0.9947 0.1025 -0.0000
vn 0.9947 0.1025 0.0083
vn -0.0018 -0.2781 0.9606
vn 0.9996 0.0288 -0.0006
vn 0.9993 0.0371 0.0001
vn 0.9996 0.0284 -0.0000
vn -0.0038 0.8162 -0.5777
vn 0.0037 0.9691 -0.2465
vn 0.2067 0.5586 0.8033
vn 0.4448 0.5389 0.7154
vn 0.8856 0.4644 -0.0000
vn 0.8847 0.4643 -0.0416
vn 0.6894 0.7214 -0.0664
vn 0.6890 0.7248 -0.0000
vn -0.6855 0.5874 0.4303
vn -0.6956 0.6742 0.2482
vn -0.5596 0.7700 0.3065
vn -0.5651 0.6461 0.5131
vn 0.0038 -0.6112 -0.7914
vn -0.0019 -0.2781 -0.9606
vn 0.9868 0.0632 0.1491
vn -0.9718 0.2359 -0.0042
vn -0.9717 0.2360 -0.0124
vn -0.9134 0.2505 -0.3209
vn -0.8669 0.3652 0.3393
vn -0.6804 0.4385 0.5872
vn -0.6416 0.6093 0.4660
vn -0.8366 0.4725 0.2773
vn -0.6965 0.7052 0.1322
vn -0.5516 0.8194 0.1559
vn 0.9955 -0.0676 -0.0665
vn -0.6736 -0.7231 -0.1529
vn -0.6752 -0.7233 -0.1447
vn -0.6838 -0.6415 -0.3476
vn -0.6798 -0.6376 -0.3625
vn 0.2298 0.6940 -0.6823
vn 0.2484 0.8726 -0.4205
vn 0.4486 0.8052 -0.3879
vn 0.4365 0.6410 -0.6313
vn 0.3914 0.2065 -0.8967
vn 0.1850 0.2197 -0.9579
vn 0.2078 0.4350 -0.8761
vn 0.4137 0.4028 -0.8165
vn 0.9997 0.0197 0.0166
vn 0.9997 0.0153 0.0167
vn 0.5350 0.7918 -0.2947
vn 0.8049 0.5290 -0.2690
vn 0.6817 0.5349 -0.4992
vn 0.4428 0.7547 -0.4841
vn 0.0019 -0.0852 -0.9964
vn 0.0038 -0.0764 -0.9971
vn 0.0037 -0.0764 -0.9971
vn 0.0037 -0.0721 -0.9974
vn 0.1287 0.9312 -0.3411
vn 0.6723 0.6961 -0.2520
vn 0.6595 0.7414 -0.1241
vn 0.1182 0.9782 -0.1710
vn 0.9947 -0.1026 0.0083
vn 0.9827 -0.1846 0.0166
vn 0.9828 -0.1846 0.0001
vn 0.9828 0.1846 -0.0082
vn 0.9728 0.2316 -0.0084
vn -0.0000 -0.6145 -0.7889
vn 0.0038 -0.2823 -0.9593
vn 0.9960 0.0894 0.0001
vn 1.0000 -0.0064 -0.0000
vn 0.0389 -0.9988 -0.0311
vn 0.0163 -0.9996 -0.0226
vn 0.0189 -0.9978 -0.0641
vn 0.0446 -0.9965 -0.0713
vn -0.0000 -0.0109 0.9999
vn 0.9971 0.0764 -0.0000
vn 0.9686 0.2486 -0.0000
vn 0.9699 0.2401 -0.0416
vn 0.9971 0.0763 -0.0083
vn 0.2364 -0.9562 -0.1730
vn 0.0974 -0.9777 -0.1861
vn 0.0777 -0.9099 -0.4074
vn 0.6697 0.1676 -0.7234
vn 0.0018 -0.6318 0.7751
vn -0.0000 -0.8866 0.4624
vn 0.0038 -0.8805 0.4740
vn 0.0038 -0.2990 0.9542
vn 0.9976 0.0677 -0.0167
vn 0.9994 0.0328 -0.0083
vn 0.9996 0.0153 -0.0250
vn 0.9987 -0.0022 0.0501
vn 0.0076 -0.6077 0.7941
vn 0.6535 0.7569 0.0001
vn 0.1183 0.9782 0.1710
vn 0.1178 0.9930 0.0001
vn -0.9917 0.1285 -0.0042
vn -0.9917 0.1284 0.0041
vn -1.0000 0.0022 -0.0001
vn 0.9593 -0.2824 -0.0000
vn 0.0113 -0.0720 0.9973
vn 0.0037 -0.0721 0.9974
vn 0.0075 -0.0066 1.0000
vn -0.0000 -0.0065 1.0000
vn 0.9749 -0.0065 0.2224
vn 0.9749 0.0066 0.2224
vn -0.5651 0.6461 -0.5131
vn -0.5595 0.7701 -0.3064
vn 0.9828 0.1846 -0.0000
vn 0.9828 0.1846 0.0083
vn 0.0037 -0.0764 0.9971
vn 0.0019 -0.0851 0.9964
vn -0.8105 0.5792 0.0872
vn -0.8142 0.5529 0.1773
vn -0.9825 -0.1845 -0.0250
vn -0.9820 -0.1888 -0.0042
vn 0.2610 -0.5171 -0.8152
vn 0.1576 -0.5076 -0.8471
vn 0.2969 -0.2602 -0.9188
vn 0.9996 0.0288 0.0006
vn 0.9996 0.0284 0.0001
vn 0.8865 0.1006 -0.4516
vn 0.9755 0.0500 -0.2143
vn 0.9748 0.0196 -0.2224
vn 0.8871 0.0450 -0.4594
vn -0.7194 0.3085 0.6223
vn -0.8941 0.2876 0.3434
vn -0.9134 0.2505 0.3209
vn -0.7556 0.2402 0.6095
vn 0.9736 -0.2275 -0.0168
vn 0.9836 -0.1804 -0.0001
vn 0.9835 -0.1803 -0.0167
vn 0.4314 -0.5383 -0.7240
vn -0.0000 -0.8868 0.4622
vn -0.0019 -0.9816 0.1911
vn 0.0037 -0.9807 0.1954
vn 0.0313 0.4106 -0.9113
vn 0.9995 0.0328 -0.0000
vn 0.9995 0.0328 0.0001
vn -0.4311 -0.9023 -0.0000
vn -0.3219 -0.9468 -0.0041
vn 0.0850 -0.5704 0.8170
vn 0.0213 -0.5769 0.8165
vn 0.0865 0.5774 -0.8119
vn 0.2067 0.5586 -0.8033
vn -0.2299 -0.4982 0.8360
vn -0.3952 -0.4478 0.8021
vn 0.9995 0.0328 -0.0001
vn 0.0038 -0.8806 -0.4738
vn -0.9718 -0.2358 -0.0042
vn 0.2447 -0.3829 0.8908
vn 0.0974 -0.4033 0.9099
vn 0.9950 0.0981 0.0167
vn 0.9958 0.0851 0.0333
vn 0.0056 0.9842 -0.1769
vn 0.0044 1.0000 -0.0000
vn 0.9957 -0.0415 -0.0831
vn 0.9862 -0.0720 -0.1492
vn 0.9853 -0.0414 -0.1655
vn 0.0037 -0.9807 -0.1953
vn 0.0037 -0.9807 -0.1954
vn 0.0524 0.9986 -0.0000
vn -0.0131 0.9999 -0.0000
vn 1.0000 -0.0022 0.0002
vn 0.9965 0.0764 -0.0334
vn 0.9965 0.0765 0.0335
vn 1.0000 -0.0022 -0.0002
vn 0.9994 0.0328 0.0083
vn 0.9962 0.0850 0.0166
vn 0.9869 -0.0370 0.1573
vn 0.9970 -0.0196 0.0749
vn 0.9972 -0.0327 0.0665
vn 0.9772 -0.0500 0.2063
vn 0.9997 0.0197 0.0167
vn -0.2932 0.0580 -0.9543
vn -0.5535 0.1205 -0.8241
vn -0.5164 0.1565 -0.8419
vn 0.9988 -0.0240 0.0416
vn -0.6719 -0.7394 -0.0418
vn -0.7371 -0.6745 -0.0418
vn -0.7381 -0.6747 -0.0000
vn -0.6732 -0.7395 -0.0000
vn 0.9861 -0.0152 0.1656
vn 0.9965 -0.0066 0.0832
vn -0.3805 0.9214 0.0784
vn 0.9749 -0.0021 -0.2224
vn 0.8573 -0.0021 -0.5148
vn -0.6659 -0.4220 0.6152
vn -0.6797 -0.6376 0.3625
vn 0.9965 0.0022 -0.0832
vn 0.9971 0.0109 -0.0749
vn 0.9873 0.0240 -0.1573
vn 0.9974 0.0284 -0.0666
vn 0.9894 0.0589 -0.1328
vn 1.0000 0.0021 0.0001
vn 1.0000 0.0022 -0.0000
vn 1.0000 -0.0022 -0.0000
vn 0.9972 -0.0327 0.0666
vn 1.0000 -0.0021 0.0001
vn -0.5549 0.0921 0.8268
vn -0.5671 0.0063 0.8236
vn -0.5789 0.0061 0.8154
vn -0.5610 0.0921 0.8226
vn 0.6990 -0.7151 -0.0000
vn 0.6845 -0.7041 0.1891
vn 0.6629 0.0725 0.7452
vn 0.6698 0.1676 0.7234
vn 0.3915 0.2065 0.8967
vn 0.3842 0.0904 0.9188
vn 0.9769 0.1845 -0.1080
vn 0.6869 0.6239 -0.3728
vn 0.6932 0.5319 -0.4863
vn 0.9786 0.1499 -0.1409
vn -0.0001 0.2032 -0.9791
vn -0.7489 -0.5702 -0.3377
vn -0.6659 -0.4221 -0.6152
vn -0.7426 -0.3625 -0.5631
vn 0.8422 -0.5283 -0.1080
vn 0.5608 -0.8173 -0.1323
vn 0.9260 -0.0807 -0.3687
vn 0.9849 -0.0982 -0.1428
vn 0.9304 -0.2639 0.2543
vn 0.9950 -0.0022 0.0997
vn 0.0695 0.3957 -0.9157
vn -0.0269 0.6962 -0.7174
vn 0.0162 0.6867 -0.7268
vn 0.9957 0.0153 -0.0915
vn 0.9950 0.0022 -0.0998
vn 0.9848 0.0022 -0.1737
vn -0.5166 0.1565 -0.8418
vn -0.5535 0.1205 0.8241
vn 0.9727 0.2316 -0.0167
vn 0.9728 0.2316 -0.0000
vn -0.9249 0.2042 0.3207
vn -0.9356 0.1703 0.3094
vn -0.9702 0.2401 -0.0333
vn 0.8422 -0.5282 0.1080
vn 0.8511 -0.5250 0.0001
vn 0.0446 -0.9965 0.0713
vn 0.0188 -0.9978 0.0642
vn 0.0163 -0.9996 0.0226
vn 0.0389 -0.9988 0.0311
vn -0.1291 0.9659 0.2246
vn 0.4678 -0.2915 -0.8344
vn 0.4093 -0.5480 -0.7295
vn 0.4137 0.4028 0.8165
vn 0.4365 0.6408 0.6315
vn 0.2298 0.6938 0.6825
vn 0.2079 0.4349 0.8761
vn 0.8511 -0.5250 -0.0000
vn 0.1231 -0.9898 0.0720
vn 0.0508 -0.9961 0.0722
vn 0.0504 -0.9799 0.1928
vn 0.1382 -0.9722 0.1893
vn 0.9968 -0.0720 -0.0333
vn -0.4270 0.4678 0.7738
vn -0.4064 0.6892 0.5999
vn -0.0000 -0.8866 -0.4624
vn 0.0018 -0.6318 -0.7751
vn 0.8436 -0.1199 -0.5234
vn 0.9968 -0.0721 -0.0333
vn 0.9785 -0.1888 0.0832
vn 0.9858 -0.1544 0.0666
vn 0.9860 -0.1198 0.1162
vn -0.5384 0.1650 0.8264
vn -0.5469 0.1285 0.8272
vn 0.9862 -0.0066 0.1657
vn 0.9975 0.0502 0.0500
vn 0.9968 0.0720 0.0333
vn 0.3257 -0.6850 -0.6517
vn 0.4303 -0.7539 -0.4964
vn -0.9602 0.2739 -0.0541
vn -0.9613 0.2739 -0.0291
vn 0.9995 -0.0284 0.0167
vn 0.9988 -0.0459 0.0167
vn 0.0342 0.0178 0.9993
vn 0.0616 0.0060 0.9981
vn 0.9951 -0.0895 0.0416
vn 0.0244 0.4105 0.9115
vn -0.0269 0.6962 0.7173
vn -0.0122 0.4217 0.9067
vn 0.9959 0.0369 0.0831
vn -0.8771 -0.2069 -0.4334
vn -0.9729 0.0195 -0.2305
vn 0.9996 0.0153 0.0250
vn 0.9997 0.0152 0.0167
vn 0.9827 -0.1846 -0.0166
vn 0.9950 -0.0982 -0.0167
vn 0.9748 0.0848 0.2062
vn 0.9775 0.1195 0.1737
vn 0.9989 0.0327 0.0333
vn 0.9960 -0.0895 0.0083
vn 0.9960 -0.0895 -0.0000
vn 0.9836 -0.1803 0.0001
vn -0.0752 -0.0931 -0.9928
vn -0.0103 -0.2071 -0.9783
vn -0.0051 -0.0772 -0.9970
vn 0.9975 0.0502 -0.0500
vn 0.9897 0.1024 -0.0997
vn 0.9951 -0.0894 0.0416
vn 0.9950 -0.0981 0.0167
vn 0.9960 0.0895 -0.0000
vn 0.9828 0.1846 -0.0083
vn 0.7923 -0.5395 0.2849
vn 0.3782 -0.8382 0.3930
vn 0.7827 0.5138 -0.3513
vn 0.9060 -0.3049 0.2935
vn 0.9994 0.0327 -0.0083
vn -0.8633 0.4385 0.2498
vn -0.8728 0.4673 0.1407
vn 0.9828 -0.1846 -0.0000
vn 0.9974 -0.0284 0.0667
vn 0.9971 -0.0109 0.0749
vn 0.9762 -0.0326 0.2142
vn 0.9785 -0.0805 0.1901
vn 0.9976 0.0676 0.0168
vn 0.9957 0.0153 0.0915
vn 0.8997 -0.1735 0.4006
vn 0.8930 -0.0707 0.4446
vn 0.9950 0.0982 -0.0167
vn 0.9841 0.1760 -0.0250
vn -0.9820 -0.1891 -0.0041
vn -0.9825 -0.1848 0.0250
vn 0.9950 -0.0982 0.0167
vn 0.6988 -0.2873 -0.6550
vn 0.9863 0.1544 -0.0582
vn 0.0075 -0.0066 -1.0000
vn 0.0113 -0.0720 -0.9973
vn 0.8538 -0.4911 -0.1725
vn 0.7768 -0.4565 -0.4338
vn 0.9853 -0.1674 0.0334
vn 0.9966 -0.0808 0.0167
vn 0.9841 0.1761 0.0251
vn 0.9950 0.0982 0.0167
vn 0.1632 0.8311 0.5317
vn 0.6845 -0.7040 -0.1892
vn 0.9729 0.2187 -0.0748
vn -0.2180 0.7092 -0.6705
vn -0.2220 0.4612 -0.8590
vn -0.4063 0.6892 -0.6000
vn 0.9871 -0.1458 0.0665
vn 0.9876 0.1458 0.0583
vn 0.9848 0.1717 0.0250
vn 0.9962 0.0851 0.0167
vn 0.1774 0.0971 -0.9793
vn 0.4513 -0.8787 0.1557
vn 0.4639 -0.8845 0.0499
vn -0.9803 0.1975 0.0084
vn -0.9794 0.2018 -0.0041
vn -0.9857 0.1414 -0.0914
vn -0.9913 0.1285 -0.0292
vn 0.9968 -0.0721 0.0333
vn 0.9884 -0.1067 -0.1081
vn 0.9964 -0.0851 -0.0000
vn 0.9964 -0.0851 -0.0005
vn 0.9967 -0.0807 -0.0083
vn -0.6736 -0.7232 0.1529
vn -0.6720 -0.7394 0.0416
vn 0.5731 0.1615 0.8034
vn 0.8495 0.1170 0.5145
vn 0.8046 0.3001 0.5125
vn 0.5284 0.3487 0.7741
vn 0.9752 0.2188 0.0333
vn 0.9767 0.1542 0.1492
vn 0.9773 0.0937 0.1901
vn 0.8624 0.5063 -0.0000
vn 0.8524 0.5134 -0.0995
vn 0.9994 -0.0240 0.0250
vn 0.9947 0.1024 -0.0000
vn 0.9989 0.0328 0.0333
vn 0.9963 0.0633 0.0582
vn 1.0000 0.0022 0.0001
vn -0.7825 0.2121 0.5854
vn -0.7389 -0.6571 -0.1489
vn 0.9950 -0.0022 -0.0998
vn 0.9950 -0.0109 -0.0997
vn 0.9965 -0.0066 -0.0831
vn 0.9970 -0.0196 -0.0749
vn 1.0000 -0.0022 -0.0083
vn -0.1324 -0.2543 -0.9580
vn -0.2298 -0.4980 -0.8361
vn -0.3951 -0.4476 -0.8022
vn 0.9968 -0.0763 -0.0251
vn 0.9775 -0.1973 -0.0749
vn 0.8865 0.1006 0.4516
vn 0.8872 0.0450 0.4593
vn 0.9748 0.0196 0.2224
vn 0.9755 0.0499 0.2142
vn 0.9723 0.0413 0.2302
vn 0.9861 -0.0153 -0.1655
vn 0.9862 -0.0065 -0.1657
vn 0.9962 0.0850 -0.0166
vn 0.9968 0.0720 -0.0333
vn -0.2160 0.8848 0.4128
vn -0.2180 0.7094 0.6703
vn 0.9996 -0.0283 0.0082
vn 0.9767 0.0065 -0.2143
vn 0.9862 0.0022 -0.1656
vn -0.7924 0.1582 0.5892
vn 0.9965 0.0022 0.0832
vn 0.9010 -0.4042 -0.1572
vn 0.4438 0.8732 -0.2016
vn 0.6919 0.7048 -0.1566
vn 0.6990 0.6463 -0.3060
vn 0.9748 -0.2231 -0.0000
vn 0.8937 -0.4486 -0.0000
vn 0.9974 0.0284 0.0666
vn 0.1113 0.8770 0.4674
vn 0.0606 0.9694 0.2380
vn -0.0112 0.9724 0.2329
vn 0.0661 0.8850 0.4609
vn 0.9997 0.0196 -0.0167
vn 0.9996 0.0109 -0.0249
vn 0.9997 0.0153 -0.0167
vn 0.0885 -0.9952 -0.0409
vn 0.0950 -0.9912 -0.0917
vn -0.9653 0.2570 -0.0458
vn 0.0594 -0.6997 -0.7119
vn 0.0555 -0.9096 -0.4117
vn 0.1307 -0.6913 -0.7107
vn -0.5084 0.8042 0.3080
vn -0.4976 0.8526 0.1596
vn 0.9818 0.0762 -0.1737
vn 0.9817 0.1370 -0.1326
vn 0.9879 0.1111 -0.1080
vn 0.9997 -0.0197 0.0166
vn 0.9981 0.0458 -0.0417
vn -0.9999 0.0022 0.0167
vn -0.9708 -0.2357 0.0458
vn 0.0352 0.9843 0.1729
vn 0.0333 0.9381 0.3449
vn -0.7304 -0.0397 0.6818
vn -0.6214 0.0598 0.7812
vn -0.8552 0.1468 0.4971
vn 0.9959 0.0371 -0.0831
vn 0.9989 0.0195 -0.0417
vn 0.9987 0.0066 -0.0500
vn 0.9957 0.0153 -0.0914
vn -0.9136 0.0882 0.3969
vn -0.3981 -0.9085 -0.1274
vn -0.2810 -0.9492 -0.1414
vn -0.9727 0.1671 0.1613
vn -0.9664 0.0369 0.2544
vn -0.6101 -0.1663 0.7747
vn -0.6159 -0.1666 0.7700
vn -0.9550 0.1967 0.2222
vn -0.2180 0.7093 -0.6703
vn -0.2162 0.8847 -0.4129
vn 0.9735 0.2231 -0.0498
vn -0.8136 0.1879 0.5502
vn 0.4305 -0.7538 0.4965
vn 0.5157 -0.7990 0.3093
vn -0.9686 0.2486 0.0084
vn 0.9975 0.0502 -0.0499
vn 1.0000 0.0021 -0.0001
vn 0.9989 -0.0329 0.0332
vn 0.9955 -0.0676 0.0665
vn 0.9722 0.0413 -0.2303
vn -0.9922 0.0066 -0.1245
vn -0.0094 -0.9980 -0.0617
vn -0.0076 -0.9896 -0.1437
vn 0.0225 -0.9889 -0.1469
vn 0.9994 -0.0066 -0.0334
vn 0.9994 -0.0240 -0.0250
vn -0.9716 0.2359 -0.0208
vn 0.8846 0.0193 -0.4660
vn 0.9965 -0.0022 0.0832
vn 0.9971 -0.0152 0.0748
vn -0.9731 0.2274 0.0374
vn -0.9765 0.2144 0.0209
vn -0.9857 0.1414 0.0915
vn 0.6586 -0.1674 0.7336
vn 0.9718 -0.0500 0.2305
vn 0.6547 -0.0062 -0.7558
vn 0.6586 -0.1674 -0.7336
vn 0.9713 -0.0023 -0.2378
vn 0.6642 -0.3062 -0.6819
vn 0.8946 0.1987 0.4003
vn 0.8993 0.3172 0.3011
vn 0.7003 0.5094 0.5001
vn 0.6845 0.3232 0.6534
vn 0.6557 -0.3260 0.6810
vn 0.6877 -0.1598 0.7081
vn 0.4826 -0.1519 0.8626
vn 0.4680 -0.2916 0.8343
vn 0.4454 0.8922 -0.0745
vn -0.9392 0.2686 -0.2139
vn -0.9515 0.2776 -0.1325
vn -0.9259 0.2425 0.2896
vn -0.9198 0.2210 0.3243
vn 0.1307 -0.5745 -0.8080
vn 0.1269 -0.4112 -0.9027
vn -0.8392 -0.5438 -0.0000
vn -0.6204 -0.7756 -0.1160
vn -0.6234 -0.7819 -0.0000
vn 0.0566 -0.9962 0.0669
vn 0.1217 -0.9905 0.0645
vn 0.0975 -0.9777 0.1861
vn 0.0375 -0.9808 0.1916
vn -0.2172 0.9727 0.0813
vn -0.3804 0.9215 0.0784
vn -0.3769 0.9069 0.1885
vn -0.2167 0.9537 0.2084
vn 0.1393 0.5816 -0.8014
vn 0.1285 0.4112 -0.9024
vn 0.7041 -0.7093 -0.0334
vn 0.0017 0.9363 -0.3511
vn 0.0036 0.8551 -0.5185
vn 0.1357 0.8472 -0.5137
vn 0.1285 0.9312 -0.3411
vn 0.9972 -0.0022 -0.0748
vn 0.0018 -0.7271 -0.6865
vn 0.0034 -0.5803 -0.8144
vn 0.0036 -0.5804 -0.8143
vn 0.0017 -0.7271 -0.6865
vn -0.0017 -0.4143 -0.9102
vn 0.0034 -0.2266 -0.9740
vn 0.0034 -0.2266 0.9740
vn 0.0035 -0.2266 0.9740
vn -0.0017 -0.4142 0.9102
vn 0.0052 -0.4142 0.9102
vn 0.0068 -0.0099 0.9999
vn -0.0000 -0.0098 1.0000
vn 0.0044 1.0000 0.0001
vn -0.0000 1.0000 -0.0000
vn -0.0018 0.9842 0.1770
vn 0.0056 0.9842 0.1770
vn -0.0000 1.0000 -0.0004
vn 0.1176 0.9931 -0.0000
vn 0.1180 0.9782 0.1710
vn -0.0018 0.9842 0.1771
vn 0.0037 -0.9850 -0.1723
vn -0.0000 -1.0000 -0.0000
vn 0.1133 -0.9936 -0.0001
vn 0.1170 -0.9792 -0.1659
vn 0.1308 -0.5745 0.8080
vn 0.0035 -0.5803 0.8144
vn 0.1269 -0.4112 0.9027
vn 0.1219 -0.2231 0.9672
vn 0.1230 -0.0099 0.9924
vn 0.0017 0.2149 0.9766
vn -0.0000 0.4143 0.9101
vn 0.0035 0.5873 0.8094
vn 0.1257 -0.8469 0.5167
vn -0.0018 -0.8527 0.5223
vn 0.0018 -0.7271 0.6865
vn 0.1329 -0.7224 0.6786
vn -0.0018 -0.8527 -0.5224
vn 0.0017 -0.7272 -0.6865
vn -0.0018 -0.8527 -0.5223
vn 0.0036 0.7361 -0.6768
vn 0.0036 0.7362 -0.6768
vn -0.0000 -0.0098 -1.0000
vn -0.0017 -0.8527 0.5223
vn 0.1170 -0.9792 0.1659
vn 0.0038 -0.9850 0.1723
vn -0.0000 -0.9382 0.3462
vn 0.1258 -0.9312 0.3422
vn 0.0038 -0.9858 -0.1676
vn 0.0043 -1.0000 -0.0000
vn 0.0052 -0.4142 -0.9102
vn -0.0000 -0.5769 -0.8168
vn 0.0056 0.9842 -0.1770
vn 0.0018 0.9363 -0.3512
vn -0.0018 0.9842 -0.1770
vn -0.8941 0.2876 -0.3434
vn -0.0018 -0.8527 0.5224
vn -0.0000 0.4142 -0.9102
vn 0.0016 0.2149 -0.9766
vn 0.1253 0.2152 -0.9685
vn -0.0000 0.4142 0.9102
vn 0.0036 0.7361 0.6768
vn 0.0037 0.8551 0.5184
vn 0.0038 -0.9850 -0.1723
vn -0.0016 -0.4143 0.9101
vn 0.0075 -0.9380 -0.3467
vn -0.0000 -0.9382 -0.3462
vn -0.0000 0.4143 -0.9101
vn 0.0016 0.2150 -0.9766
vn -0.0000 0.4143 -0.9102
vn 0.0037 0.8551 -0.5184
vn 0.0019 0.9363 0.3512
vn 0.9380 0.2516 -0.2383
vn 0.8046 0.3000 -0.5124
vn 0.0035 -0.5804 -0.8143
vn -0.0017 -0.4142 -0.9102
vn 0.1284 0.9312 0.3411
vn 0.1357 0.8472 0.5137
vn -0.0000 1.0000 0.0002
vn 0.0038 -0.9858 0.1676
vn 0.0037 -0.9850 0.1723
vn 0.1180 0.9782 -0.1710
vn 0.1133 -0.9936 0.0001
vn -0.0000 -0.5769 0.8169
vn 0.0017 -0.7271 0.6865
vn 0.0018 0.9363 0.3512
vn 0.9752 0.2017 -0.0915
vn -0.8765 0.4756 0.0749
vn -0.9603 0.2739 0.0541
vn 0.9884 -0.1067 0.1080
vn 0.0035 0.5873 -0.8094
vn -0.2587 -0.9038 0.3409
vn 0.0069 -0.0099 -0.9999
vn 0.0017 0.2149 -0.9766
vn -0.0523 0.9986 -0.0040
vn -0.0829 0.9966 -0.0000
vn 0.0750 0.9707 0.2281
vn 0.1375 0.9648 0.2240
vn 0.1397 0.7286 -0.6705
vn -0.0112 0.9958 0.0906
vn 0.0512 0.9942 0.0950
vn 0.9641 -0.1415 -0.2245
vn 0.2544 0.9429 0.2151
vn 0.1274 0.8926 0.4324
vn 0.2485 0.8726 0.4205
vn 0.0962 0.9913 -0.0903
vn 0.5851 -0.0061 -0.8109
vn 0.8495 0.1170 -0.5145
vn 0.0608 0.9694 -0.2380
vn 0.0036 0.8551 0.5184
vn -0.8790 0.4757 -0.0334
vn 0.0055 -0.8527 0.5223
vn 0.0070 0.4142 0.9101
vn 0.0136 -0.0218 0.9997
vn 0.0208 -0.0259 0.9994
vn 0.1398 0.7286 0.6705
vn 0.0068 -0.0099 -0.9999
vn 0.1219 -0.2231 -0.9672
vn 0.1230 -0.0098 -0.9924
vn 0.0071 0.4143 -0.9101
vn 0.0231 0.5838 -0.8115
vn 0.0299 -0.9380 -0.3453
vn 0.0276 -0.8528 -0.5215
vn -0.4062 0.6893 -0.5998
vn -0.3861 0.8439 -0.3725
vn 0.5348 0.7920 -0.2947
vn 0.0664 0.8849 -0.4609
vn 0.1633 0.8311 0.5316
vn 0.2150 0.9495 0.2283
vn 0.6547 -0.0062 0.7558
vn 0.0342 0.0178 -0.9993
vn 0.0075 -0.9380 0.3467
vn 0.0862 0.8832 -0.4611
vn -0.0019 0.9842 -0.1771
vn 0.1329 -0.7224 -0.6786
vn 0.9060 -0.3049 -0.2935
vn 0.9860 -0.1197 0.1163
vn 0.0734 0.6777 -0.7317
vn 0.1113 0.8770 -0.4674
vn -0.9653 0.2570 0.0458
vn -0.9597 0.2781 0.0416
vn 0.8912 -0.4252 0.1578
vn 0.8162 -0.4093 0.4079
vn 0.4448 0.5389 -0.7154
vn 0.9978 0.0328 0.0582
vn 0.9713 -0.0023 0.2378
vn -0.9530 0.1104 0.2821
vn 0.2969 -0.9549 -0.0000
vn 0.1264 -0.9920 -0.0000
vn -0.0270 0.6964 -0.7172
vn 0.9994 -0.0065 0.0334
vn 0.9793 -0.0892 -0.1819
vn 0.8857 0.4642 -0.0000
vn 0.8848 0.4641 -0.0416
vn -0.1306 0.9877 0.0863
vn 0.6614 0.1551 -0.7338
vn -0.5260 0.6638 0.5316
vn 0.2969 0.9549 -0.0000
vn 0.2901 0.9448 -0.1522
vn 0.8930 0.4081 -0.1897
vn 0.8992 0.3173 -0.3011
vn 0.7003 0.5096 -0.5000
vn 0.5155 -0.7991 -0.3094
vn -0.6997 0.7124 0.0540
vn -0.5496 0.8331 0.0622
vn 0.0206 0.0970 -0.9951
vn 0.0257 0.2227 -0.9745
vn -0.6458 0.1176 0.7544
vn 0.4437 0.8732 0.2016
vn 0.6814 -0.5348 0.4998
vn 0.0410 0.0376 0.9985
vn 0.0408 -0.0259 0.9988
vn 0.0752 -0.0258 0.9968
vn 0.0752 0.0376 0.9965
vn -0.2210 0.9753 -0.0041
vn -0.3831 0.9237 -0.0000
vn -0.4258 -0.8952 -0.1316
vn -0.3168 -0.9378 -0.1419
vn -0.3219 -0.9468 -0.0042
vn -0.1350 0.9908 -0.0000
vn -0.1306 0.9877 -0.0864
vn 0.9707 -0.0851 -0.2246
vn 0.0751 0.9707 -0.2281
vn 0.0352 0.9736 -0.2253
vn 0.1149 0.2074 0.9715
vn 0.0359 0.2149 0.9760
vn 0.0019 0.9363 -0.3512
vn 0.0333 0.9381 -0.3449
vn 0.0257 0.8552 -0.5177
vn -0.0825 0.9923 -0.0924
vn 0.0070 0.4142 -0.9101
vn 0.9994 -0.0241 0.0250
vn -0.0037 0.8910 0.4539
vn -0.6752 -0.7233 0.1447
vn -0.6752 -0.7364 0.0417
vn 0.9985 -0.0546 -0.0001
vn 0.6814 -0.5348 -0.4997
vn 0.9747 -0.2232 0.0085
vn 0.8936 -0.4486 0.0167
vn 0.9748 -0.2232 0.0001
vn 0.6501 -0.7598 0.0001
vn 0.1116 0.9641 0.2409
vn 0.2544 0.9429 -0.2151
vn 0.1134 0.9936 -0.0000
vn 0.0257 0.8552 0.5177
vn 0.0942 0.9675 0.2347
vn 0.0962 0.9913 0.0903
vn 0.1166 0.9889 0.0925
vn 0.9989 -0.0327 -0.0333
vn -0.9803 0.1975 -0.0000
vn -0.9917 0.1284 -0.0041
vn -0.9803 0.1975 -0.0084
vn 0.0862 0.8832 0.4610
vn 0.1287 0.9312 0.3411
vn -0.3861 0.8439 0.3725
vn 0.0752 0.0377 -0.9965
vn 0.0410 0.0377 -0.9984
vn 0.0733 0.6777 0.7317
vn -0.9729 0.0196 0.2304
vn 0.9749 0.0066 -0.2223
vn 0.9965 0.0023 -0.0830
vn 0.2364 -0.9561 0.1730
vn 0.4457 -0.8216 0.3553
vn 0.2129 -0.8933 0.3958
vn 0.0205 0.0377 -0.9991
vn 0.0135 0.0970 -0.9952
vn 0.0821 0.0970 -0.9919
vn 0.0752 0.0376 -0.9965
vn 0.1257 -0.8469 -0.5166
vn 0.4356 -0.6407 0.6322
vn 0.2009 -0.6928 0.6925
vn 0.9245 -0.3812 -0.0000
vn 0.8938 -0.3751 -0.2460
vn 0.9562 -0.1450 -0.2544
vn 0.9899 -0.1416 -0.0000
vn 0.0719 -0.7059 0.7046
vn -0.8789 0.4758 0.0333
vn -0.9628 0.2697 0.0167
vn 0.0161 0.6869 0.7266
vn 0.1258 -0.9311 -0.3423
vn -0.0000 -0.9380 -0.3465
vn -0.4842 0.1962 0.8526
vn -0.5166 0.1565 0.8418
vn 0.9717 0.0804 0.2223
vn 0.9380 0.2516 0.2384
vn 0.9981 0.0459 0.0417
vn 0.0056 -0.8527 -0.5223
vn 0.9965 -0.0065 0.0831
vn -0.9842 -0.0892 -0.1532
vn -0.9616 0.2738 0.0208
vn -0.9841 -0.1629 -0.0707
vn -0.9729 0.0196 -0.2303
vn -0.5537 0.1205 0.8239
vn 0.9995 -0.0284 -0.0167
vn -0.6415 0.6095 0.4658
vn -0.4064 0.6893 0.5998
vn 0.8913 -0.4251 0.1578
vn 0.0349 -0.9994 -0.0000
vn 0.0337 -0.9851 0.1684
vn -0.2298 -0.4980 0.8362
vn 0.0718 0.8957 0.4388
vn 0.0075 -0.9380 0.3466
vn 0.0302 -0.9382 0.3449
vn 0.0369 0.8974 0.4396
vn 0.0324 0.7089 0.7046
vn 0.0612 0.7091 0.7024
vn -0.0000 -0.5769 0.8168
vn 0.0297 -0.4105 0.9114
vn 0.0054 -0.4143 0.9101
vn 0.0313 0.4106 0.9113
vn 0.0070 0.4142 0.9102
vn 0.0069 -0.0099 0.9999
vn 0.0337 -0.9852 -0.1682
vn 0.0130 0.9735 0.2282
vn 0.0055 0.9746 0.2239
vn 0.0018 0.8993 0.4373
vn 0.0094 0.8993 0.4372
vn 0.1375 0.9648 -0.2242
vn 0.0130 0.9735 -0.2282
vn 0.0056 0.9842 0.1769
vn 0.0737 -0.1601 -0.9843
vn 0.1845 -0.1567 -0.9703
vn 0.0753 -0.0258 -0.9968
vn 0.0252 0.7362 -0.6763
vn 0.0131 0.9999 -0.0000
vn 0.0037 0.9958 0.0913
vn 0.0113 0.9958 0.0904
vn 0.0074 -0.9380 -0.3467
vn 0.0035 0.5872 0.8094
vn 0.0230 0.5838 0.8115
vn 0.0252 0.7362 0.6763
vn 0.0036 0.7362 0.6768
vn 0.0120 0.2227 -0.9748
vn 0.0279 0.4403 -0.8974
vn 0.0324 0.7087 -0.7047
vn 0.0213 -0.5770 -0.8165
vn 0.0235 -0.7272 -0.6860
vn 0.1177 -0.9931 -0.0001
vn -0.0411 0.0970 0.9944
vn 0.9051 -0.4251 -0.0000
vn 0.2985 -0.0060 -0.9544
vn -0.3833 0.9236 -0.0000
vn -0.3805 0.9214 -0.0784
vn 0.1071 0.6685 0.7360
vn 0.8884 0.4482 -0.0996
vn 0.8931 0.4079 -0.1896
vn -0.9570 0.2780 -0.0831
vn -0.0409 0.0969 -0.9945
vn -0.1082 0.2347 -0.9660
vn -0.0395 0.2150 -0.9758
vn -0.5537 0.1205 -0.8240
vn 0.1774 0.0973 0.9793
vn 0.1850 0.2197 0.9579
vn 0.5922 0.8058 -0.0000
vn 0.5790 0.8046 0.1318
vn 0.8524 0.5134 0.0995
vn -0.5084 0.8042 -0.3080
vn -0.4976 0.8526 -0.1597
vn -0.5517 0.8194 -0.1559
vn -0.9603 0.2738 0.0540
vn -0.2332 -0.9618 -0.1437
vn -0.8142 0.5529 -0.1773
vn -0.8365 0.4726 -0.2772
vn -0.8795 0.4758 -0.0000
vn -0.9629 0.2697 -0.0000
vn -0.9629 0.2695 -0.0166
vn 0.0568 -0.9984 -0.0000
vn 0.0960 0.9954 -0.0000
vn 0.0205 -0.0178 0.9996
vn 0.0531 -0.1325 0.9898
vn 0.0360 -0.1482 0.9883
vn 0.0038 -0.2990 -0.9542
vn 0.1332 -0.7225 0.6785
vn 0.0056 0.9746 -0.2239
vn 0.9060 -0.3051 -0.2935
vn 0.9009 -0.4045 -0.1573
vn 0.0388 -0.9992 -0.0000
vn 0.9978 -0.0022 -0.0666
vn 0.9716 0.0805 -0.2224
vn 1.0000 0.0022 0.0084
vn 0.1164 0.7066 -0.6980
vn 0.2298 0.6938 -0.6825
vn 0.0977 0.4407 -0.8923
vn 0.7767 -0.4565 0.4340
vn 0.8951 -0.4408 -0.0666
vn 0.6535 0.7569 -0.0000
vn 0.0793 0.7337 -0.6749
vn 0.5134 -0.3521 0.7826
vn -0.6764 -0.7366 -0.0000
vn -0.6752 -0.7365 -0.0417
vn 0.9994 -0.0241 -0.0250
vn 0.9997 -0.0197 -0.0167
vn 0.6813 -0.5348 0.4998
vn 0.0328 -0.2228 -0.9743
vn 0.4486 0.8051 0.3880
vn 0.9966 0.0589 -0.0581
vn 0.9767 0.1542 -0.1492
vn 0.1359 0.8471 -0.5137
vn 0.5919 0.8060 -0.0000
vn 0.1220 0.9925 0.0001
vn -0.0000 -1.0000 -0.0001
vn 0.0991 0.4034 0.9096
vn 0.0120 0.2227 0.9748
vn 0.0863 0.5774 0.8119
vn 0.0296 -0.4106 -0.9113
vn 0.1011 -0.9357 0.3381
vn 0.9562 -0.1450 0.2544
vn 0.8938 -0.3751 0.2460
vn -1.0000 0.0022 0.0001
vn -0.9718 -0.2358 -0.0041
vn 0.0554 -0.9854 0.1612
vn 0.0227 -0.9890 0.1465
vn 0.1776 -0.0259 0.9838
vn 0.1773 0.0339 0.9836
vn -0.6639 -0.4296 0.6120
vn 0.0394 -0.1600 -0.9863
vn 0.0313 -0.3993 -0.9163
vn 0.1397 0.7287 -0.6705
vn -0.6204 -0.7756 0.1161
vn 0.4356 -0.6408 -0.6322
vn 0.4167 -0.3643 -0.8328
vn 0.0136 -0.9999 -0.0000
vn 0.0808 0.2228 -0.9715
vn 0.7003 0.5095 -0.5001
vn 0.8993 0.3172 -0.3011
vn 0.8946 0.1986 -0.4003
vn 0.6845 0.3232 -0.6534
vn -0.6641 -0.4298 -0.6118
vn -0.4537 0.2951 0.8409
vn 0.9963 0.0632 -0.0582
vn 0.9989 0.0327 -0.0333
vn -0.1474 -0.5183 0.8424
vn -0.6655 0.0353 0.7456
vn 0.9996 0.0110 -0.0251
vn 0.3258 -0.6849 0.6518
vn -0.9729 0.0197 -0.2303
vn -0.9530 0.1104 -0.2820
vn -0.6458 0.1176 -0.7544
vn 0.9997 -0.0240 0.0084
vn 0.9994 -0.0327 0.0083
vn 0.9995 -0.0284 0.0166
vn 0.2580 -0.9644 0.0579
vn 0.5350 0.7918 0.2947
vn 0.8049 0.5290 0.2690
vn 0.7138 -0.5027 0.4877
vn 0.9955 -0.0676 0.0666
vn -0.1147 0.1168 -0.9865
vn -0.7819 0.1871 -0.5947
vn -0.6343 0.1504 -0.7583
vn -0.9197 0.2210 -0.3246
vn -0.9249 0.2042 -0.3208
vn -0.7924 0.1580 -0.5892
vn -0.9702 0.2401 0.0333
vn 0.4356 -0.6410 0.6320
vn 0.2009 -0.6930 0.6923
vn 0.7137 -0.5029 0.4875
vn 0.7100 -0.6509 0.2686
vn 0.9709 0.2273 0.0749
vn -0.8365 0.4726 0.2773
vn 0.9994 -0.0024 0.0332
vn 0.9955 0.0677 0.0666
vn 0.3944 -0.1467 -0.9072
vn -0.9603 0.2738 -0.0540
vn -0.9794 0.2018 0.0041
vn -0.9570 0.2779 -0.0831
vn 0.0094 0.8429 0.5380
vn -0.0038 0.8161 0.5780
vn 0.5282 0.3487 0.7742
vn 0.2582 0.3831 0.8869
vn 0.4450 0.5389 -0.7153
vn 0.1988 -0.7774 0.5968
vn 0.1366 -0.9261 0.3518
vn 0.1907 -0.9148 0.3562
vn 0.2959 -0.7871 0.5412
vn 0.0719 -0.7061 0.7045
vn 0.0778 -0.9099 0.4074
vn -0.9515 0.2777 0.1327
vn -0.9391 0.2686 0.2142
vn -0.9258 0.2425 -0.2899
vn 0.5608 -0.8173 0.1323
vn 0.5743 -0.8186 0.0001
vn 0.6932 0.5319 0.4863
vn 0.6869 0.6239 0.3728
vn 0.6933 0.5319 -0.4863
vn 0.0069 0.0376 -0.9993
vn 0.0205 -0.0178 -0.9996
vn 0.7080 -0.7063 -0.0000
vn 0.9772 -0.0500 -0.2062
vn 0.9968 -0.0720 0.0333
vn -0.4268 0.4677 0.7740
vn 0.1366 -0.9261 -0.3517
vn 0.0814 -0.9386 -0.3353
vn 0.1162 -0.7892 -0.6030
vn 0.1988 -0.7774 -0.5968
vn 0.6561 -0.7444 -0.1244
vn 0.8931 0.4079 0.1896
vn 0.9752 0.2016 0.0915
vn 0.9947 -0.1025 0.0083
vn -0.6838 -0.6415 0.3476
vn 0.1071 0.6684 -0.7360
vn -0.5260 0.6637 -0.5318
vn -0.5651 0.6459 -0.5132
vn -0.5340 0.4422 -0.7206
vn -0.9717 0.2359 0.0125
vn 0.8450 -0.0720 -0.5299
vn 0.9965 0.0066 0.0832
vn 0.9963 0.0197 0.0832
vn -0.9356 0.1703 -0.3092
vn -0.9249 0.2042 -0.3206
vn 0.0814 -0.9386 0.3353
vn 0.1162 -0.7892 0.6030
vn -0.8553 0.1468 -0.4970
vn -0.6214 0.0598 -0.7812
vn -0.9550 0.1966 -0.2223
vn 0.9051 -0.4252 -0.0000
vn -0.9731 0.2274 -0.0374
vn -0.1474 -0.5182 -0.8424
vn -0.1474 -0.5110 -0.8468
vn 0.0410 0.0376 -0.9984
vn 0.0409 -0.0259 -0.9988
vn 0.0531 -0.1325 -0.9898
vn -0.9392 0.2686 0.2139
vn 0.1174 -0.9791 -0.1659
vn 0.1136 -0.9935 -0.0001
vn 0.6502 -0.7597 -0.0000
vn -0.8553 -0.1467 0.4969
vn -0.9794 0.2018 0.0042
vn 0.0070 0.4403 0.8978
vn 0.0052 0.2227 0.9749
vn 0.0139 0.4404 0.8977
vn -0.7426 -0.3623 -0.5634
vn -0.6659 -0.4219 -0.6154
vn 0.1307 -0.6911 -0.7108
vn 0.2688 -0.6759 -0.6862
vn 0.1434 -0.3470 -0.9268
vn 0.7138 -0.5027 -0.4877
vn -0.8087 0.0951 0.5804
vn -0.8404 -0.0234 0.5415
vn -0.9633 -0.2357 0.1286
vn -0.9707 -0.2360 0.0458
vn -0.8355 -0.5431 0.0833
vn -0.5400 0.2698 0.7972
vn -0.3871 -0.9220 -0.0000
vn -0.4063 0.6892 0.6000
vn -0.2179 0.7092 0.6705
vn -0.6974 -0.1227 0.7061
vn 0.9997 -0.0197 0.0167
vn -0.7426 -0.3623 0.5633
vn -0.8771 -0.2067 0.4336
vn -0.9802 0.1975 -0.0166
vn -0.9857 0.1414 0.0914
vn -0.4062 0.6893 0.5998
vn 0.4093 -0.5480 0.7295
vn 0.9974 0.0284 -0.0665
vn -0.0075 -0.9896 0.1437
vn -0.0094 -0.9980 0.0617
vn 0.9965 0.0371 -0.0748
vn 0.9966 -0.0807 0.0167
vn 0.9960 -0.0894 -0.0000
vn 0.1332 -0.7225 -0.6784
vn -0.9665 0.0369 -0.2541
vn -0.8553 -0.1468 -0.4969
vn -0.9334 -0.2172 -0.2858
vn 0.0719 -0.7061 -0.7044
vn 0.3391 0.6920 -0.6372
vn -0.9803 0.1975 0.0001
vn 0.0765 -0.3845 0.9200
vn 0.9773 0.0936 -0.1899
vn 0.1071 0.6683 0.7362
vn 0.0505 0.4031 0.9138
vn -0.1132 0.4446 -0.8885
vn 0.4365 0.6408 -0.6315
vn 0.5788 0.8047 -0.1318
vn 0.0261 -0.9093 0.4152
vn 0.0252 -0.7026 0.7111
vn 0.8883 0.4484 -0.0997
vn -0.4935 0.8676 -0.0621
vn 0.0253 -0.7025 -0.7113
vn 0.0594 -0.6995 -0.7121
vn 0.0556 -0.9096 0.4117
vn 0.0594 -0.6997 0.7119
vn 0.0611 0.7089 -0.7026
vn 0.1397 0.7287 0.6705
vn 0.1359 0.8472 0.5137
vn 0.6990 0.6463 0.3060
vn 0.4365 0.6410 0.6313
vn 0.7003 0.5096 0.4999
vn -0.4930 0.8700 -0.0042
vn -0.4935 0.8675 0.0621
vn -0.0019 -0.9816 -0.1911
vn 0.8066 -0.3577 0.4706
vn 0.5606 -0.8174 0.1323
vn 0.8437 -0.1199 -0.5233
vn -0.5339 0.4422 0.7207
vn -0.5354 0.2576 0.8044
vn -0.5519 0.4508 0.7016
vn 0.0036 0.7088 0.7054
vn 0.0108 0.7088 0.7053
vn 0.0037 0.9958 -0.0912
vn 0.0111 0.9958 -0.0906
vn 0.2299 0.6940 0.6823
vn -0.5651 0.6459 0.5132
vn 0.0392 0.9951 0.0912
vn -0.5260 0.6637 0.5318
vn 0.0053 -0.4142 -0.9102
vn 0.0035 -0.2266 -0.9740
vn -0.9570 0.2780 0.0832
vn 0.0375 -0.9807 -0.1917
vn -0.0523 0.9986 -0.0041
vn -0.0829 0.9966 -0.0001
vn 0.0069 0.0971 0.9952
vn 0.0068 0.0376 0.9993
vn 0.0353 0.9736 0.2254
vn 0.1178 0.9930 -0.0001
vn -0.9570 0.2780 0.0831
vn -0.9665 0.0369 0.2542
vn 0.0069 0.0970 -0.9953
vn 0.0052 0.2227 -0.9749
vn 0.0976 0.4407 0.8923
vn 0.1164 0.7066 0.6980
vn 0.1434 -0.3470 0.9268
vn -0.9391 0.2686 -0.2142
vn -0.9717 -0.2360 -0.0041
vn -0.0073 -0.7990 -0.6013
vn 0.0566 -0.7966 -0.6018
vn 0.0355 -0.9460 -0.3223
vn -0.0093 -0.9474 -0.3200
vn 0.5704 -0.1696 -0.8037
vn 0.5134 -0.3521 -0.7826
vn 0.2959 -0.7871 -0.5412
vn 0.1907 -0.9148 -0.3562
vn 0.8936 -0.4488 -0.0000
vn -0.0038 -0.9997 -0.0237
vn 0.0261 -0.9093 -0.4152
vn 0.0504 -0.9799 -0.1928
vn 0.2948 -0.9532 0.0663
vn -0.9333 -0.2174 -0.2859
vn 0.3065 -0.9355 0.1761
vn 0.1508 -0.9016 0.4055
vn 0.3277 -0.8722 0.3631
vn 0.1307 -0.6913 0.7107
vn 0.2688 -0.6761 0.6860
vn -0.8771 -0.2067 -0.4336
vn -0.6212 0.0598 -0.7814
vn 0.4824 -0.1519 -0.8627
vn 0.3040 -0.1338 -0.9432
vn 0.5848 -0.0062 -0.8111
vn 0.1164 0.7068 0.6978
vn -0.4064 0.6891 -0.5999
vn -0.4271 0.4678 -0.7738
vn 0.1906 -0.9148 -0.3560
vn 0.0510 -0.9961 -0.0721
vn 0.9059 -0.3051 0.2935
vn 0.9009 -0.4045 0.1573
vn 0.1365 -0.9261 0.3516
vn 0.0814 -0.9387 0.3351
vn -0.0093 -0.9475 -0.3197
vn 0.0355 -0.9460 -0.3221
vn 0.9965 -0.0022 -0.0832
vn 0.0252 -0.7024 0.7113
vn 0.8935 -0.4488 -0.0167
vn 0.8518 -0.1552 0.5003
vn 0.0752 0.0377 0.9965
vn -0.1474 -0.5180 0.8426
vn -0.0000 -0.8868 -0.4622
vn 0.1307 -0.6911 0.7108
vn 0.0594 -0.6996 0.7121
vn 0.2688 -0.6759 0.6862
vn -0.0038 -0.9997 0.0237
vn -0.0021 -1.0000 -0.0041
vn -0.1474 -0.5180 -0.8426
vn -0.6640 -0.4296 -0.6119
vn 0.4680 -0.2916 -0.8343
vn 0.9975 0.0503 0.0500
vn -0.1473 -0.5180 -0.8426
vn 0.1906 -0.9148 0.3560
vn -0.0070 -0.5025 -0.8645
vn 0.0738 -0.5064 -0.8592
vn 0.4826 -0.1519 -0.8626
vn 0.9965 -0.0066 -0.0832
vn 0.0977 0.4407 0.8923
vn 0.5744 -0.8186 -0.0001
vn -0.4689 -0.3467 -0.8124
vn 0.5921 0.8059 -0.0000
vn 0.5790 0.8046 -0.1318
vn 0.8266 -0.2529 -0.5028
vn 0.6933 0.5319 0.4863
vn 0.2688 -0.6761 -0.6860
vn 0.0253 -0.7026 -0.7111
vn 0.0108 0.7086 0.7055
vn -0.5260 0.6639 -0.5316
vn -0.1199 0.7066 -0.6974
vn 0.0395 0.1875 0.9815
vn 0.9963 0.0633 -0.0583
vn -0.1475 -0.5182 0.8424
vn -0.6416 0.6094 -0.4658
vn 0.0354 -0.9460 0.3221
vn -0.4064 0.6893 -0.5998
vn -0.0093 -0.9475 0.3197
vn 0.9955 -0.0676 -0.0666
vn -0.8552 -0.1469 -0.4970
vn -0.8553 -0.1468 0.4969
vn 0.0036 0.7087 0.7055
vn 0.6340 -0.7519 -0.1810
vn 0.6193 -0.7693 -0.1569
vn 0.6438 -0.7623 -0.0666
vn 0.6525 -0.7533 -0.0826
vn 0.2095 0.0459 0.9767
vn 0.0856 0.0694 0.9939
vn 0.0906 0.0773 0.9929
vn 0.2082 0.0656 0.9759
vn -0.0019 0.8953 0.4455
vn -0.0019 0.9735 0.2286
vn -0.0037 0.9724 0.2332
vn -0.0019 0.8931 0.4498
vn -0.9568 0.2566 0.1367
vn -0.9210 0.2466 0.3015
vn -0.9177 0.2592 0.3011
vn -0.9532 0.2736 0.1285
vn -0.0068 0.0061 -1.0000
vn -0.0069 0.0099 -0.9999
vn -0.0137 0.0376 -0.9992
vn -0.0069 0.0376 -0.9993
vn 0.7460 -0.6543 -0.1245
vn 0.6857 -0.7210 -0.0997
vn 0.6923 -0.7216 -0.0000
vn 0.7555 -0.6552 -0.0000
vn 0.1186 -0.5916 0.7975
vn 0.1092 -0.5425 0.8329
vn 0.1136 -0.4631 0.8790
vn 0.1230 -0.5213 0.8445
vn -0.0000 -0.0256 -0.9997
vn -0.0001 0.0060 -1.0000
vn -0.0000 0.0059 -1.0000
vn -0.0000 -0.0218 -0.9998
vn -0.0604 -0.9870 -0.1487
vn -0.0475 -0.9969 -0.0628
vn 0.1151 -0.4447 0.8883
vn 0.1334 -0.5179 0.8449
vn 0.1259 -0.4816 0.8673
vn 0.1024 -0.3885 0.9158
vn 0.1193 -0.5033 0.8558
vn 0.1322 -0.5535 0.8223
vn 0.5904 -0.7414 -0.3189
vn 0.5777 -0.7716 -0.2663
vn 0.0677 -0.3768 0.9238
vn 0.0605 -0.2965 0.9531
vn 0.0608 -0.3654 0.9289
vn 0.0736 -0.4847 0.8716
vn 0.1182 -0.5533 0.8246
vn 0.1202 -0.5778 0.8073
vn 0.0950 -0.5210 -0.8482
vn 0.1182 -0.5533 -0.8245
vn 0.1202 -0.5778 -0.8073
vn -0.1623 -0.0734 -0.9840
vn -0.4455 -0.0707 -0.8925
vn -0.4231 -0.0061 -0.9061
vn -0.1452 -0.0496 -0.9882
vn -0.1298 -0.0297 -0.9911
vn 0.0051 -0.0534 -0.9986
vn -0.0034 -0.0613 -0.9981
vn 0.6191 -0.6880 -0.3786
vn 0.6628 -0.7154 -0.2211
vn 0.0736 -0.4847 -0.8716
vn 0.1077 -0.5637 -0.8189
vn 0.0035 -0.4255 0.9050
vn 0.0624 -0.3541 0.9331
vn 0.1015 -0.4777 0.8727
vn 0.0460 -0.5134 0.8569
vn -0.9990 -0.0153 -0.0417
vn -0.9970 0.0546 -0.0541
vn -0.9891 0.0850 -0.1205
vn -0.9941 0.0066 -0.1081
vn 0.3120 -0.0900 -0.9458
vn 0.1808 -0.0695 -0.9811
vn 0.1809 -0.0656 -0.9813
vn 0.3187 -0.0939 -0.9432
vn 0.6535 -0.6032 -0.4572
vn 0.6975 -0.4629 -0.5471
vn 0.5334 -0.3725 -0.7594
vn 0.5370 -0.5181 -0.6658
vn 0.7214 -0.2964 -0.6259
vn 0.5296 -0.2294 -0.8166
vn 0.0683 -0.4664 -0.8819
vn 0.0916 -0.5459 -0.8329
vn 0.0845 -0.5316 0.8428
vn 0.0824 -0.4738 0.8768
vn 0.0916 -0.5459 0.8328
vn 0.0683 -0.4663 0.8820
vn 0.0788 -0.4701 -0.8791
vn 0.0845 -0.5316 -0.8428
vn 0.0788 -0.4701 0.8791
vn 0.0776 -0.5315 0.8435
vn 0.0753 -0.4737 0.8775
vn 0.7162 -0.6408 -0.2765
vn 0.8403 -0.5163 -0.1653
vn 0.7940 -0.5048 -0.3388
vn 0.0878 -0.4993 -0.8620
vn 0.0775 -0.5315 -0.8435
vn -0.7070 0.0646 0.7043
vn -0.4711 0.0669 0.8795
vn -0.4585 0.0626 0.8865
vn -0.6945 0.0562 0.7173
vn -0.0119 0.0851 0.9963
vn 0.0017 0.0813 0.9967
vn -0.0068 0.0337 0.9994
vn -0.0137 0.0337 0.9993
vn 0.1092 -0.5426 -0.8329
vn 0.0881 -0.5494 -0.8309
vn -0.0136 -0.0218 -0.9997
vn 0.0034 -0.0653 -0.9979
vn -0.0171 -0.0692 -0.9975
vn -0.0342 -0.0258 -0.9991
vn -0.4864 -0.4288 0.7613
vn -0.5046 -0.3791 0.7757
vn -0.2737 -0.3105 0.9103
vn -0.2492 -0.3486 0.9035
vn 0.9255 -0.3227 -0.1980
vn 0.8558 -0.3190 -0.4073
vn 0.1200 -0.4111 0.9036
vn 0.1421 -0.3813 0.9135
vn 0.1295 -0.4853 0.8647
vn -0.0136 0.0376 0.9992
vn -0.0136 0.0336 0.9993
vn -0.0069 0.0099 0.9999
vn -0.0069 0.0098 0.9999
vn -0.1321 -0.2035 -0.9701
vn -0.1268 -0.1643 -0.9782
vn -0.2459 -0.2006 -0.9483
vn -0.2667 -0.2519 -0.9303
vn -0.0770 0.1010 -0.9919
vn -0.2030 0.1172 -0.9721
vn -0.1962 0.1211 -0.9731
vn -0.0702 0.1009 -0.9924
vn 0.1191 -0.6324 -0.7655
vn 0.1186 -0.5917 -0.7974
vn 0.0996 -0.6187 -0.7793
vn 0.1095 -0.0138 -0.9939
vn -0.0000 0.0099 -1.0000
vn 0.0068 0.0178 -0.9998
vn 0.1095 -0.0059 -0.9940
vn 0.1189 -0.6087 -0.7844
vn 0.1087 -0.6455 -0.7560
vn 0.1177 -0.6489 0.7517
vn 0.0916 -0.5388 0.8374
vn 0.1087 -0.6455 0.7560
vn 0.1189 -0.6087 0.7844
vn -0.3970 0.0383 -0.9170
vn -0.3697 0.0783 -0.9258
vn -0.1162 0.0060 -0.9932
vn 0.1272 -0.5849 -0.8011
vn 0.1177 -0.6489 -0.7517
vn 0.0155 -0.2616 0.9650
vn -0.0206 -0.2188 0.9756
vn 0.0395 -0.2032 0.9783
vn 0.0637 -0.2461 0.9671
vn 0.1519 -0.4673 0.8710
vn 0.1794 -0.4604 0.8694
vn 0.1483 -0.5713 0.8072
vn 0.1272 -0.5849 0.8011
vn 0.1609 -0.3625 -0.9180
vn 0.1520 -0.4672 -0.8710
vn 0.1794 -0.4604 -0.8694
vn -0.0137 0.0020 0.9999
vn -0.0343 -0.0258 0.9991
vn -0.0136 -0.0218 0.9997
vn -0.0137 0.0059 0.9999
vn 0.3254 -0.0942 -0.9409
vn 0.5151 -0.1119 -0.8498
vn 0.5089 -0.1118 -0.8536
vn 0.3039 -0.0979 0.9477
vn 0.4914 -0.1076 0.8643
vn 0.4930 -0.0954 0.8648
vn 0.3054 -0.0899 0.9480
vn 0.7101 -0.1810 -0.6804
vn 0.7257 -0.1813 -0.6637
vn 0.8747 -0.1940 -0.4441
vn 0.8606 -0.2062 -0.4656
vn -0.0000 0.7117 -0.7025
vn -0.0051 0.4477 -0.8942
vn -0.0087 0.4440 -0.8960
vn -0.0072 0.7117 -0.7024
vn -0.0070 0.2188 0.9757
vn -0.0069 0.0930 0.9956
vn -0.0070 0.0968 0.9953
vn -0.0082 0.2226 0.9749
vn 0.0753 0.0179 0.9970
vn 0.1893 -0.0536 0.9804
vn 0.1757 -0.0536 0.9830
vn 0.0752 -0.0020 0.9972
vn 0.1191 -0.6323 0.7655
vn 0.1186 -0.5916 -0.7975
vn 0.1230 -0.5213 -0.8444
vn 0.9566 -0.1881 -0.2224
vn 0.0072 0.7117 -0.7024
vn 0.0054 0.4440 -0.8960
vn 0.0053 0.4440 -0.8960
vn 0.1200 -0.4111 -0.9036
vn 0.1136 -0.4631 -0.8790
vn -0.9811 0.1371 0.1368
vn -0.9405 0.1403 0.3093
vn -0.9376 0.1661 0.3054
vn -0.9763 0.1673 0.1371
vn 0.0603 -0.2385 -0.9693
vn 0.0994 -0.4296 -0.8975
vn 0.0834 -0.3845 -0.9194
vn 0.0533 -0.2033 -0.9777
vn 0.7467 -0.6400 -0.1812
vn 0.7999 -0.5745 -0.1734
vn 0.7700 -0.5262 -0.3608
vn 0.7218 -0.5866 -0.3672
vn 0.0878 -0.4993 0.8620
vn 0.0729 -0.3806 0.9219
vn 0.0889 -0.4146 0.9057
vn 0.0136 -0.0297 0.9995
vn 0.0068 0.0060 1.0000
vn 0.0068 0.0099 0.9999
vn 0.0073 -0.0256 0.9996
vn 0.1030 -0.1759 0.9790
vn 0.1308 -0.2660 0.9551
vn 0.1141 -0.3122 0.9431
vn 0.0913 -0.2618 0.9608
vn 0.8197 0.0784 -0.5674
vn 0.8183 -0.0275 -0.5741
vn 0.6491 -0.0062 -0.7606
vn 0.6518 0.0683 -0.7553
vn -0.1282 0.0773 -0.9887
vn -0.3337 0.1380 -0.9325
vn -0.3235 0.1260 -0.9378
vn -0.1265 0.0654 -0.9898
vn -0.1128 0.0694 0.9912
vn 0.0069 0.0138 0.9999
vn -0.0001 0.0218 0.9998
vn -0.1212 0.0812 0.9893
vn -0.9376 0.1015 0.3326
vn -0.9834 0.0633 0.1699
vn -0.9873 0.0196 0.1574
vn -0.9476 0.0627 0.3132
vn 0.0035 -0.0693 -0.9976
vn 0.0001 -0.0218 -0.9998
vn 0.2120 -0.1766 0.9612
vn 0.1370 -0.1524 0.9788
vn 0.1180 -0.0813 0.9897
vn 0.1911 -0.0934 0.9771
vn 0.6532 -0.4910 -0.5764
vn 0.6941 -0.4354 -0.5733
vn 0.5515 -0.2981 -0.7791
vn 0.5196 -0.3406 -0.7836
vn 0.6536 -0.6031 0.4573
vn 0.7163 -0.6408 0.2763
vn 0.6628 -0.7154 0.2211
vn 0.6192 -0.6880 0.3785
vn 0.0608 -0.3654 -0.9289
vn 0.0777 -0.3158 -0.9456
vn 0.0604 -0.2965 -0.9531
vn 0.0872 0.0574 0.9945
vn 0.2045 0.0059 0.9789
vn 0.1976 -0.0337 0.9797
vn 0.0820 0.0376 0.9959
vn 0.0889 -0.4146 -0.9057
vn 0.1725 -0.0814 -0.9816
vn 0.3039 -0.0980 -0.9477
vn 0.0950 -0.5209 -0.8483
vn 0.0736 -0.4846 -0.8716
vn 0.0677 -0.3769 -0.9238
vn 0.8875 -0.3993 -0.2301
vn 0.9475 -0.2134 -0.2382
vn 0.9767 -0.2146 -0.0001
vn 0.9124 -0.4093 -0.0001
vn 0.1077 -0.5637 0.8189
vn 0.0950 -0.5210 0.8483
vn -0.1161 0.0377 -0.9925
vn -0.2919 0.0899 -0.9522
vn -0.2752 0.0738 -0.9586
vn -0.1094 0.0337 -0.9934
vn -0.9501 0.2860 0.1243
vn -0.9178 0.2677 0.2934
vn -0.9202 0.2679 0.2855
vn -0.9519 0.2820 0.1202
vn 0.2045 0.0060 0.9788
vn 0.0872 0.0575 0.9945
vn 0.1006 -0.3581 0.9283
vn 0.0778 -0.3158 0.9456
vn 0.1193 -0.5033 -0.8558
vn 0.1322 -0.5535 -0.8223
vn -0.0108 0.6993 -0.7148
vn -0.0105 0.4292 -0.9031
vn -0.0112 0.4292 -0.9031
vn -0.0107 0.6993 -0.7148
vn 0.0683 -0.4663 -0.8820
vn 0.0729 -0.3806 -0.9219
vn 0.0120 -0.1600 0.9870
vn 0.0036 -0.0694 0.9976
vn 0.0086 -0.0732 0.9973
vn 0.0189 -0.1600 0.9869
vn 0.2191 -0.7371 0.6393
vn 0.1589 -0.6918 0.7043
vn 0.1817 -0.6860 0.7045
vn 0.2560 -0.7322 0.6311
vn 0.2582 -0.0379 0.9653
vn 0.1095 -0.0059 0.9940
vn 0.1091 -0.0141 0.9939
vn 0.2516 -0.0379 0.9671
vn 0.7052 -0.0896 -0.7033
vn 0.7133 -0.1063 -0.6927
vn 0.8694 -0.0833 -0.4871
vn 0.8666 -0.0704 -0.4940
vn 0.0639 -0.3042 -0.9505
vn 0.1029 -0.1760 0.9790
vn 0.0672 -0.2384 0.9688
vn 0.0755 -0.1758 0.9815
vn 0.4915 -0.1076 -0.8642
vn 0.6922 -0.1019 -0.7145
vn -0.0719 0.1088 -0.9915
vn 0.0068 0.0890 -0.9960
vn 0.0068 0.0892 -0.9960
vn -0.1216 -0.7921 0.5982
vn -0.3377 -0.7572 0.5590
vn -0.2430 -0.9170 0.3163
vn -0.0849 -0.9435 0.3204
vn 0.7855 -0.0401 -0.6176
vn 0.7795 0.0569 -0.6238
vn 0.5953 0.0514 -0.8019
vn 0.5968 -0.0185 -0.8022
vn -0.1351 -0.9908 -0.0000
vn -0.3506 -0.9365 -0.0041
vn -0.3531 -0.9348 -0.0375
vn -0.1375 -0.9902 -0.0249
vn 0.5306 -0.0917 0.8426
vn 0.7384 -0.0691 0.6709
vn 0.7566 0.0105 0.6538
vn 0.5536 -0.0429 0.8317
vn 0.0704 -0.1954 0.9782
vn 0.0689 -0.2501 0.9658
vn 0.0760 -0.2925 0.9532
vn 0.0637 -0.2462 0.9671
vn -0.8238 -0.5422 0.1654
vn -0.8266 -0.5539 0.0998
vn -0.6411 -0.7620 0.0913
vn -0.6516 -0.7438 0.1488
vn 0.1193 -0.5032 0.8559
vn 0.0814 -0.3465 0.9345
vn 0.0870 -0.4183 0.9041
vn 0.4454 0.0747 -0.8922
vn 0.6558 0.0848 -0.7502
vn 0.6517 0.0683 -0.7554
vn 0.4394 0.0626 -0.8961
vn 0.9198 -0.3434 -0.1900
vn 0.9772 -0.0499 -0.2062
vn 0.9117 -0.0452 -0.4083
vn 0.8654 -0.3113 -0.3927
vn -0.9946 0.0720 0.0749
vn -0.9769 0.0977 0.1900
vn -0.9732 0.1021 0.2061
vn -0.9936 0.0763 0.0832
vn 0.0021 0.8994 0.4371
vn 0.0072 0.7119 0.7022
vn 0.7764 0.0021 -0.6302
vn 0.9065 0.0752 -0.4154
vn 0.9027 0.0022 -0.4302
vn 0.0172 -0.1639 0.9863
vn 0.0085 -0.0732 0.9973
vn 0.0102 -0.0693 0.9975
vn 0.0257 -0.1600 0.9868
vn 0.7668 -0.1782 -0.6167
vn 0.5892 -0.1088 -0.8006
vn 0.5910 0.0144 -0.8066
vn -0.5528 0.1569 -0.8184
vn -0.3088 0.1099 -0.9448
vn -0.5790 0.1617 -0.7991
vn 0.5515 -0.2981 0.7791
vn 0.6941 -0.4354 0.5733
vn 0.6531 -0.4911 0.5765
vn 0.5196 -0.3406 0.7836
vn 0.1193 -0.5032 -0.8559
vn 0.0814 -0.3465 -0.9345
vn 0.1151 -0.4445 -0.8883
vn 0.0871 -0.4183 -0.9041
vn 0.0639 -0.3042 0.9504
vn 0.1182 -0.5532 -0.8246
vn 0.0053 0.4441 -0.8960
vn 0.0052 0.4440 -0.8960
vn -0.0378 -0.9990 -0.0241
vn -0.0393 -0.9992 -0.0000
vn -0.9605 0.2781 -0.0000
vn -0.9664 0.2571 -0.0041
vn 0.0635 -0.1719 0.9831
vn 0.0307 -0.0613 0.9976
vn 0.0188 -0.0495 0.9986
vn 0.0446 -0.1443 0.9885
vn 0.0137 0.0019 0.9999
vn 0.0137 0.0020 0.9999
vn -0.0000 0.7119 0.7023
vn -0.0055 0.8993 0.4372
vn -0.0072 0.7119 0.7022
vn -0.9922 0.0065 0.1246
vn -0.9603 0.0195 0.2782
vn -0.9554 0.0282 0.2938
vn -0.9909 0.0196 0.1328
vn 0.0997 -0.4629 -0.8808
vn 0.1334 -0.5179 -0.8450
vn 0.1259 -0.4816 -0.8673
vn 0.1064 -0.4557 -0.8837
vn 0.7339 -0.3498 -0.5823
vn 0.8817 -0.2239 -0.4153
vn 0.8178 -0.4352 -0.3766
vn 0.0496 -0.0811 0.9955
vn 0.0204 -0.0059 0.9998
vn -0.2735 -0.3105 -0.9104
vn -0.2492 -0.3486 -0.9035
vn -0.0861 -0.2733 -0.9581
vn -0.1132 -0.2423 -0.9636
vn -0.7065 -0.6994 -0.1079
vn -0.6279 -0.7702 -0.1120
vn -0.5978 -0.7673 -0.2322
vn -0.6626 -0.7156 -0.2210
vn -0.4394 0.1151 -0.8909
vn -0.6644 0.1221 -0.7374
vn -0.6594 0.1386 -0.7389
vn -0.4344 0.1271 -0.8917
vn -0.9969 0.0415 0.0665
vn -0.9983 0.0022 0.0583
vn 0.0017 0.4477 -0.8942
vn 0.0018 0.4477 -0.8942
vn 0.0035 0.2266 -0.9740
vn 0.0018 0.2305 -0.9731
vn 0.9438 -0.2518 -0.2142
vn 0.9767 0.0065 -0.2144
vn 1.0000 0.0066 -0.0001
vn 0.9653 -0.2613 -0.0001
vn 0.0070 0.0376 -0.9993
vn 0.0137 0.0376 -0.9992
vn 0.8554 -0.4820 -0.1898
vn 0.8190 -0.5495 -0.1655
vn 0.7932 -0.5009 -0.3463
vn 0.0872 0.0575 -0.9945
vn -0.0067 0.0931 -0.9956
vn -0.0068 0.0930 -0.9956
vn 0.0855 0.0614 -0.9944
vn 0.1690 -0.0417 -0.9847
vn 0.1758 -0.0536 -0.9830
vn 0.0752 -0.0019 -0.9972
vn 0.0753 -0.0139 -0.9971
vn -0.0054 0.7150 0.6991
vn 0.0018 0.8993 0.4372
vn 0.0018 0.8994 0.4372
vn 0.1589 -0.6919 -0.7043
vn 0.2191 -0.7370 -0.6394
vn 0.2561 -0.7323 -0.6311
vn 0.1817 -0.6860 -0.7045
vn 0.9399 0.2985 -0.1656
vn 0.9229 0.3437 -0.1735
vn 0.8836 0.2871 -0.3700
vn 0.8996 0.2542 -0.3550
vn 0.8403 -0.5163 0.1653
vn 0.7940 -0.5048 0.3388
vn 0.8558 -0.3192 0.4071
vn 0.9255 -0.3228 0.1981
vn 0.1295 -0.4853 -0.8647
vn 0.1421 -0.3813 -0.9135
vn 0.0069 0.0890 0.9960
vn 0.0068 0.0891 0.9960
vn -0.4342 -0.4979 0.7507
vn -0.3507 -0.5951 0.7231
vn -0.5550 -0.6418 0.5293
vn -0.6422 -0.5470 0.5370
vn -0.7872 0.1620 0.5950
vn -0.9234 0.1356 0.3592
vn -0.8099 0.1500 0.5671
vn -0.2417 0.0657 0.9681
vn -0.4457 0.0667 0.8927
vn -0.2466 0.0577 0.9674
vn -0.6320 -0.7736 -0.0457
vn -0.8288 -0.5580 -0.0417
vn -0.8266 -0.5539 -0.0997
vn -0.6412 -0.7619 -0.0914
vn 0.6857 -0.7210 0.0997
vn 0.6522 -0.7535 0.0830
vn 0.6340 -0.7519 0.1810
vn -0.9873 0.0198 -0.1573
vn -0.9835 0.0631 -0.1696
vn -0.9376 0.1015 -0.3326
vn -0.9476 0.0628 -0.3133
vn 0.0068 0.0297 -0.9995
vn 0.1094 0.0099 -0.9939
vn -0.6792 0.0768 0.7299
vn -0.4409 0.0828 0.8937
vn -0.4420 0.0989 0.8915
vn -0.6708 0.1016 0.7347
vn -0.6085 0.0925 0.7881
vn -0.3743 0.0743 0.9243
vn -0.3904 -0.0381 0.9199
vn -0.6259 -0.0145 0.7797
vn 0.0996 -0.2074 -0.9732
vn 0.1581 -0.4152 -0.8959
vn 0.1005 -0.3580 -0.9283
vn 0.0635 -0.1719 -0.9831
vn -0.0138 0.0891 0.9959
vn -0.0137 0.0336 0.9993
vn 0.9552 -0.2395 -0.1737
vn 0.8666 -0.4708 -0.1655
vn 0.8753 -0.4835 -0.0000
vn 0.9686 -0.2486 -0.0001
vn -0.0137 0.0891 -0.9959
vn -0.0137 0.0336 -0.9993
vn -0.0138 0.0891 -0.9959
vn 0.2484 0.0618 -0.9667
vn 0.2484 0.0698 -0.9661
vn 0.9832 0.0153 -0.1819
vn 0.9316 0.0110 -0.3634
vn 0.9093 -0.2163 -0.3554
vn -0.0038 0.9958 -0.0913
vn -0.0037 0.9958 -0.0913
vn -0.0016 0.9735 -0.2286
vn -0.0018 0.9735 -0.2287
vn -0.9568 0.2907 -0.0041
vn 0.6490 -0.0062 -0.7608
vn 0.4425 0.0142 -0.8967
vn -0.0019 0.9746 -0.2240
vn 0.0019 0.8993 -0.4373
vn 0.6230 0.0722 0.7789
vn 0.8058 0.1710 0.5670
vn 0.8294 0.0658 0.5548
vn 0.6491 0.0145 0.7606
vn 0.0394 0.1875 -0.9815
vn 0.0017 0.0812 -0.9967
vn 0.0046 0.1010 -0.9949
vn 0.0050 0.1009 -0.9949
vn 0.0019 0.2306 -0.9730
vn -0.6015 0.1784 0.7787
vn -0.8217 0.1799 0.5407
vn -0.8195 0.2258 0.5267
vn -0.6011 0.2231 0.7674
vn -0.0171 0.2110 0.9773
vn -0.0084 0.2069 0.9783
vn -0.0137 0.0890 0.9959
vn -0.0103 0.2110 -0.9774
vn -0.0171 0.2110 -0.9773
vn -0.0017 0.9736 -0.2285
vn -0.9581 0.2865 -0.0000
vn -0.9560 0.2694 0.1162
vn -0.9617 0.2739 -0.0041
vn -0.9971 0.0764 -0.0000
vn -0.9879 0.0806 0.1327
vn -0.9844 0.1109 0.1368
vn -0.9943 0.1069 -0.0000
vn 0.0889 -0.0257 -0.9957
vn -0.0066 0.0137 -0.9999
vn -0.0068 0.0058 -1.0000
vn 0.0890 -0.0258 -0.9957
vn -0.0069 -0.0218 0.9997
vn -0.0068 -0.0218 0.9997
vn -0.1540 -0.4966 -0.8542
vn -0.0071 -0.5025 -0.8645
vn -0.0073 -0.7990 -0.6012
vn -0.1216 -0.7921 -0.5981
vn 0.9769 0.0980 -0.1901
vn 0.9749 0.1282 -0.1819
vn 0.9911 0.1329 -0.0001
vn 0.9947 0.1025 -0.0001
vn -0.9905 0.1372 -0.0041
vn 0.8156 -0.1418 -0.5610
vn 0.9248 -0.0410 -0.3782
vn 0.9107 -0.1824 -0.3705
vn -0.0001 0.0377 0.9993
vn -0.0000 0.0060 1.0000
vn -0.0000 0.0098 1.0000
vn -0.0000 0.0377 0.9993
vn -0.0072 0.7024 0.7117
vn -0.0070 0.4329 0.9014
vn -0.0104 0.4366 0.8996
vn -0.0054 0.7055 0.7086
vn 0.0016 0.2305 -0.9731
vn -0.0017 0.1009 -0.9949
vn -0.0015 0.1008 -0.9949
vn -0.0052 0.2305 -0.9731
vn -0.9226 0.2636 -0.2816
vn -0.9260 0.2468 -0.2858
vn -0.8190 0.2425 -0.5201
vn -0.8198 0.2467 -0.5168
vn -0.0094 -0.9474 0.3200
vn -0.0073 -0.7990 0.6012
vn 0.9807 -0.0458 -0.1901
vn 0.9987 -0.0502 -0.0000
vn 0.4393 0.0626 0.8961
vn 0.6517 0.0683 0.7554
vn 0.6557 0.0848 0.7502
vn 0.4454 0.0747 0.8922
vn -0.9531 0.0541 0.2978
vn -0.9906 0.0458 0.1288
vn 0.9607 -0.2097 -0.1820
vn 0.9425 -0.2857 -0.1737
vn 0.8995 -0.2541 -0.3554
vn 0.8158 -0.2047 -0.5409
vn 0.8241 -0.1883 -0.5342
vn 0.9119 -0.2292 -0.3403
vn 0.4421 -0.0384 0.8961
vn 0.6546 -0.0931 0.7503
vn 0.6490 -0.0062 0.7608
vn 0.4427 0.0142 0.8966
vn -0.0068 0.0336 0.9994
vn -0.0137 0.0099 0.9999
vn 0.0112 0.9724 0.2330
vn 0.0037 0.8910 0.4539
vn -0.0019 0.8931 0.4499
vn 0.0036 0.9724 0.2332
vn -0.6553 -0.7247 -0.2132
vn -0.5961 -0.6759 -0.4333
vn -0.4691 -0.8369 -0.2821
vn -0.7694 -0.5719 -0.2846
vn 0.0172 -0.1640 -0.9863
vn 0.0450 -0.3119 -0.9491
vn 0.0516 -0.3120 -0.9487
vn 0.0257 -0.1600 -0.9868
vn 0.4101 -0.0020 -0.9120
vn 0.2247 -0.0299 -0.9740
vn 0.2448 -0.0339 -0.9690
vn 0.4295 -0.0222 -0.9028
vn 0.8318 0.0148 -0.5549
vn 0.8147 -0.1711 -0.5540
vn -0.6011 0.2231 -0.7674
vn -0.6127 0.2235 -0.7580
vn -0.8195 0.2259 -0.5267
vn 0.9555 -0.2949 -0.0001
vn 0.0704 -0.1954 -0.9782
vn 0.0755 -0.1758 -0.9815
vn 0.0771 -0.1168 -0.9902
vn 0.0617 -0.1522 -0.9864
vn -0.1112 0.1010 0.9887
vn -0.2418 0.1135 0.9637
vn -0.2469 0.1016 0.9637
vn -0.1026 0.0931 0.9904
vn 0.9534 -0.2522 -0.1656
vn 0.9641 -0.2655 -0.0000
vn 0.9818 -0.0935 -0.1654
vn 0.9361 -0.0886 -0.3404
vn -0.9377 0.1660 -0.3053
vn -0.9306 0.1957 -0.3092
vn -0.8319 0.1927 -0.5205
vn -0.8371 0.1675 -0.5207
vn -0.9642 -0.2441 0.1038
vn -0.9519 -0.2436 0.1859
vn -0.9752 -0.1065 0.1942
vn -0.9879 -0.1155 0.1038
vn 0.8294 0.0658 -0.5548
vn 0.8058 0.1709 -0.5670
vn 0.6230 0.0722 -0.7789
vn 0.6491 0.0145 -0.7606
vn 0.7831 0.1913 -0.5918
vn 0.5994 0.0761 -0.7968
vn 0.7555 -0.6552 -0.0001
vn 0.8072 -0.5903 -0.0000
vn -0.1613 -0.2077 0.9648
vn -0.4421 -0.2154 0.8707
vn -0.4105 -0.4820 0.7740
vn -0.1541 -0.4966 0.8542
vn 0.9952 -0.0982 -0.0000
vn 0.0110 0.9958 0.0908
vn 0.0392 0.9951 0.0913
vn 0.9772 0.1325 -0.1657
vn 0.9310 0.1099 -0.3480
vn -0.0052 0.4217 -0.9067
vn 0.0070 0.4142 -0.9102
vn 0.0733 0.6775 -0.7319
vn 0.0179 0.6898 -0.7237
vn 0.7101 -0.1810 0.6804
vn 0.8606 -0.2063 0.4656
vn 0.8747 -0.1940 0.4441
vn 0.7256 -0.1814 0.6637
vn -0.0157 0.4254 -0.9049
vn -0.0000 0.6930 -0.7210
vn -0.0054 0.6961 -0.7179
vn -0.4218 0.1551 -0.8933
vn -0.2382 0.1332 -0.9620
vn -0.2432 0.1253 -0.9619
vn -0.4269 0.1431 -0.8929
vn 0.7731 0.1157 -0.6237
vn 0.7566 0.0105 -0.6538
vn 0.5535 -0.0429 -0.8317
vn 0.5729 0.0267 -0.8192
vn -0.7231 -0.6907 -0.0042
vn -0.7065 -0.6994 0.1079
vn -0.6279 -0.7702 0.1120
vn -0.6435 -0.7654 -0.0042
vn -0.4343 -0.4979 -0.7506
vn -0.4864 -0.4287 -0.7614
vn -0.6924 -0.4704 -0.5471
vn -0.6422 -0.5470 -0.5370
vn -0.0020 0.8929 -0.4503
vn 0.0037 0.8911 -0.4538
vn 0.0112 0.9724 -0.2329
vn 0.0036 0.9724 -0.2332
vn -0.0975 -0.0416 0.9944
vn -0.2130 -0.0457 0.9760
vn -0.2060 0.0537 0.9771
vn -0.0890 0.0337 0.9955
vn -0.0001 -0.0296 0.9996
vn -0.0069 0.0218 0.9997
vn 0.0035 -0.4255 -0.9050
vn -0.1333 -0.5107 -0.8493
vn -0.0779 -0.5773 -0.8128
vn 0.0466 -0.5134 -0.8569
vn -0.0036 0.7086 0.7056
vn -0.0070 0.4403 0.8978
vn -0.0087 0.4440 0.8960
vn -0.0072 0.7117 0.7024
vn -0.8521 -0.4777 -0.2139
vn -0.9009 -0.3798 -0.2101
vn -0.9225 -0.3728 -0.0997
vn -0.8720 -0.4793 -0.0998
vn -0.8274 0.1081 0.5512
vn -0.9450 0.1059 0.3093
vn -0.9377 0.1660 0.3051
vn 0.7132 -0.1064 0.6928
vn 0.8694 -0.0833 0.4871
vn 0.8774 -0.0791 0.4733
vn 0.7238 -0.1065 0.6817
vn 0.0072 0.7119 -0.7022
vn 0.0020 0.8994 -0.4372
vn 0.9502 0.3115 -0.0001
vn 0.9310 0.3650 -0.0001
vn 0.9455 0.2647 -0.1898
vn 0.8927 0.2073 -0.4002
vn -0.0000 0.8973 -0.4414
vn -0.0055 0.8993 -0.4372
vn -0.0072 0.7119 -0.7023
vn -0.0036 0.7088 -0.7054
vn 0.0018 0.2305 0.9731
vn 0.0018 0.4478 0.8941
vn -0.0017 0.4514 0.8923
vn 0.0017 0.2305 0.9731
vn -0.7200 0.0939 0.6876
vn -0.4852 0.0833 0.8705
vn -0.3720 -0.9249 -0.0789
vn -0.1528 -0.9858 -0.0694
vn -0.0823 0.0891 0.9926
vn -0.0085 0.0574 0.9983
vn -0.9331 0.2130 -0.2898
vn -0.9377 0.1660 -0.3052
vn -0.8218 0.1798 -0.5407
vn 0.9581 0.2865 -0.0000
vn 0.9674 -0.0587 -0.2464
vn 0.9658 -0.0499 -0.2544
vn 0.9683 0.1280 -0.2143
vn 0.8962 0.0751 -0.4372
vn 0.2485 0.0617 0.9667
vn 0.1060 0.0654 0.9922
vn 0.1077 0.0456 0.9931
vn 0.2514 0.0337 0.9673
vn 0.0019 0.9014 -0.4331
vn 0.0018 0.9013 -0.4331
vn 0.0018 0.7150 -0.6992
vn 0.0018 0.7150 -0.6991
vn -0.7071 0.0646 -0.7041
vn -0.7202 0.0939 -0.6874
vn -0.8887 0.0793 -0.4515
vn -0.8815 0.0493 -0.4696
vn 0.0052 0.0415 -0.9991
vn 0.0069 0.0377 -0.9993
vn 0.0069 0.0059 -1.0000
vn 0.0071 0.0061 -1.0000
vn 0.0052 0.1009 -0.9949
vn 0.0307 -0.0613 -0.9976
vn 0.0496 -0.0811 -0.9955
vn -0.7211 -0.4053 0.5619
vn -0.8469 -0.3927 0.3586
vn -0.8717 -0.3033 0.3850
vn -0.7248 -0.3372 0.6008
vn -0.5961 -0.6759 0.4334
vn -0.6994 -0.4435 0.5605
vn -0.1129 -0.1129 0.9872
vn -0.1268 -0.1643 0.9782
vn -0.2459 -0.2006 0.9483
vn -0.2267 -0.1372 0.9643
vn -0.1993 -0.4122 -0.8890
vn -0.1334 -0.5107 -0.8494
vn 0.0035 -0.4254 -0.9050
vn -0.0450 -0.3234 -0.9452
vn 0.7237 -0.1065 -0.6819
vn 0.8774 -0.0791 -0.4733
vn 0.0335 0.9714 -0.2351
vn 0.0941 0.9675 -0.2347
vn 0.0391 0.9950 -0.0913
vn -0.9568 0.2907 -0.0042
vn -0.9519 0.2820 -0.1202
vn -0.9501 0.2860 -0.1243
vn -0.0274 -0.0891 0.9956
vn -0.1962 0.1211 0.9731
vn -0.3765 0.1544 0.9135
vn -0.3878 0.1466 0.9100
vn -0.2030 0.1172 0.9721
vn 0.9215 0.0883 -0.3783
vn -0.0054 0.7150 -0.6991
vn -0.0615 -0.0376 0.9974
vn -0.0736 -0.0733 0.9946
vn -0.0171 -0.0692 0.9975
vn -0.1112 0.1010 -0.9887
vn -0.0067 0.0886 -0.9960
vn -0.0049 0.0813 -0.9967
vn -0.1026 0.0931 -0.9904
vn -0.7426 0.0440 -0.6682
vn -0.7585 -0.0734 -0.6475
vn -0.8198 0.2467 0.5167
vn -0.9226 0.2635 0.2816
vn -0.8229 0.2429 0.5136
vn 0.9701 -0.0457 0.2383
vn 0.9995 -0.0328 0.0001
vn 0.9729 0.0195 0.2304
vn -0.6645 0.1221 -0.7372
vn -0.6710 0.1016 -0.7345
vn -0.8548 0.0916 -0.5108
vn -0.8495 0.1171 -0.5145
vn 0.2515 0.0339 -0.9673
vn 0.7000 -0.0854 -0.7091
vn 0.8629 -0.0661 -0.5011
vn -0.5240 0.1363 -0.8407
vn -0.7622 0.1531 -0.6290
vn -0.7389 0.1276 -0.6616
vn -0.5027 0.1118 -0.8572
vn -0.1612 -0.2076 -0.9648
vn -0.4421 -0.2154 -0.8707
vn -0.4455 -0.0708 -0.8925
vn -0.1623 -0.0735 -0.9840
vn 0.7384 -0.0691 -0.6708
vn 0.5153 -0.1119 -0.8497
vn 0.5306 -0.0917 -0.8426
vn -0.0017 0.9746 0.2240
vn 0.0017 0.9013 0.4331
vn -0.0018 0.9746 0.2240
vn 0.0804 -0.0535 0.9953
vn 0.0565 -0.0851 0.9948
vn 0.0224 -0.0772 0.9968
vn 0.0531 -0.0416 0.9977
vn -0.9192 0.0582 0.3894
vn -0.9778 0.0370 0.2061
vn -0.9264 -0.0841 0.3670
vn 0.0017 -0.1207 -0.9927
vn -0.0497 -0.1324 -0.9899
vn -0.0583 -0.1679 -0.9841
vn 0.9658 -0.0499 -0.2545
vn 0.9644 -0.0716 -0.2545
vn 0.8612 -0.0872 -0.5007
vn 0.9991 -0.0415 -0.0001
vn 0.9977 -0.0677 -0.0001
vn -0.9002 0.1522 0.4079
vn -0.9671 0.1237 0.2223
vn 0.0891 -0.0930 0.9917
vn 0.0769 -0.1167 0.9902
vn -0.0068 0.0376 0.9993
vn -0.0069 0.0375 0.9993
vn -0.0137 0.0930 0.9956
vn 0.0618 -0.1522 0.9864
vn -0.0000 0.0377 -0.9993
vn -0.0000 0.0098 -1.0000
vn -0.0001 0.0377 -0.9993
vn -0.8727 0.0364 0.4869
vn -0.9624 0.0281 0.2702
vn -0.8815 0.0490 0.4696
vn -0.9617 0.2739 -0.0042
vn -0.9707 0.2401 -0.0000
vn -0.9632 0.2441 -0.1121
vn -0.9560 0.2694 -0.1161
vn 0.0395 -0.2032 -0.9783
vn 0.0086 -0.1719 -0.9851
vn -0.6626 -0.7157 0.2210
vn -0.7654 -0.6345 0.1080
vn -0.7348 -0.6425 0.2176
vn 0.0155 -0.2616 -0.9650
vn 0.0624 -0.3540 -0.9332
vn 0.0637 -0.2461 -0.9671
vn 0.1248 -0.6490 0.7504
vn -0.0395 -0.1954 0.9799
vn 0.0086 -0.1718 0.9851
vn -0.0018 0.9746 -0.2240
vn -0.0018 0.9746 -0.2241
vn 0.9727 0.0891 -0.2142
vn 0.9956 0.0938 -0.0001
vn -0.0584 -0.1876 0.9805
vn -0.0154 -0.1600 0.9870
vn -0.0584 -0.1874 -0.9805
vn -0.0154 -0.1600 -0.9870
vn -0.1340 -0.2271 0.9646
vn -0.1320 -0.2034 0.9701
vn -0.0583 -0.1679 0.9841
vn -1.0000 0.0065 -0.0000
vn -0.9922 0.0065 -0.1245
vn -0.9931 0.0109 -0.1163
vn -0.9931 0.0109 0.1164
vn -1.0000 0.0022 -0.0000
vn 0.9991 -0.0415 0.0001
vn 0.9987 -0.0502 0.0001
vn 0.9674 -0.0587 0.2464
vn 0.9658 -0.0498 0.2543
vn 0.0037 0.9958 -0.0913
vn -0.9977 0.0677 -0.0000
vn -0.9934 0.0633 0.0955
vn -0.9987 0.0502 -0.0041
vn -0.9603 0.0195 -0.2782
vn -0.9554 0.0282 -0.2938
vn -0.8662 0.0448 -0.4976
vn -0.8727 0.0363 -0.4869
vn -0.9991 0.0415 -0.0000
vn -0.9989 0.0459 -0.0042
vn -0.9968 0.0589 -0.0541
vn -0.0035 0.0733 0.9973
vn 0.0991 0.0733 0.9924
vn -0.0050 0.0812 0.9967
vn 0.9400 0.2984 0.1656
vn 0.9502 0.3115 0.0001
vn 0.9899 0.1415 0.0001
vn 0.9773 0.1325 0.1653
vn 0.9818 -0.0937 0.1655
vn -0.9453 0.1145 -0.3054
vn -0.9405 0.1403 -0.3093
vn -0.8459 0.1424 -0.5139
vn 0.9729 0.0195 -0.2304
vn 0.9701 -0.0457 -0.2384
vn 0.8882 -0.0236 -0.4589
vn -0.9998 -0.0197 -0.0000
vn -0.9981 -0.0197 -0.0583
vn -0.9982 -0.0154 -0.0583
vn 0.9607 -0.2097 0.1820
vn 0.9767 -0.2146 -0.0000
vn 0.9807 -0.0458 0.1901
vn -0.9987 0.0502 -0.0042
vn -0.9997 0.0240 -0.0000
vn -0.9936 0.0327 -0.1081
vn -0.9934 0.0632 -0.0956
vn -0.0019 0.9746 0.2240
vn -0.9999 0.0109 -0.0000
vn -0.9982 0.0152 -0.0583
vn -0.0975 -0.0416 -0.9944
vn -0.0889 0.0337 -0.9955
vn -0.2060 0.0536 -0.9771
vn -0.2130 -0.0457 -0.9760
vn 0.8190 -0.5495 0.1655
vn 0.8249 -0.5653 -0.0000
vn 0.8668 -0.4987 -0.0000
vn 0.8554 -0.4820 0.1898
vn 0.9653 -0.2613 0.0001
vn 0.9438 -0.2518 0.2142
vn -0.9887 0.1502 -0.0042
vn -0.9801 0.1542 -0.1246
vn -0.9721 0.2016 -0.1203
vn -0.0018 0.9735 -0.2285
vn 0.9727 0.0891 0.2143
vn 0.9956 0.0938 0.0001
vn 0.9989 -0.0459 0.0001
vn 0.9772 -0.0499 0.2062
vn 0.9342 -0.3568 0.0001
vn 0.9198 -0.3434 0.1900
vn -0.8238 -0.5422 -0.1654
vn -0.6516 -0.7438 -0.1488
vn 0.7999 -0.5746 0.1735
vn 0.7555 -0.6552 0.0001
vn 0.7467 -0.6400 0.1813
vn 0.8046 -0.5938 0.0001
vn 0.7901 -0.5774 0.2056
vn -0.9202 0.2677 -0.2856
vn -0.9178 0.2676 -0.2934
vn 0.7764 0.0021 0.6303
vn 0.9027 0.0022 0.4302
vn 0.9065 0.0751 0.4154
vn 0.7795 0.0569 0.6238
vn -0.0036 0.9958 -0.0913
vn -0.0036 0.9724 -0.2331
vn 0.9475 -0.3198 0.0001
vn 0.9566 -0.1883 0.2223
vn 0.8556 -0.5176 -0.0000
vn 0.7460 -0.6542 0.1245
vn 0.0205 -0.0138 0.9997
vn 0.6568 -0.7541 0.0001
vn 0.6502 -0.7598 -0.0000
vn 0.6438 -0.7623 0.0666
vn -0.2752 0.0738 0.9586
vn -0.5028 0.1117 0.8572
vn -0.5240 0.1363 0.8407
vn -0.2919 0.0900 0.9522
vn -0.4984 -0.3319 0.8009
vn -0.4742 -0.2838 0.8334
vn -0.2667 -0.2518 0.9303
vn -0.2803 -0.2832 0.9172
vn 0.8392 -0.4247 -0.3395
vn 0.0053 0.4441 0.8960
vn 0.0102 0.2266 0.9739
vn 0.0103 0.2265 0.9740
vn 0.0053 0.4440 0.8960
vn 0.4470 -0.0587 0.8926
vn 0.6618 -0.0766 0.7457
vn 0.6643 -0.1386 0.7345
vn 0.4567 -0.0830 0.8857
vn 0.3774 0.0382 -0.9252
vn 0.5907 0.0144 -0.8067
vn 0.5891 -0.1087 -0.8008
vn 0.3841 -0.0302 -0.9228
vn -0.1063 0.1089 -0.9884
vn -0.0069 0.0930 -0.9956
vn -0.9895 0.0327 0.1409
vn -0.9620 0.0759 0.2622
vn -0.9600 0.0325 0.2781
vn -0.9900 -0.0022 0.1410
vn 0.9361 -0.0886 0.3404
vn 0.9534 -0.2523 0.1656
vn 0.9120 -0.2292 0.3403
vn 0.8163 -0.3623 0.4499
vn 0.8875 -0.3993 0.2300
vn 0.9474 -0.2135 0.2383
vn 0.7466 -0.5282 0.4045
vn -0.0066 0.0376 -0.9993
vn -0.0065 0.0972 -0.9952
vn -0.0068 0.0969 -0.9953
vn -0.0068 0.0376 -0.9993
vn 0.0069 0.0890 -0.9960
vn 0.0855 0.0693 -0.9939
vn -0.0719 0.1088 0.9915
vn -0.0702 0.1009 0.9924
vn 0.0068 0.0892 0.9960
vn -0.9922 0.0066 0.1246
vn -0.9557 -0.0152 0.2940
vn -0.9579 -0.0845 0.2742
vn -0.9912 -0.0545 0.1203
vn -0.4075 -0.1428 0.9020
vn -0.6514 -0.1179 0.7495
vn 0.0069 0.0059 1.0000
vn 0.0187 -0.0416 0.9990
vn 0.2582 -0.0257 -0.9658
vn 0.2583 -0.0379 -0.9653
vn 0.8393 -0.4247 0.3395
vn 0.8665 -0.4709 0.1656
vn 0.7932 -0.5008 0.3464
vn 0.9093 -0.2163 0.3554
vn 0.9553 -0.2395 0.1736
vn -0.2468 0.1016 -0.9637
vn -0.2451 0.0896 -0.9653
vn -0.4422 0.0990 -0.8915
vn -0.0015 0.9735 0.2286
vn -0.0037 0.9958 0.0913
vn -0.9632 0.2441 0.1122
vn -0.9721 0.2016 0.1203
vn -0.9899 0.0589 0.1286
vn -0.9983 0.0589 -0.0041
vn -0.9947 0.1025 -0.0000
vn -0.9859 0.1024 0.1326
vn 0.9316 0.0111 0.3634
vn 0.9832 0.0151 0.1818
vn 0.3826 0.0542 0.9223
vn 0.5951 0.0513 0.8020
vn 0.5966 -0.0185 0.8023
vn 0.3843 0.0141 0.9231
vn -0.8190 0.2425 0.5201
vn -0.6127 0.2235 0.7581
vn -0.8774 -0.4797 -0.0000
vn -0.8720 -0.4793 0.0997
vn -0.8182 -0.5647 0.1079
vn -0.8249 -0.5653 -0.0000
vn -0.9879 0.0806 -0.1327
vn -0.9906 0.0458 -0.1287
vn 0.8997 0.2542 0.3549
vn 0.9310 0.1100 0.3481
vn 0.8836 0.2871 0.3699
vn 0.9229 0.3438 0.1736
vn 0.0637 -0.2462 -0.9671
vn 0.0760 -0.2927 -0.9532
vn 0.0689 -0.2501 -0.9658
vn -0.2533 0.0538 0.9659
vn 0.8882 -0.0236 0.4589
vn 0.0976 0.0772 0.9922
vn 0.2484 0.0698 0.9661
vn 0.8666 -0.0704 0.4940
vn -0.9624 0.0282 -0.2702
vn -0.9666 0.0543 -0.2504
vn -0.9859 0.1674 -0.0042
vn -0.9803 0.1975 -0.0001
vn -0.9702 0.1972 -0.1409
vn -0.9764 0.1672 -0.1369
vn 0.0018 0.9014 0.4331
vn 0.1931 -0.6308 -0.7515
vn 0.1342 -0.5711 -0.8098
vn 0.1006 -0.3582 -0.9282
vn 0.1582 -0.4155 -0.8957
vn -0.0395 -0.1953 -0.9799
vn -0.1340 -0.2271 -0.9646
vn -0.0137 0.0337 -0.9993
vn -0.0068 0.0336 -0.9994
vn -0.0120 0.0851 -0.9963
vn -0.1134 -0.2425 0.9635
vn 0.7052 -0.0895 0.7033
vn -0.3508 -0.5951 -0.7231
vn -0.2737 -0.6565 -0.7029
vn 0.4826 -0.1519 0.8625
vn 0.6877 -0.1597 0.7082
vn 0.6922 -0.1019 0.7145
vn 0.4915 -0.1076 0.8642
vn 0.8962 0.0751 0.4372
vn 0.8927 0.2073 0.4002
vn 0.7731 0.1157 0.6237
vn 0.7831 0.1913 0.5918
vn 0.8367 -0.0829 0.5414
vn 0.8241 -0.1883 0.5342
vn 0.9107 -0.1823 0.3706
vn 0.8157 -0.1417 0.5608
vn 0.8159 -0.2048 0.5408
vn 0.8995 -0.2541 0.3553
vn 0.0963 -0.4740 0.8753
vn 0.0997 -0.4703 0.8769
vn -0.9547 -0.1665 0.2465
vn -0.9846 -0.1373 0.1081
vn -0.6710 0.1016 0.7345
vn -0.8548 0.0918 0.5107
vn -0.8589 0.0661 0.5079
vn -0.6794 0.0768 0.7298
vn 0.8197 0.0785 0.5674
vn 0.9215 0.0884 0.3783
vn 0.9212 0.1183 0.3708
vn 0.8220 0.0997 0.5608
vn -0.8662 0.0448 0.4976
vn -0.6835 0.0602 0.7274
vn 0.0508 -0.4699 0.8813
vn -0.0704 -0.5172 0.8530
vn -0.0779 -0.5774 0.8127
vn -0.0001 0.0376 0.9993
vn -0.0017 0.1009 0.9949
vn -0.0068 0.0970 0.9953
vn -0.0069 0.0376 0.9993
vn 0.7677 -0.3476 0.5384
vn 0.7286 -0.4097 0.5490
vn 0.8178 -0.4352 0.3766
vn 0.7339 -0.3498 0.5822
vn 0.2080 0.0617 -0.9762
vn 0.2080 0.0656 -0.9759
vn 0.3826 0.0542 -0.9223
vn 0.0019 0.8993 -0.4374
vn 0.7854 -0.0401 0.6176
vn 0.9117 -0.0453 0.4084
vn 0.8654 -0.3113 0.3926
vn 0.7615 -0.2526 0.5970
vn 0.5110 -0.2088 -0.8339
vn 0.3155 -0.1100 -0.9425
vn 0.3136 -0.0741 -0.9467
vn 0.5118 -0.1321 -0.8489
vn 0.7700 -0.5262 0.3609
vn 0.7218 -0.5866 0.3672
vn 0.6590 -0.4333 0.6148
vn 0.6892 -0.2991 0.6600
vn 0.6193 -0.7693 0.1569
vn 0.5777 -0.7716 0.2662
vn 0.5904 -0.7414 0.3189
vn -0.6196 0.2115 0.7559
vn 0.0051 0.1009 0.9949
vn 0.0054 0.1007 0.9949
vn 0.0052 0.0415 0.9991
vn 0.6974 -0.4630 0.5471
vn 0.7214 -0.2964 0.6259
vn 0.0913 -0.2618 -0.9608
vn 0.0671 -0.2384 -0.9688
vn 0.0675 -0.3464 0.9357
vn 0.0343 -0.1797 0.9831
vn 0.0240 -0.1640 0.9862
vn 0.0451 -0.3234 0.9452
vn -0.3764 0.1545 -0.9135
vn -0.6226 0.1993 -0.7568
vn -0.6194 0.2114 -0.7560
vn -0.3733 0.1664 -0.9127
vn 0.4508 -0.0749 -0.8895
vn 0.6583 -0.1426 -0.7391
vn 0.6643 -0.1386 -0.7345
vn 0.4567 -0.0830 -0.8858
vn 0.4977 -0.7588 0.4202
vn 0.5176 -0.7032 0.4874
vn -0.1282 0.0773 0.9887
vn -0.0000 0.0218 0.9998
vn -0.0063 0.0135 0.9999
vn -0.1265 0.0655 0.9898
vn 0.5370 -0.5180 0.6658
vn 0.5260 -0.6258 0.5759
vn 0.5260 -0.6259 -0.5759
vn -0.4691 -0.8369 0.2821
vn 0.5154 -0.1443 0.8447
vn 0.5296 -0.2294 0.8166
vn -0.3878 0.1466 -0.9100
vn -0.7871 0.1621 0.5952
vn -0.5532 0.1571 0.8181
vn -0.7622 0.1531 0.6290
vn 0.5074 -0.3007 0.8076
vn 0.5112 -0.2089 0.8337
vn 0.1370 -0.1524 -0.9788
vn 0.2120 -0.1766 -0.9612
vn 0.1910 -0.0934 -0.9771
vn 0.1180 -0.0812 -0.9897
vn 0.0137 -0.0297 -0.9995
vn 0.5850 -0.1618 0.7947
vn 0.0068 0.0891 -0.9960
vn -0.0086 -0.1600 -0.9871
vn -0.0994 -0.1680 -0.9808
vn -0.1640 -0.0893 -0.9824
vn -0.0736 -0.0733 -0.9946
vn 0.9683 0.1280 0.2143
vn -0.1334 -0.5107 0.8494
vn -0.3088 0.1099 0.9448
vn -0.5790 0.1617 0.7992
vn -0.3234 0.1261 0.9378
vn -0.1112 0.0456 0.9928
vn 0.0137 -0.0059 0.9999
vn 0.6257 -0.2279 0.7460
vn 0.5970 -0.2756 0.7534
vn 0.6602 0.0269 0.7506
vn 0.8318 0.0148 0.5548
vn 0.8147 -0.1711 0.5540
vn 0.6535 -0.1014 0.7501
vn 0.6492 -0.0062 0.7606
vn 0.8183 -0.0275 0.5741
vn 0.6518 0.0683 0.7553
vn -0.6259 -0.0145 -0.7797
vn -0.3903 -0.0381 -0.9199
vn -0.3743 0.0743 -0.9243
vn -0.6085 0.0925 -0.7881
vn -0.9226 -0.3727 0.0997
vn -0.9009 -0.3798 0.2101
vn -0.8521 -0.4777 0.2139
vn 0.0188 -0.0495 -0.9986
vn 0.0446 -0.1443 -0.9885
vn 0.0343 -0.1245 -0.9916
vn 0.0187 -0.0416 -0.9990
vn -0.1910 0.1329 -0.9725
vn 0.0018 0.7148 0.6993
vn -0.0020 0.4514 0.8923
vn 0.6620 -0.0766 0.7456
vn 0.6547 -0.0931 -0.7501
vn -0.3669 0.1902 0.9106
vn -0.1897 0.1488 0.9705
vn -0.1896 0.1529 0.9699
vn -0.3621 0.1941 0.9117
vn 0.5729 0.0267 0.8192
vn 0.5994 0.0761 0.7968
vn 0.0018 0.7150 0.6992
vn 0.0019 0.9014 0.4331
vn 0.0018 0.7150 0.6991
vn 0.0137 0.0019 -0.9999
vn 0.0205 -0.0059 -0.9998
vn -0.6125 0.2235 -0.7582
vn -0.3669 0.1902 -0.9106
vn 0.0072 0.0061 1.0000
vn 0.5369 -0.5180 0.6660
vn 0.3814 -0.3902 0.8380
vn 0.3450 -0.2571 0.9027
vn 0.5332 -0.3724 0.7596
vn -0.0862 -0.2735 0.9580
vn -0.1060 0.1129 -0.9879
vn -0.9260 0.2468 0.2858
vn -0.0019 0.8932 -0.4497
vn -0.0037 0.9724 -0.2332
vn -0.9485 0.0455 0.3135
vn -0.8222 0.2385 0.5168
vn -0.9983 0.0590 -0.0042
vn -0.9999 0.0153 -0.0000
vn -0.9922 0.0066 -0.1246
vn -0.9899 0.0588 -0.1286
vn 0.0056 0.9746 0.2239
vn 0.0038 0.9958 -0.0913
vn -0.0067 -0.0218 -0.9997
vn -0.0069 -0.0218 -0.9997
vn -0.9769 0.0978 -0.1900
vn -0.9732 0.1021 -0.2062
vn -0.9112 0.1353 -0.3892
vn -0.9234 0.1356 -0.3591
vn -0.8323 0.1209 -0.5410
vn -0.8518 0.1000 -0.5143
vn -0.9553 0.0326 -0.2938
vn 0.1757 -0.0496 -0.9832
vn 0.3272 -0.1499 -0.9330
vn 0.0155 -0.2616 0.9651
vn -0.0450 -0.3234 0.9452
vn -0.0068 0.0971 0.9953
vn -0.0475 -0.9969 0.0628
vn -0.0604 -0.9870 0.1486
vn -0.1783 -0.9723 0.1511
vn -0.1528 -0.9858 0.0693
vn -0.6460 0.1466 -0.7491
vn -0.8680 0.0961 -0.4872
vn -0.8517 0.1001 -0.5145
vn -0.6285 0.1503 -0.7631
vn -0.4218 0.1550 0.8933
vn -0.2383 0.1332 0.9620
vn -0.2249 0.1332 0.9652
vn -0.4108 0.1589 0.8977
vn -0.0036 0.7088 0.7054
vn -0.0000 0.8973 0.4415
vn -0.0001 0.8973 0.4414
vn 0.1065 -0.4557 0.8838
vn 0.0993 -0.4556 0.8846
vn 0.8367 -0.0829 -0.5413
vn 0.0927 0.0614 -0.9938
vn -0.0071 0.0931 -0.9956
vn -0.2737 -0.6565 0.7029
vn -0.1963 0.1212 0.9730
vn 0.3644 -0.0303 0.9307
vn 0.5727 0.0266 0.8193
vn 0.5993 0.0760 0.7969
vn 0.3842 -0.0060 0.9232
vn 0.0889 -0.0257 0.9957
vn 0.1093 -0.0377 0.9933
vn -0.0001 0.8973 -0.4414
vn 0.4219 -0.0988 -0.9012
vn 0.6256 -0.2279 -0.7462
vn 0.6533 -0.1013 -0.7503
vn 0.4421 -0.0264 -0.8966
vn 0.8219 0.0997 -0.5608
vn 0.9211 0.1184 -0.3708
vn -0.0018 0.8952 -0.4456
vn -0.0019 0.8953 -0.4455
vn -0.1129 -0.1129 -0.9872
vn -0.2268 -0.1371 -0.9642
vn -0.0018 0.8931 -0.4498
vn -0.0036 0.9724 -0.2333
vn -0.2743 -0.5955 0.7551
vn -0.4752 -0.6737 0.5659
vn -0.4758 -0.7067 0.5237
vn -0.3094 -0.4071 -0.8594
vn -0.2743 -0.5955 -0.7551
vn -0.4752 -0.6737 -0.5659
vn 0.3460 -0.1781 -0.9212
vn 0.1892 -0.0536 -0.9805
vn 0.3256 -0.1578 -0.9322
vn 0.0522 -0.3118 0.9487
vn 0.0257 -0.1601 0.9868
vn 0.0553 -0.3080 0.9498
vn -0.0086 -0.1600 0.9871
vn -0.0994 -0.1680 0.9808
vn -0.0969 -0.3428 0.9344
vn 0.0156 -0.3156 0.9488
vn -0.2862 -0.2010 0.9369
vn -0.3094 -0.4071 0.8594
vn 0.6600 0.0269 -0.7507
vn 0.4475 0.0424 -0.8933
vn 0.7668 -0.1782 0.6167
vn 0.8817 -0.2239 0.4153
vn 0.1092 0.0258 -0.9937
vn 0.0051 0.0416 -0.9991
vn -0.0018 0.0574 -0.9983
vn 0.1076 0.0456 -0.9931
vn 0.1706 -0.0337 0.9848
vn 0.3136 -0.0741 0.9467
vn 0.3121 -0.0899 0.9458
vn 0.1758 -0.0496 0.9832
vn 0.4932 -0.0954 0.8647
vn 0.7000 -0.0852 0.7090
vn 0.4982 -0.0995 0.8613
vn 0.0172 -0.1639 -0.9863
vn 0.0085 -0.0732 -0.9973
vn 0.0086 -0.0732 -0.9973
vn 0.0189 -0.1600 -0.9869
vn -0.5654 -0.5047 -0.6524
vn -0.2861 -0.2010 -0.9369
vn 0.9828 -0.1846 -0.0001
vn -0.4687 -0.3466 -0.8125
vn -0.4417 -0.2194 0.8699
vn -0.6836 0.0602 -0.7274
vn -0.6947 0.0562 -0.7171
vn -0.9177 0.2592 -0.3011
vn -0.9210 0.2466 -0.3015
vn -0.9568 0.2566 -0.1367
vn -0.9532 0.2735 -0.1285
vn -0.0701 -0.0574 -0.9959
vn -0.9041 -0.2374 0.3553
vn -0.7471 -0.2275 0.6246
vn -0.7585 -0.0735 0.6476
vn -0.9263 -0.0841 0.3672
vn 0.4101 -0.0020 0.9120
vn 0.6228 0.0721 0.7790
vn 0.6489 0.0145 0.7607
vn 0.4295 -0.0222 0.9028
vn 0.0068 -0.0139 -0.9999
vn -0.0616 -0.0376 -0.9974
vn -0.0137 0.0020 -0.9999
vn 0.9455 0.2647 0.1899
vn 0.9310 0.3649 0.0001
vn 0.5895 -0.7968 0.1323
vn 0.4891 -0.8596 0.1482
vn 0.5387 -0.8068 0.2428
vn 0.5648 -0.7886 0.2430
vn -0.6794 0.0768 -0.7298
vn -0.8589 0.0661 -0.5078
vn 0.1092 0.0258 0.9937
vn 0.2517 0.0020 0.9678
vn -0.1639 -0.0893 0.9824
vn 0.0314 0.8890 -0.4568
vn 0.0861 0.8832 -0.4611
vn 0.0179 0.6899 0.7237
vn -0.0054 0.4218 0.9067
vn 0.5091 -0.1118 0.8534
vn 0.0034 -0.0653 0.9979
vn 0.0019 0.8994 -0.4372
vn 0.0055 0.9746 -0.2239
vn 0.0018 0.8993 -0.4372
vn 0.0018 0.9014 -0.4331
vn 0.0072 0.7119 0.7023
vn 0.6620 -0.0766 -0.7456
vn -0.0068 -0.0218 -0.9997
vn -0.0136 0.0099 -0.9999
vn 0.0206 -0.1561 -0.9875
vn 0.0019 0.8994 0.4372
vn 0.0206 -0.1561 0.9875
vn 0.0553 -0.3081 0.9498
vn 0.0997 -0.4629 0.8808
vn 0.0570 -0.3042 0.9509
vn 0.0621 -0.3080 0.9494
vn -0.9684 0.0847 -0.2344
vn 0.5951 0.0513 -0.8020
vn 0.9999 0.0153 -0.0000
vn 0.8612 -0.0874 0.5008
vn -0.9041 -0.2374 -0.3553
vn -0.7471 -0.2275 -0.6246
vn -0.6994 -0.4435 -0.5605
vn -0.8584 -0.3975 -0.3242
vn 0.0072 0.7119 -0.7023
vn 0.0018 0.8994 -0.4372
vn -0.9928 -0.1199 -0.0000
vn -0.9919 -0.1198 -0.0416
vn -0.8182 -0.5647 -0.1078
vn -0.7654 -0.6344 -0.1080
vn -0.7348 -0.6425 -0.2176
vn -0.7983 -0.5630 -0.2138
vn 0.0893 -0.4738 0.8761
vn 0.1095 0.0098 0.9939
vn 0.2583 -0.0259 0.9657
vn -0.3453 0.1302 -0.9294
vn -0.3551 0.1103 -0.9283
vn -0.6625 0.1510 -0.7337
vn 0.0955 -0.5809 -0.8083
vn 0.0666 -0.4919 -0.8681
vn -0.0068 0.0060 1.0000
vn -0.0068 0.0059 1.0000
vn -0.3335 0.1380 0.9326
vn -0.6009 0.1580 0.7836
vn -0.6286 0.1504 0.7631
vn -0.3403 0.1382 0.9301
vn -0.0704 -0.5172 -0.8529
vn -0.0970 -0.3427 -0.9344
vn -0.9947 0.1025 -0.0001
vn -0.9859 0.1024 -0.1327
vn 0.1389 -0.6494 0.7477
vn 0.1762 -0.5719 0.8012
vn 0.1297 -0.6292 0.7663
vn 0.1240 -0.5986 0.7914
vn 0.0103 -0.0693 -0.9975
vn 0.0675 -0.3464 -0.9357
vn 0.1112 -0.5672 -0.8160
vn 0.0451 -0.3234 -0.9452
vn 0.0917 -0.5388 -0.8374
vn 0.0364 -0.3156 -0.9482
vn 0.0773 -0.5101 -0.8566
vn 0.0111 0.9958 -0.0907
vn 0.0380 -0.3118 -0.9494
vn -0.4456 0.0667 -0.8927
vn -0.6834 0.0603 -0.7275
vn -0.6792 0.0768 -0.7299
vn -0.4408 0.0828 -0.8938
vn 0.0381 -0.3119 -0.9494
vn 0.0631 -0.4810 -0.8745
vn 0.0683 -0.4737 -0.8781
vn -0.9801 0.1541 0.1249
vn -0.9450 0.1059 -0.3093
vn -0.9664 0.2571 -0.0042
vn -0.0018 0.9746 0.2241
vn -0.0016 0.9746 0.2241
vn 0.9995 -0.0328 -0.0001
vn 0.0753 -0.4736 -0.8775
vn -0.9685 0.0847 0.2344
vn -0.9666 0.0543 0.2504
vn -0.9936 0.0327 0.1081
vn 0.0824 -0.4738 -0.8768
vn 0.0553 -0.3080 -0.9498
vn -0.7779 -0.6283 -0.0041
vn 0.0599 -0.1049 -0.9927
vn 0.0205 -0.0139 -0.9997
vn 0.0205 -0.0177 -0.9996
vn 0.0570 -0.3042 -0.9509
vn 0.0894 -0.4738 -0.8761
vn -0.9917 -0.1285 -0.0042
vn -0.9697 -0.2444 -0.0042
vn -0.9620 -0.2526 -0.1038
vn -0.9847 -0.1371 -0.1080
vn -0.6526 0.1590 -0.7408
vn -0.6596 0.1386 -0.7387
vn 0.9887 0.1502 -0.0001
vn -0.6924 -0.4704 0.5471
vn -0.7210 -0.4053 0.5621
vn -0.9699 -0.2401 0.0416
vn -0.9919 -0.1199 0.0416
vn 0.8629 -0.0661 0.5011
vn -0.0018 0.8931 0.4498
vn 0.9686 -0.2486 -0.0000
vn 0.0994 -0.4556 -0.8846
vn 0.1015 -0.4776 -0.8727
vn -0.9112 0.1353 0.3892
vn -0.7096 -0.2715 0.6502
vn -0.6806 -0.2008 0.7046
vn 0.1691 -0.0416 0.9847
vn 0.3155 -0.1100 0.9425
vn 0.0274 -0.1561 0.9874
vn -0.0072 0.7026 0.7115
vn -0.0108 0.6995 0.7146
vn -0.0054 0.7057 0.7085
vn -0.0019 0.8952 0.4456
vn 0.6228 0.0721 -0.7790
vn 0.5993 0.0760 -0.7969
vn 0.3842 -0.0060 -0.9232
vn 0.0072 0.7118 0.7024
vn 0.0072 0.7117 0.7024
vn 0.0052 0.4440 0.8960
vn -0.8222 0.2385 -0.5169
vn -0.8213 0.2343 -0.5201
vn 0.9424 -0.2857 0.1737
vn -0.8681 0.0960 0.4870
vn -0.8772 0.1303 0.4621
vn 0.0587 -0.3004 0.9520
vn -0.0054 0.6963 0.7177
vn -0.9191 0.0581 0.3896
vn -0.7426 0.0440 0.6683
vn -0.7134 0.1230 0.6899
vn -0.9001 0.1522 0.4082
vn 0.0103 0.2266 -0.9739
vn 0.0103 0.2265 -0.9740
vn -0.8322 0.1209 -0.5412
vn -0.6009 0.1580 -0.7836
vn 0.0179 0.6901 0.7235
vn -0.6807 0.1555 0.7159
vn -0.8861 0.1646 0.4333
vn 0.5386 -0.8068 -0.2428
vn 0.4668 -0.8395 -0.2782
vn 0.3067 -0.9354 -0.1761
vn 0.4891 -0.8596 -0.1482
vn 0.0068 0.0890 0.9960
vn 0.0017 0.0772 0.9970
vn 0.0380 -0.3118 0.9494
vn 0.0120 -0.1601 0.9870
vn 0.0381 -0.3119 0.9494
vn 0.4482 -0.8079 -0.3826
vn 0.5648 -0.7886 -0.2430
vn 0.4737 -0.7956 -0.3776
vn 0.0363 -0.3156 0.9482
vn 0.9899 0.1415 -0.0001
vn 0.0963 -0.4739 -0.8753
vn 0.1706 -0.0337 -0.9848
vn -0.5277 -0.8420 -0.1118
vn -0.5306 -0.8476 -0.0041
vn 0.6412 -0.7652 -0.0583
vn 0.6501 -0.7598 -0.0000
vn 0.6499 -0.7600 -0.0000
vn -0.0054 0.6963 -0.7177
vn -0.0036 0.7086 -0.7056
vn -0.0070 0.4404 -0.8978
vn -0.0072 0.4405 -0.8977
vn -0.9250 0.2212 -0.3090
vn -0.8195 0.2258 -0.5267
vn -0.8258 0.2093 -0.5237
vn -0.9983 0.0022 -0.0583
vn -0.9969 0.0414 -0.0666
vn 0.0314 0.8890 0.4568
vn 0.0335 0.9714 0.2351
vn 0.0941 0.9675 0.2347
vn 0.1478 -0.6594 0.7372
vn 0.1302 -0.6557 0.7437
vn 0.0180 0.6900 -0.7235
vn 0.1761 -0.5720 -0.8011
vn 0.1389 -0.6494 -0.7477
vn 0.1478 -0.6594 -0.7372
vn 0.1483 -0.5713 -0.8072
vn -0.9981 -0.0197 0.0583
vn -1.0000 -0.0022 -0.0000
vn 0.0155 -0.2617 -0.9650
vn -0.0206 -0.2188 -0.9756
vn 0.2227 -0.4833 0.8466
vn 0.2128 -0.5971 0.7734
vn -0.5688 -0.7332 -0.3726
vn -0.5932 -0.7223 -0.3555
vn 0.6645 -0.1387 0.7343
vn 0.6585 -0.1427 0.7389
vn 0.1725 -0.0814 0.9816
vn 0.3040 -0.1337 0.9432
vn 0.1701 -0.2547 0.9520
vn 0.2056 -0.3669 0.9073
vn 0.1608 -0.3624 0.9180
vn -0.3621 0.1941 -0.9117
vn -0.1896 0.1527 -0.9699
vn -0.1897 0.1488 -0.9705
vn -0.0052 0.4477 -0.8942
vn -0.0013 0.4513 -0.8923
vn -0.0737 0.1168 0.9904
vn -0.0737 0.1167 0.9904
vn 0.1030 -0.1759 -0.9790
vn 0.1308 -0.2660 -0.9551
vn 0.1701 -0.2546 -0.9520
vn 0.7901 -0.5774 -0.2056
vn 0.7466 -0.5280 -0.4046
vn 0.3121 -0.0900 0.9458
vn 0.4980 -0.0995 0.8614
vn 0.5089 -0.1118 0.8535
vn 0.3186 -0.0940 0.9432
vn -0.2183 0.1293 0.9673
vn -0.4040 0.1587 0.9009
vn 0.9248 -0.0410 0.3781
vn -0.1025 0.0374 -0.9940
vn -0.1026 0.0337 -0.9942
vn -0.0054 0.7057 -0.7085
vn 0.0753 -0.0139 0.9971
vn 0.2094 0.0459 -0.9767
vn 0.3843 0.0142 -0.9231
vn 0.0906 0.0773 -0.9929
vn 0.0839 0.0773 -0.9935
vn 0.2470 -0.2944 -0.9232
vn -0.6009 0.2231 -0.7675
vn -0.6009 0.2232 0.7675
vn -0.3634 0.1543 0.9188
vn -0.6012 0.1784 0.7789
vn 0.2860 -0.4217 -0.8605
vn 0.2056 -0.3669 -0.9072
vn 0.3051 -0.5438 0.7818
vn 0.2860 -0.4217 0.8605
vn -0.4754 -0.6737 -0.5658
vn -0.4759 -0.7067 -0.5235
vn 0.2517 0.0020 -0.9678
vn 0.4421 -0.0384 -0.8962
vn -0.8098 0.1500 0.5673
vn -0.0838 0.1049 -0.9909
vn -0.2097 0.1215 -0.9702
vn -0.1111 0.0456 -0.9928
vn 0.0137 -0.0060 -0.9999
vn 0.5120 -0.1321 -0.8487
vn 0.5154 -0.1443 -0.8447
vn 0.1092 -0.0377 -0.9933
vn 0.0803 -0.0535 -0.9953
vn 0.0890 -0.0931 -0.9917
vn 0.0564 -0.0851 -0.9948
vn 0.0531 -0.0416 -0.9977
vn 0.0224 -0.0772 -0.9968
vn 0.7615 -0.2526 -0.5969
vn -0.9382 -0.2685 0.2183
vn -0.0137 0.0059 -0.9999
vn 0.2448 -0.0339 0.9690
vn 0.6140 -0.7872 -0.0583
vn 0.6159 -0.7752 -0.1405
vn 0.5895 -0.7969 -0.1323
vn 0.4977 -0.8654 -0.0583
vn 0.0137 -0.0338 -0.9993
vn 0.0016 0.2307 -0.9730
vn -0.0016 0.1009 -0.9949
vn 0.0018 0.7148 -0.6993
vn -0.0054 0.7148 -0.6993
vn -0.1623 -0.0735 0.9840
vn -0.4455 -0.0708 0.8925
vn -0.0120 0.2150 -0.9765
vn -0.0070 0.4329 -0.9014
vn -0.0137 0.2188 -0.9757
vn -0.0924 0.1089 -0.9897
vn -0.2183 0.1293 -0.9673
vn 0.0240 -0.1639 0.9862
vn 0.0034 -0.0693 0.9976
vn -0.0001 0.0928 -0.9957
vn 0.0855 0.0694 -0.9939
vn 0.0017 0.0772 -0.9970
vn 0.0820 0.0376 -0.9959
vn 0.0872 0.0574 -0.9945
vn 0.3894 -0.1025 -0.9153
vn 0.2180 0.0020 -0.9759
vn 0.2112 0.0298 -0.9770
vn 0.5836 -0.2307 -0.7786
vn 0.2906 -0.6539 0.6985
vn 0.2402 -0.5021 0.8308
vn 0.1582 -0.4155 0.8957
vn 0.1929 -0.6307 0.7517
vn 0.2828 -0.7054 0.6499
vn 0.3246 -0.7829 0.5309
vn 0.4042 -0.1267 -0.9058
vn 0.5969 -0.2755 -0.7536
vn 0.3616 -0.7734 0.5207
vn 0.2247 -0.0139 -0.9743
vn -0.0992 0.1130 -0.9886
vn -0.2249 0.1332 -0.9652
vn 0.3931 -0.7142 0.5791
vn -0.8069 -0.4783 0.3466
vn -0.6524 0.1590 -0.7410
vn -0.6456 0.1753 -0.7433
vn -0.5507 -0.7962 0.2506
vn -0.5277 -0.8420 0.1118
vn -0.5977 -0.7673 0.2322
vn -0.4108 0.1589 -0.8977
vn 0.3483 -0.0622 -0.9353
vn 0.1960 -0.0537 -0.9791
vn 0.2028 -0.0457 -0.9781
vn 0.3644 -0.0302 -0.9307
vn 0.2383 0.0020 -0.9712
vn 0.2449 0.0299 -0.9691
vn 0.0991 0.0694 -0.9927
vn 0.7678 -0.3475 -0.5382
vn 0.7286 -0.4097 -0.5489
vn 0.0752 0.0178 -0.9970
vn 0.1979 -0.0333 -0.9797
vn 0.4029 -0.5187 -0.7541
vn 0.3814 -0.3902 -0.8380
vn 0.3450 -0.2571 -0.9027
vn 0.5514 -0.2980 -0.7792
vn 0.3617 -0.1463 -0.9207
vn 0.5195 -0.3405 -0.7837
vn 0.6892 -0.2991 -0.6600
vn 0.5111 -0.2089 -0.8337
vn 0.0068 -0.0218 -0.9997
vn 0.0001 0.0099 -1.0000
vn 0.0068 0.0099 -0.9999
vn 0.0068 -0.0257 -0.9996
vn -0.5047 -0.3791 -0.7756
vn 0.0839 0.0773 0.9935
vn 0.3273 -0.1499 0.9330
vn -0.9888 -0.0065 -0.1492
vn -0.9900 -0.0022 -0.1410
vn 0.0600 -0.1049 0.9927
vn -0.2418 0.1134 -0.9637
vn -0.1993 -0.4123 0.8890
vn 0.0137 0.0020 -0.9999
vn -0.6228 0.1993 0.7566
vn 0.2485 0.0616 -0.9667
vn 0.0976 0.0772 -0.9922
vn -0.9547 -0.1665 -0.2465
vn -0.9382 -0.2686 -0.2183
vn -0.8717 -0.3033 -0.3850
vn -0.8777 -0.2194 -0.4260
vn 0.0068 0.0376 -0.9993
vn 0.0622 -0.3081 -0.9493
vn 0.0571 -0.3044 -0.9508
vn -0.6947 0.0562 0.7171
vn -0.7071 0.0646 0.7041
vn 0.0890 -0.0218 -0.9958
vn -0.0000 0.0218 -0.9998
vn -0.0001 0.0218 -0.9998
vn 0.0888 -0.0218 -0.9958
vn 0.0992 0.0733 -0.9924
vn -0.9197 -0.3809 0.0957
vn -0.9053 -0.3841 0.1816
vn 0.0882 -0.5494 0.8309
vn 0.0684 -0.4737 0.8780
vn -0.7247 -0.3372 0.6009
vn -0.0976 0.0455 -0.9942
vn -0.2466 0.0577 -0.9674
vn -0.2417 0.0657 -0.9681
vn -0.0975 0.0535 -0.9938
vn -0.8887 0.0793 0.4515
vn 0.6559 0.0848 -0.7500
vn 0.6602 0.0269 -0.7506
vn 0.3256 -0.1578 0.9322
vn -0.9642 -0.2441 -0.1039
vn -0.9879 -0.1154 -0.1038
vn -0.9752 -0.1065 -0.1942
vn -0.9519 -0.2436 -0.1859
vn -0.0069 0.0892 0.9960
vn 0.1059 0.0654 -0.9922
vn -0.0034 0.0732 -0.9973
vn -0.9982 0.0153 0.0583
vn -0.9982 -0.0153 0.0583
vn -0.9998 -0.0197 0.0001
vn -0.9250 -0.3771 0.0457
vn -0.8288 -0.5580 0.0418
vn 0.3458 -0.1777 0.9213
vn 0.3617 -0.1463 0.9207
vn 0.1960 -0.0537 0.9791
vn 0.0888 -0.0218 0.9958
vn 0.0889 -0.0218 0.9958
vn 0.1892 -0.0576 0.9802
vn -0.9331 0.2130 0.2898
vn -0.0000 0.6930 0.7209
vn -0.0156 0.4255 0.9048
vn 0.9767 0.0065 0.2144
vn -0.9699 -0.2400 -0.0417
vn -0.9919 -0.1199 -0.0416
vn 0.0724 -0.2733 0.9592
vn 0.0344 -0.1246 0.9916
vn 0.0325 -0.1049 0.9940
vn 0.0602 -0.2383 0.9693
vn -0.9531 0.0541 -0.2978
vn -0.6423 -0.5471 -0.5368
vn -0.6925 -0.4704 -0.5469
vn -0.8069 -0.4783 -0.3465
vn -0.7503 -0.5590 -0.3528
vn -0.9485 0.0455 -0.3136
vn -0.8362 0.0191 -0.5482
vn -0.8273 0.1081 -0.5512
vn -0.2434 0.0776 -0.9668
vn -0.0992 0.0654 -0.9929
vn -0.8507 -0.0660 0.5215
vn -0.8362 0.0191 0.5481
vn 0.4470 -0.0587 -0.8926
vn 0.6618 -0.0766 -0.7457
vn 0.6489 0.0145 -0.7607
vn -0.9891 0.0850 0.1204
vn -0.9970 0.0546 0.0540
vn -0.9990 -0.0153 0.0416
vn -0.9941 0.0066 0.1082
vn -0.0017 0.4514 -0.8923
vn 0.0274 -0.0891 0.9957
vn 0.0533 -0.2032 0.9777
vn -0.0736 0.1167 -0.9904
vn 0.0154 -0.0772 0.9969
vn 0.0343 -0.1796 0.9831
vn 0.3334 -0.0860 0.9389
vn 0.5304 -0.0917 0.8427
vn 0.5533 -0.0430 0.8319
vn 0.3483 -0.0622 0.9353
vn -0.7389 0.1276 0.6616
vn 0.1186 -0.5916 0.7974
vn 0.0996 -0.6186 0.7794
vn 0.0955 -0.5809 0.8083
vn 0.1092 -0.5426 0.8329
vn 0.1160 -0.5212 0.8455
vn 0.1085 -0.4778 0.8718
vn -0.4710 0.0669 -0.8796
vn -0.7070 0.0646 -0.7043
vn -0.6945 0.0562 -0.7173
vn -0.4585 0.0627 -0.8865
vn -0.2429 -0.9171 -0.3161
vn -0.0849 -0.9435 -0.3202
vn -0.1783 -0.9723 -0.1512
vn -0.0000 0.0376 -0.9993
vn -0.0103 0.2110 0.9774
vn -0.0121 0.2150 0.9765
vn -0.0106 0.4292 0.9032
vn -0.3721 -0.9248 0.0789
vn -0.3911 -0.9078 0.1511
vn -0.6514 -0.7440 0.1488
vn 0.0035 -0.0693 0.9976
vn 0.2516 -0.0379 -0.9671
vn -0.2620 0.0617 0.9631
vn -0.0082 0.2225 -0.9749
vn -0.0085 0.2228 -0.9748
vn -0.2533 0.0538 -0.9659
vn -0.2619 0.0618 -0.9631
vn -0.4852 0.0833 -0.8704
vn 0.0036 -0.0693 0.9976
vn 0.0450 -0.3118 0.9491
vn 0.0035 -0.0692 0.9976
vn 0.0206 -0.1560 0.9875
vn 0.0035 -0.0692 -0.9976
vn 0.0206 -0.1560 -0.9875
vn -0.0000 -0.0218 0.9998
vn 0.0001 0.0098 1.0000
vn 0.0553 -0.3081 -0.9498
vn 0.1026 -0.0217 -0.9945
vn 0.3333 -0.0861 -0.9389
vn 0.1892 -0.0576 -0.9802
vn 0.0034 -0.0654 -0.9979
vn 0.0274 -0.1560 -0.9874
vn 0.0035 -0.0654 -0.9979
vn -0.6212 0.1952 0.7590
vn -0.8213 0.2343 0.5202
vn -0.6269 0.1953 0.7542
vn -0.6410 -0.7621 -0.0913
vn 0.0958 -0.0257 -0.9951
vn 0.3067 -0.9354 0.1761
vn 0.4668 -0.8394 0.2782
vn 0.0889 -0.0258 0.9957
vn 0.1876 -0.0655 0.9801
vn -0.9191 0.0581 -0.3896
vn -0.9001 0.1522 -0.4082
vn -0.7134 0.1230 -0.6899
vn 0.0274 -0.0890 -0.9957
vn 0.0154 -0.0772 -0.9969
vn 0.5120 -0.1321 0.8487
vn 0.0017 -0.1205 0.9927
vn 0.0343 -0.1246 0.9916
vn -0.0275 -0.0891 -0.9956
vn 0.0003 -0.0298 -0.9996
vn -0.1247 0.0496 -0.9910
vn -0.0068 0.0020 -1.0000
vn 0.2112 -0.0338 -0.9769
vn 0.1548 -0.2738 -0.9493
vn -0.0001 -0.0219 0.9998
vn 0.0001 -0.0218 0.9998
vn -0.8230 0.2428 -0.5135
vn -0.0000 -0.0256 0.9997
vn 0.6257 -0.2279 -0.7460
vn 0.5970 -0.2756 -0.7534
vn -0.4759 -0.7067 0.5235
vn -0.5932 -0.7223 0.3555
vn -0.6759 -0.6477 0.3516
vn -0.5551 -0.6418 0.5291
vn 0.2029 -0.0457 0.9781
vn 0.0888 -0.0257 0.9957
vn 0.3616 -0.7734 -0.5207
vn 0.3245 -0.7829 -0.5308
vn -0.9009 0.1137 0.4189
vn 0.0786 -0.0693 -0.9945
vn 0.0667 -0.4918 0.8681
vn 0.0773 -0.5101 0.8566
vn 0.1876 -0.0656 -0.9800
vn 0.0889 -0.0258 -0.9957
vn 0.6590 -0.4333 -0.6148
vn 0.5074 -0.3007 -0.8076
vn 0.5837 -0.2309 0.7785
vn 0.5892 -0.1087 0.8006
vn -0.1059 0.1129 0.9879
vn -0.0992 0.1129 0.9886
vn 0.5726 0.0266 -0.8194
vn 0.5533 -0.0430 -0.8319
vn 0.0068 -0.0218 0.9997
vn 0.0051 0.0416 0.9991
vn 0.0001 0.0099 1.0000
vn 0.0051 0.0415 0.9991
vn 0.0069 0.0138 -0.9999
vn 0.0533 -0.2032 -0.9777
vn 0.0324 -0.1049 -0.9940
vn 0.0602 -0.2383 -0.9693
vn -0.6516 -0.1178 -0.7494
vn -0.6262 -0.0144 -0.7796
vn -0.8507 -0.0659 -0.5214
vn -0.8771 0.1303 -0.4623
vn 0.6546 -0.0931 -0.7503
vn 0.5850 -0.1618 -0.7948
vn 0.0137 -0.0338 0.9993
vn -0.1214 0.0813 -0.9893
vn -0.1128 0.0694 -0.9912
vn -0.5551 -0.6418 -0.5291
vn -0.6759 -0.6479 -0.3512
vn -0.0000 0.0021 -1.0000
vn 0.6547 -0.0931 0.7501
vn -0.0051 0.2304 0.9731
vn -0.0019 0.1007 0.9949
vn -0.0051 0.2305 0.9731
vn 0.0889 -0.0376 -0.9953
vn 0.3810 -0.0664 0.9222
vn 0.0889 -0.0377 0.9953
vn 0.0240 -0.1639 -0.9862
vn 0.0343 -0.1796 -0.9831
vn -0.8861 0.1646 -0.4333
vn -0.6807 0.1555 -0.7159
vn 0.1151 -0.4446 0.8883
vn 0.1024 -0.3884 0.9158
vn -0.4231 -0.0060 0.9060
vn -0.1452 -0.0496 0.9882
vn -0.1298 -0.0297 0.9911
vn -0.3970 0.0383 0.9170
vn 0.0872 -0.0495 -0.9950
vn 0.0998 -0.4703 -0.8769
vn 0.0587 -0.3004 -0.9520
vn -0.0925 0.1088 0.9897
vn -0.0000 0.0059 1.0000
vn 0.1792 -0.0775 -0.9808
vn 0.0855 -0.0654 -0.9942
vn -0.0994 -0.1681 -0.9808
vn 0.0156 -0.3157 -0.9487
vn 0.4047 -0.7819 -0.4741
vn 0.2828 -0.7054 -0.6499
vn 0.2402 -0.5020 -0.8308
vn 0.2689 -0.6760 -0.6861
vn 0.2383 0.0020 0.9712
vn 0.0923 0.0614 0.9938
vn 0.0990 0.0694 0.9927
vn 0.2448 0.0300 0.9691
vn -0.9263 -0.0841 -0.3672
vn -0.0068 0.0060 -1.0000
vn -0.1247 0.0496 0.9910
vn 0.1151 -0.4447 -0.8883
vn 0.1024 -0.3884 -0.9158
vn 0.1809 -0.0656 0.9813
vn 0.1808 -0.0697 0.9810
vn 0.3054 -0.0899 -0.9480
vn 0.4913 -0.1076 -0.8643
vn -0.0137 0.2188 0.9757
vn -0.0052 0.4477 0.8942
vn -0.0035 0.2267 0.9740
vn -0.1062 0.1089 0.9884
vn -0.2434 0.1255 0.9618
vn -0.0136 0.0336 -0.9993
vn 0.8163 -0.3624 -0.4499
vn 0.4980 -0.0995 -0.8614
vn -0.0068 0.0930 0.9956
vn 0.0343 -0.1797 -0.9831
vn 0.0240 -0.1640 -0.9862
vn 0.0068 0.0297 0.9995
vn 0.0996 -0.2074 0.9732
vn 0.1548 -0.2737 0.9493
vn -0.0069 0.0372 -0.9993
vn 0.1006 -0.3582 0.9282
vn 0.1343 -0.5711 0.8098
vn -0.9509 0.0844 0.2979
vn 0.4049 -0.7819 -0.4740
vn 0.3279 -0.8721 -0.3631
vn -0.3403 0.1381 -0.9301
vn -0.6460 0.1465 0.7491
vn -0.3452 0.1302 0.9295
vn -0.0035 0.2266 -0.9740
vn -0.0034 0.2266 -0.9740
vn -0.0849 -0.9435 -0.3204
vn -0.2430 -0.9170 -0.3163
vn -0.3377 -0.7572 -0.5590
vn -0.4106 -0.4820 -0.7740
vn -0.7694 -0.5719 0.2845
vn -0.6553 -0.7247 0.2132
vn -0.1896 0.1488 0.9705
vn -0.3733 0.1664 0.9127
vn -0.1911 0.1329 0.9725
vn 0.5090 -0.1118 -0.8534
vn -0.1025 0.0374 0.9940
vn 0.0067 0.0178 0.9998
vn -0.0975 0.0456 0.9942
vn -0.0737 0.1167 -0.9904
vn -0.0822 0.0891 -0.9926
vn -0.0085 0.0574 -0.9983
vn -0.0069 0.0217 -0.9997
vn 0.0035 -0.0654 0.9979
vn 0.0045 0.1009 0.9949
vn 0.0052 0.1009 0.9949
vn 0.1248 -0.6490 -0.7505
vn -0.0053 0.4477 0.8942
vn -0.0497 -0.1325 0.9899
vn -0.0000 0.0376 0.9993
vn 0.0051 0.0415 -0.9991
vn 0.0068 0.0060 -1.0000
vn -0.9263 -0.0840 0.3672
vn -0.7585 -0.0734 0.6476
vn 0.0069 0.0377 0.9993
vn -0.8585 -0.3975 0.3241
vn -0.7695 -0.5718 0.2844
vn 0.5152 -0.1443 -0.8448
vn 0.5294 -0.2294 -0.8168
vn 0.5332 -0.3724 -0.7596
vn 0.5369 -0.5180 -0.6659
vn 0.2227 -0.4833 -0.8467
vn 0.3051 -0.5437 -0.7818
vn 0.5259 -0.6258 -0.5761
vn 0.4080 -0.6256 -0.6650
vn 0.5175 -0.7032 -0.4875
vn 0.3931 -0.7142 -0.5791
vn 0.4976 -0.7588 -0.4204
vn -0.9042 -0.2374 -0.3552
vn -0.8585 -0.3975 -0.3241
vn -0.9053 -0.3841 -0.1817
vn 0.1112 -0.5672 0.8160
vn -0.0137 0.0930 -0.9956
vn -0.0137 0.0890 -0.9959
vn -0.3983 -0.9084 0.1275
vn -0.3873 -0.9220 -0.0000
vn -0.7871 0.1621 -0.5952
vn 0.2045 0.0060 -0.9788
vn 0.3810 -0.0663 -0.9222
vn 0.2248 -0.0138 0.9743
vn 0.0873 0.0575 0.9945
vn -0.0086 0.2227 0.9748
vn 0.2950 -0.9532 -0.0663
vn 0.2970 -0.9549 -0.0000
vn 0.5044 -0.8635 -0.0000
vn 0.4476 0.0424 0.8932
vn 0.4422 -0.0263 0.8965
vn -0.8777 -0.2195 0.4260
vn -0.8664 -0.1386 0.4797
vn -0.4689 -0.8370 0.2820
vn -0.6552 -0.7248 0.2130
vn 0.2908 -0.6537 -0.6986
vn 0.2470 -0.2945 0.9232
vn 0.4029 -0.5187 0.7540
vn -0.0035 0.2266 0.9740
vn 0.4736 -0.7956 0.3778
vn 0.4976 -0.7588 0.4204
vn 0.1297 -0.6292 -0.7664
vn 0.1239 -0.5986 -0.7914
vn 0.4079 -0.6256 0.6650
vn 0.2128 -0.5971 -0.7734
vn 0.5110 -0.2088 0.8339
vn 0.5118 -0.1321 0.8489
vn -0.7391 0.1276 -0.6614
vn -0.7624 0.1531 -0.6288
vn -0.9009 0.1137 -0.4190
vn 0.0016 0.2306 0.9730
vn 0.0274 -0.1561 -0.9874
vn 0.1478 -0.6593 -0.7372
vn 0.5175 -0.7032 0.4875
vn 0.5259 -0.6258 0.5761
vn 0.4977 -0.8654 0.0583
vn 0.2950 -0.9532 0.0663
vn 0.0035 0.2266 0.9740
vn 0.6412 -0.7652 0.0583
vn 0.6199 -0.7847 -0.0000
vn 0.6139 -0.7872 0.0583
vn 0.0342 -0.1246 -0.9916
vn -0.4075 -0.1428 -0.9019
vn 0.0018 0.4477 0.8942
vn 0.0624 -0.3540 0.9332
vn -0.2804 -0.2835 -0.9171
vn -0.2097 0.1213 0.9702
vn -0.3961 0.1507 0.9057
vn -0.0001 0.0376 -0.9993
vn -0.0018 0.1008 -0.9949
vn 0.1160 -0.5213 0.8455
vn -0.0105 0.4292 0.9031
vn -0.3551 0.1103 0.9283
vn -0.2470 -0.1373 0.9592
vn -0.4417 -0.2194 -0.8699
vn -0.1963 0.1212 -0.9730
vn -0.3633 0.1543 -0.9188
vn -0.6012 0.1784 -0.7789
vn 0.0069 0.0970 0.9953
vn 0.0102 0.2265 0.9740
vn 0.0069 0.0969 0.9953
vn -0.6458 0.1753 0.7431
vn -0.8318 0.1927 0.5205
vn -0.8372 0.1675 0.5207
vn -0.6526 0.1590 0.7408
vn 0.4481 -0.8079 0.3827
vn 0.0504 0.4031 -0.9138
vn 0.0068 0.2031 -0.9791
vn -0.6514 -0.1178 -0.7496
vn -0.6806 -0.2008 -0.7046
vn -0.4742 -0.2838 -0.8334
vn -0.7096 -0.2715 -0.6502
vn -0.4984 -0.3319 -0.8009
vn -0.7247 -0.3372 -0.6009
vn 0.8557 -0.5175 -0.0000
vn 0.9475 -0.3198 -0.0001
vn -0.7202 0.0939 0.6874
vn -0.7391 0.1276 0.6614
vn -0.4758 -0.7067 -0.5237
vn -0.5550 -0.6418 -0.5293
vn -0.9880 0.0848 -0.1290
vn 0.5152 -0.1443 0.8448
vn 0.5848 -0.1618 0.7948
vn 0.5514 -0.2980 0.7792
vn -0.9197 -0.3809 -0.0957
vn 0.0445 -0.1443 0.9885
vn 0.4824 -0.1519 0.8627
vn -0.0108 0.6993 0.7148
vn -0.0054 0.6961 0.7179
vn -0.9989 -0.0459 -0.0042
vn -0.9912 -0.0545 -0.1204
vn 0.5334 -0.3725 0.7594
vn -0.0051 0.2305 -0.9731
vn -0.0053 0.4477 -0.8942
vn -0.5654 -0.5047 0.6523
vn 0.0795 -0.3121 0.9467
vn 0.0724 -0.2735 0.9591
vn 0.0508 -0.4699 -0.8812
vn 0.2111 -0.0338 0.9769
vn 0.2247 -0.0299 0.9740
vn 0.0958 -0.0257 0.9951
vn -0.0000 0.7117 0.7024
vn -0.0054 0.7148 0.6993
vn 0.0872 -0.0495 0.9950
vn 0.2180 0.0019 0.9760
vn 0.0857 0.0615 0.9944
vn 0.6645 -0.1387 -0.7343
vn -0.6925 -0.4704 0.5469
vn -0.9888 -0.0065 0.1491
vn -0.9553 0.0325 0.2938
vn 0.0994 -0.4296 0.8975
vn -0.8584 -0.3975 0.3243
vn 0.3894 -0.1025 0.9154
vn 0.5835 -0.2307 0.7786
vn 0.5891 -0.1087 0.8007
vn 0.3842 -0.0303 0.9228
vn 0.0119 0.1008 -0.9948
vn 0.0102 0.2264 -0.9740
vn 0.0755 -0.1759 -0.9815
vn -0.9620 -0.2526 0.1038
vn 0.0119 0.1009 0.9948
vn -0.7983 -0.5630 0.2138
vn -0.0000 0.6932 -0.7208
vn 0.0855 0.0694 0.9939
vn -0.0001 0.0929 0.9957
vn 0.0624 -0.3541 -0.9331
vn -0.6594 0.1386 0.7389
vn -0.4344 0.1271 0.8917
vn -0.4269 0.1431 0.8929
vn -0.6524 0.1590 0.7410
vn -0.8681 0.0960 -0.4869
vn -0.8772 0.1303 -0.4620
vn -0.9620 0.0759 -0.2623
vn -0.9600 0.0325 -0.2781
vn -0.7200 0.0939 -0.6875
vn 0.0257 -0.1601 -0.9868
vn -0.6370 0.1874 -0.7477
vn 0.4977 -0.7588 0.4201
vn 0.5777 -0.7716 0.2663
vn 0.4737 -0.7956 0.3776
vn -0.8323 0.1209 0.5409
vn -0.7210 -0.4053 -0.5621
vn 0.0036 0.7086 0.7056
vn 0.9887 0.1502 0.0001
vn 0.0631 -0.4810 0.8745
vn 0.3252 -0.0941 0.9410
vn -0.7211 -0.4053 -0.5619
vn -0.7249 -0.3372 -0.6007
vn -0.8469 -0.3927 -0.3586
vn 0.4482 -0.8079 0.3826
vn 0.4220 -0.0988 0.9012
vn 0.4043 -0.1266 0.9058
vn 0.2689 -0.6760 0.6861
vn 0.4048 -0.7819 0.4741
vn -0.0000 0.0099 1.0000
vn -0.0069 0.0968 -0.9953
vn -0.9042 -0.2374 0.3551
vn 0.0778 -0.3158 -0.9456
vn 0.1006 -0.3579 -0.9283
vn 0.5304 -0.0917 -0.8428
vn 0.5151 -0.1119 0.8498
vn -0.1623 -0.0734 0.9840
vn 0.1141 -0.3122 -0.9431
vn 0.5294 -0.2293 0.8168
vn 0.2971 -0.9549 -0.0000
vn 0.6535 -0.1014 -0.7501
vn -0.3697 0.0783 0.9258
vn 0.0834 -0.3845 0.9194
vn 0.5195 -0.3404 0.7837
vn 0.5072 -0.3005 0.8077
vn 0.0855 -0.0653 0.9942
vn 0.1791 -0.0774 0.9808
vn 0.0172 -0.1640 0.9863
vn 0.0796 -0.3121 0.9467
vn 0.4932 -0.0954 -0.8647
vn 0.0795 -0.3119 -0.9468
vn -0.0771 0.1009 0.9919
vn 0.0795 -0.3119 0.9468
vn 0.1005 -0.3580 0.9283
vn -0.6125 0.2235 0.7582
vn -0.6194 0.2114 0.7561
vn -0.6226 0.1993 0.7567
vn -0.0108 0.6995 -0.7146
vn -0.8459 0.1424 0.5140
vn -0.6596 0.1386 0.7387
vn -0.0736 0.1167 0.9904
vn -0.0000 0.7119 -0.7023
vn 0.2080 0.0617 0.9762
vn -0.6210 0.1952 0.7591
vn -0.6267 0.1953 0.7544
vn -0.6324 0.1954 0.7496
vn -0.6371 0.1874 0.7477
vn -0.6320 -0.7736 0.0457
vn -0.6302 -0.7765 -0.0000
vn -0.3531 -0.9348 0.0374
vn 0.0104 0.2266 -0.9739
vn 0.0070 0.4403 -0.8978
vn -0.6708 0.1016 -0.7346
vn -0.8518 0.1000 0.5143
vn -0.9579 -0.0845 -0.2743
vn -0.8664 -0.1386 -0.4797
vn -0.6644 0.1221 0.7374
vn -0.4392 0.1150 0.8910
vn -0.9697 -0.2444 -0.0041
vn -0.9278 -0.3731 -0.0000
vn -0.0094 -0.9474 -0.3198
vn 0.9124 -0.4093 0.0001
vn -0.6834 0.0603 0.7276
vn 0.1029 -0.1759 -0.9790
vn -0.0069 0.2188 -0.9757
vn 0.0051 0.1009 -0.9949
vn 0.1582 -0.4152 0.8959
vn 0.2402 -0.5019 0.8309
vn 0.1085 -0.4778 -0.8718
vn 0.0724 -0.2735 -0.9592
vn 0.0795 -0.3121 -0.9467
vn 0.1160 -0.5212 -0.8455
vn -0.0104 0.4366 -0.8996
vn -0.0054 0.7055 -0.7086
vn -0.0072 0.7024 -0.7117
vn 0.6159 -0.7752 0.1405
vn 0.6585 -0.1427 -0.7389
vn 0.0504 0.4031 0.9138
vn -0.0087 0.2071 -0.9783
vn 0.0394 0.1875 0.9815
vn 0.0068 0.2031 0.9791
vn -0.8516 0.1001 0.5145
vn -0.8322 0.1210 0.5412
vn -0.8680 0.0961 0.4872
vn -0.1010 0.0812 -0.9916
vn 0.5848 -0.1617 -0.7949
vn 0.5966 -0.0185 -0.8023
vn -0.1026 0.0337 0.9942
vn 0.4982 -0.0995 -0.8613
vn -0.6625 0.1510 0.7337
vn -0.8771 0.1303 0.4623
vn 0.0052 0.1008 -0.9949
vn -0.6324 0.1954 -0.7496
vn -0.4042 0.1588 -0.9008
vn 0.4736 -0.7956 -0.3777
vn -0.8862 0.1646 -0.4331
vn -0.9002 0.1522 -0.4080
vn -0.9671 0.1237 -0.2223
vn -0.9617 0.1278 -0.2425
vn 0.4508 -0.0749 0.8895
vn 0.6583 -0.1426 0.7391
vn -0.2429 -0.9171 0.3161
vn -0.0849 -0.9435 0.3202
vn 0.0603 -0.2384 0.9693
vn -0.0030 -0.0613 0.9981
vn -0.2450 0.0897 0.9654
vn -0.2434 0.0777 0.9668
vn 0.0068 -0.0139 0.9999
vn 0.0120 -0.1600 -0.9871
vn 0.5848 -0.1617 0.7949
vn 0.3810 -0.0663 0.9222
vn 0.0625 -0.3541 -0.9331
vn 0.1027 -0.0217 0.9945
vn 0.1302 -0.6557 -0.7437
vn -0.7503 -0.5590 0.3529
vn -0.7872 0.1620 -0.5950
vn -0.8099 0.1500 -0.5671
vn -0.8098 0.1500 -0.5673
vn 0.0724 -0.2732 -0.9592
vn -0.1094 0.0337 0.9934
vn -0.1162 0.0377 0.9925
vn -0.0841 0.1049 0.9909
vn -0.6423 -0.5471 0.5368
vn -0.1163 0.0060 0.9932
vn 0.5072 -0.3005 -0.8077
vn 0.0050 -0.0534 0.9986
vn 0.0137 -0.0297 0.9995
vn 0.5848 -0.1618 -0.7949
vn 0.5837 -0.2308 -0.7785
vn 0.5176 -0.7032 -0.4874
vn 0.5152 -0.1119 0.8497
vn -0.0378 -0.9990 0.0241
vn -0.1375 -0.9902 0.0248
vn -0.0001 0.0026 1.0000
vn -0.0095 -0.9980 0.0617
vn -0.3961 0.1508 -0.9058
vn -0.0022 -1.0000 -0.0042
vn -0.0975 0.0535 0.9938
vn -0.6807 -0.2008 -0.7045
vn -0.1009 0.0812 0.9916
vn -0.6514 -0.7440 -0.1488
vn -0.3911 -0.9078 -0.1511
vn -0.4689 -0.8370 -0.2820
vn -0.6552 -0.7248 -0.2131
vn 0.6559 0.0848 0.7500
vn 0.4977 -0.7588 -0.4202
vn 0.5968 -0.0185 0.8022
vn -0.6554 -0.7246 0.2131
vn 0.5953 0.0514 0.8019
vn -0.9192 0.0582 -0.3894
vn -0.9264 -0.0841 -0.3670
vn -0.9778 0.0370 -0.2062
vn 0.0035 -0.4254 0.9050
vn -0.7624 0.1531 0.6288
vn -0.0103 -0.2070 0.9783
vn -0.0991 0.0653 0.9929
vn 0.9987 -0.0502 -0.0001
vn -0.6372 0.1874 -0.7476
vn -0.6458 0.1753 -0.7431
vn -0.6212 0.1952 -0.7590
vn -0.6269 0.1953 -0.7542
vn -0.6228 0.1993 -0.7566
vn -0.6196 0.2114 -0.7559
vn -0.6087 0.0925 -0.7880
vn -0.6015 0.1784 -0.7787
vn -0.7098 -0.2714 -0.6500
vn 0.3775 0.0382 0.9252
vn 0.0103 0.2266 0.9739
vn 0.0788 -0.4700 -0.8791
vn -0.4754 -0.6737 0.5658
vn -0.5656 -0.5046 0.6522
vn -0.5688 -0.7332 0.3726
vn -0.6126 -0.6670 0.4241
vn -0.4689 -0.3466 0.8124
vn -0.6277 -0.5939 0.5033
vn -0.3983 -0.9084 -0.1274
vn -0.5507 -0.7962 -0.2505
vn -0.6277 -0.5939 -0.5033
vn -0.6125 -0.6670 -0.4241
vn -0.4688 -0.3466 -0.8124
vn -0.5656 -0.5046 -0.6522
vn 0.0532 -0.1325 0.9898
vn -0.7098 -0.2714 0.6500
vn -0.0017 0.0574 0.9984
vn -0.6516 -0.1178 0.7494
vn -0.6262 -0.0144 0.7796
vn 0.6568 -0.7541 -0.0001
vn 0.5909 0.0144 0.8066
vn -0.6326 0.1955 0.7494
vn -0.9557 -0.0152 -0.2940
vn 0.8518 -0.1552 -0.5003
vn 0.9644 -0.0716 0.2544
vn 0.9658 -0.0499 0.2544
vn -0.9508 0.0844 -0.2980
vn -0.0072 0.7026 -0.7115
vn 0.5908 0.0144 0.8067
vn -0.8862 0.1646 0.4331
vn -0.9617 0.1277 0.2425
vn -0.7695 -0.5718 -0.2845
vn -0.6554 -0.7246 -0.2130
vn -0.0000 0.6932 0.7207
vn -0.8302 -0.5575 -0.0000
vn -0.9702 0.1972 0.1409
vn -0.9306 0.1958 0.3092
vn -0.9250 0.2212 0.3091
vn -0.9642 0.2271 0.1367
vn -0.9278 -0.3730 -0.0000
vn -0.9718 -0.2359 -0.0042
vn -0.9995 0.0328 -0.0000
vn -0.9642 0.2271 -0.1367
vn -0.0068 0.0020 1.0000
vn -0.9251 -0.3771 -0.0457
vn 0.9342 -0.3568 -0.0001
vn 0.9989 -0.0459 -0.0001
vn 0.0120 -0.1601 -0.9870
vn 0.0787 -0.0693 0.9945
vn 0.4481 -0.8079 -0.3828
vn 0.0770 -0.0852 0.9934
vn -0.4687 -0.3466 0.8125
vn -0.0068 -0.0217 0.9997
vn 0.2112 0.0299 0.9770
vn 0.4930 -0.0954 -0.8648
vn -0.6372 0.1874 0.7475
vn -0.8258 0.2093 0.5237
vn -0.9895 0.0327 -0.1409
vn -0.7347 -0.6425 -0.2176
vn -0.0076 -0.9896 0.1437
vn -0.9989 0.0459 -0.0041
vn 0.9767 -0.2146 0.0001
vn -0.9946 0.0720 -0.0749
vn -0.7654 -0.6345 -0.1080
vn -0.7779 -0.6284 -0.0042
vn -0.6326 0.1955 -0.7494
vn -0.6126 0.2235 0.7582
vn -0.6087 0.0926 0.7880
vn -0.6807 -0.2008 0.7045
vn -0.0094 -0.9474 -0.3199
vn 0.9769 0.0980 0.1901
vn -0.6210 0.1952 -0.7591
vn 1.0000 0.0066 0.0001
vn -0.9453 0.1146 0.3055
vn 0.1160 -0.5213 -0.8455
vn -0.9844 0.1109 -0.1368
vn 0.6533 -0.1013 0.7503
vn 0.6255 -0.2279 0.7462
vn -0.9983 0.0590 -0.0041
vn -0.9728 0.2316 -0.0000
vn -0.9810 0.1372 -0.1368
vn -0.6456 0.1753 0.7432
vn -0.9905 0.1372 -0.0042
vn -0.9943 0.1068 -0.0000
vn -0.9936 0.0763 -0.0831
vn -0.9910 0.0196 -0.1327
vn 0.9977 -0.0677 0.0001
vn 0.6600 0.0269 0.7507
vn 0.5969 -0.2755 0.7536
vn -0.9859 0.1674 -0.0041
vn -0.9989 -0.0459 -0.0041
vn 0.9555 -0.2949 0.0001
vn 0.9999 0.0153 0.0001
vn -0.9879 -0.1154 0.1038
vn -0.9880 0.0849 0.1287
vn -0.8495 0.1170 0.5145
vn 0.9899 -0.1415 0.0001
vn -0.9919 -0.1198 0.0416
vn -0.9928 -0.1198 -0.0000
vn 0.8046 -0.5938 -0.0001
vn 0.9749 0.1282 0.1819
vn -0.6645 0.1221 0.7372
vn -0.9968 0.0589 0.0541
vn -0.9917 -0.1285 -0.0041
vn 0.9911 0.1329 0.0001
vn 0.9947 0.1025 0.0001
vn -0.9887 0.1502 -0.0041
vn 0.0960 0.9954 0.0001
vn 0.9899 -0.1415 -0.0001
vn -0.0094 -0.9474 0.3198
vn -0.6267 0.1953 -0.7544
vn 0.3279 -0.8721 0.3631
vn 0.2690 -0.6760 0.6860
vn 0.4049 -0.7819 0.4740
vn 0.6193 -0.7693 0.1568
vn 0.6438 -0.7623 0.0665
vn 0.2689 -0.6761 -0.6860
vn -0.0166 0.7077 -0.7064
vn 0.0837 0.7022 -0.7071
vn 0.0596 0.4942 -0.8673
vn -0.0401 0.5056 -0.8618
vn -0.1549 -0.4829 0.8618
vn -0.0554 -0.4947 0.8673
vn -0.0281 -0.2598 0.9653
vn -0.1268 -0.2409 0.9622
vn 0.0323 0.2592 -0.9653
vn 0.0021 -0.0002 -1.0000
vn -0.0975 0.0113 -0.9952
vn -0.0682 0.2636 -0.9622
vn -0.1970 -0.8448 0.4976
vn -0.0979 -0.8617 0.4978
vn -0.0794 -0.7026 0.7071
vn -0.1790 -0.6903 0.7010
vn 0.1135 0.9586 -0.2612
vn 0.1022 0.8612 -0.4978
vn 0.0020 0.8674 -0.4976
vn 0.0136 0.9671 -0.2539
vn -0.0975 0.0113 0.9952
vn 0.0021 -0.0002 1.0000
vn 0.0323 0.2593 0.9653
vn -0.0682 0.2636 0.9622
vn -0.1964 -0.8450 -0.4974
vn -0.0979 -0.8617 -0.4978
vn -0.1092 -0.9591 -0.2612
vn -0.2085 -0.9445 -0.2539
vn 0.0172 0.9999 -0.0000
vn 0.1175 0.9931 -0.0000
vn 0.0135 0.9671 -0.2539
vn 0.0019 0.8674 -0.4976
vn 0.1022 0.8612 -0.4979
vn 0.0837 0.7021 -0.7071
vn -0.0166 0.7076 -0.7064
vn 0.0323 0.2593 -0.9653
vn -0.0682 0.2635 -0.9622
vn 0.0022 -0.0003 1.0000
vn -0.0975 0.0114 -0.9952
vn 0.0022 -0.0003 -1.0000
vn -0.0280 -0.2598 -0.9653
vn -0.1268 -0.2409 -0.9622
vn 0.0596 0.4942 0.8673
vn -0.0401 0.5056 0.8618
vn 0.0837 0.7022 0.7071
vn 0.1022 0.8612 0.4979
vn 0.0019 0.8674 0.4976
vn -0.0166 0.7077 0.7063
vn -0.1132 -0.9936 -0.0000
vn -0.2123 -0.9772 0.0001
vn 0.1022 0.8612 0.4978
vn 0.1136 0.9586 0.2613
vn 0.0135 0.9671 0.2539
vn -0.2085 -0.9445 0.2539
vn -0.1092 -0.9591 0.2612
vn -0.1967 -0.8449 0.4975
vn -0.0980 -0.8617 0.4979
vn -0.1969 -0.8448 0.4976
vn 0.1135 0.9586 0.2612
vn -0.0280 -0.2598 0.9653
vn -0.9994 0.0150 0.0298
vn -0.9994 0.0151 -0.0298
vn -0.9999 0.0107 -0.0000
vn -0.9350 -0.0882 -0.3435
vn -0.9447 -0.1716 -0.2795
vn -0.9963 0.0419 -0.0747
vn -0.9935 0.0660 -0.0925
vn -0.1790 -0.6903 -0.7010
vn -0.1969 -0.8448 -0.4976
vn -0.4710 -0.7516 -0.4617
vn -0.4542 -0.6060 -0.6531
vn -0.1549 -0.4829 -0.8618
vn -0.4321 -0.4163 -0.8000
vn -0.4064 -0.1952 -0.8926
vn -0.4064 -0.1952 0.8926
vn -0.4321 -0.4163 0.8000
vn -0.3035 0.6913 -0.6557
vn -0.6403 0.5825 -0.5007
vn -0.6276 0.6918 -0.3571
vn -0.2864 0.8377 -0.4650
vn -0.2864 0.8377 0.4650
vn -0.3035 0.6914 0.6557
vn -0.2757 0.9301 -0.2426
vn -0.2720 0.9623 -0.0037
vn -0.2756 0.9301 -0.2426
vn -0.2757 0.9301 0.2425
vn -0.4817 -0.8431 -0.2389
vn -0.4711 -0.7516 -0.4617
vn 0.0020 0.8674 0.4976
vn -0.3034 0.6913 0.6557
vn -0.4541 -0.6061 -0.6531
vn -0.4320 -0.4163 -0.8000
vn -0.4711 -0.7516 0.4617
vn -0.4817 -0.8432 0.2389
vn -0.4065 -0.1953 -0.8926
vn -0.3789 0.0421 -0.9245
vn -0.3513 0.2795 -0.8936
vn -0.0402 0.5056 -0.8618
vn -0.3255 0.5009 -0.8019
vn -0.3034 0.6914 -0.6557
vn -0.3513 0.2796 -0.8936
vn -0.3256 0.5010 -0.8019
vn -0.2865 0.8377 -0.4649
vn -0.4852 -0.8744 -0.0000
vn -0.4541 -0.6060 0.6531
vn -0.2865 0.8377 0.4650
vn -0.3035 0.6913 0.6557
vn -0.6193 0.7635 -0.1831
vn -0.8728 0.4472 -0.1954
vn -0.8685 0.4845 -0.1047
vn -0.9758 0.2186 -0.0038
vn -0.9762 0.2155 0.0262
vn -0.8685 0.4845 0.1047
vn -0.8669 0.4985 -0.0000
vn -0.6575 0.4342 -0.6157
vn -0.8899 0.3001 -0.3436
vn -0.8802 0.3836 -0.2795
vn -0.9775 0.2038 0.0540
vn -0.9791 0.1902 0.0720
vn -0.8802 0.3836 0.2795
vn -0.8728 0.4472 0.1954
vn -0.6276 0.6918 0.3571
vn -0.8728 0.4472 0.1955
vn -0.6404 0.5825 0.5007
vn -0.3787 0.0422 -0.9245
vn -0.6984 0.0830 -0.7109
vn -0.6776 0.2614 -0.6874
vn -0.7565 -0.4175 0.5034
vn -0.7697 -0.5314 0.3538
vn -0.7777 -0.6003 0.1867
vn -0.6165 0.7873 -0.0038
vn -0.4853 -0.8743 -0.0000
vn -0.7805 -0.6251 -0.0000
vn -0.7777 -0.6003 -0.1868
vn -0.4817 -0.8431 -0.2390
vn -0.6192 0.7636 -0.1831
vn -0.7565 -0.4175 -0.5034
vn -0.7392 -0.2687 -0.6176
vn -0.7199 -0.1025 -0.6865
vn -0.6983 0.0830 -0.7109
vn -0.6776 0.2612 -0.6875
vn -0.7697 -0.5313 -0.3540
vn -0.9564 -0.2726 -0.1047
vn -0.9521 -0.2353 -0.1954
vn -0.7777 -0.6003 -0.1867
vn -0.6165 0.7874 -0.0038
vn -0.2719 0.9623 -0.0037
vn -0.9876 0.1166 0.1046
vn -0.9911 0.0870 0.1009
vn -0.9245 0.0019 0.3811
vn -0.9124 0.1061 0.3954
vn -0.6403 0.5825 0.5007
vn -0.3255 0.5010 0.8019
vn -0.6575 0.4342 0.6157
vn -0.8728 0.4473 -0.1955
vn -0.9984 0.0238 -0.0507
vn -0.9994 0.0150 -0.0298
vn -0.6984 0.0830 0.7109
vn -0.6776 0.2612 0.6875
vn -0.9004 0.2100 0.3811
vn -0.9124 0.1060 0.3953
vn -0.7199 -0.1026 0.6865
vn -0.9124 0.1060 -0.3953
vn -0.9245 0.0019 -0.3811
vn -0.9911 0.0869 -0.1009
vn -0.9876 0.1166 -0.1047
vn -0.8899 0.3002 -0.3435
vn -0.9447 -0.1716 0.2795
vn -0.9521 -0.2353 0.1954
vn -0.9564 -0.2726 0.1047
vn -0.6193 0.7635 0.1831
vn -0.7777 -0.6003 0.1868
vn -0.9580 -0.2866 -0.0000
vn -0.9984 0.0237 0.0508
vn -0.7198 -0.1026 0.6866
vn -0.7392 -0.2687 0.6176
vn -0.9350 -0.0882 0.3436
vn -0.9818 0.1667 0.0906
vn -0.8899 0.3001 0.3436
vn -0.7199 -0.1026 -0.6864
vn -0.9350 -0.0881 -0.3435
vn -0.9245 0.0020 -0.3811
vn -0.9003 0.2100 -0.3812
vn -0.9963 0.0419 0.0747
vn -0.9984 0.0239 0.0508
vn -0.9521 -0.2353 0.1955
vn -0.8899 0.3002 0.3435
vn -0.9850 0.1390 0.1018
vn -0.9984 0.0239 -0.0508
vn -0.9911 0.0869 0.1009
vn -0.9935 0.0660 0.0924
vn -0.9935 0.0660 0.0925
vn -0.9984 0.0238 0.0508
vn -0.9994 0.0151 0.0298
vn -0.9761 0.2155 -0.0263
vn -0.7697 -0.5314 0.3539
vn -0.7565 -0.4176 0.5034
vn -0.9775 0.2040 0.0539
vn -0.9521 -0.2352 -0.1955
vn -0.9984 0.0238 -0.0508
vn -0.9911 0.0870 -0.1009
vn -0.9851 0.1389 0.1018
vn -0.9911 0.0869 -0.1010
vn -0.9818 0.1668 -0.0906
vn -0.9850 0.1390 -0.1018
vn -0.9818 0.1668 0.0907
vn -0.9851 0.1390 -0.1018
vn -0.9851 0.1389 -0.1018
vn -0.9876 0.1166 0.1047
vn -0.9350 -0.0882 0.3435
vn -0.9245 0.0020 0.3811
vn -0.6165 0.7873 -0.0037
vn -0.8668 0.4986 -0.0000
vn -0.9350 -0.0882 -0.3436
vn -0.9758 0.2187 -0.0038
vn -0.9762 0.2155 0.0263
vn -0.9124 0.1059 0.3953
vn -0.9963 0.0419 -0.0745
vn -0.9963 0.0418 0.0747
vn -0.9963 0.0419 -0.0746
vn -0.9818 0.1667 -0.0906
vn -0.9775 0.2038 -0.0540
vn -0.9791 0.1902 -0.0720
vn -0.7697 -0.5314 -0.3538
vn -0.9124 0.1059 -0.3953
vn -0.0553 -0.4948 0.8673
vn 0.0838 0.7021 0.7071
vn -0.0794 -0.7027 0.7071
vn -0.2086 -0.9445 -0.2539
vn -0.2084 -0.9445 -0.2539
vn -0.2123 -0.9772 -0.0000
vn 0.0594 0.4942 -0.8673
vn 0.0323 0.2592 0.9653
vn 0.0324 0.2592 0.9653
vn -0.0553 -0.4948 -0.8673
vn 0.0595 0.4942 0.8673
vn 0.0837 0.7021 0.7071
vn -0.0794 -0.7027 -0.7071
vn -0.1790 -0.6904 -0.7010
vn 0.0174 0.9998 -0.0000
vn 0.1134 0.9586 0.2611
vn -0.0552 -0.4948 -0.8673
vn -0.0794 -0.7026 -0.7071
vn -0.3513 0.2796 0.8936
vn -0.3788 0.0421 0.9245
vn -0.9775 0.2039 0.0539
vn -0.9775 0.2038 -0.0539
vn -0.3788 0.0422 0.9245
vn -0.4541 -0.6060 0.6530
vn -0.4816 -0.8432 0.2390
vn -0.4710 -0.7517 0.4617
vn -0.4542 -0.6060 0.6531
vn -0.4541 -0.6060 -0.6531
vn -0.3513 0.2795 0.8936
vn -0.2757 0.9301 0.2426
vn -0.2719 0.9623 -0.0038
vn -0.9762 0.2154 -0.0263
vn -0.6776 0.2612 0.6874
vn -0.6983 0.0830 0.7110
vn -0.3034 0.6913 -0.6557
vn -0.7199 -0.1025 0.6865
vn -0.6192 0.7636 0.1831
vn -0.4816 -0.8432 -0.2390
vn -0.9003 0.2100 -0.3811
vn -0.6777 0.2613 -0.6874
vn -0.6983 0.0830 -0.7110
vn -0.6576 0.4342 -0.6157
vn -0.3256 0.5010 0.8019
vn -0.9935 0.0660 -0.0924
vn -0.8685 0.4845 -0.1046
vn -0.9564 -0.2726 -0.1048
vn -0.9004 0.2099 -0.3811
vn -0.6192 0.7635 0.1831
vn -0.9447 -0.1717 -0.2795
vn -0.9818 0.1666 0.0911
vn -0.9999 0.0105 -0.0000
vn -0.9762 0.2154 0.0263
vn -0.9758 0.2187 -0.0037
vn -0.9762 0.2154 -0.0262
vn -0.0552 -0.4947 -0.8673
vn -0.0553 -0.4948 0.8672
vn -0.0280 -0.2597 0.9653
vn -0.0795 -0.7027 -0.7071
vt 0.193342 0.923984
vt 0.197571 0.924501
vt 0.197613 0.931931
vt 0.193343 0.931340
vt 0.091209 0.816700
vt 0.090925 0.842169
vt 0.087648 0.817127
vt 0.373947 0.883800
vt 0.372565 0.890664
vt 0.366227 0.888599
vt 0.367666 0.881685
vt 0.371262 0.898180
vt 0.365004 0.896062
vt 0.471219 0.580333
vt 0.469759 0.593823
vt 0.458950 0.594231
vt 0.460227 0.580333
vt 0.073062 0.899731
vt 0.072665 0.898878
vt 0.073795 0.898307
vt 0.074264 0.899075
vt 0.091207 0.792878
vt 0.087780 0.793081
vt 0.442594 0.876633
vt 0.438772 0.870260
vt 0.444852 0.864787
vt 0.448357 0.871071
vt 0.325839 0.812944
vt 0.324690 0.813261
vt 0.322720 0.800056
vt 0.323854 0.799542
vt 0.351439 0.883410
vt 0.352381 0.876871
vt 0.360333 0.879374
vt 0.359152 0.886133
vt 0.343330 0.880487
vt 0.344009 0.874164
vt 0.116607 0.833372
vt 0.113113 0.830827
vt 0.118788 0.825756
vt 0.121300 0.826974
vt 0.073052 0.797739
vt 0.071351 0.822918
vt 0.068373 0.821443
vt 0.071005 0.797013
vt 0.068320 0.795772
vt 0.070432 0.771588
vt 0.072328 0.772216
vt 0.463047 0.912622
vt 0.468527 0.916066
vt 0.462471 0.920058
vt 0.457001 0.916787
vt 0.456430 0.930123
vt 0.462042 0.926712
vt 0.461823 0.932515
vt 0.456480 0.935626
vt 0.287813 0.915237
vt 0.287724 0.914812
vt 0.288806 0.914703
vt 0.288822 0.915129
vt 0.393550 0.701985
vt 0.391090 0.716033
vt 0.386901 0.715238
vt 0.389167 0.700896
vt 0.343495 0.902195
vt 0.342763 0.894611
vt 0.350310 0.897994
vt 0.350831 0.905658
vt 0.402691 0.658297
vt 0.397265 0.654928
vt 0.403225 0.650659
vt 0.408504 0.653798
vt 0.342787 0.887333
vt 0.350611 0.890558
vt 0.358067 0.893485
vt 0.097161 0.811498
vt 0.097264 0.800891
vt 0.099680 0.801532
vt 0.099578 0.811498
vt 0.094412 0.644895
vt 0.096885 0.655215
vt 0.089874 0.656672
vt 0.087540 0.647328
vt 0.090368 0.867462
vt 0.087217 0.842806
vt 0.314827 0.764554
vt 0.320670 0.773361
vt 0.318997 0.775988
vt 0.313325 0.767612
vt 0.357891 0.908831
vt 0.357522 0.901127
vt 0.364255 0.903817
vt 0.364473 0.911561
vt 0.308996 0.693317
vt 0.309092 0.692189
vt 0.311029 0.691963
vt 0.310818 0.693459
vt 0.075503 0.894889
vt 0.075619 0.895883
vt 0.074728 0.895772
vt 0.074556 0.894869
vt 0.078466 0.627811
vt 0.066544 0.620870
vt 0.070569 0.615565
vt 0.083819 0.623327
vt 0.370405 0.906035
vt 0.370411 0.913716
vt 0.247152 0.911546
vt 0.245990 0.916296
vt 0.239502 0.912961
vt 0.240944 0.906793
vt 0.443609 0.895785
vt 0.445152 0.903075
vt 0.438951 0.900052
vt 0.440841 0.888548
vt 0.446027 0.883482
vt 0.448642 0.890739
vt 0.445761 0.910386
vt 0.440584 0.907222
vt 0.458950 0.566439
vt 0.455465 0.553445
vt 0.465610 0.554072
vt 0.469759 0.566842
vt 0.445951 0.917441
vt 0.441273 0.914316
vt 0.068076 0.870454
vt 0.068249 0.846251
vt 0.071500 0.847686
vt 0.071806 0.869573
vt 0.080099 0.845308
vt 0.082212 0.869491
vt 0.079856 0.870453
vt 0.080152 0.819637
vt 0.082785 0.844067
vt 0.080029 0.794829
vt 0.083130 0.818163
vt 0.073507 0.823555
vt 0.436477 0.910692
vt 0.434769 0.903630
vt 0.391938 0.942284
vt 0.388122 0.944882
vt 0.382070 0.940936
vt 0.385971 0.938293
vt 0.389557 0.935147
vt 0.395449 0.939153
vt 0.182970 0.685852
vt 0.191856 0.669762
vt 0.195698 0.672672
vt 0.185899 0.690432
vt 0.255261 0.540180
vt 0.259534 0.538904
vt 0.261306 0.556101
vt 0.258882 0.556738
vt 0.302658 0.728176
vt 0.306271 0.717336
vt 0.320016 0.725791
vt 0.315660 0.735638
vt 0.414048 0.649632
vt 0.409021 0.646547
vt 0.414523 0.642729
vt 0.419164 0.645898
vt 0.253359 0.916300
vt 0.252475 0.919631
vt 0.314649 0.663137
vt 0.307609 0.660842
vt 0.317387 0.646770
vt 0.324788 0.648705
vt 0.411707 0.870854
vt 0.409811 0.867755
vt 0.412431 0.865199
vt 0.414678 0.868351
vt 0.411940 0.953340
vt 0.409543 0.955357
vt 0.405364 0.952983
vt 0.408311 0.950786
vt 0.291172 0.908630
vt 0.290416 0.912179
vt 0.288761 0.911906
vt 0.288732 0.908112
vt 0.446109 0.924189
vt 0.441577 0.921090
vt 0.331191 0.892576
vt 0.328916 0.894180
vt 0.323823 0.888489
vt 0.325810 0.886559
vt 0.401609 0.861344
vt 0.401638 0.864894
vt 0.396479 0.865702
vt 0.395767 0.862212
vt 0.432733 0.913436
vt 0.437353 0.917621
vt 0.433770 0.920216
vt 0.437825 0.924032
vt 0.434438 0.926411
vt 0.347936 0.781055
vt 0.344305 0.781981
vt 0.344294 0.766804
vt 0.347985 0.764435
vt 0.438365 0.929756
vt 0.435291 0.931811
vt 0.403534 0.948191
vt 0.406738 0.945177
vt 0.411444 0.948004
vt 0.440636 0.941841
vt 0.443471 0.941187
vt 0.443781 0.945644
vt 0.440671 0.945822
vt 0.289159 0.937704
vt 0.288990 0.932022
vt 0.291476 0.931721
vt 0.292977 0.937279
vt 0.200825 0.601329
vt 0.196526 0.589668
vt 0.198526 0.589491
vt 0.202918 0.601491
vt 0.211078 0.624991
vt 0.211779 0.612106
vt 0.216727 0.611518
vt 0.216002 0.625036
vt 0.438262 0.942525
vt 0.437613 0.939526
vt 0.440079 0.938390
vt 0.406769 0.957711
vt 0.401909 0.955412
vt 0.195900 0.859080
vt 0.202568 0.856015
vt 0.207092 0.865759
vt 0.200516 0.869852
vt 0.421262 0.783147
vt 0.420732 0.795821
vt 0.417999 0.794993
vt 0.418657 0.781713
vt 0.414706 0.950992
vt 0.392702 0.872768
vt 0.392936 0.876539
vt 0.388150 0.876795
vt 0.388360 0.873187
vt 0.139675 0.683659
vt 0.137165 0.701455
vt 0.132190 0.700864
vt 0.134862 0.683043
vt 0.073872 0.875524
vt 0.072596 0.874989
vt 0.072985 0.874084
vt 0.074263 0.874682
vt 0.433326 0.937942
vt 0.428991 0.940701
vt 0.426762 0.936839
vt 0.431601 0.933844
vt 0.264406 0.748172
vt 0.263542 0.748169
vt 0.263662 0.747279
vt 0.264634 0.747259
vt 0.430526 0.710357
vt 0.428003 0.710310
vt 0.427977 0.704734
vt 0.430444 0.704280
vt 0.391389 0.866938
vt 0.392389 0.869731
vt 0.388917 0.870646
vt 0.387051 0.868727
vt 0.430505 0.928435
vt 0.429656 0.922288
vt 0.428587 0.915712
vt 0.073085 0.889942
vt 0.072794 0.890535
vt 0.072026 0.890526
vt 0.072105 0.889704
vt 0.148840 0.788608
vt 0.141811 0.787341
vt 0.142043 0.771023
vt 0.149217 0.771904
vt 0.408002 0.668931
vt 0.402272 0.666185
vt 0.408040 0.661339
vt 0.413479 0.664109
vt 0.456591 0.923843
vt 0.467848 0.923066
vt 0.450247 0.542282
vt 0.458890 0.542596
vt 0.079856 0.770626
vt 0.083586 0.771508
vt 0.083280 0.793394
vt 0.282473 0.951787
vt 0.283875 0.944809
vt 0.289370 0.944561
vt 0.289581 0.951421
vt 0.281292 0.957578
vt 0.289751 0.957113
vt 0.292549 0.903100
vt 0.296224 0.904311
vt 0.293590 0.909477
vt 0.291202 0.908669
vt 0.364789 0.732946
vt 0.364328 0.715748
vt 0.369067 0.713690
vt 0.368609 0.731220
vt 0.451160 0.927290
vt 0.397577 0.958391
vt 0.391304 0.956004
vt 0.396176 0.953115
vt 0.375719 0.542354
vt 0.375315 0.560964
vt 0.374128 0.560162
vt 0.373795 0.541183
vt 0.298074 0.956279
vt 0.296571 0.950705
vt 0.303067 0.949443
vt 0.305776 0.954815
vt 0.133220 0.884891
vt 0.132647 0.903812
vt 0.128882 0.903176
vt 0.129510 0.884054
vt 0.162723 0.692343
vt 0.169713 0.683864
vt 0.170647 0.686258
vt 0.163376 0.695347
vt 0.150393 0.731442
vt 0.163556 0.721428
vt 0.164626 0.728883
vt 0.150169 0.740229
vt 0.372149 0.540997
vt 0.370425 0.521950
vt 0.372546 0.521891
vt 0.394327 0.948004
vt 0.389928 0.950581
vt 0.383506 0.947580
vt 0.439211 0.934518
vt 0.436490 0.936113
vt 0.038362 0.893268
vt 0.047268 0.892905
vt 0.050521 0.907689
vt 0.041575 0.908234
vt 0.298057 0.880285
vt 0.298670 0.877753
vt 0.308092 0.880658
vt 0.306934 0.883027
vt 0.075766 0.899244
vt 0.076300 0.900197
vt 0.075196 0.900832
vt 0.074727 0.899929
vt 0.418748 0.947866
vt 0.423804 0.944213
vt 0.425888 0.947196
vt 0.421030 0.950561
vt 0.417216 0.953416
vt 0.414757 0.955527
vt 0.193909 0.832530
vt 0.200615 0.831377
vt 0.200842 0.844415
vt 0.194171 0.846598
vt 0.412877 0.957455
vt 0.410786 0.959779
vt 0.407977 0.962732
vt 0.403205 0.960655
vt 0.295627 0.915373
vt 0.293993 0.916564
vt 0.293269 0.915716
vt 0.294702 0.914284
vt 0.442377 0.932679
vt 0.441829 0.927296
vt 0.446367 0.930286
vt 0.417511 0.536286
vt 0.415703 0.525886
vt 0.433500 0.530184
vt 0.436127 0.539536
vt 0.375409 0.658164
vt 0.377300 0.656940
vt 0.378550 0.677484
vt 0.374695 0.677484
vt 0.469268 0.908303
vt 0.241523 0.717941
vt 0.238657 0.722644
vt 0.233224 0.717329
vt 0.235479 0.713666
vt 0.245102 0.875777
vt 0.247355 0.871008
vt 0.259903 0.873272
vt 0.259049 0.878298
vt 0.078157 0.742350
vt 0.066864 0.747678
vt 0.062697 0.741355
vt 0.072920 0.736678
vt 0.453944 0.885101
vt 0.451487 0.877823
vt 0.457159 0.871804
vt 0.459392 0.879089
vt 0.400179 0.950575
vt 0.397949 0.945507
vt 0.451281 0.933136
vt 0.230806 0.673936
vt 0.229286 0.693234
vt 0.223280 0.689001
vt 0.224919 0.670782
vt 0.236749 0.709153
vt 0.237270 0.704069
vt 0.243747 0.705484
vt 0.243117 0.712093
vt 0.176200 0.673299
vt 0.182712 0.661315
vt 0.184054 0.662566
vt 0.177359 0.675074
vt 0.394663 0.974160
vt 0.399718 0.970030
vt 0.404858 0.971900
vt 0.400174 0.975877
vt 0.395183 0.979994
vt 0.389322 0.978393
vt 0.254290 0.726954
vt 0.252157 0.725388
vt 0.256565 0.718287
vt 0.259764 0.719845
vt 0.425066 0.772351
vt 0.422630 0.770353
vt 0.154956 0.701496
vt 0.154614 0.698153
vt 0.465609 0.606597
vt 0.471826 0.606961
vt 0.464235 0.619165
vt 0.458889 0.618069
vt 0.413438 0.970356
vt 0.409574 0.974204
vt 0.408935 0.968106
vt 0.278835 0.894351
vt 0.275971 0.886806
vt 0.282145 0.886700
vt 0.283618 0.894196
vt 0.288928 0.881875
vt 0.288887 0.887828
vt 0.280921 0.880474
vt 0.451220 0.858978
vt 0.454346 0.865091
vt 0.415920 0.959117
vt 0.414372 0.961554
vt 0.417342 0.957125
vt 0.419447 0.955184
vt 0.423075 0.952730
vt 0.409550 0.732889
vt 0.410553 0.747709
vt 0.404491 0.749213
vt 0.403252 0.733462
vt 0.024527 0.802121
vt 0.026450 0.785727
vt 0.031077 0.785808
vt 0.029201 0.802208
vt 0.200848 0.612097
vt 0.199352 0.601300
vt 0.202325 0.612353
vt 0.204481 0.612833
vt 0.451287 0.920680
vt 0.375082 0.619705
vt 0.375986 0.619252
vt 0.376383 0.638353
vt 0.375219 0.639188
vt 0.243758 0.698504
vt 0.249131 0.698338
vt 0.249145 0.706659
vt 0.450246 0.618387
vt 0.436127 0.621128
vt 0.439738 0.609037
vt 0.455465 0.607224
vt 0.320286 0.788296
vt 0.321412 0.787578
vt 0.312549 0.889431
vt 0.315014 0.886286
vt 0.321727 0.890415
vt 0.318658 0.893210
vt 0.237277 0.698705
vt 0.421420 0.956184
vt 0.424689 0.954719
vt 0.427637 0.949678
vt 0.432090 0.946476
vt 0.433366 0.948683
vt 0.429190 0.951913
vt 0.436006 0.946113
vt 0.435692 0.943882
vt 0.420613 0.958089
vt 0.419634 0.960458
vt 0.418444 0.963314
vt 0.416447 0.966667
vt 0.412172 0.964595
vt 0.225406 0.701481
vt 0.225436 0.699073
vt 0.230799 0.698907
vt 0.230777 0.702655
vt 0.311548 0.681850
vt 0.312164 0.680563
vt 0.313903 0.681909
vt 0.313405 0.682909
vt 0.427521 0.699951
vt 0.425840 0.701230
vt 0.425620 0.704957
vt 0.175871 0.551975
vt 0.177322 0.550641
vt 0.184903 0.563646
vt 0.183194 0.564609
vt 0.225095 0.703777
vt 0.230365 0.706215
vt 0.257786 0.577446
vt 0.260201 0.576862
vt 0.260833 0.599825
vt 0.258920 0.600427
vt 0.224410 0.705855
vt 0.229419 0.709397
vt 0.432681 0.722364
vt 0.429628 0.721764
vt 0.430299 0.716411
vt 0.433191 0.716752
vt 0.048635 0.916834
vt 0.048789 0.909462
vt 0.054411 0.909162
vt 0.054329 0.916568
vt 0.244000 0.755465
vt 0.246432 0.761449
vt 0.234533 0.764566
vt 0.230628 0.759012
vt 0.369167 0.599748
vt 0.372214 0.599706
vt 0.372285 0.620077
vt 0.369226 0.620170
vt 0.433413 0.710393
vt 0.294783 0.943994
vt 0.427849 0.715898
vt 0.425492 0.715625
vt 0.425492 0.710280
vt 0.356486 0.558635
vt 0.356202 0.540881
vt 0.362028 0.541111
vt 0.362273 0.559296
vt 0.427272 0.720653
vt 0.425636 0.719335
vt 0.292943 0.923165
vt 0.293350 0.922331
vt 0.293739 0.922502
vt 0.293294 0.923391
vt 0.028237 0.820246
vt 0.023529 0.820158
vt 0.294754 0.921784
vt 0.294936 0.920683
vt 0.296656 0.920797
vt 0.296488 0.922320
vt 0.075542 0.872157
vt 0.076788 0.872835
vt 0.076309 0.873702
vt 0.075103 0.873017
vt 0.432982 0.698378
vt 0.436823 0.697984
vt 0.436942 0.703805
vt 0.433348 0.704010
vt 0.297188 0.883963
vt 0.305234 0.886458
vt 0.270099 0.870914
vt 0.271035 0.873632
vt 0.263819 0.876149
vt 0.262479 0.873585
vt 0.429910 0.698900
vt 0.287125 0.911892
vt 0.286308 0.907907
vt 0.388765 0.859198
vt 0.390054 0.863648
vt 0.385122 0.865487
vt 0.383497 0.860956
vt 0.308253 0.693269
vt 0.308313 0.692268
vt 0.419842 0.895418
vt 0.415768 0.888751
vt 0.419749 0.886057
vt 0.423839 0.892611
vt 0.122055 0.798093
vt 0.122338 0.807790
vt 0.119772 0.807707
vt 0.119501 0.798569
vt 0.420871 0.665276
vt 0.425532 0.665345
vt 0.424653 0.671086
vt 0.420197 0.671020
vt 0.430860 0.665346
vt 0.429741 0.671077
vt 0.020939 0.820117
vt 0.019542 0.820103
vt 0.019336 0.802066
vt 0.020542 0.802080
vt 0.174824 0.817128
vt 0.179317 0.817315
vt 0.179239 0.834588
vt 0.174922 0.834803
vt 0.419993 0.677552
vt 0.424359 0.677552
vt 0.424653 0.684000
vt 0.420197 0.684066
vt 0.073682 0.847893
vt 0.075869 0.823954
vt 0.408409 0.872756
vt 0.406832 0.869504
vt 0.308694 0.894426
vt 0.302557 0.891827
vt 0.305195 0.886652
vt 0.312483 0.889690
vt 0.073888 0.869218
vt 0.435310 0.684034
vt 0.441160 0.684075
vt 0.442704 0.689836
vt 0.436655 0.689782
vt 0.293296 0.924755
vt 0.293949 0.923867
vt 0.295543 0.925114
vt 0.294691 0.926252
vt 0.419993 0.657888
vt 0.425613 0.657106
vt 0.425699 0.664065
vt 0.420090 0.664824
vt 0.073686 0.885990
vt 0.072497 0.885974
vt 0.072571 0.885042
vt 0.073712 0.884983
vt 0.074989 0.880056
vt 0.073820 0.879712
vt 0.074152 0.878723
vt 0.075322 0.878982
vt 0.429741 0.684009
vt 0.429371 0.677552
vt 0.397931 0.703492
vt 0.395324 0.717167
vt 0.071524 0.883111
vt 0.072675 0.883330
vt 0.072603 0.884162
vt 0.071375 0.884023
vt 0.299792 0.942966
vt 0.304144 0.941246
vt 0.308687 0.947299
vt 0.436655 0.665304
vt 0.435310 0.671052
vt 0.248413 0.714527
vt 0.246540 0.721480
vt 0.476088 0.552678
vt 0.468061 0.539803
vt 0.471193 0.537795
vt 0.479546 0.551246
vt 0.296134 0.923783
vt 0.299829 0.923299
vt 0.299376 0.925531
vt 0.288933 0.881803
vt 0.288951 0.877888
vt 0.183666 0.817454
vt 0.180106 0.800129
vt 0.184409 0.800874
vt 0.285857 0.924832
vt 0.286808 0.925325
vt 0.286494 0.926096
vt 0.285401 0.925583
vt 0.099706 0.710684
vt 0.103609 0.695241
vt 0.108197 0.696411
vt 0.103991 0.712563
vt 0.328829 0.854293
vt 0.327591 0.854072
vt 0.327782 0.841260
vt 0.329002 0.841300
vt 0.071688 0.896185
vt 0.071441 0.895250
vt 0.072656 0.894997
vt 0.072887 0.895875
vt 0.083167 0.914053
vt 0.084793 0.899717
vt 0.094073 0.900350
vt 0.092603 0.915603
vt 0.294455 0.753155
vt 0.306033 0.757983
vt 0.304664 0.761485
vt 0.293306 0.756889
vt 0.288818 0.894998
vt 0.294182 0.896385
vt 0.288767 0.902171
vt 0.295766 0.910552
vt 0.299548 0.905829
vt 0.302335 0.907752
vt 0.297581 0.911909
vt 0.040931 0.934015
vt 0.043443 0.937340
vt 0.042234 0.938118
vt 0.039162 0.935137
vt 0.294429 0.922865
vt 0.377325 0.869324
vt 0.378903 0.865254
vt 0.383174 0.867520
vt 0.381538 0.871358
vt 0.112416 0.697426
vt 0.107931 0.714057
vt 0.265667 0.753309
vt 0.266005 0.751082
vt 0.280117 0.753533
vt 0.279589 0.755724
vt 0.376197 0.873278
vt 0.380672 0.875131
vt 0.355785 0.620195
vt 0.348865 0.638622
vt 0.344421 0.636956
vt 0.351257 0.618834
vt 0.085286 0.817525
vt 0.085462 0.793188
vt 0.383744 0.886460
vt 0.382777 0.893427
vt 0.378011 0.892242
vt 0.379193 0.885383
vt 0.376739 0.899841
vt 0.381515 0.901049
vt 0.375761 0.907726
vt 0.380492 0.908991
vt 0.375630 0.915432
vt 0.380190 0.916670
vt 0.106903 0.730857
vt 0.101207 0.744196
vt 0.097612 0.742206
vt 0.103077 0.729219
vt 0.033723 0.736276
vt 0.034817 0.742643
vt 0.019020 0.741235
vt 0.019640 0.735017
vt 0.371040 0.559775
vt 0.371723 0.579346
vt 0.368663 0.579333
vt 0.367931 0.559749
vt 0.219617 0.888856
vt 0.223475 0.883692
vt 0.239530 0.887722
vt 0.237051 0.893291
vt 0.338927 0.635024
vt 0.330919 0.650872
vt 0.332597 0.633048
vt 0.386282 0.902108
vt 0.385261 0.909960
vt 0.387487 0.894388
vt 0.416185 0.879993
vt 0.419975 0.877253
vt 0.423698 0.883134
vt 0.388383 0.887246
vt 0.359873 0.522738
vt 0.353692 0.522977
vt 0.384375 0.876303
vt 0.384130 0.880746
vt 0.379999 0.879688
vt 0.384938 0.872714
vt 0.371705 0.658449
vt 0.373769 0.658399
vt 0.372573 0.677483
vt 0.370368 0.677407
vt 0.077845 0.894923
vt 0.077813 0.896110
vt 0.076646 0.896014
vt 0.076602 0.894922
vt 0.281627 0.937546
vt 0.284075 0.931759
vt 0.286477 0.932057
vt 0.285295 0.937838
vt 0.077408 0.891158
vt 0.077632 0.892376
vt 0.076393 0.892561
vt 0.076257 0.891430
vt 0.388278 0.881292
vt 0.304536 0.923821
vt 0.305312 0.920097
vt 0.312068 0.920073
vt 0.310930 0.925404
vt 0.285662 0.928041
vt 0.284213 0.927470
vt 0.075678 0.896798
vt 0.075600 0.897759
vt 0.074744 0.897474
vt 0.074839 0.896604
vt 0.027410 0.916591
vt 0.023437 0.911479
vt 0.030762 0.909743
vt 0.033558 0.915111
vt 0.436012 0.892956
vt 0.434789 0.903638
vt 0.431713 0.896572
vt 0.286830 0.915528
vt 0.286674 0.915117
vt 0.381950 0.855038
vt 0.387387 0.853404
vt 0.068954 0.635647
vt 0.059413 0.630170
vt 0.062630 0.625983
vt 0.073250 0.632123
vt 0.393724 0.851967
vt 0.394869 0.857711
vt 0.323923 0.717105
vt 0.309450 0.707806
vt 0.291973 0.924793
vt 0.292771 0.924169
vt 0.292416 0.925462
vt 0.366860 0.541100
vt 0.366999 0.559733
vt 0.393457 0.881195
vt 0.394147 0.887119
vt 0.399383 0.880349
vt 0.400541 0.886163
vt 0.281683 0.901896
vt 0.285091 0.901697
vt 0.091452 0.692042
vt 0.088222 0.705325
vt 0.082087 0.702432
vt 0.085030 0.690309
vt 0.286685 0.566228
vt 0.287760 0.591386
vt 0.280862 0.590770
vt 0.280164 0.566303
vt 0.071256 0.884940
vt 0.397066 0.868726
vt 0.397701 0.871911
vt 0.331678 0.854613
vt 0.330067 0.854453
vt 0.330264 0.841290
vt 0.331929 0.841255
vt 0.398454 0.875691
vt 0.310409 0.694946
vt 0.308758 0.694414
vt 0.069556 0.887673
vt 0.069621 0.886691
vt 0.071011 0.886814
vt 0.070981 0.887769
vt 0.115713 0.919415
vt 0.116798 0.901939
vt 0.126877 0.902658
vt 0.125940 0.921117
vt 0.340603 0.655328
vt 0.336262 0.653205
vt 0.164271 0.781845
vt 0.163947 0.766345
vt 0.168740 0.766464
vt 0.169071 0.781906
vt 0.060886 0.909067
vt 0.067344 0.909162
vt 0.067427 0.916568
vt 0.060886 0.916493
vt 0.402662 0.870783
vt 0.403891 0.874355
vt 0.326564 0.827320
vt 0.327736 0.827191
vt 0.434893 0.677534
vt 0.334395 0.841289
vt 0.334034 0.854906
vt 0.073092 0.586387
vt 0.076388 0.582945
vt 0.089768 0.596258
vt 0.086325 0.599459
vt 0.062508 0.570160
vt 0.065679 0.566550
vt 0.079779 0.579402
vt 0.119716 0.735180
vt 0.113591 0.749517
vt 0.109218 0.747684
vt 0.115223 0.733727
vt 0.134417 0.845274
vt 0.131270 0.826592
vt 0.134885 0.825555
vt 0.137989 0.844104
vt 0.132648 0.787163
vt 0.128882 0.787797
vt 0.129013 0.771144
vt 0.132776 0.770678
vt 0.039209 0.935193
vt 0.034356 0.930572
vt 0.036988 0.928933
vt 0.040954 0.934054
vt 0.401093 0.856740
vt 0.406632 0.856344
vt 0.406869 0.861152
vt 0.027037 0.770668
vt 0.029617 0.770702
vt 0.401785 0.867858
vt 0.406330 0.864883
vt 0.405343 0.867371
vt 0.157064 0.852220
vt 0.162236 0.851885
vt 0.164352 0.867377
vt 0.159113 0.868329
vt 0.208253 0.805447
vt 0.201613 0.804183
vt 0.202858 0.791677
vt 0.209421 0.794009
vt 0.374040 0.619943
vt 0.373942 0.599682
vt 0.374937 0.599669
vt 0.133219 0.806084
vt 0.137292 0.805560
vt 0.138770 0.824455
vt 0.410015 0.876958
vt 0.413637 0.874863
vt 0.073343 0.892028
vt 0.073394 0.893015
vt 0.072347 0.893180
vt 0.072253 0.892250
vt 0.406997 0.865227
vt 0.409448 0.862282
vt 0.273852 0.590625
vt 0.273545 0.567112
vt 0.442379 0.595127
vt 0.443384 0.580332
vt 0.430860 0.689740
vt 0.425532 0.689740
vt 0.417047 0.872302
vt 0.292715 0.916287
vt 0.291894 0.915629
vt 0.292336 0.914988
vt 0.471826 0.553705
vt 0.464236 0.541504
vt 0.072296 0.898021
vt 0.071980 0.897124
vt 0.073120 0.896761
vt 0.073385 0.897572
vt 0.291356 0.926010
vt 0.293563 0.927154
vt 0.292167 0.927811
vt 0.427056 0.909191
vt 0.423796 0.902278
vt 0.427829 0.899555
vt 0.431053 0.906531
vt 0.370085 0.541004
vt 0.372895 0.559873
vt 0.231381 0.652180
vt 0.238000 0.652989
vt 0.237060 0.675648
vt 0.204584 0.655555
vt 0.211643 0.639617
vt 0.217426 0.640202
vt 0.209884 0.657078
vt 0.249901 0.723802
vt 0.254291 0.717211
vt 0.239328 0.604117
vt 0.231959 0.605174
vt 0.232272 0.583426
vt 0.427786 0.889664
vt 0.428122 0.879588
vt 0.432207 0.886030
vt 0.424213 0.873779
vt 0.420924 0.868893
vt 0.418100 0.864924
vt 0.047268 0.786358
vt 0.038362 0.785995
vt 0.041575 0.771034
vt 0.050522 0.771574
vt 0.288982 0.875196
vt 0.280109 0.876363
vt 0.279598 0.873567
vt 0.289052 0.872569
vt 0.245595 0.627907
vt 0.238698 0.628523
vt 0.415542 0.861705
vt 0.412524 0.858551
vt 0.416483 0.853918
vt 0.419575 0.857095
vt 0.262780 0.746366
vt 0.261638 0.746486
vt 0.261623 0.745284
vt 0.262802 0.745224
vt 0.261654 0.747604
vt 0.260490 0.747759
vt 0.260388 0.746582
vt 0.272969 0.545357
vt 0.279224 0.543644
vt 0.267546 0.569130
vt 0.267083 0.548511
vt 0.422409 0.860433
vt 0.425577 0.864430
vt 0.429203 0.869417
vt 0.290588 0.928228
vt 0.290166 0.926365
vt 0.246580 0.721491
vt 0.246243 0.729972
vt 0.243243 0.727094
vt 0.437175 0.881674
vt 0.084831 0.843341
vt 0.265445 0.530294
vt 0.271450 0.526061
vt 0.277622 0.523561
vt 0.034267 0.908468
vt 0.031077 0.893455
vt 0.297502 0.911554
vt 0.293466 0.913380
vt 0.295685 0.910319
vt 0.127366 0.700290
vt 0.130094 0.682460
vt 0.186016 0.664465
vt 0.178954 0.677868
vt 0.175282 0.672215
vt 0.181703 0.660495
vt 0.435089 0.864470
vt 0.433184 0.875250
vt 0.129508 0.806920
vt 0.285340 0.542887
vt 0.290486 0.542651
vt 0.292104 0.566480
vt 0.020145 0.729958
vt 0.032810 0.731094
vt 0.462925 0.865586
vt 0.464925 0.872878
vt 0.181595 0.925813
vt 0.180086 0.917169
vt 0.182637 0.916582
vt 0.183978 0.925774
vt 0.078825 0.605615
vt 0.082802 0.602501
vt 0.094656 0.614831
vt 0.090299 0.617576
vt 0.188450 0.848404
vt 0.190163 0.861567
vt 0.274687 0.655094
vt 0.267608 0.653022
vt 0.274438 0.635867
vt 0.282138 0.637643
vt 0.073612 0.884102
vt 0.073435 0.883466
vt 0.304068 0.696831
vt 0.301597 0.696115
vt 0.304128 0.681080
vt 0.305658 0.681489
vt 0.105951 0.777870
vt 0.102278 0.784107
vt 0.100003 0.782339
vt 0.103900 0.775709
vt 0.075690 0.877003
vt 0.074699 0.876828
vt 0.074954 0.875998
vt 0.075658 0.876320
vt 0.455015 0.847571
vt 0.457745 0.852989
vt 0.448168 0.853398
vt 0.282729 0.674432
vt 0.274485 0.671721
vt 0.282665 0.657413
vt 0.290474 0.659634
vt 0.225442 0.566270
vt 0.225488 0.584923
vt 0.224965 0.549973
vt 0.232521 0.564198
vt 0.460431 0.858974
vt 0.251910 0.716123
vt 0.349740 0.540153
vt 0.346921 0.522743
vt 0.290788 0.677029
vt 0.290213 0.692493
vt 0.281728 0.689637
vt 0.248624 0.542265
vt 0.248048 0.526798
vt 0.419525 0.716367
vt 0.415756 0.716488
vt 0.418606 0.700075
vt 0.422317 0.700819
vt 0.316822 0.759694
vt 0.322852 0.769244
vt 0.172493 0.924502
vt 0.172531 0.931611
vt 0.167283 0.920225
vt 0.167373 0.927528
vt 0.310598 0.689113
vt 0.310972 0.690494
vt 0.309017 0.691068
vt 0.308736 0.689995
vt 0.161806 0.915403
vt 0.387030 0.966148
vt 0.392572 0.962082
vt 0.398809 0.964153
vt 0.393780 0.968101
vt 0.382537 0.976710
vt 0.388285 0.972358
vt 0.384753 0.953484
vt 0.267619 0.613580
vt 0.274123 0.614120
vt 0.267652 0.634370
vt 0.156035 0.910287
vt 0.156076 0.918150
vt 0.150211 0.904977
vt 0.150169 0.913108
vt 0.156495 0.926037
vt 0.150519 0.921381
vt 0.157029 0.933676
vt 0.151069 0.929406
vt 0.394327 0.732873
vt 0.389980 0.732001
vt 0.265018 0.537374
vt 0.263352 0.522078
vt 0.264705 0.521733
vt 0.264710 0.555142
vt 0.263494 0.537805
vt 0.073871 0.895725
vt 0.073662 0.894876
vt 0.074175 0.610673
vt 0.088564 0.619186
vt 0.172968 0.938437
vt 0.296518 0.936486
vt 0.293811 0.931122
vt 0.295852 0.930176
vt 0.299619 0.935194
vt 0.410935 0.716451
vt 0.413852 0.699147
vt 0.162825 0.937788
vt 0.162308 0.930536
vt 0.161844 0.922995
vt 0.124460 0.777806
vt 0.127030 0.786755
vt 0.123503 0.788096
vt 0.121102 0.779741
vt 0.167852 0.934702
vt 0.173371 0.944972
vt 0.168327 0.941606
vt 0.403252 0.792662
vt 0.404492 0.776911
vt 0.410554 0.778420
vt 0.409550 0.793235
vt 0.296902 0.661432
vt 0.295916 0.640899
vt 0.299952 0.641847
vt 0.301047 0.662556
vt 0.302366 0.642431
vt 0.303471 0.663192
vt 0.304138 0.642914
vt 0.375019 0.974835
vt 0.305106 0.663628
vt 0.306186 0.643615
vt 0.381125 0.970435
vt 0.150784 0.897183
vt 0.156684 0.902649
vt 0.152587 0.704130
vt 0.162343 0.698407
vt 0.162624 0.705109
vt 0.151868 0.712041
vt 0.264021 0.575678
vt 0.262941 0.555665
vt 0.404247 0.966203
vt 0.278531 0.866991
vt 0.279141 0.870849
vt 0.393982 0.789504
vt 0.398847 0.788664
vt 0.399155 0.806047
vt 0.394327 0.807500
vt 0.263214 0.598896
vt 0.261973 0.576380
vt 0.039204 0.909126
vt 0.040636 0.914556
vt 0.312989 0.685158
vt 0.313121 0.684005
vt 0.313885 0.684269
vt 0.313728 0.685278
vt 0.447097 0.940117
vt 0.442990 0.937185
vt 0.446736 0.935510
vt 0.326834 0.797555
vt 0.325110 0.798834
vt 0.322657 0.786507
vt 0.324391 0.784560
vt 0.467402 0.929161
vt 0.162988 0.713194
vt 0.151087 0.721648
vt 0.467648 0.934776
vt 0.462293 0.937958
vt 0.248252 0.731951
vt 0.251315 0.627199
vt 0.246594 0.602848
vt 0.252603 0.601722
vt 0.076167 0.875890
vt 0.075366 0.875268
vt 0.075841 0.874522
vt 0.076750 0.875215
vt 0.045533 0.802647
vt 0.036549 0.802365
vt 0.457086 0.940872
vt 0.035653 0.858879
vt 0.036549 0.876898
vt 0.029202 0.877059
vt 0.028237 0.859022
vt 0.071909 0.559438
vt 0.086249 0.572294
vt 0.083082 0.575797
vt 0.068846 0.562947
vt 0.451514 0.938222
vt 0.132570 0.665668
vt 0.134725 0.650323
vt 0.139397 0.650858
vt 0.137287 0.666227
vt 0.307977 0.679789
vt 0.308863 0.677910
vt 0.110981 0.732332
vt 0.105113 0.745988
vt 0.447633 0.944870
vt 0.452141 0.943249
vt 0.038217 0.521733
vt 0.050306 0.530812
vt 0.047859 0.534054
vt 0.035731 0.525131
vt 0.071099 0.893360
vt 0.071234 0.894300
vt 0.069884 0.894544
vt 0.069731 0.893555
vt 0.073475 0.900597
vt 0.073056 0.932137
vt 0.073044 0.939171
vt 0.067354 0.938973
vt 0.067353 0.931939
vt 0.067398 0.924308
vt 0.073108 0.924517
vt 0.060886 0.931867
vt 0.060886 0.924238
vt 0.221007 0.930970
vt 0.221007 0.923725
vt 0.227503 0.923799
vt 0.227503 0.931044
vt 0.060886 0.938909
vt 0.154665 0.751939
vt 0.154693 0.766351
vt 0.150351 0.766413
vt 0.150532 0.751965
vt 0.074652 0.881126
vt 0.073537 0.880697
vt 0.072529 0.879330
vt 0.071165 0.878909
vt 0.071490 0.877918
vt 0.072856 0.878346
vt 0.045209 0.537573
vt 0.033054 0.528811
vt 0.141217 0.636576
vt 0.136565 0.636076
vt 0.181171 0.878881
vt 0.176691 0.879939
vt 0.173487 0.866215
vt 0.177739 0.865517
vt 0.136981 0.770626
vt 0.136828 0.786938
vt 0.084001 0.657909
vt 0.081836 0.649364
vt 0.070994 0.892406
vt 0.384904 0.770184
vt 0.385106 0.750088
vt 0.389523 0.750366
vt 0.389385 0.770184
vt 0.030254 0.532688
vt 0.042427 0.541263
vt 0.039556 0.545031
vt 0.027399 0.536689
vt 0.376005 0.770124
vt 0.376310 0.749769
vt 0.380658 0.749906
vt 0.380392 0.770184
vt 0.073120 0.916834
vt 0.048648 0.924517
vt 0.054357 0.924308
vt 0.072966 0.909462
vt 0.054100 0.820852
vt 0.054805 0.803089
vt 0.063034 0.803787
vt 0.062387 0.821252
vt 0.071149 0.885872
vt 0.083237 0.575946
vt 0.096699 0.589611
vt 0.093234 0.592929
vt 0.195127 0.589879
vt 0.189017 0.577789
vt 0.190338 0.577337
vt 0.373994 0.639505
vt 0.339961 0.574858
vt 0.342062 0.556196
vt 0.349930 0.557644
vt 0.348054 0.576397
vt 0.405195 0.878854
vt 0.094150 0.739966
vt 0.099426 0.727336
vt 0.070879 0.889618
vt 0.070923 0.888698
vt 0.072231 0.888835
vt 0.068076 0.770626
vt 0.438706 0.657106
vt 0.444326 0.657888
vt 0.444229 0.664824
vt 0.438620 0.664065
vt 0.155470 0.816847
vt 0.160479 0.816859
vt 0.161038 0.834882
vt 0.155940 0.834903
vt 0.076000 0.847998
vt 0.079427 0.848201
vt 0.079373 0.869144
vt 0.076069 0.869138
vt 0.264830 0.746208
vt 0.263807 0.746264
vt 0.263861 0.745168
vt 0.264901 0.745111
vt 0.095741 0.833255
vt 0.097850 0.842370
vt 0.094867 0.844808
vt 0.092592 0.834976
vt 0.438673 0.650646
vt 0.444238 0.651463
vt 0.432168 0.650403
vt 0.432168 0.656864
vt 0.281493 0.615177
vt 0.288759 0.616445
vt 0.357549 0.859752
vt 0.356215 0.863830
vt 0.348193 0.859977
vt 0.349460 0.855866
vt 0.253751 0.578394
vt 0.256504 0.600965
vt 0.420228 0.640140
vt 0.425715 0.639552
vt 0.425705 0.644762
vt 0.420183 0.645478
vt 0.079146 0.798911
vt 0.075439 0.798274
vt 0.078588 0.773617
vt 0.079430 0.824380
vt 0.438614 0.644762
vt 0.444136 0.645478
vt 0.375111 0.878027
vt 0.369102 0.875690
vt 0.370495 0.870784
vt 0.125338 0.681902
vt 0.127798 0.665161
vt 0.164742 0.798817
vt 0.169533 0.798825
vt 0.307826 0.693221
vt 0.307886 0.692282
vt 0.307814 0.691351
vt 0.308227 0.691270
vt 0.432168 0.644519
vt 0.085667 0.771862
vt 0.087848 0.771940
vt 0.312634 0.914914
vt 0.319589 0.913353
vt 0.318806 0.920049
vt 0.317788 0.777418
vt 0.453096 0.630673
vt 0.448972 0.628228
vt 0.097999 0.832052
vt 0.100003 0.840661
vt 0.352453 0.761733
vt 0.352329 0.780193
vt 0.418689 0.659833
vt 0.413569 0.656806
vt 0.418727 0.652724
vt 0.169578 0.538741
vt 0.168405 0.540368
vt 0.160557 0.530732
vt 0.161485 0.528853
vt 0.364883 0.751142
vt 0.368316 0.750187
vt 0.419567 0.639363
vt 0.032199 0.922763
vt 0.036937 0.921571
vt 0.054777 0.755583
vt 0.052430 0.749597
vt 0.070519 0.753359
vt 0.419567 0.667004
vt 0.022648 0.919452
vt 0.017797 0.914840
vt 0.183940 0.849687
vt 0.183444 0.834189
vt 0.188087 0.833510
vt 0.430954 0.906440
vt 0.396715 0.662954
vt 0.414297 0.794077
vt 0.415757 0.809641
vt 0.410935 0.809673
vt 0.049688 0.743005
vt 0.046986 0.736626
vt 0.058619 0.735173
vt 0.040311 0.928029
vt 0.448973 0.532436
vt 0.453097 0.529995
vt 0.408672 0.676396
vt 0.402880 0.681686
vt 0.402231 0.674047
vt 0.396980 0.687152
vt 0.396407 0.679358
vt 0.263466 0.741284
vt 0.264118 0.741449
vt 0.264304 0.742114
vt 0.263441 0.742169
vt 0.419525 0.809757
vt 0.422341 0.809912
vt 0.307848 0.686932
vt 0.307609 0.684416
vt 0.311136 0.684887
vt 0.311239 0.686502
vt 0.238993 0.920049
vt 0.238976 0.927596
vt 0.233548 0.927659
vt 0.233548 0.918646
vt 0.365097 0.863378
vt 0.363710 0.867477
vt 0.048113 0.927583
vt 0.048085 0.932996
vt 0.045526 0.933069
vt 0.044095 0.927649
vt 0.396365 0.671227
vt 0.442704 0.665250
vt 0.441160 0.671011
vt 0.072927 0.882519
vt 0.073847 0.882925
vt 0.066398 0.593378
vt 0.053637 0.581500
vt 0.056571 0.577387
vt 0.069855 0.589768
vt 0.382352 0.640395
vt 0.385324 0.650555
vt 0.383168 0.650769
vt 0.380374 0.640771
vt 0.193342 0.915740
vt 0.197530 0.916295
vt 0.272059 0.876435
vt 0.265263 0.878811
vt 0.188465 0.666875
vt 0.196195 0.652286
vt 0.200119 0.653935
vt 0.346973 0.828622
vt 0.351231 0.831094
vt 0.344859 0.843105
vt 0.340891 0.840028
vt 0.385977 0.662762
vt 0.383743 0.662757
vt 0.243162 0.727056
vt 0.166726 0.542313
vt 0.165909 0.543170
vt 0.158460 0.533996
vt 0.159183 0.532998
vt 0.024590 0.540736
vt 0.036730 0.548792
vt 0.034092 0.552543
vt 0.022023 0.544811
vt 0.181922 0.784345
vt 0.177602 0.783151
vt 0.181061 0.768754
vt 0.185176 0.770513
vt 0.259639 0.918481
vt 0.258510 0.920240
vt 0.254982 0.913654
vt 0.074937 0.889764
vt 0.075143 0.890724
vt 0.074296 0.891003
vt 0.074120 0.890133
vt 0.202067 0.899402
vt 0.207276 0.900440
vt 0.207635 0.909127
vt 0.202243 0.908274
vt 0.207993 0.917630
vt 0.202376 0.916925
vt 0.202462 0.925094
vt 0.046319 0.939785
vt 0.046160 0.939384
vt 0.047153 0.939101
vt 0.047249 0.939528
vt 0.175480 0.925882
vt 0.179105 0.925843
vt 0.177238 0.934845
vt 0.173797 0.934030
vt 0.099680 0.821463
vt 0.097264 0.822109
vt 0.314713 0.691528
vt 0.314305 0.693789
vt 0.193343 0.906905
vt 0.197531 0.907534
vt 0.053308 0.614791
vt 0.050869 0.620589
vt 0.421573 0.564470
vt 0.399527 0.563587
vt 0.398572 0.547800
vt 0.419798 0.549466
vt 0.335007 0.877459
vt 0.335450 0.871409
vt 0.048076 0.936451
vt 0.048110 0.938242
vt 0.046946 0.938374
vt 0.046443 0.936549
vt 0.385676 0.731475
vt 0.381301 0.731099
vt 0.382587 0.714580
vt 0.208261 0.925689
vt 0.186070 0.785670
vt 0.341066 0.851834
vt 0.342488 0.847571
vt 0.350950 0.851637
vt 0.339919 0.855955
vt 0.044873 0.936821
vt 0.043099 0.933371
vt 0.281929 0.931070
vt 0.359107 0.855555
vt 0.295817 0.889668
vt 0.366689 0.859197
vt 0.373357 0.862400
vt 0.371832 0.866614
vt 0.313711 0.686271
vt 0.314159 0.685321
vt 0.314132 0.686275
vt 0.100454 0.934382
vt 0.104054 0.917487
vt 0.111983 0.937420
vt 0.214529 0.906572
vt 0.214529 0.915518
vt 0.208911 0.915777
vt 0.208911 0.906868
vt 0.432168 0.663794
vt 0.368867 0.875564
vt 0.362102 0.872216
vt 0.366801 0.881259
vt 0.360096 0.877787
vt 0.094365 0.708204
vt 0.097930 0.693753
vt 0.312325 0.769365
vt 0.303763 0.763460
vt 0.094851 0.811497
vt 0.094971 0.800265
vt 0.354661 0.868544
vt 0.346799 0.864618
vt 0.338753 0.860553
vt 0.414297 0.732053
vt 0.415098 0.746051
vt 0.422341 0.716217
vt 0.425066 0.701373
vt 0.138774 0.866519
vt 0.137295 0.885415
vt 0.134888 0.865420
vt 0.257554 0.924823
vt 0.257497 0.927379
vt 0.252079 0.927443
vt 0.252119 0.923426
vt 0.190614 0.787289
vt 0.196297 0.789334
vt 0.194938 0.802918
vt 0.189106 0.801780
vt 0.354805 0.816273
vt 0.350273 0.814511
vt 0.351786 0.798108
vt 0.356490 0.798886
vt 0.255122 0.707952
vt 0.255098 0.698157
vt 0.257441 0.698086
vt 0.257449 0.708474
vt 0.074050 0.896563
vt 0.208911 0.897626
vt 0.214529 0.897293
vt 0.214529 0.923799
vt 0.214529 0.931044
vt 0.208911 0.931340
vt 0.208911 0.924058
vt 0.069608 0.892557
vt 0.245529 0.927520
vt 0.245548 0.921738
vt 0.356975 0.599140
vt 0.361569 0.600398
vt 0.073525 0.876426
vt 0.072215 0.875925
vt 0.070914 0.891464
vt 0.072120 0.891358
vt 0.326300 0.668794
vt 0.320843 0.665883
vt 0.048181 0.914491
vt 0.048147 0.921038
vt 0.042366 0.921095
vt 0.233122 0.924058
vt 0.233122 0.931340
vt 0.122077 0.940069
vt 0.074456 0.877751
vt 0.073187 0.877379
vt 0.234112 0.910192
vt 0.235802 0.902855
vt 0.221007 0.915444
vt 0.068121 0.887585
vt 0.068194 0.886566
vt 0.114900 0.791564
vt 0.112923 0.784780
vt 0.116374 0.782602
vt 0.118529 0.790051
vt 0.233122 0.906868
vt 0.233122 0.915777
vt 0.227503 0.915518
vt 0.227503 0.906572
vt 0.422317 0.825305
vt 0.425066 0.824751
vt 0.020392 0.839196
vt 0.022994 0.839263
vt 0.224347 0.769107
vt 0.219213 0.764163
vt 0.088084 0.635778
vt 0.081841 0.639177
vt 0.257857 0.922399
vt 0.232183 0.872594
vt 0.235731 0.868135
vt 0.318276 0.881949
vt 0.320546 0.878853
vt 0.328615 0.883795
vt 0.316675 0.884107
vt 0.249389 0.907833
vt 0.334395 0.890274
vt 0.231688 0.628669
vt 0.225459 0.627973
vt 0.225455 0.605713
vt 0.313788 0.897703
vt 0.318547 0.893539
vt 0.173937 0.553572
vt 0.174810 0.552882
vt 0.181980 0.565297
vt 0.181016 0.565848
vt 0.309224 0.878319
vt 0.310829 0.874977
vt 0.404597 0.716107
vt 0.075372 0.893821
vt 0.074395 0.893895
vt 0.199659 0.612004
vt 0.198177 0.601362
vt 0.128307 0.819118
vt 0.127257 0.829712
vt 0.123763 0.828121
vt 0.124634 0.838903
vt 0.121324 0.836679
vt 0.209241 0.852840
vt 0.213504 0.861632
vt 0.216672 0.775475
vt 0.221647 0.778959
vt 0.217285 0.786647
vt 0.211939 0.783891
vt 0.187296 0.647442
vt 0.193194 0.634958
vt 0.194341 0.635330
vt 0.188338 0.647965
vt 0.413852 0.826977
vt 0.418606 0.826049
vt 0.477928 0.580333
vt 0.476368 0.593881
vt 0.111860 0.680270
vt 0.114276 0.665210
vt 0.118617 0.665034
vt 0.116194 0.680690
vt 0.044736 0.939071
vt 0.045227 0.939792
vt 0.044380 0.940309
vt 0.043796 0.939695
vt 0.254737 0.557861
vt 0.159832 0.532015
vt 0.150777 0.526305
vt 0.151299 0.525232
vt 0.352835 0.873997
vt 0.345208 0.869929
vt 0.076639 0.897015
vt 0.076552 0.898002
vt 0.434772 0.941149
vt 0.430751 0.943784
vt 0.337411 0.865780
vt 0.262709 0.747423
vt 0.188954 0.923614
vt 0.188954 0.915334
vt 0.297168 0.884093
vt 0.261964 0.538211
vt 0.254988 0.524546
vt 0.259431 0.523179
vt 0.115120 0.823916
vt 0.115938 0.815961
vt 0.119661 0.816971
vt 0.200290 0.675368
vt 0.267625 0.591321
vt 0.258413 0.753102
vt 0.241521 0.749266
vt 0.257555 0.746590
vt 0.193093 0.650699
vt 0.199363 0.637161
vt 0.202659 0.638071
vt 0.261699 0.748616
vt 0.260632 0.748818
vt 0.419798 0.611198
vt 0.398572 0.612869
vt 0.399527 0.597077
vt 0.421572 0.596194
vt 0.045533 0.876621
vt 0.137993 0.846871
vt 0.141779 0.848640
vt 0.119141 0.650874
vt 0.117415 0.637459
vt 0.122009 0.636439
vt 0.123561 0.650267
vt 0.312457 0.952325
vt 0.077716 0.897178
vt 0.368316 0.790180
vt 0.372158 0.790565
vt 0.372713 0.809653
vt 0.368609 0.809148
vt 0.076684 0.641988
vt 0.356301 0.834391
vt 0.349630 0.847145
vt 0.188954 0.906424
vt 0.188954 0.897183
vt 0.193343 0.897737
vt 0.412202 0.882497
vt 0.257292 0.729216
vt 0.260742 0.709227
vt 0.182187 0.908143
vt 0.179659 0.909239
vt 0.177313 0.902461
vt 0.179678 0.900931
vt 0.259232 0.759357
vt 0.174407 0.671350
vt 0.180751 0.659809
vt 0.299273 0.875260
vt 0.218831 0.858165
vt 0.225930 0.864043
vt 0.221315 0.868099
vt 0.074103 0.897231
vt 0.074624 0.897681
vt 0.308085 0.752593
vt 0.296225 0.747333
vt 0.312336 0.910155
vt 0.319253 0.907202
vt 0.298669 0.618328
vt 0.301085 0.618866
vt 0.175942 0.910837
vt 0.173797 0.904679
vt 0.301698 0.680388
vt 0.297154 0.694745
vt 0.297426 0.679112
vt 0.273606 0.880543
vt 0.151832 0.523833
vt 0.152516 0.521733
vt 0.284054 0.908156
vt 0.282112 0.908970
vt 0.278775 0.903017
vt 0.252689 0.707429
vt 0.248425 0.714529
vt 0.287562 0.913983
vt 0.286369 0.914279
vt 0.274776 0.895849
vt 0.270760 0.888676
vt 0.187355 0.925697
vt 0.185101 0.936705
vt 0.181888 0.935944
vt 0.249940 0.652813
vt 0.244521 0.653065
vt 0.132775 0.920296
vt 0.129011 0.919830
vt 0.099281 0.852374
vt 0.101974 0.849383
vt 0.324995 0.904751
vt 0.325373 0.912060
vt 0.091754 0.823619
vt 0.094971 0.822730
vt 0.091635 0.811498
vt 0.094851 0.811498
vt 0.262668 0.748370
vt 0.386567 0.869300
vt 0.299242 0.922511
vt 0.299726 0.920117
vt 0.438092 0.945966
vt 0.300028 0.920945
vt 0.082917 0.747308
vt 0.043106 0.933387
vt 0.385725 0.639970
vt 0.389073 0.650398
vt 0.252666 0.698230
vt 0.079843 0.728503
vt 0.084565 0.717804
vt 0.090399 0.721664
vt 0.085440 0.733210
vt 0.307609 0.681996
vt 0.311211 0.683313
vt 0.280920 0.880449
vt 0.090301 0.737117
vt 0.095428 0.724912
vt 0.103901 0.828958
vt 0.100380 0.830803
vt 0.103251 0.820510
vt 0.103148 0.811498
vt 0.183191 0.564603
vt 0.184889 0.563622
vt 0.192222 0.576763
vt 0.176353 0.918028
vt 0.185685 0.863301
vt 0.105648 0.836288
vt 0.102278 0.838894
vt 0.208484 0.933119
vt 0.202549 0.932525
vt 0.260742 0.697985
vt 0.425646 0.650646
vt 0.420081 0.651463
vt 0.185082 0.915978
vt 0.188527 0.915099
vt 0.100380 0.792192
vt 0.103901 0.794037
vt 0.103251 0.802486
vt 0.420871 0.689810
vt 0.476369 0.566789
vt 0.045800 0.938650
vt 0.230911 0.532744
vt 0.232321 0.547573
vt 0.223280 0.535554
vt 0.184591 0.907031
vt 0.313001 0.686317
vt 0.094867 0.778188
vt 0.097850 0.780626
vt 0.095741 0.789745
vt 0.092591 0.788024
vt 0.175651 0.799481
vt 0.389980 0.808367
vt 0.389523 0.790002
vt 0.092748 0.886457
vt 0.087756 0.874725
vt 0.097315 0.873427
vt 0.103402 0.886174
vt 0.187985 0.905423
vt 0.250170 0.733901
vt 0.252847 0.736712
vt 0.242347 0.881643
vt 0.257997 0.884476
vt 0.227872 0.878044
vt 0.193997 0.590123
vt 0.187979 0.578190
vt 0.264793 0.744020
vt 0.263771 0.744076
vt 0.263597 0.743068
vt 0.264566 0.742999
vt 0.097999 0.790949
vt 0.101424 0.642439
vt 0.103912 0.653777
vt 0.116808 0.773060
vt 0.119831 0.770626
vt 0.077151 0.890084
vt 0.076093 0.890399
vt 0.298875 0.913101
vt 0.048209 0.909067
vt 0.243777 0.902012
vt 0.239128 0.897183
vt 0.207556 0.842161
vt 0.357124 0.779532
vt 0.441473 0.859108
vt 0.167513 0.541469
vt 0.116056 0.807566
vt 0.115805 0.799281
vt 0.101974 0.773613
vt 0.082116 0.677910
vt 0.083812 0.667487
vt 0.089620 0.667065
vt 0.087728 0.678374
vt 0.243177 0.676405
vt 0.241413 0.697007
vt 0.235458 0.695733
vt 0.215730 0.872994
vt 0.210022 0.878003
vt 0.078699 0.713862
vt 0.109479 0.665569
vt 0.107108 0.679903
vt 0.101200 0.679457
vt 0.103474 0.666034
vt 0.288800 0.913910
vt 0.124570 0.797633
vt 0.124856 0.807872
vt 0.278661 0.944522
vt 0.044752 0.731401
vt 0.055252 0.730054
vt 0.056424 0.892285
vt 0.059661 0.906783
vt 0.305663 0.916471
vt 0.122222 0.817648
vt 0.124731 0.818270
vt 0.190898 0.649452
vt 0.289192 0.868832
vt 0.204979 0.882526
vt 0.334821 0.884017
vt 0.046354 0.562254
vt 0.043740 0.566083
vt 0.031715 0.556490
vt 0.293480 0.592094
vt 0.256906 0.890875
vt 0.255897 0.896756
vt 0.314713 0.689359
vt 0.268815 0.867074
vt 0.022446 0.893601
vt 0.021958 0.877176
vt 0.024528 0.877142
vt 0.023893 0.893576
vt 0.091754 0.799376
vt 0.280226 0.929873
vt 0.281939 0.931064
vt 0.278360 0.936648
vt 0.275766 0.934965
vt 0.442379 0.565538
vt 0.439738 0.551627
vt 0.206875 0.624706
vt 0.207682 0.612395
vt 0.375386 0.698384
vt 0.373739 0.713525
vt 0.370106 0.697984
vt 0.381708 0.651065
vt 0.382266 0.662869
vt 0.118997 0.835078
vt 0.114712 0.841261
vt 0.112567 0.839193
vt 0.304327 0.910158
vt 0.298919 0.913571
vt 0.440670 0.677552
vt 0.280200 0.929882
vt 0.283019 0.926603
vt 0.289812 0.711686
vt 0.292134 0.701645
vt 0.069728 0.885712
vt 0.069840 0.884756
vt 0.357525 0.715026
vt 0.361136 0.735233
vt 0.356210 0.739210
vt 0.266138 0.955729
vt 0.269719 0.950136
vt 0.275694 0.951506
vt 0.273228 0.957296
vt 0.352926 0.721030
vt 0.375445 0.580063
vt 0.374529 0.579641
vt 0.348381 0.727963
vt 0.346321 0.705790
vt 0.197235 0.622961
vt 0.198467 0.623153
vt 0.351482 0.743958
vt 0.059662 0.772485
vt 0.056424 0.786983
vt 0.226648 0.753255
vt 0.357270 0.759161
vt 0.414280 0.671436
vt 0.263606 0.749053
vt 0.262759 0.749336
vt 0.417999 0.731131
vt 0.063636 0.726276
vt 0.067838 0.731016
vt 0.317412 0.901912
vt 0.322829 0.898490
vt 0.287259 0.928350
vt 0.287682 0.926410
vt 0.114231 0.885911
vt 0.105332 0.901129
vt 0.379558 0.546814
vt 0.379286 0.532726
vt 0.397386 0.533972
vt 0.293762 0.931265
vt 0.291442 0.931792
vt 0.295803 0.930399
vt 0.297464 0.929136
vt 0.180407 0.681329
vt 0.188417 0.817541
vt 0.300148 0.871711
vt 0.293529 0.909355
vt 0.292003 0.912678
vt 0.347039 0.748766
vt 0.344090 0.734867
vt 0.342110 0.714710
vt 0.162476 0.907939
vt 0.168084 0.912898
vt 0.290943 0.915119
vt 0.291237 0.914425
vt 0.288925 0.925744
vt 0.290006 0.925626
vt 0.288930 0.926503
vt 0.291038 0.925294
vt 0.110002 0.652554
vt 0.107705 0.640246
vt 0.112838 0.638677
vt 0.114827 0.651615
vt 0.468061 0.620862
vt 0.471192 0.622871
vt 0.459500 0.635327
vt 0.456532 0.633034
vt 0.059457 0.573736
vt 0.173371 0.917331
vt 0.343374 0.752788
vt 0.340554 0.740599
vt 0.178360 0.677476
vt 0.185763 0.664302
vt 0.291756 0.924450
vt 0.290885 0.924918
vt 0.344442 0.596077
vt 0.354717 0.577607
vt 0.351184 0.597626
vt 0.376310 0.790599
vt 0.380659 0.790467
vt 0.381301 0.809269
vt 0.376970 0.809583
vt 0.054100 0.858411
vt 0.062387 0.858011
vt 0.063034 0.875476
vt 0.054805 0.876179
vt 0.286086 0.924471
vt 0.286975 0.924935
vt 0.393982 0.750864
vt 0.284572 0.921943
vt 0.285042 0.922758
vt 0.284582 0.923092
vt 0.284042 0.922196
vt 0.288931 0.928410
vt 0.291758 0.923073
vt 0.291163 0.923544
vt 0.290811 0.923001
vt 0.291313 0.922607
vt 0.290468 0.923910
vt 0.289708 0.924139
vt 0.289585 0.923500
vt 0.290223 0.923308
vt 0.289918 0.917756
vt 0.290152 0.917142
vt 0.290747 0.917435
vt 0.290398 0.917990
vt 0.289409 0.917623
vt 0.289517 0.916973
vt 0.286397 0.920006
vt 0.285697 0.920058
vt 0.285809 0.919292
vt 0.286547 0.919455
vt 0.284047 0.919952
vt 0.283360 0.919764
vt 0.283706 0.918589
vt 0.284328 0.918831
vt 0.293406 0.921500
vt 0.293650 0.920767
vt 0.294094 0.920917
vt 0.293840 0.921667
vt 0.292444 0.916584
vt 0.292106 0.916939
vt 0.291407 0.916389
vt 0.291677 0.915972
vt 0.290602 0.915973
vt 0.290790 0.915504
vt 0.289822 0.915218
vt 0.289730 0.915723
vt 0.288829 0.915650
vt 0.287920 0.915754
vt 0.287031 0.916029
vt 0.293515 0.918076
vt 0.293084 0.918282
vt 0.292673 0.917584
vt 0.293072 0.917300
vt 0.292699 0.922870
vt 0.292167 0.923495
vt 0.292231 0.922530
vt 0.291706 0.917363
vt 0.292202 0.917924
vt 0.285593 0.922376
vt 0.286099 0.922995
vt 0.285646 0.923460
vt 0.290384 0.916531
vt 0.289624 0.916321
vt 0.288933 0.923559
vt 0.288926 0.924212
vt 0.292571 0.918534
vt 0.294000 0.919644
vt 0.293549 0.919736
vt 0.293366 0.918997
vt 0.293811 0.918857
vt 0.291607 0.920928
vt 0.291698 0.920467
vt 0.292356 0.920523
vt 0.292238 0.921106
vt 0.289969 0.922701
vt 0.290452 0.922445
vt 0.286455 0.920577
vt 0.286588 0.921106
vt 0.285897 0.921377
vt 0.285714 0.920723
vt 0.206837 0.638897
vt 0.292003 0.918815
vt 0.291689 0.918301
vt 0.287173 0.924456
vt 0.288032 0.924722
vt 0.287930 0.925226
vt 0.287285 0.916621
vt 0.288054 0.916367
vt 0.286566 0.917023
vt 0.286187 0.916464
vt 0.285936 0.917570
vt 0.285426 0.917082
vt 0.292863 0.921300
vt 0.293052 0.920581
vt 0.291090 0.916886
vt 0.291434 0.921368
vt 0.292020 0.921653
vt 0.287677 0.923277
vt 0.288292 0.923484
vt 0.288154 0.924127
vt 0.287410 0.923890
vt 0.286815 0.921591
vt 0.286200 0.921977
vt 0.286496 0.918072
vt 0.286092 0.918636
vt 0.285419 0.918260
vt 0.075224 0.891691
vt 0.074302 0.891905
vt 0.291485 0.924037
vt 0.290693 0.924458
vt 0.289824 0.924725
vt 0.288924 0.924814
vt 0.284791 0.917879
vt 0.284254 0.917530
vt 0.284997 0.916646
vt 0.284887 0.920004
vt 0.285053 0.919076
vt 0.291268 0.917832
vt 0.287579 0.917259
vt 0.286996 0.917610
vt 0.291688 0.919996
vt 0.292338 0.919929
vt 0.292825 0.919169
vt 0.283651 0.921191
vt 0.283405 0.920084
vt 0.284243 0.921022
vt 0.294127 0.920419
vt 0.293668 0.920495
vt 0.290822 0.918306
vt 0.291167 0.918681
vt 0.286758 0.918987
vt 0.213971 0.759048
vt 0.389872 0.662889
vt 0.394823 0.650211
vt 0.395938 0.663112
vt 0.181949 0.899400
vt 0.286716 0.923507
vt 0.286370 0.924028
vt 0.292216 0.919356
vt 0.288842 0.916266
vt 0.372142 0.639660
vt 0.068515 0.894791
vt 0.068345 0.893745
vt 0.288894 0.917603
vt 0.288866 0.916936
vt 0.292984 0.919843
vt 0.027751 0.839891
vt 0.035249 0.839747
vt 0.292592 0.921942
vt 0.108955 0.602739
vt 0.105434 0.605904
vt 0.285270 0.923864
vt 0.291715 0.922152
vt 0.020392 0.840067
vt 0.022994 0.840000
vt 0.023529 0.859105
vt 0.020939 0.859146
vt 0.406830 0.884591
vt 0.101912 0.609061
vt 0.115879 0.618097
vt 0.112242 0.621086
vt 0.018352 0.820091
vt 0.073473 0.893990
vt 0.074316 0.892883
vt 0.021957 0.802091
vt 0.288212 0.917032
vt 0.287060 0.918553
vt 0.280991 0.749662
vt 0.291424 0.919094
vt 0.287887 0.917893
vt 0.288382 0.917696
vt 0.135472 0.703272
vt 0.130253 0.720511
vt 0.125356 0.719145
vt 0.130652 0.701961
vt 0.285880 0.915972
vt 0.288430 0.922847
vt 0.288934 0.922913
vt 0.289924 0.925220
vt 0.288923 0.925324
vt 0.068230 0.892695
vt 0.068146 0.891646
vt 0.069537 0.891554
vt 0.071724 0.900339
vt 0.071357 0.899443
vt 0.067650 0.773767
vt 0.064571 0.787919
vt 0.073342 0.889094
vt 0.023894 0.785687
vt 0.436507 0.722858
vt 0.436776 0.717048
vt 0.289902 0.914805
vt 0.086503 0.868288
vt 0.291594 0.919534
vt 0.021176 0.785640
vt 0.284957 0.920862
vt 0.292515 0.923850
vt 0.194602 0.873384
vt 0.326546 0.895786
vt 0.024141 0.770626
vt 0.022446 0.785666
vt 0.343238 0.826729
vt 0.337521 0.837641
vt 0.438605 0.639552
vt 0.444091 0.640140
vt 0.073090 0.891150
vt 0.289453 0.922862
vt 0.285575 0.912168
vt 0.290050 0.914056
vt 0.203561 0.624242
vt 0.364743 0.769939
vt 0.368068 0.769987
vt 0.034268 0.770799
vt 0.308053 0.902724
vt 0.304121 0.900128
vt 0.112545 0.776623
vt 0.114695 0.774798
vt 0.118756 0.781120
vt 0.256761 0.740655
vt 0.239333 0.743578
vt 0.288975 0.932042
vt 0.044739 0.858682
vt 0.287836 0.925639
vt 0.378976 0.641220
vt 0.072391 0.886936
vt 0.072324 0.887907
vt 0.029384 0.561194
vt 0.017797 0.554152
vt 0.019798 0.549086
vt 0.285205 0.921661
vt 0.075214 0.898385
vt 0.384865 0.676299
vt 0.382626 0.676087
vt 0.287123 0.922023
vt 0.286606 0.922504
vt 0.287107 0.922945
vt 0.159938 0.798831
vt 0.159520 0.781842
vt 0.189434 0.648574
vt 0.098372 0.612055
vt 0.308001 0.690311
vt 0.125973 0.700710
vt 0.120764 0.717894
vt 0.116339 0.716673
vt 0.121374 0.699493
vt 0.287508 0.922390
vt 0.053899 0.839631
vt 0.062219 0.839631
vt 0.357055 0.598793
vt 0.360510 0.578584
vt 0.365178 0.579332
vt 0.361737 0.599667
vt 0.044452 0.839631
vt 0.044739 0.820581
vt 0.054403 0.931939
vt 0.055192 0.551275
vt 0.058119 0.547704
vt 0.072252 0.880292
vt 0.070880 0.879892
vt 0.068076 0.889589
vt 0.068089 0.888588
vt 0.069500 0.888632
vt 0.069488 0.889587
vt 0.035653 0.820388
vt 0.287950 0.922669
vt 0.267441 0.882724
vt 0.314193 0.687358
vt 0.026450 0.893536
vt 0.192843 0.590390
vt 0.186918 0.578603
vt 0.317326 0.926987
vt 0.292734 0.924198
vt 0.035921 0.749233
vt 0.036835 0.755243
vt 0.017797 0.753599
vt 0.018380 0.747677
vt 0.308072 0.694225
vt 0.307660 0.694144
vt 0.020542 0.877188
vt 0.049190 0.558589
vt 0.018988 0.839155
vt 0.068601 0.883568
vt 0.069993 0.883811
vt 0.068441 0.884561
vt 0.019336 0.877197
vt 0.018352 0.859177
vt 0.019542 0.859160
vt 0.307567 0.938609
vt 0.313069 0.943952
vt 0.268702 0.731515
vt 0.270256 0.720007
vt 0.287143 0.723127
vt 0.284517 0.734361
vt 0.021176 0.893623
vt 0.314299 0.684376
vt 0.064571 0.891344
vt 0.170113 0.816830
vt 0.165341 0.816851
vt 0.024141 0.908641
vt 0.204551 0.612387
vt 0.194304 0.817610
vt 0.201022 0.817675
vt 0.385676 0.808893
vt 0.391090 0.824335
vt 0.386902 0.825130
vt 0.160481 0.816850
vt 0.155084 0.798874
vt 0.286398 0.920006
vt 0.285697 0.920059
vt 0.170944 0.798872
vt 0.170106 0.816935
vt 0.287436 0.918182
vt 0.293093 0.923150
vt 0.090607 0.753724
vt 0.094380 0.756140
vt 0.482416 0.580333
vt 0.480834 0.566330
vt 0.484522 0.565587
vt 0.486140 0.580333
vt 0.098407 0.758342
vt 0.388802 0.676725
vt 0.394946 0.677401
vt 0.029617 0.908561
vt 0.293521 0.922419
vt 0.293101 0.922205
vt 0.361878 0.800164
vt 0.362469 0.779427
vt 0.262737 0.744083
vt 0.262635 0.743012
vt 0.284219 0.912775
vt 0.291189 0.921773
vt 0.213802 0.806488
vt 0.213256 0.817746
vt 0.207688 0.817704
vt 0.421262 0.742977
vt 0.418657 0.744411
vt 0.420733 0.730303
vt 0.425066 0.753773
vt 0.422629 0.755776
vt 0.362472 0.757217
vt 0.298581 0.927534
vt 0.290862 0.922136
vt 0.414863 0.760555
vt 0.409021 0.762849
vt 0.415882 0.944468
vt 0.072926 0.870880
vt 0.074209 0.871493
vt 0.073793 0.872354
vt 0.072512 0.871748
vt 0.283575 0.522285
vt 0.119523 0.615066
vt 0.072106 0.872626
vt 0.073378 0.873214
vt 0.071706 0.873510
vt 0.123089 0.612123
vt 0.132385 0.623894
vt 0.128627 0.626861
vt 0.070906 0.875415
vt 0.071835 0.876912
vt 0.070521 0.876434
vt 0.069522 0.879511
vt 0.070609 0.880876
vt 0.069256 0.880533
vt 0.070152 0.877467
vt 0.069823 0.878496
vt 0.072117 0.901229
vt 0.072511 0.902123
vt 0.071177 0.902701
vt 0.070788 0.901800
vt 0.115654 0.596747
vt 0.118634 0.594098
vt 0.129630 0.606724
vt 0.126494 0.609310
vt 0.052185 0.554930
vt 0.060886 0.544317
vt 0.068299 0.885555
vt 0.054401 0.938973
vt 0.171438 0.851451
vt 0.175773 0.851107
vt 0.170414 0.834885
vt 0.068096 0.890603
vt 0.069498 0.890556
vt 0.089762 0.569533
vt 0.092611 0.566758
vt 0.106129 0.580635
vt 0.103247 0.583372
vt 0.070407 0.900888
vt 0.070036 0.899971
vt 0.069011 0.881556
vt 0.070377 0.881867
vt 0.070170 0.882853
vt 0.068792 0.882573
vt 0.154823 0.781888
vt 0.159243 0.766324
vt 0.159125 0.751922
vt 0.069670 0.899008
vt 0.069316 0.897990
vt 0.070663 0.897557
vt 0.071001 0.898515
vt 0.073897 0.901490
vt 0.289694 0.639430
vt 0.188954 0.930897
vt 0.421239 0.940553
vt 0.072454 0.894109
vt 0.028504 0.925022
vt 0.407586 0.828141
vt 0.404597 0.810017
vt 0.025538 0.908616
vt 0.223154 0.747991
vt 0.209340 0.754369
vt 0.317099 0.759832
vt 0.247529 0.579863
vt 0.240501 0.561881
vt 0.248309 0.559659
vt 0.189471 0.694654
vt 0.120651 0.681244
vt 0.123087 0.665026
vt 0.260604 0.740655
vt 0.261633 0.740818
vt 0.261565 0.741862
vt 0.260471 0.741711
vt 0.303002 0.764746
vt 0.292000 0.760373
vt 0.292583 0.759008
vt 0.083939 0.886701
vt 0.373481 0.579427
vt 0.415097 0.780074
vt 0.419242 0.767998
vt 0.266575 0.747162
vt 0.267421 0.740997
vt 0.282352 0.743618
vt 0.371852 0.770316
vt 0.376005 0.770244
vt 0.017797 0.840144
vt 0.018989 0.840108
vt 0.135579 0.722037
vt 0.130173 0.738745
vt 0.124601 0.736866
vt 0.197489 0.898476
vt 0.307609 0.690418
vt 0.063403 0.541226
vt 0.402826 0.705748
vt 0.400152 0.718942
vt 0.422283 0.580332
vt 0.076509 0.893751
vt 0.075286 0.892736
vt 0.071306 0.874438
vt 0.207320 0.830208
vt 0.181903 0.753723
vt 0.186235 0.755793
vt 0.176661 0.767035
vt 0.401258 0.942338
vt 0.399156 0.734326
vt 0.048153 0.938960
vt 0.070865 0.890535
vt 0.075581 0.877934
vt 0.181980 0.565297
vt 0.400144 0.850861
vt 0.405792 0.850285
vt 0.180045 0.566401
vt 0.173041 0.554274
vt 0.297493 0.928835
vt 0.302048 0.933264
vt 0.294767 0.617572
vt 0.313619 0.696060
vt 0.293378 0.917040
vt 0.070095 0.895541
vt 0.084108 0.868863
vt 0.108608 0.623886
vt 0.210678 0.771298
vt 0.204545 0.767062
vt 0.045436 0.940166
vt 0.073600 0.887045
vt 0.071011 0.886813
vt 0.221007 0.897183
vt 0.221025 0.906498
vt 0.077791 0.893644
vt 0.437025 0.710438
vt 0.071986 0.881251
vt 0.141944 0.666830
vt 0.071738 0.882191
vt 0.070347 0.896554
vt 0.074677 0.873851
vt 0.484522 0.595079
vt 0.480833 0.594340
vt 0.271851 0.708262
vt 0.273258 0.697984
vt 0.417511 0.624378
vt 0.397385 0.626692
vt 0.112026 0.715404
vt 0.116786 0.698432
vt 0.198409 0.611970
vt 0.166966 0.851673
vt 0.169067 0.866763
vt 0.044610 0.940658
vt 0.345620 0.617179
vt 0.185460 0.877545
vt 0.181745 0.864549
vt 0.399932 0.580332
vt 0.173010 0.782032
vt 0.194506 0.760394
vt 0.199053 0.763274
vt 0.193564 0.774565
vt 0.189151 0.772375
vt 0.150169 0.527398
vt 0.027037 0.908598
vt 0.360134 0.818653
vt 0.260598 0.952346
vt 0.265043 0.947252
vt 0.368479 0.658442
vt 0.367031 0.677245
vt 0.195512 0.635765
vt 0.274048 0.943391
vt 0.264248 0.748845
vt 0.334821 0.835992
vt 0.340197 0.825450
vt 0.328992 0.826997
vt 0.305404 0.913103
vt 0.299907 0.917764
vt 0.299671 0.915553
vt 0.385106 0.790285
vt 0.214924 0.795959
vt 0.262605 0.741054
vt 0.262557 0.742035
vt 0.086954 0.750910
vt 0.322827 0.898486
vt 0.239973 0.581651
vt 0.328799 0.811802
vt 0.327087 0.812518
vt 0.331332 0.810687
vt 0.333224 0.826263
vt 0.330693 0.826678
vt 0.346255 0.813164
vt 0.393551 0.838383
vt 0.389168 0.839477
vt 0.397931 0.836880
vt 0.395324 0.823205
vt 0.261560 0.742910
vt 0.260379 0.742809
vt 0.419242 0.758126
vt 0.299398 0.898074
vt 0.261589 0.744064
vt 0.179907 0.850539
vt 0.307768 0.753313
vt 0.311348 0.745316
vt 0.320224 0.754364
vt 0.316230 0.761210
vt 0.260330 0.744044
vt 0.405119 0.978119
vt 0.400364 0.982085
vt 0.074278 0.882114
vt 0.073242 0.881646
vt 0.073431 0.891104
vt 0.384902 0.917594
vt 0.143165 0.823574
vt 0.148833 0.824638
vt 0.149217 0.836743
vt 0.145723 0.839641
vt 0.260330 0.745313
vt 0.384657 0.840392
vt 0.382587 0.825788
vt 0.163981 0.699901
vt 0.171763 0.690017
vt 0.329333 0.795459
vt 0.261814 0.749601
vt 0.260812 0.749826
vt 0.314577 0.682408
vt 0.314172 0.683298
vt 0.270413 0.941104
vt 0.284475 0.924891
vt 0.285007 0.924209
vt 0.150226 0.816866
vt 0.150385 0.834965
vt 0.116792 0.843204
vt 0.393899 0.770184
vt 0.121031 0.789048
vt 0.228593 0.773194
vt 0.267131 0.669319
vt 0.148834 0.866338
vt 0.148697 0.883753
vt 0.142092 0.885315
vt 0.143166 0.867401
vt 0.294050 0.921560
vt 0.074723 0.772792
vt 0.100164 0.628967
vt 0.094479 0.632246
vt 0.324420 0.920035
vt 0.322630 0.928299
vt 0.196950 0.601476
vt 0.025539 0.770651
vt 0.311216 0.770409
vt 0.312211 0.769307
vt 0.316710 0.778359
vt 0.109427 0.779370
vt 0.347548 0.797628
vt 0.048700 0.932137
vt 0.103900 0.847287
vt 0.074259 0.723687
vt 0.094446 0.678911
vt 0.096546 0.666555
vt 0.302998 0.619468
vt 0.305379 0.620397
vt 0.342956 0.812331
vt 0.344051 0.797500
vt 0.148698 0.807223
vt 0.142089 0.805660
vt 0.175264 0.707241
vt 0.177601 0.713093
vt 0.173472 0.700816
vt 0.432168 0.639363
vt 0.171957 0.694477
vt 0.364892 0.522342
vt 0.368224 0.522091
vt 0.165335 0.816892
vt 0.165811 0.834892
vt 0.386485 0.691138
vt 0.382602 0.690404
vt 0.151177 0.852557
vt 0.170733 0.689198
vt 0.369035 0.639767
vt 0.293640 0.921443
vt 0.293823 0.920530
vt 0.294234 0.920606
vt 0.350442 0.697984
vt 0.338079 0.723509
vt 0.334821 0.730792
vt 0.148213 0.651996
vt 0.146508 0.667447
vt 0.143910 0.651423
vt 0.327630 0.865675
vt 0.326445 0.865385
vt 0.162308 0.883198
vt 0.155853 0.886551
vt 0.152892 0.869240
vt 0.189742 0.875795
vt 0.197052 0.636360
vt 0.201247 0.623765
vt 0.324885 0.630920
vt 0.331145 0.613209
vt 0.339098 0.615358
vt 0.168928 0.682448
vt 0.375776 0.599657
vt 0.265445 0.683740
vt 0.273077 0.686548
vt 0.407587 0.697984
vt 0.199680 0.623399
vt 0.310877 0.906038
vt 0.200858 0.612095
vt 0.202357 0.612241
vt 0.109000 0.781053
vt 0.105648 0.786713
vt 0.299092 0.738814
vt 0.325048 0.746077
vt 0.067650 0.905496
vt 0.141774 0.842334
vt 0.119745 0.845940
vt 0.285301 0.914776
vt 0.212937 0.829204
vt 0.213221 0.840231
vt 0.069586 0.719548
vt 0.073761 0.710511
vt 0.379286 0.627943
vt 0.379558 0.613855
vt 0.205541 0.780621
vt 0.237751 0.769114
vt 0.248431 0.766352
vt 0.259903 0.764488
vt 0.296142 0.747578
vt 0.292412 0.923952
vt 0.223280 0.707602
vt 0.227776 0.712010
vt 0.185135 0.897183
vt 0.260598 0.869957
vt 0.107063 0.872125
vt 0.115723 0.870880
vt 0.123806 0.885628
vt 0.384657 0.699976
vt 0.073503 0.890410
vt 0.089161 0.931397
vt 0.118376 0.751818
vt 0.199133 0.777364
vt 0.305518 0.697212
vt 0.307182 0.681920
vt 0.240564 0.544861
vt 0.190408 0.757998
vt 0.073497 0.888103
vt 0.079856 0.875802
vt 0.378227 0.826415
vt 0.380114 0.841256
vt 0.079856 0.928937
vt 0.392577 0.692339
vt 0.041187 0.570553
vt 0.279189 0.757122
vt 0.172128 0.880763
vt 0.167408 0.881689
vt 0.373739 0.826843
vt 0.375386 0.841984
vt 0.163806 0.751979
vt 0.168614 0.752144
vt 0.314948 0.682588
vt 0.314565 0.683458
vt 0.104765 0.626434
vt 0.116865 0.635620
vt 0.112684 0.638026
vt 0.380391 0.690001
vt 0.378976 0.689749
vt 0.381179 0.676006
vt 0.227503 0.897293
vt 0.304328 0.910161
vt 0.476088 0.607987
vt 0.077307 0.874388
vt 0.048712 0.939171
vt 0.161422 0.689367
vt 0.168132 0.681398
vt 0.162097 0.690607
vt 0.139241 0.618421
vt 0.135948 0.621053
vt 0.077400 0.553129
vt 0.074790 0.556129
vt 0.120827 0.632876
vt 0.377327 0.943668
vt 0.154162 0.696203
vt 0.086598 0.572629
vt 0.100067 0.586395
vt 0.153619 0.694844
vt 0.069002 0.896927
vt 0.068725 0.895855
vt 0.017797 0.839119
vt 0.155135 0.706674
vt 0.376970 0.730785
vt 0.027751 0.839372
vt 0.035249 0.839516
vt 0.105951 0.845125
vt 0.144546 0.684299
vt 0.142368 0.702094
vt 0.112397 0.599656
vt 0.048209 0.939382
vt 0.248323 0.676643
vt 0.297366 0.929190
vt 0.390915 0.639363
vt 0.329957 0.737619
vt 0.150169 0.798933
vt 0.150216 0.781961
vt 0.323010 0.898096
vt 0.129953 0.649872
vt 0.131772 0.635674
vt 0.335054 0.891079
vt 0.124118 0.754336
vt 0.326769 0.781379
vt 0.109000 0.841943
vt 0.336287 0.594202
vt 0.142040 0.919952
vt 0.141810 0.903634
vt 0.148839 0.902368
vt 0.149219 0.919071
vt 0.073661 0.894876
vt 0.073870 0.895725
vt 0.145724 0.851335
vt 0.149219 0.854233
vt 0.398791 0.770184
vt 0.379753 0.563027
vt 0.378227 0.713953
vt 0.372713 0.730715
vt 0.368068 0.770381
vt 0.364883 0.789226
vt 0.364743 0.770429
vt 0.342237 0.538662
vt 0.364789 0.807422
vt 0.369067 0.826678
vt 0.364328 0.824620
vt 0.370106 0.842384
vt 0.362899 0.841954
vt 0.329115 0.866011
vt 0.225380 0.650163
vt 0.134421 0.845701
vt 0.131273 0.864383
vt 0.073471 0.893990
vt 0.214863 0.850079
vt 0.124752 0.629892
vt 0.222854 0.610520
vt 0.222012 0.624780
vt 0.378102 0.950485
vt 0.371780 0.946618
vt 0.444978 0.534600
vt 0.372158 0.749803
vt 0.371852 0.770052
vt 0.402825 0.834624
vt 0.400152 0.821426
vt 0.433500 0.630480
vt 0.415703 0.634778
vt 0.179606 0.935405
vt 0.378976 0.521733
vt 0.396379 0.523095
vt 0.076946 0.699982
vt 0.079669 0.688881
vt 0.102578 0.760339
vt 0.398847 0.751704
vt 0.479544 0.609423
vt 0.122632 0.699705
vt 0.288522 0.521733
vt 0.233122 0.897626
vt 0.111378 0.765273
vt 0.106872 0.762476
vt 0.116702 0.770200
vt 0.379753 0.597642
vt 0.379807 0.580332
vt 0.246360 0.697558
vt 0.325232 0.865021
vt 0.456532 0.527631
vt 0.099281 0.770626
vt 0.140510 0.704675
vt 0.128456 0.807973
vt 0.091153 0.771936
vt 0.444978 0.626064
vt 0.136981 0.920348
vt 0.136827 0.904037
vt 0.459501 0.525338
vt 0.298921 0.913576
vt 0.261902 0.522459
vt 0.128161 0.796987
vt 0.336003 0.898581
vt 0.126722 0.635593
vt 0.128246 0.649776
vt 0.077569 0.898194
vt 0.058183 0.603258
vt 0.055852 0.608755
vt 0.048868 0.625347
vt 0.376400 0.521784
vt 0.076858 0.889058
vt 0.075859 0.889379
vt 0.426768 0.908783
vt 0.285686 0.915571
vt 0.362899 0.698418
vt 0.380114 0.699112
vt 0.089205 0.568999
vt 0.091854 0.566031
vt 0.265445 0.754732
vt 0.373469 0.862493
vt 0.145643 0.637118
vt 0.077845 0.873479
vt 0.311444 0.770543
vt 0.239563 0.529657
vt 0.306875 0.664152
vt 0.306871 0.697557
vt 0.109427 0.836101
vt 0.330643 0.671341
vt 0.414864 0.765573
vt 0.396379 0.637569
vt 0.409021 0.763275
vt 0.378976 0.638936
vt 0.317628 0.948390
vt 0.331276 0.866564
vt 0.339585 0.521733
vt 0.334395 0.730139
vt 0.149742 0.637636
vt 0.675766 0.113681
vt 0.676488 0.088927
vt 0.682662 0.089294
vt 0.681648 0.113651
vt 0.849141 0.055131
vt 0.856439 0.057858
vt 0.856542 0.070881
vt 0.849028 0.068001
vt 0.863747 0.420801
vt 0.854769 0.421901
vt 0.854771 0.408520
vt 0.863745 0.407434
vt 0.776240 0.363221
vt 0.782832 0.361794
vt 0.783465 0.373826
vt 0.776977 0.375287
vt 0.897209 0.705029
vt 0.896621 0.690187
vt 0.908032 0.682400
vt 0.908414 0.696066
vt 0.678591 0.172258
vt 0.680131 0.142550
vt 0.686125 0.143695
vt 0.684744 0.173075
vt 0.830560 0.765114
vt 0.826419 0.779296
vt 0.823432 0.774653
vt 0.828988 0.758921
vt 0.888772 0.765527
vt 0.899257 0.770480
vt 0.899669 0.787578
vt 0.889382 0.782782
vt 0.736759 0.060557
vt 0.736292 0.040941
vt 0.744692 0.039162
vt 0.745058 0.059713
vt 0.805234 0.885616
vt 0.806786 0.894090
vt 0.803185 0.906924
vt 0.800851 0.896801
vt 0.808894 0.875348
vt 0.810017 0.881624
vt 0.670227 0.115284
vt 0.670729 0.089931
vt 0.809602 0.848623
vt 0.805339 0.833308
vt 0.811434 0.830730
vt 0.813945 0.844339
vt 0.811342 0.867894
vt 0.812728 0.869309
vt 0.566333 0.334953
vt 0.562389 0.337927
vt 0.561727 0.334484
vt 0.581211 0.848012
vt 0.576503 0.850828
vt 0.576522 0.846956
vt 0.581221 0.843850
vt 0.581468 0.839903
vt 0.587875 0.835145
vt 0.587663 0.839316
vt 0.668704 0.145002
vt 0.674258 0.142911
vt 0.572235 0.330267
vt 0.567072 0.328100
vt 0.792999 0.926035
vt 0.795336 0.908759
vt 0.799599 0.919915
vt 0.796652 0.932633
vt 0.756357 0.116870
vt 0.756306 0.120880
vt 0.747720 0.121739
vt 0.747881 0.117874
vt 0.615862 0.810382
vt 0.606034 0.817343
vt 0.606221 0.811848
vt 0.615871 0.804960
vt 0.666787 0.175438
vt 0.665167 0.203113
vt 0.659429 0.207700
vt 0.661419 0.179937
vt 0.664590 0.225777
vt 0.658463 0.230241
vt 0.579124 0.323988
vt 0.573073 0.321632
vt 0.819656 0.827148
vt 0.820052 0.841433
vt 0.817179 0.842122
vt 0.816191 0.828395
vt 0.586534 0.315891
vt 0.579641 0.314427
vt 0.819064 0.811977
vt 0.822374 0.812037
vt 0.822604 0.826809
vt 0.672539 0.172944
vt 0.677535 0.199258
vt 0.671224 0.200361
vt 0.594030 0.306153
vt 0.586526 0.306407
vt 0.893912 0.268429
vt 0.887341 0.266825
vt 0.887621 0.252386
vt 0.894325 0.254073
vt 0.924749 0.057059
vt 0.924919 0.050749
vt 0.936519 0.049215
vt 0.936159 0.058255
vt 0.601107 0.295829
vt 0.593438 0.297762
vt 0.531992 0.292072
vt 0.537448 0.313251
vt 0.532917 0.319594
vt 0.528112 0.297348
vt 0.780077 0.928584
vt 0.775549 0.918701
vt 0.777318 0.910538
vt 0.782117 0.920375
vt 0.677303 0.221275
vt 0.670865 0.222841
vt 0.820136 0.768298
vt 0.816855 0.760380
vt 0.827470 0.750148
vt 0.935370 0.081265
vt 0.935758 0.068935
vt 0.947381 0.075148
vt 0.946781 0.089051
vt 0.556620 0.442978
vt 0.561770 0.455159
vt 0.557033 0.461144
vt 0.552854 0.447594
vt 0.575528 0.573697
vt 0.567981 0.578548
vt 0.567692 0.565143
vt 0.575158 0.560492
vt 0.611254 0.279893
vt 0.607200 0.286339
vt 0.606155 0.281203
vt 0.598591 0.746360
vt 0.591520 0.751455
vt 0.591291 0.738186
vt 0.598356 0.733165
vt 0.614466 0.279559
vt 0.611645 0.274960
vt 0.837614 0.742513
vt 0.838068 0.755498
vt 0.835488 0.755135
vt 0.833841 0.747749
vt 0.576768 0.843319
vt 0.577075 0.839404
vt 0.581815 0.835658
vt 0.618864 0.279730
vt 0.616815 0.270910
vt 0.788521 0.903285
vt 0.782840 0.896542
vt 0.786864 0.883731
vt 0.793107 0.885031
vt 0.825980 0.739717
vt 0.824817 0.727955
vt 0.834129 0.724118
vt 0.834069 0.736653
vt 0.612696 0.327962
vt 0.617295 0.299077
vt 0.621982 0.302222
vt 0.843404 0.971664
vt 0.830905 0.960362
vt 0.833496 0.949918
vt 0.845175 0.963732
vt 0.615935 0.798303
vt 0.625030 0.792282
vt 0.625150 0.798818
vt 0.845297 0.349472
vt 0.835211 0.346186
vt 0.835226 0.341983
vt 0.845194 0.345224
vt 0.665608 0.261108
vt 0.664925 0.244664
vt 0.671267 0.241566
vt 0.671888 0.257782
vt 0.946470 0.793470
vt 0.938566 0.790188
vt 0.938564 0.774096
vt 0.946483 0.777546
vt 0.913730 0.120893
vt 0.923668 0.115458
vt 0.923473 0.130968
vt 0.913638 0.136400
vt 0.749198 0.798478
vt 0.751226 0.780495
vt 0.756751 0.777555
vt 0.754725 0.797169
vt 0.833458 0.755687
vt 0.607205 0.286346
vt 0.609642 0.290693
vt 0.677648 0.239697
vt 0.631886 0.038088
vt 0.633507 0.058372
vt 0.631007 0.059867
vt 0.629604 0.039460
vt 0.605310 0.312570
vt 0.602850 0.303749
vt 0.774698 0.310857
vt 0.781826 0.310470
vt 0.781819 0.324569
vt 0.774793 0.325301
vt 0.622518 0.237792
vt 0.623195 0.249587
vt 0.617421 0.254799
vt 0.616784 0.243158
vt 0.677388 0.302320
vt 0.676711 0.318597
vt 0.669938 0.320177
vt 0.670864 0.304099
vt 0.821653 0.796058
vt 0.816908 0.806554
vt 0.813523 0.808001
vt 0.817770 0.792052
vt 0.952017 0.264514
vt 0.942457 0.268776
vt 0.942603 0.253251
vt 0.952257 0.248917
vt 0.792648 0.804725
vt 0.803649 0.775380
vt 0.807993 0.783842
vt 0.801331 0.809438
vt 0.662266 0.490768
vt 0.662699 0.506550
vt 0.655513 0.508230
vt 0.655132 0.492220
vt 0.582673 0.808605
vt 0.576966 0.813699
vt 0.576975 0.804772
vt 0.582972 0.799540
vt 0.879497 0.344077
vt 0.872555 0.340451
vt 0.871827 0.332814
vt 0.878966 0.336616
vt 0.790455 0.159377
vt 0.782910 0.159938
vt 0.783040 0.150554
vt 0.790663 0.149851
vt 0.887390 0.731623
vt 0.877586 0.727033
vt 0.876596 0.710610
vt 0.886627 0.715303
vt 0.791985 0.760958
vt 0.791463 0.780365
vt 0.782229 0.790397
vt 0.783098 0.770080
vt 0.664459 0.307564
vt 0.663360 0.323194
vt 0.657131 0.327398
vt 0.658217 0.312616
vt 0.812224 0.517127
vt 0.817970 0.519665
vt 0.819653 0.549699
vt 0.814101 0.547567
vt 0.712123 0.923409
vt 0.707735 0.942170
vt 0.706036 0.918309
vt 0.739034 0.801183
vt 0.740905 0.785090
vt 0.745957 0.783405
vt 0.744016 0.800166
vt 0.594037 0.306175
vt 0.601114 0.295846
vt 0.594875 0.317045
vt 0.616226 0.823478
vt 0.606017 0.830625
vt 0.605913 0.826182
vt 0.616038 0.819087
vt 0.714725 0.895254
vt 0.715631 0.910246
vt 0.711376 0.904309
vt 0.678350 0.270556
vt 0.678139 0.255761
vt 0.684439 0.254672
vt 0.684667 0.269804
vt 0.814961 0.856300
vt 0.812335 0.858347
vt 0.583999 0.779662
vt 0.577577 0.784573
vt 0.577829 0.773209
vt 0.584406 0.768525
vt 0.777783 0.387747
vt 0.784211 0.386318
vt 0.784995 0.399110
vt 0.778607 0.400474
vt 0.848684 0.042209
vt 0.855916 0.044917
vt 0.813150 0.788469
vt 0.808448 0.810143
vt 0.559415 0.344338
vt 0.556808 0.341811
vt 0.946501 0.702096
vt 0.938425 0.698554
vt 0.938384 0.687115
vt 0.946488 0.690797
vt 0.716992 0.927865
vt 0.718947 0.947035
vt 0.713967 0.944628
vt 0.969639 0.191395
vt 0.962475 0.194737
vt 0.963209 0.177394
vt 0.970527 0.173978
vt 0.849299 0.667146
vt 0.848919 0.681717
vt 0.842243 0.686059
vt 0.842227 0.671717
vt 0.851340 0.254460
vt 0.858494 0.257264
vt 0.858969 0.270624
vt 0.851723 0.267769
vt 0.663147 0.641801
vt 0.663278 0.636548
vt 0.671736 0.636140
vt 0.671698 0.641349
vt 0.706158 0.896999
vt 0.792641 0.804624
vt 0.801354 0.809459
vt 0.798216 0.835177
vt 0.790528 0.836214
vt 0.653763 0.655872
vt 0.653827 0.651464
vt 0.663078 0.650413
vt 0.663065 0.654822
vt 0.574823 0.547323
vt 0.582421 0.542436
vt 0.582858 0.555443
vt 0.721306 0.767559
vt 0.721220 0.778362
vt 0.717702 0.780319
vt 0.717436 0.768661
vt 0.662736 0.350813
vt 0.663394 0.363594
vt 0.656794 0.366350
vt 0.656294 0.353693
vt 0.764834 0.072739
vt 0.764901 0.081844
vt 0.755347 0.082353
vt 0.754966 0.073190
vt 0.801115 0.069347
vt 0.809700 0.069974
vt 0.809751 0.077951
vt 0.801391 0.077559
vt 0.791251 0.861633
vt 0.797921 0.858795
vt 0.799008 0.879887
vt 0.793109 0.885002
vt 0.789497 0.094031
vt 0.782350 0.093450
vt 0.782597 0.087563
vt 0.789590 0.088845
vt 0.808894 0.875355
vt 0.804286 0.871868
vt 0.808803 0.864012
vt 0.606371 0.647910
vt 0.612745 0.643117
vt 0.614825 0.657947
vt 0.608260 0.662847
vt 0.676338 0.333310
vt 0.676477 0.346462
vt 0.669503 0.348275
vt 0.669367 0.334940
vt 0.774683 0.170555
vt 0.782924 0.169898
vt 0.783039 0.180587
vt 0.774791 0.180945
vt 0.693368 0.819670
vt 0.695433 0.819679
vt 0.695787 0.839528
vt 0.693594 0.839525
vt 0.664090 0.375995
vt 0.670112 0.361147
vt 0.670742 0.373510
vt 0.971507 0.156531
vt 0.964009 0.160035
vt 0.964884 0.142810
vt 0.972552 0.139218
vt 0.664311 0.388127
vt 0.657581 0.391604
vt 0.657382 0.378973
vt 0.571622 0.799267
vt 0.577226 0.795073
vt 0.571681 0.808901
vt 0.802768 0.365149
vt 0.808989 0.369400
vt 0.810068 0.385032
vt 0.803833 0.379934
vt 0.712074 0.877041
vt 0.707299 0.879075
vt 0.708951 0.865788
vt 0.711416 0.888394
vt 0.804168 0.853932
vt 0.714182 0.885231
vt 0.626844 0.041122
vt 0.628041 0.061651
vt 0.624287 0.063944
vt 0.623237 0.043303
vt 0.754612 0.058995
vt 0.764756 0.058455
vt 0.770267 0.377628
vt 0.769372 0.365610
vt 0.716028 0.724334
vt 0.715149 0.703792
vt 0.720001 0.704053
vt 0.721090 0.724620
vt 0.714157 0.680749
vt 0.718743 0.680927
vt 0.871831 0.496596
vt 0.863728 0.498581
vt 0.863728 0.482775
vt 0.871847 0.480679
vt 0.775002 0.233224
vt 0.782996 0.233554
vt 0.782748 0.248863
vt 0.774935 0.248602
vt 0.550129 0.344346
vt 0.551930 0.350148
vt 0.546964 0.359025
vt 0.544949 0.352171
vt 0.663747 0.400879
vt 0.670959 0.385430
vt 0.670541 0.398108
vt 0.710707 0.703738
vt 0.710046 0.680633
vt 0.544785 0.421368
vt 0.541107 0.408985
vt 0.545319 0.407071
vt 0.548599 0.419549
vt 0.757877 0.573230
vt 0.758006 0.577144
vt 0.749994 0.587087
vt 0.750099 0.582071
vt 0.564463 0.677548
vt 0.557898 0.681342
vt 0.556857 0.666291
vt 0.563383 0.662588
vt 0.774626 0.160826
vt 0.774643 0.151559
vt 0.938353 0.900683
vt 0.938302 0.914008
vt 0.929898 0.910629
vt 0.929948 0.897278
vt 0.677699 0.383560
vt 0.677478 0.371623
vt 0.684353 0.370231
vt 0.684682 0.382533
vt 0.637059 0.104060
vt 0.639093 0.129140
vt 0.635636 0.131224
vt 0.633959 0.105922
vt 0.677486 0.396370
vt 0.676988 0.410740
vt 0.669739 0.412241
vt 0.590935 0.601198
vt 0.583485 0.606617
vt 0.583647 0.593931
vt 0.591335 0.588316
vt 0.601527 0.463547
vt 0.600516 0.478752
vt 0.591971 0.483620
vt 0.592399 0.467834
vt 0.871808 0.528498
vt 0.863721 0.530222
vt 0.863724 0.514401
vt 0.871822 0.512554
vt 0.638909 0.248765
vt 0.643833 0.247278
vt 0.642661 0.262261
vt 0.637662 0.262805
vt 0.678497 0.586974
vt 0.678994 0.596721
vt 0.670890 0.597470
vt 0.670255 0.587906
vt 0.823001 0.493399
vt 0.816691 0.492247
vt 0.816361 0.469773
vt 0.822797 0.471388
vt 0.613136 0.294965
vt 0.608505 0.321325
vt 0.863592 0.047456
vt 0.864142 0.060435
vt 0.784135 0.937899
vt 0.787602 0.945866
vt 0.783384 0.952470
vt 0.780428 0.944738
vt 0.797165 0.170217
vt 0.790469 0.169607
vt 0.797083 0.159709
vt 0.709331 0.656496
vt 0.713092 0.656554
vt 0.880968 0.235188
vt 0.888092 0.237310
vt 0.880616 0.250374
vt 0.755663 0.088949
vt 0.755994 0.095022
vt 0.747682 0.096923
vt 0.747220 0.091277
vt 0.825521 0.550106
vt 0.827003 0.579006
vt 0.821123 0.578930
vt 0.748707 0.153243
vt 0.749068 0.162489
vt 0.741622 0.163054
vt 0.741185 0.153725
vt 0.590721 0.723862
vt 0.597883 0.718751
vt 0.895480 0.223491
vt 0.888642 0.221754
vt 0.889154 0.205939
vt 0.895993 0.207620
vt 0.743242 0.888402
vt 0.745066 0.873945
vt 0.749837 0.877894
vt 0.747876 0.891803
vt 0.640866 0.201508
vt 0.642171 0.219406
vt 0.637162 0.221890
vt 0.636080 0.204327
vt 0.924539 0.065252
vt 0.935768 0.069016
vt 0.676155 0.440889
vt 0.676453 0.425908
vt 0.684078 0.425794
vt 0.683923 0.440349
vt 0.919084 0.676463
vt 0.907635 0.670148
vt 0.918863 0.666386
vt 0.601566 0.667650
vt 0.599846 0.652579
vt 0.676295 0.455947
vt 0.668485 0.457475
vt 0.668381 0.442293
vt 0.680712 0.699800
vt 0.680703 0.715404
vt 0.670879 0.714960
vt 0.670889 0.699357
vt 0.771145 0.390059
vt 0.616571 0.673168
vt 0.609892 0.678065
vt 0.918371 0.647390
vt 0.906574 0.643135
vt 0.906342 0.637903
vt 0.695247 0.698406
vt 0.695433 0.676376
vt 0.697958 0.676361
vt 0.697716 0.698406
vt 0.800699 0.103699
vt 0.808300 0.104142
vt 0.807753 0.114399
vt 0.800345 0.113633
vt 0.929023 0.655899
vt 0.918483 0.651883
vt 0.929994 0.882578
vt 0.920764 0.878649
vt 0.920767 0.863146
vt 0.930024 0.867076
vt 0.798805 0.448560
vt 0.792741 0.448201
vt 0.792605 0.436149
vt 0.798585 0.436401
vt 0.914153 0.071577
vt 0.914249 0.064135
vt 0.924318 0.075329
vt 0.929356 0.682229
vt 0.929249 0.672713
vt 0.680694 0.731131
vt 0.670869 0.730701
vt 0.772022 0.402717
vt 0.779387 0.413137
vt 0.772900 0.415228
vt 0.767056 0.280331
vt 0.774763 0.280084
vt 0.774705 0.295682
vt 0.767141 0.295994
vt 0.598151 0.786955
vt 0.590032 0.793508
vt 0.590536 0.784107
vt 0.598401 0.777885
vt 0.959250 0.069292
vt 0.958394 0.083474
vt 0.947996 0.062335
vt 0.579133 0.863365
vt 0.584062 0.868355
vt 0.583208 0.873510
vt 0.578377 0.868232
vt 0.677369 0.487745
vt 0.676779 0.471666
vt 0.684596 0.470158
vt 0.685217 0.486241
vt 0.767210 0.311345
vt 0.662635 0.522310
vt 0.670119 0.505003
vt 0.670128 0.520757
vt 0.933115 0.191488
vt 0.943733 0.186442
vt 0.943368 0.203538
vt 0.932910 0.208387
vt 0.896892 0.114348
vt 0.904941 0.110817
vt 0.904908 0.125578
vt 0.896894 0.129154
vt 0.930056 0.835011
vt 0.920705 0.830832
vt 0.920630 0.814294
vt 0.930046 0.818706
vt 0.748508 0.412000
vt 0.747826 0.424403
vt 0.741844 0.423698
vt 0.742515 0.411132
vt 0.716850 0.751946
vt 0.720848 0.751498
vt 0.677798 0.503597
vt 0.685724 0.502367
vt 0.844745 0.189768
vt 0.837896 0.186972
vt 0.839191 0.171407
vt 0.845839 0.174150
vt 0.782465 0.264449
vt 0.774848 0.264301
vt 0.677923 0.519489
vt 0.677852 0.535493
vt 0.669871 0.536573
vt 0.662264 0.537993
vt 0.661824 0.553019
vt 0.669583 0.551857
vt 0.843740 0.221478
vt 0.836770 0.218879
vt 0.836951 0.202814
vt 0.843924 0.205589
vt 0.861205 0.957898
vt 0.859473 0.966860
vt 0.847290 0.954010
vt 0.849658 0.942740
vt 0.854787 0.382974
vt 0.863791 0.381671
vt 0.863776 0.387777
vt 0.854781 0.388943
vt 0.568976 0.870633
vt 0.572194 0.865245
vt 0.570913 0.870690
vt 0.569179 0.867043
vt 0.579007 0.283992
vt 0.579516 0.296937
vt 0.573052 0.304658
vt 0.572560 0.291414
vt 0.613821 0.757193
vt 0.606274 0.762613
vt 0.605885 0.752649
vt 0.612930 0.747596
vt 0.661038 0.459318
vt 0.660987 0.444287
vt 0.735447 0.435799
vt 0.735943 0.423505
vt 0.741429 0.435827
vt 0.685988 0.518642
vt 0.686058 0.534909
vt 0.565240 0.388226
vt 0.575852 0.390210
vt 0.575248 0.409749
vt 0.565247 0.405005
vt 0.875248 0.169539
vt 0.882713 0.172373
vt 0.882407 0.187787
vt 0.874884 0.185003
vt 0.677757 0.550899
vt 0.686077 0.550263
vt 0.677809 0.564673
vt 0.669488 0.565629
vt 0.752784 0.325215
vt 0.752674 0.338159
vt 0.746350 0.337987
vt 0.746349 0.325363
vt 0.782467 0.105223
vt 0.790049 0.105169
vt 0.790237 0.110212
vt 0.782623 0.110420
vt 0.661798 0.578280
vt 0.662332 0.588545
vt 0.654730 0.588929
vt 0.654389 0.578988
vt 0.662995 0.597839
vt 0.655153 0.597999
vt 0.683989 0.302436
vt 0.683471 0.318599
vt 0.726082 0.767381
vt 0.725669 0.778862
vt 0.723637 0.778220
vt 0.723921 0.767355
vt 0.686185 0.563736
vt 0.844948 0.383473
vt 0.834612 0.383559
vt 0.834609 0.379644
vt 0.844951 0.379540
vt 0.678062 0.576412
vt 0.669729 0.577437
vt 0.938304 0.671198
vt 0.938278 0.666290
vt 0.946483 0.668371
vt 0.946470 0.671254
vt 0.811155 0.431480
vt 0.817431 0.434854
vt 0.816789 0.451058
vt 0.810454 0.447913
vt 0.938344 0.678046
vt 0.946476 0.675675
vt 0.946477 0.682063
vt 0.561950 0.634699
vt 0.568829 0.630142
vt 0.569365 0.643649
vt 0.562529 0.648219
vt 0.663536 0.606460
vt 0.663751 0.614756
vt 0.655389 0.615084
vt 0.655435 0.606605
vt 0.766131 0.566597
vt 0.774230 0.574813
vt 0.773965 0.578802
vt 0.766071 0.570159
vt 0.534324 0.402911
vt 0.537686 0.413360
vt 0.534520 0.420428
vt 0.531329 0.411118
vt 0.875755 0.393077
vt 0.878227 0.392678
vt 0.878226 0.414880
vt 0.875809 0.415245
vt 0.755083 0.843744
vt 0.752166 0.861743
vt 0.747280 0.857101
vt 0.749856 0.838274
vt 0.759436 0.822430
vt 0.752510 0.817975
vt 0.539431 0.382730
vt 0.534947 0.387688
vt 0.532835 0.379957
vt 0.537039 0.373981
vt 0.896901 0.160526
vt 0.904858 0.156963
vt 0.904839 0.172960
vt 0.896920 0.176410
vt 0.748751 0.556594
vt 0.747957 0.544649
vt 0.754809 0.539839
vt 0.755868 0.550631
vt 0.792797 0.460633
vt 0.786862 0.460319
vt 0.786788 0.448170
vt 0.809307 0.056164
vt 0.817761 0.056637
vt 0.817824 0.062981
vt 0.809512 0.062619
vt 0.695787 0.656521
vt 0.693368 0.676385
vt 0.693594 0.656529
vt 0.686868 0.585490
vt 0.687298 0.595329
vt 0.679438 0.605771
vt 0.671437 0.606285
vt 0.661900 0.729548
vt 0.661894 0.745341
vt 0.653778 0.743211
vt 0.653781 0.727333
vt 0.913409 0.281443
vt 0.904992 0.284820
vt 0.904941 0.269275
vt 0.913378 0.265941
vt 0.893783 0.281903
vt 0.887371 0.280388
vt 0.746376 0.082158
vt 0.745662 0.073356
vt 0.744755 0.836461
vt 0.747034 0.817379
vt 0.747386 0.436318
vt 0.747133 0.448092
vt 0.741206 0.447857
vt 0.687674 0.604629
vt 0.679985 0.635840
vt 0.680002 0.641006
vt 0.679738 0.614241
vt 0.671746 0.614595
vt 0.851731 0.192407
vt 0.859031 0.195150
vt 0.858408 0.211144
vt 0.851011 0.208333
vt 0.698439 0.656512
vt 0.661864 0.808601
vt 0.661855 0.824395
vt 0.653783 0.822833
vt 0.653779 0.806968
vt 0.735745 0.224215
vt 0.735390 0.210533
vt 0.742220 0.208592
vt 0.742604 0.222313
vt 0.910962 0.889020
vt 0.910956 0.902593
vt 0.901078 0.898411
vt 0.901029 0.884658
vt 0.920650 0.918571
vt 0.910927 0.914776
vt 0.920705 0.906744
vt 0.634789 0.183005
vt 0.639275 0.180106
vt 0.797234 0.554752
vt 0.791676 0.551417
vt 0.792391 0.536464
vt 0.797910 0.538800
vt 0.720467 0.786471
vt 0.722712 0.786748
vt 0.760060 0.855035
vt 0.764815 0.868347
vt 0.762305 0.879263
vt 0.757203 0.869492
vt 0.537759 0.397497
vt 0.534949 0.387706
vt 0.539432 0.382748
vt 0.542203 0.394316
vt 0.663492 0.630091
vt 0.671807 0.629794
vt 0.879840 0.414622
vt 0.880848 0.414452
vt 0.881183 0.438694
vt 0.880192 0.438850
vt 0.763347 0.391126
vt 0.762235 0.403718
vt 0.755714 0.401032
vt 0.756692 0.388364
vt 0.755092 0.843764
vt 0.763993 0.843471
vt 0.880157 0.078288
vt 0.887327 0.080012
vt 0.887862 0.093681
vt 0.880607 0.091833
vt 0.669685 0.489243
vt 0.661871 0.792793
vt 0.653784 0.791036
vt 0.828563 0.969102
vt 0.817884 0.957011
vt 0.821021 0.945992
vt 0.577367 0.652813
vt 0.584605 0.647543
vt 0.585859 0.662505
vt 0.578542 0.667811
vt 0.572712 0.849139
vt 0.572658 0.852701
vt 0.791747 0.411377
vt 0.785722 0.411899
vt 0.791040 0.398537
vt 0.825979 0.063350
vt 0.834189 0.063875
vt 0.834096 0.071331
vt 0.825904 0.070648
vt 0.739349 0.298817
vt 0.738612 0.283920
vt 0.745119 0.282239
vt 0.745685 0.297237
vt 0.603104 0.682989
vt 0.663096 0.646255
vt 0.671700 0.645756
vt 0.571685 0.788734
vt 0.565956 0.791981
vt 0.565726 0.780707
vt 0.571685 0.777293
vt 0.579702 0.859235
vt 0.575916 0.856901
vt 0.576214 0.853069
vt 0.580320 0.855506
vt 0.663691 0.622736
vt 0.654702 0.630860
vt 0.655101 0.623296
vt 0.854755 0.593925
vt 0.863704 0.593160
vt 0.863705 0.607959
vt 0.854752 0.608750
vt 0.774311 0.815905
vt 0.775810 0.838115
vt 0.769430 0.838910
vt 0.767193 0.817608
vt 0.797015 0.114122
vt 0.790548 0.114319
vt 0.796662 0.109968
vt 0.566193 0.435199
vt 0.565096 0.446782
vt 0.558982 0.436592
vt 0.680030 0.645416
vt 0.680059 0.649559
vt 0.671719 0.649897
vt 0.688283 0.645086
vt 0.688300 0.649254
vt 0.797454 0.117952
vt 0.790927 0.118083
vt 0.688259 0.640690
vt 0.782147 0.813144
vt 0.782862 0.837563
vt 0.934987 0.094930
vt 0.934618 0.109671
vt 0.923876 0.100763
vt 0.924096 0.087253
vt 0.790510 0.836253
vt 0.791245 0.861666
vt 0.784584 0.861470
vt 0.910492 0.809522
vt 0.900034 0.804674
vt 0.910287 0.792624
vt 0.790486 0.234311
vt 0.783176 0.218806
vt 0.790773 0.219558
vt 0.761182 0.416069
vt 0.760270 0.427862
vt 0.754030 0.425765
vt 0.754796 0.413599
vt 0.556103 0.398860
vt 0.557687 0.413667
vt 0.782040 0.585622
vt 0.774749 0.569080
vt 0.782424 0.578707
vt 0.548231 0.394269
vt 0.546222 0.377692
vt 0.555673 0.383408
vt 0.839191 0.729296
vt 0.777967 0.890196
vt 0.780974 0.879499
vt 0.680655 0.794067
vt 0.680645 0.809794
vt 0.670824 0.809455
vt 0.670834 0.793715
vt 0.676964 0.359256
vt 0.683828 0.357718
vt 0.774576 0.885915
vt 0.775886 0.875858
vt 0.554793 0.429518
vt 0.559031 0.426607
vt 0.773720 0.892055
vt 0.769359 0.880997
vt 0.771955 0.875626
vt 0.766572 0.218682
vt 0.766709 0.233410
vt 0.758449 0.234102
vt 0.758151 0.219468
vt 0.766580 0.218678
vt 0.775029 0.218494
vt 0.766713 0.233406
vt 0.834284 0.052218
vt 0.834245 0.057454
vt 0.826007 0.057001
vt 0.826031 0.051837
vt 0.680625 0.841261
vt 0.680614 0.856865
vt 0.670795 0.856539
vt 0.670803 0.840949
vt 0.766190 0.181509
vt 0.774912 0.192270
vt 0.766316 0.192684
vt 0.750527 0.235270
vt 0.751027 0.250384
vt 0.743797 0.251765
vt 0.743152 0.236805
vt 0.765390 0.120137
vt 0.765451 0.124454
vt 0.756282 0.125139
vt 0.866638 0.197971
vt 0.859781 0.179307
vt 0.867240 0.182082
vt 0.661876 0.776971
vt 0.670842 0.777948
vt 0.824457 0.105838
vt 0.832823 0.107386
vt 0.832413 0.117761
vt 0.824009 0.116392
vt 0.832112 0.129126
vt 0.823741 0.128125
vt 0.752409 0.296483
vt 0.752684 0.311246
vt 0.746113 0.311711
vt 0.679899 0.622188
vt 0.679967 0.629489
vt 0.671840 0.622495
vt 0.765614 0.136131
vt 0.765719 0.143852
vt 0.756766 0.144383
vt 0.756513 0.136712
vt 0.823797 0.173293
vt 0.831857 0.174201
vt 0.831573 0.190468
vt 0.823651 0.189178
vt 0.695180 0.722583
vt 0.693209 0.722582
vt 0.693254 0.698402
vt 0.766307 0.192688
vt 0.766436 0.205015
vt 0.757910 0.205807
vt 0.757739 0.193398
vt 0.854749 0.633000
vt 0.844933 0.633259
vt 0.844933 0.622307
vt 0.854752 0.622021
vt 0.765523 0.129619
vt 0.756338 0.130261
vt 0.571914 0.481308
vt 0.574082 0.495144
vt 0.565872 0.501157
vt 0.564076 0.488212
vt 0.822724 0.281993
vt 0.830143 0.282150
vt 0.830392 0.296911
vt 0.823203 0.296361
vt 0.830378 0.310248
vt 0.823400 0.309167
vt 0.759556 0.438982
vt 0.759035 0.449852
vt 0.753114 0.448734
vt 0.753483 0.437354
vt 0.680685 0.746872
vt 0.680675 0.762599
vt 0.670852 0.762194
vt 0.670862 0.746441
vt 0.822632 0.333456
vt 0.829494 0.335047
vt 0.829023 0.347454
vt 0.822131 0.346242
vt 0.828856 0.359959
vt 0.821976 0.359388
vt 0.740741 0.098920
vt 0.740487 0.093903
vt 0.822327 0.374098
vt 0.829087 0.374149
vt 0.829584 0.390310
vt 0.822986 0.390374
vt 0.830057 0.407040
vt 0.823617 0.406749
vt 0.749367 0.399301
vt 0.750276 0.386595
vt 0.809785 0.316624
vt 0.816431 0.319159
vt 0.815787 0.331514
vt 0.809075 0.329016
vt 0.680729 0.671564
vt 0.680721 0.684945
vt 0.670896 0.684502
vt 0.670907 0.671122
vt 0.829213 0.471982
vt 0.823166 0.452976
vt 0.829527 0.454062
vt 0.829353 0.493253
vt 0.830174 0.519627
vt 0.824022 0.520397
vt 0.706357 0.680646
vt 0.705996 0.656496
vt 0.831517 0.549007
vt 0.833027 0.577691
vt 0.834353 0.601794
vt 0.827985 0.603361
vt 0.881347 0.290879
vt 0.887778 0.292951
vt 0.888412 0.304518
vt 0.882222 0.302274
vt 0.770645 0.908831
vt 0.765481 0.899474
vt 0.767382 0.889734
vt 0.772395 0.900278
vt 0.668896 0.427253
vt 0.709082 0.817995
vt 0.708292 0.797181
vt 0.711403 0.797325
vt 0.711932 0.818143
vt 0.844710 0.265117
vt 0.837818 0.262793
vt 0.837615 0.249516
vt 0.844441 0.251802
vt 0.605495 0.552141
vt 0.612124 0.547011
vt 0.612807 0.559412
vt 0.606054 0.564546
vt 0.576512 0.638488
vt 0.583747 0.633193
vt 0.783497 0.127791
vt 0.791399 0.127126
vt 0.791276 0.133514
vt 0.783429 0.134210
vt 0.815421 0.127104
vt 0.823671 0.141893
vt 0.815498 0.140872
vt 0.817727 0.419979
vt 0.823904 0.422134
vt 0.823675 0.436921
vt 0.817314 0.404687
vt 0.909468 0.742451
vt 0.920114 0.748103
vt 0.920280 0.764428
vt 0.909775 0.758945
vt 0.582266 0.529533
vt 0.589656 0.524555
vt 0.589835 0.537414
vt 0.872025 0.062805
vt 0.872413 0.076119
vt 0.864416 0.073618
vt 0.780939 0.486617
vt 0.786987 0.487734
vt 0.786929 0.502898
vt 0.780686 0.500982
vt 0.639908 0.102385
vt 0.642213 0.127267
vt 0.754911 0.883642
vt 0.752864 0.896387
vt 0.942324 0.297276
vt 0.951727 0.293321
vt 0.951658 0.306327
vt 0.942299 0.309884
vt 0.604796 0.713714
vt 0.605195 0.728157
vt 0.814656 0.265423
vt 0.822205 0.266826
vt 0.815480 0.280436
vt 0.814160 0.250385
vt 0.821926 0.251849
vt 0.571337 0.672948
vt 0.572616 0.688268
vt 0.565708 0.692848
vt 0.854765 0.452358
vt 0.844943 0.452761
vt 0.844945 0.437157
vt 0.854768 0.436755
vt 0.773711 0.427174
vt 0.780035 0.425403
vt 0.780486 0.437072
vt 0.774355 0.438398
vt 0.780982 0.472845
vt 0.775129 0.472555
vt 0.775063 0.460539
vt 0.780922 0.460273
vt 0.814281 0.235210
vt 0.822088 0.236798
vt 0.841971 0.065109
vt 0.835294 0.062253
vt 0.835868 0.049625
vt 0.842315 0.052345
vt 0.792296 0.423993
vt 0.798195 0.424129
vt 0.769591 0.544948
vt 0.776854 0.551947
vt 0.775650 0.561489
vt 0.767867 0.553204
vt 0.766961 0.264512
vt 0.767070 0.280334
vt 0.759382 0.280663
vt 0.759092 0.264978
vt 0.816219 0.104842
vt 0.815677 0.115303
vt 0.816866 0.095287
vt 0.824966 0.096098
vt 0.697061 0.862196
vt 0.702530 0.869358
vt 0.700185 0.889846
vt 0.693726 0.884481
vt 0.880500 0.264872
vt 0.661886 0.761149
vt 0.817848 0.070278
vt 0.853357 0.161348
vt 0.860348 0.163916
vt 0.852645 0.176710
vt 0.817730 0.051430
vt 0.750085 0.220707
vt 0.749750 0.207014
vt 0.767329 0.326333
vt 0.767207 0.341084
vt 0.759582 0.339184
vt 0.759782 0.325704
vt 0.854755 0.578336
vt 0.863709 0.577573
vt 0.643452 0.233927
vt 0.638575 0.236423
vt 0.637416 0.223146
vt 0.642256 0.219886
vt 0.553165 0.420813
vt 0.552204 0.431389
vt 0.907243 0.659386
vt 0.906884 0.650346
vt 0.918654 0.658193
vt 0.778258 0.901344
vt 0.809180 0.050912
vt 0.531518 0.394175
vt 0.529459 0.387081
vt 0.799820 0.036773
vt 0.809117 0.037895
vt 0.809124 0.042302
vt 0.799876 0.041203
vt 0.817743 0.078175
vt 0.817424 0.086479
vt 0.809524 0.086242
vt 0.808974 0.094857
vt 0.807535 0.126058
vt 0.807747 0.139650
vt 0.816004 0.171965
vt 0.808516 0.170354
vt 0.808164 0.154675
vt 0.815769 0.156153
vt 0.814983 0.870483
vt 0.812228 0.884596
vt 0.786630 0.518161
vt 0.780138 0.515232
vt 0.795842 0.281811
vt 0.789194 0.280605
vt 0.789638 0.265064
vt 0.796436 0.266216
vt 0.808109 0.201882
vt 0.815523 0.203464
vt 0.814847 0.219421
vt 0.807415 0.217701
vt 0.790090 0.249551
vt 0.797002 0.250690
vt 0.800039 0.937312
vt 0.796987 0.947846
vt 0.793838 0.943435
vt 0.933357 0.174588
vt 0.922984 0.179848
vt 0.923122 0.163293
vt 0.933626 0.157810
vt 0.807431 0.263118
vt 0.808474 0.277788
vt 0.816263 0.294570
vt 0.809475 0.291747
vt 0.888105 0.748419
vt 0.898799 0.753517
vt 0.598509 0.557456
vt 0.597639 0.544963
vt 0.604402 0.539849
vt 0.701330 0.676360
vt 0.701038 0.698398
vt 0.808401 0.341787
vt 0.815160 0.344376
vt 0.815006 0.357705
vt 0.808284 0.354987
vt 0.616987 0.454823
vt 0.609649 0.458921
vt 0.610138 0.443053
vt 0.617482 0.439030
vt 0.815558 0.372466
vt 0.816466 0.388546
vt 0.811049 0.400957
vt 0.811516 0.416311
vt 0.821811 0.603681
vt 0.816055 0.602633
vt 0.815586 0.577285
vt 0.797604 0.411458
vt 0.932446 0.301458
vt 0.922697 0.305608
vt 0.922665 0.292174
vt 0.932440 0.287885
vt 0.810642 0.489450
vt 0.810094 0.466789
vt 0.700401 0.940699
vt 0.698968 0.913633
vt 0.841302 0.757055
vt 0.846011 0.760124
vt 0.842503 0.774307
vt 0.837948 0.771354
vt 0.560768 0.569183
vt 0.554458 0.572448
vt 0.554288 0.558965
vt 0.560529 0.555754
vt 0.611446 0.708859
vt 0.618040 0.704326
vt 0.618339 0.718981
vt 0.611796 0.723376
vt 0.810882 0.600005
vt 0.810531 0.573925
vt 0.878356 0.328245
vt 0.871027 0.324336
vt 0.870119 0.315360
vt 0.877572 0.319172
vt 0.806864 0.512588
vt 0.808980 0.543514
vt 0.663574 0.149016
vt 0.717456 0.788599
vt 0.804057 0.443358
vt 0.803974 0.462280
vt 0.560983 0.582726
vt 0.894803 0.316458
vt 0.889058 0.315167
vt 0.894395 0.305856
vt 0.804733 0.395412
vt 0.805088 0.410985
vt 0.599682 0.387765
vt 0.608045 0.386312
vt 0.604109 0.409625
vt 0.595348 0.411825
vt 0.588212 0.830630
vt 0.801991 0.351584
vt 0.583347 0.568406
vt 0.533723 0.341509
vt 0.529550 0.348640
vt 0.525260 0.332692
vt 0.528811 0.326030
vt 0.825730 0.078590
vt 0.790635 0.937406
vt 0.883147 0.312778
vt 0.889526 0.324968
vt 0.883927 0.322518
vt 0.880026 0.350352
vt 0.873239 0.346999
vt 0.800746 0.260058
vt 0.801793 0.274081
vt 0.799970 0.231479
vt 0.806839 0.233309
vt 0.806769 0.248334
vt 0.800025 0.246010
vt 0.801378 0.184373
vt 0.808559 0.186108
vt 0.800980 0.200375
vt 0.550953 0.497995
vt 0.557034 0.493563
vt 0.558516 0.506212
vt 0.552191 0.510296
vt 0.697958 0.819688
vt 0.695247 0.797642
vt 0.697716 0.797649
vt 0.778122 0.540989
vt 0.785135 0.546568
vt 0.784117 0.558959
vt 0.891744 0.907462
vt 0.883421 0.904339
vt 0.883341 0.890998
vt 0.891675 0.894456
vt 0.567405 0.551815
vt 0.897031 0.240188
vt 0.904872 0.237449
vt 0.904906 0.253444
vt 0.897068 0.256056
vt 0.800295 0.124939
vt 0.655465 0.524223
vt 0.731243 0.868423
vt 0.733067 0.852708
vt 0.737810 0.853550
vt 0.735922 0.869696
vt 0.801426 0.086035
vt 0.801134 0.094635
vt 0.871788 0.560292
vt 0.863715 0.561821
vt 0.863715 0.546028
vt 0.871802 0.544429
vt 0.633358 0.159028
vt 0.637515 0.156282
vt 0.554032 0.546019
vt 0.560270 0.542786
vt 0.942373 0.283523
vt 0.802990 0.715214
vt 0.802754 0.729165
vt 0.792962 0.744090
vt 0.793729 0.729279
vt 0.783142 0.910021
vt 0.576067 0.624994
vt 0.786290 0.424373
vt 0.872302 0.393638
vt 0.872400 0.415759
vt 0.786923 0.473399
vt 0.790284 0.385728
vt 0.758505 0.472950
vt 0.758512 0.485897
vt 0.752623 0.486514
vt 0.752700 0.472893
vt 0.693254 0.797647
vt 0.691343 0.797646
vt 0.691321 0.773466
vt 0.693209 0.773466
vt 0.872813 0.439926
vt 0.876206 0.439436
vt 0.876779 0.464832
vt 0.873387 0.465314
vt 0.884152 0.670427
vt 0.895406 0.663470
vt 0.896021 0.676283
vt 0.885008 0.684609
vt 0.680735 0.660420
vt 0.691063 0.660510
vt 0.691056 0.671655
vt 0.844946 0.389385
vt 0.854773 0.397363
vt 0.844946 0.397767
vt 0.749295 0.172329
vt 0.749430 0.182907
vt 0.741950 0.184009
vt 0.741855 0.173113
vt 0.734714 0.154866
vt 0.734171 0.146327
vt 0.740648 0.145240
vt 0.610514 0.425751
vt 0.602507 0.429659
vt 0.611863 0.406198
vt 0.782831 0.896554
vt 0.788508 0.903320
vt 0.788250 0.918439
vt 0.933934 0.141316
vt 0.923288 0.146968
vt 0.934261 0.125215
vt 0.784358 0.058846
vt 0.792635 0.059453
vt 0.791773 0.072436
vt 0.783811 0.072441
vt 0.572945 0.832152
vt 0.568370 0.834625
vt 0.567715 0.828059
vt 0.572490 0.825424
vt 0.889751 0.146218
vt 0.882589 0.143926
vt 0.882176 0.130862
vt 0.889407 0.133091
vt 0.871855 0.464803
vt 0.863735 0.466982
vt 0.863740 0.451230
vt 0.871865 0.449022
vt 0.806142 0.912004
vt 0.803038 0.925125
vt 0.661595 0.566615
vt 0.590626 0.614430
vt 0.583436 0.619623
vt 0.790492 0.951875
vt 0.742512 0.854745
vt 0.843505 0.304055
vt 0.834937 0.301202
vt 0.835693 0.292771
vt 0.843780 0.295483
vt 0.767294 0.795575
vt 0.774338 0.794116
vt 0.661906 0.713794
vt 0.653780 0.711551
vt 0.603986 0.604625
vt 0.610298 0.600256
vt 0.610011 0.614407
vt 0.603824 0.618804
vt 0.661592 0.474937
vt 0.669032 0.473274
vt 0.661913 0.698203
vt 0.661919 0.683362
vt 0.834613 0.452811
vt 0.834614 0.437207
vt 0.567256 0.467957
vt 0.560968 0.474783
vt 0.661931 0.669995
vt 0.661936 0.658784
vt 0.670911 0.659964
vt 0.793403 0.956372
vt 0.788513 0.963337
vt 0.785901 0.958497
vt 0.844939 0.499953
vt 0.834610 0.500004
vt 0.834611 0.484278
vt 0.844940 0.484227
vt 0.526828 0.371467
vt 0.527977 0.380177
vt 0.525043 0.390648
vt 0.606385 0.488726
vt 0.599111 0.493236
vt 0.608287 0.474059
vt 0.823437 0.841432
vt 0.828218 0.841668
vt 0.826084 0.856199
vt 0.820991 0.856166
vt 0.811051 0.942577
vt 0.807630 0.953885
vt 0.801078 0.951103
vt 0.804375 0.940245
vt 0.803625 0.963672
vt 0.797187 0.960115
vt 0.610944 0.628650
vt 0.604722 0.633218
vt 0.810023 0.304499
vt 0.816665 0.307246
vt 0.597124 0.703582
vt 0.589836 0.708795
vt 0.588669 0.693351
vt 0.596022 0.688086
vt 0.768694 0.774722
vt 0.770435 0.755950
vt 0.776991 0.755234
vt 0.775453 0.773668
vt 0.799955 0.045394
vt 0.809135 0.046459
vt 0.800099 0.049893
vt 0.871895 0.757666
vt 0.879393 0.761170
vt 0.880193 0.778529
vt 0.872875 0.775113
vt 0.523716 0.382866
vt 0.525860 0.357045
vt 0.684013 0.238660
vt 0.522352 0.369477
vt 0.691049 0.685036
vt 0.522488 0.338208
vt 0.760177 0.890969
vt 0.691022 0.731237
vt 0.691012 0.746965
vt 0.737028 0.253551
vt 0.736316 0.238631
vt 0.751121 0.374176
vt 0.751820 0.362205
vt 0.758432 0.363766
vt 0.757622 0.375893
vt 0.522409 0.305778
vt 0.722669 0.797998
vt 0.724649 0.788050
vt 0.726433 0.789420
vt 0.724428 0.799828
vt 0.844216 0.286502
vt 0.836632 0.283911
vt 0.837441 0.274103
vt 0.844597 0.276556
vt 0.522343 0.272165
vt 0.524860 0.302145
vt 0.522343 0.239233
vt 0.524516 0.269470
vt 0.825422 0.087055
vt 0.833653 0.088261
vt 0.833265 0.097554
vt 0.706465 0.072433
vt 0.709023 0.066352
vt 0.713386 0.077081
vt 0.709772 0.087570
vt 0.737821 0.268707
vt 0.744473 0.266989
vt 0.844942 0.468488
vt 0.834612 0.468551
vt 0.858136 0.227092
vt 0.850788 0.224260
vt 0.814682 0.966513
vt 0.834615 0.422353
vt 0.844946 0.422301
vt 0.680665 0.778340
vt 0.879902 0.392391
vt 0.880965 0.392209
vt 0.896931 0.070118
vt 0.896921 0.067235
vt 0.905124 0.065154
vt 0.905098 0.070063
vt 0.800350 0.055234
vt 0.824136 0.933809
vt 0.691003 0.762692
vt 0.690993 0.778420
vt 0.844937 0.547143
vt 0.834608 0.547182
vt 0.834608 0.531456
vt 0.844938 0.531418
vt 0.854761 0.515341
vt 0.844938 0.515692
vt 0.854762 0.499588
vt 0.691403 0.676383
vt 0.691343 0.698408
vt 0.661834 0.870537
vt 0.661843 0.855738
vt 0.670785 0.871365
vt 0.653773 0.868980
vt 0.661828 0.883824
vt 0.653766 0.882265
vt 0.871758 0.630849
vt 0.863697 0.632278
vt 0.863700 0.621244
vt 0.871762 0.619719
vt 0.654350 0.567678
vt 0.535223 0.256879
vt 0.530194 0.230938
vt 0.534144 0.226917
vt 0.536367 0.286475
vt 0.531053 0.261635
vt 0.538343 0.334774
vt 0.661851 0.840149
vt 0.670813 0.825208
vt 0.691403 0.819672
vt 0.834607 0.594251
vt 0.844936 0.594211
vt 0.844936 0.609036
vt 0.834607 0.609076
vt 0.814160 0.929822
vt 0.807472 0.927758
vt 0.809262 0.898418
vt 0.813125 0.900191
vt 0.810306 0.914194
vt 0.834607 0.578648
vt 0.844936 0.578608
vt 0.749553 0.194419
vt 0.610805 0.534901
vt 0.680588 0.895918
vt 0.680596 0.884964
vt 0.690923 0.885047
vt 0.690916 0.896000
vt 0.834607 0.562922
vt 0.844936 0.562882
vt 0.684105 0.454793
vt 0.680635 0.825534
vt 0.817784 0.038463
vt 0.817762 0.042884
vt 0.568919 0.858384
vt 0.572666 0.856597
vt 0.572630 0.860744
vt 0.569167 0.862662
vt 0.653763 0.893396
vt 0.661826 0.894859
vt 0.765266 0.111614
vt 0.765332 0.116075
vt 0.756382 0.112460
vt 0.756852 0.560067
vt 0.757570 0.567839
vt 0.749926 0.575563
vt 0.749457 0.566997
vt 0.817551 0.856053
vt 0.858192 0.242603
vt 0.850964 0.239794
vt 0.834609 0.515730
vt 0.577260 0.828810
vt 0.577277 0.834690
vt 0.573199 0.837712
vt 0.600071 0.289104
vt 0.599472 0.282431
vt 0.945627 0.119513
vt 0.945100 0.135716
vt 0.884414 0.331572
vt 0.889665 0.333979
vt 0.889597 0.342073
vt 0.884693 0.339809
vt 0.531345 0.372573
vt 0.530323 0.363237
vt 0.758685 0.460999
vt 0.752868 0.460417
vt 0.690983 0.794147
vt 0.840484 0.715349
vt 0.834142 0.710730
vt 0.845477 0.712552
vt 0.843336 0.727020
vt 0.869729 0.723353
vt 0.878518 0.743945
vt 0.870850 0.740354
vt 0.611452 0.260657
vt 0.617543 0.263260
vt 0.834606 0.633299
vt 0.834606 0.622347
vt 0.605298 0.267163
vt 0.611732 0.268634
vt 0.598989 0.274193
vt 0.605721 0.275106
vt 0.690952 0.841343
vt 0.690942 0.856948
vt 0.690973 0.809875
vt 0.690963 0.825616
vt 0.680605 0.871692
vt 0.690932 0.871775
vt 0.834615 0.408972
vt 0.844945 0.408917
vt 0.691040 0.699891
vt 0.691031 0.715496
vt 0.878600 0.439086
vt 0.879165 0.464494
vt 0.834615 0.397828
vt 0.592550 0.281603
vt 0.568411 0.723147
vt 0.561866 0.727009
vt 0.560458 0.712026
vt 0.567049 0.708130
vt 0.586038 0.289219
vt 0.592983 0.290275
vt 0.586363 0.298285
vt 0.780765 0.448520
vt 0.854763 0.468098
vt 0.746968 0.460176
vt 0.854763 0.483837
vt 0.765436 0.366305
vt 0.764437 0.378588
vt 0.854759 0.531107
vt 0.854758 0.546845
vt 0.670779 0.884638
vt 0.854755 0.562597
vt 0.688095 0.621569
vt 0.688179 0.629028
vt 0.579734 0.306197
vt 0.783170 0.192217
vt 0.783239 0.204949
vt 0.775000 0.204748
vt 0.573248 0.313875
vt 0.566736 0.312360
vt 0.774712 0.569324
vt 0.766262 0.560025
vt 0.643390 0.177742
vt 0.641261 0.153949
vt 0.644651 0.151941
vt 0.647079 0.175720
vt 0.560637 0.320064
vt 0.567026 0.321356
vt 0.759337 0.512227
vt 0.760318 0.524133
vt 0.753847 0.527807
vt 0.753132 0.514629
vt 0.740334 0.326461
vt 0.739950 0.313096
vt 0.687937 0.613371
vt 0.776910 0.935831
vt 0.772841 0.926491
vt 0.774031 0.105632
vt 0.774152 0.110949
vt 0.817737 0.047024
vt 0.863750 0.396223
vt 0.829694 0.252449
vt 0.829830 0.266999
vt 0.540000 0.359503
vt 0.541951 0.367451
vt 0.790625 0.180661
vt 0.763292 0.909284
vt 0.758085 0.902237
vt 0.762545 0.775497
vt 0.764421 0.756875
vt 0.816628 0.914847
vt 0.814021 0.928517
vt 0.871892 0.418647
vt 0.871907 0.405266
vt 0.871881 0.433446
vt 0.863742 0.435640
vt 0.621094 0.752270
vt 0.622472 0.760623
vt 0.614715 0.765831
vt 0.709677 0.837295
vt 0.706211 0.837107
vt 0.705473 0.817784
vt 0.744237 0.385687
vt 0.745043 0.373376
vt 0.823747 0.157294
vt 0.797904 0.133517
vt 0.798024 0.127130
vt 0.871774 0.591649
vt 0.871781 0.576086
vt 0.819165 0.900617
vt 0.815857 0.885781
vt 0.821596 0.885969
vt 0.871966 0.385482
vt 0.818474 0.871031
vt 0.823895 0.871068
vt 0.895028 0.367489
vt 0.890555 0.366661
vt 0.890180 0.363205
vt 0.894681 0.364070
vt 0.629184 0.083857
vt 0.625225 0.086250
vt 0.567013 0.820452
vt 0.572013 0.817646
vt 0.872027 0.374691
vt 0.863820 0.374905
vt 0.872049 0.371810
vt 0.889776 0.359457
vt 0.894349 0.360383
vt 0.667743 0.058823
vt 0.665055 0.049409
vt 0.671912 0.046321
vt 0.673262 0.052047
vt 0.880751 0.464272
vt 0.737066 0.818227
vt 0.741968 0.817877
vt 0.831333 0.799331
vt 0.835704 0.801381
vt 0.832848 0.814430
vt 0.828483 0.813106
vt 0.766447 0.205011
vt 0.661680 0.059952
vt 0.669827 0.071590
vt 0.664305 0.073501
vt 0.838995 0.788078
vt 0.834558 0.785418
vt 0.686471 0.575108
vt 0.834613 0.389452
vt 0.691321 0.722582
vt 0.766838 0.248767
vt 0.561109 0.328851
vt 0.592936 0.450728
vt 0.601967 0.447395
vt 0.758014 0.579809
vt 0.766034 0.572300
vt 0.682654 0.089749
vt 0.682998 0.072819
vt 0.690085 0.075226
vt 0.688998 0.091722
vt 0.871926 0.394206
vt 0.863751 0.396306
vt 0.876204 0.372810
vt 0.946502 0.761662
vt 0.938544 0.758098
vt 0.938523 0.742263
vt 0.946509 0.745874
vt 0.889927 0.800022
vt 0.880927 0.795873
vt 0.752343 0.350342
vt 0.745682 0.361551
vt 0.746122 0.349899
vt 0.757045 0.152931
vt 0.757292 0.162130
vt 0.863809 0.377531
vt 0.854797 0.378985
vt 0.854807 0.376497
vt 0.841610 0.700997
vt 0.847356 0.698303
vt 0.880571 0.372029
vt 0.881736 0.371810
vt 0.628790 0.280669
vt 0.627358 0.266203
vt 0.632647 0.264726
vt 0.623724 0.280233
vt 0.765722 0.143849
vt 0.774693 0.142941
vt 0.765834 0.152456
vt 0.847786 0.697047
vt 0.548220 0.394275
vt 0.550758 0.408436
vt 0.824249 0.715079
vt 0.834157 0.696939
vt 0.742652 0.596525
vt 0.743060 0.590274
vt 0.800599 0.138063
vt 0.801028 0.152757
vt 0.855846 0.353352
vt 0.855974 0.357850
vt 0.845341 0.353944
vt 0.803636 0.775367
vt 0.802082 0.760820
vt 0.813266 0.737523
vt 0.814351 0.750256
vt 0.559936 0.530397
vt 0.567015 0.526139
vt 0.567182 0.538668
vt 0.938549 0.822480
vt 0.938531 0.838585
vt 0.735042 0.835705
vt 0.739874 0.835991
vt 0.589221 0.385012
vt 0.601825 0.355775
vt 0.608094 0.359817
vt 0.678041 0.285944
vt 0.671735 0.287959
vt 0.845009 0.340668
vt 0.835188 0.337460
vt 0.835057 0.332076
vt 0.844711 0.335220
vt 0.881641 0.118073
vt 0.888938 0.120199
vt 0.815975 0.187712
vt 0.792579 0.804725
vt 0.584185 0.743081
vt 0.584513 0.756370
vt 0.653775 0.695973
vt 0.760751 0.796511
vt 0.596845 0.532380
vt 0.603390 0.527439
vt 0.590428 0.550212
vt 0.591089 0.562950
vt 0.615080 0.359391
vt 0.553640 0.533820
vt 0.734353 0.884058
vt 0.740475 0.871381
vt 0.738800 0.885907
vt 0.871767 0.606434
vt 0.623824 0.331103
vt 0.617995 0.330820
vt 0.823975 0.701630
vt 0.813113 0.723453
vt 0.736405 0.603154
vt 0.737129 0.596053
vt 0.604156 0.698482
vt 0.610901 0.693539
vt 0.895022 0.326222
vt 0.858070 0.973989
vt 0.857045 0.979154
vt 0.575794 0.586710
vt 0.568219 0.591749
vt 0.582145 0.830595
vt 0.588591 0.825302
vt 0.659109 0.265936
vt 0.658520 0.249170
vt 0.593675 0.432357
vt 0.584332 0.432109
vt 0.585609 0.411878
vt 0.567195 0.538839
vt 0.574902 0.427826
vt 0.583467 0.450548
vt 0.574418 0.444242
vt 0.662636 0.337606
vt 0.786025 0.532893
vt 0.527454 0.265894
vt 0.524251 0.237187
vt 0.851962 0.279334
vt 0.682692 0.062061
vt 0.676150 0.071485
vt 0.674906 0.059809
vt 0.682077 0.055442
vt 0.891561 0.880482
vt 0.930048 0.851166
vt 0.920753 0.847153
vt 0.946371 0.841323
vt 0.946415 0.825386
vt 0.728057 0.767155
vt 0.727552 0.779466
vt 0.929470 0.693884
vt 0.938462 0.711953
vt 0.929577 0.707310
vt 0.575885 0.599440
vt 0.568376 0.604555
vt 0.968184 0.225540
vt 0.961276 0.228732
vt 0.961833 0.211900
vt 0.968854 0.208632
vt 0.583659 0.581256
vt 0.591465 0.575625
vt 0.582630 0.516534
vt 0.590378 0.511696
vt 0.589784 0.524800
vt 0.582312 0.529434
vt 0.605692 0.577384
vt 0.598717 0.582763
vt 0.598970 0.569980
vt 0.612381 0.572490
vt 0.833919 0.683074
vt 0.863228 0.654729
vt 0.862930 0.669569
vt 0.855858 0.667141
vt 0.855583 0.652696
vt 0.848574 0.653141
vt 0.604807 0.590780
vt 0.611317 0.586196
vt 0.841316 0.657986
vt 0.598061 0.595880
vt 0.575915 0.612087
vt 0.568536 0.617234
vt 0.833126 0.669501
vt 0.790843 0.565185
vt 0.556039 0.651873
vt 0.555462 0.638301
vt 0.782092 0.595288
vt 0.773854 0.581532
vt 0.781967 0.590982
vt 0.561586 0.621759
vt 0.615818 0.782462
vt 0.606812 0.788970
vt 0.606808 0.780325
vt 0.615428 0.774120
vt 0.597487 0.609415
vt 0.597468 0.623371
vt 0.590781 0.628159
vt 0.661666 0.429503
vt 0.662728 0.414836
vt 0.591258 0.498107
vt 0.597713 0.507050
vt 0.808691 0.811001
vt 0.629559 0.330603
vt 0.621589 0.357720
vt 0.615321 0.383598
vt 0.546224 0.377674
vt 0.611019 0.499422
vt 0.604563 0.502820
vt 0.613159 0.485077
vt 0.665947 0.276285
vt 0.659511 0.281563
vt 0.890813 0.833814
vt 0.900599 0.838221
vt 0.900799 0.854386
vt 0.891145 0.850052
vt 0.541336 0.425197
vt 0.864634 0.086779
vt 0.856572 0.083872
vt 0.784404 0.752184
vt 0.748275 0.144729
vt 0.747887 0.137182
vt 0.706658 0.703949
vt 0.570221 0.657985
vt 0.786665 0.929544
vt 0.628725 0.162155
vt 0.629909 0.186393
vt 0.796879 0.398596
vt 0.598343 0.637779
vt 0.591640 0.642533
vt 0.746786 0.517114
vt 0.747251 0.531420
vt 0.741098 0.534545
vt 0.740762 0.519303
vt 0.631881 0.133765
vt 0.627508 0.136640
vt 0.543967 0.342541
vt 0.549241 0.335204
vt 0.797466 0.235421
vt 0.797776 0.220686
vt 0.597528 0.804342
vt 0.589257 0.811046
vt 0.589606 0.802537
vt 0.597857 0.795841
vt 0.593006 0.657402
vt 0.782376 0.099418
vt 0.789833 0.099588
vt 0.825286 0.797035
vt 0.825268 0.812389
vt 0.821983 0.795897
vt 0.768273 0.917456
vt 0.583471 0.728841
vt 0.576401 0.733494
vt 0.575254 0.718784
vt 0.582453 0.713923
vt 0.790889 0.205607
vt 0.654571 0.476419
vt 0.654162 0.461096
vt 0.758670 0.759767
vt 0.747966 0.108471
vt 0.747983 0.113608
vt 0.740517 0.114821
vt 0.740546 0.109868
vt 0.867688 0.166633
vt 0.594573 0.672653
vt 0.587286 0.677842
vt 0.765528 0.129617
vt 0.774729 0.128718
vt 0.774739 0.135209
vt 0.765618 0.136129
vt 0.773963 0.099745
vt 0.773966 0.093704
vt 0.753083 0.763862
vt 0.747711 0.767758
vt 0.852970 0.316203
vt 0.862353 0.320233
vt 0.863134 0.328694
vt 0.853559 0.324608
vt 0.786625 0.436345
vt 0.896927 0.074540
vt 0.905058 0.076910
vt 0.823163 0.321099
vt 0.756328 0.107078
vt 0.756374 0.112422
vt 0.966780 0.287168
vt 0.960061 0.289863
vt 0.960224 0.275677
vt 0.966933 0.272810
vt 0.751540 0.265771
vt 0.737360 0.577857
vt 0.736977 0.565652
vt 0.742310 0.561866
vt 0.742841 0.573300
vt 0.746818 0.473152
vt 0.740941 0.473550
vt 0.741072 0.460248
vt 0.573956 0.703638
vt 0.581224 0.698628
vt 0.792957 0.488798
vt 0.792856 0.474026
vt 0.612224 0.736461
vt 0.618832 0.732010
vt 0.619793 0.742943
vt 0.783144 0.118588
vt 0.774487 0.119334
vt 0.774313 0.115345
vt 0.782865 0.114715
vt 0.946334 0.857191
vt 0.938496 0.854579
vt 0.960471 0.260729
vt 0.967216 0.257722
vt 0.574649 0.534377
vt 0.960822 0.245044
vt 0.967631 0.241944
vt 0.843866 0.320864
vt 0.834621 0.317850
vt 0.834606 0.309617
vt 0.843561 0.312576
vt 0.893988 0.294375
vt 0.830541 0.765093
vt 0.832491 0.767987
vt 0.828934 0.781901
vt 0.826376 0.779159
vt 0.852336 0.699762
vt 0.849984 0.713677
vt 0.570717 0.751710
vt 0.564392 0.755414
vt 0.563217 0.741532
vt 0.569673 0.737714
vt 0.897122 0.271855
vt 0.897178 0.287422
vt 0.731508 0.074106
vt 0.730285 0.061523
vt 0.737676 0.073524
vt 0.910660 0.826284
vt 0.910793 0.842772
vt 0.914046 0.081094
vt 0.913932 0.092749
vt 0.905018 0.085980
vt 0.783121 0.081220
vt 0.790553 0.080683
vt 0.789716 0.086405
vt 0.965816 0.125897
vt 0.973673 0.122217
vt 0.605517 0.741278
vt 0.880725 0.278439
vt 0.929764 0.737536
vt 0.929846 0.753451
vt 0.577281 0.747599
vt 0.577780 0.760895
vt 0.571411 0.764937
vt 0.966806 0.109474
vt 0.974852 0.105706
vt 0.825898 0.827055
vt 0.967828 0.093651
vt 0.976072 0.089795
vt 0.874503 0.679657
vt 0.875574 0.694786
vt 0.867330 0.690930
vt 0.952995 0.215947
vt 0.943058 0.220469
vt 0.953475 0.198887
vt 0.539002 0.349559
vt 0.598652 0.757995
vt 0.615952 0.790658
vt 0.606671 0.797365
vt 0.872314 0.651552
vt 0.864786 0.661111
vt 0.863481 0.647217
vt 0.883292 0.657144
vt 0.873420 0.665236
vt 0.796130 0.385849
vt 0.789583 0.373274
vt 0.795447 0.373522
vt 0.746894 0.088495
vt 0.598584 0.768387
vt 0.711037 0.061973
vt 0.717148 0.070247
vt 0.863885 0.336434
vt 0.854193 0.332348
vt 0.568657 0.851072
vt 0.568785 0.847857
vt 0.572930 0.845788
vt 0.891385 0.865649
vt 0.882931 0.861864
vt 0.882580 0.846179
vt 0.804667 0.426603
vt 0.772734 0.858540
vt 0.778308 0.859690
vt 0.885833 0.699596
vt 0.572319 0.458165
vt 0.581202 0.470630
vt 0.571907 0.481283
vt 0.583460 0.789943
vt 0.591039 0.774183
vt 0.606609 0.771674
vt 0.645396 0.199587
vt 0.649519 0.198017
vt 0.956012 0.130488
vt 0.956775 0.114168
vt 0.743352 0.398376
vt 0.955297 0.147284
vt 0.954630 0.164391
vt 0.654976 0.432514
vt 0.656040 0.418493
vt 0.795942 0.603498
vt 0.789408 0.595940
vt 0.789553 0.587701
vt 0.795760 0.594272
vt 0.852514 0.307498
vt 0.861585 0.311374
vt 0.954020 0.181647
vt 0.647511 0.263341
vt 0.648627 0.247861
vt 0.790808 0.192648
vt 0.596174 0.837649
vt 0.587658 0.843683
vt 0.596140 0.833192
vt 0.831461 0.783671
vt 0.834857 0.769541
vt 0.606451 0.805128
vt 0.597189 0.812132
vt 0.665460 0.291641
vt 0.659135 0.297140
vt 0.802767 0.287845
vt 0.803299 0.300971
vt 0.875036 0.141158
vt 0.874483 0.128145
vt 0.623651 0.768616
vt 0.624414 0.776730
vt 0.952589 0.232678
vt 0.932609 0.241636
vt 0.942803 0.237085
vt 0.932512 0.257702
vt 0.968899 0.078521
vt 0.588931 0.818711
vt 0.876185 0.858857
vt 0.883178 0.876812
vt 0.876469 0.873946
vt 0.734938 0.488673
vt 0.734932 0.473896
vt 0.740770 0.488146
vt 0.568799 0.840040
vt 0.617574 0.688814
vt 0.656339 0.340962
vt 0.951841 0.279347
vt 0.582502 0.816929
vt 0.582355 0.824340
vt 0.737437 0.588022
vt 0.743122 0.582798
vt 0.591406 0.763380
vt 0.801353 0.168386
vt 0.913384 0.201170
vt 0.922864 0.196497
vt 0.922772 0.213159
vt 0.913356 0.217571
vt 0.596849 0.818846
vt 0.742602 0.770058
vt 0.864580 0.343089
vt 0.875218 0.826676
vt 0.882126 0.829867
vt 0.875771 0.843079
vt 0.568891 0.844330
vt 0.573156 0.842126
vt 0.805229 0.885620
vt 0.800842 0.896794
vt 0.886525 0.365387
vt 0.881607 0.363523
vt 0.881169 0.359590
vt 0.886111 0.361718
vt 0.596528 0.824329
vt 0.555497 0.336519
vt 0.554800 0.327685
vt 0.900344 0.821605
vt 0.873821 0.115438
vt 0.944145 0.169344
vt 0.944603 0.152381
vt 0.605924 0.821928
vt 0.596275 0.828932
vt 0.529546 0.348632
vt 0.534413 0.356252
vt 0.653301 0.237537
vt 0.648267 0.233595
vt 0.647090 0.218445
vt 0.652693 0.220681
vt 0.852684 0.132597
vt 0.859841 0.135366
vt 0.860431 0.149199
vt 0.853459 0.146594
vt 0.568673 0.854444
vt 0.897775 0.720648
vt 0.898302 0.736851
vt 0.869109 0.306039
vt 0.876566 0.309632
vt 0.555358 0.353681
vt 0.550962 0.364501
vt 0.854779 0.339035
vt 0.855257 0.344503
vt 0.615918 0.814898
vt 0.625740 0.812699
vt 0.626000 0.817017
vt 0.913824 0.106174
vt 0.904836 0.205199
vt 0.904837 0.189053
vt 0.913429 0.184781
vt 0.875326 0.154861
vt 0.882790 0.157679
vt 0.907644 0.670070
vt 0.672165 0.272664
vt 0.625302 0.804129
vt 0.867343 0.138204
vt 0.866584 0.125164
vt 0.610833 0.249041
vt 0.604690 0.255435
vt 0.865751 0.229945
vt 0.865676 0.245399
vt 0.946193 0.103894
vt 0.711309 0.724549
vt 0.706907 0.725446
vt 0.909141 0.726350
vt 0.908784 0.710807
vt 0.861653 0.684477
vt 0.854988 0.681910
vt 0.585637 0.860405
vt 0.584827 0.864108
vt 0.782194 0.280109
vt 0.658155 0.049160
vt 0.662860 0.041699
vt 0.577108 0.821759
vt 0.889487 0.349108
vt 0.884903 0.347033
vt 0.929919 0.769596
vt 0.929973 0.785917
vt 0.577053 0.875109
vt 0.573560 0.871869
vt 0.574977 0.865612
vt 0.526885 0.234386
vt 0.575612 0.860994
vt 0.718635 0.794599
vt 0.716850 0.794193
vt 0.932459 0.273209
vt 0.879198 0.051761
vt 0.886348 0.053378
vt 0.886818 0.066458
vt 0.879706 0.064828
vt 0.654319 0.637409
vt 0.873299 0.262602
vt 0.865877 0.260006
vt 0.873245 0.248026
vt 0.904878 0.141128
vt 0.574705 0.521404
vt 0.574681 0.508567
vt 0.583010 0.503235
vt 0.582921 0.488857
vt 0.598385 0.262223
vt 0.969982 0.064101
vt 0.960110 0.056009
vt 0.922638 0.277514
vt 0.922635 0.262011
vt 0.622033 0.268199
vt 0.904854 0.221345
vt 0.768186 0.860788
vt 0.932742 0.225148
vt 0.922697 0.229697
vt 0.910943 0.874344
vt 0.900945 0.869911
vt 0.910890 0.858837
vt 0.895221 0.371187
vt 0.890751 0.370412
vt 0.890407 0.817083
vt 0.932475 0.313641
vt 0.796008 0.099371
vt 0.795079 0.094062
vt 0.617669 0.422050
vt 0.618697 0.403064
vt 0.621736 0.381339
vt 0.627528 0.356685
vt 0.627081 0.303699
vt 0.632350 0.304152
vt 0.635042 0.330931
vt 0.637587 0.304627
vt 0.642707 0.306268
vt 0.643991 0.281814
vt 0.648898 0.284530
vt 0.734325 0.110748
vt 0.734575 0.105304
vt 0.740588 0.104389
vt 0.840891 0.741358
vt 0.919527 0.701899
vt 0.919734 0.716593
vt 0.919088 0.676431
vt 0.773811 0.583367
vt 0.766010 0.573569
vt 0.924314 0.075296
vt 0.700660 0.840177
vt 0.705262 0.853520
vt 0.566133 0.802374
vt 0.596604 0.519557
vt 0.603053 0.514662
vt 0.851373 0.119207
vt 0.858812 0.122190
vt 0.913556 0.152315
vt 0.681514 0.050781
vt 0.691445 0.055010
vt 0.691156 0.059119
vt 0.846705 0.158869
vt 0.846831 0.144109
vt 0.792823 0.520667
vt 0.792989 0.504563
vt 0.796075 0.080782
vt 0.794137 0.085144
vt 0.639010 0.280776
vt 0.802206 0.744469
vt 0.813175 0.709503
vt 0.913483 0.168460
vt 0.839159 0.644635
vt 0.831439 0.656337
vt 0.628767 0.255226
vt 0.623215 0.258851
vt 0.823548 0.688135
vt 0.633925 0.280633
vt 0.766068 0.740106
vt 0.772025 0.739157
vt 0.735281 0.197719
vt 0.735299 0.185780
vt 0.742032 0.195827
vt 0.913346 0.233876
vt 0.913354 0.250031
vt 0.922649 0.246017
vt 0.543342 0.327904
vt 0.632483 0.264294
vt 0.822482 0.674965
vt 0.812785 0.696085
vt 0.700226 0.062702
vt 0.701356 0.058718
vt 0.913454 0.296142
vt 0.913504 0.309493
vt 0.697117 0.078467
vt 0.690753 0.065088
vt 0.698789 0.068500
vt 0.922751 0.317435
vt 0.630998 0.207886
vt 0.565861 0.420950
vt 0.554811 0.480067
vt 0.905101 0.312872
vt 0.905050 0.299548
vt 0.938409 0.885956
vt 0.795322 0.908698
vt 0.868550 0.706842
vt 0.548718 0.434292
vt 0.886708 0.369360
vt 0.957569 0.098460
vt 0.881095 0.105163
vt 0.888407 0.107149
vt 0.910045 0.775724
vt 0.920418 0.780983
vt 0.920537 0.797632
vt 0.777963 0.890202
vt 0.853423 0.697355
vt 0.904978 0.097419
vt 0.881569 0.813035
vt 0.885181 0.353035
vt 0.812037 0.973920
vt 0.551953 0.466036
vt 0.566692 0.513740
vt 0.559413 0.518357
vt 0.553057 0.522063
vt 0.716555 0.774864
vt 0.716557 0.797563
vt 0.714077 0.797463
vt 0.713809 0.774768
vt 0.794404 0.338129
vt 0.788376 0.337365
vt 0.788338 0.324527
vt 0.794487 0.325479
vt 0.846141 0.639336
vt 0.938272 0.663011
vt 0.929074 0.659724
vt 0.549239 0.484722
vt 0.547028 0.470796
vt 0.548649 0.451902
vt 0.544364 0.456873
vt 0.545058 0.438167
vt 0.541293 0.443529
vt 0.683889 0.199453
vt 0.683722 0.220731
vt 0.797862 0.206726
vt 0.797704 0.193679
vt 0.526593 0.397008
vt 0.528628 0.403404
vt 0.747607 0.125864
vt 0.778419 0.738848
vt 0.743985 0.755745
vt 0.749130 0.753014
vt 0.747862 0.102759
vt 0.959981 0.303204
vt 0.835178 0.350632
vt 0.896913 0.089661
vt 0.896901 0.100960
vt 0.896924 0.080927
vt 0.896892 0.144738
vt 0.758770 0.499258
vt 0.752735 0.500660
vt 0.804912 0.484819
vt 0.930018 0.802305
vt 0.938566 0.806334
vt 0.791830 0.967751
vt 0.857800 0.703542
vt 0.855244 0.717121
vt 0.535386 0.366081
vt 0.860849 0.302316
vt 0.852252 0.298723
vt 0.852104 0.289490
vt 0.860157 0.292805
vt 0.896932 0.192335
vt 0.896988 0.224251
vt 0.865188 0.348510
vt 0.850001 0.106266
vt 0.857708 0.109397
vt 0.654674 0.554552
vt 0.897233 0.302210
vt 0.897289 0.315498
vt 0.796538 0.569615
vt 0.783246 0.141892
vt 0.790983 0.141157
vt 0.946279 0.872990
vt 0.938461 0.870411
vt 0.847360 0.728046
vt 0.720729 0.795996
vt 0.842714 0.103167
vt 0.835740 0.100449
vt 0.834606 0.087457
vt 0.841655 0.090407
vt 0.905153 0.324165
vt 0.897337 0.326629
vt 0.630410 0.108070
vt 0.632418 0.081917
vt 0.691316 0.909572
vt 0.779269 0.528715
vt 0.707397 0.774463
vt 0.704483 0.796990
vt 0.703351 0.774230
vt 0.782431 0.578752
vt 0.783159 0.569790
vt 0.878786 0.372366
vt 0.865728 0.112486
vt 0.856887 0.096709
vt 0.865024 0.099772
vt 0.541950 0.367448
vt 0.546210 0.377673
vt 0.896605 0.176292
vt 0.889839 0.174735
vt 0.889912 0.160003
vt 0.896639 0.161517
vt 0.733673 0.138855
vt 0.733391 0.132642
vt 0.739865 0.131556
vt 0.740159 0.137793
vt 0.565250 0.768506
vt 0.566234 0.298867
vt 0.560108 0.306294
vt 0.706470 0.750438
vt 0.702158 0.750162
vt 0.747988 0.113631
vt 0.713562 0.750789
vt 0.710819 0.774630
vt 0.710229 0.750651
vt 0.555089 0.625291
vt 0.711140 0.110756
vt 0.706560 0.104264
vt 0.714762 0.093685
vt 0.797269 0.149998
vt 0.537934 0.431293
vt 0.977333 0.074551
vt 0.716582 0.818363
vt 0.716597 0.837678
vt 0.714521 0.837553
vt 0.714335 0.818259
vt 0.585497 0.276592
vt 0.833927 0.079524
vt 0.867770 0.151934
vt 0.896962 0.208300
vt 0.828136 0.798096
vt 0.844291 0.328547
vt 0.736407 0.551772
vt 0.735807 0.536641
vt 0.741672 0.548838
vt 0.718993 0.082878
vt 0.845903 0.129933
vt 0.844327 0.116313
vt 0.861561 0.637903
vt 0.853071 0.638088
vt 0.866364 0.273445
vt 0.919929 0.732104
vt 0.796434 0.104896
vt 0.586482 0.344363
vt 0.586425 0.328573
vt 0.596151 0.330158
vt 0.624829 0.784775
vt 0.834825 0.325467
vt 0.978616 0.059975
vt 0.971087 0.050416
vt 0.881810 0.367738
vt 0.598158 0.344269
vt 0.587098 0.362747
vt 0.785566 0.736493
vt 0.691138 0.059111
vt 0.691392 0.054989
vt 0.654236 0.446560
vt 0.885616 0.357793
vt 0.844457 0.742573
vt 0.754591 0.748394
vt 0.760259 0.743530
vt 0.865682 0.353064
vt 0.855610 0.349078
vt 0.830408 0.827738
vt 0.859800 0.699851
vt 0.653911 0.647249
vt 0.631930 0.225290
vt 0.872767 0.089487
vt 0.721933 0.741314
vt 0.716748 0.741276
vt 0.892791 0.054442
vt 0.893265 0.067553
vt 0.893846 0.081162
vt 0.653769 0.667790
vt 0.653763 0.656495
vt 0.788489 0.310631
vt 0.794794 0.311751
vt 0.871488 0.049779
vt 0.635699 0.131285
vt 0.763106 0.544517
vt 0.764698 0.552949
vt 0.653784 0.759130
vt 0.848833 0.080813
vt 0.894471 0.094921
vt 0.895094 0.108436
vt 0.895663 0.121544
vt 0.896133 0.134471
vt 0.717408 0.656652
vt 0.774078 0.087762
vt 0.764961 0.088216
vt 0.774324 0.081435
vt 0.691517 0.839510
vt 0.635196 0.080241
vt 0.637775 0.078720
vt 0.635846 0.056981
vt 0.559118 0.696688
vt 0.797599 0.141215
vt 0.712329 0.837441
vt 0.746606 0.502210
vt 0.740673 0.503620
vt 0.896382 0.191779
vt 0.889571 0.190138
vt 0.772698 0.524517
vt 0.771255 0.535383
vt 0.789015 0.361291
vt 0.729735 0.042630
vt 0.703027 0.680738
vt 0.702960 0.656527
vt 0.830220 0.422935
vt 0.894884 0.239022
vt 0.698439 0.839543
vt 0.631741 0.133631
vt 0.691316 0.942269
vt 0.929672 0.722028
vt 0.946113 0.916633
vt 0.946170 0.903345
vt 0.946224 0.888557
vt 0.627275 0.136423
vt 0.626214 0.110655
vt 0.711857 0.741962
vt 0.707192 0.744027
vt 0.628763 0.245044
vt 0.628014 0.232953
vt 0.633241 0.228613
vt 0.634085 0.241140
vt 0.938494 0.726713
vt 0.946507 0.730289
vt 0.946509 0.715483
vt 0.703788 0.082540
vt 0.655120 0.539855
vt 0.905130 0.061876
vt 0.929153 0.665271
vt 0.914380 0.054763
vt 0.914328 0.058588
vt 0.894633 0.343197
vt 0.894925 0.335176
vt 0.894330 0.350159
vt 0.579874 0.683160
vt 0.609133 0.510008
vt 0.609566 0.522691
vt 0.873690 0.276100
vt 0.654059 0.642749
vt 0.929846 0.922155
vt 0.814402 0.930233
vt 0.889512 0.354906
vt 0.894193 0.355889
vt 0.920737 0.893309
vt 0.554856 0.612509
vt 0.561356 0.609005
vt 0.652351 0.266811
vt 0.919306 0.688388
vt 0.733438 0.127704
vt 0.733701 0.123610
vt 0.740073 0.122632
vt 0.739870 0.126656
vt 0.844012 0.237073
vt 0.837128 0.234657
vt 0.925032 0.046256
vt 0.936829 0.042004
vt 0.797940 0.072859
vt 0.799105 0.060259
vt 0.901103 0.911019
vt 0.866069 0.675686
vt 0.979921 0.046082
vt 0.852428 0.731260
vt 0.849342 0.745685
vt 0.874885 0.360852
vt 0.875107 0.365250
vt 0.795341 0.908691
vt 0.881958 0.203616
vt 0.881448 0.219519
vt 0.842072 0.977527
vt 0.873763 0.792531
vt 0.835614 0.036773
vt 0.841958 0.039431
vt 0.546220 0.377649
vt 0.859532 0.282359
vt 0.634136 0.252305
vt 0.790080 0.577412
vt 0.874548 0.809768
vt 0.735296 0.174649
vt 0.735129 0.164344
vt 0.566447 0.811866
vt 0.876622 0.888302
vt 0.874456 0.288321
vt 0.875468 0.299426
vt 0.873214 0.102632
vt 0.876663 0.901873
vt 0.966739 0.300738
vt 0.574647 0.534138
vt 0.702158 0.749539
vt 0.702906 0.726411
vt 0.796000 0.582935
vt 0.880612 0.355387
vt 0.615394 0.470162
vt 0.596840 0.520338
vt 0.874462 0.356711
vt 0.873893 0.352259
vt 0.603431 0.516262
vt 0.609704 0.512963
vt 0.657033 0.404732
vt 0.665164 0.118606
vt 0.800724 0.061784
vt 0.554231 0.313630
vt 0.548642 0.320853
vt 0.774862 0.058433
vt 0.774620 0.072479
vt 0.695180 0.773466
vt 0.697622 0.773466
vt 0.867121 0.285424
vt 0.774972 0.037143
vt 0.784621 0.038346
vt 0.561174 0.596074
vt 0.754357 0.037628
vt 0.764664 0.036773
vt 0.873459 0.232675
vt 0.735061 0.504503
vt 0.874380 0.200877
vt 0.739789 0.087449
vt 0.738928 0.081749
vt 0.733405 0.081983
vt 0.735361 0.086296
vt 0.946065 0.927764
vt 0.938249 0.925302
vt 0.800396 0.216165
vt 0.665551 0.092520
vt 0.801965 0.338858
vt 0.814684 0.811809
vt 0.793904 0.090191
vt 0.802478 0.326209
vt 0.734020 0.119814
vt 0.734247 0.115716
vt 0.740334 0.118888
vt 0.792990 0.926029
vt 0.653773 0.854192
vt 0.797418 0.181540
vt 0.725971 0.750880
vt 0.728025 0.750162
vt 0.873863 0.216880
vt 0.701330 0.819694
vt 0.701905 0.839554
vt 0.723659 0.751237
vt 0.688226 0.635452
vt 0.740289 0.350391
vt 0.740449 0.338774
vt 0.738439 0.385446
vt 0.739249 0.373320
vt 0.737540 0.398055
vt 0.736667 0.410848
vt 0.653779 0.775090
vt 0.734992 0.460499
vt 0.735144 0.447982
vt 0.761601 0.534900
vt 0.735345 0.520692
vt 0.841543 0.077785
vt 0.871922 0.393972
vt 0.913556 0.321019
vt 0.586540 0.315913
vt 0.796574 0.611943
vt 0.797695 0.621440
vt 0.789645 0.602971
vt 0.790184 0.609683
vt 0.799567 0.637280
vt 0.790564 0.615605
vt 0.782215 0.598430
vt 0.757990 0.581584
vt 0.749511 0.593890
vt 0.749735 0.591034
vt 0.741446 0.607429
vt 0.741974 0.602342
vt 0.733104 0.624021
vt 0.735184 0.611013
vt 0.703036 0.704214
vt 0.798416 0.522213
vt 0.866087 0.214025
vt 0.798874 0.489452
vt 0.798913 0.474525
vt 0.687673 0.115012
vt 0.803085 0.313596
vt 0.794907 0.361689
vt 0.746654 0.487312
vt 0.671738 0.654320
vt 0.826096 0.043288
vt 0.826061 0.047430
vt 0.752014 0.281235
vt 0.653774 0.681173
vt 0.834625 0.074806
vt 0.797839 0.122094
vt 0.791252 0.122143
vt 0.735316 0.099981
vt 0.736338 0.096008
vt 0.676490 0.089092
vt 0.871997 0.379102
vt 0.765031 0.094175
vt 0.775058 0.338740
vt 0.781984 0.337610
vt 0.782331 0.349869
vt 0.775583 0.351229
vt 0.765109 0.100272
vt 0.765191 0.106214
vt 0.765266 0.111602
vt 0.946439 0.809436
vt 0.765832 0.152458
vt 0.765949 0.161667
vt 0.697622 0.722582
vt 0.700934 0.722582
vt 0.759094 0.351702
vt 0.868072 0.296193
vt 0.756203 0.101145
vt 0.683222 0.332792
vt 0.683372 0.345303
vt 0.653776 0.838628
vt 0.591972 0.269308
vt 0.689030 0.090912
vt 0.872674 0.373420
vt 0.866038 0.357310
vt 0.653510 0.251732
vt 0.866234 0.361803
vt 0.797746 0.972694
vt 0.826792 0.975687
vt 0.836257 0.938121
vt 0.863228 0.947197
vt 0.849052 0.093527
vt 0.795339 0.908769
vt 0.625503 0.808568
vt 0.937061 0.036773
vt 0.794553 0.350060
vt 0.788607 0.349468
vt 0.684410 0.410640
vt 0.747640 0.130866
vt 0.749935 0.575519
vt 0.793012 0.039878
vt 0.774977 0.485609
vt 0.766954 0.264509
vt 0.684679 0.395875
vt 0.829973 0.438059
vt 0.757472 0.171799
vt 0.757545 0.567572
vt 0.766224 0.560723
vt 0.739882 0.361735
vt 0.766217 0.560035
vt 0.729735 0.882612
vt 0.670771 0.895618
vt 0.798900 0.461074
vt 0.798727 0.505570
vt 0.634044 0.036772
vt 0.581975 0.880776
vt 0.765951 0.161665
vt 0.823200 0.205020
vt 0.554589 0.586098
vt 0.830034 0.322543
vt 0.781968 0.295542
vt 0.633495 0.240181
vt 0.632413 0.227492
vt 0.759618 0.296173
vt 0.826132 0.038839
vt 0.840383 0.141726
vt 0.839332 0.127624
vt 0.766069 0.171284
vt 0.701905 0.656495
vt 0.767466 0.340732
vt 0.768416 0.353576
vt 0.766348 0.353969
vt 0.759769 0.311283
vt 0.896474 0.147676
vt 0.767259 0.311349
vt 0.767168 0.295995
vt 0.766066 0.171287
vt 0.766184 0.181512
vt 0.757606 0.182134
vt 0.758771 0.249380
vt 0.766840 0.248771
vt 0.834338 0.043661
vt 0.834315 0.047828
vt 0.840217 0.156316
vt 0.701038 0.797650
vt 0.700933 0.773466
vt 0.837547 0.113856
vt 0.767280 0.326283
vt 0.774550 0.499130
vt 0.831948 0.157941
vt 0.829894 0.238011
vt 0.844959 0.377093
vt 0.716597 0.750882
vt 0.782622 0.110450
vt 0.783383 0.122733
vt 0.788792 0.295888
vt 0.834353 0.039184
vt 0.774153 0.110960
vt 0.765333 0.116075
vt 0.765270 0.111615
vt 0.693204 0.748024
vt 0.695170 0.748024
vt 0.697611 0.748024
vt 0.684484 0.285703
vt 0.822590 0.221088
vt 0.795271 0.297092
vt 0.831987 0.142593
vt 0.774637 0.123584
vt 0.765392 0.120137
vt 0.765455 0.124452
vt 0.773798 0.512307
vt 0.830404 0.222656
vt 0.881736 0.464138
vt 0.831046 0.206584
vt 0.774801 0.449337
vt 0.680087 0.654009
vt 0.834606 0.377212
vt 0.700917 0.748024
vt 0.693204 0.748024
vt 0.633763 0.251541
vt 0.688310 0.653731
vt 0.799567 0.041381
vt 0.691316 0.748024
vt 0.554707 0.599513
vt 0.720217 0.064643
vt 0.729482 0.067061
vt 0.723725 0.075389
vt 0.691517 0.656545
vt 0.701204 0.098978
vt 0.695268 0.094795
vt 0.653763 0.036773
vt 0.041658 0.197064
vt 0.041658 0.196482
vt 0.034762 0.187558
vt 0.034762 0.188141
vt 0.182937 0.093802
vt 0.182937 0.093220
vt 0.187263 0.103611
vt 0.187263 0.104194
vt 0.019046 0.073113
vt 0.017562 0.061952
vt 0.017562 0.062535
vt 0.019046 0.073695
vt 0.094032 0.129264
vt 0.094032 0.128681
vt 0.103018 0.135531
vt 0.103018 0.136114
vt 0.049726 0.103588
vt 0.039255 0.099278
vt 0.039255 0.099860
vt 0.049726 0.104170
vt 0.115725 0.166589
vt 0.115725 0.166007
vt 0.114241 0.177167
vt 0.114241 0.177749
vt 0.123646 0.078005
vt 0.123646 0.077423
vt 0.134116 0.073136
vt 0.134116 0.073718
vt 0.145360 0.158458
vt 0.145360 0.157875
vt 0.134116 0.156407
vt 0.134116 0.156990
vt 0.123646 0.152679
vt 0.123646 0.152097
vt 0.114659 0.145247
vt 0.114659 0.145829
vt 0.176040 0.084855
vt 0.176040 0.084273
vt 0.030415 0.177167
vt 0.030415 0.177749
vt 0.188747 0.114772
vt 0.188747 0.115354
vt 0.101953 0.115354
vt 0.101953 0.114772
vt 0.103436 0.103611
vt 0.103436 0.104194
vt 0.109915 0.187558
vt 0.109915 0.188141
vt 0.091649 0.092428
vt 0.082663 0.099278
vt 0.082663 0.099860
vt 0.091649 0.093010
vt 0.030268 0.092428
vt 0.030268 0.093010
vt 0.145360 0.071668
vt 0.145360 0.072227
vt 0.167053 0.152679
vt 0.167053 0.152097
vt 0.156583 0.156407
vt 0.156583 0.156990
vt 0.023372 0.083504
vt 0.023372 0.084087
vt 0.156583 0.073718
vt 0.156583 0.073136
vt 0.167053 0.077423
vt 0.167053 0.078005
vt 0.072192 0.020317
vt 0.082663 0.024627
vt 0.082663 0.025209
vt 0.072192 0.020899
vt 0.072192 0.103588
vt 0.072192 0.104170
vt 0.114241 0.155429
vt 0.114241 0.154846
vt 0.103436 0.126491
vt 0.103436 0.125909
vt 0.071168 0.025093
vt 0.050729 0.025093
vt 0.060948 0.023765
vt 0.109852 0.095410
vt 0.116373 0.086976
vt 0.117418 0.088047
vt 0.111148 0.096179
vt 0.041658 0.136114
vt 0.050645 0.129264
vt 0.050791 0.129683
vt 0.041867 0.136486
vt 0.023372 0.040983
vt 0.023643 0.041309
vt 0.019317 0.051631
vt 0.019046 0.051374
vt 0.186991 0.104427
vt 0.182665 0.094105
vt 0.030477 0.092987
vt 0.031084 0.092521
vt 0.039840 0.099208
vt 0.039401 0.099790
vt 0.082516 0.099790
vt 0.091440 0.092987
vt 0.134200 0.156873
vt 0.145360 0.158318
vt 0.061095 0.208225
vt 0.050645 0.203914
vt 0.050791 0.203821
vt 0.061178 0.208108
vt 0.156499 0.156873
vt 0.134200 0.074161
vt 0.123792 0.078448
vt 0.103018 0.197064
vt 0.094032 0.203914
vt 0.093885 0.203821
vt 0.102809 0.197041
vt 0.107762 0.093802
vt 0.114659 0.084855
vt 0.114868 0.085251
vt 0.108034 0.094105
vt 0.166907 0.078448
vt 0.156499 0.074161
vt 0.103729 0.104427
vt 0.102245 0.115517
vt 0.103729 0.126584
vt 0.107762 0.136906
vt 0.108034 0.136929
vt 0.114868 0.145783
vt 0.019317 0.073788
vt 0.023643 0.084110
vt 0.123792 0.152586
vt 0.145360 0.072693
vt 0.175831 0.085251
vt 0.176040 0.145829
vt 0.166907 0.152586
vt 0.175831 0.145783
vt 0.061408 0.207433
vt 0.051209 0.203239
vt 0.051836 0.202260
vt 0.061722 0.206314
vt 0.030415 0.155429
vt 0.034762 0.145037
vt 0.035013 0.145363
vt 0.030707 0.155685
vt 0.145360 0.155009
vt 0.155580 0.153681
vt 0.155956 0.155079
vt 0.145360 0.156477
vt 0.024375 0.083830
vt 0.025462 0.083294
vt 0.031982 0.091729
vt 0.092088 0.201002
vt 0.100260 0.194781
vt 0.101326 0.195783
vt 0.092820 0.202260
vt 0.082077 0.099208
vt 0.081450 0.098206
vt 0.089935 0.091729
vt 0.090834 0.092521
vt 0.017854 0.062698
vt 0.018711 0.062861
vt 0.020153 0.073718
vt 0.175225 0.085974
vt 0.166468 0.079310
vt 0.156290 0.075116
vt 0.134409 0.156198
vt 0.145360 0.157619
vt 0.060948 0.019897
vt 0.060948 0.020876
vt 0.050018 0.022320
vt 0.049809 0.021365
vt 0.050018 0.103402
vt 0.049809 0.104054
vt 0.115474 0.085974
vt 0.108766 0.094664
vt 0.104544 0.104800
vt 0.103102 0.115657
vt 0.104544 0.126514
vt 0.108766 0.136650
vt 0.051209 0.130545
vt 0.061408 0.126375
vt 0.061722 0.127679
vt 0.051836 0.131733
vt 0.042453 0.137232
vt 0.124231 0.152004
vt 0.145360 0.073695
vt 0.134409 0.075116
vt 0.060948 0.104823
vt 0.060948 0.105522
vt 0.111817 0.167032
vt 0.110479 0.156873
vt 0.111921 0.156454
vt 0.113322 0.167008
vt 0.166468 0.152004
vt 0.175225 0.145340
vt 0.182665 0.136929
vt 0.181933 0.136650
vt 0.124858 0.151025
vt 0.134743 0.155079
vt 0.052589 0.133061
vt 0.062119 0.129147
vt 0.187597 0.115657
vt 0.186155 0.126514
vt 0.184943 0.126305
vt 0.186343 0.115750
vt 0.186155 0.104800
vt 0.184943 0.105219
vt 0.104356 0.115750
vt 0.105756 0.105219
vt 0.107198 0.105638
vt 0.105861 0.115797
vt 0.115474 0.145340
vt 0.109852 0.136114
vt 0.116373 0.144548
vt 0.174326 0.086976
vt 0.165841 0.080498
vt 0.155956 0.076421
vt 0.156290 0.156198
vt 0.072338 0.124930
vt 0.083269 0.126375
vt 0.082934 0.127679
vt 0.072338 0.126281
vt 0.080698 0.029007
vt 0.071565 0.023625
vt 0.081450 0.027702
vt 0.165841 0.151025
vt 0.174326 0.144548
vt 0.102579 0.051631
vt 0.101764 0.051980
vt 0.097543 0.041868
vt 0.098274 0.041309
vt 0.181933 0.094664
vt 0.180847 0.095410
vt 0.106529 0.186650
vt 0.107825 0.187349
vt 0.031522 0.156034
vt 0.035744 0.145923
vt 0.036831 0.146645
vt 0.032755 0.156454
vt 0.105756 0.126305
vt 0.145360 0.075046
vt 0.060948 0.022227
vt 0.100260 0.139306
vt 0.092088 0.133061
vt 0.092820 0.131733
vt 0.101326 0.138211
vt 0.180847 0.136114
vt 0.183501 0.125955
vt 0.184838 0.115797
vt 0.041220 0.029007
vt 0.183501 0.105638
vt 0.106529 0.147414
vt 0.107825 0.146645
vt 0.179551 0.096179
vt 0.173281 0.088047
vt 0.165089 0.081826
vt 0.155580 0.077889
vt 0.135140 0.153681
vt 0.082077 0.026514
vt 0.090834 0.033178
vt 0.089935 0.034156
vt 0.165089 0.149767
vt 0.124858 0.080498
vt 0.134743 0.076421
vt 0.135140 0.077889
vt 0.125610 0.081826
vt 0.082558 0.129147
vt 0.021470 0.062977
vt 0.022807 0.052819
vt 0.099110 0.052819
vt 0.110479 0.177190
vt 0.032839 0.167032
vt 0.034197 0.156873
vt 0.145360 0.076561
vt 0.038127 0.186650
vt 0.034197 0.177190
vt 0.179551 0.135415
vt 0.107198 0.125955
vt 0.022807 0.073136
vt 0.100448 0.062977
vt 0.038127 0.147414
vt 0.096456 0.042591
vt 0.100552 0.052400
vt 0.095160 0.043359
vt 0.072338 0.208877
vt 0.072338 0.207712
vt 0.173281 0.143523
vt 0.024375 0.041868
vt 0.025462 0.042591
vt 0.021365 0.052400
vt 0.020153 0.051980
vt 0.071565 0.102283
vt 0.060948 0.103658
vt 0.060948 0.102213
vt 0.071168 0.100862
vt 0.101953 0.062954
vt 0.100552 0.073485
vt 0.099110 0.073136
vt 0.033027 0.035251
vt 0.088891 0.035251
vt 0.044417 0.139306
vt 0.111148 0.135415
vt 0.125610 0.149767
vt 0.117418 0.143523
vt 0.124231 0.079310
vt 0.031355 0.167008
vt 0.111921 0.177540
vt 0.109915 0.145037
vt 0.109915 0.144455
vt 0.050645 0.203332
vt 0.103018 0.196482
vt 0.094032 0.203332
vt 0.091649 0.031477
vt 0.091649 0.032059
vt 0.039255 0.024627
vt 0.049726 0.020317
vt 0.049726 0.020899
vt 0.039255 0.025209
vt 0.061095 0.124953
vt 0.061095 0.124371
vt 0.072338 0.122903
vt 0.072338 0.123485
vt 0.107762 0.136323
vt 0.102872 0.073113
vt 0.098546 0.083504
vt 0.098546 0.084087
vt 0.102872 0.073695
vt 0.187263 0.125909
vt 0.187263 0.126491
vt 0.030415 0.154846
vt 0.034762 0.144455
vt 0.182937 0.136906
vt 0.182937 0.136323
vt 0.176040 0.145247
vt 0.030268 0.031477
vt 0.030268 0.032059
vt 0.072338 0.209693
vt 0.072338 0.209110
vt 0.061095 0.207642
vt 0.083561 0.208225
vt 0.083561 0.207642
vt 0.083561 0.124953
vt 0.083561 0.124371
vt 0.019046 0.050792
vt 0.107762 0.093220
vt 0.114659 0.084273
vt 0.096456 0.083294
vt 0.097543 0.083830
vt 0.113969 0.177843
vt 0.115432 0.166752
vt 0.080698 0.096948
vt 0.041220 0.096948
vt 0.088891 0.090727
vt 0.104356 0.062535
vt 0.104063 0.062698
vt 0.102872 0.051374
vt 0.098546 0.040983
vt 0.109664 0.145363
vt 0.102809 0.136486
vt 0.093885 0.129683
vt 0.039401 0.025629
vt 0.083499 0.125396
vt 0.072338 0.123951
vt 0.072109 0.021365
vt 0.060948 0.019431
vt 0.082516 0.025629
vt 0.091440 0.032432
vt 0.030477 0.032432
vt 0.186991 0.126584
vt 0.030707 0.177843
vt 0.035013 0.188164
vt 0.072109 0.104054
vt 0.028931 0.166589
vt 0.029244 0.166752
vt 0.072338 0.209576
vt 0.083499 0.208108
vt 0.060948 0.105638
vt 0.098274 0.084110
vt 0.050729 0.100862
vt 0.113154 0.177773
vt 0.114596 0.166892
vt 0.041867 0.197041
vt 0.113969 0.155685
vt 0.113154 0.156034
vt 0.108933 0.145923
vt 0.039840 0.026514
vt 0.031084 0.033178
vt 0.071900 0.022320
vt 0.083269 0.207433
vt 0.061178 0.125396
vt 0.093467 0.130545
vt 0.032755 0.177540
vt 0.031522 0.177773
vt 0.030080 0.166892
vt 0.101764 0.073718
vt 0.102579 0.073788
vt 0.035744 0.187885
vt 0.036831 0.187349
vt 0.109664 0.188164
vt 0.102203 0.196575
vt 0.108933 0.187885
vt 0.026757 0.043359
vt 0.019965 0.062954
vt 0.050353 0.102283
vt 0.050353 0.023625
vt 0.040467 0.027702
vt 0.031982 0.034156
vt 0.044417 0.194781
vt 0.052589 0.201002
vt 0.043351 0.195783
vt 0.021365 0.073485
vt 0.102203 0.137232
vt 0.040467 0.098206
vt 0.071900 0.103402
vt 0.043351 0.138211
vt 0.033027 0.090727
vt 0.095160 0.082595
vt 0.072338 0.127796
vt 0.026757 0.082595
vt 0.082558 0.204916
vt 0.082934 0.206314
vt 0.072338 0.206268
vt 0.062119 0.204916
vt 0.103206 0.062861
vt 0.028931 0.166007
vt 0.060948 0.105056
vt 0.060948 0.018849
vt 0.023372 0.040400
vt 0.104356 0.061952
vt 0.098546 0.040400
vt 0.102872 0.050792
vt 0.041658 0.135531
vt 0.050645 0.128681
vt 0.188454 0.115517
vt 0.093467 0.203239
vt 0.042453 0.196575
s 1
usemtl Material.001
f 476/1/1 481/2/2 480/3/3 478/4/4
f 2730/5/5 2539/6/6 2725/7/7
f 289/8/8 288/9/9 300/10/10 299/11/11
f 288/9/9 287/12/12 301/13/10 300/10/10
f 1797/14/13 1784/15/14 1798/16/15 1822/17/16
f 1068/18/17 1067/19/18 1077/20/19 1076/21/20
f 2729/22/21 2730/5/5 2726/23/22
f 23/24/23 7/25/23 9/26/23 22/27/24
f 1909/28/25 1918/29/26 1919/30/27 1908/31/28
f 309/32/29 310/33/30 308/34/30 307/35/29
f 318/36/29 319/37/30 310/33/30 309/32/29
f 543/38/31 546/39/32 542/40/33 535/41/34
f 2503/42/35 2489/43/36 2505/44/37 2504/45/38
f 2504/45/38 2506/46/39 2507/47/40 2509/48/41
f 104/49/42 105/50/43 103/51/44 102/52/42
f 109/53/45 108/54/46 113/55/47 112/56/48
f 728/57/49 714/58/50 715/59/51 727/60/52
f 1447/61/53 1445/62/54 1444/63/55 1442/64/56
f 313/65/29 314/66/29 312/67/29 311/68/29
f 438/69/23 106/70/42 437/71/42 436/72/23
f 317/73/29 318/36/29 309/32/29 316/74/29
f 316/74/29 309/32/29 307/35/29 306/75/29
f 2336/76/57 2337/77/58 2338/78/59 2330/79/60
f 1273/80/61 1274/81/62 1258/82/63 1260/83/63
f 2724/84/64 2723/85/65 2539/6/6
f 1923/86/66 1886/87/67 1922/88/68 1928/89/69
f 304/90/29 305/91/29 302/92/70 81/93/71
f 2646/94/72 2647/95/73 2648/96/74 2645/97/75
f 305/91/29 306/75/29 301/13/10 302/92/70
f 306/75/29 307/35/29 300/10/10 301/13/10
f 1129/98/76 1130/99/77 1104/100/78 1106/101/79
f 1271/102/80 1270/103/81 1287/104/82 1286/105/83
f 303/106/84 296/107/85 81/93/71 302/92/70
f 2481/108/86 2480/109/87 2479/110/88 2483/111/89
f 26/112/90 31/113/90 30/114/91
f 26/112/90 27/115/90 25/116/23 24/117/23
f 31/113/90 33/118/92 32/119/93
f 1823/120/94 1824/121/95 1795/122/96 1796/123/97
f 33/118/92 35/124/92 34/125/98
f 2486/126/99 2488/127/100 2487/128/101 2492/129/102
f 2718/130/103 2719/131/104 2545/132/105
f 2716/133/106 2717/134/65 2718/130/103
f 312/67/29 316/74/29 306/75/29 305/91/29
f 2715/135/107 2714/136/108 2716/133/106
f 2488/127/100 2489/43/36 2490/137/109 2487/128/101
f 32/119/93 37/138/110 36/139/111
f 71/140/112 76/141/113 75/142/114 73/143/115
f 73/143/115 74/144/116 72/145/117 71/140/112
f 2015/146/118 2020/147/119 2025/148/120 2017/149/121
f 2555/150/122 2556/151/123 2549/152/124 2550/153/125
f 1963/154/126 1968/155/127 1969/156/128 1961/157/129
f 431/158/23 435/159/42 433/160/42 432/161/130
f 2480/109/87 2481/108/86 2464/162/131 2467/163/132
f 1709/164/133 1710/165/134 1711/166/135 1700/167/136
f 217/168/137 218/169/138 200/170/139 202/171/140
f 88/172/141 129/173/142 87/174/143 66/175/144
f 699/176/145 700/177/146 698/178/147 697/179/148
f 48/180/149 45/181/150 35/124/92
f 629/182/151 631/183/152 630/184/153 628/185/154
f 231/186/155 229/187/156 242/188/157 241/189/158
f 39/190/159 44/191/160 42/192/161
f 42/192/161 46/193/162 49/194/163
f 2276/195/164 1893/196/165 2278/197/166 2277/198/167
f 50/199/168 51/200/169 49/194/163
f 67/201/170 68/202/171 64/203/172 66/175/144
f 121/204/173 120/205/174 142/206/175 141/207/176
f 2376/208/177 2377/209/178 2379/210/179 2378/211/177
f 2088/212/180 2090/213/181 2091/214/182 2089/215/183
f 2037/216/184 2039/217/185 2033/218/186 2031/219/187
f 121/204/173 122/220/188 94/221/189 95/222/190
f 129/173/142 132/223/191 130/224/192 87/174/143
f 1499/225/193 1500/226/194 1472/227/195 1471/228/196
f 2166/229/197 2157/230/198 2156/231/199 2167/232/200
f 65/233/201 88/172/141 66/175/144 64/203/172
f 251/234/202 250/235/203 263/236/204 262/237/205
f 1191/238/206 1193/239/207 1192/240/208 1189/241/209
f 1018/242/210 994/243/211 996/244/212 1012/245/213
f 57/246/214 59/247/215 58/248/216 53/249/217
f 1171/250/218 1181/251/219 1170/252/220 1169/253/221
f 155/254/222 156/255/223 145/256/224 147/257/225
f 253/258/226 252/259/227 261/260/228 260/261/229
f 49/194/163 52/262/230 43/263/231 42/192/161
f 42/192/161 43/263/231 41/264/232 39/190/159
f 1091/265/233 1092/266/234 1086/267/235 1087/268/236
f 1873/269/237 1874/270/238 1876/271/239 1875/272/240
f 426/273/23 440/274/23 427/275/23 425/276/23
f 108/54/46 101/277/241 103/51/44 107/278/242
f 1824/121/95 1849/279/243 1851/280/244 1795/122/96
f 2709/281/245 2711/282/246 2710/283/247 2715/135/107
f 2370/284/248 2374/285/249 2389/286/250 2372/287/251
f 548/288/252 2370/284/248 2372/287/251 2371/289/253
f 2700/290/254 2703/291/255 2704/292/256 2702/293/257
f 1429/294/258 1431/295/259 1430/296/260 1428/297/261
f 109/53/45 99/298/262 101/277/241 108/54/46
f 130/224/192 131/299/263 86/300/264 85/301/265
f 1754/302/266 1756/303/267 1757/304/268 1752/305/269
f 2373/306/270 2390/307/271 2392/308/272 2391/309/273
f 2602/310/274 2605/311/275 2606/312/276 2604/313/277
f 2058/314/278 2066/315/279 2053/316/280 2055/317/281
f 2004/318/282 2005/319/283 2006/320/284 1998/321/285
f 1750/322/286 1751/323/287 1753/324/288 1752/305/269
f 77/325/289 83/326/290 80/327/291 76/141/113
f 55/328/292 56/329/293 51/200/169 50/199/168
f 2170/330/294 2174/331/295 2176/332/296 2175/333/297
f 649/334/298 650/335/299 648/336/300 641/337/301
f 1073/338/302 1008/339/303 1072/340/304 1071/341/305
f 63/342/306 61/343/307 91/344/308 90/345/309
f 65/233/201 63/342/306 90/345/309 89/346/310
f 89/346/310 128/347/311 88/172/141 65/233/201
f 1526/348/312 1527/349/313 1506/350/314 1507/351/315
f 133/352/316 356/353/317 132/223/191 129/173/142
f 356/353/317 361/354/318 355/355/319 132/223/191
f 708/356/320 720/357/321 709/358/322 706/359/323
f 54/360/324 47/361/325 98/362/326
f 46/193/162 47/361/325 50/199/168 49/194/163
f 1844/363/327 1845/364/328 1848/365/329 1847/366/330
f 1767/367/331 1768/368/332 1770/369/333 1769/370/334
f 48/180/149 99/298/262 98/362/326 47/361/325
f 104/49/42 106/371/335 105/50/43
f 588/372/336 589/373/337 587/374/338 586/375/339
f 1457/376/340 1459/377/341 1458/378/342 1456/379/343
f 1225/380/344 2310/381/345 2311/382/346 1227/383/347
f 105/50/43 107/278/242 103/51/44
f 20/384/23 21/385/23 16/386/23 18/387/23
f 67/201/170 78/388/348 77/325/289 69/389/349
f 109/53/45 110/390/350 99/298/262
f 2585/391/351 2586/392/352 2588/393/353 2587/394/354
f 601/395/355 600/396/356 603/397/357 602/398/358
f 56/329/293 57/246/214 53/249/217 51/200/169
f 2067/399/359 2073/400/360 2050/401/361 2051/402/362
f 66/175/144 87/174/143 78/388/348 67/201/170
f 364/403/363 363/404/364 372/405/365 366/406/366
f 366/406/366 367/407/367 365/408/368 364/403/363
f 562/409/369 572/410/370 564/411/371 563/412/372
f 2040/413/373 2166/229/197 2167/232/200 2165/414/374
f 2055/317/281 2057/415/375 2059/416/376 2058/314/278
f 1783/417/377 1781/418/378 1802/419/379 1801/420/380
f 376/421/381 371/422/382 372/405/365 373/423/383
f 674/424/384 672/425/385 692/426/386 691/427/387
f 693/428/388 694/429/389 692/426/386 686/430/390
f 22/27/24 9/26/23 11/431/23 14/432/23
f 357/433/391 360/434/392 356/353/317 133/352/316
f 134/435/393 357/433/391 133/352/316 128/347/311
f 127/436/394 134/435/393 128/347/311 89/346/310
f 126/437/395 127/436/394 89/346/310 90/345/309
f 2140/438/396 2137/439/397 2139/440/398 2142/441/399
f 2242/442/400 2231/443/401 2229/444/402 2243/445/403
f 2085/446/404 2086/447/405 2088/212/180 2087/448/406
f 2087/448/406 2088/212/180 2089/215/183 2040/449/407
f 56/329/293 55/328/292 95/222/190 94/221/189
f 102/52/42 103/51/44 101/277/241 100/450/42
f 1763/451/408 1764/452/409 1766/453/410 1765/454/411
f 603/397/357 604/455/357 580/456/412 579/457/413
f 1800/458/414 1811/459/415 1820/460/416 1799/461/417
f 1908/31/28 1919/30/27 1921/462/418 1920/463/419
f 635/464/420 639/465/421 632/466/422 634/467/423
f 51/200/169 53/249/217 52/262/230 49/194/163
f 600/396/356 599/468/356 604/455/357 603/397/357
f 135/469/424 127/436/394 136/470/425
f 127/436/394 126/437/395 136/470/425
f 125/471/426 124/472/427 138/473/428 137/474/429
f 125/471/426 126/437/395 90/345/309 91/344/308
f 138/473/428 124/472/427 139/475/430
f 124/472/427 123/476/431 139/475/430
f 135/469/424 358/477/432 134/435/393 127/436/394
f 358/477/432 359/478/433 357/433/391 134/435/393
f 359/478/433 370/479/434 360/434/392 357/433/391
f 370/479/434 375/480/435 374/481/436 360/434/392
f 596/482/437 598/483/437 597/484/438 595/485/439
f 2451/486/440 2452/487/441 2454/488/442 2453/489/443
f 144/490/444 145/256/224 139/491/445
f 139/491/445 145/256/224 146/492/446
f 2108/493/447 2110/494/448 2101/495/449 2109/496/450
f 594/497/451 596/482/437 595/485/439 593/498/452
f 2540/499/453 2542/500/454 2543/501/104 2541/502/455
f 592/503/456 594/497/451 593/498/452 585/504/457
f 164/505/458 166/506/459 165/507/460 162/508/461
f 397/509/462 399/510/463 398/511/464 396/512/465
f 1581/513/466 1582/514/467 1574/515/468 1576/516/469
f 1707/517/470 1743/518/471 1745/519/472 1744/520/473
f 155/254/222 154/521/474 162/508/461 165/507/460
f 2390/307/271 2372/287/251 2389/286/250 2388/522/475
f 158/523/476 159/524/477 157/525/478 156/255/223
f 1725/526/479 1731/527/480 1732/528/481 1723/529/482
f 158/523/476 160/530/483 159/524/477
f 159/524/477 160/530/483 135/531/484
f 901/532/485 903/533/486 902/534/487 899/535/488
f 2243/445/403 2246/536/489 2247/537/490 2242/442/400
f 893/538/491 894/539/492 892/540/493 891/541/494
f 1004/542/495 1006/543/496 1005/544/497 1003/545/498
f 150/546/499 152/547/500 151/548/501 149/549/502
f 642/550/503 649/334/298 641/337/301 640/551/504
f 664/552/505 663/553/506 668/554/507 666/555/508
f 144/490/444 148/556/509 147/257/225 145/256/224
f 697/179/148 698/178/147 688/557/510 689/558/511
f 255/559/512 254/560/513 259/561/514 257/562/515
f 2647/95/73 2646/94/72 2661/563/516 2660/564/517
f 213/565/518 214/566/519 205/567/520 206/568/521
f 2371/289/253 2372/287/251 2390/307/271 2373/306/270
f 538/569/522 537/570/523 540/571/524 539/572/525
f 152/573/500 175/574/526 174/575/527 173/576/528
f 175/574/526 177/577/529 176/578/530 174/575/527
f 2248/579/531 2249/580/532 2239/581/533 2238/582/534
f 1522/583/535 1523/584/536 1510/585/537 1511/586/538
f 171/587/539 172/588/540 169/589/541 167/590/542
f 2491/591/543 2487/128/101 2490/137/109 2498/592/544
f 224/593/545 220/594/546 218/169/138 217/168/137
f 2694/595/547 2696/596/548 2697/597/549 635/598/420
f 2487/128/101 2491/591/543 2493/599/550 2492/129/102
f 187/600/551 189/601/552 188/602/553 186/603/554
f 885/604/555 897/605/556 886/606/557 870/607/558
f 401/608/559 403/609/560 402/610/561 399/611/562
f 1047/612/563 1052/613/564 1046/614/565 1045/615/566
f 1027/616/567 1028/617/568 1026/618/569 1023/619/570
f 185/620/571 169/589/541 172/588/540 184/621/572
f 1448/622/573 1446/623/574 1445/62/54 1447/61/53
f 1042/624/575 1040/625/576 1044/626/577 1043/627/578
f 2392/308/272 2387/628/579 2385/629/580 2393/630/581
f 177/577/529 179/631/582 178/632/583 176/578/530
f 588/372/336 602/398/358 591/633/584 590/634/585
f 1791/635/586 1854/636/587 1855/637/588 1792/638/589
f 889/639/590 891/541/494 890/640/591 888/641/592
f 651/642/593 652/643/594 649/334/298 642/550/503
f 1524/644/595 1523/584/536 1537/645/596 1536/646/597
f 830/647/598 841/648/599 840/649/600 832/650/601
f 1231/651/602 1243/652/603 1232/653/604 1214/654/605
f 1912/655/606 1915/656/607 1916/657/608 1911/658/609
f 1064/659/610 1063/660/611 1081/661/612 1080/662/613
f 1977/663/614 1979/664/615 1980/665/616 1978/666/617
f 1932/667/618 1929/668/619 1935/669/620 1942/670/621
f 695/671/622 2699/672/623 2700/290/254 696/673/624
f 2706/674/625 2705/675/626 2707/676/627 705/677/628
f 2423/678/629 2424/679/630 835/680/631 2425/681/632
f 899/535/488 902/534/487 896/682/633 897/605/556
f 292/683/634 293/684/635 271/685/636 270/686/637
f 1214/654/605 1232/653/604 1215/687/638 1212/688/639
f 1947/689/640 1949/690/641 1944/691/642 1945/692/643
f 291/693/644 292/683/634 270/686/637 272/694/645
f 1691/695/646 1703/696/647 1693/697/648 1692/698/649
f 2390/307/271 2388/522/475 2387/628/579 2392/308/272
f 2713/699/650 2710/283/247 2712/700/651 2725/7/7
f 265/701/652 276/702/653 275/703/654 274/704/655
f 286/705/656 275/703/654 276/702/653 278/706/657
f 285/707/658 286/705/656 278/706/657 280/708/659
f 284/709/660 285/707/658 280/708/659 282/710/115
f 296/107/85 303/106/84 285/707/658 284/709/660
f 1210/711/661 1218/712/662 1217/713/663 1211/714/664
f 2296/715/340 2299/716/665 2301/717/666 2300/718/343
f 303/106/84 287/12/12 286/705/656 285/707/658
f 1929/668/619 1923/86/66 1928/89/69 1935/669/620
f 1739/719/667 1741/720/668 1742/721/669 1740/722/670
f 1415/723/671 1462/724/672 1453/725/673 1451/726/674
f 1694/727/675 1701/728/676 1700/167/136 1699/729/677
f 279/730/678 281/731/679 280/708/659 278/706/657
f 277/732/680 279/730/678 278/706/657 276/702/653
f 205/567/520 215/733/681 204/734/682 191/735/683
f 249/736/684 277/732/680 276/702/653 265/701/652
f 1734/737/685 1732/528/481 1731/527/480 1738/738/686
f 267/739/687 266/740/688 273/741/689 272/694/645
f 268/742/690 267/739/687 272/694/645 270/686/637
f 1776/743/691 1772/744/692 1771/745/693 1777/746/694
f 1132/747/695 1134/748/696 1133/749/697 1131/750/698
f 2360/751/699 838/752/700 846/753/701 2375/754/702
f 1122/755/703 1126/756/704 1124/757/705 1121/758/706
f 265/701/652 266/740/688 264/759/707 249/736/684
f 2676/760/708 2674/761/708 2679/762/356 2678/763/356
f 267/739/687 268/742/690 262/237/205 263/236/204
f 832/650/601 840/649/600 839/764/709 834/765/710
f 1135/766/711 1136/767/712 1103/768/713 1102/769/714
f 2407/770/715 2414/771/716 2411/772/717 2408/773/718
f 29/774/719 30/114/91 210/775/111 208/776/720
f 254/560/513 253/258/226 260/261/229 259/561/514
f 729/777/721 684/778/722 714/58/50 728/57/49
f 257/562/515 258/779/723 256/780/724 255/559/512
f 1265/781/372 1267/782/725 1266/783/726 1264/784/727
f 255/559/512 256/780/724 237/785/728 236/786/729
f 1971/787/730 1969/156/128 1968/155/127 1973/788/731
f 884/789/732 924/790/733 885/604/555 871/791/734
f 1723/529/482 1732/528/481 1733/792/735 1724/793/736
f 249/736/684 264/759/707 248/794/737 247/795/738
f 247/795/738 248/794/737 246/796/739 240/797/740
f 311/68/29 312/67/29 305/91/29 304/90/29
f 676/798/741 674/424/384 691/427/387 690/799/742
f 250/235/203 248/794/737 264/759/707 263/236/204
f 1277/800/743 1278/801/744 1251/802/745 1253/803/746
f 254/560/513 255/559/512 236/786/729 241/189/158
f 1669/804/747 1667/805/748 1677/806/749 1676/807/750
f 1046/614/565 1048/808/751 1043/627/578 1044/626/577
f 251/234/202 252/259/227 243/809/752 244/810/753
f 1898/811/754 1903/812/755 1904/813/756 1896/814/757
f 248/794/737 250/235/203 245/815/758 246/796/739
f 2646/94/72 2645/97/75 2644/816/759 894/817/492
f 969/818/760 971/819/761 1074/820/762 1055/821/763
f 1984/822/764 1993/823/765 1994/824/766 1985/825/767
f 1693/697/648 1703/696/647 1704/826/768 1702/827/769
f 2515/828/770 2518/829/771 2519/830/772 2517/831/773
f 400/832/774 394/833/775 392/834/776 395/835/777
f 226/836/778 225/837/779 245/815/758 244/810/753
f 1911/658/609 1916/657/608 1917/838/780 1910/839/781
f 183/840/782 184/621/572 176/578/530 178/632/583
f 1896/814/757 1897/841/783 1899/842/784 1898/811/754
f 1319/843/785 1335/844/786 1318/845/787 1307/846/788
f 1335/844/786 1334/847/789 1349/848/790 1348/849/791
f 1386/850/792 1393/851/793 1387/852/794 1208/853/795
f 1859/854/796 1860/855/797 1861/856/798 1865/857/799
f 1878/858/800 1880/859/801 1882/860/802 1881/861/803
f 2395/862/804 2397/863/805 2398/864/806 2396/865/629
f 231/186/155 233/866/807 232/867/808 230/868/809
f 2229/444/402 2231/443/401 2232/869/810 2230/870/811
f 227/871/812 229/187/156 228/872/813 221/873/814
f 226/836/778 227/871/812 221/873/814 220/594/546
f 225/837/779 226/836/778 220/594/546 224/593/545
f 1491/874/815 1492/875/816 1484/876/817 1486/877/818
f 1547/878/819 1546/879/820 1550/880/821 1549/881/822
f 1760/882/823 1747/883/824 1759/884/825 1763/451/408
f 1862/885/826 1863/886/827 1864/887/828 1861/856/798
f 223/888/829 224/593/545 217/168/137 216/889/830
f 1094/890/831 1095/891/832 1083/892/833 1084/893/834
f 220/594/546 221/873/814 219/894/835 218/169/138
f 218/169/138 219/894/835 201/895/836 200/170/139
f 1682/896/837 1683/897/838 1676/807/750 1677/806/749
f 1131/750/698 1133/749/697 1130/99/77 1129/98/76
f 1822/17/16 1798/16/15 1821/898/839 1834/899/840
f 169/589/541 185/620/571 170/900/841 168/901/842
f 215/733/681 216/889/830 203/902/843 204/734/682
f 709/358/322 719/903/844 718/904/845 710/905/846
f 1794/906/847 1853/907/848 1854/636/587 1791/635/586
f 227/871/812 226/836/778 244/810/753 243/809/752
f 1066/908/849 1065/909/850 1079/910/851 1078/911/852
f 867/912/853 871/791/734 868/913/854 853/914/855
f 211/915/856 212/916/857 207/917/858 209/918/859
f 1739/719/667 1736/919/860 1750/322/286 1749/920/861
f 2585/391/351 2590/921/862 2591/922/863 2583/923/864
f 2027/924/865 2029/925/866 2030/926/867 2028/927/868
f 307/35/29 308/34/30 299/11/11 300/10/10
f 572/410/370 574/928/869 571/929/870 564/411/371
f 2575/930/871 2593/931/872 2573/932/873
f 6/933/874 191/735/683 4/934/875 5/935/876
f 191/735/683 204/734/682 190/936/877 4/934/875
f 193/937/878 190/936/877 204/734/682 203/902/843
f 195/938/879 193/937/878 203/902/843 202/171/140
f 2223/939/880 2225/940/881 2226/941/882 2240/942/883
f 654/943/884 660/944/885 659/945/886 655/946/887
f 2576/947/888 2592/948/889 2575/930/871
f 197/949/890 199/950/891 198/951/892 196/952/4
f 1168/953/893 1141/954/894 1142/955/895 1166/956/896
f 1173/957/897 1174/958/898 1140/959/695 1141/954/894
f 1799/461/417 1820/460/416 1821/898/839 1798/16/15
f 1683/897/838 1684/960/899 1674/961/900 1676/807/750
f 1684/960/899 1683/897/838 1688/962/901 1686/963/902
f 195/938/879 197/949/890 196/952/4 194/964/3
f 193/937/878 195/938/879 194/964/3 192/965/903
f 190/936/877 193/937/878 192/965/903 3/966/904
f 853/914/855 851/967/905 855/968/906 867/912/853
f 582/969/585 574/928/869 573/970/907 575/971/698
f 28/972/908 27/115/90 29/774/719 5/935/876
f 2717/134/65 2716/133/106 2714/136/108 2721/973/909
f 1686/963/902 1687/974/910 1685/975/911 1684/960/899
f 1684/960/899 1685/975/911 1675/976/912 1674/961/900
f 2169/977/913 2171/978/914 2170/330/294 2175/333/297
f 705/979/628 706/359/323 704/980/915 703/981/625
f 1189/241/209 1192/240/208 1194/982/916 1186/983/917
f 2049/984/918 2010/985/919 2051/402/362 2050/401/361
f 2069/986/920 2071/987/921 2073/400/360 2067/399/359
f 1769/370/334 1771/745/693 1772/744/692 1767/367/331
f 1/988/922 7/25/23 2/989/923 3/966/904
f 1862/885/826 1861/856/798 1860/855/797 1879/990/924
f 1669/804/747 1671/991/925 1670/992/926 1668/993/927
f 2300/718/343 2305/994/342 2295/995/341 2296/715/340
f 24/117/23 25/116/23 21/385/23 20/384/23
f 132/223/191 355/355/319 131/299/263 130/224/192
f 17/996/23 19/997/23 18/387/23 16/386/23
f 610/998/928 617/999/929 616/1000/930 612/1001/931
f 1304/1002/932 1305/1003/933 1303/1004/934 1302/1005/935
f 252/259/227 251/234/202 262/237/205 261/260/228
f 1498/1006/936 1507/351/315 1499/225/193 1473/1007/937
f 1662/1008/938 1663/1009/939 1679/1010/940 1664/1011/941
f 1041/1012/942 1044/626/577 1040/625/576 1039/1013/943
f 1645/1014/944 1649/1015/945 1646/1016/946 1641/1017/947
f 2345/1018/948 2342/1019/949 2341/1020/950 2348/1021/951
f 1017/1022/952 1019/1023/953 1016/1024/954 1015/1025/955
f 12/1026/956 13/1027/23 11/431/23 10/1028/922
f 1656/1029/957 1657/1030/958 1631/1031/959 1630/1032/960
f 2572/1033/961 2573/932/873 2574/1034/962
f 2570/1035/963 2571/1036/964 2572/1033/961
f 21/385/23 22/27/24 14/432/23 16/386/23
f 15/1037/23 17/996/23 16/386/23 14/432/23
f 13/1027/23 15/1037/23 14/432/23 11/431/23
f 574/928/869 582/969/585 576/1038/965 571/929/870
f 1731/527/480 1728/1039/966 1730/1040/967 1738/738/686
f 1655/1041/968 1653/1042/969 1659/1043/970 1656/1029/957
f 2555/150/122 2554/1044/971 2565/1045/972
f 2130/1046/973 2132/1047/974 2133/1048/975 2131/1049/976
f 1884/1050/977 1885/1051/978 1886/87/67 1923/86/66
f 326/1052/70 328/1053/979 327/1054/29
f 328/1053/979 329/1055/29 327/1054/29
f 708/1056/320 2651/1057/980 2655/1058/981 2654/1059/321
f 329/1055/29 330/1060/29 327/1054/29
f 352/1061/982 354/1062/982 353/1063/983 351/1064/984
f 364/403/363 365/408/368 348/1065/985 349/1066/984
f 85/301/265 86/300/264 84/1067/264 83/326/290
f 1690/1068/986 1681/1069/987 1679/1010/940 1680/1070/988
f 333/1071/29 335/1072/29 334/1073/29
f 334/1073/29 335/1072/29 336/1074/29
f 335/1072/29 337/1075/29 336/1074/29
f 336/1074/29 337/1075/29 338/1076/29
f 337/1075/29 339/1077/982 338/1076/29
f 338/1076/29 339/1077/982 340/1078/982
f 1446/623/574 1416/1079/989 1417/1080/990 1445/62/54
f 2559/1081/991 2560/1082/992 2561/1083/993
f 2548/1084/994 2558/1085/995 2559/1081/991
f 1105/1086/996 1107/1087/997 1106/101/79 1104/100/78
f 1289/1088/998 1290/1089/999 1286/105/83 1287/104/82
f 329/1055/29 328/1053/979 341/1090/979
f 2380/1091/1000 2381/1092/1001 854/1093/1002 2382/1094/1003
f 2132/1047/974 2143/1095/1004 2145/1096/1005 2133/1048/975
f 339/1077/982 337/1075/29 342/1097/982
f 342/1097/982 337/1075/29 343/1098/29
f 337/1075/29 335/1072/29 343/1098/29
f 343/1098/29 335/1072/29 344/1099/29
f 335/1072/29 333/1071/29 344/1099/29
f 333/1071/29 330/1060/29 344/1099/29
f 515/1100/1006 520/1101/1007 516/1102/1008 517/1103/1009
f 330/1060/29 329/1055/29 344/1099/29
f 344/1099/29 329/1055/29 345/1104/29
f 329/1055/29 341/1090/979 345/1104/29
f 341/1090/979 346/1105/263 345/1104/29
f 346/1105/263 347/1106/982 345/1104/29
f 345/1104/29 347/1106/982 343/1098/29
f 347/1106/982 342/1097/982 343/1098/29
f 2158/1107/1010 2160/1108/1011 2161/1109/1012 2159/1110/1013
f 1654/1111/1014 1630/1032/960 1627/1112/1015 1632/1113/1016
f 344/1099/29 345/1104/29 343/1098/29
f 1648/1114/1017 1654/1111/1014 1632/1113/1016 1634/1115/1018
f 1647/1116/1019 1648/1114/1017 1634/1115/1018 1636/1117/1018
f 348/1065/985 340/1118/982 349/1066/984
f 1639/1119/1020 1647/1116/1019 1636/1117/1018 1638/1120/1021
f 340/1118/982 350/1121/982 349/1066/984
f 333/1071/29 334/1073/29 315/1122/29 332/1123/29
f 78/388/348 85/301/265 83/326/290 77/325/289
f 1999/1124/1022 2000/1125/1023 2002/1126/1024 2001/1127/1025
f 2546/1128/453 2547/1129/1026 2548/1084/994
f 362/1130/1027 361/354/318 374/481/436 373/423/383
f 664/552/505 658/1131/147 657/1132/1028 663/553/506
f 1407/1133/1029 1410/1134/1030 1409/1135/1031 1408/1136/1032
f 2545/1137/1033 2544/1138/1034 2546/1128/453
f 2408/773/718 2411/772/717 2412/1139/1035 2410/1140/1036
f 2445/1141/1037 2455/1142/1038 2456/1143/1039 2448/1144/1040
f 119/1145/1041 120/205/174 96/1146/1042 97/1147/1043
f 208/776/720 210/775/111 209/918/859 207/917/858
f 110/390/350 97/1147/1043 98/362/326 99/298/262
f 1890/1148/1044 1907/1149/1045 1888/1150/1046 1887/1151/1047
f 108/54/46 107/278/242 114/1152/1048 113/55/47
f 350/1121/982 352/1061/982 351/1064/984 349/1066/984
f 2001/1127/1025 2002/1126/1024 2003/1153/1049 1991/1154/1050
f 115/1155/1051 116/1156/1052 113/55/47 114/1152/1048
f 573/970/907 574/928/869 572/410/370 555/1157/1053
f 2539/1158/6 2536/1159/1054 2533/1160/64
f 1013/1161/1055 1014/1162/1056 1010/1163/1057 1009/1164/1058
f 2225/940/881 2223/939/880 2224/1165/1059 2228/1166/1060
f 116/1156/1052 117/1167/1061 112/56/48 113/55/47
f 2189/1168/1062 2172/1169/1063 2190/1170/1064 2208/1171/1065
f 362/1130/1027 363/404/364 351/1064/984 353/1063/983
f 1359/1172/1066 1360/1173/1067 1358/1174/1068 1357/1175/1069
f 110/390/350 109/53/45 112/56/48 111/1176/1070
f 111/1176/1070 119/1145/1041 97/1147/1043 110/390/350
f 1187/1177/1071 1197/1178/1072 1196/1179/1073 1188/1180/1074
f 2450/1181/1075 677/1182/1076 2452/487/441 2451/486/440
f 1209/1183/1077 1219/1184/1078 1218/712/662 1210/711/661
f 143/1185/1079 119/1145/1041 111/1176/1070 118/1186/1080
f 2713/699/650 2714/136/108 2715/135/107 2710/283/247
f 1365/1187/1081 1366/1188/1082 1364/1189/1083 1363/1190/1084
f 1061/1191/1085 1062/1192/1086 956/1193/1087 958/1194/1088
f 1069/1195/1089 1068/18/17 1076/21/20 1071/341/305
f 387/1196/1090 388/1197/1091 386/1198/1092 385/1199/1093
f 385/1199/1093 390/1200/1094 389/1201/1095 387/1196/1090
f 382/1202/1096 381/1203/1097 390/1200/1094 385/1199/1093
f 514/1204/728 509/1205/1098 510/1206/1099 513/1207/1099
f 385/1199/1093 386/1198/1092 384/1208/740 382/1202/1096
f 2524/1209/1100 2525/1210/1101 2527/1211/1102 2526/1212/1103
f 1029/1213/1104 1032/1214/1105 1028/617/568 1027/616/567
f 1030/1215/1106 988/1216/1107 989/1217/1108 1025/1218/1109
f 1363/1190/1084 1364/1189/1083 1362/1219/1110 1361/1220/1111
f 1377/1221/1112 1196/1179/1073 1197/1178/1072 1375/1222/1113
f 1479/1223/1114 1481/1224/1115 1480/1225/1116 1478/1226/1117
f 1881/861/803 1883/1227/1118 1877/1228/1119 1878/858/800
f 1259/1229/1120 1261/1230/1121 1260/83/63 1258/82/63
f 1061/1191/1085 1060/1231/1122 1084/893/834 1083/892/833
f 1402/1232/1123 1405/1233/1124 1404/1234/1125 1403/1235/1126
f 1354/1236/1127 1355/1237/1128 1351/1238/1129 1353/1239/1130
f 1420/1240/1131 1421/1241/1132 1419/1242/1133 1406/1243/1134
f 390/1200/1094 381/1203/1097 395/835/777 392/834/776
f 390/1200/1094 392/834/776 391/1244/1135 389/1201/1095
f 213/1245/1136 397/509/462 396/512/465 380/1246/1137
f 392/834/776 394/833/775 393/1247/1138 391/1244/1135
f 2215/1248/1139 2217/1249/1140 2218/1250/1141 2216/1251/1142
f 1048/808/751 1046/614/565 1052/613/564 1049/1252/1143
f 1348/849/791 1619/1253/1068 1347/1254/1144 1336/1255/1145
f 2092/1256/1146 2097/1257/1147 2098/1258/1148 2090/213/181
f 1767/367/331 1772/744/692 1773/1259/1149 1765/454/411
f 2488/127/100 2505/44/37 2489/43/36
f 1716/1260/1150 1718/1261/1151 1726/1262/1152 1717/1263/1153
f 225/837/779 239/1264/1154 246/796/739 245/815/758
f 1211/714/664 1217/713/663 1216/1265/1155 1213/1266/1156
f 1057/1267/1157 1056/1268/1158 1088/1269/1159 1087/268/236
f 2506/46/39 2508/1270/1160 2507/47/40
f 2505/44/37 2506/46/39 2504/45/38
f 406/1271/1161 408/1272/1162 407/1273/1163 394/1274/1164
f 1517/1275/1165 1519/1276/1166 1514/1277/1167 1515/1278/1168
f 2494/1279/1169 2496/1280/926 1672/1281/1170 2495/1282/1171
f 1165/1283/1172 1167/1284/1173 1164/1285/1174 1163/1286/1175
f 2317/1287/1176 2316/1288/1177 2315/1289/1178 2333/1290/1179
f 2714/136/108 2713/699/650 2723/85/65 2721/973/909
f 412/1291/1180 413/1292/1181 408/1272/1162 406/1271/1161
f 411/1293/1182 412/1291/1180 406/1271/1161 405/1294/1183
f 1745/519/472 1743/518/471 1747/883/824 1760/882/823
f 1664/1011/941 1679/1010/940 1678/1295/1184 1665/1296/1185
f 450/1297/1186 449/1298/1187 458/1299/1188 453/1300/1189
f 2534/1301/1190 2540/499/453 2541/502/455 2532/1302/1191
f 53/1303/1192 420/1304/1193 419/1305/1194 418/1306/1195
f 2499/1307/1196 2500/1308/38 2501/1309/1197
f 2497/1310/1198 2498/592/544 2499/1307/1196
f 414/1311/1199 415/1312/1200 413/1292/1181 412/1291/1180
f 291/693/644 290/1313/1201 298/1314/1202 297/1315/1203
f 1185/1316/1204 1198/1317/1205 1187/1177/1071 1186/983/917
f 2512/1318/1206 2515/828/770 2517/831/773 2516/1319/1207
f 2496/1280/926 2494/1279/1169 2497/1310/1198
f 69/389/349 77/325/289 76/141/113 71/140/112
f 2663/1320/1208 2665/1321/1209 2660/564/517 2661/563/516
f 2659/1322/1210 2657/1323/1211 2660/564/517 2665/1321/1209
f 412/1291/1180 411/1293/1182 421/1324/1212 414/1311/1199
f 2712/700/651 2727/1325/1213 2728/1326/1214 2726/23/22
f 2670/1327/1215 2684/1328/1216 2681/1329/1217 2679/762/356
f 1922/88/68 1888/1150/1046 1920/463/419 1927/1330/1218
f 1807/1331/1219 1808/1332/1220 1801/420/380 1802/419/379
f 2317/1287/1176 2318/1333/1221 2319/1334/1222 2316/1288/1177
f 2277/198/167 2288/1335/1223 2289/1336/1224 2276/195/164
f 429/1337/90 428/1338/23 430/1339/130
f 2111/1340/1225 2112/1341/1226 2114/1342/1227 2113/1343/1228
f 430/1339/130 431/158/23 432/161/130
f 1427/1344/1229 1429/294/258 1428/297/261 1425/1345/1230
f 432/161/130 433/160/42 434/1346/149
f 2400/1347/1231 2407/770/715 2408/773/718 2402/1348/1232
f 2307/1349/1233 2308/1350/1234 2310/381/345 2309/1351/1235
f 423/1352/90 425/276/23 429/1337/90
f 2406/1353/1236 545/1354/1237 2414/771/716 2407/770/715
f 1498/1006/936 1497/1355/1238 1509/1356/1239 1508/1357/1240
f 37/138/110 39/190/159 38/1358/1241 36/139/111
f 54/360/324 98/362/326 97/1147/1043 96/1146/1042
f 106/70/42 438/69/23 439/1359/23
f 2164/1360/1242 2151/1361/1243 2149/1362/1244 2159/1110/1013
f 2298/1363/1245 2297/1364/340 2312/1365/1246 2311/382/346
f 2398/864/806 2400/1347/1231 2402/1348/1232 2401/1366/1231
f 1851/280/244 1852/1367/1247 1858/1368/1248 1853/907/848
f 361/354/318 362/1130/1027 353/1063/983 355/355/319
f 442/1369/23 443/1370/23 441/1371/23
f 100/450/42 101/277/241 99/298/262 48/180/149
f 443/1370/23 19/1372/23 444/1373/23
f 1154/1374/1249 1156/1375/1250 1155/1376/1251 1153/1377/1252
f 2153/1378/1253 2156/231/199 2157/230/198 2155/1379/1254
f 46/193/162 42/192/161 44/191/160 45/181/150
f 1130/99/77 1135/766/711 1102/769/714 1104/100/78
f 2416/1380/1255 2441/1381/1256 2442/1382/1257 2440/1383/1258
f 2474/1384/1259 2475/1385/1260 2477/1386/1261 2476/1387/1262
f 449/1298/1187 450/1297/1186 447/1388/1186 448/1389/1263
f 2415/1390/1264 2416/1391/1265 2404/1392/1255 2403/1393/1266
f 445/1394/23 439/1359/23 440/274/23
f 179/631/582 181/1395/1267 180/1396/1268 178/632/583
f 1039/1013/943 1040/625/576 1038/1397/1269 1035/1398/1270
f 1288/1399/1271 1322/1400/1272 1321/1401/1273 1306/1402/1274
f 2632/1403/1275 2633/1404/1276 2635/1405/1277 2634/1406/1278
f 473/1407/1279 472/1408/1280 481/2/2 476/1/1
f 663/553/506 662/1409/1281 669/1410/948 668/554/507
f 2020/147/119 2013/1411/1282 2021/1412/1283 2024/1413/1284
f 156/255/223 157/525/478 146/492/446 145/256/224
f 2259/1414/1285 2262/1415/1286 2263/1416/1287 2261/1417/1288
f 2625/1418/1289 2638/1419/1290 2635/1405/1277 2633/1404/1276
f 590/634/585 575/1420/1291 589/373/337 588/372/336
f 2119/1421/1292 2120/1422/1293 2122/1423/1294 2121/1424/1295
f 1345/1425/1296 1352/1426/1297 1331/1427/1298 1330/1428/1299
f 1542/1429/1300 1540/1430/1301 1555/1431/1302 1554/1432/1303
f 677/1433/1304 2462/1434/1075 2464/162/131 2463/1435/1305
f 1115/1436/1306 1116/1437/1307 1112/1438/1308 1114/1439/1309
f 489/1440/1310 12/1441/956 490/1442/922 487/1443/1311
f 491/1444/922 486/1445/1312 487/1443/1311 490/1442/922
f 120/205/174 119/1145/1041 143/1185/1079 142/206/175
f 481/2/2 472/1408/1280 486/1445/1312 483/1446/1313
f 289/8/8 290/1313/1201 273/741/689 274/704/655
f 2438/1447/1314 2433/1448/1315 2431/1449/1316 2439/1450/1317
f 606/1451/1318 607/1452/1319 605/1453/1320 580/1454/412
f 2330/79/60 2328/1455/1321 2331/1456/1322 2336/76/57
f 2645/97/75 2648/96/74 2650/1457/1215 2649/1458/437
f 472/1408/1280 473/1407/1279 470/1459/1323 471/1460/1324
f 1269/1461/1325 1270/103/81 1266/783/726 1268/1462/1326
f 1838/1463/1327 1832/1464/1328 1839/1465/1329 1846/1466/1330
f 320/1467/29 321/1468/1331 319/37/30 318/36/29
f 2417/1469/1332 2419/1470/1333 2429/1471/1334 2418/1472/1335
f 1444/63/55 1418/1473/1336 1443/1474/1337 1441/1475/1338
f 491/1444/922 485/1476/922 483/1446/1313 486/1445/1312
f 1542/1429/1300 1543/1477/1339 1536/646/597 1537/645/596
f 455/1478/1340 456/1479/1341 454/1480/1342 453/1300/1189
f 453/1300/1189 458/1299/1188 457/1481/1343 455/1478/1340
f 2404/1392/1255 2418/1472/1335 2422/1482/1344 2421/1483/1345
f 834/765/710 839/764/709 838/752/700 836/1484/1346
f 453/1300/1189 454/1480/1342 452/1485/1342 450/1297/1186
f 694/429/389 2698/1486/1347 2699/672/623 695/671/622
f 450/1297/1186 452/1485/1342 451/1487/1342 447/1388/1186
f 447/1388/1186 451/1487/1342 446/1488/1342 294/1489/1348
f 2447/1490/1349 2448/1144/1040 2449/1491/1350 2432/1492/1351
f 1982/1493/1352 1981/1494/1353 1984/822/764 1983/1495/1354
f 500/1496/724 505/1497/724 504/1498/723 502/1499/723
f 403/609/560 405/1294/1183 404/1500/1355 402/610/561
f 294/1489/1348 297/1315/1203 448/1389/1263 447/1388/1186
f 297/1315/1203 464/1501/1356 463/1502/1357 448/1389/1263
f 464/1501/1356 466/1503/1358 465/1504/1359 463/1502/1357
f 1244/1505/1360 1279/1506/1361 1243/652/603 1231/651/602
f 1928/89/69 1936/1507/1362 1937/1508/1363 1935/669/620
f 2337/77/58 2336/76/57 2355/1509/1364 2354/1510/1365
f 292/683/634 291/693/644 297/1315/1203 294/1489/1348
f 458/1299/1188 449/1298/1187 462/1511/1366 460/1512/1366
f 458/1299/1188 460/1512/1366 459/1513/1367 457/1481/1343
f 2137/439/397 2140/438/396 2141/1514/1368 2135/1515/1369
f 2129/1516/1370 2130/1046/973 2131/1049/976 2101/1517/1371
f 2600/1518/1372 2601/1519/1373 2602/310/274 2598/1520/1374
f 2468/1521/1255 2470/1522/1255 2471/1523/1375 2469/1524/1376
f 2416/1391/1265 2417/1469/1332 2418/1472/1335 2404/1392/1255
f 1544/1525/1377 1551/1526/1378 1545/1527/1379 1535/1528/1380
f 2266/1529/1381 2258/1530/1382 2272/1531/1383 2268/1532/1384
f 569/1533/1385 570/1534/898 568/1535/1386 566/1536/1387
f 197/949/890 195/938/879 202/171/140 200/170/139
f 471/1460/1324 487/1443/1311 486/1445/1312 472/1408/1280
f 1270/103/81 1271/102/80 1264/784/727 1266/783/726
f 1099/1537/1388 1105/1086/996 1104/100/78 1102/769/714
f 502/1499/723 503/1538/1389 501/1539/1390 500/1496/724
f 507/1540/724 508/1541/1391 258/1542/723 506/1543/723
f 1060/1231/1122 1061/1191/1085 958/1194/1088 960/1544/1392
f 2469/1524/1376 2471/1523/1375 2473/1545/1393 2472/1546/1394
f 1691/695/646 1692/698/649 1696/1547/1395 1707/1548/1396
f 2472/1546/1394 2473/1545/1393 2475/1385/1260 2474/1384/1259
f 1020/1549/1397 992/1550/1398 994/243/211 1018/242/210
f 1060/1231/1122 1059/1551/1399 1085/1552/1400 1084/893/834
f 1705/1553/1401 1708/1554/1402 1701/728/676 1702/827/769
f 2413/1555/1260 2420/1556/1393 2409/1557/1403 2410/1140/1036
f 2472/1546/1394 2480/109/87 2467/163/132 2469/1524/1376
f 512/1558/1404 234/1559/1404 513/1207/1099 510/1206/1099
f 1983/1495/1354 1984/822/764 1985/825/767 1967/1560/1405
f 1022/1561/1406 1024/1562/1407 1020/1549/1397 1019/1023/953
f 2483/111/89 2479/110/88 2478/1563/1408 2485/1564/1409
f 505/1497/724 496/1565/1098 509/1205/1098 507/1540/724
f 970/1566/1410 972/1567/1411 971/819/761 969/818/760
f 552/1568/273 557/1569/1412 556/1570/1413 551/1571/1414
f 514/1204/728 508/1541/1391 507/1540/724 509/1205/1098
f 505/1497/724 507/1540/724 506/1543/723 504/1498/723
f 493/1572/1404 511/1573/1404 495/1574/1415 494/1575/1416
f 2152/1576/976 2153/1378/1253 2155/1379/1254 2154/1577/1371
f 2476/1387/1262 2478/1563/1408 2479/110/88 2474/1384/1259
f 2252/1578/1417 2248/579/531 2247/537/490 2253/1579/1418
f 1572/1580/1419 1571/1581/1420 1576/516/469 1574/515/468
f 1752/305/269 1757/304/268 1749/920/861 1750/322/286
f 1272/1582/1421 1273/80/61 1260/83/63 1262/1583/1422
f 1271/102/80 1272/1582/1421 1262/1583/1422 1264/784/727
f 495/1574/1415 510/1206/1099 509/1205/1098 496/1565/1098
f 2466/1584/1423 2468/1521/1255 2469/1524/1376 2467/163/132
f 1460/1585/340 1461/1586/1424 1459/377/341 1457/376/340
f 637/1587/1425 643/1588/1426 636/1589/1427 628/185/154
f 628/185/154 630/184/153 638/1590/1428 637/1587/1425
f 2463/1435/1305 2464/162/131 2481/108/86 2465/1591/1429
f 290/1313/1201 291/693/644 272/694/645 273/741/689
f 628/185/154 636/1589/1427 625/1592/320 629/182/151
f 2593/931/872 2595/1593/1430 2596/1594/1431 2594/1595/1432
f 2692/1596/1433 2694/595/547 635/598/420 2701/1597/423
f 2104/1598/1434 2106/1599/1435 2107/1600/1436 2103/1601/1437
f 644/1602/1438 645/1603/1439 643/1588/1426 637/1587/1425
f 2140/438/396 2142/441/399 2144/1604/1440 2143/1095/1004
f 1125/1605/1441 1129/98/76 1106/101/79 1108/1606/1442
f 2046/1607/1443 2083/1608/1444 2086/447/405 2085/446/404
f 526/1609/1445 528/1610/1446 527/1611/1447
f 120/205/174 121/204/173 95/222/190 96/1146/1042
f 528/1610/1446 530/1612/1448 529/1613/1449
f 1500/226/194 1501/1614/1450 1469/1615/1451 1472/227/195
f 1564/1616/1452 1565/1617/320 1563/1618/1453 1562/1619/1454
f 5/935/876 29/774/719 208/776/720 6/933/874
f 2072/1620/1455 2076/1621/1456 2077/1622/1457 2074/1623/1458
f 2148/1624/1005 2149/1362/1244 2151/1361/1243 2150/1625/975
f 1785/1626/1459 1782/1627/1460 1784/15/14 1797/14/13
f 1242/1628/1461 1296/1629/1462 1241/1630/1463 1233/1631/1464
f 2426/1632/1465 2434/1633/1466 2435/1634/1467 2427/1635/1468
f 2542/500/454 2540/499/453 2551/1636/1469 2550/153/125
f 2116/1637/1470 2121/1424/1295 2123/1638/1471 2117/1639/1472
f 467/1640/30 461/1641/30 460/1512/1366 462/1511/1366
f 1137/1642/1473 1138/1643/1474 1136/767/712 1135/766/711
f 59/247/215 57/246/214 93/1644/1475 92/1645/1476
f 448/1389/1263 463/1502/1357 462/1511/1366 449/1298/1187
f 460/1512/1366 461/1641/30 321/1646/1331 459/1513/1367
f 1170/252/220 1172/1647/1477 1168/953/893 1167/1284/1173
f 476/1/1 477/1648/892 475/1649/892 473/1407/1279
f 2696/596/548 2698/1486/1347 642/1650/1478 2697/597/549
f 266/740/688 265/701/652 274/704/655 273/741/689
f 2557/1651/1479 2556/151/123 2564/1652/1480 2563/1653/1481
f 546/39/32 547/1654/1482 542/40/33
f 547/1654/1482 548/1655/1483 541/1656/1484
f 2025/148/120 2027/924/865 2028/927/868 2026/1657/1485
f 1682/896/837 1681/1069/987 1690/1068/986 1689/1658/1486
f 640/551/504 641/337/301 639/465/421 635/464/420
f 1586/1659/341 1581/513/466 1579/1660/1487 1580/1661/1488
f 2014/1662/1489 2022/1663/1490 2023/1664/1491 2021/1412/1283
f 630/184/153 632/466/422 639/465/421 638/1590/1428
f 1175/1665/1492 1176/1666/1493 1174/958/898 1173/957/897
f 1825/1667/1494 1818/1668/1495 1827/1669/1496 1826/1670/1497
f 57/246/214 56/329/293 94/221/189 93/1644/1475
f 2172/1169/1063 2173/1671/1498 2174/331/295 2170/330/294
f 2600/1518/1372 2598/1520/1374 2599/1672/1499 2617/1673/1500
f 1239/1674/1501 1240/1675/1502 1238/1676/1503 1236/1677/1504
f 2592/948/889 2591/922/863 2590/921/862 2595/1593/1430
f 2393/630/581 2394/1678/1412 2391/309/273 2392/308/272
f 1134/748/696 1139/1679/1505 1137/1642/1473 1133/749/697
f 1594/1680/1506 1592/1681/1507 1599/1682/1508 1597/1683/1509
f 2703/291/255 2705/675/626 2706/674/625 2704/292/256
f 1261/1230/1121 1263/1684/1510 1262/1583/1422 1260/83/63
f 2262/1415/1286 2264/1685/1511 2138/1686/1512 2263/1416/1287
f 470/1459/1323 474/1687/892 468/1688/1513 469/1689/1514
f 222/1690/1515 223/888/829 216/889/830 215/733/681
f 560/1691/1516 562/409/369 563/412/372
f 2/989/923 28/972/908 5/935/876 4/934/875
f 563/412/372 564/411/371 565/1692/725
f 621/1693/1517 619/1694/1518 627/1695/1519 626/1696/152
f 1582/514/467 1581/513/466 1586/1659/341 1584/1697/726
f 2068/1698/1520 2070/1699/1521 2071/987/921 2069/986/920
f 654/943/884 655/946/887 646/1700/1522 650/335/299
f 1469/1615/1451 1470/1701/1523 1468/1702/1524 1467/1703/1451
f 200/170/139 201/895/836 199/950/891 197/949/890
f 1100/1704/1525 1101/1705/1526 1077/20/19 1078/911/852
f 1930/1706/1527 1929/668/619 1932/667/618 1931/1707/1528
f 2670/1327/1215 2669/1708/1529 2685/1709/1530 2684/1328/1216
f 1626/1710/1531 1633/1711/1532 1632/1113/1016 1627/1112/1015
f 627/1695/1519 619/1694/1518 618/1712/1533 620/1713/894
f 891/541/494 889/639/590 896/682/633 893/538/491
f 185/620/571 187/600/551 186/603/554 170/900/841
f 1646/1016/946 1650/1714/1534 1647/1116/1019 1639/1119/1020
f 1651/1715/1535 1653/1042/969 1652/1716/1536 1650/1714/1534
f 686/430/390 692/426/386 672/425/385 661/1717/1537
f 599/468/356 600/396/356 595/485/439 597/484/438
f 2113/1343/1228 2114/1342/1227 2115/1718/1538 1901/1719/1539
f 676/798/741 678/1720/1540 677/1721/1429 675/1722/1541
f 579/457/413 577/1723/1542 581/1724/1543
f 687/1725/1544 714/58/50 684/778/722 682/1726/1545
f 581/1724/1543 576/1038/965 582/969/585
f 672/425/385 674/424/384 673/1727/1429 671/1728/1546
f 674/424/384 676/798/741 675/1722/1541 673/1727/1429
f 612/1001/931 613/1729/1547 567/1730/1548 611/1731/1549
f 2539/1158/6 2577/1732/5 2578/1733/1550 2576/947/888
f 2605/311/275 2607/1734/1551 2608/1735/1552 2606/312/276
f 2651/1057/980 2648/96/74 2647/95/73 2655/1058/981
f 2314/1736/1553 2315/1289/1178 2316/1288/1177 2320/1737/1554
f 2684/1328/1216 2685/1709/1530 2687/1738/1555 2686/1739/1556
f 438/69/23 427/275/23 440/274/23 439/1359/23
f 2317/1287/1176 2333/1290/1179 2334/1740/1557 2332/1741/1558
f 428/1338/23 436/72/23 431/158/23 430/1339/130
f 2332/1741/1558 2334/1740/1557 2305/1742/342 2335/1743/1364
f 1173/957/897 1172/1647/1477 1180/1744/1559 1175/1665/1492
f 268/742/690 269/1745/1560 261/260/228 262/237/205
f 2674/761/708 2676/760/708 2677/1746/437 2675/1747/437
f 6/933/874 208/776/720 207/917/858 206/568/521
f 123/476/431 122/220/188 140/1748/1561 139/475/430
f 891/541/494 892/540/493 598/1749/437 890/640/591
f 2309/1351/1235 2310/381/345 1225/380/344 1223/1750/1562
f 2421/1483/1345 2422/1482/1344 2424/679/630 2423/678/629
f 2403/1393/1266 2404/1392/1255 2405/1751/1563 2401/1366/1231
f 2631/1752/1564 2629/1753/1565 2633/1404/1276 2632/1403/1275
f 579/457/413 580/456/412 578/1754/1566 577/1723/1542
f 1228/1755/1567 1245/1756/1568 1229/1757/1569 1226/1758/1570
f 266/740/688 267/739/687 263/236/204 264/759/707
f 2441/1381/1256 2443/1759/1423 2444/1760/1571 2442/1382/1257
f 652/643/594 653/1761/1572 660/944/885 654/943/884
f 1224/1762/1573 1226/1758/1570 1229/1757/1569 1230/1763/1574
f 2325/1764/1575 2326/1765/1576 2328/1455/1321 2327/1766/1035
f 2327/1766/1035 2328/1455/1321 2330/79/60 2329/1767/1261
f 2098/1258/1148 2100/1768/450 2101/1769/1577 2099/1770/1578
f 606/1451/1318 608/1771/1579 607/1452/1319
f 1497/1355/1238 1498/1006/936 1473/1007/937 1474/1772/1580
f 2323/1773/716 2321/1774/1581 2326/1765/1576 2325/1764/1575
f 483/1446/1313 485/1476/922 484/1775/1582 482/1776/1583
f 2376/208/177 2389/286/250 2374/285/249 2375/754/702
f 566/1536/1387 568/1535/1386 567/1777/1548 565/1692/725
f 418/1306/1195 419/1305/1194 410/1778/1584 409/1779/1585
f 613/1729/1547 614/1780/1586 615/1781/1587
f 2321/1774/1581 2319/1334/1222 2318/1333/1221 2326/1765/1576
f 2338/78/59 2340/1782/1588 2343/1783/1589 2347/1784/1262
f 167/590/542 169/589/541 168/901/842 163/1785/1590
f 1787/1786/1591 1785/1626/1459 1797/14/13 1796/123/97
f 576/1038/965 581/1724/1543 577/1723/1542 569/1533/1385
f 2429/1471/1334 2431/1449/1316 2433/1448/1315 2428/1787/1592
f 608/1771/1579 618/1712/1533 617/999/929
f 2567/1788/1593 2568/1789/1594 2570/1035/963 2569/1790/1595
f 622/1791/1596 615/1781/1587 614/1780/1586 621/1693/1517
f 2442/1382/1257 2445/1141/1037 2446/1792/1333 2440/1383/1258
f 2352/1793/1524 2350/1794/1597 2353/1795/1598 2357/1796/1599
f 55/328/292 54/360/324 96/1146/1042 95/222/190
f 1540/1430/1301 1542/1429/1300 1537/645/596 1538/1797/1600
f 1408/1136/1032 1399/1798/1601 1401/1799/1602 1407/1133/1029
f 1987/1800/1603 1989/1801/1604 1991/1802/1605 1990/1803/1606
f 615/1781/1587 622/1791/1596 623/1804/1607
f 561/1805/1608 562/409/369 560/1691/1516 519/1806/1121
f 1455/1807/1609 1457/376/340 1456/379/343 1454/1808/1610
f 1465/1809/1611 1460/1585/340 1457/376/340 1455/1807/1609
f 2093/1810/1612 2095/1811/1613 2097/1257/1147 2092/1256/1146
f 1161/1812/1614 1162/1813/1615 1158/1814/1616 1157/1815/1617
f 2339/1816/1618 2337/77/58 2354/1510/1365 2353/1795/1598
f 1274/81/62 1273/80/61 1284/1817/1619 1283/1818/1620
f 517/1103/1009 554/1819/1608 519/1820/1121 515/1100/1006
f 1120/1821/1621 1122/755/703 1121/758/706 1119/1822/1622
f 707/1823/1623 708/356/320 706/359/323 705/979/628
f 2410/1140/1036 2412/1139/1035 2329/1824/1624 2413/1555/1260
f 1794/906/847 1787/1786/1591 1796/123/97 1795/122/96
f 2482/1825/1625 2483/111/89 2485/1564/1409 2484/1826/1626
f 34/125/98 37/138/110 32/119/93 33/118/92
f 1501/1614/1450 1500/226/194 1506/350/314 1503/1827/1627
f 1224/1762/1573 1230/1763/1574 1213/1266/1156 1216/1265/1155
f 1543/1477/1339 1544/1525/1377 1535/1528/1380 1536/646/597
f 2268/1532/1384 2272/1531/1383 2289/1336/1224 2270/1828/1628
f 28/972/908 2/989/923 7/25/23 23/24/23
f 10/1028/922 11/431/23 9/26/23 8/1829/922
f 2106/1599/1435 2104/1598/1434 2119/1421/1292 2118/1830/1629
f 549/1831/1630 550/1832/1631 539/572/525 540/571/524
f 2348/1021/951 2341/1020/950 2350/1794/1597 2349/1833/508
f 2339/1816/1618 2353/1795/1598 2350/1794/1597 2341/1020/950
f 1255/1834/1632 1257/1835/1633 1256/1836/1452 1254/1837/1634
f 2580/1838/1635 2582/1839/1636 2584/1840/1637 2583/923/864
f 1471/228/196 1472/227/195 1466/1841/1638 1464/1842/1639
f 1278/801/744 1245/1756/1568 1250/1843/1246 1251/802/745
f 1294/1844/1640 1295/1845/1641 1281/1846/1642 1282/1847/1643
f 713/1848/1644 715/59/51 714/58/50 687/1725/1544
f 537/570/523 538/569/522 521/1849/1645 523/1850/1646
f 45/181/150 48/180/149 47/361/325 46/193/162
f 2318/1333/1221 2317/1287/1176 2332/1741/1558 2331/1456/1322
f 2361/1851/700 2360/751/699 2375/754/702 2374/285/249
f 1655/1041/968 1656/1029/957 1630/1032/960 1654/1111/1014
f 1467/1703/1451 1468/1702/1524 1461/1586/1424 1460/1585/340
f 2297/1364/340 2306/1852/1647 2313/1853/1648 2312/1365/1246
f 2174/331/295 2177/1854/1649 2178/1855/1650 2176/332/296
f 651/642/593 653/1761/1572 652/643/594
f 2674/761/708 2671/1856/1651 2670/1327/1215 2679/762/356
f 537/570/523 536/1857/1652 541/1656/1484 540/571/524
f 536/1857/1652 537/570/523 523/1850/1646 525/1858/1653
f 1822/17/16 1823/120/94 1796/123/97 1797/14/13
f 2014/1662/1489 2049/984/918 2050/401/361 2048/1859/1654
f 656/1860/1655 657/1132/1028 658/1131/147
f 1463/1861/1656 1464/1842/1639 1462/724/672 1415/723/671
f 1099/1537/1388 1100/1704/1525 1078/911/852 1079/910/851
f 323/1862/29 320/1467/29 318/36/29 317/73/29
f 1331/1427/1298 1332/1863/1657 1323/1864/1658 1325/1865/1659
f 542/40/33 547/1654/1482 541/1656/1484 536/1857/1652
f 1667/805/748 1669/804/747 1668/993/927 1666/1866/1196
f 653/1761/1572 661/1717/1537 660/944/885
f 1451/726/674 1453/725/673 1452/1867/1660 1412/1868/1661
f 2443/1759/1423 2450/1181/1075 2451/486/440 2444/1760/1571
f 1652/1716/1536 1655/1041/968 1654/1111/1014 1648/1114/1017
f 2648/96/74 2651/1057/980 2652/1869/1529 2650/1457/1215
f 658/1131/147 664/552/505 665/1870/1662
f 2195/1871/1663 2206/1872/1664 2207/1873/1665 2193/1874/1666
f 1453/725/673 1455/1807/1609 1454/1808/1610 1452/1867/1660
f 2354/1510/1365 2355/1509/1364 2305/1742/342 2356/1875/1557
f 837/1876/1667 2358/1877/1346 2359/1878/1668 2363/1879/1669
f 1835/1880/1670 1836/1881/1671 1824/121/95 1823/120/94
f 2036/1882/1672 2038/1883/374 2039/217/185 2037/216/184
f 1434/1884/1673 1435/1885/1674 1430/296/260 1432/1886/1675
f 2637/1887/1676 2635/1405/1277 2638/1419/1290 2643/1888/1677
f 534/1889/1678 533/1890/1679 544/1891/1680 543/38/31
f 2707/676/627 2708/1892/1681 2653/1893/1623 705/677/628
f 183/840/782 182/1894/1411 189/601/552 187/600/551
f 836/1484/1346 837/1895/632 835/1896/1682 834/765/710
f 253/258/226 254/560/513 241/189/158 242/188/157
f 1973/788/731 1968/155/127 1966/1897/1683 1974/1898/1684
f 1049/1252/1143 974/1899/1685 976/1900/1686 1048/808/751
f 22/27/24 21/385/23 25/116/23 23/24/23
f 2294/1901/1687 2291/1902/1688 2292/1903/1689
f 2367/1904/1690 2365/1905/1691 2369/1906/1692 2368/1907/1693
f 2293/1908/1694 2294/1901/1687 2292/1903/1689
f 1756/303/267 1761/1909/1695 1758/1910/1696 1757/304/268
f 2285/1911/1697 2286/1912/1698 2293/1908/1694
f 2076/1621/1456 2078/1913/1699 2080/1914/1700 2077/1622/1457
f 2287/1915/1701 2285/1911/1697 2293/1908/1694
f 534/1889/1678 543/38/31 535/41/34 527/1611/1447
f 2220/1916/1702 2222/1917/1703 2223/939/880 2240/942/883
f 2360/751/699 2359/1878/1668 2358/1877/1346 838/752/700
f 1576/516/469 1577/1918/1704 1579/1660/1487 1581/513/466
f 602/398/358 588/372/336 586/375/339 601/395/355
f 2292/1903/1689 2287/1915/1701 2293/1908/1694
f 2288/1335/1223 2287/1915/1701 2292/1903/1689
f 2368/1907/1693 2369/1906/1692 2370/284/248 548/288/252
f 2290/1919/1705 2288/1335/1223 2292/1903/1689
f 424/1920/23 442/1369/23 441/1371/23 426/273/23
f 1183/1921/1706 1179/1922/1707 1180/1744/1559 1181/251/219
f 2132/1047/974 2130/1046/973 2128/1923/1708 2141/1514/1368
f 2312/1365/1246 2313/1853/1648 1248/1924/1709 1247/1925/1710
f 2500/1308/38 2490/137/109 2489/43/36 2503/42/35
f 2685/1709/1530 2688/1926/1711 2689/1927/1712 2687/1738/1555
f 845/1928/1446 839/764/709 840/649/600 844/1929/1713
f 2025/148/120 2020/147/119 2024/1413/1284 2027/924/865
f 1990/1803/1606 1995/1930/1714 1993/823/765 1992/1931/1352
f 1833/1932/1715 1840/1933/1716 1841/1934/1717 1839/1465/1329
f 2378/211/177 2388/522/475 2389/286/250 2376/208/177
f 851/967/905 853/914/855 852/1935/1001 850/1936/1718
f 853/914/855 868/913/854 854/1937/1002 852/1935/1001
f 868/913/854 870/607/558 869/1938/1719 854/1937/1002
f 2011/1939/1720 2013/1411/1282 2020/147/119 2015/146/118
f 871/791/734 885/604/555 870/607/558 868/913/854
f 2287/1915/1701 2288/1335/1223 2277/198/167
f 1524/644/595 1525/1940/1721 1508/1357/1240 1509/1356/1239
f 4/934/875 190/936/877 3/966/904 2/989/923
f 655/946/887 656/1860/1655 647/1941/1722 646/1700/1522
f 701/1942/256 702/1943/1723 700/177/146 699/176/145
f 2279/1944/1724 2287/1915/1701 2277/198/167
f 703/981/625 704/980/915 702/1943/1723 701/1942/256
f 2285/1911/1697 2287/1915/1701 2279/1944/1724
f 2281/1945/1725 2285/1911/1697 2279/1944/1724
f 2284/1946/1726 2286/1912/1698 2285/1911/1697
f 331/1947/29 325/1948/29 327/1054/29 330/1060/29
f 710/905/846 718/904/845 717/1949/1727 711/1950/1728
f 856/1951/1729 866/1952/1730 855/968/906 849/1953/1731
f 866/1952/1730 872/1954/1732 867/912/853 855/968/906
f 872/1954/1732 884/789/732 871/791/734 867/912/853
f 1293/1955/1733 1292/1956/1734 1298/1957/1735 1297/1958/1736
f 1803/1959/1737 1804/1960/1738 1806/1961/1739 1805/1962/1740
f 1334/847/789 1335/844/786 1319/843/785 1320/1963/1741
f 326/1052/70 327/1054/29 325/1948/29 324/1964/70
f 2280/1965/1742 2282/1966/1743 2281/1945/1725
f 2279/1944/1724 2280/1965/1742 2281/1945/1725
f 2278/197/166 2280/1965/1742 2279/1944/1724
f 2277/198/167 2278/197/166 2279/1944/1724
f 2010/1967/1744 2012/1968/1745 2013/1411/1282 2011/1939/1720
f 917/1969/1746 884/789/732 872/1954/1732 883/1970/1747
f 1714/1971/1748 1717/1263/1153 1719/1972/1749 1697/1973/1750
f 1590/1974/1751 1587/1975/1752 1601/1976/1753 1600/1977/1754
f 511/1573/1404 512/1558/1404 510/1206/1099 495/1574/1415
f 2184/1978/1755 2188/1979/1756 2182/1980/1757 2183/1981/1758
f 829/1982/1759 842/1983/1760 841/648/599 830/647/598
f 1404/1234/1125 1417/1080/990 1416/1079/989 1414/1984/1761
f 808/1985/1762 810/1986/1763 809/1987/1764 807/1988/1765
f 844/1929/1713 849/1953/1731 848/1989/1766 845/1928/1446
f 930/1990/1767 926/1991/1768 927/1992/1769 929/1993/1770
f 925/1994/1771 919/1995/1772 920/1996/1772 922/1997/1771
f 779/1998/1773 765/1999/1774 766/2000/1775 778/2001/1776
f 780/2002/1777 764/2003/1778 765/1999/1774 779/1998/1773
f 797/2004/1779 798/2005/1780 796/2006/1781 795/2007/1782
f 802/2008/1783 803/2009/1784 801/2010/1785 800/2011/1786
f 908/2012/1787 909/2013/1788 745/2014/1789 905/2015/1790
f 722/2016/1791 737/2017/1792 736/2018/1775 724/2019/1793
f 724/2019/1793 736/2018/1775 735/2020/1773 725/2021/1794
f 726/2022/1795 734/2023/1778 733/2024/1796 727/60/52
f 728/57/49 732/2025/1797 731/2026/1798 729/777/721
f 739/2027/1799 740/2028/1800 738/2029/1801 723/2030/1802
f 889/639/590 886/606/557 897/605/556 896/682/633
f 2444/1760/1571 2451/486/440 2453/489/443 2455/1142/1038
f 912/2031/1803 914/2032/1804 930/1990/1767 931/2033/1805
f 752/2034/1792 737/2017/1792 738/2029/1801 751/2035/1801
f 813/2036/1763 827/2037/1806 812/2038/1807 810/1986/1763
f 754/2039/1774 765/1999/1774 764/2003/1778 755/2040/1778
f 725/2021/1794 735/2020/1773 734/2023/1778 726/2022/1795
f 879/2041/1808 920/1996/1772 919/1995/1772 881/2042/1808
f 751/2035/1801 738/2029/1801 740/2028/1800 750/2043/1809
f 743/2044/1810 744/2045/1811 742/2046/1812 741/2047/1813
f 940/2048/1814 941/2049/1815 772/2050/1788 934/2051/1787
f 923/2052/1816 928/2053/1817 927/1992/1769 922/1997/1771
f 819/2054/1818 821/2055/1819 820/2056/1819 817/2057/1820
f 2035/2058/1821 2037/216/184 2031/219/187 2029/925/866
f 548/1655/1483 549/1831/1630 540/571/524 541/1656/1484
f 750/2043/1809 769/2059/1822 768/2060/1801 751/2035/1801
f 858/2061/1823 864/2062/1824 857/2063/1825 842/1983/1760
f 758/2064/1798 731/2026/1798 732/2025/1797 757/2065/1826
f 759/2066/1827 730/2067/1827 731/2026/1798 758/2064/1798
f 788/2068/1828 789/2069/1828 730/2067/1827 759/2066/1827
f 933/2070/1829 748/2071/1788 909/2013/1788 908/2012/1787
f 754/2039/1774 735/2020/1773 736/2018/1775 753/2072/1830
f 939/2073/1831 940/2048/1814 934/2051/1787 935/2074/1832
f 862/2075/1833 876/2076/1834 875/2077/1824 863/2078/1835
f 821/2055/1819 823/2079/1836 822/2080/1836 820/2056/1819
f 723/2030/1802 738/2029/1801 737/2017/1792 722/2016/1791
f 788/2068/1828 786/2081/1828 794/2082/1837 793/2083/1837
f 1116/1437/1307 1117/2084/1838 1111/2085/1839 1112/1438/1308
f 925/1994/1771 926/1991/1768 916/2086/1840 918/2087/1841
f 881/2042/1808 919/1995/1772 882/2088/1772 874/2089/1808
f 791/2090/1837 792/2091/1842 790/2092/1843 789/2069/1828
f 804/2093/1844 802/2008/1783 800/2011/1786 799/2094/1781
f 752/2034/1792 767/2095/1792 766/2000/1775 753/2072/1830
f 751/2035/1801 768/2060/1801 767/2095/1792 752/2034/1792
f 758/2064/1798 761/2096/1798 760/2097/1827 759/2066/1827
f 789/2069/1828 788/2068/1828 793/2083/1837 791/2090/1837
f 772/2050/1788 941/2049/1815 773/2098/1845 771/2099/1846
f 750/2043/1809 740/2028/1800 742/2046/1812 749/2100/1812
f 806/2101/1847 826/2102/1784 802/2008/1783 805/2103/1820
f 745/2104/1848 746/2105/1788 744/2045/1811 743/2044/1810
f 777/2106/1849 767/2095/1792 768/2060/1801 776/2107/1850
f 795/2007/1782 796/2006/1781 794/2082/1837 787/2108/1851
f 1571/1581/1420 1569/2109/1852 1577/1918/1704 1576/516/469
f 2626/2110/1853 2629/1753/1565 2630/2111/1854 2628/2112/615
f 622/1791/1596 621/1693/1517 626/1696/152 624/2113/1855
f 778/2001/1776 766/2000/1775 767/2095/1792 777/2106/1849
f 859/2114/1856 863/2078/1835 858/2061/1823 828/2115/1856
f 749/2100/1812 770/2116/1812 769/2059/1822 750/2043/1809
f 756/2117/1796 733/2024/1796 734/2023/1778 755/2040/1778
f 1774/2118/1857 1773/1259/1149 1772/744/692 1776/743/691
f 1525/1940/1721 1524/644/595 1536/646/597 1535/1528/1380
f 957/2119/1858 959/2120/1859 958/1194/1088 956/1193/1087
f 2023/1664/1491 2036/1882/1672 2037/216/184 2035/2058/1821
f 781/2121/1796 763/2122/1796 764/2003/1778 780/2002/1777
f 786/2081/1828 788/2068/1828 759/2066/1827 760/2097/1827
f 748/2071/1788 772/2050/1788 771/2099/1846 747/2123/1846
f 2211/2124/1860 2212/2125/1861 2189/1168/1062 2208/1171/1065
f 933/2070/1829 932/2126/1832 935/2074/1832 934/2051/1787
f 741/2047/1813 742/2046/1812 740/2028/1800 739/2027/1799
f 1336/1255/1145 1347/1254/1144 1337/2127/1862 1329/2128/1863
f 810/1986/1763 812/2038/1807 811/2129/1864 809/1987/1764
f 753/2072/1830 766/2000/1775 765/1999/1774 754/2039/1774
f 929/1993/1770 936/2130/1803 931/2033/1805 930/1990/1767
f 2204/2131/1417 2209/2132/1418 2210/2133/1865 2205/2134/1866
f 240/797/740 246/796/739 239/1264/1154 238/2135/1867
f 1317/2136/1868 1329/2128/1863 1313/2137/1869 1311/2138/1870
f 2239/581/533 2249/580/532 2250/2139/1871
f 1109/2140/1872 1095/891/832 1110/2141/1873 1108/1606/1442
f 800/2011/1786 801/2010/1785 792/2091/1842 791/2090/1837
f 2241/2142/1874 2248/579/531 2238/582/534
f 756/2117/1796 763/2122/1796 762/2143/1826 757/2065/1826
f 787/2108/1851 794/2082/1837 786/2081/1828 785/2144/1875
f 1943/2145/1876 1932/667/618 1942/670/621 1944/691/642
f 757/2065/1826 762/2143/1826 761/2096/1798 758/2064/1798
f 776/2107/1850 768/2060/1801 769/2059/1822 775/2146/1877
f 783/2147/1798 761/2096/1798 762/2143/1826 782/2148/1878
f 1193/2149/207 1385/2150/1879 1207/2151/1880 1206/2152/208
f 749/2100/1812 742/2046/1812 744/2045/1811 747/2123/1846
f 727/60/52 733/2024/1796 732/2025/1797 728/57/49
f 729/777/721 731/2026/1798 730/2067/1827 685/2153/1881
f 173/576/528 174/575/527 172/588/540 171/587/539
f 878/2154/1834 880/2155/1882 879/2041/1808 876/2076/1834
f 874/2089/1808 882/2088/1772 873/2156/1883 865/2157/1884
f 961/2158/1885 861/2159/1856 962/2160/1886 960/1544/1392
f 782/2148/1878 762/2143/1826 763/2122/1796 781/2121/1796
f 827/2037/1806 859/2114/1856 828/2115/1856 812/2038/1807
f 934/2051/1787 772/2050/1788 748/2071/1788 933/2070/1829
f 1067/19/18 1068/18/17 945/2161/1887 947/2162/1888
f 2219/2163/1889 2221/2164/1890 2222/1917/1703 2220/1916/1702
f 1090/2165/1891 1091/265/233 1087/268/236 1088/1269/1159
f 2233/2166/1892 2231/443/401 2242/442/400
f 163/2167/1893 164/505/458 162/508/461 161/2168/1894
f 798/2005/1780 804/2093/1844 799/2094/1781 796/2006/1781
f 805/2103/1820 808/1985/1762 807/1988/1765 806/2101/1847
f 746/2105/1788 748/2071/1788 747/2123/1846 744/2045/1811
f 726/2022/1795 716/2169/1895 717/1949/1727 725/2021/1794
f 641/337/301 648/336/300 638/1590/1428 639/465/421
f 2721/973/909 2723/85/65 2724/84/64 2722/2170/1896
f 774/2171/1897 770/2116/1812 771/2099/1846 773/2098/1845
f 2237/2172/1898 2238/582/534 2239/581/533
f 804/2093/1844 815/2173/1899 805/2103/1820 802/2008/1783
f 924/790/733 884/789/732 917/1969/1746 915/2174/1900
f 1863/886/827 1862/885/826 1878/858/800 1877/1228/1119
f 1473/1007/937 1499/225/193 1471/228/196 1449/2175/1901
f 631/183/152 633/2176/1902 632/466/422 630/184/153
f 2236/2177/1903 2235/2178/1904 2237/2172/1898
f 2255/2179/1905 2259/1414/1285 2261/1417/1288 2260/2180/1906
f 416/2181/1907 417/2182/1908 415/1312/1200 414/1311/1199
f 473/1407/1279 475/1649/892 474/1687/892 470/1459/1323
f 1093/2183/1909 1094/890/831 1084/893/834 1085/1552/1400
f 724/2019/1793 718/904/845 719/903/844 722/2016/1791
f 880/2155/1882 921/2184/1772 920/1996/1772 879/2041/1808
f 288/9/9 289/8/8 274/704/655 275/703/654
f 682/1726/1545 680/2185/1910 688/557/510 687/1725/1544
f 865/2157/1884 873/2156/1883 866/1952/1730 856/1951/1729
f 711/1950/1728 717/1949/1727 716/2169/1895 712/2186/1911
f 2036/1882/1672 2023/1664/1491 2022/1663/1490 2041/2187/1912
f 1426/2188/1913 1427/1344/1229 1425/1345/1230 1424/2189/1914
f 2227/2190/1915 2229/444/402 2230/870/811
f 2691/2191/628 2693/2192/1916 2694/595/547 2692/1596/1433
f 556/1570/1413 558/2193/907 555/2194/1053 553/2195/1917
f 1288/2196/1918 1580/1661/1488 1579/1660/1487 1578/2197/1919
f 848/1989/1766 851/967/905 850/1936/1718 847/2198/178
f 712/2186/1911 716/2169/1895 715/59/51 713/1848/1644
f 2183/1981/1758 2173/1671/1498 2185/2199/1920 2184/1978/1755
f 845/1928/1446 848/1989/1766 847/2198/178 846/753/701
f 844/1929/1713 840/649/600 841/648/599 843/2200/1921
f 571/929/870 576/1038/965 569/1533/1385 566/1536/1387
f 2634/1406/1278 2635/1405/1277 2637/1887/1676 2636/2201/1922
f 712/2186/1911 700/177/146 702/1943/1723 711/1950/1728
f 1055/821/763 1074/820/762 1051/2202/1923 1054/2203/1924
f 1326/2204/1925 1328/2205/1926 1327/2206/1927 1325/1865/1659
f 727/60/52 715/59/51 716/2169/1895 726/2022/1795
f 789/2069/1828 790/2092/1843 685/2153/1881 730/2067/1827
f 926/1991/1768 930/1990/1767 914/2032/1804 916/2086/1840
f 808/1985/1762 805/2103/1820 815/2173/1899 814/2207/1819
f 820/2056/1819 822/2080/1836 813/2036/1763 814/2207/1819
f 1071/341/305 1076/21/20 1075/2208/1928 1073/338/302
f 757/2065/1826 732/2025/1797 733/2024/1796 756/2117/1796
f 2625/1418/1289 2624/2209/1929 2639/2210/1930 2638/1419/1290
f 828/2115/1856 858/2061/1823 842/1983/1760 829/1982/1759
f 823/2079/1836 825/2211/1807 824/2212/1806 822/2080/1836
f 824/2212/1806 860/2213/1856 859/2114/1856 827/2037/1806
f 2513/2214/1931 2514/2215/1932 2515/828/770 2512/1318/1206
f 2071/987/921 2074/1623/1458 2075/2216/1933 2073/400/360
f 2593/931/872 2575/930/871 2592/948/889 2595/1593/1430
f 710/905/846 704/980/915 706/359/323 709/358/322
f 1307/846/788 1318/845/787 1317/2136/1868 1308/2217/1934
f 2654/1059/321 2655/1058/981 2657/1323/1211 2656/2218/1935
f 1204/2219/1936 1205/2220/1937 1203/2221/1938 1201/2222/1939
f 553/2195/1917 555/2194/1053 554/1819/1608 517/1103/1009
f 1101/1705/1526 1075/2208/1928 1076/21/20 1077/20/19
f 2238/582/534 2237/2172/1898 2235/2178/1904 2241/2142/1874
f 825/2211/1807 861/2223/1856 860/2213/1856 824/2212/1806
f 775/2146/1877 769/2059/1822 770/2116/1812 774/2171/1897
f 2186/2224/1940 2187/2225/1941 2188/1979/1756 2184/1978/1755
f 822/2080/1836 824/2212/1806 827/2037/1806 813/2036/1763
f 863/2078/1835 859/2114/1856 860/2213/1856 862/2075/1833
f 817/2057/1820 820/2056/1819 814/2207/1819 815/2173/1899
f 1720/2226/1395 1721/2227/1942 1722/2228/1943 1707/2229/1944
f 2213/2230/1945 2214/2231/1946 2215/1248/1139 2186/2224/1940
f 381/1203/1097 382/1202/1096 379/2232/1947 380/1246/1137
f 1357/1175/1069 1356/2233/1948 1368/2234/1949 1359/1172/1066
f 1031/2235/1950 986/2236/1951 988/1216/1107 1030/1215/1106
f 966/2237/1836 968/2238/1952 967/2239/1953 965/2240/1954
f 2243/445/403 2228/1166/1060 2244/2241/1955 2246/536/489
f 877/2242/1956 878/2154/1834 876/2076/1834 862/2075/1833
f 2554/1044/971 2555/150/122 2550/153/125 2551/1636/1469
f 747/2123/1846 771/2099/1846 770/2116/1812 749/2100/1812
f 793/2083/1837 794/2082/1837 796/2006/1781 799/2094/1781
f 725/2021/1794 717/1949/1727 718/904/845 724/2019/1793
f 1725/526/479 1719/1972/1749 1717/1263/1153 1726/1262/1152
f 662/1409/1281 661/1717/1537 670/2243/1626 669/1410/948
f 2651/1057/980 708/1056/320 2653/2244/1957 2652/1869/1529
f 2193/1874/1666 2207/1873/1665 2191/2245/1958
f 529/1613/1449 534/1889/1678 527/1611/1447 528/1610/1446
f 2084/2246/1959 2094/2247/1960 2095/1811/1613 2093/1810/1612
f 2678/763/356 2679/762/356 2681/1329/1217 2680/2248/1961
f 898/2249/1962 899/535/488 897/605/556 885/604/555
f 2302/2250/1963 2304/2251/1964 1412/2252/1661 2303/2253/1965
f 2661/563/516 2662/2254/1966 2664/2255/1848 2663/1320/1208
f 2205/2134/1866 2206/1872/1664 2198/2256/1967
f 1333/2257/1968 1334/847/789 1320/1963/1741 1332/1863/1657
f 2251/2258/1969 2249/580/532 2248/579/531 2252/1578/1417
f 977/2259/1828 978/2260/1970 976/1900/1686 975/2261/1837
f 1650/1714/1534 1652/1716/1536 1648/1114/1017 1647/1116/1019
f 846/753/701 838/752/700 839/764/709 845/1928/1446
f 2199/2262/1971 2201/2263/1972 2200/2264/1973
f 2384/2265/338 2386/2266/1974 2393/630/581 2385/629/580
f 1952/2267/1975 1954/2268/1976 1964/2269/1976 1953/2270/1977
f 2197/2271/1978 2199/2262/1971 2198/2256/1967
f 2448/1144/1040 2456/1143/1039 2457/2272/1979 2449/1491/1350
f 2179/2273/1980 2177/1854/1649 2183/1981/1758 2182/1980/1757
f 2510/2274/1981 2511/2275/1982 2512/1318/1206 2516/1319/1207
f 2196/2276/1983 2197/2271/1978 2195/1871/1663
f 2038/1883/374 2036/1882/1672 2041/2187/1912 2040/2277/1984
f 713/1848/1644 698/178/147 700/177/146 712/2186/1911
f 698/178/147 713/1848/1644 687/1725/1544 688/557/510
f 1527/349/313 1526/348/312 1534/2278/1985 1533/2279/1986
f 1588/2280/1987 1399/1798/1601 1603/2281/1988 1602/2282/1989
f 1045/615/566 1046/614/565 1044/626/577 1041/1012/942
f 922/1997/1771 927/1992/1769 926/1991/1768 925/1994/1771
f 2229/444/402 2225/940/881 2228/1166/1060 2243/445/403
f 2513/2214/1931 2530/2283/1990 1517/1275/1165 2529/2284/1991
f 921/2184/1772 923/2052/1816 922/1997/1771 920/1996/1772
f 863/2078/1835 875/2077/1824 864/2062/1824 858/2061/1823
f 755/2040/1778 764/2003/1778 763/2122/1796 756/2117/1796
f 818/2285/1411 819/2054/1818 817/2057/1820 816/2286/1780
f 861/2223/1856 877/2242/1956 862/2075/1833 860/2213/1856
f 810/1986/1763 808/1985/1762 814/2207/1819 813/2036/1763
f 1532/2287/1992 1538/1797/1600 1522/583/535 1521/2288/1993
f 784/2289/1827 760/2097/1827 761/2096/1798 783/2147/1798
f 785/2144/1875 786/2081/1828 760/2097/1827 784/2289/1827
f 913/2290/1994 915/2174/1900 914/2032/1804 912/2031/1803
f 1221/2291/1995 1217/713/663 1218/712/662 1220/2292/1996
f 1786/2293/1997 1788/2294/1998 1790/2295/1999 1789/2296/2000
f 1219/1184/1078 1388/2297/2001 1220/2292/1996 1218/712/662
f 2623/2298/2002 2626/2110/1853 2628/2112/615 2627/2299/2003
f 2221/2164/1890 2218/1250/1141 2217/1249/1140 2222/1917/1703
f 2181/2300/2004 2171/978/914 2169/977/913
f 2227/2190/1915 2226/941/882 2225/940/881 2229/444/402
f 2172/1169/1063 2170/330/294 2171/978/914 2190/1170/1064
f 911/2301/2005 913/2290/1994 912/2031/1803 910/2302/2006
f 2267/2303/2007 2268/1532/1384 2270/1828/1628 2269/2304/2008
f 881/2042/1808 875/2077/1824 876/2076/1834 879/2041/1808
f 755/2040/1778 734/2023/1778 735/2020/1773 754/2039/1774
f 1162/1813/1615 1160/2305/2009 1159/2306/2010 1158/1814/1616
f 678/1720/1540 680/2185/1910 679/2307/2011 677/1721/1429
f 905/2015/1790 911/2301/2005 910/2302/2006 908/2012/1787
f 882/2088/1772 918/2087/1841 883/1970/1747 873/2156/1883
f 816/2286/1780 817/2057/1820 815/2173/1899 804/2093/1844
f 938/2308/2012 939/2073/1831 935/2074/1832 936/2130/1803
f 799/2094/1781 800/2011/1786 791/2090/1837 793/2083/1837
f 753/2072/1830 736/2018/1775 737/2017/1792 752/2034/1792
f 2132/1047/974 2141/1514/1368 2140/438/396 2143/1095/1004
f 919/1995/1772 925/1994/1771 918/2087/1841 882/2088/1772
f 829/1982/1759 811/2129/1864 812/2038/1807 828/2115/1856
f 917/1969/1746 883/1970/1747 918/2087/1841 916/2086/1840
f 1547/878/819 1548/2309/2013 1531/2310/744 1530/2311/819
f 932/2126/1832 933/2070/1829 908/2012/1787 910/2302/2006
f 1781/418/378 1783/417/377 1784/15/14 1782/1627/1460
f 2125/2312/2014 2126/2313/2015 2128/1923/1708 2127/2314/2016
f 1901/2315/2017 2124/2316/1906 2126/2313/2015 2125/2312/2014
f 2269/2304/2008 2270/1828/1628 2290/1919/1705 2271/2317/2018
f 886/606/557 889/639/590 888/641/592 887/2318/2019
f 932/2126/1832 931/2033/1805 936/2130/1803 935/2074/1832
f 875/2077/1824 881/2042/1808 874/2089/1808 864/2062/1824
f 928/2053/1817 937/2319/1767 929/1993/1770 927/1992/1769
f 1015/1025/955 1016/1024/954 1014/1162/1056 1013/1161/1055
f 864/2062/1824 874/2089/1808 865/2157/1884 857/2063/1825
f 931/2033/1805 932/2126/1832 910/2302/2006 912/2031/1803
f 915/2174/1900 917/1969/1746 916/2086/1840 914/2032/1804
f 2136/2320/2020 2138/2321/2021 2139/440/398 2137/439/397
f 63/342/306 65/233/201 64/203/172 62/2322/2022
f 1001/2323/728 1002/2324/2023 1000/2325/2024 999/2326/1845
f 1674/961/900 1675/976/912 1673/2327/2025 1671/991/925
f 2402/1348/1232 2408/773/718 2410/1140/1036 2409/1557/1403
f 1329/2128/1863 1337/2127/1862 1315/2328/2026 1313/2137/1869
f 2415/1390/1264 2403/1393/1266 2409/1557/1403 2420/1556/1393
f 997/2329/2027 998/2330/2028 996/244/212 995/2331/1877
f 1315/2328/2026 1338/2332/2029 1316/2333/2030 1314/2334/2031
f 380/1246/1137 396/512/465 395/835/777 381/1203/1097
f 777/2335/2032 992/1550/1398 991/2336/2033 990/2337/2034
f 985/2338/1796 986/2236/1951 984/2339/2035 983/2340/2036
f 779/2341/1774 989/1217/1108 988/1216/1107 987/2342/2037
f 943/2343/2038 944/2344/729 942/2345/728 940/2346/1814
f 1343/2347/2039 1344/2348/2040 1342/2349/2041 1340/2350/2042
f 2212/2125/1861 2213/2230/1945 2185/2199/1920 2189/1168/1062
f 1355/1237/1128 1356/2233/1948 1350/2351/2043 1351/1238/1129
f 1368/2234/1949 1362/1219/1110 1364/1189/1083 1367/2352/2044
f 1334/847/789 1333/2257/1968 1350/2351/2043 1349/848/790
f 975/2261/1837 976/1900/1686 974/1899/1685 973/2353/2045
f 1335/844/786 1348/849/791 1336/1255/1145 1318/845/787
f 382/1202/1096 384/1208/740 383/2354/1867 379/2232/1947
f 1494/2355/2046 1495/2356/2047 1478/1226/1117 1480/1225/1116
f 1495/2356/2047 1494/2355/2046 1512/2357/2048 1511/586/538
f 964/2358/1806 966/2237/1836 965/2240/1954 963/2359/2049
f 1623/2360/2050 1625/2361/1780 1624/2362/2051 1622/2363/2052
f 946/2364/2053 948/2365/2012 947/2162/1888 945/2161/1887
f 959/2120/1859 961/2158/1885 960/1544/1392 958/1194/1088
f 981/2366/2054 982/2367/2055 980/2368/2056 979/2369/2057
f 1622/2363/2052 1624/2362/2051 1344/2348/2040 1343/2347/2039
f 2514/2215/1932 2528/2370/2058 2525/1210/1101 2523/2371/2059
f 2522/2372/2060 2523/2371/2059 2525/1210/1101 2524/1209/1100
f 950/2373/1767 928/2374/1817 951/2375/2061 949/2376/2062
f 948/2365/2012 950/2373/1767 949/2376/2062 947/2162/1888
f 999/2326/1845 1000/2325/2024 998/2330/2028 997/2329/2027
f 940/2346/1814 946/2364/2053 945/2161/1887 943/2343/2038
f 987/2342/2037 988/1216/1107 986/2236/1951 985/2338/1796
f 577/1723/1542 578/1754/1566 570/1534/898 569/1533/1385
f 1069/1195/1089 1070/2377/2063 944/2344/729 943/2343/2038
f 1071/341/305 1072/340/304 1070/2377/2063 1069/1195/1089
f 1163/1286/1175 1164/1285/1174 1162/1813/1615 1161/1812/1614
f 1630/1032/960 1631/1031/959 1629/2378/2064 1627/1112/1015
f 270/686/637 271/685/636 269/1745/1560 268/742/690
f 478/4/4 479/2379/892 477/1648/892 476/1/1
f 59/247/215 61/343/307 60/2380/2065 58/248/216
f 1062/1192/1086 1061/1191/1085 1083/892/833 1082/2381/2066
f 2173/1671/1498 2172/1169/1063 2189/1168/1062 2185/2199/1920
f 663/553/506 657/1132/1028 659/945/886 662/1409/1281
f 2397/863/805 2399/2382/632 2400/1347/1231 2398/864/806
f 2146/2383/2067 2147/2384/2068 2149/1362/1244 2148/1624/1005
f 2193/1874/1666 2194/2385/2069 2196/2276/1983 2195/1871/1663
f 1570/2386/2070 1577/1918/1704 1569/2109/1852 1568/2387/2071
f 1923/86/66 1929/668/619 1930/1706/1527 1934/2388/2072
f 2147/2384/2068 2158/1107/1010 2159/1110/1013 2149/1362/1244
f 2534/1301/1190 2535/2389/2073 2538/2390/2074 2552/2391/2075
f 252/259/227 253/258/226 242/188/157 243/809/752
f 2017/149/121 2025/148/120 2026/1657/1485 2019/2392/2076
f 1199/2393/2077 1234/2394/2078 1198/1317/1205 1185/1316/1204
f 1149/2395/2079 1150/2396/2080 1148/2397/2081 1147/2398/1621
f 1765/454/411 1773/1259/1149 1760/882/823 1763/451/408
f 973/2353/2045 974/1899/1685 971/819/761 972/1567/1411
f 2369/1906/1692 2361/1851/700 2374/285/249 2370/284/248
f 1066/908/849 1067/19/18 947/2162/1888 949/2376/2062
f 1736/919/860 1739/719/667 1740/722/670 1733/792/735
f 1937/1508/1363 1939/2399/2082 1941/2400/2083 1940/2401/2084
f 1979/664/615 1986/2402/2085 1987/1800/1603 1980/665/616
f 1741/720/668 1739/719/667 1749/920/861 1748/2403/2086
f 2167/232/200 2163/2404/2087 2168/2405/2088 2165/414/374
f 1950/2406/2089 1951/2407/2090 1933/2408/2091 1943/2145/1876
f 1590/1974/1751 1592/1681/1507 1591/2409/2092 1589/2410/1131
f 1758/1910/1696 1759/884/825 1747/883/824 1748/2403/2086
f 2200/2264/1973 2201/2263/1972 2203/2411/2093 2202/2412/1969
f 2330/79/60 2338/78/59 2347/1784/1262 2329/1767/1261
f 2401/1366/1231 2405/1751/1563 2396/865/629 2398/864/806
f 61/343/307 59/247/215 92/1645/1476 91/344/308
f 27/115/90 26/112/90 30/114/91 29/774/719
f 2491/591/543 2494/1279/1169 2495/1282/1171 2493/599/550
f 1389/2413/2094 1391/2414/2095 1390/2415/2096 1385/2150/1879
f 375/480/435 376/421/381 373/423/383 374/481/436
f 469/1689/1514 488/2416/2097 471/1460/1324 470/1459/1323
f 2656/2218/1935 2657/1323/1211 2659/1322/1210 2658/2417/2098
f 2186/2224/1940 2184/1978/1755 2185/2199/1920 2213/2230/1945
f 1500/226/194 1499/225/193 1507/351/315 1506/350/314
f 1366/1188/1082 1373/2418/2099 1367/2352/2044 1364/1189/1083
f 2150/1625/975 2151/1361/1243 2153/1378/1253 2152/1576/976
f 2027/924/865 2024/1413/1284 2035/2058/1821 2029/925/866
f 1065/909/850 1066/908/849 949/2376/2062 951/2375/2061
f 1449/2419/2100 1450/2420/2101 1446/623/574 1448/622/573
f 1821/898/839 1826/1670/1497 1837/2421/2102 1834/899/840
f 191/735/683 6/933/874 206/568/521 205/567/520
f 555/1157/1053 572/410/370 562/409/369 561/1805/1608
f 1805/1962/1740 1807/1331/1219 1802/419/379 1803/1959/1737
f 2302/2250/1963 2299/716/665 2298/1363/1245 2308/1350/1234
f 1124/757/705 1127/2422/2103 1125/1605/1441 1123/2423/2104
f 993/2424/1801 994/243/211 992/1550/1398 777/2335/2032
f 1059/1551/1399 1060/1231/1122 960/1544/1392 962/2160/1886
f 1527/349/313 1528/2425/2105 1503/1827/1627 1506/350/314
f 122/220/188 123/476/431 93/1644/1475 94/221/189
f 1556/2426/2106 1557/2427/2107 1555/1431/1302 1541/2428/2108
f 69/389/349 70/2429/2109 68/202/171 67/201/170
f 1172/1647/1477 1170/252/220 1181/251/219 1180/1744/1559
f 1450/2420/2101 1415/2430/2110 1416/1079/989 1446/623/574
f 2127/2314/2016 2128/1923/1708 2130/1046/973 2129/1516/1370
f 2419/1470/1333 2430/2431/2111 2431/1449/1316 2429/1471/1334
f 1059/1551/1399 1058/2432/2112 1086/267/235 1085/1552/1400
f 1058/2432/2112 1059/1551/1399 962/2160/1886 963/2359/2049
f 1023/619/570 1026/618/569 1022/1561/1406 1021/2433/2113
f 1057/1267/1157 1058/2432/2112 963/2359/2049 965/2240/1954
f 2102/2434/1436 2097/1257/1147 2095/1811/1613 2103/1601/1437
f 2532/1302/1191 2533/1160/64 2535/2389/2073 2534/1301/1190
f 233/866/807 235/2435/1099 234/2436/1404 232/867/808
f 2103/1601/1437 2096/2437/2114 2105/2438/2115 2104/1598/1434
f 2382/1094/1003 854/1093/1002 895/2439/2116 2383/2440/2117
f 2190/1170/1064 2171/978/914 2191/2245/1958 2207/1873/1665
f 1627/1112/1015 1629/2378/2064 1628/2441/1197 1626/1710/1531
f 2106/1599/1435 2108/493/447 2109/496/450 2107/1600/1436
f 598/2442/437 2644/816/759 2645/97/75 2649/1458/437
f 2498/592/544 2497/1310/1198 2494/1279/1169 2491/591/543
f 1056/1268/1158 1057/1267/1157 965/2240/1954 967/2239/1953
f 721/2443/2118 723/2030/1802 722/2016/1791 719/903/844
f 1062/1192/1086 1063/660/611 954/2444/2119 956/1193/1087
f 2110/494/448 2108/493/447 2112/1341/1226 2111/1340/1225
f 2717/134/65 2721/973/909 2722/2170/1896 2720/2445/455
f 1308/2217/1934 1317/2136/1868 1311/2138/1870 1309/2446/2120
f 1188/1180/1074 1189/241/209 1186/983/917 1187/1177/1071
f 1569/2109/1852 1571/1581/1420 1566/2447/2121 1567/2448/2122
f 2436/2449/2123 2434/1633/1466 2433/1448/1315 2438/1447/1314
f 1053/2450/2124 1051/2202/1923 1052/613/564 1047/612/563
f 1049/1252/1143 1052/613/564 1051/2202/1923 1050/2451/2125
f 967/2239/1953 969/818/760 1055/821/763 1056/1268/1158
f 233/866/807 231/186/155 241/189/158 236/786/729
f 2104/1598/1434 2105/2438/2115 2120/1422/1293 2119/1421/1292
f 2228/1166/1060 2224/1165/1059 2214/2231/1946 2244/2241/1955
f 500/1496/724 501/1539/1390 499/2452/1098 497/2453/2126
f 1128/2454/1452 1132/747/695 1131/750/698 1127/2422/2103
f 153/2455/539 154/521/474 149/549/502 151/548/501
f 1036/2456/2127 984/2339/2035 986/2236/1951 1031/2235/1950
f 1190/2457/2128 1191/238/206 1189/241/209 1188/1180/1074
f 2202/2412/1969 2204/2131/1417 2205/2134/1866 2200/2264/1973
f 1025/1218/1109 989/1217/1108 991/2336/2033 1024/1562/1407
f 1042/624/575 980/2368/2056 982/2367/2055 1037/2458/2129
f 1064/659/610 1065/909/850 951/2375/2061 952/2459/2130
f 1024/1562/1407 991/2336/2033 992/1550/1398 1020/1549/1397
f 1012/245/213 996/244/212 998/2330/2028 1011/2460/2131
f 1786/2293/1997 1789/2296/2000 1778/2461/2132 1779/2462/2133
f 1361/1220/1111 1362/1219/1110 1355/1237/1128 1354/1236/1127
f 1741/720/668 1743/518/471 1707/517/470 1742/721/669
f 1965/2463/2134 1967/2464/2135 1974/1898/1684 1966/1897/1683
f 678/1720/1540 676/798/741 690/799/742 689/558/511
f 1813/2465/2136 1815/2466/2137 1818/1668/1495 1825/1667/1494
f 1757/304/268 1758/1910/1696 1748/2403/2086 1749/920/861
f 1201/2222/1939 1203/2221/1938 1202/2467/2138 1200/2468/2139
f 1464/1842/1639 1466/1841/1638 1465/1809/1611 1462/724/672
f 2583/923/864 2584/1840/1637 2586/392/352 2585/391/351
f 695/671/622 696/673/624 690/799/742 691/427/387
f 1791/635/586 1788/2294/1998 1787/1786/1591 1794/906/847
f 212/916/857 213/565/518 206/568/521 207/917/858
f 1010/1163/1057 1011/2460/2131 1003/545/498 1005/544/497
f 1014/1162/1056 1012/245/213 1011/2460/2131 1010/1163/1057
f 2081/2469/2140 2046/1607/1443 2080/1914/1700 2078/1913/1699
f 2629/1753/1565 2626/2110/1853 2625/1418/1289 2633/1404/1276
f 1492/875/816 1493/2470/2141 1482/2471/2142 1484/876/817
f 1211/714/664 1212/688/639 1202/2467/2138 1210/711/661
f 2434/1633/1466 2436/2449/2123 2437/2472/2143 2435/1634/1467
f 1695/2473/2144 1697/1973/1750 1696/1547/1395 1692/698/649
f 1477/2474/2145 1479/1223/1114 1478/1226/1117 1476/2475/2146
f 1826/1670/1497 1827/1669/1496 1829/2476/2147 1837/2421/2102
f 229/187/156 227/871/812 243/809/752 242/188/157
f 1539/2477/2148 1540/1430/1301 1538/1797/1600 1532/2287/1992
f 2725/7/7 2712/700/651 2726/23/22 2730/5/5
f 1058/2432/2112 1057/1267/1157 1087/268/236 1086/267/235
f 1559/2478/2149 1328/2479/2150 1552/2480/2151 1553/2481/2152
f 1649/1015/945 1651/1715/1535 1650/1714/1534 1646/1016/946
f 1911/658/609 1904/813/756 1903/812/755 1912/655/606
f 2121/1424/1295 2122/1423/1294 1914/2482/2153 2123/1638/1471
f 2171/978/914 2181/2300/2004 2192/2483/1983 2191/2245/1958
f 2264/1685/1511 2262/1415/1286 2266/1529/1381 2265/2484/2154
f 2090/213/181 2098/1258/1148 2099/1770/1578 2091/214/182
f 2365/1905/1691 2367/1904/1690 545/2485/2155 2366/2486/2156
f 2540/499/453 2534/1301/1190 2552/2391/2075 2551/1636/1469
f 1775/2487/768 1776/743/691 1777/746/694 1706/2488/2157
f 2074/1623/1458 2077/1622/1457 2079/2489/2158 2075/2216/1933
f 1694/727/675 1693/697/648 1702/827/769 1701/728/676
f 1233/1631/1464 1241/1630/1463 1234/2394/2078 1199/2393/2077
f 27/115/90 28/972/908 23/24/23 25/116/23
f 2365/1905/1691 2362/2490/2159 2361/1851/700 2369/1906/1692
f 1665/1296/1185 1628/2441/1197 1629/2378/2064 1664/1011/941
f 1723/529/482 1721/2227/1942 1719/1972/1749 1725/526/479
f 720/357/321 721/2443/2118 719/903/844 709/358/322
f 1182/2491/2160 1183/1921/1706 1181/251/219 1171/250/218
f 2254/2492/2161 2256/2493/2162 2255/2179/1905 2260/2180/1906
f 1910/839/781 1905/2494/2163 1904/813/756 1911/658/609
f 2668/2495/2164 2671/1856/1651 2673/2496/2165 2672/2497/2166
f 2544/1138/1034 2542/500/454 2550/153/125 2549/152/124
f 1213/1266/1156 1214/654/605 1212/688/639 1211/714/664
f 1402/1232/1123 1403/1235/1126 1401/1799/1602 1400/2498/2167
f 1562/1619/1454 1563/1618/1453 643/2499/1426 1549/881/822
f 1150/2396/2080 1152/2500/2168 1151/2501/2169 1148/2397/2081
f 2403/1393/1266 2401/1366/1231 2402/1348/1232 2409/1557/1403
f 1223/1750/1562 1224/1762/1573 1216/1265/1155 1222/2502/2170
f 2688/1926/1711 2692/1596/1433 2701/1597/423 620/2503/2171
f 1152/2500/2168 1154/1374/1249 1153/1377/1252 1151/2501/2169
f 1158/1814/1616 1159/2306/2010 1151/2501/2169 1153/1377/1252
f 2535/2389/2073 2537/2504/2172 2571/1036/964 2538/2390/2074
f 1892/2505/2173 1906/2506/2174 1907/1149/1045 1890/1148/1044
f 1892/2505/2173 1893/2507/2175 1895/2508/2176 1894/2509/2177
f 2257/2510/2178 2258/1530/1382 2259/1414/1285 2255/2179/1905
f 1607/2511/2179 1608/2512/2180 1602/2282/1989 1603/2281/1988
f 1606/2513/2181 1607/2511/2179 1603/2281/1988 1604/2514/2182
f 1147/2398/1621 1148/2397/2081 1146/2515/2183 1145/2516/703
f 1102/769/714 1103/768/713 1100/1704/1525 1099/1537/1388
f 1888/1150/1046 1907/1149/1045 1908/31/28 1920/463/419
f 2124/2316/1906 2134/2517/2184 2135/1515/1369 2126/2313/2015
f 2695/2518/2185 2699/672/623 2698/1486/1347 2696/596/548
f 1166/956/896 1142/955/895 1144/2519/2186 1160/2305/2009
f 1164/1285/1174 1166/956/896 1160/2305/2009 1162/1813/1615
f 1497/1355/1238 1496/2520/2187 1510/585/537 1509/1356/1239
f 696/673/624 697/179/148 689/558/511 690/799/742
f 1957/2521/2188 1958/2522/1977 1960/2523/2189 1959/2524/2190
f 354/1062/982 131/299/263 355/355/319 353/1063/983
f 1886/87/67 1887/1151/1047 1888/1150/1046 1922/88/68
f 1145/2516/703 1146/2515/2183 1144/2519/2186 1143/2525/704
f 496/1565/1098 497/2453/2126 494/1575/1416 495/1574/1415
f 368/2526/2191 369/2527/2192 367/407/367 366/406/366
f 2090/213/181 2088/212/180 2086/447/405 2092/1256/1146
f 1033/2528/2193 1034/2529/2194 1032/1214/1105 1029/1213/1104
f 1838/1463/1327 1846/1466/1330 1836/1881/1671 1835/1880/1670
f 2337/77/58 2339/1816/1618 2340/1782/1588 2338/78/59
f 1094/890/831 1113/2530/2195 1112/1438/1308 1111/2085/1839
f 2339/1816/1618 2341/1020/950 2342/1019/949 2340/1782/1588
f 281/731/679 283/2531/116 282/710/115 280/708/659
f 1867/2532/2196 1869/2533/2197 1870/2534/2198 1868/2535/2199
f 1128/2536/1452 1142/955/895 1141/954/894 1140/959/695
f 87/174/143 130/224/192 85/301/265 78/388/348
f 1618/2537/2200 1609/2538/2201 1602/2282/1989 1608/2512/2180
f 2053/316/280 2054/2539/2202 2055/317/281
f 2052/2540/2203 2054/2539/2202 2053/316/280
f 2051/402/362 2052/2540/2203 2053/316/280
f 1508/1357/1240 1526/348/312 1507/351/315 1498/1006/936
f 2010/985/919 2052/2540/2203 2051/402/362
f 607/1452/1319 608/1771/1579 617/999/929 610/998/928
f 1890/1148/1044 1891/2541/2204 1893/2507/2175 1892/2505/2173
f 1544/1525/1377 1543/1477/1339 1553/2481/2152 1552/2480/2151
f 1177/2542/2205 1178/2543/2206 1176/1666/1493 1175/1665/1492
f 2073/400/360 2075/2216/1933 2048/1859/1654 2050/401/361
f 2453/489/443 2454/488/442 2459/2544/2207 2458/2545/2208
f 2359/1878/1668 2362/2490/2159 2364/2546/804 2363/1879/1669
f 2383/2440/2117 2384/2265/338 2385/629/580 2382/1094/1003
f 832/650/601 833/2547/1468 831/2548/2209 830/647/598
f 1516/2549/2210 1517/1275/1165 1515/1278/1168 1505/2550/2211
f 1126/756/704 1128/2454/1452 1127/2422/2103 1124/757/705
f 1523/584/536 1522/583/535 1538/1797/1600 1537/645/596
f 533/1890/1679 534/1889/1678 529/1613/1449 531/2551/1554
f 1403/1235/1126 1411/2552/2212 1407/1133/1029 1401/1799/1602
f 551/1571/1414 556/1570/1413 553/2195/1917 518/2553/2213
f 1572/1580/1419 1573/2554/2214 1565/1617/320 1564/1616/1452
f 1662/1008/938 1631/1031/959 1657/1030/958 1661/2555/2215
f 834/765/710 835/1896/1682 833/2547/1468 832/650/601
f 1278/801/744 1277/800/743 1279/1506/1361 1244/1505/1360
f 488/2416/2097 489/1440/1310 487/1443/1311 471/1460/1324
f 2619/2556/2216 2621/2557/2217 2615/2558/2218 2616/2559/2219
f 1119/1822/1622 1121/758/706 1117/2084/1838 1116/1437/1307
f 902/534/487 904/2560/2220 893/538/491 896/682/633
f 2362/2490/2159 2365/1905/1691 2366/2486/2156 2364/2546/804
f 2504/45/38 2509/48/41 2502/2561/1531 2503/42/35
f 1291/2562/2221 1292/1956/1734 1284/1817/1619 1285/2563/2222
f 1588/2280/1987 1601/1976/1753 1587/1975/1752 1400/2498/2167
f 2680/2248/1961 2681/1329/1217 2683/2564/2223 2682/2565/412
f 2082/2566/2224 2084/2246/1959 2093/1810/1612 2083/1608/1444
f 849/1953/1731 855/968/906 851/967/905 848/1989/1766
f 2233/2166/1892 2235/2178/1904 2236/2177/1903 2234/2567/2225
f 518/2553/2213 553/2195/1917 517/1103/1009 516/1102/1008
f 1788/2294/1998 1791/635/586 1792/638/589 1790/2295/1999
f 2647/95/73 2660/564/517 2657/1323/1211 2655/1058/981
f 1924/2568/2226 1926/2569/2227 1927/1330/1218 1925/2570/2228
f 557/1569/1412 559/2571/698 558/2193/907 556/1570/1413
f 2258/1530/1382 2257/2510/2178 2273/2572/2229 2272/1531/1383
f 539/572/525 551/1571/1414 518/2553/2213 538/569/522
f 378/2573/2230 213/1245/1136 380/1246/1137 379/2232/1947
f 550/1832/1631 552/1568/273 551/1571/1414 539/572/525
f 1272/1582/1421 1271/102/80 1286/105/83 1285/2563/2222
f 2712/700/651 2710/283/247 2711/282/246 2727/1325/1213
f 2316/1288/1177 2319/1334/1222 533/2574/1679 2320/1737/1554
f 2265/2484/2154 2266/1529/1381 2268/1532/1384 2267/2303/2007
f 693/428/388 642/1650/1478 2698/1486/1347 694/429/389
f 601/395/355 586/375/339 585/504/457 593/498/452
f 1549/881/822 643/2499/1426 1548/2309/2013 1547/878/819
f 1493/2470/2141 1494/2355/2046 1480/1225/1116 1482/2471/2142
f 2161/1109/1012 2163/2404/2087 2164/1360/1242 2159/1110/1013
f 1228/1755/1567 1227/383/347 1247/1925/1710 1246/2575/1246
f 2500/1308/38 2499/1307/1196 2498/592/544 2490/137/109
f 2290/1919/1705 2270/1828/1628 2289/1336/1224 2288/1335/1223
f 1276/2576/2231 1275/2577/2232 1282/1847/1643 1281/1846/1642
f 2573/932/873 2593/931/872 2594/1595/1432 2574/1034/962
f 1133/749/697 1137/1642/1473 1135/766/711 1130/99/77
f 1635/2578/40 1637/2579/1160 1636/1117/1018 1634/1115/1018
f 2257/2510/2178 2274/2580/2233 2275/2581/2234 2273/2572/2229
f 1092/266/234 1093/2183/1909 1085/1552/1400 1086/267/235
f 2273/2572/2229 2275/2581/2234 1893/196/165 2276/195/164
f 1871/2582/2235 1872/2583/2236 1874/270/238 1873/269/237
f 2016/2584/2237 2018/2585/2238 2006/320/284
f 2005/319/283 2016/2584/2237 2006/320/284
f 2009/2586/2239 2016/2584/2237 2005/319/283
f 2186/2224/1940 2215/1248/1139 2216/1251/1142 2187/2225/1941
f 422/2587/2240 416/2181/1907 414/1311/1199 421/1324/1212
f 2195/1871/1663 2197/2271/1978 2198/2256/1967 2206/1872/1664
f 1587/1975/1752 1590/1974/1751 1589/2410/1131 1406/1243/1134
f 314/66/29 317/73/29 316/74/29 312/67/29
f 2518/829/771 2515/828/770 2514/2215/1932 2523/2371/2059
f 2271/2317/2018 2290/1919/1705 2292/1903/1689 2291/1902/1688
f 2015/146/118 2017/149/121 2016/2584/2237
f 2513/2214/1931 2512/1318/1206 2511/2275/1982 2530/2283/1990
f 2009/2586/2239 2015/146/118 2016/2584/2237
f 2011/1939/1720 2015/146/118 2009/2586/2239
f 2008/2588/2241 2011/1939/1720 2009/2586/2239
f 861/2159/1856 964/2358/1806 963/2359/2049 962/2160/1886
f 61/343/307 63/342/306 62/2322/2022 60/2380/2065
f 444/1373/23 445/1394/23 441/1371/23 443/1370/23
f 1733/792/735 1735/2589/2242 1737/2590/2243 1736/919/860
f 1694/727/675 1695/2473/2144 1692/698/649 1693/697/648
f 1063/660/611 1062/1192/1086 1082/2381/2066 1081/661/612
f 1521/2288/1993 1522/583/535 1511/586/538 1512/2357/2048
f 2008/2588/2241 2010/1967/1744 2011/1939/1720
f 1520/2591/2244 1521/2288/1993 1512/2357/2048 1513/2592/2245
f 2624/2209/1929 2623/2298/2002 2622/2593/2089 2640/2594/641
f 1505/2550/2211 1515/1278/1168 1491/874/815 1490/2595/2246
f 2007/2596/2247 2010/1967/1744 2008/2588/2241
f 2003/1153/1049 2009/2586/2239 2005/319/283
f 2008/2588/2241 2009/2586/2239 2003/1153/1049
f 2002/1126/1024 2008/2588/2241 2003/1153/1049
f 1746/2597/647 1774/2118/1857 1776/743/691 1775/2487/768
f 1494/2355/2046 1493/2470/2141 1513/2592/2245 1512/2357/2048
f 1043/627/578 978/2260/1970 980/2368/2056 1042/624/575
f 1496/2520/2187 1495/2356/2047 1511/586/538 1510/585/537
f 287/12/12 288/9/9 275/703/654 286/705/656
f 2007/2596/2247 2008/2588/2241 2002/1126/1024
f 2000/1125/1023 2007/2596/2247 2002/1126/1024
f 1523/584/536 1524/644/595 1509/1356/1239 1510/585/537
f 905/2598/2248 907/2599/2249 906/2600/2250 904/2560/2220
f 2207/1873/1665 2206/1872/1664 2205/2134/1866 2210/2133/1865
f 2286/1912/1698 1972/2601/2251 2294/1901/1687 2293/1908/1694
f 2003/1153/1049 2005/319/283 2004/318/282
f 1991/1154/1050 2003/1153/1049 2004/318/282
f 2283/2602/2252 2284/1946/1726 2285/1911/1697 2281/1945/1725
f 2281/1945/1725 2282/1966/1743 1959/2603/2190 2283/2602/2252
f 2378/211/177 2379/210/179 2381/1092/1001 2380/1091/1000
f 2177/1854/1649 2174/331/295 2173/1671/1498 2183/1981/1758
f 1380/2604/2253 1381/2605/2254 1190/2457/2128 1195/2606/2255
f 1912/655/606 1903/812/755 1902/2607/2256 1913/2608/2257
f 1487/2609/2258 1489/2610/2259 1488/2611/2260 1486/877/818
f 1546/879/820 1545/1527/1379 1551/1526/1378 1550/880/821
f 652/643/594 654/943/884 650/335/299 649/334/298
f 1034/2529/2194 1036/2456/2127 1031/2235/1950 1032/1214/1105
f 903/533/486 905/2598/2248 904/2560/2220 902/534/487
f 1475/2612/2261 1477/2474/2145 1476/2475/2146 1474/1772/1580
f 1449/2175/1901 1475/2612/2261 1474/1772/1580 1473/1007/937
f 2041/2187/1912 2022/1663/1490 2043/2613/2262 2042/2614/2263
f 1699/729/677 1712/2615/2264 1713/2616/2265 1698/2617/2266
f 2065/2618/2267 2069/986/920 2067/399/359 2066/315/279
f 1761/1909/1695 1762/2619/2268 1759/884/825 1758/1910/1696
f 1169/253/221 1170/252/220 1167/1284/1173 1165/1283/1172
f 1660/2620/2269 1661/2555/2215 1657/1030/958 1658/2621/2270
f 2399/2382/632 2406/1353/1236 2407/770/715 2400/1347/1231
f 1288/1399/1271 1306/1402/1274 1305/1003/933 1304/1002/932
f 2143/1095/1004 2144/1604/1440 2146/2622/2067 2145/1096/1005
f 1035/1398/1270 1038/1397/1269 1034/2529/2194 1033/2528/2193
f 436/72/23 437/71/42 435/159/42 431/158/23
f 1019/1023/953 1020/1549/1397 1018/242/210 1016/1024/954
f 2080/1914/1700 2044/2623/2271 2079/2489/2158 2077/1622/1457
f 2691/2191/628 2690/2624/2272 2708/1892/1681 2707/676/627
f 2042/2614/2263 2044/2623/2271 2045/2625/2273 2047/2626/2274
f 2342/1019/949 2345/1018/948 2346/2627/1626 2344/2628/1409
f 1931/1707/1528 1932/667/618 1943/2145/1876 1933/2408/2091
f 1963/154/126 1956/2629/2275 1953/2270/1977 1964/2269/1976
f 1958/2522/1977 1961/157/129 1962/2630/2276 1960/2523/2189
f 1920/463/419 1921/462/418 1925/2570/2228 1927/1330/1218
f 1277/800/743 1276/2576/2231 1281/1846/1642 1279/1506/1361
f 2134/2517/2184 2136/2320/2020 2137/439/397 2135/1515/1369
f 239/1264/1154 225/837/779 224/593/545 223/888/829
f 2446/1792/1333 2445/1141/1037 2448/1144/1040 2447/1490/1349
f 2177/1854/1649 2179/2273/1980 2180/2631/2277 2178/1855/1650
f 1525/1940/1721 1534/2278/1985 1526/348/312 1508/1357/1240
f 2118/1830/1629 2119/1421/1292 2121/1424/1295 2116/1637/1470
f 1864/887/828 1867/2532/2196 1868/2535/2199 1866/2632/2278
f 530/1612/1448 532/2633/1553 531/2551/1554 529/1613/1449
f 411/1293/1182 410/1778/1584 419/1305/1194 421/1324/1212
f 680/2185/1910 682/1726/1545 681/2634/442 679/2307/2011
f 1528/2425/2105 1529/2635/1655 1504/2636/147 1503/1827/1627
f 1249/2637/2279 528/2638/1446 1250/1843/1246 1246/2575/1246
f 1815/2466/2137 1817/2639/2280 1819/2640/2281 1818/1668/1495
f 1295/1845/1641 1243/652/603 1279/1506/1361 1281/1846/1642
f 1172/1647/1477 1173/957/897 1141/954/894 1168/953/893
f 648/336/300 644/1602/1438 637/1587/1425 638/1590/1428
f 1562/1619/1454 1561/2641/2282 1566/2447/2121 1564/1616/1452
f 1157/1815/1617 1158/1814/1616 1153/1377/1252 1155/1376/1251
f 1574/515/468 1575/2642/2283 1573/2554/2214 1572/1580/1419
f 1582/514/467 1583/2643/1547 1575/2642/2283 1574/515/468
f 1584/1697/726 1585/2644/2284 1583/2643/1547 1582/514/467
f 1954/2268/1976 1965/2463/2134 1966/1897/1683 1964/2269/1976
f 1933/2408/2091 1953/2270/1977 1956/2629/2275 1955/2645/1528
f 900/2646/2285 901/532/485 899/535/488 898/2249/1962
f 857/2063/1825 865/2157/1884 856/1951/1729 843/2200/1921
f 238/2135/1867 239/1264/1154 223/888/829 222/1690/1515
f 1861/856/798 1864/887/828 1866/2632/2278 1865/857/799
f 583/2647/1719 592/503/456 585/504/457 584/2648/2117
f 2669/1708/1529 2670/1327/1215 2671/1856/1651 2668/2495/2164
f 2474/1384/1259 2479/110/88 2480/109/87 2472/1546/1394
f 624/2113/1855 625/2649/320 623/1804/1607 622/1791/1596
f 666/555/508 667/2650/1523 665/1870/1662 664/552/505
f 1862/885/826 1879/990/924 1880/859/801 1878/858/800
f 1561/2641/2282 1562/1619/1454 1549/881/822 1550/880/821
f 1546/879/820 1547/878/819 1530/2311/819 1533/2279/1986
f 1867/2532/2196 1864/887/828 1863/886/827 1872/2583/2236
f 2114/1342/1227 2116/1637/1470 2117/1639/1472 2115/1718/1538
f 1995/1930/1714 1996/2651/2286 1998/2652/2287 1997/2653/2288
f 2257/2510/2178 2255/2179/1905 2256/2493/2162 2274/2580/2233
f 1990/1803/1606 1991/1802/1605 1996/2651/2286 1995/1930/1714
f 2382/1094/1003 2385/629/580 2387/628/579 2380/1091/1000
f 2424/679/630 2426/1632/1465 2427/1635/1468 835/680/631
f 1442/64/56 1444/63/55 1441/1475/1338 1440/2654/2289
f 1744/520/473 1745/519/472 1774/2118/1857 1746/2597/647
f 1545/1527/1379 1546/879/820 1533/2279/1986 1534/2278/1985
f 2276/195/164 2289/1336/1224 2272/1531/1383 2273/2572/2229
f 2428/1787/1592 2422/1482/1344 2418/1472/1335 2429/1471/1334
f 2690/2624/2272 2691/2191/628 2692/1596/1433 2688/1926/1711
f 1159/2306/2010 1146/2515/2183 1148/2397/2081 1151/2501/2169
f 1113/2530/2195 1092/2655/2290 1114/1439/1309 1112/1438/1308
f 1472/227/195 1469/1615/1451 1467/1703/1451 1466/1841/1638
f 1978/666/617 1981/1494/1353 1982/1493/1352 1976/2656/2291
f 2700/290/254 2699/672/623 2695/2518/2185 2703/291/255
f 1393/851/793 1386/850/792 1390/2415/2096 1392/2657/2292
f 1578/2197/1919 1579/1660/1487 1577/1918/1704 1570/2386/2070
f 2156/231/199 2153/1378/1253 2151/1361/1243 2164/1360/1242
f 1568/2387/2071 1569/2109/1852 1567/2448/2122 1328/2479/2150
f 1328/2479/2150 1567/2448/2122 1560/2658/2293 1552/2480/2151
f 1643/2659/2294 1645/1014/944 1641/1017/947 1642/2660/2295
f 1560/2658/2293 1561/2641/2282 1550/880/821 1551/1526/1378
f 1535/1528/1380 1545/1527/1379 1534/2278/1985 1525/1940/1721
f 1980/665/616 1987/1800/1603 1990/1803/1606 1992/1931/1352
f 2553/2661/2296 2554/1044/971 2551/1636/1469 2552/2391/2075
f 1543/1477/1339 1542/1429/1300 1554/1432/1303 1553/2481/2152
f 1558/2662/2297 1559/2478/2149 1553/2481/2152 1554/1432/1303
f 117/1167/1061 118/1186/1080 111/1176/1070 112/56/48
f 1089/2663/2298 1090/2165/1891 1088/1269/1159 1054/2203/1924
f 1986/2402/2085 1988/2664/1022 1989/1801/1604 1987/1800/1603
f 2100/1768/450 2098/1258/1148 2097/1257/1147 2102/2434/1436
f 1552/2480/2151 1560/2658/2293 1551/1526/1378 1544/1525/1377
f 2222/1917/1703 2217/1249/1140 2224/1165/1059 2223/939/880
f 843/2200/1921 856/1951/1729 849/1953/1731 844/1929/1713
f 1610/2665/2299 1609/2538/2201 1618/2537/2200 1617/2666/2300
f 1975/2667/2090 1977/663/614 1978/666/617 1976/2656/2291
f 1951/2668/2090 2622/2593/2089 2623/2298/2002 2627/2299/2003
f 2465/1591/1429 2481/108/86 2483/111/89 2482/1825/1625
f 1322/1400/1272 1324/2669/2301 1323/1864/1658 1321/1401/1273
f 1940/2401/2084 1941/2400/2083 1946/2670/2302 1945/692/643
f 1609/2538/2201 1610/2665/2299 1600/1977/1754 1601/1976/1753
f 1222/2502/2170 1216/1265/1155 1217/713/663 1221/2291/1995
f 1483/2671/2303 1485/2672/2304 1484/876/817 1482/2471/2142
f 661/1717/1537 672/425/385 671/1728/1546 670/2243/1626
f 2575/930/871 2536/1159/1054 2539/1158/6 2576/947/888
f 1040/625/576 1042/624/575 1037/2458/2129 1038/1397/1269
f 1611/2673/2305 1610/2665/2299 1617/2666/2300 1616/2674/2306
f 1352/1426/1297 1345/1425/1296 1353/1239/1130 1351/1238/1129
f 842/1983/1760 857/2063/1825 843/2200/1921 841/648/599
f 1002/2324/2023 1004/542/495 1003/545/498 1000/2325/2024
f 1021/2433/2113 1022/1561/1406 1019/1023/953 1017/1022/952
f 2624/2209/1929 2625/1418/1289 2626/2110/1853 2623/2298/2002
f 1352/1426/1297 1333/2257/1968 1332/1863/1657 1331/1427/1298
f 2518/829/771 2520/2675/2307 2521/2676/2106 2519/830/772
f 2458/2545/2208 2459/2544/2207 2461/2677/2308 2460/2678/2309
f 1306/1402/1274 1319/843/785 1307/846/788 1305/1003/933
f 1024/1562/1407 1022/1561/1406 1026/618/569 1025/1218/1109
f 1308/2217/1934 1303/1004/934 1305/1003/933 1307/846/788
f 1300/2679/2310 1309/2446/2120 1301/2680/2311 1299/2681/2312
f 538/569/522 518/2553/2213 516/1102/1008 521/1849/1645
f 1302/1005/935 1303/1004/934 1300/2679/2310 1291/2562/2221
f 1291/2562/2221 1300/2679/2310 1299/2681/2312 1292/1956/1734
f 2639/2210/1930 2641/2682/640 1948/2683/2313 2642/2684/2314
f 1053/2450/2124 1089/2663/2298 1054/2203/1924 1051/2202/1923
f 497/2453/2126 499/2452/1098 498/2685/2315 494/1575/1416
f 1188/1180/1074 1196/1179/1073 1195/2606/2255 1190/2457/2128
f 1332/1863/1657 1320/1963/1741 1321/1401/1273 1323/1864/1658
f 2457/2272/1979 2456/1143/1039 2458/2545/2208 2460/2678/2309
f 1063/660/611 1064/659/610 952/2459/2130 954/2444/2119
f 2669/1708/1529 2668/2495/2164 2667/2686/1681 2690/2624/2272
f 1781/418/378 1780/2687/2316 1803/1959/1737 1802/419/379
f 1981/1494/1353 1992/1931/1352 1993/823/765 1984/822/764
f 1665/1296/1185 1678/1295/1184 1667/805/748 1666/1866/1196
f 1009/1164/1058 1010/1163/1057 1005/544/497 1007/2688/2317
f 1908/31/28 1907/1149/1045 1906/2506/2174 1909/28/25
f 379/2232/1947 383/2354/1867 377/2689/2318 378/2573/2230
f 2062/2690/2319 2064/2691/2320 2065/2618/2267 2060/2692/2321
f 1054/2203/1924 1088/1269/1159 1056/1268/1158 1055/821/763
f 1340/2350/2042 1342/2349/2041 1341/2693/2322 1339/2694/2323
f 1356/2233/1948 1357/1175/1069 1349/848/790 1350/2351/2043
f 2209/2132/1418 2211/2124/1860 2208/1171/1065 2210/2133/1865
f 1373/2418/2099 1370/2695/2324 1372/2696/2325 1367/2352/2044
f 236/786/729 237/785/728 235/2435/1099 233/866/807
f 2060/2692/2321 2065/2618/2267 2066/315/279 2058/314/278
f 995/2331/1877 996/244/212 994/243/211 993/2424/1801
f 1896/814/757 1904/813/756 1905/2494/2163 1894/2509/2177
f 1309/2446/2120 1311/2138/1870 1310/2697/2326 1301/2680/2311
f 76/141/113 80/327/291 79/2698/85 75/142/114
f 2058/314/278 2059/416/376 2061/2699/2327 2060/2692/2321
f 1621/2700/1067 1623/2360/2050 1622/2363/2052 1620/2701/2328
f 2060/2692/2321 2061/2699/2327 2063/2702/2329 2062/2690/2319
f 1619/1253/1068 1621/2700/1067 1620/2701/2328 1347/1254/1144
f 953/2703/2330 955/2704/2331 954/2444/2119 952/2459/2130
f 497/2453/2126 496/1565/1098 505/1497/724 500/1496/724
f 1318/845/787 1336/1255/1145 1329/2128/1863 1317/2136/1868
f 2249/580/532 2251/2258/1969 2203/2705/2093 2250/2139/1871
f 830/647/598 831/2548/2209 811/2129/1864 829/1982/1759
f 2054/2539/2202 2056/2706/2332 2057/415/375 2055/317/281
f 420/1304/1193 422/2587/2240 421/1324/1212 419/1305/1194
f 363/404/364 364/403/363 349/1066/984 351/1064/984
f 366/406/366 372/405/365 371/422/382 368/2526/2191
f 2064/2691/2320 2068/1698/1520 2069/986/920 2065/2618/2267
f 1443/1474/1337 1419/1242/1133 1421/1241/1132 1437/2707/2333
f 2253/1579/1418 2247/537/490 2246/536/489 2211/2708/2334
f 1356/2233/1948 1355/1237/1128 1362/1219/1110 1368/2234/1949
f 2214/2231/1946 2213/2230/1945 2245/2709/2335 2244/2241/1955
f 983/2340/2036 984/2339/2035 982/2367/2055 981/2366/2054
f 2319/1334/1222 2321/1774/1581 2322/2710/1680 533/2574/1679
f 1399/1798/1601 1588/2280/1987 1400/2498/2167 1401/1799/1602
f 1382/2711/2336 1383/2712/2337 1193/239/207 1191/238/206
f 2246/536/489 2244/2241/1955 2245/2709/2335 2211/2708/2334
f 2514/2215/1932 2513/2214/1931 2529/2284/1991 2528/2370/2058
f 182/1894/1411 183/840/782 178/632/583 180/1396/1268
f 1357/1175/1069 1358/1174/1068 1348/849/791 1349/848/790
f 1338/2332/2029 1340/2350/2042 1339/2694/2323 1316/2333/2030
f 979/2369/2057 980/2368/2056 978/2260/1970 977/2259/1828
f 126/437/395 125/471/426 137/474/429 136/470/425
f 955/2704/2331 957/2119/1858 956/1193/1087 954/2444/2119
f 1337/2127/1862 1346/2713/2338 1338/2332/2029 1315/2328/2026
f 1208/853/795 1387/852/794 1219/1184/1078 1209/1183/1077
f 2430/2431/2111 2432/2714/2339 2439/1450/1317 2431/1449/1316
f 154/521/474 155/254/222 147/257/225 149/549/502
f 2577/1732/5 2579/2715/21 2580/1838/1635 2578/1733/1550
f 1340/2350/2042 1338/2332/2029 1346/2713/2338 1343/2347/2039
f 1620/2701/2328 1622/2363/2052 1343/2347/2039 1346/2713/2338
f 887/2318/2019 895/2716/1719 870/607/558 886/606/557
f 928/2374/1817 953/2703/2330 952/2459/2130 951/2375/2061
f 2629/1753/1565 2631/1752/1564 1988/2717/2340 2630/2111/1854
f 2066/315/279 2067/399/359 2051/402/362 2053/316/280
f 1961/157/129 1969/156/128 1970/2718/2341 1962/2630/2276
f 1275/2577/2232 1276/2576/2231 1254/1837/1634 1256/1836/1452
f 2208/1171/1065 2190/1170/1064 2207/1873/1665 2210/2133/1865
f 2075/2216/1933 2079/2489/2158 2043/2613/2262 2048/1859/1654
f 2044/2623/2271 2042/2614/2263 2043/2613/2262 2079/2489/2158
f 1050/2451/2125 971/819/761 974/1899/1685 1049/1252/1143
f 1347/1254/1144 1620/2701/2328 1346/2713/2338 1337/2127/1862
f 1011/2460/2131 998/2330/2028 1000/2325/2024 1003/545/498
f 250/235/203 251/234/202 244/810/753 245/815/758
f 2217/1249/1140 2215/1248/1139 2214/2231/1946 2224/1165/1059
f 1518/2719/2342 2531/2720/2343 2528/2370/2058 2529/2284/1991
f 1516/2549/2210 1518/2719/2342 2529/2284/1991 1517/1275/1165
f 633/2176/1902 620/2721/894 634/467/423 632/466/422
f 1225/380/344 1226/1758/1570 1224/1762/1573 1223/1750/1562
f 1406/1243/1134 1419/1242/1133 1405/1233/1124 1402/1232/1123
f 1215/687/638 1233/1631/1464 1199/2393/2077 1200/2468/2139
f 1485/2672/2304 1487/2609/2258 1486/877/818 1484/876/817
f 184/621/572 172/588/540 174/575/527 176/578/530
f 2022/1663/1490 2014/1662/1489 2048/1859/1654 2043/2613/2262
f 8/1829/922 9/26/23 7/25/23 1/988/922
f 1374/2722/2344 1376/2723/2345 1375/1222/1113 1197/1178/1072
f 322/2724/29 323/1862/29 317/73/29 314/66/29
f 1490/2595/2246 1491/874/815 1486/877/818 1488/2611/2260
f 1951/2407/2090 1952/2267/1975 1953/2270/1977 1933/2408/2091
f 1391/2414/2095 1397/2725/2346 1392/2657/2292 1390/2415/2096
f 2624/2209/1929 2640/2594/641 2641/2682/640 2639/2210/1930
f 1889/2726/2347 1891/2541/2204 1890/1148/1044
f 1887/1151/1047 1889/2726/2347 1890/1148/1044
f 1885/1051/978 1889/2726/2347 1887/1151/1047
f 1885/1051/978 1887/1151/1047 1886/87/67
f 1541/2428/2108 1555/1431/1302 1540/1430/1301 1539/2477/2148
f 1198/1317/1205 1374/2722/2344 1197/1178/1072 1187/1177/1071
f 2321/1774/1581 2323/1773/716 2324/2727/1237 2322/2710/1680
f 1894/2509/2177 1905/2494/2163 1906/2506/2174 1892/2505/2173
f 1695/2473/2144 1694/727/675 1699/729/677 1698/2617/2266
f 696/673/624 2700/290/254 2702/293/257 697/179/148
f 2024/1413/1284 2021/1412/1283 2023/1664/1491 2035/2058/1821
f 2693/2192/1916 2695/2518/2185 2696/596/548 2694/595/547
f 2042/2614/2263 2047/2626/2274 2040/2277/1984 2041/2187/1912
f 1592/1681/1507 1590/1974/1751 1600/1977/1754 1599/1682/1508
f 1876/271/239 1874/270/238 1877/1228/1119 1883/1227/1118
f 1715/2728/2348 1716/1260/1150 1717/1263/1153 1714/1971/1748
f 1400/2498/2167 1587/1975/1752 1406/1243/1134 1402/1232/1123
f 1037/2458/2129 982/2367/2055 984/2339/2035 1036/2456/2127
f 2611/2729/2349 2612/2730/2350 2614/2731/2351 2613/2732/2352
f 2614/2731/2351 2612/2730/2350 2615/2558/2218 2621/2557/2217
f 1403/1235/1126 1404/1234/1125 1414/1984/1761 1411/2552/2212
f 2012/1968/1745 2014/1662/1489 2021/1412/1283 2013/1411/1282
f 2553/2661/2296 2552/2391/2075 2538/2390/2074 2568/1789/1594
f 1296/1629/1462 1297/1958/1736 1239/1674/1501 1241/1630/1463
f 128/347/311 133/352/316 129/173/142 88/172/141
f 1097/2733/2353 1098/2734/2354 1080/662/613 1081/661/612
f 2616/2559/2219 2618/2735/2355 2620/2736/2356 2619/2556/2216
f 1411/2552/2212 1412/2737/2357 1410/1134/1030 1407/1133/1029
f 122/220/188 121/204/173 141/207/176 140/1748/1561
f 2428/1787/1592 2433/1448/1315 2434/1633/1466 2426/1632/1465
f 1831/2738/2358 1833/1932/1715 1839/1465/1329 1832/1464/1328
f 2360/751/699 2361/1851/700 2362/2490/2159 2359/1878/1668
f 1492/875/816 1491/874/815 1515/1278/1168 1514/1277/1167
f 1381/2605/2254 1382/2711/2336 1191/238/206 1190/2457/2128
f 1439/2739/2359 1437/2707/2333 1436/2740/2360 1435/1885/1674
f 1592/1681/1507 1594/1680/1506 1593/2741/1914 1591/2409/2092
f 1594/1680/1506 1596/2742/2361 1595/2743/1913 1593/2741/1914
f 1718/1261/1151 1727/2744/2362 1728/1039/966 1726/1262/1152
f 1597/1683/1509 1598/2745/2363 1596/2742/2361 1594/1680/1506
f 1612/2746/2364 1613/2747/2365 1598/2745/2363 1597/1683/1509
f 1614/2748/2366 1615/2749/2367 1613/2747/2365 1612/2746/2364
f 290/1313/1201 289/8/8 299/11/11 298/1314/1202
f 1900/2750/2368 1902/2607/2256 1903/812/755 1898/811/754
f 2108/493/447 2106/1599/1435 2118/1830/1629 2112/1341/1226
f 2587/394/354 2589/2751/2369 2590/921/862 2585/391/351
f 1612/2746/2364 1611/2673/2305 1616/2674/2306 1614/2748/2366
f 2380/1091/1000 2387/628/579 2388/522/475 2378/211/177
f 2597/2752/2370 2599/1672/1499 2598/1520/1374 2603/2753/2371
f 904/2560/2220 906/2600/2250 894/539/492 893/538/491
f 1095/891/832 1096/2754/2372 1082/2381/2066 1083/892/833
f 1501/1614/1450 1502/2755/1662 1470/1701/1523 1469/1615/1451
f 1683/897/838 1682/896/837 1689/1658/1486 1688/962/901
f 1311/2138/1870 1313/2137/1869 1312/2756/2373 1310/2697/2326
f 1495/2356/2047 1496/2520/2187 1476/2475/2146 1478/1226/1117
f 1330/1428/1299 1331/1427/1298 1325/1865/1659 1327/2206/1927
f 32/119/93 36/139/111 30/114/91 31/113/90
f 1799/461/417 1783/417/377 1801/420/380 1800/458/414
f 1610/2665/2299 1611/2673/2305 1599/1682/1508 1600/1977/1754
f 1206/2152/208 1207/2151/1880 1205/2220/1937 1204/2219/1936
f 1602/2282/1989 1609/2538/2201 1601/1976/1753 1588/2280/1987
f 2231/443/401 2233/2166/1892 2234/2567/2225 2232/869/810
f 2031/219/187 2033/218/186 2034/2757/2374 2032/2758/2375
f 80/327/291 82/2759/70 81/2760/70 79/2698/85
f 1611/2673/2305 1612/2746/2364 1597/1683/1509 1599/1682/1508
f 2092/1256/1146 2086/447/405 2083/1608/1444 2093/1810/1612
f 1313/2137/1869 1315/2328/2026 1314/2334/2031 1312/2756/2373
f 1850/2761/2376 1852/1367/1247 1851/280/244
f 1849/279/243 1850/2761/2376 1851/280/244
f 1848/365/329 1850/2761/2376 1849/279/243
f 1424/2189/1914 1425/1345/1230 1423/2762/2377 1422/2763/2092
f 1160/2305/2009 1144/2519/2186 1146/2515/2183 1159/2306/2010
f 1223/2764/2378 1606/2513/2181 1604/2514/2182 1605/2765/2379
f 1847/366/330 1848/365/329 1849/279/243
f 1408/1136/1032 1409/1135/1031 1605/2765/2379 1604/2514/2182
f 1810/2766/2380 1812/2767/2381 1813/2465/2136 1811/459/415
f 1811/459/415 1813/2465/2136 1825/1667/1494 1820/460/416
f 610/998/928 612/1001/931 611/1731/1549 609/2768/898
f 2335/1743/1364 2336/76/57 2331/1456/1322 2332/1741/1558
f 467/1640/30 462/1511/1366 463/1502/1357 465/1504/1359
f 1840/1933/1716 1842/2769/2382 1843/2770/2383 1841/1934/1717
f 1820/460/416 1825/1667/1494 1826/1670/1497 1821/898/839
f 2297/1364/340 2296/715/340 2295/995/341 2306/1852/1647
f 621/1693/1517 614/1780/1586 616/1000/930 619/1694/1518
f 360/434/392 374/481/436 361/354/318 356/353/317
f 2304/2251/1964 2302/2250/1963 2308/1350/1234 2307/1349/1233
f 2340/1782/1588 2342/1019/949 2344/2628/1409 2343/1783/1589
f 600/396/356 601/395/355 593/498/452 595/485/439
f 586/375/339 587/374/338 584/2648/2117 585/504/457
f 1252/2771/1445 524/2772/2384 1253/803/746 1251/802/745
f 2116/1637/1470 2114/1342/1227 2112/1341/1226 2118/1830/1629
f 34/125/98 35/124/92 45/181/150 44/191/160
f 427/275/23 438/69/23 436/72/23 428/1338/23
f 1557/2427/2107 1558/2662/2297 1554/1432/1303 1555/1431/1302
f 1466/1841/1638 1467/1703/1451 1460/1585/340 1465/1809/1611
f 2262/1415/1286 2259/1414/1285 2258/1530/1382 2266/1529/1381
f 1395/2773/2385 1388/2297/2001 1219/1184/1078 1387/852/794
f 1829/2476/2147 1832/1464/1328 1838/1463/1327 1837/2421/2102
f 2298/1363/1245 2311/382/346 2310/381/345 2308/1350/1234
f 1414/1984/1761 1416/1079/989 1415/2430/2110 1413/2774/2386
f 1837/2421/2102 1838/1463/1327 1835/1880/1670 1834/899/840
f 1763/451/408 1759/884/825 1762/2619/2268 1764/452/409
f 2356/1875/1557 2357/1796/1599 2353/1795/1598 2354/1510/1365
f 650/335/299 646/1700/1522 644/1602/1438 648/336/300
f 1292/1956/1734 1293/1955/1733 1283/1818/1620 1284/1817/1619
f 1834/899/840 1835/1880/1670 1823/120/94 1822/17/16
f 1780/2687/2316 1793/2775/2387 1804/1960/1738 1803/1959/1737
f 1782/1627/1460 1785/1626/1459 1786/2293/1997 1779/2462/2133
f 1186/983/917 1194/982/916 1184/2776/2388 1185/1316/1204
f 1671/991/925 1673/2327/2025 1672/2777/2389 1670/992/926
f 494/1575/1416 498/2685/2315 492/2778/2390 493/1572/1404
f 1780/2687/2316 1779/2462/2133 1778/2461/2132 1793/2775/2387
f 1392/2657/2292 1396/2779/2391 1394/2780/2392 1393/851/793
f 1397/2725/2346 1398/2781/2393 1396/2779/2391 1392/2657/2292
f 1827/1669/1496 1828/2782/2394 1830/2783/2395 1829/2476/2147
f 2579/2715/21 2581/2784/2396 2582/1839/1636 2580/1838/1635
f 1306/1402/1274 1321/1401/1273 1320/1963/1741 1319/843/785
f 1940/2401/2084 1942/670/621 1935/669/620 1937/1508/1363
f 1481/1224/1115 1483/2671/2303 1482/2471/2142 1480/1225/1116
f 1067/19/18 1066/908/849 1078/911/852 1077/20/19
f 1697/1973/1750 1719/1972/1749 1721/2227/1942 1720/2226/1395
f 1913/2608/2257 1914/2785/2397 1915/656/607 1912/655/606
f 481/2/2 483/1446/1313 482/1776/1583 480/3/3
f 2671/1856/1651 2674/761/708 2675/1747/437 2673/2496/2165
f 2557/1651/1479 2558/1085/995 2548/1084/994 2547/1129/1026
f 1910/839/781 1917/838/780 1918/29/26 1909/28/25
f 1561/2641/2282 1560/2658/2293 1567/2448/2122 1566/2447/2121
f 2539/6/6 2723/85/65 2713/699/650 2725/7/7
f 1248/1924/1709 1249/2637/2279 1246/2575/1246 1247/1925/1710
f 1844/363/327 1846/1466/1330 1839/1465/1329 1841/1934/1717
f 2695/2518/2185 2693/2192/1916 2705/675/626 2703/291/255
f 1853/907/848 1858/1368/1248 1856/2786/2398 1854/636/587
f 2198/2256/1967 2199/2262/1971 2200/2264/1973 2205/2134/1866
f 2600/1518/1372 2617/1673/1500 2618/2735/2355 2616/2559/2219
f 428/1338/23 429/1337/90 425/276/23 427/275/23
f 1503/1827/1627 1504/2636/147 1502/2755/1662 1501/1614/1450
f 2349/1833/508 2350/1794/1597 2352/1793/1524 2351/2787/2399
f 1798/16/15 1784/15/14 1783/417/377 1799/461/417
f 1229/1757/1569 1244/1505/1360 1231/651/602 1230/1763/1574
f 1571/1581/1420 1572/1580/1419 1564/1616/1452 1566/2447/2121
f 2375/754/702 846/753/701 2377/209/178 2376/208/177
f 1519/1276/1166 1520/2591/2244 1513/2592/2245 1514/1277/1167
f 1210/711/661 1202/2467/2138 1203/2221/1938 1209/1183/1077
f 2242/442/400 2247/537/490 2248/579/531 2241/2142/1874
f 2046/1607/1443 2045/2625/2273 2044/2623/2271 2080/1914/1700
f 1385/2150/1879 1390/2415/2096 1386/850/792 1207/2151/1880
f 1107/1087/997 1109/2140/1872 1108/1606/1442 1106/101/79
f 1384/2788/2337 1389/2413/2094 1385/2150/1879 1193/2149/207
f 524/2789/2384 526/1609/1445 525/1858/1653 523/1850/1646
f 2297/1364/340 2298/1363/1245 2299/716/665 2296/715/340
f 405/1294/1183 406/1271/1161 394/1274/1164 404/1500/1355
f 1721/2227/1942 1723/529/482 1724/793/736 1722/2228/1943
f 2726/23/22 2728/1326/1214 2581/2790/2400 2729/22/21
f 1030/1215/1106 1028/617/568 1032/1214/1105 1031/2235/1950
f 1200/2468/2139 1202/2467/2138 1212/688/639 1215/687/638
f 184/621/572 183/840/782 187/600/551 185/620/571
f 2642/2684/2314 2643/1888/1677 2638/1419/1290 2639/2210/1930
f 1836/1881/1671 1847/366/330 1849/279/243 1824/121/95
f 156/255/223 155/254/222 165/507/460 158/523/476
f 1245/1756/1568 1278/801/744 1244/1505/1360 1229/1757/1569
f 123/476/431 124/472/427 92/1645/1476 93/1644/1475
f 287/12/12 303/106/84 302/92/70 301/13/10
f 1530/2311/819 1531/2310/744 1529/2635/1655 1528/2425/2105
f 2646/94/72 894/817/492 2662/2254/1966 2661/563/516
f 680/2185/1910 678/1720/1540 689/558/511 688/557/510
f 1841/1934/1717 1843/2770/2383 1845/364/328 1844/363/327
f 1185/1316/1204 1201/2222/1939 1200/2468/2139 1199/2393/2077
f 54/360/324 55/328/292 50/199/168 47/361/325
f 1800/458/414 1810/2766/2380 1811/459/415
f 2601/1519/1373 2600/1518/1372 2616/2559/2219 2615/2558/2218
f 1167/1284/1173 1168/953/893 1166/956/896 1164/1285/1174
f 1809/2791/2401 1810/2766/2380 1800/458/414
f 1411/2552/2212 1414/1984/1761 1413/2774/2386 1412/2737/2357
f 1801/420/380 1809/2791/2401 1800/458/414
f 1243/652/603 1295/1845/1641 1242/1628/1461 1232/653/604
f 1232/653/604 1242/1628/1461 1233/1631/1464 1215/687/638
f 410/1778/1584 411/1293/1182 405/1294/1183 403/609/560
f 1808/1332/1220 1809/2791/2401 1801/420/380
f 441/1371/23 445/1394/23 440/274/23 426/273/23
f 1016/1024/954 1018/242/210 1012/245/213 1014/1162/1056
f 2609/2792/2402 2610/2793/2403 2612/2730/2350 2611/2729/2349
f 662/1409/1281 659/945/886 660/944/885 661/1717/1537
f 1854/636/587 1856/2786/2398 1857/2794/2404 1855/637/588
f 1098/2734/2354 1099/1537/1388 1079/910/851 1080/662/613
f 2666/2795/1623 2667/2686/1681 2668/2495/2164 2672/2497/2166
f 527/1611/1447 535/41/34 525/1858/1653 526/1609/1445
f 2558/1085/995 2557/1651/1479 2563/1653/1481 2562/2796/993
f 148/556/509 150/546/499 149/549/502 147/257/225
f 522/2797/2405 524/2789/2384 523/1850/1646 521/1849/1645
f 711/1950/1728 702/1943/1723 704/980/915 710/905/846
f 524/2772/2384 1255/1834/1632 1254/1837/1634 1253/803/746
f 409/1779/1585 410/1778/1584 403/609/560 401/608/559
f 2683/2564/2223 2681/1329/1217 2684/1328/1216 2686/1739/1556
f 1795/122/96 1851/280/244 1853/907/848 1794/906/847
f 1274/81/62 1275/2577/2232 1256/1836/1452 1258/82/63
f 315/2798/29 322/2724/29 314/66/29 313/65/29
f 2691/2191/628 2707/676/627 2705/675/626 2693/2192/1916
f 1399/1798/1601 1408/1136/1032 1604/2514/2182 1603/2281/1988
f 1926/2569/2227 1928/89/69 1922/88/68 1927/1330/1218
f 1294/1844/1640 1293/1955/1733 1297/1958/1736 1296/1629/1462
f 2669/1708/1529 2690/2624/2272 2688/1926/1711 2685/1709/1530
f 1955/2645/1528 1956/2629/2275 1958/2522/1977 1957/2521/2188
f 1236/1677/1504 1238/1676/1503 1237/2799/2345 1235/2800/2406
f 1309/2446/2120 1300/2679/2310 1303/1004/934 1308/2217/1934
f 1818/1668/1495 1819/2640/2281 1828/2782/2394 1827/1669/1496
f 1127/2422/2103 1131/750/698 1129/98/76 1125/1605/1441
f 1863/886/827 1877/1228/1119 1874/270/238 1872/2583/2236
f 1681/1069/987 1682/896/837 1677/806/749 1678/1295/1184
f 1139/1679/1505 1008/2801/2407 1138/1643/1474 1137/1642/1473
f 1275/2577/2232 1274/81/62 1283/1818/1620 1282/1847/1643
f 2598/1520/1374 2602/310/274 2604/313/277 2603/2753/2371
f 1257/1835/1633 1259/1229/1120 1258/82/63 1256/1836/1452
f 2156/231/199 2164/1360/1242 2163/2404/2087 2167/232/200
f 2235/2178/1904 2233/2166/1892 2242/442/400 2241/2142/1874
f 1780/2687/2316 1781/418/378 1782/1627/1460 1779/2462/2133
f 1949/690/641 1950/2406/2089 1943/2145/1876 1944/691/642
f 1405/1233/1124 1418/1473/1336 1417/1080/990 1404/1234/1125
f 2527/1211/1102 2525/1210/1101 2528/2370/2058 2531/2720/2343
f 1227/383/347 1228/1755/1567 1226/1758/1570 1225/380/344
f 1785/1626/1459 1787/1786/1591 1788/2294/1998 1786/2293/1997
f 612/1001/931 616/1000/930 614/1780/1586 613/1729/1547
f 694/429/389 695/671/622 691/427/387 692/426/386
f 1395/2773/2385 1387/852/794 1393/851/793 1394/2780/2392
f 2520/2675/2307 2518/829/771 2523/2371/2059 2522/2372/2060
f 1273/80/61 1272/1582/1421 1285/2563/2222 1284/1817/1619
f 1214/654/605 1213/1266/1156 1230/1763/1574 1231/651/602
f 2426/1632/1465 2424/679/630 2422/1482/1344 2428/1787/1592
f 1732/528/481 1734/737/685 1735/2589/2242 1733/792/735
f 2542/500/454 2544/1138/1034 2545/1137/1033 2543/501/104
f 2141/1514/1368 2128/1923/1708 2126/2313/2015 2135/1515/1369
f 2462/1434/1075 2466/1584/1423 2467/163/132 2464/162/131
f 2029/925/866 2031/219/187 2032/2758/2375 2030/926/867
f 655/946/887 659/945/886 657/1132/1028 656/1860/1655
f 2573/932/873 2572/1033/961 2571/1036/964 2537/2504/2172
f 1288/2802/1918 1289/1088/998 1287/104/82 1280/2803/1488
f 1528/2425/2105 1527/349/313 1533/2279/1986 1530/2311/819
f 1280/2803/1488 1287/104/82 1270/103/81 1269/1461/1325
f 528/2638/1446 1252/2771/1445 1251/802/745 1250/1843/1246
f 1633/1711/1532 1635/2578/40 1634/1115/1018 1632/1113/1016
f 1869/2533/2197 1867/2532/2196 1872/2583/2236 1871/2582/2235
f 1736/919/860 1737/2590/2243 1751/323/287 1750/322/286
f 1496/2520/2187 1497/1355/1238 1474/1772/1580 1476/2475/2146
f 2607/1734/1551 2605/311/275 2610/2793/2403 2609/2792/2402
f 1493/2470/2141 1492/875/816 1514/1277/1167 1513/2592/2245
f 1981/1494/1353 1978/666/617 1980/665/616 1992/1931/1352
f 535/41/34 542/40/33 536/1857/1652 525/1858/1653
f 1267/782/725 567/2804/2284 1268/1462/1326 1266/783/726
f 2318/1333/1221 2331/1456/1322 2328/1455/1321 2326/1765/1576
f 2719/131/104 2718/130/103 2717/134/65 2720/2445/455
f 1443/1474/1337 1418/1473/1336 1405/1233/1124 1419/1242/1133
f 1324/2669/2301 1326/2204/1925 1325/1865/1659 1323/1864/1658
f 1752/305/269 1753/324/288 1755/2805/2408 1754/302/266
f 1143/2525/704 1144/2519/2186 1142/955/895 1128/2536/1452
f 1422/2763/2092 1423/2762/2377 1421/1241/1132 1420/1240/1131
f 1053/2806/2409 1120/1821/1621 1119/1822/1622 1118/2807/2410
f 2453/489/443 2458/2545/2208 2456/1143/1039 2455/1142/1038
f 1846/1466/1330 1844/363/327 1847/366/330 1836/1881/1671
f 330/1060/29 333/1071/29 332/1123/29 331/1947/29
f 1247/1925/1710 1227/383/347 2311/382/346 2312/1365/1246
f 1436/2740/2360 1423/2762/2377 1425/1345/1230 1428/297/261
f 2081/2469/2140 2082/2566/2224 2083/1608/1444 2046/1607/1443
f 1437/2707/2333 1421/1241/1132 1423/2762/2377 1436/2740/2360
f 400/832/774 395/835/777 396/512/465 398/511/464
f 1671/991/925 1669/804/747 1676/807/750 1674/961/900
f 1246/2575/1246 1250/1843/1246 1245/1756/1568 1228/1755/1567
f 1445/62/54 1417/1080/990 1418/1473/1336 1444/63/55
f 1293/1955/1733 1294/1844/1640 1282/1847/1643 1283/1818/1620
f 39/190/159 41/264/232 40/2808/2411 38/1358/1241
f 83/326/290 84/1067/264 82/2759/70 80/327/291
f 1209/1183/1077 1203/2221/1938 1205/2220/1937 1208/853/795
f 1664/1011/941 1629/2378/2064 1631/1031/959 1662/1008/938
f 1909/28/25 1906/2506/2174 1905/2494/2163 1910/839/781
f 682/1726/1545 684/778/722 683/2809/2412 681/2634/442
f 1964/2269/1976 1966/1897/1683 1968/155/127 1963/154/126
f 607/1452/1319 610/998/928 609/2768/898 605/1453/1320
f 1441/1475/1338 1443/1474/1337 1437/2707/2333 1439/2739/2359
f 873/2156/1883 883/1970/1747 872/1954/1732 866/1952/1730
f 1435/1885/1674 1436/2740/2360 1428/297/261 1430/296/260
f 2016/2584/2237 2017/149/121 2019/2392/2076 2018/2585/2238
f 71/140/112 72/145/117 70/2429/2109 69/389/349
f 1462/724/672 1465/1809/1611 1455/1807/1609 1453/725/673
f 1431/295/259 1433/2810/2413 1432/1886/1675 1430/296/260
f 2191/2245/1958 2192/2483/1983 2194/2385/2069 2193/1874/1666
f 1765/454/411 1766/453/410 1768/368/332 1767/367/331
f 1438/2811/2414 1439/2739/2359 1435/1885/1674 1434/1884/1673
f 1440/2654/2289 1441/1475/1338 1439/2739/2359 1438/2811/2414
f 424/1920/23 426/273/23 425/276/23 423/1352/90
f 1118/2807/2410 1119/1822/1622 1116/1437/1307 1115/1436/1306
f 990/2337/2034 991/2336/2033 989/1217/1108 779/2341/1774
f 1360/1173/1067 1359/1172/1066 1372/2696/2325 1371/2812/2050
f 1371/2812/2050 1372/2696/2325 1370/2695/2324 1369/2813/1780
f 1945/692/643 1946/2670/2302 1948/2814/2313 1947/689/640
f 294/1489/1348 295/2815/1342 293/684/635 292/683/634
f 1367/2352/2044 1372/2696/2325 1359/1172/1066 1368/2234/1949
f 1378/2816/2415 1195/2606/2255 1196/1179/1073 1377/1221/1112
f 1894/2509/2177 1895/2508/2176 1897/841/783 1896/814/757
f 1006/543/496 1008/2817/303 1007/2688/2317 1005/544/497
f 2094/2247/1960 2096/2437/2114 2103/1601/1437 2095/1811/1613
f 124/472/427 125/471/426 91/344/308 92/1645/1476
f 161/2168/1894 162/508/461 154/521/474 153/2455/539
f 1048/808/751 976/1900/1686 978/2260/1970 1043/627/578
f 520/1101/1007 522/2797/2405 521/1849/1645 516/1102/1008
f 166/506/459 160/530/483 158/523/476 165/507/460
f 1263/1684/1510 1265/781/372 1264/784/727 1262/1583/1422
f 1936/1507/1362 1938/2818/2416 1939/2399/2082 1937/1508/1363
f 1637/2579/1160 1638/1120/1021 1636/1117/1018
f 2565/1045/972 2554/1044/971 2553/2661/2296 2566/2819/2417
f 1638/1120/1021 1640/2820/2418 1639/1119/1020
f 602/398/358 603/397/357 579/457/413 591/633/584
f 1640/2820/2418 1642/2660/2295 1641/1017/947
f 2560/1082/992 2559/1081/991 2558/1085/995 2562/2796/993
f 1642/2660/2295 1644/2821/944 1643/2659/2294
f 1065/909/850 1064/659/610 1080/662/613 1079/910/851
f 1708/1554/1402 1709/164/133 1700/167/136 1701/728/676
f 216/889/830 217/168/137 202/171/140 203/902/843
f 2556/151/123 2557/1651/1479 2547/1129/1026 2549/152/124
f 2299/716/665 2302/2250/1963 2303/2253/1965 2301/717/666
f 2595/1593/1430 2590/921/862 2589/2751/2369 2596/1594/1431
f 1095/891/832 1094/890/831 1111/2085/1839 1110/2141/1873
f 564/411/371 571/929/870 566/1536/1387 565/1692/725
f 1108/1606/1442 1110/2141/1873 1123/2423/2104 1125/1605/1441
f 545/2822/2419 546/39/32 543/38/31 544/1891/1680
f 2556/151/123 2555/150/122 2565/1045/972 2564/1652/1480
f 1702/827/769 1704/826/768 1706/2823/2420 1705/1553/1401
f 1234/2394/2078 1236/1677/1504 1235/2800/2406 1198/1317/1205
f 2163/2404/2087 2161/1109/1012 2162/2824/2421 2168/2405/2088
f 2501/1309/1197 2500/1308/38 2503/42/35 2502/2561/1531
f 229/187/156 231/186/155 230/868/809 228/872/813
f 1295/1845/1641 1294/1844/1640 1296/1629/1462 1242/1628/1461
f 1656/1029/957 1659/1043/970 1658/2621/2270 1657/1030/958
f 2566/2819/2417 2553/2661/2296 2568/1789/1594 2567/1788/1593
f 1812/2767/2381 1814/2825/2422 1815/2466/2137 1813/2465/2136
f 1655/1041/968 1652/1716/1536 1653/1042/969
f 44/191/160 39/190/159 37/138/110 34/125/98
f 1700/167/136 1711/166/135 1712/2615/2264 1699/729/677
f 2070/1699/1521 2072/1620/1455 2074/1623/1458 2071/987/921
f 1297/1958/1736 1298/1957/1735 1240/1675/1502 1239/1674/1501
f 1096/2754/2372 1097/2733/2353 1081/661/612 1082/2381/2066
f 2160/1108/1011 2034/2826/2423 2162/2824/2421 2161/1109/1012
f 619/1694/1518 616/1000/930 617/999/929 618/1712/1533
f 2571/1036/964 2570/1035/963 2568/1789/1594 2538/2390/2074
f 1661/2555/2215 1663/1009/939 1662/1008/938
f 1743/518/471 1741/720/668 1748/2403/2086 1747/883/824
f 1333/2257/1968 1352/1426/1297 1351/1238/1129 1350/2351/2043
f 1117/2084/1838 1123/2423/2104 1110/2141/1873 1111/2085/1839
f 2533/1160/64 2536/1159/1054 2537/2504/2172 2535/2389/2073
f 1068/18/17 1069/1195/1089 943/2343/2038 945/2161/1887
f 1628/2441/1197 1665/1296/1185 1666/1866/1196
f 1773/1259/1149 1774/2118/1857 1745/519/472 1760/882/823
f 1814/2825/2422 1816/2827/2424 1817/2639/2280 1815/2466/2137
f 214/566/519 222/1690/1515 215/733/681 205/567/520
f 1830/2783/2395 1831/2738/2358 1832/1464/1328 1829/2476/2147
f 646/1700/1522 647/1941/1722 645/1603/1439 644/1602/1438
f 1697/1973/1750 1695/2473/2144 1698/2617/2266 1714/1971/1748
f 684/778/722 729/777/721 685/2153/1881 683/2809/2412
f 2583/923/864 2591/922/863 2578/1733/1550 2580/1838/1635
f 1698/2617/2266 1713/2616/2265 1715/2728/2348 1714/1971/1748
f 2591/922/863 2592/948/889 2576/947/888 2578/1733/1550
f 1677/806/749 1667/805/748 1678/1295/1184
f 2573/932/873 2537/2504/2172 2536/1159/1054 2575/930/871
f 1449/2175/1901 1471/228/196 1464/1842/1639 1463/1861/1656
f 1028/617/568 1030/1215/1106 1025/1218/1109 1026/618/569
f 1663/1009/939 1680/1070/988 1679/1010/940
f 2386/2266/1974 575/2828/2425 2394/1678/1412 2393/630/581
f 1175/1665/1492 1180/1744/1559 1179/1922/1707 1177/2542/2205
f 1679/1010/940 1681/1069/987 1678/1295/1184
f 1276/2576/2231 1277/800/743 1253/803/746 1254/1837/1634
f 1898/811/754 1899/842/784 1901/2829/1539 1900/2750/2368
f 2445/1141/1037 2442/1382/1257 2444/1760/1571 2455/1142/1038
f 2547/1129/1026 2546/1128/453 2544/1138/1034 2549/152/124
f 1994/824/766 1993/823/765 1995/1930/1714 1997/2653/2288
f 363/404/364 362/1130/1027 373/423/383 372/405/365
f 1727/2744/2362 1729/2830/2426 1730/1040/967 1728/1039/966
f 1290/1089/999 1291/2562/2221 1285/2563/2222 1286/105/83
f 1969/156/128 1971/787/730 1972/2831/2427 1970/2718/2341
f 1641/1017/947 1646/1016/946 1639/1119/1020 1640/2820/2418
f 1121/758/706 1124/757/705 1123/2423/2104 1117/2084/1838
f 1961/157/129 1958/2522/1977 1956/2629/2275 1963/154/126
f 1379/2832/2428 1380/2604/2253 1195/2606/2255 1378/2816/2415
f 1942/670/621 1940/2401/2084 1945/692/643 1944/691/642
f 1207/2151/1880 1386/850/792 1208/853/795 1205/2220/1937
f 1036/2456/2127 1034/2529/2194 1038/1397/1269 1037/2458/2129
f 968/2238/1952 970/1566/1410 969/818/760 967/2239/1953
f 2605/311/275 2602/310/274 2601/1519/1373 2610/2793/2403
f 2601/1519/1373 2615/2558/2218 2612/2730/2350 2610/2793/2403
f 1728/1039/966 1731/527/480 1725/526/479 1726/1262/1152
f 1236/1677/1504 1234/2394/2078 1241/1630/1463 1239/1674/1501
f 937/2319/1767 938/2308/2012 936/2130/1803 929/1993/1770
f 3008/2833/2429 3009/2834/2430 3007/2835/2431 3006/2836/2432
f 3349/2837/2433 3346/2838/2434 3359/2839/2435 3358/2840/2436
f 3147/2841/2437 3148/2842/2438 3140/2843/2439 3142/2844/2440
f 4500/2845/2441 4448/2846/2442 4449/2847/2443 4499/2848/2444
f 5197/2849/2445 5198/2850/2446 5167/2851/2447 5169/2852/2448
f 3002/2853/2449 3004/2854/2450 3003/2855/2451 3001/2856/2452
f 3849/2857/2453 3851/2858/2454 3850/2859/2455 3848/2860/2456
f 5208/2861/2457 5193/2862/2458 5192/2863/2459 5209/2864/2460
f 4379/2865/2461 4381/2866/1716 4128/2867/1715 4127/2868/2462
f 3765/2869/2463 3778/2870/2464 3764/2871/2465 3763/2872/2466
f 3779/2873/2467 3780/2874/2468 3778/2870/2464 3765/2869/2463
f 3089/2875/2469 3090/2876/2470 3009/2834/2430 3008/2833/2429
f 3800/2877/2471 3813/2878/2472 3812/2879/2473 3801/2880/2474
f 3781/2881/2475 3789/2882/2476 3780/2874/2468 3779/2873/2467
f 5555/2883/2477 5556/2884/2478 5358/2885/2479
f 4924/2886/2480 4925/2887/2481 4926/2888/2482 4923/2889/2483
f 4922/2890/2484 4874/2891/2485 4873/2892/2486 4923/2889/2483
f 3088/2893/2487 3089/2875/2469 3008/2833/2429 3010/2894/2488
f 5554/2895/2489 5555/2883/2477 5357/2896/2490
f 3761/2897/2491 3715/2898/2492 3762/2899/2493 3760/2900/2494
f 4584/2901/2495 4623/2902/2496 4541/2903/2497 4540/2904/2498
f 4810/2905/2499 4821/2906/2500 4822/2907/2501 4808/2908/2502
f 3087/2909/2503 3086/2910/2504 3094/2911/2505 3093/2912/2506
f 3086/2910/2504 3085/2913/2507 3095/2914/2508 3094/2911/2505
f 5553/2915/2509 5554/2895/2489 5356/2916/2510
f 3819/2917/2511 3820/2918/2512 3810/2919/2513 3811/2920/2514
f 5532/2921/2515 5553/2915/2509 5355/2922/2516
f 3819/2917/2511 3818/2923/2517 3826/2924/2518 3825/2925/2519
f 3004/2854/2450 3002/2853/2449 3011/2926/2520 3010/2894/2488
f 3002/2853/2449 3000/2927/2521 3012/2928/2522 3011/2926/2520
f 5552/2929/2523 5532/2921/2515 5354/2930/2524
f 3472/2931/2525 3473/2932/2526 3471/2933/2527 3456/2934/2528
f 4409/2935/2529 4410/2936/2530 4415/2937/2531 4414/2938/2532
f 5537/2939/2533 5552/2929/2523 5353/2940/2534
f 5368/2941/2535 5367/2942/2536 5366/2943/2537 5376/2944/2538
f 3734/2945/2539 3735/2946/2540 3724/2947/2541 3733/2948/2542
f 3000/2927/2521 2999/2949/2543 3013/2950/2544 3012/2928/2522
f 3857/2951/2545 3871/2952/2546 3858/2953/2547 3848/2860/2456
f 4010/2954/2548 4011/2955/2549 4042/2956/2550 4041/2957/2551
f 5431/2958/2552 5448/2959/2553 5449/2960/2554 5430/2961/2555
f 4899/2962/2556 4950/2963/2557 4756/2964/2558 4755/2965/2559
f 5546/2966/2560 5551/2967/2561 5351/2968/2562
f 4860/2969/2563 4884/2970/2564 4885/2971/2565 4859/2972/2566
f 5547/2973/2567 5546/2966/2560 5350/2974/2568
f 3860/2975/2569 3861/2976/2570 3846/2977/2571 3847/2978/2572
f 4922/2890/2484 4927/2979/2573 4928/2980/2574 4921/2981/2575
f 5550/2982/2576 5547/2973/2567 5349/2983/2577
f 3714/2984/2578 3716/2985/2579 3712/2986/2580 3713/2987/2581
f 3870/2988/2582 3697/2989/2583 3869/2990/2584 3859/2991/2585
f 5293/2992/2586 5549/2993/2587 5294/2994/2588
f 4404/2995/2589 4401/2996/2590 4394/2997/2591 4400/2998/2592
f 4806/2999/2593 4807/3000/2594 4809/3001/2595 4808/2908/2502
f 3589/3002/2596 3590/3003/2597 3573/3004/2598 3572/3005/2599
f 3083/3006/2600 3084/3007/2601 3014/3008/2602 3015/3009/2603
f 5106/3010/2604 5107/3011/2605 5109/3012/2606 5108/3013/2607
f 3979/3014/2608 4006/3015/2609 4005/3016/2610 3980/3017/2611
f 4097/3018/2612 4103/3019/2613 4098/3020/2614 3630/3021/2615
f 3848/2860/2456 3858/2953/2547 3847/2978/2572 3839/3022/2616
f 5545/3023/2617 5546/2966/2560 5544/3024/2618
f 2999/2949/2543 2997/3025/2619 3014/3008/2602 3013/2950/2544
f 5070/3026/2620 5068/3027/2621 5073/3028/2622 5072/3029/2620
f 5543/3030/2623 5538/3031/2624 5544/3024/2618
f 4508/3032/2625 4444/3033/2626 4445/3034/2627 4507/3035/2628
f 5305/3036/2629 5306/3037/2630 5308/3038/2631 5307/3039/2632
f 2990/3040/2633 2988/3041/2634 3019/3042/2635 3018/3043/2636
f 3853/3044/2637 3818/3045/2517 3854/3046/2638 3852/3047/2639
f 4084/3048/2640 4030/3049/2641 4031/3050/2642 4083/3051/2643
f 3700/3052/2644 3873/3053/2645 3872/3054/2646 3866/3055/2647
f 3067/3056/2648 3066/3057/2649 3114/3058/2650 3113/3059/2651
f 4917/3060/2652 4932/3061/2653 4933/3062/2654 4916/3063/2655
f 3548/3064/2656 3549/3065/2657 3540/3066/2658 3541/3067/2659
f 3851/2858/2454 3853/3044/2637 3852/3047/2639 3850/2859/2455
f 4170/3068/2660 4433/3069/2661 4418/3070/2662 4168/3071/2663
f 5206/3072/2460 5228/3073/2664 5229/3074/2664 5205/3075/2665
f 3680/3076/2666 3683/3077/2667 3682/3078/2668 3681/3079/2669
f 3080/3080/2670 3079/3081/2671 3101/3082/2672 3100/3083/2673
f 2748/3084/2674 2749/3085/2675 2734/3086/2676 2747/3087/2677
f 5528/3088/2678 5533/3089/2679 5527/3090/2680
f 4105/3091/2681 4107/3092/2682 4106/3093/2683 4104/3094/2684
f 5536/3095/2523 5537/3096/2533 5538/3031/2624 5535/3097/2685
f 4816/3098/2371 4818/3099/277 4819/3100/2686 4814/3101/2687
f 5511/3102/2688 5529/3103/2689 5513/3104/2690
f 2993/3105/2691 2995/3106/2692 2994/3107/2693 2781/3108/2694
f 3801/2880/2474 3802/3109/2695 3790/3110/2696 3800/2877/2471
f 4914/3111/2697 4935/3112/2698 4936/3113/2699 4913/3114/2700
f 4497/3115/2701 4450/3116/2702 4451/3117/2703 4495/3118/2704
f 3346/2838/2434 3349/2837/2433 3348/3119/2705 3347/3120/2706
f 3866/3055/2647 3872/3054/2646 3856/3121/2707 3855/3122/2708
f 5358/2885/2479 5556/2884/2478 5557/3123/2709 5359/3124/2710
f 5118/3125/2711 5119/3126/2712 5121/3127/2713 5120/3128/2714
f 5530/3129/2715 5532/3130/2515 5531/3131/2716
f 5529/3103/2689 5530/3129/2715 5528/3088/2678
f 4070/3132/2717 4073/3133/2718 4069/3134/2719 4068/3135/2720
f 3674/3136/2721 3689/3137/2722 3688/3138/2723 3675/3139/2724
f 3479/3140/2725 3478/3141/2726 3485/3142/2727 3484/3143/2728
f 3053/3144/2729 3054/3145/2730 3044/3146/2731 3045/3147/2732
f 5514/3148/2733 5513/3104/2690 5527/3090/2680
f 3700/3149/2734 3815/3150/2647 3814/3151/2735 3808/3152/2736
f 3050/3153/2404 3051/3154/2737 3049/3155/2738 3048/3156/588
f 4755/2965/2559 4754/3157/2739 4752/3158/2740 4898/3159/2741
f 3610/3160/2742 3616/3161/2743 3615/3162/2744 3612/3163/2745
f 3077/3164/2746 3076/3165/2747 3104/3166/2748 3103/3167/2749
f 4121/3168/2750 4133/3169/2751 4132/3170/2752 4123/3171/2753
f 2895/3172/2754 2896/3173/2755 2894/3174/2756 2887/3175/2757
f 3706/3176/2758 3798/3177/2759 3795/3178/2760 3797/3179/2761
f 4148/3180/2762 4416/3181/2763 4135/3182/2764 4147/3183/2765
f 3792/3184/2766 3793/3185/2767 3791/3186/2768 3781/2881/2475
f 4780/3187/2769 4781/3188/2770 4783/3189/2771 4782/3190/2772
f 2986/3191/2773 2985/3192/2774 3021/3193/2775 3020/3194/2776
f 4529/3195/2777 4434/3196/2778 4435/3197/2779 4527/3198/2780
f 4709/3199/2781 4713/3200/2041 4715/3201/2782 4714/3202/2782
f 3075/3203/2783 3076/3165/2747 3022/3204/2784 3023/3205/2785
f 4064/3206/2786 4067/3207/2787 4063/3208/2788 4062/3209/2789
f 3075/3203/2783 3074/3210/2790 3106/3211/2791 3105/3212/2792
f 4967/3213/2793 4934/3214/2794 4933/3062/2654 4968/3215/2795
f 2778/3216/2796 2784/3217/2797 2777/3218/2798 2776/3219/2799
f 5516/3220/2800 5515/3221/2801 5517/3222/2802
f 5514/3148/2733 5515/3221/2801 5512/3223/2803
f 3800/2877/2471 3790/3110/2696 3791/3186/2768 3799/3224/2804
f 5510/3225/2805 5511/3102/2688 5512/3223/2803
f 5081/3226/2620 5082/3227/2806 5084/3228/2807 5083/3229/2620
f 4123/3171/2753 4124/3230/2808 4122/3231/2809 4121/3168/2750
f 4499/2848/2444 4498/3232/2810 4501/3233/2811 4500/2845/2441
f 3888/3234/2812 3902/3235/2813 3891/3236/2814 3890/3237/2815
f 3902/3235/2813 3904/3238/2816 3903/3239/2817 3891/3236/2814
f 3164/3240/2818 3170/3241/2819 3163/3242/2819 3162/3243/2820
f 4519/3244/2821 4439/3245/2822 4440/3246/2823 4516/3247/2824
f 5335/3248/2825 5360/3249/2826 5361/3250/2827 5334/3251/2828
f 3073/3252/2829 3074/3210/2790 3024/3253/2830 3025/3254/2831
f 3901/3255/2832 3900/3256/2833 3904/3238/2816 3902/3235/2813
f 5420/3257/2834 5415/3258/2835 5414/3259/2836 5421/3260/2837
f 4659/3261/2838 4654/3262/2839 4655/3263/2840 4656/3264/2841
f 4958/3265/2842 4995/3266/2843 4996/3267/2844 4957/3268/2845
f 4433/3069/2661 4531/3269/2846 4432/3270/2847 4418/3070/2662
f 5093/3271/2848 5089/3272/2849 5090/3273/2850 5148/3274/2851
f 2979/3275/2852 2981/3276/2853 2980/3277/2854 2820/3278/2855
f 5064/3279/2342 5062/3280/2856 5076/3281/2857 5075/3282/2342
f 2979/3275/2852 2978/3283/2858 3025/3254/2831 3024/3253/2830
f 2978/3283/2858 2976/3284/2859 3026/3285/2860 3025/3254/2831
f 4850/3286/2861 4894/3287/2862 4895/3288/2863 4849/3289/2864
f 5258/3290/2865 5257/3291/2866 5254/3292/2867 5286/3293/2868
f 3173/3294/2869 3180/3295/2870 3172/3296/2871 3171/3297/2869
f 5276/3298/2872 5268/3299/2873 5267/3300/2874 5277/3301/2875
f 2955/3302/2876 2953/3303/2877 3039/3304/2878 3038/3305/2879
f 2754/3306/2880 2753/3307/2881 2757/3308/2882 2756/3309/2883
f 5548/3310/2884 5549/2993/2587 5293/2992/2586 5542/3311/2885
f 3347/3120/2706 3356/3312/2886 3345/3313/2887 3346/2838/2434
f 3755/3314/2888 3757/3315/2889 3756/3316/2890 3754/3317/2891
f 4171/3318/2892 4172/3319/2893 4170/3068/2660 4169/3320/2894
f 3900/3256/2833 3899/3321/207 3906/3322/2337 3904/3238/2816
f 3457/3323/2895 3455/3324/2896 3471/2933/2527 3470/3325/2897
f 4358/3326/2898 4359/3327/2899 4352/3328/2900 4351/3329/2901
f 2734/3086/2676 2735/3330/2902 2733/3331/2903 2732/3332/2904
f 4546/3333/2905 4547/3334/2906 4325/3335/2907 4327/3336/2908
f 4859/2972/2566 4885/2971/2565 4886/3337/2909 4858/3338/2910
f 3438/3339/2911 3453/3340/2912 3437/3341/2913 3436/3342/2914
f 3745/3343/2915 3741/3344/2916 3740/3345/2917 3744/3346/2918
f 5504/3347/2919 5505/3348/2920 5507/3349/2921 5506/3350/2922
f 4408/3351/2923 4409/2935/2529 4414/2938/2532 4011/3352/2924
f 2972/3353/2925 2974/3354/2926 2973/3355/2927 2840/3356/2928
f 5488/3357/2929 5373/3358/2930 5489/3359/2931
f 4782/3190/2772 4835/3360/2932 4836/3361/2933 4780/3187/2769
f 2972/3353/2925 2971/3362/2934 3029/3363/2935 3028/3364/2936
f 3246/3365/2937 3244/3366/2938 3256/3367/2939 3255/3368/2940
f 4498/3232/2810 4499/2848/2444 4497/3115/2701 4496/3369/2941
f 4782/3190/2772 4783/3189/2771 4785/3370/2942 4784/3371/2943
f 5492/3372/453 5493/3373/64 5383/3374/105
f 4733/3375/2944 4735/3376/2945 4736/3377/1082 4734/3378/2944
f 2875/3379/2946 2876/3380/2947 2874/3381/2948 2867/3382/2949
f 5131/3383/2950 5491/3384/2951 5492/3372/453
f 5147/3385/2851 5153/3386/2952 5154/3387/2953 5146/3388/2954
f 4213/3389/2955 4214/3390/2956 4212/3391/2957 4211/3392/2958
f 3975/3393/2959 3974/3394/2960 4408/3351/2923 4407/3395/2961
f 5134/3396/2962 5488/3357/2929 5133/3397/2963
f 3244/3366/2938 3243/3398/2938 3257/3399/2964 3256/3367/2939
f 4494/3400/2965 4495/3118/2704 4492/3401/2966 4493/3402/2967
f 4512/3403/2968 4513/3404/2969 4511/3405/2970 4510/3406/2971
f 4864/3407/2972 4880/3408/2973 4881/3409/2974 4863/3410/2975
f 4044/3411/2976 4052/3412/2977 4042/2956/2550 4043/3413/2551
f 5468/3414/2978 5483/3415/2979 5484/3416/2980 5482/3417/2981
f 2967/3418/2982 2969/3419/2983 2968/3420/2984 2966/3421/2985
f 4510/3406/2971 4511/3405/2970 4508/3032/2625 4509/3422/2986
f 3065/3423/2987 3066/3057/2649 3032/3424/2988 3033/3425/2989
f 4018/3426/2990 4035/3427/2991 4034/3428/2992 4019/3429/2993
f 3958/3430/2994 3959/3431/2995 3957/3432/2996 3956/3433/2997
f 5144/3434/2998 5156/3435/2999 5157/3436/3000 5143/3437/3001
f 4566/3438/3002 4567/3439/3003 4285/3440/3004 4287/3441/3005
f 3612/3163/2745 3613/3442/3006 3611/3443/3007 3610/3160/2742
f 2965/3444/3008 2967/3418/2982 2966/3421/2985 2860/3445/3009
f 3444/3446/3010 3445/3447/3011 3429/3448/3012 3428/3449/3013
f 4516/3247/2824 4440/3246/2823 4441/3450/3014 4515/3451/3015
f 2965/3444/3008 2964/3452/3016 3033/3425/2989 3032/3424/2988
f 2964/3452/3016 2962/3453/3017 3034/3454/3018 3033/3425/2989
f 3064/3455/3019 3065/3423/2987 3033/3425/2989 3034/3454/3018
f 3063/3456/3020 3064/3455/3019 3034/3454/3018 3035/3457/3021
f 3462/3458/3022 3463/3459/3023 3447/3460/3024 3446/3461/3025
f 4398/3462/2532 4399/3463/3026 4396/3464/3027 4397/3465/2550
f 3132/3466/3028 3303/3467/3029 3131/3468/3030 3130/3469/3031
f 5479/3470/3032 5478/3471/3033 5480/3472/3034
f 5477/3473/3035 5478/3471/3033 5479/3470/3032
f 5319/3474/3036 5320/3475/3037 5322/3476/3038 5321/3477/3039
f 4796/3478/3040 4828/3479/3041 4829/3480/3042 4794/3481/3043
f 3069/3482/3044 3070/3483/3045 3028/3364/2936 3029/3363/2935
f 4284/3484/3046 4286/3485/3047 4285/3440/3004 4283/3486/3048
f 2962/3453/3017 2964/3452/3016 2963/3487/2693 2961/3488/3049
f 5438/3489/3050 5441/3490/3051 5442/3491/3052 5439/3492/3053
f 3422/3493/3054 3421/3494/3055 3434/3495/3056 3433/3496/3057
f 2960/3497/3058 2962/3453/3017 2961/3488/3049 2959/3498/3059
f 2960/3497/3058 2958/3499/3060 3036/3500/3061 3035/3457/3021
f 4559/3501/3062 4560/3502/3063 4299/3503/3064 4301/3504/3065
f 4370/3505/3066 4152/3506/3067 4154/3507/3068 4368/3508/3069
f 3061/3509/3070 3060/3510/3071 3120/3511/3072 3119/3512/3073
f 3060/3510/3071 3059/3513/3074 3121/3514/3075 3120/3511/3072
f 2988/3041/2634 2990/3040/2633 2989/3515/3076 2987/3516/3077
f 3606/3517/3078 3603/3518/3079 3617/3519/3080 3608/3520/3081
f 2958/3499/3060 2960/3497/3058 2959/3498/3059 2880/3521/3082
f 3133/3522/3083 3135/3523/2050 3312/3524/1067 3311/3525/3084
f 2958/3499/3060 2957/3526/3085 3037/3527/3086 3036/3500/3061
f 5125/3528/3087 5127/3529/3088 5128/3530/3089 5126/3531/3090
f 2764/3532/3091 2765/3533/3092 2763/3534/3093 2760/3535/3094
f 5121/3127/2713 5123/3536/3095 5124/3537/3096 5122/3538/3097
f 4955/3539/3098 4946/3540/3099 4945/3541/3100 4956/3542/3101
f 3058/3543/3102 3057/3544/3103 3123/3545/3104 3122/3546/3105
f 4660/3547/3106 4661/3548/3107 4652/3549/3108 4653/3550/3109
f 5406/3551/3110 5416/3552/3111 5417/3553/3112 5407/3554/3113
f 3327/3555/3114 3329/3556/3115 3325/3557/3116 3324/3558/3117
f 3621/3559/3118 3639/3560/3119 3623/3561/3120 3622/3562/3121
f 3632/3563/3122 3621/3559/3118 3622/3562/3121 3629/3564/3123
f 5402/3565/3124 5404/3566/3125 5399/3567/3126 5400/3568/3127
f 3952/3569/3128 3953/3570/3129 3951/3571/3130 3950/3572/3131
f 4577/3573/3132 4576/3574/3133 4588/3575/3134 4587/3576/3135
f 4216/3577/3136 4456/3578/3137 4455/3579/3138 4214/3390/2956
f 2906/3580/3139 2913/3581/3140 2908/3582/3141 2904/3583/3142
f 4741/3584/3143 4735/3376/2945 4743/3585/3144 4742/3586/3143
f 2953/3303/2877 2955/3302/2876 2954/3587/3145 2952/3588/3146
f 2953/3303/2877 2951/3589/3147 3040/3590/3148 3039/3304/2878
f 3281/3591/3149 3280/3592/3150 3293/3593/3151 3292/3594/3152
f 3989/3595/3153 3937/3596/3154 3939/3597/3155 3988/3598/3156
f 3474/3599/3157 3489/3600/3158 3473/2932/2526 3472/2931/2525
f 4123/3171/2753 4132/3170/2752 4131/3601/3159 4130/3602/3160
f 3629/3564/3123 3622/3562/3121 3625/3603/3161 3628/3604/3162
f 4568/3605/3163 4569/3606/3164 4281/3607/3165 4283/3486/3048
f 2951/3589/3147 2953/3303/2877 2952/3588/3146 2900/3608/3166
f 2944/3609/3167 2943/3610/3168 3045/3147/2732 3044/3146/2731
f 2951/3589/3147 2950/3611/3169 3041/3612/3170 3040/3590/3148
f 3443/3613/3171 3442/3614/3172 3449/3615/3173 3448/3616/3174
f 4739/3617/3143 4736/3377/1082 4735/3376/2945 4741/3584/3143
f 3276/3618/3175 3275/3619/3176 3298/3620/3177 3297/3621/3178
f 4316/3622/3179 4318/3623/3180 4317/3624/3181 4315/3625/3182
f 5181/3626/3183 5150/3627/3184 5182/3628/3185 5186/3629/3186
f 5091/3630/3187 5080/3631/3184 5150/3627/3184 5149/3632/3187
f 5502/3633/3188 5503/3634/3189 5504/3347/2919 5506/3350/2922
f 4227/3635/3190 4228/3636/3191 4226/3637/3192 4225/3638/3193
f 3618/3639/3194 3616/3161/2743 3617/3519/3080 3602/3640/3195
f 3636/3641/3196 3641/3642/3197 3640/3643/3198 3638/3644/3199
f 5408/3645/3200 5409/3646/3201 5411/3647/3202 5410/3648/3203
f 3054/3145/2730 3055/3649/3204 3043/3650/3205 3044/3146/2731
f 3331/3651/3206 3333/3652/3207 3322/3653/1871 3321/3654/3208
f 4641/3655/3209 4642/3656/2965 4599/3657/3210 4600/3658/3211
f 3636/3641/3196 3637/3659/3118 3632/3563/3122 3635/3660/3212
f 3340/3661/3213 3374/3662/3214 3373/3663/3215 3342/3664/3216
f 2967/3418/2982 2965/3444/3008 3032/3424/2988 3031/3665/3217
f 4172/3319/2893 4434/3196/2778 4433/3069/2661 4170/3068/2660
f 3277/3666/1082 3276/3618/3175 3297/3621/3178 3296/3667/3218
f 4401/2996/2590 4402/3668/3219 4390/3669/3220 4391/3670/3221
f 4905/3671/3222 4891/3672/3223 4890/3673/3224 4906/3674/3225
f 4975/3675/3226 4926/2888/2482 4925/2887/2481 4976/3676/3227
f 4208/3677/3228 4452/3678/3229 4451/3117/2703 4206/3679/3230
f 2912/3680/3231 2918/3681/3232 2911/3682/1394 2909/3683/3233
f 4306/3684/3234 4308/3685/3235 4307/3686/3236 4305/3687/3237
f 4784/3371/2943 4834/3688/3238 4835/3360/2932 4782/3190/2772
f 4496/3369/2941 4497/3115/2701 4495/3118/2704 4494/3400/2965
f 3052/3689/3239 3053/3144/2729 3045/3147/2732 3046/3690/3240
f 3741/3344/2916 3623/3561/3120 3639/3560/3119 3740/3345/2917
f 4966/3691/3241 4987/3692/3242 4988/3693/3243 4965/3694/3244
f 5467/3695/3245 5470/3696/3246 5472/3697/3247 5471/3698/3248
f 3056/3699/3249 3055/3649/3204 3125/3700/3250 3124/3701/3251
f 3208/3702/3252 3200/3703/3253 3202/3704/2871 3209/3705/3254
f 3644/3706/3255 3702/3707/3256 3643/3708/3257 3634/3709/3258
f 4155/3710/3259 4156/3711/3260 4154/3507/3068 4153/3712/3261
f 5444/3713/3262 5446/3714/3263 5432/3715/3264
f 3079/3081/2671 3080/3080/2670 3018/3043/2636 3019/3042/2635
f 2941/3716/3265 2938/3717/3266 3047/3718/3267 3046/3690/3240
f 2938/3717/3266 2941/3716/3265 2940/3719/3268 2936/3720/3269
f 4157/3721/3270 4158/3722/3271 4156/3711/3260 4155/3710/3259
f 2941/3716/3265 2943/3610/3168 2942/3723/3268 2940/3719/3268
f 3701/3724/3272 3703/3725/3273 3702/3707/3256 3644/3706/3255
f 4012/3726/3274 4013/3727/3275 4007/3728/3276 4008/3729/3276
f 3704/3730/2736 3706/3731/2758 3705/3732/3277 3703/3725/3273
f 5176/3733/3278 5191/3734/3279 5192/2863/2459 5175/3735/3280
f 4182/3736/3281 4439/3245/2822 4438/3737/3282 4180/3738/3283
f 4643/3739/3284 4490/3740/3285 4597/3741/3286 4598/3742/3287
f 5435/3743/3288 5439/3492/3053 5434/3744/3289
f 4662/3745/3290 4661/3548/3107 4664/3746/3291 4663/3747/3292
f 5436/3748/3293 5403/3749/3294 5437/3750/3295
f 3859/2991/2585 3869/2990/2584 3868/3751/3296 3860/2975/2569
f 3716/2985/2579 3717/3752/3297 3711/3753/3298 3712/2986/2580
f 3236/3754/2938 3234/3755/2938 3262/3756/3299 3261/3757/3300
f 2981/3276/2853 2983/3758/3301 2982/3759/3302 2980/3277/2854
f 3717/3752/3297 3718/3760/3303 3710/3761/3304 3711/3753/3298
f 5432/3715/3264 5426/3762/3305 5433/3763/3306
f 3719/3764/3307 3720/3765/3308 3709/3766/3309 3718/3760/3303
f 4632/3767/3310 4633/3768/1354 4611/3769/3311 4612/3770/3312
f 4520/3771/3310 4521/3772/3313 4519/3244/2821 4518/3773/3314
f 2932/3774/3315 2920/3775/3316 2919/3776/3317 2921/3777/3318
f 3230/3778/3319 3229/3779/3319 3265/3780/3299 3264/3781/3299
f 4526/3782/3320 4527/3198/2780 4524/3783/3321 4525/3784/3322
f 4553/3785/3323 4554/3786/3324 4311/3787/3325 4313/3788/3326
f 4624/3789/3327 4625/3790/3328 4622/3791/3329 4623/2902/2496
f 3441/3792/3330 3442/3614/3172 3431/3793/3331 3432/3794/3332
f 3277/3666/1082 3278/3795/1082 3260/3796/3299 3261/3757/3300
f 2889/3797/3333 2891/3798/3334 2890/3799/3335 2881/3800/3336
f 2881/3800/3336 2890/3799/3335 2880/3801/3082 2879/3802/3337
f 4557/3803/3338 4558/3804/3339 4303/3805/3340 4305/3687/3237
f 2948/3806/3341 2946/3807/3342 3043/3650/3205 3042/3808/3343
f 4626/3809/3344 4627/3810/3344 4619/3811/3345 4620/3812/3346
f 2861/3813/3347 2870/3814/3348 2860/3815/3316 2859/3816/3349
f 4733/3375/2944 4731/3817/3319 4747/3818/3319 4746/3819/3299
f 4631/3820/3350 4522/3821/3351 4613/3822/3352 4614/3823/3353
f 3214/3824/3354 3219/3825/2051 3216/3826/2051 3213/3827/3254
f 4535/3828/3355 4626/3809/3344 4620/3812/3346 4621/3829/3356
f 5465/3830/3357 5251/3831/3358 5463/3832/3359 5453/3833/3360
f 4124/3230/2808 4123/3171/2753 4130/3602/3160 4127/2868/2462
f 2829/3834/3361 2831/3835/3362 2830/3836/3363 2821/3837/3364
f 2821/3837/3364 2830/3836/3363 2820/3838/3365 2819/3839/3366
f 4644/3840/1975 4645/3841/3367 4595/3842/3368 4596/3843/3369
f 3241/3844/2938 3239/3845/2938 3259/3846/3370 3258/3847/3370
f 2809/3848/3371 2811/3849/3372 2810/3850/3373 2801/3851/3374
f 2801/3851/3374 2810/3850/3373 2800/3852/3375 2799/3853/3376
f 4351/3329/2901 4352/3328/2900 4347/3854/3377 4349/3855/3378
f 2792/3856/3379 2798/3857/3077 2791/3858/3380 2789/3859/3381
f 2789/3859/3381 2791/3858/3380 2790/3860/3382 2782/3861/3383
f 4565/3862/3384 4564/3863/3385 4600/3658/3211 4599/3657/3210
f 2804/3864/3386 2808/3865/3387 2803/3866/3388 2796/3867/3389
f 3250/3868/2938 3248/3869/3390 3254/3870/2940 3252/3871/3391
f 2773/3872/3392 2756/3309/2883 2769/3873/3393 2771/3874/1320
f 2773/3872/3392 2755/3875/3394 2754/3306/2880 2756/3309/2883
f 2754/3306/2880 2755/3875/3394 2739/3876/2452 2738/3877/3395
f 3899/3321/207 3900/3256/2833 3895/3878/3396 3897/3879/2337
f 2735/3330/2902 2737/3880/2451 2736/3881/3397 2733/3331/2903
f 2740/3882/3398 2731/3883/3399 2733/3331/2903 2736/3881/3397
f 5072/3029/2620 5073/3028/2622 5082/3227/2806 5081/3226/2620
f 3493/3884/3400 3491/3885/3401 3507/3886/3402 3506/3887/3403
f 3736/3888/3404 3737/3889/3405 3722/3890/3406 3721/3891/3407
f 2974/3354/2926 2972/3353/2925 3028/3364/2936 3027/3892/3408
f 3928/3893/3409 3926/3894/3410 3925/3895/3411 3923/3896/3412
f 3482/3897/3413 3483/3898/3414 3481/3899/3415 3480/3900/3416
f 4766/3901/3417 4767/3902/3418 4769/3903/3419 4768/3904/3420
f 4904/3905/3421 4892/3906/3422 4891/3672/3223 4905/3671/3222
f 4420/3907/3423 4162/3908/3424 4164/3909/3425 4419/3910/3426
f 2873/3911/3427 2879/3802/3337 2872/3912/3428 2868/3913/3429
f 2774/3914/3430 2780/3915/3431 2770/3916/3432 2765/3533/3092
f 2779/3917/3433 2782/3861/3383 2780/3915/3431 2774/3914/3430
f 5172/3918/3434 5161/3919/3435 5160/3920/3436 5173/3921/3437
f 4752/3158/2740 4753/3922/3438 4751/3923/2861 4757/3924/3439
f 3345/3313/2887 3339/3925/3440 3341/3926/3441 3344/3927/3442
f 4481/3928/3443 4458/3929/3444 4459/3930/3445 4479/3931/3446
f 5062/3280/2856 5064/3279/2342 5065/3932/2342 5063/3933/2856
f 4569/3606/3164 4568/3605/3163 4596/3843/3369 4595/3842/3368
f 3740/3345/2917 3739/3934/3447 3748/3935/3448 3744/3346/2918
f 4027/3936/3449 4090/3937/3450 4028/3938/2814 4026/3939/2817
f 4858/3338/2910 4832/3940/3451 4831/3941/3452 4859/2972/2566
f 2828/3942/3453 2832/3943/3454 2829/3834/3361 2823/3944/3455
f 2833/3945/3456 2839/3946/3457 2832/3943/3454 2828/3942/3453
f 4958/3265/2842 4943/3947/3458 4942/3948/3459 4959/3949/3460
f 3159/3950/3461 3166/3951/3462 3156/3952/3462 3154/3953/2438
f 4490/3954/3285 4491/3955/3463 4489/3956/3464 4488/3957/1975
f 4483/3958/3465 4482/3959/3466 4485/3960/3467 4484/3961/3468
f 2839/3946/3457 2833/3945/3456 2842/3962/3469 2841/3963/3470
f 3354/3964/3471 3355/3965/3472 3353/3966/3473 3351/3967/3474
f 4211/3392/2958 4212/3391/2957 4210/3968/3475 4209/3969/3476
f 4470/3970/3477 4471/3971/3478 4466/3972/3479 4468/3973/3480
f 4514/3974/3328 4635/3975/2968 4608/3976/3481 4609/3977/3482
f 2883/3978/3483 2889/3797/3333 2881/3800/3336 2882/3979/3484
f 2888/3980/3485 2892/3981/3486 2889/3797/3333 2883/3978/3483
f 5520/3982/3487 5518/3983/3488 5523/3984/3489 5522/3985/3050
f 3473/2932/2526 3475/3986/3490 3470/3325/2897 3471/2933/2527
f 3279/3987/3150 3280/3592/3150 3258/3847/3370 3259/3846/3370
f 2908/3582/3141 2912/3680/3231 2909/3683/3233 2903/3988/3491
f 3425/3989/3171 3424/3990/3492 3431/3793/3331 3430/3991/3493
f 2919/3776/3317 2913/3581/3140 2922/3992/3494 2921/3777/3318
f 4552/3993/3495 4551/3994/3496 4613/3822/3352 4612/3770/3312
f 4506/3995/3497 4638/3996/3498 4604/3997/3499 4605/3998/3500
f 4495/3118/2704 4451/3117/2703 4452/3678/3229 4492/3401/2966
f 3200/3703/3253 3208/3702/3252 3199/3999/3254 3192/4000/3501
f 5269/4001/3502 5271/4002/3503 5272/4003/3504 5270/4004/3505
f 5421/3260/2837 5422/4005/3506 5426/3762/3305
f 5425/4006/3507 5421/3260/2837 5426/3762/3305
f 5494/4007/3508 5495/4008/3509 5491/3384/2951 5490/4009/3510
f 3076/3165/2747 3077/3164/2746 3021/3193/2775 3022/3204/2784
f 3724/2947/2541 3721/3891/3407 3719/3764/3307 3723/4010/3511
f 3056/3699/3249 3057/3544/3103 3041/3612/3170 3042/3808/3343
f 2914/4011/3512 2922/3992/3494 2913/3581/3140 2906/3580/3139
f 5404/3566/3125 5405/4012/3513 5397/4013/3514 5399/3567/3126
f 2925/4014/3515 2926/4015/3516 2924/4016/3517 2917/4017/3518
f 2902/4018/3519 2894/3174/2756 2896/3173/2755 2903/3988/3491
f 2894/3174/2756 2902/4018/3519 2893/4019/3520 2886/4020/3521
f 2749/3085/2675 2738/3877/3395 2735/3330/2902 2734/3086/2676
f 2884/4021/3522 2888/3980/3485 2883/3978/3483 2876/3380/2947
f 2882/3979/3484 2874/3381/2948 2876/3380/2947 2883/3978/3483
f 2874/3381/2948 2882/3979/3484 2873/3911/3427 2866/4022/3523
f 2866/4022/3523 2873/3911/3427 2868/3913/3429 2864/4023/3524
f 2862/4024/3525 2854/4025/3526 2856/4026/3527 2863/4027/3528
f 3789/2882/2476 3803/4028/3529 3788/4029/3530 3780/2874/2468
f 4479/3931/3446 4459/3930/3445 4460/4030/3531 4476/4031/3532
f 4187/4032/3533 4188/4033/3534 4186/4034/3535 4185/4035/3536
f 2844/4036/3537 2848/4037/3538 2843/4038/3539 2836/4039/3540
f 4185/4035/3536 4186/4034/3535 4184/4040/3541 4183/4041/3542
f 3768/4042/3543 3769/4043/3544 3759/4044/3545 3760/2900/2494
f 4017/4045/3546 4002/4046/3547 4003/4047/3548 4016/4048/3549
f 2824/4049/3550 2828/3942/3453 2823/3944/3455 2816/4050/3551
f 2822/4051/3552 2814/4052/3553 2816/4050/3551 2823/3944/3455
f 5207/4053/2460 5194/4054/2458 5193/2862/2458 5208/2861/2457
f 4766/3901/3417 4843/4055/3554 4844/4056/3555 4764/4057/3556
f 4734/3378/2944 4736/3377/1082 4738/4058/3557 4737/4059/3299
f 3276/3618/3175 3277/3666/1082 3261/3757/3300 3262/3756/3299
f 2794/4060/3558 2802/4061/3559 2793/4062/3560 2786/4063/3561
f 5030/4064/3562 5031/4065/3563 5033/4066/3564 5032/4067/3565
f 2784/3217/2797 2788/4068/3566 2783/4069/3567 2777/3218/2798
f 2777/3218/2798 2783/4069/3567 2779/3917/3433 2775/4070/3568
f 2775/4070/3568 2779/3917/3433 2774/3914/3430 2766/4071/3569
f 2741/4072/3570 2743/4073/3571 2742/4074/3572 2732/3332/2904
f 4209/3969/3476 4210/3968/3475 4208/3677/3228 4207/4075/3573
f 4025/4076/2337 3993/4077/3574 3995/4078/3575 4024/4079/3576
f 2753/3307/2881 2750/4080/3577 2758/4081/3578 2757/3308/2882
f 2750/4080/3577 2753/3307/2881 2749/3085/2675 2748/3084/2674
f 5526/4082/3579 5524/4083/3580 5527/3090/2680 5533/3089/2679
f 3864/4084/3581 3865/4085/3582 3863/4086/3583 3862/4087/3584
f 5003/4088/3585 5004/4089/3586 5009/4090/3587 5008/4091/3588
f 4788/4092/3589 4789/4093/3590 4791/4094/3591 4790/4095/3592
f 2743/4073/3571 2745/4096/3593 2744/4097/3594 2742/4074/3572
f 3530/4098/3595 3531/4099/3596 3522/4100/3597 3523/4101/3598
f 2762/4102/3599 2748/3084/2674 2747/3087/2677 2746/4103/3600
f 3088/2893/2487 3087/2909/2503 3093/2912/2506 3092/4104/3601
f 3620/4105/3602 3615/3162/2744 3616/3161/2743 3618/3639/3194
f 2759/4106/3603 2760/3535/3094 2758/4081/3578 2752/4107/3604
f 4756/2964/2558 4950/2963/2557 4951/4108/3605 5003/4088/3585
f 3508/4109/3606 3509/4110/3607 3507/3886/3402 3492/4111/3608
f 2768/4112/3609 2775/4070/3568 2766/4071/3569 2767/4113/3610
f 5282/4114/3611 5262/4115/3612 5261/4116/3613 5283/4117/3614
f 4921/2981/2575 4875/4118/3615 4874/2891/2485 4922/2890/2484
f 2785/4119/3616 2786/4063/3561 2784/3217/2797 2778/3216/2796
f 4755/2965/2559 4898/3159/2741 4897/4120/3617 4899/2962/2556
f 5365/4121/3618 5378/4122/3619 5379/4123/3620 5377/4124/3621
f 2903/3988/3491 2909/3683/3233 2901/4125/3622 2902/4018/3519
f 3731/4126/3623 3761/2897/2491 3760/2900/2494 3759/4044/3545
f 3511/4127/3624 3509/4110/3607 3525/4128/3625 3524/4129/3626
f 3549/3065/2657 3548/3064/2656 3559/4130/3627 3558/4131/3628
f 2817/4132/3629 2824/4049/3550 2816/4050/3551 2815/4133/3630
f 2786/4063/3561 2793/4062/3560 2788/4068/3566 2784/3217/2797
f 2827/4134/3631 2834/4135/3632 2826/4136/3633 2825/4137/3634
f 2845/4138/3635 2846/4139/3636 2844/4036/3537 2837/4140/3637
f 5459/4141/3638 5458/4142/3639 5461/4143/3640 5460/4144/3641
f 4716/4145/2041 4713/3200/2041 4712/4146/3254 4720/4147/3354
f 4473/4148/3642 4462/4149/3643 4463/4150/3644 4471/3971/3478
f 5183/4151/3645 5185/4152/3646 5216/4153/3647 5184/4154/3648
f 4754/3157/2739 4755/2965/2559 4756/2964/2558 5005/4155/3649
f 3942/4156/3650 3943/4157/3651 3941/4158/3155 3940/4159/3650
f 2867/3382/2949 2874/3381/2948 2866/4022/3523 2865/4160/3652
f 3066/3057/2649 3065/3423/2987 3115/4161/3653 3114/3058/2650
f 4093/4162/3654 4094/4163/3655 3626/4164/3656 3743/4165/3657
f 2885/4166/3658 2886/4020/3521 2884/4021/3522 2877/4167/3659
f 3183/4168/3660 3190/4169/3661 3182/4170/3501 3181/4171/3662
f 5503/3634/3189 5502/3633/3188 5499/4172/3663 5497/4173/3664
f 5008/4091/3588 5009/4090/3587 5011/4174/3665 5010/4175/3666
f 4024/4079/3576 4029/4176/3667 4027/3936/3449 4025/4076/2337
f 3739/3934/3447 3740/3345/2917 3639/3560/3119 3638/3644/3199
f 3060/3510/3071 3061/3509/3070 3037/3527/3086 3038/3305/2879
f 3655/4177/3668 3656/4178/3669 3654/4179/3670 3653/4180/3671
f 3733/2948/2542 3724/2947/2541 3723/4010/3511 3726/4181/3672
f 4904/3905/3421 4945/3541/3100 4946/3540/3099 4903/4182/3673
f 4492/3401/2966 4452/3678/3229 4453/4183/3674 4491/3955/3463
f 3326/4184/3675 3327/3555/3114 3324/3558/3117 3323/4185/3676
f 4483/3958/3465 4457/4186/3677 4458/3929/3444 4481/3928/3443
f 4206/3679/3230 4451/3117/2703 4450/3116/2702 4204/4187/3678
f 4482/4188/3679 4647/4189/3680 4592/4190/3681 4593/4191/3682
f 4711/4192/3354 4726/4193/3683 4727/4194/2051 4725/4195/2051
f 3315/4196/2938 3317/4197/3684 3316/4198/1411 3138/4199/1780
f 5201/4200/3685 5200/4201/2446 5199/4202/2446 5203/4203/3686
f 3250/3868/2938 3251/4204/2938 3138/4205/1780 3249/4206/1780
f 3134/4207/2051 3130/3469/3031 3141/4208/2439 3137/4209/3462
f 4548/4210/3687 4549/4211/3688 4321/4212/3689 4323/4213/3690
f 4328/4214/3691 4330/4215/3692 4329/4216/3693 4327/3336/2908
f 5035/4217/2499 5260/4218/3694 5261/4116/3613 5037/4219/3695
f 3727/4220/2579 3729/4221/3696 3728/4222/3697 3726/4181/3672
f 3323/4185/3676 3324/3558/3117 3317/4197/3684 3315/4196/2938
f 3721/3891/3407 3722/3890/3406 3720/3765/3308 3719/3764/3307
f 4015/4223/3549 4004/4224/3698 4005/3016/2610 4014/4225/3274
f 4115/4226/3699 4141/4227/3700 4140/4228/3701 4117/4229/3702
f 4971/4230/3703 4982/4231/3704 4983/4232/3705 4970/4233/3706
f 3401/4234/3707 3403/4235/3708 3398/4236/3709 3399/4237/3710
f 3153/4238/3711 3161/4239/3712 3152/4240/3713 3151/4241/3711
f 3764/2871/2465 3777/4242/3714 3767/4243/3715 3762/2899/2493
f 3061/3509/3070 3062/4244/3716 3036/3500/3061 3037/3527/3086
f 4851/4245/3717 4893/4246/3718 4894/3287/2862 4850/3286/2861
f 3757/3315/2889 3731/4126/3623 3759/4044/3545 3758/4247/3719
f 3624/4248/3720 3625/3603/3161 3622/3562/3121 3623/3561/3120
f 3518/4249/3721 3519/4250/3722 3517/4251/3723 3516/4252/3724
f 3634/3709/3258 3633/4253/3725 3645/4254/3726 3644/3706/3255
f 3282/4255/3727 3281/3591/3149 3292/3594/3152 3291/4256/3152
f 4774/4257/3728 4775/4258/3729 4777/4259/3730 4776/4260/3731
f 3067/3056/2648 3068/4261/3732 3030/4262/3733 3031/3665/3217
f 3283/4263/3734 3284/4264/3735 3254/3870/2940 3255/3368/2940
f 2971/3362/2934 2969/3419/2983 3030/4262/3733 3029/3363/2935
f 3166/3951/3462 3167/4265/1780 3158/4266/1780 3156/3952/3462
f 3062/4244/3716 3063/3456/3020 3035/3457/3021 3036/3500/3061
f 5449/2960/2554 5448/2959/2553 5450/4267/3736 5452/4268/3737
f 3285/4269/3738 3286/4270/3738 3253/4271/3739 3252/3871/3391
f 3248/3869/3390 3246/3365/2937 3255/3368/2940 3254/3870/2940
f 3770/4272/3740 3771/4273/3741 3766/4274/3742 3758/4247/3719
f 3178/4275/3462 3184/4276/1780 3177/4277/1780 3175/4278/3462
f 5390/4279/3743 5395/4280/3744 5391/4281/3745
f 5027/4282/3746 5256/4283/3747 5257/3291/2866 5029/4284/3748
f 3823/4285/3749 3824/4286/3750 3822/4287/2789 3821/4288/3751
f 4383/4289/3752 4384/4290/3753 3774/4291/3754 3775/4292/3755
f 4384/4290/3753 4385/4293/3756 3772/4294/3757 3774/4291/3754
f 3281/3591/3149 3282/4255/3727 3256/3367/2939 3257/3399/2964
f 4776/4260/3731 4777/4259/3730 4779/4295/3758 4778/4296/3759
f 2806/4297/3760 2813/4298/3761 2808/3865/3387 2804/3864/3386
f 4857/4299/3762 4887/4300/3763 4888/4301/3764 4856/4302/3765
f 3647/4303/3766 3649/4304/3767 3648/4305/3768 3646/4306/3769
f 2915/4307/3770 2916/4308/3771 2914/4011/3512 2907/4309/3772
f 5241/4310/3773 5226/4311/3774 5225/4312/3775 5242/4313/3776
f 5389/4314/3777 5390/4279/3743 5391/4281/3745
f 3280/3592/3150 3281/3591/3149 3257/3399/2964 3258/3847/3370
f 5380/4315/3778 5390/4279/3743 5389/4314/3777
f 2995/3106/2692 2997/3025/2619 2996/4316/3779 2994/3107/2693
f 5388/4317/3780 5380/4315/3778 5389/4314/3777
f 3248/3869/3390 3250/3868/2938 3249/4206/1780 3247/4318/1780
f 5387/4319/107 5380/4315/3778 5388/4317/3780
f 3737/3889/3405 3738/4320/3781 3640/3643/3198 3722/3890/3406
f 3241/3844/2938 3243/3398/2938 3242/4321/1780 3240/4322/1780
f 4312/4323/3782 4314/4324/3783 4313/3788/3326 4311/3787/3325
f 4563/4325/3784 4562/4326/3785 4602/4327/3786 4601/4328/3787
f 5386/4329/3788 5379/4123/3620 5387/4319/107
f 3599/4330/3789 3600/4331/3790 3598/4332/3791 3582/4333/3792
f 3500/4334/3793 3501/4335/3794 3499/4336/3795 3498/4337/3796
f 5384/4338/3797 5385/4339/3798 5386/4329/3788
f 5383/4340/105 5382/4341/3799 5384/4338/3797
f 2899/4342/3800 2900/4343/3166 2898/4344/3801 2892/3981/3486
f 4668/4345/3802 4667/4346/3803 4675/4347/3804 4674/4348/3805
f 4308/3685/3235 4310/4349/3806 4309/4350/3807 4307/3686/3236
f 3168/4351/3462 3176/4352/1780 3167/4265/1780 3166/3951/3462
f 3460/4353/3808 3461/4354/3809 3448/3616/3174 3449/3615/3173
f 4384/4290/3753 4383/4289/3752 4390/3669/3220 4388/4355/3810
f 3156/3952/3462 3158/4266/1780 3157/4356/1780 3155/4357/3462
f 3239/3845/2938 3237/4358/2938 3260/3796/3299 3259/3846/3370
f 2892/3981/3486 2898/4344/3801 2891/3798/3334 2889/3797/3333
f 3332/4359/3811 3334/4360/3812 3333/3652/3207 3331/3651/3206
f 3968/4361/3813 3970/4362/944 3969/4363/2036 3967/4364/3814
f 2907/4309/3772 2914/4011/3512 2906/3580/3139 2905/4365/3815
f 4394/2997/2591 4401/2996/2590 4391/3670/3221 4393/4366/3816
f 3237/4358/2938 3239/3845/2938 3238/4367/1780 3186/4368/1780
f 4567/3439/3003 4566/3438/3002 4598/3742/3287 4597/3741/3286
f 3195/4369/3462 3197/4370/1780 3196/4371/1780 3187/4372/3462
f 3179/4373/3254 3185/4374/3462 3178/4275/3462 3174/4375/2438
f 4745/4376/3817 4743/3585/3144 4746/3819/3299 4750/4377/3818
f 5458/4142/3639 5453/3833/3360 5463/3832/3359 5461/4143/3640
f 3272/4378/3819 3273/4379/3820 3265/3780/3299 3266/4380/3299
f 3301/4381/3178 3272/4378/3819 3269/4382/3819 3271/4383/3178
f 3211/4384/3821 3212/4385/2870 3210/4386/2870 3203/4387/3662
f 3062/4244/3716 3061/3509/3070 3119/3512/3073 3118/4388/3822
f 5371/4389/2446 5372/4390/2930 5373/4391/3508
f 5369/4392/3823 5370/4393/3824 5371/4389/2446
f 5367/2942/2536 5368/2941/2535 5369/4392/3823
f 5235/4394/3825 5366/2943/2537 5367/2942/2536
f 3274/4395/3176 3275/3619/3176 3263/4396/3299 3264/3781/3299
f 4711/4192/3354 4709/3199/2781 4710/4397/3826 4726/4193/3683
f 3218/4398/1780 3207/4399/2051 3215/4400/2051 3217/4401/1780
f 4049/4402/3827 4383/4289/3752 3775/4292/3755 3776/4403/3828
f 3782/4404/3829 3786/4405/3830 3783/4406/3831 3777/4242/3714
f 3218/4398/1780 3206/4407/1780 3205/4408/2051 3207/4399/2051
f 3205/4408/2051 3199/3999/3254 3208/3702/3252 3207/4399/2051
f 4551/3994/3496 4550/4409/3832 4614/3823/3353 4613/3822/3352
f 3769/4043/3544 3770/4272/3740 3758/4247/3719 3759/4044/3545
f 4764/4057/3556 4765/4410/3833 4767/3902/3418 4766/3901/3417
f 2957/3526/3085 2955/3302/2876 3038/3305/2879 3037/3527/3086
f 2981/3276/2853 2979/3275/2852 3024/3253/2830 3023/3205/2785
f 5123/3536/3095 5125/3528/3087 5126/3531/3090 5124/3537/3096
f 3223/4411/3319 3224/4412/3319 3222/4413/1780 3221/4414/1780
f 3205/4408/2051 3206/4407/1780 3204/4415/1780 3198/4416/3462
f 2969/3419/2983 2971/3362/2934 2970/4417/3834 2968/3420/2984
f 3234/3755/2938 3232/4418/2938 3263/4396/3299 3262/3756/3299
f 3444/3446/3010 3443/3613/3171 3448/3616/3174 3446/3461/3025
f 2926/4015/3516 2928/4419/2387 2927/4420/3835 2924/4016/3517
f 5474/4421/3836 5473/4422/3837 5476/4423/3838 5475/4424/3839
f 3270/4425/3840 3271/4383/3178 3269/4382/3819 3268/4426/3841
f 4365/4427/3842 4585/4428/3344 4584/2901/2495 4583/4429/3843
f 4580/4430/3844 4581/4431/3845 4579/4432/3846 4578/4433/3847
f 3820/2918/2512 3821/4288/3751 3809/4434/3848 3810/2919/2513
f 3820/2918/2512 3819/2917/2511 3825/2925/2519 3823/4285/3749
f 3461/4354/3809 3460/4353/3808 3467/4435/3849 3466/4436/3850
f 4625/3790/3328 4535/3828/3355 4621/3829/3356 4622/3791/3329
f 4903/4182/3673 4893/4246/3718 4892/3906/3422 4904/3905/3421
f 3185/4374/3462 3186/4437/1780 3184/4276/1780 3178/4275/3462
f 3198/4416/3462 3204/4415/1780 3197/4370/1780 3195/4369/3462
f 4971/4230/3703 4930/4438/3851 4929/4439/3852 4972/4440/3853
f 5351/2968/2562 5352/4441/3854 5343/4442/3855
f 4014/4225/3274 4039/4443/3856 4038/4444/3857 4015/4223/3549
f 3529/4445/3858 3527/4446/3859 3543/4447/3860 3542/4448/3861
f 3777/4242/3714 3783/4406/3831 3776/4403/3828 3767/4243/3715
f 5394/4449/3862 5395/4280/3744 5390/4279/3743 5393/4450/3863
f 4646/4451/3864 4482/4188/3679 4593/4191/3682 4594/4452/3865
f 3236/3754/2938 3237/4358/2938 3186/4368/1780 3235/4453/1780
f 3874/4454/3866 3868/3751/3296 3869/2990/2584 3696/4455/3867
f 3874/4454/3866 3880/4456/3868 3875/4457/3869 3868/3751/3296
f 5511/3102/2688 5513/3104/2690 5514/3148/2733 5512/3223/2803
f 5239/4458/3039 5228/3073/2664 5227/4459/3870 5240/4460/3039
f 5310/4461/3871 5308/3038/2631 5346/4462/3872
f 3219/3825/2051 3221/4463/1780 3220/4464/1780 3216/3826/2051
f 2919/3776/3317 2920/3775/3316 2918/3681/3232 2912/3680/3231
f 5312/4465/3873 5310/4461/3871 5345/4466/3874
f 5314/4467/3875 5312/4465/3873 5344/4468/3876
f 3229/3779/3319 3230/3778/3319 3206/4469/1780 3228/4470/1780
f 3232/4418/2938 3234/3755/2938 3233/4471/1780 3231/4472/1780
f 3227/4473/3319 3229/3779/3319 3228/4470/1780 3226/4474/1780
f 3216/3826/2051 3220/4464/1780 3217/4401/1780 3215/4400/2051
f 3234/3755/2938 3236/3754/2938 3235/4453/1780 3233/4471/1780
f 3230/3778/3319 3232/4418/2938 3231/4472/1780 3206/4469/1780
f 3224/4412/3319 3227/4473/3319 3226/4474/1780 3222/4413/1780
f 3155/4357/3462 3157/4356/1780 3160/4475/1780 3139/4476/3462
f 3244/3366/2938 3246/3365/2937 3245/4477/1780 3167/4478/1780
f 3243/3398/2938 3244/3366/2938 3167/4478/1780 3242/4321/1780
f 3317/4197/3684 3319/4479/3877 3318/4480/2050 3316/4198/1411
f 3175/4278/3462 3177/4277/1780 3176/4352/1780 3168/4351/3462
f 3239/3845/2938 3241/3844/2938 3240/4322/1780 3238/4367/1780
f 3139/4476/3462 3160/4475/1780 3138/4481/1780 3137/4209/3462
f 3246/3365/2937 3248/3869/3390 3247/4318/1780 3245/4477/1780
f 5316/4482/3878 5314/4467/3875 5343/4442/3855
f 4961/4483/3879 4992/4484/3880 4993/4485/3881 4960/4486/3882
f 5318/4487/3883 5316/4482/3878 5342/4488/3884
f 5320/3475/3037 5318/4487/3883 5341/4489/3885
f 3148/2842/2438 3155/4357/3462 3139/4476/3462 3140/2843/2439
f 4487/4490/3886 4455/3579/3138 4456/3578/3137 4484/3961/3468
f 3154/3953/2438 3156/3952/3462 3155/4357/3462 3148/2842/2438
f 3165/4491/2438 3168/4351/3462 3166/3951/3462 3159/3950/3461
f 4570/4492/3887 4569/3606/3164 4595/3842/3368 4594/4452/3865
f 3174/4375/2438 3178/4275/3462 3175/4278/3462 3169/4493/2438
f 4640/4494/3888 4498/4495/2810 4601/4328/3787 4602/4327/3786
f 3185/4374/3462 3179/4373/3254 3188/4496/3889 3187/4372/3462
f 3189/4497/3890 3195/4369/3462 3187/4372/3462 3188/4496/3889
f 3227/4473/3319 3224/4412/3319 3267/4498/3299 3266/4380/3299
f 3199/3999/3254 3205/4408/2051 3198/4416/3462 3194/4499/3254
f 3229/3779/3319 3227/4473/3319 3266/4380/3299 3265/3780/3299
f 2946/3807/3342 2948/3806/3341 2947/4500/1403 2945/4501/3891
f 3213/3827/3254 3216/3826/2051 3215/4400/2051 3209/3705/3254
f 5322/3476/3038 5320/3475/3037 5340/4502/3892
f 4524/3783/3321 4436/4503/3893 4437/4504/3894 4523/4505/3895
f 5356/2916/2510 5339/4506/3896 5355/2922/2516 5553/2915/2509
f 5324/4507/3897 5322/3476/3038 5339/4506/3896
f 4467/4508/3291 4469/4509/3898 4468/3973/3480 4466/3972/3479
f 5058/4510/3899 5060/4511/3900 5061/4512/3901 5059/4513/2246
f 5326/4514/3902 5324/4507/3897 5338/4515/3903
f 4649/4516/3904 4474/4517/3905 4589/4518/3906 4590/4519/3907
f 4302/4520/3908 4304/4521/3909 4303/3805/3340 4301/3504/3065
f 2950/3611/3169 2951/3589/3147 2900/3608/3166 2949/4522/3910
f 3190/4169/3661 3194/4499/3254 3189/4497/3890 3182/4170/3501
f 3188/4496/3889 3180/3295/2870 3182/4170/3501 3189/4497/3890
f 3735/2946/2540 3734/2945/2539 3753/4523/3911 3752/4524/3912
f 3172/3296/2871 3179/4373/3254 3174/4375/2438 3170/3241/2819
f 5373/3358/2930 5494/4007/3508 5490/4009/3510 5489/3359/2931
f 4367/4525/3913 4370/3505/3066 4368/3508/3069 4366/4526/3914
f 2922/3992/3494 2914/4011/3512 2916/4308/3771 2923/4527/3915
f 3141/4208/2439 3143/4528/3916 3142/2844/2440 3140/2843/2439
f 2839/3946/3457 2840/4529/3917 2838/4530/2927 2832/3943/3454
f 5362/4531/3918 5334/3251/2828 5361/3250/2827 5560/4532/3919
f 4174/4533/3920 4435/3197/2779 4434/3196/2778 4172/3319/2893
f 3738/4320/3781 3737/3889/3405 3750/4534/3921 3749/4535/3922
f 3086/2910/2504 3087/2909/2503 3011/2926/2520 3012/2928/2522
f 5350/2974/2568 5345/4466/3874 5349/2983/2577 5547/2973/2567
f 3673/4536/3923 4099/4537/3924 3649/4304/3767 3647/4303/3766
f 3783/4406/3831 3785/4538/3925 3784/4539/3827 3776/4403/3828
f 3146/4540/3926 3147/2841/2437 3142/2844/2440 3144/4541/3927
f 3149/4542/3928 3150/4543/3929 3147/2841/2437 3146/4540/3926
f 4796/3478/3040 4797/4544/3930 4799/4545/3931 4798/4546/3932
f 3151/4241/3711 3152/4240/3713 3150/4543/3929 3149/4542/3928
f 3928/3893/3409 3924/4547/3933 3929/4548/3934 3927/4549/3935
f 4563/4325/3784 4564/3863/3385 4291/4550/3936 4293/4551/3937
f 3171/3297/2869 3172/3296/2871 3170/3241/2819 3164/3240/2818
f 2868/3913/3429 2872/3912/3428 2869/4552/3938 2863/4027/3528
f 3181/4171/3662 3182/4170/3501 3180/3295/2870 3173/3294/2869
f 3055/3649/3204 3056/3699/3249 3042/3808/3343 3043/3650/3205
f 4163/4553/3939 4164/3909/3425 4162/3908/3424 4161/4554/3940
f 3193/4555/3662 3200/3703/3253 3192/4000/3501 3191/4556/3662
f 3191/4556/3662 3192/4000/3501 3190/4169/3661 3183/4168/3660
f 3786/4405/3830 3787/4557/3827 3785/4538/3925 3783/4406/3831
f 3804/4558/3941 3805/4559/3827 3787/4557/3827 3786/4405/3830
f 3302/4560/3942 3131/3468/3030 3303/3467/3029
f 3806/4561/3830 3807/4562/3827 3805/4559/3827 3804/4558/3941
f 3580/4563/3943 3581/4564/3944 3579/4565/3945 3564/4566/3946
f 5082/3227/2806 5085/4567/3947 5086/4568/3948 5084/3228/2807
f 4970/4233/3706 4983/4232/3705 4984/4569/3949 4969/4570/3950
f 3306/4571/3951 3307/4572/1978 3308/4573/1983
f 3564/4566/3946 3579/4565/3945 3563/4574/3952 3562/4575/3953
f 4700/4576/3954 4701/4577/3955 4696/4578/3956 4695/4579/3957
f 2763/3534/3093 2769/3873/3393 2756/3309/2883 2757/3308/2882
f 3329/3556/3115 3332/4359/3811 3331/3651/3206 3325/3557/3116
f 3325/3557/3116 3331/3651/3206 3321/3654/3208 3319/4479/3877
f 3319/4479/3877 3321/3654/3208 3320/4580/1067 3318/4480/2050
f 3356/4581/3958 4105/3091/2681 4104/3094/2684 4096/4582/3959
f 3841/4583/3960 3842/4584/3961 3834/4585/2720 3833/4586/3962
f 4522/4587/3351 4523/4505/3895 4521/3772/3313 4520/3771/3310
f 3212/4385/2870 3214/3824/3354 3213/3827/3254 3210/4386/2870
f 4705/4588/3963 4700/4576/3954 4699/4589/3964 4706/4590/3965
f 3862/4087/3584 3863/4086/3583 3844/4591/2720 3843/4592/3966
f 2957/3526/3085 2958/3499/3060 2880/3521/3082 2956/4593/3967
f 3134/4207/2051 3136/4594/1411 3135/3523/2050 3133/3522/3083
f 4749/4595/3319 4750/4377/3818 4746/3819/3299 4747/3818/3319
f 4518/3773/3314 4519/3244/2821 4516/3247/2824 4517/4596/3680
f 5358/2885/2479 5337/4597/3968 5357/2896/2490 5555/2883/2477
f 2814/4052/3553 2822/4051/3552 2813/4298/3761 2806/4297/3760
f 3252/3871/3391 3253/4271/3739 3251/4204/2938 3250/3868/2938
f 3130/3469/3031 3134/4207/2051 3133/3522/3083 3132/3466/3028
f 4314/4324/3783 4316/3622/3179 4315/3625/3182 4313/3788/3326
f 5285/4598/2972 5259/4599/3969 5258/3290/2865 5286/3293/2868
f 4250/4600/3970 4654/3262/2839 4653/3550/3109 4247/4601/3971
f 4688/4602/2431 4689/4603/3972 4687/4604/3973 2740/4605/3974
f 3131/3468/3030 3302/4560/3942 3145/4606/3927 3129/4607/2440
f 3327/3555/3114 3328/4608/3975 3329/3556/3115
f 5357/2896/2490 5338/4515/3903 5356/2916/2510 5554/2895/2489
f 5110/4609/3976 5111/4610/3977 5113/4611/3978 5112/4612/3976
f 5210/4613/2460 5224/4614/2664 5225/4312/3775 5209/2864/2460
f 4561/4615/3979 4562/4326/3785 4295/4616/3980 4297/4617/3981
f 4547/3334/2906 4546/3333/2905 4618/4618/3982 4617/4619/3983
f 3305/4620/3984 3310/4621/3985 3309/4622/3986 3307/4572/1978
f 3695/4623/3987 3881/4624/3988 3880/4456/3868 3874/4454/3866
f 2832/3943/3454 2838/4530/2927 2831/3835/3362 2829/3834/3361
f 3334/4360/3812 3335/4625/3989 3336/4626/810
f 5295/4627/3990 5298/4628/3991 5299/4629/3992
f 5294/2994/2588 5297/4630/3993 5295/4627/3990
f 4533/4631/3344 4431/4632/3994 4432/3270/2847 4532/4633/3995
f 3695/4623/3987 3688/3138/2723 3689/3137/2722 3694/4634/3988
f 5412/4635/3996 5413/4636/3997 5414/3259/2836 5410/3648/3203
f 3697/2989/2583 3686/4637/3998 3687/4638/3999 3696/4455/3867
f 4257/4639/4000 4259/4640/4001 4656/3264/2841 4655/3263/2840
f 2976/3284/2859 2974/3354/2926 3027/3892/3408 3026/3285/2860
f 2857/4641/4002 2864/4023/3524 2856/4026/3527 2855/4642/4003
f 3589/3002/2596 3588/4643/4004 3593/4644/924 3591/4645/4005
f 3699/4646/2645 3684/4647/4006 3685/4648/4007 3698/4649/4008
f 2877/4167/3659 2884/4021/3522 2876/3380/2947 2875/3379/2946
f 5012/4650/4009 5014/4651/4010 5015/4652/4011 5010/4175/3666
f 5143/3437/3001 5103/4653/4012 5101/4654/4013 5144/3434/2998
f 4094/4163/3655 4095/4655/4014 3627/4656/4015 3626/4164/3656
f 5291/4657/4016 5292/4658/4017 5281/4659/4018
f 2992/4660/4019 2990/3040/2633 3018/3043/2636 3017/4661/4020
f 3570/4662/4021 3571/4663/4022 3555/4664/4023 3554/4665/4024
f 3385/4666/4025 3383/4667/4026 3399/4237/3710 3398/4236/3709
f 5282/4114/3611 5291/4657/4016 5281/4659/4018
f 2854/4025/3526 2862/4024/3525 2853/4668/4027 2846/4139/3636
f 3701/3724/3272 3682/3078/2668 3683/3077/2667 3700/4669/2644
f 3682/3078/2668 3701/3724/3272 3644/3706/3255 3645/4254/3726
f 4911/4670/4028 4885/2971/2565 4884/2970/2564 4912/4671/4029
f 3283/4263/3734 3282/4255/3727 3291/4256/3152 3290/4672/4030
f 3633/4253/3725 3634/3709/3258 3632/3563/3122 3631/4673/4031
f 3631/4673/4031 3632/3563/3122 3629/3564/3123 3630/3021/2615
f 3630/3021/2615 4098/3020/2614 3673/4536/3923 3631/4673/4031
f 3631/4673/4031 3673/4536/3923 3647/4303/3766 3633/4253/3725
f 3633/4253/3725 3647/4303/3766 3646/4306/3769 3645/4254/3726
f 4764/4057/3556 4844/4056/3555 4759/4674/4032 4761/4675/4033
f 4844/4056/3555 4845/4676/4034 4757/3924/3439 4759/4674/4032
f 3758/4247/3719 3766/4274/3742 3756/3316/2890 3757/3315/2889
f 4847/4677/4035 4897/4120/3617 4898/3159/2741 4845/4676/4034
f 2776/3219/2799 2777/3218/2798 2775/4070/3568 2768/4112/3609
f 5263/4678/4036 5262/4115/3612 5282/4114/3611
f 5281/4659/4018 5263/4678/4036 5282/4114/3611
f 5010/4175/3666 5011/4174/3665 5013/4679/4037 5012/4650/4009
f 3747/4680/4038 3743/4165/3657 3742/4681/4039 3746/4682/4040
f 3201/4683/3662 3202/3704/2871 3200/3703/3253 3193/4555/3662
f 5264/4684/4041 5263/4678/4036 5281/4659/4018
f 3058/3543/3102 3059/3513/3074 3039/3304/2878 3040/3590/3148
f 5280/4685/4042 5264/4684/4041 5281/4659/4018
f 3677/4686/4043 3686/4637/3998 3685/4648/4007 3678/4687/4044
f 4258/4688/4045 4260/4689/4046 4259/4640/4001 4257/4639/4000
f 4788/4092/3589 4832/3940/3451 4833/4690/4047 4786/4691/4048
f 3510/4692/4049 3525/4128/3625 3509/4110/3607 3508/4109/3606
f 3480/3900/3416 3479/3140/2725 3484/3143/2728 3482/3897/3413
f 4404/2995/2589 4400/2998/2592 4406/4693/1197 4405/4694/1160
f 4900/4695/4050 4949/4696/4051 4950/2963/2557 4899/2962/2556
f 3858/2953/2547 3870/2988/2582 3859/2991/2585 3847/2978/2572
f 4920/4697/4052 4876/4698/4053 4875/4118/3615 4921/2981/2575
f 3084/3007/2601 3083/3006/2600 3097/4699/4054 3096/4700/4055
f 5284/4701/4056 5289/4702/4057 5290/4703/4058 5283/4117/3614
f 5007/4704/4011 5005/4155/3649 5008/4091/3588 5010/4175/3666
f 5443/4705/4059 5289/4702/4057 5288/4706/4060 5445/4707/4061
f 3078/4708/4062 3079/3081/2671 3019/3042/2635 3020/3194/2776
f 4228/3636/3191 4462/4149/3643 4461/4709/4063 4226/3637/3192
f 5426/3762/3305 5422/4005/3506 5434/3744/3289 5433/3763/3306
f 5375/4710/4064 5382/4341/3799 5383/4340/105 5381/4711/64
f 3497/4712/4065 3498/4337/3796 3482/3897/3413 3484/3143/2728
f 4691/4713/4066 4698/4714/4067 4697/4715/4068 4693/4716/4069
f 5186/3629/3186 5182/3628/3185 5184/4154/3648 5215/4717/4070
f 5145/4718/4071 5155/4719/4072 5156/3435/2999 5144/3434/2998
f 5100/4720/4073 5101/4654/4013 5103/4653/4012 5102/4721/4074
f 3603/3518/3079 3606/3517/3078 3605/4722/4075 3604/4723/4076
f 5135/4724/4077 5119/3126/2712 5117/4725/4078 5136/4726/4079
f 4901/4727/4080 4948/4728/4081 4949/4696/4051 4900/4695/4050
f 4076/4729/4082 4079/4730/2719 4075/4731/4083 4074/4732/2720
f 4849/3289/2864 4895/3288/2863 4896/4733/4084 4848/4734/4085
f 5018/4735/4086 5019/4736/4087 5020/4737/4088 4753/4738/2740
f 4770/4739/4089 4841/4740/4090 4842/4741/4091 4768/3904/3420
f 4768/3904/3420 4769/3903/3419 4771/4742/4092 4770/4739/4089
f 3675/3139/2724 3688/3138/2723 3687/4638/3999 3676/4743/4093
f 3670/4744/4094 3672/4745/4095 3671/4746/4096 3668/4747/4097
f 3674/3136/2721 3666/4748/4098 3668/4747/4097 3671/4746/4096
f 4772/4749/4099 4773/4750/4100 4775/4258/3729 4774/4257/3728
f 3675/3139/2724 3664/4751/4101 3666/4748/4098 3674/3136/2721
f 4849/3289/2864 4841/4740/4090 4840/4752/4102 4850/3286/2861
f 5283/4117/3614 5290/4703/4058 5291/4657/4016 5282/4114/3611
f 4901/4727/4080 4895/3288/2863 4894/3287/2862 4902/4753/4103
f 4902/4753/4103 4947/4754/4104 4948/4728/4081 4901/4727/4080
f 4790/4095/3592 4831/3941/3452 4832/3940/3451 4788/4092/3589
f 3676/4743/4093 3662/4755/4105 3664/4751/4101 3675/3139/2724
f 4230/4756/4106 4463/4150/3644 4462/4149/3643 4228/3636/3191
f 4956/3542/3101 4997/4757/4107 4998/4758/4108 4955/3539/3098
f 4243/4759/4109 4245/4760/4110 4652/3549/3108 4651/4761/4111
f 4954/4762/4112 4947/4754/4104 4946/3540/3099 4955/3539/3098
f 4802/4763/4113 4825/4764/4114 4826/4765/4115 4800/4766/4116
f 4851/4245/3717 4839/4767/4117 4838/4768/4118 4852/4769/4119
f 3071/4770/4120 3072/4771/4121 3026/3285/2860 3027/3892/3408
f 4850/3286/2861 4840/4752/4102 4839/4767/4117 4851/4245/3717
f 4774/4257/3728 4839/4767/4117 4840/4752/4102 4772/4749/4099
f 5255/4772/4122 5256/4283/3747 5021/4773/4123 5019/4736/4087
f 3815/3150/2647 3816/4774/2708 3813/2878/2472 3814/3151/2735
f 5263/4678/4036 5264/4684/4041 5043/4775/4124
f 5041/4776/4125 5263/4678/4036 5043/4775/4124
f 5262/4115/3612 5263/4678/4036 5041/4776/4125
f 5039/4777/4126 5262/4115/3612 5041/4776/4125
f 5410/3648/3203 5411/3647/3202 5403/4778/3294 5412/4635/3996
f 5025/4779/4127 5023/4780/4128 5027/4282/3746 5026/4781/4129
f 2747/3087/2677 2734/3086/2676 2732/3332/2904 2742/4074/3572
f 3083/3006/2600 3082/4782/4130 3098/4783/4131 3097/4699/4054
f 5212/4784/4132 5189/4785/4133 5188/4786/4134 5213/4787/4135
f 5418/4788/4136 5416/3552/3111 5415/3258/2835 5420/3257/2834
f 3360/4789/2887 3361/4790/4137 3359/2839/2435 3344/3927/3442
f 3652/4791/4138 3681/3079/2669 3646/4306/3769 3648/4305/3768
f 4545/4792/4139 4544/4793/4140 4620/3812/3346 4619/3811/3345
f 3900/3256/2833 3901/3255/2832 3893/4794/4141 3895/3878/3396
f 3085/2913/2507 3084/3007/2601 3096/4700/4055 3095/2914/2508
f 3628/3604/3162 4097/3018/2612 3630/3021/2615 3629/3564/3123
f 4956/3542/3101 4945/3541/3100 4944/4795/4142 4957/3268/2845
f 3733/2948/2542 3732/4796/4143 3755/3314/2888 3734/2945/2539
f 5501/4797/4144 5499/4172/3663 5502/3633/3188 5509/4798/3645
f 4207/4075/3573 4208/3677/3228 4206/3679/3230 4205/4799/4145
f 4852/4769/4119 4838/4768/4118 4837/4800/4146 4853/4801/4147
f 4574/4802/4148 4575/4803/4149 4269/4804/4150 4271/4805/4151
f 5498/4806/4152 5499/4172/3663 5501/4797/4144 5500/4807/4152
f 2803/3866/3388 2809/3848/3371 2801/3851/3374 2802/4061/3559
f 3626/4164/3656 3627/4656/4015 3625/3603/3161 3624/4248/3720
f 5334/3251/2828 5332/4808/4153 5330/4809/4154 5335/3248/2825
f 4181/4810/4155 4182/3736/3281 4180/3738/3283 4179/4811/4156
f 4866/4812/4157 4878/4813/4158 4879/4814/4159 4865/4815/4160
f 4853/4801/4147 4837/4800/4146 4836/3361/2933 4854/4816/4161
f 4371/4817/4162 4150/4818/4163 4152/3506/3067 4370/3505/3066
f 3828/4819/4164 3830/4820/4165 3826/2924/2518 3827/4821/2637
f 3737/3889/3405 3736/3888/3404 3751/4822/4166 3750/4534/3921
f 4910/4823/4167 4939/4824/4168 4940/4825/4169 4909/4826/4170
f 4180/3738/3283 4438/3737/3282 4437/4504/3894 4178/4827/4171
f 3069/3482/3044 3068/4261/3732 3112/4828/4172 3111/4829/4173
f 4098/3020/2614 4102/4830/4174 4099/4537/3924 3673/4536/3923
f 3770/4272/3740 3769/4043/3544 3774/4291/3754 3772/4294/3757
f 2799/3853/3376 2800/3852/3375 2798/3857/3077 2792/3856/3379
f 4354/4831/4175 4355/4832/4176 4341/4833/4177 4343/4834/4178
f 3424/3990/3492 3423/4835/4179 3432/3794/3332 3431/3793/3331
f 4855/4836/4180 4889/4837/4181 4890/3673/3224 4854/4816/4161
f 2943/3610/3168 2941/3716/3265 3046/3690/3240 3045/3147/2732
f 4535/4838/3355 4429/4839/4182 4430/4840/4183 4534/4841/4184
f 4416/3181/2763 4371/4817/4162 4369/4842/4185 4372/4843/4186
f 4109/4844/4187 4103/3019/2613 4106/3093/2683 4111/4845/4188
f 3068/4261/3732 3067/3056/2648 3113/3059/2651 3112/4828/4172
f 4104/3094/2684 4106/3093/2683 4103/3019/2613 4097/3018/2612
f 3533/4846/4189 3532/4847/4190 3539/4848/4191 3538/4849/4192
f 3275/3619/3176 3276/3618/3175 3262/3756/3299 3263/4396/3299
f 5031/4065/3563 5258/3290/2865 5259/4599/3969 5033/4066/3564
f 4212/3391/2957 4454/4850/4193 4453/4183/3674 4210/3968/3475
f 4564/3863/3385 4563/4325/3784 4601/4328/3787 4600/3658/3211
f 3966/4851/4194 3968/4361/3813 3967/4364/3814 3965/4852/4195
f 2813/4298/3761 2819/3839/3366 2812/4853/4196 2808/3865/3387
f 4356/4854/4197 4357/4855/4198 4355/4832/4176 4354/4831/4175
f 4088/4856/4199 4092/4857/4200 4087/4858/4201 4086/4859/4202
f 4642/3656/2965 4643/3739/3284 4598/3742/3287 4599/3657/3210
f 4554/3786/3324 4555/4860/4203 4309/4350/3807 4311/3787/3325
f 4264/4861/4204 4266/4862/4205 4265/4863/4206 4263/4864/4207
f 4570/4492/3887 4571/4865/4208 4277/4866/4209 4279/4867/4210
f 4909/4826/4170 4940/4825/4169 4941/4868/4211 4908/4869/4212
f 4220/4870/4213 4458/3929/3444 4457/4186/3677 4218/4871/4214
f 4792/4872/4215 4793/4873/4216 4795/4874/4217 4794/3481/3043
f 4856/4302/3765 4834/3688/3238 4833/4690/4047 4857/4299/3762
f 4422/4875/4218 4427/4876/4219 4426/4877/4220 4423/4878/4221
f 5098/4879/4073 5099/4880/4222 5101/4654/4013 5100/4720/4073
f 4086/4859/4202 4087/4858/4201 4085/4881/4223 4082/4882/4224
f 5006/4883/4225 4754/3157/2739 5005/4155/3649 5007/4704/4011
f 4082/4882/4224 4085/4881/4223 4081/4884/4226 4080/4885/4227
f 4080/4885/4227 4081/4884/4226 4079/4730/2719 4076/4729/4082
f 3536/4886/4228 3537/4887/4229 3535/4888/4230 3534/4889/4231
f 3490/4890/4232 3491/3885/3401 3489/3600/3158 3474/3599/3157
f 3837/4891/4233 3838/4892/4234 3836/4893/4235 3829/4894/4236
f 5376/2944/2538 5366/2943/2537 5377/4124/3621 5385/4339/3798
f 4957/3268/2845 4996/3267/2844 4997/4757/4107 4956/3542/3101
f 5355/2922/2516 5340/4502/3892 5354/2930/2524 5532/2921/2515
f 3881/4624/3988 3883/4895/4237 3882/4896/4238 3880/4456/3868
f 4963/4897/4239 4990/4898/4240 4991/4899/4241 4962/4900/4242
f 3057/3544/3103 3058/3543/3102 3040/3590/3148 3041/3612/3170
f 4074/4732/2720 4075/4731/4083 4073/3133/2718 4070/3132/2717
f 2825/4137/3634 2826/4136/3633 2824/4049/3550 2817/4132/3629
f 2917/4017/3518 2924/4016/3517 2916/4308/3771 2915/4307/3770
f 3938/4901/3650 3939/3597/3155 3937/3596/3154 3936/4902/3650
f 4378/4903/4243 4380/4904/4244 4379/2865/2461 4377/4905/4245
f 5177/4906/4246 5156/3435/2999 5155/4719/4072 5178/4907/3763
f 2823/3944/3455 2829/3834/3361 2821/3837/3364 2822/4051/3552
f 3976/4908/4247 3977/4909/4248 3963/4910/4249 3965/4852/4195
f 5341/4489/3885 5318/4487/3883 5342/4488/3884 5353/2940/2534
f 4068/3135/2720 4069/3134/2719 4067/3207/2787 4064/3206/2786
f 4790/4095/3592 4791/4094/3591 4793/4873/4216 4792/4872/4215
f 4119/4911/4250 4137/4912/4251 4136/4913/4252 4135/3182/2764
f 4062/3209/2789 4063/3208/2788 4060/4914/4253 4058/4915/2789
f 4245/4760/4110 4247/4601/3971 4653/3550/3109 4652/3549/3108
f 4859/2972/2566 4831/3941/3452 4830/4916/4254 4860/2969/2563
f 3491/3885/3401 3493/3884/3400 3488/4917/4255 3489/3600/3158
f 5138/4918/4256 5113/4611/3978 5111/4610/3977 5139/4919/4257
f 5493/3373/64 5492/3372/453 5491/3384/2951 5495/4008/3509
f 4963/4897/4239 4938/4920/4258 4937/4921/4259 4964/4922/4260
f 4058/4915/2789 4060/4914/4253 4057/4923/4261 4056/4924/3827
f 3830/4820/4165 3831/4925/4262 3825/2925/2519 3826/2924/2518
f 4083/3051/2643 4081/4884/4226 4085/4881/4223 4084/3048/2640
f 4056/4924/3827 4057/4923/4261 4055/4926/4263 4054/4927/4264
f 5231/4928/4265 5230/4929/4265 5237/4930/4266
f 3530/4098/3595 3529/4445/3858 3542/4448/3861 3541/3067/2659
f 4077/4931/4267 4033/4932/4268 4034/3428/2992 4072/4933/4267
f 5333/4934/4269 5332/4808/4153 5334/3251/2828 5362/4531/3918
f 3843/4592/3966 3844/4591/2720 3842/4584/3961 3841/4583/3960
f 3534/4889/4231 3533/4846/4189 3538/4849/4192 3536/4886/4228
f 4860/2969/2563 4830/4916/4254 4829/3480/3042 4861/4935/4270
f 3059/3513/3074 3060/3510/3071 3038/3305/2879 3039/3304/2878
f 3808/3152/2736 3814/3151/2735 3798/3177/2759 3706/3176/2758
f 4794/3481/3043 4795/4874/4217 4797/4544/3930 4796/3478/3040
f 4804/4936/4271 4824/4937/4272 4825/4764/4114 4802/4763/4113
f 5233/4938/4273 5234/4939/4274 5235/4940/3825
f 5202/4941/3823 5232/4942/4275 5233/4938/4273
f 4203/4943/4276 4204/4187/3678 4202/4944/4277 4201/4945/4278
f 4373/4946/4279 4131/3601/3159 4132/3170/2752 4358/3326/2898
f 4861/4935/4270 4829/3480/3042 4828/3479/3041 4862/4947/4280
f 4667/4346/3803 4677/4948/4281 4676/4949/4282 4675/4347/3804
f 3550/4950/4283 3551/4951/4284 3538/4849/4192 3539/4848/4191
f 4975/3675/3226 4978/4952/4285 4979/4953/4286 4974/4954/4287
f 4965/3694/3244 4936/3113/2699 4935/3112/2698 4966/3691/3241
f 5214/4955/3615 5220/4956/4288 5221/4957/4289 5213/4787/4135
f 2761/4958/4290 2767/4113/3610 2766/4071/3569 2764/3532/3091
f 3708/4959/4291 3707/4960/4292 3710/3761/3304 3709/3766/3309
f 4913/3114/2700 4936/3113/2699 4937/4921/4259 4912/4671/4029
f 5205/3075/2665 5229/3074/2664 5204/4961/2460
f 5447/4962/4293 5287/4963/4294 5451/4964/3357 5450/4267/3736
f 4915/4965/4295 4934/3214/2794 4935/3112/2698 4914/3111/2697
f 4916/3063/2655 4880/3408/2973 4879/4814/4159 4917/3060/2652
f 4863/3410/2975 4881/3409/2974 4882/4966/4296 4862/4947/4280
f 4095/4655/4014 3356/4581/3958 4096/4582/3959 3627/4656/4015
f 4798/4546/3932 4827/4967/4297 4828/3479/3041 4796/3478/3040
f 5056/4968/4298 5058/4510/3899 5059/4513/2246 5057/4969/2260
f 4060/4914/4253 4061/4970/4299 4059/4971/4300 4057/4923/4261
f 4564/3863/3385 4565/3862/3384 4289/4972/4301 4291/4550/3936
f 4063/3208/2788 4065/4973/4267 4061/4970/4299 4060/4914/4253
f 4065/4973/4267 4063/3208/2788 4067/3207/2787 4066/4974/4302
f 4800/4766/4116 4826/4765/4115 4827/4967/4297 4798/4546/3932
f 4863/3410/2975 4827/4967/4297 4826/4765/4115 4864/3407/2972
f 3072/4771/4121 3071/4770/4120 3109/4975/4303 3108/4976/4304
f 4772/4749/4099 4840/4752/4102 4841/4740/4090 4770/4739/4089
f 4235/4977/4305 4236/4978/4306 4234/4979/4307 4233/4980/4308
f 3532/4847/4190 3533/4846/4189 3520/4981/4309 3521/4982/4310
f 4069/3134/2719 4071/4983/4267 4066/4974/4302 4067/3207/2787
f 5049/4984/4311 5267/3300/2874 5268/3299/2873 5051/4985/4312
f 4176/4986/4313 4436/4503/3893 4435/3197/2779 4174/4533/3920
f 4846/4987/276 4872/4988/1552 4873/2892/2486 4871/4989/4314
f 3840/4990/4315 3838/4892/4234 3845/4991/4316 3843/4592/3966
f 5209/2864/2460 5225/4312/3775 5226/4311/3774 5208/2861/2457
f 4866/4812/4157 4824/4937/4272 4823/4992/4317 4867/4993/4318
f 2746/4103/3600 2747/3087/2677 2742/4074/3572 2744/4097/3594
f 3082/4782/4130 3081/4994/4319 3099/4995/4320 3098/4783/4131
f 2807/4996/4321 2814/4052/3553 2806/4297/3760 2805/4997/4322
f 3403/4235/3708 3404/4998/4323 3397/4999/4324 3398/4236/3709
f 4800/4766/4116 4801/5000/4325 4803/5001/4326 4802/4763/4113
f 4077/4931/4267 4075/4731/4083 4079/4730/2719 4078/5002/4327
f 4021/5003/4328 4032/5004/4329 4031/3050/2642 4022/5005/4330
f 4081/4884/4226 4083/3051/2643 4078/5002/4327 4079/4730/2719
f 4051/5006/4083 4055/4926/4263 4052/3412/2977 4044/3411/2976
f 5208/2861/2457 5226/4311/3774 5227/4459/3870 5207/4053/2460
f 4865/4815/4160 4825/4764/4114 4824/4937/4272 4866/4812/4157
f 3855/3122/2708 3856/3121/2707 3852/3047/2639 3854/3046/2638
f 4867/4993/4318 4877/5007/4331 4878/4813/4158 4866/4812/4157
f 4966/3691/3241 4935/3112/2698 4934/3214/2794 4967/3213/2793
f 5247/5008/4332 5220/4956/4288 5219/5009/4333 5248/5010/4334
f 3735/2946/2540 3736/3888/3404 3721/3891/3407 3724/2947/2541
f 4276/5011/4335 4278/5012/4336 4277/4866/4209 4275/5013/4337
f 4972/4440/3853 4981/5014/4338 4982/4231/3704 4971/4230/3703
f 4786/4691/4048 4787/5015/4339 4789/4093/3590 4788/4092/3589
f 3078/4708/4062 3077/3164/2746 3103/3167/2749 3102/5016/4340
f 4087/4858/4201 4089/5017/4341 4084/3048/2640 4085/4881/4223
f 4808/2908/2502 4822/2907/2501 4823/4992/4317 4806/2999/2593
f 4918/5018/4342 4878/4813/4158 4877/5007/4331 4919/5019/4343
f 4260/4689/4046 4262/5020/4344 4261/5021/4345 4259/4640/4001
f 4913/3114/2700 4883/5022/4346 4882/4966/4296 4914/3111/2697
f 4806/2999/2593 4823/4992/4317 4824/4937/4272 4804/4936/4271
f 5286/3293/2868 5287/4963/4294 5288/4706/4060 5285/4598/2972
f 2855/4642/4003 2856/4026/3527 2854/4025/3526 2847/5023/4347
f 5544/3024/2618 5548/3310/2884 5542/3311/2885 5543/3030/2623
f 4090/3937/3450 4027/3936/3449 4029/4176/3667 4089/5017/4341
f 3984/5024/4348 4001/5025/4349 4000/5026/3547 3985/5027/4350
f 4864/3407/2972 4826/4765/4115 4825/4764/4114 4865/4815/4160
f 3873/3053/2645 3698/4649/4008 3871/2952/2546 3872/3054/2646
f 4867/4993/4318 4823/4992/4317 4822/2907/2501 4868/5028/4351
f 4107/3092/2682 4112/5029/4352 4111/4845/4188 4106/3093/2683
f 3550/4950/4283 3549/3065/2657 3558/4131/3628 3557/5030/4353
f 4920/4697/4052 4929/4439/3852 4930/4438/3851 4919/5019/4343
f 5245/5031/4354 5222/5032/3775 5221/4957/4289 5246/5033/4355
f 4899/2962/2556 4897/4120/3617 4896/4733/4084 4900/4695/4050
f 3857/2951/2545 3856/3121/2707 3872/3054/2646 3871/2952/2546
f 4974/4954/4287 4979/4953/4286 4980/5034/4356 4973/5035/4357
f 3492/4111/3608 3507/3886/3402 3491/3885/3401 3490/4890/4232
f 4903/4182/3673 4946/3540/3099 4947/4754/4104 4902/4753/4103
f 4972/4440/3853 4929/4439/3852 4928/2980/2574 4973/5035/4357
f 4921/2981/2575 4928/2980/2574 4929/4439/3852 4920/4697/4052
f 3794/5036/4358 3796/5037/4359 3795/3178/2760 3793/3185/2767
f 3584/5038/4360 3585/5039/4361 3577/5040/4362 3578/5041/4363
f 4868/5028/4351 4822/2907/2501 4821/2906/2500 4869/5042/4364
f 5336/5043/4365 5328/5044/4366 5326/4514/3902 5337/4597/3968
f 4819/3100/2686 4818/3099/277 4846/4987/276 4871/4989/4314
f 5178/4907/3763 5189/4785/4133 5190/5045/2564 5177/4906/4246
f 5246/5033/4355 5221/4957/4289 5220/4956/4288 5247/5008/4332
f 3386/5046/4367 3385/4666/4025 3398/4236/3709 3397/4999/4324
f 3788/4029/3530 3804/4558/3941 3786/4405/3830 3782/4404/3829
f 4066/4974/4302 4036/5047/4368 4037/5048/4368 4065/4973/4267
f 4869/5042/4364 4821/2906/2500 4820/5049/4369 4870/5050/4370
f 4869/5042/4364 4875/4118/3615 4876/4698/4053 4868/5028/4351
f 5392/5051/4371 5365/4121/3618 5364/5052/4372 5393/4450/3863
f 5052/5053/4373 5053/5054/4374 5055/5055/4375 5054/5056/4376
f 4973/5035/4357 4928/2980/2574 4927/2979/2573 4974/4954/4287
f 3407/5057/4377 3406/5058/4378 3413/5059/4379 3412/5060/4380
f 3732/4796/4143 3733/2948/2542 3726/4181/3672 3728/4222/3697
f 4976/3676/3227 4977/5061/4381 4978/4952/4285 4975/3675/3226
f 5196/5062/4382 5195/5063/4382 5206/3072/2460
f 4900/4695/4050 4896/4733/4084 4895/3288/2863 4901/4727/4080
f 3513/5064/3857 3512/5065/4383 3523/4101/3598 3522/4100/3597
f 4137/4912/4251 4119/4911/4250 4117/4229/3702 4140/4228/3701
f 4923/2889/2483 4926/2888/2482 4927/2979/2573 4922/2890/2484
f 5360/3249/2826 5558/5066/4384 5559/5067/4385 5361/3250/2827
f 3551/4951/4284 3550/4950/4283 3557/5030/4353 3556/5068/4386
f 3569/5069/4387 3570/4662/4021 3554/4665/4024 3556/5068/4386
f 4814/3101/2687 4819/3100/2686 4820/5049/4369 4812/5070/4388
f 3084/3007/2601 3085/2913/2507 3013/2950/2544 3014/3008/2602
f 4814/3101/2687 4815/5071/4389 4817/5072/2370 4816/3098/2371
f 3977/4909/4248 4008/3729/3276 4007/3728/3276 3978/5073/4390
f 3984/5024/4348 3947/5074/4391 3949/5075/4391 3983/5076/4392
f 3421/3494/3055 3422/3493/3054 3415/5077/4393 3416/5078/4394
f 5200/4201/2446 5201/4200/3685 5202/4941/3823
f 5168/5079/4395 5199/4202/2446 5200/4201/2446
f 2993/3105/2691 2992/4660/4019 3017/4661/4020 3016/5080/4396
f 4808/2908/2502 4809/3001/2595 4811/5081/4397 4810/2905/2499
f 3404/4998/4323 3405/5082/2609 3396/5083/4398 3397/4999/4324
f 5197/2849/2445 5196/5062/4382 5206/3072/2460 5205/3075/2665
f 5309/5084/4399 5310/4461/3871 5312/4465/3873 5311/5085/4400
f 3460/4353/3808 3459/5086/4328 3468/5087/4401 3467/4435/3849
f 4012/3726/3274 4010/2954/2548 4041/2957/2551 4040/5088/3856
f 3742/4681/4039 3624/4248/3720 3623/3561/3120 3741/3344/2916
f 5337/4597/3968 5358/2885/2479 5359/3124/2710 5336/5043/4365
f 5528/3088/2678 5530/3129/2715 5531/3131/2716 5533/3089/2679
f 3901/3255/2832 3887/5089/4402 3885/5090/4403 3893/4794/4141
f 5470/3696/3246 5473/4422/3837 4976/3676/3227 5472/3697/3247
f 5171/5091/4404 5196/5062/4382 5170/5092/2448
f 3672/4745/4095 3691/5093/4405 3690/5094/4406 3671/4746/4096
f 4872/5095/1552 5466/5096/1551 5467/3695/3245 5471/3698/3248
f 3085/2913/2507 3086/2910/2504 3012/2928/2522 3013/2950/2544
f 4188/4033/3534 4442/5097/4407 4441/3450/3014 4186/4034/3535
f 5468/3414/2978 5467/3695/3245 5466/5096/1551 5483/3415/2979
f 3767/4243/3715 3768/4042/3543 3760/2900/2494 3762/2899/2493
f 5422/4005/3506 5413/4636/3997 5435/3743/3288 5434/3744/3289
f 4703/5098/4408 4702/5099/4409 4701/4577/3955 4705/4588/3963
f 4017/4045/3546 4036/5047/4368 4035/3427/2991 4018/3426/2990
f 5446/3714/3263 5444/3713/3262 5445/4707/4061 5447/4962/4293
f 4918/5018/4342 4931/5100/4410 4932/3061/2653 4917/3060/2652
f 3545/5101/4411 3547/5102/4412 3542/4448/3861 3543/4447/3860
f 5140/5103/4413 5109/3012/2606 5107/3011/2605 5141/5104/4414
f 5485/5105/4415 5487/5106/4416 5481/5107/4417 5482/3417/2981
f 2859/3816/3349 2853/4668/4027 2862/4024/3525 2861/3813/3347
f 5372/4390/2930 5371/4389/2446 5370/4393/3824 5374/5108/3509
f 4089/5017/4341 4029/4176/3667 4030/3049/2641 4084/3048/2640
f 5469/5109/4418 5481/5107/4417 5478/3471/3033 5476/4423/3838
f 3614/5110/4419 3619/5111/4420 3618/3639/3194
f 4022/5005/4330 4031/3050/2642 4030/3049/2641 4023/5112/4330
f 3619/5111/4420 3620/4105/3602 3618/3639/3194
f 5480/3472/3034 5478/3471/3033 5481/5107/4417 5487/5106/4416
f 3357/5113/4421 3376/5114/3654 3375/5115/4422 3338/5116/4423
f 3055/3649/3204 3054/3145/2730 3126/5117/4424 3125/3700/3250
f 3344/3927/3442 3359/2839/2435 3346/2838/2434 3345/3313/2887
f 3282/4255/3727 3283/4263/3734 3255/3368/2940 3256/3367/2939
f 3476/5118/4425 3477/5119/4426 3468/5087/4401 3469/5120/4427
f 4205/4799/4145 4206/3679/3230 4204/4187/3678 4203/4943/4276
f 3980/3017/2611 3955/5121/3129 3957/3432/2996 3979/3014/2608
f 5146/3388/2954 5154/3387/2953 5155/4719/4072 5145/4718/4071
f 5018/4735/4086 5016/5122/4428 5249/5123/4429 5253/5124/4430
f 5251/3831/3358 5252/5125/4431 5253/5124/4430 5249/5123/4429
f 5311/5085/4400 5312/4465/3873 5314/4467/3875 5313/5126/3776
f 4046/5127/4432 4051/5006/4083 4044/3411/2976 4045/5128/2976
f 5445/4707/4061 5288/4706/4060 5287/4963/4294 5447/4962/4293
f 4016/4048/3549 4037/5048/4368 4036/5047/4368 4017/4045/3546
f 4023/5112/4330 3996/5129/4433 3997/5130/4434 4022/5005/4330
f 5254/3292/2867 5252/5125/4431 5287/4963/4294 5286/3293/2868
f 5297/4630/3993 5550/2982/2576 5349/2983/2577 5348/5131/4435
f 5450/4267/3736 5451/4964/3357 5453/3833/3360 5452/4268/3737
f 3985/5027/4350 3945/5132/4436 3947/5074/4391 3984/5024/4348
f 3635/3660/3212 3642/5133/4437 3641/3642/3197 3636/3641/3196
f 4020/5134/4438 3999/5135/3547 4000/5026/3547 4019/3429/2993
f 3074/3210/2790 3075/3203/2783 3023/3205/2785 3024/3253/2830
f 4019/3429/2993 4000/5026/3547 4001/5025/4349 4018/3426/2990
f 4018/3426/2990 4001/5025/4349 4002/4046/3547 4017/4045/3546
f 2826/4136/3633 2833/3945/3456 2828/3942/3453 2824/4049/3550
f 4016/4048/3549 4003/4047/3548 4004/4224/3698 4015/4223/3549
f 4039/4443/3856 4040/5088/3856 4059/4971/4300 4061/4970/4299
f 5180/5136/4439 5187/5137/4440 5188/4786/4134 5179/5138/4439
f 3582/5139/4441 3583/5140/4442 3581/4564/3944 3580/4563/3943
f 5211/5141/2460 5190/5045/2564 5189/4785/4133 5212/4784/4132
f 4025/4076/2337 4027/3936/3449 4026/3939/2817 3994/5142/4443
f 5285/4598/2972 5288/4706/4060 5289/4702/4057 5284/4701/4056
f 5230/4929/4265 5231/4928/4265 5201/4200/3685 5203/4203/3686
f 4149/5143/4444 4150/4818/4163 4148/3180/2762 4146/5144/4445
f 4014/4225/3274 4005/3016/2610 4006/3015/2609 4013/3727/3275
f 4071/4983/4267 4035/3427/2991 4036/5047/4368 4066/4974/4302
f 5034/5145/4446 5035/4217/2499 5037/4219/3695 5036/5146/4447
f 5359/3124/2710 5557/3123/2709 5558/5066/4384 5360/3249/2826
f 5038/5147/4448 5039/4777/4126 5041/4776/4125 5040/5148/4449
f 5279/5149/4450 5265/5150/4451 5264/4684/4041 5280/4685/4042
f 5042/5151/4452 5043/4775/4124 5045/5152/4453 5044/5153/4454
f 5044/5153/4454 5045/5152/4453 5047/5154/4455 5046/5155/4456
f 5176/3733/3278 5157/3436/3000 5156/3435/2999 5177/4906/4246
f 4344/5156/4457 4346/5157/4458 4345/5158/4459 4343/4834/4178
f 4917/3060/2652 4879/4814/4159 4878/4813/4158 4918/5018/4342
f 3868/3751/3296 3875/4457/3869 3867/5159/4460 3860/2975/2569
f 5164/5160/4461 5163/5161/2863 5170/5092/2448
f 3801/2880/2474 3812/2879/2473 3811/2920/2514 3810/2919/2513
f 3700/4669/2644 3704/3730/2736 3703/3725/3273 3701/3724/3272
f 4912/4671/4029 4937/4921/4259 4938/4920/4258 4911/4670/4028
f 5166/5162/4462 5167/2851/2447 5168/5079/4395
f 4246/5163/4463 4248/5164/4464 4247/4601/3971 4245/4760/4110
f 5252/5125/4431 5254/3292/2867 5255/4772/4122 5253/5124/4430
f 3976/4908/4247 4009/5165/2961 4008/3729/3276 3977/4909/4248
f 3856/3121/2707 3857/2951/2545 3850/2859/2455 3852/3047/2639
f 5518/3983/3488 5520/3982/3487 5521/5166/3294 5519/5167/4385
f 4967/3213/2793 4986/5168/4465 4987/3692/3242 4966/3691/3241
f 4758/5169/4466 4760/5170/4467 4761/4675/4033 4759/4674/4032
f 3406/5058/4378 3407/5057/4377 3394/5171/4468 3395/5172/4469
f 3980/3017/2611 4005/3016/2610 4004/4224/3698 3981/5173/4470
f 4693/4716/4069 4694/5174/4471 4681/5175/4472 4692/5176/4473
f 3425/3989/3171 3426/5177/4474 3410/5178/4475 3412/5060/4380
f 4224/5179/4476 4460/4030/3531 4459/3930/3445 4222/5180/4477
f 4137/4912/4251 4140/4228/3701 4139/5181/4478 4138/5182/4479
f 5045/5152/4453 5265/5150/4451 5266/5183/4480 5047/5154/4455
f 5043/4775/4124 5264/4684/4041 5265/5150/4451 5045/5152/4453
f 3678/4687/4044 3679/5184/4481 3658/5185/4482
f 3658/5185/4482 3679/5184/4481 3656/4178/3669
f 3679/5184/4481 3680/3076/2666 3656/4178/3669
f 3656/4178/3669 3680/3076/2666 3654/4179/3670
f 5037/4219/3695 5261/4116/3613 5262/4115/3612 5039/4777/4126
f 3982/5186/4483 4003/4047/3548 4002/4046/3547 3983/5076/4392
f 5283/4117/3614 5261/4116/3613 5260/4218/3694 5284/4701/4056
f 2793/4062/3560 2799/3853/3376 2792/3856/3379 2788/4068/3566
f 3983/5076/4392 4002/4046/3547 4001/5025/4349 3984/5024/4348
f 3663/5187/4484 3664/4751/4101 3662/4755/4105 3661/5188/4485
f 5300/5189/4486 5298/4628/3991 5348/5131/4435 5347/5190/4487
f 3680/3076/2666 3679/5184/4481 3683/3077/2667
f 3683/3077/2667 3679/5184/4481 3684/4647/4006
f 3679/5184/4481 3678/4687/4044 3684/4647/4006
f 3684/4647/4006 3678/4687/4044 3685/4648/4007
f 3678/4687/4044 3658/5185/4482 3660/5191/4488 3677/4686/4043
f 5278/5192/4489 5266/5183/4480 5265/5150/4451 5279/5149/4450
f 5277/3301/2875 5267/3300/2874 5266/5183/4480 5278/5192/4489
f 4099/4537/3924 4101/5193/4490 4100/5194/4491 3649/4304/3767
f 4320/5195/4492 4322/5196/4493 4321/4212/3689 4319/5197/4494
f 2799/3853/3376 2793/4062/3560 2802/4061/3559 2801/3851/3374
f 5056/4968/4298 5055/5055/4375 5505/3348/2920 5504/3347/2919
f 3985/5027/4350 4000/5026/3547 3999/5135/3547 3986/5198/3156
f 2886/4020/3521 2893/4019/3520 2888/3980/3485 2884/4021/3522
f 4699/4589/3964 4700/4576/3954 4695/4579/3957 4697/4715/4068
f 3987/5199/4495 3998/5200/3547 3997/5130/4434 3988/3598/3156
f 5331/5201/4496 5332/4808/4153 5333/4934/4269 5235/4394/3825
f 5278/5192/4489 5295/4627/3990 5296/5202/4497 5277/3301/2875
f 3659/5203/4498 3660/5191/4488 3658/5185/4482 3657/5204/4499
f 5280/4685/4042 5293/2992/2586 5294/2994/2588 5279/5149/4450
f 3696/4455/3867 3687/4638/3999 3688/3138/2723 3695/4623/3987
f 3699/4646/2645 3700/4669/2644 3684/4647/4006
f 3684/4647/4006 3700/4669/2644 3683/3077/2667
f 4667/4346/3803 4668/4345/3802 4666/5205/4500 4665/5206/4501
f 4546/3333/2905 4545/4792/4139 4619/3811/3345 4618/4618/3982
f 3988/3598/3156 3997/5130/4434 3996/5129/4433 3989/3595/3153
f 3059/3513/3074 3058/3543/3102 3122/3546/3105 3121/3514/3075
f 3990/5207/3153 3995/4078/3575 3993/4077/3574 3991/5208/4502
f 4072/4933/4267 4034/3428/2992 4035/3427/2991 4071/4983/4267
f 4672/5209/4503 4687/4604/3973 4671/5210/4504 4669/5211/4505
f 3993/4077/3574 4025/4076/2337 3994/5142/4443 3992/5212/4434
f 5509/4798/3645 5502/3633/3188 5506/3350/2922 5508/5213/3646
f 5439/3492/3053 5442/3491/3052 5443/4705/4059 5440/5214/4506
f 5440/5214/4506 5443/4705/4059 5445/4707/4061 5444/3713/3262
f 5452/4268/3737 5453/3833/3360 5458/4142/3639 5456/5215/4507
f 3991/5208/4502 3932/5216/4508 3935/5217/4508 3990/5207/3153
f 3642/5133/4437 3708/4959/4291 3709/3766/3309
f 3738/4320/3781 3739/3934/3447 3638/3644/3199 3640/3643/3198
f 5439/3492/3053 5440/5214/4506 5433/3763/3306 5434/3744/3289
f 3711/3753/3298 3705/3732/3277 3712/2986/2580
f 5437/3750/3295 5438/3489/3050 5439/3492/3053 5435/3743/3288
f 5147/3385/2851 5095/5218/2848 5093/3271/2848 5148/3274/2851
f 5413/4636/3997 5436/3748/3293 5437/3750/3295 5435/3743/3288
f 3713/2987/2581 3715/5219/4509 3714/2984/2578
f 3988/3598/3156 3939/3597/3155 3941/4158/3155 3987/5199/4495
f 3743/4165/3657 3626/4164/3656 3624/4248/3720 3742/4681/4039
f 4015/4223/3549 4038/4444/3857 4037/5048/4368 4016/4048/3549
f 2819/3839/3366 2813/4298/3761 2822/4051/3552 2821/3837/3364
f 3710/3761/3304 3718/3760/3303 3709/3766/3309
f 5238/5220/4266 5229/3074/2664 5228/3073/2664 5239/4458/3039
f 5430/2961/2555 5424/5221/4510 5425/4006/3507 5431/2958/2552
f 3986/5198/3156 3943/4157/3651 3945/5132/4436 3985/5027/4350
f 3597/5222/4076 3584/5038/4360 3581/4564/3944 3583/5140/4442
f 4023/5112/4330 4030/3049/2641 4029/4176/3667 4024/4079/3576
f 4052/3412/2977 4053/5223/4267 4041/2957/2551 4042/2956/2550
f 4565/3862/3384 4566/3438/3002 4287/3441/3005 4289/4972/4301
f 3983/5076/4392 3949/5075/4391 3951/3571/3130 3982/5186/4483
f 3982/5186/4483 3951/3571/3130 3953/3570/3129 3981/5173/4470
f 3718/3760/3303 3723/4010/3511 3719/3764/3307
f 3079/3081/2671 3078/4708/4062 3102/5016/4340 3101/3082/2672
f 3383/4667/4026 3385/4666/4025 3371/5224/4511 3372/5225/4512
f 5174/5226/4513 5159/5227/2999 5158/5228/4514 5175/3735/3280
f 3718/3760/3303 3725/5229/3297 3723/4010/3511
f 5421/3260/2837 5414/3259/2836 5413/4636/3997 5422/4005/3506
f 3681/3079/2669 3652/4791/4138 3654/4179/3670 3680/3076/2666
f 4776/4260/3731 4838/4768/4118 4839/4767/4117 4774/4257/3728
f 3694/4634/3988 3689/3137/2722 3690/5094/4406 3692/5230/4515
f 3978/5073/4390 3959/3431/2995 3961/5231/4516 3977/4909/4248
f 5212/4784/4132 5222/5032/3775 5223/5232/2664 5211/5141/2460
f 3548/3064/2656 3547/5102/4412 3560/5233/4517 3559/4130/3627
f 4919/5019/4343 4877/5007/4331 4876/4698/4053 4920/4697/4052
f 4691/4713/4066 4693/4716/4069 4692/5176/4473 4671/5210/4504
f 5121/3127/2713 5119/3126/2712 5135/4724/4077
f 5139/4919/4257 5111/4610/3977 5109/3012/2606 5140/5103/4413
f 4969/4570/3950 4932/3061/2653 4931/5100/4410 4970/4233/3706
f 4385/4293/3756 4384/4290/3753 4388/4355/3810 4387/5234/4518
f 5454/5235/4519 5449/2960/2554 5452/4268/3737 5456/5215/4507
f 5366/2943/2537 5235/4394/3825 5365/4121/3618 5377/4124/3621
f 5378/4122/3619 5380/4315/3778 5387/4319/107 5379/4123/3620
f 3046/3690/3240 3047/3718/3267 3049/3155/2738 3052/3689/3239
f 5461/4143/3640 5463/3832/3359 5250/5236/4520 5464/5237/4521
f 3987/5199/4495 3941/4158/3155 3943/4157/3651 3986/5198/3156
f 5462/5238/4522 5464/5237/4521 5012/4650/4009 5013/4679/4037
f 3974/3394/2960 3975/3393/2959 3967/4364/3814 3969/4363/2036
f 3914/5239/4523 3916/5240/2254 3915/5241/4524 3912/5242/4525
f 4195/5243/4526 4196/5244/4527 4194/5245/4528 4193/5246/4529
f 3975/3393/2959 3976/4908/4247 3965/4852/4195 3967/4364/3814
f 3665/5247/4530 3666/4748/4098 3664/4751/4101 3663/5187/4484
f 5129/5248/4531 5130/5249/4532 5131/3383/2950
f 5456/5215/4507 5458/4142/3639 5459/4141/3638 5457/5250/4533
f 5454/5235/4519 5456/5215/4507 5457/5250/4533 5455/5251/4534
f 5428/5252/4535 5454/5235/4519 5455/5251/4534 5429/5253/4536
f 5423/5254/4537 5428/5252/4535 5429/5253/4536 5427/5255/4538
f 4419/3910/3426 4430/4840/4183 4429/4839/4182 4420/3907/3423
f 2999/2949/2543 3000/2927/2521 2755/5256/4539 2998/5257/4540
f 4177/5258/4541 4178/4827/4171 4176/4986/4313 4175/5259/4542
f 4092/4857/4200 4090/3937/3450 4089/5017/4341 4087/4858/4201
f 5396/5260/4543 5397/4013/3514 5405/4012/3513 5398/5261/4544
f 5128/3530/3089 5127/3529/3088 5129/5248/4531
f 4542/5262/4545 4541/2903/2497 4623/2902/2496 4622/3791/3329
f 5251/3831/3358 5249/5123/4429 5250/5236/4520 5463/3832/3359
f 3803/4028/3529 3806/4561/3830 3804/4558/3941 3788/4029/3530
f 2887/3175/2757 2894/3174/2756 2886/4020/3521 2885/4166/3658
f 3649/4304/3767 4100/5194/4491 3650/5263/4546 3648/4305/3768
f 4112/5029/4352 3352/5264/4547 4113/5265/4548 4111/4845/4188
f 4353/5266/4549 4354/4831/4175 4343/4834/4178 4345/5158/4459
f 4090/3937/3450 4092/4857/4200 4091/5267/4550 4028/3938/2814
f 3591/4645/4005 3592/5268/4551 3590/3003/2597 3589/3002/2596
f 5406/3551/3110 5405/4012/3513 5409/3646/3201 5408/3645/3200
f 5120/3128/2714 5121/3127/2713 5122/3538/3097
f 3962/5269/4552 3963/4910/4249 3961/5231/4516 3960/5270/4552
f 3964/5271/4553 3966/4851/4194 3965/4852/4195 3963/4910/4249
f 3954/5272/3128 3955/5121/3129 3953/3570/3129 3952/3569/3128
f 3163/3242/2819 3169/4493/2438 3165/4491/2438 3161/4239/3712
f 4647/4189/3680 4648/5273/4554 4591/5274/4555 4592/4190/3681
f 2834/4135/3632 2842/3962/3469 2833/3945/3456 2826/4136/3633
f 4862/4947/4280 4828/3479/3041 4827/4967/4297 4863/3410/2975
f 2762/4102/3599 2751/5275/4556 2750/4080/3577 2748/3084/2674
f 5142/5276/4557 5105/5277/4558 5103/4653/4012 5143/3437/3001
f 3770/4272/3740 3772/4294/3757 3771/4273/3741
f 3771/4273/3741 3772/4294/3757 3773/5278/4559
f 3883/4895/4237 3693/5279/4560 3884/5280/4561 3882/4896/4238
f 2753/3307/2881 2754/3306/2880 2738/3877/3395 2749/3085/2675
f 4103/3019/2613 4109/4844/4187 4102/4830/4174 4098/3020/2614
f 5393/4450/3863 5364/5052/4372 5363/5281/4562 5394/4449/3862
f 5362/4531/3918 5363/5281/4562 5364/5052/4372 5333/4934/4269
f 3514/5282/4283 3515/5283/4563 3502/5284/4564 3503/5285/4565
f 4178/4827/4171 4437/4504/3894 4436/4503/3893 4176/4986/4313
f 3950/3572/3131 3951/3571/3130 3949/5075/4391 3948/5286/4566
f 5023/4780/4128 5021/4773/4123 5256/4283/3747 5027/4282/3746
f 4871/4989/4314 4873/2892/2486 4874/2891/2485 4870/5050/4370
f 4910/4823/4167 4886/3337/2909 4885/2971/2565 4911/4670/4028
f 3475/3986/3490 3473/2932/2526 3489/3600/3158 3488/4917/4255
f 3732/4796/4143 3731/4126/3623 3757/3315/2889 3755/3314/2888
f 5546/2966/2560 5547/2973/2567 5548/3310/2884 5544/3024/2618
f 3944/5287/4567 3945/5132/4436 3943/4157/3651 3942/4156/3650
f 3568/5288/4568 3569/5069/4387 3556/5068/4386 3557/5030/4353
f 3389/5289/4569 3388/5290/4570 3395/5172/4469 3394/5171/4468
f 3063/3456/3020 3062/4244/3716 3118/4388/3822 3117/5291/4571
f 3934/5292/3650 3935/5217/4508 3932/5216/4508 3930/5293/3650
f 5335/3248/2825 5330/4809/4154 5328/5044/4366 5336/5043/4365
f 4229/5294/4572 4230/4756/4106 4228/3636/3191 4227/3635/3190
f 3789/2882/2476 3781/2881/2475 3790/3110/2696
f 3475/3986/3490 3476/5118/4425 3469/5120/4427 3470/3325/2897
f 3790/3110/2696 3781/2881/2475 3791/3186/2768
f 3578/5041/4363 3579/4565/3945 3581/4564/3944 3584/5038/4360
f 3792/3184/2766 3794/5036/4358 3793/3185/2767
f 5515/3221/2801 5518/3983/3488 5519/5167/4385 5517/3222/2802
f 5240/4460/3039 5227/4459/3870 5226/4311/3774 5241/4310/3773
f 4417/5295/4573 4166/5296/4574 4168/3071/2663 4418/3070/2662
f 3940/4159/3650 3941/4158/3155 3939/3597/3155 3938/4901/3650
f 5096/5297/4073 5097/5298/4222 5099/4880/4222 5098/4879/4073
f 5518/3983/3488 5515/3221/2801 5514/3148/2733 5523/3984/3489
f 3793/3185/2767 3799/3224/2804 3791/3186/2768
f 3880/4456/3868 3882/4896/4238 3878/5299/4575 3875/4457/3869
f 3768/4042/3543 3767/4243/3715 3776/4403/3828 3775/4292/3755
f 4968/3215/2795 4933/3062/2654 4932/3061/2653 4969/4570/3950
f 4870/5050/4370 4820/5049/4369 4819/3100/2686 4871/4989/4314
f 3080/3080/2670 3081/4994/4319 3017/4661/4020 3018/3043/2636
f 3601/5300/4576 3602/3640/3195 3600/4331/3790 3599/4330/3789
f 3390/5301/4577 3391/5302/4578 3366/5303/4579 3365/5304/4580
f 3930/5293/3650 3932/5216/4508 3931/5305/3935 3929/5306/3934
f 5077/5307/4581 5085/4567/3947 5074/5308/4582 5075/3282/2342
f 5522/3985/3050 5523/3984/3489 5524/4083/3580 5441/5309/4583
f 4475/5310/4584 4461/4709/4063 4462/4149/3643 4473/4148/3642
f 3909/5311/4585 3926/3894/3410 3921/5312/3411 3907/5313/3574
f 4465/5314/3292 4467/4508/3291 4466/3972/3479 4464/5315/4586
f 3330/5316/4587 3332/4359/3811 3329/3556/3115 3328/4608/3975
f 3803/4028/3529 3802/3109/2695 3809/4434/3848 3806/4561/3830
f 5294/2994/2588 5549/2993/2587 5550/2982/2576 5297/4630/3993
f 3387/5317/4398 3388/5290/4570 3368/5318/4588 3369/5319/4589
f 3800/2877/2471 3799/3224/2804 3813/2878/2472
f 5514/3148/2733 5527/3090/2680 5524/4083/3580 5523/3984/3489
f 5252/5125/4431 5251/3831/3358 5465/3830/3357 5287/4963/4294
f 5179/5138/4439 5154/3387/2953 5153/3386/2952 5180/5136/4439
f 5400/3568/3127 5401/5320/3919 5403/5321/4590 5402/3565/3124
f 3813/2878/2472 3816/4774/2708 3812/2879/2473
f 4013/3727/3275 4012/3726/3274 4040/5088/3856 4039/4443/3856
f 3516/4252/3724 3515/5283/4563 3520/4981/4309 3518/4249/3721
f 3418/5322/4591 3419/5323/4592 3417/5324/4593 3402/5325/4594
f 4332/5326/4595 4334/5327/4596 4333/5328/4597 4331/5329/4598
f 4965/3694/3244 4988/3693/3243 4989/5330/4599 4964/4922/4260
f 3809/4434/3848 3821/4288/3751 3806/4561/3830
f 5323/5331/4600 5324/4507/3897 5326/4514/3902 5325/5332/3825
f 3908/5333/2337 3909/5311/4585 3907/5313/3574 3905/5334/2337
f 5321/3477/3039 5322/3476/3038 5324/4507/3897 5323/5331/4600
f 4583/4429/3843 4584/2901/2495 4540/2904/2498 4539/5335/4176
f 3911/5336/2337 3912/5242/4525 3910/5337/4525 3899/5338/207
f 3821/4288/3751 3820/2918/2512 3823/4285/3749
f 4955/3539/3098 4998/4758/4108 4999/5339/4601 4954/4762/4112
f 2745/5340/4602 4684/5341/4603 4674/4348/3805 4683/5342/4604
f 3818/2923/2517 3827/4821/2637 3826/2924/2518
f 5354/2930/2524 5341/4489/3885 5353/2940/2534 5552/2929/2523
f 3827/4821/2637 3829/4894/4236 3828/4819/4164
f 3925/3895/3411 3910/5337/4525 3912/5242/4525 3915/5241/4524
f 4169/3320/2894 4170/3068/2660 4168/3071/2663 4167/5343/4605
f 5419/5344/4606 5418/4788/4136 5423/5254/4537 5427/5255/4538
f 5338/4515/3903 5324/4507/3897 5339/4506/3896 5356/2916/2510
f 3825/2925/2519 3831/4925/4262 3823/4285/3749
f 4050/5345/4264 4054/4927/4264 4051/5006/4083 4046/5127/4432
f 3918/5346/2253 3920/5347/4607 3919/5348/3934 3917/5349/3935
f 5317/5350/3776 5318/4487/3883 5320/3475/3037 5319/3474/3036
f 2901/4125/3622 2910/5351/4608 2900/4343/3166 2899/4342/3800
f 4214/3390/2956 4455/3579/3138 4454/4850/4193 4212/3391/2957
f 3831/4925/4262 3830/4820/4165 3833/4586/3962
f 3405/5082/2609 3404/4998/4323 3415/5077/4393 3414/5352/2609
f 5353/2940/2534 5342/4488/3884 5352/4441/3854 5537/2939/2533
f 3946/5353/4567 3947/5074/4391 3945/5132/4436 3944/5287/4567
f 3837/4891/4233 3839/3022/2616 3838/4892/4234
f 4515/3451/3015 4441/3450/3014 4442/5097/4407 4513/3404/2969
f 4711/4192/3354 4712/4146/3254 4713/3200/2041 4709/3199/2781
f 3838/4892/4234 3840/4990/4315 3836/4893/4235
f 3192/4000/3501 3199/3999/3254 3194/4499/3254 3190/4169/3661
f 5342/4488/3884 5316/4482/3878 5343/4442/3855 5352/4441/3854
f 3835/5354/4609 3841/4583/3960 3833/4586/3962
f 3551/4951/4284 3552/5355/4610 3536/4886/4228 3538/4849/4192
f 4268/5356/4611 4270/5357/4612 4269/4804/4150 4267/5358/4613
f 4683/5342/4604 4674/4348/3805 4675/4347/3804 4682/5359/4614
f 3407/5057/4377 3408/5360/4615 3392/5361/4616 3394/5171/4468
f 3669/5362/4617 3670/4744/4094 3668/4747/4097 3667/5363/4618
f 3841/4583/3960 3840/4990/4315 3843/4592/3966
f 4075/4731/4083 4077/4931/4267 4072/4933/4267 4073/3133/2718
f 3478/3141/2726 3477/5119/4426 3486/5364/4619 3485/3142/2727
f 3846/2977/2571 3839/3022/2616 3847/2978/2572
f 3627/4656/4015 4096/4582/3959 3628/3604/3162 3625/3603/3161
f 3839/3022/2616 3849/2857/2453 3848/2860/2456
f 5032/4067/3565 5033/4066/3564 5035/4217/2499 5034/5145/4446
f 5170/5092/2448 5163/5161/2863 5162/5365/4620 5171/5091/4404
f 5029/4284/3748 5257/3291/2866 5258/3290/2865 5031/4065/3563
f 3667/5363/4618 3668/4747/4097 3666/4748/4098 3665/5247/4530
f 4151/5366/4621 4152/3506/3067 4150/4818/4163 4149/5143/4444
f 5533/5367/4622 5534/5368/2716 5535/3097/2685 5539/5369/4623
f 4804/4936/4271 4805/5370/4624 4807/3000/2594 4806/2999/2593
f 3850/2859/2455 3857/2951/2545 3848/2860/2456
f 3554/4665/4024 3555/4664/4023 3553/5371/4625 3552/5355/4610
f 5549/2993/2587 5548/3310/2884 5547/2973/2567 5550/2982/2576
f 5143/3437/3001 5157/3436/3000 5158/5228/4514 5142/5276/4557
f 3859/2991/2585 3860/2975/2569 3847/2978/2572
f 5207/4053/2460 5227/4459/3870 5228/3073/2664 5206/3072/2460
f 5344/4468/3876 5312/4465/3873 5345/4466/3874 5350/2974/2568
f 3845/4991/4316 3862/4087/3584 3843/4592/3966
f 4048/5372/3925 4050/5345/4264 4046/5127/4432 4047/5373/3816
f 4870/5050/4370 4874/2891/2485 4875/4118/3615 4869/5042/4364
f 3585/5039/4361 3584/5038/4360 3597/5222/4076 3596/5374/4626
f 3676/4743/4093 3687/4638/3999 3686/4637/3998 3677/4686/4043
f 3657/5204/4499 3658/5185/4482 3656/4178/3669 3655/4177/3668
f 5533/5367/4622 5539/5369/4623 5541/5375/4627 5540/5376/3579
f 5380/4315/3778 5392/5051/4371 5393/4450/3863 5390/4279/3743
f 3653/4180/3671 3654/4179/3670 3652/4791/4138 3651/5377/4628
f 3862/4087/3584 3861/2976/2570 3864/4084/3581
f 5345/4466/3874 5310/4461/3871 5346/4462/3872 5349/2983/2577
f 5347/5190/4487 5348/5131/4435 5349/2983/2577 5346/4462/3872
f 5237/4930/4266 5230/4929/4265 5229/3074/2664 5238/5220/4266
f 3769/4043/3544 3768/4042/3543 3775/4292/3755 3774/4291/3754
f 3461/4354/3809 3462/3458/3022 3446/3461/3025 3448/3616/3174
f 5051/4985/4312 5268/3299/2873 5269/4001/3502 5053/5054/4374
f 5542/3311/2885 5541/5375/4627 5539/5369/4623 5543/3030/2623
f 3763/2872/2466 3764/2871/2465 3762/2899/2493 3715/2898/2492
f 4912/4671/4029 4884/2970/2564 4883/5022/4346 4913/3114/2700
f 5541/5375/4627 5542/3311/2885 5293/2992/2586 5292/4658/4017
f 3698/4649/4008 3697/2989/2583 3870/2988/2582
f 3697/2989/2583 3696/4455/3867 3869/2990/2584
f 4666/5205/4500 4670/5378/4473 4681/5379/4629 4665/5206/4501
f 3696/4455/3867 3695/4623/3987 3874/4454/3866
f 3071/4770/4120 3070/3483/3045 3110/5380/4630 3109/4975/4303
f 3565/5381/4631 3563/4574/3952 3579/4565/3945 3578/5041/4363
f 5391/4281/3745 5395/4280/3744 5397/4013/3514 5396/5260/4543
f 4848/4734/4085 4842/4741/4091 4841/4740/4090 4849/3289/2864
f 3867/5159/4460 3876/5382/4632 3864/4084/3581
f 3677/4686/4043 3660/5191/4488 3662/4755/4105 3676/4743/4093
f 5307/3039/2632 5308/3038/2631 5310/4461/3871 5309/5084/4399
f 5539/5369/4623 5535/3097/2685 5538/3031/2624 5543/3030/2623
f 4111/4845/4188 4113/5265/4548 4110/5383/4633 4109/4844/4187
f 4974/4954/4287 4927/2979/2573 4926/2888/2482 4975/3675/3226
f 3081/4994/4319 3082/4782/4130 3016/5080/4396 3017/4661/4020
f 4102/4830/4174 4108/5384/4634 4101/5193/4490 4099/4537/3924
f 4868/5028/4351 4876/4698/4053 4877/5007/4331 4867/4993/4318
f 4071/4983/4267 4069/3134/2719 4073/3133/2718 4072/4933/4267
f 4022/5005/4330 3997/5130/4434 3998/5200/3547 4021/5003/4328
f 3569/5069/4387 3568/5288/4568 3575/5385/4635 3574/5386/4636
f 3833/4586/3962 3834/4585/2720 3832/5387/4637 3831/4925/4262
f 4792/4872/4215 4830/4916/4254 4831/3941/3452 4790/4095/3592
f 5395/4280/3744 5394/4449/3862 5399/3567/3126 5397/4013/3514
f 2788/4068/3566 2792/3856/3379 2789/3859/3381 2783/4069/3567
f 5055/5055/4375 5056/4968/4298 5057/4969/2260 5054/5056/4376
f 3691/5093/4405 3693/5388/4638 3692/5230/4515 3690/5094/4406
f 3128/5389/4639 3052/3689/3239 3049/3155/2738 3051/3154/2737
f 5506/3350/2922 5507/3349/2921 5217/5390/4640 5508/5213/3646
f 3343/5391/4641 3360/4789/2887 3344/3927/3442 3341/3926/3441
f 5005/4155/3649 4756/2964/2558 5003/4088/3585 5008/4091/3588
f 4845/4676/4034 4844/4056/3555 4843/4055/3554 4847/4677/4035
f 3890/3237/2815 3693/5392/4642 3889/5393/4643 3888/3234/2812
f 3376/5114/3654 3378/5394/4644 3377/5395/4645 3375/5115/4422
f 3379/5396/4646 3374/3662/3214 3375/5115/4422 3377/5395/4645
f 3287/5397/4647 3288/5398/4647 3286/4270/3738 3285/4269/3738
f 4193/5246/4529 4194/5245/4528 4192/5399/4648 4191/5400/4649
f 5060/4511/3900 5062/3280/2856 5063/3933/2856 5061/4512/3901
f 3338/5116/4423 3375/5115/4422 3374/3662/3214 3340/3661/3213
f 5215/4717/4070 5184/4154/3648 5216/4153/3647 5219/5009/4333
f 3356/3312/2886 3337/5401/4650 3339/3925/3440 3345/3313/2887
f 5062/3280/2856 5060/4511/3900 5497/4173/3664 5496/5402/2857
f 4580/4430/3844 4587/3576/3135 4586/5403/3477 4582/5404/3480
f 5056/4968/4298 5504/3347/2919 5503/3634/3189 5058/4510/3899
f 3280/3592/3150 3279/3987/3150 3294/5405/4651 3293/3593/3151
f 3340/3661/3213 3341/3926/3441 3339/3925/3440 3338/5116/4423
f 3361/4790/4137 3362/5406/4652 3358/2840/2436 3359/2839/2435
f 5375/4710/4064 5368/2941/2535 5376/2944/2538 5382/4341/3799
f 2761/4958/4290 2764/3532/3091 2760/3535/3094 2759/4106/3603
f 4153/3712/3261 4154/3507/3068 4152/3506/3067 4151/5366/4621
f 3380/5407/4653 3373/3663/3215 3374/3662/3214 3379/5396/4646
f 3381/5408/4654 3372/5225/4512 3373/3663/3215 3380/5407/4653
f 4964/4922/4260 4989/5330/4599 4990/4898/4240 4963/4897/4239
f 3382/5409/4655 3383/4667/4026 3372/5225/4512 3381/5408/4654
f 3384/5410/4656 3399/4237/3710 3383/4667/4026 3382/5409/4655
f 3904/3238/2816 3906/3322/2337 3905/5411/2337 3903/3239/2817
f 5085/4567/3947 5082/3227/2806 5073/3028/2622 5074/5308/4582
f 4134/5412/4657 4360/5413/4658 4133/3169/2751 4120/5414/4659
f 4708/5415/2322 4710/4397/3826 4709/3199/2781 4714/3202/2782
f 4578/4433/3847 4577/3573/3132 4587/3576/3135 4580/4430/3844
f 5064/3279/2342 5066/5416/4660 5067/5417/2343 5065/3932/2342
f 5066/5416/4660 5068/3027/2621 5069/5418/4661 5067/5417/2343
f 4959/3949/3460 4994/5419/4662 4995/3266/2843 4958/3265/2842
f 4165/5420/4663 4166/5296/4574 4164/3909/3425 4163/4553/3939
f 3924/4547/3933 3928/3893/3409 3923/3896/3412 3922/5421/3934
f 4573/5422/4664 4574/4802/4148 4271/4805/4151 4273/5423/4665
f 3420/5424/4666 3435/5425/4667 3419/5323/4592 3418/5322/4591
f 4474/5426/4668 4475/5310/4584 4473/4148/3642 4472/5427/4669
f 4566/3438/3002 4565/3862/3384 4599/3657/3210 4598/3742/3287
f 4202/4944/4277 4449/2847/2443 4448/2846/2442 4200/5428/2957
f 4380/4904/4244 4382/5429/4670 4381/2866/1716 4379/2865/2461
f 3896/5430/2094 3898/5431/2337 3897/3879/2337 3895/3878/3396
f 5068/3027/2621 5066/5416/4660 5074/5308/4582 5073/3028/2622
f 2782/3861/3383 2790/3860/3382 2781/5432/4671 2780/3915/3431
f 4576/3574/3133 4575/4803/4149 4589/4518/3906 4588/3575/3134
f 3456/2934/2528 3471/2933/2527 3455/3324/2896 3454/5433/4672
f 3802/3109/2695 3801/2880/2474 3810/2919/2513 3809/4434/3848
f 3162/3243/2820 3163/3242/2819 3161/4239/3712 3153/4238/3711
f 4713/3200/2041 4716/4145/2041 4717/5434/2782 4715/3201/2782
f 3498/4337/3796 3499/4336/3795 3483/3898/3414 3482/3897/3413
f 5075/3282/2342 5076/3281/2857 5078/5435/3184 5077/5307/4581
f 5441/5309/4583 5524/4083/3580 5526/4082/3579 5525/5436/4673
f 4078/5002/4327 4032/5004/4329 4033/4932/4268 4077/4931/4267
f 3419/5323/4592 3421/3494/3055 3416/5078/4394 3417/5324/4593
f 4266/4862/4205 4268/5356/4611 4267/5358/4613 4265/4863/4206
f 5138/4918/4256 5162/5365/4620 5163/5161/2863 5137/5437/4674
f 5440/5214/4506 5444/3713/3262 5432/3715/3264 5433/3763/3306
f 5087/5438/4073 5089/3272/2849 5093/3271/2848 5092/5439/4073
f 5092/5439/4073 5093/3271/2848 5095/5218/2848 5094/5440/4073
f 2893/4019/3520 2899/4342/3800 2892/3981/3486 2888/3980/3485
f 3936/4902/3650 3937/3596/3154 3935/5217/4508 3934/5292/3650
f 5077/5307/4581 5078/5435/3184 5080/5441/4152 5079/5442/4675
f 3887/5089/4402 3672/5443/4676 3886/5444/4677 3885/5090/4403
f 4858/3338/2910 4886/3337/2909 4887/4300/3763 4857/4299/3762
f 4660/3547/3106 4653/3550/3109 4654/3262/2839 4659/3261/2838
f 3082/4782/4130 3083/3006/2600 3015/3009/2603 3016/5080/4396
f 5108/3013/2607 5109/3012/2606 5111/4610/3977 5110/4609/3976
f 5302/5445/4678 5304/5446/4679 5217/5447/4680 5303/5448/4681
f 5112/4612/3976 5113/4611/3978 5115/5449/4682 5114/5450/4683
f 5114/5450/4683 5115/5449/4682 5117/4725/4078 5116/5451/4684
f 5116/5451/4684 5117/4725/4078 5119/3126/2712 5118/3125/2711
f 4668/4345/3802 4673/5452/4685 4669/5211/4505 4666/5205/4500
f 3962/5269/4552 3964/5271/4553 3963/4910/4249
f 3065/3423/2987 3064/3455/3019 3116/5453/4686 3115/4161/3653
f 4854/4816/4161 4890/3673/3224 4891/3672/3223 4853/4801/4147
f 2904/3583/3142 2908/3582/3141 2903/3988/3491 2896/3173/2755
f 3970/4362/944 3971/5454/4687 3969/4363/2036
f 5130/5249/4532 5129/5248/4531 5127/3529/3088 5132/5455/4688
f 3971/5454/4687 3973/5456/4689 3972/5457/4690
f 5085/4567/3947 5077/5307/4581 5079/5442/4675 5086/4568/3948
f 3528/5458/4691 3543/4447/3860 3527/4446/3859 3526/5459/4692
f 3544/5460/4693 3545/5101/4411 3543/4447/3860 3528/5458/4691
f 4908/4869/4212 4941/4868/4211 4942/3948/3459 4907/5461/4694
f 5125/3528/3087 5123/3536/3095 5134/3396/2962 5133/3397/2963
f 5123/3536/3095 5121/3127/2713 5135/4724/4077 5134/3396/2962
f 3963/4910/4249 3977/4909/4248 3961/5231/4516
f 4760/5170/4467 4762/5462/4695 4763/5463/4696 4761/4675/4033
f 4753/3922/3438 4752/3158/2740 4754/3157/2739 5006/4883/4225
f 5137/5437/4674 5115/5449/4682 5113/4611/3978 5138/4918/4256
f 3477/5119/4426 3476/5118/4425 3487/5464/4697 3486/5364/4619
f 5423/5254/4537 5418/4788/4136 5420/3257/2834 5424/5221/4510
f 4020/5134/4438 4033/4932/4268 4032/5004/4329 4021/5003/4328
f 4768/3904/3420 4842/4741/4091 4843/4055/3554 4766/3901/3417
f 3956/3433/2997 3957/3432/2996 3955/5121/3129 3954/5272/3128
f 4845/4676/4034 4898/3159/2741 4752/3158/2740 4757/3924/3439
f 5250/5236/4520 5014/4651/4010 5012/4650/4009 5464/5237/4521
f 5339/4506/3896 5322/3476/3038 5340/4502/3892 5355/2922/2516
f 5146/3388/2954 5097/5298/4222 5095/5218/2848 5147/3385/2851
f 3054/3145/2730 3053/3144/2729 3127/5465/4698 3126/5117/4424
f 3990/5207/3153 3935/5217/4508 3937/3596/3154 3989/3595/3153
f 3739/3934/3447 3738/4320/3781 3749/4535/3922 3748/3935/3448
f 5086/5466/3947 5091/3630/3187 5149/3632/3187 5090/3273/2850
f 4383/4289/3752 4392/5467/3827 4391/3670/3221 4390/3669/3220
f 3562/4575/3953 3563/4574/3952 3561/5468/4699 3546/5469/4700
f 5047/5154/4455 5266/5183/4480 5267/3300/2874 5049/4984/4311
f 3989/3595/3153 3996/5129/4433 3995/4078/3575 3990/5207/3153
f 5148/3274/2851 5152/5470/4701 5153/3386/2952 5147/3385/2851
f 3403/4235/3708 3401/4234/3707 3417/5324/4593 3416/5078/4394
f 2766/4071/3569 2774/3914/3430 2765/3533/3092 2764/3532/3091
f 4954/4762/4112 4999/5339/4601 5000/5471/4702 4953/5472/4703
f 4010/2954/2548 4012/3726/3274 4008/3729/3276 4009/5165/2961
f 5046/5155/4456 5047/5154/4455 5049/4984/4311 5048/5473/4704
f 4423/4878/4221 4156/3711/3260 4158/3722/3271 4422/4875/4218
f 5014/4651/4010 5250/5236/4520 5249/5123/4429 5016/5122/4428
f 5140/5103/4413 5160/3920/3436 5161/3919/3435 5139/4919/4257
f 3533/4846/4189 3534/4889/4231 3518/4249/3721 3520/4981/4309
f 3978/5073/4390 4007/3728/3276 4006/3015/2609 3979/3014/2608
f 5137/5437/4674 5163/5161/2863 5164/5160/4461 5136/4726/4079
f 5136/4726/4079 5164/5160/4461 5165/5474/4461 5135/4724/4077
f 5173/3921/3437 5194/4054/2458 5195/5063/4382 5172/3918/3434
f 5167/2851/2447 5166/5162/4462 5165/5474/4461 5169/2852/2448
f 4009/5165/2961 4011/2955/2549 4010/2954/2548
f 3821/4288/3751 3822/4287/2789 3807/4562/3827 3806/4561/3830
f 4336/5475/4705 4338/5476/4706 4337/5477/4707 4335/5478/4708
f 3722/3890/3406 3640/3643/3198 3641/3642/3197 3720/3765/3308
f 5165/5474/4461 5164/5160/4461 5170/5092/2448 5169/2852/2448
f 4007/3728/3276 4013/3727/3275 4006/3015/2609
f 5135/4724/4077 5165/5474/4461 5166/5162/4462 5134/3396/2962
f 5171/5091/4404 5162/5365/4620 5161/3919/3435 5172/3918/3434
f 5198/2850/2446 5197/2849/2445 5205/3075/2665 5204/4961/2460
f 5173/3921/3437 5160/3920/3436 5159/5227/2999 5174/5226/4513
f 4953/5472/4703 4948/4728/4081 4947/4754/4104 4954/4762/4112
f 4577/3573/3132 4578/4433/3847 4263/4864/4207 4265/4863/4206
f 3464/5479/4709 3465/5480/4710 3463/3459/3023 3462/3458/3022
f 4415/2937/2531 4410/2936/2530 4411/5481/1016 4412/5482/1197
f 5178/4907/3763 5155/4719/4072 5154/3387/2953 5179/5138/4439
f 3986/5198/3156 3999/5135/3547 3998/5200/3547 3987/5199/4495
f 5180/5136/4439 5153/3386/2952 5152/5470/4701 5181/3626/3183
f 5152/5470/4701 5149/3632/3187 5150/3627/3184 5181/3626/3183
f 5512/3223/2803 5515/3221/2801 5516/3220/2800 5510/3225/2805
f 4145/5483/4711 4140/4228/3701 4141/4227/3700 4143/5484/4712
f 5151/5485/4144 5183/4151/3645 5184/4154/3648 5182/3628/3185
f 4770/4739/4089 4771/4742/4092 4773/4750/4100 4772/4749/4099
f 3708/4959/4291 3643/3708/3257 3702/3707/3256 3707/4960/4292
f 4857/4299/3762 4833/4690/4047 4832/3940/3451 4858/3338/2910
f 5181/3626/3183 5186/3629/3186 5187/5137/4440 5180/5136/4439
f 5448/2959/2553 5446/3714/3263 5447/4962/4293 5450/4267/3736
f 5179/5138/4439 5188/4786/4134 5189/4785/4133 5178/4907/3763
f 5213/4787/4135 5188/4786/4134 5187/5137/4440 5214/4955/3615
f 5177/4906/4246 5190/5045/2564 5191/3734/3279 5176/3733/3278
f 3707/4960/4292 3705/3732/3277 3711/3753/3298 3710/3761/3304
f 5351/2968/2562 5344/4468/3876 5350/2974/2568 5546/2966/2560
f 5174/5226/4513 5193/2862/2458 5194/4054/2458 5173/3921/3437
f 5545/3023/2617 5544/3024/2618 5538/3031/2624 5537/3096/2533
f 5172/3918/3434 5195/5063/4382 5196/5062/4382 5171/5091/4404
f 4014/4225/3274 4013/3727/3275 4039/4443/3856
f 5196/5062/4382 5197/2849/2445 5169/2852/2448 5170/5092/2448
f 3572/3005/2599 3573/3004/2598 3571/4663/4022 3570/4662/4021
f 5198/2850/2446 5199/4202/2446 5168/5079/4395 5167/2851/2447
f 4011/2955/2549 4043/3413/2551 4042/2956/2550
f 5408/3645/3200 5415/3258/2835 5416/3552/3111 5406/3551/3110
f 4043/3413/2551 4045/5128/2976 4044/3411/2976
f 5231/4928/4265 5232/4942/4275 5202/4941/3823 5201/4200/3685
f 4045/5128/2976 4047/5373/3816 4046/5127/4432
f 5234/4939/4274 5233/4938/4273 5232/4942/4275 5236/5486/4266
f 4047/5373/3816 4049/5487/4264 4048/5372/3925
f 3547/5102/4412 3545/5101/4411 3561/5468/4699 3560/5233/4517
f 5304/5446/4679 5302/5445/4678 5306/3037/2630 5305/3036/2629
f 3614/5110/4419 3618/3639/3194 3602/3640/3195 3601/5300/4576
f 5428/5252/4535 5423/5254/4537 5424/5221/4510 5430/2961/2555
f 3861/2976/2570 3862/4087/3584 3845/4991/4316 3846/2977/2571
f 5199/4202/2446 5198/2850/2446 5204/4961/2460 5203/4203/3686
f 3878/5299/4575 3879/5488/4713 3877/5489/4224 3876/5382/4632
f 3527/4446/3859 3529/4445/3858 3524/4129/3626 3525/4128/3625
f 5431/2958/2552 5425/4006/3507 5426/3762/3305 5432/3715/3264
f 4051/5006/4083 4054/4927/4264 4055/4926/4263
f 3651/5377/4628 3652/4791/4138 3648/4305/3768 3650/5263/4546
f 4862/4947/4280 4882/4966/4296 4883/5022/4346 4861/4935/4270
f 3509/4110/3607 3511/4127/3624 3506/3887/3403 3507/3886/3402
f 5302/5445/4678 5300/5189/4486 5347/5190/4487 5306/3037/2630
f 5229/3074/2664 5230/4929/4265 5203/4203/3686 5204/4961/2460
f 4053/5223/4267 4057/4923/4261 4059/4971/4300
f 3681/3079/2669 3682/3078/2668 3645/4254/3726 3646/4306/3769
f 3838/4892/4234 3839/3022/2616 3846/2977/2571 3845/4991/4316
f 3586/5490/4714 3585/5039/4361 3596/5374/4626 3595/5491/802
f 4061/4970/4299 4038/4444/3857 4039/4443/3856
f 3006/2836/2432 3004/2854/2450 3010/2894/2488 3008/2833/2429
f 2899/4342/3800 2893/4019/3520 2902/4018/3519 2901/4125/3622
f 2738/3877/3395 2739/3876/2452 2737/3880/2451 2735/3330/2902
f 2946/3807/3342 2944/3609/3167 3044/3146/2731 3043/3650/3205
f 3875/4457/3869 3878/5299/4575 3876/5382/4632 3867/5159/4460
f 3796/5037/4359 3715/5492/4509 3797/3179/2761 3795/3178/2760
f 3439/5493/4715 3437/3341/2913 3453/3340/2912 3452/5494/4716
f 3437/3341/2913 3439/5493/4715 3434/3495/3056 3435/5425/4667
f 5540/5376/3579 5541/5375/4627 5292/4658/4017 5291/4657/4016
f 5206/3072/2460 5195/5063/4382 5194/4054/2458 5207/4053/2460
f 4402/3668/3219 4401/2996/2590 4404/2995/2589 4403/5495/4717
f 3421/3494/3055 3419/5323/4592 3435/5425/4667 3434/3495/3056
f 3534/4889/4231 3535/4888/4230 3519/4250/3722 3518/4249/3721
f 4861/4935/4270 4883/5022/4346 4884/2970/2564 4860/2969/2563
f 5490/4009/3510 5491/3384/2951 5131/3383/2950 5130/5249/4532
f 5053/5054/4374 5269/4001/3502 5270/4004/3505 5055/5055/4375
f 3515/5283/4563 3514/5282/4283 3521/4982/4310 3520/4981/4309
f 5242/4313/3776 5225/4312/3775 5224/4614/2664 5243/5496/4718
f 3351/3967/3474 3353/3966/3473 3352/5497/4719 3350/5498/4720
f 3981/5173/4470 3953/3570/3129 3955/5121/3129 3980/3017/2611
f 4055/4926/4263 4057/4923/4261 4053/5223/4267 4052/3412/2977
f 5361/3250/2827 5559/5067/4385 5403/5499/4721 5560/4532/3919
f 3496/5500/4722 3497/4712/4065 3484/3143/2728 3485/3142/2727
f 3342/3664/3216 3373/3663/3215 3372/5225/4512 3371/5224/4511
f 3342/3664/3216 3343/5391/4641 3341/3926/3441 3340/3661/3213
f 5300/5189/4486 5302/5445/4678 5303/5448/4681 5301/5501/4723
f 5215/4717/4070 5219/5009/4333 5220/4956/4288 5214/4955/3615
f 4234/4979/4307 4465/5314/3292 4464/5315/4586 4232/5502/4724
f 5244/5503/3776 5223/5232/2664 5222/5032/3775 5245/5031/4354
f 5209/2864/2460 5192/2863/2459 5191/3734/3279 5210/4613/2460
f 3840/4990/4315 3841/4583/3960 3835/5354/4609 3836/4893/4235
f 5343/4442/3855 5314/4467/3875 5344/4468/3876 5351/2968/2562
f 5210/4613/2460 5191/3734/3279 5190/5045/2564 5211/5141/2460
f 5139/4919/4257 5161/3919/3435 5162/5365/4620 5138/4918/4256
f 3643/3708/3257 3708/4959/4291 3642/5133/4437 3635/3660/3212
f 3828/4819/4164 3829/4894/4236 3836/4893/4235 3835/5354/4609
f 3515/5283/4563 3516/4252/3724 3500/4334/3793 3502/5284/4564
f 3588/4643/4004 3589/3002/2596 3572/3005/2599 3574/5386/4636
f 5473/4422/3837 5474/4421/3836 4977/5061/4381 4976/3676/3227
f 3497/4712/4065 3496/5500/4722 3503/5285/4565 3502/5284/4564
f 5441/3490/3051 5291/4657/4016 5290/4703/4058 5442/3491/3052
f 4324/5504/4725 4326/5505/4726 4325/3335/2907 4323/4213/3690
f 3778/2870/2464 3782/4404/3829 3777/4242/3714 3764/2871/2465
f 4852/4769/4119 4892/3906/3422 4893/4246/3718 4851/4245/3717
f 3830/4820/4165 3828/4819/4164 3835/5354/4609 3833/4586/3962
f 4906/3674/3225 4890/3673/3224 4889/4837/4181 4907/5461/4694
f 4968/3215/2795 4985/5506/4727 4986/5168/4465 4967/3213/2793
f 4418/3070/2662 4432/3270/2847 4431/4632/3994 4417/5295/4573
f 4322/5196/4493 4324/5504/4725 4323/4213/3690 4321/4212/3689
f 5284/4701/4056 5260/4218/3694 5259/4599/3969 5285/4598/2972
f 3476/5118/4425 3475/3986/3490 3488/4917/4255 3487/5464/4697
f 5298/4628/3991 5295/4627/3990 5297/4630/3993 5348/5131/4435
f 5219/5009/4333 5216/4153/3647 5218/5507/4728 5248/5010/4334
f 3493/3884/3400 3494/5508/4729 3487/5464/4697 3488/4917/4255
f 3494/5508/4729 3493/3884/3400 3506/3887/3403 3505/5509/4730
f 3343/5391/4641 3342/3664/3216 3371/5224/4511 3370/5510/4731
f 4802/4763/4113 4803/5001/4326 4805/5370/4624 4804/4936/4271
f 5333/4934/4269 5364/5052/4372 5365/4121/3618 5235/4394/3825
f 3064/3455/3019 3063/3456/3020 3117/5291/4571 3116/5453/4686
f 3512/5065/4383 3511/4127/3624 3524/4129/3626 3523/4101/3598
f 3960/5270/4552 3961/5231/4516 3959/3431/2995 3958/3430/2994
f 5185/4152/3646 5217/5511/4640 5218/5507/4728 5216/4153/3647
f 3529/4445/3858 3530/4098/3595 3523/4101/3598 3524/4129/3626
f 5405/4012/3513 5406/3551/3110 5407/3554/3113 5398/5261/4544
f 5232/4942/4275 5231/4928/4265 5237/4930/4266 5236/5486/4266
f 3552/5355/4610 3551/4951/4284 3556/5068/4386 3554/4665/4024
f 2864/4023/3524 2868/3913/3429 2863/4027/3528 2856/4026/3527
f 4092/4857/4200 4088/4856/4199 3693/5512/4642 4091/5267/4550
f 4973/5035/4357 4980/5034/4356 4981/5014/4338 4972/4440/3853
f 5016/5122/4428 5018/4735/4086 4753/4738/2740 5017/5513/4428
f 5410/3648/3203 5414/3259/2836 5415/3258/2835 5408/3645/3200
f 5298/4628/3991 5300/5189/4486 5301/5501/4723 5299/4629/3992
f 5253/5124/4430 5255/4772/4122 5019/4736/4087 5018/4735/4086
f 5254/3292/2867 5257/3291/2866 5256/4283/3747 5255/4772/4122
f 3669/5514/2393 3892/5515/2346 3885/5090/4403 3886/5444/4677
f 4233/4980/4308 4234/4979/4307 4232/5502/4724 4231/5516/4732
f 3566/5517/4733 3565/5381/4631 3578/5041/4363 3577/5040/4362
f 3565/5381/4631 3566/5517/4733 3559/4130/3627 3560/5233/4517
f 5028/5518/4734 5029/4284/3748 5031/4065/3563 5030/4064/3562
f 5036/5146/4447 5037/4219/3695 5039/4777/4126 5038/5147/4448
f 3661/5188/4485 3662/4755/4105 3660/5191/4488 3659/5203/4498
f 3802/3109/2695 3803/4028/3529 3789/2882/2476 3790/3110/2696
f 3072/4771/4121 3073/3252/2829 3025/3254/2831 3026/3285/2860
f 5019/4736/4087 5021/4773/4123 5022/5519/4466 5020/4737/4088
f 4578/4433/3847 4579/4432/3846 4261/5021/4345 4263/4864/4207
f 3585/5039/4361 3586/5490/4714 3576/5520/4735 3577/5040/4362
f 5026/4781/4129 5027/4282/3746 5029/4284/3748 5028/5518/4734
f 3567/5521/4736 3566/5517/4733 3577/5040/4362 3576/5520/4735
f 4109/4844/4187 4110/5383/4633 4108/5384/4634 4102/4830/4174
f 5281/4659/4018 5292/4658/4017 5293/2992/2586 5280/4685/4042
f 5021/4773/4123 5023/4780/4128 5024/5522/4467 5022/5519/4466
f 3566/5517/4733 3567/5521/4736 3558/4131/3628 3559/4130/3627
f 5023/4780/4128 5025/4779/4127 4762/5523/4737 5024/5522/4467
f 3073/3252/2829 3072/4771/4121 3108/4976/4304 3107/5524/4738
f 3511/4127/3624 3512/5065/4383 3505/5509/4730 3506/3887/3403
f 3531/4099/3596 3530/4098/3595 3541/3067/2659 3540/3066/2658
f 4914/3111/2697 4882/4966/4296 4881/3409/2974 4915/4965/4295
f 3390/5301/4577 3389/5289/4569 3394/5171/4468 3392/5361/4616
f 3089/2875/2469 3088/2893/2487 3092/4104/3601 3091/5525/4739
f 3442/3614/3172 3443/3613/3171 3430/3991/3493 3431/3793/3331
f 3330/5316/4587 3335/4625/3989 3334/4360/3812 3332/4359/3811
f 2897/5526/4740 2904/3583/3142 2896/3173/2755 2895/3172/2754
f 5327/5527/3825 5328/5044/4366 5330/4809/4154 5329/5528/3825
f 4567/3439/3003 4568/3605/3163 4283/3486/3048 4285/3440/3004
f 2997/3025/2619 2999/2949/2543 2998/5257/4540 2996/4316/3779
f 4122/3231/2809 4116/5529/4741 4118/5530/4742 4121/3168/2750
f 4712/4146/3254 4724/5531/2051 4722/5532/2051 4720/4147/3354
f 3494/5508/4729 3495/5533/4743 3486/5364/4619 3487/5464/4697
f 4114/5534/2394 4129/5535/4744 4115/4226/3699 4116/5529/4741
f 4952/5536/4745 4949/4696/4051 4948/4728/4081 4953/5472/4703
f 3948/5286/4566 3949/5075/4391 3947/5074/4391 3946/5353/4567
f 4124/3230/2808 4126/5537/2358 4125/5538/4746 4122/3231/2809
f 3459/5086/4328 3458/5539/4747 3469/5120/4427 3468/5087/4401
f 4274/5540/4748 4276/5011/4335 4275/5013/4337 4273/5423/4665
f 5336/5043/4365 5359/3124/2710 5360/3249/2826 5335/3248/2825
f 3440/5541/4749 3441/3792/3330 3432/3794/3332 3433/3496/3057
f 4117/4229/3702 4118/5530/4742 4116/5529/4741 4115/4226/3699
f 3634/3709/3258 3643/3708/3257 3635/3660/3212 3632/3563/3122
f 3423/4835/4179 3422/3493/3054 3433/3496/3057 3432/3794/3332
f 4120/5414/4659 4133/3169/2751 4121/3168/2750 4118/5530/4742
f 4358/3326/2898 4132/3170/2752 4133/3169/2751 4360/5413/4658
f 2905/4365/3815 2906/3580/3139 2904/3583/3142 2897/5526/4740
f 4374/5542/4750 4375/5543/4751 4131/3601/3159 4373/4946/4279
f 4136/4913/4252 4137/4912/4251 4138/5182/4479
f 3422/3493/3054 3423/4835/4179 3414/5352/2609 3415/5077/4393
f 4376/5544/4752 4377/4905/4245 4375/5543/4751 4350/5545/4753
f 5243/5496/4718 5224/4614/2664 5223/5232/2664 5244/5503/3776
f 4083/3051/2643 4031/3050/2642 4032/5004/4329 4078/5002/4327
f 5083/5546/2620 5088/5547/2807 5089/3272/2849 5087/5438/4073
f 2955/3302/2876 2957/3526/3085 2956/4593/3967 2954/3587/3145
f 2835/5548/4754 2836/4039/3540 2834/4135/3632 2827/4134/3631
f 4065/4973/4267 4037/5048/4368 4038/4444/3857 4061/4970/4299
f 4707/5549/4755 3090/2876/2470 3089/2875/2469 3091/5525/4739
f 3386/5046/4367 3387/5317/4398 3369/5319/4589 3370/5510/4731
f 3360/4789/2887 3343/5391/4641 3370/5510/4731 3369/5319/4589
f 5080/3631/3184 5151/5485/4144 5182/3628/3185 5150/3627/3184
f 4145/5483/4711 4139/5181/4478 4140/4228/3701
f 2787/5550/4756 2794/4060/3558 2786/4063/3561 2785/4119/3616
f 2988/3041/2634 2986/3191/2773 3020/3194/2776 3019/3042/2635
f 3818/2923/2517 3819/2917/2511 3811/2920/2514 3817/5551/2638
f 4138/5552/4757 4146/5144/4445 4147/3183/2765
f 4146/5144/4445 4148/3180/2762 4147/3183/2765
f 2795/5553/4758 2796/3867/3389 2794/4060/3558 2787/5550/4756
f 4541/2903/2497 4542/5262/4545 4335/5478/4708 4337/5477/4707
f 3361/4790/4137 3360/4789/2887 3369/5319/4589 3368/5318/4588
f 5033/4066/3564 5259/4599/3969 5260/4218/3694 5035/4217/2499
f 3972/5457/4690 3974/3394/2960 3969/4363/2036 3971/5454/4687
f 4476/4031/3532 4460/4030/3531 4461/4709/4063 4475/5310/4584
f 4340/5554/4759 4342/5555/4760 4341/4833/4177 4339/5556/4761
f 3706/3731/2758 3713/2987/2581 3712/2986/2580 3705/3732/3277
f 3731/4126/3623 3732/4796/4143 3728/4222/3697 3730/5557/4762
f 4334/5327/4596 4336/5475/4705 4335/5478/4708 4333/5328/4597
f 3273/4379/3820 3272/4378/3819 3301/4381/3178 3300/5558/3178
f 4173/5559/4763 4174/4533/3920 4172/3319/2893 4171/3318/2892
f 3606/3517/3078 3607/5560/4764 3595/5561/802 3605/4722/4075
f 3457/3323/2895 3458/5539/4747 3451/5562/4765 3452/5494/4716
f 3604/4723/4076 3598/4332/3791 3600/4331/3790 3603/3518/3079
f 3351/3967/3474 3349/2837/2433 3358/2840/2436 3354/3964/3471
f 3423/4835/4179 3424/3990/3492 3413/5059/4379 3414/5352/2609
f 4318/3623/3180 4320/5195/4492 4319/5197/4494 4317/3624/3181
f 4716/4145/2041 4718/5563/2041 3211/5564/3821 4717/5434/2782
f 3608/3520/3081 3609/5565/1118 3607/5560/4764 3606/3517/3078
f 3243/3398/2938 3241/3844/2938 3258/3847/3370 3257/3399/2964
f 4310/4349/3806 4312/4323/3782 4311/3787/3325 4309/4350/3807
f 2846/4139/3636 2853/4668/4027 2848/4037/3538 2844/4036/3537
f 2943/3610/3168 2944/3609/3167 2920/5566/4766 2942/3723/3268
f 4645/3841/3367 4646/4451/3864 4594/4452/3865 4595/3842/3368
f 3916/5240/2254 3918/5346/2253 3917/5349/3935 3915/5241/4524
f 4499/2848/2444 4449/2847/2443 4450/3116/2702 4497/3115/2701
f 4298/5567/4767 4300/5568/4768 4299/3503/3064 4297/4617/3981
f 4406/4693/1197 4400/2998/2592 4396/3464/3027 4399/3463/3026
f 3424/3990/3492 3425/3989/3171 3412/5060/4380 3413/5059/4379
f 4292/5569/4769 4294/5570/4770 4293/4551/3937 4291/4550/3936
f 4290/5571/4771 4292/5569/4769 4291/4550/3936 4289/4972/4301
f 4288/5572/4772 4290/5571/4771 4289/4972/4301 4287/3441/3005
f 4286/3485/3047 4288/5572/4772 4287/3441/3005 4285/3440/3004
f 3278/3795/1082 3277/3666/1082 3296/3667/3218 3295/5573/3218
f 3923/3896/3412 3925/3895/3411 3915/5241/4524 3917/5349/3935
f 4280/5574/4773 4282/5575/4774 4281/3607/3165 4279/4867/4210
f 4650/5576/4669 4586/5403/3477 4587/3576/3135 4588/3575/3134
f 4416/3181/2763 4372/4843/4186 4134/5412/4657 4135/3182/2764
f 4908/4869/4212 4888/4301/3764 4887/4300/3763 4909/4826/4170
f 4272/5577/4775 4274/5540/4748 4273/5423/4665 4271/4805/4151
f 3362/5406/4652 3363/5578/4776 3354/3964/3471 3358/2840/2436
f 3143/4528/3916 3145/5579/3927 3144/4541/3927 3142/2844/2440
f 3932/5216/4508 3991/5208/4502 3933/5580/4777 3931/5305/3935
f 5175/3735/3280 5158/5228/4514 5157/3436/3000 5176/3733/3278
f 4262/5020/4344 4264/4861/4204 4263/4864/4207 4261/5021/4345
f 5536/3095/2523 5535/3097/2685 5534/5368/2716 5532/5581/4778
f 3725/5229/3297 3727/4220/2579 3726/4181/3672 3723/4010/3511
f 4237/5582/4779 4239/5583/4780 4238/5584/4781
f 4238/5584/4781 4239/5583/4780 4240/5585/4782
f 4239/5583/4780 4241/5586/4783 4240/5585/4782
f 4241/5586/4783 4242/5587/4784 4240/5585/4782
f 4240/5585/4782 4242/5587/4784 4243/4759/4109
f 4242/5587/4784 4244/5588/410 4243/4759/4109
f 4243/4759/4109 4244/5588/410 4245/4760/4110
f 4244/5588/410 4246/5163/4463 4245/4760/4110
f 4249/5589/4785 4250/4600/3970 4247/4601/3971 4248/5164/4464
f 5527/3090/2680 5513/3104/2690 5529/3103/2689 5528/3088/2678
f 3552/5355/4610 3553/5371/4625 3537/4887/4229 3536/4886/4228
f 4249/5589/4785 4251/5590/267 4250/4600/3970
f 4250/4600/3970 4251/5590/267 4252/5591/4786
f 4251/5590/267 4253/5592/4787 4252/5591/4786
f 4252/5591/4786 4253/5592/4787 4254/5593/4788
f 4253/5592/4787 4255/5594/4789 4254/5593/4788
f 4255/5594/4789 4256/5595/4790 4254/5593/4788
f 4254/5593/4788 4256/5595/4790 4257/4639/4000
f 4256/5595/4790 4258/4688/4045 4257/4639/4000
f 4237/5582/4779 4238/5584/4781 4236/4978/4306 4235/4977/4305
f 4916/3063/2655 4933/3062/2654 4934/3214/2794 4915/4965/4295
f 4812/5070/4388 4820/5049/4369 4821/2906/2500 4810/2905/2499
f 4231/5516/4732 4232/5502/4724 4230/4756/4106 4229/5294/4572
f 5088/5547/2807 5086/5466/3947 5090/3273/2850 5089/3272/2849
f 3892/5515/2346 3894/5596/4791 3893/4794/4141 3885/5090/4403
f 4225/3638/3193 4226/3637/3192 4224/5179/4476 4223/5597/4792
f 3720/3765/3308 3641/3642/3197 3642/5133/4437 3709/3766/3309
f 3458/5539/4747 3459/5086/4328 3450/5598/4793 3451/5562/4765
f 4219/5599/4794 4220/4870/4213 4218/4871/4214 4217/5600/4795
f 3004/2854/2450 3006/2836/2432 3005/5601/4796 3003/2855/2451
f 4218/4871/4214 4457/4186/3677 4456/3578/3137 4216/3577/3136
f 4326/5505/4726 4328/4214/3691 4327/3336/2908 4325/3335/2907
f 4761/4675/4033 4763/5463/4696 4765/4410/3833 4764/4057/3556
f 2847/5023/4347 2854/4025/3526 2846/4139/3636 2845/4138/3635
f 3077/3164/2746 3078/4708/4062 3020/3194/2776 3021/3193/2775
f 5351/2968/2562 5551/2967/2561 5537/2939/2533 5352/4441/3854
f 2805/4997/4322 2806/4297/3760 2804/3864/3386 2797/5602/4797
f 4201/4945/4278 4202/4944/4277 4200/5428/2957 4199/5603/4798
f 4222/5180/4477 4459/3930/3445 4458/3929/3444 4220/4870/4213
f 3888/3234/2812 3889/5393/4643 3672/5443/4676 3887/5089/4402
f 4572/5604/4799 4571/4865/4208 4593/4191/3682 4592/4190/3681
f 3048/3156/588 3049/3155/2738 3047/3718/3267 2939/5605/4800
f 3066/3057/2649 3067/3056/2648 3031/3665/3217 3032/3424/2988
f 2927/4420/3835 2930/5606/4801 2929/5607/4802 2923/4527/3915
f 4304/4521/3909 4306/3684/3234 4305/3687/3237 4303/3805/3340
f 2948/3806/3341 2950/3611/3169 2949/4522/3910 2947/4500/1403
f 4183/4041/3542 4184/4040/3541 4182/3736/3281 4181/4810/4155
f 4555/4860/4203 4556/5608/4803 4307/3686/3236 4309/4350/3807
f 4179/4811/4156 4180/3738/3283 4178/4827/4171 4177/5258/4541
f 3285/4269/3738 3284/4264/3735 3289/5609/4804 3287/5397/4647
f 5271/4002/3503 5269/4001/3502 5268/3299/2873 5276/3298/2872
f 4330/4215/3692 4332/5326/4595 4331/5329/4598 4329/4216/3693
f 4210/3968/3475 4453/4183/3674 4452/3678/3229 4208/3677/3228
f 3974/3394/2960 3972/5457/4690 4409/2935/2529 4408/3351/2923
f 4167/5343/4605 4168/3071/2663 4166/5296/4574 4165/5420/4663
f 5094/5440/4073 5095/5218/2848 5097/5298/4222 5096/5297/4073
f 3363/5578/4776 3364/5610/4805 3355/3965/3472 3354/3964/3471
f 4377/4905/4245 4379/2865/2461 4127/2868/2462 4130/3602/3160
f 4159/5611/4806 4160/5612/4807 4158/3722/3271 4157/3721/3270
f 3707/4960/4292 3702/3707/3256 3703/3725/3273 3705/3732/3277
f 4847/4677/4035 4843/4055/3554 4842/4741/4091 4848/4734/4085
f 4575/4803/4149 4574/4802/4148 4590/4519/3907 4589/4518/3906
f 3526/5459/4692 3527/4446/3859 3525/4128/3625 3510/4692/4049
f 5385/4339/3798 5384/4338/3797 5382/4341/3799 5376/2944/2538
f 4347/3854/3377 4348/5613/4808 4349/3855/3378
f 4348/5613/4808 4350/5614/4809 4349/3855/3378
f 3388/5290/4570 3387/5317/4398 3396/5083/4398 3395/5172/4469
f 3405/5082/2609 3406/5058/4378 3395/5172/4469 3396/5083/4398
f 5127/3529/3088 5125/3528/3087 5133/3397/2963 5132/5455/4688
f 3546/5469/4700 3561/5468/4699 3545/5101/4411 3544/5460/4693
f 3780/2874/2468 3788/4029/3530 3782/4404/3829 3778/2870/2464
f 5473/4422/3837 5470/3696/3246 5469/5109/4418 5476/4423/3838
f 3406/5058/4378 3405/5082/2609 3414/5352/2609 3413/5059/4379
f 3284/4264/3735 3285/4269/3738 3252/3871/3391 3254/3870/2940
f 4175/5259/4542 4176/4986/4313 4174/4533/3920 4173/5559/4763
f 4690/5615/2430 4698/4714/4067 4689/4603/3972 4688/4602/2431
f 3305/4620/3984 3307/4572/1978 3306/4571/3951 3304/5616/4810
f 4360/5413/4658 4134/5412/4657 4372/4843/4186 4361/5617/4811
f 4505/5618/4812 4446/5619/4813 4447/5620/4814 4503/5621/4815
f 4363/5622/4816 4369/4842/4185 4367/4525/3913 4364/5623/4817
f 4364/5623/4817 4367/4525/3913 4366/4526/3914 4365/5624/3842
f 4585/4428/3344 4624/3789/3327 4623/2902/2496 4584/2901/2495
f 3137/4209/3462 3141/4208/2439 3140/2843/2439 3139/4476/3462
f 3150/4543/3929 3154/3953/2438 3148/2842/2438 3147/2841/2437
f 3442/3614/3172 3441/3792/3330 3450/5598/4793 3449/3615/3173
f 3902/3235/2813 3888/3234/2812 3887/5089/4402 3901/3255/2832
f 4369/4842/4185 4371/4817/4162 4370/3505/3066 4367/4525/3913
f 5102/4721/4074 5103/4653/4012 5105/5277/4558 5104/5625/4074
f 4628/5626/3995 4530/5627/4818 4617/4619/3983 4618/4618/3982
f 4021/5003/4328 3998/5200/3547 3999/5135/3547 4020/5134/4438
f 4964/4922/4260 4937/4921/4259 4936/3113/2699 4965/3694/3244
f 4732/5628/3319 4734/3378/2944 4737/4059/3299 4740/5629/3319
f 4562/4326/3785 4561/4615/3979 4603/5630/4819 4602/4327/3786
f 3441/3792/3330 3440/5541/4749 3451/5562/4765 3450/5598/4793
f 4338/5476/4706 4340/5554/4759 4339/5556/4761 4337/5477/4707
f 3496/5500/4722 3495/5533/4743 3504/5631/4820 3503/5285/4565
f 4361/5617/4811 4363/5622/4816 4362/5632/4821 4359/3327/2899
f 2985/3192/2774 2986/3191/2773 2800/5633/4822 2984/5634/4823
f 5424/5221/4510 5420/3257/2834 5421/3260/2837 5425/4006/3507
f 3514/5282/4283 3513/5064/3857 3522/4100/3597 3521/4982/4310
f 3274/4395/3176 3273/4379/3820 3300/5558/3178 3299/5635/3177
f 3531/4099/3596 3532/4847/4190 3521/4982/4310 3522/4100/3597
f 3532/4847/4190 3531/4099/3596 3540/3066/2658 3539/4848/4191
f 3446/3461/3025 3447/3460/3024 3445/3447/3011 3444/3446/3010
f 3549/3065/2657 3550/4950/4283 3539/4848/4191 3540/3066/2658
f 4856/4302/3765 4888/4301/3764 4889/4837/4181 4855/4836/4180
f 4120/5414/4659 4119/4911/4250 4135/3182/2764 4134/5412/4657
f 5315/5636/4824 5316/4482/3878 5318/4487/3883 5317/5350/3776
f 4374/5542/4750 4350/5545/4753 4375/5543/4751
f 4096/4582/3959 4104/3094/2684 4097/3018/2612 3628/3604/3162
f 4376/5544/4752 4378/4903/4243 4377/4905/4245
f 5104/5625/4074 5105/5277/4558 5107/3011/2605 5106/3010/2604
f 3006/2836/2432 3007/2835/2431 2740/5637/3398 3005/5601/4796
f 3512/5065/4383 3513/5064/3857 3504/5631/4820 3505/5509/4730
f 3567/5521/4736 3568/5288/4568 3557/5030/4353 3558/4131/3628
f 4923/2889/2483 4873/2892/2486 4872/4988/1552 4924/2886/2480
f 3288/5638/4647 3328/4608/3975 3327/3555/3114 3326/4184/3675
f 4556/5608/4803 4557/3803/3338 4305/3687/3237 4307/3686/3236
f 3568/5288/4568 3567/5521/4736 3576/5520/4735 3575/5385/4635
f 3586/5490/4714 3587/5639/4825 3575/5385/4635 3576/5520/4735
f 5050/5640/4826 5051/4985/4312 5053/5054/4374 5052/5053/4373
f 3081/4994/4319 3080/3080/2670 3100/3083/2673 3099/4995/4320
f 5040/5148/4449 5041/4776/4125 5043/4775/4124 5042/5151/4452
f 3772/4294/3757 4385/4293/3756 3773/5278/4559
f 3587/5639/4825 3586/5490/4714 3595/5491/802 3594/5641/4827
f 3773/5278/4559 4385/4293/3756 4386/5642/4828
f 4386/5642/4828 4385/4293/3756 4387/5234/4518
f 5430/2961/2555 5449/2960/2554 5454/5235/4519 5428/5252/4535
f 4387/5234/4518 4388/4355/3810 4389/5643/37
f 3588/4643/4004 3587/5639/4825 3594/5641/4827 3593/4644/924
f 3587/5639/4825 3588/4643/4004 3574/5386/4636 3575/5385/4635
f 3513/5064/3857 3514/5282/4283 3503/5285/4565 3504/5631/4820
f 2986/3191/2773 2988/3041/2634 2987/3516/3077 2800/5633/4822
f 5145/4718/4071 5099/4880/4222 5097/5298/4222 5146/3388/2954
f 4392/5467/3827 4393/4366/3816 4391/3670/3221
f 5468/3414/2978 5469/5109/4418 5470/3696/3246 5467/3695/3245
f 4393/4366/3816 4395/5644/4829 4394/2997/2591
f 5370/4393/3824 5369/4392/3823 5368/2941/2535 5375/4710/4064
f 4395/5644/4829 4397/3465/2550 4396/3464/3027
f 2913/3581/3140 2919/3776/3317 2912/3680/3231 2908/3582/3141
f 4397/3465/2550 4011/5645/2532 4398/3462/2532
f 2752/4107/3604 2758/4081/3578 2750/4080/3577 2751/5275/4556
f 5329/5528/3825 5330/4809/4154 5332/4808/4153 5331/5201/4496
f 5374/5108/3509 5370/4393/3824 5375/4710/4064 5381/4711/64
f 3871/2952/2546 3698/4649/4008 3870/2988/2582 3858/2953/2547
f 3495/5533/4743 3494/5508/4729 3505/5509/4730 3504/5631/4820
f 3053/3144/2729 3052/3689/3239 3128/5389/4639 3127/5465/4698
f 5379/4123/3620 5386/4329/3788 5385/4339/3798 5377/4124/3621
f 3389/5289/4569 3390/5301/4577 3365/5304/4580 3367/5646/4830
f 4389/5643/37 4402/3668/3219 4403/5495/4717
f 4346/5157/4458 4348/5613/4808 4347/3854/3377 4345/5158/4459
f 4403/5495/4717 4404/2995/2589 4405/4694/1160
f 5136/4726/4079 5117/4725/4078 5115/5449/4682 5137/5437/4674
f 3074/3210/2790 3073/3252/2829 3107/5524/4738 3106/3211/2791
f 3729/4221/3696 3715/5647/4509 3730/5557/4762 3728/4222/3697
f 3861/2976/2570 3860/2975/2569 3867/5159/4460 3864/4084/3581
f 5211/5141/2460 5223/5232/2664 5224/4614/2664 5210/4613/2460
f 3976/4908/4247 3975/3393/2959 4407/3395/2961
f 3746/4682/4040 3742/4681/4039 3741/3344/2916 3745/3343/2915
f 5489/3359/2931 5490/4009/3510 5130/5249/4532 5132/5455/4688
f 4812/5070/4388 4813/5648/4831 4815/5071/4389 4814/3101/2687
f 3638/3644/3199 3639/3560/3119 3637/3659/3118 3636/3641/3196
f 3973/5456/4689 4411/5481/1016 4410/2936/2530
f 3477/5119/4426 3478/3141/2726 3467/4435/3849 3468/5087/4401
f 4411/5481/1016 4413/5649/1160 4412/5482/1197
f 5175/3735/3280 5192/2863/2459 5193/2862/2458 5174/5226/4513
f 4540/2904/2498 4541/2903/2497 4337/5477/4707 4339/5556/4761
f 4407/3395/2961 4408/3351/2923 4011/3352/2924
f 4855/4836/4180 4835/3360/2932 4834/3688/3238 4856/4302/3765
f 4197/5650/4832 4198/5651/4833 4196/5244/4527 4195/5243/4526
f 5340/4502/3892 5320/3475/3037 5341/4489/3885 5354/2930/2524
f 4909/4826/4170 4887/4300/3763 4886/3337/2909 4910/4823/4167
f 4352/3328/2900 4353/5266/4549 4345/5158/4459 4347/3854/3377
f 3076/3165/2747 3075/3203/2783 3105/3212/2792 3104/3166/2748
f 2974/3354/2926 2976/3284/2859 2975/5652/3362 2973/3355/2927
f 4127/2868/2462 4128/2867/1715 4126/5537/2358 4124/3230/2808
f 3278/3795/1082 3279/3987/3150 3259/3846/3370 3260/3796/3299
f 3671/4746/4096 3690/5094/4406 3689/3137/2722 3674/3136/2721
f 4545/4792/4139 4546/3333/2905 4327/3336/2908 4329/4216/3693
f 3279/3987/3150 3278/3795/1082 3295/5573/3218 3294/5405/4651
f 4902/4753/4103 4894/3287/2862 4893/4246/3718 4903/4182/3673
f 5325/5332/3825 5326/4514/3902 5328/5044/4366 5327/5527/3825
f 4544/4793/4140 4545/4792/4139 4329/4216/3693 4331/5329/4598
f 4543/5653/4834 4544/4793/4140 4331/5329/4598 4333/5328/4597
f 3141/4208/2439 3130/3469/3031 3131/3468/3030 3129/4607/2440
f 3972/5457/4690 3973/5456/4689 4410/2936/2530 4409/2935/2529
f 4232/5502/4724 4464/5315/4586 4463/4150/3644 4230/4756/4106
f 5148/3274/2851 5090/3273/2850 5149/3632/3187 5152/5470/4701
f 4259/4640/4001 4261/5021/4345 4657/5654/4835 4656/3264/2841
f 3388/5290/4570 3389/5289/4569 3367/5646/4830 3368/5318/4588
f 3899/5338/207 3910/5337/4525 3909/5311/4585 3908/5333/2337
f 4786/4691/4048 4833/4690/4047 4834/3688/3238 4784/3371/2943
f 4906/3674/3225 4943/3947/3458 4944/4795/4142 4905/3671/3222
f 4543/5653/4834 4542/5262/4545 4622/3791/3329 4621/3829/3356
f 2765/3533/3092 2770/3916/3432 2769/3873/3393 2763/3534/3093
f 4562/4326/3785 4563/4325/3784 4293/4551/3937 4295/4616/3980
f 5442/3491/3052 5290/4703/4058 5289/4702/4057 5443/4705/4059
f 3439/5493/4715 3440/5541/4749 3433/3496/3057 3434/3495/3056
f 3362/5406/4652 3361/4790/4137 3368/5318/4588 3367/5646/4830
f 3455/3324/2896 3457/3323/2895 3452/5494/4716 3453/3340/2912
f 3161/4239/3712 3165/4491/2438 3159/3950/3461 3152/4240/3713
f 4549/4211/3688 4550/4409/3832 4319/5197/4494 4321/4212/3689
f 4550/4409/3832 4551/3994/3496 4317/3624/3181 4319/5197/4494
f 2802/4061/3559 2794/4060/3558 2796/3867/3389 2803/3866/3388
f 4552/3993/3495 4553/3785/3323 4313/3788/3326 4315/3625/3182
f 2842/3962/3469 2834/4135/3632 2836/4039/3540 2843/4038/3539
f 4353/5266/4549 4352/3328/2900 4359/3327/2899 4362/5632/4821
f 4962/4900/4242 4991/4899/4241 4992/4484/3880 4961/4483/3879
f 4129/5535/4744 4142/5655/4836 4141/4227/3700 4115/4226/3699
f 4482/3959/3466 4483/3958/3465 4481/3928/3443 4480/5656/3680
f 4514/5657/4837 4515/3451/3015 4513/3404/2969 4512/3403/2968
f 3169/4493/2438 3175/4278/3462 3168/4351/3462 3165/4491/2438
f 4396/3464/3027 4400/2998/2592 4394/2997/2591 4395/5644/4829
f 3608/3520/3081 3617/3519/3080 3616/3161/2743 3610/3160/2742
f 4417/5295/4573 4431/4632/3994 4430/4840/4183 4419/3910/3426
f 3057/3544/3103 3056/3699/3249 3124/3701/3251 3123/3545/3104
f 4798/4546/3932 4799/4545/3931 4801/5000/4325 4800/4766/4116
f 4416/3181/2763 4148/3180/2762 4150/4818/4163 4371/4817/4162
f 2976/3284/2859 2978/3283/2858 2977/5658/3363 2975/5652/3362
f 2797/5602/4797 2804/3864/3386 2796/3867/3389 2795/5553/4758
f 2780/3915/3431 2781/5432/4671 2772/5659/4838 2770/3916/3432
f 3610/3160/2742 3611/3443/3007 3609/5565/1118 3608/3520/3081
f 4548/4210/3687 4547/3334/2906 4617/4619/3983 4616/5660/4839
f 4571/4865/4208 4572/5604/4799 4275/5013/4337 4277/4866/4209
f 4659/3261/2838 4658/5661/4840 4469/5662/4841 4660/3547/3106
f 4969/4570/3950 4984/4569/3949 4985/5506/4727 4968/3215/2795
f 4294/5570/4770 4296/5663/4842 4295/4616/3980 4293/4551/3937
f 4575/4803/4149 4576/3574/3133 4267/5358/4613 4269/4804/4150
f 4576/3574/3133 4577/3573/3132 4265/4863/4206 4267/5358/4613
f 3478/3141/2726 3479/3140/2725 3466/4436/3850 3467/4435/3849
f 4375/5543/4751 4377/4905/4245 4130/3602/3160 4131/3601/3159
f 5337/4597/3968 5326/4514/3902 5338/4515/3903 5357/2896/2490
f 4582/5404/3480 4469/5664/4841 4581/4431/3845 4580/4430/3844
f 3378/5665/4843 4093/4162/3654 3743/4165/3657 3747/4680/4038
f 3991/5208/4502 3993/4077/3574 3992/5212/4434 3933/5580/4777
f 3268/4426/3841 3269/4382/3819 3267/4498/3299 3225/5666/3299
f 4419/3910/3426 4164/3909/3425 4166/5296/4574 4417/5295/4573
f 4270/5357/4612 4272/5577/4775 4271/4805/4151 4269/4804/4150
f 3736/3888/3404 3735/2946/2540 3752/4524/3912 3751/4822/4166
f 4217/5600/4795 4218/4871/4214 4216/3577/3136 4215/5667/4844
f 4474/4517/3905 4650/5576/4669 4588/3575/3134 4589/4518/3906
f 4342/5555/4760 4344/5156/4457 4343/4834/4178 4341/4833/4177
f 3363/5578/4776 3362/5406/4652 3367/5646/4830 3365/5304/4580
f 4223/5597/4792 4224/5179/4476 4222/5180/4477 4221/5668/4845
f 3798/3177/2759 3799/3224/2804 3793/3185/2767 3795/3178/2760
f 4915/4965/4295 4881/3409/2974 4880/3408/2973 4916/3063/2655
f 4119/4911/4250 4120/5414/4659 4118/5530/4742 4117/4229/3702
f 3070/3483/3045 3069/3482/3044 3111/4829/4173 3110/5380/4630
f 2815/4133/3630 2816/4050/3551 2814/4052/3553 2807/4996/4321
f 3408/5360/4615 3407/5057/4377 3412/5060/4380 3410/5178/4475
f 5068/3027/2621 5070/3026/2620 5071/5669/1103 5069/5418/4661
f 4226/3637/3192 4461/4709/4063 4460/4030/3531 4224/5179/4476
f 3426/5177/4474 3425/3989/3171 3430/3991/3493 3428/3449/3013
f 4648/5273/4554 4649/4516/3904 4590/4519/3907 4591/5274/4555
f 5482/3417/2981 5484/3416/2980 5486/5670/4846 5485/5105/4415
f 2964/3452/3016 2965/3444/3008 2860/3445/3009 2963/3487/2693
f 4300/5568/4768 4302/4520/3908 4301/3504/3065 4299/3503/3064
f 2909/3683/3233 2911/3682/1394 2910/5351/4608 2901/4125/3622
f 4531/3269/2846 4530/5671/4818 4532/4633/3995 4432/3270/2847
f 3266/4380/3299 3267/4498/3299 3269/4382/3819 3272/4378/3819
f 3926/3894/3410 3928/3893/3409 3927/4549/3935 3921/5312/3411
f 4574/4802/4148 4573/5422/4664 4591/5274/4555 4590/4519/3907
f 4573/5422/4664 4572/5604/4799 4592/4190/3681 4591/5274/4555
f 3462/3458/3022 3461/4354/3809 3466/4436/3850 3464/5479/4709
f 3479/3140/2725 3480/3900/3416 3464/5479/4709 3466/4436/3850
f 2853/4668/4027 2859/3816/3349 2852/5672/4847 2848/4037/3538
f 4970/4233/3706 4931/5100/4410 4930/4438/3851 4971/4230/3703
f 4951/4108/3605 5002/5673/4848 5004/4089/3586 5003/4088/3585
f 2812/4853/4196 2818/5674/4849 2811/3849/3372 2809/3848/3371
f 4511/3405/2970 4443/5675/4850 4444/3033/2626 4508/3032/2625
f 4490/3740/3285 4644/3840/1975 4596/3843/3369 4597/3741/3286
f 3068/4261/3732 3069/3482/3044 3029/3363/2935 3030/4262/3733
f 3498/4337/3796 3497/4712/4065 3502/5284/4564 3500/4334/3793
f 3180/3295/2870 3188/4496/3889 3179/4373/3254 3172/3296/2871
f 5271/4002/3503 5273/5676/4851 5274/5677/4680 5272/4003/3504
f 4024/4079/3576 3995/4078/3575 3996/5129/4433 4023/5112/4330
f 4364/5623/4817 4365/5624/3842 4357/4855/4198 4356/4854/4197
f 4557/3803/3338 4556/5608/4803 4608/3976/3481 4607/5678/4852
f 5213/4787/4135 5221/4957/4289 5222/5032/3775 5212/4784/4132
f 3495/5533/4743 3496/5500/4722 3485/3142/2727 3486/5364/4619
f 2928/4419/2387 2933/5679/2132 2930/5606/4801 2927/4420/3835
f 3410/5178/4475 3411/5680/4853 3409/5681/4854 3408/5360/4615
f 4919/5019/4343 4930/4438/3851 4931/5100/4410 4918/5018/4342
f 4530/5671/4818 4531/3269/2846 4529/3195/2777 4528/5682/4855
f 3443/3613/3171 3444/3446/3010 3428/3449/3013 3430/3991/3493
f 4491/3955/3463 4453/4183/3674 4454/4850/4193 4489/3956/3464
f 5469/5109/4418 5468/3414/2978 5482/3417/2981 5481/5107/4417
f 5346/4462/3872 5308/3038/2631 5306/3037/2630 5347/5190/4487
f 3170/3241/2819 3174/4375/2438 3169/4493/2438 3163/3242/2819
f 3570/4662/4021 3569/5069/4387 3574/5386/4636 3572/3005/2599
f 3817/5551/2638 3811/2920/2514 3812/2879/2473 3816/4774/2708
f 3922/5421/3934 3923/3896/3412 3917/5349/3935 3919/5348/3934
f 4736/3377/1082 4739/3617/3143 3270/5683/3840 4738/4058/3557
f 3404/4998/4323 3403/4235/3708 3416/5078/4394 3415/5077/4393
f 4905/3671/3222 4944/4795/4142 4945/3541/3100 4904/3905/3421
f 3237/4358/2938 3236/3754/2938 3261/3757/3300 3260/3796/3299
f 2760/3535/3094 2763/3534/3093 2757/3308/2882 2758/4081/3578
f 4951/4108/3605 4950/2963/2557 4949/4696/4051 4952/5536/4745
f 4504/5684/2291 4505/5618/4812 4503/5621/4815 4502/5685/4856
f 4638/3996/3498 4639/5686/4856 4603/5630/4819 4604/3997/3499
f 4521/3772/3313 4438/3737/3282 4439/3245/2822 4519/3244/2821
f 4560/3502/3063 4559/3501/3062 4605/3998/3500 4604/3997/3499
f 4751/3923/2861 4758/5169/4466 4759/4674/4032 4757/3924/3439
f 4559/3501/3062 4558/3804/3339 4606/5687/4857 4605/3998/3500
f 3876/5382/4632 3877/5489/4224 3865/4085/3582 3864/4084/3581
f 4053/5223/4267 4059/4971/4300 4040/5088/3856 4041/2957/2551
f 4484/3961/3468 4456/3578/3137 4457/4186/3677 4483/3958/3465
f 4561/4615/3979 4560/3502/3063 4604/3997/3499 4603/5630/4819
f 5214/4955/3615 5187/5137/4440 5186/3629/3186 5215/4717/4070
f 3402/5325/4594 3417/5324/4593 3401/4234/3707 3400/5688/4858
f 4637/5689/4859 4506/3995/3497 4605/3998/3500 4606/5687/4857
f 3284/4264/3735 3283/4263/3734 3290/4672/4030 3289/5609/4804
f 3516/4252/3724 3517/4251/3723 3501/4335/3794 3500/4334/3793
f 4636/5690/4860 4637/5689/4859 4606/5687/4857 4607/5678/4852
f 4635/3975/2968 4636/5690/4860 4607/5678/4852 4608/3976/3481
f 4629/5691/3679 4630/5692/3320 4615/5693/4861 4616/5660/4839
f 4489/3956/3464 4454/4850/4193 4455/3579/3138 4487/4490/3886
f 2962/3453/3017 2960/3497/3058 3035/3457/3021 3034/3454/3018
f 4555/4860/4203 4554/3786/3324 4610/5694/4862 4609/3977/3482
f 4204/4187/3678 4450/3116/2702 4449/2847/2443 4202/4944/4277
f 4794/3481/3043 4829/3480/3042 4830/4916/4254 4792/4872/4215
f 4558/3804/3339 4557/3803/3338 4607/5678/4852 4606/5687/4857
f 2983/3758/3301 2981/3276/2853 3023/3205/2785 3022/3204/2784
f 3480/3900/3416 3481/3899/3415 3465/5480/4710 3464/5479/4709
f 3337/5401/4650 3357/5113/4421 3338/5116/4423 3339/3925/3440
f 4634/5695/3680 4514/3974/3328 4609/3977/3482 4610/5694/4862
f 2865/4160/3652 2866/4022/3523 2864/4023/3524 2857/4641/4002
f 4360/5413/4658 4361/5617/4811 4359/3327/2899 4358/3326/2898
f 4633/3768/1354 4634/5695/3680 4610/5694/4862 4611/3769/3311
f 2930/5606/4801 2934/5696/4863 2931/5697/3315 2929/5607/4802
f 4522/3821/3351 4632/3767/3310 4612/3770/3312 4613/3822/3352
f 4568/3605/3163 4567/3439/3003 4597/3741/3286 4596/3843/3369
f 4569/3606/3164 4570/4492/3887 4279/4867/4210 4281/3607/3165
f 3273/4379/3820 3274/4395/3176 3264/3781/3299 3265/3780/3299
f 3428/3449/3013 3429/3448/3012 3427/5698/4864 3426/5177/4474
f 3426/5177/4474 3427/5698/4864 3411/5680/4853 3410/5178/4475
f 4554/3786/3324 4553/3785/3323 4611/3769/3311 4610/5694/4862
f 4719/5699/3254 4720/4147/3354 4722/5532/2051 4721/5700/2051
f 3087/2909/2503 3088/2893/2487 3010/2894/2488 3011/2926/2520
f 3408/5360/4615 3409/5681/4854 3393/5701/4865 3392/5361/4616
f 4363/5622/4816 4364/5623/4817 4356/4854/4197 4362/5632/4821
f 3392/5361/4616 3393/5701/4865 3391/5302/4578 3390/5301/4577
f 3563/4574/3952 3565/5381/4631 3560/5233/4517 3561/5468/4699
f 3209/3705/3254 3215/4400/2051 3207/4399/2051 3208/3702/3252
f 4507/3035/2628 4506/5702/4866 4509/3422/2986 4508/3032/2625
f 4530/5627/4818 4629/5691/3679 4616/5660/4839 4617/4619/3983
f 4547/3334/2906 4548/4210/3687 4323/4213/3690 4325/3335/2907
f 3365/5304/4580 3366/5303/4579 3364/5610/4805 3363/5578/4776
f 4480/5656/3680 4481/3928/3443 4479/3931/3446 4478/5703/4867
f 3275/3619/3176 3274/4395/3176 3299/5635/3177 3298/3620/3177
f 2869/4552/3938 2871/5704/4868 2870/3814/3348 2861/3813/3347
f 4550/4409/3832 4549/4211/3688 4615/5693/4861 4614/3823/3353
f 2841/3963/3470 2850/5705/4869 2840/4529/3917 2839/3946/3457
f 3194/4499/3254 3198/4416/3462 3195/4369/3462 3189/4497/3890
f 3210/4386/2870 3213/3827/3254 3209/3705/3254 3202/3704/2871
f 4472/5427/4669 4473/4148/3642 4471/3971/3478 4470/3970/3477
f 2863/4027/3528 2869/4552/3938 2861/3813/3347 2862/4024/3525
f 5141/5104/4414 5159/5227/2999 5160/3920/3436 5140/5103/4413
f 3314/5706/1972 3309/4622/3986 3310/4621/3985 3311/3525/3084
f 3913/5707/4443 3914/5239/4523 3912/5242/4525 3911/5336/2337
f 3349/2837/2433 3351/3967/3474 3350/5498/4720 3348/3119/2705
f 2783/4069/3567 2789/3859/3381 2782/3861/3383 2779/3917/3433
f 5014/4651/4010 5016/5122/4428 5017/5513/4428 5015/4652/4011
f 4424/5708/4870 4154/3507/3068 4156/3711/3260 4423/4878/4221
f 4848/4734/4085 4896/4733/4084 4897/4120/3617 4847/4677/4035
f 4422/4875/4218 4158/3722/3271 4160/5612/4807 4421/5709/4871
f 4421/5709/4871 4160/5612/4807 4162/3908/3424 4420/3907/3423
f 2731/3883/3399 2741/4072/3570 2732/3332/2904 2733/3331/2903
f 4911/4670/4028 4938/4920/4258 4939/4824/4168 4910/4823/4167
f 3303/3467/3029 3305/4620/3984 3304/5616/4810 3302/4560/3942
f 2995/3106/2692 2993/3105/2691 3016/5080/4396 3015/3009/2603
f 4960/4486/3882 4941/4868/4211 4940/4825/4169 4961/4483/3879
f 3152/4240/3713 3159/3950/3461 3154/3953/2438 3150/4543/3929
f 3303/3467/3029 3132/3466/3028 3310/4621/3985 3305/4620/3984
f 3440/5541/4749 3439/5493/4715 3452/5494/4716 3451/5562/4765
f 3436/3342/2914 3437/3341/2913 3435/5425/4667 3420/5424/4666
f 2983/3758/3301 2985/3192/2774 2984/5634/4823 2982/3759/3302
f 2923/4527/3915 2929/5607/4802 2921/3777/3318 2922/3992/3494
f 3132/3466/3028 3133/3522/3083 3311/3525/3084 3310/4621/3985
f 4186/4034/3535 4441/3450/3014 4440/3246/2823 4184/4040/3541
f 4190/5710/4872 4443/5675/4850 4442/5097/4407 4188/4033/3534
f 3324/3558/3117 3325/3557/3116 3319/4479/3877 3317/4197/3684
f 3232/4418/2938 3230/3778/3319 3264/3781/3299 3263/4396/3299
f 2770/3916/3432 2772/5659/4838 2771/3874/1320 2769/3873/3393
f 4198/5651/4833 4447/5620/4814 4446/5619/4813 4196/5244/4527
f 4200/5428/2957 4448/2846/2442 4447/5620/4814 4198/5651/4833
f 4957/3268/2845 4944/4795/4142 4943/3947/3458 4958/3265/2842
f 3459/5086/4328 3460/4353/3808 3449/3615/3173 3450/5598/4793
f 3734/2945/2539 3755/3314/2888 3754/3317/2891 3753/4523/3911
f 5431/2958/2552 5432/3715/3264 5446/3714/3263 5448/2959/2553
f 4907/5461/4694 4942/3948/3459 4943/3947/3458 4906/3674/3225
f 4959/3949/3460 4942/3948/3459 4941/4868/4211 4960/4486/3882
f 2837/4140/3637 2844/4036/3537 2836/4039/3540 2835/5548/4754
f 4780/3187/2769 4836/3361/2933 4837/4800/4146 4778/4296/3759
f 4215/5667/4844 4216/3577/3136 4214/3390/2956 4213/3389/2955
f 4962/4900/4242 4939/4824/4168 4938/4920/4258 4963/4897/4239
f 4296/5663/4842 4298/5567/4767 4297/4617/3981 4295/4616/3980
f 4784/3371/2943 4785/3370/2942 4787/5015/4339 4786/4691/4048
f 4778/4296/3759 4837/4800/4146 4838/4768/4118 4776/4260/3731
f 4853/4801/4147 4891/3672/3223 4892/3906/3422 4852/4769/4119
f 4471/3971/3478 4463/4150/3644 4464/5315/4586 4466/3972/3479
f 5142/5276/4557 5158/5228/4514 5159/5227/2999 5141/5104/4414
f 3799/3224/2804 3798/3177/2759 3814/3151/2735 3813/2878/2472
f 4810/2905/2499 4811/5081/4397 4813/5648/4831 4812/5070/4388
f 3203/4387/3662 3210/4386/2870 3202/3704/2871 3201/4683/3662
f 2933/5679/2132 2935/5711/4873 2934/5696/4863 2930/5606/4801
f 2932/3774/3315 2921/3777/3318 2929/5607/4802 2931/5697/3315
f 3454/5433/4672 3455/3324/2896 3453/3340/2912 3438/3339/2911
f 4423/4878/4221 4426/4877/4220 4425/5712/4874 4424/5708/4870
f 4538/5713/3344 4365/5714/4875 4425/5712/4874 4426/4877/4220
f 4728/5715/1780 4730/5716/1780 4724/5531/2051 4725/4195/2051
f 4723/5717/1780 4722/5532/2051 4724/5531/2051 4730/5716/1780
f 5048/5473/4704 5049/4984/4311 5051/4985/4312 5050/5640/4826
f 4712/4146/3254 4711/4192/3354 4725/4195/2051 4724/5531/2051
f 2997/3025/2619 2995/3106/2692 3015/3009/2603 3014/3008/2602
f 4549/4211/3688 4548/4210/3687 4616/5660/4839 4615/5693/4861
f 3400/5688/4858 3401/4234/3707 3399/4237/3710 3384/5410/4656
f 4161/4554/3940 4162/3908/3424 4160/5612/4807 4159/5611/4806
f 5496/5402/2857 5497/4173/3664 5499/4172/3663 5498/4806/4152
f 3926/3894/3410 3909/5311/4585 3910/5337/4525 3925/3895/3411
f 5394/4449/3862 5363/5281/4562 5400/3568/3127 5399/3567/3126
f 2990/3040/2633 2992/4660/4019 2991/5718/4876 2989/3515/3076
f 5460/4144/3641 5461/4143/3640 5464/5237/4521 5462/5238/4522
f 4503/5621/4815 4447/5620/4814 4448/2846/2442 4500/2845/2441
f 2843/4038/3539 2849/5719/4877 2841/3963/3470 2842/3962/3469
f 2808/3865/3387 2812/4853/4196 2809/3848/3371 2803/3866/3388
f 4498/4495/2810 4641/3655/3209 4600/3658/3211 4601/4328/3787
f 5416/3552/3111 5418/4788/4136 5419/5344/4606 5417/3553/3112
f 4544/4793/4140 4543/5653/4834 4621/3829/3356 4620/3812/3346
f 4282/5575/4774 4284/3484/3046 4283/3486/3048 4281/3607/3165
f 5488/3357/2929 5489/3359/2931 5132/5455/4688 5133/3397/2963
f 2950/3611/3169 2948/3806/3341 3042/3808/3343 3041/3612/3170
f 4571/4865/4208 4570/4492/3887 4594/4452/3865 4593/4191/3682
f 4194/5245/4528 4445/3034/2627 4444/3033/2626 4192/5399/4648
f 4523/4505/3895 4522/4587/3351 4525/3784/3322 4524/3783/3321
f 4196/5244/4527 4446/5619/4813 4445/3034/2627 4194/5245/4528
f 4778/4296/3759 4779/4295/3758 4781/3188/2770 4780/3187/2769
f 4513/3404/2969 4442/5097/4407 4443/5675/4850 4511/3405/2970
f 2985/3192/2774 2983/3758/3301 3022/3204/2784 3021/3193/2775
f 4184/4040/3541 4440/3246/2823 4439/3245/2822 4182/3736/3281
f 4191/5400/4649 4192/5399/4648 4190/5710/4872 4189/5720/4878
f 4189/5720/4878 4190/5710/4872 4188/4033/3534 4187/4032/3533
f 2879/3802/3337 2880/3801/3082 2878/5721/3059 2872/3912/3428
f 3894/5596/4791 3896/5430/2094 3895/3878/3396 3893/4794/4141
f 4527/3198/2780 4435/3197/2779 4436/4503/3893 4524/3783/3321
f 4556/5608/4803 4555/4860/4203 4609/3977/3482 4608/3976/3481
f 4531/3269/2846 4433/3069/2661 4434/3196/2778 4529/3195/2777
f 3602/3640/3195 3617/3519/3080 3603/3518/3079 3600/4331/3790
f 4221/5668/4845 4222/5180/4477 4220/4870/4213 4219/5599/4794
f 3458/5539/4747 3457/3323/2895 3470/3325/2897 3469/5120/4427
f 2978/3283/2858 2979/3275/2852 2820/3278/2855 2977/5658/3363
f 2819/3839/3366 2820/3838/3365 2818/5674/4849 2812/4853/4196
f 4421/5709/4871 4428/5722/4879 4427/4876/4219 4422/4875/4218
f 4560/3502/3063 4561/4615/3979 4297/4617/3981 4299/3503/3064
f 4538/5713/3344 4426/4877/4220 4427/4876/4219 4537/5723/3327
f 3000/2927/2521 3002/2853/2449 3001/2856/2452 2755/5256/4539
f 4537/5723/3327 4427/4876/4219 4428/5722/4879 4536/5724/4837
f 4536/5724/4837 4428/5722/4879 4429/4839/4182 4535/4838/3355
f 4420/3907/3423 4429/4839/4182 4428/5722/4879 4421/5709/4871
f 4627/3810/3344 4628/5626/3995 4618/4618/3982 4619/3811/3345
f 4478/5703/4867 4479/3931/3446 4476/4031/3532 4477/5725/4880
f 4354/4831/4175 4353/5266/4549 4362/5632/4821 4356/4854/4197
f 4854/4816/4161 4836/3361/2933 4835/3360/2932 4855/4836/4180
f 4528/5682/4855 4529/3195/2777 4527/3198/2780 4526/3782/3320
f 2849/5719/4877 2851/5726/4881 2850/5705/4869 2841/3963/3470
f 2879/3802/3337 2873/3911/3427 2882/3979/3484 2881/3800/3336
f 4125/5538/4746 4114/5534/2394 4116/5529/4741 4122/3231/2809
f 3321/3654/3208 3322/3653/1871 3313/5727/2093 3320/4580/1067
f 2859/3816/3349 2860/3815/3316 2858/5728/4882 2852/5672/4847
f 4553/3785/3323 4552/3993/3495 4612/3770/3312 4611/3769/3311
f 4361/5617/4811 4372/4843/4186 4369/4842/4185 4363/5622/4816
f 2944/3609/3167 2946/3807/3342 2945/4501/3891 2920/5566/4766
f 4558/3804/3339 4559/3501/3062 4301/3504/3065 4303/3805/3340
f 3225/5666/3299 3267/4498/3299 3224/4412/3319 3223/4411/3319
f 4506/5702/4866 4507/3035/2628 4505/5618/4812 4504/5684/2291
f 4515/3451/3015 4514/5657/4837 4517/4596/3680 4516/3247/2824
f 4502/5685/4856 4503/5621/4815 4500/2845/2441 4501/3233/2811
f 4486/5729/4883 4487/4490/3886 4484/3961/3468 4485/3960/3467
f 4192/5399/4648 4444/3033/2626 4443/5675/4850 4190/5710/4872
f 2971/3362/2934 2972/3353/2925 2840/3356/2928 2970/4417/3834
f 2969/3419/2983 2967/3418/2982 3031/3665/3217 3030/4262/3733
f 4491/3955/3463 4490/3954/3285 4493/3402/2967 4492/3401/2966
f 2848/4037/3538 2852/5672/4847 2849/5719/4877 2843/4038/3539
f 4488/3957/1975 4489/3956/3464 4487/4490/3886 4486/5729/4883
f 2939/5605/4800 3047/3718/3267 2938/3717/3266 2937/5730/1999
f 4630/5692/3320 4631/3820/3350 4614/3823/3353 4615/5693/4861
f 4523/4505/3895 4437/4504/3894 4438/3737/3282 4521/3772/3313
f 5363/5281/4562 5362/4531/3918 5401/5320/3919 5400/3568/3127
f 4534/4841/4184 4430/4840/4183 4431/4632/3994 4533/4631/3344
f 4475/5310/4584 4474/5426/4668 4477/5725/4880 4476/4031/3532
f 4551/3994/3496 4552/3993/3495 4315/3625/3182 4317/3624/3181
f 4278/5012/4336 4280/5574/4773 4279/4867/4210 4277/4866/4209
f 2852/5672/4847 2858/5728/4882 2851/5726/4881 2849/5719/4877
f 3187/4372/3462 3196/4371/1780 3186/4437/1780 3185/4374/3462
f 4243/4759/4109 4651/4761/4111 4240/5585/4782
f 4651/4761/4111 4238/5584/4781 4240/5585/4782
f 2992/4660/4019 2993/3105/2691 2781/3108/2694 2991/5718/4876
f 4718/5563/2041 4716/4145/2041 4720/4147/3354 4719/5699/3254
f 4252/5591/4786 4655/3263/2840 4654/3262/2839 4250/4600/3970
f 3882/4896/4238 3884/5280/4561 3879/5488/4713 3878/5299/4575
f 4019/3429/2993 4034/3428/2992 4033/4932/4268 4020/5134/4438
f 3698/4649/4008 3685/4648/4007 3686/4637/3998 3697/2989/2583
f 4252/5591/4786 4254/5593/4788 4655/3263/2840
f 4960/4486/3882 4993/4485/3881 4994/5419/4662 4959/3949/3460
f 4254/5593/4788 4257/4639/4000 4655/3263/2840
f 4662/3745/3290 4236/4978/4306 4238/5584/4781 4651/4761/4111
f 4663/3747/3292 4234/4979/4307 4236/4978/4306 4662/3745/3290
f 3313/5731/4884 3314/5706/1972 3311/3525/3084 3312/3524/1067
f 4721/5700/2051 4722/5532/2051 4723/5717/1780 3221/5732/1780
f 3387/5317/4398 3386/5046/4367 3397/4999/4324 3396/5083/4398
f 4661/3548/3107 4662/3745/3290 4651/4761/4111 4652/3549/3108
f 5144/3434/2998 5101/4654/4013 5099/4880/4222 5145/4718/4071
f 4730/5716/1780 4731/3817/3319 4732/5628/3319 4723/5717/1780
f 4539/5335/4176 4540/2904/2498 4339/5556/4761 4341/4833/4177
f 4865/4815/4160 4879/4814/4159 4880/3408/2973 4864/3407/2972
f 5279/5149/4450 5294/2994/2588 5295/4627/3990 5278/5192/4489
f 4731/3817/3319 4730/5716/1780 4748/5733/1780 4747/3818/3319
f 5277/3301/2875 5296/5202/4497 5275/5734/4723 5276/3298/2872
f 2937/5730/1999 2938/3717/3266 2936/3720/3269 2935/5735/4885
f 4639/5686/4856 4640/4494/3888 4602/4327/3786 4603/5630/4819
f 4142/5655/4836 4144/5736/4886 4143/5484/4712 4141/4227/3700
f 4658/5661/4840 4659/3261/2838 4656/3264/2841 4657/5654/4835
f 4572/5604/4799 4573/5422/4664 4273/5423/4665 4275/5013/4337
f 4747/3818/3319 4748/5733/1780 4729/5737/1780 4749/4595/3319
f 4199/5603/4798 4200/5428/2957 4198/5651/4833 4197/5650/4832
f 3137/4209/3462 3138/4481/1780 3136/4594/1411 3134/4207/2051
f 4731/3817/3319 4733/3375/2944 4734/3378/2944 4732/5628/3319
f 4693/4716/4069 4697/4715/4068 4695/4579/3957 4694/5174/4471
f 4952/5536/4745 5001/5738/4887 5002/5673/4848 4951/4108/3605
f 5141/5104/4414 5107/3011/2605 5105/5277/4558 5142/5276/4557
f 4723/5717/1780 4732/5628/3319 4740/5629/3319 3221/5732/1780
f 4689/4603/3972 4691/4713/4066 4671/5210/4504 4687/4604/3973
f 4672/5209/4503 4669/5211/4505 4673/5452/4685
f 4673/5452/4685 4668/4345/3802 4674/4348/3805
f 4507/3035/2628 4445/3034/2627 4446/5619/4813 4505/5618/4812
f 3979/3014/2608 3957/3432/2996 3959/3431/2995 3978/5073/4390
f 5475/4424/3839 5476/4423/3838 5478/3471/3033 5477/3473/3035
f 4677/4948/4281 4678/5739/4888 4676/4949/4282
f 3385/4666/4025 3386/5046/4367 3370/5510/4731 3371/5224/4511
f 4678/5739/4888 4680/5740/4889 4679/5741/4890
f 2872/3912/3428 2878/5721/3059 2871/5704/4868 2869/4552/3938
f 4742/3586/3143 4743/3585/3144 4745/4376/3817 4744/5742/1081
f 5066/5416/4660 5064/3279/2342 5075/3282/2342 5074/5308/4582
f 4665/5206/4501 4677/4948/4281 4667/4346/3803
f 4961/4483/3879 4940/4825/4169 4939/4824/4168 4962/4900/4242
f 2924/4016/3517 2927/4420/3835 2923/4527/3915 2916/4308/3771
f 3981/5173/4470 4004/4224/3698 4003/4047/3548 3982/5186/4483
f 4733/3375/2944 4746/3819/3299 4743/3585/3144 4735/3376/2945
f 4676/4949/4282 4682/5359/4614 4675/4347/3804
f 5313/5126/3776 5314/4467/3875 5316/4482/3878 5315/5636/4824
f 4706/4590/3965 4699/4589/3964 3090/2876/2470 4707/5549/4755
f 3090/2876/2470 4699/4589/3964 4698/4714/4067 4690/5615/2430
f 4684/5341/4603 4685/5743/4891 4673/5452/4685 4674/4348/3805
f 5503/3634/3189 5497/4173/3664 5060/4511/3900 5058/4510/3899
f 4686/5744/4892 2740/4605/3974 4687/4604/3973 4672/5209/4503
f 4685/5743/4891 4686/5744/4892 4672/5209/4503 4673/5452/4685
f 4542/5262/4545 4543/5653/4834 4333/5328/4597 4335/5478/4708
f 4402/3668/3219 4389/5643/37 4388/4355/3810 4390/3669/3220
f 4661/3548/3107 4660/3547/3106 4469/5662/4841 4664/3746/3291
f 4701/4577/3955 4700/4576/3954 4705/4588/3963
f 4669/5211/4505 4671/5210/4504 4670/5378/4473 4666/5205/4500
f 3070/3483/3045 3071/4770/4120 3027/3892/3408 3028/3364/2936
f 4679/5741/4890 4682/5359/4614 4676/4949/4282 4678/5739/4888
f 3547/5102/4412 3548/3064/2656 3541/3067/2659 3542/4448/3861
f 4694/5174/4471 4695/4579/3957 4696/4578/3956
f 4702/5099/4409 4703/5098/4408 4704/5745/4893
f 4696/4578/3956 4701/4577/3955 4702/5099/4409
f 3831/4925/4262 3832/5387/4637 3824/4286/3750 3823/4285/3749
f 4953/5472/4703 5000/5471/4702 5001/5738/4887 4952/5536/4745
f 4691/4713/4066 4689/4603/3972 4698/4714/4067
f 5273/5676/4851 5271/4002/3503 5276/3298/2872 5275/5734/4723
f 4907/5461/4694 4889/4837/4181 4888/4301/3764 4908/4869/4212
f 4698/4714/4067 4699/4589/3964 4697/4715/4068
f 4725/4195/2051 4727/4194/2051 4729/5737/1780 4728/5715/1780
f 5710/5746/4894 5711/5747/4895 5709/5748/4896 5708/5749/4897
f 5588/5750/4898 5589/5751/4899 5587/5752/4900 5586/5753/4901
f 5873/5754/4902 5875/5755/4903 5874/5756/4904 5872/5757/4905
f 5736/5758/4906 5737/5759/4907 5735/5760/4908 5734/5761/4909
f 5865/5762/4910 5867/5763/4911 5866/5764/4912 5864/5765/4913
f 5728/5766/4914 5729/5767/4915 5727/5768/4916 5726/5769/4917
f 5600/5770/4918 5601/5771/4919 5599/5772/4920 5598/5773/4921
f 5572/5774/4922 5573/5775/4923 5571/5776/4910 5570/5777/4924
f 5568/5778/4925 5569/5779/4926 5567/5780/4927 5566/5781/4928
f 5590/5782/4909 5591/5783/4908 5589/5751/4899 5588/5750/4898
f 5708/5749/4897 5709/5748/4896 5706/5784/4929 5707/5785/4930
f 5586/5753/4901 5587/5752/4900 5585/5786/4931 5584/5787/4914
f 5608/5788/4932 5561/5789/4933 5607/5790/4934 5606/5791/4935
f 5726/5769/4917 5727/5768/4916 5725/5792/4936 5724/5793/4937
f 5857/5794/4938 5859/5795/4939 5858/5796/4940 5856/5797/4941
f 5867/5763/4911 5869/5798/4895 5868/5799/4894 5866/5764/4912
f 5598/5773/4921 5599/5772/4920 5597/5800/4942 5596/5801/4943
f 5576/5802/4940 5577/5803/4944 5575/5804/4945 5574/5805/4946
f 5869/5798/4895 5871/5806/4896 5870/5807/4897 5868/5799/4894
f 5594/5808/4947 5595/5809/4948 5593/5810/4907 5592/5811/4949
f 5889/5812/4948 5891/5813/4950 5890/5814/4951 5888/5815/4947
f 5859/5795/4939 5861/5816/4952 5860/5817/4946 5858/5796/4940
f 5730/5818/4901 5731/5819/4953 5729/5767/4915 5728/5766/4914
f 5561/5789/4933 5608/5788/4932 5562/5820/4905 5563/5821/4902
f 5991/5822/4954 5990/5823/4955 5992/5824/4956
f 5659/5825/4957 5660/5826/4958 5684/5827/4959 5683/5828/4960
f 5746/5829/4961 5744/5830/4962 5757/5831/4963 5756/5832/4964
f 5878/5833/4965 5912/5834/4966 5911/5835/4967 5876/5836/4935
f 5588/5750/4898 5586/5753/4901 5620/5837/4968 5619/5838/4969
f 5907/5839/4970 5932/5840/4971 5931/5841/4972 5906/5842/4973
f 5858/5796/4940 5902/5843/4974 5901/5844/4975 5856/5797/4941
f 5572/5774/4922 5570/5777/4924 5628/5845/4976 5627/5846/4977
f 5714/5847/4913 5712/5848/4912 5773/5849/4973 5772/5850/4978
f 5574/5805/4946 5572/5774/4922 5627/5846/4977 5626/5851/4979
f 5600/5770/4918 5598/5773/4921 5614/5852/4980 5613/5853/4981
f 5722/5854/4941 5720/5855/4982 5769/5856/4974 5768/5857/4983
f 5604/5858/4965 5602/5859/4961 5612/5860/4984 5611/5861/4985
f 5594/5808/4947 5592/5811/4949 5617/5862/4986 5616/5863/4987
f 5608/5788/4932 5606/5791/4935 5610/5864/4988 5609/5865/4989
f 5609/5865/4989 5632/5866/4990 5562/5820/4905 5608/5788/4932
f 5564/5867/4991 5562/5820/4905 5632/5866/4990 5631/5868/4992
f 5566/5781/4928 5564/5867/4991 5631/5868/4992 5630/5869/4993
f 5872/5757/4905 5909/5870/4994 5908/5871/4995 5870/5807/4897
f 5570/5777/4924 5568/5778/4925 5629/5872/4996 5628/5845/4976
f 5598/5773/4921 5596/5801/4943 5615/5873/4997 5614/5852/4980
f 5596/5801/4943 5594/5808/4947 5616/5863/4987 5615/5873/4997
f 5592/5811/4949 5590/5782/4909 5618/5874/4998 5617/5862/4986
f 5578/5875/4941 5576/5802/4940 5625/5876/4999 5624/5877/5000
f 5796/5878/5001 5797/5879/4972 5821/5880/5002 5820/5881/5003
f 5750/5882/4935 5748/5883/4965 5755/5884/4966 5754/5885/4967
f 5700/5886/5004 5701/5887/5005 5674/5888/5006 5675/5889/5007
f 5933/5890/5008 5958/5891/5009 5957/5892/5010 5932/5840/4971
f 5833/5893/5011 5834/5894/5012 5816/5895/5013 5817/5896/5014
f 5927/5897/5015 5952/5898/5016 5951/5899/5013 5926/5900/5017
f 5910/5901/5018 5935/5902/5019 5934/5903/5020 5909/5870/4994
f 5617/5862/4986 5618/5874/4998 5642/5904/5021 5641/5905/5022
f 5616/5863/4987 5617/5862/4986 5641/5905/5022 5640/5906/5023
f 5627/5846/4977 5628/5845/4976 5652/5907/5001 5651/5908/5024
f 5916/5909/5025 5941/5910/5026 5940/5911/5027 5915/5912/5028
f 5906/5842/4973 5931/5841/4972 5930/5913/5029 5905/5914/4976
f 5748/5883/4965 5746/5829/4961 5756/5832/4964 5755/5884/4966
f 5611/5861/4985 5612/5860/4984 5636/5915/5030 5635/5916/5031
f 5610/5864/4988 5611/5861/4985 5635/5916/5031 5634/5917/5032
f 5609/5865/4989 5610/5864/4988 5634/5917/5032 5633/5918/5033
f 5633/5918/5033 5656/5919/5034 5632/5866/4990 5609/5865/4989
f 5631/5868/4992 5632/5866/4990 5656/5919/5034 5655/5920/5008
f 5781/5921/5035 5782/5922/5027 5806/5923/5036 5805/5924/5037
f 5756/5832/4964 5757/5831/4963 5781/5921/5035 5780/5925/5030
f 5628/5845/4976 5629/5872/4996 5653/5926/4972 5652/5907/5001
f 5614/5852/4980 5615/5873/4997 5639/5927/5026 5638/5928/5038
f 5905/5914/4976 5930/5913/5029 5929/5929/5039 5904/5930/5040
f 5837/5931/5041 5838/5932/5042 5812/5933/5043 5813/5934/5044
f 5624/5877/5000 5625/5876/4999 5649/5935/5015 5648/5936/5045
f 5623/5937/5046 5624/5877/5000 5648/5936/5045 5647/5938/5047
f 5652/5907/5001 5653/5926/4972 5677/5939/5048 5676/5940/5003
f 5845/5941/5049 5805/5924/5037 5806/5923/5036 5844/5942/5050
f 5645/5943/5051 5646/5944/5052 5670/5945/5053 5669/5946/5054
f 5644/5947/5055 5645/5943/5051 5669/5946/5054 5668/5948/5043
f 5657/5949/5056 5658/5950/5057 5682/5951/5058 5681/5952/5059
f 5654/5953/4971 5655/5920/5008 5679/5954/5060 5678/5955/5010
f 5641/5905/5022 5642/5904/5021 5666/5956/5061 5665/5957/5062
f 5640/5906/5023 5641/5905/5022 5665/5957/5062 5664/5958/5063
f 5650/5959/5064 5651/5908/5024 5675/5889/5007 5674/5888/5006
f 5783/5960/5026 5784/5961/5065 5808/5962/5063 5807/5963/5066
f 5969/5964/5067 5991/5822/4954 5967/5965/5063 5968/5966/5062
f 5648/5936/5045 5649/5935/5015 5673/5967/5014 5672/5968/5013
f 5897/5969/4968 5922/5970/5068 5921/5971/5069 5920/5972/4969
f 5634/5917/5032 5635/5916/5031 5659/5825/4957 5658/5950/5057
f 5643/5973/5069 5644/5947/5055 5668/5948/5043 5667/5974/5070
f 5834/5894/5012 5835/5975/5071 5815/5976/5072 5816/5895/5013
f 5778/5977/5073 5779/5978/5031 5803/5979/5074 5802/5980/5075
f 5635/5916/5031 5636/5915/5030 5660/5826/4958 5659/5825/4957
f 5653/5926/4972 5654/5953/4971 5678/5955/5010 5677/5939/5048
f 5655/5920/5008 5656/5919/5034 5680/5981/5076 5679/5954/5060
f 5639/5927/5026 5640/5906/5023 5664/5958/5063 5663/5982/5066
f 5991/5822/4954 5992/5824/4956 5966/5983/5066 5967/5965/5063
f 5649/5935/5015 5650/5959/5064 5674/5888/5006 5673/5967/5014
f 5840/5984/5077 5841/5985/5078 5809/5986/5079 5810/5987/5061
f 5642/5904/5021 5643/5973/5069 5667/5974/5070 5666/5956/5061
f 5646/5944/5052 5647/5938/5047 5671/5988/5080 5670/5945/5053
f 5990/5823/4955 5991/5822/4954 5969/5964/5067
f 5669/5946/5054 5670/5945/5053 5694/5989/5081 5693/5990/5041
f 5989/5991/5082 5990/5823/4955 5969/5964/5067
f 5668/5948/5043 5669/5946/5054 5693/5990/5041 5692/5992/5083
f 5838/5932/5042 5839/5993/5084 5811/5994/5070 5812/5933/5043
f 5666/5956/5061 5667/5974/5070 5691/5995/5085 5690/5996/5077
f 5665/5957/5062 5666/5956/5061 5690/5996/5077 5689/5997/5086
f 5664/5958/5063 5665/5957/5062 5689/5997/5086 5688/5998/5087
f 5699/5999/5088 5700/5886/5004 5675/5889/5007 5676/5940/5003
f 5943/6000/5089 5944/6001/5090 5945/6002/5061 5968/5966/5062
f 5701/5887/5005 5702/6003/5091 5673/5967/5014 5674/5888/5006
f 5618/5874/4998 5619/5838/4969 5643/5973/5069 5642/5904/5021
f 5661/6004/5092 5662/6005/5036 5686/6006/5050 5685/6007/5093
f 5841/5985/5078 5842/6008/5087 5808/5962/5063 5809/5986/5079
f 5985/6009/5059 5986/6010/5094 5972/6011/5083
f 5837/5931/5041 5836/6012/5095 5825/6013/5059 5848/6014/5096
f 5687/6015/4956 5688/5998/5087 5686/6006/5050
f 5688/5998/5087 5689/5997/5086 5686/6006/5050
f 5686/6006/5050 5689/5997/5086 5685/6007/5093
f 5689/5997/5086 5690/5996/5077 5685/6007/5093
f 5685/6007/5093 5690/5996/5077 5684/5827/4959
f 5690/5996/5077 5691/5995/5085 5684/5827/4959
f 5835/5975/5071 5834/5894/5012 5827/6016/5097 5826/6017/5098
f 5694/5989/5081 5704/6018/5099 5695/6019/5100 5681/5952/5059
f 5984/6020/5101 5985/6009/5059 5972/6011/5083 5973/6021/5102
f 5836/6012/5095 5835/5975/5071 5826/6017/5098 5825/6013/5059
f 5839/5993/5084 5838/5932/5042 5848/6014/5096 5847/6022/4960
f 5946/6023/5103 5947/6024/5104 5972/6011/5083 5971/6025/5085
f 5795/6026/5105 5796/5878/5001 5820/5881/5003 5819/6027/5106
f 5702/6003/5091 5703/6028/5012 5672/5968/5013 5673/5967/5014
f 5937/6029/5031 5962/6030/5107 5961/6031/5057 5936/6032/5073
f 5663/5982/5066 5664/5958/5063 5688/5998/5087 5687/6015/4956
f 5953/6033/5006 5954/6034/5106 5979/6035/5108 5978/6036/5109
f 5704/6018/5099 5694/5989/5081 5670/5945/5053 5671/5988/5080
f 5633/5918/5033 5634/5917/5032 5658/5950/5057 5657/5949/5056
f 5658/5950/5057 5659/5825/4957 5683/5828/4960 5682/5951/5058
f 5948/6037/5110 5949/6038/5053 5974/6039/5095 5973/6021/5102
f 5625/5876/4999 5626/5851/4979 5650/5959/5064 5649/5935/5015
f 5969/5964/5067 5988/6040/5111 5989/5991/5082
f 5970/6041/5112 5988/6040/5111 5969/5964/5067
f 5840/5984/5077 5839/5993/5084 5847/6022/4960 5846/6042/5113
f 5699/5999/5088 5701/5887/5005 5700/5886/5004
f 5704/6018/5099 5703/6028/5012 5696/6043/5114 5695/6019/5100
f 5698/6044/5115 5699/5999/5088 5676/5940/5003 5677/5939/5048
f 5647/5938/5047 5648/5936/5045 5672/5968/5013 5671/5988/5080
f 5696/6043/5114 5697/6045/5116 5678/5955/5010 5679/5954/5060
f 5695/6019/5100 5696/6043/5114 5679/5954/5060 5680/5981/5076
f 5636/5915/5030 5637/6046/5117 5661/6004/5092 5660/5826/4958
f 5801/6047/5118 5802/5980/5075 5848/6014/5096 5825/6013/5059
f 5691/5995/5085 5692/5992/5083 5683/5828/4960 5684/5827/4959
f 5696/6043/5114 5703/6028/5012 5697/6045/5116
f 5703/6028/5012 5702/6003/5091 5697/6045/5116
f 5697/6045/5116 5702/6003/5091 5698/6044/5115
f 5702/6003/5091 5701/5887/5005 5698/6044/5115
f 5698/6044/5115 5701/5887/5005 5699/5999/5088
f 5836/6012/5095 5837/5931/5041 5813/5934/5044 5814/6048/5053
f 5945/6002/5061 5946/6023/5103 5971/6025/5085 5970/6041/5112
f 5570/5777/4924 5571/5776/4910 5569/5779/4926 5568/5778/4925
f 5732/6049/4898 5733/6050/5119 5731/5819/4953 5730/5818/4901
f 5712/5848/4912 5713/6051/4911 5711/5747/4895 5710/5746/4894
f 5722/5854/4941 5723/6052/5120 5721/6053/4944 5720/5855/4982
f 5891/5813/4950 5893/6054/5121 5892/6055/4909 5890/5814/4951
f 5883/6056/4919 5885/6057/4920 5884/6058/5122 5882/6059/4962
f 5742/6060/5123 5743/6061/4920 5741/6062/4942 5740/6063/5124
f 5566/5781/4928 5567/5780/4927 5565/6064/5125 5564/5867/4991
f 5724/5793/4937 5725/5792/4936 5723/6052/5120 5722/5854/4941
f 5693/5990/5041 5694/5989/5081 5681/5952/5059 5682/5951/5058
f 5853/6065/5126 5855/6066/4936 5854/6067/4937 5849/6068/4917
f 5592/5811/4949 5593/5810/4907 5591/5783/4908 5590/5782/4909
f 5584/5787/4914 5585/5786/4931 5583/6069/5127 5582/6070/4917
f 5750/5882/4935 5751/6071/4934 5749/6072/5128 5748/5883/4965
f 5580/6073/4937 5581/6074/5129 5579/6075/5130 5578/5875/4941
f 5881/6076/5131 5883/6056/4919 5882/6059/4962 5880/6077/5132
f 5716/6078/5133 5717/6079/4923 5715/6080/4910 5714/5847/4913
f 5718/6081/4946 5719/6082/5134 5717/6079/4923 5716/6078/5133
f 5738/6083/4947 5739/6084/4948 5737/5759/4907 5736/5758/4906
f 5740/6063/5124 5741/6062/4942 5739/6084/4948 5738/6083/4947
f 5582/6070/4917 5583/6069/5127 5581/6074/5129 5580/6073/4937
f 5875/5755/4903 5877/6085/4934 5876/5836/4935 5874/5756/4904
f 5604/5858/4965 5605/6086/5135 5603/6087/5136 5602/5859/4961
f 5871/5806/4896 5873/5754/4902 5872/5757/4905 5870/5807/4897
f 5926/5900/5017 5951/5899/5013 5950/6088/5072 5925/6089/5047
f 5728/5766/4914 5726/5769/4917 5766/6090/5137 5765/6091/5138
f 5977/6092/5139 5981/6093/5140 5976/6094/5012
f 5850/6095/4914 5898/6096/5141 5897/5969/4968 5896/6097/4901
f 5896/6097/4901 5897/5969/4968 5920/5972/4969 5894/6098/4898
f 5734/5761/4909 5732/6049/4898 5763/6099/4969 5762/6100/5142
f 5736/5758/4906 5734/5761/4909 5762/6100/5142 5761/6101/4986
f 5884/6058/5122 5915/5912/5028 5914/6102/4963 5882/6059/4962
f 5740/6063/5124 5738/6083/4947 5760/6103/5143 5759/6104/4997
f 5888/5815/4947 5917/6105/5143 5916/5909/5025 5886/6106/5124
f 5890/5814/4951 5918/6107/5144 5917/6105/5143 5888/5815/4947
f 5892/6055/4909 5919/6108/5145 5918/6107/5144 5890/5814/4951
f 5880/6077/5132 5913/6109/5146 5912/5834/4966 5878/5833/4965
f 5582/6070/4917 5580/6073/4937 5623/5937/5046 5622/6110/5147
f 5876/5836/4935 5911/5835/4967 5910/5901/5018 5874/5756/4904
f 5874/5756/4904 5910/5901/5018 5909/5870/4994 5872/5757/4905
f 5708/5749/4897 5707/5785/4930 5776/6111/4994 5775/6112/4995
f 5870/5807/4897 5908/5871/4995 5907/5839/4970 5868/5799/4894
f 5868/5799/4894 5907/5839/4970 5906/5842/4973 5866/5764/4912
f 5860/5817/4946 5903/6113/5148 5902/5843/4974 5858/5796/4940
f 5752/6114/4904 5750/5882/4935 5754/5885/4967 5753/6115/4989
f 5718/6081/4946 5716/6078/5133 5771/6116/5149 5770/6117/5148
f 5720/5855/4982 5718/6081/4946 5770/6117/5148 5769/5856/4974
f 5862/6118/5133 5904/5930/5040 5903/6113/5148 5860/5817/4946
f 5856/5797/4941 5901/5844/4975 5900/6119/5046 5854/6067/4937
f 5606/5791/4935 5604/5858/4965 5611/5861/4985 5610/5864/4988
f 5980/6120/5150 5981/6093/5140 5977/6092/5139
f 5765/6091/5138 5766/6090/5137 5790/6121/5151 5789/6122/5152
f 5978/6036/5109 5980/6120/5150 5977/6092/5139
f 5710/5746/4894 5708/5749/4897 5775/6112/4995 5774/6123/5153
f 5763/6099/4969 5764/6124/4968 5788/6125/5154 5787/6126/5069
f 5580/6073/4937 5578/5875/4941 5624/5877/5000 5623/5937/5046
f 5914/6102/4963 5939/6127/5117 5938/6128/5030 5913/6109/5146
f 5918/6107/5144 5943/6000/5089 5942/6129/5065 5917/6105/5143
f 5770/6117/5148 5771/6116/5149 5795/6026/5105 5794/6130/5155
f 5917/6105/5143 5942/6129/5065 5941/5910/5026 5916/5909/5025
f 5757/5831/4963 5758/6131/5156 5782/5922/5027 5781/5921/5035
f 5784/5961/5065 5785/6132/5022 5809/5986/5079 5808/5962/5063
f 5755/5884/4966 5756/5832/4964 5780/5925/5030 5779/5978/5031
f 5801/6047/5118 5824/6133/5157 5800/6134/5158 5777/6135/5159
f 5911/5835/4967 5936/6032/5073 5935/5902/5019 5910/5901/5018
f 5619/5838/4969 5620/5837/4968 5644/5947/5055 5643/5973/5069
f 5900/6119/5046 5925/6089/5047 5924/6136/5151 5899/6137/5137
f 5901/5844/4975 5926/5900/5017 5925/6089/5047 5900/6119/5046
f 5612/5860/4984 5613/5853/4981 5637/6046/5117 5636/5915/5030
f 5772/5850/4978 5773/5849/4973 5797/5879/4972 5796/5878/5001
f 5771/6116/5149 5772/5850/4978 5796/5878/5001 5795/6026/5105
f 5630/5869/4993 5631/5868/4992 5655/5920/5008 5654/5953/4971
f 5799/6138/5160 5800/6134/5158 5824/6133/5157 5823/6139/5009
f 5902/5843/4974 5927/5897/5015 5926/5900/5017 5901/5844/4975
f 5767/6140/5161 5768/5857/4983 5792/6141/5045 5791/6142/5047
f 5766/6090/5137 5767/6140/5161 5791/6142/5047 5790/6121/5151
f 5979/6035/5108 5980/6120/5150 5978/6036/5109
f 5789/6122/5152 5790/6121/5151 5814/6048/5053 5813/5934/5044
f 5987/6143/5162 5988/6040/5111 5970/6041/5112 5971/6025/5085
f 5936/6032/5073 5961/6031/5057 5960/6144/5118 5935/5902/5019
f 5922/5970/5068 5947/6024/5104 5946/6023/5103 5921/5971/5069
f 5921/5971/5069 5946/6023/5103 5945/6002/5061 5944/6001/5090
f 5835/5975/5071 5836/6012/5095 5814/6048/5053 5815/5976/5072
f 5942/6129/5065 5943/6000/5089 5968/5966/5062 5967/5965/5063
f 5954/6034/5106 5955/6145/5163 5980/6120/5150 5979/6035/5108
f 5940/5911/5027 5941/5910/5026 5966/5983/5066 5965/6146/5164
f 5939/6127/5117 5940/5911/5027 5965/6146/5164 5964/6147/5037
f 5839/5993/5084 5840/5984/5077 5810/5987/5061 5811/5994/5070
f 5938/6128/5030 5963/6148/4958 5962/6030/5107 5937/6029/5031
f 5828/6149/5116 5829/6150/5115 5821/5880/5002 5822/6151/5010
f 5760/6103/5143 5761/6101/4986 5785/6132/5022 5784/5961/5065
f 5935/5902/5019 5960/6144/5118 5959/6152/5165 5934/5903/5020
f 5934/5903/5020 5959/6152/5165 5958/5891/5009 5933/5890/5008
f 5786/6153/5021 5787/6126/5069 5811/5994/5070 5810/5987/5061
f 5938/6128/5030 5939/6127/5117 5964/6147/5037 5963/6148/4958
f 5931/5841/4972 5956/6154/5002 5955/6145/5163 5930/5913/5029
f 5930/5913/5029 5955/6145/5163 5954/6034/5106 5929/5929/5039
f 5929/5929/5039 5954/6034/5106 5953/6033/5006 5928/6155/5166
f 5928/6155/5166 5953/6033/5006 5952/5898/5016 5927/5897/5015
f 5697/6045/5116 5698/6044/5115 5677/5939/5048 5678/5955/5010
f 5779/5978/5031 5780/5925/5030 5804/6156/5167 5803/5979/5074
f 5925/6089/5047 5950/6088/5072 5949/6038/5053 5924/6136/5151
f 5976/6094/5012 5982/6157/5116 5975/6158/5168
f 5932/5840/4971 5957/5892/5010 5956/6154/5002 5931/5841/4972
f 5981/6093/5140 5982/6157/5116 5976/6094/5012
f 5949/6038/5053 5950/6088/5072 5975/6158/5168 5974/6039/5095
f 5826/6017/5098 5827/6016/5097 5823/6139/5009 5824/6133/5157
f 5951/5899/5013 5952/5898/5016 5977/6092/5139 5976/6094/5012
f 5681/5952/5059 5695/6019/5100 5680/5981/5076 5657/5949/5056
f 5843/6159/5169 5844/5942/5050 5806/5923/5036 5807/5963/5066
f 5842/6008/5087 5843/6159/5169 5807/5963/5066 5808/5962/5063
f 5637/6046/5117 5638/5928/5038 5662/6005/5036 5661/6004/5092
f 5956/6154/5002 5957/5892/5010 5982/6157/5116 5981/6093/5140
f 5957/5892/5010 5958/5891/5009 5983/6160/5114 5982/6157/5116
f 5958/5891/5009 5959/6152/5165 5984/6020/5101 5983/6160/5114
f 5825/6013/5059 5826/6017/5098 5824/6133/5157 5801/6047/5118
f 5960/6144/5118 5961/6031/5057 5986/6010/5094 5985/6009/5059
f 5961/6031/5057 5962/6030/5107 5987/6143/5162 5986/6010/5094
f 5988/6040/5111 5987/6143/5162 5962/6030/5107 5963/6148/4958
f 5989/5991/5082 5988/6040/5111 5963/6148/4958 5964/6147/5037
f 5955/6145/5163 5956/6154/5002 5981/6093/5140 5980/6120/5150
f 5992/5824/4956 5990/5823/4955 5965/6146/5164 5966/5983/5066
f 5662/6005/5036 5663/5982/5066 5687/6015/4956 5686/6006/5050
f 5952/5898/5016 5953/6033/5006 5978/6036/5109 5977/6092/5139
f 5613/5853/4981 5614/5852/4980 5638/5928/5038 5637/6046/5117
f 5832/6161/5170 5833/5893/5011 5817/5896/5014 5818/6162/5006
f 5831/6163/5171 5830/6164/5172 5832/6161/5170
f 5831/6163/5171 5832/6161/5170 5818/6162/5006 5819/6027/5106
f 5830/6164/5172 5829/6150/5115 5832/6161/5170
f 5832/6161/5170 5829/6150/5115 5833/5893/5011
f 5829/6150/5115 5828/6149/5116 5833/5893/5011
f 5833/5893/5011 5828/6149/5116 5834/5894/5012
f 5830/6164/5172 5831/6163/5171 5819/6027/5106 5820/5881/5003
f 5829/6150/5115 5830/6164/5172 5820/5881/5003 5821/5880/5002
f 5843/6159/5169 5842/6008/5087 5844/5942/5050
f 5844/5942/5050 5842/6008/5087 5845/5941/5049
f 5842/6008/5087 5841/5985/5078 5845/5941/5049
f 5841/5985/5078 5840/5984/5077 5845/5941/5049
f 5845/5941/5049 5840/5984/5077 5846/6042/5113
f 5790/6121/5151 5791/6142/5047 5815/5976/5072 5814/6048/5053
f 5622/6110/5147 5623/5937/5046 5647/5938/5047 5646/5944/5052
f 5968/5966/5062 5945/6002/5061 5970/6041/5112 5969/5964/5067
f 5827/6016/5097 5828/6149/5116 5822/6151/5010 5823/6139/5009
f 5667/5974/5070 5668/5948/5043 5692/5992/5083 5691/5995/5085
f 5986/6010/5094 5987/6143/5162 5971/6025/5085 5972/6011/5083
f 5959/6152/5165 5960/6144/5118 5985/6009/5059 5984/6020/5101
f 5838/5932/5042 5837/5931/5041 5848/6014/5096
f 5849/6068/4917 5899/6137/5137 5898/6096/5141 5850/6095/4914
f 5983/6160/5114 5984/6020/5101 5973/6021/5102 5974/6039/5095
f 5982/6157/5116 5983/6160/5114 5974/6039/5095 5975/6158/5168
f 5827/6016/5097 5834/5894/5012 5828/6149/5116
f 5923/6165/5152 5948/6037/5110 5947/6024/5104 5922/5970/5068
f 5802/5980/5075 5803/5979/5074 5847/6022/4960 5848/6014/5096
f 5947/6024/5104 5948/6037/5110 5973/6021/5102 5972/6011/5083
f 5657/5949/5056 5680/5981/5076 5656/5919/5034 5633/5918/5033
f 5803/5979/5074 5804/6156/5167 5846/6042/5113 5847/6022/4960
f 5692/5992/5083 5693/5990/5041 5682/5951/5058 5683/5828/4960
f 5705/6166/4903 5752/6114/4904 5707/5785/4930 5706/5784/4929
f 5863/6167/4923 5865/5762/4910 5864/5765/4913 5862/6118/5133
f 5780/5925/5030 5781/5921/5035 5805/5924/5037 5804/6156/5167
f 5629/5872/4996 5630/5869/4993 5654/5953/4971 5653/5926/4972
f 5782/5922/5027 5783/5960/5026 5807/5963/5066 5806/5923/5036
f 5578/5875/4941 5579/6075/5130 5577/5803/4944 5576/5802/4940
f 5885/6057/4920 5887/6168/4942 5886/6106/5124 5884/6058/5122
f 5877/6085/4934 5879/6169/5173 5878/5833/4965 5876/5836/4935
f 5602/5859/4961 5603/6087/5136 5601/5771/4919 5600/5770/4918
f 5851/6170/4915 5853/6065/5126 5849/6068/4917 5850/6095/4914
f 5861/5816/4952 5863/6167/4923 5862/6118/5133 5860/5817/4946
f 5734/5761/4909 5735/5760/4908 5733/6050/5119 5732/6049/4898
f 5714/5847/4913 5715/6080/4910 5713/6051/4911 5712/5848/4912
f 5720/5855/4982 5721/6053/4944 5719/6082/5134 5718/6081/4946
f 5895/6171/5174 5852/6172/5175 5896/6097/4901 5894/6098/4898
f 5596/5801/4943 5597/5800/4942 5595/5809/4948 5594/5808/4947
f 5752/6114/4904 5705/6166/4903 5751/6071/4934 5750/5882/4935
f 5564/5867/4991 5565/6064/5125 5563/5821/4902 5562/5820/4905
f 5893/6054/5121 5895/6171/5174 5894/6098/4898 5892/6055/4909
f 5748/5883/4965 5749/6072/5128 5747/6173/5176 5746/5829/4961
f 5855/6066/4936 5857/5794/4938 5856/5797/4941 5854/6067/4937
f 5879/6169/5173 5881/6076/5131 5880/6077/5132 5878/5833/4965
f 5574/5805/4946 5575/5804/4945 5573/5775/4923 5572/5774/4922
f 5850/6095/4914 5896/6097/4901 5852/6172/5175 5851/6170/4915
f 5746/5829/4961 5747/6173/5176 5745/6174/4919 5744/5830/4962
f 5887/6168/4942 5889/5812/4948 5888/5815/4947 5886/6106/5124
f 5606/5791/4935 5607/5790/4934 5605/6086/5135 5604/5858/4965
f 5730/5818/4901 5728/5766/4914 5765/6091/5138 5764/6124/4968
f 5794/6130/5155 5795/6026/5105 5819/6027/5106 5818/6162/5006
f 5753/6115/4989 5776/6111/4994 5707/5785/4930 5752/6114/4904
f 5726/5769/4917 5724/5793/4937 5767/6140/5161 5766/6090/5137
f 5724/5793/4937 5722/5854/4941 5768/5857/4983 5767/6140/5161
f 5712/5848/4912 5710/5746/4894 5774/6123/5153 5773/5849/4973
f 5866/5764/4912 5906/5842/4973 5905/5914/4976 5864/5765/4913
f 5864/5765/4913 5905/5914/4976 5904/5930/5040 5862/6118/5133
f 5742/6060/5123 5740/6063/5124 5759/6104/4997 5758/6131/5156
f 5775/6112/4995 5776/6111/4994 5800/6134/5158 5799/6138/5160
f 5602/5859/4961 5600/5770/4918 5613/5853/4981 5612/5860/4984
f 5590/5782/4909 5588/5750/4898 5619/5838/4969 5618/5874/4998
f 5854/6067/4937 5900/6119/5046 5899/6137/5137 5849/6068/4917
f 5586/5753/4901 5584/5787/4914 5621/6175/5138 5620/5837/4968
f 5584/5787/4914 5582/6070/4917 5622/6110/5147 5621/6175/5138
f 5732/6049/4898 5730/5818/4901 5764/6124/4968 5763/6099/4969
f 5894/6098/4898 5920/5972/4969 5919/6108/5145 5892/6055/4909
f 5568/5778/4925 5566/5781/4928 5630/5869/4993 5629/5872/4996
f 5738/6083/4947 5736/5758/4906 5761/6101/4986 5760/6103/5143
f 5716/6078/5133 5714/5847/4913 5772/5850/4978 5771/6116/5149
f 5886/6106/5124 5916/5909/5025 5915/5912/5028 5884/6058/5122
f 5764/6124/4968 5765/6091/5138 5789/6122/5152 5788/6125/5154
f 5882/6059/4962 5914/6102/4963 5913/6109/5146 5880/6077/5132
f 5920/5972/4969 5921/5971/5069 5944/6001/5090 5919/6108/5145
f 5576/5802/4940 5574/5805/4946 5626/5851/4979 5625/5876/4999
f 5912/5834/4966 5937/6029/5031 5936/6032/5073 5911/5835/4967
f 5744/5830/4962 5742/6060/5123 5758/6131/5156 5757/5831/4963
f 5753/6115/4989 5754/5885/4967 5778/5977/5073 5777/6135/5159
f 5777/6135/5159 5800/6134/5158 5776/6111/4994 5753/6115/4989
f 5909/5870/4994 5934/5903/5020 5933/5890/5008 5908/5871/4995
f 5660/5826/4958 5661/6004/5092 5685/6007/5093 5684/5827/4959
f 5768/5857/4983 5769/5856/4974 5793/6176/5015 5792/6141/5045
f 5769/5856/4974 5770/6117/5148 5794/6130/5155 5793/6176/5015
f 5615/5873/4997 5616/5863/4987 5640/5906/5023 5639/5927/5026
f 5904/5930/5040 5929/5929/5039 5928/6155/5166 5903/6113/5148
f 5903/6113/5148 5928/6155/5166 5927/5897/5015 5902/5843/4974
f 5773/5849/4973 5774/6123/5153 5798/6177/4971 5797/5879/4972
f 5774/6123/5153 5775/6112/4995 5799/6138/5160 5798/6177/4971
f 5626/5851/4979 5627/5846/4977 5651/5908/5024 5650/5959/5064
f 5899/6137/5137 5924/6136/5151 5923/6165/5152 5898/6096/5141
f 5898/6096/5141 5923/6165/5152 5922/5970/5068 5897/5969/4968
f 5754/5885/4967 5755/5884/4966 5779/5978/5031 5778/5977/5073
f 5762/6100/5142 5763/6099/4969 5787/6126/5069 5786/6153/5021
f 5919/6108/5145 5944/6001/5090 5943/6000/5089 5918/6107/5144
f 5620/5837/4968 5621/6175/5138 5645/5943/5051 5644/5947/5055
f 5759/6104/4997 5760/6103/5143 5784/5961/5065 5783/5960/5026
f 5758/6131/5156 5759/6104/4997 5783/5960/5026 5782/5922/5027
f 5915/5912/5028 5940/5911/5027 5939/6127/5117 5914/6102/4963
f 5761/6101/4986 5762/6100/5142 5786/6153/5021 5785/6132/5022
f 5913/6109/5146 5938/6128/5030 5937/6029/5031 5912/5834/4966
f 5703/6028/5012 5704/6018/5099 5671/5988/5080 5672/5968/5013
f 5785/6132/5022 5786/6153/5021 5810/5987/5061 5809/5986/5079
f 5964/6147/5037 5965/6146/5164 5990/5823/4955 5989/5991/5082
f 5777/6135/5159 5778/5977/5073 5802/5980/5075 5801/6047/5118
f 5621/6175/5138 5622/6110/5147 5646/5944/5052 5645/5943/5051
f 5950/6088/5072 5951/5899/5013 5976/6094/5012 5975/6158/5168
f 5798/6177/4971 5799/6138/5160 5823/6139/5009 5822/6151/5010
f 5797/5879/4972 5798/6177/4971 5822/6151/5010 5821/5880/5002
f 5793/6176/5015 5794/6130/5155 5818/6162/5006 5817/5896/5014
f 5941/5910/5026 5942/6129/5065 5967/5965/5063 5966/5983/5066
f 5651/5908/5024 5652/5907/5001 5676/5940/5003 5675/5889/5007
f 5908/5871/4995 5933/5890/5008 5932/5840/4971 5907/5839/4970
f 5792/6141/5045 5793/6176/5015 5817/5896/5014 5816/5895/5013
f 5791/6142/5047 5792/6141/5045 5816/5895/5013 5815/5976/5072
f 5804/6156/5167 5805/5924/5037 5845/5941/5049 5846/6042/5113
f 5924/6136/5151 5949/6038/5053 5948/6037/5110 5923/6165/5152
f 5788/6125/5154 5789/6122/5152 5813/5934/5044 5812/5933/5043
f 5787/6126/5069 5788/6125/5154 5812/5933/5043 5811/5994/5070
f 5638/5928/5038 5639/5927/5026 5663/5982/5066 5662/6005/5036
f 5744/5830/4962 5745/6174/4919 5743/6061/4920 5742/6060/5123
