# Blender 4.4.0
# www.blender.org
mtllib Covered1.mtl
o Covered1
v 0.405477 0.019496 0.300459
v 0.429008 0.080516 0.268324
v 0.412490 0.012656 0.272777
v 0.418979 0.029835 0.232545
v 0.408192 0.008302 0.228674
v 0.415140 0.004684 0.227814
v 0.441934 0.085560 0.222243
v 0.442453 0.266219 0.227784
v 0.451269 0.122030 0.213674
v 0.441862 0.067697 0.213550
v 0.453664 0.074826 0.211624
v 0.453997 0.055852 0.219176
v 0.458585 0.032957 0.246114
v 0.439446 0.002728 0.271087
v 0.448023 0.003683 0.292698
v 0.489158 0.034174 0.293068
v 0.523715 0.072771 0.295864
v 0.491164 0.147314 0.216917
v 0.422891 0.164381 0.280905
v 0.397326 0.022441 0.307226
v 0.445864 0.336894 0.216281
v 0.466506 0.195725 0.205409
v 0.439026 0.468237 0.208285
v 0.428028 0.434658 0.236050
v 0.410693 0.227901 0.282382
v 0.387785 0.024545 0.309108
v 0.378117 0.026161 0.304187
v 0.373454 0.025484 0.291059
v 0.386410 0.148001 0.285907
v 0.392785 0.152166 0.290928
v 0.406657 0.319069 0.266918
v 0.417344 0.413275 0.248661
v 0.427304 0.527864 0.202098
v 0.395893 0.283922 0.270484
v 0.410885 0.526205 0.219935
v 0.405777 0.402209 0.251541
v 0.408383 0.557682 0.203986
v 0.450664 0.467784 0.201790
v 0.529442 0.511049 0.189967
v 0.481176 0.199337 0.203846
v 0.539308 0.472683 0.195477
v 0.569647 0.530616 0.184178
v 0.427962 0.543567 0.196557
v 0.531221 0.560111 0.174929
v 0.468266 0.568879 0.176463
v 0.419702 0.572898 0.178041
v 0.399697 0.568741 0.201125
v 0.400707 0.514849 0.217712
v 0.395224 0.426372 0.234683
v 0.397154 0.336416 0.257721
v 0.387806 0.218984 0.267829
v 0.393455 0.327266 0.248375
v 0.389198 0.441182 0.215156
v 0.391029 0.231012 0.230296
v 0.389286 0.021230 0.243179
v 0.389054 0.130149 0.239782
v 0.385197 0.156514 0.221135
v 0.385019 0.019707 0.222734
v 0.388735 0.324535 0.219900
v 0.377814 0.333211 0.212885
v 0.391205 0.508945 0.210277
v 0.376550 0.164777 0.214534
v 0.368735 0.018581 0.213139
v 0.348980 0.016903 0.214559
v 0.331928 0.279897 0.218510
v 0.305257 0.478357 0.218878
v 0.371452 0.504475 0.208122
v 0.388514 0.550703 0.198078
v 0.364833 0.611730 0.157632
v 0.352126 0.605354 0.158511
v 0.276050 0.523813 0.217948
v 0.274926 0.448076 0.232145
v 0.298123 0.013395 0.261280
v 0.303440 0.181893 0.244234
v 0.288248 0.109291 0.255470
v 0.275582 0.011373 0.261706
v 0.241940 0.004986 0.248432
v 0.264548 0.107053 0.253618
v 0.244805 0.477784 0.223559
v 0.212419 0.024053 0.242340
v 0.320846 0.551447 0.204872
v 0.312158 0.601391 0.173098
v 0.388828 0.604782 0.168991
v 0.423289 0.600691 0.151530
v 0.344246 0.664754 0.115341
v 0.248233 0.571222 0.201338
v 0.275101 0.679432 0.132796
v 0.222831 0.645365 0.146067
v 0.173422 0.602058 0.179629
v 0.161120 0.623650 0.156046
v 0.085421 0.576968 0.204499
v 0.049175 0.562541 0.225752
v -0.194226 0.496096 0.267722
v -0.162525 0.442668 0.265298
v -0.252059 0.546374 0.263752
v -0.145186 0.086042 0.267823
v -0.152211 0.205603 0.267041
v -0.182894 0.417387 0.271683
v -0.239596 0.514528 0.271417
v -0.169659 0.023800 0.277182
v -0.222255 0.411143 0.291836
v -0.212203 0.352109 0.298817
v -0.180891 0.336155 0.276037
v -0.185236 0.024960 0.283368
v -0.208555 0.263252 0.306267
v -0.227519 0.139893 0.324193
v -0.242594 0.101801 0.331428
v -0.240332 0.150289 0.331225
v -0.228721 0.292906 0.310674
v -0.276113 0.518299 0.269012
v -0.252562 0.483397 0.273250
v -0.236544 0.423331 0.287040
v -0.282718 0.392436 0.271261
v -0.316029 0.452274 0.284640
v -0.304920 0.500249 0.276067
v -0.260813 0.556466 0.257293
v -0.115697 0.563062 0.239298
v -0.084736 0.550271 0.246259
v 0.040825 0.584862 0.193106
v 0.124550 0.644741 0.118232
v 0.242165 0.684620 0.106633
v 0.195605 0.732041 0.007177
v 0.259830 0.753036 0.011437
v 0.287948 0.714099 0.076372
v 0.302110 0.739864 0.044327
v 0.307802 0.773024 0.009297
v 0.230888 0.758428 -0.024583
v 0.234065 0.766560 -0.050589
v 0.290630 0.786935 -0.024820
v 0.286704 0.794730 -0.067941
v 0.230690 0.767428 -0.084954
v 0.132056 0.734379 -0.046510
v 0.115924 0.732604 -0.071874
v 0.159026 0.739001 -0.102870
v 0.283171 0.793255 -0.102609
v 0.316003 0.785122 -0.012137
v 0.325641 0.716210 0.067807
v 0.490398 0.602590 0.137239
v 0.424705 0.658086 0.093892
v 0.345899 0.762148 0.016789
v 0.350739 0.775995 -0.005501
v 0.342258 0.790267 -0.035289
v 0.319569 0.798379 -0.066990
v 0.219924 0.750911 -0.129030
v 0.278532 0.777113 -0.141340
v 0.326087 0.792814 -0.121584
v 0.351464 0.794824 -0.083077
v 0.389751 0.733792 0.019907
v 0.366969 0.780796 -0.038607
v 0.397346 0.747527 -0.012453
v 0.559800 0.561073 0.164704
v 0.530551 0.625790 0.065622
v 0.583564 0.562244 0.145708
v 0.586204 0.541166 0.167869
v 0.553639 0.509159 0.191388
v 0.553585 0.455163 0.205363
v 0.488199 0.110563 0.227505
v 0.538544 0.140137 0.294259
v 0.551089 0.263865 0.259211
v 0.571019 0.439658 0.217070
v 0.575642 0.506037 0.192292
v 0.578079 0.455985 0.200961
v 0.580063 0.480238 0.188352
v 0.601441 0.517611 0.160171
v 0.580043 0.408844 0.218977
v 0.572122 0.338585 0.243400
v 0.566582 0.263040 0.261372
v 0.547479 0.092866 0.316969
v 0.505034 0.042672 0.315555
v 0.515590 0.051605 0.341193
v 0.529876 0.062232 0.338378
v 0.552269 0.093332 0.320580
v 0.552936 0.175707 0.287885
v 0.563653 0.160926 0.290520
v 0.558421 0.090507 0.321325
v 0.539557 0.063013 0.336569
v 0.480608 0.017400 0.377877
v 0.527235 0.045057 0.345615
v 0.537715 0.048416 0.329445
v 0.477068 0.019686 0.380440
v 0.475307 0.013831 0.372751
v 0.520194 0.032567 0.327524
v 0.518178 0.020374 0.267150
v 0.556280 0.079406 0.313051
v 0.572727 0.163860 0.276038
v 0.575467 0.236228 0.258481
v 0.564201 0.105168 0.295412
v 0.537956 0.065907 0.259237
v 0.528733 0.042888 0.244984
v 0.502697 0.012691 0.293947
v 0.468266 0.012660 0.363254
v 0.468388 0.006771 0.358107
v 0.475592 0.001421 0.356515
v 0.491150 -0.000221 0.356922
v 0.517933 0.012959 0.254841
v 0.509951 0.002025 0.287133
v 0.541317 0.036080 0.211740
v 0.533396 0.047399 0.222143
v 0.567639 0.157700 0.260421
v 0.544177 0.000309 0.249667
v 0.553565 0.133517 0.249125
v 0.574762 0.235148 0.243400
v 0.566595 0.370568 0.200281
v 0.555150 0.246900 0.210530
v 0.543958 0.125856 0.229379
v 0.535988 0.081953 0.217694
v 0.553639 0.220315 0.211740
v 0.564787 0.336211 0.195121
v 0.575798 0.431552 0.183422
v 0.592318 0.450896 0.173750
v 0.596258 0.493202 0.169144
v 0.600471 0.543518 0.144619
v 0.595875 0.557407 0.128152
v 0.622882 0.490403 0.148951
v 0.632221 0.436479 0.163769
v 0.610328 0.426208 0.172100
v 0.569009 0.236926 0.184966
v 0.559132 0.237183 0.192662
v 0.557160 0.259348 0.196363
v 0.544671 0.081053 0.201475
v 0.557225 0.043215 0.197884
v 0.565702 0.019207 0.201279
v 0.590462 0.004710 0.204149
v 0.641963 -0.000155 0.203947
v 0.672351 0.004995 0.195852
v 0.640831 0.006532 0.194611
v 0.719104 0.008757 0.188674
v 0.785049 0.001792 0.182861
v 0.840865 0.000692 0.179458
v 0.869790 0.006109 0.179405
v 0.897762 -0.000011 0.222498
v 0.884569 0.005244 0.176915
v 0.886315 0.003811 0.166429
v 0.859825 0.002425 0.136610
v 0.864326 0.016173 0.166060
v 0.838802 0.022418 0.164251
v 0.844248 0.009086 0.146775
v 0.830000 -0.000611 0.108169
v 0.901291 -0.000611 0.340640
v 0.750789 0.002121 0.147065
v 0.670442 0.007948 0.166093
v 0.668960 -0.000542 0.136268
v 0.663656 -0.000611 -0.025706
v 0.647350 0.003725 -0.030621
v 0.631646 0.003646 0.054877
v 0.653974 0.002121 0.128974
v 0.670207 0.025807 0.188355
v 0.720864 0.034128 0.192292
v 0.804866 0.032244 0.188184
v 0.647813 0.002121 -0.047867
v 0.718438 0.040218 0.214228
v 0.678183 0.030630 0.205099
v 0.658914 0.035789 0.193484
v 0.660135 0.013831 0.157919
v 0.659002 0.037820 0.154524
v 0.626396 0.011647 0.093588
v 0.651986 0.010770 -0.053528
v 0.624256 0.015379 0.068211
v 0.620865 0.028523 0.088771
v 0.668936 0.002902 -0.056461
v 0.655734 0.016954 -0.028419
v 0.684919 0.018485 -0.005552
v 0.638458 0.023437 0.058635
v 0.688299 0.001341 -0.062792
v 0.679971 0.027953 0.023108
v 0.629331 0.032177 0.075605
v 0.620436 0.035620 0.100911
v 0.625810 0.053254 0.115405
v 0.619198 0.102552 0.104436
v 0.623671 0.110263 0.115489
v 0.652031 0.014211 0.138024
v 0.655959 0.137223 0.155952
v 0.673358 0.099176 0.182235
v 0.614839 0.505524 0.119254
v 0.618292 0.206568 0.081263
v 0.630998 0.258593 0.055179
v 0.649182 0.032526 0.060036
v 0.683693 0.060044 0.036967
v 0.692700 0.028273 0.002336
v 0.697802 0.004069 -0.068291
v 0.695340 0.019296 -0.046510
v 0.698931 0.010516 -0.076350
v 0.685932 0.033476 -0.024247
v 0.672457 0.020857 -0.062792
v 0.668936 0.004463 -0.091286
v 0.629791 0.009631 -0.092443
v 0.645173 0.001341 -0.106663
v 0.609087 0.002902 -0.126111
v 0.600286 0.002121 -0.145107
v 0.596054 0.017278 -0.130593
v 0.584213 0.008162 -0.182424
v 0.582683 0.016173 -0.207974
v 0.608207 0.018905 -0.104854
v 0.641782 0.030208 -0.058443
v 0.695340 0.031786 -0.008971
v 0.686010 0.056395 0.026832
v 0.678618 0.052474 0.005954
v 0.621662 0.045684 -0.060918
v 0.681258 0.066526 0.021331
v 0.664993 0.101863 0.046911
v 0.665541 0.166016 0.033410
v 0.621214 0.362142 0.057900
v 0.609626 0.476882 0.070964
v 0.614578 0.461244 0.047606
v 0.657934 0.243827 0.019591
v 0.627979 0.418166 0.030265
v 0.607575 0.503978 0.043449
v 0.625048 0.445327 0.011208
v 0.603577 0.523485 0.010426
v 0.609087 0.534140 0.121737
v 0.629143 0.467723 0.142413
v 0.580321 0.538348 -0.144927
v 0.597158 0.529382 -0.023931
v 0.664667 0.172150 0.011273
v 0.651334 0.068868 -0.010780
v 0.621163 0.114469 -0.043065
v 0.634887 0.367132 0.003079
v 0.606950 0.097079 -0.073523
v 0.616967 0.348672 -0.026507
v 0.601727 0.461627 -0.036937
v 0.587658 0.505834 -0.140245
v 0.573002 0.563025 -0.148273
v 0.569133 0.559827 -0.143706
v 0.486849 0.686247 -0.001478
v 0.590650 0.512631 -0.159782
v 0.546598 0.593080 -0.082240
v 0.488120 0.683930 -0.017935
v 0.373346 0.783597 -0.089221
v 0.359130 0.788245 -0.111638
v 0.365225 0.777225 -0.136997
v 0.337354 0.776816 -0.151549
v 0.308971 0.772136 -0.159223
v 0.288118 0.763559 -0.163618
v 0.143303 0.723232 -0.132008
v -0.003424 0.702691 -0.103606
v -0.073657 0.694481 -0.082120
v -0.077662 0.692990 -0.050361
v -0.029008 0.697298 -0.037012
v 0.222696 0.724077 -0.171161
v 0.139097 0.694175 -0.170887
v 0.288692 0.711615 -0.205239
v 0.321019 0.733431 -0.195568
v 0.109172 0.588396 -0.283956
v -0.017567 0.685198 -0.137418
v -0.083170 0.685771 -0.118526
v -0.155797 0.685034 -0.110694
v -0.136384 0.691053 -0.061888
v -0.055317 0.685018 -0.013128
v 0.068686 0.707446 -0.009876
v -0.034877 0.673952 0.019090
v -0.144466 0.681868 -0.018627
v -0.147593 0.672318 0.001092
v -0.158116 0.688401 -0.087527
v -0.079176 0.665681 -0.154605
v 0.105334 0.562784 -0.314251
v 0.258929 0.569747 -0.326068
v 0.204813 0.543968 -0.335996
v 0.095724 0.545888 -0.324212
v -0.144410 0.671681 -0.142982
v 0.234265 0.538231 -0.344135
v 0.296836 0.560823 -0.335553
v 0.368781 0.565048 -0.339818
v 0.261610 0.531081 -0.345528
v 0.358227 0.608805 -0.307147
v 0.345889 0.667001 -0.261638
v 0.365023 0.686541 -0.253425
v 0.359957 0.735083 -0.194040
v 0.382465 0.774640 -0.103233
v 0.413952 0.741009 -0.040862
v 0.400398 0.753461 -0.082751
v 0.389022 0.732132 -0.180416
v 0.374452 0.637355 -0.298109
v 0.379543 0.592667 -0.342631
v 0.401161 0.675805 -0.253418
v 0.454837 0.646127 -0.273070
v 0.509632 0.635626 -0.164103
v 0.499907 0.677086 -0.121316
v 0.427737 0.727746 -0.100547
v 0.448903 0.694566 -0.093547
v 0.526764 0.603570 -0.120367
v 0.535156 0.608303 -0.133800
v 0.575901 0.573324 -0.142737
v 0.591765 0.534433 -0.156635
v 0.600055 0.444570 -0.165362
v 0.590871 0.449538 -0.157819
v 0.588178 0.204040 -0.172566
v 0.586204 0.082529 -0.201642
v 0.589546 0.079857 -0.209708
v 0.584444 0.021247 -0.219733
v 0.596831 0.052518 -0.216057
v 0.587964 0.023199 -0.219281
v 0.595005 0.101655 -0.211140
v 0.593413 0.273029 -0.183298
v 0.606496 0.221164 -0.194459
v 0.616033 0.205136 -0.186812
v 0.606736 0.061029 -0.200763
v 0.595005 0.024760 -0.205712
v 0.606745 0.026378 -0.134586
v 0.615115 0.025951 -0.115884
v 0.625843 0.025256 -0.102233
v 0.640194 0.025277 -0.092668
v 0.673838 0.044986 -0.070093
v 0.692700 0.032567 -0.072743
v 0.721744 0.029444 -0.057817
v 0.684900 0.060545 -0.059728
v 0.654602 0.074698 -0.071986
v 0.614047 0.091170 -0.121382
v 0.618685 0.319877 -0.100209
v 0.610717 0.385373 -0.118218
v 0.620082 0.372974 -0.101777
v 0.615764 0.161359 -0.138749
v 0.608316 0.464507 -0.126445
v 0.617492 0.143083 -0.178190
v 0.619197 0.297794 -0.167601
v 0.609968 0.470126 -0.115257
v 0.613265 0.433455 -0.157548
v 0.599683 0.542117 -0.118772
v 0.608813 0.391292 -0.174493
v 0.597515 0.530763 -0.150941
v 0.597319 0.334626 -0.180291
v 0.575495 0.580733 -0.120146
v 0.533454 0.615321 -0.127944
v 0.540437 0.623526 -0.122493
v 0.562440 0.606351 -0.118875
v 0.611892 0.537968 -0.116298
v 0.617472 0.481001 -0.113315
v 0.704066 0.055972 -0.058850
v 0.714644 0.075127 -0.070208
v 0.730017 0.027834 -0.064046
v 0.736681 0.021515 -0.084708
v 0.735546 0.015616 -0.098205
v 0.729747 0.010496 -0.106582
v 0.659913 0.355683 -0.140183
v 0.661015 0.253493 -0.087668
v 0.628012 0.453102 -0.111788
v 0.621409 0.497840 -0.121589
v 0.602021 0.566791 -0.121264
v 0.583564 0.593080 -0.125659
v 0.614357 0.535088 -0.145170
v 0.633491 0.472920 -0.139313
v 0.602046 0.555999 -0.156414
v 0.583338 0.584653 -0.154740
v 0.541534 0.632643 -0.129890
v 0.524526 0.643576 -0.116666
v 0.504927 0.639770 -0.125763
v 0.487648 0.678302 -0.113375
v 0.529574 0.633288 -0.146789
v 0.538388 0.600207 -0.175302
v 0.607442 0.531529 -0.167164
v 0.631093 0.464004 -0.162791
v 0.637583 0.442020 -0.122023
v 0.673337 0.281987 -0.109377
v 0.630890 0.435092 -0.172751
v 0.589468 0.513870 -0.185221
v 0.574762 0.561073 -0.177219
v 0.567037 0.557626 -0.192218
v 0.551953 0.551395 -0.319977
v 0.581597 0.526704 -0.192985
v 0.571397 0.545428 -0.206206
v 0.612434 0.335527 -0.202731
v 0.705022 0.125465 -0.131539
v 0.712285 0.045635 -0.137982
v 0.646261 0.045419 -0.211293
v 0.643413 0.087213 -0.200285
v 0.660135 0.024760 -0.189883
v 0.716890 0.004616 -0.114077
v 0.674493 0.014132 -0.159201
v 0.657734 0.014563 -0.154139
v 0.629516 0.021953 -0.135925
v 0.620529 0.013831 -0.140132
v 0.613488 0.011099 -0.185360
v 0.613157 0.000101 -0.187792
v 0.631091 0.002121 -0.146012
v 0.640605 0.001951 -0.150809
v 0.659694 0.000445 -0.192289
v 0.692700 0.001341 -0.167721
v 0.681258 0.001731 -0.122493
v 0.664536 0.005634 -0.125659
v 0.718246 0.033090 -0.156573
v 0.699491 0.032837 -0.181204
v 0.703251 0.008314 -0.166548
v 0.611698 0.012764 -0.232259
v 0.737689 0.039521 -0.156977
v 0.621455 0.027189 -0.243908
v 0.614368 0.039983 -0.266318
v 0.660483 0.039241 -0.228578
v 0.602926 0.022809 -0.238729
v 0.606447 0.011099 -0.215210
v 0.611756 0.026405 -0.229158
v 0.620875 0.014873 -0.195536
v 0.649716 0.015460 -0.184618
v 0.602746 0.039578 -0.245933
v 0.603505 0.060112 -0.244843
v 0.608207 0.083310 -0.233301
v 0.603807 0.035690 -0.257724
v 0.611536 0.064965 -0.284723
v 0.593153 0.117681 -0.271735
v 0.590434 0.245182 -0.242197
v 0.571761 0.381982 -0.312929
v 0.581476 0.320525 -0.322108
v 0.565326 0.505128 -0.327352
v 0.562207 0.514360 -0.353211
v 0.572347 0.492802 -0.345973
v 0.594083 0.345501 -0.339070
v 0.604599 0.215919 -0.320916
v 0.656372 0.141074 -0.330731
v 0.691181 0.077521 -0.324335
v 0.632851 0.051693 -0.289384
v 0.599406 0.396354 -0.346823
v 0.586659 0.446140 -0.349157
v 0.601941 0.427059 -0.363602
v 0.612067 0.403266 -0.373865
v 0.544741 0.553358 -0.332130
v 0.537317 0.550142 -0.343412
v 0.544790 0.523184 -0.358612
v 0.594580 0.425981 -0.378008
v 0.680788 0.242074 -0.354692
v 0.687351 0.206318 -0.345163
v 0.726058 0.158052 -0.349224
v 0.726145 0.118049 -0.336873
v 0.785619 0.054518 -0.337327
v 0.753689 0.044694 -0.327158
v 0.657180 0.040849 -0.286136
v 0.628036 0.043828 -0.275228
v 0.661834 0.035189 -0.276251
v 0.783614 0.031361 -0.323063
v 0.796099 0.064507 -0.348011
v 0.727326 0.168061 -0.360523
v 0.682738 0.249990 -0.365473
v 0.659518 0.293334 -0.383148
v 0.682968 0.250481 -0.377783
v 0.729886 0.162445 -0.372882
v 0.812446 0.045730 -0.346693
v 0.810638 0.043887 -0.336873
v 0.768266 0.028324 -0.306245
v 0.683013 0.029210 -0.261574
v 0.767279 0.032878 -0.160370
v 0.853301 0.027076 -0.171014
v 0.879073 0.022634 -0.173984
v 0.860859 0.016251 -0.223035
v 0.927250 0.024512 -0.183537
v 0.886998 0.018424 -0.228564
v 0.883689 0.016563 -0.253654
v 0.926856 0.013471 -0.206135
v 0.943415 0.020248 -0.186603
v 0.949652 0.005706 -0.176411
v 0.909214 0.002366 -0.221164
v 0.943537 0.000950 -0.159580
v 0.931216 -0.000221 -0.131086
v 0.867221 0.009937 -0.282770
v 0.840338 0.023168 -0.306261
v 0.812884 0.019503 -0.299461
v 0.835281 0.026322 -0.320591
v 0.831970 0.018080 -0.326721
v 0.857860 0.001911 -0.282572
v 0.831766 0.000640 -0.284798
v 0.921694 0.002456 -0.106157
v 0.913613 0.009928 -0.084049
v 0.807117 0.008367 -0.268579
v 0.764266 0.014079 -0.320599
v 0.818214 0.012510 -0.322550
v 0.812607 0.035710 -0.348469
v 0.774709 0.082612 -0.368757
v 0.701382 0.201498 -0.383128
v 0.658079 0.268480 -0.389453
v 0.596486 0.398607 -0.382000
v 0.547478 0.500182 -0.364462
v 0.485892 0.570768 -0.345168
v 0.465759 0.614390 -0.308243
v 0.488533 0.548630 -0.358877
v 0.479930 0.519799 -0.367907
v 0.434554 0.573909 -0.337824
v 0.415920 0.539886 -0.359529
v 0.413692 0.591767 -0.324593
v 0.393300 0.561118 -0.365236
v 0.403137 0.561854 -0.352703
v 0.412088 0.518090 -0.367562
v 0.531488 0.464675 -0.366481
v 0.553074 0.471040 -0.367148
v 0.653688 0.254316 -0.387109
v 0.612864 0.333157 -0.381971
v 0.567158 0.420310 -0.367128
v 0.552469 0.411608 -0.361510
v 0.634896 0.208141 -0.358474
v 0.657247 0.208948 -0.377084
v 0.704916 0.152163 -0.384028
v 0.686009 0.068924 -0.344343
v 0.601231 0.255554 -0.351058
v 0.519245 0.321970 -0.370905
v 0.566501 0.304753 -0.352361
v 0.622660 0.125785 -0.339465
v 0.651670 0.078931 -0.336505
v 0.706429 0.040792 -0.346736
v 0.737043 0.113538 -0.380378
v 0.728045 0.037146 -0.349047
v 0.779833 0.058719 -0.364914
v 0.718974 0.019561 -0.337378
v 0.646341 0.019120 -0.334204
v 0.628819 0.053532 -0.339021
v 0.625188 0.031136 -0.339884
v 0.608379 0.119685 -0.345916
v 0.570362 0.228903 -0.352703
v 0.535316 0.253217 -0.369273
v 0.555628 0.142900 -0.377151
v 0.580121 0.092657 -0.378081
v 0.608369 0.035485 -0.343672
v 0.532516 0.133662 -0.380744
v 0.587084 0.071600 -0.364914
v 0.544017 0.101583 -0.386816
v 0.560354 0.089362 -0.381912
v 0.487722 0.123535 -0.380274
v 0.463591 0.339208 -0.370762
v 0.447400 0.478632 -0.367520
v 0.434821 0.454513 -0.369889
v 0.440051 0.330812 -0.381151
v 0.441383 0.396406 -0.370841
v 0.416853 0.478094 -0.377951
v 0.408417 0.494717 -0.386624
v 0.388174 0.548582 -0.368985
v 0.380399 0.546569 -0.354115
v 0.310131 0.491875 -0.355740
v 0.371333 0.511941 -0.359358
v 0.383593 0.521433 -0.363985
v 0.400816 0.425311 -0.407773
v 0.402534 0.459449 -0.403014
v 0.400304 0.395516 -0.407455
v 0.391091 0.409649 -0.377531
v 0.369445 0.381934 -0.363148
v 0.388559 0.151961 -0.390558
v 0.409449 0.157077 -0.391277
v 0.401376 0.243345 -0.384814
v 0.403030 0.301819 -0.390579
v 0.416320 0.422205 -0.409657
v 0.426779 0.377713 -0.389414
v 0.444326 0.272316 -0.440947
v 0.435707 0.275117 -0.448521
v 0.481525 0.165791 -0.462280
v 0.417949 0.327552 -0.434190
v 0.417898 0.292786 -0.433665
v 0.426351 0.200172 -0.409423
v 0.441323 0.132054 -0.410265
v 0.315707 0.219349 -0.389399
v 0.351165 0.095629 -0.415471
v 0.315123 0.137566 -0.402453
v 0.290480 0.325704 -0.372151
v 0.352986 0.023709 -0.430965
v 0.378493 0.036861 -0.431399
v 0.418287 0.082790 -0.408413
v 0.441763 0.088162 -0.410623
v 0.428762 0.039267 -0.429763
v 0.351340 0.005967 -0.438189
v 0.305535 0.019389 -0.409414
v 0.383774 0.007586 -0.444967
v 0.452785 0.011432 -0.461645
v 0.444503 0.041154 -0.435017
v 0.474979 0.000734 -0.495229
v 0.505494 -0.001178 -0.543394
v 0.549238 0.000950 -0.545373
v 0.536036 0.007976 -0.535875
v 0.510211 0.008064 -0.515922
v 0.469284 0.020324 -0.473704
v 0.497816 0.018364 -0.508919
v 0.538677 0.022809 -0.529543
v 0.555877 0.023246 -0.528260
v 0.613193 0.009422 -0.484941
v 0.615248 0.001341 -0.498789
v 0.658375 0.000170 -0.451752
v 0.677260 -0.000678 -0.424222
v 0.582683 0.001731 -0.525021
v 0.555662 0.025448 -0.511900
v 0.512829 0.037050 -0.512547
v 0.511714 0.038033 -0.517296
v 0.600318 0.007327 -0.468975
v 0.541181 0.007886 -0.496334
v 0.491150 0.043106 -0.506477
v 0.493790 0.032957 -0.513714
v 0.478828 0.041154 -0.499693
v 0.453740 0.061984 -0.441184
v 0.500108 0.045531 -0.500550
v 0.458778 0.097794 -0.417600
v 0.442412 0.209871 -0.450823
v 0.471112 0.164014 -0.463885
v 0.485703 0.166312 -0.450916
v 0.531852 0.077815 -0.467031
v 0.458211 0.231202 -0.442655
v 0.439106 0.257059 -0.407221
v 0.449953 0.210380 -0.415430
v 0.478635 0.098175 -0.409733
v 0.519314 0.093458 -0.451299
v 0.499681 0.078459 -0.427131
v 0.454685 0.258821 -0.379621
v 0.479523 0.103170 -0.390023
v 0.482045 0.077986 -0.393883
v 0.499951 0.050912 -0.415117
v 0.534633 0.057912 -0.460999
v 0.536917 0.066916 -0.471200
v 0.525039 0.073565 -0.473389
v 0.467732 0.142303 -0.456669
v 0.459192 0.118513 -0.426575
v 0.503582 0.087637 -0.465030
v 0.499804 0.079224 -0.460122
v 0.468015 0.075618 -0.445699
v 0.485133 0.058025 -0.493250
v 0.534276 0.069648 -0.478436
v 0.528995 0.039593 -0.484768
v 0.522574 0.068106 -0.478719
v 0.535156 0.012270 -0.492004
v 0.542572 0.001402 -0.472515
v 0.756809 0.000919 -0.160889
v 0.903932 -0.000611 -0.070029
v 0.859276 0.002057 -0.073410
v 0.901291 0.000950 -0.034299
v 0.893370 0.005244 -0.030228
v 0.853336 0.010762 -0.067861
v 0.890730 0.014221 -0.031585
v 0.863445 0.018125 -0.064602
v 0.896313 0.018684 -0.045940
v 0.747268 0.013831 -0.302500
v 0.451544 0.007586 0.309885
v 0.464870 0.030458 0.363627
v 0.518865 0.050179 0.353396
v 0.472667 0.027102 0.377726
v 0.565961 0.046619 0.197268
v 0.580923 0.226561 0.183247
v 0.630713 0.373719 0.180299
v 0.649382 0.374661 0.162925
v 0.655394 0.311324 0.160011
v 0.661015 0.058719 0.205409
v 0.669744 0.075744 0.243798
v 0.678335 0.106845 0.215883
v 0.668282 0.235543 0.180930
v 0.666174 0.249632 0.190913
v 0.675097 0.122343 0.228927
v 0.668272 0.069919 0.256429
v 0.678618 0.038032 0.238425
v 0.692980 0.032497 0.251208
v 0.676959 0.036964 0.258573
v 0.659906 0.058770 0.262028
v 0.656569 0.085949 0.256500
v 0.662425 0.204747 0.218216
v 0.658965 0.250036 0.202908
v 0.645715 0.207184 0.220711
v 0.623755 0.247711 0.202858
v 0.589910 0.084767 0.199392
v 0.612109 0.330732 0.182588
v 0.639452 0.107961 0.243487
v 0.661477 0.039554 0.259620
v 0.628450 0.052083 0.236163
v 0.579168 0.030743 0.202429
v 0.598209 0.018592 0.201166
v 0.639563 0.016600 0.227518
v 0.661326 0.021254 0.246498
v 0.683899 0.028664 0.259682
v 0.832641 0.023589 0.180533
v 0.724385 0.021247 0.232545
v 0.697513 0.016453 0.239426
v 0.744745 0.016681 0.215230
v 0.660135 0.013050 0.203147
v 0.698023 0.013386 0.199842
v 0.732163 0.016074 0.190937
v 0.795670 0.010738 0.181236
v 0.852004 0.012270 0.176915
v 0.815559 0.017107 0.186234
v -0.369382 0.224570 0.064930
v -0.347478 0.521426 0.086479
v -0.346320 0.518162 0.070100
v -0.355275 0.246335 0.036233
v -0.365478 0.441953 -0.073583
v -0.364416 0.511777 -0.091950
v -0.375110 0.435432 0.110482
v -0.387507 0.387271 0.122714
v -0.390745 0.300018 0.099738
v -0.391138 0.093657 0.060429
v -0.356881 0.048192 -0.002885
v -0.358283 0.037802 -0.017340
v -0.366249 0.105695 -0.040845
v -0.374037 0.426959 -0.088665
v -0.352143 0.546872 -0.089129
v -0.339695 0.541166 0.058870
v -0.376835 0.501173 -0.116261
v -0.381061 0.476371 -0.106663
v -0.393949 0.291267 -0.085994
v -0.377667 0.111660 -0.051244
v -0.384193 0.464804 -0.120056
v -0.362683 0.536578 -0.137514
v -0.314191 0.558982 0.164206
v -0.369619 0.460368 0.127164
v -0.436142 0.101753 0.098903
v -0.429584 0.053665 0.071717
v -0.370424 0.062138 0.024527
v -0.396023 0.046619 0.036709
v -0.367859 0.043106 0.008668
v -0.364339 0.025541 -0.013042
v -0.368303 0.039773 -0.026292
v -0.409260 0.296372 -0.117961
v -0.371347 0.497640 -0.140996
v -0.435810 0.084106 -0.108845
v -0.438225 0.047025 -0.079047
v -0.417389 0.132771 -0.072867
v -0.402497 0.058454 -0.044030
v -0.416042 0.054815 -0.051946
v -0.442429 0.028371 -0.100117
v -0.443550 0.028273 -0.118423
v -0.435412 0.057791 -0.124414
v -0.442120 0.015813 -0.144287
v -0.430266 0.021011 -0.187036
v -0.438270 0.009928 -0.122041
v -0.429816 0.025566 -0.082789
v -0.434240 0.003278 -0.179181
v -0.418817 0.043478 -0.182882
v -0.414526 0.118157 -0.147878
v -0.387193 0.228284 -0.170826
v -0.407280 0.094138 -0.173354
v -0.380509 0.251048 -0.192075
v -0.375587 0.342406 -0.195799
v -0.372553 0.513817 -0.195404
v -0.356235 0.555718 -0.226884
v -0.333534 0.568489 -0.131991
v -0.257229 0.609245 -0.019750
v -0.328004 0.540083 0.165447
v -0.345856 0.512282 0.151587
v -0.381173 0.412468 0.135853
v -0.419243 0.186080 0.122137
v -0.427535 0.151178 0.110466
v -0.421547 0.169182 0.099123
v -0.448234 0.057351 0.087709
v -0.420748 0.035330 0.038974
v -0.383242 0.036905 0.006211
v -0.375113 0.007515 -0.040332
v -0.367570 0.011201 -0.037998
v -0.366828 0.023951 -0.031853
v -0.400006 0.041891 -0.048827
v -0.380423 0.029239 -0.058310
v -0.368739 0.019686 -0.099879
v -0.378066 0.025944 -0.072854
v -0.403944 0.035690 -0.110734
v -0.374478 0.037238 -0.151462
v -0.430374 0.022201 -0.093243
v -0.380957 0.034359 -0.159534
v -0.368689 0.019731 -0.139852
v -0.372260 0.006415 -0.131086
v -0.382938 0.001283 -0.063348
v -0.380235 -0.000004 -0.123833
v -0.440030 -0.000221 -0.077265
v -0.427315 0.005712 -0.055166
v -0.401311 0.027303 -0.017700
v -0.449711 0.043886 0.067916
v -0.456201 0.042668 0.079296
v -0.423208 0.127732 0.121674
v -0.410323 0.192088 0.130688
v -0.361698 0.431874 0.152944
v -0.344096 0.451390 0.169226
v -0.335881 0.514150 0.173259
v -0.306709 0.552787 0.234134
v -0.293832 0.562596 0.229950
v -0.272417 0.577817 0.145927
v -0.292010 0.579617 0.051363
v -0.195860 0.632081 0.038411
v -0.270808 0.606352 -0.144105
v -0.229313 0.632966 -0.138223
v -0.290344 0.590766 -0.195691
v -0.344708 0.560460 -0.241038
v -0.176707 0.678806 -0.097138
v -0.216476 0.643432 -0.050581
v -0.189583 0.645050 0.013428
v -0.209561 0.612219 0.084785
v -0.257903 0.570400 0.232511
v -0.193550 0.581187 0.201165
v -0.238023 0.582648 0.174324
v -0.150530 0.606683 0.134913
v -0.145015 0.637812 0.062988
v -0.288647 0.550534 0.253802
v -0.303369 0.534081 0.258926
v -0.318486 0.538276 0.230602
v -0.326159 0.488920 0.273728
v -0.331774 0.438510 0.287723
v -0.342012 0.441589 0.281226
v -0.391812 0.242587 0.301297
v -0.371098 0.371592 0.278080
v -0.360818 0.395964 0.271441
v -0.313798 0.514277 0.255976
v -0.329648 0.513960 0.218459
v -0.335199 0.483064 0.184346
v -0.345856 0.387376 0.161990
v -0.379308 0.378439 0.144845
v -0.358159 0.368871 0.151959
v -0.344360 0.279706 0.147491
v -0.338815 0.171524 0.152944
v -0.342335 0.102436 0.121285
v -0.353486 0.217754 0.128977
v -0.358331 0.284155 0.140209
v -0.350256 0.090726 0.103194
v -0.365075 0.207191 0.125458
v -0.407129 0.142948 0.125610
v -0.375780 0.137175 0.109526
v -0.356905 0.062524 0.089619
v -0.368054 0.026248 0.081292
v -0.387713 0.025844 0.086810
v -0.430527 0.074487 0.109137
v -0.441790 0.084090 0.107264
v -0.447968 0.052545 0.096571
v -0.349376 0.033738 0.086007
v -0.344106 0.019443 0.086518
v -0.336146 0.435824 0.223355
v -0.333551 0.468673 0.194252
v -0.329133 0.489252 0.232093
v -0.315321 0.486017 0.256846
v -0.331164 0.249347 0.227108
v -0.319253 0.353945 0.250991
v -0.337212 0.158157 0.206097
v -0.336443 0.149928 0.221839
v -0.340206 0.051511 0.138594
v -0.343215 0.029835 0.125355
v -0.351106 0.006113 0.085325
v -0.356770 0.032036 0.185578
v -0.364339 0.004854 0.123546
v -0.367385 0.025094 0.203857
v -0.353243 0.010883 0.075614
v -0.361464 0.014629 0.072758
v -0.456205 0.020949 0.062505
v -0.481770 0.011829 0.023294
v -0.467116 0.032844 0.049093
v -0.468949 0.003233 -0.052463
v -0.491958 0.011099 -0.032490
v -0.498718 0.009589 -0.024626
v -0.489317 0.011099 -0.002639
v -0.498999 0.006025 -0.019374
v -0.490197 0.000950 -0.017112
v -0.385462 0.016954 0.076962
v -0.385462 0.003683 0.014547
v -0.371380 0.000170 0.065202
v -0.401685 0.002658 0.173068
v -0.381941 0.011879 0.189579
v -0.352319 0.053632 0.221596
v -0.347236 0.064264 0.216680
v -0.382903 0.018276 0.195241
v -0.372875 0.045160 0.215517
v -0.362578 0.063013 0.234807
v -0.394187 0.030690 0.174940
v -0.393542 0.053160 0.213724
v -0.447157 0.013366 0.043078
v -0.396224 0.001870 -0.016651
v -0.403080 0.033902 0.175755
v -0.422141 0.031250 0.183711
v -0.392881 0.068734 0.250170
v -0.400424 0.023589 0.167869
v -0.471715 0.021638 0.089625
v -0.482755 0.014747 0.090733
v -0.423902 0.013865 0.163791
v -0.409274 0.008227 0.176570
v -0.477001 0.010008 0.146231
v -0.500054 -0.000692 0.121182
v -0.508125 0.002288 0.132903
v -0.512201 0.008367 0.135758
v -0.513130 0.012637 0.128291
v -0.510440 0.008757 0.104551
v -0.503716 0.002325 0.060510
v -0.503424 0.005091 0.048769
v -0.512201 0.011099 0.041684
v -0.491568 0.024364 0.070242
v -0.458347 0.032505 0.117098
v -0.524522 0.009928 0.041684
v -0.549171 0.000390 0.045242
v -0.548286 0.007586 0.098671
v -0.571999 0.001818 0.083903
v -0.606375 -0.000221 0.047111
v -0.620995 0.002971 0.053837
v -0.636299 0.002121 0.047111
v -0.617131 0.012787 0.059155
v -0.644343 0.006927 0.041093
v -0.535480 0.024158 0.135525
v -0.559274 0.024680 0.112476
v -0.623065 0.001990 0.002623
v -0.644220 0.000560 0.009572
v -0.643340 0.000950 -0.014851
v -0.635714 0.007758 -0.024594
v -0.646861 0.002512 -0.035203
v -0.655662 0.006805 -0.046510
v -0.661252 0.007210 -0.044890
v -0.593861 0.022863 0.005115
v -0.567164 0.016195 0.031629
v -0.538478 0.021484 0.066977
v -0.597138 0.020277 0.057472
v -0.549416 0.029448 0.109018
v -0.528291 0.040391 0.135981
v -0.537725 0.031786 0.137567
v -0.501654 0.028708 0.115155
v -0.504396 0.030141 0.157903
v -0.501639 0.038812 0.166060
v -0.482673 0.045431 0.178087
v -0.494237 0.043875 0.097208
v -0.546938 0.029261 0.041720
v -0.609776 0.035540 0.013106
v -0.626574 0.032244 0.017697
v -0.671505 0.002121 0.030377
v -0.683913 0.001219 -0.036427
v -0.723432 -0.000221 -0.021635
v -0.685892 0.000777 0.079890
v -0.652829 0.015736 0.025160
v -0.620700 0.045352 0.054383
v -0.684707 0.000170 0.097314
v -0.526546 0.027946 0.060834
v -0.655746 0.020976 0.079445
v -0.646310 0.033905 0.057778
v -0.665344 0.000170 0.125355
v -0.653902 0.003683 0.116310
v -0.649501 -0.000611 0.142542
v -0.621062 0.000774 0.115555
v -0.634663 0.041445 0.068478
v -0.598288 0.042602 0.113400
v -0.572052 0.035190 0.038639
v -0.572563 0.044548 0.117622
v -0.577529 0.041685 0.142102
v -0.521449 0.057901 0.134187
v -0.492907 0.059963 0.096184
v -0.476575 0.062855 0.195424
v -0.473639 0.060058 0.143608
v -0.470834 0.064574 0.114048
v -0.492838 0.054035 0.086912
v -0.491947 0.047960 0.087368
v -0.463606 0.046200 0.204173
v -0.470834 0.036861 0.199981
v -0.463793 0.030615 0.192292
v -0.433401 0.041099 0.222339
v -0.433639 0.045919 0.184468
v -0.411866 0.065745 0.247923
v -0.438967 0.055489 0.223878
v -0.427708 0.049741 0.172844
v -0.417312 0.050988 0.184614
v -0.424138 0.065190 0.235841
v -0.389771 0.081814 0.212380
v -0.400045 0.090350 0.243054
v -0.392503 0.073942 0.190031
v -0.398664 0.074723 0.180986
v -0.383701 0.094629 0.197268
v -0.377280 0.101995 0.211231
v -0.382821 0.143030 0.248375
v -0.369605 0.142845 0.222880
v -0.369911 0.203505 0.252470
v -0.374900 0.146153 0.213097
v -0.389976 0.094343 0.194843
v -0.386611 0.187239 0.219555
v -0.372260 0.227341 0.231641
v -0.369102 0.196869 0.234228
v -0.362675 0.237459 0.261308
v -0.358948 0.307769 0.251170
v -0.373881 0.287778 0.238070
v -0.372276 0.188609 0.264199
v -0.387535 0.121009 0.259874
v -0.402184 0.088384 0.254707
v -0.389754 0.092731 0.262642
v -0.369473 0.145909 0.269621
v -0.342548 0.234306 0.270568
v -0.336202 0.332160 0.269544
v -0.344976 0.389328 0.263300
v -0.369103 0.351029 0.252763
v -0.388982 0.271839 0.238425
v -0.407465 0.190260 0.230284
v -0.399969 0.089837 0.201465
v -0.425583 0.182931 0.255551
v -0.438521 0.148249 0.279046
v -0.390975 0.304075 0.252576
v -0.428574 0.103270 0.242928
v -0.455872 0.112194 0.270537
v -0.400279 0.080664 0.186391
v -0.418907 0.087603 0.200433
v -0.441055 0.097120 0.177514
v -0.462461 0.102295 0.245756
v -0.465582 0.106007 0.263300
v -0.469954 0.094629 0.245209
v -0.460273 0.102046 0.279130
v -0.451146 0.088266 0.178668
v -0.472988 0.056087 0.259372
v -0.426828 0.087213 0.173749
v -0.444430 0.078608 0.139044
v -0.425376 0.071263 0.168390
v -0.439376 0.061074 0.139538
v -0.457633 0.063013 0.117214
v -0.457598 0.071439 0.132347
v -0.463885 0.066143 0.216632
v -0.474406 0.059940 0.217079
v -0.502519 0.050912 0.212645
v -0.483509 0.040385 0.248542
v -0.615117 0.037151 0.108229
v -0.635419 0.021247 0.087816
v -0.624271 0.010815 0.101582
v -0.524166 0.002501 0.158971
v -0.532995 0.007831 0.152351
v -0.588597 0.021967 0.128602
v -0.400135 0.000115 0.233137
v -0.436509 -0.000611 0.317121
v -0.409157 0.002186 0.312624
v -0.394964 0.002667 0.341598
v -0.385835 0.015407 0.325355
v -0.355226 0.003257 0.353270
v -0.325613 0.002902 0.349685
v -0.283366 -0.000221 0.351494
v -0.340895 0.001780 0.321775
v -0.361698 0.008367 0.321644
v -0.332793 0.007804 0.313137
v -0.257929 0.002938 0.303351
v -0.162618 0.000850 0.303946
v -0.042210 -0.000221 0.305814
v 0.110538 0.002423 0.274391
v -0.199754 0.008757 0.289532
v -0.349376 0.015392 0.315764
v -0.288785 0.060146 0.334515
v -0.289527 0.039983 0.328428
v -0.272799 0.068133 0.336906
v -0.363458 0.013831 0.309885
v -0.386301 0.016692 0.300224
v -0.388392 0.001588 0.253093
v -0.297726 0.063819 0.327514
v -0.370839 0.019108 0.279290
v -0.350299 0.022564 0.289407
v -0.390559 0.005162 0.227985
v -0.444884 0.009593 0.199057
v -0.594477 0.028322 0.129768
v -0.480263 0.033816 0.255663
v -0.447359 0.101319 0.289245
v -0.441577 0.144435 0.291369
v -0.431988 0.179968 0.275185
v -0.352017 0.403380 0.264657
v -0.375411 0.363323 0.263742
v -0.336199 0.460503 0.270537
v -0.320640 0.445173 0.266178
v -0.316811 0.354979 0.261039
v -0.328621 0.319583 0.270342
v -0.353777 0.158643 0.266466
v -0.363939 0.076523 0.246992
v -0.334147 0.211754 0.260995
v -0.375544 0.517637 -0.217270
v -0.369921 0.535128 -0.228006
v -0.365589 0.537479 -0.244377
v -0.344976 0.542337 -0.262247
v -0.312737 0.557269 -0.270792
v -0.283479 0.580872 -0.234886
v -0.223982 0.621450 -0.182739
v -0.194058 0.651648 -0.144565
v -0.174340 0.679238 -0.052769
v -0.168949 0.671146 -0.013946
v -0.379301 0.306578 -0.205260
v -0.379410 0.424458 -0.214969
v -0.378421 0.465442 -0.212044
v -0.396713 0.470151 -0.223530
v -0.389862 0.489643 -0.234206
v -0.361634 0.513004 -0.264749
v -0.381941 0.455294 -0.252297
v -0.400459 0.458638 -0.229776
v -0.400081 0.369893 -0.240216
v -0.378259 0.456814 -0.263810
v -0.386204 0.434932 -0.283750
v -0.359924 0.493045 -0.282550
v -0.271937 0.558073 -0.276556
v -0.177751 0.635626 -0.179480
v -0.075330 0.562732 -0.293151
v -0.187276 0.555070 -0.288301
v -0.305370 0.534921 -0.282600
v -0.334204 0.512624 -0.279304
v -0.393921 0.399461 -0.294200
v -0.413935 0.355158 -0.279229
v -0.423686 0.276936 -0.247368
v -0.431000 0.250133 -0.224986
v -0.431516 0.347470 -0.199415
v -0.460932 0.171738 -0.180798
v -0.452030 0.180573 -0.221086
v -0.457633 0.184795 -0.240990
v -0.489388 0.100661 -0.215049
v -0.490441 0.077210 -0.172686
v -0.467410 0.159745 -0.155259
v -0.439518 0.288246 -0.180518
v -0.464069 0.225670 -0.278397
v -0.477929 0.089664 -0.129243
v -0.492310 0.054991 -0.135561
v -0.520227 0.122652 -0.278743
v -0.475365 0.204268 -0.294422
v -0.500987 0.137963 -0.299826
v -0.403589 0.347215 -0.300390
v -0.389085 0.386574 -0.299260
v -0.347616 0.460368 -0.281695
v -0.355962 0.395093 -0.279099
v -0.398518 0.311182 -0.299507
v -0.448831 0.229683 -0.306118
v -0.454121 0.177185 -0.305140
v -0.410866 0.113242 -0.263432
v -0.384346 0.254768 -0.277426
v -0.377323 0.187925 -0.267244
v -0.347616 0.328827 -0.276268
v -0.324458 0.402175 -0.284772
v -0.305124 0.498539 -0.288949
v -0.303102 0.404272 -0.300950
v -0.295411 0.322555 -0.317660
v -0.314401 0.285503 -0.312279
v -0.353022 0.207614 -0.275241
v -0.338369 0.075306 -0.334035
v -0.279893 0.505095 -0.292212
v -0.208609 0.522547 -0.296951
v -0.189285 0.516187 -0.304005
v -0.173350 0.518137 -0.310188
v -0.136934 0.550767 -0.296907
v -0.151937 0.524132 -0.305354
v -0.210831 0.469697 -0.305665
v -0.242880 0.450219 -0.297525
v -0.269291 0.153250 -0.329667
v -0.351116 0.069758 -0.330520
v -0.361647 0.067560 -0.320464
v -0.363670 0.132412 -0.277540
v -0.380734 0.114932 -0.264456
v -0.381662 0.082778 -0.273920
v -0.415220 0.077561 -0.253528
v -0.398294 0.018641 -0.301012
v -0.368715 0.013284 -0.332506
v -0.362424 0.037353 -0.329585
v -0.283704 0.083373 -0.336975
v -0.296486 0.047709 -0.340830
v -0.250263 0.127081 -0.339466
v -0.235965 0.058919 -0.371668
v -0.183848 0.463392 -0.325608
v -0.175990 0.450219 -0.327827
v -0.157632 0.471314 -0.310172
v -0.148706 0.404551 -0.308832
v -0.108220 0.513453 -0.309284
v -0.066720 0.519267 -0.313748
v -0.090617 0.451000 -0.318782
v 0.192254 0.504933 -0.343643
v 0.218657 0.489144 -0.357501
v 0.238667 0.499093 -0.348954
v 0.183984 0.414699 -0.364914
v 0.169486 0.440583 -0.347262
v 0.122944 0.499060 -0.336048
v 0.080128 0.283939 -0.335516
v 0.114345 0.289712 -0.348940
v 0.161265 0.319762 -0.376597
v 0.182617 0.340092 -0.373252
v 0.176063 0.269107 -0.375317
v 0.101590 0.143665 -0.392575
v 0.113083 0.205433 -0.378944
v 0.116440 0.144732 -0.394300
v 0.132763 0.141361 -0.388276
v 0.050331 0.052479 -0.406691
v 0.069131 0.053370 -0.401762
v 0.109990 0.087357 -0.388436
v 0.095086 0.033682 -0.369417
v 0.029426 0.037198 -0.408639
v 0.084582 0.133547 -0.388261
v 0.057047 0.171711 -0.345787
v 0.043163 0.205093 -0.335064
v 0.038002 0.018476 -0.387102
v -0.163362 0.302182 -0.314389
v -0.170263 0.415832 -0.324500
v -0.191665 0.303631 -0.354531
v -0.199608 0.327141 -0.348794
v -0.186805 0.237917 -0.363659
v -0.178340 0.343713 -0.339684
v -0.182205 0.191049 -0.365401
v -0.174038 0.247653 -0.328350
v -0.177135 0.120788 -0.322733
v -0.178178 0.117457 -0.365417
v -0.197303 0.079650 -0.392749
v -0.186566 0.069755 -0.384425
v -0.179245 0.030499 -0.315535
v -0.201478 0.048265 -0.399640
v -0.193933 0.023986 -0.349020
v -0.170947 0.117397 -0.314340
v -0.075655 0.184015 -0.316973
v 0.043316 0.059707 -0.400677
v -0.171590 0.055987 -0.307927
v 0.024404 0.065753 -0.373840
v 0.005317 0.085261 -0.349989
v -0.037378 0.058196 -0.340236
v 0.027320 0.057158 -0.392503
v -0.029888 0.034519 -0.406524
v -0.047951 0.020412 -0.407775
v -0.088549 0.010329 -0.413564
v 0.038930 0.007874 -0.383211
v 0.154059 0.125465 -0.364010
v 0.188094 0.205206 -0.355457
v 0.136695 0.070491 -0.361147
v 0.116236 0.030095 -0.362732
v 0.038482 0.001400 -0.386387
v -0.081568 0.001259 -0.423586
v 0.171944 0.010306 -0.371489
v 0.158930 0.015998 -0.366406
v 0.184184 0.106479 -0.351459
v 0.179138 0.063001 -0.356607
v 0.232754 0.326838 -0.348946
v 0.233271 0.204312 -0.352250
v 0.214746 0.120569 -0.354859
v 0.155789 0.005078 -0.381246
v -0.078296 -0.000221 -0.475722
v 0.129184 0.002085 -0.458431
v 0.128770 0.000479 -0.404900
v 0.147898 0.008757 -0.409690
v 0.152382 0.025490 -0.453545
v 0.167276 0.007621 -0.384515
v 0.168141 0.012270 -0.423710
v 0.183594 0.002687 -0.398176
v 0.178312 0.000706 -0.462432
v 0.203571 0.001210 -0.399792
v 0.168141 0.006805 -0.458988
v 0.184236 0.022233 -0.367724
v 0.262256 0.446397 -0.351625
v -0.209781 0.067713 -0.392962
v -0.226466 0.025122 -0.403902
v -0.191279 0.020080 -0.327310
v -0.187432 0.015002 -0.320139
v -0.165429 0.030615 -0.308832
v -0.154716 0.066883 -0.305634
v -0.142545 0.053645 -0.307927
v -0.126703 0.041154 -0.315616
v -0.064327 0.030077 -0.344563
v -0.165286 0.009944 -0.320263
v -0.101266 0.008548 -0.352106
v -0.196769 0.001634 -0.326830
v -0.126703 -0.000221 -0.368080
v -0.321008 0.003078 -0.373916
v -0.373525 -0.000245 -0.406474
v -0.359058 -0.000611 -0.420092
v -0.130929 0.000791 -0.444654
v -0.117902 0.001731 -0.402906
v -0.128912 0.001144 -0.474984
v -0.110861 0.002512 -0.477079
v -0.100299 0.010318 -0.373960
v -0.100554 0.021394 -0.394935
v -0.101994 0.020087 -0.406400
v -0.101732 0.003655 -0.470111
v -0.017355 0.041987 -0.397649
v -0.073015 0.020467 -0.362653
v -0.080936 0.028664 -0.391146
v -0.225817 0.048477 -0.396777
v -0.214716 0.048570 -0.402906
v -0.295688 0.036376 -0.348747
v -0.371380 0.005244 -0.338682
v -0.435015 0.014923 -0.283951
v -0.431229 0.003292 -0.295716
v -0.410722 0.000389 -0.334007
v -0.372111 0.005609 -0.347641
v -0.433787 0.007235 -0.367946
v -0.484804 0.000410 -0.382720
v -0.460139 0.000872 -0.288379
v -0.494598 0.015392 -0.252749
v -0.664247 0.000997 -0.254321
v -0.643370 0.001671 -0.499004
v -0.587243 0.000253 -0.516229
v -0.679387 0.013257 -0.469600
v -0.680559 0.010772 -0.485071
v -0.716280 0.018296 -0.418975
v -0.703277 0.011041 -0.449488
v -0.692628 0.002512 -0.466224
v -0.702492 0.003113 -0.446752
v -0.838681 0.001610 -0.274330
v -0.819367 -0.000611 -0.273102
v -0.848988 0.006648 -0.271722
v -0.793573 0.015543 -0.332526
v -0.696148 -0.000611 -0.427329
v -0.851932 0.012270 -0.264056
v -0.849577 0.014525 -0.248061
v -0.828168 0.013050 -0.226969
v -0.837850 0.010318 -0.212044
v -0.786453 0.018185 -0.174787
v -0.763617 0.017217 -0.198361
v -0.709562 0.015938 -0.171618
v -0.734252 0.030790 -0.155136
v -0.825019 0.007251 -0.190896
v -0.778881 0.008757 -0.171791
v -0.799124 0.002902 -0.184455
v -0.719032 -0.000611 -0.191239
v -0.761685 0.001481 -0.185071
v -0.749749 0.012046 -0.153707
v -0.691765 0.003977 -0.147866
v -0.749390 0.026127 -0.151726
v -0.725734 0.023598 -0.143366
v -0.640733 0.008000 -0.129433
v -0.585397 0.001119 -0.127543
v -0.463748 0.001331 -0.253221
v -0.479933 0.002539 -0.224664
v -0.523866 0.001998 -0.127876
v -0.487033 0.006736 -0.202498
v -0.450591 0.013441 -0.256820
v -0.425948 0.029444 -0.263152
v -0.446413 0.032416 -0.255521
v -0.402184 0.047790 -0.257724
v -0.504669 0.012212 -0.124353
v -0.476995 0.028664 -0.217019
v -0.442670 0.038032 -0.247774
v -0.434953 0.033939 -0.244639
v -0.395143 0.049741 -0.248679
v -0.402617 0.018293 -0.239988
v -0.388102 0.055206 -0.240990
v -0.461153 0.031396 -0.232397
v -0.461153 0.027493 -0.224256
v -0.435570 0.008081 -0.237637
v -0.418027 0.011880 -0.242799
v -0.472595 0.030615 -0.207069
v -0.457353 0.008904 -0.213194
v -0.442646 0.003221 -0.223398
v -0.408345 0.005244 -0.234206
v -0.397784 0.015392 -0.231944
v -0.391780 0.036829 -0.228596
v -0.384488 0.054053 -0.210354
v -0.388102 0.039203 -0.184907
v -0.379600 0.043062 -0.187864
v -0.376922 0.000459 -0.171263
v -0.411616 0.006902 -0.143777
v -0.427353 0.002535 -0.129350
v -0.401320 0.032149 -0.179298
v -0.400085 0.005527 -0.218402
v -0.432155 0.003986 -0.145022
v -0.410105 0.006415 -0.220185
v -0.417147 0.009538 -0.227422
v -0.429449 0.007167 -0.227770
v -0.474355 0.028664 -0.167269
v -0.475197 0.035727 -0.138930
v -0.485222 0.030918 -0.168378
v -0.483169 0.032753 -0.115594
v -0.552687 0.006025 -0.117970
v -0.506570 0.021492 -0.111147
v -0.462033 0.042325 -0.123398
v -0.458513 0.013050 -0.188978
v -0.451318 0.012132 -0.202296
v -0.426828 0.032957 -0.226517
v -0.454314 0.073737 -0.219823
v -0.457815 0.076349 -0.213293
v -0.457903 0.065393 -0.196240
v -0.452860 0.027081 -0.176231
v -0.454054 0.045969 -0.127417
v -0.440030 0.091897 -0.149630
v -0.412617 0.220866 -0.182015
v -0.423307 0.176989 -0.159580
v -0.469501 0.046524 -0.115919
v -0.565611 0.014300 -0.120454
v -0.600396 0.014707 -0.126214
v -0.640960 0.018553 -0.130251
v -0.710688 0.034818 -0.146477
v -0.713457 0.034685 -0.156105
v -0.697557 0.043341 -0.154587
v -0.529803 0.022809 -0.117066
v -0.476906 0.049317 -0.116498
v -0.469074 0.078626 -0.119779
v -0.452158 0.102252 -0.125656
v -0.431940 0.172813 -0.144401
v -0.411390 0.269613 -0.175347
v -0.395902 0.262711 -0.216542
v -0.419958 0.198478 -0.205338
v -0.443083 0.125572 -0.196134
v -0.447071 0.066916 -0.218828
v -0.444483 0.076891 -0.216844
v -0.438270 0.060671 -0.211140
v -0.427416 0.037330 -0.219205
v -0.426828 0.011880 -0.204355
v -0.413526 0.075195 -0.192378
v -0.385019 0.236786 -0.206843
v -0.434264 0.095017 -0.221562
v -0.411515 0.116212 -0.211846
v -0.394783 0.216205 -0.214630
v -0.410346 0.197171 -0.216158
v -0.386346 0.294206 -0.215651
v -0.390046 0.340932 -0.213500
v -0.397856 0.338651 -0.210938
v -0.412365 0.326866 -0.188138
v -0.408373 0.390369 -0.200311
v -0.397155 0.443905 -0.213800
v -0.425261 0.273442 -0.169152
v -0.447383 0.202449 -0.149543
v -0.420112 0.377273 -0.194453
v -0.430495 0.335478 -0.186178
v -0.500486 0.039189 -0.122813
v -0.548286 0.028664 -0.165460
v -0.590368 0.022106 -0.161026
v -0.505282 0.045162 -0.153381
v -0.548138 0.050420 -0.221178
v -0.528403 0.054553 -0.208653
v -0.405053 0.451004 -0.217419
v -0.386406 0.464802 -0.217462
v -0.302382 0.031339 -0.355439
v -0.325721 0.027460 -0.364646
v -0.436208 0.023554 -0.407230
v -0.520693 0.014511 -0.506338
v -0.548286 0.007976 -0.525473
v -0.497511 0.010041 -0.504158
v -0.531564 0.003292 -0.519593
v -0.504917 0.001823 -0.501315
v -0.496358 -0.000611 -0.478888
v -0.396162 0.000215 -0.450546
v -0.460273 -0.000221 -0.433208
v -0.450336 0.017728 -0.484567
v -0.439106 0.006577 -0.409780
v -0.393240 0.015424 -0.409160
v -0.410985 0.012270 -0.402001
v -0.428588 0.002902 -0.399287
v -0.411143 0.004857 -0.400150
v -0.406585 -0.000221 -0.406976
v -0.361929 0.009947 -0.384385
v -0.211271 0.005389 -0.329221
v -0.245521 0.009538 -0.344109
v -0.226541 0.014089 -0.362152
v -0.344922 0.015976 -0.385603
v -0.348726 0.013788 -0.419740
v -0.256188 0.018129 -0.414979
v -0.240240 0.030225 -0.415569
v -0.348339 0.020695 -0.452033
v -0.322092 0.014221 -0.435922
v -0.385129 0.007331 -0.465304
v -0.439150 0.009538 -0.484316
v -0.255202 0.036861 -0.416022
v -0.286232 0.030685 -0.382187
v -0.329133 0.028273 -0.405167
v -0.393440 0.030491 -0.402882
v -0.303176 0.032062 -0.420152
v -0.332752 0.027515 -0.441967
v -0.396172 0.023716 -0.458870
v -0.463793 0.021247 -0.477531
v -0.498119 0.002512 -0.434565
v -0.456044 0.020678 -0.444292
v -0.357297 0.031396 -0.438636
v -0.469954 0.002512 0.010477
v -0.436414 0.000421 -0.016829
v -0.407157 0.008942 -0.021006
v -0.394935 0.014450 0.001143
v -0.331857 0.026549 0.264426
v -0.332654 0.041154 0.306267
v -0.327680 0.034885 0.253889
v -0.379301 0.014612 0.230284
v -0.464442 0.014367 0.194188
v -0.546526 0.016563 0.159276
v -0.582772 0.042213 -0.197692
v -0.612269 0.051971 -0.205651
v -0.390433 0.019445 0.227442
v -0.329402 0.043793 0.250260
v -0.302549 0.070783 0.267470
v -0.295231 0.067911 0.284658
v -0.258548 0.122540 0.331629
v -0.205312 0.017255 0.289418
v 0.171662 0.011489 0.253802
v 0.048802 0.012469 0.267294
v -0.428588 0.148104 0.298578
v -0.453456 0.047994 0.270497
v -0.433543 0.080706 0.285652
v -0.405691 0.161315 0.302170
v -0.367574 0.191210 0.298327
v -0.327476 0.089732 0.258718
v -0.341203 0.051326 0.250994
v -0.316003 0.143519 0.267105
v -0.308010 0.105559 0.264205
v -0.268404 0.128198 0.297673
v -0.263733 0.130121 0.318252
v -0.270071 0.145686 0.287231
v -0.281191 0.191626 0.273767
v -0.256962 0.203922 0.308528
v -0.276290 0.352405 0.271129
v -0.255724 0.386921 0.280703
v -0.331692 0.156963 0.273187
v -0.354859 0.264122 0.301179
v -0.342376 0.358293 0.297098
v -0.327513 0.329255 0.293484
v -0.304779 0.254287 0.271691
v -0.297448 0.377228 0.274155
v -0.246705 0.231347 0.315428
v -0.362553 0.063746 0.263125
v -0.412878 0.022819 0.230402
v -0.408345 0.031006 0.247470
v -0.473925 0.027251 0.251071
v -0.486974 0.014433 0.216541
v -0.508054 0.017761 0.214549
v 0.490166 0.074703 -0.381757
v 0.505991 0.039555 -0.382674
v 0.526275 0.008634 -0.437239
v 0.532119 0.011761 -0.375296
v 0.541402 0.023071 -0.362470
v 0.506477 0.083687 -0.380847
v 0.528396 0.016263 -0.453633
v 0.537378 0.016499 -0.478355
v 0.551726 0.001411 -0.363637
v 0.559331 0.006528 -0.346481
v 0.554574 0.056357 -0.352419
v 0.556224 0.079639 -0.358948
v 0.489472 0.098462 -0.384585
v 0.565961 0.064964 -0.344562
v 0.577964 0.029990 -0.304727
v 0.580923 0.013831 -0.302952
v 0.642532 0.000170 -0.259081
v 0.623497 0.005490 -0.261920
v 0.758335 0.007202 -0.150114
v 0.608992 0.017125 -0.272636
v 0.716463 0.013441 -0.185360
v 0.779308 0.002392 -0.134524
v 0.785994 0.008757 -0.122041
v 0.811518 0.018515 -0.103950
v 0.769032 0.016385 -0.145379
v 0.837042 0.022809 -0.098975
v 0.658843 0.019538 -0.244375
v 0.605972 0.029964 -0.287944
v 0.584444 0.035690 -0.305666
v 0.571432 0.074901 -0.358361
v 0.619649 0.023199 -0.327375
v 0.596766 0.032567 -0.304761
v 0.625810 0.019686 -0.305666
v 0.656667 0.016505 -0.284519
v 0.664536 0.013831 -0.321043
v 0.461225 0.688320 -0.108472
v 0.477093 0.658126 -0.109720
v -0.412746 0.023589 -0.115257
v -0.372509 0.005156 -0.162587
v -0.397150 0.001473 -0.139535
v -0.417991 0.002686 -0.125033
v -0.428588 0.001341 -0.176314
v -0.638060 0.029444 -0.160484
v -0.656267 0.043736 -0.180710
v -0.689107 0.045838 -0.175862
v -0.682017 0.041865 -0.186365
v -0.692750 0.033230 -0.174275
v -0.704069 0.020467 -0.166816
v -0.708172 0.011616 -0.208874
v -0.665924 0.045634 -0.192398
v -0.660943 0.000170 -0.370794
v -0.698789 0.011489 -0.286218
v -0.608758 0.016318 -0.205234
v -0.551622 0.017837 -0.213041
v -0.494641 0.021802 -0.241022
v -0.454112 0.043106 -0.265865
v -0.406588 0.055837 -0.276603
v -0.465475 0.060961 -0.241398
v -0.518124 0.027045 -0.221478
v -0.607292 0.022023 -0.199861
v -0.506920 0.043106 -0.227422
v -0.552552 0.029998 -0.217514
v -0.612536 0.029054 -0.203903
v -0.599609 0.033248 -0.234118
v -0.476995 0.065355 -0.240085
v -0.401304 0.102826 -0.258629
v -0.422722 0.096450 -0.262310
v -0.487000 0.117991 -0.298133
v -0.484608 0.147699 -0.305363
v -0.539657 0.087594 -0.269246
v -0.532240 0.068208 -0.239467
v -0.546266 0.084796 -0.276206
v -0.547817 0.077755 -0.284292
v -0.518136 0.075487 -0.280907
v -0.431610 0.087167 -0.256289
v -0.559492 0.054366 -0.269238
v -0.585129 0.052387 -0.260367
v -0.589263 0.057771 -0.254147
v -0.579239 0.039267 -0.250297
v -0.636861 0.035372 -0.221468
v -0.668903 0.028031 -0.180920
vn -0.5827 0.4155 -0.6985
vn -0.9304 0.2578 -0.2605
vn -0.7383 0.4198 -0.5279
vn -0.4802 0.8168 0.3199
vn -0.5502 0.8246 0.1316
vn -0.3550 0.8811 0.3124
vn 0.7500 0.0665 0.6580
vn 0.7278 0.1157 0.6759
vn 0.4245 -0.1491 0.8931
vn 0.4793 0.1939 0.8560
vn 0.4126 0.1608 0.8966
vn 0.7303 0.1968 0.6541
vn -0.4666 0.7840 0.4094
vn -0.5884 0.4460 0.6744
vn -0.3851 0.9081 0.1645
vn 0.4152 0.8699 -0.2661
vn 0.9182 0.2478 -0.3090
vn 0.7384 0.4550 -0.4978
vn -0.0634 -0.9136 0.4017
vn -0.4050 -0.8996 0.1632
vn 0.0354 -0.9516 0.3052
vn 0.9885 0.0414 -0.1458
vn 0.5729 0.7765 -0.2623
vn 0.5235 -0.2955 -0.7991
vn 0.0457 -0.2786 -0.9593
vn -0.1728 -0.4585 -0.8717
vn -0.2747 0.3147 -0.9086
vn 0.5282 0.0129 -0.8490
vn 0.3436 0.1779 -0.9221
vn -0.8220 0.5323 -0.2023
vn -0.3463 0.7154 -0.6069
vn 0.5490 0.8012 0.2381
vn 0.5865 0.8096 0.0209
vn 0.2861 0.9573 -0.0427
vn 0.9599 0.1023 -0.2611
vn 0.9340 0.3338 -0.1273
vn 0.8196 0.0686 -0.5688
vn 0.1499 0.5810 0.8000
vn 0.2163 0.3067 0.9269
vn 0.2141 0.5647 0.7971
vn -0.3867 0.0069 0.9222
vn -0.7260 0.4617 0.5097
vn -0.7390 0.2666 0.6187
vn -0.6816 0.0485 -0.7302
vn -0.6998 0.1232 -0.7037
vn -0.2192 0.1001 -0.9705
vn -0.2418 0.9696 -0.0373
vn -0.4829 0.8677 0.1181
vn -0.6108 0.7139 0.3426
vn 0.1651 0.9172 0.3626
vn 0.1263 0.9477 0.2931
vn 0.1599 0.9562 0.2450
vn 0.1531 0.9006 0.4068
vn 0.0177 0.9295 0.3683
vn -0.2434 0.8934 0.3775
vn -0.5720 0.5092 0.6431
vn -0.5996 0.2171 0.7703
vn -0.7446 0.2347 0.6249
vn -0.4801 0.3970 -0.7822
vn -0.5508 0.5690 -0.6106
vn -0.4602 0.1395 -0.8768
vn 0.9065 -0.2590 0.3335
vn 0.2636 -0.1117 0.9582
vn 0.2208 0.9216 -0.3192
vn 0.7155 0.3354 -0.6128
vn 0.6779 0.2347 -0.6967
vn 0.1042 -0.9923 0.0676
vn 0.1392 -0.9828 0.1216
vn 0.2229 -0.8689 -0.4420
vn -0.2579 0.9481 -0.1859
vn -0.2956 0.9503 0.0977
vn 0.0077 0.9955 0.0946
vn 0.3285 -0.9029 -0.2771
vn -0.0241 -0.9965 -0.0798
vn 0.0024 -0.8807 -0.4736
vn -0.0975 0.6824 -0.7245
vn -0.2731 0.7255 -0.6318
vn -0.0442 0.7888 -0.6130
vn -0.8011 0.1094 0.5885
vn -0.0046 0.1792 0.9838
vn -0.3984 0.2036 0.8944
vn -0.1501 0.7890 0.5957
vn 0.0067 0.9995 0.0323
vn 0.0533 0.9106 0.4099
vn 0.9494 -0.2822 0.1380
vn 0.9198 -0.0763 0.3849
vn 0.8395 -0.0864 0.5364
vn -0.0689 0.9950 -0.0729
vn -0.1207 0.9606 -0.2504
vn -0.1785 0.9819 0.0632
vn -0.0050 0.9825 -0.1864
vn 0.0503 0.9386 -0.3414
vn -0.2389 0.9708 0.0214
vn 0.8430 0.3422 0.4150
vn 0.8263 -0.3861 0.4102
vn 0.8483 -0.4027 0.3439
vn 0.3353 0.1945 -0.9218
vn 0.6823 -0.1985 -0.7036
vn 0.0153 0.4774 -0.8786
vn 0.2301 -0.9106 -0.3433
vn 0.0209 -0.9922 0.1232
vn 0.1064 -0.9636 -0.2451
vn 0.2187 -0.9603 -0.1730
vn -0.1299 0.9756 -0.1770
vn -0.6803 0.7312 -0.0503
vn 0.1882 -0.9345 0.3020
vn 0.9647 -0.1945 0.1774
vn 0.3269 -0.8856 0.3299
vn 0.1135 0.9746 0.1928
vn 0.0905 0.9756 0.1999
vn 0.1484 0.7800 0.6079
vn 0.5977 0.2273 -0.7688
vn -0.0045 0.3595 -0.9331
vn -0.0108 0.0396 -0.9992
vn -0.2451 0.9257 0.2881
vn -0.3006 0.8083 0.5063
vn -0.1401 0.8066 0.5743
vn 0.0597 0.9571 -0.2834
vn -0.3307 0.8410 -0.4281
vn -0.0113 -0.5351 -0.8447
vn 0.1470 -0.6778 -0.7204
vn 0.1339 -0.3813 -0.9147
vn -0.4614 0.7447 -0.4822
vn -0.9028 0.4295 0.0228
vn -0.5766 0.7983 -0.1741
vn 0.6596 -0.7021 -0.2682
vn 0.3900 -0.7456 -0.5404
vn 0.2110 0.8320 0.5131
vn 0.1311 0.9632 0.2347
vn 0.0042 0.1619 0.9868
vn 0.3794 -0.4231 0.8228
vn 0.0504 -0.9155 0.3991
vn 0.1423 -0.9509 0.2748
vn -0.7075 0.3542 -0.6116
vn -0.7244 0.3245 -0.6082
vn -0.5533 0.4704 -0.6874
vn -0.1293 0.9745 0.1833
vn -0.2915 0.9554 0.0477
vn -0.2790 0.9602 0.0100
vn -0.2145 -0.0512 0.9754
vn -0.3840 -0.3865 0.8386
vn 0.3831 0.1092 0.9172
vn -0.3814 0.8270 -0.4130
vn -0.9199 0.3067 -0.2443
vn -0.9368 0.1767 0.3021
vn -0.3221 0.8107 -0.4889
vn 0.9294 0.3576 -0.0913
vn 0.9839 0.1758 -0.0313
vn 0.9815 0.1708 -0.0865
vn -0.5644 0.1439 0.8129
vn -0.0041 0.1169 0.9931
vn -0.3192 0.1471 0.9362
vn 0.9341 0.3401 -0.1087
vn 0.6956 0.3521 -0.6262
vn 0.7494 0.5377 -0.3864
vn 0.0009 -0.0922 -0.9957
vn -0.4264 -0.1039 -0.8985
vn -0.3497 -0.1802 -0.9194
vn -0.9724 0.2328 -0.0141
vn -0.9874 0.0498 -0.1503
vn -0.9473 0.3088 -0.0855
vn 0.3323 0.4272 0.8409
vn 0.3906 0.5688 0.7238
vn 0.9404 -0.2849 -0.1857
vn 0.9848 0.0004 0.1739
vn 0.7068 0.1319 0.6950
vn -0.0127 0.9959 -0.0901
vn -0.0674 0.9527 -0.2964
vn 0.0148 0.9294 -0.3687
vn 0.5613 -0.3664 0.7421
vn 0.7275 -0.5742 0.3756
vn 0.8335 0.0594 0.5492
vn -0.6419 0.0467 0.7653
vn -0.4872 0.1162 0.8655
vn -0.5556 0.0918 0.8263
vn -0.3271 0.1733 0.9290
vn -0.4783 0.1194 0.8700
vn -0.3057 0.5489 -0.7780
vn -0.5393 -0.2159 -0.8140
vn -0.3463 -0.5368 -0.7693
vn -0.4308 0.8519 -0.2979
vn -0.4509 -0.5345 -0.7148
vn -0.6576 0.1897 -0.7291
vn -0.4962 -0.2366 -0.8354
vn -0.1478 -0.8667 -0.4764
vn -0.1564 0.1164 -0.9808
vn -0.2148 0.7767 0.5921
vn -0.1633 0.7085 0.6865
vn -0.1595 0.9872 -0.0055
vn -0.1564 0.9853 -0.0683
vn -0.2508 0.9592 0.1301
vn -0.5029 0.7418 0.4436
vn -0.1351 -0.9634 -0.2315
vn 0.0425 0.0174 -0.9989
vn -0.2387 0.1016 -0.9658
vn -0.1096 0.1688 -0.9795
vn 0.0042 0.1916 -0.9815
vn 0.2243 -0.0710 -0.9719
vn 0.0434 0.0916 0.9948
vn -0.0187 -0.0880 0.9959
vn -0.5003 -0.4657 0.7299
vn 0.3063 0.3962 0.8656
vn -0.3763 0.0985 0.9212
vn -0.0161 0.1117 0.9936
vn -0.1386 0.1632 0.9768
vn 0.1547 -0.6849 -0.7120
vn 0.3459 -0.5451 -0.7637
vn 0.1591 -0.5867 -0.7940
vn -0.0250 -0.6376 -0.7699
vn -0.0526 -0.8428 -0.5357
vn -0.4207 0.0807 -0.9036
vn 0.9013 0.1564 -0.4039
vn 0.9238 0.1391 0.3566
vn 0.9719 0.2280 -0.0583
vn 0.2206 -0.3301 -0.9178
vn -0.6931 0.7197 0.0391
vn -0.2981 0.2357 -0.9250
vn 0.0244 -0.1374 -0.9902
vn 0.2884 -0.1782 -0.9408
vn -0.0703 -0.0305 -0.9971
vn -0.6295 0.2066 -0.7490
vn -0.8847 0.4528 0.1105
vn -0.7320 0.5373 0.4189
vn -0.4168 0.3246 0.8491
vn 0.0692 -0.3206 0.9447
vn 0.1883 0.1179 0.9750
vn -0.8738 0.4448 -0.1962
vn -0.8577 0.3704 0.3567
vn -0.2804 0.1543 -0.9474
vn 0.3712 -0.1251 -0.9201
vn 0.2294 0.9372 0.2627
vn 0.2431 -0.5049 0.8282
vn -0.3279 0.8860 0.3279
vn -0.4705 0.1011 -0.8766
vn -0.0556 -0.0668 -0.9962
vn -0.0496 -0.7972 -0.6017
vn 0.0575 -0.6330 -0.7720
vn -0.1654 -0.2813 -0.9453
vn -0.2856 0.2546 -0.9239
vn -0.0692 0.6807 -0.7293
vn -0.0938 0.7042 -0.7038
vn -0.1772 0.7165 -0.6747
vn -0.0201 0.8771 -0.4799
vn -0.3844 0.4452 -0.8087
vn -0.1945 0.8949 -0.4016
vn 0.8777 0.0656 -0.4748
vn 0.9704 0.0609 -0.2337
vn 0.9404 -0.0935 -0.3269
vn -0.0037 0.9938 -0.1111
vn 0.0376 0.9987 -0.0357
vn -0.1020 0.9385 -0.3299
vn 0.7931 -0.1094 -0.5991
vn 0.5701 -0.7419 -0.3531
vn -0.3435 0.9376 -0.0546
vn -0.5254 0.8393 -0.1397
vn -0.3413 0.9396 -0.0256
vn -0.9799 -0.1580 -0.1215
vn -0.6359 0.1965 -0.7464
vn -0.9420 0.3260 0.0800
vn -0.9579 0.1891 -0.2160
vn -0.9226 0.2956 0.2479
vn 0.8914 0.3407 -0.2988
vn 0.5178 0.2451 0.8196
vn 0.7074 0.1240 0.6958
vn -0.9842 0.0025 0.1768
vn -0.9477 0.0112 0.3190
vn -0.9636 0.0226 -0.2664
vn 0.9367 0.1239 -0.3274
vn 0.7342 0.6695 -0.1125
vn 0.9938 0.0334 0.1063
vn -0.4205 0.7513 -0.5087
vn -0.2442 0.9591 -0.1431
vn 0.0407 0.9537 0.2979
vn -0.8168 -0.4837 -0.3145
vn -0.0535 -0.9917 -0.1171
vn -0.7237 -0.6386 0.2617
vn 0.0917 -0.9947 0.0472
vn 0.2860 0.0466 0.9571
vn 0.3263 0.0913 0.9408
vn 0.6914 0.5628 0.4530
vn -0.0770 -0.9914 0.1060
vn 0.3895 -0.9063 0.1639
vn 0.1305 -0.8924 0.4320
vn 0.7458 -0.0324 0.6654
vn 0.0287 0.2839 -0.9584
vn 0.3034 0.7943 -0.5263
vn 0.0380 0.9953 -0.0890
vn -0.3175 -0.8023 -0.5054
vn -0.4385 -0.7135 -0.5465
vn 0.4850 -0.8165 0.3132
vn 0.6219 -0.4227 0.6592
vn 0.7816 0.5875 0.2099
vn -0.6780 -0.0665 0.7321
vn -0.8345 0.0751 0.5458
vn 0.3253 0.1494 0.9337
vn 0.7736 0.5994 0.2055
vn 0.0926 0.8974 -0.4315
vn -0.0284 0.9009 -0.4332
vn 0.4899 0.5560 -0.6715
vn 0.7168 0.3715 -0.5900
vn -0.0246 -0.7947 -0.6065
vn -0.0494 -0.9952 -0.0843
vn -0.0800 -0.9713 -0.2238
vn 0.0466 0.9951 -0.0874
vn 0.1691 0.9754 -0.1413
vn 0.0167 0.9900 -0.1400
vn 0.2561 -0.5596 -0.7882
vn 0.1472 -0.4170 -0.8969
vn 0.4637 -0.2807 -0.8404
vn -0.8520 0.5114 -0.1124
vn 0.0124 0.9767 -0.2143
vn -0.4351 0.8724 -0.2225
vn -0.1784 -0.8165 -0.5491
vn 0.3371 -0.8547 -0.3947
vn -0.4793 -0.8608 -0.1712
vn 0.0905 -0.9152 -0.3928
vn -0.4301 -0.6711 -0.6039
vn -0.3551 -0.7405 -0.5706
vn -0.3230 -0.9096 -0.2612
vn -0.0605 -0.9973 0.0425
vn -0.2843 -0.9440 0.1675
vn 0.3086 -0.8961 -0.3191
vn 0.5181 -0.6019 -0.6077
vn 0.0259 -0.9958 -0.0875
vn 0.4772 -0.6876 -0.5473
vn -0.0151 -0.9998 0.0122
vn 0.2771 -0.8973 -0.3436
vn 0.7110 0.1067 -0.6951
vn 0.4657 0.8187 -0.3359
vn 0.5410 0.2094 -0.8146
vn 0.6786 0.0346 -0.7336
vn -0.1805 0.9738 0.1379
vn -0.1998 0.9746 0.1013
vn -0.0878 0.9959 0.0207
vn 0.2074 0.9520 -0.2249
vn 0.1150 0.9696 -0.2159
vn 0.5949 -0.2649 -0.7589
vn 0.4190 -0.0815 0.9043
vn 0.5675 -0.0010 0.8234
vn 0.4010 -0.0279 0.9157
vn 0.4793 0.4915 -0.7271
vn 0.1893 0.9288 -0.3187
vn -0.8513 0.0872 0.5174
vn -0.9197 0.2168 0.3274
vn -0.8827 0.3056 0.3570
vn 0.2900 0.8997 -0.3263
vn 0.7129 0.4614 -0.5280
vn 0.7676 0.1300 -0.6276
vn 0.8622 0.2551 -0.4376
vn -0.9974 0.0183 -0.0697
vn -0.9909 0.0492 0.1252
vn -0.9774 0.0376 0.2080
vn -0.8723 -0.0525 0.4861
vn -0.3267 -0.1104 0.9386
vn -0.5179 -0.0844 0.8512
vn 0.8498 0.2323 -0.4732
vn 0.5835 -0.0781 -0.8083
vn 0.7476 -0.1986 -0.6337
vn 0.5650 0.1337 -0.8142
vn -0.4533 0.8911 0.0225
vn -0.8407 -0.2463 0.4822
vn -0.9471 -0.1447 0.2865
vn -0.5472 0.4904 0.6783
vn -0.6556 0.5753 0.4890
vn -0.7158 0.5841 0.3826
vn -0.0832 -0.9908 -0.1071
vn 0.5718 -0.5001 -0.6503
vn 0.0284 -0.1133 -0.9932
vn 0.2551 0.0680 -0.9645
vn 0.8444 0.0796 -0.5298
vn 0.2592 0.1688 -0.9510
vn 0.6144 0.1538 -0.7739
vn 0.7131 0.5970 -0.3675
vn 0.6359 0.7648 0.1037
vn 0.4062 0.8941 0.1888
vn 0.8286 0.5279 -0.1865
vn 0.9892 0.1425 0.0348
vn 0.6784 0.2849 -0.6772
vn -0.2987 0.0208 0.9541
vn 0.8562 0.1225 0.5019
vn 0.9424 0.3109 0.1236
vn 0.8966 0.1878 0.4011
vn -0.8971 0.1216 0.4247
vn -0.5550 0.0843 0.8276
vn 0.1565 0.7879 -0.5955
vn -0.0029 0.6940 -0.7200
vn 0.7460 0.4871 -0.4542
vn 0.9344 0.2710 -0.2312
vn 0.7261 0.1161 -0.6777
vn 0.9249 0.0575 -0.3757
vn 0.9660 -0.0574 -0.2520
vn 0.8590 0.0241 -0.5115
vn -0.8356 0.4967 0.2347
vn -0.1277 -0.7841 0.6073
vn -0.4409 -0.7937 0.4190
vn -0.0122 -0.9854 0.1699
vn -0.5524 -0.2609 0.7917
vn -0.5087 -0.5663 0.6485
vn -0.6869 -0.0601 0.7242
vn -0.2985 -0.8789 0.3721
vn -0.0971 -0.9325 0.3479
vn -0.0068 -0.9154 0.4024
vn -0.1395 -0.5235 0.8405
vn 0.0929 -0.3686 0.9249
vn 0.2130 -0.4349 0.8749
vn -0.0651 0.9861 -0.1530
vn -0.4027 0.8575 -0.3202
vn -0.3589 0.7088 -0.6073
vn -0.1845 0.0745 0.9800
vn -0.4036 0.8979 -0.1758
vn 0.1490 0.7654 -0.6260
vn 0.3164 0.9254 -0.2087
vn 0.4688 -0.0046 0.8833
vn 0.2056 -0.0302 0.9782
vn -0.2948 -0.0023 0.9555
vn -0.8488 0.2733 0.4526
vn 0.2740 -0.1555 0.9491
vn 0.0205 -0.1023 0.9945
vn -0.2335 0.0577 0.9707
vn 0.3498 -0.1412 0.9261
vn 0.0380 -0.1498 0.9880
vn -0.4916 0.0127 0.8708
vn -0.1879 0.9750 0.1188
vn 0.0438 0.9363 0.3485
vn 0.0994 0.9946 0.0289
vn -0.3201 -0.0620 0.9454
vn -0.5883 0.5361 0.6053
vn -0.1327 0.0193 -0.9910
vn -0.0729 -0.4377 -0.8962
vn 0.0781 -0.1877 0.9791
vn -0.3587 -0.0987 0.9282
vn -0.1173 -0.5310 0.8392
vn 0.0604 -0.3864 0.9203
vn -0.8730 0.1036 -0.4766
vn -0.9584 0.0046 -0.2854
vn -0.2539 0.2326 0.9388
vn 0.1017 0.6392 0.7623
vn 0.0837 0.8359 0.5424
vn -0.0046 0.2399 0.9708
vn 0.1590 0.8119 -0.5617
vn 0.1552 0.0950 -0.9833
vn 0.4304 -0.2680 -0.8619
vn -0.4328 0.7970 -0.4214
vn 0.0938 0.6590 -0.7463
vn -0.0368 0.2566 0.9658
vn 0.1577 0.3545 0.9216
vn -0.5682 0.0629 -0.8205
vn -0.8211 0.2369 -0.5193
vn -0.2812 0.9569 -0.0729
vn -0.2014 0.9790 -0.0327
vn 0.0116 0.9991 0.0396
vn -0.4603 0.2647 0.8474
vn -0.3938 -0.2604 0.8815
vn -0.4628 -0.0003 0.8865
vn -0.4228 0.6881 0.5897
vn -0.7939 0.4640 -0.3929
vn -0.7566 0.3450 -0.5555
vn -0.8994 0.2823 -0.3339
vn -0.9623 0.1808 0.2030
vn -0.4333 -0.1601 0.8869
vn -0.8762 0.4351 -0.2072
vn -0.3569 0.8537 0.3792
vn -0.6388 0.7693 -0.0098
vn -0.3881 0.9213 -0.0252
vn 0.1757 0.9472 0.2684
vn 0.4925 0.8496 0.1888
vn -0.0362 0.9990 -0.0273
vn 0.0015 1.0000 0.0034
vn -0.3210 0.9464 -0.0357
vn -0.5657 0.8220 0.0654
vn -0.1106 0.9195 -0.3772
vn 0.4832 0.2703 -0.8327
vn 0.8264 0.4539 -0.3334
vn 0.5758 0.1220 -0.8084
vn -0.2708 -0.8718 0.4081
vn -0.2213 0.8657 -0.4491
vn -0.5323 0.6319 -0.5634
vn -0.1517 0.8498 -0.5048
vn 0.5876 -0.7943 -0.1544
vn 0.4188 -0.9076 -0.0295
vn 0.3113 -0.9166 0.2510
vn -0.7643 0.5555 0.3275
vn -0.7465 0.0842 0.6601
vn 0.2081 -0.9510 0.2284
vn -0.0934 -0.9692 0.2279
vn -0.7250 -0.3903 0.5674
vn -0.3322 -0.7498 0.5722
vn -0.2284 -0.9511 0.2079
vn 0.4141 0.2936 -0.8616
vn 0.2169 -0.3165 -0.9234
vn 0.1422 -0.8880 -0.4372
vn 0.1549 0.7439 0.6501
vn -0.0804 0.7834 0.6163
vn -0.0663 0.8417 0.5359
vn -0.5138 0.1673 -0.8414
vn -0.1921 0.3167 -0.9289
vn -0.5628 0.1957 -0.8031
vn 0.0448 0.9608 -0.2736
vn 0.8897 0.2485 0.3831
vn 0.5814 0.0521 0.8120
vn 0.1745 0.7510 -0.6369
vn -0.0118 0.6332 -0.7739
vn 0.5556 0.3720 -0.7436
vn 0.1733 0.6416 -0.7472
vn -0.0299 0.9964 -0.0787
vn 0.0641 0.8336 -0.5486
vn 0.9439 -0.3163 0.0950
vn 0.9786 -0.0712 -0.1931
vn 0.9807 -0.1890 0.0501
vn 0.2967 0.0252 0.9546
vn 0.3295 -0.0488 0.9429
vn 0.3541 0.2672 -0.8962
vn 0.3354 0.0369 -0.9414
vn 0.3599 -0.1071 -0.9268
vn 0.3154 0.0624 -0.9469
vn 0.5042 -0.1519 0.8501
vn 0.7512 -0.0549 0.6578
vn 0.2880 -0.5943 -0.7509
vn 0.1023 -0.9945 0.0239
vn -0.1944 0.9682 0.1572
vn 0.1161 0.9855 -0.1241
vn 0.1033 0.9841 -0.1447
vn 0.3474 -0.7671 -0.5393
vn -0.9881 -0.1338 -0.0758
vn -0.9934 0.0390 -0.1075
vn -0.9242 0.2234 -0.3099
vn 0.4749 -0.1494 -0.8673
vn 0.1048 0.8850 -0.4536
vn 0.3570 0.8382 0.4123
vn 0.1911 0.6472 -0.7380
vn -0.0162 0.8415 -0.5401
vn 0.0019 0.9999 -0.0108
vn 0.2923 -0.6739 -0.6785
vn -0.3158 0.3545 -0.8801
vn -0.1330 0.2907 -0.9475
vn -0.8597 -0.2028 -0.4688
vn -0.8660 -0.0764 -0.4942
vn -0.6963 -0.1847 -0.6935
vn -0.3490 -0.2345 0.9073
vn -0.0701 0.0651 0.9954
vn 0.3900 0.0483 -0.9196
vn 0.2622 -0.8921 -0.3681
vn -0.1693 0.9774 -0.1263
vn -0.7981 0.5511 -0.2434
vn -0.8736 0.4860 0.0236
vn -0.3778 0.9257 -0.0201
vn -0.3205 0.9400 -0.1171
vn -0.1693 0.9105 0.3772
vn -0.1008 0.9778 0.1839
vn -0.2639 0.8981 0.3519
vn 0.6460 -0.5751 0.5018
vn 0.2047 -0.9700 0.1313
vn 0.4322 -0.8090 0.3984
vn -0.4996 -0.0986 0.8606
vn -0.8167 0.0910 0.5698
vn -0.3199 0.1313 0.9383
vn -0.7164 0.4861 0.5005
vn 0.0577 0.1347 0.9892
vn -0.7670 0.3574 0.5329
vn -0.5056 0.3434 0.7915
vn -0.3943 0.2581 0.8820
vn -0.7950 0.2734 0.5415
vn -0.9420 0.2606 0.2113
vn -0.9905 0.1104 0.0818
vn -0.9167 0.3642 0.1643
vn 0.0997 0.9398 -0.3268
vn -0.2638 0.9244 0.2753
vn -0.5330 0.7521 0.3876
vn -0.3154 0.3569 0.8793
vn -0.4272 0.8503 0.3075
vn -0.2270 0.5832 0.7800
vn 0.6696 0.6272 -0.3978
vn 0.6482 0.4125 -0.6401
vn 0.5013 0.4610 -0.7322
vn -0.7513 0.2484 0.6114
vn -0.2180 0.2072 0.9537
vn 0.0590 0.2498 0.9665
vn -0.6602 0.2749 0.6990
vn -0.7917 0.3741 0.4830
vn -0.8348 0.3818 -0.3967
vn -0.8133 0.4464 -0.3732
vn 0.5853 0.1031 0.8043
vn 0.3474 0.1766 0.9210
vn -0.0959 0.0414 0.9945
vn 0.6323 -0.0067 0.7747
vn 0.3885 -0.1078 0.9151
vn 0.9375 -0.1091 0.3303
vn -0.4943 0.1059 0.8628
vn -0.5376 -0.0234 0.8429
vn -0.9255 0.0277 0.3778
vn -0.8608 0.0846 0.5018
vn -0.2649 0.1885 0.9457
vn -0.4295 0.2121 0.8778
vn -0.8495 0.2367 0.4715
vn -0.6757 0.2041 0.7084
vn -0.9310 0.3641 -0.0273
vn -0.9925 0.1114 0.0511
vn 0.2530 0.7879 0.5615
vn 0.1154 0.9500 0.2900
vn 0.2416 0.9389 0.2451
vn -0.0954 0.7943 -0.6000
vn -0.0877 0.9805 -0.1757
vn -0.8775 -0.4461 -0.1758
vn -0.9606 0.2555 -0.1096
vn -0.8794 0.0109 0.4760
vn -0.2758 -0.9566 -0.0941
vn -0.7611 -0.4609 -0.4564
vn -0.1243 -0.9508 0.2839
vn 0.8425 -0.3230 0.4311
vn 0.9839 -0.1011 0.1475
vn -0.0557 -0.1645 0.9848
vn -0.5657 -0.2322 0.7912
vn 0.9475 -0.2752 -0.1630
vn 0.9659 -0.1797 0.1866
vn 0.6672 0.0247 -0.7444
vn 0.0328 0.2737 -0.9613
vn -0.1648 0.2390 -0.9569
vn 0.2548 -0.0834 0.9634
vn 0.0001 -0.2564 0.9666
vn -0.0736 0.9952 0.0647
vn -0.0589 0.9869 -0.1503
vn -0.1707 0.7187 0.6741
vn -0.0403 0.9751 -0.2179
vn 0.0783 0.9029 -0.4226
vn -0.5236 0.4684 0.7116
vn -0.3638 0.0734 0.9286
vn 0.0302 0.5635 0.8256
vn -0.1889 -0.4749 0.8595
vn 0.9629 -0.1300 0.2365
vn 0.4537 -0.8896 -0.0529
vn 0.4587 -0.7773 0.4306
vn -0.0881 -0.9961 -0.0072
vn -0.7021 -0.6614 -0.2637
vn -0.4955 -0.8606 0.1178
vn 0.1979 -0.9306 0.3078
vn 0.0154 -0.3761 0.9265
vn -0.4584 0.8838 0.0935
vn 0.0814 0.6936 0.7158
vn -0.2905 0.6914 0.6615
vn -0.1191 -0.8990 0.4214
vn -0.8485 0.4306 0.3076
vn -0.8403 0.5230 0.1431
vn -0.9368 0.2526 0.2422
vn -0.9686 0.1692 0.1824
vn -0.5035 -0.8632 -0.0385
vn 0.1928 -0.9131 -0.3593
vn 0.6274 0.0409 0.7777
vn -0.5194 -0.5607 0.6449
vn 0.6944 -0.7148 -0.0828
vn 0.5728 -0.7984 -0.1858
vn 0.2947 -0.8251 -0.4820
vn 0.0040 -0.8273 -0.5617
vn 0.7679 -0.1224 0.6288
vn 0.8674 -0.4721 0.1573
vn 0.9645 -0.2567 -0.0616
vn 0.7975 -0.6024 -0.0319
vn 0.9382 0.0062 0.3460
vn 0.9312 -0.1175 0.3450
vn 0.5823 -0.0381 0.8121
vn 0.5154 -0.0713 0.8540
vn -0.2152 0.1797 0.9599
vn -0.4304 0.5367 0.7258
vn -0.1459 -0.6639 -0.7334
vn 0.9350 -0.2543 -0.2472
vn 0.8244 -0.4485 -0.3453
vn -0.6620 0.7203 0.2070
vn -0.3705 0.9244 -0.0904
vn -0.1863 0.9801 -0.0692
vn 0.2952 0.8452 -0.4455
vn -0.3749 -0.5641 -0.7357
vn -0.3122 -0.5581 -0.7688
vn -0.6670 -0.4602 -0.5859
vn 0.2094 -0.9756 -0.0665
vn 0.1643 0.7715 0.6146
vn 0.1410 0.9476 0.2867
vn 0.0803 0.9677 0.2388
vn 0.4780 -0.5443 -0.6893
vn 0.3599 -0.9304 0.0695
vn -0.4310 0.7750 0.4622
vn 0.7601 0.0638 0.6467
vn 0.5119 -0.5247 0.6802
vn 0.2292 -0.4336 0.8715
vn -0.9917 0.0663 0.1098
vn -0.6321 0.1632 0.7575
vn -0.8468 0.1484 0.5108
vn -0.4537 0.0856 0.8871
vn 0.5020 -0.8020 0.3238
vn 0.5909 -0.2384 0.7707
vn 0.2498 0.0873 0.9643
vn -0.5441 0.1665 0.8223
vn -0.1229 0.3713 -0.9203
vn -0.0333 0.3895 -0.9204
vn -0.0445 0.1027 -0.9937
vn -0.3669 -0.5022 0.7830
vn 0.2433 0.3290 0.9124
vn 0.2821 0.1941 0.9395
vn 0.6780 0.1634 0.7167
vn -0.8785 -0.0526 -0.4748
vn -0.6068 -0.0100 -0.7948
vn -0.1203 -0.8953 0.4289
vn -0.0741 -0.9219 0.3804
vn -0.6591 -0.1170 -0.7429
vn -0.2184 0.0817 -0.9724
vn 0.6942 0.0848 -0.7147
vn 0.9444 0.1208 -0.3057
vn 0.7877 0.2675 -0.5549
vn -0.3918 -0.1316 0.9106
vn -0.8649 0.0678 0.4974
vn -0.9878 0.1392 0.0693
vn -0.9704 0.0613 0.2336
vn -0.1890 -0.7345 0.6518
vn -0.3489 -0.5424 0.7642
vn -0.4257 0.7751 0.4669
vn 0.3439 0.6559 0.6720
vn 0.5008 0.4959 0.7095
vn -0.2397 0.5867 0.7735
vn -0.9758 0.0791 0.2039
vn -0.1930 0.9743 0.1158
vn -0.9975 0.0360 0.0608
vn -0.8622 0.1751 0.4753
vn -0.8533 0.1141 0.5088
vn -0.3289 0.5324 -0.7800
vn -0.1871 0.6003 -0.7776
vn -0.2672 0.9520 -0.1496
vn -0.3649 0.8727 -0.3243
vn -0.2697 0.0656 0.9607
vn -0.1752 0.0805 0.9812
vn -0.9928 0.0441 -0.1118
vn -0.0006 0.9989 0.0465
vn -0.0656 0.9957 0.0657
vn -0.7614 0.0571 0.6457
vn -0.3706 0.0933 0.9241
vn -0.4008 0.8769 -0.2653
vn -0.3542 0.8998 -0.2549
vn -0.5753 0.2106 0.7904
vn -0.6089 0.1562 0.7777
vn -0.7166 0.4233 -0.5543
vn -0.7880 0.2328 -0.5700
vn -0.3617 0.9088 -0.2077
vn -0.4650 -0.7850 -0.4094
vn -0.3922 0.0658 0.9175
vn -0.4743 -0.7692 -0.4283
vn 0.4349 0.1697 -0.8843
vn 0.1382 0.9897 0.0362
vn -0.1551 0.9685 -0.1949
vn -0.1750 0.5696 0.8031
vn 0.1319 0.5518 0.8235
vn -0.3329 0.2376 0.9125
vn 0.9421 0.2711 -0.1975
vn 0.0480 0.2170 -0.9750
vn 0.6860 0.2313 -0.6898
vn -0.3760 0.8779 -0.2964
vn -0.5209 0.4840 -0.7031
vn -0.3631 0.7451 -0.5594
vn -0.5546 0.5287 -0.6425
vn -0.2589 0.8312 -0.4921
vn -0.9784 0.1572 -0.1345
vn -0.9279 0.1000 -0.3593
vn -0.9619 0.2624 -0.0769
vn -0.8040 0.3305 -0.4943
vn -0.8961 0.1794 -0.4060
vn -0.3594 0.3721 -0.8558
vn 0.2537 0.0994 0.9622
vn 0.4162 0.0818 0.9056
vn 0.6915 0.0601 0.7199
vn -0.5970 0.4257 -0.6800
vn 0.0595 0.0705 0.9957
vn 0.1268 0.0987 0.9870
vn 0.9742 -0.2248 -0.0188
vn 0.7336 -0.6141 0.2911
vn 0.8366 -0.4909 -0.2431
vn -0.5138 0.5405 -0.6663
vn -0.2767 0.9062 -0.3197
vn -0.2423 0.9682 0.0615
vn -0.3011 0.9319 0.2021
vn 0.0960 0.3756 0.9218
vn 0.1702 0.5756 0.7998
vn 0.1238 0.7166 0.6864
vn -0.0531 0.9985 0.0108
vn -0.4560 0.8574 0.2386
vn -0.1108 0.0711 0.9913
vn 0.2105 0.6349 0.7433
vn 0.0146 0.7507 0.6605
vn -0.1756 0.7020 0.6902
vn 0.0676 0.5133 0.8555
vn 0.1397 0.9519 -0.2727
vn -0.0037 0.9954 -0.0956
vn -0.2339 0.9168 -0.3236
vn -0.4293 0.8569 0.2854
vn -0.0751 0.9971 -0.0132
vn 0.0367 0.1069 -0.9936
vn 0.3674 0.1227 -0.9220
vn 0.0163 -0.1520 0.9882
vn -0.1157 0.6874 -0.7170
vn 0.1236 0.2289 -0.9656
vn -0.4181 0.3925 -0.8192
vn -0.5336 0.5764 -0.6189
vn -0.3644 0.6589 -0.6581
vn 0.2501 0.2198 0.9429
vn 0.9516 -0.0396 0.3049
vn 0.3265 0.2169 0.9200
vn 0.1847 0.0648 0.9807
vn 0.1101 0.1037 0.9885
vn 0.3843 0.0759 0.9201
vn -0.3250 0.3573 -0.8756
vn 0.2924 0.0587 0.9545
vn 0.3077 0.2445 0.9195
vn 0.2319 0.0267 0.9724
vn 0.0127 0.2185 0.9758
vn 0.0252 0.1724 0.9847
vn 0.5340 -0.8277 0.1725
vn 0.8425 -0.5263 0.1149
vn 0.8590 -0.4832 0.1691
vn 0.9583 0.1838 0.2187
vn 0.8865 0.4033 0.2270
vn -0.9847 -0.0184 0.1731
vn -0.4411 0.2120 -0.8721
vn -0.3870 0.1729 -0.9057
vn -0.3441 0.1582 -0.9255
vn 0.0647 0.9834 0.1693
vn 0.2821 0.9522 -0.1171
vn 0.2629 0.7537 -0.6023
vn 0.1925 0.0152 0.9812
vn 0.0181 0.1919 0.9813
vn 0.2460 0.0934 0.9648
vn 0.9405 -0.1387 -0.3103
vn 0.9797 -0.0368 -0.1971
vn 0.0332 0.3717 0.9278
vn 0.1152 0.4195 0.9004
vn 0.0557 0.8024 0.5941
vn 0.1192 0.6585 0.7430
vn 0.2587 -0.0913 0.9616
vn -0.5625 -0.6039 0.5648
vn 0.5159 0.0162 0.8565
vn -0.2151 0.8232 0.5255
vn 0.2392 0.5492 0.8007
vn -0.1887 0.7260 -0.6613
vn -0.2443 0.3697 -0.8964
vn -0.3718 0.4285 -0.8235
vn -0.0128 0.9617 -0.2737
vn 0.6541 0.7492 -0.1042
vn 0.6154 0.7874 0.0357
vn 0.1944 0.9796 -0.0501
vn -0.0589 0.9825 0.1768
vn -0.9810 0.1017 -0.1650
vn -0.9634 0.2403 0.1189
vn -0.8926 0.4451 0.0714
vn 0.8906 -0.1752 -0.4197
vn 0.1940 0.9794 -0.0558
vn 0.7107 0.6965 0.0991
vn 0.6229 0.7813 0.0401
vn 0.8197 0.5725 -0.0172
vn 0.9974 -0.0691 -0.0216
vn 0.8542 -0.0909 0.5119
vn 0.9646 -0.0312 -0.2620
vn 0.0413 0.9991 0.0120
vn -0.3512 0.9358 0.0308
vn -0.4864 0.8584 0.1626
vn -0.1109 0.9937 -0.0138
vn 0.1507 0.5684 -0.8089
vn -0.6025 0.2342 -0.7630
vn -0.5631 -0.1822 -0.8061
vn 0.2911 0.7429 0.6028
vn 0.3525 0.8229 0.4457
vn -0.0482 0.4385 -0.8975
vn -0.9142 0.0208 -0.4048
vn -0.3672 0.1723 -0.9141
vn 0.0169 -0.9994 0.0312
vn 0.8066 0.4069 0.4288
vn 0.8111 0.5502 -0.1983
vn 0.7638 0.5455 -0.3451
vn 0.9155 0.3905 -0.0972
vn 0.1549 0.1726 -0.9727
vn 0.9232 0.0829 0.3754
vn 0.4365 -0.8996 0.0150
vn 0.0650 0.1219 -0.9904
vn 0.2799 -0.4478 -0.8492
vn 0.2347 -0.9265 -0.2940
vn 0.3769 -0.2997 -0.8764
vn -0.1788 0.6283 -0.7572
vn -0.1469 0.7448 -0.6509
vn -0.1365 0.8476 -0.5128
vn -0.2305 0.8494 -0.4747
vn -0.2453 0.7415 -0.6245
vn -0.2666 0.7576 -0.5958
vn 0.5840 0.4776 0.6564
vn -0.0780 0.3619 0.9290
vn -0.2305 0.1799 0.9563
vn -0.4412 0.2169 0.8708
vn 0.1801 0.2875 0.9407
vn 0.8178 -0.4680 0.3350
vn 0.9762 -0.0542 0.2098
vn 0.5017 0.2882 0.8156
vn 0.7377 0.2564 0.6245
vn 0.1588 -0.2462 -0.9561
vn -0.6685 0.7406 0.0679
vn -0.0203 0.2900 0.9568
vn -0.0498 0.1853 0.9814
vn 0.6611 0.1964 0.7241
vn -0.0788 0.3115 0.9470
vn -0.5897 0.2445 0.7697
vn -0.1407 0.4809 0.8654
vn 0.5995 0.2639 0.7556
vn 0.8843 0.1260 -0.4496
vn 0.6537 0.6630 -0.3647
vn 0.3515 0.3150 0.8816
vn 0.3529 -0.9356 0.0075
vn 0.5344 -0.5407 0.6496
vn 0.1196 -0.9905 0.0684
vn 0.2601 -0.9618 -0.0848
vn 0.2217 -0.9676 -0.1205
vn 0.8601 -0.5003 0.0994
vn -0.6485 0.5421 0.5345
vn 0.9205 -0.0017 0.3909
vn 0.8973 0.0596 0.4374
vn 0.9774 -0.0169 -0.2106
vn 0.4958 0.0456 -0.8672
vn 0.6709 -0.0750 -0.7377
vn 0.4259 0.9032 0.0530
vn 0.9206 0.0034 0.3905
vn 0.9575 -0.2880 -0.0138
vn 0.8849 -0.1350 -0.4458
vn 0.8921 0.0319 0.4508
vn 0.9433 -0.2626 -0.2031
vn 0.3989 0.8012 -0.4460
vn 0.6141 0.7876 -0.0510
vn 0.6677 0.7171 0.1998
vn -0.1731 0.9456 0.2755
vn -0.1346 0.9772 0.1639
vn -0.1472 0.9198 0.3637
vn -0.2350 -0.8003 0.5517
vn 0.1608 -0.5035 0.8489
vn 0.9664 -0.1200 0.2274
vn 0.7812 -0.0225 0.6239
vn -0.2180 0.9742 0.0588
vn -0.2717 0.9624 -0.0027
vn 0.6301 0.0984 0.7703
vn 0.0929 0.1517 -0.9841
vn 0.0690 -0.0676 -0.9953
vn 0.1880 -0.0062 -0.9822
vn 0.3743 -0.0524 -0.9258
vn -0.4494 0.8104 0.3759
vn -0.6751 0.5094 0.5335
vn -0.1924 0.9539 0.2304
vn -0.2825 0.9258 0.2510
vn -0.3706 0.9137 0.1664
vn 0.0178 0.1713 -0.9851
vn -0.1643 0.0145 -0.9863
vn 0.1247 0.0117 -0.9921
vn 0.6612 0.2252 0.7156
vn 0.1783 0.1017 0.9787
vn 0.3477 0.0930 0.9330
vn -0.0961 0.0002 -0.9954
vn -0.1331 0.2056 -0.9695
vn -0.0264 -0.0436 -0.9987
vn 0.2934 -0.4565 0.8399
vn 0.1404 0.0669 0.9878
vn 0.0060 0.4874 0.8732
vn -0.7103 0.2816 -0.6452
vn -0.1955 0.1607 -0.9674
vn -0.9880 0.0182 0.1536
vn -0.9733 0.1226 -0.1942
vn 0.6800 0.2279 0.6969
vn 0.2779 0.4090 0.8692
vn 0.7485 0.6481 0.1403
vn 0.7505 0.6552 -0.0858
vn 0.6489 0.7581 -0.0642
vn 0.2622 -0.0645 0.9629
vn 0.0915 0.8265 -0.5554
vn -0.0311 0.9578 -0.2858
vn 0.2820 0.8242 -0.4911
vn 0.4354 0.2567 -0.8629
vn 0.7001 0.4508 -0.5538
vn 0.8016 0.3878 -0.4549
vn 0.7953 0.1796 -0.5791
vn 0.9782 -0.0488 -0.2018
vn 0.7647 0.5724 -0.2960
vn 0.4547 0.8672 -0.2031
vn 0.1160 0.9198 -0.3750
vn 0.3366 0.9413 -0.0271
vn 0.3137 0.9477 0.0589
vn 0.0243 0.9814 -0.1904
vn -0.5025 0.3550 -0.7883
vn -0.6281 0.2597 -0.7335
vn -0.2191 0.2480 -0.9437
vn 0.2765 0.0934 -0.9565
vn 0.4141 0.0728 -0.9073
vn 0.5324 0.1165 -0.8385
vn -0.1178 0.8654 -0.4870
vn 0.0095 0.9842 0.1766
vn 0.2173 0.9364 -0.2756
vn -0.0084 0.9989 0.0466
vn 0.5269 0.6935 -0.4914
vn 0.8518 0.4002 -0.3381
vn 0.5179 0.8190 -0.2470
vn 0.9961 0.0518 0.0714
vn 0.3217 -0.8629 0.3897
vn 0.6581 0.7205 0.2186
vn 0.9685 -0.0044 0.2491
vn 0.5659 0.8225 0.0578
vn -0.5619 0.6086 -0.5603
vn -0.7112 0.0876 -0.6976
vn 0.1887 -0.9596 0.2089
vn 0.5088 -0.7678 0.3893
vn -0.1567 -0.9165 0.3681
vn 0.8841 -0.0872 0.4592
vn 0.8472 -0.0118 -0.5311
vn 0.9679 0.2097 -0.1385
vn 0.9655 0.2571 -0.0422
vn 0.9217 0.0951 -0.3760
vn -0.9389 0.1045 0.3280
vn 0.2645 -0.8357 -0.4813
vn 0.5659 0.7249 -0.3929
vn 0.6992 0.6740 -0.2385
vn 0.1128 0.8577 -0.5016
vn 0.1913 0.8662 -0.4616
vn 0.1830 0.9185 -0.3506
vn 0.3513 0.8033 -0.4808
vn 0.1192 -0.1032 -0.9875
vn 0.0849 0.6277 0.7738
vn 0.9736 0.2259 -0.0331
vn 0.4242 0.8044 -0.4159
vn 0.4033 0.7657 -0.5010
vn -0.8178 0.3553 -0.4528
vn -0.9766 0.1598 -0.1443
vn 0.6224 0.1132 0.7745
vn 0.8041 0.0614 0.5913
vn 0.9953 0.0971 -0.0056
vn 0.9384 -0.0029 0.3456
vn 0.9754 0.1498 0.1617
vn -0.0305 0.1771 -0.9837
vn -0.5157 0.0669 0.8542
vn -0.9823 0.0049 0.1875
vn -0.7494 -0.0001 0.6621
vn -0.2065 0.9357 0.2859
vn -0.4528 0.2936 0.8419
vn 0.9678 0.1144 -0.2243
vn 0.9321 0.3619 0.0175
vn 0.8799 0.3390 0.3330
vn 0.7555 0.4996 0.4238
vn 0.7406 -0.6018 -0.2990
vn 0.3178 0.4229 -0.8486
vn 0.6599 -0.7052 -0.2594
vn -0.7178 -0.4353 0.5435
vn -0.9083 -0.4147 -0.0553
vn 0.5548 0.6196 -0.5553
vn 0.2095 0.9566 -0.2025
vn -0.1513 0.0068 0.9885
vn 0.9117 0.1218 -0.3923
vn 0.9321 0.0872 -0.3516
vn 0.1419 0.5363 -0.8320
vn -0.3426 0.6164 -0.7090
vn 0.7649 0.4994 0.4068
vn 0.9551 0.2810 -0.0940
vn 0.6247 0.0485 0.7793
vn 0.9956 -0.0176 0.0917
vn 0.6060 -0.0977 0.7895
vn 0.3517 0.9095 -0.2217
vn -0.0264 0.2815 -0.9592
vn -0.3334 0.3368 -0.8806
vn -0.2087 0.4670 -0.8593
vn 0.0782 0.1424 0.9867
vn 0.1832 0.1228 -0.9754
vn -0.5997 -0.7846 -0.1576
vn -0.1059 0.9904 -0.0890
vn -0.1234 0.9915 0.0411
vn 0.1654 0.8037 -0.5715
vn 0.9555 -0.0742 0.2856
vn -0.5142 0.1748 0.8397
vn -0.5137 0.1586 0.8432
vn -0.6320 0.1135 0.7666
vn -0.4992 0.0890 -0.8619
vn -0.4828 0.1254 -0.8667
vn -0.6054 0.1113 -0.7881
vn -0.6629 0.1238 0.7384
vn -0.9166 0.2516 0.3106
vn -0.1345 0.1592 -0.9780
vn -0.0773 0.1060 -0.9914
vn -0.2555 0.1337 -0.9575
vn 0.0160 0.2356 -0.9717
vn 0.0178 0.1838 -0.9828
vn -0.0022 0.1807 -0.9835
vn -0.0878 0.5479 -0.8319
vn -0.3308 0.6060 -0.7234
vn -0.1302 0.6805 -0.7211
vn -0.0740 0.6368 -0.7675
vn -0.0302 0.5409 -0.8406
vn -0.1130 0.3907 -0.9136
vn -0.0278 0.1850 -0.9823
vn -0.1451 0.8973 0.4169
vn -0.1139 0.9016 0.4173
vn -0.1062 -0.0225 -0.9941
vn 0.4989 0.7223 -0.4789
vn 0.5144 -0.1273 -0.8481
vn -0.3691 0.2820 -0.8856
vn -0.0506 -0.9786 0.1994
vn -0.2004 -0.9794 0.0233
vn 0.4030 -0.1461 -0.9035
vn -0.4020 -0.3527 0.8450
vn -0.2510 0.9017 -0.3521
vn -0.4049 0.2557 -0.8779
vn -0.0332 0.6525 0.7570
vn 0.4095 0.0192 0.9121
vn 0.5373 0.0355 0.8426
vn 0.3450 0.0869 0.9346
vn -0.9728 0.1241 0.1958
vn 0.4809 0.7326 -0.4818
vn 0.8663 0.0384 0.4981
vn 0.0647 -0.0850 -0.9943
vn -0.9540 0.2405 -0.1792
vn 0.9981 -0.0558 -0.0271
vn 0.9472 -0.1304 0.2929
vn 0.7804 -0.0079 0.6253
vn 0.6991 0.3593 -0.6182
vn 0.2363 0.0813 -0.9683
vn 0.3165 -0.1603 0.9349
vn 0.2923 0.3617 -0.8853
vn 0.4018 0.6346 -0.6602
vn -0.5600 -0.1209 0.8196
vn -0.3453 -0.6640 0.6632
vn -0.2703 0.0119 -0.9627
vn -0.0773 0.1405 -0.9871
vn -0.5036 0.1075 -0.8572
vn 0.5922 -0.6611 -0.4606
vn 0.4017 -0.9140 -0.0564
vn 0.2234 -0.9672 0.1206
vn -0.0322 -0.0005 0.9995
vn 0.0988 0.2186 0.9708
vn -0.9248 0.1912 -0.3290
vn -0.2854 -0.2160 -0.9337
vn -0.5463 -0.2701 -0.7928
vn -0.9281 0.3222 0.1865
vn -0.8741 0.3719 -0.3124
vn -0.2207 0.7034 -0.6757
vn -0.0937 0.1595 -0.9827
vn -0.2022 0.2911 -0.9351
vn -0.0456 0.6646 -0.7458
vn 0.6709 0.4242 0.6083
vn 0.9365 0.0507 -0.3469
vn 0.9751 0.2216 0.0080
vn -0.0173 0.6808 -0.7323
vn -0.1398 0.5109 -0.8482
vn -0.9340 -0.1817 0.3077
vn -0.9849 -0.0514 0.1656
vn -0.6656 -0.1287 0.7352
vn -0.1196 0.8400 -0.5292
vn -0.1883 0.8301 -0.5249
vn -0.3906 0.8417 -0.3729
vn 0.9900 -0.1340 -0.0435
vn 0.9738 -0.2128 0.0801
vn 0.4983 -0.7934 -0.3495
vn 0.1766 -0.9842 0.0098
vn -0.5357 0.5852 -0.6087
vn -0.9611 0.2442 -0.1289
vn -0.8823 0.1693 -0.4392
vn 0.2919 -0.0993 -0.9513
vn 0.4105 0.2725 0.8702
vn -0.6796 0.0049 0.7336
vn 0.1476 0.1927 0.9701
vn 0.2152 -0.4785 0.8513
vn 0.2086 0.1799 0.9613
vn 0.7596 0.3307 0.5600
vn 0.7216 0.2961 0.6258
vn -0.9028 0.4260 -0.0590
vn 0.8526 -0.1862 -0.4883
vn 0.5214 0.2018 0.8291
vn 0.8249 0.1316 0.5498
vn 0.7331 0.6026 0.3154
vn 0.5598 0.6372 0.5297
vn 0.9659 0.2496 0.0686
vn 0.6873 0.7201 0.0950
vn 0.2151 0.0094 0.9765
vn -0.0732 0.3984 0.9143
vn 0.7890 0.1825 0.5866
vn -0.4905 0.7907 -0.3663
vn -0.1882 0.8893 -0.4167
vn -0.0027 0.9991 0.0422
vn -0.0023 0.9999 0.0153
vn 0.0157 -0.9970 -0.0763
vn -0.5688 0.5175 -0.6392
vn -0.9455 0.1035 -0.3088
vn 0.7253 0.1645 -0.6684
vn 0.6246 0.6801 -0.3838
vn 0.8346 0.3061 0.4579
vn 0.9291 0.2247 0.2938
vn -0.6461 0.7590 -0.0802
vn 0.6515 0.1804 -0.7369
vn 0.8080 -0.0438 -0.5876
vn 0.6794 -0.1527 -0.7177
vn -0.0068 0.7018 0.7123
vn -0.5494 -0.1206 0.8268
vn 0.5843 -0.5742 -0.5735
vn 0.7791 -0.1393 -0.6112
vn 0.5601 -0.5995 -0.5717
vn 0.8234 -0.5133 -0.2420
vn 0.9559 -0.2508 -0.1530
vn 0.7457 0.6621 -0.0742
vn 0.3301 0.9238 -0.1941
vn -0.0109 0.9934 -0.1142
vn -0.2132 0.9459 0.2446
vn -0.2989 0.8924 0.3381
vn -0.2641 0.0258 -0.9642
vn -0.5157 0.0175 -0.8566
vn 0.0573 -0.9473 -0.3152
vn 0.1720 -0.9271 -0.3330
vn -0.2326 -0.9400 -0.2495
vn 0.2059 -0.9459 -0.2506
vn -0.2096 -0.9618 -0.1762
vn 0.0272 0.1940 -0.9806
vn -0.5461 0.7361 0.4000
vn -0.5666 0.6367 0.5230
vn 0.0665 0.7432 -0.6658
vn -0.3682 0.6957 0.6168
vn 0.0648 0.7695 0.6354
vn -0.2069 0.0732 -0.9756
vn 0.3250 -0.0118 -0.9456
vn 0.6297 -0.4983 -0.5959
vn 0.9797 0.1943 -0.0486
vn 0.1578 -0.9108 -0.3815
vn 0.2456 -0.9474 -0.2052
vn -0.0662 0.9311 -0.3588
vn -0.0738 0.8144 -0.5756
vn -0.8532 0.2148 -0.4753
vn -0.9327 0.2497 0.2603
vn 0.1514 0.9384 0.3107
vn -0.3695 0.2460 -0.8961
vn 0.6243 0.3735 0.6861
vn -0.0521 0.2608 -0.9640
vn 0.2161 0.0171 -0.9762
vn -0.4743 0.2274 -0.8505
vn 0.7678 -0.3128 0.5591
vn -0.8219 0.3832 -0.4216
vn -0.7593 0.0098 -0.6507
vn -0.5547 0.4648 -0.6901
vn 0.1460 -0.9612 0.2340
vn 0.5920 -0.5752 -0.5646
vn -0.8360 0.0397 0.5474
vn -0.9730 0.2297 0.0208
vn -0.7669 -0.0651 0.6385
vn -0.3816 -0.1762 0.9074
vn -0.5806 -0.0121 0.8141
vn 0.2827 0.4159 -0.8643
vn -0.0997 0.3011 -0.9484
vn 0.9106 0.3261 -0.2538
vn -0.4802 0.7380 0.4741
vn 0.7698 0.1756 0.6137
vn -0.0175 -0.8453 0.5340
vn -0.2670 -0.5980 0.7557
vn 0.4274 0.5724 0.6998
vn -0.3680 0.9254 0.0908
vn 0.9253 0.3641 0.1063
vn 0.9376 0.2923 0.1883
vn 0.5905 0.6806 -0.4337
vn 0.2424 0.9621 0.1252
vn -0.0155 0.2671 0.9635
vn 0.5142 0.1112 0.8504
vn -0.7758 0.1124 0.6209
vn 0.2895 0.3788 0.8790
vn 0.1853 0.4327 0.8823
vn 0.6940 0.4762 0.5400
vn 0.5080 0.2584 0.8217
vn 0.8236 0.5111 0.2461
vn 0.6579 0.5621 0.5012
vn 0.6798 0.3414 0.6491
vn 0.8472 0.5014 0.1756
vn -0.2212 0.9233 0.3141
vn 0.7929 0.3808 -0.4757
vn 0.8324 0.4424 -0.3338
vn 0.2665 0.9171 0.2964
vn -0.0366 0.9973 -0.0636
vn 0.4423 0.8368 -0.3227
vn 0.4455 -0.8527 -0.2728
vn 0.4600 -0.8287 -0.3189
vn -0.4322 0.8344 0.3420
vn -0.7914 0.6107 0.0250
vn -0.1715 0.0212 -0.9850
vn 0.7173 -0.1665 -0.6766
vn 0.1341 0.9824 0.1298
vn 0.4044 0.7160 -0.5690
vn 0.7080 0.0094 -0.7061
vn 0.5379 -0.3873 -0.7488
vn 0.7129 -0.4586 -0.5305
vn 0.3769 0.3920 -0.8392
vn 0.8545 -0.2536 -0.4534
vn 0.4207 -0.8128 -0.4029
vn 0.7465 0.5847 -0.3177
vn 0.7210 0.0657 -0.6898
vn 0.4641 0.0875 -0.8815
vn 0.5947 0.6324 -0.4963
vn -0.0886 0.7438 -0.6625
vn -0.9678 0.1426 -0.2076
vn -0.2727 0.9460 -0.1754
vn 0.1482 0.6927 -0.7058
vn 0.3968 0.0626 -0.9158
vn -0.6061 0.4490 0.6565
vn 0.0857 0.4520 -0.8879
vn 0.0305 0.1188 -0.9924
vn 0.3583 0.9281 -0.1012
vn 0.5473 0.7630 0.3440
vn 0.1336 0.6421 -0.7548
vn -0.2688 0.3123 -0.9112
vn -0.2328 0.0367 -0.9718
vn -0.2760 0.0849 -0.9574
vn -0.3187 0.1359 -0.9381
vn -0.2954 0.0816 -0.9519
vn -0.7012 0.1848 -0.6886
vn -0.3534 -0.1769 -0.9186
vn -0.4994 -0.1530 -0.8527
vn 0.7586 -0.2407 -0.6055
vn 0.7679 -0.0682 -0.6370
vn 0.1262 0.0755 -0.9891
vn -0.0561 0.9481 0.3130
vn -0.0001 0.9998 0.0207
vn -0.1231 0.4570 -0.8809
vn -0.5396 -0.2490 -0.8043
vn -0.1438 -0.1803 -0.9730
vn 0.7166 -0.2718 -0.6423
vn 0.0885 0.9961 -0.0009
vn 0.8094 -0.5631 0.1665
vn 0.9531 -0.2739 0.1287
vn 0.7515 0.0053 -0.6598
vn 0.7094 0.1190 -0.6947
vn 0.5025 0.0892 -0.8600
vn 0.1612 -0.0201 -0.9867
vn 0.1723 -0.0281 -0.9847
vn -0.1299 0.9467 0.2948
vn 0.2769 0.0241 -0.9606
vn 0.3275 -0.1303 -0.9358
vn 0.1853 0.1167 -0.9757
vn 0.5729 0.4756 -0.6675
vn 0.6525 0.1395 -0.7449
vn 0.1520 0.9248 -0.3486
vn 0.3733 0.0728 -0.9248
vn 0.0540 0.4743 -0.8787
vn 0.0750 -0.2423 0.9673
vn 0.0602 -0.2503 0.9663
vn -0.1606 -0.1332 0.9780
vn 0.2207 0.8329 -0.5076
vn 0.6439 -0.1741 -0.7451
vn 0.2953 -0.9292 -0.2221
vn -0.2934 0.2405 -0.9252
vn 0.6013 0.3468 -0.7199
vn -0.8485 -0.0500 -0.5269
vn -0.6057 0.1364 -0.7839
vn -0.6605 0.0227 0.7505
vn -0.8814 0.2702 0.3874
vn -0.6511 0.0743 0.7554
vn 0.6476 0.1147 -0.7533
vn -0.2472 0.0087 -0.9689
vn -0.1029 0.0570 -0.9931
vn -0.2294 0.9466 0.2264
vn -0.1973 0.8809 0.4302
vn -0.2434 0.8647 0.4394
vn -0.2458 0.8730 0.4212
vn -0.3560 0.9164 0.1829
vn -0.4116 0.0421 0.9104
vn -0.4180 -0.0632 0.9062
vn 0.0493 0.9216 -0.3851
vn 0.6491 0.2354 -0.7234
vn -0.4641 0.3509 -0.8133
vn -0.2353 0.9293 0.2848
vn -0.0015 0.9998 0.0180
vn -0.2677 -0.9501 0.1602
vn -0.2085 -0.9730 0.0993
vn 0.5402 -0.8388 -0.0681
vn 0.0056 0.8893 -0.4572
vn -0.3747 0.7104 -0.5957
vn -0.1687 0.9857 0.0060
vn 0.1955 0.5444 -0.8158
vn -0.5543 0.3219 -0.7675
vn -0.1266 0.9896 -0.0680
vn -0.6446 -0.1186 -0.7552
vn -0.1996 0.4878 -0.8498
vn -0.3865 0.8760 -0.2887
vn 0.5584 0.2359 -0.7953
vn 0.5072 0.5471 -0.6658
vn 0.4705 0.7825 -0.4078
vn -0.0796 0.8455 -0.5280
vn 0.6684 -0.1544 -0.7276
vn 0.3667 -0.9120 -0.1836
vn -0.1735 0.9801 -0.0962
vn 0.2093 0.7562 -0.6199
vn 0.3647 0.8886 0.2780
vn -0.2448 0.6446 -0.7243
vn -0.7059 0.1296 -0.6964
vn 0.1702 0.9743 -0.1472
vn 0.6511 -0.5149 -0.5576
vn 0.3579 -0.9320 0.0573
vn 0.4495 -0.7339 -0.5094
vn 0.5596 -0.5909 -0.5811
vn -0.2939 -0.0112 -0.9558
vn 0.8972 0.4117 0.1601
vn 0.8255 0.5610 -0.0616
vn 0.1383 0.9748 -0.1749
vn 0.8506 0.2406 0.4675
vn 0.9712 0.2182 -0.0961
vn 0.9553 0.2547 0.1500
vn 0.2720 -0.9459 -0.1768
vn 0.7186 -0.4012 -0.5681
vn 0.1318 0.9360 -0.3265
vn -0.0878 0.9366 -0.3392
vn 0.0806 0.9883 -0.1292
vn 0.5162 0.1251 -0.8473
vn 0.3838 0.7038 -0.5978
vn -0.6868 -0.2859 -0.6682
vn 0.0174 0.8939 -0.4480
vn -0.7021 0.2509 -0.6664
vn -0.8138 0.1461 -0.5625
vn -0.7257 0.3316 -0.6029
vn 0.7285 -0.2694 -0.6298
vn 0.8054 0.0947 -0.5851
vn -0.6816 0.2076 -0.7017
vn 0.2975 -0.9108 -0.2861
vn 0.4004 0.5745 -0.7139
vn 0.0899 0.9296 -0.3574
vn 0.2296 0.7622 -0.6052
vn -0.2254 0.9076 0.3541
vn -0.0118 0.7942 -0.6076
vn 0.6025 0.1667 -0.7805
vn 0.7407 -0.4190 -0.5251
vn -0.5508 0.8236 -0.1351
vn -0.3699 0.9290 0.0094
vn -0.0507 0.7566 0.6520
vn 0.7104 -0.4236 0.5620
vn -0.1732 0.9753 -0.1370
vn -0.5581 0.8143 0.1594
vn -0.1130 0.9915 0.0643
vn -0.5522 0.1830 -0.8134
vn 0.0785 0.1583 0.9843
vn 0.9821 0.1466 0.1186
vn 0.9630 -0.0842 -0.2560
vn -0.9896 0.1419 -0.0252
vn -0.9980 0.0631 -0.0089
vn 0.9974 -0.0516 0.0509
vn -0.1606 -0.9107 0.3806
vn -0.4826 0.8556 -0.1870
vn -0.5718 0.8066 0.1500
vn 0.9497 0.1847 0.2529
vn 0.9045 0.1329 0.4053
vn 0.9783 -0.1739 -0.1127
vn 0.7953 0.6062 0.0069
vn -0.0972 0.9870 -0.1283
vn 0.3088 0.8083 -0.5013
vn 0.2772 0.7722 0.5717
vn 0.5050 0.2918 0.8123
vn 0.5709 0.2839 0.7703
vn -0.3969 0.9125 -0.0988
vn 0.1465 -0.4840 0.8627
vn -0.6898 0.7201 0.0743
vn -0.0441 -0.1767 -0.9833
vn 0.1735 -0.3843 -0.9068
vn -0.3909 -0.2573 0.8838
vn -0.9589 -0.0141 0.2834
vn 0.5680 0.2262 0.7913
vn 0.3513 0.1700 0.9207
vn -0.3638 -0.1531 0.9188
vn -0.1025 -0.2379 0.9659
vn 0.0278 -0.3843 0.9228
vn -0.1003 0.1353 0.9857
vn 0.3824 0.6177 0.6872
vn -0.8785 0.2156 0.4263
vn -0.9052 0.3950 -0.1567
vn 0.1477 -0.9523 0.2671
vn 0.0159 -0.8943 0.4471
vn -0.9513 0.0964 0.2929
vn 0.2241 0.4482 0.8654
vn -0.2938 -0.2712 0.9166
vn -0.8685 0.1642 0.4677
vn 0.9979 -0.0035 0.0649
vn -0.4704 -0.0557 0.8807
vn -0.8496 0.2637 -0.4567
vn -0.9599 0.1887 0.2074
vn 0.2529 -0.2830 0.9252
vn -0.9205 0.2384 -0.3095
vn -0.7962 0.1322 -0.5904
vn -0.9026 0.4283 0.0441
vn -0.9637 0.0754 0.2562
vn -0.6545 -0.0579 0.7539
vn -0.0327 -0.7833 0.6208
vn -0.9361 0.3257 0.1324
vn -0.9671 0.2251 -0.1183
vn -0.8596 0.1719 -0.4812
vn -0.5709 0.5748 -0.5863
vn -0.7413 0.0208 0.6708
vn -0.7073 0.4451 0.5493
vn -0.5340 0.5063 0.6771
vn -0.8929 0.4177 0.1681
vn -0.7598 0.4276 0.4898
vn -0.7828 0.3769 0.4951
vn -0.3876 -0.7688 0.5086
vn -0.8886 -0.2987 0.3481
vn -0.6237 0.7142 0.3176
vn -0.3486 0.6512 0.6741
vn -0.3698 0.8945 0.2513
vn 0.0298 0.9150 0.4023
vn -0.1526 0.0448 0.9873
vn 0.7736 0.0907 0.6271
vn -0.9423 0.2487 0.2239
vn -0.4434 0.1417 0.8851
vn -0.6021 -0.0547 0.7966
vn -0.9628 -0.0049 0.2702
vn -0.9960 0.0096 0.0884
vn -0.5037 -0.6377 0.5827
vn -0.3968 -0.8714 0.2883
vn -0.0753 0.9409 0.3302
vn 0.2608 -0.9649 0.0305
vn -0.9984 -0.0536 0.0193
vn -0.8644 0.0658 0.4984
vn 0.8794 0.1463 -0.4531
vn -0.2646 0.9306 -0.2528
vn 0.5982 -0.0031 -0.8013
vn -0.3106 0.8712 -0.3802
vn -0.4262 0.8818 -0.2017
vn -0.4724 0.8464 -0.2459
vn 0.1891 0.7507 0.6330
vn 0.2285 0.6671 0.7091
vn 0.1437 0.7348 0.6629
vn 0.7444 0.0821 0.6627
vn 0.7401 0.3943 -0.5448
vn 0.7512 0.1854 -0.6335
vn -0.2492 0.9476 0.1998
vn -0.3537 0.4818 -0.8017
vn -0.8791 -0.3305 0.3433
vn -0.2545 0.8372 0.4841
vn -0.5046 0.8053 0.3112
vn -0.1916 0.8794 0.4359
vn -0.4885 0.2742 -0.8284
vn -0.4917 0.2348 -0.8385
vn 0.2239 -0.0048 -0.9746
vn -0.7598 0.0137 0.6500
vn -0.4402 0.8807 0.1747
vn -0.6133 0.7751 0.1517
vn -0.5600 0.6612 0.4992
vn 0.3087 0.0148 0.9510
vn -0.6276 0.1798 0.7575
vn -0.5577 0.8299 -0.0146
vn -0.5341 0.8433 -0.0602
vn 0.1154 -0.9917 -0.0564
vn 0.1168 0.1334 0.9842
vn -0.0139 -0.0457 -0.9989
vn 0.4947 -0.3240 -0.8064
vn 0.9876 0.0221 -0.1557
vn 0.9134 0.0833 -0.3985
vn -0.2250 0.9709 -0.0825
vn -0.9874 0.0713 -0.1410
vn 0.1920 -0.7299 0.6560
vn -0.6182 0.7315 0.2875
vn -0.7784 0.5244 0.3451
vn 0.0348 0.1088 0.9934
vn 0.4776 -0.1310 -0.8688
vn 0.6100 -0.1881 -0.7698
vn 0.4386 -0.3767 -0.8159
vn -0.8130 0.3888 0.4334
vn 0.5519 0.0548 0.8321
vn 0.0368 0.1656 0.9855
vn 0.9907 0.1363 -0.0051
vn -0.9402 0.2739 0.2025
vn 0.9636 0.1532 0.2191
vn 0.5479 -0.0597 -0.8344
vn 0.1992 -0.0024 -0.9800
vn -0.0483 0.9681 -0.2458
vn 0.2576 0.9649 0.0520
vn 0.0846 0.9964 0.0019
vn 0.1030 0.9945 0.0179
vn -0.2838 -0.9549 0.0877
vn 0.5890 0.2695 0.7619
vn -0.8891 0.1634 0.4276
vn -0.7853 0.6087 0.1128
vn -0.1735 0.0431 -0.9839
vn -0.1532 0.0967 -0.9835
vn -0.1965 0.1722 -0.9653
vn 0.7907 0.0571 0.6096
vn 0.5490 0.0524 0.8342
vn -0.1914 0.1422 -0.9712
vn 0.1424 0.0503 -0.9885
vn -0.1910 0.9461 -0.2614
vn 0.2356 0.0879 0.9679
vn 0.8244 0.0998 -0.5571
vn -0.0777 0.0222 -0.9967
vn 0.4047 0.1280 0.9055
vn 0.8825 0.1254 0.4532
vn 0.9917 0.1128 0.0624
vn 0.9892 0.1402 0.0419
vn 0.9591 0.0809 0.2712
vn 0.5938 0.7729 0.2235
vn -0.0826 0.0947 -0.9921
vn -0.2593 0.9658 -0.0073
vn -0.1546 0.8376 0.5240
vn 0.1663 0.7075 -0.6868
vn 0.9399 -0.0721 0.3338
vn 0.0745 0.7598 0.6458
vn -0.8566 0.0098 0.5158
vn -0.6462 0.7556 0.1074
vn -0.3170 0.8959 -0.3113
vn -0.0182 0.9752 -0.2205
vn 0.9550 0.1702 -0.2430
vn -0.5989 0.7526 0.2737
vn -0.9953 -0.0186 0.0951
vn -0.9950 -0.0383 0.0924
vn -0.9795 0.0832 0.1836
vn 0.0135 -0.9999 -0.0079
vn -0.1310 0.7908 0.5979
vn -0.0512 0.9931 0.1056
vn 0.0461 0.9936 -0.1034
vn -0.0084 0.6589 -0.7522
vn 0.3030 0.9352 -0.1834
vn 0.0365 0.7824 0.6217
vn -0.0471 0.8411 0.5388
vn -0.4189 0.2137 -0.8825
vn -0.3002 0.1884 -0.9351
vn -0.4330 0.8947 0.1097
vn -0.0020 -0.9997 0.0229
vn -0.2312 -0.9621 0.1448
vn -0.0795 0.9305 0.3577
vn -0.2214 0.0867 -0.9713
vn 0.9679 -0.1660 -0.1886
vn 0.9335 -0.2850 -0.2178
vn 0.7234 0.1008 -0.6830
vn 0.4432 -0.0842 -0.8925
vn 0.5103 0.7927 0.3335
vn -0.5795 0.8072 0.1123
vn 0.4051 0.7653 0.5002
vn -0.8274 -0.2709 -0.4919
vn -0.5577 0.8293 0.0352
vn -0.7179 -0.0114 0.6960
vn -0.4474 0.1351 -0.8840
vn -0.0332 0.9469 -0.3199
vn 0.0458 0.9990 0.0018
vn 0.8341 0.1152 -0.5394
vn 0.0273 0.9995 -0.0178
vn 0.0127 0.9998 -0.0162
vn -0.8679 0.1812 -0.4625
vn -0.9711 0.0811 -0.2243
vn 0.7486 0.4031 0.5265
vn 0.6577 0.1358 -0.7409
vn -0.1047 -0.9905 -0.0886
vn -0.1528 -0.9811 -0.1186
vn 0.9042 -0.2140 -0.3696
vn 0.9874 0.0522 -0.1492
vn 0.9966 0.0687 0.0450
vn -0.0066 1.0000 0.0048
vn -0.0003 0.9998 -0.0182
vn -0.8901 0.0476 0.4533
vn 0.7720 0.0557 -0.6332
vt 0.262324 0.885996
vt 0.278006 0.895100
vt 0.271821 0.899540
vt 0.462892 0.629979
vt 0.481820 0.664122
vt 0.448293 0.636562
vt 0.618435 0.811364
vt 0.624386 0.828557
vt 0.606331 0.837434
vt 0.684464 0.204529
vt 0.670679 0.236391
vt 0.658744 0.256823
vt 0.058636 0.934611
vt 0.066000 0.926973
vt 0.074423 0.936034
vt 0.387236 0.025049
vt 0.395775 0.030744
vt 0.380580 0.035288
vt 0.359320 0.988583
vt 0.355641 0.979021
vt 0.382917 0.961285
vt 0.423364 0.019803
vt 0.398526 0.021239
vt 0.620276 0.976004
vt 0.626231 0.972099
vt 0.639804 0.978765
vt 0.676299 0.638774
vt 0.675909 0.624827
vt 0.685653 0.636333
vt 0.670418 0.914438
vt 0.674632 0.920665
vt 0.670299 0.920629
vt 0.465693 0.393413
vt 0.486920 0.388972
vt 0.486498 0.399081
vt 0.413075 0.232785
vt 0.414414 0.263688
vt 0.382686 0.188744
vt 0.319257 0.356528
vt 0.299707 0.372564
vt 0.324974 0.329227
vt 0.110344 0.775973
vt 0.103979 0.774336
vt 0.117242 0.759182
vt 0.662177 0.376500
vt 0.674865 0.374585
vt 0.679569 0.381671
vt 0.970541 0.617953
vt 0.948893 0.616092
vt 0.942281 0.604810
vt 0.765792 0.906973
vt 0.780541 0.907304
vt 0.795801 0.926916
vt 0.782155 0.932688
vt 0.758675 0.926090
vt 0.758912 0.892098
vt 0.090842 0.243909
vt 0.114093 0.257309
vt 0.089667 0.291400
vt 0.828504 0.821838
vt 0.829791 0.836323
vt 0.816084 0.824672
vt 0.619303 0.866207
vt 0.612214 0.866585
vt 0.871302 0.022319
vt 0.881659 0.021972
vt 0.877823 0.032598
vt 0.985774 0.760586
vt 0.966356 0.747165
vt 0.976941 0.749446
vt 0.498156 0.422781
vt 0.482905 0.423405
vt 0.481307 0.410569
vt 0.852176 0.077593
vt 0.858207 0.087493
vt 0.843665 0.098642
vt 0.550932 0.403961
vt 0.529699 0.419814
vt 0.522878 0.411126
vt 0.187032 0.379645
vt 0.179258 0.372959
vt 0.222636 0.379032
vt 0.126446 0.046102
vt 0.104048 0.020171
vt 0.125589 0.034037
vt 0.027003 0.330233
vt 0.063944 0.335621
vt 0.026552 0.344627
vt 0.955786 0.801597
vt 0.976646 0.825518
vt 0.935637 0.802356
vt 0.155489 0.903160
vt 0.144729 0.914075
vt 0.128105 0.896087
vt 0.676377 0.977129
vt 0.664618 0.967456
vt 0.679954 0.966494
vt 0.867889 0.691152
vt 0.884919 0.694765
vt 0.884242 0.700629
vt 0.954293 0.725099
vt 0.944254 0.739291
vt 0.927620 0.738730
vt 0.915224 0.685983
vt 0.083225 0.940302
vt 0.069277 0.942700
vt 0.316642 0.025168
vt 0.322584 0.024829
vt 0.303338 0.046631
vt 0.858431 0.569511
vt 0.867119 0.567737
vt 0.861805 0.572197
vt 0.670501 0.352333
vt 0.658701 0.351642
vt 0.683814 0.331302
vt 0.465141 0.424561
vt 0.443948 0.440346
vt 0.446859 0.418593
vt 0.504424 0.406109
vt 0.516394 0.423763
vt 0.853305 0.227727
vt 0.863590 0.223583
vt 0.863766 0.249282
vt 0.185162 0.842091
vt 0.166152 0.832808
vt 0.170583 0.827553
vt 0.899428 0.674188
vt 0.899120 0.701267
vt 0.113889 0.156530
vt 0.114848 0.133441
vt 0.117826 0.136196
vt 0.152043 0.101132
vt 0.150501 0.114773
vt 0.143470 0.091514
vt 0.815350 0.789241
vt 0.834518 0.772567
vt 0.849885 0.796163
vt 0.085217 0.804851
vt 0.052004 0.785685
vt 0.082392 0.794219
vt 0.555604 0.037146
vt 0.552399 0.029086
vt 0.579169 0.023501
vt 0.517434 0.448149
vt 0.468118 0.932536
vt 0.476241 0.938602
vt 0.471972 0.943642
vt 0.394280 0.264034
vt 0.374837 0.261917
vt 0.384526 0.239872
vt 0.637477 0.831231
vt 0.647744 0.825646
vt 0.671598 0.821963
vt 0.529107 0.249685
vt 0.540507 0.253643
vt 0.532107 0.261275
vt 0.695597 0.274387
vt 0.687377 0.268311
vt 0.759791 0.230658
vt 0.436601 0.724106
vt 0.453669 0.844359
vt 0.425881 0.722537
vt 0.310830 0.309684
vt 0.328289 0.316046
vt 0.108546 0.233414
vt 0.131335 0.238020
vt 0.093037 0.237429
vt 0.461632 0.988768
vt 0.441332 0.988931
vt 0.458977 0.975409
vt 0.282482 0.076124
vt 0.298112 0.062848
vt 0.304906 0.075158
vt 0.154063 0.148282
vt 0.181162 0.157576
vt 0.227905 0.203300
vt 0.251449 0.237454
vt 0.149550 0.175631
vt 0.824463 0.939594
vt 0.817507 0.933991
vt 0.819178 0.923267
vt 0.783281 0.884286
vt 0.804136 0.905392
vt 0.810613 0.928654
vt 0.786811 0.881093
vt 0.817927 0.896730
vt 0.822724 0.895252
vt 0.756276 0.941822
vt 0.736899 0.937101
vt 0.805163 0.921901
vt 0.101245 0.909807
vt 0.087696 0.913627
vt 0.099052 0.900250
vt 0.804911 0.888625
vt 0.887965 0.470420
vt 0.880091 0.455626
vt 0.910902 0.472049
vt 0.649538 0.618503
vt 0.710254 0.624069
vt 0.500732 0.294376
vt 0.492001 0.292856
vt 0.503996 0.270433
vt 0.503822 0.282588
vt 0.217134 0.773205
vt 0.266064 0.737778
vt 0.301787 0.721703
vt 0.781119 0.849367
vt 0.797673 0.807217
vt 0.802583 0.812016
vt 0.787651 0.869492
vt 0.796152 0.878950
vt 0.774872 0.861254
vt 0.345829 0.125284
vt 0.322454 0.122771
vt 0.309466 0.070942
vt 0.764717 0.830178
vt 0.769105 0.862867
vt 0.808090 0.802699
vt 0.798793 0.796120
vt 0.791192 0.798374
vt 0.752128 0.824155
vt 0.751566 0.833768
vt 0.753131 0.845898
vt 0.763503 0.863871
vt 0.126072 0.718585
vt 0.097327 0.724246
vt 0.137938 0.707439
vt 0.725109 0.813047
vt 0.711806 0.810025
vt 0.722376 0.795405
vt 0.747001 0.805026
vt 0.465864 0.403505
vt 0.136613 0.058385
vt 0.464456 0.448661
vt 0.797306 0.785668
vt 0.762460 0.769324
vt 0.818141 0.870959
vt 0.808538 0.833625
vt 0.816976 0.849342
vt 0.824208 0.856163
vt 0.827145 0.870751
vt 0.249341 0.888691
vt 0.264945 0.894230
vt 0.828643 0.894546
vt 0.845856 0.813679
vt 0.838844 0.842079
vt 0.276318 0.210965
vt 0.250122 0.185324
vt 0.220594 0.131744
vt 0.865576 0.910622
vt 0.848510 0.934092
vt 0.856612 0.824489
vt 0.899353 0.655102
vt 0.907097 0.662276
vt 0.044653 0.945397
vt 0.066251 0.960126
vt 0.056492 0.961383
vt 0.627259 0.388406
vt 0.661528 0.369030
vt 0.698815 0.842402
vt 0.676243 0.815696
vt 0.676167 0.798308
vt 0.264113 0.356528
vt 0.289631 0.371479
vt 0.261657 0.361469
vt 0.345864 0.743528
vt 0.316808 0.772960
vt 0.332540 0.717795
vt 0.253873 0.088776
vt 0.252904 0.078746
vt 0.260108 0.081792
vt 0.817688 0.947260
vt 0.810202 0.934236
vt 0.809843 0.943460
vt 0.586364 0.957040
vt 0.568718 0.958997
vt 0.555162 0.955668
vt 0.585468 0.959836
vt 0.489917 0.337121
vt 0.496010 0.326587
vt 0.490233 0.357883
vt 0.557585 0.961509
vt 0.537695 0.952626
vt 0.554843 0.963603
vt 0.539594 0.964122
vt 0.980554 0.747015
vt 0.953490 0.710933
vt 0.975853 0.731088
vt 0.561905 0.971027
vt 0.563049 0.989245
vt 0.554566 0.974779
vt 0.556243 0.989267
vt 0.483828 0.324091
vt 0.483864 0.939648
vt 0.490852 0.909277
vt 0.490747 0.308848
vt 0.482595 0.292526
vt 0.248254 0.925517
vt 0.251984 0.906546
vt 0.262268 0.907170
vt 0.253651 0.926157
vt 0.850314 0.142149
vt 0.850093 0.119599
vt 0.867485 0.162213
vt 0.840656 0.043253
vt 0.828422 0.021193
vt 0.847368 0.020559
vt 0.936270 0.536804
vt 0.924497 0.545803
vt 0.914156 0.528119
vt 0.166094 0.871631
vt 0.174981 0.873119
vt 0.162208 0.893508
vt 0.863810 0.172258
vt 0.888639 0.196504
vt 0.886500 0.191146
vt 0.893178 0.183877
vt 0.865291 0.191093
vt 0.861308 0.214673
vt 0.871169 0.182692
vt 0.917281 0.023739
vt 0.929205 0.023540
vt 0.936940 0.096021
vt 0.927382 0.124112
vt 0.907222 0.155435
vt 0.948656 0.072199
vt 0.947467 0.060649
vt 0.961134 0.045409
vt 0.962930 0.050992
vt 0.947925 0.093120
vt 0.940330 0.102889
vt 0.946992 0.086487
vt 0.910712 0.822904
vt 0.937722 0.822671
vt 0.990583 0.854868
vt 0.971588 0.049814
vt 0.942897 0.108341
vt 0.903572 0.179228
vt 0.596892 0.822235
vt 0.619816 0.830766
vt 0.613371 0.834966
vt 0.912266 0.174303
vt 0.919777 0.169238
vt 0.147013 0.733083
vt 0.135167 0.731586
vt 0.131114 0.722192
vt 0.908299 0.227596
vt 0.900880 0.197932
vt 0.562030 0.215183
vt 0.547703 0.222909
vt 0.498931 0.083015
vt 0.478518 0.073421
vt 0.501881 0.052835
vt 0.472853 0.102447
vt 0.466170 0.110137
vt 0.454146 0.035325
vt 0.904877 0.219240
vt 0.877257 0.222097
vt 0.892766 0.198547
vt 0.896231 0.231003
vt 0.417421 0.988397
vt 0.414332 0.988054
vt 0.411004 0.979362
vt 0.063217 0.300735
vt 0.050431 0.289018
vt 0.077646 0.255918
vt 0.963017 0.028682
vt 0.972543 0.029097
vt 0.849131 0.235974
vt 0.859153 0.259762
vt 0.855808 0.264559
vt 0.834758 0.266027
vt 0.869793 0.255443
vt 0.901173 0.237241
vt 0.917247 0.259732
vt 0.935010 0.270273
vt 0.937722 0.280683
vt 0.930637 0.277295
vt 0.925600 0.288780
vt 0.094320 0.732522
vt 0.909058 0.284035
vt 0.910269 0.291994
vt 0.919398 0.269657
vt 0.168562 0.712178
vt 0.180407 0.702849
vt 0.260379 0.692341
vt 0.542387 0.388842
vt 0.575069 0.384755
vt 0.887437 0.249710
vt 0.871060 0.262521
vt 0.744458 0.645874
vt 0.789218 0.649579
vt 0.853257 0.670770
vt 0.815467 0.668226
vt 0.110548 0.750806
vt 0.122690 0.837489
vt 0.106265 0.854651
vt 0.105253 0.845696
vt 0.128411 0.840453
vt 0.078834 0.899435
vt 0.083262 0.903413
vt 0.086441 0.877323
vt 0.091097 0.838288
vt 0.104606 0.813287
vt 0.099408 0.803447
vt 0.114820 0.779299
vt 0.128221 0.788865
vt 0.974656 0.309020
vt 0.952764 0.328546
vt 0.966482 0.296757
vt 0.275094 0.680942
vt 0.306303 0.680626
vt 0.948675 0.603120
vt 0.952108 0.595393
vt 0.959450 0.591389
vt 0.248802 0.734392
vt 0.223540 0.756166
vt 0.181397 0.804335
vt 0.182273 0.811036
vt 0.189750 0.770712
vt 0.182119 0.792190
vt 0.248529 0.707357
vt 0.164627 0.758693
vt 0.154950 0.755427
vt 0.171338 0.731531
vt 0.054829 0.772611
vt 0.043912 0.760170
vt 0.043063 0.749089
vt 0.135286 0.757185
vt 0.095436 0.737058
vt 0.839169 0.152730
vt 0.832492 0.136034
vt 0.132328 0.768163
vt 0.161259 0.818419
vt 0.132858 0.826906
vt 0.148867 0.814223
vt 0.285381 0.829880
vt 0.310344 0.771473
vt 0.017543 0.483065
vt 0.025355 0.518101
vt 0.022899 0.548224
vt 0.031691 0.496708
vt 0.946922 0.532356
vt 0.941118 0.535188
vt 0.926098 0.510946
vt 0.882091 0.706548
vt 0.897434 0.717298
vt 0.067785 0.681584
vt 0.064153 0.749105
vt 0.064061 0.691926
vt 0.113513 0.711678
vt 0.758617 0.757628
vt 0.796987 0.774217
vt 0.871181 0.746406
vt 0.887617 0.732976
vt 0.901237 0.750756
vt 0.097493 0.798620
vt 0.079299 0.872413
vt 0.087240 0.829129
vt 0.091715 0.802614
vt 0.597091 0.707525
vt 0.611151 0.709660
vt 0.602581 0.729086
vt 0.395317 0.940943
vt 0.389980 0.932292
vt 0.397243 0.930882
vt 0.066713 0.765639
vt 0.085371 0.756114
vt 0.079640 0.768967
vt 0.090318 0.175901
vt 0.075280 0.189756
vt 0.034506 0.198052
vt 0.042706 0.018024
vt 0.077418 0.779667
vt 0.096648 0.772936
vt 0.455203 0.957825
vt 0.846406 0.608498
vt 0.850706 0.599967
vt 0.862637 0.587780
vt 0.337176 0.944260
vt 0.425566 0.944471
vt 0.436912 0.935427
vt 0.454585 0.942598
vt 0.208622 0.984306
vt 0.219745 0.971484
vt 0.226796 0.984482
vt 0.351757 0.987330
vt 0.330554 0.944323
vt 0.377464 0.988687
vt 0.395555 0.976147
vt 0.402428 0.969394
vt 0.388384 0.952532
vt 0.408865 0.987101
vt 0.918912 0.667056
vt 0.962814 0.728555
vt 0.927501 0.682293
vt 0.408508 0.415377
vt 0.425224 0.422325
vt 0.406981 0.429675
vt 0.827769 0.712755
vt 0.643497 0.642953
vt 0.669072 0.649943
vt 0.937669 0.773408
vt 0.089802 0.187076
vt 0.131398 0.701750
vt 0.191262 0.681935
vt 0.958192 0.794746
vt 0.803394 0.681168
vt 0.806784 0.686436
vt 0.800424 0.685903
vt 0.906464 0.736818
vt 0.921122 0.747642
vt 0.657180 0.940627
vt 0.640824 0.929243
vt 0.659627 0.907803
vt 0.264945 0.713250
vt 0.209252 0.733855
vt 0.929230 0.751944
vt 0.898028 0.709678
vt 0.959114 0.788500
vt 0.975775 0.812604
vt 0.469488 0.160558
vt 0.462595 0.134629
vt 0.946763 0.765860
vt 0.956666 0.763791
vt 0.729416 0.058445
vt 0.764543 0.019034
vt 0.784488 0.019434
vt 0.907981 0.712491
vt 0.565293 0.950096
vt 0.554331 0.946381
vt 0.561813 0.932701
vt 0.909081 0.657884
vt 0.917413 0.659878
vt 0.941436 0.278991
vt 0.934420 0.302237
vt 0.983120 0.743731
vt 0.981457 0.722775
vt 0.985854 0.753494
vt 0.648347 0.637280
vt 0.650357 0.628237
vt 0.836223 0.348218
vt 0.790552 0.342046
vt 0.832085 0.330202
vt 0.163037 0.130531
vt 0.169534 0.135168
vt 0.988231 0.827434
vt 0.981741 0.813518
vt 0.990726 0.835650
vt 0.481686 0.953248
vt 0.510596 0.987697
vt 0.503782 0.987842
vt 0.482197 0.970260
vt 0.873934 0.779232
vt 0.877949 0.755884
vt 0.895015 0.800620
vt 0.693258 0.926562
vt 0.683276 0.935010
vt 0.683871 0.924592
vt 0.650238 0.360576
vt 0.593527 0.762432
vt 0.590340 0.743731
vt 0.596478 0.744079
vt 0.605816 0.749233
vt 0.604115 0.755462
vt 0.601718 0.739894
vt 0.619112 0.783029
vt 0.661707 0.860727
vt 0.644675 0.820414
vt 0.678075 0.867371
vt 0.575700 0.723982
vt 0.586108 0.721267
vt 0.111749 0.943278
vt 0.741035 0.915066
vt 0.743379 0.890900
vt 0.693990 0.918007
vt 0.706769 0.920251
vt 0.719405 0.931021
vt 0.528510 0.275090
vt 0.545536 0.272706
vt 0.538478 0.291687
vt 0.688627 0.900478
vt 0.684940 0.907923
vt 0.637818 0.827669
vt 0.630620 0.801305
vt 0.671141 0.851493
vt 0.677705 0.848878
vt 0.673656 0.854221
vt 0.613864 0.779300
vt 0.675914 0.901984
vt 0.600358 0.800946
vt 0.605004 0.801075
vt 0.624471 0.927149
vt 0.629159 0.925025
vt 0.603963 0.856549
vt 0.600801 0.821430
vt 0.594262 0.815289
vt 0.598078 0.846621
vt 0.611975 0.915708
vt 0.618762 0.925587
vt 0.596808 0.923009
vt 0.604173 0.903685
vt 0.592079 0.937587
vt 0.590400 0.841186
vt 0.732856 0.083539
vt 0.715452 0.080581
vt 0.735008 0.076789
vt 0.939152 0.474434
vt 0.949487 0.481587
vt 0.613784 0.948469
vt 0.593692 0.949820
vt 0.613990 0.934474
vt 0.612564 0.965431
vt 0.602106 0.957335
vt 0.655348 0.949477
vt 0.678508 0.923357
vt 0.645917 0.951807
vt 0.619814 0.951263
vt 0.620646 0.931140
vt 0.631699 0.900171
vt 0.627999 0.854577
vt 0.278770 0.786083
vt 0.266492 0.789396
vt 0.283164 0.765407
vt 0.688907 0.921321
vt 0.706247 0.930623
vt 0.870414 0.798352
vt 0.825571 0.954121
vt 0.812652 0.950842
vt 0.847692 0.957311
vt 0.828979 0.940819
vt 0.824957 0.961733
vt 0.815230 0.957923
vt 0.783478 0.947256
vt 0.776832 0.951332
vt 0.645365 0.871131
vt 0.678412 0.946121
vt 0.702744 0.937172
vt 0.637814 0.961274
vt 0.648090 0.958912
vt 0.672699 0.945547
vt 0.714523 0.943489
vt 0.729150 0.939118
vt 0.060055 0.237753
vt 0.059105 0.230993
vt 0.069922 0.235915
vt 0.744446 0.946370
vt 0.354883 0.701750
vt 0.387061 0.707998
vt 0.380796 0.720336
vt 0.358560 0.713864
vt 0.663786 0.962455
vt 0.618506 0.968408
vt 0.628312 0.962339
vt 0.619814 0.963288
vt 0.610059 0.969876
vt 0.584139 0.979347
vt 0.587132 0.986149
vt 0.587896 0.990977
vt 0.029604 0.309121
vt 0.041042 0.313307
vt 0.612079 0.984177
vt 0.600500 0.991282
vt 0.161048 0.340823
vt 0.073192 0.315122
vt 0.094327 0.314493
vt 0.066000 0.309140
vt 0.072341 0.306092
vt 0.030000 0.305329
vt 0.855482 0.210672
vt 0.617080 0.992936
vt 0.615535 0.975195
vt 0.052003 0.264323
vt 0.186389 0.988411
vt 0.171388 0.988284
vt 0.204779 0.970837
vt 0.634258 0.967892
vt 0.654516 0.972813
vt 0.654279 0.968646
vt 0.644296 0.980553
vt 0.058181 0.715736
vt 0.058319 0.751747
vt 0.046901 0.675253
vt 0.622310 0.991388
vt 0.627895 0.991864
vt 0.841668 0.972858
vt 0.198253 0.343972
vt 0.648250 0.983397
vt 0.642869 0.991150
vt 0.025659 0.367611
vt 0.025800 0.360336
vt 0.089797 0.368576
vt 0.092669 0.365761
vt 0.666221 0.988859
vt 0.657131 0.988649
vt 0.133183 0.363624
vt 0.160868 0.375905
vt 0.662935 0.458759
vt 0.669249 0.443057
vt 0.691781 0.453109
vt 0.824239 0.967280
vt 0.284121 0.384712
vt 0.228990 0.374452
vt 0.240880 0.370971
vt 0.829950 0.933030
vt 0.817493 0.942762
vt 0.825705 0.930358
vt 0.775882 0.360843
vt 0.814005 0.364982
vt 0.766228 0.936896
vt 0.772523 0.938183
vt 0.773396 0.940654
vt 0.796204 0.962556
vt 0.829424 0.981451
vt 0.872393 0.343993
vt 0.861324 0.362349
vt 0.755967 0.313296
vt 0.738983 0.330229
vt 0.690136 0.345889
vt 0.479468 0.186027
vt 0.094192 0.400324
vt 0.079310 0.391415
vt 0.132723 0.393572
vt 0.843716 0.983291
vt 0.836586 0.975195
vt 0.853826 0.987354
vt 0.316170 0.377546
vt 0.299647 0.384511
vt 0.304982 0.390271
vt 0.123150 0.379185
vt 0.863920 0.989959
vt 0.182348 0.384033
vt 0.233574 0.387309
vt 0.241119 0.394974
vt 0.910667 0.542892
vt 0.932849 0.571799
vt 0.925002 0.569118
vt 0.911101 0.551558
vt 0.018288 0.465210
vt 0.068013 0.465074
vt 0.022668 0.390106
vt 0.881326 0.993147
vt 0.870218 0.984839
vt 0.181770 0.397281
vt 0.186915 0.403338
vt 0.917645 0.962404
vt 0.889947 0.993174
vt 0.279087 0.388455
vt 0.277057 0.395975
vt 0.894877 0.992280
vt 0.966347 0.914428
vt 0.952016 0.921487
vt 0.967351 0.917970
vt 0.098544 0.406381
vt 0.900354 0.991366
vt 0.791286 0.665217
vt 0.798770 0.895417
vt 0.797468 0.884410
vt 0.805028 0.902420
vt 0.973186 0.900938
vt 0.982121 0.901268
vt 0.335547 0.401192
vt 0.333108 0.408543
vt 0.298199 0.397421
vt 0.798649 0.326004
vt 0.798371 0.331470
vt 0.722483 0.346789
vt 0.868555 0.780165
vt 0.863191 0.778750
vt 0.866534 0.743532
vt 0.868092 0.711300
vt 0.855006 0.811003
vt 0.582935 0.915465
vt 0.579558 0.851439
vt 0.203138 0.806996
vt 0.280806 0.757194
vt 0.260294 0.778206
vt 0.210746 0.814269
vt 0.858937 0.743305
vt 0.124514 0.176634
vt 0.201418 0.226357
vt 0.133189 0.191366
vt 0.872838 0.697214
vt 0.069741 0.453477
vt 0.251826 0.446727
vt 0.219653 0.864388
vt 0.217721 0.873989
vt 0.205642 0.874941
vt 0.413312 0.934039
vt 0.402210 0.941975
vt 0.936534 0.597279
vt 0.921084 0.601566
vt 0.305930 0.427524
vt 0.333175 0.426468
vt 0.329516 0.392424
vt 0.588556 0.933838
vt 0.587127 0.953294
vt 0.586313 0.930375
vt 0.201482 0.219721
vt 0.369340 0.408452
vt 0.375377 0.437742
vt 0.365845 0.461411
vt 0.317117 0.457734
vt 0.981168 0.601081
vt 0.985061 0.615435
vt 0.923357 0.615221
vt 0.932255 0.611329
vt 0.932849 0.624546
vt 0.834328 0.245559
vt 0.826175 0.236535
vt 0.481252 0.210661
vt 0.911014 0.647362
vt 0.899692 0.648478
vt 0.892667 0.586078
vt 0.900399 0.558151
vt 0.909192 0.601308
vt 0.180681 0.267672
vt 0.172216 0.259008
vt 0.220259 0.279016
vt 0.275297 0.643512
vt 0.306504 0.652989
vt 0.263906 0.653415
vt 0.896839 0.630023
vt 0.154179 0.653543
vt 0.065685 0.674609
vt 0.094285 0.658241
vt 0.316083 0.669149
vt 0.269820 0.671178
vt 0.065881 0.216983
vt 0.084493 0.194588
vt 0.073040 0.225931
vt 0.866507 0.272522
vt 0.890541 0.264014
vt 0.486222 0.144009
vt 0.746022 0.661953
vt 0.851561 0.772716
vt 0.842650 0.733399
vt 0.954836 0.282418
vt 0.970137 0.256861
vt 0.961965 0.286571
vt 0.269063 0.704565
vt 0.326431 0.688477
vt 0.300143 0.713618
vt 0.269266 0.815502
vt 0.248503 0.828226
vt 0.330358 0.672871
vt 0.331018 0.605518
vt 0.334866 0.614631
vt 0.320570 0.544874
vt 0.747555 0.645234
vt 0.749881 0.646483
vt 0.748926 0.656265
vt 0.391398 0.452459
vt 0.802921 0.090532
vt 0.786746 0.097445
vt 0.818904 0.925036
vt 0.816972 0.924514
vt 0.820719 0.923653
vt 0.942630 0.385978
vt 0.930138 0.468329
vt 0.934373 0.411578
vt 0.949084 0.456388
vt 0.984428 0.463926
vt 0.967314 0.471189
vt 0.983955 0.457997
vt 0.985138 0.476805
vt 0.550301 0.735985
vt 0.535801 0.734246
vt 0.543367 0.715615
vt 0.140484 0.237266
vt 0.954356 0.466751
vt 0.482766 0.373620
vt 0.459855 0.371797
vt 0.482430 0.344264
vt 0.638347 0.632793
vt 0.643426 0.630492
vt 0.642397 0.636103
vt 0.946518 0.475047
vt 0.986206 0.493774
vt 0.961372 0.483453
vt 0.957674 0.493460
vt 0.907610 0.299185
vt 0.902858 0.311285
vt 0.895753 0.312702
vt 0.437328 0.404212
vt 0.451478 0.401678
vt 0.934468 0.481302
vt 0.737278 0.355550
vt 0.771179 0.342002
vt 0.987042 0.775879
vt 0.513432 0.259704
vt 0.618790 0.291754
vt 0.554869 0.275496
vt 0.563024 0.271897
vt 0.926980 0.496999
vt 0.256507 0.287113
vt 0.032605 0.212101
vt 0.913544 0.538639
vt 0.243791 0.984006
vt 0.239631 0.984248
vt 0.249265 0.967947
vt 0.567342 0.421109
vt 0.625162 0.501074
vt 0.533770 0.550010
vt 0.523787 0.481402
vt 0.548745 0.483691
vt 0.541289 0.446823
vt 0.323773 0.303544
vt 0.298934 0.313545
vt 0.279036 0.315558
vt 0.271779 0.307275
vt 0.270435 0.296817
vt 0.308204 0.054696
vt 0.279939 0.294012
vt 0.302619 0.303425
vt 0.318351 0.292026
vt 0.942296 0.577361
vt 0.056609 0.250894
vt 0.220056 0.187192
vt 0.179181 0.143334
vt 0.225821 0.181232
vt 0.135275 0.256205
vt 0.177055 0.275832
vt 0.092075 0.240591
vt 0.130487 0.249757
vt 0.314384 0.073866
vt 0.318306 0.064817
vt 0.031060 0.222460
vt 0.031892 0.217459
vt 0.032876 0.221424
vt 0.104268 0.987816
vt 0.104481 0.977473
vt 0.121508 0.989279
vt 0.092027 0.231747
vt 0.079532 0.916809
vt 0.068507 0.197442
vt 0.033126 0.208433
vt 0.855342 0.654455
vt 0.887451 0.649669
vt 0.856220 0.647968
vt 0.034205 0.204465
vt 0.112824 0.189598
vt 0.101774 0.195591
vt 0.177357 0.252345
vt 0.294785 0.293816
vt 0.246769 0.269863
vt 0.510759 0.389622
vt 0.494888 0.383494
vt 0.502430 0.323236
vt 0.479696 0.555606
vt 0.490121 0.574923
vt 0.468647 0.569146
vt 0.153963 0.128398
vt 0.161788 0.120182
vt 0.194062 0.241596
vt 0.236043 0.259657
vt 0.277094 0.279385
vt 0.618629 0.912978
vt 0.625609 0.901697
vt 0.626742 0.910871
vt 0.306732 0.287630
vt 0.757741 0.659674
vt 0.664274 0.741766
vt 0.643701 0.711702
vt 0.672601 0.733441
vt 0.126848 0.862320
vt 0.130191 0.844093
vt 0.381484 0.662530
vt 0.424730 0.646248
vt 0.397799 0.677832
vt 0.654279 0.289970
vt 0.668422 0.283897
vt 0.674558 0.291421
vt 0.300166 0.262037
vt 0.288440 0.264595
vt 0.292199 0.277302
vt 0.691001 0.594422
vt 0.658735 0.580080
vt 0.826484 0.600375
vt 0.130269 0.066539
vt 0.125422 0.099108
vt 0.126283 0.071017
vt 0.657054 0.741530
vt 0.678327 0.755289
vt 0.196917 0.228332
vt 0.587031 0.799451
vt 0.539135 0.750230
vt 0.114369 0.182097
vt 0.116032 0.167453
vt 0.696832 0.660148
vt 0.737448 0.656618
vt 0.730647 0.677346
vt 0.120979 0.119919
vt 0.148965 0.032051
vt 0.184012 0.059578
vt 0.208495 0.087682
vt 0.677484 0.258413
vt 0.642439 0.285377
vt 0.682928 0.247163
vt 0.225122 0.088310
vt 0.220749 0.101440
vt 0.215387 0.091487
vt 0.129220 0.025758
vt 0.144420 0.026166
vt 0.132909 0.035169
vt 0.124947 0.026835
vt 0.218722 0.077306
vt 0.871877 0.523477
vt 0.833268 0.510599
vt 0.866505 0.514775
vt 0.777011 0.260671
vt 0.779421 0.240558
vt 0.824751 0.208111
vt 0.175693 0.086368
vt 0.146919 0.060560
vt 0.142417 0.042313
vt 0.168753 0.094985
vt 0.518417 0.303274
vt 0.200130 0.106090
vt 0.227747 0.080772
vt 0.288357 0.024572
vt 0.294108 0.023973
vt 0.285235 0.031649
vt 0.262009 0.071660
vt 0.261384 0.064451
vt 0.906152 0.327307
vt 0.891223 0.337589
vt 0.292636 0.036003
vt 0.271582 0.070446
vt 0.304995 0.024334
vt 0.266847 0.079224
vt 0.251278 0.097322
vt 0.556204 0.173867
vt 0.597437 0.024181
vt 0.604510 0.024634
vt 0.462840 0.038162
vt 0.872001 0.215792
vt 0.838014 0.930328
vt 0.835221 0.931181
vt 0.826968 0.927588
vt 0.327911 0.023315
vt 0.322109 0.036122
vt 0.347423 0.022191
vt 0.338391 0.035169
vt 0.365012 0.021596
vt 0.367051 0.031199
vt 0.860661 0.183845
vt 0.059582 0.688960
vt 0.313790 0.051958
vt 0.323141 0.048661
vt 0.352031 0.045464
vt 0.608139 0.742941
vt 0.631833 0.791028
vt 0.306195 0.095472
vt 0.342225 0.206323
vt 0.356141 0.256077
vt 0.298766 0.151090
vt 0.365907 0.245165
vt 0.657844 0.599304
vt 0.521478 0.175356
vt 0.511450 0.181477
vt 0.520418 0.151946
vt 0.479281 0.604344
vt 0.065898 0.917709
vt 0.318789 0.267609
vt 0.343263 0.286756
vt 0.321639 0.277175
vt 0.334078 0.295859
vt 0.655427 0.911263
vt 0.658047 0.910278
vt 0.653142 0.914514
vt 0.746198 0.934743
vt 0.755221 0.945184
vt 0.746045 0.937159
vt 0.976941 0.029335
vt 0.981575 0.029930
vt 0.676836 0.691049
vt 0.667641 0.684724
vt 0.622489 0.665166
vt 0.375173 0.199244
vt 0.667940 0.912192
vt 0.385934 0.072587
vt 0.915146 0.300737
vt 0.927466 0.310784
vt 0.485876 0.263181
vt 0.480990 0.265511
vt 0.480027 0.253568
vt 0.074319 0.233533
vt 0.475384 0.238820
vt 0.483640 0.240170
vt 0.498949 0.393558
vt 0.899210 0.355692
vt 0.895623 0.345399
vt 0.921058 0.350856
vt 0.296770 0.324919
vt 0.689448 0.440407
vt 0.880136 0.333542
vt 0.503415 0.572851
vt 0.497285 0.599542
vt 0.802309 0.884034
vt 0.795568 0.865150
vt 0.518288 0.399998
vt 0.129619 0.196092
vt 0.520922 0.903989
vt 0.500384 0.907636
vt 0.522610 0.828663
vt 0.677567 0.711366
vt 0.682825 0.699940
vt 0.738634 0.723227
vt 0.447252 0.021358
vt 0.456522 0.021596
vt 0.641711 0.678783
vt 0.723843 0.707160
vt 0.637100 0.688167
vt 0.860118 0.371987
vt 0.896520 0.385916
vt 0.834023 0.403812
vt 0.806787 0.695507
vt 0.784911 0.700511
vt 0.798504 0.698209
vt 0.642552 0.502836
vt 0.648596 0.439363
vt 0.654284 0.415975
vt 0.653493 0.505984
vt 0.671248 0.430639
vt 0.047579 0.922091
vt 0.058702 0.912461
vt 0.704669 0.733967
vt 0.534254 0.375500
vt 0.729072 0.762087
vt 0.637637 0.373344
vt 0.589539 0.393847
vt 0.507149 0.972218
vt 0.502982 0.959733
vt 0.531879 0.987477
vt 0.696664 0.761615
vt 0.486928 0.248635
vt 0.478638 0.957544
vt 0.626599 0.710240
vt 0.341340 0.676097
vt 0.020742 0.418841
vt 0.106271 0.443641
vt 0.018528 0.452985
vt 0.457829 0.290089
vt 0.489679 0.289256
vt 0.499163 0.021444
vt 0.586425 0.343722
vt 0.474944 0.213469
vt 0.882045 0.641744
vt 0.682105 0.855581
vt 0.438101 0.019929
vt 0.445113 0.020524
vt 0.448970 0.047452
vt 0.725254 0.211163
vt 0.736553 0.205106
vt 0.453551 0.056839
vt 0.644902 0.295203
vt 0.631083 0.301397
vt 0.530930 0.022987
vt 0.561699 0.023263
vt 0.837811 0.756569
vt 0.809631 0.719079
vt 0.837528 0.764765
vt 0.136014 0.937216
vt 0.154424 0.922142
vt 0.139418 0.943787
vt 0.263180 0.460476
vt 0.285103 0.447563
vt 0.642081 0.768650
vt 0.824545 0.169773
vt 0.773697 0.208176
vt 0.665568 0.763585
vt 0.641300 0.732919
vt 0.607740 0.683892
vt 0.623357 0.697705
vt 0.621478 0.682769
vt 0.616196 0.665838
vt 0.824729 0.565650
vt 0.821891 0.565190
vt 0.822887 0.561873
vt 0.633335 0.583250
vt 0.631861 0.630255
vt 0.489593 0.205730
vt 0.506435 0.217153
vt 0.507419 0.251045
vt 0.536238 0.603975
vt 0.559441 0.621688
vt 0.539961 0.628234
vt 0.233547 0.848783
vt 0.258694 0.829075
vt 0.210169 0.910125
vt 0.201269 0.897178
vt 0.223879 0.899719
vt 0.605196 0.698009
vt 0.492332 0.266133
vt 0.626386 0.731471
vt 0.621478 0.734682
vt 0.908514 0.493023
vt 0.513860 0.249285
vt 0.512735 0.219721
vt 0.515750 0.223902
vt 0.082638 0.732062
vt 0.569195 0.035603
vt 0.584846 0.023429
vt 0.578182 0.046006
vt 0.589341 0.713687
vt 0.874577 0.683508
vt 0.545417 0.123040
vt 0.520816 0.231628
vt 0.511903 0.274373
vt 0.345121 0.298435
vt 0.338034 0.305806
vt 0.534801 0.223342
vt 0.506650 0.297796
vt 0.499768 0.305482
vt 0.325335 0.703180
vt 0.884442 0.276135
vt 0.592633 0.695461
vt 0.590709 0.669431
vt 0.037953 0.732181
vt 0.027851 0.622879
vt 0.927684 0.873609
vt 0.926245 0.878048
vt 0.917209 0.857011
vt 0.197934 0.862682
vt 0.185858 0.815183
vt 0.557026 0.253267
vt 0.529017 0.311759
vt 0.532917 0.207468
vt 0.556232 0.137447
vt 0.585972 0.702905
vt 0.652615 0.080295
vt 0.619807 0.045733
vt 0.665507 0.063608
vt 0.695649 0.740533
vt 0.686741 0.727538
vt 0.704301 0.729093
vt 0.535985 0.044151
vt 0.658795 0.050053
vt 0.610291 0.024063
vt 0.618925 0.023668
vt 0.685535 0.043028
vt 0.678642 0.023501
vt 0.692342 0.041919
vt 0.689337 0.023263
vt 0.695957 0.022864
vt 0.729150 0.022191
vt 0.710545 0.037191
vt 0.297283 0.784038
vt 0.319975 0.733038
vt 0.638234 0.022191
vt 0.644967 0.037549
vt 0.647861 0.021477
vt 0.670760 0.022749
vt 0.656807 0.033449
vt 0.248292 0.878745
vt 0.753840 0.020046
vt 0.744774 0.033060
vt 0.237492 0.889706
vt 0.228970 0.905217
vt 0.708343 0.066573
vt 0.707045 0.077795
vt 0.282792 0.820101
vt 0.295149 0.778295
vt 0.694923 0.066126
vt 0.688202 0.063702
vt 0.691833 0.055172
vt 0.680395 0.048208
vt 0.667827 0.045494
vt 0.524624 0.578131
vt 0.545061 0.576919
vt 0.316694 0.723498
vt 0.338548 0.706543
vt 0.698543 0.060808
vt 0.292041 0.744564
vt 0.299053 0.745040
vt 0.273826 0.750746
vt 0.692160 0.073968
vt 0.700034 0.075056
vt 0.707241 0.091360
vt 0.925481 0.375341
vt 0.299647 0.752303
vt 0.255319 0.793381
vt 0.766913 0.941759
vt 0.766598 0.952003
vt 0.914442 0.334164
vt 0.939112 0.329365
vt 0.921322 0.343788
vt 0.619942 0.943401
vt 0.620409 0.947849
vt 0.616252 0.952402
vt 0.163214 0.825529
vt 0.139788 0.837895
vt 0.353495 0.819176
vt 0.354103 0.850561
vt 0.339223 0.906375
vt 0.233993 0.826936
vt 0.206758 0.864300
vt 0.561958 0.260332
vt 0.075949 0.866622
vt 0.177663 0.134744
vt 0.126848 0.126136
vt 0.123454 0.154296
vt 0.719999 0.087082
vt 0.066027 0.778058
vt 0.670944 0.253061
vt 0.648299 0.273249
vt 0.624509 0.297915
vt 0.061127 0.762781
vt 0.067663 0.758495
vt 0.654205 0.867525
vt 0.518950 0.767516
vt 0.748793 0.108593
vt 0.802606 0.105108
vt 0.808668 0.111365
vt 0.738243 0.163682
vt 0.766026 0.154279
vt 0.764688 0.148053
vt 0.731720 0.180343
vt 0.733905 0.186305
vt 0.043552 0.774637
vt 0.737381 0.189365
vt 0.772120 0.156175
vt 0.818864 0.104708
vt 0.816382 0.100537
vt 0.855414 0.044724
vt 0.855006 0.056363
vt 0.891661 0.021477
vt 0.875073 0.044864
vt 0.142512 0.857347
vt 0.147473 0.869420
vt 0.149465 0.856440
vt 0.689977 0.252957
vt 0.848569 0.070971
vt 0.833272 0.082661
vt 0.793559 0.084182
vt 0.817668 0.079988
vt 0.150620 0.891108
vt 0.170426 0.888651
vt 0.162620 0.901612
vt 0.834756 0.093818
vt 0.149200 0.919708
vt 0.146814 0.917686
vt 0.174866 0.895162
vt 0.194233 0.892920
vt 0.830168 0.089821
vt 0.187325 0.883660
vt 0.199699 0.875060
vt 0.183299 0.876251
vt 0.199288 0.871260
vt 0.162145 0.841008
vt 0.165736 0.842490
vt 0.607995 0.336822
vt 0.724590 0.322682
vt 0.735973 0.020945
vt 0.642919 0.321670
vt 0.657982 0.320090
vt 0.189598 0.863630
vt 0.447413 0.376961
vt 0.634062 0.324410
vt 0.640830 0.348124
vt 0.930734 0.387631
vt 0.838368 0.447137
vt 0.716931 0.432227
vt 0.776688 0.417609
vt 0.872476 0.404155
vt 0.224894 0.819933
vt 0.744792 0.205378
vt 0.717648 0.235530
vt 0.249575 0.864823
vt 0.262910 0.836949
vt 0.261623 0.855066
vt 0.958999 0.255940
vt 0.977058 0.220893
vt 0.806532 0.795549
vt 0.806827 0.799667
vt 0.802473 0.792086
vt 0.765121 0.196133
vt 0.784366 0.167178
vt 0.241057 0.879109
vt 0.745632 0.067642
vt 0.235329 0.877003
vt 0.230219 0.892034
vt 0.246643 0.854343
vt 0.210514 0.865297
vt 0.228697 0.846008
vt 0.252229 0.814694
vt 0.819066 0.201537
vt 0.743899 0.248457
vt 0.354894 0.673271
vt 0.850122 0.186419
vt 0.845720 0.218439
vt 0.746260 0.301835
vt 0.682368 0.698998
vt 0.679924 0.702023
vt 0.672305 0.701411
vt 0.210633 0.915066
vt 0.783840 0.299752
vt 0.215149 0.919115
vt 0.634208 0.843364
vt 0.614714 0.855062
vt 0.625443 0.844021
vt 0.697181 0.333310
vt 0.654733 0.366235
vt 0.650245 0.382018
vt 0.377486 0.887892
vt 0.361253 0.856522
vt 0.365199 0.822875
vt 0.194152 0.933623
vt 0.192093 0.928045
vt 0.198779 0.921482
vt 0.208900 0.689649
vt 0.704314 0.354387
vt 0.685772 0.354266
vt 0.729422 0.369238
vt 0.721924 0.354032
vt 0.385691 0.758614
vt 0.394604 0.769005
vt 0.388584 0.782190
vt 0.123146 0.944518
vt 0.744951 0.382583
vt 0.692703 0.408168
vt 0.478389 0.488334
vt 0.454051 0.563335
vt 0.461038 0.516791
vt 0.447476 0.465074
vt 0.477462 0.446929
vt 0.384027 0.866357
vt 0.376151 0.785487
vt 0.805230 0.127368
vt 0.092330 0.956894
vt 0.855456 0.311043
vt 0.886262 0.567156
vt 0.039260 0.922687
vt 0.040329 0.913519
vt 0.944140 0.026239
vt 0.869268 0.094583
vt 0.201110 0.889288
vt 0.941763 0.371769
vt 0.940292 0.339247
vt 0.060817 0.989441
vt 0.973019 0.293066
vt 0.958900 0.309416
vt 0.073678 0.988477
vt 0.951608 0.312283
vt 0.959233 0.293661
vt 0.082846 0.957365
vt 0.103098 0.961662
vt 0.975990 0.278064
vt 0.976822 0.261275
vt 0.946440 0.300517
vt 0.176049 0.943404
vt 0.173638 0.937818
vt 0.198655 0.952585
vt 0.178935 0.946202
vt 0.942695 0.298340
vt 0.936771 0.307116
vt 0.943902 0.307711
vt 0.217431 0.953355
vt 0.162156 0.953334
vt 0.133044 0.978517
vt 0.159495 0.949762
vt 0.119392 0.954451
vt 0.087404 0.980791
vt 0.856563 0.316074
vt 0.856891 0.304701
vt 0.904177 0.293990
vt 0.077409 0.989959
vt 0.819236 0.317206
vt 0.795818 0.309291
vt 0.819371 0.302129
vt 0.092027 0.985673
vt 0.083351 0.987101
vt 0.158067 0.972488
vt 0.171771 0.964360
vt 0.139802 0.986625
vt 0.126016 0.988173
vt 0.133305 0.984030
vt 0.868819 0.319272
vt 0.193044 0.988054
vt 0.428237 0.913129
vt 0.433915 0.853832
vt 0.446020 0.926938
vt 0.215981 0.966384
vt 0.199361 0.987286
vt 0.935939 0.313665
vt 0.255449 0.943264
vt 0.910863 0.294733
vt 0.271023 0.938201
vt 0.248421 0.983563
vt 0.263937 0.936939
vt 0.270293 0.924711
vt 0.267053 0.922366
vt 0.253417 0.931617
vt 0.026543 0.262823
vt 0.028907 0.234185
vt 0.030109 0.226508
vt 0.064098 0.227818
vt 0.236493 0.921145
vt 0.343382 0.974004
vt 0.326387 0.955311
vt 0.270293 0.850890
vt 0.271489 0.914173
vt 0.276844 0.240836
vt 0.669919 0.659464
vt 0.670403 0.663888
vt 0.636268 0.650586
vt 0.288305 0.236663
vt 0.199581 0.118039
vt 0.312551 0.909240
vt 0.292377 0.860070
vt 0.204848 0.141396
vt 0.137466 0.136706
vt 0.302975 0.937213
vt 0.324332 0.942349
vt 0.248329 0.192822
vt 0.203621 0.149711
vt 0.185946 0.133228
vt 0.174742 0.116491
vt 0.186991 0.104883
vt 0.197951 0.100459
vt 0.163867 0.114768
vt 0.165155 0.123345
vt 0.242478 0.202964
vt 0.493591 0.446513
vt 0.131748 0.968003
vt 0.354850 0.939509
vt 0.796420 0.822736
vt 0.803712 0.821050
vt 0.802050 0.825019
vt 0.401320 0.956118
vt 0.438956 0.339090
vt 0.797339 0.145376
vt 0.816382 0.123040
vt 0.694707 0.917330
vt 0.692394 0.928310
vt 0.692266 0.913754
vt 0.822111 0.600888
vt 0.827326 0.572547
vt 0.833812 0.590144
vt 0.126142 0.163870
vt 0.383066 0.920455
vt 0.332805 0.932331
vt 0.339311 0.937382
vt 0.128274 0.174000
vt 0.137900 0.049933
vt 0.283513 0.914259
vt 0.327495 0.937029
vt 0.312245 0.924711
vt 0.129240 0.110703
vt 0.130805 0.095759
vt 0.348255 0.721108
vt 0.332449 0.897921
vt 0.130889 0.041718
vt 0.341261 0.920780
vt 0.389731 0.918043
vt 0.444519 0.049457
vt 0.384816 0.896308
vt 0.395955 0.910060
vt 0.392726 0.887267
vt 0.358357 0.889110
vt 0.412041 0.762057
vt 0.410645 0.822034
vt 0.442023 0.713369
vt 0.845524 0.812966
vt 0.840737 0.807128
vt 0.857612 0.815311
vt 0.511794 0.760044
vt 0.369766 0.774926
vt 0.350513 0.944357
vt 0.403398 0.748017
vt 0.400382 0.781316
vt 0.400665 0.880180
vt 0.459374 0.935903
vt 0.376064 0.747064
vt 0.646259 0.944600
vt 0.650296 0.942716
vt 0.644307 0.951558
vt 0.323940 0.711079
vt 0.341183 0.696898
vt 0.709073 0.888969
vt 0.703240 0.910642
vt 0.306173 0.726192
vt 0.530904 0.948642
vt 0.544680 0.946628
vt 0.355227 0.693639
vt 0.344214 0.687651
vt 0.357341 0.687762
vt 0.456997 0.414513
vt 0.021567 0.409513
vt 0.155749 0.427796
vt 0.392821 0.722418
vt 0.482110 0.947536
vt 0.503538 0.933322
vt 0.514210 0.935579
vt 0.309814 0.818347
vt 0.304913 0.858696
vt 0.505541 0.942601
vt 0.499723 0.949318
vt 0.364728 0.646002
vt 0.530443 0.965789
vt 0.538719 0.988337
vt 0.519858 0.987220
vt 0.390550 0.870022
vt 0.687503 0.081724
vt 0.521444 0.606646
vt 0.762971 0.635355
vt 0.685096 0.918542
vt 0.560307 0.643519
vt 0.568892 0.672597
vt 0.538646 0.644273
vt 0.334703 0.377362
vt 0.345116 0.345975
vt 0.374425 0.371086
vt 0.102719 0.352916
vt 0.364016 0.056474
vt 0.336965 0.070175
vt 0.914518 0.796997
vt 0.825922 0.801325
vt 0.492130 0.246026
vt 0.469233 0.608711
vt 0.476012 0.617283
vt 0.433430 0.615207
vt 0.787376 0.508095
vt 0.844718 0.540379
vt 0.745116 0.275035
vt 0.022110 0.400151
vt 0.494117 0.617336
vt 0.493958 0.640739
vt 0.725240 0.132955
vt 0.752521 0.875995
vt 0.632587 0.359315
vt 0.134810 0.316879
vt 0.113057 0.297205
vt 0.768677 0.816198
vt 0.758281 0.795259
vt 0.766571 0.806451
vt 0.777470 0.818433
vt 0.893783 0.542984
vt 0.897277 0.543236
vt 0.887806 0.552878
vt 0.879555 0.566723
vt 0.837332 0.566383
vt 0.766467 0.128160
vt 0.776074 0.446963
vt 0.760188 0.176342
vt 0.896006 0.509667
vt 0.038428 0.937213
vt 0.267258 0.114746
vt 0.261142 0.121194
vt 0.491670 0.494581
vt 0.548913 0.922900
vt 0.617896 0.837888
vt 0.113419 0.810169
vt 0.722296 0.908568
vt 0.720665 0.872000
vt 0.274334 0.404274
vt 0.868209 0.498608
vt 0.878775 0.485477
vt 0.823432 0.105729
vt 0.704193 0.833625
vt 0.515641 0.617817
vt 0.544489 0.667313
vt 0.026433 0.349385
vt 0.026107 0.354505
vt 0.345536 0.151055
vt 0.520659 0.729552
vt 0.370797 0.224340
vt 0.804260 0.476785
vt 0.768388 0.471540
vt 0.986092 0.607400
vt 0.885312 0.923401
vt 0.923461 0.899588
vt 0.986920 0.882920
vt 0.880796 0.177453
vt 0.526153 0.211555
vt 0.811966 0.943169
vt 0.808326 0.945436
vt 0.811667 0.941054
vt 0.816937 0.934144
vt 0.531512 0.745159
vt 0.516708 0.715059
vt 0.828412 0.797904
vt 0.809525 0.787427
vt 0.890318 0.805381
vt 0.785958 0.524888
vt 0.681440 0.499694
vt 0.681995 0.464487
vt 0.327785 0.161363
vt 0.652901 0.813732
vt 0.889115 0.636690
vt 0.866013 0.507223
vt 0.510929 0.540996
vt 0.261877 0.434231
vt 0.368858 0.082011
vt 0.834903 0.182955
vt 0.657485 0.819454
vt 0.669697 0.817832
vt 0.622172 0.833172
vt 0.668204 0.200168
vt 0.632506 0.275790
vt 0.649595 0.223900
vt 0.685105 0.106270
vt 0.429649 0.344553
vt 0.838187 0.614007
vt 0.223210 0.661485
vt 0.672105 0.667767
vt 0.509893 0.608558
vt 0.389991 0.503327
vt 0.781097 0.689968
vt 0.692770 0.158354
vt 0.204097 0.238653
vt 0.682797 0.841105
vt 0.025632 0.570879
vt 0.235930 0.675012
vt 0.528831 0.938634
vt 0.389544 0.699029
vt 0.578956 0.368925
vt 0.816204 0.947262
vt 0.763781 0.935210
vt 0.138818 0.310297
vt 0.507514 0.475868
vt 0.921916 0.758733
vt 0.790962 0.888165
vt 0.338445 0.276501
vt 0.848669 0.588115
vt 0.819118 0.620422
vt 0.861692 0.578363
vt 0.028014 0.282926
vt 0.331498 0.863630
vt 0.363491 0.735506
vt 0.371786 0.731178
vt 0.808419 0.983887
vt 0.358268 0.491146
vt 0.341837 0.488453
vt 0.910040 0.778648
vt 0.259155 0.982266
vt 0.607730 0.378921
vt 0.594381 0.952470
vt 0.979080 0.235200
vt 0.333897 0.528833
vt 0.346038 0.546465
vt 0.729150 0.469046
vt 0.777824 0.481969
vt 0.440857 0.685201
vt 0.862850 0.124350
vt 0.887477 0.162774
vt 0.398705 0.622715
vt 0.638274 0.610316
vt 0.825058 0.545248
vt 0.747934 0.639081
vt 0.139802 0.214006
vt 0.106088 0.207807
vt 0.822287 0.925870
vt 0.619174 0.616853
vt 0.675195 0.088749
vt 0.836654 0.470319
vt 0.387020 0.324957
vt 0.027138 0.271396
vt 0.429494 0.385659
vt 0.976822 0.910780
vt 0.539475 0.698009
vt 0.522817 0.022179
vt 0.713908 0.476953
vt 0.626326 0.896205
vt 0.745794 0.646220
vt 0.423245 0.988649
vt 0.276354 0.027430
vt 0.598897 0.076842
vt 0.852404 0.936349
vt 0.182824 0.233771
vt 0.659332 0.905795
vt 0.759801 0.951531
vt 0.621045 0.667951
vt 0.666996 0.908709
vt 0.987042 0.593231
vt 0.988468 0.042909
vt 0.569109 0.902668
vt 0.542882 0.847321
vt 0.808214 0.900895
vt 0.776912 0.712044
vt 0.890779 0.290566
vt 0.774377 0.806132
vt 0.767045 0.799666
vt 0.774065 0.796896
vt 0.785333 0.817094
vt 0.985735 0.803025
vt 0.601667 0.185593
vt 0.973138 0.925663
vt 0.910625 0.991983
vt 0.136290 0.223410
vt 0.928155 0.784858
vt 0.927812 0.790852
vt 0.926038 0.788179
vt 0.918212 0.784079
vt 0.819349 0.578855
vt 0.928583 0.883935
vt 0.642882 0.156901
vt 0.443758 0.107215
vt 0.687985 0.764401
vt 0.772913 0.952397
vt 0.629941 0.935684
vt 0.041280 0.793381
vt 0.867213 0.913250
vt 0.867664 0.924476
vt 0.862243 0.916914
vt 0.867290 0.902347
vt 0.901356 0.022072
vt 0.816176 0.804125
vt 0.693382 0.703618
vt 0.666295 0.826785
vt 0.164284 0.023144
vt 0.922063 0.642560
vt 0.925286 0.633397
vt 0.924472 0.644428
vt 0.919118 0.655129
vt 0.671324 0.704922
vt 0.675205 0.723235
vt 0.666835 0.717595
vt 0.580237 0.707138
vt 0.680189 0.666540
vt 0.804355 0.805892
vt 0.699850 0.880441
vt 0.511663 0.021666
vt 0.712423 0.936856
vt 0.715007 0.946846
vt 0.710453 0.940559
vt 0.698776 0.933398
vt 0.880696 0.810758
vt 0.896555 0.811032
vt 0.879944 0.817660
vt 0.856867 0.808695
vt 0.704139 0.636878
vt 0.826208 0.803322
vt 0.663871 0.925699
s 1
usemtl Material.001
f 1130/1/1 935/2/2 934/3/3
f 865/4/4 819/5/5 858/6/6
f 1460/7/7 1442/8/8 1443/9/9
f 504/10/10 509/11/11 510/12/12
f 1003/13/13 1085/14/14 1009/15/15
f 288/16/16 290/17/17 293/18/18
f 1518/19/19 1519/20/20 941/21/21
f 291/22/22 290/17/17 289/23/23
f 1388/24/24 1393/25/25 1386/26/26
f 1218/27/27 1220/28/28 1219/29/29
f 934/30/3 915/31/30 917/32/31
f 149/33/32 328/34/33 147/35/34
f 320/36/35 313/37/36 319/38/37
f 45/39/38 43/40/39 44/41/40
f 1529/42/41 1522/43/42 1530/44/43
f 620/45/44 623/46/45 622/47/46
f 1319/48/47 1320/49/48 1324/50/49
f 1526/51/50 1527/52/51 1608/53/52 1607/54/53 1469/55/54 1471/56/55
f 168/57/56 158/58/57 157/59/58
f 1620/60/59 1619/61/60 1622/62/61
f 1443/9/9 1444/63/62 1456/64/63
f 541/65/64 545/66/65 544/67/66
f 1487/68/67 1488/69/68 1489/70/69
f 135/71/70 130/72/71 143/73/72
f 555/74/73 556/75/74 561/76/75
f 342/77/76 333/78/77 332/79/78
f 50/80/79 31/81/80 36/82/81
f 229/83/82 231/84/83 230/85/84
f 3/86/85 2/87/86 1/88/87
f 1512/89/88 1478/90/89 1514/91/90
f 1018/92/91 1015/93/92 1014/94/93
f 1376/95/94 1384/96/95 1378/97/96
f 1259/98/97 1262/99/98 1331/100/99
f 1497/101/100 1488/69/68 1498/102/101 1502/103/102 1496/104/103
f 1009/15/15 1000/105/104 1004/106/105
f 264/107/106 280/108/107 262/109/108
f 535/110/109 552/111/110 526/112/111
f 577/113/112 573/114/113 613/115/114
f 129/116/115 123/117/116 126/118/117
f 146/119/118 135/71/70 143/73/72 147/35/34
f 332/79/78 333/78/77 145/120/119
f 610/121/120 1576/122/121 1570/123/122
f 1063/124/123 1069/125/124 1064/126/125
f 1262/99/98 1263/127/126 1304/128/127
f 223/129/128 224/130/129 226/131/130
f 755/132/131 756/133/132 757/134/133
f 1209/135/134 1206/136/135 1211/137/136
f 1090/138/137 1092/139/138 1112/140/139
f 405/141/140 402/142/141 404/143/142
f 135/71/70 145/120/119 144/144/143
f 774/145/144 775/146/145 793/147/146
f 309/148/147 307/149/148 308/150/149
f 1558/151/150 109/152/151 112/153/152
f 439/154/153 449/155/154 441/156/155
f 583/157/156 582/158/157 588/159/158
f 766/160/159 767/161/160 765/162/161
f 42/163/162 151/164/163 44/41/40
f 187/165/164 185/166/165 175/167/166
f 844/168/167 923/169/168 845/170/169
f 277/171/170 265/172/171 278/173/172
f 748/174/173 746/175/174 743/176/175 745/177/176 744/178/177
f 1612/179/178 1611/180/179 1645/181/180
f 1642/182/181 1644/183/182 1610/184/183
f 1641/185/184 1644/183/182 1642/182/181
f 1627/186/185 1624/187/186 1645/181/180
f 1469/55/54 1432/188/187 1431/189/188
f 1614/190/189 1527/52/51 1642/182/181
f 1012/191/190 1010/192/191 1013/193/192
f 1610/184/183 1614/190/189 1642/182/181
f 1611/180/179 1610/184/183 1644/183/182
f 1624/187/186 1612/179/178 1645/181/180
f 1641/185/184 1628/194/193 1644/183/182
f 1284/195/194 1288/196/195 1285/197/196
f 1220/28/28 1201/198/197 1221/199/198
f 423/200/199 422/201/200 421/202/201 424/203/202
f 878/204/203 1554/205/204 876/206/205
f 1638/207/206 1631/208/207 1639/209/208
f 1641/185/184 1640/210/209 1643/211/210
f 1637/212/211 1641/185/184 1642/182/181
f 1640/210/209 1641/185/184 1637/212/211
f 314/213/212 301/214/213 278/173/172 296/215/214
f 1632/216/215 1638/207/206 1637/212/211
f 1636/217/216 1637/212/211 1642/182/181
f 1210/218/217 1622/62/61 1639/209/208
f 1630/219/218 1210/218/217 1639/209/208
f 1631/208/207 1630/219/218 1639/209/208
f 1185/220/219 1630/219/218 1631/208/207
f 1637/212/211 1633/221/220 1632/216/215
f 1636/217/216 1177/222/221 1637/212/211
f 1175/223/222 1177/222/221 1636/217/216
f 1634/224/223 1175/223/222 1636/217/216
f 1532/225/224 1109/226/225 108/227/226
f 1176/228/227 1175/223/222 1172/229/228
f 1183/230/229 1633/221/220 1177/222/221
f 1184/231/230 1632/216/215 1633/221/220
f 143/73/72 142/232/231 147/35/34
f 757/134/133 763/233/232 755/132/131
f 129/116/115 127/234/233 123/117/116
f 1208/235/234 1630/219/218 1187/236/235
f 1210/218/217 1630/219/218 1208/235/234
f 1626/237/236 1629/238/237 1625/239/238
f 1624/187/186 1627/186/185 1626/237/236
f 1623/240/239 1624/187/186 1626/237/236
f 1625/239/238 1623/240/239 1626/237/236
f 1624/187/186 1623/240/239 1618/241/240
f 945/242/241 1130/1/1 938/243/242
f 1618/241/240 1617/244/243 1624/187/186
f 1619/61/60 1618/241/240 1623/240/239
f 1209/135/134 1210/218/217 1208/235/234
f 1619/61/60 1620/60/59 1334/245/244
f 1341/246/245 1619/61/60 1334/245/244
f 1618/241/240 1619/61/60 1341/246/245
f 727/247/246 731/248/247 273/249/248
f 1342/250/249 1613/251/250 1340/252/251
f 1261/253/252 1305/254/253 1263/127/126
f 998/255/254 999/256/255 995/257/256
f 620/45/44 364/258/257 619/259/258
f 1166/260/259 1163/261/260 1162/262/261
f 38/263/262 33/264/263 23/265/264
f 904/266/265 909/267/266 907/268/267
f 267/269/268 256/270/269 259/271/270
f 1610/184/183 1611/180/179 1435/272/271
f 1609/273/272 1610/184/183 1435/272/271
f 1436/274/273 1609/273/272 1435/272/271
f 809/275/274 1408/276/275 807/277/276
f 1606/278/277 1408/276/275 809/275/274
f 1600/279/278 446/280/279 378/281/280
f 807/277/276 1408/276/275 1405/282/281
f 838/283/282 1605/284/283 1602/285/284
f 1491/286/285 1316/287/286 1317/288/287
f 1605/284/283 838/283/282 1405/282/281
f 1404/289/288 1605/284/283 1405/282/281
f 1403/290/289 1605/284/283 1404/289/288
f 1604/291/290 1605/284/283 1403/290/289
f 1603/292/291 1604/291/290 1403/290/289
f 1601/293/292 1600/279/278 378/281/280
f 794/294/293 775/146/145 776/295/294
f 445/296/295 1601/293/292 380/297/296
f 1600/279/278 1601/293/292 445/296/295
f 446/280/279 1600/279/278 445/296/295
f 943/298/297 940/299/298 937/300/299 939/301/300
f 597/302/301 560/303/302 1599/304/303
f 540/305/304 538/306/305 539/307/306
f 1248/308/307 1244/309/308 1241/310/309
f 1072/311/310 1067/312/311 1079/313/312
f 1599/304/303 598/314/313 597/302/301
f 1593/315/314 1596/316/315 1592/317/316
f 606/318/317 1596/316/315 1594/319/318
f 1595/320/319 1596/316/315 606/318/317
f 606/318/317 598/314/313 1595/320/319
f 1576/122/121 610/121/120 1594/319/318
f 549/321/320 557/322/321 556/75/74
f 1589/323/322 1585/324/323 1591/325/324
f 1588/326/325 1590/327/326 716/328/327
f 714/329/328 1588/326/325 716/328/327
f 1586/330/329 1583/331/330 1587/332/331
f 1339/333/332 1513/334/333 1344/335/334
f 1589/323/322 1583/331/330 1585/324/323
f 1587/332/331 1583/331/330 1589/323/322
f 1588/326/325 1587/332/331 1589/323/322
f 714/329/328 1587/332/331 1588/326/325
f 711/336/335 1586/330/329 714/329/328
f 1583/331/330 1586/330/329 709/337/336
f 1584/338/337 1585/324/323 1583/331/330
f 104/339/338 106/340/339 107/341/340
f 709/337/336 1582/342/341 1583/331/330
f 1582/342/341 709/337/336 1581/343/342
f 1547/344/343 1545/345/344 1546/346/345
f 1573/347/346 1580/348/347 1582/342/341
f 453/349/348 449/155/154 450/350/349
f 411/351/350 413/352/351 407/353/352
f 395/354/353 394/355/354 390/356/355
f 1574/357/356 1575/358/357 1579/359/358
f 1574/357/356 1579/359/358 1580/348/347
f 1575/358/357 1574/357/356 1569/360/359
f 925/361/360 927/362/361 926/363/362
f 12/364/363 13/365/364 17/366/365
f 716/328/327 717/367/366 715/368/367
f 609/369/368 610/121/120 1570/123/122
f 1577/370/369 609/369/368 1570/123/122
f 692/371/370 611/372/371 1577/370/369
f 1565/373/372 692/371/370 1577/370/369
f 1574/357/356 1568/374/373 1569/360/359
f 1573/347/346 1568/374/373 1574/357/356
f 1567/375/374 1568/374/373 1573/347/346
f 708/376/375 1567/375/374 1573/347/346
f 707/377/376 1572/378/377 708/376/375
f 705/379/378 1572/378/377 707/377/376
f 1107/380/379 1109/226/225 1532/225/224
f 695/381/380 1572/378/377 696/382/381
f 1571/383/382 1572/378/377 695/381/380
f 1549/384/383 1558/385/150 1551/386/384
f 367/387/385 366/388/386 342/77/76
f 1566/389/387 1568/374/373 1567/375/374
f 692/371/370 1565/373/372 693/390/388
f 1254/391/389 1256/392/390 1258/393/391 1255/394/392
f 1530/44/43 1531/395/393 1547/344/343
f 1562/396/394 1564/397/395 1563/398/396
f 1119/399/397 1564/397/395 1562/396/394
f 1089/400/398 1564/397/395 1118/401/399
f 1525/402/400 1564/397/395 1089/400/398
f 1563/398/396 1564/397/395 1525/402/400
f 1524/403/401 1563/398/396 1525/402/400
f 1562/396/394 1563/398/396 1560/404/402
f 1524/403/401 1528/405/403 1560/404/402
f 1528/405/403 1542/406/404 1559/407/405
f 1529/42/41 1542/406/404 1528/405/403
f 657/408/406 656/409/407 659/410/408
f 112/411/152 1551/386/384 1558/385/150
f 111/412/409 1551/386/384 112/411/152
f 1325/413/410 1274/414/411 1281/415/412
f 1555/416/413 1554/205/204 1553/417/414
f 1536/418/415 878/204/203 1121/419/416
f 1540/420/417 1553/417/414 1539/421/418
f 1550/422/419 1552/423/420 1543/424/421
f 1548/425/422 1550/422/419 1543/424/421
f 1094/426/423 1095/427/424 1096/428/425
f 1530/44/43 1548/425/422 1544/429/426
f 1547/344/343 1546/346/345 1549/384/383
f 1546/346/345 1531/395/393 1113/430/427
f 1545/345/344 1531/395/393 1546/346/345
f 1113/430/427 1532/225/224 1546/346/345
f 1547/344/343 1531/395/393 1545/345/344
f 593/431/428 595/432/429 598/314/313
f 1541/433/430 1542/406/404 1529/42/41
f 1120/434/431 1537/435/432 1538/436/433
f 1119/399/397 1537/435/432 1120/434/431
f 1121/419/416 1120/434/431 1536/418/415
f 935/2/2 1131/437/434 1127/438/435
f 77/439/436 1534/440/437 1104/441/438
f 80/442/439 1534/440/437 77/439/436
f 1280/443/440 1275/444/441 1243/445/442
f 1330/446/443 1331/100/99 1505/447/444
f 104/448/338 1100/449/445 1533/450/446
f 107/451/340 1109/226/225 104/448/338
f 1208/235/234 1194/452/447 1207/453/448
f 1113/430/427 1107/380/379 1532/225/224
f 1475/454/449 1506/455/450 1507/456/451
f 1530/44/43 1522/43/42 1531/395/393
f 1528/405/403 1523/457/452 1529/42/41
f 1523/457/452 1528/405/403 1524/403/401
f 1088/458/453 1525/402/400 1089/400/398
f 1523/457/452 1524/403/401 1117/459/454
f 1116/460/455 1523/457/452 1117/459/454
f 1134/461/456 1147/462/457 1146/463/458
f 848/464/459 901/465/460 826/466/461
f 1110/467/462 1113/430/427 1521/468/463
f 1115/469/464 1110/467/462 1521/468/463
f 224/130/129 200/470/465 196/471/466 194/472/467 239/473/468 231/84/83 229/83/82
f 1112/140/139 1114/474/469 1520/475/470
f 1116/460/455 1112/140/139 1520/475/470
f 923/169/168 846/476/471 845/170/169
f 564/477/472 532/478/473 563/479/474
f 919/480/475 941/21/21 1519/20/20
f 827/481/476 791/482/477 828/483/478
f 957/484/479 948/485/480 956/486/481
f 942/487/482 918/488/483 1519/20/20
f 1518/19/19 942/487/482 1519/20/20
f 1517/489/484 1518/19/19 941/21/21
f 941/21/21 1516/490/485 1517/489/484
f 921/491/486 1516/490/485 920/492/487
f 928/493/488 1517/489/484 1516/490/485
f 921/491/486 928/493/488 1516/490/485
f 1494/494/489 1493/495/490 1495/496/491
f 1316/287/286 1493/495/490 1494/494/489
f 1489/70/69 1497/101/100 1493/495/490
f 1489/70/69 1488/69/68 1497/101/100
f 137/497/492 125/498/493 124/499/494
f 1216/500/495 1197/501/496 1202/502/497
f 1514/91/90 1511/503/498 1512/89/88
f 195/504/499 196/471/466 200/470/465
f 106/505/339 105/506/500 108/227/226
f 1486/507/501 1478/90/89 1512/89/88
f 1511/503/498 1486/507/501 1512/89/88
f 572/508/502 576/509/503 574/510/504
f 1509/511/505 1505/447/444 1510/512/506
f 1330/446/443 1505/447/444 1509/511/505
f 1425/513/507 1424/514/508 1427/515/509
f 1557/516/510 1555/416/413 1556/517/511
f 1501/518/512 1505/447/444 1500/519/513
f 1486/507/501 1501/518/512 1504/520/514
f 1480/521/515 1486/507/501 1504/520/514
f 420/522/516 393/523/517 394/355/354
f 1502/103/102 1503/524/518 1501/518/512
f 1502/103/102 1484/525/519 1503/524/518
f 1498/102/101 1484/525/519 1502/103/102
f 486/526/520 483/527/521 537/528/522
f 1499/529/523 1501/518/512 1500/519/513
f 1304/128/127 1500/519/513 1262/99/98
f 1496/104/103 1495/496/491 1497/101/100
f 1305/254/253 1496/104/103 1263/127/126
f 805/530/524 803/531/525 804/532/526
f 1495/496/491 1305/254/253 1306/533/527
f 1314/534/528 1494/494/489 1306/533/527
f 1612/179/178 1435/272/271 1611/180/179
f 1493/495/490 1316/287/286 1491/286/285
f 1491/286/285 1489/70/69 1493/495/490
f 674/535/529 679/536/530 707/377/376
f 1492/537/531 1317/288/287 1318/538/532
f 1491/286/285 1317/288/287 1492/537/531
f 1490/539/533 1491/286/285 1492/537/531
f 1489/70/69 1491/286/285 1490/539/533
f 1487/68/67 1489/70/69 1490/539/533
f 1198/540/534 1199/541/535 1218/27/27
f 1487/68/67 1484/525/519 1488/69/68
f 640/542/536 639/543/537 681/544/538
f 747/545/539 738/546/540 748/174/173
f 1486/507/501 1480/521/515 1478/90/89
f 1481/547/541 1480/521/515 1482/548/542
f 1479/549/543 1480/521/515 1481/547/541
f 1478/90/89 1480/521/515 1479/549/543
f 1344/335/334 1478/90/89 1479/549/543
f 830/550/544 841/551/545 843/552/546 842/553/547
f 1337/554/548 1476/555/549 1338/556/550
f 1475/454/449 1476/555/549 1337/554/548
f 1415/557/551 1413/558/552 1418/559/553
f 573/114/113 577/113/112 576/560/503
f 1143/561/554 1144/562/555 1474/563/556
f 1473/564/557 1462/565/558 1474/563/556
f 1473/564/557 1474/563/556 1145/566/559
f 1465/567/560 1462/565/558 1473/564/557
f 1464/568/561 1171/569/562 1170/570/563
f 816/571/564 1132/572/565 1144/562/555
f 1010/192/191 1012/191/190 1011/573/566
f 1471/56/55 1468/574/567 1472/575/568
f 1469/55/54 1468/574/567 1471/56/55
f 1468/574/567 1469/55/54 1431/189/188
f 1438/576/569 1467/577/570 1437/578/571
f 442/579/572 455/580/573 448/581/574
f 1464/568/561 1173/582/575 1439/583/576
f 1171/569/562 1464/568/561 1463/584/577
f 1466/585/578 1171/569/562 1463/584/577
f 879/586/579 880/587/580 1124/588/581
f 1465/567/560 1460/7/7 1461/589/582
f 1442/8/8 1460/7/7 1465/567/560
f 1464/568/561 1439/583/576 1440/590/583
f 1462/565/558 1458/591/584 1143/561/554
f 1461/589/582 1459/592/585 1462/565/558
f 1422/593/586 1444/63/62 1423/594/587
f 1455/595/588 1443/9/9 1456/64/63
f 1458/591/584 1443/9/9 1457/596/589
f 1459/592/585 1443/9/9 1458/591/584
f 1142/597/590 1143/561/554 1458/591/584
f 1457/596/589 1142/597/590 1458/591/584
f 1452/598/591 1142/597/590 1457/596/589
f 1453/599/592 1422/593/586 1447/600/593
f 1451/601/594 1452/598/591 1454/602/595
f 1451/601/594 1447/600/593 810/603/596
f 814/604/597 1142/597/590 1452/598/591
f 523/605/598 524/606/599 525/607/600
f 1280/443/440 1282/608/601 1289/609/602
f 1449/610/603 806/611/604 1448/612/605
f 809/275/274 806/611/604 1449/610/603
f 1409/613/606 809/275/274 1450/614/607
f 1449/610/603 1409/613/606 1450/614/607
f 1419/615/608 1426/616/609 1418/559/553
f 1425/513/507 1426/616/609 1419/615/608
f 1420/617/610 1425/513/507 1419/615/608
f 1422/593/586 1421/618/611 1446/619/612
f 1445/620/613 1424/514/508 1423/594/587
f 1444/63/62 1428/621/614 1445/620/613
f 1443/9/9 1428/621/614 1444/63/62
f 1046/622/615 1047/623/616 1056/624/617
f 1438/576/569 1430/625/618 1439/583/576
f 1417/626/619 1430/625/618 1438/576/569
f 1336/627/620 1338/556/550 1339/333/332
f 1437/578/571 1417/626/619 1438/576/569
f 1431/189/188 1417/626/619 1437/578/571
f 1363/628/621 1434/629/622 1435/272/271
f 1361/630/623 1363/628/621 1362/631/624
f 1371/632/625 1434/629/622 1363/628/621
f 1372/633/626 1434/629/622 1371/632/625
f 1433/634/627 1434/629/622 1372/633/626
f 1373/635/628 1433/634/627 1372/633/626
f 1432/188/187 1433/634/627 1373/635/628
f 1431/189/188 1432/188/187 1373/635/628
f 1430/625/618 1417/626/619 1415/557/551
f 1428/621/614 1429/636/629 1427/515/509
f 1426/616/609 1425/513/507 1427/515/509
f 1424/514/508 1425/513/507 1420/617/610
f 1440/590/583 1430/625/618 1426/616/609
f 1384/96/95 1414/637/630 1383/638/631
f 1419/615/608 1396/639/632 1420/617/610
f 1395/640/633 1396/639/632 1419/615/608
f 1412/641/634 1395/640/633 1419/615/608
f 1413/558/552 1412/641/634 1419/615/608
f 1417/626/619 1383/638/631 1415/557/551
f 1377/642/635 1383/638/631 1417/626/619
f 1416/643/636 1377/642/635 1417/626/619
f 170/644/637 721/645/638 171/646/639
f 1374/647/640 1377/642/635 1416/643/636
f 874/648/641 820/649/642 853/650/643 882/651/644
f 1394/652/645 1412/641/634 1414/637/630
f 1395/640/633 1412/641/634 1394/652/645
f 1397/653/646 1411/654/647 1396/639/632
f 1410/655/648 1411/654/647 1397/653/646
f 1409/613/606 1410/655/648 1397/653/646
f 1407/656/649 1409/613/606 1397/653/646
f 1406/657/650 1408/276/275 1407/656/649
f 1406/657/650 1405/282/281 1408/276/275
f 1401/658/651 1402/659/652 1404/289/288
f 3/86/85 5/660/653 4/661/654
f 1406/657/650 1399/662/655 1400/663/656
f 1401/658/651 1406/657/650 1400/663/656
f 1404/289/288 1406/657/650 1401/658/651
f 8/664/657 7/665/658 9/666/659
f 7/665/658 10/667/660 9/666/659
f 9/666/659 10/667/660 11/668/661
f 10/667/660 6/669/662 11/668/661
f 11/668/661 6/669/662 12/364/363
f 12/364/363 6/669/662 13/365/364
f 1400/663/656 1402/659/652 1401/658/651
f 608/670/663 606/318/317 1594/319/318
f 1399/662/655 1389/671/664 1400/663/656
f 1398/672/665 1389/671/664 1399/662/655
f 16/673/666 17/366/365 13/365/364
f 962/674/667 963/675/668 960/676/669
f 1397/653/646 1393/25/25 1388/24/24
f 5/660/653 6/669/662 10/667/660
f 1392/677/670 1393/25/25 1397/653/646
f 1396/639/632 1392/677/670 1397/653/646
f 1390/678/671 1391/679/672 1394/652/645
f 1385/680/673 1390/678/671 1384/96/95
f 1390/678/671 1386/26/26 1391/679/672
f 1101/681/674 1098/682/675 1102/683/676
f 1385/680/673 1386/26/26 1390/678/671
f 1387/684/677 1382/685/678 1389/671/664
f 1388/24/24 1387/684/677 1389/671/664
f 1386/26/26 1387/684/677 1388/24/24
f 1382/685/678 1387/684/677 1386/26/26
f 1363/628/621 1360/686/679 1371/632/625
f 1385/680/673 1382/685/678 1386/26/26
f 8/664/657 9/666/659 21/687/680
f 1381/688/681 1382/685/678 1385/680/673
f 1384/96/95 1381/688/681 1385/680/673
f 1376/95/94 1381/688/681 1384/96/95
f 1383/638/631 1378/97/96 1384/96/95
f 1431/189/188 1437/578/571 1467/577/570
f 1380/689/682 1382/685/678 1381/688/681
f 28/690/683 27/691/684 29/692/685
f 29/692/685 27/691/684 30/693/686
f 1375/694/687 1380/689/682 1379/695/688
f 1376/95/94 1375/694/687 1379/695/688
f 30/693/686 25/696/689 34/697/690
f 25/696/689 31/81/80 34/697/690
f 357/698/691 360/699/692 1226/700/693
f 1372/633/626 1371/632/625 1369/701/694
f 35/702/695 32/703/696 24/704/697
f 36/82/81 32/703/696 35/702/695
f 1377/705/635 1378/706/96 1383/707/631
f 632/708/698 640/542/536 631/709/699
f 838/710/282 807/711/276 1405/712/281
f 1370/713/700 1368/714/701 1374/647/640
f 1373/635/628 1369/701/694 1370/713/700
f 1372/633/626 1369/701/694 1373/635/628
f 641/715/702 630/716/703 631/709/699
f 615/717/704 634/718/705 617/719/706
f 395/354/353 418/720/707 394/355/354
f 1418/559/553 1413/558/552 1419/615/608
f 57/721/708 56/722/709 54/723/710
f 43/40/39 42/163/162 44/41/40
f 1366/724/711 1368/714/701 1365/725/712
f 1364/726/713 1366/724/711 1365/725/712
f 45/39/38 46/727/714 43/40/39
f 1360/686/679 1364/726/713 1365/725/712
f 37/728/715 47/729/716 35/702/695
f 31/81/80 50/80/79 34/697/690
f 30/693/686 51/730/717 29/692/685
f 1359/731/718 1364/726/713 1360/686/679
f 1361/630/623 1360/686/679 1363/628/621
f 30/693/686 34/697/690 51/730/717
f 52/732/719 50/80/79 49/733/720
f 53/734/721 54/723/710 49/733/720
f 1266/735/722 1272/736/723 1327/737/724 1271/738/725
f 77/439/436 76/739/726 78/740/727
f 55/741/728 28/690/683 56/722/709
f 1357/742/729 1359/731/718 1358/743/730
f 54/723/710 59/744/731 57/721/708
f 57/721/708 59/744/731 60/745/732
f 60/745/732 59/744/731 53/734/721
f 1354/746/733 1356/747/734 1357/742/729
f 48/748/735 47/729/716 61/749/736
f 1353/750/737 1356/747/734 1354/746/733
f 1348/751/738 1353/750/737 1354/746/733
f 1348/751/738 1354/746/733 1347/752/739
f 1353/750/737 1348/751/738 1350/753/740
f 48/748/735 61/749/736 53/734/721
f 61/749/736 60/745/732 53/734/721
f 60/745/732 62/754/741 57/721/708
f 1351/755/742 1353/750/737 1350/753/740
f 1253/756/743 1255/394/392 1259/98/97
f 1428/757/614 1442/758/8 1429/759/629
f 1345/760/744 1346/761/745 1347/752/739
f 69/762/746 70/763/747 68/764/748
f 635/765/749 636/766/750 633/767/751
f 1333/768/752 1212/769/753 1332/770/754
f 1332/770/754 1217/771/755 1330/446/443
f 1435/272/271 1612/179/178 1362/631/624 1363/628/621
f 1340/252/251 1341/246/245 1335/772/756
f 813/773/757 812/774/758 814/604/597
f 1333/768/752 1337/554/548 1336/627/620
f 1335/772/756 1333/768/752 1336/627/620
f 1211/137/136 1333/768/752 1335/772/756
f 1122/775/759 1124/776/581 1062/777/760 1060/778/761
f 1354/746/733 1357/742/729 1347/752/739
f 1333/768/752 1211/137/136 1212/769/753
f 1332/770/754 1212/769/753 1215/779/762
f 221/780/763 217/781/764 220/782/765
f 1303/783/766 1259/98/97 1331/100/99
f 78/740/727 75/784/767 72/785/768
f 1330/446/443 1303/783/766 1331/100/99
f 1217/771/755 1303/783/766 1330/446/443
f 1036/786/769 1031/787/770 1033/788/771
f 789/789/772 827/481/476 847/790/773
f 1327/737/724 1329/791/774 1328/792/775
f 81/793/776 68/764/748 82/794/777
f 68/764/748 70/763/747 82/794/777
f 1325/413/410 1329/791/774 1327/737/724
f 47/729/716 46/727/714 83/795/778
f 998/796/254 997/797/779 1001/798/780
f 745/177/176 724/799/781 744/178/177
f 83/795/778 85/800/782 69/762/746
f 69/762/746 85/800/782 70/763/747
f 1325/413/410 1327/737/724 1272/736/723
f 1274/414/411 1325/413/410 1272/736/723
f 87/801/783 88/802/784 86/803/785
f 1326/804/786 1325/413/410 1281/415/412
f 1319/48/47 1325/413/410 1321/805/787
f 1324/50/49 1325/413/410 1319/48/47
f 1313/806/788 1323/807/789 1320/49/48
f 1315/808/790 1313/806/788 1320/49/48
f 1315/808/790 1320/49/48 1319/48/47
f 609/369/368 607/809/791 604/810/792
f 1316/287/286 1314/534/528 1317/288/287
f 420/522/516 418/720/707 384/811/793
f 1312/812/794 1314/534/528 1307/813/795
f 1270/814/796 1268/815/797 1311/816/798
f 167/817/799 186/818/800 166/819/801
f 94/820/802 93/821/803 98/822/804
f 308/150/149 313/37/36 309/148/147
f 1310/823/805 1270/814/796 1311/816/798
f 97/824/806 100/825/807 96/826/808
f 99/827/809 101/828/810 93/821/803
f 182/829/811 183/830/812 179/831/813
f 104/448/338 100/825/807 97/824/806
f 1305/254/253 1261/253/252 1306/533/527
f 688/832/814 693/390/388 694/833/815
f 827/481/476 789/789/772 791/482/477
f 1488/69/68 1484/525/519 1498/102/101
f 411/351/350 414/834/816 413/352/351
f 1252/835/817 1259/98/97 1303/783/766
f 1215/779/762 1212/769/753 1213/836/818 1214/837/819
f 670/838/820 665/839/821 664/840/822
f 113/841/823 110/842/824 114/843/825
f 1045/844/826 1044/845/827 1046/622/615
f 95/846/828 118/847/829 117/848/830
f 118/847/829 92/849/831 117/848/830
f 322/850/832 382/851/833 381/852/834
f 88/802/784 87/801/783 121/853/835
f 523/605/598 525/607/600 526/854/111 522/855/836
f 1418/856/553 1426/857/609 1430/858/618
f 56/722/709 28/690/683 51/730/717
f 125/498/493 126/118/117 123/117/116
f 651/859/837 1301/860/838 652/861/839
f 1433/634/627 1436/274/273 1434/629/622
f 1282/608/601 1301/860/838 651/859/837
f 1299/862/840 1282/608/601 651/859/837
f 1300/863/841 1296/864/842 1298/865/843
f 1294/866/844 1296/864/842 1300/863/841
f 796/867/845 780/868/846 785/869/847
f 1202/502/497 1198/540/534 1218/27/27
f 199/870/848 185/166/165 187/165/164
f 1296/864/842 1297/871/849 1298/865/843
f 370/872/850 369/873/851 379/874/852
f 207/875/853 218/876/854 204/877/855
f 1295/878/856 1289/609/602 1282/608/601
f 1294/866/844 1289/609/602 1295/878/856
f 1291/879/857 1293/880/858 1294/866/844
f 1289/609/602 1292/881/859 1280/443/440
f 697/882/860 701/883/861 700/884/862
f 140/885/863 141/886/864 126/118/117
f 1301/860/838 1282/608/601 1283/887/865
f 1285/197/196 1301/860/838 1283/887/865
f 626/888/866 638/889/867 639/543/537
f 1487/68/67 1485/890/868 1484/525/519
f 442/579/572 437/891/869 441/156/155
f 457/892/870 456/893/871 459/894/872
f 1285/197/196 1283/887/865 1279/895/873
f 166/819/801 186/818/800 165/896/874
f 183/830/812 182/829/811 191/897/875
f 1240/898/876 1244/309/308 1272/736/723
f 954/899/877 955/900/878 951/901/879
f 341/902/880 343/903/881 344/904/882 334/905/883 340/906/884 339/907/885
f 1547/344/343 1549/384/383 1551/386/384
f 1283/887/865 1280/443/440 1279/895/873
f 154/908/886 151/164/163 42/163/162
f 155/909/887 41/910/888 156/911/889
f 1280/443/440 1281/415/412 1274/414/411
f 1275/444/441 1280/443/440 1274/414/411
f 1279/895/873 1280/443/440 1243/445/442
f 155/909/887 160/912/890 42/163/162
f 296/215/214 278/173/172 279/913/891
f 160/912/890 162/914/892 161/915/893
f 164/916/894 154/908/886 161/915/893
f 154/908/886 42/163/162 161/915/893
f 1275/444/441 1248/308/307 1243/445/442
f 162/914/892 160/912/890 165/896/874
f 165/896/874 160/912/890 166/819/801
f 1273/917/895 1248/308/307 1275/444/441
f 1274/414/411 1273/917/895 1275/444/441
f 1272/736/723 1273/917/895 1274/414/411
f 169/918/896 17/366/365 16/673/666
f 1266/735/722 1240/898/876 1272/736/723
f 742/919/897 739/920/898 740/921/899
f 158/58/57 173/922/900 159/923/901
f 159/923/901 173/922/900 167/817/799
f 173/922/900 172/924/902 174/925/903
f 299/926/904 296/215/214 297/927/905
f 180/928/906 181/929/907 177/930/908
f 175/167/166 185/166/165 174/925/903
f 185/166/165 186/818/800 174/925/903
f 186/818/800 167/817/799 174/925/903
f 974/931/909 973/932/910 970/933/911
f 175/167/166 184/934/912 187/165/164
f 1444/63/62 1445/620/613 1423/594/587
f 1010/192/191 1084/935/913 1013/193/192
f 190/936/914 191/897/875 192/937/915
f 1257/938/916 1267/939/917 1261/253/252
f 1264/940/918 1267/939/917 1257/938/916
f 181/929/907 191/897/875 182/829/811
f 190/936/914 195/504/499 183/830/812
f 193/941/919 196/471/466 192/937/915
f 192/937/915 196/471/466 190/936/914
f 196/471/466 195/504/499 190/936/914
f 195/504/499 198/942/920 183/830/812
f 183/830/812 198/942/920 189/943/921
f 199/870/848 202/944/922 185/166/165
f 163/945/923 162/914/892 203/946/924
f 330/947/925 368/948/926 377/949/927
f 338/950/928 337/951/929 348/952/930
f 1253/756/743 1259/98/97 1252/835/817
f 752/953/931 753/954/932 747/545/539
f 204/955/855 208/956/933 203/946/924
f 203/946/924 208/956/933 209/957/934
f 1014/958/93 1016/959/935 1017/960/936
f 209/957/934 211/961/937 163/945/923
f 1253/756/743 1252/835/817 1251/962/938
f 1179/963/939 1180/964/940 1181/965/941
f 1082/966/942 1013/193/192 1083/967/943
f 869/968/944 866/969/945 856/970/946
f 567/971/947 579/972/948 578/973/949
f 164/916/894 211/961/937 215/974/950
f 215/974/950 211/961/937 216/975/951
f 211/961/937 210/976/952 216/975/951
f 216/975/951 210/976/952 217/781/764
f 1224/977/953 1223/978/954 1265/979/955
f 761/980/956 227/981/957 228/982/958 229/83/82
f 203/946/924 209/957/934 163/945/923
f 1160/983/959 1178/984/960 1177/222/221
f 183/830/812 191/897/875 190/936/914
f 208/956/933 218/985/854 209/957/934
f 815/986/961 796/867/845 816/571/564
f 796/867/845 812/774/758 784/987/962
f 221/780/763 197/988/963 222/989/964
f 195/504/499 200/470/465 222/989/964
f 222/989/964 200/470/465 223/129/128
f 223/129/128 200/470/465 224/130/129
f 213/990/965 326/991/966 327/992/967
f 225/993/968 226/131/130 224/130/129
f 237/994/969 240/995/970 241/996/971
f 516/997/972 502/998/973 512/999/974
f 223/129/128 226/131/130 222/989/964
f 227/981/957 225/993/968 228/982/958
f 225/993/968 224/130/129 228/982/958
f 271/1000/975 255/1001/976 254/1002/977
f 233/1003/978 234/1004/979 235/1005/980
f 232/1006/981 233/1003/978 235/1005/980
f 234/1004/979 240/995/970 237/994/969
f 241/996/971 240/995/970 242/1007/982
f 1245/1008/983 1237/1009/984 1236/1010/985
f 604/810/792 603/1011/986 602/1012/987 601/1013/988
f 1582/342/341 1584/338/337 1583/331/330
f 248/1014/989 249/1015/990 236/1016/991
f 236/1016/991 249/1015/990 235/1005/980
f 1240/898/876 1245/1008/983 1236/1010/985
f 249/1015/990 248/1014/989 251/1017/992
f 448/581/574 447/1018/993 442/579/572
f 253/1019/994 254/1002/977 255/1001/976
f 254/1002/977 241/996/971 271/1000/975
f 271/1000/975 241/996/971 256/270/269
f 241/996/971 246/1020/995 256/270/269
f 250/1021/996 257/1022/997 244/1023/998
f 244/1023/998 257/1022/997 258/1024/999
f 256/270/269 245/1025/1000 258/1024/999
f 258/1024/999 245/1025/1000 244/1023/998
f 702/1026/1001 680/1027/1002 701/883/861
f 261/1028/1003 262/109/108 263/1029/1004
f 263/1029/1004 258/1024/999 261/1028/1003
f 258/1024/999 257/1022/997 261/1028/1003
f 260/1030/1005 264/107/106 262/109/108
f 262/109/108 265/172/171 263/1029/1004
f 265/172/171 277/171/170 263/1029/1004
f 277/171/170 266/1031/1006 263/1029/1004
f 263/1029/1004 266/1031/1006 259/271/270
f 256/270/269 267/269/268 271/1000/975
f 271/1000/975 267/269/268 268/1032/1007
f 1310/823/805 1311/816/798 1312/812/794
f 258/1024/999 263/1029/1004 259/271/270
f 815/986/961 1143/561/554 1142/597/590
f 1614/190/189 1610/184/183 1609/273/272
f 433/1033/1008 430/1034/1009 431/1035/1010
f 1114/474/469 1115/469/464 1520/475/470
f 413/352/351 395/354/353 396/1036/1011
f 255/1001/976 271/1000/975 273/249/248
f 1578/1037/1012 1575/358/357 1576/122/121
f 1431/1038/188 1416/1039/636 1417/1040/619
f 232/1006/981 230/85/84 231/84/83
f 278/173/172 265/172/171 279/913/891
f 265/172/171 262/109/108 279/913/891
f 279/913/891 262/109/108 280/108/107
f 280/108/107 282/1041/1013 281/1042/1014
f 282/1041/1013 285/1043/1015 284/1044/1016
f 285/1043/1015 287/1045/1017 286/1046/1018
f 286/1046/1018 287/1045/1017 288/16/16
f 287/1045/1017 289/23/23 288/16/16
f 288/16/16 289/23/23 290/17/17
f 600/1047/1019 606/318/317 608/670/663
f 100/825/807 104/448/338 1105/1048/1020
f 217/781/764 218/985/854 220/782/765
f 293/18/18 286/1046/1018 288/16/16
f 281/1042/1014 295/1049/1021 280/108/107
f 280/108/107 295/1049/1021 279/913/891
f 279/913/891 295/1049/1021 296/215/214
f 295/1049/1021 283/1050/1022 296/215/214
f 296/215/214 283/1050/1022 297/927/905
f 293/18/18 294/1051/1023 286/1046/1018
f 1473/564/557 1149/1052/1024 1164/1053/1025
f 278/173/172 300/1054/1026 277/171/170
f 302/1055/1027 303/1056/1028 275/1057/1029
f 85/800/782 87/801/783 82/794/777
f 1452/598/591 1455/595/588 1454/602/595
f 303/1056/1028 302/1055/1027 304/1058/1030
f 1499/529/523 1496/104/103 1502/103/102
f 1464/568/561 1170/570/563 1173/582/575
f 1222/1059/1031 1223/978/954 1224/977/953
f 410/1060/1032 409/1061/1033 408/1062/1034
f 337/951/929 351/1063/1035 348/952/930
f 1118/401/399 1084/935/913 1086/1064/1036
f 311/1065/1037 310/1066/1038 214/1067/1039
f 214/1067/1039 310/1066/1038 212/1068/1040
f 1218/27/27 1201/198/197 1220/28/28
f 1030/1069/1041 1026/1070/1042 1027/1071/1043
f 831/1072/1044 834/1073/1045 830/1074/544
f 711/336/335 713/1075/1046 712/1076/1047
f 33/1077/263 38/1078/262 40/1079/1048
f 313/37/36 308/150/149 317/1080/1049
f 938/1081/242 934/30/3 917/32/31
f 320/36/35 319/38/37 318/1082/1050
f 706/1083/1051 703/1084/1052 702/1026/1001
f 1208/235/234 1187/236/235 1194/452/447
f 1208/235/234 1207/453/448 1209/135/134
f 322/1085/832 323/1086/1053 312/1087/1054
f 174/925/903 172/924/902 171/646/639 176/1088/1055 175/167/166
f 321/1089/1056 325/1090/1057 312/1087/1054
f 312/1087/1054 325/1090/1057 322/1085/832
f 106/505/339 108/227/226 107/451/340
f 147/35/34 329/1091/1058 146/119/118
f 1346/761/745 1348/751/738 1347/752/739
f 146/119/118 332/79/78 145/120/119
f 648/1092/1059 649/1093/1060 650/1094/1061
f 1501/518/512 1503/524/518 1504/520/514
f 167/817/799 173/922/900 174/925/903
f 155/909/887 39/1095/1062 41/910/888
f 1227/1096/1063 1226/700/693 360/699/692
f 699/1097/1064 641/715/702 640/542/536
f 336/1098/1065 347/1099/1066 337/951/929
f 1463/1100/577 1442/758/8 1465/1101/560
f 332/79/78 146/119/118 331/1102/1067
f 198/942/920 206/1103/1068 189/943/921
f 799/1104/1069 783/1105/1070 782/1106/1071
f 229/83/82 228/982/958 224/130/129
f 1189/1107/1072 1191/1108/1073 1193/1109/1074
f 390/356/355 391/1110/1075 397/1111/1076 396/1036/1011
f 1193/1109/1074 1194/452/447 1189/1107/1072
f 1465/567/560 1461/589/582 1462/565/558
f 1196/1112/1077 1192/1113/1078 1191/1108/1073
f 1191/1108/1073 1190/1114/1079 1196/1112/1077
f 629/1115/1080 643/1116/1081 642/1117/1082
f 362/1118/1083 365/1119/1084 364/1120/257
f 355/1121/1085 356/1122/1086 361/1123/1087 360/699/692 357/698/691 358/1124/1088
f 363/1125/1089 360/699/692 361/1123/1087
f 1003/13/13 1006/1126/1090 1008/1127/1091
f 1187/236/235 1181/965/941 1188/1128/1092
f 1194/452/447 1193/1109/1074 1207/453/448
f 371/1129/1093 367/387/385 330/947/925
f 1181/965/941 1187/236/235 1186/1130/1094
f 373/1131/1095 364/258/257 365/1132/1084
f 834/1133/1045 835/1134/1096 837/1135/1097
f 1178/984/960 1183/230/229 1177/222/221
f 1178/984/960 1179/963/939 1182/1136/1098
f 325/1090/1057 383/1137/1099 322/1085/832
f 107/451/340 108/227/226 1109/226/225
f 368/948/926 370/872/850 378/281/280
f 378/281/280 370/872/850 379/874/852
f 830/550/544 829/1138/1100 793/147/146
f 1179/963/939 1153/1139/1101 1180/964/940
f 116/1140/1102 95/846/828 117/848/830
f 1160/983/959 1153/1139/1101 1179/963/939
f 1178/984/960 1160/983/959 1179/963/939
f 64/1141/1103 74/1142/1104 73/1143/1105
f 326/1144/966 323/1086/1053 380/297/296
f 1176/228/227 1160/983/959 1177/222/221
f 380/297/296 323/1086/1053 381/1145/834
f 323/1086/1053 322/1085/832 381/1145/834
f 413/352/351 396/1036/1011 398/1146/1106 407/353/352
f 367/387/385 371/1129/1093 375/1147/1107
f 384/811/793 325/1090/1057 385/1148/1108
f 1222/1059/1031 1224/977/953 1308/1149/1109
f 221/780/763 220/782/765 197/988/963
f 1171/569/562 1164/1053/1025 1165/1150/1110
f 1165/1150/1110 1170/570/563 1171/569/562
f 955/900/878 956/486/481 948/485/480
f 292/1151/1111 389/1152/1112 388/1153/1113
f 388/1153/1113 389/1152/1112 390/356/355
f 389/1152/1112 391/1110/1075 390/356/355
f 530/1154/1114 565/1155/1115 516/997/972
f 814/604/597 812/774/758 796/867/845
f 390/356/355 392/1156/1116 388/1153/1113
f 393/523/517 388/1153/1113 394/355/354
f 388/1153/1113 392/1156/1116 394/355/354
f 392/1156/1116 390/356/355 394/355/354
f 395/354/353 390/356/355 396/1036/1011
f 397/1111/1076 398/1146/1106 396/1036/1011
f 515/1157/1117 514/1158/1118 502/998/973
f 401/1159/1119 403/1160/1120 402/142/141
f 403/1160/1120 404/143/142 402/142/141
f 1195/1161/1121 1204/1162/1122 1214/837/819 1213/836/818 1205/1163/1123
f 1002/1164/1124 991/1165/1125 982/1166/1126
f 79/1167/1127 71/1168/1128 99/827/809 93/821/803 94/820/802 97/824/806 96/826/808 80/442/439
f 1163/261/260 1164/1053/1025 1150/1169/1129
f 587/1170/1130 588/159/158 584/1171/1131
f 1160/983/959 1161/1172/1132 1152/1173/1133
f 1153/1139/1101 1160/983/959 1152/1173/1133
f 1136/1174/1134 1159/1175/1135 1153/1139/1101
f 1158/1176/1136 1159/1175/1135 1136/1174/1134
f 1154/1177/1137 1158/1176/1136 1136/1174/1134
f 495/1178/1138 492/1179/1139 487/1180/1140
f 1156/1181/1141 1157/1182/1142 1154/1177/1137
f 260/1030/1005 262/109/108 261/1028/1003 257/1022/997
f 416/1183/1143 412/1184/1144 417/1185/1145
f 359/1186/1146 1155/1187/1147 1139/1188/1148
f 815/986/961 814/604/597 796/867/845
f 164/916/894 214/1067/1039 212/1068/1040
f 1145/566/559 1146/463/458 1149/1052/1024
f 1038/1189/1149 1044/845/827 1039/1190/1150
f 384/811/793 418/720/707 416/1183/1143
f 418/720/707 420/522/516 394/355/354
f 1244/309/308 1240/898/876 1241/310/309
f 385/1148/1108 420/522/516 384/811/793
f 384/811/793 383/1137/1099 325/1090/1057
f 1021/1191/1151 1025/1192/1152 1027/1193/1043
f 385/1148/1108 393/523/517 420/522/516
f 1153/1139/1101 1135/1194/1153 1136/1174/1134
f 417/1185/1145 421/202/201 382/1195/833
f 1147/462/457 1135/1194/1153 1153/1139/1101
f 1152/1173/1133 1147/462/457 1153/1139/1101
f 1151/1196/1154 1147/462/457 1152/1173/1133
f 422/201/200 380/297/296 381/1145/834
f 1150/1169/1129 1148/1197/1155 1151/1196/1154
f 382/1195/833 422/201/200 381/1145/834
f 1279/895/873 1243/445/442 1278/1198/1156
f 424/203/202 421/202/201 425/1199/1157
f 421/202/201 417/1185/1145 425/1199/1157
f 415/1200/1158 410/1060/1032 426/1201/1159
f 1107/380/379 1100/449/445 1108/1202/1160
f 405/141/140 404/143/142 427/1203/1161
f 404/143/142 429/1204/1162 428/1205/1163
f 1133/1206/1164 1134/461/456 1146/463/458
f 1145/566/559 1133/1206/1164 1146/463/458
f 1132/572/565 1133/1206/1164 1145/566/559
f 1255/394/392 1258/393/391 1260/1207/1165
f 427/1203/1161 434/1208/1166 405/141/140
f 436/1209/1167 425/1199/1157 426/1201/1159
f 425/1199/1157 437/891/869 424/203/202
f 424/203/202 437/891/869 438/1210/1168
f 212/1068/1040 213/1211/965 153/1212/1169
f 425/1199/1157 440/1213/1170 439/154/153
f 442/579/572 443/1214/1171 438/1210/1168
f 438/1210/1168 443/1214/1171 424/203/202
f 424/203/202 443/1214/1171 423/200/199
f 443/1214/1171 444/1215/1172 423/200/199
f 423/200/199 444/1215/1172 422/201/200
f 422/201/200 445/296/295 380/297/296
f 425/1199/1157 436/1209/1167 440/1213/1170
f 110/842/824 115/1216/1173 114/843/825
f 1571/383/382 695/381/380 690/1217/1174
f 444/1215/1172 443/1214/1171 377/949/927
f 862/1218/1175 1137/1219/1176 1136/1174/1134
f 450/350/349 440/1213/1170 433/1033/1008
f 1619/61/60 1623/240/239 1625/239/238
f 1102/683/676 1098/682/675 1097/1220/1177 1103/1221/1178
f 1483/1222/1179 1482/1223/542 1484/1224/519
f 1060/778/761 1059/1225/1180 1061/1226/1181
f 454/1227/1182 455/580/573 449/155/154
f 33/264/263 43/40/39 37/728/715
f 448/581/574 456/893/871 376/1228/1183
f 451/1229/1184 452/1230/1185 440/1213/1170
f 448/581/574 455/580/573 456/893/871
f 1134/461/456 862/1218/1175 1135/1194/1153
f 1133/1206/1164 817/1231/1186 1134/461/456
f 464/1232/1187 462/1233/1188 463/1234/1189
f 816/571/564 1133/1206/1164 1132/572/565
f 89/1235/1190 86/1236/785 88/1237/784
f 406/1238/1191 405/141/140 410/1060/1032
f 465/1239/1192 432/1240/1193 466/1241/1194
f 471/1242/1195 470/1243/1196 472/1244/1197
f 470/1243/1196 473/1245/1198 472/1244/1197
f 473/1245/1198 474/1246/1199 472/1244/1197
f 474/1246/1199 476/1247/1200 475/1248/1201
f 1130/1/1 1131/437/434 935/2/2
f 1127/438/435 1128/1249/1202 1126/1250/1203
f 466/1241/1194 477/1251/1204 467/1252/1205
f 1131/437/434 1128/1249/1202 1127/438/435
f 478/1253/1206 469/1254/1207 468/1255/1208
f 1588/326/325 1589/323/322 1590/327/326
f 945/242/241 1051/1256/1209 1130/1/1
f 479/1257/1210 483/527/521 480/1258/1211
f 1026/1259/1042 945/242/241 1024/1260/1212
f 1051/1256/1209 945/242/241 1026/1259/1042
f 484/1261/1213 486/526/520 485/1262/1214
f 486/526/520 480/1258/1211 483/527/521
f 1128/1249/1202 1053/1263/1215 1054/1264/1216
f 1126/1250/1203 1128/1249/1202 1054/1264/1216
f 1127/438/435 1126/1250/1203 907/268/267
f 487/1265/1140 489/1266/1217 488/1267/1218
f 489/1266/1217 490/1268/1219 471/1242/1195
f 490/1268/1219 491/1269/1220 469/1254/1207
f 469/1254/1207 491/1269/1220 468/1255/1208
f 443/1214/1171 442/579/572 447/1018/993
f 907/268/267 909/267/266 1127/438/435
f 359/1186/1146 345/1270/1221 354/1271/1222
f 490/1268/1219 489/1266/1217 491/1269/1220
f 1125/1272/1223 881/1273/1224 907/268/267
f 482/1274/1225 488/1267/1218 472/1244/1197
f 907/268/267 1126/1250/1203 1125/1272/1223
f 472/1244/1197 488/1267/1218 471/1242/1195
f 488/1267/1218 489/1266/1217 471/1242/1195
f 1124/776/581 880/1275/580 1123/1276/1226
f 1122/775/759 879/1277/579 1124/776/581
f 489/1266/1217 487/1265/1140 492/1278/1139
f 487/1265/1140 482/1274/1225 495/1279/1138
f 1313/806/788 1312/812/794 1311/816/798
f 485/1262/1214 496/1280/1227 495/1279/1138
f 1056/624/617 1062/777/760 1124/776/581
f 1123/1276/1226 1056/624/617 1124/776/581
f 643/1116/1081 629/1115/1080 648/1092/1059 647/1281/1228
f 1056/624/617 1123/1276/1226 1055/1282/1229
f 1057/1283/1230 1056/624/617 1047/623/616
f 1062/777/760 1056/624/617 1057/1283/1230
f 1602/1284/284 839/1285/1231 838/710/282
f 678/1286/1232 661/1287/1233 655/1288/1234
f 983/1289/1235 969/1290/1236 970/1291/911
f 1064/126/125 1121/419/416 1061/1226/1181
f 1071/1292/1237 1121/419/416 1064/126/125
f 1120/434/431 1121/419/416 1071/1292/1237
f 1119/399/397 1120/434/431 1071/1292/1237
f 1073/1293/1238 1119/399/397 1071/1292/1237
f 1119/399/397 1073/1293/1238 1083/967/943
f 1118/401/399 1119/399/397 1083/967/943
f 887/1294/1239 890/1295/1240 892/1296/1241
f 1057/1283/1230 1042/1297/1242 1041/1298/1243
f 458/1299/1244 502/998/973 459/894/872
f 1087/1300/1245 1117/459/454 1088/458/453
f 1090/138/137 1117/459/454 1087/1300/1245
f 740/921/899 739/920/898 734/1301/1246
f 758/1302/1247 750/1303/1248 226/131/130 225/993/968
f 1196/1112/1077 1204/1162/1122 1192/1113/1078
f 496/1280/1227 485/1262/1214 508/1304/1249
f 1111/1305/1250 1112/140/139 1092/139/138
f 52/732/719 34/697/690 50/80/79
f 510/12/12 511/1306/1251 503/1307/1252
f 511/1306/1251 512/999/974 503/1307/1252
f 512/999/974 502/998/973 503/1307/1252
f 1102/683/676 1105/1048/1020 1101/681/674
f 502/998/973 513/1308/1253 457/892/870
f 1110/467/462 1111/1305/1250 1099/1309/1254
f 1106/1310/1255 1110/467/462 1099/1309/1254
f 1100/449/445 1106/1310/1255 1099/1309/1254
f 104/448/338 1108/1202/1160 1100/449/445
f 314/213/212 296/215/214 299/926/904
f 375/1147/1107 513/1308/1253 514/1158/1118
f 513/1308/1253 502/998/973 514/1158/1118
f 515/1157/1117 502/998/973 516/997/972
f 1426/616/609 1441/1311/1256 1440/590/583
f 782/1106/1071 783/1105/1070 777/1312/1257
f 522/855/836 507/1313/1258 523/605/598
f 507/1313/1258 508/1304/1249 523/605/598
f 523/605/598 508/1304/1249 524/606/599
f 508/1304/1249 485/1262/1214 524/606/599
f 485/1262/1214 486/526/520 524/606/599
f 54/723/710 52/732/719 49/733/720
f 1100/449/445 1098/682/675 1101/681/674
f 1099/1309/1254 1098/682/675 1100/449/445
f 1095/427/424 1097/1220/1177 1096/428/425
f 521/1314/1259 527/1315/1260 518/1316/1261
f 527/1315/1260 528/1317/1262 519/1318/1263
f 519/1318/1263 528/1317/1262 517/1319/1264
f 528/1317/1262 529/1320/1265 517/1319/1264
f 1094/426/423 1093/1321/1266 1095/427/424
f 1085/14/14 1086/1064/1036 1084/935/913
f 1009/15/15 1085/14/14 1084/935/913
f 529/1320/1265 528/1317/1262 531/1322/1267
f 531/1322/1267 528/1317/1262 532/1323/473
f 432/1240/1193 462/1233/1188 431/1035/1010
f 533/1324/1268 527/1315/1260 534/1325/1269
f 527/1315/1260 521/1314/1259 534/1325/1269
f 417/1185/1145 415/1200/1158 426/1201/1159 425/1199/1157
f 1086/1064/1036 1088/458/453 1089/400/398
f 1087/1300/1245 1088/458/453 1086/1064/1036
f 1003/13/13 1008/1127/1091 1086/1064/1036
f 542/1326/1270 541/65/64 543/1327/1271
f 1085/14/14 1003/13/13 1086/1064/1036
f 543/1327/1271 541/65/64 544/67/66
f 544/67/66 546/1328/1272 547/1329/1273
f 1010/192/191 1009/15/15 1084/935/913
f 1376/95/94 1379/695/688 1381/688/681
f 1013/193/192 1081/1330/1274 1016/1331/935
f 1081/1330/1274 1080/1332/1275 1016/1331/935
f 1083/967/943 1080/1332/1275 1081/1330/1274
f 1082/966/942 1083/967/943 1081/1330/1274
f 566/1333/1276 579/972/948 567/971/947
f 1365/725/712 1368/714/701 1369/701/694
f 547/1329/1273 550/1334/1277 544/67/66
f 544/67/66 550/1334/1277 543/1327/1271
f 550/1334/1277 551/1335/1278 543/1327/1271
f 543/1327/1271 551/1335/1278 542/1326/1270
f 551/1335/1278 540/305/304 542/1326/1270
f 538/306/305 540/305/304 535/1336/109
f 1622/62/61 1619/61/60 1625/239/238
f 1080/1332/1275 1073/1293/1238 1072/311/310
f 540/305/304 551/1335/1278 552/1337/110
f 1079/313/312 1080/1332/1275 1072/311/310
f 1079/313/312 1018/92/91 1017/1338/936
f 1079/313/312 1067/312/311 1075/1339/1279
f 1078/1340/1280 1079/313/312 1075/1339/1279
f 555/74/73 561/76/75 554/1341/1281
f 1020/1342/1282 1019/1343/1283 1078/1340/1280
f 1077/1344/1284 1020/1342/1282 1078/1340/1280
f 530/1154/1114 516/997/972 512/999/974
f 1028/1345/1285 1020/1342/1282 1077/1344/1284
f 1075/1339/1279 1077/1344/1284 1078/1340/1280
f 550/1334/1277 553/1346/1286 551/1335/1278
f 1076/1347/1287 1034/1348/1288 1028/1345/1285
f 1077/1344/1284 1076/1347/1287 1028/1345/1285
f 1074/1349/1289 1034/1348/1288 1076/1347/1287
f 1065/1350/1290 1034/1348/1288 1074/1349/1289
f 1073/1293/1238 1071/1292/1237 1069/125/124
f 1070/1351/1291 1073/1293/1238 1069/125/124
f 1068/1352/1292 1072/311/310 1070/1351/1291
f 1067/312/311 1072/311/310 1068/1352/1292
f 565/1155/1115 566/1333/1276 516/997/972
f 514/1158/1118 569/1353/1293 375/1147/1107
f 615/717/704 617/719/706 616/1354/1294
f 1063/124/123 1061/1226/1181 1059/1225/1180
f 1063/124/123 1059/1225/1180 1065/1350/1290
f 1069/125/124 1063/124/123 1065/1350/1290
f 480/1258/1211 481/1355/1295 479/1257/1210
f 570/1356/1296 515/1157/1117 571/1357/1297
f 1066/1358/1298 1068/1352/1292 1069/125/124
f 1067/312/311 1068/1352/1292 1066/1358/1298
f 1041/1298/1243 1034/1348/1288 1065/1350/1290
f 369/873/851 149/33/32 150/1359/1299
f 568/1360/1300 570/1356/1296 573/114/113
f 1059/1225/1180 1041/1298/1243 1065/1350/1290
f 1458/591/584 1462/565/558 1459/592/585
f 572/1361/502 573/114/113 576/560/503
f 552/1337/110 535/1336/109 540/305/304
f 646/1362/1301 652/861/839 1288/196/195 1287/1363/1302 1302/1364/1303 645/1365/1304 644/1366/1305
f 1058/1367/1306 1059/1225/1180 1060/778/761
f 580/1368/1307 581/1369/1308 566/1333/1276
f 1049/1370/1309 1048/1371/1310 1052/1372/1311
f 1047/623/616 1042/1297/1242 1057/1283/1230
f 673/1373/1312 674/535/529 708/376/375 668/1374/1313
f 1201/1375/197 1199/1376/535 1200/1377/1314
f 1055/1282/1229 1046/622/615 1056/624/617
f 1054/1264/1216 1046/622/615 1055/1282/1229
f 1422/593/586 1446/619/612 1447/600/593
f 1045/844/826 1046/622/615 1054/1264/1216
f 1048/1371/1310 1045/844/826 1054/1264/1216
f 1052/1372/1311 1048/1371/1310 1054/1264/1216
f 585/1378/1315 580/1368/1307 586/1379/1316
f 1051/1256/1209 1049/1370/1309 1052/1372/1311
f 1050/1380/1317 1049/1370/1309 1051/1256/1209
f 525/607/600 536/1381/1318 535/1336/109
f 583/157/156 578/973/949 579/972/948
f 1026/1259/1042 1050/1380/1317 1051/1256/1209
f 1261/253/252 1260/1207/1165 1258/393/391
f 1032/1382/1319 1050/1380/1317 1030/1383/1041
f 587/1170/1130 595/432/429 593/431/428
f 34/697/690 52/732/719 51/730/717
f 1037/1384/1320 1050/1380/1317 1032/1382/1319
f 1049/1370/1309 1050/1380/1317 1037/1384/1320
f 1045/844/826 1048/1371/1310 1039/1190/1150
f 218/985/854 217/781/764 210/976/952
f 1334/245/244 1335/772/756 1341/246/245
f 1041/1298/1243 1035/1385/1321 1034/1348/1288
f 1038/1189/1149 1040/1386/1322 1044/845/827
f 1045/844/826 1039/1190/1150 1044/845/827
f 1043/1387/1323 1044/845/827 1040/1386/1322
f 1041/1298/1243 1043/1387/1323 1040/1386/1322
f 1035/1385/1321 1041/1298/1243 1040/1386/1322
f 591/1388/1324 602/1012/987 590/1389/1325
f 7/665/658 2/87/86 3/86/85
f 867/1390/1326 116/1140/1102 117/848/830
f 601/1013/988 599/1391/1327 605/1392/1328
f 600/1047/1019 598/314/313 606/318/317
f 1037/1384/1320 1038/1189/1149 1039/1190/1150
f 1031/787/770 1036/786/769 1032/1382/1319
f 1035/1385/1321 1036/786/769 1033/788/771
f 1034/1348/1288 1035/1385/1321 1033/788/771
f 605/1392/1328 600/1047/1019 608/670/663
f 604/810/792 605/1392/1328 609/369/368
f 609/369/368 605/1392/1328 610/121/120
f 415/1200/1158 417/1185/1145 412/1184/1144
f 1025/1192/1152 1020/1342/1282 1028/1345/1285
f 616/1354/1294 612/1393/1329 615/717/704
f 47/1394/716 68/1395/748 61/1396/736
f 1022/1397/1330 1021/1191/1151 1027/1193/1043
f 1026/1259/1042 1022/1397/1330 1027/1193/1043
f 1024/1260/1212 1022/1397/1330 1026/1259/1042
f 615/717/704 612/1393/1329 691/1398/1331
f 1023/1399/1332 1022/1397/1330 1024/1260/1212
f 1548/1400/422 1530/1401/43 1547/1402/343
f 616/1354/1294 617/719/706 614/1403/1333
f 1002/1164/1124 1020/1342/1282 991/1165/1125
f 575/1404/1334 619/259/258 373/1131/1095
f 373/1131/1095 619/259/258 364/258/257
f 364/258/257 620/45/44 362/1405/1083
f 894/1406/1335 893/1407/1336 891/1408/1337
f 1022/1397/1330 1023/1399/1332 988/1409/1338
f 989/1410/1339 1022/1397/1330 988/1409/1338
f 1021/1191/1151 1022/1397/1330 989/1410/1339
f 990/1411/1340 1021/1191/1151 989/1410/1339
f 112/411/152 109/1412/151 101/828/810
f 1501/518/512 1510/512/506 1505/447/444
f 625/1413/1341 575/1404/1334 618/1414/1342
f 625/1413/1341 619/259/258 575/1404/1334
f 626/888/866 627/1415/1343 624/1416/1344
f 624/1416/1344 627/1415/1343 623/46/45
f 627/1415/1343 622/47/46 623/46/45
f 851/1417/1345 822/1418/1346 885/1419/1347
f 1641/185/184 1643/211/210 1628/194/193
f 1011/573/566 1019/1343/1283 992/1420/1348
f 1015/93/92 1019/1343/1283 1011/573/566
f 622/47/46 628/1421/1349 621/1422/1350
f 132/1423/1351 338/950/928 348/952/930 350/1424/1352 349/1425/1353 122/1426/1354 127/234/233 128/1427/1355
f 629/1115/1080 628/1421/1349 630/716/703
f 622/47/46 627/1415/1343 631/709/699
f 624/1416/1344 625/1413/1341 633/767/751
f 625/1413/1341 618/1414/1342 633/767/751
f 618/1414/1342 617/719/706 633/767/751
f 633/767/751 617/719/706 634/718/705
f 850/1428/1356 894/1406/1335 886/1429/1357
f 532/1323/473 533/1324/1268 563/1430/474
f 993/1431/1358 1011/573/566 992/1420/1348
f 1010/192/191 1000/105/104 1009/15/15
f 637/1432/1359 636/766/750 635/765/749
f 636/766/750 638/889/867 633/767/751
f 633/767/751 638/889/867 624/1416/1344
f 640/542/536 641/715/702 631/709/699
f 459/894/872 502/998/973 457/892/870
f 1269/1433/1360 1268/815/797 1270/814/796
f 1415/557/551 1383/638/631 1414/637/630
f 1005/1434/1361 1007/1435/1362 1006/1126/1090
f 561/76/75 556/75/74 560/303/302
f 998/255/254 1004/106/105 999/256/255
f 558/1436/1363 559/1437/1364 557/322/321
f 1029/1438/1365 1033/788/771 1031/787/770
f 647/1281/1228 651/859/837 646/1362/1301
f 646/1362/1301 651/859/837 652/861/839
f 651/859/837 653/1439/1366 654/1440/1367
f 653/1439/1366 650/1094/1061 654/1440/1367
f 654/1440/1367 650/1094/1061 655/1288/1234
f 996/1441/1368 998/255/254 995/257/256
f 654/1440/1367 656/409/407 651/859/837
f 658/1442/1369 657/408/406 659/410/408
f 659/410/408 656/409/407 660/1443/1370
f 999/256/255 996/1441/1368 995/257/256
f 656/409/407 654/1440/1367 660/1443/1370
f 654/1440/1367 655/1288/1234 661/1287/1233
f 979/1444/1371 996/1441/1368 999/256/255
f 662/1445/1372 663/1446/1373 660/1443/1370
f 660/1443/1370 663/1446/1373 659/410/408
f 993/1431/1358 979/1444/1371 994/1447/1374
f 980/1448/1375 979/1444/1371 993/1431/1358
f 992/1420/1348 980/1448/1375 993/1431/1358
f 215/974/950 214/1067/1039 164/916/894
f 658/1442/1369 664/840/822 669/1449/1376
f 664/840/822 666/1450/1377 669/1449/1376
f 672/1451/1378 664/840/822 663/1446/1373
f 986/1452/1379 985/1453/1380 990/1411/1340
f 989/1410/1339 986/1452/1379 990/1411/1340
f 670/838/820 673/1373/1312 665/839/821
f 665/839/821 673/1373/1312 668/1374/1313
f 987/1454/1381 971/1455/1382 988/1409/1338
f 673/1373/1312 670/838/820 674/535/529
f 670/838/820 671/1456/1383 674/535/529
f 675/1457/1384 672/1451/1378 676/1458/1385
f 672/1451/1378 663/1446/1373 676/1458/1385
f 663/1446/1373 662/1445/1372 676/1458/1385
f 987/1454/1381 961/1459/1386 960/676/669
f 972/1460/1387 986/1452/1379 971/1455/1382
f 969/1461/1236 984/1462/1388 972/1460/1387
f 674/535/529 671/1456/1383 679/536/530
f 671/1456/1383 675/1457/1384 679/536/530
f 678/1286/1232 655/1288/1234 680/1027/1002
f 655/1288/1234 649/1093/1060 680/1027/1002
f 981/1463/1389 982/1166/1126 973/932/910
f 680/1027/1002 630/716/703 641/715/702
f 976/1464/1390 981/1463/1389 973/932/910
f 980/1448/1375 981/1463/1389 976/1464/1390
f 638/889/867 636/766/750 639/543/537
f 639/543/537 636/766/750 681/544/538
f 979/1444/1371 980/1448/1375 976/1464/1390
f 681/544/538 636/766/750 682/1465/1391
f 636/766/750 637/1432/1359 682/1465/1391
f 1070/1351/1291 1069/125/124 1068/1352/1292
f 637/1432/1359 683/1466/1392 684/1467/1393
f 976/1464/1390 978/1468/1394 979/1444/1371
f 683/1466/1392 635/765/749 685/1469/1395
f 634/718/705 686/1470/1396 635/765/749
f 687/1471/1397 688/832/814 685/1469/1395
f 975/1472/1398 977/1473/1399 976/1464/1390
f 965/1474/1400 971/1455/1382 964/1475/1401
f 625/1413/1341 624/1416/1344 619/259/258
f 692/371/370 691/1398/1331 611/372/371
f 963/675/668 966/1476/1402 965/1474/1400
f 686/1470/1396 692/371/370 687/1471/1397
f 968/1477/1403 970/933/911 969/1461/1236
f 687/1471/1397 692/371/370 688/832/814
f 967/1478/1404 968/1477/1403 969/1461/1236
f 966/1476/1402 968/1477/1403 967/1478/1404
f 684/1467/1393 697/882/860 637/1432/1359
f 697/882/860 682/1465/1391 637/1432/1359
f 682/1465/1391 698/1479/1405 681/544/538
f 699/1097/1064 698/1479/1405 700/884/862
f 959/1480/1406 962/674/667 960/676/669
f 773/1481/1407 764/1482/1408 790/1483/1409
f 947/1484/1410 948/485/480 957/484/479
f 958/1485/1411 947/1484/1410 957/484/479
f 939/301/300 961/1459/1386 943/298/297
f 960/676/669 961/1459/1386 939/301/300
f 959/1480/1406 960/676/669 958/1485/1411
f 699/1097/1064 700/884/862 641/715/702
f 641/715/702 700/884/862 680/1027/1002
f 700/884/862 701/883/861 680/1027/1002
f 680/1027/1002 702/1026/1001 678/1286/1232
f 702/1026/1001 703/1084/1052 678/1286/1232
f 678/1286/1232 703/1084/1052 677/1486/1412
f 700/884/862 698/1479/1405 682/1465/1391
f 955/900/878 949/1487/1413 951/901/879
f 948/485/480 949/1487/1413 955/900/878
f 700/884/862 682/1465/1391 697/882/860
f 684/1467/1393 696/382/381 704/1488/1414
f 932/1489/1415 953/1490/1416 951/901/879
f 697/882/860 706/1083/1051 701/883/861
f 706/1083/1051 702/1026/1001 701/883/861
f 703/1084/1052 706/1083/1051 679/536/530
f 679/536/530 705/379/378 707/377/376
f 950/1491/1417 951/901/879 949/1487/1413
f 932/1489/1415 951/901/879 950/1491/1417
f 933/1492/1418 932/1489/1415 950/1491/1417
f 707/377/376 708/376/375 674/535/529
f 1633/221/220 1183/230/229 1184/231/230
f 711/336/335 714/329/328 713/1075/1046
f 939/301/300 936/1493/1419 946/1494/1420
f 714/329/328 716/328/327 715/368/367
f 617/719/706 618/1414/1342 577/113/112
f 936/1493/1419 933/1492/1418 950/1491/1417
f 949/1487/1413 936/1493/1419 950/1491/1417
f 948/485/480 936/1493/1419 949/1487/1413
f 947/1484/1410 936/1493/1419 948/485/480
f 946/1494/1420 936/1493/1419 947/1484/1410
f 939/301/300 946/1494/1420 947/1484/1410
f 719/1495/1421 720/1496/1422 169/918/896
f 169/918/896 720/1496/1422 170/644/637
f 722/1497/1423 180/928/906 721/645/638
f 178/1498/1424 176/1088/1055 721/645/638
f 176/1088/1055 171/646/639 721/645/638
f 943/298/297 944/1499/1425 940/299/298
f 930/1500/1426 942/487/482 931/1501/1427
f 918/488/483 942/487/482 930/1500/1426
f 1522/43/42 1529/42/41 1523/457/452
f 936/1493/1419 939/301/300 937/300/299
f 113/841/823 1550/422/419 110/842/824
f 1129/1502/1428 1131/437/434 1130/1/1
f 937/300/299 940/299/298 938/243/242
f 917/1503/31 937/300/299 938/243/242
f 936/1493/1419 937/300/299 917/1503/31
f 933/1492/1418 936/1493/1419 917/1503/31
f 216/975/951 725/1504/1429 215/974/950
f 160/1505/890 156/1506/889 159/1507/901
f 726/1508/1430 727/247/246 311/1065/1037
f 255/1001/976 728/1509/1431 253/1019/994
f 912/1510/1432 935/2/2 911/1511/1433
f 934/3/3 935/2/2 912/1510/1432
f 730/1512/1434 273/249/248 731/248/247
f 758/1302/1247 751/1513/1435 750/1303/1248
f 727/247/246 726/1508/1430 731/248/247
f 916/1514/1436 933/1492/1418 917/1503/31
f 932/1489/1415 933/1492/1418 916/1514/1436
f 930/1500/1426 931/1501/1427 914/1515/1437
f 918/488/483 930/1500/1426 914/1515/1437
f 162/914/892 163/945/923 161/915/893
f 732/1516/1438 733/1517/1439 730/1512/1434
f 733/1517/1439 734/1301/1246 730/1512/1434
f 730/1512/1434 734/1301/1246 729/1518/1440
f 735/1519/1441 252/1520/1442 247/1521/1443
f 252/1520/1442 736/1522/1444 251/1017/992
f 252/1520/1442 735/1519/1441 736/1522/1444
f 736/1522/1444 735/1519/1441 737/1523/1445
f 737/1523/1445 734/1301/1246 738/546/540
f 738/546/540 734/1301/1246 739/920/898
f 740/921/899 732/1516/1438 741/1524/1446
f 928/493/488 921/491/486 926/363/362
f 135/71/70 144/144/143 131/1525/1447
f 927/362/361 928/493/488 926/363/362
f 294/1051/1023 297/927/905 283/1050/1022
f 984/1462/1388 983/1526/1235 982/1166/1126
f 920/492/487 898/1527/1448 901/465/460
f 739/920/898 742/919/897 743/176/175
f 1158/1528/1136 1196/1529/1077 1190/1530/1079
f 922/1531/1449 926/363/362 921/491/486
f 725/1504/1429 216/975/951 745/177/176
f 327/1532/967 379/874/852 369/873/851
f 594/1533/1450 563/1430/474 596/1534/1451
f 925/361/360 926/363/362 922/1531/1449
f 1098/682/675 1099/1309/1254 1094/426/423 1096/428/425
f 725/1504/1429 743/176/175 742/919/897
f 598/314/313 600/1047/1019 593/431/428
f 743/176/175 746/175/174 739/920/898
f 738/546/540 747/545/539 737/1523/1445
f 892/1535/1241 902/1536/1452 889/1537/1453
f 848/464/459 847/790/773 922/1531/1449
f 505/1538/1454 496/1539/1227 506/1540/1455
f 921/491/486 848/464/459 922/1531/1449
f 920/492/487 848/464/459 921/491/486
f 744/178/177 749/1541/1456 748/174/173
f 749/1541/1456 222/989/964 750/1303/1248
f 222/989/964 226/131/130 750/1303/1248
f 899/1542/1457 901/465/460 898/1527/1448
f 750/1303/1248 751/1513/1435 749/1541/1456
f 751/1513/1435 752/953/931 749/1541/1456
f 749/1541/1456 752/953/931 747/545/539
f 902/1543/1452 897/1544/1458 919/480/475
f 744/178/177 723/1545/1459 749/1541/1456
f 1065/1350/1290 1066/1358/1298 1069/125/124
f 747/545/539 753/954/932 737/1523/1445
f 754/1546/1460 235/1005/980 249/1015/990
f 916/1514/1436 917/1503/31 915/1547/30
f 249/1015/990 251/1017/992 736/1522/1444
f 903/1548/1461 914/1515/1437 913/1549/1462
f 912/1510/1432 903/1548/1461 913/1549/1462
f 736/1522/1444 753/954/932 755/132/131
f 755/132/131 753/954/932 756/133/132
f 756/133/132 752/953/931 751/1513/1435
f 1539/421/418 878/204/203 1536/418/415
f 758/1302/1247 225/993/968 759/1550/1463
f 759/1550/1463 225/993/968 760/1551/1464
f 225/993/968 227/981/957 760/1551/1464
f 759/1550/1463 760/1551/1464 757/134/133
f 760/1551/1464 227/981/957 761/980/956
f 881/1273/1224 906/1552/1465 907/268/267
f 1527/52/51 1614/190/189 1608/53/52
f 1159/1175/1135 1190/1114/1079 1189/1107/1072 1188/1128/1092
f 902/1543/1452 903/1548/1461 889/1553/1453
f 229/83/82 230/85/84 762/1554/1466
f 230/85/84 232/1006/981 762/1554/1466
f 232/1006/981 235/1005/980 762/1554/1466
f 896/1555/1467 902/1543/1452 892/1296/1241
f 235/1005/980 754/1546/1460 762/1554/1466
f 762/1554/1466 754/1546/1460 763/233/232
f 757/134/133 761/980/956 763/233/232
f 229/83/82 762/1554/1466 761/980/956
f 761/980/956 762/1554/1466 763/233/232
f 901/465/460 899/1542/1457 900/1556/1468
f 388/1153/1113 387/1557/1469 292/1151/1111
f 850/1428/1356 849/1558/1470 894/1406/1335
f 886/1429/1357 894/1406/1335 891/1408/1337
f 1027/1193/1043 1025/1192/1152 1029/1438/1365 1030/1383/1041
f 900/1556/1468 826/466/461 901/465/460
f 788/1559/1471 826/466/461 900/1556/1468
f 849/1558/1470 824/1560/1472 900/1556/1468
f 899/1542/1457 849/1558/1470 900/1556/1468
f 1408/276/275 1606/278/277 1407/656/649
f 896/1555/1467 895/1561/1473 897/1544/1458
f 770/1562/1474 764/1482/1408 772/1563/1475
f 1499/529/523 1502/103/102 1501/518/512
f 233/1003/978 232/1006/981 231/84/83
f 893/1407/1336 895/1561/1473 890/1295/1240
f 766/160/159 765/162/161 779/1564/1476
f 1251/1565/938 1254/1566/389 1253/1567/743
f 777/1312/1257 776/295/294 768/1568/1477
f 777/1312/1257 783/1105/1070 776/295/294
f 886/1429/1357 887/1294/1239 884/1569/1478
f 1609/273/272 1436/274/273 1608/53/52 1614/190/189
f 929/1570/1479 941/21/21 919/480/475
f 886/1429/1357 885/1419/1347 850/1428/1356
f 1573/347/346 1574/357/356 1580/348/347
f 765/162/161 770/1562/1474 787/1571/1480
f 851/1417/1345 885/1419/1347 886/1429/1357
f 824/1560/1472 771/1572/1481 825/1573/1482
f 884/1569/1478 851/1417/1345 886/1429/1357
f 790/1483/1409 774/145/144 792/1574/1483
f 792/1574/1483 774/145/144 793/147/146
f 852/1575/1484 851/1417/1345 884/1569/1478
f 794/294/293 776/295/294 783/1105/1070
f 960/1576/669 947/1577/1410 958/1578/1411
f 784/987/962 780/868/846 796/867/845
f 881/1273/1224 874/648/641 882/651/644
f 875/1579/1485 873/1580/1486 881/1273/1224
f 1125/1272/1223 875/1579/1485 881/1273/1224
f 1169/1581/1487 1174/1582/1488 1170/570/563
f 463/1234/1189 465/1239/1192 489/1266/1217 492/1278/1139
f 876/206/205 875/1579/1485 877/1583/1489
f 807/277/276 808/1584/1490 802/1585/1491
f 115/1216/1173 876/206/205 114/843/825
f 875/1579/1485 876/206/205 115/1216/1173
f 873/1580/1486 875/1579/1485 115/1216/1173
f 805/530/524 809/275/274 807/277/276
f 854/1586/1492 874/648/641 873/1580/1486
f 872/1587/1493 854/1586/1492 873/1580/1486
f 855/1588/1494 854/1586/1492 872/1587/1493
f 714/329/328 715/368/367 713/1075/1046
f 472/1244/1197 475/1248/1201 482/1274/1225
f 141/886/864 142/232/231 136/1589/1495
f 994/1447/1374 1000/105/104 993/1431/1358
f 63/1590/1496 65/1591/1497 64/1141/1103
f 1177/222/221 1633/221/220 1637/212/211
f 787/1571/1480 821/1592/1498 765/162/161
f 792/1574/1483 793/147/146 828/483/478
f 111/412/409 110/842/824 1550/422/419
f 793/147/146 775/146/145 830/550/544
f 830/550/544 775/146/145 831/1593/1044
f 831/1593/1044 775/146/145 794/294/293
f 794/294/293 800/1594/1499 801/1595/1500
f 908/1596/1501 904/266/265 910/1597/1502
f 794/294/293 832/1598/1503 831/1593/1044
f 832/1598/1503 833/1599/1504 831/1593/1044
f 833/1599/1504 834/1133/1045 831/1593/1044
f 1391/679/672 1395/640/633 1394/652/645
f 868/1600/1505 869/968/944 867/1390/1326
f 834/1133/1045 833/1599/1504 835/1134/1096
f 832/1598/1503 808/1584/1490 833/1599/1504
f 833/1599/1504 808/1584/1490 835/1134/1096
f 1576/122/121 1594/319/318 1578/1037/1012
f 836/1601/1506 837/1135/1097 835/1134/1096
f 838/283/282 839/1602/1231 836/1601/1506
f 836/1601/1506 839/1602/1231 837/1135/1097
f 752/953/931 756/133/132 753/954/932
f 837/1135/1097 840/1603/1507 834/1133/1045
f 840/1603/1507 841/551/545 830/550/544
f 1151/1196/1154 1148/1197/1155 1147/462/457
f 845/170/169 846/476/471 829/1138/1100
f 823/1604/1508 885/1419/1347 822/1418/1346
f 853/650/643 820/649/642 821/1592/1498
f 493/1605/1509 463/1234/1189 492/1278/1139
f 467/1252/1205 477/1251/1204 478/1253/1206 468/1255/1208
f 1002/1164/1124 982/1166/1126 981/1463/1389
f 409/1061/1033 412/1184/1144 411/351/350 407/353/352
f 677/1486/1412 676/1458/1385 662/1445/1372 661/1287/1233
f 1134/461/456 1135/1194/1153 1147/462/457
f 1336/627/620 1340/252/251 1335/772/756
f 790/1483/1409 792/1574/1483 828/483/478 791/482/477
f 1398/672/665 1407/656/649 1397/653/646 1388/24/24
f 1538/436/433 1537/435/432 1559/407/405
f 1522/43/42 1520/475/470 1531/395/393
f 1139/1188/1148 346/1606/1510 359/1186/1146
f 323/1086/1053 213/1211/965 310/1066/1038 313/37/36 312/1087/1054
f 114/843/825 876/206/205 1554/205/204 1555/416/413
f 521/1314/1259 522/855/836 526/854/111 534/1325/1269
f 1562/396/394 1537/435/432 1119/399/397
f 1257/938/916 1256/392/390 1249/1607/1511 1264/940/918
f 1507/456/451 1506/455/450 1509/511/505
f 934/30/3 912/1608/1432 915/31/30
f 1138/1609/1512 861/1610/1513 860/1611/1514
f 84/1612/1515 46/727/714 45/39/38 44/41/40 138/1613/1516 139/1614/1517
f 4/661/654 5/660/653 10/667/660 7/665/658
f 697/882/860 684/1467/1393 704/1488/1414 706/1083/1051
f 1137/1219/1176 862/1218/1175 861/1610/1513 1138/1609/1512
f 1433/634/627 1607/54/53 1608/53/52 1436/274/273
f 153/1212/1169 151/164/163 154/908/886 212/1068/1040
f 19/1615/1518 1/88/87 2/87/86
f 297/927/905 298/1616/1519 315/1617/1520 299/926/904
f 1339/333/332 1477/1618/1521 1514/91/90 1513/334/333
f 222/989/964 197/988/963 195/504/499
f 36/82/81 48/748/735 49/733/720 50/80/79
f 1334/245/244 1620/60/59 1621/1619/1522
f 1009/15/15 1004/106/105 1003/13/13
f 1421/618/611 1422/593/586 1411/654/647 1410/655/648
f 64/1141/1103 65/1591/1497 74/1142/1104
f 567/971/947 571/1357/1297 515/1157/1117 516/997/972 566/1333/1276
f 1046/622/615 1044/845/827 1043/1387/1323
f 916/1514/1436 915/1547/30 913/1549/1462 914/1515/1437
f 1447/600/593 1446/619/612 1448/612/605
f 1090/138/137 1112/140/139 1116/460/455
f 419/1620/1523 383/1137/1099 384/811/793 416/1183/1143
f 671/1456/1383 670/838/820 664/840/822 672/1451/1378
f 157/59/58 12/364/363 17/366/365 168/57/56
f 832/1598/1503 794/294/293 801/1595/1500
f 484/1261/1213 482/1274/1225 475/1248/1201
f 352/1621/1524 1141/1622/1525 865/4/4 871/1623/1526
f 1232/1624/1527 1237/1009/984 1246/1625/1528
f 284/1044/1016 285/1043/1015 286/1046/1018 294/1051/1023
f 992/1420/1348 1019/1343/1283 1020/1342/1282 1002/1164/1124
f 303/1056/1028 304/1058/1030 307/149/148
f 1513/334/333 1514/91/90 1478/90/89 1344/335/334
f 609/369/368 1577/370/369 611/372/371 607/809/791
f 114/843/825 1555/416/413 1557/516/510
f 1453/599/592 1447/600/593 1451/601/594 1454/602/595
f 590/1389/1325 602/1012/987 603/1011/986 589/1626/1529
f 532/1323/473 528/1317/1262 527/1315/1260 533/1324/1268
f 1368/714/701 1370/713/700 1369/701/694
f 1071/1292/1237 1064/126/125 1069/125/124
f 907/268/267 906/1552/1465 904/266/265
f 745/177/176 743/176/175 725/1504/1429
f 571/1357/1297 613/115/114 573/114/113
f 1121/419/416 879/1277/579 1122/775/759
f 146/119/118 329/1091/1058 330/947/925 331/1102/1067
f 55/741/728 56/722/709 57/721/708 58/1627/1530
f 1140/1628/1531 864/1629/1532 865/4/4 1141/1622/1525
f 1094/426/423 1111/1305/1250 1092/139/138 1093/1321/1266
f 236/1016/991 235/1005/980 234/1004/979 237/994/969
f 141/886/864 149/33/32 142/232/231
f 383/1137/1099 419/1620/1523 417/1185/1145 382/1195/833
f 1198/540/534 1197/501/496 1157/1182/1142 1199/541/535
f 145/120/119 333/78/77 339/907/885 144/144/143
f 972/1460/1387 985/1453/1380 986/1452/1379
f 696/382/381 1572/378/377 705/379/378 704/1488/1414
f 507/1313/1258 506/1630/1455 496/1280/1227 508/1304/1249
f 1634/224/223 1636/217/216 1635/1631/1533
f 735/1519/1441 729/1518/1440 734/1301/1246 737/1523/1445
f 787/1571/1480 770/1562/1474 771/1572/1481 822/1418/1346
f 574/1632/504 576/560/503 575/1404/1334
f 582/158/157 579/972/948 566/1333/1276 581/1369/1308
f 22/1633/1534 38/263/262 23/265/264 21/687/680
f 462/1233/1188 432/1240/1193 465/1239/1192 463/1234/1189
f 157/59/58 18/1634/1535 11/668/661 12/364/363
f 1544/429/426 1529/42/41 1530/44/43
f 425/1199/1157 439/154/153 437/891/869
f 1025/1192/1152 991/1165/1125 1020/1342/1282
f 859/1635/1536 863/1636/1537 860/1637/1514
f 860/1637/1514 861/1638/1513 859/1635/1536
f 608/670/663 1594/319/318 610/121/120
f 1395/640/633 1392/677/670 1396/639/632
f 1129/1502/1428 1052/1372/1311 1053/1263/1215
f 824/1560/1472 849/1558/1470 823/1604/1508
f 1640/210/209 1637/212/211 1638/207/206
f 546/1639/1272 548/1640/1538 547/1641/1273
f 548/1640/1538 555/1642/73 547/1641/1273
f 1299/862/840 651/859/837 656/409/407
f 526/112/111 525/1643/600 535/110/109
f 520/1644/1539 521/1314/1259 518/1316/1261 509/11/11 504/10/10
f 1521/468/463 1531/395/393 1520/475/470 1115/469/464
f 1570/123/122 1565/373/372 1577/370/369
f 1302/1364/1303 1287/1363/1302 1286/1645/1540
f 363/1125/1089 645/1365/1304 1302/1364/1303
f 247/1521/1443 241/996/971 254/1002/977 253/1019/994
f 142/232/231 143/73/72 129/116/115 136/1589/1495
f 24/704/697 23/265/264 33/264/263 35/702/695
f 329/1091/1058 147/35/34 328/34/33 368/948/926
f 327/1532/967 326/1144/966 380/297/296 1601/293/292 379/874/852
f 594/1533/1450 586/1379/1316 565/1155/1115 564/1646/472 563/1430/474
f 168/57/56 17/366/365 169/918/896 170/644/637
f 1140/1628/1531 1141/1622/1525 351/1063/1035
f 1242/1647/1541 1278/1198/1156 1243/445/442 1241/310/309
f 705/379/378 679/536/530 706/1083/1051 704/1488/1414
f 843/552/546 844/168/167 842/553/547
f 1495/496/491 1306/533/527 1494/494/489
f 990/1411/1340 991/1165/1125 1025/1192/1152 1021/1191/1151
f 1006/1126/1090 1003/13/13 1001/1648/780 1005/1434/1361
f 1080/1332/1275 1083/967/943 1073/1293/1238
f 1040/1386/1322 1038/1189/1149 1036/786/769 1035/1385/1321
f 1601/293/292 378/281/280 379/874/852
f 1217/771/755 1215/779/762 1214/837/819 1216/500/495
f 268/1032/1007 267/269/268 269/1649/1542 270/1650/1543
f 132/1423/1351 128/1427/1355 131/1525/1447 133/1651/1544
f 116/1140/1102 867/1390/1326 855/1588/1494 872/1587/1493
f 862/1218/1175 1134/461/456 817/1231/1186
f 441/156/155 449/155/154 455/580/573 442/579/572
f 1593/315/314 1579/359/358 1575/358/357 1578/1037/1012
f 1289/609/602 1293/880/858 1292/881/859
f 481/1355/1295 480/1258/1211 484/1261/1213 475/1248/1201
f 804/532/526 803/531/525 797/1652/1545
f 626/888/866 639/543/537 640/542/536 632/708/698 627/1415/1343
f 1471/56/55 1635/1631/1533 1636/217/216 1642/182/181
f 692/371/370 693/390/388 688/832/814
f 273/249/248 730/1512/1434 255/1001/976
f 1541/433/430 1552/423/420 1540/420/417 1559/407/405 1542/406/404
f 1371/632/625 1360/686/679 1365/725/712 1369/701/694
f 1443/9/9 1455/595/588 1452/598/591 1457/596/589
f 919/480/475 918/488/483 903/1548/1461 902/1543/1452
f 1407/656/649 1399/662/655 1406/657/650
f 1558/151/150 1532/1653/224 109/152/151
f 313/37/36 310/1066/1038 309/148/147
f 1324/50/49 1320/49/48 1323/807/789
f 212/1068/1040 310/1066/1038 213/1211/965
f 1553/417/414 1554/205/204 878/204/203 1539/421/418
f 760/1551/1464 761/980/956 757/134/133
f 1037/1384/1320 1039/1190/1150 1048/1371/1310 1049/1370/1309
f 1621/1619/1522 1209/135/134 1211/137/136 1334/245/244
f 892/1296/1241 890/1295/1240 895/1561/1473 896/1555/1467
f 449/155/154 439/154/153 440/1213/1170 450/350/349
f 58/1627/1530 57/721/708 62/754/741
f 1561/1654/1546 1559/407/405 1537/435/432 1562/396/394
f 738/546/540 739/920/898 746/175/174 748/174/173
f 1472/575/568 1470/1655/1547 1168/1656/1548 1635/1631/1533
f 967/1478/1404 971/1455/1382 965/1474/1400
f 61/749/736 68/764/748 67/1657/1549
f 893/1407/1336 890/1295/1240 887/1294/1239 891/1408/1337
f 256/270/269 258/1024/999 259/271/270
f 25/696/689 32/703/696 31/81/80
f 369/873/851 370/872/850 368/948/926 328/34/33 149/33/32
f 470/1243/1196 471/1242/1195 490/1268/1219 469/1254/1207
f 736/1522/1444 755/132/131 763/233/232 754/1546/1460
f 1242/1647/1541 1239/1658/1550 1276/1659/1551 1278/1198/1156
f 597/302/301 598/314/313 595/432/429 562/1660/1552
f 991/1165/1125 990/1411/1340 985/1453/1380
f 842/553/547 829/1138/1100 830/550/544
f 579/972/948 582/158/157 583/157/156
f 1081/1330/1274 1013/193/192 1082/966/942
f 491/1269/1220 467/1252/1205 468/1255/1208
f 1175/223/222 1634/224/223 1635/1631/1533 1168/1656/1548 1167/1661/1553 1172/229/228
f 1169/1581/1487 1166/260/259 1168/1656/1548
f 686/1470/1396 634/718/705 615/717/704 691/1398/1331 692/371/370
f 819/5/5 864/1629/1532 1140/1628/1531 863/1662/1537 859/1663/1536
f 20/1664/1554 19/1615/1518 25/696/689 26/1665/1555
f 899/1542/1457 894/1406/1335 849/1558/1470
f 1561/1654/1546 1562/396/394 1560/404/402 1528/405/403
f 308/150/149 305/1666/1556 317/1080/1049
f 803/531/525 805/530/524 807/277/276 802/1585/1491
f 769/1667/1557 777/1312/1257 768/1568/1477
f 332/79/78 331/1102/1067 367/387/385 342/77/76
f 1268/815/797 1245/1008/983 1266/735/722
f 304/1058/1030 306/1668/1558 308/150/149 307/149/148
f 1235/1669/1559 1234/1670/1560 1226/700/693 1227/1096/1063
f 1326/804/786 1322/1671/1561 1321/805/787 1325/413/410
f 1616/1672/1562 1345/760/744 1347/752/739 1357/742/729 1358/743/730 1613/251/250 1342/250/249
f 1615/1673/1563 1342/250/249 1340/252/251 1336/627/620 1339/333/332 1344/335/334 1343/1674/1564
f 598/314/313 1599/304/303 1597/1675/1565 1595/320/319
f 440/1213/1170 436/1209/1167 435/1676/1566 451/1229/1184
f 1413/558/552 1415/557/551 1414/637/630
f 1384/1677/95 1390/1678/671 1394/1679/645
f 1384/1677/95 1394/1679/645 1414/1680/630
f 780/868/846 781/1681/1567 769/1667/1557 778/1682/1568
f 18/1634/1535 157/59/58 158/58/57 159/923/901 156/911/889
f 131/1525/1447 128/1427/1355 130/72/71 135/71/70
f 1525/402/400 1088/458/453 1117/459/454 1524/403/401
f 1544/429/426 1543/424/421 1541/433/430 1529/42/41
f 1184/231/230 1182/1136/1098 1185/220/219
f 581/1369/1308 580/1368/1307 585/1378/1315
f 612/1393/1329 613/115/114 571/1357/1297 607/809/791 611/372/371
f 1603/292/291 1602/285/284 1604/291/290
f 1221/1683/198 1201/1375/197 1222/1684/1031
f 1308/1685/1109 1221/1683/198 1222/1684/1031
f 1231/1686/1569 1308/1149/1109 1224/977/953 1265/979/955 1223/978/954 1230/1687/1570 1225/1688/1571
f 545/66/65 546/1328/1272 544/67/66
f 304/1058/1030 302/1055/1027 276/1689/1572 301/214/213
f 1472/575/568 1635/1631/1533 1471/56/55
f 412/1184/1144 416/1183/1143 414/834/816 411/351/350
f 929/1570/1479 919/480/475 897/1544/1458 898/1527/1448
f 163/945/923 211/961/937 164/916/894 161/915/893
f 1299/862/840 1297/871/849 1295/878/856 1282/608/601
f 912/1510/1432 913/1549/1462 915/1547/30
f 104/339/338 103/1690/1573 106/340/339
f 30/693/686 27/691/684 26/1665/1555 25/696/689
f 586/1379/1316 580/1368/1307 565/1155/1115
f 637/1432/1359 635/765/749 683/1466/1392
f 1567/375/374 708/376/375 1572/378/377 1571/383/382 694/833/815
f 1309/1691/1574 1307/813/795 1267/939/917 1308/1149/1109
f 769/1667/1557 766/160/159 779/1564/1476 778/1682/1568
f 1238/1692/1575 1240/898/876 1236/1010/985
f 1108/1202/1160 1109/226/225 1107/380/379
f 1272/736/723 1244/309/308 1273/917/895
f 215/974/950 741/1524/1446 732/1516/1438 726/1508/1430 214/1067/1039
f 484/1261/1213 485/1262/1214 495/1279/1138 482/1274/1225
f 336/1098/1065 335/1693/1576 345/1270/1221 346/1606/1510
f 486/526/520 484/1261/1213 480/1258/1211
f 1629/238/237 1639/209/208 1622/62/61 1625/239/238
f 725/1504/1429 741/1524/1446 215/974/950
f 1057/1283/1230 1058/1367/1306 1062/777/760
f 66/1694/1577 72/785/768 75/784/767 73/1143/1105 74/1142/1104
f 1246/1625/1528 1237/1009/984 1245/1008/983 1268/815/797
f 822/1418/1346 851/1417/1345 852/1575/1484 853/650/643
f 1553/417/414 1540/420/417 1552/423/420 1556/517/511 1555/416/413
f 1506/455/450 1475/454/449 1332/770/754 1330/446/443
f 54/723/710 53/734/721 59/744/731
f 772/1563/1475 825/1573/1482 771/1572/1481 770/1562/1474
f 1471/56/55 1642/182/181 1526/51/50
f 1176/228/227 1172/229/228 1161/1172/1132
f 1161/1172/1132 1151/1196/1154 1152/1173/1133
f 810/603/596 1447/600/593 1448/612/605 806/611/604
f 770/1562/1474 765/162/161 764/1482/1408
f 298/1616/1519 316/1695/1578 315/1617/1520
f 1594/319/318 1596/316/315 1593/315/314 1578/1037/1012
f 534/1325/1269 551/1335/1278 553/1346/1286 533/1324/1268
f 339/907/885 340/906/884 334/905/883 144/144/143
f 592/1696/1579 599/1391/1327 591/1388/1324
f 1294/866/844 1295/878/856 1296/864/842
f 1407/656/649 1398/672/665 1399/662/655
f 944/1499/1425 987/1454/1381 988/1409/1338 1023/1399/1332
f 1467/577/570 1470/1655/1547 1468/574/567 1431/189/188
f 102/1697/1580 101/1698/810 109/152/151
f 108/1699/226 102/1697/1580 109/152/151
f 500/1700/1581 503/1307/1252 501/1701/1582 499/1702/1583 497/1703/1584
f 406/1238/1191 401/1159/1119 402/142/141 405/141/140
f 324/1704/1585 327/1532/967 369/873/851
f 581/1369/1308 585/1378/1315 584/1171/1131
f 177/930/908 178/1498/1424 721/645/638 180/928/906
f 246/1020/995 241/996/971 242/1007/982
f 1012/191/190 1014/94/93 1015/93/92 1011/573/566
f 564/477/472 531/1705/1267 532/478/473
f 98/822/804 103/1706/1573 94/820/802
f 1197/501/496 1203/1707/1586 1196/1112/1077
f 337/951/929 347/1099/1066 351/1063/1035
f 1029/1438/1365 1028/1345/1285 1034/1348/1288 1033/788/771
f 346/1606/1510 863/1662/1537 353/1708/1587
f 530/1154/1114 531/1322/1267 564/1646/472 565/1155/1115
f 122/1426/1354 349/1425/1353 350/1424/1352 120/1709/1588 121/853/835 87/801/783 124/499/494 125/498/493 123/117/116
f 1409/613/606 1407/656/649 1606/278/277 809/275/274
f 103/1706/1573 98/822/804 105/506/500 106/505/339
f 103/1706/1573 104/448/338 97/824/806 94/820/802
f 395/354/353 413/352/351 414/834/816
f 374/1710/1589 572/508/502 574/510/504
f 164/916/894 212/1068/1040 154/908/886
f 500/1700/1581 496/1280/1227 505/1711/1454 504/10/10 510/12/12 503/1307/1252
f 973/932/910 974/931/909 975/1472/1398 976/1464/1390
f 371/1129/1093 457/892/870 513/1308/1253 375/1147/1107
f 313/37/36 321/1089/1056 312/1087/1054
f 457/892/870 371/1129/1093 456/893/871
f 977/1473/1399 978/1468/1394 976/1464/1390
f 1080/1332/1275 1079/313/312 1017/1338/936
f 1559/407/405 1561/1654/1546 1528/405/403
f 511/1306/1251 529/1320/1265 531/1322/1267 530/1154/1114 512/999/974
f 1559/407/405 1540/420/417 1539/421/418 1538/436/433
f 95/846/828 110/842/824 99/827/809
f 1538/436/433 1539/421/418 1536/418/415 1120/434/431
f 218/985/854 208/956/933 219/1712/1590
f 1523/457/452 1116/460/455 1520/475/470 1522/43/42
f 218/985/854 206/1103/1068 220/782/765
f 879/586/579 877/1713/1489 880/587/580
f 1037/1384/1320 1032/1382/1319 1036/786/769 1038/1189/1149
f 1459/592/585 1461/589/582 1460/7/7 1443/9/9
f 1102/683/676 1104/441/438 1535/1714/1591 1105/1048/1020
f 175/167/166 176/1088/1055 179/831/813 184/934/912
f 1453/599/592 1456/64/63 1422/593/586
f 102/1715/1580 93/821/803 101/828/810
f 378/281/280 446/280/279 444/1215/1172 377/949/927 368/948/926
f 1158/1176/1136 1190/1114/1079 1159/1175/1135
f 1377/642/635 1375/694/687 1376/95/94
f 1188/1128/1092 1189/1107/1072 1194/452/447 1187/236/235
f 80/442/439 100/825/807 1105/1048/1020 1535/1714/1591 1534/440/437
f 1310/823/805 1312/812/794 1307/813/795 1309/1691/1574
f 596/1534/1451 563/1430/474 562/1660/1552
f 1075/1339/1279 1074/1349/1289 1076/1347/1287 1077/1344/1284
f 749/1541/1456 747/545/539 748/174/173
f 679/536/530 675/1457/1384 703/1084/1052
f 798/1716/1592 808/1584/1490 832/1598/1503 801/1595/1500
f 842/553/547 844/168/167 845/170/169 829/1138/1100
f 35/702/695 47/729/716 48/748/735 36/82/81
f 694/833/815 1571/383/382 690/1217/1174 688/832/814
f 87/801/783 137/497/492 124/499/494
f 726/1508/1430 311/1065/1037 214/1067/1039
f 166/819/801 160/912/890 159/923/901 167/817/799
f 1060/778/761 1062/777/760 1058/1367/1306
f 1116/460/455 1117/459/454 1090/138/137
f 601/1013/988 602/1012/987 591/1388/1324
f 779/1564/1476 765/162/161 821/1592/1498 820/649/642 786/1717/1593 778/1682/1568
f 24/704/697 32/703/696 25/696/689 19/1615/1518
f 1270/814/796 1246/1625/1528 1269/1433/1360
f 361/1123/1087 362/1405/1083 620/45/44 363/1125/1089
f 608/670/663 610/121/120 605/1392/1328
f 569/1353/1293 568/1360/1300 573/114/113 572/1361/502 374/1718/1589
f 601/1013/988 591/1388/1324 599/1391/1327
f 1177/222/221 1175/223/222 1176/228/227
f 1377/705/635 1376/1719/94 1378/706/96
f 614/1403/1333 577/113/112 613/115/114 612/1393/1329 616/1354/1294
f 1497/101/100 1495/496/491 1493/495/490
f 838/710/282 808/1720/1490 807/711/276
f 18/1634/1535 156/911/889 41/910/888 40/1721/1048 11/668/661
f 98/822/804 93/821/803 102/1715/1580 105/506/500
f 193/941/919 194/472/467 196/471/466
f 1135/1194/1153 862/1218/1175 1136/1174/1134
f 1113/430/427 1110/467/462 1106/1310/1255 1107/380/379
f 414/834/816 416/1183/1143 418/720/707 395/354/353
f 1193/1109/1074 1191/1108/1073 1192/1113/1078 1195/1161/1121 1205/1163/1123
f 144/144/143 334/905/883 134/1722/1594 131/1525/1447
f 771/1572/1481 824/1560/1472 823/1604/1508 822/1418/1346
f 1031/787/770 1032/1382/1319 1030/1383/1041 1029/1438/1365
f 1515/1723/1595 1510/512/506 1511/503/498
f 1123/1276/1226 880/1275/580 1125/1272/1223
f 1204/1162/1122 1196/1112/1077 1203/1707/1586
f 1195/1161/1121 1192/1113/1078 1204/1162/1122
f 1141/1622/1525 352/1621/1524 351/1063/1035
f 1428/757/614 1443/1724/9 1442/758/8
f 266/1031/1006 276/1689/1572 302/1055/1027 275/1057/1029 259/271/270
f 1477/1618/1521 1339/333/332 1338/556/550
f 1263/127/126 1262/99/98 1260/1207/1165 1261/253/252
f 7/665/658 8/664/657 21/687/680 19/1615/1518 2/87/86
f 269/1649/1542 303/1056/1028 307/149/148 274/1725/1596 270/1650/1543
f 809/275/274 1449/610/603 1450/614/607
f 554/1341/1281 562/1660/1552 533/1324/1268 553/1346/1286 550/1334/1277
f 520/1726/1539 504/1727/10 506/1540/1455
f 506/1540/1455 521/1728/1259 520/1726/1539
f 13/365/364 6/669/662 14/1729/1597 16/673/666
f 910/1597/1502 888/1730/1598 905/1731/1599 883/1732/1600 887/1294/1239 889/1553/1453 903/1548/1461
f 906/1552/1465 882/651/644 853/650/643 883/1732/1600 905/1731/1599 904/266/265
f 1405/282/281 1406/657/650 1404/289/288
f 626/888/866 624/1416/1344 638/889/867
f 1211/137/136 1335/772/756 1334/245/244
f 1/88/87 19/1615/1518 20/1664/1554
f 1170/570/563 1174/1582/1488 1173/582/575
f 935/2/2 1127/438/435 911/1511/1433
f 1367/1733/1601 1375/694/687 1377/642/635 1374/647/640 1368/714/701
f 1115/469/464 1114/474/469 1111/1305/1250 1110/467/462
f 88/802/784 90/1734/1602 89/1735/1190
f 1508/1736/1603 1477/1618/1521 1338/556/550 1476/555/549
f 646/1362/1301 644/1366/1305 645/1365/1304 363/1125/1089 620/45/44 622/47/46 621/1422/1350 642/1117/1082 643/1116/1081 647/1281/1228
f 952/1737/1604 932/1489/1415 931/1501/1427 942/487/482
f 372/1738/1605 366/388/386 374/1718/1589 574/1632/504
f 1000/105/104 1011/573/566 993/1431/1358
f 648/1092/1059 629/1115/1080 630/716/703 649/1093/1060
f 897/1544/1458 902/1543/1452 896/1555/1467
f 1324/50/49 1329/791/774 1325/413/410
f 1052/1372/1311 1054/1264/1216 1053/1263/1215
f 998/796/254 996/1739/1368 997/797/779
f 920/492/487 929/1570/1479 898/1527/1448
f 672/1451/1378 675/1457/1384 671/1456/1383
f 536/1381/1318 486/526/520 537/528/522 538/306/305
f 1607/54/53 1433/634/627 1432/188/187 1469/55/54
f 1621/1619/1522 1210/218/217 1209/135/134
f 1189/1107/1072 1190/1114/1079 1191/1108/1073
f 248/1014/989 247/1521/1443 252/1520/1442 251/1017/992
f 665/839/821 668/1374/1313 667/1740/1606
f 1096/428/425 1097/1220/1177 1098/682/675
f 1343/1674/1564 1346/761/745 1345/760/744
f 91/1741/1607 92/849/831 89/1735/1190 90/1734/1602 119/1742/1608
f 1287/1363/1302 1288/196/195 1284/195/194 1286/1645/1540
f 1228/1743/1609 1226/700/693 1233/1744/1610
f 964/1475/1401 971/1455/1382 987/1454/1381 960/676/669 963/675/668
f 1511/503/498 1510/512/506 1501/518/512 1486/507/501
f 1626/237/236 1644/183/182 1628/194/193
f 1074/1349/1289 1067/312/311 1066/1358/1298 1065/1350/1290
f 786/1717/1593 855/1588/1494 856/970/946 857/1745/1611
f 866/969/945 857/1745/1611 856/970/946
f 465/1239/1192 466/1241/1194 467/1252/1205 491/1269/1220 489/1266/1217
f 718/1746/1612 717/367/366 716/328/327 1590/327/326 1589/323/322 1591/325/324 1598/1747/1613 1597/1675/1565 1599/304/303 560/303/302
f 342/77/76 365/1132/1084 341/902/880 339/907/885 333/78/77
f 1001/1648/780 1003/13/13 998/255/254
f 253/1019/994 735/1519/1441 247/1521/1443
f 1306/533/527 1261/253/252 1267/939/917 1307/813/795 1314/534/528
f 1133/1206/1164 785/869/847 817/1231/1186
f 868/1600/1505 867/1390/1326 117/848/830 119/1742/1608 871/1623/1526 870/1748/1614
f 1205/1163/1123 1206/136/135 1193/1109/1074
f 49/733/720 48/748/735 53/734/721
f 1631/208/207 1638/207/206 1632/216/215
f 365/1132/1084 342/77/76 366/388/386 372/1738/1605 373/1131/1095
f 373/1131/1095 372/1738/1605 574/1632/504 575/1404/1334
f 1200/1749/1314 1199/541/535 1157/1182/1142
f 1585/324/323 1584/338/337 1591/325/324
f 1247/1750/1615 1309/1691/1574 1308/1149/1109 1231/1686/1569
f 298/1616/1519 297/927/905 294/1051/1023 293/18/18
f 1046/622/615 1043/1387/1323 1047/623/616
f 591/1388/1324 590/1389/1325 583/157/156 588/159/158 592/1696/1579
f 1531/395/393 1521/468/463 1113/430/427
f 1524/403/401 1560/404/402 1563/398/396
f 536/1381/1318 538/306/305 535/1336/109
f 88/802/784 121/853/835 120/1709/1588 90/1734/1602
f 732/1516/1438 730/1512/1434 731/248/247 726/1508/1430
f 322/850/832 383/1751/1099 382/851/833
f 189/943/921 205/1752/1616 188/1753/1617
f 1543/424/421 1544/429/426 1548/425/422
f 305/1666/1556 301/214/213 314/213/212
f 1482/548/542 1503/524/518 1484/525/519
f 1430/858/618 1415/1754/551 1418/856/553
f 1527/52/51 1526/51/50 1642/182/181
f 867/1390/1326 869/968/944 856/970/946 855/1588/1494
f 1296/864/842 1295/878/856 1297/871/849
f 1388/24/24 1389/671/664 1398/672/665
f 79/1167/1127 72/785/768 71/1168/1128
f 317/1080/1049 314/213/212 319/38/37 313/37/36
f 319/38/37 316/1695/1578 318/1082/1050
f 1362/631/624 1617/244/243 1618/241/240 1341/246/245 1613/251/250 1358/743/730 1360/686/679 1361/630/623
f 973/932/910 982/1166/1126 983/1526/1235 970/933/911
f 207/875/853 206/1755/1068 218/876/854
f 1449/610/603 1421/618/611 1410/655/648 1409/613/606
f 129/116/115 143/73/72 130/72/71
f 1269/1433/1360 1246/1625/1528 1268/815/797
f 526/854/111 552/1337/110 551/1335/1278 534/1325/1269
f 463/1234/1189 493/1605/1509 494/1756/1618 464/1232/1187
f 1319/48/47 1321/805/787 1318/538/532 1317/288/287 1314/534/528 1315/808/790
f 451/1229/1184 428/1205/1163 452/1230/1185
f 1286/1645/1540 1284/195/194 1278/1198/1156 1277/1757/1619 1227/1096/1063
f 1242/1647/1541 1241/310/309 1239/1658/1550
f 327/1532/967 324/1704/1585 152/1758/1620 153/1212/1169 213/1211/965
f 1570/123/122 1576/122/121 1575/358/357 1565/373/372
f 15/1759/1621 16/673/666 14/1729/1597
f 152/1758/1620 324/1704/1585 150/1359/1299 148/1760/1622 153/1212/1169
f 879/1277/579 1121/419/416 878/204/203 877/1583/1489
f 150/1359/1299 149/33/32 141/886/864
f 1144/562/555 1132/572/565 1145/566/559 1474/563/556
f 756/133/132 751/1513/1435 758/1302/1247 759/1550/1463 757/134/133
f 1348/751/738 1346/761/745 1349/1761/1623 1350/753/740
f 981/1463/1389 980/1448/1375 992/1420/1348 1002/1164/1124
f 686/1470/1396 687/1471/1397 685/1469/1395 635/765/749
f 109/1412/151 1532/225/224 108/227/226
f 65/1591/1497 63/1590/1496 66/1694/1577
f 652/861/839 1301/860/838 1285/197/196 1288/196/195
f 1234/1670/1560 1238/1692/1575 1236/1010/985 1233/1744/1610
f 819/5/5 859/1663/1536 818/1762/1624 786/1717/1593 857/1745/1611 858/6/6
f 1565/373/372 1575/358/357 1569/360/359 1566/389/387
f 210/976/952 211/961/937 209/957/934
f 1148/1197/1155 1149/1052/1024 1146/463/458 1147/462/457
f 329/1091/1058 368/948/926 330/947/925
f 376/1228/1183 456/893/871 371/1129/1093 330/947/925 377/949/927 443/1214/1171 447/1018/993 448/581/574
f 242/1007/982 245/1025/1000 256/270/269 246/1020/995
f 1100/449/445 1107/380/379 1106/1310/1255
f 1162/262/261 1151/1196/1154 1161/1172/1132
f 1315/808/790 1314/534/528 1312/812/794 1313/806/788
f 475/1248/1201 472/1244/1197 474/1246/1199
f 406/1238/1191 408/1062/1034 400/1763/1625 401/1159/1119
f 181/929/907 182/829/811 177/930/908
f 1260/1207/1165 1262/99/98 1259/98/97 1255/394/392
f 623/46/45 620/45/44 619/259/258 624/1416/1344
f 1500/519/513 1304/128/127 1499/529/523
f 1597/1675/1565 1598/1747/1613 1592/317/316
f 804/532/526 813/773/757 810/603/596
f 1552/423/420 1541/433/430 1543/424/421
f 848/464/459 920/492/487 901/465/460
f 1248/308/307 1241/310/309 1243/445/442
f 54/723/710 56/722/709 51/730/717 52/732/719
f 1232/1624/1527 1229/1764/1626 1225/1688/1571 1228/1743/1609 1233/1744/1610 1236/1010/985 1237/1009/984
f 1016/959/935 1080/1765/1275 1017/960/936
f 1435/272/271 1434/629/622 1436/274/273
f 944/1499/1425 943/298/297 961/1459/1386 987/1454/1381
f 691/1398/1331 612/1393/1329 611/372/371
f 1229/1764/1626 1232/1624/1527 1246/1625/1528 1310/823/805 1309/1691/1574 1247/1750/1615 1231/1686/1569 1225/1688/1571
f 1226/700/693 1228/1743/1609 1225/1688/1571 357/698/691
f 1331/100/99 1262/99/98 1500/519/513 1505/447/444
f 994/1447/1374 979/1444/1371 999/256/255
f 1130/1/1 1051/1256/1209 1052/1372/1311 1129/1502/1428
f 213/990/965 323/1766/1053 326/991/966
f 922/1531/1449 847/790/773 924/1767/1627 925/361/360
f 965/1474/1400 964/1475/1401 963/675/668
f 1264/940/918 1249/1607/1511 1220/28/28 1221/199/198 1308/1149/1109 1267/939/917
f 586/1379/1316 587/1170/1130 584/1171/1131 585/1378/1315
f 1174/1582/1488 1169/1581/1487 1168/1656/1548 1470/1655/1547 1467/577/570
f 63/1590/1496 58/1627/1530 62/754/741
f 244/1023/998 245/1025/1000 242/1007/982 243/1768/1628 250/1021/996
f 728/1509/1431 729/1518/1440 735/1519/1441 253/1019/994
f 719/1495/1421 169/918/896 16/673/666 15/1759/1621
f 1241/310/309 1240/898/876 1238/1692/1575 1239/1658/1550
f 148/1760/1622 150/1359/1299 141/886/864 140/885/863
f 863/1662/1537 1140/1628/1531 353/1708/1587
f 41/910/888 39/1095/1062 40/1721/1048
f 85/800/782 82/794/777 70/763/747
f 1586/330/329 711/336/335 709/337/336
f 290/17/17 318/1082/1050 316/1695/1578 298/1616/1519 293/18/18
f 461/1769/1629 453/349/348 450/350/349 433/1033/1008 431/1035/1010 462/1233/1188
f 281/1042/1014 282/1041/1013 284/1044/1016 283/1050/1022
f 1233/1744/1610 1226/700/693 1234/1670/1560
f 266/1031/1006 277/171/170 300/1054/1026 276/1689/1572
f 1510/512/506 1515/1723/1595 1509/511/505
f 150/1359/1299 324/1704/1585 369/873/851
f 587/1170/1130 592/1696/1579 588/159/158
f 1431/1038/188 1373/1770/628 1416/1039/636
f 989/1410/1339 988/1409/1338 971/1455/1382 986/1452/1379
f 1008/1127/1091 1087/1300/1245 1086/1064/1036
f 952/1737/1604 953/1490/1416 932/1489/1415
f 562/1660/1552 595/432/429 596/1534/1451
f 81/793/776 82/794/777 87/801/783 86/803/785 92/849/831 118/847/829
f 358/1124/1088 357/698/691 1225/1688/1571 1230/1687/1570 1223/978/954
f 71/1168/1128 67/1657/1549 68/764/748
f 776/295/294 775/146/145 768/1568/1477
f 1396/639/632 1411/654/647 1420/617/610
f 1204/1162/1122 1203/1707/1586 1197/501/496 1216/500/495 1214/837/819
f 1238/1692/1575 1234/1670/1560 1235/1669/1559 1239/1658/1550
f 1587/332/331 714/329/328 1586/330/329
f 817/1231/1186 818/1762/1624 859/1663/1536 861/1610/1513 862/1218/1175
f 206/1103/1068 207/1771/853 205/1752/1616 189/943/921
f 1273/917/895 1244/309/308 1248/308/307
f 1182/1136/1098 1184/231/230 1183/230/229 1178/984/960
f 1149/1052/1024 1148/1197/1155 1150/1169/1129 1164/1053/1025
f 1030/1069/1041 1050/1772/1317 1026/1070/1042
f 840/1773/1507 830/1074/544 834/1073/1045
f 1047/623/616 1043/1387/1323 1041/1298/1243 1042/1297/1242
f 38/1078/262 22/1774/1534 40/1079/1048
f 589/1626/1529 603/1011/986 604/810/792 607/809/791 571/1357/1297 567/971/947 578/973/949
f 813/773/757 814/604/597 1452/598/591 1451/601/594 810/603/596
f 1622/62/61 1210/218/217 1621/1619/1522 1620/60/59
f 699/1097/1064 640/542/536 681/544/538 698/1479/1405
f 408/1062/1034 406/1238/1191 410/1060/1032
f 437/891/869 442/579/572 438/1210/1168
f 938/1081/242 1130/1775/1 934/30/3
f 764/1482/1408 765/162/161 767/161/160 774/145/144 790/1483/1409
f 301/214/213 276/1689/1572 300/1054/1026 278/173/172
f 1336/627/620 1337/554/548 1338/556/550
f 630/716/703 680/1027/1002 649/1093/1060
f 810/603/596 806/611/604 809/275/274 805/530/524 804/532/526
f 1291/879/857 1290/1776/1630 1281/415/412 1280/443/440 1292/881/859
f 600/1047/1019 599/1391/1327 592/1696/1579 593/431/428
f 126/118/117 136/1589/1495 129/116/115
f 1118/401/399 1086/1064/1036 1089/400/398
f 1303/783/766 1217/771/755 1216/500/495 1202/502/497 1218/27/27 1252/835/817
f 1061/1226/1181 1121/419/416 1122/775/759 1060/778/761
f 778/1682/1568 817/1231/1186 785/869/847
f 709/337/336 711/336/335 712/1076/1047 710/1777/1631 668/1374/1313 708/376/375 1573/347/346 1581/343/342
f 1568/374/373 1566/389/387 1569/360/359
f 441/156/155 437/891/869 439/154/153
f 1515/1723/1595 1508/1736/1603 1476/555/549 1475/454/449 1507/456/451 1509/511/505
f 1581/343/342 1573/347/346 1582/342/341
f 440/1213/1170 430/1034/1009 433/1033/1008
f 566/1333/1276 565/1155/1115 580/1368/1307
f 1198/540/534 1202/502/497 1197/501/496
f 1223/978/954 1222/1059/1031 1201/198/197 1200/1749/1314 358/1124/1088
f 768/1568/1477 775/146/145 774/145/144 767/161/160 766/160/159 769/1667/1557
f 721/645/638 170/644/637 720/1496/1422 722/1497/1423
f 812/774/758 811/1778/1632 795/1779/1633 784/987/962
f 1156/1181/1141 355/1121/1085 358/1124/1088 1200/1749/1314 1157/1182/1142
f 1329/791/774 1324/50/49 1323/807/789 1328/792/775
f 1166/260/259 1162/262/261 1167/1661/1553 1168/1656/1548
f 514/1158/1118 515/1157/1117 570/1356/1296 568/1360/1300
f 84/1612/1515 139/1614/1517 138/1613/1516 44/41/40 151/164/163 153/1212/1169 148/1760/1622 140/885/863 137/497/492 87/801/783 85/800/782 83/795/778
f 178/1498/1424 177/930/908 182/829/811 179/831/813
f 1596/316/315 1595/320/319 1597/1675/1565 1592/317/316
f 1253/756/743 1254/391/389 1255/394/392
f 1613/251/250 1341/246/245 1340/252/251
f 1463/1100/577 1441/1780/1256 1442/758/8
f 1438/576/569 1174/1582/1488 1467/577/570
f 197/988/963 220/782/765 206/1103/1068 198/942/920 195/504/499
f 362/1118/1083 341/1781/880 365/1119/1084
f 836/1601/1506 835/1134/1096 808/1584/1490 838/283/282
f 22/1633/1534 21/687/680 9/666/659 11/668/661
f 894/1406/1335 899/1542/1457 898/1527/1448
f 570/1356/1296 571/1357/1297 573/114/113
f 116/1140/1102 115/1216/1173 110/842/824 95/846/828
f 310/1066/1038 311/1065/1037 274/1725/1596
f 1549/384/383 1546/346/345 1532/225/224 1558/385/150
f 683/1466/1392 689/1782/1634 684/1467/1393
f 1013/193/192 1084/935/913 1118/401/399 1083/967/943
f 1386/26/26 1393/25/25 1392/677/670
f 1023/1399/1332 1024/1260/1212 944/1499/1425
f 1138/1783/1512 1139/1784/1148 1155/1785/1147
f 1154/1177/1137 1136/1174/1134 1137/1219/1176
f 1138/1783/1512 1155/1785/1147 1137/1786/1176
f 1181/965/941 1186/1130/1094 1185/220/219 1182/1136/1098 1179/963/939
f 642/1117/1082 621/1422/1350 628/1421/1349 629/1115/1080
f 1483/1787/1179 1484/525/519 1485/890/868
f 259/271/270 275/1057/1029 303/1056/1028 269/1649/1542 267/269/268
f 1299/862/840 656/409/407 657/408/406 1298/865/843 1297/871/849
f 1566/389/387 1567/375/374 694/833/815 693/390/388
f 1426/616/609 1427/515/509 1429/636/629 1441/1311/1256
f 453/349/348 460/1788/1635 454/1227/1182 449/155/154
f 880/1275/580 877/1583/1489 875/1579/1485 1125/1272/1223
f 632/708/698 631/709/699 627/1415/1343
f 1351/755/742 1350/753/740 1349/1761/1623 1355/1789/1636 1352/1790/1637
f 283/1050/1022 284/1044/1016 294/1051/1023
f 945/242/241 938/243/242 940/299/298
f 315/1617/1520 316/1695/1578 319/38/37 314/213/212 299/926/904
f 209/957/934 218/985/854 210/976/952
f 1246/1625/1528 1270/814/796 1310/823/805
f 132/1423/1351 133/1651/1544 336/1098/1065 337/951/929 338/950/928
f 883/1732/1600 853/650/643 852/1575/1484
f 207/1771/853 204/955/855 201/1791/1638 205/1752/1616
f 568/1360/1300 569/1353/1293 514/1158/1118
f 347/1099/1066 353/1708/1587 1140/1628/1531 351/1063/1035
f 1551/386/384 111/412/409 1550/422/419 1548/425/422
f 909/267/266 904/266/265 908/1596/1501
f 1061/1226/1181 1063/124/123 1064/126/125
f 183/830/812 189/943/921 184/934/912 179/831/813
f 1197/501/496 1158/1176/1136 1154/1177/1137 1157/1182/1142
f 1164/1053/1025 1163/261/260 1165/1150/1110
f 187/165/164 188/1753/1617 205/1752/1616 201/1791/1638 199/870/848
f 717/367/366 718/1746/1612 560/303/302 556/75/74 557/322/321 559/1437/1364 558/1436/1363
f 593/431/428 592/1696/1579 587/1170/1130
f 112/411/152 101/828/810 99/827/809 111/412/409
f 1290/1792/1630 1322/1793/1561 1326/1794/786
f 1326/1794/786 1281/1795/412 1290/1792/1630
f 495/1178/1138 497/1796/1584 492/1179/1139
f 1163/261/260 1166/260/259 1169/1581/1487 1170/570/563 1165/1150/1110
f 874/648/641 854/1586/1492 786/1717/1593 820/649/642
f 1291/879/857 1292/881/859 1293/880/858
f 1138/1609/1512 860/1611/1514 863/1662/1537 346/1606/1510 1139/1188/1148
f 1420/617/610 1411/654/647 1422/593/586 1423/594/587
f 1438/576/569 1439/583/576 1173/582/575 1174/1582/1488
f 1104/441/438 1534/440/437 1535/1714/1591
f 176/1088/1055 178/1498/1424 179/831/813
f 597/302/301 561/76/75 560/303/302
f 410/1060/1032 405/141/140 426/1201/1159
f 33/264/263 40/1721/1048 39/1095/1062
f 847/790/773 827/481/476 923/169/168 924/1767/1627
f 871/1623/1526 119/1742/1608 90/1734/1602 120/1709/1588 350/1424/1352 348/952/930 351/1063/1035 352/1621/1524
f 51/730/717 28/690/683 29/692/685
f 1280/443/440 1283/887/865 1282/608/601
f 204/955/855 203/946/924 162/914/892 202/944/922 199/870/848 201/1791/1638
f 740/921/899 733/1517/1439 732/1516/1438
f 497/1703/1584 495/1279/1138 496/1280/1227 500/1700/1581
f 797/1652/1545 803/531/525 802/1585/1491 798/1716/1592 781/1681/1567 780/868/846 784/987/962 795/1779/1633
f 435/1676/1566 436/1209/1167 426/1201/1159
f 1456/64/63 1453/599/592 1454/602/595 1455/595/588
f 92/849/831 91/1741/1607 119/1742/1608 117/848/830
f 1010/192/191 1011/573/566 1000/105/104
f 221/780/763 222/989/964 749/1541/1456 723/1545/1459
f 452/1230/1185 428/1205/1163 429/1204/1162 430/1034/1009 440/1213/1170
f 69/762/746 47/729/716 83/795/778
f 1483/1222/1179 1481/1797/541 1482/1223/542
f 353/1708/1587 347/1099/1066 336/1098/1065 346/1606/1510
f 305/1666/1556 306/1668/1558 304/1058/1030 301/214/213
f 497/1703/1584 499/1702/1583 501/1701/1582 502/998/973 458/1299/1244 498/1798/1639 493/1605/1509 492/1278/1139
f 135/71/70 146/119/118 145/120/119
f 35/702/695 33/264/263 37/728/715
f 386/1799/1640 387/1557/1469 388/1153/1113 393/523/517 385/1148/1108 325/1090/1057 321/1089/1056
f 650/1094/1061 653/1439/1366 651/859/837 647/1281/1228 648/1092/1059
f 788/1559/1471 900/1556/1468 824/1560/1472 825/1573/1482
f 1374/647/640 1416/643/636 1373/635/628
f 89/1235/1190 92/1800/831 86/1236/785
f 1557/516/510 1556/517/511 1552/423/420 1550/422/419 113/841/823
f 605/1392/1328 604/810/792 601/1013/988
f 798/1716/1592 801/1595/1500 799/1104/1069 782/1106/1071 777/1312/1257 769/1667/1557 781/1681/1567
f 931/1501/1427 932/1489/1415 916/1514/1436 914/1515/1437
f 654/1440/1367 661/1287/1233 662/1445/1372 660/1443/1370
f 1444/63/62 1422/593/586 1456/64/63
f 868/1600/1505 870/1748/1614 866/969/945 869/968/944
f 416/1183/1143 417/1185/1145 419/1620/1523
f 1403/290/289 1404/289/288 1402/659/652
f 858/6/6 857/1745/1611 866/969/945
f 421/202/201 422/201/200 382/1195/833
f 79/1167/1127 80/442/439 77/439/436 78/740/727 72/785/768
f 1511/503/498 1514/91/90 1477/1618/1521 1508/1736/1603 1515/1723/1595
f 1004/106/105 998/255/254 1003/13/13
f 96/826/808 100/825/807 80/442/439
f 985/1453/1380 972/1460/1387 984/1462/1388
f 1602/1284/284 1603/1801/291 839/1285/1231
f 983/1289/1235 984/1802/1388 969/1290/1236
f 918/488/483 919/480/475 1519/20/20
f 186/818/800 185/166/165 202/944/922 162/914/892 165/896/874
f 1092/139/138 1090/138/137 1087/1300/1245 1008/1127/1091 1007/1435/1362 1091/1803/1641 1093/1321/1266
f 1430/625/618 1440/590/583 1439/583/576
f 344/904/882 345/1270/1221 335/1693/1576 134/1722/1594 334/905/883
f 1024/1260/1212 945/242/241 940/299/298 944/1499/1425
f 1379/695/688 1380/689/682 1381/688/681
f 1360/686/679 1358/743/730 1359/731/718
f 966/1476/1402 967/1478/1404 965/1474/1400
f 521/1314/1259 506/1630/1455 507/1313/1258 522/855/836
f 1627/1804/185 1645/1805/180 1644/1806/182
f 1644/1806/182 1626/1807/236 1627/1804/185
f 314/213/212 317/1080/1049 305/1666/1556
f 114/843/825 1557/516/510 113/841/823
f 188/1753/1617 187/165/164 184/934/912 189/943/921
f 855/1588/1494 786/1717/1593 854/1586/1492
f 1123/1276/1226 1125/1272/1223 1126/1250/1203 1055/1282/1229
f 887/1294/1239 886/1429/1357 891/1408/1337
f 1276/1659/1551 1239/1658/1550 1235/1669/1559 1227/1096/1063 1277/1757/1619 1278/1198/1156
f 529/1320/1265 511/1306/1251 510/12/12 517/1319/1264
f 66/1694/1577 71/1168/1128 72/785/768
f 527/1315/1260 519/1318/1263 518/1316/1261
f 1207/453/448 1193/1109/1074 1206/136/135 1209/135/134
f 217/781/764 221/780/763 723/1545/1459 724/799/781 216/975/951
f 133/1651/1544 134/1722/1594 335/1693/1576 336/1098/1065
f 458/1299/1244 456/893/871 455/580/573 454/1227/1182
f 363/1125/1089 1302/1364/1303 1227/1096/1063 360/699/692
f 548/1808/1538 549/321/320 556/75/74 555/74/73
f 873/1580/1486 874/648/641 881/1273/1224
f 1018/92/91 1079/313/312 1078/1340/1280 1019/1343/1283 1015/93/92
f 75/784/767 78/740/727 76/739/726 73/1143/1105
f 1164/1053/1025 1466/585/578 1465/567/560 1473/564/557
f 991/1165/1125 985/1453/1380 984/1462/1388 982/1166/1126
f 1591/325/324 1592/317/316 1598/1747/1613
f 1645/181/180 1611/180/179 1644/183/182
f 577/113/112 618/1414/1342 575/1404/1334 576/560/503
f 783/1105/1070 799/1104/1069 801/1595/1500 800/1594/1499 794/294/293
f 1245/1008/983 1240/898/876 1266/735/722
f 1201/1375/197 1218/1809/27 1199/1376/535
f 99/827/809 71/1168/1128 68/764/748 81/793/776 118/847/829 95/846/828
f 1211/137/136 1206/136/135 1205/1163/1123 1213/836/818 1212/769/753
f 583/157/156 590/1389/1325 589/1626/1529 578/973/949
f 555/74/73 554/1341/1281 550/1334/1277 547/1329/1273
f 1104/441/438 1102/683/676 1103/1221/1178
f 858/6/6 866/969/945 870/1748/1614 871/1623/1526 865/4/4
f 354/1271/1222 345/1270/1221 344/904/882 343/903/881 355/1121/1085 1156/1181/1141 1154/1177/1137 1137/1219/1176 1155/1187/1147 359/1186/1146
f 1506/455/450 1330/446/443 1509/511/505
f 595/432/429 594/1533/1450 596/1534/1451
f 764/1482/1408 773/1481/1407 788/1559/1471 825/1573/1482 772/1563/1475
f 428/1205/1163 451/1229/1184 435/1676/1566 434/1208/1166 427/1203/1161 404/143/142
f 270/1650/1543 274/1725/1596 311/1065/1037 727/247/246 273/249/248 271/1000/975 268/1032/1007
f 594/1533/1450 595/432/429 587/1170/1130 586/1379/1316
f 1564/397/395 1119/399/397 1118/401/399
f 599/1391/1327 600/1047/1019 605/1392/1328
f 367/387/385 375/1147/1107 569/1353/1293 374/1718/1589 366/388/386
f 367/387/385 331/1102/1067 330/947/925
f 39/1095/1062 42/163/162 43/40/39 33/264/263
f 821/1592/1498 822/1418/1346 853/650/643
f 160/912/890 161/915/893 42/163/162
f 773/1481/1407 790/1483/1409 791/482/477 789/789/772
f 1496/104/103 1499/529/523 1304/128/127 1263/127/126
f 617/719/706 577/113/112 614/1403/1333
f 47/1394/716 69/1810/746 68/1395/748
f 730/1512/1434 729/1518/1440 728/1509/1431 255/1001/976
f 816/571/564 796/867/845 785/869/847 1133/1206/1164
f 1547/1402/343 1551/1811/384 1548/1400/422
f 1013/193/192 1016/1331/935 1014/94/93 1012/191/190
f 43/40/39 46/727/714 47/729/716 37/728/715
f 793/147/146 829/1138/1100 846/476/471 828/483/478
f 1219/29/29 1251/962/938 1252/835/817 1218/27/27
f 808/1584/1490 798/1716/1592 802/1585/1491
f 1313/806/788 1271/738/725 1327/737/724 1328/792/775 1323/807/789
f 525/607/600 524/606/599 486/526/520 536/1381/1318
f 678/1286/1232 677/1486/1412 661/1287/1233
f 1058/1367/1306 1057/1283/1230 1041/1298/1243 1059/1225/1180
f 846/476/471 923/169/168 827/481/476 828/483/478
f 1472/575/568 1468/574/567 1470/1655/1547
f 539/307/306 541/65/64 542/1326/1270 540/305/304
f 634/718/705 635/765/749 633/767/751
f 122/1426/1354 123/117/116 127/234/233
f 456/893/871 458/1299/1244 459/894/872
f 1109/226/225 1108/1202/1160 104/448/338
f 1332/770/754 1215/779/762 1217/771/755
f 562/1660/1552 563/1430/474 533/1324/1268
f 1112/140/139 1111/1305/1250 1114/474/469
f 1337/554/548 1333/768/752 1332/770/754 1475/454/449
f 295/1049/1021 281/1042/1014 283/1050/1022
f 994/1447/1374 999/256/255 1004/106/105 1000/105/104
f 356/1122/1086 355/1121/1085 343/903/881 341/902/880 362/1405/1083 361/1123/1087
f 1441/1311/1256 1429/636/629 1442/8/8
f 1286/1645/1540 1227/1096/1063 1302/1364/1303
f 240/995/970 234/1004/979 238/1812/1642 243/1768/1628 242/1007/982
f 675/1457/1384 676/1458/1385 677/1486/1412 703/1084/1052
f 665/1813/821 667/1814/1606 666/1815/1377
f 666/1815/1377 664/1816/822 665/1813/821
f 650/1094/1061 649/1093/1060 655/1288/1234
f 683/1466/1392 685/1469/1395 688/832/814 690/1217/1174 689/1782/1634
f 168/57/56 172/924/902 173/922/900 158/58/57
f 1423/594/587 1424/514/508 1420/617/610
f 1466/585/578 1164/1053/1025 1171/569/562
f 1466/585/578 1463/584/577 1465/567/560
f 310/1066/1038 274/1725/1596 307/149/148 309/148/147
f 1161/1172/1132 1160/983/959 1176/228/227
f 67/1817/1549 71/1818/1128 66/1819/1577
f 66/1819/1577 63/1820/1496 67/1817/1549
f 1414/637/630 1412/641/634 1413/558/552
f 1584/338/337 1582/342/341 1580/348/347 1579/359/358
f 894/1406/1335 898/1527/1448 897/1544/1458 895/1561/1473 893/1407/1336
f 1449/610/603 1448/612/605 1446/619/612 1421/618/611
f 1162/262/261 1161/1172/1132 1172/229/228 1167/1661/1553
f 1462/565/558 1143/561/554 1474/563/556
f 659/410/408 663/1446/1373 664/840/822 658/1442/1369
f 826/466/461 789/789/772 847/790/773 848/464/459
f 487/1265/1140 488/1267/1218 482/1274/1225
f 454/1227/1182 494/1756/1618 493/1605/1509 498/1798/1639 458/1299/1244
f 581/1369/1308 584/1171/1131 588/159/158 582/158/157
f 160/1505/890 155/1821/887 156/1506/889
f 1473/564/557 1145/566/559 1149/1052/1024
f 129/116/115 130/72/71 128/1427/1355 127/234/233
f 426/1201/1159 405/141/140 434/1208/1166 435/1676/1566
f 218/985/854 219/1712/1590 204/955/855
f 785/869/847 780/868/846 778/1682/1568
f 306/1668/1558 305/1666/1556 308/150/149
f 1158/1528/1136 1197/1822/496 1196/1529/1077
f 481/1355/1295 475/1248/1201 476/1247/1200
f 1070/1351/1291 1072/311/310 1073/1293/1238
f 1629/238/237 1626/237/236 1643/211/210 1640/210/209 1638/207/206 1639/209/208
f 4/661/654 7/665/658 3/86/85
f 887/1823/1239 892/1535/1241 889/1537/1453
f 1494/494/489 1314/534/528 1316/287/286
f 504/1727/10 505/1538/1454 506/1540/1455
f 1187/236/235 1630/219/218 1185/220/219 1186/1130/1094
f 789/789/772 826/466/461 788/1559/1471 773/1481/1407
f 1427/515/509 1424/514/508 1445/620/613 1428/621/614
f 24/704/697 19/1615/1518 21/687/680 23/265/264
f 110/842/824 111/412/409 99/827/809
f 1028/1345/1285 1029/1438/1365 1025/1192/1152
f 954/899/877 951/901/879 953/1490/1416
f 1006/1126/1090 1007/1435/1362 1008/1127/1091
f 911/1511/1433 1127/438/435 909/267/266 908/1596/1501 910/1597/1502
f 39/1095/1062 155/909/887 42/163/162
f 399/1824/1643 400/1763/1625 408/1062/1034
f 1311/816/798 1268/815/797 1266/735/722 1271/738/725 1313/806/788
f 149/33/32 147/35/34 142/232/231
f 920/1825/487 1516/1826/485 941/1827/21
f 941/1827/21 929/1828/1479 920/1825/487
f 742/919/897 740/921/899 741/1524/1446 725/1504/1429
f 1293/880/858 1289/609/602 1294/866/844
f 509/11/11 518/1316/1261 519/1318/1263 517/1319/1264 510/12/12
f 1392/677/670 1395/640/633 1391/679/672 1386/26/26
f 1184/231/230 1185/220/219 1631/208/207 1632/216/215
f 740/921/899 734/1301/1246 733/1517/1439
f 1180/964/940 1153/1139/1101 1159/1175/1135 1188/1128/1092 1181/965/941
f 412/1184/1144 409/1061/1033 410/1060/1032 415/1200/1158
f 753/954/932 736/1522/1444 737/1523/1445
f 1257/1829/916 1261/1830/252 1258/1831/391
f 1258/1831/391 1256/1832/390 1257/1829/916
f 1605/284/283 1604/291/290 1602/285/284
f 1219/29/29 1220/28/28 1249/1607/1511 1250/1833/1644 1251/962/938
f 561/76/75 597/302/301 562/1660/1552 554/1341/1281
f 102/1715/1580 108/227/226 105/506/500
f 1251/1565/938 1250/1834/1644 1254/1566/389
f 399/1824/1643 408/1062/1034 409/1061/1033 407/353/352 398/1146/1106
f 883/1732/1600 852/1575/1484 884/1569/1478 887/1294/1239
f 1142/597/590 814/604/597 815/986/961
f 36/82/81 31/81/80 32/703/696
f 628/1421/1349 622/47/46 631/709/699 630/716/703
f 972/1460/1387 971/1455/1382 967/1478/1404 969/1461/1236
f 1345/760/744 1616/1672/1562 1342/250/249 1615/1673/1563 1343/1674/1564
f 445/296/295 422/201/200 444/1215/1172 446/280/279
f 818/1762/1624 817/1231/1186 778/1682/1568 786/1717/1593
f 1373/635/628 1370/713/700 1374/647/640
f 66/1694/1577 74/1142/1104 65/1591/1497
f 387/1557/1469 386/1799/1640 321/1089/1056 313/37/36 320/36/35 318/1082/1050 290/17/17 291/22/22 292/1151/1111
f 888/1730/1598 910/1597/1502 904/266/265 905/1731/1599
f 1099/1309/1254 1111/1305/1250 1094/426/423
f 960/1576/669 939/1835/300 947/1577/1410
f 1053/1263/1215 1128/1249/1202 1131/437/434 1129/1502/1428
f 1075/1339/1279 1067/312/311 1074/1349/1289
f 1055/1282/1229 1126/1250/1203 1054/1264/1216
f 22/1633/1534 11/668/661 40/1721/1048
f 1482/548/542 1480/521/515 1504/520/514 1503/524/518
f 1584/338/337 1579/359/358 1593/315/314 1592/317/316 1591/325/324
f 1018/92/91 1014/94/93 1017/1338/936
f 903/1548/1461 918/488/483 914/1515/1437
f 1256/392/390 1254/391/389 1250/1833/1644 1249/1607/1511
f 116/1140/1102 872/1587/1493 873/1580/1486 115/1216/1173
f 724/799/781 723/1545/1459 744/178/177
f 878/204/203 876/206/205 877/1583/1489
f 208/956/933 204/955/855 219/1712/1590
f 812/774/758 813/773/757 804/532/526 797/1652/1545 795/1779/1633 811/1778/1632
f 911/1511/1433 910/1597/1502 903/1548/1461 912/1510/1432
f 125/498/493 137/497/492 140/885/863 126/118/117
f 359/1186/1146 346/1606/1510 345/1270/1221
f 1626/237/236 1628/194/193 1643/211/210
f 1566/389/387 693/390/388 1565/373/372
f 237/994/969 241/996/971 247/1521/1443 248/1014/989 236/1016/991
f 168/57/56 170/644/637 171/646/639 172/924/902
f 822/1418/1346 821/1592/1498 787/1571/1480
f 67/1657/1549 63/1590/1496 62/754/741 60/745/732 61/749/736
f 1162/262/261 1163/261/260 1150/1169/1129 1151/1196/1154
f 906/1552/1465 881/1273/1224 882/651/644
f 126/118/117 141/886/864 136/1589/1495
f 1496/104/103 1305/254/253 1495/496/491
f 1624/187/186 1617/244/243 1362/631/624 1612/179/178
f 216/975/951 724/799/781 745/177/176
f 83/795/778 46/727/714 84/1612/1515
f 1101/681/674 1105/1048/1020 104/448/338 1533/450/446 1100/449/445
f 1143/561/554 815/986/961 816/571/564 1144/562/555
f 1285/197/196 1279/895/873 1278/1198/1156 1284/195/194
f 501/1701/1582 503/1307/1252 502/998/973
f 690/1217/1174 695/381/380 689/1782/1634
f 819/5/5 865/4/4 864/1629/1532
f 695/381/380 696/382/381 684/1467/1393 689/1782/1634
f 1441/1311/1256 1463/584/577 1464/568/561 1440/590/583
f 823/1604/1508 849/1558/1470 850/1428/1356 885/1419/1347
f 464/1232/1187 494/1756/1618 454/1227/1182 460/1788/1635 453/349/348 461/1769/1629 462/1233/1188
f 736/1522/1444 754/1546/1460 249/1015/990
f 133/1651/1544 131/1525/1447 134/1722/1594
l 272 273
