# Blender 4.4.0
# www.blender.org
mtllib Covered2.mtl
o Covered2
v 0.279463 0.630804 0.053956
v 0.267908 0.343787 0.080945
v 0.222523 0.980198 0.127860
v 0.225004 0.559057 0.124970
v 0.243071 0.204792 0.099072
v 0.293051 0.244893 0.037832
v 0.306603 0.299809 -0.016623
v 0.315405 0.372389 -0.009390
v 0.330963 0.247273 -0.042824
v 0.306635 0.178924 0.008997
v 0.263364 0.142006 0.042148
v 0.215968 0.131660 0.112645
v 0.195217 0.532739 0.137258
v 0.178504 0.468586 0.133159
v 0.192821 0.135692 0.113106
v 0.163832 0.276080 0.112984
v 0.165600 0.148741 0.082836
v 0.206158 0.068873 0.040569
v 0.192886 0.072609 0.081985
v 0.199368 0.067226 0.093269
v 0.223613 0.089862 0.093205
v 0.232444 0.098216 0.060316
v 0.297090 0.139935 -0.011998
v 0.304722 0.186348 -0.047214
v 0.310727 0.147984 -0.085795
v 0.324279 0.187824 -0.061266
v 0.338463 0.264443 -0.041016
v 0.296586 0.649760 0.038814
v 0.251218 0.920030 0.087872
v 0.196106 0.987321 0.144292
v 0.158101 0.259861 0.094625
v 0.179327 0.085967 0.032825
v 0.182030 0.045733 0.047184
v 0.162390 0.021796 -0.006019
v 0.186083 0.019687 0.048617
v 0.165484 0.025966 -0.077940
v 0.199368 0.016617 -0.024963
v 0.209973 0.032769 0.006435
v 0.225975 0.024169 -0.063118
v 0.205886 0.043557 -0.013352
v 0.225320 0.018307 -0.165857
v 0.167551 0.016617 -0.151534
v 0.129936 0.021884 -0.142337
v 0.121741 0.002827 -0.143873
v 0.142453 0.005621 -0.065602
v 0.213738 0.002295 0.036810
v 0.226494 0.013089 0.035981
v 0.421900 0.004891 -0.166399
v 0.379075 0.002619 -0.243274
v 0.422676 0.001542 -0.256520
v 0.479421 0.006861 -0.269050
v 0.456578 0.012196 -0.187673
v 0.520456 0.061343 -0.229747
v 0.514003 0.039230 -0.251614
v 0.548079 0.040725 -0.245536
v 0.584118 0.015540 -0.235424
v 0.643039 0.020924 -0.201083
v 0.541696 0.066149 -0.232481
v 0.291873 0.027385 -0.052926
v 0.325892 0.023596 -0.076295
v 0.389391 0.031891 -0.142525
v 0.238845 0.021582 0.002312
v 0.265321 0.015941 -0.087475
v 0.242380 0.038153 0.038323
v 0.302020 0.127966 -0.058147
v 0.275375 0.124295 -0.098060
v 0.263591 0.100606 -0.082852
v 0.236274 0.074512 -0.088895
v 0.257110 0.091991 -0.136817
v 0.277023 0.089501 -0.142260
v 0.262413 0.060765 -0.158893
v 0.255623 0.044929 -0.166292
v 0.235878 0.054755 -0.091433
v 0.244851 0.050158 0.009532
v 0.257110 0.027385 -0.116702
v 0.285981 0.017694 -0.160365
v 0.302638 0.038303 -0.192202
v 0.316623 0.029040 -0.193876
v 0.380254 0.026308 -0.192743
v 0.372005 0.015541 -0.178026
v 0.432733 0.027511 -0.185878
v 0.425462 0.065633 -0.214916
v 0.456750 0.062205 -0.219489
v 0.468634 0.075840 -0.211386
v 0.523944 0.074455 -0.222388
v 0.362038 0.059101 -0.194125
v 0.383469 0.079453 -0.180903
v 0.347847 0.061842 -0.146628
v 0.314852 0.052151 -0.188328
v 0.278321 0.056458 -0.127986
v 0.309578 0.097817 -0.089563
v 0.257867 0.066155 -0.103571
v 0.279015 0.034712 -0.129355
v 0.300251 0.028853 -0.128930
v 0.324279 0.039230 -0.087267
v 0.253574 0.071533 -0.035756
v 0.252111 0.084172 -0.014566
v 0.320839 0.113116 -0.045431
v 0.285526 0.096043 0.010298
v 0.260091 0.088265 0.075066
v 0.262909 0.081045 0.096205
v 0.258207 0.131180 0.070262
v 0.311744 0.129541 -0.100535
v 0.346845 0.197131 -0.052992
v 0.353745 0.179531 -0.041314
v 0.319904 0.163728 0.011712
v 0.275831 0.170046 0.077481
v 0.242380 0.181364 0.116326
v 0.234973 0.168679 0.140590
v 0.284480 0.094333 0.128404
v 0.262413 0.191055 0.174706
v 0.217960 0.261549 0.163947
v 0.211322 0.288952 0.151392
v 0.191202 0.521528 0.158034
v 0.204333 0.398499 0.184964
v 0.267267 0.199501 0.193785
v 0.251611 0.332817 0.230245
v 0.236868 0.413980 0.215868
v 0.289677 0.074695 0.124318
v 0.291466 0.066872 0.080749
v 0.277190 0.071765 -0.046624
v 0.285392 0.052151 -0.033793
v 0.297765 0.046767 -0.087267
v 0.292170 0.043549 0.053405
v 0.292462 0.059688 0.008397
v 0.275964 0.033846 0.084438
v 0.248833 0.013578 0.071606
v 0.277732 0.042460 0.012322
v 0.319565 0.035999 -0.040661
v 0.284213 0.034922 -0.013189
v 0.328977 0.066769 -0.099399
v 0.371348 0.062388 -0.120423
v 0.336677 0.064619 -0.062905
v 0.338420 0.054304 -0.016132
v 0.310138 0.034922 0.033417
v 0.293499 0.023180 0.013623
v 0.266537 0.016617 0.030964
v 0.255994 0.002109 0.062752
v 0.258210 0.005002 0.104501
v 0.313673 0.004773 0.069230
v 0.330617 0.011988 0.036074
v 0.362577 0.030615 -0.026925
v 0.386743 0.023617 -0.086501
v 0.414427 0.016617 -0.103947
v 0.203941 0.027621 0.143389
v 0.442120 0.044613 -0.168705
v 0.580583 0.052151 -0.182932
v 0.614772 0.041337 -0.146525
v 0.629052 0.022410 -0.147128
v 0.644807 0.009080 -0.189800
v 0.584118 0.035999 -0.084814
v 0.502438 0.039383 -0.173471
v 0.541107 0.034922 -0.122589
v 0.467456 0.038153 -0.144666
v 0.443118 0.030262 -0.134873
v 0.550476 0.047967 -0.058569
v 0.467456 0.048920 -0.079418
v 0.474354 0.081111 0.020172
v 0.446445 0.061390 -0.003571
v 0.521663 0.053228 -0.005830
v 0.537025 0.034596 -0.028324
v 0.538073 0.018373 -0.052065
v 0.594031 0.015041 -0.203995
v 0.506945 0.021601 -0.225445
v 0.501630 0.009080 -0.227084
v 0.471124 0.019217 -0.136328
v 0.449774 0.003645 -0.052281
v 0.518717 0.001542 -0.221688
v 0.447937 0.005046 0.085024
v 0.521074 0.002619 0.069721
v 0.504297 0.002557 0.114171
v 0.458618 0.001542 0.185008
v 0.439350 0.011500 0.123350
v 0.407617 0.002541 0.203721
v 0.423414 0.044754 0.159184
v 0.363756 0.001542 0.299806
v 0.331237 0.004670 0.283698
v 0.316619 0.013387 0.305202
v 0.333706 0.003696 0.321882
v 0.274483 0.009755 0.326205
v 0.199368 0.001542 0.359657
v 0.372005 0.041383 0.223765
v 0.276115 0.044046 0.312564
v 0.295997 0.020924 0.283126
v 0.328809 0.048014 0.246838
v 0.403600 0.048859 0.160276
v 0.278424 0.046431 0.249482
v 0.267303 0.046805 0.258692
v 0.258288 0.056458 0.278711
v 0.326047 0.030615 0.225237
v 0.448012 0.051074 0.079532
v 0.450211 0.035836 0.093570
v 0.438585 0.016617 0.068739
v 0.472427 0.020214 0.017138
v 0.464053 0.038033 0.038209
v 0.416784 0.027385 0.064324
v 0.377558 0.009983 0.146371
v 0.346669 0.004773 0.192858
v 0.292973 0.011133 0.236162
v 0.220579 0.008003 0.274786
v 0.219990 0.058611 0.306183
v 0.169730 0.054308 0.321622
v 0.281530 0.003044 0.221791
v 0.174621 0.006926 0.272824
v 0.191827 0.053944 0.310391
v 0.377139 0.019057 0.128201
v 0.441127 0.040717 0.017660
v 0.478062 0.028462 0.006925
v 0.441281 0.010677 0.020790
v 0.448012 0.020924 -0.049492
v 0.516949 0.017694 -0.098060
v 0.498339 0.021452 -0.057283
v 0.476308 0.034425 -0.073008
v 0.479240 0.024155 -0.024472
v 0.472759 0.047844 -0.015642
v 0.473937 0.058611 0.027530
v 0.445066 0.070456 0.057946
v 0.389044 0.041282 0.126007
v 0.364520 0.045823 0.153438
v 0.353150 0.017694 0.161460
v 0.501041 0.041383 -0.034284
v 0.416784 0.073686 0.060890
v 0.319025 0.051072 0.189680
v 0.219990 0.006926 0.248294
v 0.276674 0.044883 0.210557
v 0.328404 0.052151 0.161460
v 0.416195 0.010157 -0.021529
v 0.387161 0.000727 -0.012627
v 0.342709 0.023157 0.064640
v 0.382021 0.003696 0.030474
v 0.376101 0.013677 0.080026
v 0.417842 0.031501 0.016102
v 0.315937 0.016939 0.147737
v 0.238803 0.048176 0.159748
v 0.281856 0.016617 0.163913
v 0.260645 0.039230 0.195801
v 0.237666 0.030615 0.227199
v 0.166372 0.004773 0.259578
v 0.103616 0.019596 0.240619
v 0.130427 0.053603 0.289933
v 0.119236 0.037076 0.315505
v 0.203062 0.036778 0.320420
v 0.211152 0.013387 0.310599
v 0.155163 0.004834 0.299661
v 0.108041 0.001542 0.361620
v 0.052066 0.001542 0.357695
v 0.109219 0.014464 0.276748
v 0.070997 0.021740 0.305847
v 0.074161 0.034547 0.312002
v 0.083269 0.040263 0.250256
v 0.132787 0.004773 0.227199
v 0.189463 0.001830 0.198678
v 0.238496 0.007033 0.189033
v 0.248314 0.016645 0.168426
v 0.234131 0.017694 0.183537
v 0.214344 0.040281 0.203062
v 0.165783 0.051074 0.229161
v 0.199188 0.037401 0.139523
v 0.274540 0.141900 0.183726
v 0.195424 0.128857 0.248521
v 0.181692 0.093967 0.212644
v 0.171675 0.063995 0.199726
v 0.161951 0.099435 0.243481
v 0.163426 0.035999 0.235048
v 0.196614 0.024635 0.201591
v 0.116879 0.014464 0.207085
v 0.107651 0.073807 0.217000
v 0.106722 0.042924 0.227286
v 0.071662 0.047566 0.266184
v 0.071510 0.069379 0.301278
v 0.091275 0.106806 0.299596
v 0.114365 0.116434 0.293316
v 0.123949 0.213667 0.229161
v 0.128550 0.184225 0.274587
v 0.130828 0.419822 0.255898
v 0.140289 0.319630 0.222265
v 0.144697 0.186132 0.208471
v 0.149999 0.150273 0.211895
v 0.136329 0.035397 0.223301
v 0.222801 0.323085 0.263564
v 0.240683 0.278802 0.252632
v 0.221346 0.480089 0.211566
v 0.166961 0.718673 0.185008
v 0.164164 0.923926 0.166319
v 0.264568 0.384310 0.107170
v 0.164356 0.858044 0.199527
v 0.159056 0.959007 0.190518
v 0.166333 1.013193 0.200987
v 0.146174 1.113009 0.176914
v 0.196767 1.009433 0.214588
v 0.223073 0.754989 0.233981
v 0.239724 0.521225 0.248860
v 0.205567 0.985637 0.242936
v 0.148152 1.631325 0.168946
v 0.141447 1.527845 0.138763
v 0.149874 1.159074 0.160479
v 0.168430 1.080772 0.158869
v 0.299140 0.896486 0.121023
v 0.290694 0.284734 0.073155
v 0.340083 0.418586 0.061525
v 0.173275 1.548609 0.193464
v 0.337831 0.305192 0.042248
v 0.358155 0.253654 0.000706
v 0.359581 0.232221 -0.025380
v 0.326360 0.535253 0.017999
v 0.340449 0.540722 0.030468
v 0.340861 0.600526 0.055800
v 0.274786 1.133231 0.129572
v 0.281774 1.154346 0.112224
v 0.293051 1.036321 0.088853
v 0.272113 1.093769 0.081537
v 0.280115 0.901734 0.061423
v 0.247822 1.114464 0.084519
v 0.215574 1.245505 0.098573
v 0.191708 1.253829 0.128100
v 0.170717 0.730194 0.133100
v 0.166961 0.707906 0.107496
v 0.165034 0.212945 0.070414
v 0.205952 0.248633 0.031210
v 0.178099 0.145250 0.038826
v 0.213509 0.147984 -0.012207
v 0.183833 0.782304 0.090057
v 0.181140 1.168209 0.133053
v 0.178711 1.266952 0.121151
v 0.184997 1.132359 0.120006
v 0.219974 1.063531 0.086469
v 0.190985 0.390706 0.062078
v 0.209204 0.294287 0.042951
v 0.245953 0.211295 0.009065
v 0.244890 0.139988 -0.021171
v 0.181149 0.042614 -0.059387
v 0.230073 0.032186 -0.111261
v 0.197011 0.029539 -0.096588
v 0.186545 0.042945 -0.112703
v 0.185227 0.048920 -0.159384
v 0.218811 0.045690 -0.137798
v 0.224703 0.032769 -0.171648
v 0.197600 0.030615 -0.175573
v 0.177567 0.066149 -0.156440
v 0.217700 0.073367 -0.110366
v 0.260916 0.136547 -0.042920
v 0.232527 0.094037 -0.092871
v 0.209384 0.086608 -0.123080
v 0.205574 0.106659 -0.090936
v 0.220579 0.109220 -0.072059
v 0.241790 0.125371 -0.084324
v 0.265948 0.153367 -0.062738
v 0.235898 0.141523 -0.061757
v 0.171465 0.058165 -0.072470
v 0.167044 0.077348 -0.062845
v 0.248272 0.173826 -0.067153
v 0.272429 0.185671 -0.036737
v 0.258288 0.337496 0.031455
v 0.279283 0.315650 0.012115
v 0.279822 0.224509 -0.017779
v 0.279500 0.267505 -0.034284
v 0.261086 0.247669 -0.051375
v 0.273790 0.393344 -0.021467
v 0.248715 0.268728 -0.042139
v 0.235784 0.201613 -0.062965
v 0.183459 0.126448 -0.050473
v 0.168729 0.091991 -0.032812
v 0.136323 0.029539 -0.042133
v 0.126895 0.023078 -0.069606
v 0.133377 0.013387 -0.025944
v 0.156856 0.063440 0.038425
v 0.149874 0.014464 0.033417
v 0.162052 0.119934 0.002111
v 0.133744 0.019065 0.040589
v 0.152442 0.155775 0.047599
v 0.197011 0.161982 -0.012698
v 0.231904 0.252742 -0.019545
v 0.188413 0.299147 0.037585
v 0.228828 0.320267 -0.022019
v 0.251992 0.474597 -0.017066
v 0.285362 0.452029 -0.001205
v 0.262079 0.583466 0.048862
v 0.269939 0.770082 0.042303
v 0.272925 0.660355 0.005936
v 0.264639 0.580452 -0.012471
v 0.251890 0.655068 -0.004556
v 0.206188 0.552104 0.036802
v 0.132476 0.153141 0.036689
v 0.128357 0.027693 0.004188
v 0.149413 0.108016 -0.033536
v 0.117468 0.046767 -0.053907
v 0.090851 0.065903 -0.088217
v 0.155547 0.152185 -0.049800
v 0.092960 0.064966 -0.145526
v 0.080937 0.068302 -0.153496
v 0.134555 0.143677 -0.118174
v 0.180513 0.423637 -0.025453
v 0.125705 0.147745 -0.139260
v 0.184333 0.524960 -0.083185
v 0.151642 0.510856 -0.104438
v 0.109705 0.156019 -0.145956
v 0.070638 0.068806 -0.142528
v 0.096154 0.319054 -0.115538
v -0.003760 0.078327 -0.032617
v -0.021457 0.080016 -0.025890
v 0.001276 0.455105 -0.055036
v -0.042013 0.080272 -0.040668
v -0.001736 0.441611 -0.068195
v -0.037320 0.077491 -0.065221
v 0.021561 0.064592 -0.094576
v 0.010893 0.424025 -0.079908
v 0.093161 0.319145 -0.134008
v 0.038515 0.059688 -0.118665
v 0.077805 0.138988 -0.171981
v 0.051817 0.054740 -0.179211
v 0.106126 0.344130 -0.186308
v 0.078137 0.135566 -0.229286
v 0.045585 0.055381 -0.230519
v 0.121593 0.381643 -0.193725
v 0.056449 0.049057 -0.244330
v 0.089776 0.117834 -0.238368
v 0.113159 0.110841 -0.219597
v 0.063261 0.043537 -0.233462
v 0.060241 0.042709 -0.208527
v 0.137501 0.111373 -0.168705
v 0.077016 0.022975 -0.186303
v 0.091543 0.037076 -0.099041
v 0.053834 0.017694 -0.107872
v 0.126338 0.585547 -0.142163
v 0.135144 0.086608 -0.149081
v 0.107606 0.041811 -0.088426
v 0.131020 0.088761 -0.089720
v 0.057933 0.005234 -0.100148
v 0.061494 0.001542 -0.159874
v 0.094184 0.011817 -0.171014
v 0.096257 0.015541 -0.106891
v 0.170398 0.136770 -0.071919
v 0.166591 0.172152 -0.091363
v 0.155652 0.150802 -0.142445
v 0.200736 0.356447 -0.071248
v 0.205251 0.206039 -0.071492
v 0.176378 0.113079 -0.091013
v 0.219401 0.144753 -0.140741
v 0.190510 0.107496 -0.156903
v 0.235804 0.112054 -0.171386
v 0.218563 0.020040 -0.259001
v 0.193575 0.006126 -0.309771
v 0.116290 0.003696 -0.427735
v 0.109025 0.015218 -0.450834
v 0.168459 0.016992 -0.340411
v 0.092290 0.017668 -0.429502
v 0.074950 0.002267 -0.463306
v 0.036747 0.001542 -0.323240
v -0.107054 0.001240 -0.396476
v -0.187676 0.002651 -0.552841
v -0.183026 0.003696 -0.513587
v -0.206595 0.017694 -0.526342
v -0.248240 0.004231 -0.554262
v -0.235148 0.007002 -0.539630
v -0.194041 0.049709 -0.452800
v -0.177214 0.049698 -0.443230
v -0.166573 0.016554 -0.435035
v -0.114742 0.015614 -0.402299
v -0.140014 0.027385 -0.435093
v -0.238576 0.003761 -0.453923
v -0.246459 0.015451 -0.415326
v -0.307808 0.001977 -0.387670
v -0.508268 0.001542 -0.487096
v -0.475861 0.001542 -0.348750
v -0.382132 0.003927 -0.185749
v -0.434645 0.007916 -0.217550
v -0.392045 0.015887 -0.180024
v -0.405746 0.031692 -0.183422
v -0.197523 0.002779 -0.132363
v -0.337707 0.015926 -0.232572
v -0.276710 0.019848 -0.209423
v -0.386302 0.033846 -0.198140
v -0.245482 0.041383 -0.168705
v -0.303444 0.032931 -0.160467
v -0.162617 0.025131 -0.109136
v -0.195243 0.016587 -0.180182
v -0.150069 0.020898 -0.379601
v -0.184205 0.032769 -0.122589
v -0.137658 0.048920 -0.112287
v -0.139678 0.010799 -0.123935
v -0.049098 0.004303 -0.220839
v -0.087526 0.050855 -0.096791
v -0.055169 0.101682 -0.087758
v -0.124284 0.056248 -0.122375
v -0.179491 0.019848 -0.141722
v -0.130062 0.018769 -0.177122
v -0.123544 0.020393 -0.360482
v -0.091444 0.043040 -0.159492
v -0.064557 0.105695 -0.096512
v -0.046556 0.094641 -0.133857
v -0.087575 0.032769 -0.325202
v -0.070834 0.058032 -0.357158
v -0.094646 0.058611 -0.362486
v -0.140604 0.058611 -0.360524
v -0.132355 0.061842 -0.325202
v -0.124626 0.071700 -0.299709
v -0.079218 0.101236 -0.351978
v -0.104662 0.095222 -0.319805
v -0.090777 0.079105 -0.264059
v -0.019838 0.179238 -0.302068
v -0.042287 0.119666 -0.188091
v -0.036314 0.138546 -0.164814
v -0.024341 0.196508 -0.156468
v -0.045742 0.157675 -0.151044
v 0.018503 0.316541 -0.196139
v 0.005578 0.218609 -0.246788
v 0.031570 0.365629 -0.219042
v -0.030422 0.357954 -0.144175
v -0.061319 0.179740 -0.151221
v -0.049163 0.345916 -0.152641
v -0.072256 0.202899 -0.170667
v -0.001495 0.670664 -0.132232
v -0.051003 0.380880 -0.171335
v -0.053401 0.320267 -0.174592
v -0.064330 0.226326 -0.197731
v -0.030189 0.261668 -0.233466
v -0.003602 0.383877 -0.252872
v -0.003319 0.311653 -0.287917
v 0.003718 0.354998 -0.337265
v 0.023991 0.521931 -0.306761
v 0.016125 0.417177 -0.331089
v 0.039346 0.394072 -0.376702
v 0.045423 0.423762 -0.409328
v 0.052849 0.488302 -0.360798
v 0.007287 0.490397 -0.254067
v -0.027528 0.516129 -0.193667
v -0.008555 0.899983 -0.170165
v -0.023050 0.583600 -0.148974
v 0.003660 1.017394 -0.149685
v -0.000795 0.878780 -0.140651
v 0.018482 0.659451 -0.256520
v 0.053452 0.678806 -0.330158
v 0.051432 0.598813 -0.364300
v 0.033827 0.884844 -0.328728
v 0.024963 0.438712 -0.415470
v 0.050928 0.970071 -0.286161
v 0.049257 0.883261 -0.279962
v 0.022296 0.945887 -0.325146
v 0.001390 0.563360 -0.388797
v -0.004565 0.453659 -0.399994
v -0.021481 0.595221 -0.348805
v -0.025154 0.475718 -0.343888
v -0.016864 0.505854 -0.259045
v -0.032820 0.808332 -0.229020
v -0.043349 0.535395 -0.175358
v -0.022721 0.743621 -0.327766
v -0.001997 0.826225 -0.340306
v -0.020591 0.870442 -0.314035
v -0.015103 1.315206 -0.216292
v -0.003123 1.176028 -0.277588
v 0.045911 1.207362 -0.269915
v 0.037433 1.412970 -0.249385
v 0.013992 1.231947 -0.279488
v 0.017337 1.676356 -0.204151
v -0.008754 1.509723 -0.195029
v -0.011377 1.366854 -0.184756
v -0.012491 1.585279 -0.186240
v -0.015242 1.262316 -0.141650
v -0.034531 0.550595 -0.135850
v 0.002573 0.621764 -0.100023
v 0.004267 0.565621 -0.092577
v 0.010034 0.631742 -0.063576
v -0.002840 0.583394 -0.029560
v -0.025107 1.214700 -0.118677
v -0.039722 0.589262 -0.016412
v -0.051634 0.939412 -0.071569
v -0.074283 0.589635 -0.033510
v -0.060356 1.138274 -0.114836
v -0.086374 0.587991 -0.069598
v -0.067938 0.900679 -0.101291
v -0.052191 0.888131 -0.126173
v -0.046246 0.581495 -0.108952
v -0.057323 0.574193 -0.172262
v -0.047885 0.803150 -0.178409
v -0.040836 0.823265 -0.145791
v -0.065581 1.145045 -0.131943
v -0.047401 1.319440 -0.134060
v -0.025091 0.824105 -0.148647
v -0.004161 0.907558 -0.117714
v 0.234370 1.409537 0.093515
v 0.214677 1.330277 0.088671
v 0.180920 1.326843 0.118994
v 0.204670 1.499334 0.093269
v 0.233958 1.493712 0.117790
v 0.229417 1.487489 0.137421
v 0.197901 1.637616 0.108688
v 0.178679 1.536489 0.097472
v 0.197600 1.631777 0.123194
v 0.188937 1.616987 0.134117
v 0.196497 1.522083 0.148022
v 0.240791 1.286916 0.147453
v 0.202501 1.285662 0.149958
v 0.152408 1.510944 0.125404
v 0.158957 1.723374 0.137491
v 0.175799 1.786832 0.104552
v 0.178729 1.819988 0.082102
v 0.174621 1.426113 0.096212
v 0.188413 1.825008 0.043948
v 0.216096 1.483636 0.048555
v 0.192635 1.876727 0.003107
v 0.196498 1.779172 0.000823
v 0.192424 1.666468 -0.034813
v 0.118689 1.861755 0.134903
v 0.150371 1.640853 0.140535
v 0.145750 1.693153 0.159498
v 0.142885 1.712384 0.178573
v 0.086972 1.913420 0.148779
v 0.167667 1.537764 0.210968
v 0.186405 1.268904 0.212481
v 0.182870 1.223680 0.232105
v 0.168947 1.099095 0.253194
v 0.147380 1.543330 0.211916
v 0.127166 1.706602 0.175356
v 0.099790 1.699827 0.195387
v 0.096818 1.698434 0.209890
v 0.056269 2.001892 0.155230
v 0.076357 2.026573 0.124142
v 0.094938 2.046385 0.072525
v 0.216477 1.839898 -0.082024
v 0.101731 2.058735 0.034523
v 0.057369 2.120632 0.125157
v 0.032623 2.108787 0.158517
v 0.051846 1.898881 0.179562
v -0.007751 2.105870 0.168920
v -0.021527 2.154778 0.150799
v 0.020770 2.174696 0.125716
v 0.043808 2.176296 0.091760
v 0.067386 2.157242 0.054512
v 0.170836 1.911762 -0.065890
v 0.099203 2.071100 0.008397
v 0.103104 2.051934 -0.023920
v 0.140613 1.915355 -0.092847
v 0.072689 2.149705 0.000548
v 0.036612 2.193052 0.028871
v -0.018638 2.180931 0.127119
v 0.208592 1.830020 -0.104896
v 0.003162 2.198159 0.081004
v 0.032079 2.182580 -0.020104
v 0.060469 2.157908 -0.024280
v -0.022392 2.205730 0.021718
v -0.005676 2.187392 -0.025944
v -0.052295 2.189934 0.089958
v -0.074348 2.157367 0.118142
v -0.057314 2.120080 0.157813
v -0.042206 1.908507 0.198254
v -0.057737 2.022318 0.172290
v 0.004842 1.876263 0.190768
v -0.047848 1.661427 0.213890
v -0.059202 1.765548 0.224133
v 0.023754 1.724355 0.215071
v 0.043228 1.692076 0.211009
v 0.075635 1.700690 0.206104
v 0.090332 1.610825 0.221526
v 0.063739 1.529414 0.201266
v 0.076008 1.457294 0.203755
v 0.078979 1.368999 0.243034
v 0.093913 1.361066 0.256872
v 0.112139 1.328805 0.249082
v 0.109100 1.573445 0.212676
v 0.114993 1.331824 0.234011
v 0.091385 0.872914 0.314540
v 0.114081 0.814917 0.299355
v 0.115429 1.095108 0.244296
v 0.107452 0.811276 0.314523
v 0.071295 0.642159 0.340308
v 0.086240 0.609919 0.348864
v 0.079998 1.026053 0.180161
v 0.089396 1.195542 0.193194
v 0.086240 1.547789 0.181574
v 0.095369 1.529177 0.166171
v 0.082277 1.171743 0.168458
v 0.085328 1.017333 0.153208
v 0.125871 1.599920 0.168103
v 0.103907 1.147223 0.153009
v 0.076813 0.773589 0.173725
v 0.081312 0.381740 0.380100
v 0.101595 0.468505 0.342969
v 0.079723 0.589445 0.161801
v 0.104066 0.931953 0.151840
v 0.090375 0.583885 0.156149
v 0.068031 0.490854 0.183067
v 0.077548 0.333935 0.265857
v 0.054941 0.350872 0.378361
v 0.025134 0.101722 0.413219
v 0.033212 0.090915 0.419018
v 0.023195 0.114604 0.394489
v 0.054355 0.377835 0.355321
v 0.038999 0.139383 0.347034
v 0.065680 0.299309 0.327364
v 0.055225 0.172764 0.277867
v 0.029705 0.226431 0.179548
v 0.074243 0.385619 0.308460
v 0.064971 0.742573 0.306446
v 0.075045 0.948026 0.294900
v 0.070177 1.093919 0.194330
v 0.031465 1.526822 0.234428
v -0.001579 1.631985 0.218828
v -0.022267 1.538968 0.205653
v 0.006494 1.493733 0.225720
v 0.052686 1.507391 0.212873
v -0.003470 1.187208 0.170098
v -0.083069 1.638990 0.253924
v -0.088906 1.728533 0.241997
v -0.096911 1.756032 0.232664
v -0.106318 1.325881 0.309806
v -0.137721 1.197402 0.316855
v -0.088754 1.928966 0.175687
v -0.083043 2.048020 0.152237
v -0.082862 2.103404 0.139874
v -0.103588 1.895704 0.172888
v -0.098223 1.806783 0.186999
v -0.098781 1.730421 0.221660
v -0.121716 1.493041 0.261968
v -0.117189 1.477922 0.244069
v -0.100340 1.703861 0.208274
v -0.121217 1.714466 0.202462
v -0.129467 1.787138 0.191041
v -0.117061 1.902501 0.156047
v -0.130509 1.921414 0.133968
v -0.112354 2.063573 0.082155
v -0.092607 2.162710 0.051994
v -0.061602 2.191783 0.004618
v -0.039636 2.165123 -0.053449
v 0.011589 2.149245 -0.066674
v 0.050718 2.126202 -0.059148
v 0.072779 2.080616 -0.056090
v 0.068056 1.941249 -0.114525
v 0.214809 1.752693 -0.065793
v 0.195832 1.632854 -0.063229
v 0.227706 1.692404 -0.079901
v 0.121929 1.785800 -0.160416
v 0.186121 1.728433 -0.138769
v 0.185816 1.565017 -0.169195
v 0.204626 1.512870 -0.160617
v 0.218658 1.528940 -0.129886
v 0.194841 0.918800 -0.166266
v 0.217908 1.137686 -0.144309
v 0.238418 1.472239 -0.121293
v 0.260543 1.323614 -0.116402
v 0.258427 1.338817 -0.094694
v 0.236488 1.546712 -0.085796
v 0.218607 1.592493 -0.075242
v 0.158404 1.289408 -0.103204
v 0.131262 1.236588 -0.095281
v 0.181223 1.560709 -0.030974
v 0.210363 1.644814 0.024806
v 0.230991 1.372288 0.036548
v 0.181113 1.260081 0.103449
v 0.240612 0.791894 0.065305
v 0.246603 1.125934 0.064634
v 0.274679 0.877823 0.033383
v 0.275558 0.890095 0.015542
v 0.225197 0.704310 0.021678
v 0.203492 0.690677 0.019190
v 0.168337 0.404032 0.025687
v 0.175932 0.448607 0.016618
v 0.256494 1.156591 0.045472
v 0.208637 0.909724 0.000686
v 0.211762 1.027390 -0.033076
v 0.191730 0.993253 -0.065085
v 0.170623 0.960313 -0.074574
v 0.046764 0.447326 -0.081380
v 0.039420 0.072637 -0.088458
v 0.016125 0.448403 -0.057832
v 0.100270 0.558307 -0.110836
v 0.142295 0.639860 -0.151732
v 0.152721 0.769789 -0.138994
v 0.153175 0.564669 -0.170183
v 0.126413 0.208673 -0.218234
v 0.159901 0.388854 -0.179902
v 0.215780 0.818544 -0.082433
v 0.181402 0.623053 -0.150774
v 0.199368 0.895264 -0.118174
v 0.199267 1.093827 -0.104645
v 0.232226 0.988796 -0.070381
v 0.227062 0.365677 -0.068497
v 0.261027 0.566728 -0.077671
v 0.263822 0.242565 -0.132705
v 0.285374 0.503293 -0.125125
v 0.224166 0.206787 -0.100443
v 0.242656 0.056842 -0.233070
v 0.224109 0.032057 -0.261741
v 0.196422 0.020924 -0.296257
v 0.133858 0.016654 -0.270470
v 0.065543 0.014075 -0.268785
v -0.015081 0.019943 -0.324247
v -0.033706 0.019889 -0.404518
v -0.086986 0.033846 -0.423810
v -0.015466 0.032202 -0.395387
v -0.109376 0.042460 -0.423810
v -0.175133 0.054015 -0.431129
v -0.115268 0.032769 -0.393393
v -0.213381 0.002383 -0.394304
v -0.143369 0.009194 -0.388371
v -0.286726 0.012310 -0.375242
v -0.046162 0.045757 -0.363026
v -0.047774 0.049651 -0.385948
v -0.008607 0.033349 -0.341964
v 0.024558 0.016272 -0.346607
v 0.069013 0.019718 -0.252521
v 0.180305 0.032963 -0.239474
v 0.228073 0.065745 -0.235780
v 0.107534 0.044991 -0.219053
v 0.139269 0.069379 -0.201574
v 0.153288 0.106215 -0.188481
v 0.205849 0.111373 -0.219726
v 0.250439 0.255063 -0.199086
v 0.233039 0.261198 -0.194636
v 0.191118 0.199117 -0.178673
v 0.196522 0.338467 -0.164061
v 0.115386 0.057879 -0.227776
v 0.055012 0.030615 -0.268294
v 0.089812 0.030827 -0.323507
v 0.104819 0.043396 -0.321638
v 0.035569 0.035999 -0.361996
v 0.033547 0.052076 -0.307076
v -0.003319 0.048920 -0.289389
v 0.071496 0.059669 -0.316647
v 0.023785 0.071533 -0.287917
v -0.004497 0.066149 -0.269275
v 0.024374 0.095222 -0.286445
v 0.103327 0.100606 -0.327164
v 0.135733 0.093068 -0.205008
v 0.128237 0.075330 -0.295322
v 0.128097 0.132657 -0.315874
v 0.098790 0.141888 -0.325441
v 0.045704 0.160843 -0.326433
v -0.012751 0.116141 -0.284036
v -0.034547 0.088761 -0.254557
v -0.013925 0.060765 -0.297729
v -0.031770 0.054794 -0.317168
v -0.086487 0.002132 -0.320050
v -0.321472 0.003677 -0.283473
v -0.032009 0.020352 -0.215749
v -0.054062 0.088702 -0.093451
v 0.000861 0.173637 -0.102440
v 0.004469 0.265542 -0.097305
v -0.029833 0.214744 -0.101494
v -0.043974 0.163058 -0.126514
v -0.024646 0.258434 -0.120301
v -0.003395 0.175888 -0.165993
v 0.009698 0.413791 -0.109833
v 0.092478 0.439529 -0.140611
v 0.036158 0.445173 -0.108853
v 0.044309 0.626306 -0.114802
v 0.068289 0.628495 -0.110320
v 0.093629 0.625262 -0.119162
v 0.052035 0.251730 -0.143075
v 0.005931 0.075713 -0.201318
v 0.066355 0.265949 -0.181773
v 0.128637 0.892869 -0.074288
v 0.047236 0.188457 -0.242682
v 0.062726 0.292588 -0.280410
v 0.095180 0.441170 -0.255408
v 0.108041 0.486090 -0.177045
v 0.148772 0.874827 -0.156155
v 0.116033 0.676911 -0.134139
v 0.133467 0.992360 -0.130638
v 0.074910 0.997547 -0.132970
v 0.066797 0.992174 -0.146138
v 0.099976 1.009270 -0.126817
v 0.145750 1.047089 -0.135345
v 0.090621 0.406057 -0.308412
v 0.140611 0.947938 -0.219615
v 0.126895 0.706829 -0.240330
v 0.133701 0.695181 -0.275767
v 0.159125 1.487997 -0.139821
v 0.158680 1.464522 -0.176437
v 0.102738 1.349662 -0.120137
v 0.116290 1.225833 -0.115231
v 0.046515 0.720106 -0.159125
v 0.012491 0.303977 -0.159526
v 0.079703 0.437022 -0.223068
v 0.104881 1.434917 -0.162786
v 0.105524 1.532515 -0.145068
v 0.129787 1.012839 -0.220169
v 0.134495 1.532612 -0.188225
v 0.125128 1.656543 -0.158402
v 0.112754 1.545635 -0.133383
v 0.129422 1.519899 -0.116399
v 0.145375 1.521334 -0.116752
v 0.168063 1.455039 -0.193849
v 0.165859 1.266047 -0.218913
v 0.189194 1.111821 -0.242392
v 0.178061 1.026652 -0.255010
v 0.155983 0.988995 -0.249020
v 0.047942 0.251401 -0.297620
v -0.004497 0.073686 -0.221197
v -0.051634 0.006926 -0.300182
v -0.052812 0.033846 -0.263878
v -0.043851 0.070059 -0.240205
v -0.015324 0.109188 -0.258953
v 0.153410 0.220127 -0.272709
v 0.153084 0.233369 -0.220469
v 0.164286 0.258817 -0.190271
v 0.206602 0.726319 -0.158097
v 0.240804 0.585956 -0.166450
v 0.258531 0.738716 -0.154906
v 0.272045 0.623591 -0.157398
v 0.259467 0.138293 -0.207461
v 0.257775 0.136820 -0.179371
v 0.276293 0.265099 -0.176480
v 0.283450 0.904523 -0.114817
v 0.281110 0.802268 -0.093172
v 0.240384 0.810376 -0.067166
v 0.255469 1.044644 -0.071636
v 0.271055 1.206649 -0.101286
v 0.189084 1.385451 -0.091676
v 0.232332 1.283494 -0.075933
v 0.266737 1.132053 -0.082608
v 0.224475 1.170909 -0.079850
v 0.183818 1.443185 -0.025280
v 0.220088 1.209599 -0.018710
v 0.232479 1.343802 0.017370
v 0.265359 1.033091 0.029492
v 0.255301 0.976911 0.008444
v 0.258288 1.100354 0.016159
v 0.226632 1.015068 0.002942
v 0.220923 0.860651 0.014883
v 0.201724 1.168764 -0.041152
v 0.130318 1.198639 -0.069982
v 0.090454 1.014863 -0.098725
v 0.127459 1.102318 -0.072160
v 0.260337 0.778703 0.001437
v 0.063850 0.023078 0.259578
v 0.085062 0.005850 0.265465
v 0.040226 0.003676 0.252957
v 0.010131 0.003161 0.349086
v 0.009399 0.036891 0.261271
v -0.024065 0.010730 0.340364
v -0.018638 0.028462 0.312070
v -0.016871 0.022001 0.344940
v 0.029677 0.029539 0.235048
v 0.036669 0.049538 0.247354
v 0.048879 0.055912 0.300353
v 0.109079 0.145857 0.293049
v 0.014478 0.048355 0.226075
v 0.077402 0.108143 0.247804
v 0.030651 0.049616 0.219587
v 0.049694 0.191715 0.182033
v 0.022381 0.091992 0.272391
v 0.008465 0.066149 0.288032
v 0.088357 0.169822 0.218203
v 0.056311 0.154125 0.188884
v 0.026817 0.039561 0.313969
v 0.038515 0.081224 0.287051
v 0.025633 0.130559 0.225782
v 0.053932 0.019805 0.348279
v 0.060315 0.027385 0.354752
v 0.075946 0.110243 0.328104
v 0.045785 0.074430 0.408759
v 0.059726 0.114604 0.263993
v 0.071872 0.181605 0.239926
v 0.077016 0.222375 0.256340
v 0.072053 0.209023 0.325965
v 0.084157 0.274485 0.371250
v 0.065949 0.366690 0.213162
v 0.047843 0.192811 0.191060
v 0.075042 0.476574 0.169608
v 0.107452 0.616380 0.159498
v 0.120170 1.005617 0.164792
v 0.109709 0.463792 0.178802
v 0.097019 0.437080 0.163264
v 0.082100 0.256480 0.174319
v 0.128246 1.160795 0.195872
v 0.134626 1.468391 0.202988
v 0.136224 1.097801 0.237820
v 0.151472 1.068671 0.251157
v 0.102628 0.608803 0.230738
v 0.103772 0.578317 0.254116
v 0.120451 0.622089 0.268555
v 0.093852 0.215118 0.272711
v 0.093549 0.382026 0.253712
v 0.102932 0.453817 0.267273
v 0.120358 0.406430 0.272890
v 0.145161 0.496858 0.247804
v 0.114522 0.452710 0.275276
v 0.127028 0.579240 0.268525
v 0.166485 0.619253 0.253407
v 0.183641 0.721211 0.264510
v 0.194305 0.862919 0.264144
v 0.220804 0.638863 0.265904
v 0.206275 0.455141 0.262515
v 0.069371 0.456624 0.306121
v 0.077941 1.050595 0.213168
v 0.017892 0.239509 0.161951
v 0.006099 0.247509 0.162190
v -0.002858 0.256213 0.173046
v 0.000341 0.266205 0.198376
v 0.055081 0.987760 0.185344
v 0.043818 0.988943 0.192858
v 0.022084 0.691648 0.207347
v 0.039701 1.067191 0.206659
v 0.049632 0.954597 0.235650
v 0.036778 0.287368 0.246626
v 0.049364 1.252313 0.203352
v 0.050427 1.192317 0.243660
v 0.046764 1.433651 0.237992
v 0.031322 1.302426 0.256122
v 0.044142 0.961680 0.271728
v 0.060945 0.452687 0.289231
v 0.049083 0.319762 0.324692
v 0.041058 0.325379 0.331384
v 0.029551 0.329594 0.324056
v 0.020290 0.868999 0.283342
v 0.016157 0.343522 0.262313
v -0.022460 0.364876 0.161347
v -0.020444 0.538013 0.186195
v -0.007518 0.560679 0.167790
v 0.001395 0.368722 0.145271
v 0.057461 0.372043 0.141252
v 0.029715 0.703663 0.163704
v 0.045834 0.679334 0.144488
v 0.073497 0.374212 0.117170
v 0.047353 0.641146 0.123194
v 0.057718 0.373607 0.088362
v 0.028824 0.666139 0.106887
v -0.040333 0.361569 0.063849
v -0.057872 0.359487 0.064733
v -0.081235 0.351371 0.083195
v -0.070502 0.651740 0.120975
v -0.081514 0.329388 0.152962
v -0.078251 0.599297 0.148637
v -0.071077 0.409639 0.170291
v -0.035170 0.309830 0.189487
v -0.034153 0.521978 0.201380
v -0.000373 0.289041 0.240935
v 0.009474 0.273176 0.280382
v 0.004785 0.380113 0.298728
v 0.006835 0.258563 0.317118
v -0.027910 0.396719 0.389139
v 0.014946 0.231972 0.399885
v 0.007569 0.213145 0.444972
v -0.045289 0.363783 0.419841
v -0.028655 0.253507 0.448454
v -0.051893 0.150830 0.446914
v -0.075357 0.293025 0.432939
v -0.074277 0.174059 0.433847
v -0.071077 0.108143 0.406754
v -0.124137 0.537732 0.385349
v -0.031982 0.476296 0.362035
v -0.002140 0.443019 0.317467
v -0.019817 0.648683 0.270370
v -0.039616 0.711169 0.201757
v -0.071667 0.717597 0.142818
v -0.052812 0.732671 0.116326
v -0.033444 1.021150 0.142149
v -0.002483 0.885448 0.122726
v -0.053323 0.869769 0.135523
v -0.058099 0.953232 0.168915
v -0.045742 0.949103 0.208066
v -0.052191 1.124559 0.180550
v -0.048654 1.348916 0.198156
v -0.038082 0.780049 0.309127
v -0.055656 0.575930 0.365367
v -0.092160 0.594843 0.379924
v -0.086397 1.330280 0.300787
v -0.136845 0.977589 0.344101
v -0.157291 0.581544 0.366257
v -0.169018 0.551618 0.352644
v -0.093627 0.220980 0.390340
v -0.070023 0.144325 0.377699
v -0.062239 0.077993 0.357695
v -0.005043 0.123219 0.306291
v -0.064958 0.068669 0.312892
v -0.036904 0.098452 0.301768
v -0.023941 0.088761 0.298825
v -0.055169 0.055381 0.319429
v -0.057526 0.028462 0.299806
v -0.046331 0.045690 0.281163
v -0.015330 0.020098 0.270926
v -0.006809 0.093216 0.280997
v 0.010822 0.105989 0.296862
v -0.024536 0.158764 0.276970
v 0.012426 0.146029 0.272560
v -0.033632 0.004090 0.308190
v -0.050455 0.001542 0.302259
v -0.083451 0.001542 0.230142
v -0.134974 0.006994 0.187734
v -0.492359 0.001542 0.089344
v -0.154000 0.000784 0.146553
v -0.076380 0.005850 0.194820
v -0.037437 0.045928 0.212884
v -0.003293 0.087589 0.228601
v -0.007086 0.164158 0.248459
v -0.079243 0.044320 0.167275
v -0.066364 0.022001 0.176668
v -0.102472 0.000862 0.160415
v -0.459976 -0.000631 0.003823
v -0.535371 0.010157 0.062852
v -0.507794 0.013547 -0.013312
v -0.555410 0.010271 0.046009
v -0.528890 0.022001 -0.033303
v -0.560008 0.007469 -0.011057
v -0.501786 0.027385 -0.057832
v -0.498107 0.008256 -0.074482
v -0.445223 0.001542 -0.100022
v -0.416108 0.009086 -0.071645
v -0.266453 0.004383 -0.016441
v -0.407224 0.058776 -0.040493
v -0.394312 0.062469 -0.020221
v -0.499736 0.022186 -0.021442
v -0.409800 0.010947 -0.015253
v -0.289327 0.010544 0.060235
v -0.128715 0.017070 0.148270
v -0.102895 0.020924 0.166857
v -0.057225 0.515778 0.199808
v -0.066821 0.235969 0.194344
v -0.078604 0.193224 0.187094
v -0.028567 0.403558 0.241157
v -0.046331 0.487167 0.260068
v -0.054907 0.739186 0.232365
v -0.051613 0.670061 0.213213
v -0.081408 1.211493 0.232746
v -0.080268 0.595739 0.264025
v -0.125431 1.135274 0.250546
v -0.073902 1.476898 0.210889
v -0.068985 1.262028 0.202841
v -0.072773 1.149921 0.190033
v -0.107177 0.257778 0.190428
v -0.134446 0.242799 0.199562
v -0.129119 0.030313 0.182122
v -0.149442 0.396718 0.211500
v -0.107794 0.826527 0.188832
v -0.179407 0.474649 0.261669
v -0.198935 0.282580 0.261049
v -0.208974 0.173332 0.253618
v -0.229875 0.088367 0.234081
v -0.217498 0.230442 0.264336
v -0.206595 0.396718 0.270861
v -0.224828 0.354781 0.269121
v -0.236055 0.131832 0.248785
v -0.247839 0.057535 0.218859
v -0.172421 0.016617 0.159989
v -0.276710 0.025231 0.083457
v -0.388234 0.024213 0.004935
v -0.385919 0.039046 0.032711
v -0.319776 0.015577 0.108703
v -0.282426 0.028399 0.181926
v -0.269127 0.021771 0.182282
v -0.240245 0.142512 0.230579
v -0.243651 0.190289 0.236531
v -0.276144 0.041984 0.184191
v -0.313822 0.047288 0.126541
v -0.345082 0.060617 0.062192
v -0.363323 0.065072 0.011341
v -0.330471 0.047243 -0.006356
v -0.283191 0.047844 0.071192
v -0.270341 0.004137 0.028388
v -0.234164 0.048702 0.110494
v -0.236644 0.062919 0.159498
v -0.227661 0.054530 0.110863
v -0.257266 0.002619 0.014284
v -0.233871 0.004909 -0.003820
v -0.338987 0.002406 -0.138298
v -0.284201 0.009992 -0.117621
v -0.311473 0.027385 -0.140741
v -0.224860 0.015541 -0.024472
v -0.242941 0.032512 0.028549
v -0.243186 0.143298 0.184823
v -0.233374 0.373168 0.261755
v -0.192122 0.718587 0.271706
v -0.168526 0.883166 0.263277
v -0.149208 1.016505 0.247865
v -0.084629 0.567925 0.186480
v -0.086693 1.526043 0.221810
v -0.079517 1.465046 0.188204
v -0.160548 0.988935 0.282270
v -0.170962 0.811588 0.289969
v -0.164868 1.046591 0.306144
v -0.147863 0.568609 0.276929
v -0.103677 0.551490 0.270605
v 0.006584 0.127157 0.288195
v -0.069896 0.385153 0.277470
v -0.118330 0.372039 0.272363
v -0.162404 0.550697 0.293428
v -0.053488 0.240126 0.266135
v -0.077265 0.250518 0.281278
v -0.124190 0.337451 0.317256
v -0.139906 0.380920 0.355444
v -0.177710 0.576758 0.324580
v -0.158608 0.468998 0.315808
v -0.179454 0.690699 0.336582
v -0.160736 0.847902 0.345268
v -0.065775 1.545635 0.245351
v -0.056347 1.346432 0.221802
v -0.033443 1.336648 0.183468
v 0.011380 1.376568 0.231859
v 0.013711 1.047225 0.169984
v 0.004711 0.872061 0.199310
v 0.018562 0.967966 0.178340
v 0.007658 1.230118 0.233279
v -0.005087 0.915723 0.229161
v 0.020066 1.269655 0.255618
v 0.033212 1.162304 0.265465
v -0.012388 0.833350 0.252381
v 0.012196 1.147964 0.260315
v -0.004378 0.933191 0.260889
v 0.065820 0.804341 0.192117
v 0.106730 0.719618 -0.105647
v 0.060619 0.718919 -0.094468
v 0.129934 0.915419 -0.115441
v 0.175486 0.876294 -0.132495
v 0.103655 1.008791 -0.110701
v 0.096846 1.014786 -0.083833
v 0.101626 0.959500 -0.072834
v 0.135081 0.782811 -0.079981
v 0.071510 0.658374 -0.054889
v 0.080612 0.792078 -0.055130
v 0.044226 0.636399 -0.054909
v 0.047206 0.723315 -0.080461
v 0.082705 0.892034 -0.103457
v 0.062958 0.805756 -0.098545
v 0.076935 0.926348 -0.081176
v -0.013927 0.228980 -0.335105
v -0.052812 0.156598 -0.333542
v -0.012787 0.205032 -0.350124
v -0.045655 0.073242 -0.322407
v -0.003030 0.153594 -0.328916
v -0.010389 0.163058 -0.346297
v 0.016714 0.280427 -0.344825
v 0.010309 0.287792 -0.318724
v 0.039954 0.579272 -0.243143
v 0.013179 0.607766 -0.141722
v 0.054211 1.101043 -0.143969
v 0.034882 0.548890 -0.280794
v 0.015536 0.353647 -0.298710
v 0.013768 0.329958 -0.329127
v 0.023544 0.351724 -0.328935
v 0.059726 1.072932 -0.168705
v 0.044407 1.234635 -0.133460
v 0.095161 1.565101 -0.163178
v 0.082513 1.581396 -0.144986
v 0.017955 1.199819 -0.198922
v 0.042808 1.357975 -0.220799
v 0.036620 1.450621 -0.171290
v 0.046861 1.515809 -0.150425
v 0.063307 1.588691 -0.146929
v 0.095703 1.580442 -0.207295
v 0.066303 1.123616 -0.217095
v 0.082873 1.167610 -0.245094
v 0.042214 0.551960 -0.301750
v 0.068786 0.661242 -0.302040
v 0.103176 1.535855 -0.218044
v 0.095078 1.703921 -0.176064
v 0.084618 1.704243 -0.168629
v 0.049667 1.484892 -0.214948
v 0.045797 1.620362 -0.180391
v 0.034108 1.654993 -0.211067
v 0.026731 1.766374 -0.191762
v 0.006856 1.764898 -0.178541
v 0.034869 1.862537 -0.158944
v -0.040439 1.575785 -0.158893
v -0.026887 1.684539 -0.175082
v -0.064648 1.466612 -0.164272
v -0.066614 1.510107 -0.207131
v -0.043974 0.819890 -0.239840
v -0.030934 0.554663 -0.275752
v -0.041372 0.542294 -0.343595
v -0.059390 0.537761 -0.362617
v -0.050455 1.216143 -0.231500
v -0.071704 1.541172 -0.214999
v -0.056937 1.551019 -0.171158
v -0.062049 1.705166 -0.178141
v -0.047485 1.783886 -0.174230
v 0.047942 1.795446 -0.171648
v 0.051849 1.691514 -0.174933
v 0.100970 1.785755 -0.165271
v 0.027909 1.966653 -0.118174
v -0.076974 2.136091 -0.056457
v -0.039850 2.113095 -0.079418
v -0.089349 2.163301 -0.014494
v -0.160070 1.892768 0.098571
v -0.150151 1.810354 0.146047
v -0.166965 1.762013 0.177774
v -0.160773 1.712978 0.161809
v -0.155551 1.973781 0.050407
v -0.122081 2.077873 0.018521
v -0.073325 2.086486 -0.073906
v -0.018490 2.018754 -0.104557
v -0.068737 1.702148 -0.196444
v -0.081500 0.526551 -0.357799
v -0.093946 0.620995 -0.323739
v -0.083989 0.511113 -0.335167
v -0.045152 0.478553 -0.278106
v -0.158280 1.755606 0.185990
v -0.120493 2.055835 -0.041611
v -0.079112 0.579954 -0.292355
v -0.053401 0.559311 -0.269766
v -0.041612 0.464236 -0.254326
v -0.062703 0.635544 -0.229785
v -0.062847 0.417265 -0.182924
v -0.071077 0.565772 -0.159384
v -0.053518 0.375920 -0.116234
v -0.052812 0.457017 -0.131420
v -0.065224 0.610126 -0.116170
v -0.058497 0.808964 -0.141839
v -0.063418 0.361185 -0.105910
v -0.071526 0.810529 -0.210194
v -0.062876 0.918094 -0.172579
v -0.073294 0.633750 -0.111275
v -0.076773 0.519307 -0.106236
v -0.087403 0.476375 -0.110243
v -0.078737 0.343956 -0.115721
v -0.096413 0.449480 -0.130439
v -0.086986 0.320267 -0.146138
v -0.076775 0.292653 -0.184124
v -0.039992 0.335956 -0.270439
v -0.032144 0.237174 -0.261078
v -0.031412 0.206657 -0.299474
v -0.040783 0.324676 -0.284378
v -0.083844 0.465915 -0.192226
v -0.094300 0.571465 -0.126853
v -0.075346 0.985342 -0.134125
v -0.090244 1.490864 -0.176245
v -0.079530 0.903538 -0.217125
v -0.095180 1.628947 -0.185069
v -0.097968 0.743702 -0.294254
v -0.080424 1.168825 -0.268442
v -0.090436 1.740853 -0.191065
v -0.100080 1.489170 -0.157586
v -0.120441 1.455663 -0.148196
v -0.116882 1.184490 -0.139905
v -0.123486 1.060293 -0.152665
v -0.078737 0.651913 -0.228066
v -0.112936 1.056994 -0.208669
v -0.124135 1.141445 -0.159296
v -0.071093 0.564753 -0.265258
v -0.079671 0.564429 -0.275156
v -0.051434 0.305290 -0.295081
v -0.059626 0.174258 -0.299624
v -0.088583 0.318661 -0.266576
v -0.076215 0.130460 -0.260975
v -0.096413 0.089838 -0.219235
v -0.135748 0.061588 -0.148707
v -0.104610 0.057615 -0.171601
v -0.122338 0.049997 -0.158893
v -0.150758 0.031332 -0.187919
v -0.131766 0.037076 -0.193234
v -0.149442 0.039230 -0.211386
v -0.171242 0.030615 -0.252104
v -0.211308 0.030615 -0.330108
v -0.214843 0.030615 -0.225613
v -0.256734 0.034390 -0.314914
v -0.235585 0.028263 -0.385327
v -0.294386 0.059688 -0.366411
v -0.249175 0.054176 -0.423006
v -0.318592 0.073789 -0.374036
v -0.265531 0.025302 -0.435131
v -0.317365 0.017694 -0.447849
v -0.305581 0.035999 -0.429206
v -0.325614 0.018771 -0.427244
v -0.311473 0.019848 -0.404186
v -0.304403 0.026308 -0.334523
v -0.301521 0.042211 -0.344164
v -0.278478 0.034922 -0.285955
v -0.311473 0.051074 -0.399771
v -0.326545 0.045123 -0.385103
v -0.306367 0.046635 -0.336744
v -0.339755 0.061842 -0.372789
v -0.345124 0.074128 -0.323516
v -0.291689 0.087537 -0.333432
v -0.365936 0.046895 -0.296535
v -0.377463 0.032519 -0.276053
v -0.342112 0.024155 -0.299201
v -0.318342 0.029109 -0.257424
v -0.271308 0.030995 -0.237277
v -0.369804 0.031692 -0.232972
v -0.268195 0.057572 -0.176458
v -0.304992 0.049997 -0.149572
v -0.261848 0.034277 -0.109687
v -0.326792 0.057535 -0.135835
v -0.369072 0.053434 -0.178116
v -0.371975 0.068054 -0.160354
v -0.256526 0.105978 -0.146631
v -0.282120 0.058169 -0.110912
v -0.248428 0.045690 -0.098060
v -0.202470 0.066149 -0.106400
v -0.196151 0.090369 -0.115157
v -0.190097 0.084454 -0.092664
v -0.211760 0.500821 -0.141112
v -0.215540 0.153457 -0.134249
v -0.337987 0.140446 -0.146138
v -0.356253 0.249200 -0.138288
v -0.387099 0.076594 -0.169908
v -0.391624 0.046736 -0.210172
v -0.388321 0.049522 -0.236606
v -0.296512 0.047136 -0.267243
v -0.219557 0.077993 -0.254557
v -0.352128 0.044613 -0.239349
v -0.381870 0.069368 -0.210454
v -0.398634 0.077898 -0.191730
v -0.370636 0.326737 -0.152484
v -0.377230 0.255444 -0.177908
v -0.384134 0.109057 -0.218200
v -0.356168 0.085079 -0.232201
v -0.301457 0.061842 -0.233953
v -0.292868 0.122913 -0.246425
v -0.250196 0.061842 -0.236896
v -0.229247 0.082211 -0.215806
v -0.190636 0.102499 -0.210318
v -0.194251 0.075467 -0.224364
v -0.280878 0.070019 -0.335659
v -0.246220 0.047236 -0.267754
v -0.184532 0.098376 -0.202599
v -0.187095 0.145901 -0.199749
v -0.262683 0.151957 -0.244647
v -0.298399 0.338031 -0.233863
v -0.344310 0.314850 -0.216157
v -0.362718 0.324780 -0.192667
v -0.318100 0.726721 -0.197618
v -0.327926 0.791963 -0.182109
v -0.340794 0.717811 -0.164193
v -0.332613 0.840019 -0.138698
v -0.253234 1.557535 -0.153806
v -0.274279 1.413708 -0.159628
v -0.307664 1.273366 -0.144770
v -0.312359 1.048989 -0.122571
v -0.309116 1.267828 -0.128967
v -0.274128 1.551409 -0.138046
v -0.247250 1.289363 -0.167724
v -0.221324 0.263659 -0.228751
v -0.203025 0.249119 -0.211086
v -0.187740 0.191055 -0.184403
v -0.205210 0.079148 -0.173131
v -0.192199 0.201617 -0.139371
v -0.216022 0.660528 -0.180479
v -0.227217 1.356123 -0.150553
v -0.221872 1.555461 -0.142925
v -0.242987 1.662184 -0.132270
v -0.240404 1.819504 -0.082520
v -0.247465 1.711945 -0.093054
v -0.278677 1.574268 -0.110071
v -0.283913 1.475623 -0.103473
v -0.279709 1.344685 -0.102456
v -0.329164 0.671836 -0.123572
v -0.347315 0.563412 -0.135777
v -0.329766 0.406404 -0.126299
v -0.280535 0.139523 -0.150901
v -0.232973 0.611187 -0.145785
v -0.294070 0.844556 -0.112671
v -0.232504 0.851211 -0.129135
v -0.257382 1.241787 -0.104355
v -0.231369 1.158808 -0.112818
v -0.216513 1.503939 -0.087581
v -0.260534 1.577017 -0.090150
v -0.244459 1.626930 -0.088646
v -0.225122 1.632671 -0.066871
v -0.219837 1.880384 -0.008685
v -0.209105 1.192119 -0.106861
v -0.212067 0.935489 -0.124411
v -0.195151 0.901844 -0.109359
v -0.194371 0.792022 -0.120771
v -0.195588 0.454762 -0.116019
v -0.201292 0.377336 -0.077946
v -0.213703 0.117174 -0.060981
v -0.219349 0.341770 -0.059328
v -0.269050 0.163058 -0.045077
v -0.315008 0.201822 -0.045567
v -0.340659 0.339433 -0.044726
v -0.359788 0.237356 -0.040171
v -0.397482 0.265390 -0.024654
v -0.233069 0.499042 -0.060585
v -0.353850 0.605243 -0.042907
v -0.421654 0.289041 -0.004358
v -0.355805 0.779081 -0.032107
v -0.436907 0.313832 0.024747
v -0.435083 0.330726 0.050262
v -0.412307 0.347889 0.074462
v -0.278183 0.993577 -0.045534
v -0.392852 0.631131 0.027410
v -0.194258 0.895527 -0.098394
v -0.206005 0.934028 -0.081380
v -0.218823 1.287301 -0.047768
v -0.295099 1.330573 -0.024481
v -0.234969 1.600549 -0.037227
v -0.269586 1.575332 -0.012073
v -0.205114 1.461944 -0.058432
v -0.202815 1.251117 -0.092683
v -0.228195 1.807601 -0.027366
v -0.273849 1.581808 0.001442
v -0.233910 1.835372 -0.101251
v -0.222288 1.764558 -0.121180
v -0.220736 1.641468 -0.125533
v -0.211057 1.569664 -0.112935
v -0.187726 0.403079 -0.150841
v -0.172758 0.429178 -0.127363
v -0.161473 0.849447 -0.114023
v -0.193447 0.089891 -0.146369
v -0.167707 0.206129 -0.125533
v -0.197968 0.042890 -0.182235
v -0.224860 0.041383 -0.216292
v -0.212487 0.062919 -0.195196
v -0.143336 0.463355 -0.110628
v -0.138414 0.624130 -0.113672
v -0.195534 1.553772 -0.105499
v -0.189043 1.586934 -0.111847
v -0.159227 1.236759 -0.115682
v -0.175367 1.575785 -0.124061
v -0.183988 1.695552 -0.145443
v -0.151404 1.241780 -0.130402
v -0.160855 1.347646 -0.146037
v -0.122841 0.805832 -0.126789
v -0.118456 0.496150 -0.128013
v -0.135058 0.268572 -0.125287
v -0.118401 0.132851 -0.152121
v -0.096957 0.187664 -0.184219
v -0.104846 0.518898 -0.276681
v -0.125704 0.949530 -0.251810
v -0.133992 0.837568 -0.254261
v -0.109066 0.443193 -0.257438
v -0.096413 0.366569 -0.195687
v -0.140604 0.743439 -0.242293
v -0.121160 0.689600 -0.183913
v -0.180107 1.583934 -0.189720
v -0.174782 1.235653 -0.198053
v -0.164434 1.274002 -0.217801
v -0.112963 0.976071 -0.241395
v -0.135561 1.426548 -0.166298
v -0.141244 1.412843 -0.195563
v -0.150622 1.333516 -0.216455
v -0.145988 1.720155 -0.162987
v -0.155650 1.537876 -0.193956
v -0.174976 1.790749 -0.150357
v -0.162404 1.616702 -0.186366
v -0.118803 1.565017 -0.149572
v -0.108092 1.681151 -0.165276
v -0.096973 1.778095 -0.172371
v -0.079761 1.780464 -0.190442
v -0.080585 1.928669 -0.126076
v -0.101127 1.996803 -0.091683
v -0.175908 1.956893 -0.011599
v -0.172557 1.952930 -0.055897
v -0.205896 1.852870 0.060338
v -0.198926 1.820702 0.095632
v -0.215665 1.698042 0.109218
v -0.189640 1.668571 0.132788
v -0.243843 1.416275 0.129188
v -0.171382 1.910341 -0.093169
v -0.246530 1.473114 0.110639
v -0.209355 1.754813 0.074790
v -0.216244 1.789814 0.031262
v -0.214719 1.637012 0.028549
v -0.203207 1.520652 0.041866
v -0.224263 1.463945 0.082316
v -0.247476 1.359564 0.096765
v -0.217780 1.323560 0.074261
v -0.233656 1.098645 0.101414
v -0.224818 0.960577 0.089762
v -0.228198 0.938571 0.106205
v -0.245715 1.041982 0.113616
v -0.275568 1.169076 0.101492
v -0.311644 0.923688 0.104614
v -0.294975 1.102005 0.112892
v -0.312858 0.914695 0.128513
v -0.265351 1.160243 0.135839
v -0.212146 1.316834 0.138315
v -0.158510 1.515188 0.132855
v -0.165350 1.610241 0.170291
v -0.142256 1.433745 0.146164
v -0.133259 1.337056 0.160044
v -0.167394 1.490264 0.169098
v -0.151799 1.316282 0.165385
v -0.127426 1.183757 0.146978
v -0.157101 1.321666 0.134969
v -0.295520 0.889280 0.146115
v -0.218919 0.724351 0.105950
v -0.196269 0.620308 0.080612
v -0.218056 0.805179 0.079637
v -0.242942 1.125350 0.049851
v -0.227043 1.170917 0.004179
v -0.222704 1.157915 -0.020425
v -0.214415 1.382230 -0.000168
v -0.240179 1.709305 0.015265
v -0.338778 0.635292 0.097674
v -0.224722 1.499530 0.011287
v -0.255499 1.576861 0.019190
v -0.243630 1.459679 0.015310
v -0.266564 1.332671 0.030252
v -0.244733 1.100801 0.019870
v -0.248368 0.716389 0.035968
v -0.233919 1.143322 -0.035186
v -0.247872 0.488049 0.005254
v -0.243504 0.487886 0.017743
v -0.242648 0.796637 0.011817
v -0.241947 0.489321 -0.013679
v -0.237041 1.015981 0.001686
v -0.210700 0.972858 -0.036392
v -0.239313 1.077820 -0.039477
v -0.249057 1.219450 -0.017031
v -0.247915 1.323966 0.007267
v -0.273919 1.084202 0.048303
v -0.285126 1.481872 0.018833
v -0.229579 1.827111 0.003720
v -0.325253 1.253253 0.005088
v -0.349771 0.973365 -0.017360
v -0.309502 0.876025 0.075400
v -0.377464 0.602382 0.067268
v -0.287263 0.793848 0.080266
v -0.268102 0.701106 0.073289
v -0.185383 0.715443 -0.066663
v -0.206908 0.751075 -0.064080
v -0.173515 0.691933 -0.060830
v -0.180696 0.701625 -0.035096
v -0.232520 0.624994 -0.008773
v -0.175393 0.492406 -0.063619
v -0.160047 0.521624 -0.075984
v -0.165939 0.492551 -0.095117
v -0.184244 0.600173 -0.078991
v -0.181259 0.493628 -0.093645
v -0.214881 0.474449 -0.053817
v -0.245010 0.765793 -0.043596
v -0.270229 0.458094 -0.028397
v -0.278689 0.469588 -0.016476
v -0.272893 0.447482 -0.001715
v -0.252360 0.541287 0.040033
v -0.233923 0.433429 0.035815
v -0.271376 0.814839 0.009211
v -0.259561 0.697117 0.051796
v -0.248605 0.492185 0.060711
v -0.260131 0.414878 0.060113
v -0.375350 0.456857 0.079266
v -0.346924 0.376250 0.071616
v -0.272221 0.567571 0.077502
v -0.263747 0.957717 0.035870
v 0.032854 0.281814 -0.338624
v 0.042901 0.280743 -0.311098
v 0.065291 0.371350 -0.311387
v 0.060817 0.339054 -0.224213
v -0.005513 0.170798 -0.291982
v 0.018053 0.204380 -0.219591
v -0.033246 0.104336 -0.193951
v -0.097754 0.035584 -0.254945
v -0.018339 0.146971 -0.266056
v 0.073583 0.492197 -0.319161
v 0.101997 0.611058 -0.289064
v 0.090407 0.540635 -0.217523
v 0.118434 0.752076 -0.265599
v 0.107736 0.705815 -0.289543
v 0.135144 1.162304 -0.232481
v 0.134555 1.532714 -0.209423
v 0.129154 1.711417 -0.155656
v 0.157534 1.619932 -0.138779
v 0.167295 1.562307 -0.166889
v 0.189351 1.451956 -0.198140
v 0.165578 1.685040 -0.144649
v 0.120683 1.608722 -0.209156
v 0.126340 1.394445 -0.232278
v 0.083656 0.628131 -0.305350
v -0.100452 1.362738 0.184692
v -0.120999 1.124274 0.205381
v -0.140798 1.396631 0.243218
v -0.173922 1.215168 0.254020
v -0.115938 1.342108 0.194798
v -0.116408 1.603321 0.195457
v -0.131002 1.533992 0.232386
v -0.150031 1.520869 0.239463
v -0.094075 1.537488 0.186792
v -0.188458 1.182934 0.244889
v -0.161634 1.524745 0.227972
v -0.192556 1.170178 0.232914
v -0.131802 1.714063 0.183415
v -0.130319 1.646457 0.185488
v -0.144728 1.716842 0.176668
v -0.143212 1.614038 0.178354
v -0.170843 1.590538 0.199153
v -0.181848 1.633930 0.194820
v -0.183543 1.658104 0.181157
v -0.209622 1.510090 0.166557
v -0.218535 1.517038 0.181641
v -0.132355 0.997558 0.176668
v -0.114960 1.066822 0.171184
v -0.111764 1.095036 0.162485
v -0.111989 1.001643 0.156022
v -0.151384 1.037481 0.153487
v -0.183430 0.959884 0.141975
v -0.243715 1.029861 0.138893
v -0.162993 0.929721 0.160970
v -0.269613 0.708438 0.124814
v -0.346060 0.594069 0.143802
v -0.202969 0.664393 0.114763
v -0.188456 0.459003 0.078677
v -0.099950 0.780403 0.158947
v -0.109376 0.759591 0.169310
v -0.135216 0.710007 0.165458
v -0.225449 1.010479 0.151158
v -0.244304 1.299054 0.168819
v -0.198259 1.574280 0.203304
v -0.129085 0.568339 0.105628
v -0.228789 1.398480 0.199146
v -0.127641 1.541328 0.174706
v -0.130993 1.474565 0.187862
v -0.181302 1.240795 0.222372
v -0.135890 1.364737 0.181574
v -0.156222 1.380130 0.181386
v -0.229695 1.198742 0.211009
v -0.280781 1.004552 0.202162
v -0.256619 1.255707 0.185660
v -0.279193 0.978969 0.169006
v -0.268926 0.645501 0.134337
v -0.197757 0.656220 0.128100
v -0.305706 0.662098 0.150629
v -0.315598 0.712213 0.167347
v -0.297332 0.573309 0.130063
v -0.333703 0.465618 0.122413
v -0.192673 0.458600 0.095613
v -0.171768 0.488470 0.109812
v -0.224871 0.300091 0.048482
v -0.172358 0.623052 0.129886
v -0.115906 0.528638 0.162794
v -0.138247 0.450557 0.148214
v -0.124271 0.273499 0.120801
v -0.156335 0.262868 0.100894
v -0.215470 0.202664 0.026373
v -0.099752 0.630925 0.156386
v -0.099299 0.322797 0.114981
v -0.091997 0.230459 0.097652
v -0.124903 0.199685 0.097707
v -0.183928 0.186631 0.049463
v -0.206595 0.139369 0.017228
v -0.241205 0.115281 0.001907
v -0.284032 0.159656 0.003605
v -0.258548 0.106630 -0.040794
v -0.299745 0.083319 -0.102665
v -0.320533 0.090199 -0.103928
v -0.351539 0.070456 -0.123080
v -0.352128 0.109220 -0.075003
v -0.362734 0.061842 -0.121118
v -0.102544 0.376790 0.102025
v -0.348494 0.138675 -0.087279
v -0.317365 0.163058 -0.049001
v -0.338499 0.238414 -0.008216
v -0.322668 0.216897 0.012812
v -0.306953 0.229284 0.029243
v -0.350499 0.383981 0.099200
v -0.356830 0.331383 0.063425
v -0.361898 0.394541 0.114374
v -0.343991 0.532598 0.153084
v -0.345825 0.451016 0.147655
v -0.364611 0.334380 0.092108
v -0.324574 0.656927 0.181906
v -0.294386 0.809122 0.203651
v -0.313057 0.558852 0.174697
v -0.340843 0.369335 0.117939
v -0.291045 0.402747 0.115428
v -0.320900 0.318114 0.085419
v -0.205979 0.455375 0.112220
v -0.368636 0.225355 0.003244
v -0.364502 0.229818 -0.012207
v -0.357673 0.149134 -0.067237
v -0.349771 0.089838 -0.044096
v -0.365091 0.082300 -0.083343
v -0.362145 0.057535 -0.095607
v -0.342399 0.038559 -0.110350
v -0.317954 0.046767 -0.085305
v -0.349182 0.025231 -0.099532
v -0.306170 0.032769 -0.058813
v -0.277212 0.027065 -0.049127
v -0.327405 0.017876 -0.116254
v -0.284959 0.024155 -0.101494
v -0.314419 0.032769 -0.129948
v -0.234876 0.029539 -0.034774
v -0.313026 0.063031 -0.069535
v -0.223241 0.049074 -0.010496
v -0.209541 0.059688 0.022624
v -0.203126 0.069227 0.042987
v -0.246112 0.065673 0.055729
v -0.251374 0.065072 0.071192
v -0.251132 0.293942 0.218723
v -0.261391 0.175980 0.167838
v -0.216202 0.564060 0.270153
v -0.207437 0.897018 0.253118
v -0.219968 0.559712 0.254560
v -0.227217 0.516240 0.246332
v -0.239461 0.293692 0.200547
v -0.200703 0.197515 0.114855
v -0.204436 0.483405 0.209131
v -0.212487 0.801585 0.230142
v -0.200528 0.915391 0.224471
v -0.146496 1.250599 0.212972
v -0.141708 1.219761 0.199514
v -0.154847 0.958792 0.210493
v -0.149395 0.963899 0.194613
v -0.153781 1.301960 0.179509
v -0.278630 0.742260 0.195863
v -0.233155 0.641325 0.147524
v -0.213076 0.619610 0.138403
v -0.182152 0.823706 0.161971
v -0.217660 0.843873 0.167870
v -0.191427 1.023388 0.174620
v -0.173583 0.467130 0.128125
v -0.197272 0.339040 0.089524
v -0.173657 0.370094 0.131548
v -0.194628 0.212327 0.071288
v -0.227576 0.148521 0.026312
v -0.233698 0.271812 0.056965
v -0.311144 0.217316 0.039439
v -0.281424 0.141523 0.018209
v -0.296275 0.062289 -0.008259
v -0.308880 0.153136 0.001449
v -0.263923 0.080034 0.020898
v -0.200632 0.128457 0.046880
v -0.337037 0.070049 -0.064323
v -0.283780 0.062919 -0.038209
v -0.193043 0.194285 0.086400
v -0.158218 0.513247 0.162553
v -0.150620 0.882343 0.198745
v -0.163580 0.601229 0.189337
v -0.176979 0.384522 0.157628
v -0.178607 0.530182 0.189258
v -0.158663 1.004770 0.183894
v -0.093788 0.248490 0.080070
v -0.115268 0.266429 0.066777
v -0.099530 0.597724 0.133656
v -0.193521 0.320510 0.044264
v -0.216451 0.335890 0.042958
v -0.343081 0.490232 0.115215
v -0.352128 0.409639 0.092778
v -0.396661 0.434403 0.126313
v -0.359596 0.601113 0.144261
v -0.332144 0.805698 0.136265
v -0.355074 0.651913 0.111911
v -0.399265 0.444096 0.112892
v -0.372542 0.451123 0.096902
v -0.240831 0.740987 0.110292
v -0.288992 0.557865 0.094842
v -0.194569 0.480663 0.067215
v -0.186562 0.483937 0.058928
v -0.204460 0.623344 0.062736
v -0.191275 0.503319 0.047154
v 0.204564 1.412011 -0.192113
v 0.186491 0.735600 -0.263176
v 0.165272 0.558010 -0.297261
v 0.143891 0.330475 -0.305650
v 0.135188 0.438093 -0.318117
v 0.099218 0.319300 -0.330997
v 0.065530 0.266608 -0.326992
v 0.125128 0.516240 -0.311956
v 0.175643 0.760576 -0.282756
v 0.156312 0.756247 -0.286313
v 0.175799 0.032769 -0.171648
v 0.155703 0.036281 -0.153256
v 0.133196 0.034790 -0.101667
v 0.165783 0.074763 -0.121608
vn -0.7944 -0.0202 -0.6070
vn -0.5505 0.0156 -0.8347
vn -0.7438 -0.0463 -0.6668
vn -0.6639 0.0612 -0.7453
vn -0.8776 -0.0150 -0.4791
vn -0.6117 0.7900 0.0419
vn -0.7836 0.5994 -0.1635
vn -0.6773 0.4638 -0.5712
vn -0.6449 0.1303 -0.7531
vn -0.8026 0.0270 -0.5959
vn 0.0778 0.2846 0.9555
vn -0.8208 0.5603 0.1113
vn -0.7758 0.2809 0.5650
vn -0.7735 0.3517 -0.5272
vn -0.4412 0.0959 -0.8923
vn 0.3756 0.0767 -0.9236
vn 0.3787 0.2275 -0.8971
vn 0.6662 0.0512 -0.7440
vn 0.9373 0.2414 -0.2514
vn 0.9894 0.1212 0.0801
vn 0.9949 0.0896 -0.0463
vn -0.3211 -0.8207 0.4726
vn 0.0108 -0.9944 0.1049
vn 0.1771 -0.4139 0.8929
vn 0.1439 0.4205 -0.8958
vn -0.7153 0.3105 -0.6261
vn 0.4381 0.8577 0.2692
vn -0.1145 0.9558 -0.2709
vn -0.2150 0.9758 -0.0390
vn -0.8963 0.2162 -0.3871
vn -0.8633 0.3996 -0.3081
vn -0.8833 0.3731 -0.2837
vn -0.6866 0.6395 -0.3458
vn -0.2181 0.4606 -0.8604
vn -0.7796 0.2847 -0.5579
vn 0.4221 0.2163 -0.8803
vn -0.7286 -0.0357 -0.6840
vn -0.6080 0.0520 -0.7922
vn -0.1840 0.1199 -0.9756
vn -0.7618 -0.0345 -0.6469
vn 0.5033 0.1063 -0.8576
vn 0.0612 0.1364 -0.9888
vn 0.8739 0.0778 -0.4798
vn -0.8779 0.1288 0.4613
vn -0.9947 0.0574 -0.0849
vn -0.9195 0.0708 0.3867
vn -0.0968 0.9774 -0.1878
vn -0.5338 0.8452 0.0260
vn -0.1795 0.5521 -0.8142
vn -0.6786 0.1939 -0.7085
vn -0.8422 0.1615 -0.5144
vn -0.8863 0.2923 -0.3592
vn 0.8406 0.4326 -0.3261
vn 0.9027 -0.4238 0.0743
vn -0.8269 0.4641 -0.3176
vn 0.9097 -0.2229 -0.3505
vn 0.9641 -0.2100 -0.1624
vn 0.6501 -0.3245 -0.6871
vn -0.0421 -0.9979 -0.0496
vn 0.1310 -0.9800 0.1501
vn 0.7480 -0.6558 -0.1019
vn 0.7571 -0.5359 0.3736
vn 0.9334 -0.3570 -0.0359
vn 0.2184 0.8842 -0.4130
vn 0.4815 0.8722 -0.0866
vn 0.6826 0.6694 0.2932
vn 0.9097 0.3962 0.1243
vn 0.7349 -0.6778 -0.0228
vn -0.0232 -0.9997 0.0107
vn 0.2978 0.8378 0.4575
vn -0.2805 0.9561 0.0848
vn -0.4924 0.7901 -0.3651
vn 0.5577 -0.8141 0.1617
vn 0.9001 0.3774 0.2175
vn 0.4690 0.6976 -0.5417
vn -0.1660 0.9137 -0.3710
vn -0.5125 0.5759 -0.6369
vn 0.6085 0.7762 -0.1649
vn -0.4836 0.5157 -0.7073
vn -0.1602 0.9656 -0.2050
vn -0.3132 0.5325 -0.7863
vn 0.4473 0.4675 -0.7625
vn -0.4286 0.7970 -0.4256
vn 0.4026 0.2027 -0.8926
vn -0.1026 -0.9900 -0.0968
vn 0.2755 -0.9249 0.2619
vn -0.3168 -0.9265 -0.2031
vn -0.8931 -0.4374 -0.1057
vn -0.2977 -0.9546 -0.0036
vn -0.8845 0.2767 -0.3756
vn -0.6648 0.5952 -0.4514
vn -0.7930 -0.2545 -0.5536
vn -0.9334 -0.3359 -0.1260
vn -0.8871 0.4304 -0.1667
vn -0.6336 0.7703 -0.0722
vn 0.4024 0.3480 -0.8468
vn 0.2603 0.7867 -0.5597
vn -0.9676 -0.2526 -0.0044
vn 0.8363 -0.1186 0.5353
vn 0.8899 -0.0088 0.4560
vn 0.8136 -0.1638 0.5579
vn -0.2958 -0.4972 -0.8157
vn -0.0380 -0.5396 -0.8410
vn 0.1027 -0.9936 -0.0470
vn -0.1665 -0.7970 -0.5806
vn -0.9844 0.1243 0.1247
vn -0.8545 0.2885 0.4321
vn -0.8971 0.4294 0.1039
vn -0.1680 -0.9623 -0.2140
vn -0.0031 -0.0041 -1.0000
vn 0.0466 0.1917 -0.9803
vn 0.9964 0.0548 -0.0645
vn 0.8862 -0.0862 0.4553
vn 0.9468 -0.0107 0.3216
vn 0.4816 0.7876 -0.3844
vn -0.0576 0.9977 0.0346
vn -0.3074 0.6464 -0.6983
vn 0.5153 0.7227 -0.4606
vn -0.4869 0.3693 -0.7915
vn -0.7531 -0.0630 -0.6548
vn 0.9075 0.3414 0.2447
vn 0.9906 -0.0380 0.1318
vn 0.7320 0.6372 0.2411
vn -0.1504 0.9886 0.0031
vn -0.6521 0.7529 0.0888
vn 0.4794 0.8701 -0.1145
vn 0.9211 -0.3861 -0.0499
vn -0.6600 0.2647 0.7031
vn -0.8310 -0.0437 0.5546
vn -0.3871 -0.0824 0.9184
vn 0.9794 0.1659 0.1149
vn 0.5919 0.7475 -0.3014
vn 0.7900 -0.5296 -0.3090
vn 0.7741 -0.3846 -0.5028
vn 0.8672 -0.4270 0.2563
vn 0.7777 -0.0596 -0.6258
vn 0.1097 0.0273 -0.9936
vn 0.8379 -0.1404 -0.5275
vn 0.7295 -0.6639 -0.1648
vn 0.6640 0.2835 -0.6920
vn 0.6684 0.1047 -0.7364
vn 0.9542 -0.2991 0.0052
vn 0.7614 -0.2506 0.5979
vn 0.8095 0.0371 0.5860
vn 0.8929 -0.1577 0.4217
vn 0.8921 0.3891 -0.2297
vn 0.8738 0.3411 -0.3466
vn 0.7480 0.3851 -0.5406
vn 0.8338 0.2259 -0.5038
vn 0.9421 0.1046 0.3185
vn 0.7792 0.0598 0.6239
vn 0.9735 0.1372 0.1829
vn 0.9677 0.1274 -0.2173
vn 0.7864 0.1870 -0.5887
vn 0.8307 -0.4328 0.3502
vn 0.5371 -0.7278 0.4264
vn 0.7245 -0.4162 0.5495
vn 0.8736 -0.4852 -0.0389
vn 0.8046 0.5922 0.0434
vn 0.4842 0.8240 -0.2943
vn 0.7882 0.5987 0.1428
vn 0.4295 0.8819 -0.1946
vn 0.9100 -0.4003 0.1078
vn 0.9883 0.1312 -0.0777
vn 0.0352 -0.9353 0.3521
vn 0.9414 -0.1984 0.2728
vn 0.2876 -0.6596 0.6944
vn -0.0710 0.9966 -0.0421
vn -0.0113 0.9999 0.0062
vn -0.4419 0.8971 0.0060
vn 0.6161 0.7069 0.3474
vn -0.7807 0.5906 -0.2044
vn -0.5660 0.3659 -0.7388
vn -0.0868 0.9081 0.4096
vn -0.6504 0.7540 0.0916
vn 0.4588 0.7950 0.3968
vn -0.0539 0.8968 0.4392
vn 0.0451 0.9989 -0.0147
vn 0.4119 0.7241 0.5531
vn 0.3692 0.8497 0.3764
vn -0.3616 0.8468 -0.3902
vn -0.0702 -0.2174 0.9736
vn 0.6555 0.5359 0.5321
vn -0.3026 0.4646 0.8322
vn -0.1554 0.9248 -0.3473
vn -0.3343 0.9325 -0.1367
vn 0.3860 0.8882 0.2493
vn 0.5440 0.7732 0.3259
vn 0.3140 0.9488 -0.0348
vn 0.2779 0.7884 0.5488
vn -0.0040 0.9216 0.3881
vn -0.0922 0.9212 0.3780
vn 0.6279 0.7584 0.1748
vn 0.4067 0.8920 -0.1972
vn 0.7491 0.3809 0.5420
vn -0.2744 0.9404 0.2010
vn -0.3767 0.8433 -0.3832
vn 0.0185 0.9868 -0.1610
vn 0.0452 0.9811 -0.1880
vn 0.1582 0.9874 0.0005
vn -0.6218 0.7490 -0.2288
vn -0.3290 0.1156 -0.9372
vn 0.0585 0.0460 -0.9972
vn -0.2636 0.1099 -0.9584
vn 0.7150 0.3859 0.5830
vn 0.1235 -0.9725 0.1974
vn -0.0941 -0.9956 -0.0043
vn 0.2755 -0.9352 0.2224
vn 0.4425 -0.6800 0.5846
vn 0.6841 0.6720 0.2836
vn 0.2927 0.9532 0.0762
vn 0.1366 0.9897 0.0429
vn 0.2898 0.9457 0.1475
vn 0.0045 0.9989 0.0475
vn 0.6914 0.7222 0.0185
vn 0.3509 0.9120 0.2127
vn 0.0884 0.9928 0.0808
vn 0.7095 0.6147 0.3448
vn 0.0525 0.9985 -0.0138
vn -0.4233 0.1752 -0.8889
vn -0.3768 0.2818 -0.8824
vn 0.5873 0.1123 -0.8015
vn -0.4397 0.1353 -0.8879
vn 0.0557 0.2233 -0.9732
vn 0.0643 0.6888 0.7221
vn 0.3763 0.8654 0.3307
vn 0.2926 0.8828 0.3674
vn 0.4346 0.8874 0.1539
vn -0.5697 0.7027 -0.4262
vn -0.3219 0.7023 -0.6350
vn 0.1512 0.9799 -0.1302
vn 0.1645 0.9067 0.3883
vn -0.4624 0.8789 -0.1171
vn -0.5077 0.5323 -0.6774
vn -0.3325 0.9246 -0.1857
vn 0.9385 -0.1168 0.3249
vn 0.8915 -0.3835 0.2412
vn 0.5875 -0.7911 0.1703
vn 0.7078 0.6457 0.2864
vn -0.3360 0.9410 -0.0390
vn 0.0239 0.9753 -0.2195
vn -0.4976 0.7305 -0.4677
vn -0.3863 0.5956 -0.7043
vn -0.2949 0.7458 -0.5974
vn 0.9904 -0.1208 0.0679
vn 0.7257 -0.0275 -0.6874
vn 0.9626 -0.1531 0.2234
vn -0.3105 0.9254 -0.2173
vn 0.0986 0.0056 -0.9951
vn -0.9385 -0.0032 -0.3453
vn -0.7688 -0.0385 -0.6383
vn 0.2287 0.9114 0.3422
vn 0.1766 0.7399 -0.6491
vn -0.1261 0.9069 -0.4021
vn 0.8188 0.1685 0.5488
vn 0.9284 0.0676 0.3654
vn 0.8134 0.4905 0.3126
vn 0.9568 -0.2774 0.0873
vn 0.9329 -0.3392 0.1211
vn 0.0711 -0.9955 0.0622
vn 0.4003 -0.9130 0.0785
vn 0.2817 -0.8419 0.4603
vn 0.1962 -0.8683 0.4556
vn -0.6459 0.2267 0.7289
vn -0.3555 0.1637 0.9203
vn -0.7107 0.1817 0.6797
vn -0.5852 0.2026 0.7852
vn -0.6853 0.2735 -0.6749
vn -0.4724 0.1002 -0.8756
vn 0.6321 0.1170 0.7660
vn -0.1314 -0.9909 -0.0285
vn 0.7874 -0.1113 0.6063
vn 0.7657 -0.0537 0.6409
vn 0.6590 0.2296 0.7162
vn 0.7985 -0.5243 -0.2958
vn -0.0269 0.9948 -0.0981
vn 0.2454 0.3290 -0.9119
vn -0.1499 -0.9568 0.2492
vn -0.8615 0.2048 -0.4645
vn -0.9887 0.1471 -0.0288
vn -0.9895 0.0851 0.1170
vn 0.0732 -0.8610 0.5034
vn -0.3923 0.9082 -0.1456
vn 0.3824 0.6729 0.6332
vn -0.9656 0.2598 0.0133
vn -0.9292 0.1824 -0.3215
vn -0.9882 0.1091 -0.1071
vn 0.1521 0.8348 0.5292
vn 0.3304 0.7357 0.5912
vn -0.5483 0.7025 -0.4537
vn -0.9902 -0.0036 0.1399
vn -0.8696 0.0499 0.4912
vn -0.9845 -0.0850 0.1533
vn -0.5347 0.8410 -0.0831
vn 0.1651 0.9507 0.2623
vn 0.0548 0.9887 0.1396
vn 0.6877 0.6548 0.3136
vn 0.7174 -0.0270 0.6961
vn 0.2180 0.0766 0.9729
vn 0.4100 -0.0713 0.9093
vn -0.3064 0.9374 -0.1656
vn -0.5617 0.7213 -0.4053
vn -0.7790 0.5021 -0.3756
vn -0.2570 0.9316 -0.2570
vn 0.1799 0.9722 -0.1497
vn 0.0074 0.8940 0.4479
vn -0.1633 0.6526 0.7399
vn -0.3598 0.8954 -0.2625
vn -0.8532 -0.0459 0.5196
vn -0.9689 0.2098 -0.1310
vn -0.8775 -0.0050 0.4796
vn -0.0271 0.9511 0.3078
vn -0.2996 0.9532 0.0407
vn -0.0057 0.9955 -0.0949
vn -0.0347 0.9754 -0.2176
vn -0.1614 0.3612 0.9184
vn -0.1557 -0.2843 0.9460
vn -0.3241 0.8335 0.4474
vn -0.0433 0.9980 0.0470
vn -0.0872 0.9866 -0.1377
vn -0.1293 -0.8133 0.5673
vn -0.3961 -0.8017 0.4477
vn -0.3683 0.2434 0.8973
vn 0.5890 0.8081 -0.0026
vn 0.2150 0.9762 -0.0277
vn -0.1078 0.8993 0.4238
vn 0.5422 0.2651 0.7973
vn 0.4767 0.4746 0.7399
vn 0.8730 0.2400 0.4246
vn 0.7305 -0.1471 0.6669
vn 0.9155 -0.1002 0.3896
vn 0.8005 0.0308 0.5985
vn 0.9947 -0.0346 0.0968
vn 0.8219 0.1117 0.5586
vn 0.9291 -0.1171 0.3508
vn 0.5055 -0.6402 0.5785
vn -0.2448 -0.1778 0.9531
vn 0.3355 -0.3439 0.8770
vn 0.0674 -0.5480 0.8338
vn 0.2711 -0.7312 0.6260
vn 0.3504 0.4293 0.8324
vn 0.8909 -0.3343 0.3075
vn 0.5848 0.3742 0.7197
vn 0.8541 0.0748 0.5148
vn -0.6296 0.1111 0.7689
vn -0.9609 0.0559 0.2711
vn -0.5730 0.0305 0.8190
vn 0.1172 -0.0313 0.9926
vn 0.7809 -0.2498 0.5726
vn -0.1015 0.8770 0.4696
vn -0.2562 0.7604 0.5968
vn 0.1055 0.9760 0.1907
vn 0.9565 -0.1258 0.2634
vn 0.9017 -0.0856 0.4237
vn 0.9961 -0.0852 0.0224
vn 0.5073 -0.1545 0.8478
vn 0.8271 -0.2087 0.5219
vn -0.0635 -0.2647 0.9622
vn -0.5748 0.1214 0.8092
vn -0.5341 -0.4855 0.6921
vn 0.0550 -0.0377 0.9978
vn 0.6244 -0.1091 0.7734
vn -0.4801 0.2610 -0.8375
vn -0.1854 0.8887 -0.4193
vn 0.1984 0.8683 -0.4546
vn 0.9549 0.0347 0.2949
vn 0.7121 0.2861 0.6412
vn 0.1945 0.2961 0.9351
vn -0.1762 0.1249 0.9764
vn 0.9675 0.0891 -0.2368
vn 0.7924 0.0548 0.6075
vn -0.8987 0.1293 0.4190
vn -0.2343 -0.0838 0.9686
vn -0.2790 0.0524 0.9589
vn 0.9696 0.1072 -0.2202
vn 0.6632 0.0888 -0.7432
vn -0.9211 -0.3205 -0.2211
vn -0.9506 -0.2685 0.1560
vn -0.9644 -0.1960 -0.1773
vn 0.8719 0.1358 -0.4704
vn 0.6607 -0.0488 -0.7491
vn 0.5695 0.0320 -0.8214
vn -0.7034 -0.0482 0.7091
vn -0.3012 -0.0789 0.9503
vn -0.7030 -0.0654 0.7082
vn 0.9455 -0.1023 0.3092
vn 0.9992 -0.0306 0.0256
vn 0.9892 -0.1448 0.0227
vn 0.5136 -0.0821 -0.8541
vn 0.9388 0.0879 -0.3331
vn 0.3497 0.0537 -0.9353
vn -0.1739 0.0668 -0.9825
vn 0.1275 0.0199 -0.9916
vn 0.9726 0.0898 -0.2146
vn 0.8105 0.1361 0.5697
vn 0.9995 -0.0301 -0.0140
vn 0.8539 -0.1324 0.5034
vn 0.8350 -0.0167 0.5499
vn 0.9994 -0.0234 -0.0263
vn 0.0202 -0.0187 0.9996
vn 0.2307 -0.0886 0.9690
vn 0.9633 0.0790 -0.2567
vn 0.9542 -0.0219 0.2983
vn 0.6668 0.0720 0.7418
vn 0.9923 0.0396 -0.1173
vn 0.9997 -0.0241 0.0105
vn 0.9799 -0.1524 0.1285
vn -0.0978 -0.2064 0.9736
vn 0.2011 -0.1616 0.9661
vn 0.2336 -0.3258 0.9161
vn 0.7714 0.4234 -0.4749
vn 0.7722 0.0579 -0.6327
vn 0.6458 -0.0410 0.7624
vn -0.6173 0.1250 -0.7767
vn -0.9583 -0.0153 -0.2853
vn -0.5364 0.0439 -0.8428
vn 0.9290 -0.0902 0.3588
vn 0.9539 -0.0177 -0.2996
vn 0.2397 0.1958 -0.9509
vn -0.8624 0.0265 0.5056
vn 0.0609 0.2800 0.9581
vn 0.2570 0.1479 0.9550
vn 0.5931 0.1771 0.7854
vn 0.7202 0.0417 0.6926
vn 0.9777 0.1844 0.1006
vn 0.6591 0.0490 0.7505
vn -0.8801 0.0680 0.4699
vn -0.8320 -0.1988 0.5179
vn -0.7162 0.3114 0.6246
vn 0.9976 0.0456 0.0514
vn 0.8489 0.0303 -0.5278
vn 0.2764 0.1559 -0.9483
vn 0.8198 0.1313 -0.5574
vn -0.3404 -0.0063 -0.9402
vn -0.7336 -0.0325 -0.6788
vn 0.7617 0.0459 -0.6463
vn -0.1779 -0.8450 0.5043
vn -0.5085 0.0819 0.8572
vn -0.0315 0.8294 0.5577
vn 0.5875 -0.1798 0.7890
vn 0.8517 -0.1712 0.4953
vn 0.5591 -0.3679 0.7430
vn -0.0144 -0.0513 -0.9986
vn 0.2530 -0.0925 -0.9630
vn 0.7427 -0.3516 -0.5699
vn 0.6734 -0.0186 0.7391
vn 0.5218 -0.0570 0.8512
vn 0.5417 -0.1204 0.8319
vn 0.9656 -0.1178 0.2318
vn 0.9554 -0.1324 0.2641
vn 0.9478 -0.1044 0.3014
vn 0.9881 0.0804 -0.1310
vn 0.7968 0.5987 0.0809
vn 0.1299 0.9912 0.0241
vn -0.8458 0.3447 -0.4072
vn -0.7865 0.5541 -0.2727
vn -0.5366 0.4477 -0.7153
vn 0.1390 0.7737 -0.6181
vn -0.0330 0.6489 -0.7601
vn 0.5705 0.8212 -0.0146
vn 0.9780 0.1987 -0.0641
vn 0.9976 -0.0417 0.0559
vn 0.7979 0.0536 0.6004
vn 0.2884 0.1772 0.9410
vn 0.3889 0.2432 -0.8886
vn 0.3581 0.1026 -0.9280
vn 0.0913 0.2495 -0.9641
vn 0.3307 0.6531 -0.6812
vn -0.5871 -0.2018 -0.7840
vn -0.8548 -0.1253 -0.5037
vn -0.4770 -0.0141 -0.8788
vn -0.6890 0.6401 -0.3398
vn -0.0152 0.4860 -0.8738
vn -0.6200 0.7822 0.0611
vn 0.8201 -0.0413 -0.5708
vn -0.0493 0.1198 -0.9916
vn -0.8506 0.5161 -0.1012
vn -0.7162 0.4100 -0.5647
vn 0.1028 0.0902 -0.9906
vn 0.3840 -0.4374 0.8132
vn -0.3847 0.3645 -0.8480
vn 0.9026 -0.0263 -0.4297
vn 0.6763 0.0260 -0.7361
vn 0.9261 -0.3412 -0.1611
vn 0.5869 -0.4777 -0.6537
vn 0.9424 -0.1204 0.3122
vn 0.8829 0.0023 -0.4695
vn 0.3058 0.0554 -0.9505
vn 0.4798 0.1492 -0.8646
vn -0.6364 0.1271 -0.7608
vn -0.7714 0.4486 -0.4515
vn 0.6095 0.2290 -0.7590
vn 0.6246 0.2205 -0.7492
vn 0.2798 0.3457 -0.8957
vn -0.9292 0.3048 -0.2089
vn -0.8716 0.4734 0.1270
vn -0.3289 -0.0464 0.9432
vn 0.5197 -0.0013 0.8543
vn 0.7885 -0.0089 0.6149
vn -0.9356 0.3188 0.1517
vn -0.8336 0.2177 -0.5077
vn -0.9846 0.1358 0.1100
vn -0.9350 0.1687 -0.3119
vn 0.3230 0.3679 -0.8720
vn -0.1593 0.1518 -0.9755
vn -0.8152 0.4038 -0.4153
vn -0.7963 0.2191 -0.5638
vn -0.5629 0.0846 -0.8222
vn -0.7835 0.0560 -0.6188
vn -0.4430 0.1146 -0.8892
vn 0.9959 0.0378 -0.0818
vn 0.8006 -0.0393 0.5979
vn 0.6647 -0.0192 0.7469
vn 0.8734 0.0670 0.4824
vn 0.8057 0.0857 -0.5861
vn 0.4566 0.0252 -0.8893
vn 0.3140 -0.1579 0.9362
vn 0.2559 -0.0956 0.9620
vn 0.0233 -0.0105 0.9997
vn 0.9561 -0.2350 0.1750
vn 0.8081 -0.0472 0.5872
vn 0.8834 -0.1683 0.4374
vn 0.9004 -0.0316 -0.4339
vn 0.9732 -0.1481 -0.1758
vn -0.6686 0.2296 -0.7073
vn -0.9637 -0.0122 -0.2666
vn -0.9641 0.0509 -0.2607
vn 0.4143 0.8986 -0.1449
vn -0.0678 0.9594 -0.2739
vn -0.6379 0.7689 0.0442
vn 0.6259 0.0837 -0.7754
vn 0.7169 -0.1645 -0.6775
vn 0.1416 -0.1152 -0.9832
vn 0.9370 -0.1087 -0.3319
vn 0.6465 0.0107 -0.7628
vn 0.8004 -0.0436 0.5979
vn 0.9484 -0.0152 0.3167
vn 0.5800 -0.0709 0.8115
vn 0.6546 -0.0810 0.7516
vn 0.9787 -0.0915 0.1839
vn 0.2026 0.9272 -0.3152
vn 0.2075 0.9268 -0.3130
vn -0.2662 0.9544 -0.1350
vn 0.9116 -0.3631 0.1930
vn 0.8060 -0.2239 0.5480
vn -0.1080 -0.0419 0.9933
vn -0.7637 0.4957 0.4136
vn -0.8746 0.2580 0.4104
vn -0.7257 0.4429 0.5265
vn 0.8787 -0.2802 0.3864
vn 0.6011 -0.2033 0.7729
vn 0.8382 -0.1147 0.5332
vn -0.8468 0.5238 0.0923
vn -0.4275 0.8972 0.1109
vn 0.2524 -0.3875 0.8867
vn -0.6646 0.7466 0.0295
vn -0.8449 0.5021 0.1845
vn 0.1407 -0.5887 0.7960
vn 0.0636 -0.0584 0.9963
vn -0.9614 0.1425 0.2356
vn -0.2087 0.7012 -0.6818
vn -0.9528 0.1707 0.2511
vn 0.2908 -0.8931 0.3432
vn -0.9611 0.2683 -0.0660
vn 0.1077 0.1201 0.9869
vn 0.6635 0.1067 0.7405
vn 0.7056 0.0101 0.7085
vn 0.7454 -0.4502 0.4917
vn 0.5147 -0.6346 0.5765
vn 0.7963 -0.3724 0.4767
vn 0.3012 -0.5364 0.7884
vn 0.3789 0.5153 -0.7687
vn 0.6138 0.5862 -0.5287
vn 0.5566 0.5736 -0.6010
vn 0.4914 -0.7866 0.3739
vn 0.5732 -0.5328 0.6225
vn 0.5295 -0.8475 -0.0360
vn 0.0830 -0.9950 0.0550
vn 0.5218 -0.7475 -0.4110
vn -0.2730 0.0361 -0.9613
vn -0.2183 0.0566 -0.9742
vn 0.0130 -0.0152 -0.9998
vn 0.3031 0.9524 -0.0337
vn 0.0609 0.9156 -0.3975
vn -0.2513 0.9486 -0.1924
vn -0.2268 0.9698 -0.0894
vn -0.0176 0.9969 -0.0763
vn 0.2476 0.8894 -0.3843
vn 0.0778 0.9879 0.1345
vn 0.4685 0.8630 -0.1893
vn -0.9723 0.2250 0.0639
vn -0.9058 0.3674 0.2110
vn -0.1235 0.9668 -0.2237
vn 0.0285 0.9819 -0.1871
vn 0.1270 0.9531 -0.2747
vn 0.5126 0.8095 -0.2862
vn 0.7088 0.3917 -0.5867
vn 0.4771 -0.5582 -0.6788
vn 0.2450 -0.4456 -0.8611
vn -0.1556 0.9758 0.1536
vn -0.3397 0.8962 -0.2852
vn -0.0535 0.9985 -0.0126
vn -0.0033 1.0000 0.0019
vn 0.1820 0.9711 -0.1543
vn 0.1438 0.9398 -0.3102
vn 0.3787 0.3864 -0.8410
vn 0.3268 -0.6332 -0.7016
vn 0.0066 0.9991 -0.0420
vn 0.0219 -0.9927 0.1185
vn -0.0986 -0.9729 0.2094
vn 0.1986 -0.7567 -0.6229
vn 0.1669 0.2759 -0.9466
vn 0.0802 0.9205 -0.3825
vn -0.2260 -0.5579 0.7986
vn 0.0093 -0.9554 0.2953
vn -0.0857 -0.9745 0.2073
vn 0.0284 -0.9994 0.0177
vn 0.4893 -0.7480 -0.4484
vn -0.1694 0.8110 -0.5600
vn -0.2591 0.6219 -0.7390
vn 0.0405 -0.0232 -0.9989
vn 0.3870 -0.8576 0.3388
vn -0.0442 -0.9102 0.4118
vn 0.2848 -0.9522 0.1107
vn 0.5902 -0.7442 0.3128
vn 0.8462 -0.4424 -0.2971
vn 0.7960 -0.4653 0.3871
vn 0.7069 -0.7035 0.0732
vn 0.2411 -0.9257 -0.2914
vn 0.3208 -0.7769 -0.5417
vn 0.6406 -0.4282 -0.6374
vn -0.9789 0.0462 0.1992
vn -0.8160 -0.0382 0.5769
vn -0.9587 0.0179 0.2840
vn -0.0290 0.7876 -0.6156
vn -0.6650 0.1319 -0.7351
vn -0.8856 0.4103 -0.2174
vn -0.8217 0.4859 0.2981
vn -0.8514 0.5184 0.0797
vn -0.2782 0.1178 -0.9533
vn 0.2868 0.0024 -0.9580
vn -0.0995 0.0221 -0.9948
vn 0.9163 -0.0817 -0.3921
vn 0.0978 0.1242 -0.9874
vn 0.9444 -0.1432 -0.2958
vn 0.9283 -0.1853 0.3224
vn 0.8676 -0.1578 0.4716
vn 0.8929 -0.1502 0.4245
vn 0.7628 -0.1845 0.6198
vn -0.7880 0.1028 0.6070
vn -0.4144 0.0799 0.9066
vn -0.8374 0.3794 -0.3934
vn -0.9844 -0.1284 0.1204
vn -0.8132 0.4661 -0.3486
vn 0.9064 -0.1117 0.4075
vn 0.3969 -0.8514 -0.3429
vn 0.8090 -0.5748 -0.1227
vn -0.9997 -0.0208 -0.0088
vn -0.8709 -0.1264 -0.4749
vn -0.7485 0.1069 -0.6544
vn -0.6707 0.1612 0.7240
vn -0.1224 0.1131 -0.9860
vn -0.9987 -0.0512 0.0006
vn -0.6095 0.4635 -0.6432
vn -0.1998 0.1875 -0.9617
vn 0.0083 0.1843 -0.9828
vn -0.8369 0.0186 -0.5470
vn 0.9541 -0.1752 0.2427
vn 0.6794 -0.0306 -0.7331
vn 0.6211 0.3478 -0.7023
vn 0.5076 0.0713 -0.8587
vn 0.5279 0.2683 -0.8058
vn 0.9768 -0.1678 -0.1331
vn 0.8356 0.1036 -0.5395
vn 0.9907 0.0574 0.1236
vn 0.9798 -0.1034 0.1714
vn 0.9205 0.0513 -0.3875
vn 0.8955 0.0095 -0.4450
vn 0.6789 0.1170 -0.7248
vn 0.1955 0.1638 -0.9669
vn 0.5998 -0.1018 0.7936
vn 0.3941 0.0198 0.9189
vn -0.9670 -0.2547 -0.0065
vn -0.7956 -0.1308 0.5916
vn 0.9507 -0.0004 0.3100
vn 0.9656 0.1412 0.2184
vn 0.7164 0.0727 -0.6939
vn 0.9979 -0.0613 -0.0223
vn 0.9982 0.0077 -0.0590
vn 0.9819 -0.0356 0.1863
vn 0.8678 -0.0174 0.4965
vn 0.7806 0.1754 0.6000
vn 0.0265 0.2860 -0.9579
vn -0.4242 0.1563 -0.8920
vn -0.5963 0.0975 -0.7968
vn -0.9855 0.0219 -0.1681
vn -0.9681 0.0331 -0.2486
vn 0.8903 0.2986 0.3438
vn 0.8793 0.2103 0.4273
vn 0.9347 0.3219 0.1507
vn -0.2425 0.2031 -0.9487
vn 0.3576 0.0982 -0.9287
vn 0.4327 -0.0444 -0.9005
vn -0.9920 0.0324 -0.1219
vn -0.9237 0.0484 -0.3800
vn -0.8753 0.0167 -0.4833
vn -0.6044 0.0997 -0.7904
vn -0.6049 0.0428 -0.7951
vn -0.5183 0.1018 -0.8491
vn -0.9136 0.0896 -0.3967
vn -0.4507 0.3019 -0.8401
vn -0.0621 0.2935 -0.9539
vn -0.2742 0.3565 -0.8931
vn -0.7071 0.2029 -0.6774
vn -0.1950 0.0772 -0.9778
vn 0.3707 0.1562 -0.9155
vn 0.3770 -0.0178 0.9260
vn -0.3454 0.1614 0.9245
vn -0.4935 0.1413 0.8582
vn 0.9538 0.0554 -0.2953
vn -0.0295 -0.0536 -0.9981
vn 0.0803 -0.0120 -0.9967
vn 0.0331 0.2173 0.9755
vn -0.9971 0.0592 -0.0468
vn -0.9990 -0.0440 0.0044
vn -0.9963 0.0585 -0.0622
vn -0.9903 0.0346 -0.1342
vn -0.9325 0.0892 0.3499
vn -0.9194 0.1288 0.3716
vn 0.4627 0.4616 -0.7568
vn 0.1804 0.9279 -0.3262
vn -0.3636 0.9085 0.2059
vn -0.9241 0.1292 0.3597
vn -0.9433 0.0948 0.3180
vn -0.9861 -0.0354 -0.1622
vn -0.8453 -0.0843 -0.5276
vn -0.4405 -0.1524 -0.8847
vn -0.1492 -0.9746 0.1668
vn -0.4348 -0.7671 0.4717
vn -0.3395 -0.8062 0.4845
vn -0.0039 -0.1467 -0.9892
vn 0.2168 -0.1606 -0.9629
vn 0.6921 -0.0615 -0.7191
vn 0.9839 -0.1482 0.0998
vn 0.8807 -0.0709 -0.4684
vn 0.8910 -0.0056 0.4539
vn 0.8999 0.0199 0.4357
vn 0.9632 -0.0087 -0.2685
vn 0.8948 0.0295 -0.4454
vn 0.8358 -0.0144 -0.5489
vn 0.9631 -0.0593 0.2627
vn 0.0723 -0.1150 -0.9907
vn -0.8004 0.5994 0.0057
vn 0.1930 -0.2298 0.9539
vn 0.2737 0.0720 0.9591
vn 0.1784 0.0999 0.9789
vn 0.1648 0.0179 0.9862
vn -0.9396 0.0566 0.3375
vn -0.3158 -0.0209 -0.9486
vn 0.5939 0.1740 -0.7855
vn 0.0280 0.0272 -0.9992
vn 0.6937 0.1305 0.7084
vn 0.9711 0.2221 -0.0875
vn 0.9246 0.1824 -0.3344
vn -0.0129 -0.3719 -0.9282
vn 0.8252 0.2419 0.5105
vn 0.4553 0.0788 0.8868
vn -0.0846 0.0624 0.9945
vn 0.5228 0.0588 0.8504
vn 0.9516 0.0491 -0.3033
vn 0.4888 -0.0034 -0.8724
vn 0.1911 0.0398 0.9808
vn -0.0820 0.0270 0.9963
vn 0.5651 -0.5728 -0.5937
vn 0.1588 -0.6506 -0.7427
vn 0.5207 0.2678 0.8106
vn 0.7880 0.0516 0.6135
vn 0.9850 0.0398 -0.1678
vn 0.8547 0.1197 0.5051
vn -0.0976 -0.0583 0.9935
vn 0.5056 -0.0112 0.8627
vn 0.3221 0.0326 0.9461
vn 0.2034 0.0040 -0.9791
vn 0.8975 0.0317 -0.4399
vn -0.5454 -0.0036 -0.8382
vn -0.7178 0.0021 -0.6962
vn -0.5952 -0.2489 -0.7641
vn 0.9965 0.0683 -0.0472
vn 0.9542 0.0281 -0.2979
vn 0.9548 0.2296 0.1887
vn -0.8070 0.2012 -0.5552
vn -0.8446 0.1721 -0.5070
vn -0.7640 0.3324 -0.5530
vn 0.9692 -0.1224 0.2139
vn -0.6725 0.4659 -0.5751
vn -0.9916 0.0564 0.1163
vn -0.1330 0.4038 -0.9051
vn 0.5603 0.2802 -0.7795
vn 0.6607 0.1455 0.7364
vn 0.8750 0.3195 0.3637
vn 0.7640 0.2924 0.5752
vn 0.6999 0.0202 0.7139
vn 0.9543 0.0448 0.2954
vn 0.7190 0.2350 0.6540
vn 0.9625 0.0321 -0.2695
vn 0.1072 0.0768 0.9913
vn 0.9855 0.0563 0.1598
vn 0.9701 -0.1066 0.2180
vn 0.8690 0.1572 0.4692
vn 0.5774 0.1732 0.7979
vn 0.8904 0.1083 0.4422
vn 0.8875 0.0924 0.4515
vn 0.8236 0.2790 0.4938
vn 0.7654 0.2152 0.6065
vn 0.5208 0.2487 0.8167
vn 0.5505 -0.7626 -0.3397
vn 0.9327 0.3556 -0.0608
vn 0.7080 0.5404 -0.4547
vn 0.8501 0.4245 -0.3117
vn -0.1050 0.9821 -0.1566
vn -0.4281 0.8459 0.3182
vn 0.1662 0.9619 0.2169
vn 0.3519 0.6940 0.6281
vn 0.6747 0.5985 -0.4320
vn 0.8285 0.5541 -0.0812
vn 0.4071 0.7970 -0.4461
vn 0.5064 0.8613 0.0414
vn 0.6626 0.5981 -0.4508
vn 0.4692 0.8800 -0.0731
vn 0.6235 0.3906 -0.6773
vn -0.8798 0.3441 0.3279
vn 0.5754 -0.1270 -0.8079
vn -0.3366 0.2545 -0.9066
vn -0.1300 -0.0268 -0.9912
vn -0.0864 0.0997 0.9913
vn -0.4475 0.0564 0.8925
vn 0.1941 -0.0154 0.9809
vn 0.9139 -0.0682 -0.4001
vn 0.9752 -0.1354 0.1752
vn 0.8830 0.0077 -0.4693
vn -0.7675 0.1324 0.6273
vn -0.8777 0.0709 0.4740
vn -0.0215 0.0525 0.9984
vn 0.9882 -0.0834 -0.1288
vn 0.1089 -0.0738 0.9913
vn -0.6949 0.5212 0.4954
vn -0.8165 0.5674 0.1063
vn -0.8744 0.4851 0.0113
vn -0.7895 0.0862 -0.6077
vn -0.9351 0.1745 -0.3084
vn 0.9354 0.0407 -0.3512
vn 0.9923 -0.0664 0.1046
vn 0.9990 0.0395 0.0193
vn 0.9824 -0.0477 -0.1803
vn 0.4062 -0.0619 0.9117
vn -0.6189 -0.1412 0.7727
vn -0.1945 -0.0608 0.9790
vn 0.3686 0.0727 0.9268
vn 0.9857 -0.0722 0.1520
vn 0.1153 -0.0424 0.9924
vn 0.9500 -0.0751 0.3032
vn -0.4068 -0.0234 0.9132
vn -0.7014 0.2169 0.6790
vn -0.9901 0.1243 0.0653
vn -0.9809 -0.0087 -0.1944
vn -0.9069 0.2325 0.3515
vn -0.9317 0.3565 0.0693
vn -0.8907 0.4541 -0.0205
vn -0.9645 0.0876 -0.2491
vn -0.9610 0.0726 -0.2668
vn -0.9924 0.1196 0.0300
vn 0.9875 -0.0019 0.1578
vn -0.9988 0.0474 0.0106
vn -0.5852 0.0719 0.8077
vn -0.6358 0.1056 0.7646
vn -0.6491 -0.0705 0.7574
vn -0.1298 0.0627 0.9896
vn -0.6846 0.6709 0.2849
vn -0.6131 -0.1402 0.7775
vn -0.5475 0.0105 0.8367
vn -0.2798 -0.1082 0.9540
vn 0.3732 0.1252 0.9192
vn 0.4539 0.0908 0.8864
vn -0.0324 0.2304 0.9726
vn 0.1266 0.1608 0.9788
vn -0.7439 0.2784 0.6075
vn 0.8608 -0.1294 0.4922
vn -0.2963 0.7009 -0.6488
vn -0.8647 0.2036 -0.4593
vn -0.0427 0.5451 0.8373
vn -0.7419 0.5138 0.4308
vn -0.4421 0.3460 0.8275
vn -0.7643 0.6442 -0.0270
vn -0.8394 0.2370 0.4891
vn -0.6580 0.0500 0.7514
vn -0.9871 0.1251 -0.0999
vn -0.8425 0.1577 0.5151
vn -0.6826 0.1177 0.7212
vn -0.7997 -0.0006 -0.6005
vn -0.0449 0.1142 0.9924
vn -0.9964 -0.0055 -0.0841
vn -0.6721 -0.0940 0.7344
vn -0.2390 -0.3668 0.8991
vn -0.7168 -0.3027 0.6281
vn -0.3220 -0.2050 0.9243
vn 0.0439 0.8658 -0.4985
vn 0.1760 0.5201 -0.8358
vn 0.6303 0.3878 -0.6726
vn 0.4914 0.4373 -0.7532
vn 0.3908 0.3238 -0.8616
vn 0.9495 0.3044 -0.0762
vn -0.3135 0.3902 -0.8657
vn 0.8037 -0.0445 -0.5934
vn 0.7468 0.0763 -0.6607
vn 0.3870 0.0869 -0.9180
vn 0.8492 -0.1377 -0.5098
vn 0.7180 0.0389 0.6949
vn 0.2672 -0.0830 0.9601
vn 0.9376 -0.0728 -0.3399
vn -0.4070 0.0053 -0.9134
vn 0.0047 0.0117 -0.9999
vn 0.8162 0.0546 0.5752
vn -0.9391 0.0656 -0.3374
vn -0.9903 -0.0626 0.1244
vn -0.9824 -0.0075 -0.1868
vn 0.4373 -0.1140 0.8921
vn 0.3494 -0.8887 -0.2968
vn 0.1371 -0.9857 -0.0984
vn 0.3932 -0.9141 -0.0989
vn -0.2265 0.0150 -0.9739
vn -0.1428 -0.0386 -0.9890
vn 0.5649 -0.1431 -0.8127
vn 0.9364 -0.1799 -0.3014
vn 0.9052 -0.0082 -0.4250
vn -0.0383 0.9985 0.0387
vn -0.1067 0.9942 0.0144
vn 0.9888 -0.0958 0.1149
vn -0.9935 0.0709 0.0887
vn -0.8979 0.1864 0.3988
vn -0.8916 -0.0166 0.4525
vn -0.5151 0.1043 -0.8508
vn -0.7927 0.0857 -0.6036
vn 0.5882 -0.0551 -0.8068
vn 0.4023 0.0836 -0.9117
vn 0.2343 -0.0977 -0.9672
vn -0.5462 0.0517 -0.8360
vn -0.3415 0.0694 -0.9373
vn 0.3294 0.0588 0.9424
vn 0.5644 -0.0087 0.8255
vn 0.1369 0.0693 0.9882
vn 0.5070 0.0531 0.8603
vn 0.7092 -0.0824 0.7002
vn -0.1251 -0.0754 0.9893
vn -0.6672 0.0341 0.7441
vn -0.8174 -0.0438 0.5745
vn -0.9784 -0.1883 -0.0854
vn -0.9791 -0.0723 0.1900
vn -0.8834 0.0168 -0.4683
vn 0.4570 0.0412 0.8885
vn -0.7058 -0.0440 0.7071
vn -0.6992 -0.0324 0.7142
vn -0.7525 -0.0538 0.6563
vn -0.5890 -0.6219 0.5161
vn -0.3832 0.0420 0.9227
vn -0.0701 0.0089 0.9975
vn 0.8753 -0.2309 0.4249
vn 0.3286 -0.2024 0.9225
vn 0.9254 -0.1996 -0.3221
vn 0.2042 0.3665 -0.9077
vn 0.3371 0.3129 -0.8880
vn 0.6183 0.0701 0.7828
vn 0.4524 -0.0237 0.8915
vn 0.5786 0.0958 0.8100
vn 0.2907 0.6858 -0.6672
vn 0.1197 0.9855 -0.1200
vn 0.2612 -0.7670 -0.5861
vn 0.3072 0.2896 -0.9065
vn 0.1079 0.9922 -0.0619
vn -0.3007 0.7700 0.5628
vn -0.6733 0.6524 0.3479
vn 0.2161 0.9666 -0.1378
vn 0.4968 0.7014 -0.5111
vn -0.8575 -0.1420 0.4944
vn -0.2477 0.7178 -0.6508
vn -0.0131 0.2631 -0.9647
vn -0.7931 0.1282 0.5955
vn 0.4659 -0.0224 0.8846
vn 0.0218 -0.1954 0.9805
vn 0.7365 0.0580 -0.6739
vn 0.9094 0.1103 -0.4010
vn -0.0124 0.1412 -0.9899
vn -0.3993 0.1640 -0.9020
vn -0.3712 0.2787 -0.8857
vn -0.3922 0.1277 -0.9110
vn 0.0952 0.0963 -0.9908
vn 0.0352 0.4773 -0.8781
vn 0.6673 0.1893 -0.7203
vn -0.2409 0.4608 -0.8542
vn -0.2970 0.2729 -0.9151
vn -0.4409 -0.1351 -0.8873
vn 0.3992 0.0917 0.9123
vn 0.9434 -0.0612 -0.3258
vn 0.9767 -0.0708 -0.2026
vn -0.3077 -0.0807 -0.9480
vn -0.7445 0.1780 -0.6434
vn -0.7940 0.3331 -0.5085
vn 0.1891 0.9301 -0.3149
vn -0.6844 0.7290 0.0126
vn -0.8401 -0.2013 -0.5037
vn -0.6729 -0.1621 -0.7218
vn -0.8046 0.5498 -0.2243
vn -0.1887 0.7558 -0.6271
vn -0.2152 0.7218 -0.6578
vn -0.2198 0.7293 -0.6480
vn -0.4664 0.8728 -0.1439
vn 0.4780 0.0397 -0.8775
vn 0.9541 0.0872 0.2865
vn 0.8557 0.2732 -0.4395
vn -0.1533 0.0840 -0.9846
vn 0.8344 -0.1696 0.5244
vn 0.9689 -0.1102 0.2217
vn 0.8835 -0.2641 0.3868
vn 0.6193 -0.2407 -0.7474
vn -0.8111 0.0074 0.5849
vn -0.9383 0.1835 0.2931
vn -0.8981 0.0867 -0.4312
vn 0.6101 -0.0479 -0.7909
vn -0.4539 0.1167 -0.8834
vn -0.7338 0.1256 -0.6676
vn -0.9618 0.0736 -0.2637
vn -0.8340 0.2690 -0.4819
vn -0.4237 -0.1693 0.8898
vn -0.9422 -0.1231 0.3116
vn -0.9971 -0.0576 -0.0492
vn -0.9905 0.1231 -0.0611
vn -0.4654 0.0808 -0.8814
vn -0.2974 0.0297 -0.9543
vn -0.1314 -0.0491 -0.9901
vn 0.6061 -0.0919 -0.7901
vn 0.6489 -0.0212 -0.7606
vn 0.0511 -0.0032 -0.9987
vn -0.7742 0.0027 -0.6329
vn -0.9900 -0.0102 -0.1407
vn 0.9404 -0.0673 -0.3334
vn 0.9709 -0.0152 0.2390
vn 0.1933 0.1140 -0.9745
vn 0.9133 -0.1502 0.3787
vn 0.9800 -0.0836 -0.1805
vn 0.9228 0.0296 0.3842
vn 0.9983 0.0551 0.0176
vn -0.6726 0.1441 0.7258
vn -0.6649 0.1073 0.7392
vn -0.0748 0.0354 0.9966
vn 0.7785 -0.1017 0.6193
vn 0.9472 -0.0450 0.3174
vn 0.9965 -0.0454 -0.0707
vn 0.7826 -0.1326 -0.6082
vn 0.6084 -0.7479 0.2656
vn 0.8221 -0.5657 0.0639
vn 0.2740 -0.0017 -0.9617
vn 0.7443 -0.0474 -0.6662
vn -0.1361 0.0273 -0.9903
vn -0.4627 -0.0105 -0.8865
vn 0.3539 -0.1194 -0.9276
vn -0.5400 0.1813 -0.8219
vn -0.5662 0.0182 -0.8241
vn 0.7063 0.1534 -0.6911
vn -0.9816 0.1892 0.0236
vn -0.8524 0.1694 -0.4948
vn -0.9443 0.2231 -0.2420
vn -0.9593 0.2739 0.0689
vn -0.6961 0.7156 0.0574
vn -0.9930 0.1074 0.0486
vn 0.9038 -0.4199 0.0826
vn 0.8965 -0.3817 -0.2250
vn 0.9630 -0.2472 -0.1072
vn -0.7635 0.5725 0.2989
vn 0.9872 -0.1197 -0.1054
vn 0.9933 -0.0965 -0.0638
vn 0.7998 -0.0146 -0.6001
vn 0.0042 0.9965 -0.0835
vn -0.5226 0.3068 -0.7955
vn 0.7041 0.0853 -0.7050
vn 0.5300 0.3291 0.7816
vn -0.0201 0.1345 0.9907
vn 0.4368 0.3526 0.8275
vn 0.9472 -0.1278 -0.2941
vn -0.5025 -0.0408 -0.8636
vn -0.9385 0.1565 -0.3077
vn -0.7959 -0.0807 -0.6000
vn 0.8849 -0.3173 0.3409
vn 0.9886 -0.0400 -0.1452
vn 0.9918 0.0613 -0.1117
vn 0.9811 -0.0037 0.1937
vn -0.3178 0.5785 -0.7512
vn -0.3225 0.8688 -0.3758
vn 0.0330 0.0340 -0.9989
vn 0.3243 0.0699 0.9434
vn 0.8585 0.0697 0.5081
vn -0.6174 -0.0297 0.7861
vn 0.0373 0.0100 0.9993
vn -0.8308 -0.0304 0.5558
vn -0.0296 0.0163 0.9994
vn -0.5103 0.0389 0.8591
vn 0.1940 -0.0304 0.9805
vn 0.7174 0.0295 -0.6960
vn -0.5200 -0.0449 0.8530
vn 0.9799 0.0341 0.1964
vn 0.8815 0.1334 0.4530
vn 0.8673 -0.4978 -0.0032
vn 0.8357 -0.5479 -0.0376
vn 0.8612 0.0123 -0.5082
vn 0.9634 0.1612 -0.2141
vn 0.9649 0.1019 0.2421
vn -0.3878 0.3456 -0.8545
vn -0.9798 -0.0415 0.1954
vn -0.6732 0.0277 -0.7389
vn 0.1465 -0.0187 0.9890
vn -0.7067 0.1137 0.6983
vn -0.3314 -0.0075 0.9434
vn 0.7466 0.0624 0.6624
vn 0.1050 0.0813 -0.9911
vn -0.1325 0.1515 -0.9795
vn -0.7496 -0.6461 -0.1435
vn -0.4850 -0.7953 -0.3637
vn -0.3297 0.5739 0.7496
vn 0.0648 0.8889 0.4534
vn 0.2343 0.9576 0.1677
vn 0.9532 0.2581 0.1573
vn 0.8666 0.4961 0.0547
vn 0.9601 -0.1266 0.2495
vn 0.2212 -0.8395 -0.4963
vn -0.3217 0.2640 0.9093
vn -0.9651 0.1705 0.1987
vn -0.9231 -0.0404 0.3824
vn 0.6275 -0.0672 0.7757
vn 0.8072 0.3651 0.4638
vn -0.1025 0.5838 0.8054
vn 0.6433 0.0922 0.7600
vn 0.6206 -0.7140 -0.3241
vn 0.2678 -0.6201 -0.7374
vn -0.9841 0.0828 0.1569
vn 0.8949 -0.3375 -0.2921
vn -0.6262 -0.1565 0.7638
vn -0.9852 0.1025 0.1373
vn 0.4831 -0.4703 -0.7385
vn 0.9904 -0.0278 0.1357
vn 0.7193 -0.4987 -0.4836
vn 0.8797 -0.3037 -0.3659
vn 0.4501 0.0711 0.8901
vn 0.9943 0.0058 -0.1068
vn 0.9830 -0.0245 -0.1820
vn 0.9556 -0.1680 -0.2420
vn 0.9961 0.0343 -0.0817
vn -0.6931 0.0591 0.7184
vn -0.9684 0.0062 -0.2493
vn -0.8659 0.0385 -0.4987
vn -0.8521 -0.0154 -0.5231
vn 0.0321 0.1021 -0.9943
vn -0.6536 0.1304 -0.7455
vn 0.6519 0.1434 0.7446
vn -0.4830 0.0657 0.8732
vn -0.5273 0.2121 0.8228
vn -0.2851 -0.0817 0.9550
vn -0.8360 0.0974 0.5400
vn -0.6288 0.0691 0.7745
vn -0.0881 -0.0106 0.9961
vn -0.3685 0.3205 0.8726
vn 0.9951 0.0445 0.0878
vn 0.9900 -0.0652 0.1253
vn 0.6901 -0.1390 0.7102
vn -0.0223 0.1202 0.9925
vn 0.7526 -0.0090 -0.6584
vn -0.2779 -0.0412 0.9597
vn -0.5473 -0.0325 0.8363
vn -0.8088 -0.0622 0.5848
vn 0.2928 0.0427 0.9552
vn 0.1411 -0.2751 0.9510
vn 0.3215 -0.0429 0.9459
vn -0.2707 -0.0029 0.9627
vn 0.5051 0.0770 0.8596
vn -0.9410 -0.1814 0.2856
vn -0.9607 -0.0465 0.2736
vn -0.9333 -0.1527 0.3250
vn 0.0015 0.2790 -0.9603
vn 0.5685 0.0943 -0.8173
vn -0.0651 -0.0547 0.9964
vn -0.7120 0.0950 0.6958
vn -0.3525 -0.0573 0.9340
vn -0.5485 -0.0681 -0.8334
vn 0.8897 -0.1179 0.4411
vn 0.9921 0.0281 -0.1221
vn 0.8359 0.0899 0.5415
vn -0.9850 0.1468 -0.0907
vn 0.2908 0.0720 -0.9541
vn -0.1322 -0.0340 -0.9906
vn 0.8371 0.1686 -0.5205
vn -0.9410 0.0765 0.3296
vn 0.9974 -0.0654 0.0300
vn -0.9673 0.1623 -0.1949
vn -0.9965 0.0503 -0.0664
vn 0.9997 0.0135 0.0215
vn 0.9319 -0.0125 -0.3625
vn 0.9950 0.0292 -0.0954
vn -0.9998 -0.0221 0.0026
vn -0.8551 -0.1265 0.5028
vn -0.5953 -0.0731 0.8002
vn -0.1329 0.1519 0.9794
vn 0.2309 0.1375 0.9632
vn 0.7220 0.1194 0.6815
vn 0.9522 -0.0392 0.3028
vn -0.9631 -0.1198 0.2409
vn -0.9931 0.0502 -0.1059
vn -0.9767 0.0050 -0.2144
vn -0.5403 0.1005 -0.8354
vn -0.2302 0.1667 -0.9588
vn 0.9339 0.1420 -0.3282
vn 0.9939 0.1026 -0.0394
vn 0.0201 -0.0880 0.9959
vn -0.5597 -0.1507 0.8149
vn -0.6528 -0.0420 0.7564
vn 0.9799 0.1719 0.1014
vn 0.8985 0.2026 0.3895
vn 0.9581 0.2614 0.1174
vn -0.4612 -0.0300 0.8868
vn -0.4131 0.0698 0.9080
vn -0.9521 -0.1767 0.2494
vn -0.2451 0.1664 0.9551
vn 0.0622 -0.0415 -0.9972
vn -0.2789 0.0174 -0.9602
vn 0.2341 0.1378 0.9624
vn -0.7517 0.5117 -0.4160
vn 0.7629 0.0248 -0.6461
vn -0.2187 -0.0877 0.9718
vn -0.4835 -0.1343 0.8650
vn 0.7520 -0.1132 0.6493
vn 0.7711 -0.0629 0.6336
vn 0.9404 0.0268 0.3390
vn 0.9975 0.0176 -0.0686
vn 0.9844 0.1524 -0.0878
vn 0.9740 -0.1576 0.1629
vn 0.8306 -0.1348 0.5403
vn 0.9379 -0.2760 0.2102
vn 0.9679 -0.0510 0.2460
vn -0.6840 0.2310 -0.6919
vn -0.4944 0.3177 -0.8091
vn -0.8200 -0.0876 -0.5657
vn -0.7183 0.2081 -0.6639
vn -0.8945 0.3420 -0.2880
vn 0.5003 0.1153 -0.8582
vn -0.3102 -0.0055 -0.9506
vn -0.0538 0.0066 -0.9985
vn -0.6232 -0.0293 -0.7815
vn -0.7592 -0.0141 -0.6507
vn -0.6674 0.5772 -0.4706
vn -0.3175 0.9480 0.0219
vn -0.0240 0.9984 0.0510
vn -0.1379 0.9903 0.0160
vn 0.0251 0.9930 -0.1156
vn -0.5427 0.8318 0.1169
vn -0.6968 -0.3204 0.6417
vn -0.4440 -0.4073 0.7981
vn -0.7136 0.5584 0.4232
vn -0.7382 0.0243 0.6741
vn 0.2277 0.9654 0.1268
vn -0.4637 0.8810 -0.0940
vn -0.4390 0.6882 -0.5776
vn -0.2378 0.6767 -0.6968
vn 0.2559 0.8033 -0.5377
vn -0.0023 0.9926 -0.1212
vn 0.2783 0.9439 -0.1779
vn 0.0149 0.7241 -0.6895
vn -0.0047 0.9825 0.1859
vn -0.2967 0.4644 0.8344
vn -0.0495 0.9140 0.4026
vn 0.0912 0.0916 -0.9916
vn -0.0003 0.0168 -0.9999
vn -0.7000 -0.0058 0.7142
vn -0.4307 -0.0170 0.9024
vn -0.0822 -0.1140 0.9901
vn -0.8204 -0.1136 -0.5605
vn -0.9869 -0.1395 0.0806
vn -0.9897 0.1384 0.0367
vn -0.9582 0.0801 0.2747
vn -0.7927 0.3095 0.5252
vn -0.9529 -0.0389 0.3007
vn 0.5832 -0.0524 0.8106
vn 0.4763 -0.0107 0.8792
vn 0.6725 -0.0186 0.7399
vn -0.0485 -0.1957 0.9795
vn 0.4620 -0.0626 0.8847
vn 0.2069 -0.0491 0.9771
vn -0.3812 0.0721 0.9217
vn -0.5379 -0.1698 0.8257
vn 0.0136 -0.3263 0.9452
vn 0.4443 -0.1266 0.8869
vn -0.2328 -0.5126 0.8265
vn 0.2816 -0.0615 0.9576
vn 0.4650 -0.0937 0.8803
vn -0.2373 -0.9373 0.2553
vn -0.2798 -0.6814 0.6763
vn -0.7810 -0.0016 0.6245
vn -0.3731 -0.8969 0.2375
vn -0.7120 -0.3290 0.6203
vn -0.9820 0.1443 0.1221
vn -0.9288 -0.0180 0.3702
vn -0.6995 0.7140 -0.0298
vn -0.5462 0.7132 0.4393
vn -0.0905 0.9877 0.1273
vn 0.1123 0.9908 -0.0752
vn 0.5382 0.7261 -0.4280
vn -0.9717 0.1161 -0.2055
vn -0.9706 0.0724 0.2294
vn -0.7065 -0.0724 0.7040
vn -0.8072 0.4496 -0.3824
vn -0.9939 -0.0496 0.0982
vn -0.4718 0.8519 -0.2272
vn -0.5110 0.8556 -0.0830
vn -0.6740 0.2937 0.6779
vn -0.1230 0.9784 0.1659
vn -0.5564 0.1326 0.8203
vn -0.8444 0.4115 0.3430
vn -0.7263 0.6263 -0.2832
vn -0.8306 -0.4084 0.3786
vn -0.7556 0.1184 0.6442
vn 0.0337 0.0222 0.9992
vn 0.6848 -0.0232 0.7284
vn 0.5249 -0.0028 0.8512
vn -0.7570 -0.1048 0.6450
vn -0.9575 -0.0931 -0.2730
vn -0.8740 -0.0848 0.4785
vn 0.1556 -0.0135 0.9877
vn -0.0701 -0.0005 0.9975
vn -0.4149 0.0210 0.9096
vn -0.9867 -0.1596 -0.0304
vn -0.8984 0.0547 0.4358
vn -0.9790 -0.0361 0.2008
vn -0.5650 -0.0122 0.8250
vn -0.9508 -0.1077 -0.2904
vn -0.6584 -0.1199 -0.7431
vn -0.8502 -0.0199 -0.5261
vn -0.1031 -0.0710 -0.9921
vn -0.2729 -0.0158 -0.9619
vn -0.8646 -0.0380 -0.5009
vn 0.0606 0.0196 -0.9980
vn -0.0777 -0.1514 -0.9854
vn -0.8180 -0.3655 -0.4442
vn -0.2667 -0.9597 -0.0885
vn 0.0679 -0.9964 0.0500
vn 0.0525 -0.9841 -0.1694
vn -0.3176 0.1038 0.9425
vn -0.5682 0.0879 -0.8182
vn -0.1976 0.0823 -0.9768
vn 0.8214 -0.0448 0.5687
vn 0.8897 -0.0053 0.4564
vn -0.7447 -0.0346 -0.6665
vn -0.8521 0.0481 -0.5211
vn -0.9651 0.0367 -0.2594
vn -0.5626 -0.0313 0.8261
vn -0.2831 0.1058 0.9532
vn 0.5453 -0.0535 0.8365
vn 0.3851 -0.0642 0.9206
vn -0.9508 0.0487 0.3059
vn -0.9734 0.0489 -0.2238
vn -0.8896 0.0950 0.4467
vn -0.6674 0.1294 0.7334
vn -0.8390 -0.0108 -0.5440
vn -0.9604 -0.1050 -0.2581
vn -0.8029 0.0754 -0.5914
vn -0.9227 0.1392 0.3596
vn -0.1639 0.0041 0.9865
vn 0.9610 0.0598 0.2701
vn 0.8900 0.0846 -0.4481
vn 0.9392 -0.2621 0.2218
vn 0.7577 0.0038 -0.6526
vn 0.7687 -0.1745 -0.6154
vn -0.3906 0.0741 -0.9176
vn 0.2572 -0.1234 -0.9585
vn 0.2967 0.0375 -0.9542
vn 0.0668 -0.1118 -0.9915
vn -0.2043 0.0201 -0.9787
vn 0.4481 -0.2286 -0.8643
vn 0.9618 0.0139 0.2734
vn 0.5857 -0.0606 0.8082
vn 0.7286 -0.3004 0.6156
vn 0.9644 -0.1592 -0.2111
vn -0.8640 0.4955 -0.0896
vn 0.8273 -0.5580 -0.0653
vn 0.5020 -0.8606 -0.0854
vn 0.5869 -0.2466 -0.7712
vn -0.1906 0.1485 -0.9704
vn -0.2242 0.1523 -0.9626
vn -0.8904 0.3460 -0.2958
vn 0.9562 0.0309 0.2910
vn 0.9410 -0.0320 0.3369
vn -0.9804 -0.0819 0.1794
vn -0.6345 0.2411 -0.7343
vn 0.8300 -0.0474 0.5557
vn -0.9840 -0.0394 -0.1739
vn 0.9466 -0.0318 0.3208
vn 0.4381 -0.3509 0.8276
vn -0.9943 0.0579 -0.0895
vn -0.8277 0.1390 -0.5436
vn 0.9971 0.0359 0.0668
vn 0.9969 0.0759 0.0206
vn 0.9998 -0.0026 0.0179
vn -0.8224 0.0951 -0.5608
vn -0.3346 -0.0151 -0.9422
vn -0.8209 0.1698 -0.5453
vn -0.3767 0.0860 -0.9223
vn -0.7343 0.1086 -0.6701
vn 0.9658 0.0009 -0.2592
vn -0.3365 -0.0180 -0.9415
vn -0.5783 0.1181 -0.8073
vn -0.6900 -0.0912 -0.7180
vn 0.1744 0.3696 -0.9127
vn 0.0566 -0.0656 -0.9962
vn -0.8639 0.4339 0.2557
vn -0.9856 0.1577 -0.0617
vn -0.3349 0.2593 -0.9059
vn -0.9945 -0.0488 -0.0932
vn -0.5104 0.0020 -0.8599
vn 0.8806 -0.1365 -0.4538
vn 0.8614 -0.0527 -0.5051
vn 0.4297 0.2925 -0.8543
vn 0.5543 -0.0247 -0.8319
vn 0.2658 0.2923 -0.9186
vn -0.1601 0.3499 -0.9230
vn 0.9959 -0.0071 -0.0907
vn -0.1966 -0.0567 0.9788
vn 0.1951 -0.0614 0.9788
vn 0.4375 0.0126 -0.8991
vn 0.9499 0.0273 -0.3113
vn 0.9738 -0.1097 -0.1994
vn 0.7039 -0.0942 -0.7041
vn -0.4701 0.8534 -0.2253
vn 0.9880 0.0947 0.1221
vn -0.9833 0.0968 -0.1542
vn -0.7958 0.1342 -0.5904
vn -0.8252 0.1181 -0.5523
vn 0.4531 0.2450 -0.8571
vn -0.7696 0.3719 0.5190
vn -0.9874 0.0857 0.1327
vn -0.5052 0.2711 -0.8193
vn -0.7432 0.1025 -0.6612
vn -0.2640 0.1483 -0.9531
vn -0.2827 0.1331 -0.9499
vn 0.3899 -0.0026 -0.9208
vn -0.0208 -0.1623 0.9865
vn 0.2134 0.1203 -0.9695
vn 0.7386 -0.0274 -0.6736
vn -0.2051 -0.1573 0.9660
vn -0.3525 0.0670 0.9334
vn -0.5148 -0.0010 0.8573
vn -0.9731 0.0018 -0.2302
vn 0.3640 -0.1777 0.9143
vn 0.0773 -0.0713 -0.9945
vn -0.6618 0.1394 -0.7366
vn 0.1571 0.2643 -0.9516
vn 0.6301 0.1865 -0.7537
vn -0.8444 -0.1230 0.5215
vn 0.8049 0.1097 -0.5832
vn -0.9995 0.0078 0.0304
vn -0.7989 -0.1153 -0.5903
vn -0.9757 0.0562 -0.2116
vn 0.6276 0.0870 0.7736
vn -0.2484 0.3643 0.8976
vn -0.4270 -0.7954 0.4301
vn -0.1442 0.4960 0.8563
vn 0.2935 0.0362 -0.9553
vn -0.1360 0.0156 -0.9906
vn 0.1021 -0.0950 -0.9902
vn 0.5967 0.0147 -0.8024
vn 0.8734 0.0989 -0.4769
vn 0.9582 0.1327 -0.2535
vn 0.9985 0.0543 -0.0113
vn 0.9774 0.1995 0.0696
vn 0.9625 0.0095 0.2712
vn 0.9505 0.0518 -0.3063
vn -0.9725 -0.1196 -0.1999
vn -0.5761 -0.0705 -0.8144
vn 0.3622 0.2086 -0.9085
vn -0.9804 -0.0465 0.1916
vn 0.0019 0.1376 0.9905
vn 0.2760 0.0016 -0.9612
vn -0.7351 0.1579 0.6593
vn -0.7434 -0.0989 0.6615
vn -0.9884 0.0665 0.1368
vn 0.9689 0.1464 0.1996
vn -0.6204 0.1663 -0.7665
vn 0.9309 -0.3622 0.0483
vn -0.9507 0.0369 -0.3081
vn -0.7217 -0.0859 -0.6869
vn 0.8058 0.0078 -0.5921
vn 0.9075 0.0441 -0.4177
vn 0.9267 0.0149 -0.3754
vn -0.8855 0.0790 -0.4579
vn -0.8596 -0.0633 -0.5070
vn -0.3493 0.3983 -0.8481
vn -0.8985 0.0095 -0.4390
vn -0.9900 -0.1369 -0.0333
vn -0.2731 0.0687 -0.9595
vn -0.5115 0.0536 0.8576
vn 0.1559 -0.3879 0.9084
vn -0.3665 0.9265 -0.0856
vn -0.5743 0.7931 0.2027
vn -0.1433 0.9124 -0.3834
vn -0.0030 0.9996 0.0276
vn -0.7866 0.2298 0.5731
vn -0.8326 0.0841 -0.5474
vn -0.8882 0.1566 -0.4321
vn -0.7967 0.5843 0.1544
vn 0.0255 0.9996 0.0133
vn -0.5865 0.8099 0.0109
vn -0.8816 0.4114 0.2312
vn -0.7011 0.7089 -0.0764
vn -0.9188 -0.3409 0.1991
vn -0.8730 -0.0207 0.4873
vn -0.9463 -0.0449 0.3202
vn 0.0047 -0.2834 0.9590
vn -0.2917 -0.1621 0.9427
vn 0.0334 -0.1933 0.9806
vn -0.8883 -0.3870 -0.2473
vn 0.0813 0.9149 -0.3955
vn -0.9621 -0.0614 -0.2657
vn -0.7199 -0.0467 0.6925
vn -0.8566 0.0152 0.5157
vn -0.7699 0.6374 -0.0317
vn -0.7628 -0.5912 -0.2621
vn 0.9642 -0.1114 -0.2407
vn -0.0027 -0.9857 -0.1685
vn -0.6428 0.1704 -0.7469
vn -0.0990 -0.9888 0.1120
vn -0.0757 -0.9896 -0.1220
vn -0.7544 -0.5685 0.3282
vn -0.2270 -0.0263 0.9735
vn -0.1825 0.2800 0.9425
vn -0.9900 0.0068 -0.1410
vn -0.7539 -0.0108 -0.6570
vn -0.6186 0.1618 -0.7689
vn -0.6336 0.1431 -0.7603
vn -0.7459 0.0855 -0.6606
vn -0.3356 0.5504 0.7645
vn -0.9995 0.0128 -0.0289
vn -0.7731 0.3783 0.5091
vn -0.9615 -0.0550 0.2692
vn -0.4961 0.0151 0.8682
vn -0.4542 0.0427 0.8899
vn -0.0346 -0.1047 0.9939
vn -0.3799 -0.7693 0.5136
vn -0.8849 -0.4627 0.0527
vn -0.3061 -0.9246 0.2267
vn -0.7658 0.5648 -0.3074
vn -0.1934 0.9595 0.2050
vn -0.8828 0.2904 -0.3694
vn -0.5763 -0.4823 0.6597
vn -0.6635 -0.0074 0.7481
vn -0.8255 -0.4838 0.2906
vn -0.6979 -0.5370 0.4738
vn -0.6652 -0.0904 0.7412
vn -0.0918 0.8454 -0.5262
vn -0.4030 -0.3085 0.8617
vn -0.3591 -0.1284 0.9244
vn -0.7757 0.1466 0.6138
vn -0.9557 -0.1978 0.2179
vn 0.8994 0.0846 -0.4289
vn 0.2029 0.9181 0.3405
vn -0.9811 -0.0260 0.1920
vn 0.0894 -0.3720 0.9239
vn -0.7970 -0.2776 0.5364
vn -0.9807 0.0843 -0.1762
vn -0.9432 0.0569 0.3272
vn -0.4298 0.1404 -0.8920
vn -0.5947 -0.0064 -0.8039
vn 0.5339 0.0584 -0.8435
vn 0.2678 -0.0969 -0.9586
vn -0.8691 0.0394 0.4931
vn 0.3207 -0.1108 0.9407
vn -0.9419 -0.0233 -0.3351
vn -0.5372 0.0302 -0.8429
vn -0.9740 -0.0208 -0.2257
vn -0.8057 0.0638 0.5889
vn -0.9529 -0.0502 0.2990
vn -0.8304 0.2112 -0.5156
vn -0.1946 0.1932 -0.9617
vn 0.8976 0.1061 -0.4279
vn 0.4587 0.0509 -0.8871
vn 0.6541 0.0601 -0.7540
vn -0.8386 -0.0226 0.5443
vn -0.0017 0.0485 -0.9988
vn -0.7904 0.0475 -0.6107
vn 0.7734 0.0406 -0.6326
vn -0.9999 0.0127 -0.0002
vn -0.6860 0.0626 0.7249
vn 0.7276 0.1329 -0.6730
vn -0.4327 -0.0091 0.9015
vn 0.0550 -0.0671 0.9962
vn 0.0201 -0.0485 0.9986
vn -0.4417 -0.0218 0.8969
vn -0.5092 0.1756 0.8426
vn -0.6330 -0.0376 0.7733
vn -0.9716 -0.0521 0.2307
vn -1.0000 0.0031 0.0068
vn -0.9152 -0.3882 0.1081
vn -0.6058 0.3233 -0.7270
vn -0.3976 -0.1838 0.8990
vn -0.9071 -0.1373 0.3979
vn 0.4103 -0.0268 0.9116
vn -0.8972 -0.0365 0.4400
vn 0.1183 -0.0503 0.9917
vn -0.0853 -0.1147 0.9897
vn -0.5798 -0.1685 0.7971
vn -0.3310 -0.7811 0.5295
vn -0.6971 0.0162 -0.7168
vn -0.8299 -0.0386 -0.5566
vn -0.5464 -0.0320 -0.8369
vn -0.6866 -0.4631 0.5604
vn -0.3265 -0.9159 0.2334
vn -0.4748 0.0792 0.8765
vn -0.4154 0.0048 -0.9096
vn -0.9844 0.1542 0.0851
vn -0.9334 0.2221 -0.2819
vn -0.9058 0.2326 -0.3542
vn 0.5346 0.5091 -0.6746
vn -0.6852 0.0945 -0.7222
vn -0.9049 0.1942 -0.3789
vn -0.6758 -0.2513 0.6930
vn 0.0464 -0.9984 0.0332
vn -0.7115 -0.3518 0.6083
vn -0.0761 0.5898 -0.8040
vn -0.9387 0.1021 -0.3294
vn -0.0592 -0.4584 0.8868
vn -0.4156 -0.1632 0.8948
vn -0.9568 -0.1144 -0.2674
vn -0.9767 0.0306 -0.2124
vn 0.0553 -0.1717 0.9836
vn -0.6381 0.7676 0.0606
vn -0.7682 0.0126 0.6401
vn -0.8595 0.1289 -0.4946
vn -0.7895 0.0427 -0.6123
vn -0.2641 0.2980 -0.9173
vn -0.9249 -0.1722 0.3390
vn -0.9732 -0.0010 -0.2298
vn -0.5361 0.2601 -0.8031
vn -0.3015 0.2011 -0.9320
vn 0.9504 -0.2394 -0.1986
vn 0.4806 0.6206 -0.6196
vn 0.7584 -0.0418 -0.6504
vn 0.7533 0.0445 -0.6561
vn 0.5764 0.5903 -0.5651
vn 0.7234 0.5346 -0.4369
vn 0.3009 -0.0776 0.9505
vn -0.1163 -0.0312 -0.9927
vn -0.0179 0.3703 -0.9287
vn 0.2668 0.5645 -0.7811
vn 0.4610 0.6612 -0.5918
vn 0.8378 0.3488 -0.4200
vn 0.4440 0.8917 -0.0885
vn 0.6149 -0.7834 0.0906
vn -0.2644 0.7297 -0.6306
vn 0.2176 0.0333 -0.9755
vn -0.2722 -0.0068 -0.9622
vn -0.5941 -0.0267 -0.8039
vn -0.8318 -0.0681 -0.5509
vn -0.7374 -0.0813 -0.6705
vn -0.4987 0.0754 -0.8635
vn -0.7025 0.0555 -0.7095
vn -0.8157 -0.0914 -0.5713
vn -0.5506 0.0659 -0.8321
vn 0.3907 0.0967 -0.9154
vn -0.8807 -0.0397 -0.4720
vn 0.3654 0.0818 -0.9272
vn -0.1085 0.0334 -0.9935
vn -0.5019 -0.0018 -0.8649
vn 0.9434 -0.0644 0.3253
vn 0.4116 0.0853 -0.9074
vn 0.2391 0.1686 -0.9563
vn -0.9987 -0.0497 0.0147
vn -0.9439 0.0510 -0.3263
vn -0.1968 -0.0108 0.9804
vn -0.4861 -0.0079 0.8739
vn -0.7856 0.0284 -0.6181
vn 0.5566 0.0540 0.8290
vn -0.6076 0.0489 -0.7927
vn -0.9988 0.0474 0.0145
vn 0.0050 -0.9667 0.2557
vn -0.8938 -0.0321 0.4473
vn -0.8600 0.0117 0.5102
vn 0.9785 0.0397 -0.2022
vn 0.9902 0.0377 -0.1348
vn 0.6149 0.1245 -0.7787
vn -0.9920 -0.0684 -0.1060
vn 0.1412 0.1692 -0.9754
vn 0.0153 -0.0370 -0.9992
vn -0.9816 0.1700 -0.0867
vn -0.9064 0.3627 -0.2164
vn -0.0946 0.9193 -0.3821
vn -0.0941 0.0122 -0.9955
vn 0.2799 0.0472 -0.9589
vn -0.5158 -0.0359 -0.8559
vn -0.2717 -0.0311 -0.9619
vn -0.9905 -0.0758 0.1144
vn -0.4961 0.4255 -0.7569
vn -0.8428 0.2708 0.4651
vn -0.9236 0.1051 0.3686
vn -0.6059 0.0182 0.7953
vn -0.8463 0.0194 0.5324
vn -0.9887 0.1476 0.0257
vn -0.9953 0.0394 -0.0889
vn -0.9989 -0.0196 0.0418
vn -0.7197 0.0544 -0.6921
vn -0.9377 0.0241 -0.3466
vn -0.8435 0.0831 -0.5306
vn -0.9975 0.0685 0.0195
vn -0.5517 0.0129 -0.8339
vn -0.9680 0.1257 -0.2170
vn -0.2060 0.0464 -0.9774
vn -0.6195 0.0683 -0.7820
vn 0.8472 -0.0291 -0.5304
vn -0.0437 -0.0212 -0.9988
vn 0.7082 0.0316 -0.7053
vn -0.0627 -0.9536 -0.2944
vn -0.9313 0.1149 0.3458
vn -0.9962 0.0761 0.0428
vn -0.4074 0.1337 0.9034
vn 0.5612 0.6312 0.5353
vn -0.9377 -0.0625 0.3417
vn 0.6993 0.0073 0.7148
vn 0.6751 -0.0656 0.7348
vn 0.6290 -0.0156 0.7772
vn -0.3268 0.0777 0.9419
vn 0.7799 -0.0262 0.6254
vn 0.7788 -0.0195 0.6270
vn 0.6941 -0.0805 0.7154
vn -0.9778 0.0980 -0.1850
vn -0.9931 0.1069 -0.0484
vn -0.5779 -0.0345 -0.8154
vn 0.7454 0.0282 -0.6660
vn -0.9579 0.1878 0.2170
vn -0.4460 0.0042 0.8950
vn 0.7494 -0.0967 -0.6550
vn 0.2151 0.0088 0.9766
vn 0.4472 -0.0112 0.8943
vn 0.6558 0.0122 0.7549
vn 0.3930 0.1920 -0.8993
vn -0.3273 0.3733 -0.8680
vn -0.7100 0.0611 -0.7015
vn -0.5240 0.1217 -0.8430
vn -0.6169 0.0976 0.7810
vn 0.9166 0.0009 0.3999
vn 0.9873 -0.0111 -0.1587
vn 0.6240 0.0918 -0.7760
vn -0.2919 0.1495 -0.9447
vn 0.6055 0.0336 0.7952
vn 0.5743 0.0081 0.8186
vn 0.3827 0.0014 0.9239
vn 0.1100 -0.0327 0.9934
vn -0.0409 0.0314 0.9987
vn 0.8813 0.0796 -0.4658
vn 0.7042 -0.0785 -0.7056
vn 0.8718 0.0671 -0.4852
vn -0.1029 0.0752 -0.9918
vn 0.7904 0.1387 -0.5966
vn -0.0124 0.9982 0.0585
vn -0.0114 0.9983 0.0567
vn -0.9865 0.0077 -0.1637
vn -0.9787 0.0980 -0.1803
vn -0.1176 0.8217 0.5577
vn -0.6594 0.5606 -0.5008
vn -0.4299 0.3891 -0.8147
vn 0.2702 0.9615 0.0501
vn 0.4539 0.8280 -0.3293
vn 0.2657 0.9641 0.0015
vn -0.1161 0.9782 0.1723
vn -0.2136 0.0905 -0.9727
vn 0.8136 -0.2897 0.5042
vn -0.9432 0.0404 -0.3298
vn 0.9220 -0.0034 0.3873
vn 0.5152 -0.1320 0.8468
vn 0.7675 -0.5507 -0.3281
vn 0.8820 -0.0733 0.4655
vn 0.9215 -0.0853 0.3789
vn 0.3327 -0.2066 0.9201
vn 0.2943 -0.3000 0.9074
vn -0.9971 -0.0079 0.0758
vn -0.9987 -0.0183 -0.0478
vn 0.1959 -0.0474 -0.9795
vn -0.6965 0.0911 -0.7117
vn 0.4490 0.1268 0.8845
vn 0.3596 -0.1002 0.9277
vn -0.2934 0.0254 0.9557
vn -0.4326 0.1230 -0.8931
vn -0.9529 -0.0342 0.3012
vn -0.9530 -0.1243 -0.2763
vn 0.0448 0.9990 0.0054
vn -0.7579 0.0528 0.6502
vn 0.0755 -0.1339 0.9881
vn -0.3617 0.0301 -0.9318
vn -0.4157 0.0535 -0.9079
vn 0.9617 -0.0590 0.2675
vn 0.8954 -0.0428 -0.4431
vn 0.9944 0.0277 -0.1023
vn 0.9908 0.0674 -0.1174
vn 0.7962 -0.1566 0.5844
vn 0.9952 -0.0636 0.0750
vn 0.9889 0.0640 -0.1340
vn -0.1194 0.0140 0.9927
vn 0.9417 -0.0287 -0.3352
vn -0.4058 0.3428 -0.8473
vn 0.9706 0.0167 -0.2402
vn -0.0932 -0.0528 0.9942
vn -0.0735 -0.0002 0.9973
vn -0.6881 0.0865 -0.7204
vn 0.5225 -0.0869 0.8482
vn 0.6867 -0.1222 0.7165
vn 0.6764 -0.1651 0.7178
vn -0.6845 -0.0891 -0.7235
vn -0.7015 0.7104 0.0563
vn -0.8917 0.3394 0.2994
vn -0.9998 0.0018 0.0205
vn -0.9988 0.0443 0.0206
vn -0.9970 0.0291 -0.0718
vn 0.7765 -0.2904 -0.5593
vn -0.9815 0.1473 -0.1227
vn 0.6211 -0.0556 0.7818
vn -0.9981 -0.0142 0.0601
vn -0.0007 1.0000 0.0008
vn -0.1582 0.1550 -0.9752
vn 0.2279 -0.0363 0.9730
vn -0.1186 -0.2901 0.9496
vn -0.1560 -0.0114 -0.9877
vn -0.0255 0.0002 -0.9997
vn -0.1976 0.0172 -0.9801
vn -0.1775 -0.0215 -0.9839
vn 0.0281 0.1118 -0.9933
vn 0.1774 0.1206 0.9767
vn 0.2575 0.8802 -0.3987
vn 0.9965 -0.0251 -0.0800
vn -0.9878 -0.0021 -0.1556
vn -0.4189 -0.0851 0.9040
vn -0.4599 -0.1340 0.8778
vn 0.0233 0.0267 -0.9994
vn 0.0897 0.9959 0.0061
vn 0.7443 0.0459 -0.6663
vt 0.100299 0.322011
vt 0.117470 0.306515
vt 0.160007 0.283481
vt 0.081434 0.324678
vt 0.089951 0.330298
vt 0.037804 0.296092
vt 0.042936 0.299930
vt 0.037581 0.301978
vt 0.107645 0.329690
vt 0.129099 0.308666
vt 0.035539 0.208898
vt 0.035291 0.207111
vt 0.044567 0.205442
vt 0.077541 0.332260
vt 0.073253 0.324176
vt 0.105912 0.304881
vt 0.072738 0.321588
vt 0.085427 0.312462
vt 0.071375 0.317155
vt 0.060886 0.320036
vt 0.064942 0.323488
vt 0.428958 0.389155
vt 0.420691 0.396903
vt 0.414211 0.396983
vt 0.065761 0.324858
vt 0.068902 0.326869
vt 0.064934 0.370093
vt 0.057929 0.367065
vt 0.063959 0.366449
vt 0.084098 0.335891
vt 0.079782 0.338726
vt 0.085652 0.342103
vt 0.082142 0.347260
vt 0.087712 0.344048
vt 0.093925 0.339184
vt 0.096506 0.339043
vt 0.098141 0.333254
vt 0.133034 0.311066
vt 0.157122 0.295679
vt 0.156896 0.291235
vt 0.296275 0.190334
vt 0.285981 0.205571
vt 0.302392 0.179280
vt 0.335445 0.299874
vt 0.337667 0.299884
vt 0.358502 0.320889
vt 0.124242 0.080968
vt 0.127410 0.081050
vt 0.119983 0.085423
vt 0.100445 0.121022
vt 0.120773 0.143250
vt 0.103742 0.130060
vt 0.062189 0.316922
vt 0.059215 0.323654
vt 0.070766 0.330409
vt 0.048888 0.260309
vt 0.051280 0.267033
vt 0.038642 0.256687
vt 0.044266 0.322116
vt 0.051072 0.320489
vt 0.051640 0.324740
vt 0.055167 0.320275
vt 0.047991 0.316070
vt 0.052806 0.316275
vt 0.266554 0.236978
vt 0.266426 0.240611
vt 0.263484 0.239064
vt 0.037039 0.311684
vt 0.036110 0.318348
vt 0.102307 0.392185
vt 0.105753 0.394230
vt 0.101909 0.396775
vt 0.035776 0.322925
vt 0.044879 0.325546
vt 0.058957 0.326804
vt 0.058766 0.330738
vt 0.060036 0.332113
vt 0.035345 0.325165
vt 0.043407 0.363938
vt 0.043488 0.358983
vt 0.037912 0.371418
vt 0.036618 0.374877
vt 0.034312 0.367130
vt 0.033653 0.378571
vt 0.056533 0.343962
vt 0.053240 0.347445
vt 0.049603 0.357573
vt 0.060986 0.336533
vt 0.060913 0.348006
vt 0.062867 0.332654
vt 0.071822 0.352014
vt 0.066505 0.354191
vt 0.066616 0.346478
vt 0.069007 0.346286
vt 0.076518 0.348074
vt 0.073066 0.354261
vt 0.068819 0.355184
vt 0.064543 0.335771
vt 0.228828 0.230425
vt 0.234716 0.233015
vt 0.222258 0.234267
vt 0.060322 0.358582
vt 0.053857 0.361352
vt 0.053911 0.359382
vt 0.046982 0.362187
vt 0.298765 0.232154
vt 0.296684 0.237720
vt 0.293865 0.230659
vt 0.061993 0.354499
vt 0.050852 0.367148
vt 0.047198 0.368383
vt 0.082618 0.311372
vt 0.076588 0.311845
vt 0.127901 0.289521
vt 0.047850 0.370904
vt 0.042383 0.374835
vt 0.041581 0.373066
vt 0.040315 0.375101
vt 0.057912 0.363707
vt 0.063212 0.358857
vt 0.072532 0.358182
vt 0.076561 0.359210
vt 0.071735 0.360597
vt 0.070619 0.362352
vt 0.073515 0.367220
vt 0.084435 0.362680
vt 0.088042 0.362249
vt 0.407914 0.402643
vt 0.395434 0.402406
vt 0.408248 0.399662
vt 0.098326 0.366224
vt 0.100117 0.367986
vt 0.048596 0.304483
vt 0.052027 0.302032
vt 0.059981 0.301136
vt 0.242622 0.189284
vt 0.223709 0.167510
vt 0.213017 0.148129
vt 0.080850 0.353504
vt 0.080673 0.349753
vt 0.090659 0.344539
vt 0.091266 0.348377
vt 0.103387 0.357097
vt 0.109117 0.360838
vt 0.100534 0.362664
vt 0.110573 0.363679
vt 0.104147 0.370618
vt 0.116106 0.366149
vt 0.120817 0.358360
vt 0.121824 0.355297
vt 0.141576 0.338280
vt 0.132949 0.359703
vt 0.118677 0.367187
vt 0.138768 0.352705
vt 0.102926 0.372175
vt 0.096776 0.375187
vt 0.095088 0.378554
vt 0.093593 0.372643
vt 0.097169 0.371258
vt 0.082277 0.364955
vt 0.082579 0.367777
vt 0.075699 0.364864
vt 0.087876 0.372146
vt 0.088312 0.369276
vt 0.053333 0.394951
vt 0.039788 0.388062
vt 0.056198 0.394381
vt 0.033653 0.361009
vt 0.033489 0.355869
vt 0.078538 0.370690
vt 0.084272 0.370818
vt 0.083564 0.120897
vt 0.094589 0.111260
vt 0.073502 0.371145
vt 0.069759 0.368469
vt 0.077883 0.374973
vt 0.084763 0.377586
vt 0.085756 0.374363
vt 0.089896 0.375787
vt 0.093289 0.378943
vt 0.062812 0.360795
vt 0.119973 0.412978
vt 0.110721 0.414939
vt 0.122042 0.409220
vt 0.096146 0.382907
vt 0.088039 0.382554
vt 0.083398 0.381114
vt 0.067318 0.375169
vt 0.104216 0.384275
vt 0.054785 0.373688
vt 0.048704 0.377713
vt 0.041243 0.381569
vt 0.041359 0.386540
vt 0.033708 0.385938
vt 0.048451 0.390436
vt 0.057962 0.376604
vt 0.054949 0.377586
vt 0.052900 0.389688
vt 0.060082 0.383411
vt 0.066929 0.393195
vt 0.068025 0.388881
vt 0.090879 0.253585
vt 0.049339 0.255543
vt 0.117740 0.244598
vt 0.060027 0.393905
vt 0.034145 0.387866
vt 0.034237 0.393359
vt 0.034518 0.403365
vt 0.045920 0.403566
vt 0.034472 0.404570
vt 0.055797 0.405947
vt 0.034363 0.406712
vt 0.071745 0.409567
vt 0.066471 0.416478
vt 0.076798 0.411262
vt 0.087430 0.414940
vt 0.081159 0.417163
vt 0.082593 0.409635
vt 0.071654 0.416627
vt 0.277038 0.208527
vt 0.286949 0.212931
vt 0.256042 0.198848
vt 0.258935 0.199043
vt 0.258461 0.208739
vt 0.112201 0.418803
vt 0.105404 0.417763
vt 0.101569 0.417180
vt 0.105294 0.414508
vt 0.103547 0.409424
vt 0.107158 0.409813
vt 0.109717 0.410910
vt 0.099133 0.411250
vt 0.084941 0.408114
vt 0.097923 0.408297
vt 0.074006 0.404999
vt 0.074406 0.407093
vt 0.070620 0.407997
vt 0.064946 0.403346
vt 0.068873 0.402962
vt 0.075262 0.400844
vt 0.086537 0.403340
vt 0.093336 0.404999
vt 0.101907 0.406096
vt 0.112065 0.405042
vt 0.171286 0.095896
vt 0.167112 0.094226
vt 0.167271 0.090820
vt 0.115615 0.410653
vt 0.387766 0.246680
vt 0.380118 0.245144
vt 0.400158 0.245661
vt 0.101872 0.403352
vt 0.116543 0.402729
vt 0.119181 0.409255
vt 0.084735 0.401754
vt 0.068540 0.399509
vt 0.064232 0.401786
vt 0.064797 0.406622
vt 0.056533 0.404185
vt 0.054071 0.401066
vt 0.059973 0.401015
vt 0.062594 0.398874
vt 0.066962 0.395490
vt 0.281285 0.251443
vt 0.275937 0.248999
vt 0.278754 0.246360
vt 0.284029 0.252260
vt 0.038626 0.253542
vt 0.067589 0.250842
vt 0.090005 0.402215
vt 0.048888 0.398317
vt 0.083573 0.399171
vt 0.072641 0.395361
vt 0.088259 0.398848
vt 0.428657 0.088912
vt 0.433523 0.088978
vt 0.426048 0.091620
vt 0.054782 0.399037
vt 0.142972 0.107653
vt 0.140949 0.103248
vt 0.147449 0.107953
vt 0.058280 0.397803
vt 0.075371 0.393519
vt 0.095031 0.398925
vt 0.145321 0.093735
vt 0.156426 0.098381
vt 0.155604 0.104345
vt 0.110209 0.402429
vt 0.100786 0.399040
vt 0.092189 0.396561
vt 0.265400 0.319572
vt 0.265748 0.304150
vt 0.272216 0.338808
vt 0.070839 0.383025
vt 0.063413 0.376943
vt 0.074115 0.381356
vt 0.074880 0.377372
vt 0.424906 0.205874
vt 0.416593 0.206656
vt 0.439574 0.201229
vt 0.078211 0.384610
vt 0.082538 0.388782
vt 0.073697 0.386799
vt 0.092749 0.393012
vt 0.085061 0.384651
vt 0.469614 0.399395
vt 0.469872 0.397398
vt 0.473330 0.398659
vt 0.438100 0.364226
vt 0.429646 0.361481
vt 0.429960 0.358626
vt 0.103090 0.388655
vt 0.106277 0.399645
vt 0.116761 0.401315
vt 0.125217 0.404416
vt 0.128556 0.407483
vt 0.120420 0.415621
vt 0.128312 0.414367
vt 0.123478 0.420718
vt 0.098141 0.392834
vt 0.133962 0.411038
vt 0.134940 0.407007
vt 0.133578 0.404537
vt 0.123952 0.398234
vt 0.119437 0.397631
vt 0.112331 0.395874
vt 0.105841 0.392663
vt 0.108963 0.389761
vt 0.116270 0.388337
vt 0.105528 0.383339
vt 0.113189 0.370752
vt 0.166298 0.217812
vt 0.175219 0.218331
vt 0.189826 0.222905
vt 0.113813 0.385253
vt 0.116667 0.383354
vt 0.121687 0.384549
vt 0.121360 0.378967
vt 0.116379 0.390050
vt 0.111415 0.391884
vt 0.120584 0.395361
vt 0.125240 0.395714
vt 0.127401 0.398766
vt 0.130813 0.400286
vt 0.321932 0.348540
vt 0.334174 0.361621
vt 0.336596 0.372467
vt 0.137632 0.396456
vt 0.137014 0.393431
vt 0.051400 0.101542
vt 0.054281 0.109387
vt 0.046835 0.108355
vt 0.139368 0.386019
vt 0.153467 0.364305
vt 0.137402 0.380927
vt 0.143726 0.371150
vt 0.126749 0.392644
vt 0.132597 0.381063
vt 0.128773 0.383114
vt 0.119667 0.392080
vt 0.136725 0.364257
vt 0.130796 0.365582
vt 0.069692 0.130997
vt 0.065930 0.131681
vt 0.068109 0.127099
vt 0.150616 0.347209
vt 0.246328 0.263333
vt 0.249351 0.265905
vt 0.235974 0.277023
vt 0.160718 0.326529
vt 0.176623 0.310756
vt 0.400661 0.257736
vt 0.402382 0.261646
vt 0.373619 0.257442
vt 0.181746 0.310433
vt 0.174058 0.318299
vt 0.359317 0.389734
vt 0.352429 0.388389
vt 0.352036 0.379614
vt 0.134038 0.349998
vt 0.143439 0.346621
vt 0.188453 0.307935
vt 0.291380 0.267450
vt 0.300411 0.281633
vt 0.303215 0.288301
vt 0.229198 0.160540
vt 0.240620 0.183062
vt 0.206965 0.137642
vt 0.189348 0.310332
vt 0.169833 0.330025
vt 0.126885 0.190825
vt 0.110433 0.187592
vt 0.085127 0.172764
vt 0.194046 0.299062
vt 0.189905 0.314612
vt 0.413557 0.215211
vt 0.367373 0.227503
vt 0.355284 0.227877
vt 0.396610 0.215206
vt 0.173300 0.337548
vt 0.166352 0.346071
vt 0.238024 0.267604
vt 0.225316 0.270467
vt 0.196703 0.294833
vt 0.168932 0.395703
vt 0.175330 0.400888
vt 0.167864 0.409707
vt 0.409667 0.340627
vt 0.395464 0.328585
vt 0.420821 0.337290
vt 0.172418 0.270333
vt 0.176953 0.270654
vt 0.162629 0.268589
vt 0.270290 0.374402
vt 0.273695 0.377053
vt 0.272547 0.407886
vt 0.101059 0.343921
vt 0.096343 0.343676
vt 0.123527 0.320605
vt 0.232654 0.283372
vt 0.271033 0.246500
vt 0.264796 0.256031
vt 0.264005 0.249879
vt 0.161318 0.306241
vt 0.183860 0.284212
vt 0.183707 0.286994
vt 0.298401 0.262118
vt 0.291585 0.258677
vt 0.286279 0.249865
vt 0.133516 0.318124
vt 0.125243 0.321710
vt 0.175946 0.284877
vt 0.171803 0.289864
vt 0.176555 0.281535
vt 0.187752 0.271579
vt 0.131322 0.290465
vt 0.416856 0.400572
vt 0.440321 0.398468
vt 0.413472 0.402431
vt 0.076132 0.306065
vt 0.067940 0.312980
vt 0.064232 0.306954
vt 0.159410 0.280703
vt 0.186382 0.267634
vt 0.187131 0.265658
vt 0.134101 0.283454
vt 0.093107 0.300483
vt 0.081815 0.302805
vt 0.179611 0.082467
vt 0.187708 0.082964
vt 0.180972 0.090373
vt 0.051499 0.311252
vt 0.043499 0.312498
vt 0.046867 0.310638
vt 0.280407 0.230427
vt 0.275659 0.233221
vt 0.274484 0.230191
vt 0.037530 0.306826
vt 0.041735 0.303785
vt 0.040533 0.305498
vt 0.045786 0.308137
vt 0.213473 0.349069
vt 0.215214 0.350344
vt 0.205603 0.369405
vt 0.245776 0.217328
vt 0.235348 0.203727
vt 0.249724 0.215335
vt 0.047468 0.302457
vt 0.360173 0.384416
vt 0.347248 0.370390
vt 0.348909 0.366605
vt 0.052273 0.297188
vt 0.054949 0.299501
vt 0.049934 0.298904
vt 0.060027 0.298516
vt 0.056696 0.296632
vt 0.043974 0.294491
vt 0.046019 0.292385
vt 0.060792 0.295775
vt 0.062237 0.303621
vt 0.062267 0.293831
vt 0.064832 0.298088
vt 0.071442 0.145552
vt 0.064683 0.144942
vt 0.062427 0.139969
vt 0.069778 0.297031
vt 0.072696 0.293077
vt 0.069337 0.292058
vt 0.085819 0.286685
vt 0.070712 0.289470
vt 0.052055 0.291406
vt 0.461904 0.323152
vt 0.455437 0.316005
vt 0.463839 0.315407
vt 0.047523 0.289607
vt 0.038895 0.289950
vt 0.204155 0.330035
vt 0.211409 0.325808
vt 0.183929 0.359910
vt 0.037202 0.288022
vt 0.042840 0.281707
vt 0.037475 0.281426
vt 0.050034 0.285038
vt 0.037947 0.279209
vt 0.053678 0.279786
vt 0.056642 0.287294
vt 0.068190 0.287198
vt 0.071125 0.277836
vt 0.075699 0.285152
vt 0.092737 0.280290
vt 0.092648 0.285822
vt 0.080127 0.294288
vt 0.109643 0.284058
vt 0.128507 0.274984
vt 0.114501 0.275475
vt 0.105899 0.277902
vt 0.436297 0.269478
vt 0.420653 0.272028
vt 0.385034 0.261080
vt 0.046834 0.215361
vt 0.067523 0.220945
vt 0.036984 0.222659
vt 0.052828 0.277206
vt 0.038793 0.274253
vt 0.218986 0.215300
vt 0.209843 0.209962
vt 0.213809 0.208994
vt 0.450778 0.084609
vt 0.453486 0.086430
vt 0.451556 0.091565
vt 0.147218 0.247817
vt 0.048845 0.257587
vt 0.037998 0.237608
vt 0.037803 0.235419
vt 0.081636 0.236934
vt 0.037737 0.233028
vt 0.080194 0.235279
vt 0.078339 0.232897
vt 0.037207 0.225784
vt 0.036465 0.216183
vt 0.448350 0.377919
vt 0.443461 0.382169
vt 0.436891 0.379474
vt 0.035783 0.210709
vt 0.046198 0.210436
vt 0.044465 0.208182
vt 0.034819 0.204192
vt 0.046540 0.198887
vt 0.034220 0.199646
vt 0.070477 0.215448
vt 0.075207 0.213964
vt 0.098799 0.221539
vt 0.044301 0.196231
vt 0.032124 0.190620
vt 0.039152 0.188174
vt 0.037148 0.189721
vt 0.045229 0.189764
vt 0.031782 0.188880
vt 0.052754 0.188978
vt 0.056138 0.192000
vt 0.271187 0.231197
vt 0.052943 0.196453
vt 0.035837 0.186337
vt 0.101000 0.135076
vt 0.202302 0.308897
vt 0.209917 0.298216
vt 0.233663 0.276280
vt 0.050700 0.186051
vt 0.050518 0.178760
vt 0.063014 0.185504
vt 0.056533 0.179655
vt 0.466716 0.334433
vt 0.467479 0.339466
vt 0.461325 0.336275
vt 0.034048 0.178787
vt 0.054682 0.174642
vt 0.045595 0.163628
vt 0.030158 0.181240
vt 0.040570 0.158230
vt 0.433584 0.261254
vt 0.372445 0.249128
vt 0.443329 0.256443
vt 0.038780 0.154099
vt 0.028331 0.143468
vt 0.031296 0.142353
vt 0.028093 0.138661
vt 0.045612 0.139178
vt 0.043034 0.120862
vt 0.030295 0.105519
vt 0.034145 0.107525
vt 0.095787 0.143611
vt 0.089690 0.132841
vt 0.033202 0.101467
vt 0.043725 0.106031
vt 0.034199 0.103969
vt 0.044714 0.108841
vt 0.042612 0.112387
vt 0.045213 0.121375
vt 0.045393 0.113907
vt 0.047828 0.098787
vt 0.043758 0.099695
vt 0.051063 0.091211
vt 0.055058 0.072616
vt 0.070884 0.075302
vt 0.074507 0.079339
vt 0.075988 0.078429
vt 0.076736 0.076514
vt 0.031044 0.098717
vt 0.079576 0.076856
vt 0.087002 0.089064
vt 0.081672 0.086143
vt 0.087136 0.099769
vt 0.082541 0.096872
vt 0.089186 0.083581
vt 0.086938 0.077485
vt 0.092323 0.091724
vt 0.087712 0.096988
vt 0.090715 0.101913
vt 0.084789 0.102324
vt 0.089701 0.107233
vt 0.096339 0.111294
vt 0.093009 0.102394
vt 0.090278 0.095531
vt 0.097187 0.096052
vt 0.098974 0.100539
vt 0.097488 0.110338
vt 0.102041 0.107140
vt 0.107662 0.093024
vt 0.114894 0.083182
vt 0.115608 0.080206
vt 0.119125 0.087823
vt 0.214311 0.308772
vt 0.207595 0.323596
vt 0.171203 0.367965
vt 0.120202 0.080797
vt 0.152075 0.086256
vt 0.148895 0.081388
vt 0.136683 0.092787
vt 0.144776 0.081273
vt 0.151545 0.081439
vt 0.154582 0.081780
vt 0.166015 0.096688
vt 0.158370 0.081996
vt 0.186810 0.122412
vt 0.183183 0.112750
vt 0.162371 0.082186
vt 0.170092 0.082154
vt 0.196096 0.083530
vt 0.191515 0.088464
vt 0.206630 0.311471
vt 0.201904 0.312411
vt 0.389952 0.405516
vt 0.386584 0.400644
vt 0.397284 0.409977
vt 0.196374 0.097972
vt 0.060530 0.138899
vt 0.057387 0.149927
vt 0.259860 0.183022
vt 0.262456 0.156879
vt 0.261836 0.190131
vt 0.139631 0.391481
vt 0.459553 0.348933
vt 0.456993 0.349316
vt 0.447666 0.343105
vt 0.287561 0.147921
vt 0.307395 0.085623
vt 0.310498 0.085227
vt 0.182956 0.105462
vt 0.202165 0.137950
vt 0.243078 0.228021
vt 0.235615 0.221540
vt 0.418635 0.086705
vt 0.422195 0.086814
vt 0.411669 0.096362
vt 0.208479 0.110075
vt 0.200340 0.092380
vt 0.207524 0.101296
vt 0.200882 0.084102
vt 0.224059 0.126555
vt 0.203856 0.084395
vt 0.095419 0.225870
vt 0.114345 0.228023
vt 0.362324 0.404993
vt 0.361413 0.411270
vt 0.218307 0.129627
vt 0.243421 0.244296
vt 0.216843 0.256942
vt 0.203856 0.258810
vt 0.224626 0.136402
vt 0.255893 0.321697
vt 0.253006 0.315148
vt 0.260554 0.289658
vt 0.228325 0.131671
vt 0.217436 0.097351
vt 0.208211 0.084613
vt 0.215723 0.084980
vt 0.219324 0.096137
vt 0.258391 0.242524
vt 0.244985 0.248446
vt 0.257793 0.238780
vt 0.167309 0.133810
vt 0.163051 0.132761
vt 0.152112 0.123234
vt 0.225909 0.085829
vt 0.226104 0.112558
vt 0.388401 0.198213
vt 0.349576 0.213394
vt 0.407570 0.188069
vt 0.224983 0.119532
vt 0.230543 0.122793
vt 0.275412 0.226927
vt 0.268596 0.223664
vt 0.274177 0.219066
vt 0.242829 0.151948
vt 0.243252 0.157700
vt 0.246718 0.175673
vt 0.313286 0.265150
vt 0.310990 0.260995
vt 0.317449 0.263923
vt 0.237986 0.157138
vt 0.074695 0.142477
vt 0.068928 0.141577
vt 0.220528 0.345653
vt 0.254256 0.163978
vt 0.260249 0.168426
vt 0.238334 0.114514
vt 0.236883 0.086364
vt 0.247466 0.114230
vt 0.242146 0.087005
vt 0.055251 0.125476
vt 0.060703 0.127138
vt 0.058662 0.131639
vt 0.248888 0.087046
vt 0.249287 0.092790
vt 0.253369 0.092230
vt 0.256375 0.087466
vt 0.264130 0.151434
vt 0.455365 0.363151
vt 0.452409 0.361427
vt 0.460023 0.358367
vt 0.261255 0.087586
vt 0.265231 0.122602
vt 0.265200 0.087605
vt 0.270130 0.087583
vt 0.268649 0.143375
vt 0.270072 0.118657
vt 0.274987 0.117867
vt 0.297745 0.383241
vt 0.299357 0.370772
vt 0.307640 0.389165
vt 0.197576 0.345290
vt 0.269097 0.161025
vt 0.079202 0.343953
vt 0.412391 0.400244
vt 0.263703 0.271275
vt 0.267338 0.269735
vt 0.264263 0.288280
vt 0.255086 0.120979
vt 0.196384 0.267653
vt 0.205360 0.266005
vt 0.213248 0.260309
vt 0.215214 0.265706
vt 0.214497 0.263975
vt 0.229008 0.256955
vt 0.193859 0.263770
vt 0.229629 0.258425
vt 0.228708 0.262019
vt 0.220479 0.266590
vt 0.199196 0.279115
vt 0.228646 0.199444
vt 0.219704 0.188900
vt 0.223449 0.270214
vt 0.201507 0.281103
vt 0.159517 0.409496
vt 0.159740 0.414736
vt 0.255832 0.269496
vt 0.241762 0.303545
vt 0.252527 0.281569
vt 0.253355 0.268401
vt 0.134169 0.222634
vt 0.147703 0.234119
vt 0.137362 0.229208
vt 0.293352 0.181793
vt 0.297661 0.178888
vt 0.333446 0.293941
vt 0.318193 0.276750
vt 0.334852 0.291235
vt 0.224178 0.244351
vt 0.237776 0.240078
vt 0.245793 0.238866
vt 0.410715 0.363512
vt 0.408219 0.352105
vt 0.426697 0.363279
vt 0.226021 0.237042
vt 0.292481 0.220601
vt 0.295394 0.222102
vt 0.273569 0.207967
vt 0.277107 0.185629
vt 0.242442 0.258785
vt 0.243990 0.251957
vt 0.252725 0.252863
vt 0.234887 0.263221
vt 0.242625 0.262665
vt 0.258133 0.252529
vt 0.233083 0.274402
vt 0.188751 0.299035
vt 0.211992 0.293633
vt 0.183746 0.398115
vt 0.175114 0.417188
vt 0.326790 0.377614
vt 0.329573 0.388513
vt 0.309953 0.360367
vt 0.264740 0.244033
vt 0.261687 0.246679
vt 0.267525 0.246089
vt 0.029012 0.146588
vt 0.258297 0.236451
vt 0.249010 0.231397
vt 0.257795 0.233731
vt 0.270574 0.236213
vt 0.273245 0.239451
vt 0.269436 0.239407
vt 0.268484 0.242277
vt 0.264053 0.233909
vt 0.262883 0.235595
vt 0.266628 0.233992
vt 0.447814 0.077491
vt 0.445242 0.085446
vt 0.441373 0.082251
vt 0.046817 0.162489
vt 0.287641 0.238082
vt 0.269877 0.201456
vt 0.261855 0.207682
vt 0.265832 0.200044
vt 0.258952 0.269647
vt 0.254495 0.278484
vt 0.258661 0.287139
vt 0.139551 0.258308
vt 0.086210 0.268608
vt 0.152732 0.254160
vt 0.255597 0.294038
vt 0.247534 0.301719
vt 0.245589 0.301726
vt 0.240667 0.302721
vt 0.181251 0.234589
vt 0.080995 0.121745
vt 0.076054 0.121899
vt 0.077643 0.116270
vt 0.143056 0.157839
vt 0.159055 0.173048
vt 0.226699 0.311411
vt 0.222914 0.312145
vt 0.246120 0.281554
vt 0.215408 0.325026
vt 0.242912 0.281687
vt 0.244201 0.275418
vt 0.217944 0.312477
vt 0.191579 0.389511
vt 0.194017 0.380222
vt 0.181970 0.359384
vt 0.178868 0.369189
vt 0.180170 0.416614
vt 0.192477 0.393231
vt 0.182560 0.415921
vt 0.196598 0.391838
vt 0.281799 0.240315
vt 0.281645 0.234555
vt 0.287835 0.231595
vt 0.190213 0.414802
vt 0.197064 0.400258
vt 0.199956 0.413965
vt 0.275965 0.087365
vt 0.217224 0.359147
vt 0.209507 0.367525
vt 0.226626 0.339893
vt 0.244086 0.329664
vt 0.270471 0.278300
vt 0.133424 0.081104
vt 0.273680 0.324271
vt 0.268911 0.292093
vt 0.273110 0.287315
vt 0.284294 0.276221
vt 0.278747 0.265013
vt 0.283219 0.267680
vt 0.275443 0.254912
vt 0.283397 0.264742
vt 0.175100 0.235666
vt 0.457003 0.084138
vt 0.455583 0.088164
vt 0.271930 0.243883
vt 0.275633 0.241183
vt 0.275164 0.244912
vt 0.126973 0.084780
vt 0.277572 0.243819
vt 0.286387 0.259000
vt 0.285883 0.267594
vt 0.293028 0.290048
vt 0.303005 0.317310
vt 0.295728 0.290360
vt 0.292926 0.265727
vt 0.385535 0.345570
vt 0.383428 0.347337
vt 0.439765 0.348816
vt 0.447944 0.352936
vt 0.444935 0.356683
vt 0.269163 0.233325
vt 0.267197 0.230539
vt 0.259635 0.231988
vt 0.251335 0.227638
vt 0.258987 0.221262
vt 0.242960 0.231048
vt 0.037312 0.304513
vt 0.148445 0.196859
vt 0.212504 0.221458
vt 0.170720 0.208709
vt 0.188676 0.220362
vt 0.213139 0.228442
vt 0.217906 0.230915
vt 0.214389 0.239437
vt 0.425005 0.248016
vt 0.422753 0.249525
vt 0.185589 0.264067
vt 0.286480 0.182199
vt 0.313383 0.129001
vt 0.322005 0.120058
vt 0.083944 0.296032
vt 0.049187 0.133218
vt 0.054412 0.133178
vt 0.053147 0.142648
vt 0.117666 0.267996
vt 0.098820 0.270623
vt 0.114796 0.265492
vt 0.081413 0.272017
vt 0.159480 0.133635
vt 0.052710 0.093433
vt 0.063184 0.087684
vt 0.082797 0.265835
vt 0.157881 0.371291
vt 0.149457 0.392335
vt 0.146813 0.385846
vt 0.081651 0.242791
vt 0.039238 0.248647
vt 0.152150 0.256759
vt 0.148992 0.261618
vt 0.134528 0.262070
vt 0.038063 0.240018
vt 0.081214 0.238550
vt 0.258351 0.325886
vt 0.252454 0.345962
vt 0.261765 0.311625
vt 0.120907 0.222916
vt 0.105355 0.220552
vt 0.096999 0.216607
vt 0.056140 0.207405
vt 0.078726 0.208942
vt 0.319785 0.167802
vt 0.316947 0.179698
vt 0.293610 0.206236
vt 0.112975 0.233113
vt 0.129226 0.213918
vt 0.136692 0.220989
vt 0.104691 0.215292
vt 0.459868 0.361075
vt 0.149858 0.218228
vt 0.129102 0.210600
vt 0.069592 0.181841
vt 0.063131 0.188874
vt 0.051016 0.166672
vt 0.451830 0.334489
vt 0.458496 0.327782
vt 0.452635 0.222745
vt 0.442892 0.224431
vt 0.454196 0.218406
vt 0.043154 0.158581
vt 0.049789 0.142374
vt 0.052541 0.124326
vt 0.050144 0.118233
vt 0.049489 0.115577
vt 0.053256 0.113735
vt 0.059903 0.119359
vt 0.056144 0.121192
vt 0.052762 0.145479
vt 0.340836 0.373747
vt 0.050595 0.158057
vt 0.051982 0.164978
vt 0.160905 0.364159
vt 0.155451 0.367044
vt 0.159189 0.363322
vt 0.174818 0.251339
vt 0.190768 0.250427
vt 0.073207 0.174540
vt 0.074935 0.172599
vt 0.058662 0.163764
vt 0.070307 0.165558
vt 0.061639 0.157672
vt 0.057952 0.154855
vt 0.055981 0.150793
vt 0.065263 0.136881
vt 0.071440 0.127485
vt 0.072313 0.132196
vt 0.275930 0.274888
vt 0.060901 0.154641
vt 0.225039 0.323592
vt 0.079037 0.138640
vt 0.076666 0.130537
vt 0.075863 0.124872
vt 0.068000 0.125000
vt 0.065025 0.122211
vt 0.370298 0.410083
vt 0.383709 0.405498
vt 0.379191 0.414036
vt 0.459515 0.081225
vt 0.457284 0.077488
vt 0.462245 0.079598
vt 0.076324 0.114285
vt 0.443970 0.205360
vt 0.456425 0.202977
vt 0.455412 0.208653
vt 0.109656 0.125218
vt 0.105240 0.113350
vt 0.111308 0.120862
vt 0.112585 0.112715
vt 0.106878 0.119304
vt 0.324898 0.203876
vt 0.315607 0.208631
vt 0.340760 0.188855
vt 0.124525 0.133878
vt 0.230840 0.197859
vt 0.206974 0.169130
vt 0.206690 0.164758
vt 0.235792 0.199882
vt 0.427517 0.225572
vt 0.430691 0.227145
vt 0.397296 0.229042
vt 0.121949 0.149372
vt 0.139355 0.153365
vt 0.172164 0.177370
vt 0.141849 0.150818
vt 0.142508 0.147205
vt 0.176550 0.173142
vt 0.176162 0.175663
vt 0.176226 0.181925
vt 0.341996 0.369952
vt 0.177591 0.171346
vt 0.154859 0.152220
vt 0.126151 0.196066
vt 0.147158 0.134351
vt 0.169073 0.145326
vt 0.187385 0.165721
vt 0.324132 0.147747
vt 0.337751 0.221966
vt 0.432486 0.190963
vt 0.406191 0.207804
vt 0.216289 0.197517
vt 0.234762 0.211052
vt 0.222908 0.204641
vt 0.223022 0.206597
vt 0.092129 0.360692
vt 0.087273 0.353698
vt 0.219436 0.206974
vt 0.206258 0.195589
vt 0.194464 0.189721
vt 0.218297 0.207898
vt 0.244925 0.195920
vt 0.207684 0.211315
vt 0.189586 0.202165
vt 0.205650 0.223276
vt 0.110949 0.152975
vt 0.133944 0.171083
vt 0.104188 0.154282
vt 0.090198 0.141611
vt 0.067071 0.116862
vt 0.071713 0.119132
vt 0.122704 0.102173
vt 0.125085 0.098322
vt 0.134190 0.108781
vt 0.078679 0.127110
vt 0.078484 0.154812
vt 0.077160 0.160713
vt 0.078533 0.164864
vt 0.049762 0.384310
vt 0.124541 0.088165
vt 0.112533 0.193634
vt 0.341039 0.397714
vt 0.349432 0.408340
vt 0.348812 0.413866
vt 0.059700 0.170746
vt 0.242374 0.196498
vt 0.239314 0.196481
vt 0.212972 0.158441
vt 0.058801 0.173620
vt 0.072793 0.179690
vt 0.141674 0.207523
vt 0.097970 0.191888
vt 0.431302 0.093452
vt 0.435816 0.093176
vt 0.440349 0.097630
vt 0.155656 0.216976
vt 0.130091 0.205492
vt 0.318294 0.233848
vt 0.334120 0.231978
vt 0.348286 0.232258
vt 0.182813 0.225491
vt 0.168611 0.224817
vt 0.311879 0.294305
vt 0.200986 0.241963
vt 0.159709 0.225308
vt 0.194668 0.251747
vt 0.207994 0.251032
vt 0.118089 0.102180
vt 0.109158 0.103326
vt 0.161190 0.258130
vt 0.156077 0.261723
vt 0.170466 0.258938
vt 0.447455 0.105837
vt 0.448612 0.108838
vt 0.443634 0.108353
vt 0.349449 0.284495
vt 0.369036 0.295465
vt 0.385962 0.308025
vt 0.262064 0.297617
vt 0.127088 0.268980
vt 0.113017 0.273302
vt 0.063413 0.349402
vt 0.140078 0.408640
vt 0.137784 0.410910
vt 0.143673 0.410328
vt 0.148962 0.419845
vt 0.149701 0.410798
vt 0.153522 0.419313
vt 0.153237 0.415921
vt 0.155367 0.419091
vt 0.145811 0.407783
vt 0.143558 0.405588
vt 0.137015 0.403024
vt 0.135436 0.400630
vt 0.148513 0.406795
vt 0.147272 0.405585
vt 0.157558 0.393767
vt 0.156821 0.408003
vt 0.155585 0.411081
vt 0.313835 0.329495
vt 0.156352 0.402006
vt 0.418293 0.347794
vt 0.413094 0.350217
vt 0.163863 0.417903
vt 0.165851 0.417849
vt 0.161100 0.405042
vt 0.162580 0.397664
vt 0.177919 0.416992
vt 0.178532 0.388224
vt 0.173286 0.381132
vt 0.158459 0.394302
vt 0.247835 0.183590
vt 0.182396 0.355741
vt 0.381508 0.235274
vt 0.392011 0.234318
vt 0.416844 0.236607
vt 0.165105 0.191728
vt 0.162538 0.188333
vt 0.176022 0.369236
vt 0.171719 0.371091
vt 0.158862 0.386705
vt 0.171354 0.349155
vt 0.169830 0.353710
vt 0.310171 0.231183
vt 0.324751 0.228827
vt 0.153456 0.395852
vt 0.426070 0.208038
vt 0.453082 0.209936
vt 0.158261 0.357154
vt 0.167677 0.351413
vt 0.092411 0.156735
vt 0.241867 0.340117
vt 0.215432 0.412023
vt 0.233278 0.357231
vt 0.184504 0.326180
vt 0.308405 0.266908
vt 0.328408 0.279696
vt 0.148012 0.355292
vt 0.162643 0.340463
vt 0.322457 0.083538
vt 0.320000 0.091676
vt 0.313233 0.084621
vt 0.455373 0.312089
vt 0.436199 0.305841
vt 0.422666 0.137038
vt 0.405616 0.144462
vt 0.435926 0.124701
vt 0.281718 0.200084
vt 0.243717 0.340492
vt 0.236615 0.369567
vt 0.218896 0.411321
vt 0.137184 0.169290
vt 0.383461 0.076870
vt 0.377359 0.085942
vt 0.373714 0.086545
vt 0.240639 0.333183
vt 0.248177 0.333270
vt 0.389020 0.349059
vt 0.408725 0.365010
vt 0.239315 0.395627
vt 0.247789 0.344849
vt 0.270767 0.144215
vt 0.276088 0.407911
vt 0.275716 0.381012
vt 0.279717 0.408047
vt 0.299905 0.260266
vt 0.298923 0.255898
vt 0.168040 0.262498
vt 0.139385 0.268571
vt 0.250877 0.408605
vt 0.262316 0.391369
vt 0.263138 0.408031
vt 0.295584 0.215329
vt 0.304378 0.210022
vt 0.321365 0.411124
vt 0.327212 0.411126
vt 0.357225 0.190339
vt 0.355516 0.194140
vt 0.327102 0.211467
vt 0.331986 0.411736
vt 0.336033 0.395800
vt 0.342443 0.413180
vt 0.361187 0.414958
vt 0.349898 0.401988
vt 0.370564 0.414679
vt 0.336117 0.378299
vt 0.435684 0.102323
vt 0.443093 0.103738
vt 0.329107 0.374605
vt 0.285962 0.227188
vt 0.305639 0.401444
vt 0.279166 0.355430
vt 0.280150 0.382079
vt 0.287619 0.370732
vt 0.285238 0.356729
vt 0.292097 0.371503
vt 0.285810 0.347686
vt 0.416596 0.097716
vt 0.424901 0.090644
vt 0.291761 0.378680
vt 0.131746 0.118650
vt 0.138913 0.126950
vt 0.388256 0.413480
vt 0.387546 0.408211
vt 0.392624 0.414208
vt 0.392679 0.411381
vt 0.386836 0.404870
vt 0.303564 0.206768
vt 0.303962 0.199863
vt 0.307546 0.198400
vt 0.380046 0.400489
vt 0.385914 0.402835
vt 0.397532 0.414600
vt 0.407750 0.408896
vt 0.400323 0.414850
vt 0.420872 0.403467
vt 0.415570 0.406664
vt 0.408842 0.405170
vt 0.450330 0.111134
vt 0.452665 0.112604
vt 0.401814 0.404306
vt 0.388269 0.396624
vt 0.471053 0.407254
vt 0.475246 0.402749
vt 0.472675 0.394590
vt 0.474705 0.392796
vt 0.467556 0.385763
vt 0.473767 0.386195
vt 0.453669 0.375856
vt 0.463362 0.388595
vt 0.459929 0.389370
vt 0.458453 0.395267
vt 0.463225 0.399205
vt 0.407968 0.094503
vt 0.386039 0.113105
vt 0.368575 0.363527
vt 0.389097 0.384132
vt 0.395531 0.388300
vt 0.364121 0.370176
vt 0.372072 0.374580
vt 0.296142 0.250212
vt 0.299727 0.255065
vt 0.287045 0.247504
vt 0.355645 0.352107
vt 0.396567 0.380299
vt 0.351628 0.334582
vt 0.386508 0.366792
vt 0.407626 0.373677
vt 0.401798 0.371075
vt 0.394372 0.361223
vt 0.399109 0.363581
vt 0.416869 0.380413
vt 0.419840 0.384947
vt 0.411622 0.378597
vt 0.423367 0.386366
vt 0.275868 0.308208
vt 0.280110 0.341220
vt 0.437018 0.396818
vt 0.454711 0.394063
vt 0.452307 0.391734
vt 0.439560 0.391975
vt 0.430400 0.387569
vt 0.418465 0.379402
vt 0.414648 0.374718
vt 0.429547 0.386042
vt 0.438507 0.387632
vt 0.447194 0.386894
vt 0.454273 0.387694
vt 0.454886 0.383548
vt 0.399724 0.341575
vt 0.360346 0.309130
vt 0.402272 0.343452
vt 0.430902 0.380798
vt 0.436225 0.378429
vt 0.449686 0.375872
vt 0.450746 0.373312
vt 0.464631 0.370784
vt 0.470279 0.373904
vt 0.468798 0.369490
vt 0.452307 0.371032
vt 0.445858 0.374222
vt 0.422542 0.375097
vt 0.398759 0.361335
vt 0.369163 0.336303
vt 0.385801 0.356916
vt 0.354941 0.324735
vt 0.437207 0.244431
vt 0.437855 0.246538
vt 0.417608 0.243819
vt 0.393171 0.381098
vt 0.367015 0.357454
vt 0.328829 0.254407
vt 0.336906 0.259204
vt 0.305636 0.253040
vt 0.314858 0.304226
vt 0.323307 0.312651
vt 0.301076 0.288110
vt 0.297626 0.284544
vt 0.319609 0.333346
vt 0.354589 0.367133
vt 0.355099 0.361519
vt 0.330144 0.348643
vt 0.365611 0.381568
vt 0.373058 0.393753
vt 0.369775 0.394220
vt 0.465085 0.098016
vt 0.459865 0.101340
vt 0.460766 0.092351
vt 0.311835 0.339250
vt 0.419658 0.122252
vt 0.416734 0.118543
vt 0.278013 0.306634
vt 0.282268 0.285838
vt 0.357564 0.317003
vt 0.267678 0.357015
vt 0.270253 0.347066
vt 0.262393 0.315041
vt 0.253994 0.355951
vt 0.353082 0.224600
vt 0.338747 0.228464
vt 0.259365 0.359797
vt 0.262993 0.351929
vt 0.258037 0.349642
vt 0.260907 0.327676
vt 0.429452 0.229026
vt 0.449795 0.225957
vt 0.453482 0.227802
vt 0.211883 0.411970
vt 0.193670 0.231962
vt 0.348558 0.113350
vt 0.357580 0.107263
vt 0.148162 0.235753
vt 0.170903 0.239460
vt 0.148323 0.237822
vt 0.106223 0.240949
vt 0.141889 0.239970
vt 0.159292 0.240256
vt 0.121796 0.240411
vt 0.134173 0.244457
vt 0.103151 0.238233
vt 0.113394 0.236308
vt 0.133743 0.234181
vt 0.123838 0.234752
vt 0.137456 0.236936
vt 0.130249 0.092362
vt 0.118092 0.092355
vt 0.114195 0.088293
vt 0.127464 0.097245
vt 0.137948 0.104912
vt 0.132336 0.098474
vt 0.135612 0.099180
vt 0.281067 0.306440
vt 0.281905 0.329838
vt 0.361445 0.126243
vt 0.144884 0.110393
vt 0.119642 0.334144
vt 0.208552 0.157725
vt 0.240546 0.172698
vt 0.071070 0.302294
vt 0.162740 0.122378
vt 0.160629 0.124302
vt 0.283677 0.087050
vt 0.295013 0.087043
vt 0.288602 0.112193
vt 0.245410 0.208653
vt 0.247549 0.207566
vt 0.344572 0.275129
vt 0.325597 0.263381
vt 0.375692 0.293709
vt 0.250609 0.196978
vt 0.381456 0.193553
vt 0.349800 0.204949
vt 0.383014 0.183553
vt 0.260102 0.216201
vt 0.267743 0.188993
vt 0.144337 0.397674
vt 0.413476 0.322883
vt 0.430374 0.331161
vt 0.427795 0.331771
vt 0.315025 0.318673
vt 0.271125 0.177591
vt 0.270637 0.186380
vt 0.256331 0.212465
vt 0.251662 0.204177
vt 0.262938 0.222488
vt 0.271238 0.228270
vt 0.275470 0.182348
vt 0.379852 0.316423
vt 0.289697 0.408797
vt 0.173072 0.196950
vt 0.201754 0.212668
vt 0.133754 0.180279
vt 0.137066 0.179693
vt 0.273113 0.234996
vt 0.324860 0.393648
vt 0.431950 0.120652
vt 0.381135 0.155729
vt 0.424022 0.123758
vt 0.465958 0.329527
vt 0.291329 0.244032
vt 0.324292 0.226239
vt 0.299054 0.227123
vt 0.323977 0.223834
vt 0.113867 0.162779
vt 0.138035 0.177332
vt 0.104797 0.160120
vt 0.447775 0.119689
vt 0.269000 0.208623
vt 0.273181 0.201153
vt 0.376695 0.228371
vt 0.337342 0.287929
vt 0.357887 0.305488
vt 0.310390 0.095766
vt 0.395254 0.324234
vt 0.093377 0.151419
vt 0.088504 0.145739
vt 0.447745 0.323683
vt 0.430602 0.308766
vt 0.315069 0.092677
vt 0.421698 0.094695
vt 0.336459 0.082150
vt 0.346715 0.081111
vt 0.340968 0.087907
vt 0.291551 0.306526
vt 0.461967 0.119871
vt 0.465640 0.119750
vt 0.465958 0.122345
vt 0.309203 0.173189
vt 0.334789 0.105440
vt 0.341289 0.095076
vt 0.345331 0.091105
vt 0.352326 0.079983
vt 0.349050 0.090434
vt 0.357350 0.079341
vt 0.376724 0.077686
vt 0.353748 0.095312
vt 0.341704 0.101309
vt 0.334720 0.102728
vt 0.314664 0.136838
vt 0.206258 0.213065
vt 0.307655 0.108262
vt 0.293785 0.306971
vt 0.349268 0.080583
vt 0.451051 0.245104
vt 0.453235 0.239258
vt 0.453235 0.246560
vt 0.370075 0.086176
vt 0.453196 0.248348
vt 0.119340 0.110261
vt 0.367288 0.326529
vt 0.388930 0.076203
vt 0.381103 0.136308
vt 0.396901 0.112221
vt 0.414517 0.104411
vt 0.405129 0.076257
vt 0.413448 0.076921
vt 0.414256 0.080993
vt 0.419756 0.294205
vt 0.452532 0.306867
vt 0.428872 0.300768
vt 0.436103 0.267685
vt 0.455637 0.270600
vt 0.419217 0.076685
vt 0.422930 0.076813
vt 0.420837 0.078249
vt 0.429155 0.077113
vt 0.413107 0.261804
vt 0.400248 0.254918
vt 0.431448 0.263051
vt 0.276995 0.237451
vt 0.440403 0.077285
vt 0.462300 0.081525
vt 0.463392 0.091891
vt 0.461481 0.084266
vt 0.461660 0.091373
vt 0.446919 0.302817
vt 0.461811 0.308119
vt 0.459330 0.292146
vt 0.459770 0.295383
vt 0.444358 0.289985
vt 0.458127 0.086889
vt 0.446901 0.087382
vt 0.404495 0.287267
vt 0.382507 0.274946
vt 0.424153 0.293780
vt 0.452163 0.095966
vt 0.452640 0.099029
vt 0.142134 0.114999
vt 0.456948 0.096859
vt 0.462610 0.310512
vt 0.465520 0.111604
vt 0.460716 0.114335
vt 0.457658 0.115449
vt 0.359053 0.301775
vt 0.456895 0.124886
vt 0.366414 0.315735
vt 0.389265 0.336254
vt 0.359142 0.311014
vt 0.393988 0.342811
vt 0.395495 0.348016
vt 0.466067 0.128555
vt 0.465958 0.131939
vt 0.463663 0.130176
vt 0.425965 0.152823
vt 0.421660 0.153019
vt 0.454384 0.131181
vt 0.451936 0.124544
vt 0.453433 0.109864
vt 0.450987 0.105983
vt 0.454055 0.103584
vt 0.450116 0.103228
vt 0.443027 0.094674
vt 0.442234 0.369066
vt 0.445372 0.368891
vt 0.457877 0.355655
vt 0.464484 0.357026
vt 0.450087 0.368673
vt 0.462354 0.361523
vt 0.446519 0.100543
vt 0.447542 0.362756
vt 0.439454 0.360433
vt 0.333193 0.272640
vt 0.445751 0.343973
vt 0.436055 0.085126
vt 0.104421 0.420204
vt 0.425533 0.240848
vt 0.431011 0.340878
vt 0.432744 0.336408
vt 0.389008 0.151947
vt 0.379479 0.161793
vt 0.327291 0.196419
vt 0.384765 0.150472
vt 0.416315 0.107415
vt 0.427729 0.102147
vt 0.426925 0.127516
vt 0.376384 0.312884
vt 0.280253 0.194692
vt 0.275209 0.204898
vt 0.348406 0.347714
vt 0.361621 0.176507
vt 0.341514 0.189378
vt 0.315838 0.205275
vt 0.314345 0.203404
vt 0.139935 0.266465
vt 0.333105 0.184667
vt 0.310871 0.201176
vt 0.304424 0.217419
vt 0.233034 0.218205
vt 0.226844 0.214778
vt 0.116121 0.169099
vt 0.338520 0.292166
vt 0.327808 0.282111
vt 0.331183 0.142873
vt 0.396505 0.152577
vt 0.382967 0.166632
vt 0.347599 0.192590
vt 0.337065 0.196898
vt 0.316493 0.210119
vt 0.312807 0.214708
vt 0.314109 0.218729
vt 0.422001 0.371289
vt 0.439147 0.374202
vt 0.440617 0.373014
vt 0.379686 0.179067
vt 0.384304 0.179102
vt 0.132488 0.277228
vt 0.394635 0.172071
vt 0.386514 0.172410
vt 0.409334 0.157179
vt 0.460334 0.364265
vt 0.457788 0.366672
vt 0.465514 0.137722
vt 0.438274 0.151557
vt 0.444231 0.152440
vt 0.453508 0.369405
vt 0.463228 0.368976
vt 0.342755 0.248087
vt 0.428315 0.161558
vt 0.462464 0.354927
vt 0.460389 0.352014
vt 0.467378 0.355955
vt 0.263978 0.231064
vt 0.462518 0.168990
vt 0.461664 0.174233
vt 0.466996 0.362252
vt 0.467401 0.365634
vt 0.466404 0.360095
vt 0.436548 0.335647
vt 0.385845 0.179878
vt 0.427387 0.335358
vt 0.420580 0.329119
vt 0.205218 0.385862
vt 0.202511 0.392563
vt 0.408328 0.324288
vt 0.037257 0.292562
vt 0.401397 0.316134
vt 0.397812 0.311366
vt 0.319203 0.220278
vt 0.421574 0.323075
vt 0.350754 0.198706
vt 0.332218 0.212043
vt 0.403902 0.312814
vt 0.413756 0.316420
vt 0.046504 0.269974
vt 0.448969 0.339701
vt 0.307372 0.200385
vt 0.325897 0.187708
vt 0.458641 0.343234
vt 0.451379 0.337623
vt 0.390412 0.313858
vt 0.125771 0.137979
vt 0.466408 0.350269
vt 0.468295 0.348329
vt 0.423884 0.082774
vt 0.429046 0.084052
vt 0.429428 0.082253
vt 0.425824 0.085980
vt 0.467542 0.354413
vt 0.358650 0.145155
vt 0.373938 0.126235
vt 0.327790 0.173250
vt 0.303346 0.197988
vt 0.381144 0.114426
vt 0.400016 0.097287
vt 0.406142 0.086199
vt 0.380460 0.088734
vt 0.364833 0.106239
vt 0.358993 0.108029
vt 0.358320 0.139118
vt 0.409501 0.293862
vt 0.334319 0.141399
vt 0.342602 0.132996
vt 0.363741 0.079223
vt 0.416094 0.302496
vt 0.431885 0.313140
vt 0.384488 0.099558
vt 0.399802 0.088189
vt 0.349978 0.260052
vt 0.363603 0.267380
vt 0.296472 0.195197
vt 0.381775 0.216721
vt 0.314825 0.169402
vt 0.347727 0.278998
vt 0.465849 0.103897
vt 0.313830 0.272045
vt 0.305391 0.265996
vt 0.316418 0.146117
vt 0.312934 0.153942
vt 0.307793 0.156496
vt 0.351671 0.126928
vt 0.292643 0.197217
vt 0.288384 0.190449
vt 0.323500 0.264791
vt 0.312137 0.257583
vt 0.047884 0.151861
vt 0.380775 0.278984
vt 0.385689 0.285538
vt 0.374719 0.274150
vt 0.405784 0.289264
vt 0.372440 0.271979
vt 0.285051 0.222273
vt 0.298764 0.242149
vt 0.310919 0.244016
vt 0.312539 0.249334
vt 0.303473 0.235070
vt 0.336484 0.244894
vt 0.305627 0.239943
vt 0.331562 0.236644
vt 0.337819 0.241893
vt 0.354082 0.238725
vt 0.346788 0.263315
vt 0.396195 0.244424
vt 0.349784 0.244944
vt 0.379465 0.252257
vt 0.332033 0.261657
vt 0.316833 0.256497
vt 0.093336 0.257778
vt 0.347848 0.266135
vt 0.392460 0.113248
vt 0.468142 0.368162
vt 0.309807 0.277717
vt 0.378638 0.238063
vt 0.309243 0.278813
vt 0.093008 0.411980
vt 0.374964 0.230186
vt 0.299677 0.275573
vt 0.307099 0.278736
vt 0.316723 0.287344
vt 0.331784 0.298590
vt 0.314930 0.294670
vt 0.330420 0.309265
vt 0.342941 0.315743
vt 0.373369 0.233341
vt 0.360075 0.214674
vt 0.314953 0.309918
vt 0.167949 0.139609
vt 0.461145 0.177883
vt 0.460526 0.181057
vt 0.239372 0.214641
vt 0.423072 0.224051
vt 0.384393 0.226278
vt 0.420570 0.220220
vt 0.218326 0.217348
vt 0.415121 0.078827
vt 0.453290 0.236152
vt 0.437782 0.235209
vt 0.453345 0.224073
vt 0.226743 0.201084
vt 0.200798 0.174429
vt 0.168909 0.247674
vt 0.038677 0.254998
vt 0.454928 0.211394
vt 0.448591 0.201431
vt 0.457043 0.199030
vt 0.457333 0.189536
vt 0.449370 0.188958
vt 0.305918 0.409860
vt 0.136808 0.106438
vt 0.211650 0.218019
vt 0.113216 0.303208
vt 0.304851 0.086064
vt 0.142917 0.420804
vt 0.135382 0.420847
vt 0.325905 0.172566
vt 0.161116 0.182621
vt 0.271456 0.242020
vt 0.385416 0.408939
vt 0.386103 0.413212
vt 0.468470 0.407997
vt 0.037202 0.309867
vt 0.041462 0.309867
vt 0.064484 0.113592
vt 0.266378 0.407997
vt 0.095725 0.353009
vt 0.396646 0.076518
vt 0.296964 0.409238
vt 0.293483 0.408934
vt 0.038240 0.263215
vt 0.200088 0.112879
vt 0.188403 0.099172
vt 0.445266 0.275480
vt 0.456730 0.276329
vt 0.314750 0.117691
vt 0.332395 0.096945
vt 0.142240 0.245303
vt 0.265559 0.388614
vt 0.241972 0.409204
vt 0.081459 0.195397
vt 0.076202 0.197144
vt 0.454985 0.265496
vt 0.309402 0.125169
vt 0.372179 0.101484
vt 0.462682 0.408725
vt 0.243758 0.409039
vt 0.421485 0.280084
vt 0.425210 0.178827
vt 0.462869 0.164618
vt 0.240508 0.409473
vt 0.232420 0.410663
vt 0.325391 0.400258
vt 0.310881 0.374759
vt 0.121771 0.121187
vt 0.277192 0.111753
vt 0.282323 0.152628
vt 0.351413 0.256384
vt 0.222376 0.411082
vt 0.277572 0.224201
vt 0.291551 0.346746
vt 0.389958 0.269593
vt 0.380170 0.270158
vt 0.180867 0.118490
vt 0.122567 0.342291
vt 0.111465 0.347902
vt 0.108189 0.342077
vt 0.289481 0.182871
vt 0.073460 0.346104
vt 0.427482 0.188051
vt 0.453190 0.237696
vt 0.169732 0.121693
vt 0.174520 0.352406
vt 0.038131 0.268576
vt 0.455201 0.268876
vt 0.103147 0.199317
vt 0.326560 0.083743
vt 0.038513 0.070003
vt 0.408096 0.308593
vt 0.217216 0.411731
vt 0.428882 0.351458
vt 0.464866 0.146117
vt 0.463938 0.152927
vt 0.463337 0.159310
vt 0.451924 0.163578
vt 0.411244 0.303313
vt 0.272876 0.259646
vt 0.453386 0.077517
vt 0.282352 0.110008
vt 0.320551 0.100190
vt 0.429933 0.292644
vt 0.461426 0.304941
vt 0.374113 0.287208
vt 0.099779 0.420290
vt 0.313406 0.410491
s 1
usemtl Material.001
f 2/1/1 4/2/2 3/3/3
f 4/2/2 2/1/1 5/4/4
f 5/4/4 2/1/1 6/5/5
f 1843/6/6 1844/7/7 1842/8/8
f 8/9/9 2/1/1 1/10/10
f 415/11/11 418/12/12 417/13/13
f 11/14/14 12/15/15 5/4/4
f 14/16/16 15/17/17 16/18/18
f 16/18/18 15/17/17 17/19/19
f 17/19/19 15/17/17 18/20/20
f 18/20/20 15/17/17 19/21/21
f 1140/22/22 1134/23/23 1122/24/24
f 15/17/17 12/15/15 20/25/25
f 20/25/25 12/15/15 21/26/26
f 132/27/27 87/28/28 88/29/29
f 11/14/14 10/30/30 23/31/31
f 10/30/30 24/32/32 23/31/31
f 25/33/33 24/32/32 26/34/34
f 24/32/32 9/35/35 26/34/34
f 26/34/34 9/35/35 27/36/36
f 9/35/35 7/37/37 8/9/9
f 8/9/9 1/10/10 28/38/38
f 28/38/38 1/10/10 312/39/39
f 312/39/39 1/10/10 29/40/40
f 1523/41/41 1522/42/42 1520/43/43
f 1659/44/44 1661/45/45 1772/46/46
f 495/47/47 496/48/48 493/49/49
f 836/50/50 843/51/51 848/52/52
f 17/19/19 18/20/20 32/53/53
f 18/20/20 19/21/21 33/54/54
f 23/31/31 22/55/55 11/14/14
f 10/30/30 9/35/35 24/32/32
f 391/56/56 388/57/57 389/58/58
f 36/59/59 37/60/60 34/61/61
f 34/61/61 37/60/60 33/54/54
f 37/60/60 38/62/62 33/54/54
f 33/54/54 38/62/62 18/20/20
f 38/62/62 39/63/63 18/20/20
f 39/63/63 40/64/64 18/20/20
f 634/65/65 627/66/66 628/67/67
f 38/62/62 37/60/60 39/63/63
f 39/63/63 37/60/60 41/68/68
f 41/68/68 37/60/60 42/69/69
f 37/60/60 36/59/59 42/69/69
f 254/70/70 253/71/71 236/72/72
f 42/69/69 36/59/59 43/73/73
f 43/73/73 36/59/59 45/74/74
f 34/61/61 35/75/75 45/74/74
f 45/74/74 35/75/75 46/76/76
f 46/76/76 35/75/75 47/77/77
f 35/75/75 20/25/25 47/77/77
f 45/74/74 46/76/76 44/78/78
f 52/79/79 48/80/80 46/76/76
f 54/81/81 55/82/82 51/83/83
f 51/83/83 55/82/82 56/84/84
f 59/85/85 60/86/86 47/77/77
f 47/77/77 61/87/87 52/79/79
f 47/77/77 62/88/88 59/85/85
f 59/85/85 62/88/88 63/89/89
f 62/88/88 47/77/77 64/90/90
f 69/91/91 72/92/92 73/93/93 68/94/94
f 68/94/94 21/26/26 22/55/55
f 66/95/95 25/33/33 69/91/91
f 25/33/33 70/96/96 69/91/91
f 70/96/96 71/97/97 69/91/91
f 71/97/97 72/92/92 69/91/91
f 68/94/94 73/93/93 21/26/26
f 73/93/93 74/98/98 21/26/26
f 21/26/26 74/98/98 64/90/90
f 730/99/99 728/100/100 729/101/101
f 78/102/102 79/103/103 80/104/104
f 79/103/103 81/105/105 80/104/104
f 81/105/105 61/87/87 80/104/104
f 80/104/104 61/87/87 60/86/86
f 1594/106/106 1534/107/107 1449/108/108
f 80/104/104 76/109/109 78/102/102
f 81/105/105 79/103/103 82/110/110
f 61/87/87 81/105/105 52/79/79
f 81/105/105 83/111/111 52/79/79
f 31/112/112 318/113/113 317/114/114
f 82/110/110 84/115/115 83/111/111
f 84/115/115 85/116/116 83/111/111
f 83/111/111 85/116/116 53/117/117
f 85/116/116 58/118/118 53/117/117
f 82/110/110 86/119/119 87/28/28
f 52/79/79 83/111/111 53/117/117
f 82/110/110 79/103/103 86/119/119
f 87/28/28 84/115/115 82/110/110
f 87/28/28 86/119/119 88/29/29
f 77/120/120 71/97/97 90/121/121
f 71/97/97 70/96/96 90/121/121
f 70/96/96 92/122/122 90/121/121
f 92/122/122 93/123/123 90/121/121
f 90/121/121 93/123/123 77/120/120
f 93/123/123 94/124/124 77/120/120
f 77/120/120 94/124/124 95/125/125
f 93/123/123 92/122/122 96/126/126
f 96/126/126 92/122/122 97/127/127
f 1087/128/128 1084/129/129 1086/130/130
f 97/127/127 100/131/131 101/132/132
f 340/133/133 342/134/134 341/135/135
f 1237/136/136 1231/137/137 529/138/138
f 91/139/139 70/96/96 103/140/140
f 70/96/96 25/33/33 103/140/140
f 26/34/34 27/36/36 104/141/141
f 96/126/126 94/124/124 93/123/123
f 97/127/127 101/132/132 96/126/126
f 103/140/140 104/141/141 105/142/142
f 107/143/143 108/144/144 102/145/145
f 102/145/145 109/146/146 100/131/131
f 101/132/132 109/146/146 110/147/147
f 110/147/147 109/146/146 111/148/148
f 111/148/148 109/146/146 112/149/149
f 109/146/146 108/144/144 113/150/150
f 108/144/144 114/151/151 113/150/150
f 102/145/145 108/144/144 109/146/146
f 117/152/152 116/153/153 118/154/154
f 116/153/153 119/155/155 111/148/148
f 111/148/148 119/155/155 110/147/147
f 126/156/156 127/157/157 124/158/158
f 101/132/132 120/159/159 96/126/126
f 120/159/159 121/160/160 96/126/126
f 122/161/161 123/162/162 121/160/160
f 121/160/160 123/162/162 94/124/124
f 127/157/157 128/163/163 124/158/158
f 124/158/158 128/163/163 125/164/164
f 128/163/163 122/161/161 125/164/164
f 125/164/164 121/160/160 120/159/159
f 121/160/160 94/124/124 96/126/126
f 162/165/165 149/166/166 161/167/167
f 48/80/80 50/168/168 49/169/169
f 129/170/170 122/161/161 130/171/171
f 122/161/161 128/163/163 130/171/171
f 836/50/50 849/172/172 835/173/173
f 95/125/125 133/174/174 131/175/175
f 132/27/27 131/175/175 133/174/174
f 134/176/176 133/174/174 135/177/177
f 135/177/177 129/170/170 136/178/178
f 129/170/170 130/171/171 136/178/178
f 128/163/163 137/179/179 136/178/178
f 137/179/179 138/180/180 136/178/178
f 138/180/180 135/177/177 136/178/178
f 95/125/125 131/175/175 77/120/120
f 77/120/120 131/175/175 89/181/181
f 128/163/163 127/157/157 137/179/179
f 242/182/182 183/183/183 202/184/184
f 139/185/185 140/186/186 138/180/180
f 138/180/180 140/186/186 135/177/177
f 140/186/186 141/187/187 135/177/177
f 132/27/27 143/188/188 87/28/28
f 127/157/157 145/189/189 138/180/180
f 145/189/189 139/185/185 138/180/180
f 87/28/28 146/190/190 84/115/115
f 152/191/191 147/192/192 85/116/116
f 85/116/116 147/192/192 58/118/118
f 147/192/192 148/193/193 58/118/118
f 58/118/118 148/193/193 55/82/82
f 55/82/82 148/193/193 57/194/194
f 149/166/166 148/193/193 151/195/195
f 152/191/191 155/196/196 154/197/197
f 151/195/195 148/193/193 156/198/198
f 156/198/198 157/199/199 158/200/200
f 158/200/200 157/199/199 159/201/201
f 395/202/202 396/203/203 1207/204/204
f 159/201/201 154/197/197 155/196/196
f 156/198/198 158/200/200 151/195/195
f 158/200/200 160/205/205 151/195/195
f 149/166/166 162/165/165 150/206/206
f 150/206/206 162/165/165 163/207/207
f 164/208/208 166/209/209 165/210/210
f 165/210/210 167/211/211 168/212/212
f 167/211/211 169/213/213 168/212/212
f 168/212/212 169/213/213 170/214/214
f 173/215/215 174/216/216 172/217/217
f 174/216/216 173/215/215 175/218/218
f 173/215/215 171/219/219 169/213/213
f 164/208/208 163/207/207 166/209/209
f 1528/220/220 1522/42/42 1524/221/221
f 1249/222/222 554/223/223 1250/224/224
f 180/225/225 178/226/226 183/183/183
f 178/226/226 177/227/227 183/183/183
f 183/183/183 177/227/227 184/228/228
f 187/229/229 188/230/230 184/228/228
f 183/183/183 188/230/230 189/231/231
f 185/232/232 186/233/233 190/234/234
f 186/233/233 175/218/218 191/235/235
f 175/218/218 192/236/236 191/235/235
f 193/237/237 194/238/238 192/236/236
f 195/239/239 196/240/240 191/235/235
f 197/241/241 198/242/242 186/233/233
f 186/233/233 198/242/242 190/234/234
f 198/242/242 199/243/243 190/234/234
f 187/229/229 199/243/243 188/230/230
f 199/243/243 200/244/244 188/230/230
f 513/245/245 510/246/246 514/247/247
f 188/230/230 201/248/248 189/231/231
f 189/231/231 201/248/248 183/183/183
f 201/248/248 202/184/184 183/183/183
f 1551/249/249 1548/250/250 1550/251/251
f 173/215/215 169/213/213 193/237/237
f 203/252/252 204/253/253 200/244/244
f 204/253/253 205/254/254 200/244/244
f 201/248/248 205/254/254 202/184/184
f 203/252/252 198/242/242 197/241/241
f 197/241/241 196/240/240 206/255/255
f 196/240/240 195/239/239 207/256/256
f 207/256/256 195/239/239 208/257/257
f 194/238/238 193/237/237 209/258/258
f 193/237/237 169/213/213 209/258/258
f 209/258/258 167/211/211 210/259/259
f 213/260/260 214/261/261 209/258/258
f 209/258/258 214/261/261 194/238/238
f 194/238/238 214/261/261 208/257/257
f 214/261/261 215/262/262 208/257/257
f 208/257/257 215/262/262 207/256/256
f 215/262/262 216/263/263 207/256/256
f 707/264/264 646/265/265 708/266/266 710/267/267
f 396/203/203 397/268/268 398/269/269
f 206/255/255 220/270/270 197/241/241
f 220/270/270 203/252/252 197/241/241
f 210/259/259 166/209/209 213/260/260
f 166/209/209 211/271/271 213/260/260
f 218/272/272 217/273/273 219/274/274
f 219/274/274 217/273/273 158/200/200
f 158/200/200 217/273/273 160/205/205
f 217/273/273 216/263/263 160/205/205
f 1402/275/275 1389/276/276 1401/277/277
f 162/165/165 161/167/167 212/278/278
f 1228/279/279 1222/280/280 1227/281/281
f 213/260/260 212/278/278 214/261/261
f 212/278/278 221/282/282 214/261/261
f 214/261/261 221/282/282 215/262/262
f 221/282/282 161/167/167 215/262/262
f 215/262/262 161/167/167 216/263/263
f 158/200/200 222/283/283 219/274/274
f 222/283/283 223/284/284 219/274/274
f 506/285/285 505/286/286 507/287/287
f 203/252/252 224/288/288 204/253/253
f 224/288/288 203/252/252 225/289/289
f 225/289/289 223/284/284 226/290/290
f 223/284/284 222/283/283 226/290/290
f 226/290/290 222/283/283 159/201/201
f 1192/291/291 1188/292/292 1189/293/293
f 159/201/201 155/196/196 227/294/294
f 144/295/295 143/188/188 228/296/296
f 143/188/188 142/297/297 228/296/296
f 1600/298/298 1599/299/299 1624/300/300
f 230/301/301 231/302/302 227/294/294
f 231/302/302 232/303/303 227/294/294
f 226/290/290 232/303/303 231/302/302
f 231/302/302 230/301/301 233/304/304
f 230/301/301 229/305/305 233/304/304
f 1091/306/306 1102/307/307 1093/308/308
f 1802/309/309 1805/310/310 1794/311/311
f 229/305/305 141/187/187 140/186/186
f 139/185/185 234/312/312 229/305/305
f 231/302/302 233/304/304 226/290/290
f 233/304/304 236/72/72 226/290/290
f 226/290/290 236/72/72 225/289/289
f 236/72/72 237/313/313 225/289/289
f 225/289/289 237/313/313 224/288/288
f 237/313/313 238/314/314 224/288/288
f 224/288/288 238/314/314 204/253/253
f 204/253/253 240/315/315 205/254/254
f 240/315/315 202/184/184 205/254/254
f 241/316/316 242/182/182 202/184/184
f 242/182/182 243/317/317 183/183/183
f 183/183/183 243/317/317 180/225/225
f 180/225/225 244/318/318 181/319/319
f 233/304/304 235/320/320 236/72/72
f 240/315/315 241/316/316 202/184/184
f 180/225/225 243/317/317 244/318/318
f 244/318/318 243/317/317 247/321/321
f 243/317/317 242/182/182 247/321/321
f 242/182/182 241/316/316 248/322/322
f 241/316/316 249/323/323 248/322/322
f 248/322/322 247/321/321 242/182/182
f 239/324/324 238/314/314 251/325/325
f 238/314/314 237/313/313 252/326/326
f 252/326/326 237/313/313 253/71/71
f 237/313/313 236/72/72 253/71/71
f 236/72/72 235/320/320 254/70/70
f 254/70/70 255/327/327 253/71/71
f 234/312/312 145/189/189 256/328/328
f 256/328/328 145/189/189 257/329/329
f 257/329/329 145/189/189 258/330/330
f 145/189/189 127/157/157 258/330/330
f 119/155/155 116/153/153 259/331/331
f 910/332/332 907/333/333 740/334/334
f 258/330/330 262/335/335 257/329/329
f 257/329/329 261/336/336 263/337/337
f 263/337/337 261/336/336 260/338/338
f 263/337/337 264/339/339 257/329/329
f 257/329/329 264/339/339 256/328/328
f 264/339/339 265/340/340 256/328/328
f 256/328/328 265/340/340 255/327/327
f 265/340/340 266/341/341 255/327/327
f 252/326/326 266/341/341 251/325/325
f 268/342/342 250/343/343 239/324/324
f 250/343/343 269/344/344 249/323/323
f 1184/345/345 1183/346/346 1059/347/347
f 269/344/344 250/343/343 271/348/348
f 271/348/348 250/343/343 272/349/349
f 250/343/343 268/342/342 272/349/349
f 793/350/350 794/351/351 791/352/352
f 272/349/349 274/353/353 275/354/354
f 274/353/353 273/355/355 275/354/354
f 275/354/354 273/355/355 276/356/356
f 276/356/356 267/357/357 277/358/358
f 267/357/357 266/341/341 277/358/358
f 277/358/358 266/341/341 278/359/359
f 278/359/359 266/341/341 279/360/360
f 266/341/341 265/340/340 279/360/360
f 265/340/340 264/339/339 279/360/360
f 264/339/339 263/337/337 279/360/360
f 263/337/337 260/338/338 280/361/361
f 280/361/361 260/338/338 281/362/362
f 819/363/363 816/364/364 817/365/365
f 279/360/360 263/337/337 278/359/359
f 117/152/152 118/154/154 292/366/366
f 606/367/367 613/368/368 612/369/369
f 113/150/150 114/151/151 283/370/370
f 283/370/370 114/151/151 284/371/371
f 1555/372/372 1566/373/373 1556/374/374
f 284/371/371 287/375/375 283/370/370
f 283/370/370 287/375/375 286/376/376
f 1179/377/377 1180/378/378 1182/379/379
f 115/380/380 286/376/376 282/381/381
f 286/376/376 287/375/375 288/382/382
f 715/383/383 1658/384/384 1167/385/385
f 1234/386/386 1236/387/387 527/388/388
f 290/389/389 291/390/390 282/381/381
f 282/381/381 291/390/390 118/154/154
f 118/154/154 291/390/390 292/366/366
f 896/391/391 897/392/392 810/393/393
f 287/375/375 284/371/371 289/394/394
f 292/366/366 291/390/390 293/395/395
f 1618/396/396 1590/397/397 1591/398/398 1600/298/298 1625/399/399
f 980/400/400 979/401/401 277/358/358
f 294/402/402 289/394/394 295/403/403
f 295/403/403 289/394/394 296/404/404
f 289/394/394 284/371/371 296/404/404
f 954/405/405 955/406/406 950/407/407
f 1747/408/408 1787/409/409 1745/410/410
f 325/411/411 323/412/412 326/413/413
f 1012/414/414 1013/415/415 1011/416/416
f 303/417/417 105/142/142 304/418/418
f 304/418/418 105/142/142 104/141/141
f 9/35/35 8/9/9 305/419/419
f 8/9/9 28/38/38 305/419/419
f 966/420/420 612/369/369 613/368/368
f 624/421/421 623/422/422 616/423/423
f 298/424/424 309/425/425 308/426/426
f 1662/427/427 717/428/428 718/429/429
f 307/430/430 309/425/425 298/424/424
f 306/431/431 311/432/432 307/430/430
f 307/430/430 311/432/432 310/433/433
f 305/419/419 28/38/38 312/39/39
f 312/39/39 29/40/40 313/434/434
f 313/434/434 29/40/40 314/435/435
f 316/436/436 31/112/112 317/114/114
f 1105/437/437 1104/438/438 1088/439/439
f 319/440/440 320/441/441 321/442/442
f 320/441/441 318/113/113 32/53/53
f 317/114/114 323/412/412 316/436/436
f 30/443/443 323/412/412 315/444/444
f 315/444/444 323/412/412 324/445/445
f 324/445/445 323/412/412 325/411/411
f 322/446/446 318/113/113 327/447/447
f 318/113/113 319/440/440 328/448/448
f 518/449/449 519/450/450 517/451/451
f 320/441/441 32/53/53 331/452/452
f 40/64/64 39/63/63 332/453/453
f 320/441/441 331/452/452 321/442/442
f 32/53/53 40/64/64 331/452/452
f 40/64/64 333/454/454 331/452/452
f 1287/455/455 1272/456/456 1270/457/457
f 332/453/453 39/63/63 41/68/68
f 338/458/458 339/459/459 335/460/460
f 335/460/460 339/459/459 334/461/461
f 662/462/462 664/463/463 666/464/464
f 331/452/452 340/133/133 341/135/135
f 731/465/465 1647/466/466 1268/467/467
f 342/134/134 340/133/133 343/468/468
f 340/133/133 339/459/459 343/468/468
f 1175/469/469 1176/470/470 1171/471/471
f 345/472/472 346/473/473 344/474/474
f 344/474/474 346/473/473 342/134/134
f 342/134/134 346/473/473 347/475/475
f 347/475/475 346/473/473 348/476/476
f 346/473/473 345/472/472 348/476/476
f 348/476/476 345/472/472 349/477/477
f 349/477/477 350/478/478 348/476/476
f 350/478/478 351/479/479 348/476/476
f 348/476/476 351/479/479 347/475/475
f 340/133/133 334/461/461 339/459/459
f 330/480/480 331/452/452 341/135/135
f 345/472/472 344/474/474 349/477/477
f 350/478/478 360/481/481 351/479/479
f 352/482/482 341/135/135 347/475/475
f 347/475/475 341/135/135 342/134/134
f 825/483/483 824/484/484 814/485/485
f 355/486/486 352/482/482 356/487/487
f 352/482/482 357/488/488 356/487/487
f 356/487/487 357/488/488 358/489/489
f 358/489/489 357/488/488 359/490/490
f 357/488/488 360/481/481 359/490/490
f 360/481/481 350/478/478 361/491/491
f 1719/492/492 1713/493/493 1718/494/494
f 362/495/495 350/478/478 363/496/496
f 350/478/478 349/477/477 363/496/496
f 679/497/497 672/498/498 678/499/499
f 362/495/495 365/500/500 366/501/501
f 365/500/500 367/502/502 366/501/501
f 352/482/482 355/486/486 341/135/135
f 341/135/135 355/486/486 330/480/480
f 368/503/503 361/491/491 362/495/495
f 367/502/502 369/504/504 366/501/501
f 369/504/504 370/505/505 366/501/501
f 370/505/505 368/503/503 366/501/501
f 361/491/491 371/506/506 360/481/481
f 360/481/481 372/507/507 359/490/490
f 368/503/503 370/505/505 371/506/506
f 370/505/505 373/508/508 372/507/507
f 372/507/507 373/508/508 359/490/490
f 373/508/508 374/509/509 359/490/490
f 359/490/490 375/510/510 358/489/489
f 358/489/489 376/511/511 356/487/487
f 356/487/487 376/511/511 355/486/486
f 376/511/511 354/512/512 355/486/486
f 377/513/513 354/512/512 378/514/514
f 354/512/512 376/511/511 378/514/514
f 378/514/514 376/511/511 379/515/515
f 379/515/515 376/511/511 380/516/516
f 376/511/511 358/489/489 380/516/516
f 358/489/489 375/510/510 380/516/516
f 1566/373/373 1680/517/517 1679/518/518 1677/519/519
f 375/510/510 374/509/509 373/508/508
f 409/520/520 407/521/521 408/522/522
f 370/505/505 369/504/504 383/523/523
f 369/504/504 384/524/524 383/523/523
f 136/178/178 130/171/171 128/163/163
f 1644/525/525 868/526/526 867/527/527
f 1346/528/528 1348/529/529 1361/530/530
f 395/202/202 760/531/531 393/532/532
f 393/532/532 396/203/203 395/202/202
f 400/533/533 402/534/534 401/535/535
f 402/534/534 404/536/536 403/537/537
f 406/538/538 403/537/537 404/536/536
f 405/539/539 408/522/522 407/521/521
f 408/522/522 410/540/540 409/520/520
f 1149/541/541 1148/542/542 1150/543/543
f 413/544/544 415/11/11 412/545/545
f 416/546/546 415/11/11 417/13/13
f 418/12/12 419/547/547 417/13/13
f 417/13/13 419/547/547 420/548/548
f 419/547/547 421/549/549 420/548/548
f 411/550/550 414/551/551 424/552/552
f 425/553/553 420/548/548 421/549/549
f 423/554/554 426/555/555 422/556/556
f 426/555/555 427/557/557 422/556/556
f 423/554/554 428/558/558 426/555/555
f 426/555/555 432/559/559 427/557/557
f 432/559/559 433/560/560 427/557/557
f 1270/457/457 1272/456/456 723/561/561
f 425/553/553 434/562/562 420/548/548
f 428/558/558 431/563/563 426/555/555
f 850/564/564 849/172/172 848/52/52
f 611/565/565 610/566/566 608/567/567 612/369/369
f 437/568/568 439/569/569 780/570/570
f 780/570/570 439/569/569 438/571/571
f 432/559/559 426/555/555 437/568/568
f 1721/572/572 1723/573/573 1722/574/574
f 439/569/569 430/575/575 440/576/576
f 441/577/577 429/578/578 442/579/579
f 1575/580/580 1552/581/581 1826/582/582
f 445/583/583 444/584/584 446/585/585
f 444/584/584 447/586/586 446/585/585
f 446/585/585 447/586/586 448/587/587
f 449/588/588 450/589/589 451/590/590
f 853/591/591 852/592/592 850/564/564
f 454/593/593 455/594/594 452/595/595
f 456/596/596 457/597/597 451/590/590
f 458/598/598 449/588/588 457/597/597
f 451/590/590 457/597/597 449/588/588
f 456/596/596 459/599/599 457/597/597
f 457/597/597 459/599/599 458/598/598
f 461/600/600 460/601/601 462/602/602
f 464/603/603 466/604/604 465/605/605
f 465/605/605 466/604/604 467/606/606
f 466/604/604 468/607/607 467/606/606
f 454/593/593 453/608/608 460/601/601
f 472/609/609 473/610/610 468/607/607
f 473/610/610 474/611/611 468/607/607
f 474/611/611 475/612/612 467/606/606
f 467/606/606 475/612/612 469/613/613
f 471/614/614 470/615/615 476/616/616
f 471/614/614 476/616/616 473/610/610
f 476/616/616 478/617/617 473/610/610
f 473/610/610 478/617/617 474/611/611
f 474/611/611 478/617/617 475/612/612
f 478/617/617 479/618/618 475/612/612
f 475/612/612 480/619/619 469/613/613
f 480/619/619 475/612/612 482/620/620
f 482/620/620 475/612/612 483/621/621
f 475/612/612 479/618/618 483/621/621
f 483/621/621 479/618/618 484/622/622
f 479/618/618 478/617/617 484/622/622
f 478/617/617 476/616/616 485/623/623
f 485/623/623 476/616/616 486/624/624
f 486/624/624 488/625/625 485/623/623
f 489/626/626 484/622/622 490/627/627
f 488/625/625 486/624/624 1633/628/628
f 487/629/629 477/630/630 492/631/631
f 965/632/632 961/633/633 962/634/634
f 477/630/630 494/635/635 493/49/49
f 494/635/635 495/47/47 493/49/49
f 483/621/621 484/622/622 489/626/626
f 71/97/97 77/120/120 72/92/92
f 503/636/636 505/286/286 502/637/637
f 505/286/286 506/285/285 502/637/637
f 506/285/285 500/638/638 501/639/639 502/637/637
f 289/394/394 288/382/382 287/375/375
f 504/640/640 509/641/641 508/642/642
f 508/642/642 509/641/641 510/246/246
f 510/246/246 509/641/641 511/643/643
f 510/246/246 512/644/644 508/642/642
f 512/644/644 510/246/246 528/645/645
f 359/490/490 374/509/509 375/510/510
f 510/246/246 511/643/643 514/247/247
f 515/646/646 516/647/647 514/247/247
f 522/648/648 521/649/649 519/450/450
f 967/650/650 968/651/651 612/369/369
f 1072/652/652 1075/653/653 1071/654/654
f 521/649/649 520/655/655 519/450/450
f 813/656/656 814/485/485 811/657/657
f 555/658/658 558/659/659 557/660/660
f 272/349/349 936/661/661 271/348/348
f 1730/662/662 1750/663/663 1749/664/664
f 1319/665/665 1260/666/666 1282/667/667
f 526/668/668 527/388/388 528/645/645
f 472/609/609 470/615/615 471/614/614 473/610/610
f 529/138/138 530/669/669 528/645/645
f 530/669/669 512/644/644 528/645/645
f 636/670/670 732/671/671 731/465/465
f 526/668/668 528/645/645 513/245/245
f 1489/672/672 1425/673/673 1426/674/674
f 532/675/675 524/676/676 533/677/677
f 524/676/676 523/678/678 533/677/677
f 157/199/199 154/197/197 159/201/201
f 533/677/677 523/678/678 534/679/679
f 523/678/678 535/680/680 534/679/679
f 765/681/681 1200/682/682 406/538/538
f 1061/683/683 1038/684/684 1180/378/378
f 533/677/677 537/685/685 532/675/675
f 598/686/686 587/687/687 597/688/688
f 536/689/689 533/677/677 534/679/679
f 997/690/690 996/691/691 700/692/692
f 538/693/693 534/679/679 539/694/694
f 534/679/679 535/680/680 539/694/694
f 540/695/695 542/696/696 541/697/697
f 618/698/698 596/699/699 620/700/700
f 1243/701/701 1649/702/702 1635/703/703
f 543/704/704 546/705/705 541/697/697
f 1596/706/706 1475/707/707 1466/708/708
f 539/694/694 547/709/709 538/693/693
f 547/709/709 546/705/705 548/710/710
f 1279/711/711 1280/712/712 1530/713/713
f 548/710/710 550/714/714 547/709/709
f 550/714/714 538/693/693 547/709/709
f 534/679/679 553/715/715 552/716/716
f 1666/717/717 1667/718/718 1688/719/719
f 553/715/715 534/679/679 538/693/693
f 534/679/679 551/720/720 536/689/689
f 826/721/721 825/483/483 822/722/722
f 664/463/463 661/723/723 666/464/464
f 555/658/658 557/660/660 550/714/714
f 548/710/710 549/724/724 555/658/658
f 549/724/724 556/725/725 555/658/658
f 444/584/584 445/583/583 442/579/579
f 555/658/658 556/725/725 558/659/659
f 544/726/726 545/727/727 578/728/728
f 578/728/728 545/727/727 559/729/729
f 789/730/730 798/731/731 815/732/732
f 559/729/729 561/733/733 560/734/734
f 562/735/735 563/736/736 564/737/737
f 1804/738/738 1799/739/739 1803/740/740
f 563/736/736 565/741/741 564/737/737
f 564/737/737 565/741/741 566/742/742
f 567/743/743 569/744/744 568/745/745
f 568/745/745 569/744/744 570/746/746
f 570/746/746 569/744/744 571/747/747
f 561/733/733 563/736/736 562/735/735
f 1023/748/748 1044/749/749 1026/750/750
f 675/751/751 678/499/499 672/498/498
f 566/742/742 577/752/752 564/737/737
f 23/31/31 65/753/753 22/55/55
f 1122/24/24 1105/437/437 1106/754/754
f 651/755/755 623/422/422 650/756/756 696/757/757
f 562/735/735 579/758/758 560/734/734
f 311/432/432 581/759/759 580/760/760
f 581/759/759 583/761/761 580/760/760
f 312/39/39 313/434/434 311/432/432
f 314/435/435 581/759/759 313/434/434
f 309/425/425 585/762/762 308/426/426
f 584/763/763 580/760/760 586/764/764
f 586/764/764 583/761/761 587/687/687
f 587/687/687 583/761/761 582/765/765
f 586/764/764 588/766/766 584/763/763
f 584/763/763 588/766/766 585/762/762
f 589/767/767 590/768/768 585/762/762
f 590/768/768 591/769/769 585/762/762
f 585/762/762 591/769/769 308/426/426
f 1641/770/770 1648/771/771 1647/466/466
f 124/158/158 120/159/159 119/155/155
f 580/760/760 583/761/761 586/764/764
f 590/768/768 593/772/772 592/773/773
f 946/774/774 950/407/407 945/775/775
f 615/776/776 658/777/777 659/778/778 614/779/779
f 1203/780/780 1204/781/781 1202/782/782
f 586/764/764 587/687/687 596/699/699
f 1522/42/42 1322/783/783 1519/784/784
f 582/765/765 315/444/444 324/445/445
f 324/445/445 597/688/688 582/765/765
f 582/765/765 597/688/688 587/687/687
f 1693/785/785 1692/786/786 1780/787/787
f 746/788/788 601/789/789 600/790/790
f 1775/791/791 1809/792/792 1776/793/793
f 602/794/794 600/790/790 601/789/789
f 1482/795/795 1431/796/796 1449/108/108
f 1319/665/665 1529/797/797 1262/798/798
f 596/699/699 587/687/687 598/686/686
f 594/799/799 595/800/800 603/801/801
f 594/799/799 604/802/802 589/767/767
f 589/767/767 604/802/802 593/772/772
f 604/802/802 295/403/403 593/772/772
f 593/772/772 295/403/403 296/404/404
f 594/799/799 605/803/803 604/802/802
f 604/802/802 605/803/803 294/402/402
f 294/402/402 605/803/803 606/367/367
f 606/367/367 605/803/803 603/801/801
f 605/803/803 594/799/799 603/801/801
f 607/804/804 606/367/367 603/801/801
f 608/567/567 301/805/805 606/367/367
f 294/402/402 606/367/367 301/805/805
f 593/772/772 297/806/806 592/773/773
f 295/403/403 604/802/802 294/402/402
f 301/805/805 609/807/807 290/389/389
f 609/807/807 293/395/395 291/390/390
f 610/566/566 609/807/807 608/567/567
f 609/807/807 301/805/805 608/567/567
f 955/406/406 956/808/808 951/809/809
f 1055/810/810 1041/811/811 1054/812/812
f 608/567/567 606/367/367 612/369/369
f 606/367/367 607/804/804 613/368/368
f 613/368/368 607/804/804 614/779/779
f 614/779/779 607/804/804 615/776/776
f 615/776/776 607/804/804 616/423/423
f 366/501/501 368/503/503 362/495/495
f 618/698/698 621/813/813 617/814/814
f 622/815/815 616/423/423 617/814/814
f 443/816/816 442/579/579 429/578/578
f 217/273/273 207/256/256 216/263/263
f 1287/455/455 1270/457/457 1279/711/711
f 76/109/109 80/104/104 63/89/89
f 630/817/817 629/818/818 631/819/819
f 640/820/820 642/821/821 637/822/822
f 640/820/820 637/822/822 634/65/65
f 626/823/823 627/66/66 637/822/822
f 637/822/822 627/66/66 634/65/65
f 639/824/824 633/825/825 631/819/819
f 634/65/65 638/826/826 640/820/820
f 1345/827/827 1403/828/828 1344/829/829
f 442/579/579 782/830/830 441/577/577
f 1534/107/107 1277/831/831 1449/108/108
f 1264/832/832 1251/833/833 1254/834/834
f 651/755/755 652/835/835 623/422/422
f 653/836/836 652/835/835 654/837/837
f 652/835/835 651/755/755 654/837/837
f 758/838/838 756/839/839 759/840/840
f 655/841/841 656/842/842 653/836/836
f 656/842/842 657/843/843 653/836/836
f 659/778/778 658/777/777 660/844/844
f 658/777/777 657/843/843 661/723/723
f 1204/781/781 1203/780/780 743/845/845
f 658/777/777 664/463/463 660/844/844
f 660/844/844 664/463/463 662/462/462
f 664/463/463 658/777/777 661/723/723
f 888/846/846 891/847/847 834/848/848
f 857/849/849 856/850/850 843/51/51
f 668/851/851 671/852/852 669/853/853
f 671/852/852 668/851/851 667/854/854
f 232/303/303 159/201/201 227/294/294
f 670/855/855 673/856/856 613/368/368
f 673/856/856 670/855/855 674/857/857
f 666/464/464 676/858/858 662/462/462
f 676/858/858 677/859/859 662/462/462
f 679/497/497 678/499/499 680/860/860
f 678/499/499 675/751/751 681/861/861
f 507/287/287 1222/280/280 506/285/285
f 684/862/862 683/863/863 686/864/864
f 683/863/863 687/865/865 686/864/864
f 1277/831/831 720/866/866 1278/867/867 1532/868/868
f 688/869/869 689/870/870 690/871/871
f 572/872/872 571/747/747 569/744/744
f 687/865/865 683/863/863 693/873/873
f 683/863/863 665/874/874 693/873/873
f 665/874/874 661/723/723 694/875/875
f 661/723/723 657/843/843 694/875/875
f 694/875/875 657/843/843 656/842/842
f 695/876/876 655/841/841 654/837/837
f 696/757/757 650/756/756 697/877/877
f 501/639/639 500/638/638 499/878/878
f 701/879/879 699/880/880 698/881/881
f 702/882/882 649/883/883 703/884/884
f 649/883/883 645/885/885 703/884/884
f 703/884/884 645/885/885 646/265/265
f 646/265/265 704/886/886 703/884/884
f 744/887/887 743/845/845 729/101/101
f 1348/529/529 1357/888/888 1360/889/889
f 625/890/890 643/891/891 644/892/892
f 496/48/48 499/878/878 498/893/893
f 644/892/892 709/894/894 708/266/266
f 834/848/848 849/172/172 888/846/846
f 710/267/267 711/895/895 707/264/264
f 712/896/896 713/897/897 706/898/898
f 713/897/897 712/896/896 714/899/899
f 712/896/896 711/895/895 715/383/383
f 715/383/383 711/895/895 716/900/900
f 711/895/895 710/267/267 716/900/900
f 1773/901/901 1771/902/902 1772/46/46
f 717/428/428 716/900/900 710/267/267
f 717/428/428 710/267/267 718/429/429
f 1797/903/903 1800/904/904 1798/905/905
f 641/906/906 638/826/826 724/907/907
f 10/30/30 5/4/4 6/5/5
f 726/908/908 632/909/909 727/910/910
f 636/670/670 629/818/818 619/911/911
f 629/818/818 620/700/700 619/911/911
f 619/911/911 600/790/790 728/100/100
f 234/312/312 139/185/185 145/189/189
f 728/100/100 730/99/99 619/911/911
f 726/908/908 631/819/819 632/909/909
f 1841/912/912 1842/8/8 339/459/459
f 736/913/913 735/914/914 737/915/915
f 740/334/334 739/916/916 741/917/917
f 739/916/916 730/99/99 741/917/917
f 730/99/99 729/101/101 742/918/918
f 729/101/101 602/794/794 744/887/887
f 602/794/794 601/789/789 745/919/919
f 1567/920/920 1825/921/921 1551/249/249
f 597/688/688 324/445/445 748/922/922
f 730/99/99 739/916/916 619/911/911
f 748/922/922 325/411/411 326/413/413
f 1315/923/923 1300/924/924 1297/925/925
f 353/926/926 327/447/447 328/448/448
f 3/3/3 30/443/443 315/444/444
f 786/927/927 799/928/928 812/929/929
f 536/689/689 537/685/685 533/677/677
f 753/930/930 382/931/931 754/932/932
f 718/429/429 710/267/267 708/266/266
f 755/933/933 756/839/839 754/932/932
f 1636/934/934 1635/703/703 1649/702/702
f 795/935/935 833/936/936 793/350/350
f 756/839/839 392/937/937 759/840/840
f 973/938/938 943/939/939 972/940/940
f 762/941/941 398/269/269 763/942/942
f 918/943/943 916/944/944 919/945/945
f 763/942/942 399/946/946 764/947/947
f 406/538/538 407/521/521 765/681/681
f 1195/948/948 1000/949/949 999/950/950
f 767/951/951 766/952/952 768/953/953
f 766/952/952 414/551/551 768/953/953
f 768/953/953 416/546/546 769/954/954
f 407/521/521 406/538/538 405/539/539
f 769/954/954 770/955/955 768/953/953
f 1516/956/956 1502/957/957 1500/958/958
f 529/138/138 1231/137/137 530/669/669
f 323/412/412 30/443/443 316/436/436
f 1201/959/959 406/538/538 1200/682/682
f 771/960/960 773/961/961 772/962/962
f 1803/740/740 1763/963/963 1804/738/738
f 772/962/962 1203/780/780 768/953/953
f 768/953/953 1203/780/780 767/951/951
f 775/964/964 771/960/960 905/965/965
f 581/759/759 314/435/435 315/444/444 582/765/765
f 778/966/966 436/967/967 780/570/570
f 780/570/570 438/571/571 440/576/576
f 440/576/576 430/575/575 781/968/968
f 1734/969/969 1714/970/970 1722/574/574
f 1610/971/971 1609/972/972 1611/973/973
f 442/579/579 445/583/583 783/974/974
f 446/585/585 448/587/587 785/975/975
f 448/587/587 449/588/588 785/975/975
f 785/975/975 449/588/588 786/927/927
f 449/588/588 458/598/598 786/927/927
f 458/598/598 459/599/599 787/976/976
f 459/599/599 788/977/977 787/976/976
f 787/976/976 788/977/977 789/730/730
f 459/599/599 456/596/596 788/977/977
f 788/977/977 456/596/596 790/978/978
f 790/978/978 456/596/596 791/352/352
f 456/596/596 455/594/594 791/352/352
f 455/594/594 461/600/600 791/352/352
f 792/979/979 790/978/978 791/352/352
f 461/600/600 793/350/350 791/352/352
f 791/352/352 794/351/351 792/979/979
f 462/602/602 795/935/935 461/600/600
f 792/979/979 796/980/980 790/978/978
f 796/980/980 797/981/981 790/978/978
f 790/978/978 797/981/981 788/977/977
f 788/977/977 797/981/981 789/730/730
f 797/981/981 798/731/731 789/730/730
f 787/976/976 799/928/928 458/598/598
f 786/927/927 800/982/982 785/975/975
f 1059/347/347 1183/346/346 1060/983/983
f 801/984/984 802/985/985 782/830/830
f 974/986/986 975/987/987 977/988/988
f 913/989/989 746/788/788 914/990/990
f 802/985/985 807/991/991 781/968/968
f 808/992/992 806/993/993 809/994/994
f 806/993/993 805/995/995 809/994/994
f 804/996/996 803/997/997 805/995/995
f 805/995/995 803/997/997 811/657/657
f 811/657/657 803/997/997 812/929/929
f 803/997/997 800/982/982 812/929/929
f 800/982/982 786/927/927 812/929/929
f 799/928/928 787/976/976 813/656/656
f 814/485/485 789/730/730 815/732/732
f 815/732/732 818/998/998 814/485/485
f 818/998/998 816/364/364 819/363/363
f 817/365/365 820/999/999 819/363/363
f 821/1000/1000 822/722/722 818/998/998
f 698/881/881 697/877/877 648/1001/1001
f 823/1002/1002 811/657/657 824/484/484
f 811/657/657 814/485/485 824/484/484
f 660/844/844 662/462/462 663/1003/1003
f 814/485/485 822/722/722 825/483/483
f 826/721/721 821/1000/1000 827/1004/1004
f 828/1005/1005 820/999/999 829/1006/1006
f 820/999/999 817/365/365 829/1006/1006
f 829/1006/1006 817/365/365 830/1007/1007
f 817/365/365 798/731/731 830/1007/1007
f 798/731/731 797/981/981 830/1007/1007
f 830/1007/1007 797/981/981 831/1008/1008
f 831/1008/1008 797/981/981 796/980/980
f 1062/1009/1009 1064/1010/1010 1063/1011/1011
f 1351/1012/1012 1349/1013/1013 1350/1014/1014
f 417/13/13 769/954/954 416/546/546
f 480/619/619 482/620/620 481/1015/1015
f 481/1015/1015 482/620/620 834/848/848
f 1616/1016/1016 1617/1017/1017 1615/1018/1018
f 482/620/620 483/621/621 835/173/173
f 372/507/507 360/481/481 371/506/506
f 836/50/50 483/621/621 837/1019/1019
f 490/627/627 839/1020/1020 489/626/626
f 489/626/626 839/1020/1020 840/1021/1021
f 840/1021/1021 839/1020/1020 841/1022/1022
f 839/1020/1020 490/627/627 841/1022/1022
f 838/1023/1023 489/626/626 840/1021/1021
f 1434/1024/1024 1433/1025/1025 1417/1026/1026
f 840/1021/1021 842/1027/1027 838/1023/1023
f 838/1023/1023 842/1027/1027 837/1019/1019
f 836/50/50 837/1019/1019 843/51/51
f 1244/1028/1028 1241/1029/1029 1240/1030/1030 1239/1031/1031
f 1601/1032/1032 1603/1033/1033 1588/1034/1034
f 848/52/52 843/51/51 850/564/564
f 855/1035/1035 843/51/51 856/850/850
f 857/849/849 847/1036/1036 858/1037/1037
f 847/1036/1036 846/1038/1038 858/1037/1037
f 846/1038/1038 845/1039/1039 859/1040/1040
f 859/1040/1040 861/1041/1041 846/1038/1038
f 861/1041/1041 858/1037/1037 846/1038/1038
f 862/1042/1042 856/850/850 857/849/849
f 850/564/564 852/592/592 849/172/172
f 858/1037/1037 867/527/527 862/1042/1042
f 1182/379/379 1181/1043/1043 1176/470/470
f 860/1044/1044 845/1039/1039 871/1045/1045
f 898/1046/1046 897/392/392 896/391/391
f 1637/1047/1047 1638/1048/1048 876/1049/1049
f 1520/43/43 1519/784/784 1326/1050/1050
f 1593/1051/1051 1598/1052/1052 1597/1053/1053
f 874/1054/1054 878/1055/1055 875/1056/1056
f 878/1055/1055 879/1057/1057 875/1056/1056
f 99/1058/1058 97/127/127 98/1059/1059
f 879/1057/1057 880/1060/1060 869/1061/1061
f 869/1061/1061 880/1060/1060 870/1062/1062
f 880/1060/1060 881/1063/1063 870/1062/1062
f 870/1062/1062 881/1063/1063 858/1037/1037
f 858/1037/1037 881/1063/1063 867/527/527
f 1237/136/136 1238/1064/1064 1231/137/137
f 882/1065/1065 883/1066/1066 868/526/526
f 735/914/914 738/1067/1067 737/915/915
f 854/1068/1068 866/1069/1069 863/1070/1070 887/1071/1071 853/591/591
f 119/155/155 126/156/156 124/158/158
f 853/591/591 887/1071/1071 852/592/592
f 273/355/355 274/353/353 267/357/357
f 834/848/848 889/1072/1072 481/1015/1015
f 831/1008/1008 890/1073/1073 830/1007/1007
f 890/1073/1073 834/848/848 891/847/847
f 1630/1074/1074 1219/1075/1075 1627/1076/1076
f 831/1008/1008 889/1072/1072 890/1073/1073
f 890/1073/1073 889/1072/1072 834/848/848
f 852/592/592 887/1071/1071 892/1077/1077
f 887/1071/1071 828/1005/1005 892/1077/1077
f 892/1077/1077 828/1005/1005 829/1006/1006
f 825/483/483 893/1078/1078 824/484/484
f 894/1079/1079 895/1080/1080 823/1002/1002
f 153/1081/1081 156/198/198 148/193/193
f 492/631/631 493/49/49 497/1082/1082
f 898/1046/1046 896/391/391 737/915/915
f 737/915/915 738/1067/1067 898/1046/1046
f 738/1067/1067 739/916/916 898/1046/1046
f 899/1083/1083 807/991/991 898/1046/1046
f 807/991/991 808/992/992 897/392/392
f 1034/1084/1084 1035/1085/1085 1033/1086/1086
f 807/991/991 900/1087/1087 781/968/968
f 1233/1088/1088 1232/1089/1089 1225/1090/1090
f 440/576/576 901/1091/1091 780/570/570
f 780/570/570 901/1091/1091 778/966/966
f 900/1087/1087 899/1083/1083 902/1092/1092
f 902/1092/1092 899/1083/1083 903/1093/1093
f 899/1083/1083 898/1046/1046 739/916/916
f 900/1087/1087 807/991/991 899/1083/1083
f 778/966/966 902/1092/1092 779/1094/1094
f 1400/1095/1095 1399/1096/1096 1397/1097/1097
f 281/362/362 117/152/152 292/366/366
f 775/964/964 905/965/965 906/1098/1098
f 904/1099/1099 779/1094/1094 903/1093/1093
f 903/1093/1093 779/1094/1094 902/1092/1092
f 903/1093/1093 739/916/916 907/333/333
f 907/333/333 739/916/916 740/334/334
f 1543/1100/1100 1576/1101/1101 1573/1102/1102
f 910/332/332 909/1103/1103 906/1098/1098
f 906/1098/1098 911/1104/1104 775/964/964
f 543/704/704 545/727/727 544/726/726
f 1650/1105/1105 1167/385/385 1658/384/384
f 746/788/788 913/989/989 912/1106/1106
f 911/1104/1104 906/1098/1098 909/1103/1103
f 909/1103/1103 774/1107/1107 911/1104/1104
f 747/1108/1108 746/788/788 600/790/790 598/686/686 599/1109/1109
f 1634/1110/1110 1632/1111/1111 1633/628/628
f 916/944/944 917/1112/1112 915/1113/1113
f 915/1113/1113 917/1112/1112 757/1114/1114
f 917/1112/1112 914/990/990 757/1114/1114
f 757/1114/1114 914/990/990 747/1108/1108
f 196/240/240 207/256/256 206/255/255
f 913/989/989 917/1112/1112 918/943/943
f 917/1112/1112 916/944/944 918/943/943
f 919/945/945 758/838/838 918/943/943
f 758/838/838 759/840/840 918/943/943
f 918/943/943 759/840/840 913/989/989
f 613/368/368 673/856/856 966/420/420
f 1391/1115/1115 1392/1116/1116 1395/1117/1117
f 688/869/869 686/864/864 687/865/865
f 1696/1118/1118 1697/1119/1119 1742/1120/1120
f 999/950/950 998/1121/1121 696/757/757
f 753/930/930 924/1122/1122 381/1123/1123
f 381/1123/1123 924/1122/1122 379/515/515
f 63/89/89 62/88/88 75/1124/1124
f 75/1124/1124 62/88/88 74/98/98
f 62/88/88 64/90/90 74/98/98
f 925/1125/1125 926/1126/1126 247/321/321
f 247/321/321 926/1126/1126 244/318/318
f 926/1126/1126 927/1127/1127 244/318/318
f 262/335/335 258/330/330 261/336/336
f 928/1128/1128 929/1129/1129 930/1130/1130
f 929/1129/1129 931/1131/1131 930/1130/1130
f 931/1131/1131 932/1132/1132 930/1130/1130
f 927/1127/1127 926/1126/1126 933/1133/1133
f 933/1133/1133 926/1126/1126 934/1134/1134
f 926/1126/1126 925/1125/1125 934/1134/1134
f 248/322/322 249/323/323 935/1135/1135
f 935/1135/1135 270/1136/1136 271/348/348
f 271/348/348 936/661/661 935/1135/1135
f 927/1127/1127 933/1133/1133 937/1137/1137
f 935/1135/1135 936/661/661 934/1134/1134
f 934/1134/1134 939/1138/1138 933/1133/1133
f 933/1133/1133 939/1138/1138 937/1137/1137
f 939/1138/1138 940/1139/1139 937/1137/1137
f 937/1137/1137 941/1140/1140 929/1129/1129
f 929/1129/1129 941/1140/1140 931/1131/1131
f 941/1140/1140 942/1141/1141 931/1131/1131
f 931/1131/1131 942/1141/1141 932/1132/1132
f 1184/345/345 1170/1142/1142 1183/346/346
f 937/1137/1137 940/1139/1139 947/1143/1143
f 932/1132/1132 942/1141/1141 945/775/775
f 946/774/774 941/1140/1140 947/1143/1143
f 1792/1144/1144 1794/311/311 1793/1145/1145
f 932/1132/1132 945/775/775 948/1146/1146
f 945/775/775 950/407/407 948/1146/1146
f 951/809/809 949/1147/1147 950/407/407
f 950/407/407 946/774/774 952/1148/1148
f 946/774/774 947/1143/1143 952/1148/1148
f 953/1149/1149 954/405/405 950/407/407
f 950/407/407 955/406/406 951/809/809
f 685/1150/1150 951/809/809 676/858/858
f 951/809/809 956/808/808 676/858/858
f 676/858/858 956/808/808 677/859/859
f 682/1151/1151 954/405/405 957/1152/1152
f 953/1149/1149 947/1143/1143 958/1153/1153
f 950/407/407 952/1148/1148 953/1149/1149
f 552/716/716 1247/1154/1154 551/720/720
f 680/860/860 960/1155/1155 679/497/497
f 679/497/497 961/633/633 672/498/498
f 961/633/633 674/857/857 672/498/498
f 1580/1156/1156 1587/1157/1157 1585/1158/1158
f 885/1159/1159 886/1160/1160 883/1066/1066
f 957/1152/1152 958/1153/1153 959/1161/1161
f 679/497/497 960/1155/1155 961/633/633
f 212/278/278 213/260/260 211/271/271
f 680/860/860 959/1161/1161 963/1162/1162
f 959/1161/1161 940/1139/1139 963/1162/1162
f 943/939/939 962/634/634 964/1163/1163
f 964/1163/1163 962/634/634 963/1162/1162
f 971/1164/1164 967/650/650 970/1165/1165
f 1574/1166/1166 1577/1167/1167 1543/1100/1100
f 966/420/420 967/650/650 612/369/369
f 158/200/200 159/201/201 222/283/283
f 940/1139/1139 939/1138/1138 944/1168/1168
f 1618/396/396 1619/1169/1169 1615/1018/1018
f 539/694/694 546/705/705 547/709/709
f 953/1149/1149 958/1153/1153 957/1152/1152
f 1614/1170/1170 1590/397/397 1618/396/396
f 967/650/650 971/1164/1164 968/651/651
f 968/651/651 971/1164/1164 611/565/565
f 943/939/939 936/661/661 972/940/940
f 973/938/938 972/940/940 974/986/986
f 972/940/940 936/661/661 974/986/986
f 974/986/986 936/661/661 975/987/987
f 936/661/661 272/349/349 975/987/987
f 975/987/987 275/354/354 976/1171/1171
f 275/354/354 276/356/356 976/1171/1171
f 976/1171/1171 977/988/988 975/987/987
f 970/1165/1165 974/986/986 978/1172/1172
f 1834/1173/1173 893/1078/1078 825/483/483
f 977/988/988 979/401/401 978/1172/1172
f 963/1162/1162 962/634/634 680/860/860
f 970/1165/1165 978/1172/1172 971/1164/1164
f 977/988/988 976/1171/1171 979/401/401
f 990/1174/1174 986/1175/1175 1199/1176/1176
f 979/401/401 980/400/400 971/1164/1164
f 971/1164/1164 981/1177/1177 611/565/565
f 276/356/356 277/358/358 979/401/401
f 1207/204/204 396/203/203 398/269/269
f 1665/1178/1178 1666/717/717 1695/1179/1179
f 263/337/337 280/361/361 983/1180/1180
f 293/395/395 982/1181/1181 292/366/366
f 982/1181/1181 281/362/362 292/366/366
f 982/1181/1181 280/361/361 281/362/362
f 1285/1182/1182 1289/1183/1183 1284/1184/1184
f 665/874/874 694/875/875 693/873/873
f 694/875/875 656/842/842 693/873/873
f 1712/1185/1185 1713/493/493 1711/1186/1186
f 1438/1187/1187 1437/1188/1188 1384/1189/1189
f 1522/42/42 1528/220/220 1527/1190/1190
f 991/1191/1191 992/1192/1192 988/1193/1193
f 866/1069/1069 854/1068/1068 865/1194/1194
f 1310/1195/1195 1330/1196/1196 1311/1197/1197
f 991/1191/1191 990/1174/1174 996/691/691
f 996/691/691 990/1174/1174 695/876/876
f 985/1198/1198 695/876/876 990/1174/1174
f 695/876/876 654/837/837 996/691/691
f 996/691/691 997/690/690 993/1199/1199
f 700/692/692 696/757/757 998/1121/1121
f 999/950/950 1000/949/949 998/1121/1121
f 998/1121/1121 1000/949/949 997/690/690
f 1774/1200/1200 1775/791/791 1769/1201/1201
f 1001/1202/1202 994/1203/1203 997/690/690
f 1713/493/493 1719/492/492 1714/970/970
f 576/1204/1204 568/745/745 570/746/746
f 1011/416/416 1013/415/415 1014/1205/1205
f 1014/1205/1205 1015/1206/1206 1016/1207/1207
f 1664/1208/1208 718/429/429 1286/1209/1209 1666/717/717
f 757/1114/1114 750/1210/1210 751/1211/1211
f 1006/1212/1212 1008/1213/1213 1007/1214/1214
f 875/1056/1056 860/1044/1044 871/1045/1045
f 1483/1215/1215 1430/1216/1216 1482/795/795
f 460/601/601 461/600/600 455/594/594
f 1027/1217/1217 1026/750/750 1028/1218/1218
f 1444/1219/1219 1450/1220/1220 1445/1221/1221
f 333/454/454 334/461/461 331/452/452
f 1030/1222/1222 1031/1223/1223 1032/1224/1224
f 1033/1086/1086 1035/1085/1085 1036/1225/1225
f 1035/1085/1085 1037/1226/1226 1036/1225/1225
f 1036/1225/1225 1037/1226/1226 1038/684/684
f 1038/684/684 1039/1227/1227 1036/1225/1225
f 1037/1226/1226 1035/1085/1085 1040/1228/1228
f 1040/1228/1228 1035/1085/1085 1034/1084/1084
f 1395/1117/1117 1398/1229/1229 1396/1230/1230
f 1055/810/810 1056/1231/1231 1034/1084/1084
f 1533/1232/1232 1482/795/795 1449/108/108 1532/868/868
f 701/879/879 1189/293/293 1188/292/292
f 1026/750/750 1024/1233/1233 1023/748/748
f 701/879/879 1048/1234/1234 1017/1235/1235
f 1046/1236/1236 1049/1237/1237 1045/1238/1238
f 1049/1237/1237 1050/1239/1239 1045/1238/1238
f 1050/1239/1239 1044/749/749 1023/748/748
f 381/1123/1123 380/516/516 375/510/510
f 753/930/930 754/932/932 919/945/945
f 1424/1240/1240 1426/674/674 1405/1241/1241
f 1021/1242/1242 1046/1236/1236 1045/1238/1238
f 1041/811/811 1055/810/810 1031/1223/1223
f 579/758/758 562/735/735 558/659/659
f 841/1022/1022 1629/1243/1243 873/1244/1244
f 858/1037/1037 861/1041/1041 870/1062/1062
f 513/245/245 516/647/647 517/451/451
f 1060/983/983 1180/378/378 1038/684/684
f 228/296/296 142/297/297 141/187/187
f 1039/1227/1227 1062/1009/1009 1063/1011/1011
f 199/243/243 187/229/229 190/234/234
f 1068/1245/1245 1067/1246/1246 1069/1247/1247
f 1067/1246/1246 1070/1248/1248 1069/1247/1247
f 1070/1248/1248 1072/652/652 1071/654/654
f 1072/652/652 1067/1246/1246 1073/1249/1249
f 1484/1250/1250 1497/1251/1251 1496/1252/1252
f 1064/1010/1010 1074/1253/1253 1073/1249/1249
f 1074/1253/1253 1173/1254/1254 1073/1249/1249
f 1073/1249/1249 1173/1254/1254 1072/652/652
f 1173/1254/1254 1075/653/653 1072/652/652
f 1076/1255/1255 1078/1256/1256 1077/1257/1257
f 750/1210/1210 757/1114/1114 747/1108/1108 599/1109/1109
f 1081/1258/1258 1079/1259/1259 1082/1260/1260
f 1385/1261/1261 1374/1262/1262 1384/1189/1189
f 1082/1260/1260 1078/1256/1256 1083/1263/1263
f 557/660/660 554/223/223 550/714/714
f 1070/1248/1248 1067/1246/1246 1072/652/652
f 1078/1256/1256 1076/1255/1255 1071/654/654
f 1071/654/654 1075/653/653 1084/129/129
f 1085/1264/1264 1086/130/130 1084/129/129
f 1086/130/130 1088/439/439 1087/128/128
f 1087/128/128 1088/439/439 1082/1260/1260
f 1082/1260/1260 1088/439/439 1081/1258/1258
f 1091/306/306 1093/308/308 1092/1265/1265
f 1092/1265/1265 1093/308/308 1094/1266/1266
f 1093/308/308 1095/1267/1267 1094/1266/1266
f 1094/1266/1266 1095/1267/1267 1096/1268/1268
f 1096/1268/1268 1098/1269/1269 1097/1270/1270
f 1097/1270/1270 1098/1269/1269 1099/1271/1271
f 1095/1267/1267 1093/308/308 1100/1272/1272
f 1100/1272/1272 1093/308/308 1101/1273/1273
f 102/145/145 100/131/131 99/1058/1058
f 1103/1274/1274 1089/1275/1275 1104/438/438
f 1089/1275/1275 1081/1258/1258 1104/438/438
f 1104/438/438 1081/1258/1258 1088/439/439
f 1490/1276/1276 1489/672/672 1426/674/674 1494/1277/1277
f 1105/437/437 1088/439/439 1106/754/754
f 1088/439/439 1086/130/130 1106/754/754
f 1075/653/653 1107/1278/1278 1085/1264/1264
f 1108/1279/1279 1109/1280/1280 1086/130/130
f 580/760/760 310/433/433 311/432/432
f 1075/653/653 1111/1281/1281 1110/1282/1282
f 1274/1283/1283 1275/1284/1284 719/1285/1285
f 1111/1281/1281 1075/653/653 1173/1254/1254
f 1110/1282/1282 1113/1286/1286 1107/1278/1278
f 1398/1229/1229 1397/1097/1097 1396/1230/1230
f 1121/1287/1287 1124/1288/1288 1123/1289/1289
f 1129/1290/1290 1126/1291/1291 1130/1292/1292
f 275/354/354 975/987/987 272/349/349
f 1130/1292/1292 1131/1293/1293 1129/1290/1290
f 1131/1293/1293 1132/1294/1294 1129/1290/1290
f 1132/1294/1294 1128/1295/1295 1127/1296/1296
f 1128/1295/1295 1133/1297/1297 1122/24/24
f 1122/24/24 1134/23/23 1105/437/437
f 1187/1298/1298 1047/1299/1299 1048/1234/1234
f 1105/437/437 1135/1300/1300 1104/438/438
f 1135/1300/1300 1136/1301/1301 1104/438/438
f 1104/438/438 1136/1301/1301 1103/1274/1274
f 1103/1274/1274 1102/307/307 1091/306/306
f 350/478/478 362/495/495 361/491/491
f 1103/1274/1274 1136/1301/1301 1137/1302/1302
f 1136/1301/1301 1138/1303/1303 1137/1302/1302
f 1138/1303/1303 1139/1304/1304 1137/1302/1302
f 1128/1295/1295 1132/1294/1294 1133/1297/1297
f 1102/307/307 1103/1274/1274 1101/1273/1273
f 1138/1303/1303 1134/23/23 1140/22/22
f 194/238/238 208/257/257 195/239/239
f 1140/22/22 1133/1297/1297 1139/1304/1304
f 1133/1297/1297 1132/1294/1294 1139/1304/1304
f 1139/1304/1304 1132/1294/1294 1141/1305/1305
f 1132/1294/1294 1142/1306/1306 1141/1305/1305
f 1141/1305/1305 1143/1307/1307 1139/1304/1304
f 1126/1291/1291 1129/1290/1290 1127/1296/1296
f 1138/1303/1303 1140/22/22 1139/1304/1304
f 1142/1306/1306 1132/1294/1294 1131/1293/1293
f 1139/1304/1304 1144/1308/1308 1137/1302/1302
f 1145/1309/1309 1146/1310/1310 1101/1273/1273
f 1146/1310/1310 1147/1311/1311 1101/1273/1273
f 1101/1273/1273 1147/1311/1311 1100/1272/1272
f 1100/1272/1272 1147/1311/1311 1098/1269/1269
f 1147/1311/1311 1099/1271/1271 1098/1269/1269
f 1147/1311/1311 1146/1310/1310 1145/1309/1309
f 1148/542/542 1149/541/541 1145/1309/1309
f 1806/1312/1312 1783/1313/1313 1791/1314/1314
f 1148/542/542 1143/1307/1307 1150/543/543
f 1150/543/543 1143/1307/1307 1151/1315/1315
f 1143/1307/1307 1141/1305/1305 1151/1315/1315
f 1141/1305/1305 1152/1316/1316 1151/1315/1315
f 1151/1315/1315 1152/1316/1316 1150/543/543
f 648/1001/1001 697/877/877 650/756/756
f 1149/541/541 1153/1317/1317 1099/1271/1271
f 1102/307/307 1101/1273/1273 1093/308/308
f 1154/1318/1318 1156/1319/1319 1155/1320/1320
f 1155/1320/1320 1156/1319/1319 1157/1321/1321
f 1150/543/543 1152/1316/1316 1149/541/541
f 1152/1316/1316 1153/1317/1317 1149/541/541
f 1156/1319/1319 1154/1318/1318 1158/1322/1322
f 1153/1317/1317 1152/1316/1316 1159/1323/1323
f 1141/1305/1305 1142/1306/1306 1152/1316/1316
f 1152/1316/1316 1142/1306/1306 1160/1324/1324
f 799/928/928 813/656/656 812/929/929
f 1142/1306/1306 1131/1293/1293 1161/1325/1325
f 1131/1293/1293 1130/1292/1292 1161/1325/1325
f 1161/1325/1325 1130/1292/1292 1771/902/902
f 1771/902/902 1130/1292/1292 1162/1326/1326
f 1130/1292/1292 1125/1327/1327 1162/1326/1326
f 1162/1326/1326 1125/1327/1327 1163/1328/1328
f 1829/1329/1329 1568/1330/1330 1569/1331/1331
f 1120/1332/1332 1108/1279/1279 1165/1333/1333
f 1558/1334/1334 1560/1335/1335 1276/1336/1336
f 638/826/826 641/906/906 640/820/820
f 1118/1337/1337 1167/385/385 1119/1338/1338
f 1118/1337/1337 1117/1339/1339 1167/385/385
f 1167/385/385 1117/1339/1339 715/383/383
f 1117/1339/1339 1166/1340/1340 715/383/383
f 715/383/383 1166/1340/1340 712/896/896
f 1166/1340/1340 714/899/899 712/896/896
f 553/715/715 550/714/714 554/223/223
f 714/899/899 1168/1341/1341 1170/1142/1142
f 411/550/550 412/545/545 414/551/551
f 1172/1342/1342 1115/1343/1343 1173/1254/1254
f 1169/1344/1344 1170/1142/1142 1168/1341/1341
f 1174/1345/1345 1175/469/469 1172/1342/1342
f 1177/1346/1346 1175/469/469 1174/1345/1345
f 1074/1253/1253 1178/1347/1347 1177/1346/1346
f 1178/1347/1347 1175/469/469 1177/1346/1346
f 783/974/974 782/830/830 442/579/579
f 1179/377/377 1061/683/683 1180/378/378
f 1060/983/983 1181/1043/1043 1180/378/378
f 1181/1043/1043 1182/379/379 1180/378/378
f 72/92/92 75/1124/1124 73/93/93
f 1356/1348/1348 1366/1349/1349 1359/1350/1350
f 1176/470/470 1181/1043/1043 1169/1344/1344
f 1176/470/470 1175/469/469 1182/379/379
f 901/1091/1091 781/968/968 900/1087/1087
f 1184/345/345 1040/1228/1228 1058/1351/1351
f 1409/1352/1352 1408/1353/1353 1395/1117/1117
f 1053/1354/1354 648/1001/1001 1185/1355/1355
f 1047/1299/1299 1187/1298/1298 1053/1354/1354
f 699/880/880 999/950/950 696/757/757
f 699/880/880 696/757/757 697/877/877
f 1661/45/45 1693/785/785 1779/1356/1356
f 701/879/879 1015/1206/1206 1189/293/293
f 1189/293/293 1015/1206/1206 1013/415/415
f 622/815/815 624/421/421 616/423/423
f 540/695/695 539/694/694 535/680/680
f 1012/414/414 1190/1357/1357 1013/415/415
f 1190/1357/1357 1191/1358/1358 1013/415/415
f 1191/1358/1358 1192/291/291 1189/293/293
f 1192/291/291 1194/1359/1359 1188/292/292
f 1188/292/292 1194/1359/1359 999/950/950
f 1194/1359/1359 1195/948/948 999/950/950
f 1195/948/948 1005/1360/1360 1000/949/949
f 1579/1361/1361 1578/1362/1362 1577/1167/1167
f 1008/1213/1213 1196/1363/1363 1193/1364/1364
f 1198/1365/1365 1005/1360/1360 1197/1366/1366
f 1005/1360/1360 1195/948/948 1197/1366/1366
f 1195/948/948 1194/1359/1359 1197/1366/1366
f 403/537/537 401/535/535 402/534/534
f 1604/1367/1367 1607/1368/1368 1606/1369/1369
f 985/1198/1198 990/1174/1174 1199/1176/1176
f 1199/1176/1176 986/1175/1175 691/1370/1370
f 908/1371/1371 909/1103/1103 742/918/918
f 1325/1372/1372 1328/1373/1373 1326/1050/1050
f 765/681/681 767/951/951 1200/682/682
f 1200/682/682 767/951/951 1202/782/782
f 1202/782/782 767/951/951 1203/780/780
f 1203/780/780 772/962/962 773/961/961
f 922/1374/1374 921/1375/1375 1205/1376/1376
f 950/407/407 949/1147/1147 948/1146/1146
f 764/947/947 401/535/535 1208/1377/1377
f 1206/1378/1378 1205/1376/1376 923/1379/1379
f 1207/204/204 1209/1380/1380 851/1381/1381
f 1209/1380/1380 1206/1378/1378 851/1381/1381
f 1208/1377/1377 401/535/535 1210/1382/1382
f 401/535/535 403/537/537 1211/1383/1383
f 744/887/887 922/1374/1374 1204/781/781
f 78/102/102 86/119/119 79/103/103
f 1204/781/781 1212/1384/1384 1202/782/782
f 1212/1384/1384 1213/1385/1385 1202/782/782
f 639/824/824 638/826/826 634/65/65
f 1213/1385/1385 1211/1383/1383 1201/959/959
f 401/535/535 1211/1383/1383 1210/1382/1382
f 1211/1383/1383 1214/1386/1386 1210/1382/1382
f 1210/1382/1382 1214/1386/1386 1209/1380/1380
f 1205/1376/1376 1214/1386/1386 922/1374/1374
f 1216/1387/1387 497/1082/1082 498/893/893
f 127/157/157 126/156/156 119/155/155
f 492/631/631 1218/1388/1388 491/1389/1389
f 1218/1388/1388 492/631/631 1219/1075/1075
f 1219/1075/1075 492/631/631 1220/1390/1390
f 1221/1391/1391 1217/1392/1392 1215/1393/1393
f 1053/1354/1354 1186/1394/1394 1052/1395/1395
f 1502/957/957 1516/956/956 1514/1396/1396
f 497/1082/1082 1216/1387/1387 1217/1392/1392
f 1216/1387/1387 1215/1393/1393 1217/1392/1392
f 1215/1393/1393 1222/280/280 1221/1391/1391
f 1222/280/280 1228/279/279 1221/1391/1391
f 1221/1391/1391 1228/279/279 1229/1397/1397
f 1228/279/279 1227/281/281 1229/1397/1397
f 300/1398/1398 303/417/417 307/430/430
f 1125/1327/1327 1130/1292/1292 1126/1291/1291
f 317/114/114 318/113/113 322/446/446 323/412/412
f 1061/683/683 1064/1010/1010 1062/1009/1009
f 1225/1090/1090 512/644/644 1231/137/137
f 1231/137/137 512/644/644 530/669/669
f 1230/1399/1399 1225/1090/1090 1232/1089/1089
f 536/689/689 551/720/720 1235/1400/1400
f 940/1139/1139 959/1161/1161 958/1153/1153
f 699/880/880 697/877/877 698/881/881
f 319/440/440 329/1401/1401 328/448/448
f 1226/1402/1402 1242/1403/1403 1229/1397/1397
f 1585/1158/1158 1587/1157/1157 1604/1367/1367
f 1243/701/701 1242/1403/1403 1241/1029/1029
f 573/1404/1404 1258/1405/1405 1257/1406/1406
f 1245/1407/1407 1233/1088/1088 1246/1408/1408
f 1687/1409/1409 1669/1410/1410 1699/1411/1411
f 1235/1400/1400 551/720/720 1247/1154/1154
f 747/1108/1108 914/990/990 746/788/788
f 1248/1412/1412 1247/1154/1154 1249/222/222
f 1247/1154/1154 552/716/716 1249/222/222
f 1470/1413/1413 1474/1414/1414 1473/1415/1415
f 271/348/348 270/1136/1136 269/344/344
f 1250/224/224 1251/833/833 1252/1416/1416
f 1253/1417/1417 1254/834/834 554/223/223
f 557/660/660 558/659/659 1253/1417/1417
f 558/659/659 577/752/752 1253/1417/1417
f 936/661/661 943/939/939 938/1418/1418
f 1738/1419/1419 1735/1420/1420 1737/1421/1421
f 1171/471/471 1169/1344/1344 1116/1422/1422
f 1255/1423/1423 1263/1424/1424 1253/1417/1417
f 1253/1417/1417 1264/832/832 1254/834/834
f 1252/1416/1416 1266/1425/1425 1250/224/224
f 1266/1425/1425 1267/1426/1426 1250/224/224
f 1250/224/224 1267/1426/1426 1249/222/222
f 1248/1412/1412 1267/1426/1426 1237/136/136
f 1237/136/136 1267/1426/1426 1238/1064/1064
f 339/459/459 1842/8/8 1844/7/7
f 1245/1407/1407 1246/1408/1408 1268/467/467
f 1266/1425/1425 1252/1416/1416 727/910/910
f 1252/1416/1416 1280/712/712 1269/1427/1427
f 960/1155/1155 962/634/634 961/633/633
f 1270/457/457 723/561/561 1271/1428/1428
f 338/458/458 1841/912/912 339/459/459
f 1263/1424/1424 1255/1423/1423 1256/1429/1429
f 1787/409/409 1747/408/408 1788/1430/1430
f 1047/1299/1299 1018/1431/1431 1048/1234/1234
f 884/1432/1432 1831/1433/1433 1832/1434/1434
f 885/1159/1159 884/1432/1432 1832/1434/1434
f 1839/1435/1435 885/1159/1159 1832/1434/1434
f 723/561/561 1272/456/456 722/1436/1436
f 1137/1302/1302 1101/1273/1273 1103/1274/1274
f 1042/1437/1437 1041/811/811 1030/1222/1222
f 1394/1438/1438 1412/1439/1439 1410/1440/1440
f 1714/970/970 1719/492/492 1720/1441/1441
f 1276/1336/1336 1274/1283/1283 1273/1442/1442
f 720/866/866 709/894/894 643/891/891
f 1481/1443/1443 1480/1444/1444 1477/1445/1445
f 1279/711/711 1271/1428/1428 1280/712/712
f 269/344/344 270/1136/1136 249/323/323
f 1838/1446/1446 1840/1447/1447 1839/1435/1435
f 1835/1448/1448 1838/1446/1446 1839/1435/1435
f 1438/1187/1187 1384/1189/1189 1383/1449/1449
f 793/350/350 461/600/600 795/935/935
f 1265/1450/1450 1264/832/832 1281/1451/1451
f 1263/1424/1424 1256/1429/1429 1281/1451/1451
f 1281/1451/1451 1256/1429/1429 1262/798/798
f 1573/1102/1102 1576/1101/1101 1582/1452/1452
f 1783/1313/1313 1784/1453/1453 1811/1454/1454
f 1282/667/667 1284/1184/1184 1283/1455/1455
f 1786/1456/1456 1787/409/409 1788/1430/1430
f 1836/1457/1457 1838/1446/1446 1835/1448/1448
f 719/1285/1285 1275/1284/1284 718/429/429
f 718/429/429 1275/1284/1284 1286/1209/1209
f 1837/1458/1458 1838/1446/1446 1836/1457/1457
f 863/1070/1070 1838/1446/1446 1837/1458/1458
f 887/1071/1071 863/1070/1070 1837/1458/1458
f 828/1005/1005 887/1071/1071 1837/1458/1458
f 827/1004/1004 828/1005/1005 1837/1458/1458
f 1714/970/970 1708/1459/1459 1707/1460/1460
f 1288/1461/1461 1284/1184/1184 1289/1183/1183
f 1406/1462/1462 1401/277/277 1400/1095/1095
f 1292/1463/1463 1294/1464/1464 1295/1465/1465
f 1834/1173/1173 825/483/483 1836/1457/1457
f 649/883/883 1057/1466/1466 1055/810/810 1054/812/812 1185/1355/1355 648/1001/1001
f 1835/1448/1448 1834/1173/1173 1836/1457/1457
f 1179/377/377 1175/469/469 1178/1347/1347
f 1376/1467/1467 1371/1468/1468 1377/1469/1469
f 1523/41/41 1520/43/43 1521/1470/1470
f 1084/129/129 1083/1263/1263 1071/654/654
f 1301/1471/1471 1294/1464/1464 1302/1472/1472
f 1294/1464/1464 1303/1473/1473 1302/1472/1472
f 1303/1473/1473 1304/1474/1474 1305/1475/1475
f 1304/1474/1474 1306/1476/1476 1305/1475/1475
f 1310/1195/1195 1311/1197/1197 1309/1477/1477
f 491/1389/1389 1633/628/628 486/624/624
f 1312/1478/1478 1313/1479/1479 1305/1475/1475
f 1305/1475/1475 1313/1479/1479 1303/1473/1473
f 1303/1473/1473 1313/1479/1479 1302/1472/1472
f 1296/1480/1480 1314/1481/1481 1297/925/925
f 1645/1482/1482 1831/1433/1433 884/1432/1432
f 1184/345/345 1058/1351/1351 1170/1142/1142
f 1289/1183/1183 1318/1483/1483 1288/1461/1461
f 795/935/935 462/602/602 833/936/936
f 1288/1461/1461 1318/1483/1483 1283/1455/1455
f 1058/1351/1351 706/898/898 1170/1142/1142
f 705/1484/1484 706/898/898 1058/1351/1351
f 1303/1473/1473 1294/1464/1464 1298/1485/1485
f 1528/220/220 1530/713/713 1529/797/797
f 1830/1486/1486 1584/1487/1487 1828/1488/1488
f 1568/1330/1330 1830/1486/1486 1828/1488/1488
f 1308/1489/1489 1309/1477/1477 1311/1197/1197
f 1828/1488/1488 1827/1490/1490 1568/1330/1330
f 909/1103/1103 908/1371/1371 774/1107/1107
f 841/1022/1022 1631/1491/1491 1629/1243/1243
f 1119/1338/1338 1113/1286/1286 1118/1337/1337
f 518/449/449 517/451/451 516/647/647
f 1827/1490/1490 1567/920/920 1568/1330/1330
f 1773/901/901 1772/46/46 1778/1492/1492
f 1248/1412/1412 1249/222/222 1267/1426/1426
f 373/508/508 370/505/505 382/931/931
f 1308/1489/1489 1311/1197/1197 1328/1373/1373
f 1310/1195/1195 1331/1493/1493 1330/1196/1196
f 568/745/745 576/1204/1204 1255/1423/1423
f 976/1171/1171 276/356/356 979/401/401
f 1427/1494/1494 1486/1495/1495 1423/1496/1496
f 1334/1497/1497 1336/1498/1498 1335/1499/1499
f 1715/1500/1500 1716/1501/1501 1710/1502/1502
f 1820/1503/1503 1819/1504/1504 1680/517/517
f 1339/1505/1505 1340/1506/1506 1338/1507/1507
f 1340/1506/1506 1341/1508/1508 1338/1507/1507
f 706/898/898 713/897/897 1170/1142/1142
f 1821/1509/1509 1553/1510/1510 1822/1511/1511
f 1555/372/372 1553/1510/1510 1821/1509/1509
f 1566/373/373 1555/372/372 1821/1509/1509
f 1820/1503/1503 1566/373/373 1821/1509/1509
f 1819/1504/1504 1820/1503/1503 1821/1509/1509
f 1278/867/867 721/1512/1512 1272/456/456
f 823/1002/1002 805/995/995 811/657/657
f 1342/1513/1513 1345/827/827 1344/829/829
f 1403/828/828 1345/827/827 1346/528/528
f 818/998/998 819/363/363 821/1000/1000
f 1352/1514/1514 1354/1515/1515 1353/1516/1516
f 1353/1516/1516 1354/1515/1515 1355/1517/1517
f 1354/1515/1515 1356/1348/1348 1355/1517/1517
f 1716/1501/1501 1729/1518/1518 1812/1519/1519
f 1351/1012/1012 1357/888/888 1349/1013/1013
f 1816/1520/1520 1815/1521/1521 1682/1522/1522
f 1357/888/888 1351/1012/1012 1358/1523/1523
f 1351/1012/1012 1353/1516/1516 1358/1523/1523
f 1358/1523/1523 1353/1516/1516 1355/1517/1517
f 1355/1517/1517 1356/1348/1348 1359/1350/1350
f 1359/1350/1350 1358/1523/1523 1355/1517/1517
f 1358/1523/1523 1360/889/889 1357/888/888
f 1361/530/530 1362/1524/1524 1346/528/528
f 1362/1524/1524 1403/828/828 1346/528/528
f 1683/1525/1525 1674/1526/1526 1814/1527/1527
f 1715/1500/1500 1683/1525/1525 1814/1527/1527
f 1729/1518/1518 1715/1500/1500 1814/1527/1527
f 1348/529/529 1360/889/889 1361/530/530
f 1361/530/530 1360/889/889 1363/1528/1528
f 1363/1528/1528 1360/889/889 1364/1529/1529
f 1636/934/934 873/1244/1244 1628/1530/1530
f 1364/1529/1529 1358/1523/1523 1365/1531/1531
f 1717/1532/1532 1716/1501/1501 1812/1519/1519
f 1369/1533/1533 1371/1468/1468 1370/1534/1534
f 1370/1534/1534 1371/1468/1468 1372/1535/1535
f 1790/1536/1536 1788/1430/1430 1811/1454/1454
f 1784/1453/1453 1790/1536/1536 1811/1454/1454
f 1308/1489/1489 1328/1373/1373 1325/1372/1372
f 1229/1397/1397 1242/1403/1403 1243/701/701
f 1374/1262/1262 1372/1535/1535 1375/1537/1537
f 1372/1535/1535 1376/1467/1467 1375/1537/1537
f 1807/1538/1538 1808/1539/1539 1782/1540/1540
f 1783/1313/1313 1807/1538/1538 1782/1540/1540
f 1810/1541/1541 1777/1542/1542 1778/1492/1492
f 1372/1535/1535 1371/1468/1468 1376/1467/1467
f 1810/1541/1541 1779/1356/1356 1808/1539/1539
f 1777/1542/1542 1810/1541/1541 1808/1539/1539 1806/1312/1312 1809/792/792 1775/791/791 1774/1200/1200
f 43/73/73 45/74/74 44/78/78
f 1378/1543/1543 1380/1544/1544 1379/1545/1545
f 1454/1546/1546 1381/1547/1547 1379/1545/1545
f 1379/1545/1545 1381/1547/1547 1382/1548/1548
f 1381/1547/1547 1375/1537/1537 1382/1548/1548
f 1175/469/469 1179/377/377 1182/379/379
f 1807/1538/1538 1806/1312/1312 1808/1539/1539
f 99/1058/1058 100/131/131 97/127/127
f 1439/1549/1549 1383/1449/1449 1374/1262/1262
f 1374/1262/1262 1383/1449/1449 1384/1189/1189
f 1793/1145/1145 1794/311/311 1805/310/310
f 1373/1550/1550 1386/1551/1551 1369/1533/1533
f 1368/1552/1552 1386/1551/1551 1364/1529/1529
f 1386/1551/1551 1387/1553/1553 1364/1529/1529
f 1364/1529/1529 1387/1553/1553 1363/1528/1528
f 101/132/132 110/147/147 120/159/159
f 1388/1554/1554 1389/276/276 1361/530/530
f 1361/530/530 1389/276/276 1362/1524/1524
f 1766/1555/1555 1805/310/310 1802/309/309
f 1765/1556/1556 1766/1555/1555 1802/309/309
f 140/186/186 139/185/185 229/305/305
f 1751/1557/1557 1753/1558/1558 1803/740/740
f 1764/1559/1559 1765/1556/1556 1799/739/739
f 1159/1323/1323 1154/1318/1318 1153/1317/1317
f 1391/1115/1115 1387/1553/1553 1392/1116/1116
f 1763/963/963 1764/1559/1559 1804/738/738
f 1386/1551/1551 1385/1261/1261 1392/1116/1116
f 546/705/705 549/724/724 548/710/710
f 1803/740/740 1755/1560/1560 1763/963/963
f 1364/1529/1529 1360/889/889 1358/1523/1523
f 1391/1115/1115 1396/1230/1230 1390/1561/1561
f 1390/1561/1561 1396/1230/1230 1397/1097/1097
f 1799/739/739 1751/1557/1557 1803/740/740
f 1801/1562/1562 1765/1556/1556 1802/309/309
f 1799/739/739 1765/1556/1556 1801/1562/1562
f 1802/309/309 1794/311/311 1795/1563/1563
f 1390/1561/1561 1397/1097/1097 1399/1096/1096
f 1696/1118/1118 1690/1564/1564 1697/1119/1119
f 1397/1097/1097 1398/1229/1229 1400/1095/1095
f 1390/1561/1561 1399/1096/1096 1388/1554/1554
f 1388/1554/1554 1399/1096/1096 1389/276/276
f 1799/739/739 1800/904/904 1750/663/663
f 1387/1553/1553 1391/1115/1115 1390/1561/1561
f 1748/1565/1565 1800/904/904 1797/903/903
f 1389/276/276 1403/828/828 1362/1524/1524
f 1751/1557/1557 1799/739/739 1750/663/663
f 1344/829/829 1403/828/828 1404/1566/1566
f 1403/828/828 1402/275/275 1404/1566/1566
f 1402/275/275 1401/277/277 1405/1241/1241
f 1405/1241/1241 1401/277/277 1406/1462/1462
f 1271/1428/1428 1279/711/711 1270/457/457
f 1398/1229/1229 1395/1117/1117 1408/1353/1353
f 1409/1352/1352 1395/1117/1117 1410/1440/1440
f 180/225/225 179/1567/1567 178/226/226
f 1569/1331/1331 1581/1568/1568 1584/1487/1487
f 1773/901/901 1777/1542/1542 1774/1200/1200
f 1746/1569/1569 1740/1570/1570 1797/903/903
f 1412/1439/1439 1394/1438/1438 1413/1571/1571
f 1394/1438/1438 1414/1572/1572 1413/1571/1571
f 1791/1314/1314 1792/1144/1144 1793/1145/1145
f 1412/1439/1439 1416/1573/1573 1411/1574/1574
f 1411/1574/1574 1416/1573/1573 1408/1353/1353
f 1422/1575/1575 1406/1462/1462 1407/1576/1576
f 1394/1438/1438 1393/1577/1577 1414/1572/1572
f 1788/1430/1430 1790/1536/1536 1789/1578/1578
f 1786/1456/1456 1788/1430/1430 1789/1578/1578
f 1317/1579/1579 1320/1580/1580 1318/1483/1483
f 1416/1573/1573 1412/1439/1439 1417/1026/1026
f 1412/1439/1439 1413/1571/1571 1417/1026/1026
f 1113/1286/1286 1110/1282/1282 1112/1581/1581
f 1414/1572/1572 1417/1026/1026 1413/1571/1571
f 1417/1026/1026 1414/1572/1572 1418/1582/1582
f 706/898/898 705/1484/1484 703/884/884
f 1417/1026/1026 1418/1582/1582 1419/1583/1583
f 1420/1584/1584 1415/1585/1585 1416/1573/1573
f 1792/1144/1144 1791/1314/1314 1747/408/408
f 980/400/400 981/1177/1177 971/1164/1164
f 1423/1496/1496 1424/1240/1240 1406/1462/1462
f 1786/1456/1456 1745/410/410 1787/409/409
f 921/1375/1375 923/1379/1379 1205/1376/1376
f 1426/674/674 1424/1240/1240 1423/1496/1496
f 469/613/613 480/619/619 481/1015/1015
f 752/1586/1586 379/515/515 924/1122/1122 916/944/944
f 591/769/769 297/806/806 284/371/371
f 1421/1587/1587 1415/1585/1585 1429/1588/1588
f 1415/1585/1585 1420/1584/1584 1430/1216/1216
f 1430/1216/1216 1420/1584/1584 1431/796/796
f 1431/796/796 1420/1584/1584 1432/1589/1589
f 1646/1590/1590 1643/1591/1591 880/1060/1060
f 60/86/86 61/87/87 47/77/77
f 1420/1584/1584 1417/1026/1026 1433/1025/1025
f 1417/1026/1026 1419/1583/1583 1434/1024/1024
f 1421/1587/1587 1422/1575/1575 1407/1576/1576
f 1393/1577/1577 1384/1189/1189 1437/1188/1188
f 943/939/939 964/1163/1163 944/1168/1168
f 1834/1173/1173 1835/1448/1448 1833/1592/1592
f 1781/1593/1593 1694/1594/1594 1784/1453/1453
f 1783/1313/1313 1781/1593/1593 1784/1453/1453
f 1692/786/786 1694/1594/1594 1781/1593/1593
f 1780/787/787 1692/786/786 1781/1593/1593
f 1521/1470/1470 1520/43/43 1518/1595/1595
f 1772/46/46 1661/45/45 1779/1356/1356
f 1778/1492/1492 1772/46/46 1779/1356/1356
f 1244/1028/1028 1648/771/771 1649/702/702
f 1436/1596/1596 1437/1188/1188 1438/1187/1187
f 1777/1542/1542 1773/901/901 1778/1492/1492
f 161/167/167 160/205/205 216/263/263
f 1108/1279/1279 1085/1264/1264 1107/1278/1278
f 1775/791/791 1776/793/793 1766/1555/1555
f 1769/1201/1201 1775/791/791 1766/1555/1555
f 1773/901/901 1774/1200/1200 1771/902/902
f 1441/1597/1597 1443/1598/1598 1435/1599/1599
f 1444/1219/1219 1445/1221/1221 1443/1598/1598
f 996/691/691 993/1199/1199 991/1191/1191
f 1443/1598/1598 1446/1600/1600 1435/1599/1599
f 1446/1600/1600 1447/1601/1601 1433/1025/1025
f 1433/1025/1025 1447/1601/1601 1432/1589/1589
f 1431/796/796 1448/1602/1602 1449/108/108
f 703/884/884 705/1484/1484 702/882/882
f 1142/1306/1306 1161/1325/1325 1769/1201/1201
f 1445/1221/1221 1448/1602/1602 1447/1601/1601
f 1142/1306/1306 1769/1201/1201 1770/1603/1603
f 991/1191/1191 993/1199/1199 992/1192/1192
f 1768/1604/1604 1160/1324/1324 1770/1603/1603
f 1767/1605/1605 1768/1604/1604 1769/1201/1201
f 774/1107/1107 775/964/964 911/1104/1104
f 1444/1219/1219 1451/1606/1606 1450/1220/1220
f 1450/1220/1220 1451/1606/1606 1452/1607/1607
f 378/514/514 749/1608/1608 377/513/513
f 1452/1607/1607 1451/1606/1606 1453/1609/1609
f 1159/1323/1323 1152/1316/1316 1768/1604/1604
f 1767/1605/1605 1159/1323/1323 1768/1604/1604
f 1442/1610/1610 1440/1611/1611 1451/1606/1606
f 1158/1322/1322 1154/1318/1318 1766/1555/1555
f 760/531/531 923/1379/1379 921/1375/1375
f 1757/1612/1612 1763/963/963 1755/1560/1560
f 1763/963/963 1758/1613/1613 1764/1559/1559
f 1758/1613/1613 1763/963/963 1757/1612/1612
f 1380/1544/1544 1456/1614/1614 1455/1615/1615
f 1455/1615/1615 1456/1614/1614 1457/1616/1616
f 1762/1617/1617 1758/1613/1613 1760/1618/1618
f 47/77/77 52/79/79 46/76/76
f 1556/374/374 1538/1619/1619 1555/372/372
f 73/93/93 75/1124/1124 74/98/98
f 1457/1616/1616 1463/1620/1620 1455/1615/1615
f 1185/1355/1355 1054/812/812 1041/811/811 1042/1437/1437 1186/1394/1394 1053/1354/1354
f 1752/1621/1621 1727/1622/1622 1728/1623/1623
f 1749/664/664 1750/663/663 1748/1565/1565
f 1760/1618/1618 1156/1319/1319 1762/1617/1617
f 1227/281/281 1226/1402/1402 1229/1397/1397
f 725/1624/1624 726/908/908 727/910/910 1252/1416/1416 1269/1427/1427 724/907/907
f 654/837/837 700/692/692 996/691/691
f 1466/708/708 1465/1625/1625 1467/1626/1626
f 1756/1627/1627 1759/1628/1628 1758/1613/1613
f 1757/1612/1612 1756/1627/1627 1758/1613/1613
f 1755/1560/1560 1756/1627/1627 1757/1612/1612
f 1754/1629/1629 1756/1627/1627 1755/1560/1560
f 1728/1623/1623 1754/1629/1629 1753/1558/1558
f 1752/1621/1621 1728/1623/1623 1753/1558/1558
f 1751/1557/1557 1752/1621/1621 1753/1558/1558
f 1727/1622/1622 1752/1621/1621 1751/1557/1557
f 1750/663/663 1727/1622/1622 1751/1557/1557
f 1730/662/662 1727/1622/1622 1750/663/663
f 1736/1630/1630 1730/662/662 1749/664/664
f 1748/1565/1565 1736/1630/1630 1749/664/664
f 1737/1421/1421 1736/1630/1630 1748/1565/1565
f 1740/1570/1570 1737/1421/1421 1748/1565/1565
f 260/338/338 119/155/155 259/331/331
f 171/219/219 173/215/215 172/217/217
f 1454/1546/1546 1472/1631/1631 1453/1609/1609
f 55/82/82 57/194/194 56/84/84
f 1272/456/456 721/1512/1512 722/1436/1436
f 1744/1632/1632 1739/1633/1633 1740/1570/1570
f 984/1634/1634 692/1635/1635 687/865/865
f 268/342/342 266/341/341 267/357/357
f 1743/1636/1636 1744/1632/1632 1745/410/410
f 1158/1322/1322 1765/1556/1556 1764/1559/1559
f 1739/1633/1633 1744/1632/1632 1743/1636/1636
f 1109/1280/1280 1108/1279/1279 1120/1332/1332
f 365/500/500 363/496/496 364/1637/1637
f 1697/1119/1119 1741/1638/1638 1742/1120/1120
f 744/887/887 1204/781/781 743/845/845
f 1741/1638/1638 1738/1419/1419 1739/1633/1633
f 1703/1639/1639 1738/1419/1419 1741/1638/1638
f 1475/707/707 1477/1445/1445 1476/1640/1640
f 1699/1411/1411 1703/1639/1639 1741/1638/1638
f 1735/1420/1420 1738/1419/1419 1705/1641/1641
f 1450/1220/1220 1479/1642/1642 1445/1221/1221
f 1154/1318/1318 1099/1271/1271 1153/1317/1317
f 1445/1221/1221 1479/1642/1642 1478/1643/1643
f 1739/1633/1633 1737/1421/1421 1740/1570/1570
f 1478/1643/1643 1476/1640/1640 1448/1602/1602
f 1448/1602/1602 1476/1640/1640 1480/1444/1444
f 1738/1419/1419 1737/1421/1421 1739/1633/1633
f 602/794/794 728/100/100 600/790/790
f 1702/1644/1644 1738/1419/1419 1703/1639/1639
f 1829/1329/1329 1584/1487/1487 1830/1486/1486
f 1705/1641/1641 1738/1419/1419 1704/1645/1645
f 383/523/523 384/524/524 385/1646/1646 392/937/937
f 1071/654/654 1083/1263/1263 1078/1256/1256
f 1736/1630/1630 1737/1421/1421 1735/1420/1420
f 240/315/315 239/324/324 250/343/343
f 1431/796/796 1482/795/795 1430/1216/1216
f 1730/662/662 1736/1630/1630 1732/1647/1647
f 1483/1215/1215 1484/1250/1250 1430/1216/1216
f 1429/1588/1588 1485/1648/1648 1428/1649/1649
f 1732/1647/1647 1731/1650/1650 1730/662/662
f 1736/1630/1630 1733/1651/1651 1732/1647/1647
f 1743/1636/1636 1745/410/410 1786/1456/1456 1785/1652/1652
f 842/1027/1027 844/1653/1653 837/1019/1019
f 155/196/196 146/190/190 144/295/295
f 1423/1496/1496 1486/1495/1495 1426/674/674
f 1061/683/683 1062/1009/1009 1039/1227/1227
f 1251/833/833 1250/224/224 554/223/223
f 1725/1654/1654 1727/1622/1622 1730/662/662
f 1135/1300/1300 1138/1303/1303 1136/1301/1301
f 1335/1499/1499 1489/672/672 1490/1276/1276
f 1734/969/969 1708/1459/1459 1714/970/970
f 88/29/29 131/175/175 132/27/27
f 1732/1647/1647 1733/1651/1651 1722/574/574
f 1725/1654/1654 1730/662/662 1724/1655/1655
f 1489/672/672 1491/1656/1656 1492/1657/1657
f 1491/1656/1656 1343/1658/1658 1492/1657/1657
f 1343/1658/1658 1344/829/829 1492/1657/1657
f 1344/829/829 1404/1566/1566 1492/1657/1657
f 1715/1500/1500 1729/1518/1518 1716/1501/1501
f 1492/1657/1657 1404/1566/1566 1493/1659/1659
f 1404/1566/1566 1402/275/275 1493/1659/1659
f 1726/1660/1660 1728/1623/1623 1727/1622/1622
f 1493/1659/1659 1425/673/673 1492/1657/1657
f 1725/1654/1654 1726/1660/1660 1727/1622/1622
f 1724/1655/1655 1726/1660/1660 1725/1654/1654
f 1832/1434/1434 1833/1592/1592 1839/1435/1435
f 1338/1507/1507 1343/1658/1658 1491/1656/1656
f 1494/1277/1277 1488/1661/1661 1495/1662/1662
f 1718/494/494 1720/1441/1441 1719/492/492
f 95/125/125 94/124/124 123/162/162
f 1497/1251/1251 1484/1250/1250 1483/1215/1215
f 234/312/312 254/70/70 235/320/320
f 1496/1252/1252 1485/1648/1648 1484/1250/1250
f 1717/1532/1532 1718/494/494 1712/1185/1185
f 1158/1322/1322 1762/1617/1617 1156/1319/1319
f 1710/1502/1502 1717/1532/1532 1712/1185/1185
f 1495/1662/1662 1488/1661/1661 1498/1663/1663
f 1488/1661/1661 1496/1252/1252 1498/1663/1663
f 1498/1663/1663 1497/1251/1251 1499/1664/1664
f 1483/1215/1215 1524/221/221 1500/958/958
f 1499/1664/1664 1497/1251/1251 1500/958/958
f 1504/1665/1665 1494/1277/1277 1495/1662/1662
f 1494/1277/1277 1505/1666/1666 1490/1276/1276
f 1505/1666/1666 1506/1667/1667 1490/1276/1276
f 1490/1276/1276 1506/1667/1667 1335/1499/1499
f 901/1091/1091 440/576/576 781/968/968
f 1332/1668/1668 1508/1669/1669 1330/1196/1196
f 1330/1196/1196 1508/1669/1669 1329/1670/1670
f 1504/1665/1665 1495/1662/1662 1503/1671/1671
f 1710/1502/1502 1712/1185/1185 1711/1186/1186
f 1685/1672/1672 1710/1502/1502 1711/1186/1186
f 1329/1670/1670 1508/1669/1669 1509/1673/1673
f 1509/1673/1673 1508/1669/1669 1510/1674/1674
f 1307/1675/1675 1309/1477/1477 1308/1489/1489 1312/1478/1478
f 1113/1286/1286 1119/1338/1338 1107/1278/1278
f 1707/1460/1460 1709/1676/1676 1685/1672/1672
f 723/561/561 641/906/906 724/907/907
f 83/111/111 81/105/105 82/110/110
f 1707/1460/1460 1708/1459/1459 1706/1677/1677
f 1191/1358/1358 1189/293/293 1013/415/415
f 1512/1678/1678 1507/1679/1679 1503/1671/1671
f 1507/1679/1679 1506/1667/1667 1504/1665/1665
f 1504/1665/1665 1506/1667/1667 1505/1666/1666
f 1505/1666/1666 1494/1277/1277 1504/1665/1665
f 1558/1334/1334 1565/1680/1680 1564/1681/1681
f 1408/1353/1353 1407/1576/1576 1398/1229/1229
f 1500/958/958 1524/221/221 1515/1682/1682
f 940/1139/1139 958/1153/1153 947/1143/1143
f 1599/299/299 1600/298/298 1592/1683/1683
f 858/1037/1037 862/1042/1042 857/849/849
f 1510/1674/1674 1517/1684/1684 1509/1673/1673
f 1690/1564/1564 1687/1409/1409 1698/1685/1685
f 1328/1373/1373 1518/1595/1595 1326/1050/1050
f 1366/1349/1349 1356/1348/1348 1367/1686/1686
f 1326/1050/1050 1518/1595/1595 1520/43/43
f 328/448/448 327/447/447 318/113/113
f 1266/1425/1425 727/910/910 731/465/465 1268/467/467
f 1521/1470/1470 1509/1673/1673 1517/1684/1684
f 1697/1119/1119 1690/1564/1564 1698/1685/1685
f 1762/1617/1617 1764/1559/1559 1758/1613/1613
f 1516/956/956 1515/1682/1682 1517/1684/1684
f 1695/1179/1179 1666/717/717 1696/1118/1118
f 1692/786/786 1691/1687/1687 1694/1594/1594
f 1521/1470/1470 1518/1595/1595 1509/1673/1673
f 1693/785/785 1661/45/45 717/428/428
f 1663/1688/1688 1693/785/785 717/428/428
f 1692/786/786 1693/785/785 1663/1688/1688
f 1691/1687/1687 1692/786/786 1663/1688/1688
f 1324/1689/1689 1327/1690/1690 1323/1691/1691
f 1323/1691/1691 1519/784/784 1322/783/783
f 1519/784/784 1520/43/43 1522/42/42
f 1503/1671/1671 1495/1662/1662 1498/1663/1663
f 1517/1684/1684 1513/1692/1692 1516/956/956
f 1523/41/41 1521/1470/1470 1515/1682/1682
f 1521/1470/1470 1517/1684/1684 1515/1682/1682
f 1688/719/719 1690/1564/1564 1696/1118/1118
f 1666/717/717 1688/719/719 1696/1118/1118
f 1524/221/221 1525/1693/1693 1515/1682/1682
f 1515/1682/1682 1525/1693/1693 1523/41/41
f 1111/1281/1281 1173/1254/1254 1115/1343/1343
f 1522/42/42 1526/1694/1694 1322/783/783
f 592/773/773 297/806/806 591/769/769
f 1718/494/494 1713/493/493 1712/1185/1185
f 582/765/765 583/761/761 581/759/759
f 1670/1695/1695 1687/1409/1409 1690/1564/1564
f 1688/719/719 1670/1695/1695 1690/1564/1564
f 1519/784/784 1323/1691/1691 1327/1690/1690
f 1668/1696/1696 1688/719/719 1667/718/718
f 1670/1695/1695 1688/719/719 1668/1696/1696
f 127/157/157 138/180/180 137/179/179
f 1669/1410/1410 1687/1409/1409 1670/1695/1695
f 754/932/932 756/839/839 758/838/838 919/945/945
f 1277/831/831 1273/1442/1442 720/866/866
f 445/583/583 784/1697/1697 783/974/974
f 1525/1693/1693 1524/221/221 1522/42/42
f 1525/1693/1693 1522/42/42 1523/41/41
f 1262/798/798 1529/797/797 1281/1451/1451
f 1281/1451/1451 1529/797/797 1265/1450/1450
f 1265/1450/1450 1529/797/797 1280/712/712
f 1529/797/797 1530/713/713 1280/712/712
f 1671/1698/1698 1685/1672/1672 1678/1699/1699
f 1272/456/456 1287/455/455 1278/867/867
f 225/289/289 203/252/252 223/284/284
f 1672/1700/1700 1683/1525/1525 1684/1701/1701
f 1526/1694/1694 1522/42/42 1527/1190/1190
f 1674/1526/1526 1683/1525/1525 1673/1702/1702
f 152/191/191 153/1081/1081 148/193/193
f 994/1203/1203 992/1192/1192 993/1199/1199
f 1539/1703/1703 1482/795/795 1533/1232/1232
f 813/656/656 811/657/657 812/929/929
f 831/1008/1008 796/980/980 889/1072/1072
f 1273/1442/1442 1535/1704/1704 1276/1336/1336
f 1535/1704/1704 1536/1705/1705 1276/1336/1336
f 1276/1336/1336 1536/1705/1705 1537/1706/1706
f 1536/1705/1705 1538/1619/1619 1537/1706/1706
f 1574/1166/1166 1543/1100/1100 1542/1707/1707
f 1832/1434/1434 893/1078/1078 1833/1592/1592
f 1538/1619/1619 1536/1705/1705 1540/1708/1708
f 1541/1709/1709 1535/1704/1704 1534/107/107
f 1534/107/107 1544/1710/1710 1541/1709/1709
f 1541/1709/1709 1545/1711/1711 1540/1708/1708
f 657/843/843 658/777/777 615/776/776
f 1545/1711/1711 1541/1709/1709 1547/1712/1712
f 1547/1712/1712 1541/1709/1709 1544/1710/1710
f 643/891/891 709/894/894 644/892/892
f 1673/1702/1702 1564/1681/1681 1674/1526/1526
f 1561/1713/1713 1564/1681/1681 1673/1702/1702
f 1672/1700/1700 1561/1713/1713 1673/1702/1702
f 1214/1386/1386 1213/1385/1385 1212/1384/1384
f 1549/1714/1714 1550/251/251 1548/250/250
f 1548/250/250 1551/249/249 1545/1711/1711
f 1551/249/249 1546/1715/1715 1545/1711/1711
f 1552/581/581 1553/1510/1510 1540/1708/1708
f 1553/1510/1510 1554/1716/1716 1540/1708/1708
f 1554/1716/1716 1555/372/372 1540/1708/1708
f 1540/1708/1708 1555/372/372 1538/1619/1619
f 1537/1706/1706 1558/1334/1334 1276/1336/1336
f 599/1109/1109 748/922/922 750/1210/1210
f 1561/1713/1713 1562/1717/1717 1560/1335/1335
f 1560/1335/1335 1562/1717/1717 1559/1718/1718
f 388/57/57 391/56/56 394/1719/1719
f 1562/1717/1717 1561/1713/1713 1563/1720/1720
f 1604/1367/1367 1588/1034/1034 1603/1033/1033
f 718/429/429 1664/1208/1208 1662/427/427
f 1487/1721/1721 1494/1277/1277 1426/674/674
f 1669/1410/1410 1670/1695/1695 1668/1696/1696
f 1559/1718/1718 1669/1410/1410 1668/1696/1696
f 1275/1284/1284 1559/1718/1718 1668/1696/1696
f 1546/1715/1715 1551/249/249 1552/581/581
f 1665/1178/1178 1664/1208/1208 1666/717/717
f 1759/1628/1628 1761/1722/1722 1760/1618/1618
f 1555/372/372 1554/1716/1716 1553/1510/1510
f 717/428/428 1661/45/45 1660/1723/1723
f 1551/249/249 1550/251/251 1567/920/920
f 1567/920/920 1550/251/251 1568/1330/1330
f 1568/1330/1330 1550/251/251 1569/1331/1331
f 1550/251/251 1549/1714/1714 1569/1331/1331
f 1549/1714/1714 1548/250/250 1570/1724/1724
f 1657/1725/1725 717/428/428 1660/1723/1723
f 186/233/233 185/232/232 182/1726/1726 175/218/218
f 1548/250/250 1547/1712/1712 1570/1724/1724
f 1572/1727/1727 1544/1710/1710 1573/1102/1102
f 1573/1102/1102 1544/1710/1710 1543/1100/1100
f 503/636/636 504/640/640 508/642/642 512/644/644
f 1543/1100/1100 1577/1167/1167 1576/1101/1101
f 1576/1101/1101 1577/1167/1167 1578/1362/1362
f 716/900/900 1658/384/384 715/383/383
f 1655/1728/1728 1658/384/384 716/900/900
f 1656/1729/1729 1655/1728/1728 716/900/900
f 1570/1724/1724 1581/1568/1568 1549/1714/1714
f 1652/1730/1730 1657/1725/1725 1653/1731/1731
f 1656/1729/1729 1657/1725/1725 1652/1730/1730
f 1657/1725/1725 716/900/900 717/428/428
f 1656/1729/1729 716/900/900 1657/1725/1725
f 1652/1730/1730 1655/1728/1728 1656/1729/1729
f 1650/1105/1105 1655/1728/1728 1654/1732/1732
f 968/651/651 611/565/565 612/369/369
f 1651/1733/1733 1650/1105/1105 1654/1732/1732
f 1053/1354/1354 1187/1298/1298 648/1001/1001
f 1164/1734/1734 1652/1730/1730 1163/1328/1328
f 862/1042/1042 867/527/527 856/850/850
f 1571/1735/1735 1572/1727/1727 1588/1034/1034
f 1590/397/397 1576/1101/1101 1591/398/398
f 1576/1101/1101 1578/1362/1362 1591/398/398
f 1578/1362/1362 1579/1361/1361 1591/398/398
f 1579/1361/1361 1577/1167/1167 1593/1051/1051
f 1593/1051/1051 1574/1166/1166 1481/1443/1443
f 1574/1166/1166 1594/106/106 1481/1443/1443
f 1650/1105/1105 1651/1733/1733 1124/1288/1288
f 1480/1444/1444 1481/1443/1443 1594/106/106
f 1546/1715/1715 1540/1708/1708 1545/1711/1711
f 1648/771/771 1244/1028/1028 1647/466/466
f 1239/1031/1031 1245/1407/1407 1268/467/467
f 1647/466/466 1239/1031/1031 1268/467/467
f 1244/1028/1028 1239/1031/1031 1647/466/466
f 1481/1443/1443 1595/1736/1736 1593/1051/1051
f 511/643/643 515/646/646 514/247/247
f 714/899/899 1114/1737/1737 1115/1343/1343 1116/1422/1422
f 1241/1029/1029 1244/1028/1028 1649/702/702
f 1243/701/701 1241/1029/1029 1649/702/702
f 1639/1738/1738 1636/934/934 1649/702/702
f 536/689/689 1235/1400/1400 537/685/685
f 700/692/692 998/1121/1121 997/690/690
f 1468/1739/1739 1469/1740/1740 1598/1052/1052
f 947/1143/1143 941/1140/1140 937/1137/1137
f 1642/1741/1741 1641/770/770 1647/466/466
f 731/465/465 1642/1741/1741 1647/466/466
f 1646/1590/1590 1642/1741/1741 731/465/465
f 1378/1543/1543 1379/1545/1545 1375/1537/1537
f 880/1060/1060 1642/1741/1741 1646/1590/1590
f 1582/1452/1452 1602/1742/1742 1601/1032/1032
f 221/282/282 212/278/278 161/167/167
f 1602/1742/1742 1589/1743/1743 1612/1744/1744
f 732/671/671 733/1745/1745 1646/1590/1590
f 1644/525/525 1643/1591/1591 1646/1590/1590
f 1604/1367/1367 1587/1157/1157 1588/1034/1034
f 1491/1656/1656 1335/1499/1499 1337/1746/1746 1338/1507/1507
f 868/526/526 1644/525/525 882/1065/1065
f 1643/1591/1591 1644/525/525 867/527/527
f 880/1060/1060 1643/1591/1591 881/1063/1063
f 1586/1747/1747 1605/1748/1748 1606/1369/1369
f 1642/1741/1741 880/1060/1060 879/1057/1057
f 1604/1367/1367 1603/1033/1033 1607/1368/1368
f 878/1055/1055 1642/1741/1741 879/1057/1057
f 1607/1368/1368 1603/1033/1033 1608/1749/1749
f 1608/1749/1749 1601/1032/1032 1609/972/972
f 1601/1032/1032 1602/1742/1742 1609/972/972
f 1641/770/770 1642/1741/1741 878/1055/1055
f 877/1750/1750 1641/770/770 878/1055/1055
f 1608/1749/1749 1606/1369/1369 1607/1368/1368
f 1640/1751/1751 877/1750/1750 876/1049/1049
f 1638/1048/1048 1640/1751/1751 876/1049/1049
f 1609/972/972 1610/971/971 1608/1749/1749
f 1608/1749/1749 1610/971/971 1611/973/973
f 920/1752/1752 760/531/531 921/1375/1375 912/1106/1106
f 1114/1737/1737 1111/1281/1281 1115/1343/1343
f 1609/972/972 1602/1742/1742 1612/1744/1744
f 390/1753/1753 397/268/268 396/203/203
f 1613/1754/1754 1614/1170/1170 1615/1018/1018
f 1635/703/703 1636/934/934 1628/1530/1530
f 1614/1170/1170 1618/396/396 1615/1018/1018
f 1632/1111/1111 1634/1110/1110 1631/1491/1491
f 654/837/837 655/841/841 653/836/836
f 1615/1018/1018 1619/1169/1169 1616/1016/1016
f 1616/1016/1016 1619/1169/1169 1617/1017/1017
f 1619/1169/1169 1620/1755/1755 1617/1017/1017
f 1617/1017/1017 1620/1755/1755 1621/1756/1756
f 109/146/146 101/132/132 100/131/131
f 1623/1757/1757 1622/1758/1758 1469/1740/1740
f 542/696/696 543/704/704 541/697/697
f 262/335/335 261/336/336 257/329/329
f 598/686/686 600/790/790 596/699/699
f 1622/1758/1758 1624/300/300 1599/299/299
f 1632/1111/1111 488/625/625 1633/628/628
f 1023/748/748 1024/1233/1233 1022/1759/1759
f 238/314/314 252/326/326 251/325/325
f 1619/1169/1169 1618/396/396 1625/399/399
f 1405/1241/1241 1406/1462/1462 1424/1240/1240
f 1624/300/300 1620/1755/1755 1600/298/298
f 1229/1397/1397 1626/1760/1760 1221/1391/1391
f 1221/1391/1391 1626/1760/1760 1220/1390/1390
f 1220/1390/1390 1626/1760/1760 1219/1075/1075
f 1500/958/958 1515/1682/1682 1516/956/956
f 735/914/914 734/1761/1761 732/671/671
f 1442/1610/1610 1444/1219/1219 1443/1598/1598
f 20/25/25 21/26/26 64/90/90 47/77/77
f 290/389/389 282/381/381 286/376/376 288/382/382
f 15/17/17 14/16/16 13/1762/1762 12/15/15
f 1665/1178/1178 1663/1688/1688 1662/427/427 1664/1208/1208
f 316/436/436 30/443/443 13/1762/1762 14/16/16
f 1319/665/665 1262/798/798 1259/1763/1763 1260/666/666
f 653/836/836 657/843/843 615/776/776
f 1628/1530/1530 873/1244/1244 1629/1243/1243 1627/1076/1076
f 598/686/686 597/688/688 748/922/922 599/1109/1109
f 722/1436/1436 721/1512/1512 642/821/821 640/820/820
f 1385/1261/1261 1394/1438/1438 1392/1116/1116
f 783/974/974 784/1697/1697 801/984/984 782/830/830
f 259/331/331 281/362/362 260/338/338
f 593/772/772 296/404/404 284/371/371 297/806/806
f 244/318/318 246/1764/1764 245/1765/1765 181/319/319
f 822/722/722 814/485/485 818/998/998
f 230/301/301 227/294/294 228/296/296
f 1501/1766/1766 1503/1671/1671 1498/1663/1663
f 865/1194/1194 854/1068/1068 855/1035/1035 856/850/850 864/1767/1767
f 544/726/726 578/728/728 556/725/725 549/724/724
f 1387/1553/1553 1390/1561/1561 1363/1528/1528
f 1018/1431/1431 1016/1207/1207 1017/1235/1235 1048/1234/1234
f 1627/1076/1076 1219/1075/1075 1626/1760/1760 1628/1530/1530
f 371/506/506 361/491/491 368/503/503
f 635/1768/1768 642/821/821 643/891/891 625/890/890
f 1063/1011/1011 1064/1010/1010 1066/1769/1769 1065/1770/1770
f 1156/1319/1319 1760/1618/1618 1761/1722/1722 1157/1321/1321
f 609/807/807 291/390/390 290/389/389
f 1089/1275/1275 1091/306/306 1092/1265/1265 1090/1771/1771
f 635/1768/1768 626/823/823 637/822/822 642/821/821
f 1246/1408/1408 1267/1426/1426 1266/1425/1425 1268/467/467
f 857/849/849 843/51/51 847/1036/1036
f 370/505/505 372/507/507 371/506/506
f 41/68/68 337/1772/1772 336/1773/1773 332/453/453
f 724/907/907 1269/1427/1427 1280/712/712 1271/1428/1428
f 1429/1588/1588 1484/1250/1250 1485/1648/1648
f 1030/1222/1222 1041/811/811 1031/1223/1223
f 1560/1335/1335 1564/1681/1681 1561/1713/1713
f 452/595/595 455/594/594 456/596/596 451/590/590
f 804/996/996 801/984/984 803/997/997
f 889/1072/1072 832/1774/1774 481/1015/1015
f 1010/1775/1775 1012/414/414 1011/416/416
f 560/734/734 579/758/758 578/728/728 559/729/729
f 99/1058/1058 106/1776/1776 107/143/143 102/145/145
f 618/698/698 617/814/814 603/801/801 596/699/699
f 1334/1497/1497 1335/1499/1499 1506/1667/1667 1333/1777/1777
f 680/860/860 962/634/634 960/1155/1155
f 183/183/183 184/228/228 188/230/230
f 924/1122/1122 919/945/945 916/944/944
f 1064/1010/1010 1073/1249/1249 1067/1246/1246 1066/1769/1769
f 50/168/168 48/80/80 52/79/79 51/83/83
f 1451/1606/1606 1444/1219/1219 1442/1610/1610
f 40/64/64 32/53/53 18/20/20
f 689/870/870 692/1635/1635 690/871/871
f 173/215/215 193/237/237 192/236/236
f 1217/1392/1392 492/631/631 497/1082/1082
f 1021/1242/1242 1020/1778/1778 1019/1779/1779 1018/1431/1431 1047/1299/1299 1049/1237/1237 1046/1236/1236
f 504/640/640 503/636/636 502/637/637
f 633/825/825 639/824/824 634/65/65 628/67/67
f 737/915/915 896/391/391 736/913/913
f 1402/275/275 1403/828/828 1389/276/276
f 1722/574/574 1714/970/970 1720/1441/1441 1721/572/572
f 15/17/17 20/25/25 19/21/21
f 382/931/931 370/505/505 383/523/523 755/933/933
f 318/113/113 31/112/112 17/19/19 32/53/53
f 387/1780/1780 389/58/58 388/57/57
f 672/498/498 671/852/852 667/854/854 675/751/751
f 1532/868/868 1278/867/867 1287/455/455 1533/1232/1232
f 732/671/671 734/1761/1761 733/1745/1745
f 1100/1272/1272 1098/1269/1269 1096/1268/1268 1095/1267/1267
f 1609/972/972 1612/1744/1744 1611/973/973
f 1597/1053/1053 1469/1740/1740 1622/1758/1758 1599/299/299
f 1220/1390/1390 492/631/631 1217/1392/1392 1221/1391/1391
f 946/774/774 945/775/775 942/1141/1141 941/1140/1140
f 1478/1643/1643 1474/1414/1414 1476/1640/1640
f 520/655/655 531/1781/1781 525/1782/1782
f 92/122/122 70/96/96 91/139/139
f 1198/1365/1365 1192/291/291 1193/1364/1364 1196/1363/1363
f 1396/1230/1230 1391/1115/1115 1395/1117/1117
f 1463/1620/1620 1470/1413/1413 1473/1415/1415 1455/1615/1615
f 762/941/941 764/947/947 1208/1377/1377 1207/204/204
f 1187/1298/1298 701/879/879 698/881/881 648/1001/1001
f 1743/1636/1636 1742/1120/1120 1741/1638/1638 1739/1633/1633
f 1480/1444/1444 1449/108/108 1448/1602/1602
f 1480/1444/1444 1594/106/106 1449/108/108
f 1087/128/128 1082/1260/1260 1083/1263/1263 1084/129/129
f 1645/1482/1482 733/1745/1745 734/1761/1761 1831/1433/1433
f 784/1697/1697 800/982/982 803/997/997 801/984/984
f 1580/1156/1156 1571/1735/1735 1588/1034/1034 1587/1157/1157
f 1816/1520/1520 1682/1522/1522 1817/1783/1783 1818/1784/1784
f 1215/1393/1393 1216/1387/1387 500/638/638
f 1432/1589/1589 1420/1584/1584 1433/1025/1025
f 322/446/446 326/413/413 323/412/412
f 304/418/418 104/141/141 27/36/36 305/419/419 306/431/431
f 623/422/422 615/776/776 616/423/423
f 630/817/817 633/825/825 628/67/67 620/700/700 629/818/818
f 1541/1709/1709 1540/1708/1708 1536/1705/1705 1535/1704/1704
f 1662/427/427 1663/1688/1688 717/428/428
f 1114/1737/1737 1112/1581/1581 1110/1282/1282 1111/1281/1281
f 927/1127/1127 928/1128/1128 246/1764/1764 244/318/318
f 173/215/215 192/236/236 175/218/218
f 134/176/176 135/177/177 141/187/187 142/297/297
f 741/917/917 730/99/99 742/918/918
f 722/1436/1436 640/820/820 641/906/906 723/561/561
f 78/102/102 77/120/120 89/181/181 86/119/119
f 238/314/314 239/324/324 240/315/315 204/253/253
f 1128/1295/1295 1122/24/24 1127/1296/1296
f 76/109/109 72/92/92 77/120/120 78/102/102
f 614/779/779 669/853/853 670/855/855 613/368/368
f 1693/785/785 1780/787/787 1782/1540/1540 1808/1539/1539 1779/1356/1356
f 1299/1785/1785 1293/1786/1786 1296/1480/1480 1297/925/925 1300/924/924
f 539/694/694 540/695/695 541/697/697 546/705/705
f 670/855/855 672/498/498 674/857/857
f 1766/1555/1555 1154/1318/1318 1159/1323/1323 1767/1605/1605
f 729/101/101 743/845/845 908/1371/1371 742/918/918
f 1502/957/957 1501/1766/1766 1499/1664/1664 1500/958/958
f 1233/1088/1088 1245/1407/1407 1232/1089/1089
f 248/322/322 925/1125/1125 247/321/321
f 1394/1438/1438 1385/1261/1261 1393/1577/1577
f 395/202/202 761/1787/1787 760/531/531
f 192/236/236 194/238/238 195/239/239 191/235/235
f 1190/1357/1357 1009/1788/1788 1008/1213/1213 1193/1364/1364 1192/291/291 1191/1358/1358
f 1595/1736/1736 1477/1445/1445 1475/707/707 1596/706/706
f 1582/1452/1452 1572/1727/1727 1573/1102/1102
f 429/578/578 430/575/575 431/563/563 428/558/558
f 443/816/816 444/584/584 442/579/579
f 1001/1202/1202 997/690/690 1000/949/949 1003/1789/1789
f 55/82/82 54/81/81 53/117/117 58/118/118
f 141/187/187 229/305/305 230/301/301 228/296/296
f 1620/1755/1755 1624/300/300 1622/1758/1758
f 642/821/821 721/1512/1512 643/891/891
f 436/967/967 776/1790/1790 905/965/965 435/1791/1791 432/559/559
f 993/1199/1199 997/690/690 994/1203/1203
f 1826/582/582 1824/1792/1792 1575/580/580
f 1697/1119/1119 1698/1685/1685 1741/1638/1638
f 527/388/388 1236/387/387 1237/136/136 529/138/138 528/645/645
f 51/83/83 52/79/79 53/117/117 54/81/81
f 1326/1050/1050 1519/784/784 1327/1690/1690
f 1126/1291/1291 1127/1296/1296 1122/24/24 1121/1287/1287
f 760/531/531 761/1787/1787 923/1379/1379
f 427/557/557 433/560/560 434/562/562 425/553/553
f 849/172/172 852/592/592 892/1077/1077 888/846/846
f 738/1067/1067 636/670/670 619/911/911 739/916/916
f 828/1005/1005 827/1004/1004 821/1000/1000
f 621/813/813 618/698/698 620/700/700 628/67/67 627/66/66
f 500/638/638 506/285/285 1222/280/280 1215/1393/1393
f 1389/276/276 1399/1096/1096 1400/1095/1095 1401/277/277
f 98/1059/1059 105/142/142 106/1776/1776 99/1058/1058
f 1300/924/924 1317/1579/1579 1316/1793/1793 1299/1785/1785
f 1629/1243/1243 1630/1074/1074 1627/1076/1076
f 1148/542/542 1145/1309/1309 1144/1308/1308 1143/1307/1307
f 484/622/622 478/617/617 485/623/623 488/625/625
f 1332/1668/1668 1511/1794/1794 1508/1669/1669
f 133/174/174 134/176/176 142/297/297 143/188/188
f 1312/1478/1478 1305/1475/1475 1306/1476/1476 1307/1675/1675
f 1065/1770/1770 1066/1769/1769 1067/1246/1246 1068/1245/1245
f 532/675/675 520/655/655 524/676/676
f 809/994/994 805/995/995 810/393/393
f 760/531/531 920/1752/1752 913/989/989 759/840/840 394/1719/1719
f 1489/672/672 1492/1657/1657 1425/673/673
f 157/199/199 152/191/191 154/197/197
f 1061/683/683 1039/1227/1227 1038/684/684
f 1572/1727/1727 1571/1735/1735 1580/1156/1156 1570/1724/1724 1547/1712/1712 1544/1710/1710
f 632/909/909 631/819/819 629/818/818 636/670/670
f 1635/703/703 1626/1760/1760 1229/1397/1397 1243/701/701
f 467/606/606 469/613/613 465/605/605
f 620/700/700 596/699/699 600/790/790
f 1080/1795/1795 1077/1257/1257 1078/1256/1256 1079/1259/1259 1081/1258/1258 1089/1275/1275
f 1635/703/703 1628/1530/1530 1626/1760/1760
f 1655/1728/1728 1650/1105/1105 1658/384/384
f 753/930/930 919/945/945 924/1122/1122
f 1666/717/717 1286/1209/1209 1667/718/718
f 1004/1796/1796 1008/1213/1213 1006/1212/1212
f 882/1065/1065 1644/525/525 1646/1590/1590 733/1745/1745 1645/1482/1482
f 1817/1783/1783 1682/1522/1522 1681/1797/1797 1679/518/518
f 985/1198/1198 693/873/873 656/842/842 655/841/841
f 1509/1673/1673 1518/1595/1595 1329/1670/1670
f 88/29/29 86/119/119 89/181/181 131/175/175
f 615/776/776 623/422/422 652/835/835 653/836/836
f 1020/1778/1778 1023/748/748 1022/1759/1759
f 1804/738/738 1764/1559/1559 1799/739/739
f 763/942/942 398/269/269 397/268/268
f 724/907/907 1271/1428/1428 723/561/561
f 807/991/991 802/985/985 801/984/984 806/993/993 808/992/992
f 1465/1625/1625 1466/708/708 1464/1798/1798 1462/1799/1799
f 1385/1261/1261 1386/1551/1551 1373/1550/1550 1374/1262/1262
f 883/1066/1066 886/1160/1160 866/1069/1069 864/1767/1767 868/526/526
f 940/1139/1139 944/1168/1168 964/1163/1163 963/1162/1162
f 1781/1593/1593 1783/1313/1313 1782/1540/1540 1780/787/787
f 5/4/4 12/15/15 13/1762/1762 4/2/2
f 579/758/758 556/725/725 578/728/728
f 860/1044/1044 875/1056/1056 879/1057/1057 869/1061/1061 859/1040/1040 845/1039/1039
f 1001/1202/1202 1002/1800/1800 995/1801/1801
f 1125/1327/1327 1164/1734/1734 1163/1328/1328
f 1477/1445/1445 1480/1444/1444 1476/1640/1640
f 1733/1651/1651 1736/1630/1630 1735/1420/1420 1734/969/969 1722/574/574
f 1030/1222/1222 1028/1218/1218 1029/1802/1802 1042/1437/1437
f 1665/1178/1178 1691/1687/1687 1663/1688/1688
f 1043/1803/1803 1052/1395/1395 1186/1394/1394 1042/1437/1437 1029/1802/1802
f 810/393/393 897/392/392 808/992/992 809/994/994
f 124/158/158 125/164/164 120/159/159
f 1441/1597/1597 1436/1596/1596 1438/1187/1187
f 594/799/799 589/767/767 585/762/762 588/766/766 595/800/800
f 123/162/162 122/161/161 129/170/170 95/125/125
f 876/1049/1049 877/1750/1750 878/1055/1055 874/1054/1054 872/1804/1804 1637/1047/1047
f 1534/107/107 1535/1704/1704 1273/1442/1442 1277/831/831
f 971/1164/1164 978/1172/1172 979/401/401
f 263/337/337 983/1180/1180 278/359/359
f 1600/298/298 1620/1755/1755 1619/1169/1169
f 441/577/577 781/968/968 430/575/575 429/578/578
f 654/837/837 651/755/755 696/757/757 700/692/692
f 1049/1237/1237 1052/1395/1395 1050/1239/1239
f 119/155/155 120/159/159 110/147/147
f 745/919/919 921/1375/1375 922/1374/1374 744/887/887 602/794/794
f 524/676/676 520/655/655 521/649/649 522/648/648
f 1337/1746/1746 1336/1498/1498 1339/1505/1505 1338/1507/1507
f 1178/1347/1347 1074/1253/1253 1064/1010/1010 1061/683/683
f 1528/220/220 1529/797/797 1320/1580/1580
f 1178/1347/1347 1061/683/683 1179/377/377
f 425/553/553 421/549/549 422/556/556 427/557/557
f 1256/1429/1429 575/1805/1805 1261/1806/1806 1262/798/798
f 1678/1699/1699 1685/1672/1672 1709/1676/1676
f 1769/1201/1201 1768/1604/1604 1770/1603/1603
f 1060/983/983 1038/684/684 1037/1226/1226 1059/347/347
f 1527/1190/1190 1528/220/220 1320/1580/1580 1317/1579/1579
f 412/545/545 411/550/550 409/520/520
f 1557/1807/1807 1565/1680/1680 1558/1334/1334 1537/1706/1706
f 1078/1256/1256 1082/1260/1260 1079/1259/1259
f 1259/1763/1763 1262/798/798 1261/1806/1806
f 351/479/479 360/481/481 352/482/482 347/475/475
f 995/1801/1801 989/1808/1808 992/1192/1192 994/1203/1203
f 670/855/855 669/853/853 671/852/852 672/498/498
f 1120/1332/1332 1165/1333/1333 1650/1105/1105 1124/1288/1288
f 886/1160/1160 885/1159/1159 1840/1447/1447
f 1405/1241/1241 1426/674/674 1425/673/673
f 681/861/861 675/751/751 667/854/854 682/1151/1151 957/1152/1152
f 663/1003/1003 662/462/462 677/859/859 682/1151/1151
f 1567/920/920 1827/1490/1490 1824/1792/1792 1826/582/582 1825/921/921
f 1524/221/221 1531/1809/1809 1279/711/711 1530/713/713 1528/220/220
f 1498/1663/1663 1499/1664/1664 1501/1766/1766
f 1043/1803/1803 1029/1802/1802 1028/1218/1218 1026/750/750 1044/749/749 1051/1810/1810
f 1746/1569/1569 1744/1632/1632 1740/1570/1570
f 343/468/468 339/459/459 1844/7/7 344/474/474
f 393/532/532 391/56/56 389/58/58
f 1560/1335/1335 1559/1718/1718 1275/1284/1284 1274/1283/1283 1276/1336/1336
f 116/153/153 111/148/148 112/149/149
f 1187/1298/1298 1048/1234/1234 701/879/879
f 1449/108/108 1277/831/831 1532/868/868
f 1198/1365/1365 1004/1796/1796 1005/1360/1360
f 1516/956/956 1513/1692/1692 1511/1794/1794 1507/1679/1679 1512/1678/1678 1503/1671/1671 1501/1766/1766 1502/957/957 1514/1396/1396
f 1467/1626/1626 1596/706/706 1466/708/708
f 1496/1252/1252 1497/1251/1251 1498/1663/1663
f 708/266/266 720/866/866 1273/1442/1442 1274/1283/1283 719/1285/1285 718/429/429
f 725/1624/1624 639/824/824 631/819/819 726/908/908
f 854/1068/1068 850/564/564 843/51/51 855/1035/1035
f 1454/1546/1546 1380/1544/1544 1455/1615/1615 1472/1631/1631
f 1556/374/374 1566/373/373 1677/519/519 1679/518/518 1676/1811/1811 1675/1812/1812 1674/1526/1526 1564/1681/1681 1565/1680/1680 1557/1807/1807
f 1421/1587/1587 1429/1588/1588 1428/1649/1649
f 1422/1575/1575 1421/1587/1587 1428/1649/1649
f 1423/1496/1496 1406/1462/1462 1422/1575/1575
f 379/515/515 752/1586/1586 751/1211/1211 378/514/514
f 770/955/955 772/962/962 768/953/953
f 1254/834/834 1251/833/833 554/223/223
f 424/552/552 414/551/551 766/952/952
f 1005/1360/1360 1003/1789/1789 1000/949/949
f 1165/1333/1333 1108/1279/1279 1107/1278/1278 1119/1338/1338
f 1797/903/903 1740/1570/1570 1748/1565/1565
f 503/636/636 1224/1813/1813 505/286/286
f 1207/204/204 851/1381/1381 1206/1378/1378 761/1787/1787 395/202/202
f 1023/748/748 1020/1778/1778 1021/1242/1242 1045/1238/1238
f 667/854/854 668/851/851 663/1003/1003 682/1151/1151
f 1379/1545/1545 1380/1544/1544 1454/1546/1546
f 1318/1483/1483 1289/1183/1183 1316/1793/1793
f 1439/1549/1549 1438/1187/1187 1383/1449/1449
f 765/681/681 407/521/521 424/552/552 766/952/952 767/951/951
f 1369/1533/1533 1386/1551/1551 1368/1552/1552 1367/1686/1686
f 285/1814/1814 299/1815/1815 302/1816/1816 300/1398/1398
f 770/955/955 434/562/562 433/560/560 771/960/960 772/962/962
f 832/1774/1774 889/1072/1072 796/980/980 794/351/351
f 1008/1213/1213 1004/1796/1796 1196/1363/1363
f 1316/1793/1793 1317/1579/1579 1318/1483/1483
f 1279/711/711 1533/1232/1232 1287/455/455
f 8/9/9 7/37/37 2/1/1
f 1317/1579/1579 1315/923/923 1321/1817/1817 1527/1190/1190
f 303/417/417 300/1398/1398 302/1816/1816
f 318/113/113 320/441/441 319/440/440
f 1147/1311/1311 1145/1309/1309 1149/541/541
f 1105/437/437 1134/23/23 1138/1303/1303 1135/1300/1300
f 553/715/715 538/693/693 550/714/714
f 97/127/127 92/122/122 91/139/139 98/1059/1059
f 1166/1340/1340 1117/1339/1339 1114/1737/1737 714/899/899
f 1363/1528/1528 1390/1561/1561 1388/1554/1554
f 977/988/988 978/1172/1172 974/986/986
f 67/1818/1818 66/95/95 69/91/91 68/94/94
f 499/878/878 500/638/638 1216/1387/1387 498/893/893
f 917/1112/1112 913/989/989 914/990/990
f 866/1069/1069 1840/1447/1447 1838/1446/1446 863/1070/1070
f 1298/1485/1485 1304/1474/1474 1303/1473/1473
f 1336/1498/1498 1337/1746/1746 1335/1499/1499
f 816/364/364 818/998/998 815/732/732 798/731/731 817/365/365
f 1434/1024/1024 1419/1583/1583 1418/1582/1582 1435/1599/1599
f 357/488/488 352/482/482 360/481/481
f 201/248/248 188/230/230 200/244/244 205/254/254
f 24/32/32 25/33/33 65/753/753 23/31/31
f 13/1762/1762 30/443/443 4/2/2
f 1598/1052/1052 1593/1051/1051 1595/1736/1736 1471/1819/1819 1468/1739/1739
f 493/49/49 496/48/48 498/893/893 497/1082/1082
f 1295/1465/1465 1296/1480/1480 1293/1786/1786 1292/1463/1463
f 184/228/228 177/227/227 185/232/232 187/229/229
f 11/14/14 22/55/55 12/15/15
f 840/1021/1021 841/1022/1022 872/1804/1804
f 841/1022/1022 873/1244/1244 872/1804/1804
f 1422/1575/1575 1428/1649/1649 1485/1648/1648 1487/1721/1721 1426/674/674 1486/1495/1495 1427/1494/1494 1423/1496/1496
f 1601/1032/1032 1608/1749/1749 1603/1033/1033
f 981/1177/1177 982/1181/1181 293/395/395
f 106/1776/1776 105/142/142 303/417/417
f 593/772/772 590/768/768 589/767/767
f 1585/1158/1158 1586/1747/1747 1583/1820/1820 1581/1568/1568 1580/1156/1156
f 336/1773/1773 335/460/460 333/454/454 332/453/453
f 867/527/527 868/526/526 864/1767/1767 856/850/850
f 1236/387/387 1248/1412/1412 1237/136/136
f 561/733/733 562/735/735 560/734/734
f 210/259/259 213/260/260 209/258/258
f 884/1432/1432 885/1159/1159 883/1066/1066
f 1107/1278/1278 1075/653/653 1110/1282/1282
f 1223/1821/1821 507/287/287 1230/1399/1399 1240/1030/1030 1226/1402/1402
f 898/1046/1046 807/991/991 897/392/392
f 1375/1537/1537 1381/1547/1547 1440/1611/1611 1439/1549/1549 1374/1262/1262
f 1735/1420/1420 1705/1641/1641 1706/1677/1677 1708/1459/1459 1734/969/969
f 1598/1052/1052 1469/1740/1740 1597/1053/1053
f 377/513/513 749/1608/1608 326/413/413 327/447/447 353/926/926
f 1329/1670/1670 1328/1373/1373 1311/1197/1197 1330/1196/1196
f 970/1165/1165 969/1822/1822 973/938/938 974/986/986
f 724/907/907 638/826/826 639/824/824 725/1624/1624
f 1365/1531/1531 1358/1523/1523 1359/1350/1350 1366/1349/1349
f 953/1149/1149 957/1152/1152 954/405/405
f 1003/1789/1789 1002/1800/1800 1001/1202/1202
f 896/391/391 810/393/393 805/995/995 895/1080/1080 736/913/913
f 743/845/845 1203/780/780 774/1107/1107 908/1371/1371
f 1436/1596/1596 1435/1599/1599 1418/1582/1582 1437/1188/1188
f 526/668/668 1234/386/386 527/388/388
f 492/631/631 477/630/630 493/49/49
f 1435/1599/1599 1446/1600/1600 1434/1024/1024
f 1742/1120/1120 1743/1636/1636 1785/1652/1652 1696/1118/1118
f 836/50/50 835/173/173 483/621/621
f 113/150/150 112/149/149 109/146/146
f 281/362/362 259/331/331 117/152/152
f 603/801/801 595/800/800 596/699/699
f 845/1039/1039 846/1038/1038 844/1653/1653 842/1027/1027
f 1137/1302/1302 1144/1308/1308 1145/1309/1309 1101/1273/1273
f 794/351/351 796/980/980 792/979/979
f 646/265/265 645/885/885 624/421/421 644/892/892
f 1203/780/780 773/961/961 774/1107/1107
f 1417/1026/1026 1420/1584/1584 1416/1573/1573
f 133/174/174 95/125/125 129/170/170 135/177/177
f 773/961/961 771/960/960 775/964/964 774/1107/1107
f 1367/1686/1686 1368/1552/1552 1366/1349/1349
f 277/358/358 278/359/359 983/1180/1180 980/400/400
f 1117/1339/1339 1112/1581/1581 1114/1737/1737
f 14/16/16 16/18/18 316/436/436
f 1129/1290/1290 1132/1294/1294 1127/1296/1296
f 704/886/886 646/265/265 707/264/264
f 666/464/464 665/874/874 683/863/863 676/858/858
f 1724/1655/1655 1730/662/662 1731/1650/1650 1723/573/573
f 488/625/625 490/627/627 484/622/622
f 1386/1551/1551 1392/1116/1116 1387/1553/1553
f 793/350/350 832/1774/1774 794/351/351
f 440/576/576 438/571/571 439/569/569
f 1052/1395/1395 1049/1237/1237 1047/1299/1299 1053/1354/1354
f 255/327/327 254/70/70 234/312/312 256/328/328
f 147/192/192 152/191/191 148/193/193
f 1206/1378/1378 1209/1380/1380 1214/1386/1386 1205/1376/1376
f 1375/1537/1537 1376/1467/1467 1377/1469/1469 1378/1543/1543
f 781/968/968 441/577/577 782/830/830
f 554/223/223 1249/222/222 552/716/716 553/715/715
f 1826/582/582 1552/581/581 1551/249/249 1825/921/921
f 384/524/524 386/1823/1823 385/1646/1646
f 1454/1546/1546 1453/1609/1609 1381/1547/1547
f 203/252/252 200/244/244 199/243/243 198/242/242
f 1574/1166/1166 1593/1051/1051 1577/1167/1167
f 307/430/430 298/424/424 300/1398/1398
f 523/678/678 524/676/676 522/648/648
f 1317/1579/1579 1300/924/924 1315/923/923
f 566/742/742 567/743/743 568/745/745 577/752/752
f 252/326/326 253/71/71 255/327/327 266/341/341
f 314/435/435 29/40/40 1/10/10 2/1/1 3/3/3 315/444/444
f 1822/1511/1511 1823/1824/1824 1819/1504/1504 1821/1509/1509
f 1549/1714/1714 1581/1568/1568 1569/1331/1331
f 777/1825/1825 778/966/966 779/1094/1094 904/1099/1099
f 881/1063/1063 1643/1591/1591 867/527/527
f 1411/1574/1574 1409/1352/1352 1410/1440/1440 1412/1439/1439
f 558/659/659 556/725/725 579/758/758
f 293/395/395 609/807/807 610/566/566
f 850/564/564 854/1068/1068 853/591/591
f 307/430/430 303/417/417 304/418/418 306/431/431
f 398/269/269 762/941/941 1207/204/204
f 921/1375/1375 745/919/919 912/1106/1106
f 468/607/607 474/611/611 467/606/606
f 1328/1373/1373 1329/1670/1670 1518/1595/1595
f 1119/1338/1338 1167/385/385 1650/1105/1105 1165/1333/1333
f 1285/1182/1182 1290/1826/1826 1289/1183/1183
f 625/890/890 624/421/421 622/815/815 626/823/823
f 655/841/841 695/876/876 985/1198/1198
f 985/1198/1198 1199/1176/1176 691/1370/1370 690/871/871 692/1635/1635
f 1630/1074/1074 1634/1110/1110 1218/1388/1388 1219/1075/1075
f 116/153/153 117/152/152 259/331/331
f 1315/923/923 1297/925/925 1314/1481/1481 1321/1817/1817
f 913/989/989 920/1752/1752 912/1106/1106
f 903/1093/1093 907/333/333 910/332/332 904/1099/1099
f 864/1767/1767 866/1069/1069 865/1194/1194
f 1446/1600/1600 1443/1598/1598 1445/1221/1221 1447/1601/1601
f 261/336/336 258/330/330 260/338/338
f 665/874/874 666/464/464 661/723/723
f 510/246/246 513/245/245 528/645/645
f 31/112/112 316/436/436 16/18/18
f 591/769/769 298/424/424 308/426/426
f 1634/1110/1110 1633/628/628 1218/1388/1388
f 833/936/936 462/602/602 460/601/601 453/608/608 463/1827/1827 464/603/603 465/605/605 469/613/613 481/1015/1015 832/1774/1774 793/350/350
f 1592/1683/1683 1600/298/298 1591/398/398 1579/1361/1361
f 115/380/380 112/149/149 113/150/150 283/370/370
f 826/721/721 827/1004/1004 1836/1457/1457 825/483/483
f 1009/1788/1788 1012/414/414 1010/1775/1775 1007/1214/1214
f 1529/797/797 1319/665/665 1320/1580/1580
f 701/879/879 1017/1235/1235 1016/1207/1207 1015/1206/1206
f 1605/1748/1748 1586/1747/1747 1585/1158/1158
f 1589/1743/1743 1602/1742/1742 1582/1452/1452
f 934/1134/1134 936/661/661 938/1418/1418 939/1138/1138
f 1099/1271/1271 1154/1318/1318 1155/1320/1320 1097/1270/1270
f 1226/1402/1402 1240/1030/1030 1241/1029/1029 1242/1403/1403
f 1160/1324/1324 1768/1604/1604 1152/1316/1316
f 118/154/154 116/153/153 112/149/149 115/380/380 282/381/381
f 299/1815/1815 285/1814/1814 108/144/144 107/143/143
f 714/899/899 1170/1142/1142 713/897/897
f 333/454/454 335/460/460 334/461/461
f 491/1389/1389 487/629/629 492/631/631
f 16/18/18 17/19/19 31/112/112
f 1059/347/347 1037/1226/1226 1040/1228/1228
f 1040/1228/1228 1184/345/345 1059/347/347
f 584/763/763 585/762/762 309/425/425
f 330/480/480 329/1401/1401 319/440/440 321/442/442 331/452/452
f 894/1079/1079 734/1761/1761 735/914/914 736/913/913 895/1080/1080
f 411/550/550 424/552/552 407/521/521 409/520/520
f 313/434/434 581/759/759 311/432/432
f 1373/1550/1550 1372/1535/1535 1374/1262/1262
f 1331/1493/1493 1332/1668/1668 1330/1196/1196
f 382/931/931 753/930/930 381/1123/1123 375/510/510 373/508/508
f 1793/1145/1145 1805/310/310 1766/1555/1555 1776/793/793 1809/792/792 1806/1312/1312
f 1699/1411/1411 1669/1410/1410 1700/1828/1828 1704/1645/1645 1738/1419/1419 1702/1644/1644 1703/1639/1639
f 232/303/303 226/290/290 159/201/201
f 1806/1312/1312 1791/1314/1314 1793/1145/1145
f 1056/1231/1231 705/1484/1484 1058/1351/1351
f 414/551/551 412/545/545 415/11/11 416/546/546 768/953/953
f 859/1040/1040 869/1061/1061 870/1062/1062 861/1041/1041
f 1531/1809/1809 1533/1232/1232 1279/711/711
f 449/588/588 448/587/587 447/586/586 450/589/589
f 567/743/743 566/742/742 565/741/741
f 1694/1594/1594 1691/1687/1687 1665/1178/1178 1695/1179/1179 1784/1453/1453
f 1370/1534/1534 1372/1535/1535 1373/1550/1550 1369/1533/1533
f 389/58/58 390/1753/1753 396/203/203 393/532/532
f 1118/1337/1337 1113/1286/1286 1112/1581/1581 1117/1339/1339
f 953/1149/1149 952/1148/1148 947/1143/1143
f 980/400/400 983/1180/1180 280/361/361 982/1181/1181 981/1177/1177
f 363/496/496 349/477/477 1843/6/6 364/1637/1637
f 75/1124/1124 72/92/92 76/109/109 63/89/89
f 1468/1739/1739 1471/1819/1819 1467/1626/1626
f 3/3/3 4/2/2 30/443/443
f 755/933/933 383/523/523 392/937/937 756/839/839
f 729/101/101 728/100/100 602/794/794
f 1672/1700/1700 1684/1701/1701 1671/1698/1698 1561/1713/1713
f 44/78/78 46/76/76 48/80/80 49/169/169
f 842/1027/1027 840/1021/1021 871/1045/1045 845/1039/1039
f 286/376/376 115/380/380 283/370/370
f 1319/665/665 1282/667/667 1283/1455/1455 1320/1580/1580
f 915/1113/1113 752/1586/1586 916/944/944
f 1836/1457/1457 827/1004/1004 1837/1458/1458
f 1120/1332/1332 1124/1288/1288 1121/1287/1287
f 258/330/330 127/157/157 119/155/155 260/338/338
f 177/227/227 174/216/216 182/1726/1726 185/232/232
f 1659/44/44 1660/1723/1723 1661/45/45
f 814/485/485 813/656/656 787/976/976 789/730/730
f 899/1083/1083 739/916/916 903/1093/1093
f 1526/1694/1694 1527/1190/1190 1321/1817/1817 1322/783/783
f 454/593/593 460/601/601 455/594/594
f 1829/1329/1329 1830/1486/1486 1568/1330/1330
f 1255/1423/1423 576/1204/1204 1256/1429/1429
f 1168/1341/1341 714/899/899 1116/1422/1422 1169/1344/1344
f 289/394/394 294/402/402 288/382/382
f 1031/1223/1223 1055/810/810 1034/1084/1084
f 987/1829/1829 990/1174/1174 991/1191/1191 988/1193/1193
f 986/1175/1175 990/1174/1174 987/1829/1829
f 1143/1307/1307 1144/1308/1308 1139/1304/1304
f 1188/292/292 999/950/950 699/880/880
f 22/55/55 21/26/26 12/15/15
f 631/819/819 633/825/825 630/817/817
f 340/133/133 331/452/452 334/461/461
f 755/933/933 754/932/932 382/931/931
f 1409/1352/1352 1411/1574/1574 1408/1353/1353
f 784/1697/1697 445/583/583 446/585/585 785/975/975 800/982/982
f 1797/903/903 1798/905/905 1795/1563/1563 1796/1830/1830
f 1580/1156/1156 1581/1568/1568 1570/1724/1724
f 1050/1239/1239 1023/748/748 1045/1238/1238
f 1252/1416/1416 1251/833/833 1265/1450/1450 1280/712/712
f 1458/1831/1831 1459/1832/1832 1461/1833/1833 1460/1834/1834 1464/1798/1798 1470/1413/1413
f 1479/1642/1642 1452/1607/1607 1453/1609/1609 1472/1631/1631 1478/1643/1643
f 1058/1351/1351 1040/1228/1228 1056/1231/1231
f 1040/1228/1228 1034/1084/1084 1056/1231/1231
f 1594/106/106 1542/1707/1707 1543/1100/1100 1544/1710/1710 1534/107/107
f 1333/1777/1777 1507/1679/1679 1332/1668/1668
f 1333/1777/1777 1506/1667/1667 1507/1679/1679
f 761/1787/1787 1206/1378/1378 923/1379/1379
f 1704/1645/1645 1700/1828/1828 1701/1835/1835 1706/1677/1677 1705/1641/1641
f 1631/1491/1491 1634/1110/1110 1630/1074/1074 1629/1243/1243
f 822/722/722 821/1000/1000 826/721/721
f 584/763/763 309/425/425 310/433/433 580/760/760
f 1086/130/130 1109/1280/1280 1120/1332/1332 1106/754/754
f 649/883/883 648/1001/1001 647/1836/1836
f 1211/1383/1383 1213/1385/1385 1214/1386/1386
f 623/422/422 624/421/421 645/885/885 649/883/883 647/1836/1836 650/756/756
f 207/256/256 217/273/273 218/272/272 206/255/255
f 1594/106/106 1574/1166/1166 1542/1707/1707
f 1346/528/528 1345/827/827 1347/1837/1837 1348/529/529
f 1004/1796/1796 1198/1365/1365 1196/1363/1363
f 1479/1642/1642 1450/1220/1220 1452/1607/1607
f 782/830/830 802/985/985 781/968/968
f 171/219/219 170/214/214 169/213/213
f 322/446/446 327/447/447 326/413/413
f 1230/1399/1399 507/287/287 505/286/286 1224/1813/1813 1225/1090/1090
f 961/633/633 673/856/856 674/857/857
f 1810/1541/1541 1778/1492/1492 1779/1356/1356
f 336/1773/1773 337/1772/1772 338/458/458 335/460/460
f 1265/1450/1450 1251/833/833 1264/832/832
f 1231/137/137 1238/1064/1064 1233/1088/1088
f 1619/1169/1169 1625/399/399 1600/298/298
f 1783/1313/1313 1806/1312/1312 1807/1538/1538
f 1176/470/470 1169/1344/1344 1171/471/471
f 1142/1306/1306 1770/1603/1603 1160/1324/1324
f 1235/1400/1400 1247/1154/1154 1248/1412/1412 1236/387/387 1234/386/386
f 1699/1411/1411 1741/1638/1638 1698/1685/1685 1687/1409/1409
f 1684/1701/1701 1710/1502/1502 1685/1672/1672 1671/1698/1698
f 432/559/559 435/1791/1791 433/560/560
f 546/705/705 543/704/704 544/726/726 549/724/724
f 954/405/405 682/1151/1151 955/406/406
f 1507/1679/1679 1504/1665/1665 1503/1671/1671
f 1680/517/517 1566/373/373 1820/1503/1503
f 1008/1213/1213 1009/1788/1788 1007/1214/1214
f 573/1404/1404 1257/1406/1406 574/1838/1838
f 1351/1012/1012 1350/1014/1014 1352/1514/1514 1353/1516/1516
f 704/886/886 706/898/898 703/884/884
f 673/856/856 961/633/633 965/632/632 967/650/650 966/420/420
f 745/919/919 601/789/789 746/788/788 912/1106/1106
f 450/589/589 453/608/608 454/593/593 452/595/595
f 1366/1349/1349 1368/1552/1552 1364/1529/1529 1365/1531/1531
f 57/194/194 148/193/193 149/166/166 150/206/206
f 432/559/559 437/568/568 780/570/570 436/967/967
f 1799/739/739 1801/1562/1562 1798/905/905 1800/904/904
f 1560/1335/1335 1558/1334/1334 1564/1681/1681
f 866/1069/1069 886/1160/1160 1840/1447/1447
f 965/632/632 969/1822/1822 970/1165/1165 967/650/650
f 1253/1417/1417 1263/1424/1424 1281/1451/1451 1264/832/832
f 1839/1435/1435 1840/1447/1447 885/1159/1159
f 644/892/892 624/421/421 625/890/890
f 732/671/671 1646/1590/1590 731/465/465
f 1788/1430/1430 1783/1313/1313 1811/1454/1454
f 393/532/532 394/1719/1719 391/56/56
f 1292/1463/1463 1293/1786/1786 1291/1839/1839 1290/1826/1826
f 344/474/474 342/134/134 343/468/468
f 702/882/882 705/1484/1484 1056/1231/1231 1055/810/810 1057/1466/1466 649/883/883
f 332/453/453 333/454/454 40/64/64
f 1335/1499/1499 1491/1656/1656 1489/672/672
f 905/965/965 776/1790/1790 777/1825/1825 906/1098/1098
f 1441/1597/1597 1435/1599/1599 1436/1596/1596
f 1487/1721/1721 1485/1648/1648 1496/1252/1252 1488/1661/1661
f 1246/1408/1408 1233/1088/1088 1238/1064/1064 1267/1426/1426
f 1604/1367/1367 1606/1369/1369 1605/1748/1748 1585/1158/1158
f 1071/654/654 1076/1255/1255 1069/1247/1247 1070/1248/1248
f 771/960/960 433/560/560 435/1791/1791 905/965/965
f 1772/46/46 1771/902/902 1162/1326/1326 1653/1731/1731
f 1531/1809/1809 1539/1703/1703 1533/1232/1232
f 1324/1689/1689 1323/1691/1691 1302/1472/1472 1313/1479/1479
f 491/1389/1389 1218/1388/1388 1633/628/628
f 844/1653/1653 846/1038/1038 847/1036/1036 843/51/51 837/1019/1019
f 659/778/778 668/851/851 669/853/853 614/779/779
f 1312/1478/1478 1324/1689/1689 1313/1479/1479
f 1448/1602/1602 1431/796/796 1432/1589/1589 1447/1601/1601
f 915/1113/1113 757/1114/1114 751/1211/1211 752/1586/1586
f 1789/1578/1578 1695/1179/1179 1696/1118/1118 1785/1652/1652 1786/1456/1456
f 1632/1111/1111 1631/1491/1491 841/1022/1022 490/627/627
f 1844/7/7 1843/6/6 349/477/477 344/474/474
f 621/813/813 622/815/815 617/814/814
f 1201/959/959 1211/1383/1383 403/537/537 406/538/538
f 636/670/670 731/465/465 727/910/910 632/909/909
f 1613/1754/1754 1611/973/973 1612/1744/1744
f 834/848/848 482/620/620 835/173/173 849/172/172
f 1301/1471/1471 1302/1472/1472 1323/1691/1691 1322/783/783
f 1817/1783/1783 1819/1504/1504 1818/1784/1784
f 836/50/50 848/52/52 849/172/172
f 534/679/679 552/716/716 551/720/720
f 1169/1344/1344 1181/1043/1043 1183/346/346 1170/1142/1142
f 764/947/947 399/946/946 400/533/533 401/535/535
f 1255/1423/1423 1253/1417/1417 577/752/752 568/745/745
f 25/33/33 26/34/34 104/141/141 103/140/140
f 312/39/39 311/432/432 306/431/431 305/419/419
f 1755/1560/1560 1803/740/740 1753/1558/1558 1754/1629/1629
f 1324/1689/1689 1312/1478/1478 1308/1489/1489 1325/1372/1372 1326/1050/1050 1327/1690/1690
f 437/568/568 430/575/575 439/569/569
f 1331/1493/1493 1333/1777/1777 1332/1668/1668
f 1575/580/580 1824/1792/1792 1823/1824/1824 1822/1511/1511 1553/1510/1510
f 1296/1480/1480 1295/1465/1465 1294/1464/1464 1301/1471/1471
f 1716/1501/1501 1717/1532/1532 1710/1502/1502
f 1715/1500/1500 1684/1701/1701 1683/1525/1525
f 883/1066/1066 882/1065/1065 1645/1482/1482 884/1432/1432
f 823/1002/1002 895/1080/1080 805/995/995
f 270/1136/1136 935/1135/1135 249/323/323
f 1689/1840/1840 1813/1841/1841 1812/1519/1519 1729/1518/1518 1814/1527/1527 1674/1526/1526
f 611/565/565 981/1177/1177 293/395/395 610/566/566
f 1462/1799/1799 1464/1798/1798 1460/1834/1834 1461/1833/1833
f 988/1193/1193 992/1192/1192 989/1808/1808
f 558/659/659 564/737/737 577/752/752
f 153/1081/1081 152/191/191 157/199/199 156/198/198
f 619/911/911 620/700/700 600/790/790
f 830/1007/1007 890/1073/1073 891/847/847 829/1006/1006
f 1673/1702/1702 1683/1525/1525 1672/1700/1700
f 572/872/872 573/1404/1404 574/1838/1838 575/1805/1805
f 1253/1417/1417 554/223/223 557/660/660
f 959/1161/1161 681/861/861 957/1152/1152
f 1013/415/415 1015/1206/1206 1014/1205/1205
f 1332/1668/1668 1507/1679/1679 1511/1794/1794
f 1033/1086/1086 1032/1224/1224 1031/1223/1223 1034/1084/1084
f 1394/1438/1438 1410/1440/1440 1395/1117/1117 1392/1116/1116
f 648/1001/1001 650/756/756 647/1836/1836
f 1120/1332/1332 1121/1287/1287 1122/24/24 1106/754/754
f 249/323/323 241/316/316 240/315/315 250/343/343
f 801/984/984 804/996/996 805/995/995 806/993/993
f 769/954/954 417/13/13 420/548/548 434/562/562
f 185/232/232 190/234/234 187/229/229
f 891/847/847 888/846/846 892/1077/1077 829/1006/1006
f 1233/1088/1088 1225/1090/1090 1231/137/137
f 1224/1813/1813 503/636/636 512/644/644
f 1225/1090/1090 1224/1813/1813 512/644/644
f 220/270/270 219/274/274 223/284/284 203/252/252
f 191/235/235 196/240/240 197/241/241 186/233/233
f 386/1823/1823 387/1780/1780 388/57/57 385/1646/1646
f 9/35/35 305/419/419 27/36/36
f 267/357/357 276/356/356 273/355/355
f 309/425/425 307/430/430 310/433/433
f 180/225/225 181/319/319 179/1567/1567
f 1680/517/517 1819/1504/1504 1817/1783/1783 1679/518/518
f 1795/1563/1563 1794/311/311 1792/1144/1144
f 1695/1179/1179 1789/1578/1578 1790/1536/1536 1784/1453/1453
f 1473/1415/1415 1474/1414/1414 1478/1643/1643 1472/1631/1631 1455/1615/1615
f 298/424/424 591/769/769 284/371/371 114/151/151
f 1791/1314/1314 1783/1313/1313 1788/1430/1430 1747/408/408
f 1361/530/530 1363/1528/1528 1388/1554/1554
f 738/1067/1067 735/914/914 732/671/671 636/670/670
f 288/382/382 294/402/402 301/805/805 290/389/389
f 1767/1605/1605 1769/1201/1201 1766/1555/1555
f 20/25/25 35/75/75 34/61/61 33/54/54 19/21/21
f 1612/1744/1744 1589/1743/1743 1590/397/397 1614/1170/1170 1613/1754/1754
f 1748/1565/1565 1750/663/663 1800/904/904
f 1407/1576/1576 1415/1585/1585 1421/1587/1587
f 681/861/861 959/1161/1161 680/860/860 678/499/499
f 106/1776/1776 299/1815/1815 107/143/143
f 1416/1573/1573 1415/1585/1585 1407/1576/1576 1408/1353/1353
f 63/89/89 80/104/104 60/86/86 59/85/85
f 699/880/880 701/879/879 1188/292/292
f 668/851/851 659/778/778 660/844/844 663/1003/1003
f 1161/1325/1325 1771/902/902 1774/1200/1200 1769/1201/1201
f 1108/1279/1279 1086/130/130 1085/1264/1264
f 298/424/424 114/151/151 108/144/144 285/1814/1814 300/1398/1398
f 84/115/115 146/190/190 152/191/191 85/116/116
f 132/27/27 133/174/174 143/188/188
f 1318/1483/1483 1320/1580/1580 1283/1455/1455
f 676/858/858 683/863/863 684/862/862 685/1150/1150
f 709/894/894 720/866/866 708/266/266
f 167/211/211 165/210/210 166/209/209 210/259/259
f 1212/1384/1384 1204/781/781 922/1374/1374 1214/1386/1386
f 1458/1831/1831 1470/1413/1413 1463/1620/1620 1457/1616/1616 1456/1614/1614
f 1476/1640/1640 1474/1414/1414 1470/1413/1413 1464/1798/1798 1466/708/708 1475/707/707
f 934/1134/1134 925/1125/1125 248/322/322 935/1135/1135
f 491/1389/1389 486/624/624 487/629/629
f 1701/1835/1835 1686/1842/1842 1559/1718/1718 1562/1717/1717 1563/1720/1720 1671/1698/1698 1678/1699/1699 1709/1676/1676
f 1209/1380/1380 1207/204/204 1208/1377/1377 1210/1382/1382
f 778/966/966 777/1825/1825 776/1790/1790 436/967/967
f 229/305/305 234/312/312 235/320/320 233/304/304
f 1005/1360/1360 1004/1796/1796 1003/1789/1789
f 692/1635/1635 689/870/870 687/865/865
f 689/870/870 688/869/869 687/865/865
f 144/295/295 228/296/296 227/294/294 155/196/196
f 388/57/57 394/1719/1719 759/840/840 392/937/937 385/1646/1646
f 1245/1407/1407 1239/1031/1031 1240/1030/1030 1230/1399/1399 1232/1089/1089
f 1707/1460/1460 1685/1672/1672 1711/1186/1186 1713/493/493 1714/970/970
f 626/823/823 622/815/815 621/813/813 627/66/66
f 1445/1221/1221 1478/1643/1643 1448/1602/1602
f 169/213/213 167/211/211 209/258/258
f 268/342/342 239/324/324 266/341/341
f 1158/1322/1322 1766/1555/1555 1765/1556/1556
f 365/500/500 362/495/495 363/496/496
f 1009/1788/1788 1190/1357/1357 1012/414/414
f 1829/1329/1329 1569/1331/1331 1584/1487/1487
f 1299/1785/1785 1316/1793/1793 1289/1183/1183 1290/1826/1826 1291/1839/1839 1293/1786/1786
f 1259/1763/1763 1261/1806/1806 575/1805/1805 574/1838/1838 1257/1406/1406 1258/1405/1405
f 711/895/895 712/896/896 706/898/898 704/886/886 707/264/264
f 548/710/710 555/658/658 550/714/714
f 1341/1508/1508 1342/1513/1513 1344/829/829 1343/1658/1658 1338/1507/1507
f 1621/1756/1756 1620/1755/1755 1622/1758/1758 1623/1757/1757
f 155/196/196 152/191/191 146/190/190
f 1442/1610/1610 1443/1598/1598 1441/1597/1597 1438/1187/1187 1439/1549/1549 1440/1611/1611
f 1103/1274/1274 1091/306/306 1089/1275/1275
f 1284/1184/1184 1288/1461/1461 1283/1455/1455
f 328/448/448 329/1401/1401 354/512/512 353/926/926
f 175/218/218 182/1726/1726 174/216/216
f 1453/1609/1609 1451/1606/1606 1440/1611/1611 1381/1547/1547
f 380/516/516 381/1123/1123 379/515/515
f 458/598/598 799/928/928 786/927/927
f 34/61/61 45/74/74 36/59/59
f 1595/1736/1736 1481/1443/1443 1477/1445/1445
f 1497/1251/1251 1483/1215/1215 1500/958/958
f 513/245/245 514/247/247 516/647/647
f 1158/1322/1322 1764/1559/1559 1762/1617/1617
f 1746/1569/1569 1797/903/903 1796/1830/1830 1747/408/408 1745/410/410 1744/1632/1632
f 177/227/227 178/226/226 179/1567/1567 176/1843/1843
f 1379/1545/1545 1382/1548/1548 1375/1537/1537
f 1722/574/574 1723/573/573 1731/1650/1650 1732/1647/1647
f 1552/581/581 1575/580/580 1553/1510/1510
f 5/4/4 10/30/30 11/14/14
f 103/140/140 105/142/142 98/1059/1059 91/139/139
f 1792/1144/1144 1747/408/408 1796/1830/1830 1795/1563/1563
f 720/866/866 643/891/891 721/1512/1512 1278/867/867
f 163/207/207 162/165/165 212/278/278 211/271/271 166/209/209
f 1510/1674/1674 1508/1669/1669 1511/1794/1794 1513/1692/1692 1517/1684/1684
f 477/630/630 487/629/629 486/624/624 476/616/616 470/615/615
f 1833/1592/1592 893/1078/1078 1834/1173/1173
f 1636/934/934 1638/1048/1048 1637/1047/1047 873/1244/1244
f 1667/718/718 1286/1209/1209 1275/1284/1284 1668/1696/1696
f 431/563/563 430/575/575 437/568/568 426/555/555
f 324/445/445 325/411/411 748/922/922
f 520/655/655 525/1782/1782 517/451/451 519/450/450
f 507/287/287 1223/1821/1821 1226/1402/1402 1227/281/281 1222/280/280
f 1593/1051/1051 1597/1053/1053 1599/299/299 1592/1683/1683 1579/1361/1361
f 174/216/216 177/227/227 176/1843/1843 172/217/217
f 1174/1345/1345 1172/1342/1342 1173/1254/1254
f 354/512/512 377/513/513 353/926/926
f 591/769/769 590/768/768 592/773/773
f 1700/1828/1828 1669/1410/1410 1559/1718/1718 1686/1842/1842 1701/1835/1835
f 267/357/357 274/353/353 272/349/349 268/342/342
f 740/334/334 741/917/917 742/918/918 909/1103/1103 910/332/332
f 1025/1844/1844 1022/1759/1759 1024/1233/1233 1026/750/750
f 1415/1585/1585 1430/1216/1216 1484/1250/1250 1429/1588/1588
f 778/966/966 901/1091/1091 900/1087/1087 902/1092/1092
f 450/589/589 452/595/595 451/590/590
f 1652/1730/1730 1651/1733/1733 1654/1732/1732 1655/1728/1728
f 1674/1526/1526 1675/1812/1812 1676/1811/1811 1681/1797/1797
f 412/545/545 409/520/520 410/540/540 413/544/544
f 635/1768/1768 625/890/890 626/823/823
f 1406/1462/1462 1400/1095/1095 1398/1229/1229 1407/1576/1576
f 537/685/685 531/1781/1781 520/655/655 532/675/675
f 65/753/753 25/33/33 66/95/95 67/1818/1818
f 1583/1820/1820 1584/1487/1487 1581/1568/1568
f 1133/1297/1297 1140/22/22 1122/24/24
f 151/195/195 160/205/205 161/167/167 149/166/166
f 251/325/325 266/341/341 239/324/324
f 1149/541/541 1099/1271/1271 1147/1311/1311
f 595/800/800 588/766/766 586/764/764 596/699/699
f 121/160/160 125/164/164 122/161/161
f 1197/1366/1366 1194/1359/1359 1192/291/291 1198/1365/1365
f 421/549/549 423/554/554 422/556/556
f 406/538/538 404/536/536 405/539/539
f 1405/1241/1241 1425/673/673 1493/1659/1659 1402/275/275
f 1590/397/397 1589/1743/1743 1582/1452/1452 1576/1101/1101
f 956/808/808 955/406/406 682/1151/1151 677/859/859
f 751/1211/1211 750/1210/1210 378/514/514
f 1384/1189/1189 1393/1577/1577 1385/1261/1261
f 1813/1841/1841 1689/1840/1840 1815/1521/1521
f 764/947/947 762/941/941 763/942/942
f 1835/1448/1448 1839/1435/1435 1833/1592/1592
f 1089/1275/1275 1090/1771/1771 1080/1795/1795
f 1115/1343/1343 1172/1342/1342 1175/469/469 1171/471/471 1116/1422/1422
f 1709/1676/1676 1707/1460/1460 1706/1677/1677 1701/1835/1835
f 1234/386/386 526/668/668 513/245/245 517/451/451 525/1782/1782 531/1781/1781 537/685/685 1235/1400/1400
f 1487/1721/1721 1488/1661/1661 1494/1277/1277
f 206/255/255 218/272/272 219/274/274 220/270/270
f 1538/1619/1619 1556/374/374 1557/1807/1807 1537/1706/1706
f 393/532/532 760/531/531 394/1719/1719
f 872/1804/1804 874/1054/1054 875/1056/1056 871/1045/1045 840/1021/1021
f 1660/1723/1723 1659/44/44 1772/46/46 1653/1731/1731 1657/1725/1725
f 770/955/955 769/954/954 434/562/562
f 1123/1289/1289 1124/1288/1288 1651/1733/1733 1652/1730/1730 1164/1734/1734 1125/1327/1327 1126/1291/1291 1121/1287/1287
f 1649/702/702 1648/771/771 1639/1738/1738
f 904/1099/1099 910/332/332 906/1098/1098 777/1825/1825
f 490/627/627 488/625/625 1632/1111/1111
f 1437/1188/1188 1418/1582/1582 1414/1572/1572 1393/1577/1577
f 1075/653/653 1085/1264/1264 1084/129/129
f 558/659/659 562/735/735 564/737/737
f 1482/795/795 1539/1703/1703 1531/1809/1809 1524/221/221 1483/1215/1215
f 1349/1013/1013 1357/888/888 1348/529/529 1347/1837/1837
f 1163/1328/1328 1652/1730/1730 1653/1731/1731 1162/1326/1326
f 938/1418/1418 943/939/939 944/1168/1168 939/1138/1138
f 1547/1712/1712 1548/250/250 1545/1711/1711
f 1582/1452/1452 1601/1032/1032 1588/1034/1034 1572/1727/1727
f 355/486/486 354/512/512 329/1401/1401 330/480/480
f 1710/1502/1502 1684/1701/1701 1715/1500/1500
f 995/1801/1801 994/1203/1203 1001/1202/1202
f 1546/1715/1715 1552/581/581 1540/1708/1708
f 1561/1713/1713 1671/1698/1698 1563/1720/1720
f 984/1634/1634 687/865/865 693/873/873 985/1198/1198 692/1635/1635
f 617/814/814 616/423/423 607/804/804 603/801/801
f 734/1761/1761 894/1079/1079 893/1078/1078 1832/1434/1434 1831/1433/1433
f 1596/706/706 1467/1626/1626 1471/1819/1819 1595/1736/1736
f 1639/1738/1738 1648/771/771 1641/770/770 1640/1751/1751 1638/1048/1048 1636/934/934
f 1681/1797/1797 1682/1522/1522 1689/1840/1840 1674/1526/1526
f 1027/1217/1217 1025/1844/1844 1026/750/750
f 1060/983/983 1183/346/346 1181/1043/1043
f 1681/1797/1797 1676/1811/1811 1679/518/518
f 1050/1239/1239 1052/1395/1395 1043/1803/1803 1051/1810/1810 1044/749/749
f 378/514/514 750/1210/1210 748/922/922 326/413/413 749/1608/1608
f 1758/1613/1613 1759/1628/1628 1760/1618/1618
f 1301/1471/1471 1322/783/783 1321/1817/1817 1314/1481/1481 1296/1480/1480
f 68/94/94 22/55/55 65/753/753 67/1818/1818
f 1682/1522/1522 1815/1521/1521 1689/1840/1840
f 575/1805/1805 1256/1429/1429 576/1204/1204 570/746/746 571/747/747 572/872/872
f 819/363/363 820/999/999 828/1005/1005 821/1000/1000
f 7/37/37 9/35/35 10/30/30 6/5/5 2/1/1
f 929/1129/1129 928/1128/1128 927/1127/1127 937/1137/1137
f 969/1822/1822 965/632/632 962/634/634 943/939/939 973/938/938
f 1795/1563/1563 1798/905/905 1801/1562/1562 1802/309/309
f 838/1023/1023 837/1019/1019 483/621/621 489/626/626
f 143/188/188 144/295/295 146/190/190 87/28/28
f 1200/682/682 1202/782/782 1213/1385/1385 1201/959/959
f 1074/1253/1253 1177/1346/1346 1174/1345/1345 1173/1254/1254
f 1446/1600/1600 1433/1025/1025 1434/1024/1024
f 877/1750/1750 1640/1751/1751 1641/770/770
f 894/1079/1079 823/1002/1002 824/484/484 893/1078/1078
f 644/892/892 708/266/266 646/265/265
f 873/1244/1244 1637/1047/1047 872/1804/1804
f 302/1816/1816 299/1815/1815 106/1776/1776 303/417/417
