# Blender 4.4.0
# www.blender.org
mtllib Covered5.mtl
o Covered5
v -0.194445 0.185834 -0.243458
v -0.260261 0.106335 -0.275322
v -0.273424 0.133200 -0.277654
v -0.288342 0.143617 -0.286980
v -0.266404 0.106335 -0.282317
v -0.242710 0.070149 -0.286980
v -0.193568 0.026836 -0.304078
v -0.173384 0.044381 -0.281540
v -0.125997 0.049863 -0.272214
v -0.117222 0.068504 -0.259002
v -0.136528 0.112914 -0.252784
v -0.187425 0.349218 -0.219366
v -0.187425 0.526857 -0.201490
v -0.165486 0.698465 -0.181284
v -0.154956 0.216537 -0.239572
v -0.105814 0.098111 -0.250453
v -0.103181 0.081115 -0.245012
v -0.118099 0.041091 -0.269105
v -0.151446 0.018612 -0.309518
v -0.171629 0.016419 -0.325062
v -0.197078 0.012581 -0.327394
v -0.215506 0.025739 -0.320399
v -0.233935 0.052056 -0.304855
v -0.251486 0.088790 -0.289312
v -0.264648 0.111818 -0.295529
v -0.290975 0.138134 -0.301747
v -0.275179 0.122235 -0.304078
v -0.291852 0.138683 -0.334388
v -0.266404 0.126073 -0.363921
v -0.210241 0.099207 -0.326616
v -0.202343 0.088242 -0.318845
v -0.212874 0.077277 -0.308741
v -0.230424 0.063570 -0.304855
v -0.169874 0.058087 -0.345269
v -0.190935 0.076180 -0.336720
v -0.204976 0.087694 -0.332834
v -0.241833 0.099756 -0.367030
v -0.222526 0.043284 -0.351486
v -0.198833 0.044929 -0.353041
v -0.166364 0.054798 -0.369361
v -0.210241 0.009840 -0.397340
v -0.240077 0.013678 -0.366253
v -0.220772 0.000519 -0.412106
v -0.148813 0.001616 -0.493710
v -0.184793 0.029577 -0.415215
v -0.140915 0.018612 -0.489824
v -0.169874 0.036157 -0.418324
v -0.147936 0.033964 -0.443971
v -0.147058 0.039446 -0.399671
v -0.116344 0.021353 -0.471172
v -0.142670 0.032867 -0.394231
v -0.112834 0.014774 -0.464955
v -0.118099 0.008743 -0.462623
v -0.144426 0.022450 -0.401226
v -0.137405 0.012581 -0.464955
v -0.169874 0.041639 -0.350709
v -0.176895 0.025739 -0.369361
v -0.157588 0.014226 -0.433867
v -0.145303 0.009291 -0.464177
v -0.125120 0.024643 -0.478944
v -0.204976 0.028481 -0.342937
v -0.191812 0.002164 -0.364698
v -0.175139 0.002164 -0.346046
v -0.159343 0.004357 -0.328171
v -0.133895 0.009840 -0.282317
v -0.111079 0.049863 -0.249676
v -0.193568 0.018612 -0.363144
v -0.174262 -0.000029 -0.368584
v -0.117222 0.003260 -0.269105
v -0.120732 0.027933 -0.246567
v -0.144426 0.001067 -0.438530
v -0.056671 0.001067 -0.322731
v -0.086508 0.002164 -0.287757
v -0.039998 0.003260 -0.328948
v -0.047896 0.030674 -0.297084
v -0.032100 0.014774 -0.313404
v -0.021570 0.033964 -0.301747
v -0.068079 0.041091 -0.234909
v -0.018937 0.031222 -0.296306
v -0.039998 0.031222 -0.265996
v -0.025080 0.019709 -0.294752
v -0.046141 0.010936 -0.288535
v -0.043508 0.006002 -0.298638
v -0.028590 -0.000577 -0.293198
v -0.063691 0.009840 -0.250453
v -0.068957 0.025191 -0.231023
v -0.088263 0.042736 -0.199936
v -0.100548 0.048767 -0.202268
v -0.100548 0.042188 -0.221697
v -0.103181 0.017515 -0.247344
v -0.118977 0.043284 -0.215480
v -0.119854 0.058636 -0.210039
v -0.111079 0.096466 -0.211594
v -0.098793 0.126073 -0.234909
v -0.099671 0.215440 -0.241127
v -0.106691 0.256012 -0.245790
v -0.119854 0.374986 -0.243458
v -0.154956 0.373342 -0.224029
v -0.158466 0.617321 -0.192164
v -0.145303 0.438037 -0.223251
v -0.128630 0.421041 -0.238018
v -0.114589 0.409527 -0.240349
v -0.103181 0.395272 -0.234132
v -0.100548 0.458323 -0.234132
v -0.108446 0.519181 -0.238018
v -0.144426 0.559753 -0.207708
v -0.147058 0.786736 -0.167294
v -0.126875 0.870073 -0.157191
v -0.148813 0.872814 -0.155637
v -0.174262 0.814149 -0.167294
v -0.119854 0.648024 -0.220143
v -0.111079 0.685855 -0.216257
v -0.115466 0.758774 -0.203822
v -0.111079 0.803184 -0.196050
v -0.104058 0.765353 -0.206153
v -0.103181 0.666665 -0.216257
v -0.106691 0.635962 -0.226360
v -0.102303 0.587166 -0.224029
v -0.097038 0.627190 -0.215480
v -0.100548 0.589359 -0.206931
v -0.100548 0.449551 -0.221697
v -0.100548 0.287812 -0.237241
v -0.099671 0.236275 -0.231023
v -0.098793 0.192961 -0.227137
v -0.111079 0.133200 -0.204599
v -0.110201 0.099756 -0.194496
v -0.113711 0.061925 -0.195273
v -0.104058 0.057539 -0.189833
v -0.083875 0.051508 -0.190610
v -0.070712 0.024095 -0.210817
v -0.046141 0.001067 -0.247344
v -0.010162 -0.000029 -0.243458
v 0.004757 0.000519 -0.281540
v -0.048773 0.007647 -0.229469
v -0.024202 0.007647 -0.230246
v 0.010899 0.007647 -0.233355
v 0.027573 0.013678 -0.248121
v 0.022307 0.001067 -0.267551
v 0.045124 0.017515 -0.234909
v 0.039858 0.001616 -0.241127
v 0.036348 0.024643 -0.163408
v 0.029328 0.012033 -0.189833
v 0.018797 0.001067 -0.213925
v -0.009284 0.014774 -0.184392
v 0.025818 0.016967 -0.153305
v 0.011777 0.014226 -0.143202
v 0.020552 0.024095 -0.120664
v -0.011039 0.004357 -0.176621
v 0.024062 0.014226 -0.119886
v 0.032838 0.029029 -0.220920
v 0.033716 0.038898 -0.203045
v 0.024940 0.000519 -0.144756
v -0.000509 -0.000029 -0.177398
v 0.235550 0.001616 -0.202268
v 0.260999 0.001616 -0.238018
v 0.153939 0.002712 -0.152528
v 0.053022 0.005454 -0.129213
v 0.024062 0.034512 -0.109006
v 0.037226 0.047670 -0.108229
v 0.113572 0.012581 -0.137762
v 0.135510 0.009840 -0.141647
v 0.144286 0.031222 -0.142425
v 0.118837 0.050412 -0.150974
v 0.027573 0.082759 -0.107451
v 0.016165 0.076728 -0.113669
v 0.018797 0.048767 -0.117555
v 0.030205 0.029029 -0.151751
v 0.020552 0.047122 -0.204599
v 0.011777 0.030674 -0.220920
v -0.006651 0.051508 -0.201490
v -0.022447 0.060280 -0.200713
v -0.011039 0.055346 -0.178952
v -0.009284 0.056991 -0.159523
v 0.021430 0.041091 -0.140870
v 0.014410 0.062473 -0.131544
v -0.013672 0.078922 -0.142425
v -0.023325 0.070149 -0.174289
v -0.044386 0.126073 -0.178952
v -0.047896 0.150196 -0.154082
v -0.004019 0.095370 -0.121441
v 0.010022 0.106883 -0.113669
v -0.047896 0.184189 -0.151751
v -0.027712 0.189672 -0.148642
v 0.049511 0.179803 -0.145533
v 0.042491 0.092080 -0.118332
v 0.063552 0.231340 -0.162631
v 0.048634 0.220375 -0.156414
v -0.057549 0.222020 -0.157191
v 0.086368 0.268074 -0.185947
v 0.072327 0.313580 -0.182838
v 0.096899 0.156227 -0.171957
v 0.105674 0.214892 -0.182061
v 0.102164 0.277943 -0.188278
v 0.111817 0.295487 -0.183615
v 0.090756 0.320160 -0.188278
v 0.123225 0.181448 -0.171180
v 0.134633 0.229147 -0.164963
v 0.164469 0.152938 -0.143202
v 0.166224 0.097014 -0.128435
v 0.172367 0.061925 -0.129213
v 0.165347 0.035060 -0.135430
v 0.168857 0.018612 -0.140093
v 0.220632 0.013678 -0.169626
v 0.246081 0.012581 -0.192941
v 0.253101 0.012581 -0.217811
v 0.262754 0.009840 -0.246567
v 0.232918 0.031222 -0.188278
v 0.249591 0.007098 -0.259779
v 0.217999 0.001616 -0.255893
v 0.230285 -0.000029 -0.275322
v 0.201326 0.000519 -0.299415
v 0.206591 0.003260 -0.262888
v 0.196938 0.007647 -0.309518
v 0.207469 0.018612 -0.209262
v 0.199571 0.031770 -0.190610
v 0.228530 0.063022 -0.161854
v 0.242570 0.031222 -0.181284
v 0.237305 0.040543 -0.161854
v 0.200448 0.060280 -0.134653
v 0.182898 0.079470 -0.130767
v 0.183775 0.134845 -0.133098
v 0.152184 0.224213 -0.157968
v 0.096899 0.379373 -0.192941
v 0.080225 0.374438 -0.195273
v -0.057549 0.442423 -0.161077
v -0.068957 0.318515 -0.162631
v -0.066324 0.219278 -0.171180
v -0.057549 0.169386 -0.176621
v -0.056671 0.172127 -0.214702
v -0.019814 0.073987 -0.225583
v -0.008407 0.052605 -0.234909
v -0.029468 0.067408 -0.238795
v -0.032978 0.098111 -0.233355
v -0.061059 0.178158 -0.224029
v -0.061059 0.152938 -0.231023
v 0.221509 0.071246 -0.147865
v -0.077732 0.253271 -0.217811
v -0.076855 0.298777 -0.204599
v -0.066324 0.230792 -0.203045
v -0.083875 0.378824 -0.184392
v -0.079487 0.368955 -0.172735
v -0.074222 0.398014 -0.167294
v -0.076855 0.459968 -0.164963
v -0.096161 0.501088 -0.172735
v -0.093528 0.387597 -0.192941
v -0.082120 0.531791 -0.163409
v -0.108446 0.523019 -0.171958
v -0.107569 0.417203 -0.188278
v -0.104058 0.381017 -0.196827
v -0.090895 0.348669 -0.203822
v -0.090895 0.298777 -0.208485
v -0.085630 0.249433 -0.217811
v -0.111956 0.300422 -0.190610
v -0.118977 0.392531 -0.188278
v -0.114589 0.530146 -0.176621
v -0.097916 0.577846 -0.165740
v -0.073345 0.654055 -0.161077
v -0.075977 0.706689 -0.161077
v -0.061059 0.841563 -0.159523
v -0.028590 0.913386 -0.157191
v -0.101426 0.604163 -0.169626
v -0.109324 0.595939 -0.179729
v -0.104936 0.624448 -0.189833
v -0.093528 0.661731 -0.171958
v -0.118977 0.512053 -0.188278
v -0.122487 0.310839 -0.194496
v -0.116344 0.224761 -0.200713
v -0.107569 0.322353 -0.216257
v -0.114589 0.206668 -0.194496
v -0.109324 0.220375 -0.187501
v -0.094406 0.090435 -0.186724
v -0.118099 0.268622 -0.185947
v -0.101426 0.224761 -0.190610
v -0.072467 0.158969 -0.225583
v -0.050528 0.083856 -0.228692
v -0.068079 0.084404 -0.204599
v -0.049651 0.047122 -0.211594
v -0.079487 0.081663 -0.192164
v -0.014549 0.018612 -0.231800
v -0.319056 0.177610 -0.350709
v -0.290975 0.148552 -0.363921
v -0.320812 0.179255 -0.381796
v -0.313791 0.154034 -0.386459
v -0.257628 0.087146 -0.374024
v -0.242710 0.030126 -0.359258
v -0.273424 0.069601 -0.370916
v -0.330464 0.158969 -0.380242
v -0.274302 0.049315 -0.360035
v -0.322566 0.085501 -0.337497
v -0.357668 0.160065 -0.336720
v -0.277812 0.033415 -0.356149
v -0.277812 0.021902 -0.363921
v -0.326954 0.054249 -0.350709
v -0.304138 0.016419 -0.388014
v -0.292730 0.003260 -0.407443
v -0.333097 0.070697 -0.339051
v -0.355913 0.046025 -0.358481
v -0.358545 0.030674 -0.368584
v -0.346260 0.015871 -0.400449
v -0.314669 0.004357 -0.421433
v -0.283077 -0.000029 -0.426096
v -0.152324 -0.000029 -0.496819
v -0.285710 0.000519 -0.590081
v -0.304138 0.005454 -0.551999
v -0.308526 0.007647 -0.606402
v -0.315546 0.013129 -0.572983
v -0.320812 0.012033 -0.597852
v -0.328709 0.012581 -0.562879
v -0.343627 0.003809 -0.624277
v -0.386627 -0.000029 -0.469618
v -0.351525 0.001067 -0.531792
v -0.391892 0.002164 -0.434645
v -0.365566 0.009291 -0.467286
v -0.349770 0.025191 -0.478944
v -0.408565 0.013129 -0.397340
v -0.417341 0.001616 -0.428427
v -0.442790 0.003260 -0.460292
v -0.428749 0.008195 -0.496042
v -0.417341 -0.000577 -0.524020
v -0.436647 0.001067 -0.611842
v -0.452443 0.001067 -0.618059
v -0.482279 0.016967 -0.548113
v -0.441912 0.001067 -0.567542
v -0.462973 0.001067 -0.533347
v -0.476136 0.006002 -0.512363
v -0.453320 0.001616 -0.482053
v -0.477891 0.006550 -0.489047
v -0.501585 0.014774 -0.506145
v -0.523523 0.001067 -0.510808
v -0.506850 0.000519 -0.576091
v -0.552482 -0.000577 -0.657695
v -0.492809 0.001616 -0.683342
v -0.548095 0.007098 -0.688783
v -0.559502 0.012033 -0.700440
v -0.418219 0.020257 -0.398117
v -0.423483 0.012033 -0.421433
v -0.606890 0.003809 -0.684119
v -0.641991 0.016967 -0.664690
v -0.586707 0.012581 -0.699663
v -0.616543 0.024643 -0.674793
v -0.633216 0.032319 -0.656918
v -0.606890 0.024643 -0.660027
v -0.585829 0.003809 -0.650701
v -0.613910 0.000519 -0.665467
v -0.624440 0.006002 -0.639820
v -0.726235 0.010936 -0.616505
v -0.712195 0.021353 -0.630494
v -0.728868 0.003809 -0.618059
v -0.634971 0.001067 -0.640597
v -0.650767 -0.000577 -0.653032
v -0.740276 0.001067 -0.621168
v -0.758704 0.021902 -0.603293
v -0.727113 0.032319 -0.626608
v -0.720093 0.034512 -0.622722
v -0.776255 0.043284 -0.586972
v -0.789419 0.031222 -0.601738
v -0.759582 0.004905 -0.652255
v -0.749929 -0.000029 -0.667799
v -0.787664 0.000519 -0.702772
v -0.789419 -0.000577 -0.764169
v -0.815745 -0.000577 -0.734636
v -0.813990 0.001067 -0.719093
v -0.836806 -0.000029 -0.701995
v -0.802581 0.009291 -0.689560
v -0.779766 0.019160 -0.647592
v -0.796439 0.014226 -0.652255
v -0.812235 0.001616 -0.648369
v -0.913152 -0.000577 -0.395008
v -0.963171 -0.000029 -0.374024
v -0.995640 0.000519 -0.341383
v -0.944743 0.004905 -0.349155
v -0.899111 0.000519 -0.357704
v -0.888581 0.002164 -0.412884
v -0.854357 0.004357 -0.475058
v -0.827152 0.001067 -0.534124
v -0.809602 0.010936 -0.531015
v -0.808724 0.011484 -0.615728
v -0.821010 0.024643 -0.495265
v -0.867519 0.015322 -0.412106
v -0.795561 0.038898 -0.582309
v -0.806969 0.014774 -0.562879
v -0.790296 0.031222 -0.528683
v -0.828908 0.020805 -0.466509
v -0.772745 0.046574 -0.576869
v -0.763970 0.039446 -0.570651
v -0.786786 0.027933 -0.519357
v -0.809602 0.006550 -0.480498
v -0.856112 0.013129 -0.409775
v -0.867519 0.003260 -0.359258
v -0.764847 0.010936 -0.545004
v -0.789419 -0.000029 -0.490602
v -0.815745 -0.000577 -0.426873
v -0.845581 0.001067 -0.365475
v -0.890335 0.007098 -0.328948
v -0.881560 -0.000029 -0.296306
v -0.964927 -0.000029 -0.301747
v -1.007049 0.003260 -0.304078
v -0.998273 0.007098 -0.292421
v -1.008804 0.007647 -0.280763
v -0.984233 0.017515 -0.272214
v -1.000906 0.008743 -0.240349
v -0.977212 0.003261 -0.220143
v -0.960539 0.001616 -0.180506
v -0.921050 0.004357 -0.150974
v -0.910519 0.001616 -0.142425
v -0.903499 0.020257 -0.149419
v -0.883316 0.001067 -0.139316
v -0.862254 0.010388 -0.154859
v -0.824520 0.009291 -0.163408
v -0.701664 0.002712 -0.195273
v -0.732378 0.021902 -0.199936
v -0.720093 0.138134 -0.217034
v -0.694644 0.003261 -0.189055
v -0.693766 0.131007 -0.182061
v -0.692011 0.062473 -0.175066
v -0.694644 0.004357 -0.179729
v -0.697276 0.057539 -0.160300
v -0.707807 0.008195 -0.154082
v -0.725358 0.013678 -0.128435
v -0.723603 0.230792 -0.123772
v -0.731501 0.017515 -0.108229
v -0.728868 0.095918 -0.102788
v -0.729745 0.019709 -0.091908
v -0.720093 0.220375 -0.103566
v -0.721848 0.021902 -0.078696
v -0.692011 0.035608 -0.055380
v -0.684991 0.026836 -0.044500
v -0.692889 0.266978 -0.074033
v -0.712195 0.285070 -0.102011
v -0.716583 0.279588 -0.123772
v -0.681481 0.028481 -0.029733
v -0.677971 0.182544 -0.029733
v -0.684114 0.030674 -0.014190
v -0.683236 0.484092 -0.084913
v -0.694644 0.571266 -0.139316
v -0.713950 0.288908 -0.140870
v -0.683236 0.567977 -0.179729
v -0.679726 0.649669 -0.171958
v -0.677093 0.661731 -0.190610
v -0.676216 0.679275 -0.119109
v -0.682359 0.605259 -0.109006
v -0.677971 0.653507 -0.098903
v -0.692011 0.032319 -0.002532
v -0.676216 0.674341 0.012234
v -0.681481 0.654055 0.027778
v -0.693766 0.456678 0.016120
v -0.704297 0.034512 0.007571
v -0.747297 0.041639 0.028555
v -0.738521 0.165548 0.028555
v -0.757827 0.043284 0.039436
v -0.747297 0.180899 0.046430
v -0.740276 0.226954 0.037104
v -0.735888 0.299325 0.054202
v -0.734133 0.346476 0.046430
v -0.756949 0.058087 0.054979
v -0.741154 0.189672 0.061974
v -0.748174 0.062473 0.066637
v -0.728868 0.239016 0.067414
v -0.739399 0.044381 0.072854
v -0.756949 0.044929 0.061974
v -0.731501 0.322353 0.060420
v -0.708685 0.549884 0.043322
v -0.698154 0.600873 0.058865
v -0.691133 0.552625 0.078295
v -0.709562 0.364021 0.072077
v -0.694644 0.263140 0.076740
v -0.706930 0.217633 0.073632
v -0.701664 0.042736 0.077518
v -0.693766 0.181448 0.078295
v -0.686746 0.042188 0.082181
v -0.685869 0.239564 0.084512
v -0.677971 0.041639 0.090730
v -0.673583 0.041091 0.101610
v -0.677971 0.225857 0.108605
v -0.674460 0.040543 0.111713
v -0.681481 0.039446 0.125703
v -0.707807 0.036705 0.156013
v -0.712195 0.098659 0.171556
v -0.714828 0.035060 0.175442
v -0.707807 0.257657 0.183214
v -0.713950 0.033415 0.190209
v -0.708685 0.145810 0.197980
v -0.706052 0.031770 0.204975
v -0.676216 0.026288 0.233731
v -0.668318 0.024643 0.245388
v -0.703419 0.236275 0.161453
v -0.685869 0.429265 0.144355
v -0.681481 0.585521 0.197980
v -0.688501 0.550432 0.173888
v -0.680603 0.593197 0.153681
v -0.679726 0.262591 0.094615
v -0.681481 0.590456 0.089175
v -0.677971 0.619514 0.103164
v -0.677093 0.657345 0.205752
v -0.663930 0.022450 0.260932
v -0.666562 0.019709 0.277253
v -0.678848 0.245595 0.281916
v -0.676216 0.015871 0.292797
v -0.693766 0.011485 0.305231
v -0.676216 0.568525 0.248497
v -0.677093 0.672696 0.078295
v -0.672705 0.697368 0.032441
v -0.669195 0.705044 -0.231800
v -0.663052 0.713816 -0.075587
v -0.678848 0.302067 0.281916
v -0.658664 0.716009 -0.241904
v -0.654277 0.717106 -0.269105
v -0.667440 0.696820 -0.279208
v -0.649889 0.713268 -0.289312
v -0.625318 0.730264 -0.252784
v -0.675338 0.671600 -0.265996
v -0.678848 0.449003 -0.210039
v -0.690256 0.282329 -0.180506
v -0.701664 0.276846 -0.159523
v -0.696399 0.131555 -0.160300
v -0.690256 0.163355 -0.178175
v -0.692011 0.197896 -0.196827
v -0.714828 0.244499 -0.231800
v -0.734133 0.156776 -0.224806
v -0.744664 0.073439 -0.211594
v -0.799071 0.019709 -0.178952
v -0.828030 0.026836 -0.165740
v -0.687624 0.616773 -0.260556
v -0.747297 0.145262 -0.221697
v -0.864887 0.049863 -0.151751
v -0.904376 0.050960 -0.164963
v -0.921927 0.026836 -0.168849
v -0.964927 0.012033 -0.209262
v -0.977212 0.012033 -0.239572
v -0.970192 0.039446 -0.191387
v -0.946498 0.052605 -0.168849
v -0.912274 0.074535 -0.154082
v -0.849091 0.211602 -0.177398
v -0.775378 0.351411 -0.219366
v -0.720970 0.446261 -0.249676
v -0.724480 0.514246 -0.255893
v -0.701664 0.587166 -0.265996
v -0.706930 0.597583 -0.279208
v -0.701664 0.611290 -0.287757
v -0.665685 0.688596 -0.295529
v -0.689379 0.621159 -0.300192
v -0.647257 0.688048 -0.311850
v -0.635849 0.709430 -0.300192
v -0.584074 0.743423 -0.252007
v -0.590216 0.752195 -0.227137
v -0.608645 0.747809 -0.203822
v -0.594604 0.766450 -0.121441
v -0.668318 0.703399 0.249274
v -0.677971 0.662827 0.260932
v -0.679726 0.603614 0.260932
v -0.681481 0.373890 0.270258
v -0.693766 0.343735 0.288911
v -0.695521 0.569622 0.272590
v -0.687624 0.629383 0.272590
v -0.679726 0.646927 0.288133
v -0.708685 0.581684 0.292019
v -0.714828 0.557560 0.288133
v -0.709562 0.554270 0.302123
v -0.695521 0.588263 0.304454
v -0.695521 0.535629 0.312226
v -0.659542 0.627738 0.300568
v -0.670073 0.644186 0.295905
v -0.722726 0.523019 0.285025
v -0.730623 0.415010 0.282693
v -0.713950 0.020805 0.311449
v -0.735888 0.007098 0.319221
v -0.761337 0.002164 0.333987
v -0.813990 0.004357 0.351862
v -0.882438 0.002164 0.397716
v -0.891213 0.010936 0.382950
v -0.915785 0.002164 0.430358
v -0.725358 0.516440 0.302900
v -0.720970 0.495605 0.317666
v -0.824520 0.014774 0.343313
v -0.911397 0.021353 0.396939
v -0.887703 0.037253 0.351085
v -0.878050 0.053701 0.335541
v -0.835050 0.045477 0.330101
v -0.806969 0.059732 0.319998
v -0.753439 0.120590 0.307563
v -0.770990 0.225309 0.290465
v -0.926315 0.004905 0.449787
v -0.908764 0.033415 0.400825
v -0.892090 0.049315 0.347976
v -0.799949 0.162807 0.297460
v -0.827152 0.122783 0.304454
v -0.855234 0.079470 0.318444
v -0.872785 0.077825 0.327770
v -0.853479 0.112366 0.316112
v -0.810479 0.255464 0.311449
v -0.856112 0.132652 0.326993
v -0.884193 0.063570 0.349531
v -0.819255 0.240112 0.323884
v -0.757827 0.428717 0.299791
v -0.741154 0.482447 0.305231
v -0.834173 0.192413 0.343313
v -0.665685 0.540015 0.307563
v -0.672705 0.488478 0.315335
v -0.651645 0.429813 0.339427
v -0.640236 0.628835 0.304454
v -0.637604 0.679824 0.298237
v -0.648134 0.706140 0.285802
v -0.662175 0.699013 0.274144
v -0.661297 0.712171 0.250052
v -0.580564 0.776867 0.179328
v -0.525278 0.830049 0.127257
v -0.635849 0.725878 0.250052
v -0.602502 0.732457 0.263264
v -0.595482 0.754936 0.227513
v -0.525278 0.822922 0.174665
v -0.458585 0.881586 0.167670
v -0.491932 0.833339 0.217410
v -0.548972 0.751647 0.265595
v -0.605135 0.719847 0.277253
v -0.592849 0.705044 0.290465
v -0.625318 0.645831 0.302900
v -0.633216 0.495605 0.331656
v -0.634971 0.444616 0.337873
v -0.669195 0.185834 0.386835
v -0.663930 0.172127 0.391498
v -0.639359 0.303712 0.362743
v -0.618298 0.449551 0.328547
v -0.624440 0.330577 0.347976
v -0.607767 0.329480 0.331656
v -0.625318 0.191317 0.359634
v -0.670950 0.077825 0.415591
v -0.689379 0.387048 0.325438
v -0.712195 0.373342 0.326215
v -0.695521 0.349766 0.325438
v -0.760459 0.280684 0.349531
v -0.804337 0.181996 0.366629
v -0.871030 0.083308 0.365851
v -0.864009 0.035608 0.386058
v -0.885948 0.047670 0.364297
v -0.866642 0.018064 0.403933
v -0.892968 0.038898 0.385281
v -0.898233 0.033415 0.428803
v -0.912274 0.028481 0.433466
v -0.889458 0.009840 0.510407
v -0.869275 0.000519 0.569473
v -0.846459 0.001616 0.593565
v -0.819255 -0.000029 0.633202
v -0.809602 0.007647 0.595120
v -0.806969 0.000519 0.574136
v -0.851724 0.014774 0.539940
v -0.862254 0.018064 0.513516
v -0.862254 0.020257 0.447456
v -0.846459 0.001067 0.491755
v -0.828908 0.005454 0.441238
v -0.831540 0.011485 0.418700
v -0.848214 0.020805 0.400047
v -0.797316 0.025191 0.413260
v -0.759582 0.042188 0.421031
v -0.821010 0.013678 0.462999
v -0.842071 0.000519 0.508853
v -0.809602 0.014774 0.473880
v -0.746419 0.008743 0.445124
v -0.785908 0.024643 0.459113
v -0.801704 0.027384 0.459890
v -0.702542 0.000519 0.427249
v -0.730623 0.010388 0.500304
v -0.766602 0.019160 0.563255
v -0.760459 0.000519 0.597451
v -0.695521 -0.000029 0.735012
v -0.684991 0.002164 0.742784
v -0.641114 0.005454 0.700039
v -0.684114 0.011485 0.742007
v -0.641991 0.014774 0.695376
v -0.697276 0.016419 0.721800
v -0.656032 0.030126 0.687604
v -0.697276 0.024643 0.722577
v -0.623563 0.050960 0.676724
v -0.688501 0.029029 0.732681
v -0.653400 0.030126 0.720246
v -0.671828 0.022998 0.745116
v -0.614788 0.008743 0.715583
v -0.643747 0.005454 0.762991
v -0.605135 0.000519 0.729572
v -0.538442 -0.000029 0.695376
v -0.484912 -0.000029 0.745116
v -0.495442 0.009840 0.703148
v -0.470871 0.010388 0.721023
v -0.462973 0.001067 0.709365
v -0.490176 0.001067 0.673615
v -0.424361 0.001067 0.667398
v -0.580564 0.006002 0.705480
v -0.529666 0.009840 0.665066
v -0.523523 0.006002 0.676724
v -0.537564 -0.000029 0.826720
v -0.480524 0.003261 0.658849
v -0.481402 0.012581 0.651077
v -0.426994 0.012033 0.668952
v -0.415586 0.008743 0.668175
v -0.441034 0.013129 0.697708
v -0.408565 0.001067 0.704702
v -0.410321 0.004357 0.727241
v -0.394525 0.006002 0.757551
v -0.412076 0.015322 0.738898
v -0.380484 0.006002 0.766100
v -0.461218 0.022450 0.687604
v -0.479646 0.019160 0.656517
v -0.495442 0.030126 0.651854
v -0.478769 0.024643 0.669729
v -0.502462 0.070698 0.667398
v -0.469993 0.033964 0.672838
v -0.456830 0.062474 0.680610
v -0.444545 0.036157 0.711697
v -0.458585 0.072891 0.671283
v -0.422606 0.036157 0.728018
v -0.411198 0.041091 0.721800
v -0.386627 0.015322 0.745116
v -0.346260 0.000519 0.755996
v -0.408565 0.038350 0.707811
v -0.428749 0.055346 0.689936
v -0.441912 0.036705 0.675947
v -0.397157 0.013129 0.699262
v -0.388382 0.011485 0.676724
v -0.362933 -0.000029 0.700039
v -0.346260 -0.000029 0.651077
v -0.318179 0.000519 0.743561
v -0.299750 0.007098 0.735012
v -0.326076 0.016419 0.641751
v -0.283077 0.016419 0.727241
v -0.317301 0.016419 0.638642
v -0.268159 0.003261 0.719469
v -0.350648 0.018064 0.558592
v -0.361178 0.006002 0.562478
v -0.367321 0.000519 0.592011
v -0.387505 -0.000029 0.599006
v -0.398912 0.004357 0.637865
v -0.431381 0.026836 0.636310
v -0.402423 0.008195 0.586571
v -0.377852 0.004905 0.563255
v -0.387505 -0.000029 0.527505
v -0.411198 0.014226 0.558592
v -0.423483 0.011485 0.572582
v -0.435769 0.014226 0.522842
v -0.438402 0.000519 0.428026
v -0.403300 0.003809 0.476988
v -0.399790 0.006550 0.440461
v -0.375219 0.014226 0.492532
v -0.342750 0.017516 0.557815
v -0.336607 0.003809 0.536831
v -0.367321 0.002164 0.465331
v -0.366443 0.000519 0.444347
v -0.400667 0.008195 0.417923
v -0.499830 0.006550 0.406265
v -0.497197 0.000519 0.432689
v -0.473504 -0.000029 0.440461
v -0.475259 0.015871 0.490200
v -0.491054 0.013678 0.507298
v -0.460340 0.001067 0.553152
v -0.437524 0.015871 0.594343
v -0.454198 0.021902 0.630870
v -0.455075 0.035608 0.660403
v -0.457707 0.065215 0.652631
v -0.477891 0.027384 0.610663
v -0.470871 0.010936 0.606777
v -0.481402 0.004357 0.597451
v -0.462973 0.005454 0.599006
v -0.473504 0.002164 0.582685
v -0.493687 0.010936 0.561701
v -0.512993 0.015871 0.518179
v -0.514748 0.001067 0.469217
v -0.571788 -0.000577 0.449010
v -0.548095 0.000519 0.419477
v -0.592849 0.014774 0.392276
v -0.582319 0.009291 0.409374
v -0.621808 0.005454 0.418700
v -0.602502 0.008743 0.431912
v -0.627951 0.000519 0.437352
v -0.620053 0.012033 0.501858
v -0.595482 0.001616 0.492532
v -0.564768 0.007647 0.487092
v -0.523523 0.000519 0.546935
v -0.620053 0.001067 0.581908
v -0.557747 0.003809 0.586571
v -0.521769 0.003809 0.567918
v -0.494564 0.004905 0.574136
v -0.512115 0.012581 0.589680
v -0.495442 0.022450 0.598229
v -0.525278 0.033964 0.606777
v -0.547217 0.017516 0.596674
v -0.616543 0.007098 0.592788
v -0.577931 0.013129 0.592788
v -0.548972 0.049863 0.604446
v -0.500707 0.050960 0.608332
v -0.482279 0.048219 0.611441
v -0.474381 0.078922 0.643305
v -0.477891 0.082759 0.658849
v -0.531421 0.077825 0.661180
v -0.593726 0.029029 0.596674
v -0.506850 0.067408 0.613772
v -0.507728 0.078922 0.626207
v -0.525278 0.066311 0.619212
v -0.521769 0.077277 0.637088
v -0.504217 0.086049 0.640196
v -0.540197 0.082759 0.652631
v -0.557747 0.073439 0.661180
v -0.506850 0.021902 0.651854
v -0.552482 0.026288 0.665843
v -0.586707 0.058636 0.675947
v -0.619176 0.048219 0.665066
v -0.579686 0.030126 0.654963
v -0.595482 0.014774 0.666620
v -0.620053 0.002164 0.674392
v -0.724480 0.001616 0.595897
v -0.749929 0.013678 0.574913
v -0.730623 0.005454 0.546935
v -0.727113 0.010388 0.519733
v -0.702542 0.010936 0.472325
v -0.554238 0.047670 0.660403
v -0.712195 0.001067 0.545380
v -0.676216 0.019709 0.590457
v -0.715705 0.015871 0.566364
v -0.728868 0.014226 0.567918
v -0.688501 0.008743 0.611441
v -0.625318 0.007098 0.658849
v -0.648134 0.026836 0.628539
v -0.630583 0.030674 0.628539
v -0.608645 0.009840 0.658071
v -0.584951 0.015871 0.648745
v -0.550727 0.046025 0.637865
v -0.559502 0.052056 0.645637
v -0.551605 0.049863 0.616104
v -0.597237 0.031771 0.610663
v -0.641114 0.026288 0.615326
v -0.642869 0.008743 0.600560
v -0.642869 0.004905 0.585794
v -0.656909 0.001616 0.573359
v -0.662175 -0.000029 0.431135
v -0.676216 0.002164 0.427249
v -0.677971 0.007098 0.407819
v -0.630583 0.014774 0.403156
v -0.627073 0.031770 0.382172
v -0.586707 0.026288 0.380618
v -0.414708 0.016967 0.403933
v -0.658664 0.025740 0.393830
v -0.714828 0.014226 0.428803
v -0.755195 0.022998 0.449787
v -0.743786 0.039446 0.447456
v -0.627951 0.055346 0.370515
v -0.597237 0.055894 0.368183
v -0.435769 0.033964 0.392276
v -0.693766 0.039446 0.431912
v -0.682359 0.019709 0.409374
v -0.659542 0.041639 0.396162
v -0.664807 0.059184 0.414037
v -0.682359 0.053701 0.422586
v -0.727990 0.049863 0.432689
v -0.719215 0.070698 0.400825
v -0.715705 0.089887 0.385281
v -0.693766 0.068504 0.413260
v -0.638481 0.095918 0.377509
v -0.627073 0.101401 0.364297
v -0.465605 0.067408 0.375955
v -0.395402 0.037801 0.400047
v -0.312914 0.013129 0.435798
v -0.315546 0.001067 0.453673
v -0.276057 0.000519 0.679055
v -0.258506 0.001616 0.714806
v -0.264648 0.003261 0.664289
v -0.247098 0.007647 0.708588
v -0.250608 0.029029 0.672061
v -0.233935 0.030126 0.695376
v -0.217262 0.033964 0.680610
v -0.220772 0.022450 0.661957
v -0.264648 0.027933 0.644082
v -0.278689 0.004905 0.589680
v -0.297995 0.000519 0.512739
v -0.310281 0.002712 0.479320
v -0.285710 0.014226 0.483983
v -0.279567 0.014226 0.453673
v -0.254996 0.017516 0.478543
v -0.239200 0.047122 0.434243
v -0.255873 0.067408 0.410151
v -0.305016 0.053701 0.410928
v -0.599869 0.246692 0.332433
v -0.358545 0.080018 0.400825
v -0.340995 0.032319 0.420254
v -0.381362 0.106883 0.390721
v -0.561257 0.231340 0.330878
v -0.584951 0.348670 0.317666
v -0.450688 0.200637 0.358080
v -0.325199 0.095918 0.390721
v -0.597237 0.481899 0.310672
v -0.607767 0.578942 0.309117
v -0.588462 0.599228 0.304454
v -0.555115 0.556463 0.309117
v -0.323444 0.224761 0.353417
v -0.273424 0.162807 0.372069
v -0.242710 0.100852 0.395384
v -0.226914 0.060280 0.422586
v -0.212874 0.052056 0.448233
v -0.203221 0.041091 0.532168
v -0.190935 0.047670 0.483206
v -0.233057 0.029577 0.570250
v -0.266404 0.026836 0.545380
v -0.276934 0.022998 0.547712
v -0.260261 0.037801 0.606777
v -0.240077 0.039995 0.622321
v -0.246220 0.040543 0.599783
v -0.230424 0.039446 0.606777
v -0.213751 0.039995 0.594343
v -0.216384 0.012581 0.634756
v -0.206731 0.034512 0.609109
v -0.197955 0.042736 0.591234
v -0.161099 0.034512 0.516625
v -0.179527 0.053153 0.473880
v -0.225159 0.090983 0.410151
v -0.183037 0.081115 0.452896
v -0.161976 0.069053 0.479320
v -0.143548 0.084404 0.454450
v -0.165486 0.095918 0.440461
v -0.202343 0.107432 0.414814
v -0.211119 0.123331 0.400825
v -0.154079 0.106883 0.445124
v -0.137405 0.083308 0.449787
v -0.148813 0.042188 0.494086
v -0.159343 0.024643 0.514293
v -0.180405 0.027933 0.564810
v -0.204976 0.026836 0.602892
v -0.205853 0.002712 0.623098
v -0.208486 0.014774 0.655740
v -0.196200 0.018612 0.654186
v -0.177772 0.012581 0.630093
v -0.190935 0.001616 0.626984
v -0.162854 0.004357 0.597451
v -0.164609 0.001067 0.571027
v -0.153201 -0.000029 0.545380
v -0.199710 0.000519 0.602892
v -0.207608 0.013129 0.562478
v -0.208486 0.018064 0.592788
v -0.195323 0.022998 0.573359
v -0.176895 0.019709 0.539163
v -0.178650 0.017516 0.518179
v -0.168119 0.025740 0.489423
v -0.149691 0.036705 0.481651
v -0.141793 0.055894 0.459113
v -0.200588 0.025740 0.543049
v -0.205853 0.021353 0.524396
v -0.171629 0.048767 0.429580
v -0.140038 0.071794 0.444347
v -0.140915 0.118945 0.434243
v -0.146181 0.146359 0.440461
v -0.182160 0.181448 0.442792
v -0.206731 0.241209 0.432689
v -0.210241 0.353604 0.432689
v -0.242710 0.196799 0.387613
v -0.283955 0.368955 0.347976
v -0.269914 0.391983 0.362743
v -0.251486 0.423782 0.389944
v -0.228669 0.430361 0.419477
v -0.260261 0.472030 0.373623
v -0.247975 0.603614 0.395384
v -0.219894 0.480802 0.417923
v -0.206731 0.405689 0.425694
v -0.183915 0.284522 0.438129
v -0.180405 0.232437 0.438906
v -0.168119 0.234081 0.431912
v -0.164609 0.231888 0.415591
v -0.178650 0.315773 0.427249
v -0.191812 0.380469 0.418700
v -0.205853 0.457775 0.419477
v -0.233935 0.624448 0.393830
v -0.249731 0.632124 0.388390
v -0.259383 0.735199 0.366629
v -0.273424 0.810311 0.333987
v -0.246220 0.726975 0.376732
v -0.278689 0.775770 0.321552
v -0.287465 0.668310 0.319221
v -0.288342 0.800443 0.313780
v -0.297995 0.724782 0.311449
v -0.283077 0.862397 0.316112
v -0.263771 0.840466 0.331656
v -0.229547 0.802087 0.353417
v -0.230424 0.698465 0.379841
v -0.219017 0.623352 0.386835
v -0.210241 0.514247 0.404711
v -0.197955 0.451196 0.413260
v -0.193568 0.430910 0.401602
v -0.193568 0.401303 0.396939
v -0.207608 0.483543 0.382172
v -0.202343 0.490123 0.399270
v -0.216384 0.589908 0.369737
v -0.216384 0.654603 0.370515
v -0.221649 0.737392 0.357302
v -0.225159 0.723137 0.346422
v -0.221649 0.817439 0.344090
v -0.218139 0.890359 0.330101
v -0.242710 0.853625 0.332433
v -0.235690 0.909000 0.306009
v -0.273424 0.896390 0.308340
v -0.222526 0.961085 0.275698
v -0.208486 0.929834 0.309117
v -0.191812 0.997271 0.260932
v -0.178650 0.993981 0.264041
v -0.155833 0.998367 0.259378
v -0.183037 0.958892 0.282693
v -0.204098 0.893648 0.313003
v -0.221649 0.821825 0.323884
v -0.229547 0.754936 0.330878
v -0.244465 0.612387 0.344868
v -0.234812 0.549336 0.358080
v -0.182160 0.257109 0.393053
v -0.162854 0.174869 0.407819
v -0.148813 0.103594 0.424917
v -0.184793 0.053701 0.412482
v -0.247975 0.558656 0.344090
v -0.231302 0.705044 0.323884
v -0.206731 0.855818 0.316889
v -0.183915 0.893648 0.310672
v -0.141793 0.906807 0.306786
v -0.070712 0.869524 0.316889
v -0.062814 0.897486 0.310672
v -0.240077 0.598132 0.319998
v -0.254118 0.489026 0.331656
v -0.263771 0.429813 0.336319
v -0.261138 0.323997 0.352639
v -0.250608 0.131555 0.368183
v -0.260261 0.123331 0.359634
v -0.272546 0.247788 0.338650
v -0.263771 0.378276 0.338650
v -0.254118 0.395272 0.322329
v -0.254118 0.436392 0.322329
v -0.248853 0.316322 0.317666
v -0.273424 0.201185 0.323107
v -0.269036 0.311387 0.331656
v -0.254996 0.052605 0.370515
v -0.241833 0.024643 0.394607
v -0.208486 0.048767 0.400047
v -0.231302 0.021902 0.413260
v -0.183037 0.042736 0.438129
v -0.215506 0.021353 0.502635
v -0.208486 0.009292 0.539163
v -0.200588 -0.000577 0.528282
v -0.157588 0.000519 0.491755
v -0.150568 0.000519 0.472325
v -0.204098 -0.000029 0.454450
v -0.228669 0.002712 0.409374
v -0.153201 0.006550 0.420254
v -0.154956 -0.000029 0.389944
v -0.211119 -0.000029 0.386835
v -0.157588 0.000519 0.260932
v -0.172507 0.002712 0.246943
v -0.150568 0.002712 0.224405
v -0.176017 0.012033 0.233731
v -0.157588 0.021353 0.220519
v -0.130385 0.009291 0.216633
v -0.137405 0.026836 0.223627
v -0.177772 0.052056 0.236062
v -0.193568 0.038898 0.239948
v -0.205853 0.015871 0.283470
v -0.208486 0.005454 0.490200
v -0.212874 0.004905 0.464553
v -0.237445 0.006550 0.401602
v -0.218139 0.008195 0.507298
v -0.222526 0.020805 0.461445
v -0.214629 0.034512 0.456782
v -0.240955 0.012033 0.406265
v -0.254996 0.042188 0.360411
v -0.212874 0.039995 0.265595
v -0.231302 0.078373 0.274921
v -0.238322 0.107980 0.280362
v -0.267281 0.155131 0.311449
v -0.263771 0.179803 0.307563
v -0.258506 0.230244 0.315335
v -0.254996 0.193510 0.307563
v -0.227792 0.121686 0.279584
v -0.207608 0.083856 0.257823
v -0.217262 0.136490 0.288133
v -0.189180 0.090435 0.265595
v -0.231302 0.194058 0.308340
v -0.091773 0.029029 0.264818
v -0.092651 0.010936 0.256269
v -0.090018 0.003809 0.260932
v -0.063691 0.023546 0.286579
v -0.068079 0.003809 0.299014
v -0.054916 0.006550 0.337096
v -0.048773 0.071246 0.311449
v -0.056671 0.057539 0.293574
v -0.076855 0.046574 0.278030
v -0.053161 0.140876 0.307563
v -0.049651 0.053153 0.344090
v -0.041753 0.122783 0.373623
v -0.046141 0.009840 0.364297
v -0.038243 0.011485 0.377509
v -0.031222 0.134845 0.385281
v -0.019814 0.014226 0.389167
v -0.002264 0.016419 0.389944
v -0.008407 0.182544 0.385281
v 0.008267 0.059184 0.383727
v 0.019675 0.018612 0.375178
v 0.045124 0.021353 0.339427
v 0.020552 0.354152 0.340205
v -0.006651 0.276846 0.382172
v -0.027712 0.277395 0.386058
v -0.037365 0.183641 0.374400
v -0.035610 0.345380 0.374400
v -0.008407 0.338801 0.375955
v 0.056532 0.022450 0.328547
v -0.023325 0.390886 0.381395
v -0.008407 0.448454 0.367406
v 0.023185 0.524115 0.327770
v 0.047756 0.279039 0.325438
v 0.069695 0.023546 0.319998
v 0.088123 0.025191 0.314558
v 0.122347 0.027933 0.313003
v 0.146918 0.029577 0.316112
v 0.176755 0.031770 0.325438
v 0.194306 0.033415 0.336319
v 0.213612 0.035608 0.355748
v 0.232918 0.038898 0.385281
v 0.247836 0.040543 0.400047
v 0.246081 0.186382 0.390721
v 0.262754 0.041639 0.405488
v 0.255733 0.305356 0.385281
v 0.266264 0.230244 0.390721
v 0.275039 0.271912 0.383727
v 0.271529 0.041639 0.404711
v 0.288202 0.041639 0.394607
v 0.297856 0.040543 0.379841
v 0.309263 0.038350 0.350308
v 0.325937 0.037253 0.324661
v 0.318039 0.219827 0.325438
v 0.346120 0.036157 0.309895
v 0.359283 0.061925 0.304454
v 0.381222 0.034512 0.299791
v 0.403161 0.032867 0.302123
v 0.396140 0.190220 0.313780
v 0.410181 0.148003 0.316889
v 0.418079 0.030674 0.311449
v 0.419834 0.101401 0.322329
v 0.425099 0.027933 0.325438
v 0.423344 0.025191 0.339427
v 0.418079 0.144714 0.337873
v 0.410181 0.201734 0.326992
v 0.404038 0.302615 0.326215
v 0.387365 0.236275 0.316889
v 0.339100 0.369504 0.319998
v 0.386487 0.362376 0.320775
v 0.399650 0.358538 0.331656
v 0.390875 0.457227 0.325438
v 0.397018 0.453389 0.336319
v 0.389120 0.490671 0.330878
v 0.376834 0.486833 0.320775
v 0.364549 0.365666 0.319221
v 0.318917 0.609645 0.321552
v 0.318039 0.499992 0.324661
v 0.407548 0.317967 0.340982
v 0.401405 0.353056 0.347976
v 0.296978 0.627738 0.331656
v 0.282060 0.459420 0.361966
v 0.289080 0.345928 0.364297
v 0.299611 0.702851 0.324661
v 0.317162 0.721492 0.319998
v 0.363671 0.538370 0.319998
v 0.376834 0.583328 0.325438
v 0.384732 0.572911 0.334764
v 0.389997 0.508764 0.347976
v 0.399650 0.406786 0.348754
v 0.394385 0.347573 0.365851
v 0.417201 0.022450 0.347976
v 0.391752 0.137586 0.376732
v 0.390875 0.014774 0.372846
v 0.382977 0.010936 0.389167
v 0.382977 0.077825 0.396162
v 0.379467 0.283426 0.395384
v 0.377712 0.623352 0.364297
v 0.375079 0.736843 0.343313
v 0.380344 0.649121 0.330878
v 0.377712 0.625545 0.323884
v 0.366304 0.646927 0.320775
v 0.355773 0.776319 0.319221
v 0.297856 0.810311 0.318443
v 0.285570 0.795508 0.322329
v 0.268897 0.742874 0.336319
v 0.240815 0.686951 0.344868
v 0.223264 0.724782 0.327770
v 0.053899 0.451196 0.320775
v 0.229407 0.867880 0.316889
v 0.210979 0.726426 0.322329
v 0.207469 0.810311 0.319221
v 0.001247 0.782898 0.319998
v -0.003141 0.722588 0.326992
v -0.018059 0.687499 0.347976
v -0.018937 0.819084 0.322329
v -0.004896 0.854173 0.317666
v -0.025080 0.875007 0.316112
v -0.042631 0.865687 0.325438
v -0.020692 0.532339 0.365851
v -0.041753 0.660086 0.354971
v -0.028590 0.494509 0.372846
v -0.037365 0.456130 0.370515
v -0.044386 0.504378 0.366629
v -0.040876 0.387048 0.373623
v -0.047896 0.452841 0.358857
v -0.043508 0.335511 0.357303
v -0.040876 0.247240 0.338650
v -0.051406 0.246692 0.323884
v -0.066324 0.233533 0.317666
v -0.046141 0.274653 0.328547
v -0.047018 0.320160 0.338650
v -0.049651 0.354152 0.332433
v -0.054916 0.316870 0.326992
v -0.064569 0.356345 0.321552
v -0.060182 0.549884 0.340205
v -0.064569 0.673244 0.334764
v -0.068079 0.796056 0.326992
v -0.055794 0.826211 0.329324
v -0.038243 0.902420 0.309117
v -0.103181 1.020846 0.246943
v -0.151446 1.052646 0.234508
v -0.195323 1.020846 0.243834
v -0.305016 0.899131 0.291242
v -0.306771 0.867880 0.302900
v -0.311158 0.798250 0.306786
v -0.331342 0.683113 0.319998
v -0.291852 0.626642 0.316112
v -0.299750 0.486285 0.325438
v -0.334852 0.639800 0.323107
v -0.355913 0.488478 0.322329
v -0.376974 0.527953 0.317666
v -0.368198 0.588811 0.313780
v -0.357668 0.683661 0.298237
v -0.389259 0.563591 0.310672
v -0.347138 0.705044 0.300568
v -0.336607 0.757678 0.305231
v -0.316424 0.834435 0.300568
v -0.331342 0.817439 0.291242
v -0.314669 0.894196 0.278807
v -0.328709 0.867331 0.252383
v -0.348015 0.752743 0.285025
v -0.342750 0.813601 0.261709
v -0.368198 0.856914 0.231399
v -0.340117 0.856914 0.242280
v -0.317301 0.950668 0.201089
v -0.312914 0.987402 0.178551
v -0.543707 0.803732 -0.145533
v -0.555115 0.785639 -0.187501
v -0.533176 0.791670 -0.205376
v -0.532299 0.772481 -0.234132
v -0.574421 0.731909 -0.273768
v -0.578809 0.705592 -0.305633
v -0.521769 0.745067 -0.267551
v -0.358545 0.860752 -0.175066
v -0.373464 0.709430 -0.301747
v -0.356790 0.679824 -0.314182
v -0.418219 0.913386 -0.104343
v -0.352403 0.969309 -0.082582
v -0.319934 0.904614 -0.146311
v -0.257628 1.024684 -0.073256
v -0.272546 1.046067 -0.044500
v -0.359423 0.980275 -0.055380
v -0.427871 0.926544 -0.035174
v -0.325199 1.026877 -0.019630
v -0.287465 1.074577 0.000577
v -0.319056 1.049356 0.013011
v -0.327831 1.046615 0.034772
v -0.331342 1.040036 0.058088
v -0.351525 1.004947 0.095393
v -0.332219 1.007140 0.131920
v -0.285710 1.038391 0.145132
v -0.299750 1.082801 0.031664
v -0.302383 1.077866 0.053425
v -0.271669 1.025233 0.175442
v -0.316424 0.918869 0.222073
v -0.277812 0.970406 0.230622
v -0.272546 0.993433 0.206529
v -0.227792 1.040584 0.206529
v -0.201466 1.041681 0.226736
v -0.187425 1.113504 0.182437
v -0.167241 1.104732 0.212747
v -0.151446 1.105828 0.215856
v -0.286587 1.085542 0.077517
v -0.154956 1.117890 0.197203
v -0.116344 1.120083 0.173111
v 0.005634 1.119535 0.096170
v -0.017182 1.114052 0.138138
v 0.034593 1.112407 0.138138
v -0.013672 1.103635 0.167670
v -0.061937 1.109118 0.169225
v -0.258506 1.119535 0.031664
v -0.267281 1.116793 0.055756
v -0.278689 1.109118 0.058865
v -0.284832 1.108021 0.040990
v -0.276057 1.114052 0.029332
v -0.168997 1.115149 -0.049163
v -0.039120 1.119535 -0.119886
v 0.030205 1.117890 -0.070147
v 0.133755 1.117890 -0.022739
v 0.065307 1.108021 0.157567
v 0.209224 1.115149 0.180105
v 0.207469 1.107473 0.211970
v 0.255733 1.118438 0.225959
v 0.333835 1.118986 0.212747
v 0.289080 1.114600 0.235285
v 0.249591 1.109666 0.239171
v 0.209224 1.092121 0.233731
v 0.133755 1.093766 0.204975
v 0.018797 1.095411 0.181660
v 0.015287 1.074577 0.205752
v -0.038243 1.087735 0.194872
v -0.119854 1.091025 0.212747
v -0.082120 1.073480 0.214301
v -0.019814 1.060322 0.217410
v 0.218877 1.073480 0.248497
v 0.250468 1.094863 0.249274
v 0.236428 1.042777 0.260155
v 0.274162 1.047163 0.260932
v 0.280305 1.099797 0.247720
v 0.382977 1.107473 0.225182
v 0.446160 1.118986 0.186323
v 0.381222 1.120083 -0.084136
v 0.418956 1.117890 0.021560
v 0.456690 1.115149 0.173111
v 0.449670 1.105828 0.094615
v 0.421589 1.114052 -0.005641
v 0.398773 1.114600 -0.090354
v 0.375957 1.117890 -0.099680
v 0.215367 1.116245 -0.074033
v 0.169735 1.115149 -0.065484
v 0.089878 1.110762 -0.080250
v 0.160959 1.105828 -0.084913
v 0.216244 1.101990 -0.091131
v 0.282937 1.111311 -0.097348
v 0.385610 1.109666 -0.113669
v 0.401405 1.101442 -0.112892
v 0.414569 1.105280 -0.075587
v 0.483017 0.905710 -0.110560
v 0.441772 0.990692 -0.094239
v 0.430364 1.035650 -0.078696
v 0.433875 1.060870 -0.046054
v 0.420711 1.067998 -0.078696
v 0.411058 1.092121 -0.099680
v 0.404915 1.038391 -0.129213
v 0.412813 1.045519 -0.102011
v 0.407548 1.012074 -0.124550
v 0.400528 0.970406 -0.129990
v 0.420711 1.018105 -0.100457
v 0.428609 0.965471 -0.117555
v 0.455813 0.936961 -0.119109
v 0.482139 0.899131 -0.122995
v 0.476874 0.879393 -0.143202
v 0.454936 0.859656 -0.157968
v 0.472486 0.850335 -0.150196
v 0.453180 0.825663 -0.170403
v 0.461956 0.814698 -0.164963
v 0.497935 0.864042 -0.119886
v 0.468099 1.057032 0.117154
v 0.466344 1.103087 0.176997
v 0.461956 1.101990 0.203421
v 0.446160 1.111859 0.204198
v 0.447038 1.100894 0.213524
v 0.372446 1.059773 0.246166
v 0.314529 1.060322 0.253937
v 0.360161 1.030167 0.260932
v 0.343488 1.010978 0.269481
v 0.249591 0.848690 0.324661
v 0.243448 0.791122 0.332433
v 0.259244 0.775222 0.336319
v 0.270652 0.866783 0.316889
v 0.356651 0.867331 0.316112
v 0.352263 0.900227 0.308340
v 0.359283 0.932575 0.306009
v 0.339977 0.949023 0.289688
v 0.365426 0.856366 0.320775
v 0.373324 0.758226 0.328547
v 0.375079 0.752743 0.353417
v 0.377712 0.689692 0.368183
v 0.388242 0.697368 0.372069
v 0.382977 0.639252 0.376732
v 0.364549 0.912838 0.318443
v 0.375079 0.919417 0.318443
v 0.381222 1.001109 0.271035
v 0.423344 1.052646 0.237617
v 0.444405 1.064708 0.223627
v 0.372446 0.830049 0.344090
v 0.375079 0.879393 0.335541
v 0.444405 1.027426 0.240725
v 0.442650 0.903517 0.305231
v 0.403161 0.904614 0.306009
v 0.382977 0.937510 0.302123
v 0.388242 0.885424 0.322329
v 0.409303 0.866235 0.316112
v 0.442650 0.868428 0.313780
v 0.468099 0.862397 0.309117
v 0.480384 0.885972 0.297460
v 0.458446 1.012074 0.233731
v 0.459323 1.046067 0.217410
v 0.472486 1.053194 0.198758
v 0.475119 1.060870 0.185546
v 0.474241 1.040584 0.168448
v 0.471609 1.063063 0.154458
v 0.476874 1.007688 0.100056
v 0.518996 0.921062 0.115599
v 0.502323 0.915579 0.094615
v 0.488282 1.001109 0.137360
v 0.476874 0.997271 0.153681
v 0.477751 0.987950 0.160676
v 0.483017 1.014816 0.173888
v 0.497057 0.915579 0.156013
v 0.489159 0.932575 0.148241
v 0.504955 0.837725 0.137360
v 0.497935 0.872266 0.121817
v 0.502323 0.820180 0.124925
v 0.503200 0.873362 0.117154
v 0.491792 0.956699 0.136583
v 0.518119 0.893648 0.121817
v 0.548832 0.796056 0.107828
v 0.530404 0.875007 0.103942
v 0.519874 0.752743 0.096947
v 0.547955 0.749454 0.105496
v 0.554975 0.744519 0.097724
v 0.508465 0.748905 0.104719
v 0.506710 0.740133 0.116377
v 0.503200 0.703947 0.107050
v 0.508465 0.705044 0.091507
v 0.516363 0.606356 0.075963
v 0.504955 0.627190 0.091507
v 0.510221 0.627190 0.105496
v 0.512853 0.735747 0.125703
v 0.515486 0.830597 0.145132
v 0.516363 0.925996 0.168448
v 0.505833 0.968213 0.183991
v 0.496180 0.927093 0.186323
v 0.511976 0.919417 0.182437
v 0.535669 0.845949 0.170002
v 0.551465 0.776319 0.150572
v 0.534792 0.815794 0.147464
v 0.552343 0.673793 0.122594
v 0.520751 0.630479 0.114045
v 0.511098 0.580039 0.103164
v 0.506710 0.571815 0.094615
v 0.524261 0.547691 0.104719
v 0.549710 0.606904 0.111713
v 0.568138 0.632124 0.123371
v 0.566383 0.656248 0.138138
v 0.554098 0.737392 0.155236
v 0.506710 0.845401 0.168448
v 0.498813 0.870621 0.183991
v 0.468976 0.986306 0.228290
v 0.496180 0.866235 0.286579
v 0.499690 0.864042 0.218964
v 0.501445 0.836628 0.191763
v 0.504078 0.731361 0.173888
v 0.528649 0.623352 0.198758
v 0.501445 0.819632 0.230622
v 0.498813 0.849239 0.260155
v 0.501445 0.845401 0.278030
v 0.515486 0.790025 0.302123
v 0.511098 0.772481 0.313780
v 0.534792 0.685855 0.309117
v 0.521628 0.762064 0.292796
v 0.508465 0.771384 0.277253
v 0.504955 0.718202 0.272590
v 0.501445 0.703947 0.263264
v 0.503200 0.546594 0.245388
v 0.528649 0.673793 0.288911
v 0.510221 0.612387 0.273367
v 0.506710 0.499992 0.256269
v 0.539179 0.643638 0.295905
v 0.561995 0.544401 0.305231
v 0.554098 0.586070 0.315335
v 0.553220 0.551529 0.323107
v 0.561995 0.486285 0.291242
v 0.573403 0.454485 0.295128
v 0.591832 0.387597 0.305231
v 0.582179 0.428717 0.316112
v 0.549710 0.478609 0.283470
v 0.515486 0.465999 0.267150
v 0.513731 0.422686 0.259378
v 0.516363 0.678179 0.217410
v 0.547077 0.473675 0.189432
v 0.544445 0.498895 0.180105
v 0.529526 0.585521 0.179328
v 0.511976 0.684758 0.177774
v 0.507588 0.688048 0.165339
v 0.507588 0.623352 0.159899
v 0.509343 0.681468 0.149795
v 0.506710 0.655700 0.152904
v 0.514608 0.642541 0.142023
v 0.561995 0.626093 0.140469
v 0.576036 0.564687 0.124148
v 0.568138 0.513698 0.126480
v 0.574281 0.507119 0.114045
v 0.573403 0.552625 0.113268
v 0.564628 0.504378 0.100056
v 0.563751 0.582232 0.110159
v 0.559363 0.362376 0.080626
v 0.532159 0.375535 0.084512
v 0.516363 0.462161 0.090730
v 0.570771 0.288908 0.070523
v 0.581301 0.462709 0.103942
v 0.581301 0.456678 0.114822
v 0.579546 0.345928 0.085289
v 0.580424 0.282329 0.080626
v 0.583057 0.327287 0.089952
v 0.578669 0.263140 0.092284
v 0.576914 0.435296 0.118708
v 0.533037 0.429813 0.112491
v 0.516363 0.420493 0.114045
v 0.515486 0.508216 0.127257
v 0.508465 0.554270 0.137360
v 0.506710 0.506571 0.139692
v 0.507588 0.459968 0.126480
v 0.508465 0.327835 0.110159
v 0.518119 0.327835 0.103164
v 0.510221 0.219278 0.088398
v 0.526016 0.266978 0.093061
v 0.502323 0.234630 0.101610
v 0.490037 0.186382 0.099279
v 0.504955 0.173224 0.086844
v 0.502323 0.119493 0.068969
v 0.516363 0.140876 0.069746
v 0.511098 0.094821 0.059642
v 0.500568 0.229147 0.137360
v 0.484772 0.178158 0.112491
v 0.484772 0.154034 0.093838
v 0.554098 0.142521 0.069746
v 0.543567 0.186382 0.086844
v 0.567261 0.286167 0.103164
v 0.569893 0.143617 0.062751
v 0.552343 0.117300 0.058865
v 0.551465 0.092628 0.041767
v 0.513731 0.062473 0.040990
v 0.560240 0.052056 0.009903
v 0.572526 0.087146 0.018452
v 0.582179 0.212151 0.068191
v 0.578669 0.230792 0.061974
v 0.570771 0.163355 0.037881
v 0.559363 0.205023 0.047207
v 0.530404 0.200089 0.048762
v 0.514608 0.214344 0.048762
v 0.503200 0.220923 0.039436
v 0.520751 0.163355 0.039436
v 0.555853 0.153486 0.028555
v 0.562873 0.081115 -0.001755
v 0.569893 0.075084 0.000577
v 0.564628 0.015322 -0.035951
v 0.527771 0.041091 0.015343
v 0.486527 0.070149 0.054979
v 0.475996 0.066860 0.061974
v 0.490915 0.117300 0.080626
v 0.475119 0.101949 0.103164
v 0.497057 0.196799 0.142801
v 0.483017 0.113462 0.124926
v 0.483017 0.081663 0.110936
v 0.476874 0.046025 0.055756
v 0.484772 0.012581 0.032441
v 0.482139 0.014226 0.006794
v 0.498813 0.068504 0.116377
v 0.476874 0.006550 -0.040614
v 0.493547 0.001067 0.014566
v 0.542690 0.006002 0.073632
v 0.532159 0.020257 0.092284
v 0.489159 0.022998 -0.003309
v 0.492670 0.041639 0.018452
v 0.508465 0.033415 -0.009527
v 0.511098 0.011485 -0.046831
v 0.494425 0.018064 -0.028179
v 0.483017 0.013129 -0.043723
v 0.544445 0.009840 -0.043723
v 0.565506 0.016419 -0.044500
v 0.560240 0.022998 -0.046831
v 0.549710 0.073439 -0.006418
v 0.515486 0.083308 0.008348
v 0.480384 0.046574 -0.017299
v 0.501445 0.088242 0.009903
v 0.494425 0.115656 0.016897
v 0.480384 0.062473 -0.011858
v 0.477751 0.057539 -0.024293
v 0.485649 0.082759 -0.021962
v 0.491792 0.070698 -0.029733
v 0.512853 0.071794 -0.034397
v 0.545322 0.081115 -0.027402
v 0.483017 0.120042 -0.001755
v 0.494425 0.195154 0.000577
v 0.490915 0.191865 0.015343
v 0.500568 0.229147 0.029332
v 0.506710 0.443520 0.051871
v 0.502323 0.233533 0.006794
v 0.513731 0.228051 -0.004086
v 0.524261 0.169934 -0.015744
v 0.511098 0.337704 0.023115
v 0.522506 0.339349 0.020783
v 0.518119 0.426524 0.040213
v 0.507588 0.541660 0.064305
v 0.534792 0.749454 0.102387
v 0.533037 0.387597 0.037881
v 0.559363 0.114011 -0.009527
v 0.582179 0.092080 -0.007972
v 0.618158 0.100304 0.020783
v 0.609383 0.116204 0.024669
v 0.571648 0.548787 0.092284
v 0.574281 0.601970 0.095393
v 0.580424 0.604711 0.089175
v 0.584812 0.578394 0.077517
v 0.592709 0.529598 0.079849
v 0.590954 0.500540 0.083735
v 0.583057 0.492864 0.086066
v 0.647117 0.140876 0.039436
v 0.668178 0.117849 0.026224
v 0.619036 0.310291 0.065860
v 0.599730 0.378276 0.073632
v 0.603240 0.418300 0.076740
v 0.619913 0.375535 0.063528
v 0.667301 0.141424 0.021560
v 0.675198 0.122783 0.016120
v 0.662035 0.146907 0.010680
v 0.664668 0.123880 0.004463
v 0.646239 0.166096 0.007571
v 0.644484 0.122235 0.002908
v 0.616403 0.282877 0.020006
v 0.622546 0.118945 0.006794
v 0.604118 0.117300 0.002908
v 0.569016 0.116204 -0.020407
v 0.633076 0.267526 0.020006
v 0.556730 0.200089 -0.003309
v 0.556730 0.269719 0.015343
v 0.554975 0.361280 0.030887
v 0.563751 0.117300 -0.029733
v 0.550588 0.224213 -0.011858
v 0.568138 0.118397 -0.037505
v 0.560240 0.229147 -0.018853
v 0.579546 0.119493 -0.039837
v 0.605872 0.121138 -0.038282
v 0.583934 0.229147 -0.020407
v 0.580424 0.335511 -0.018853
v 0.607628 0.150196 -0.043723
v 0.613770 0.121686 -0.046831
v 0.592709 0.224761 -0.046054
v 0.607628 0.121138 -0.056935
v 0.595342 0.154034 -0.059266
v 0.593587 0.118397 -0.061598
v 0.535669 0.400755 -0.033619
v 0.533914 0.104142 -0.048386
v 0.516363 0.100304 -0.050717
v 0.506710 0.098111 -0.056935
v 0.511098 0.430910 -0.039060
v 0.501445 0.095918 -0.064707
v 0.528649 0.492316 -0.028179
v 0.555853 0.445165 -0.030511
v 0.537424 0.555915 -0.019630
v 0.519874 0.513150 -0.028956
v 0.561118 0.271364 -0.014190
v 0.569893 0.294939 -0.044500
v 0.546200 0.574008 -0.011081
v 0.516363 0.663375 -0.020407
v 0.508465 0.692434 -0.027402
v 0.517241 0.739585 -0.004087
v 0.533037 0.671600 0.002131
v 0.516363 0.759871 0.018452
v 0.514608 0.796605 0.008348
v 0.500568 0.862397 0.035550
v 0.499690 0.865138 -0.000201
v 0.498813 0.865687 -0.057712
v 0.503200 0.692982 -0.039060
v 0.505833 0.432555 -0.046054
v 0.499690 0.124976 -0.068592
v 0.503200 0.091532 -0.081027
v 0.503200 0.337704 -0.077919
v 0.504078 0.792219 -0.071701
v 0.501445 0.855818 -0.077919
v 0.516363 0.689692 -0.086468
v 0.509343 0.256012 -0.088799
v 0.512853 0.165548 -0.091131
v 0.524261 0.085501 -0.090354
v 0.528649 0.208313 -0.095794
v 0.551465 0.080018 -0.091131
v 0.547077 0.243402 -0.098903
v 0.562873 0.077277 -0.094239
v 0.563751 0.167741 -0.101234
v 0.574281 0.073439 -0.102788
v 0.582179 0.069053 -0.115223
v 0.562873 0.362924 -0.124549
v 0.583057 0.065215 -0.126881
v 0.568138 0.269719 -0.136984
v 0.580424 0.060829 -0.138539
v 0.569016 0.120590 -0.152528
v 0.572526 0.054798 -0.151751
v 0.555853 0.046574 -0.164186
v 0.530404 0.046574 -0.172735
v 0.501445 0.043832 -0.177398
v 0.482139 0.016967 -0.185947
v 0.545322 0.359635 -0.155637
v 0.555853 0.375535 -0.144756
v 0.416324 0.077277 -0.176621
v 0.395263 0.038350 -0.194496
v 0.440895 0.004357 -0.206153
v 0.371569 0.013678 -0.220920
v 0.361038 0.002164 -0.248898
v 0.349631 0.009840 -0.248121
v 0.319794 0.000519 -0.297084
v 0.304876 0.006550 -0.306410
v 0.279427 0.002164 -0.325062
v 0.302243 0.010936 -0.316513
v 0.289080 0.002712 -0.351486
v 0.214489 0.001616 -0.430759
v 0.252223 0.002712 -0.391900
v 0.224142 0.009291 -0.414438
v 0.180265 0.000519 -0.451743
v 0.158326 -0.000029 -0.436976
v 0.080225 -0.000029 -0.477390
v 0.116204 0.003809 -0.448634
v 0.067940 0.005454 -0.475058
v 0.038103 0.001616 -0.482053
v 0.071450 0.012581 -0.479721
v 0.019675 0.000519 -0.496042
v 0.196938 0.007098 -0.390345
v 0.193428 0.001616 -0.400449
v 0.236428 0.013678 -0.371693
v 0.209224 0.015322 -0.382573
v 0.178510 0.015322 -0.414438
v 0.130245 0.012033 -0.475835
v 0.081103 0.004905 -0.504591
v 0.131123 0.012581 -0.485938
v 0.022307 0.001067 -0.505368
v 0.024940 0.000519 -0.525575
v -0.045263 -0.000029 -0.562879
v -0.053161 0.004357 -0.578423
v -0.081242 0.002712 -0.603293
v 0.050389 0.005454 -0.525575
v 0.084613 0.016419 -0.510031
v -0.069834 0.012581 -0.583086
v -0.120732 0.000519 -0.613396
v -0.128630 -0.000029 -0.586195
v -0.206731 -0.000029 -0.575314
v -0.029468 -0.000029 -0.477390
v -0.157588 0.001616 -0.528683
v -0.208486 0.003809 -0.556662
v -0.154956 0.006550 -0.519357
v -0.205853 0.018064 -0.544227
v -0.156711 0.013678 -0.520134
v -0.201466 0.024643 -0.545004
v -0.150568 0.018612 -0.527906
v -0.191812 0.023546 -0.554330
v -0.164609 0.014226 -0.563657
v -0.157588 0.015322 -0.590081
v -0.078610 0.015871 -0.492156
v -0.083875 0.004905 -0.491379
v -0.025957 0.001616 -0.458737
v -0.051406 0.008743 -0.468841
v -0.011039 0.019709 -0.464177
v -0.062814 0.016419 -0.536455
v -0.090018 0.017515 -0.562102
v -0.149691 0.021902 -0.595521
v -0.145303 0.032319 -0.592412
v 0.038103 0.051508 -0.515471
v -0.143548 0.039446 -0.574537
v -0.011039 0.035608 -0.538787
v -0.025080 0.026836 -0.531015
v 0.001247 0.023546 -0.491379
v 0.063552 0.039994 -0.508477
v 0.082858 0.049863 -0.503814
v 0.151306 0.060829 -0.458737
v 0.160081 0.054798 -0.464955
v 0.116204 0.041639 -0.485161
v 0.055654 0.039446 -0.481275
v 0.052144 0.025191 -0.435422
v 0.039858 0.013129 -0.432313
v 0.015287 0.003260 -0.444748
v 0.099531 0.011485 -0.400449
v 0.093388 0.041639 -0.453297
v 0.163592 0.042188 -0.416769
v 0.108306 0.035060 -0.433090
v 0.160959 0.038350 -0.402003
v 0.145163 0.023546 -0.384128
v 0.212734 0.051508 -0.394231
v 0.190795 0.048218 -0.440085
v 0.195183 0.054249 -0.450188
v 0.191673 0.063570 -0.451743
v 0.226775 0.071246 -0.427650
v 0.216244 0.056443 -0.432313
v 0.245203 0.068504 -0.411329
v 0.224142 0.054249 -0.360035
v 0.270652 0.091532 -0.386459
v 0.268019 0.093725 -0.404334
v 0.175877 0.027933 -0.352263
v 0.125857 0.008195 -0.384905
v 0.144286 0.005454 -0.378688
v 0.214489 0.037801 -0.326616
v 0.196061 0.021902 -0.356149
v 0.251346 0.048767 -0.318845
v 0.244325 0.063570 -0.304078
v -0.000509 0.003260 -0.464955
v 0.068817 0.001067 -0.434645
v 0.146918 0.007647 -0.392677
v 0.006512 0.010936 -0.492156
v 0.051266 0.022450 -0.511585
v 0.057409 0.026288 -0.479721
v 0.076715 0.026836 -0.464177
v 0.108306 0.016419 -0.431536
v 0.201326 0.032319 -0.387237
v 0.258366 0.047670 -0.339051
v 0.287325 0.058636 -0.333611
v 0.281182 0.089339 -0.286980
v 0.318039 0.116204 -0.281540
v 0.315406 0.138134 -0.263665
v 0.354896 0.126073 -0.296306
v 0.344365 0.107431 -0.313404
v 0.300488 0.053153 -0.377910
v 0.166224 0.026836 -0.407443
v 0.113572 0.025191 -0.447857
v 0.157449 0.027933 -0.460292
v 0.167979 0.024643 -0.463400
v 0.209224 0.024095 -0.436976
v 0.217122 0.033415 -0.436976
v 0.323304 0.054798 -0.367807
v 0.281182 0.038350 -0.398894
v 0.287325 0.031770 -0.384905
v 0.291713 0.038898 -0.326616
v 0.295223 0.041091 -0.334388
v 0.358406 0.071246 -0.335165
v 0.361038 0.075632 -0.342937
v 0.354896 0.081663 -0.349932
v 0.377712 0.101401 -0.331280
v 0.363671 0.101401 -0.332834
v 0.375957 0.118945 -0.322731
v 0.371569 0.153486 -0.294752
v 0.349631 0.198992 -0.245012
v 0.332957 0.211602 -0.234909
v 0.285570 0.111269 -0.272991
v 0.267142 0.104142 -0.279986
v 0.237305 0.067956 -0.311073
v 0.234673 0.067408 -0.327394
v 0.249591 0.085501 -0.313404
v 0.298733 0.132104 -0.355372
v 0.279427 0.138683 -0.292421
v 0.288202 0.151293 -0.267551
v 0.357528 0.282877 -0.217034
v 0.373324 0.286715 -0.222474
v 0.370692 0.230244 -0.245790
v 0.388242 0.218182 -0.279208
v 0.339977 0.068504 -0.306410
v 0.392630 0.366214 -0.216257
v 0.377712 0.410076 -0.195273
v 0.341733 0.284522 -0.221697
v 0.310141 0.205023 -0.247344
v 0.298733 0.184189 -0.277654
v 0.333835 0.293294 -0.236463
v 0.339100 0.302067 -0.257447
v 0.354896 0.372793 -0.214702
v 0.361038 0.363473 -0.206931
v 0.372446 0.485737 -0.186724
v 0.397895 0.492864 -0.188278
v 0.401405 0.305356 -0.259002
v 0.393507 0.193510 -0.295529
v 0.404038 0.175417 -0.306410
v 0.417201 0.313032 -0.268328
v 0.414569 0.396369 -0.243458
v 0.425977 0.563042 -0.215480
v 0.419834 0.663375 -0.187501
v 0.388242 0.655151 -0.168072
v 0.380344 0.627738 -0.175843
v 0.427732 0.410076 -0.246567
v 0.404038 0.665020 -0.170403
v 0.430364 0.689144 -0.192941
v 0.439140 0.612387 -0.212371
v 0.446160 0.586070 -0.213148
v 0.447915 0.704496 -0.193719
v 0.438262 0.729716 -0.189833
v 0.421589 0.785091 -0.166517
v 0.433875 0.858011 -0.157191
v 0.409303 0.811408 -0.158745
v 0.398773 0.699561 -0.163409
v 0.454936 0.704496 -0.185947
v 0.459323 0.717654 -0.161077
v 0.475996 0.733006 -0.148642
v 0.497935 0.771933 -0.137762
v 0.532159 0.665569 -0.130767
v 0.533914 0.678179 -0.113669
v 0.539179 0.604711 -0.107452
v 0.520751 0.511505 -0.091908
v 0.518119 0.284522 -0.095017
v 0.538302 0.442423 -0.101234
v 0.546200 0.572363 -0.122218
v 0.542690 0.564139 -0.135430
v 0.537424 0.629383 -0.127658
v 0.525139 0.639800 -0.140870
v 0.434752 0.132652 -0.166517
v 0.403161 0.089887 -0.178175
v 0.380344 0.041091 -0.202268
v 0.375957 0.037253 -0.224806
v 0.357528 0.019709 -0.252007
v 0.369814 0.023546 -0.279986
v 0.336467 0.010936 -0.311073
v 0.334712 0.015322 -0.324285
v 0.329447 0.022998 -0.322731
v 0.323304 0.033415 -0.305633
v 0.314529 0.039446 -0.307187
v 0.334712 0.060280 -0.297861
v 0.385610 0.105787 -0.272991
v 0.374202 0.099756 -0.290866
v 0.388242 0.107431 -0.321953
v 0.423344 0.186930 -0.293975
v 0.421589 0.212699 -0.297861
v 0.430364 0.308098 -0.269882
v 0.444405 0.476416 -0.230246
v 0.452303 0.594294 -0.203045
v 0.451425 0.658989 -0.164963
v 0.457568 0.673244 -0.155637
v 0.452303 0.632124 -0.167294
v 0.450548 0.612935 -0.182061
v 0.452303 0.456678 -0.219366
v 0.449670 0.402948 -0.238795
v 0.439140 0.220375 -0.281540
v 0.334712 0.013129 -0.277654
v 0.451425 0.302067 -0.248121
v 0.451425 0.315225 -0.234132
v 0.447038 0.213247 -0.258225
v 0.436507 0.186930 -0.261333
v 0.422466 0.173772 -0.279208
v 0.401405 0.137586 -0.279208
v 0.415446 0.113462 -0.255893
v 0.352263 0.063570 -0.283094
v 0.389997 0.066860 -0.269882
v 0.356651 0.036157 -0.296306
v 0.370692 0.033415 -0.289312
v 0.392630 0.052605 -0.266774
v 0.403161 0.067956 -0.251230
v 0.386487 0.043284 -0.248898
v 0.387365 0.060280 -0.217034
v 0.420711 0.115655 -0.236463
v 0.436507 0.158969 -0.245012
v 0.435630 0.179255 -0.231800
v 0.444405 0.207216 -0.243458
v 0.434752 0.458323 -0.183615
v 0.423344 0.295487 -0.195273
v 0.411936 0.163903 -0.175066
v 0.431242 0.177610 -0.163409
v 0.417201 0.215989 -0.167294
v 0.446160 0.425427 -0.155637
v 0.426854 0.301518 -0.166517
v 0.431242 0.428168 -0.166517
v 0.421589 0.315773 -0.180507
v 0.438262 0.480254 -0.175066
v 0.449670 0.507667 -0.160300
v 0.466344 0.509312 -0.151751
v 0.504078 0.700658 -0.141647
v 0.454936 0.571266 -0.154860
v 0.446160 0.576201 -0.164963
v -0.300628 0.161710 -0.301747
v -0.333097 0.231340 -0.349932
v -0.343627 0.232985 -0.379465
v -0.334852 0.531791 -0.311073
v -0.337485 0.373342 -0.335165
v -0.358545 0.268622 -0.380242
v -0.361178 0.243950 -0.381796
v -0.359423 0.214892 -0.375579
v -0.364688 0.126621 -0.325839
v -0.411198 0.132104 -0.328948
v -0.403300 0.066311 -0.339051
v -0.400667 0.056991 -0.353818
v -0.333097 0.024643 -0.482053
v -0.382239 0.040543 -0.410552
v -0.413831 0.053153 -0.361590
v -0.377852 0.030126 -0.429981
v -0.427871 0.058087 -0.349155
v -0.432259 0.035060 -0.377910
v -0.427871 0.052056 -0.403557
v -0.421728 0.032867 -0.413661
v -0.442790 0.014774 -0.444748
v -0.462973 0.018612 -0.461069
v -0.493687 0.013129 -0.472726
v -0.502462 0.015322 -0.448634
v -0.434892 0.032319 -0.416769
v -0.478769 0.007098 -0.422987
v -0.484034 0.007098 -0.396563
v -0.513871 -0.000029 -0.397340
v -0.520013 0.003809 -0.436199
v -0.536686 -0.000029 -0.422987
v -0.617420 -0.000577 -0.353041
v -0.521769 0.002712 -0.377133
v -0.514748 0.009291 -0.374024
v -0.431381 0.038898 -0.410552
v -0.578809 0.007098 -0.339828
v -0.587584 0.020257 -0.328171
v -0.517381 0.024643 -0.369361
v -0.462973 0.034512 -0.397340
v -0.500707 0.089339 -0.407443
v -0.501585 0.116752 -0.412884
v -0.496319 0.124976 -0.408998
v -0.487544 0.118945 -0.391122
v -0.462973 0.084404 -0.378688
v -0.458585 0.082211 -0.360812
v -0.487544 0.124976 -0.375579
v -0.512115 0.188575 -0.388014
v -0.426994 0.088790 -0.336720
v -0.453320 0.110721 -0.342160
v -0.404178 0.179255 -0.320399
v -0.458585 0.259850 -0.318845
v -0.435769 0.286167 -0.318845
v -0.514748 0.416655 -0.319622
v -0.553360 0.425427 -0.346823
v -0.527033 0.198444 -0.395008
v -0.513871 0.116204 -0.408220
v -0.555992 0.042736 -0.350709
v -0.580564 0.037801 -0.332834
v -0.537564 0.150745 -0.398894
v -0.549850 0.096466 -0.370139
v -0.569155 0.258205 -0.379465
v -0.568278 0.069053 -0.346046
v -0.617420 0.386500 -0.324285
v -0.592849 0.402948 -0.356149
v -0.613910 0.453389 -0.331280
v -0.594604 0.464354 -0.353041
v -0.618298 0.559205 -0.331280
v -0.632338 0.588263 -0.322731
v -0.598992 0.540563 -0.342937
v -0.584951 0.498347 -0.349932
v -0.570033 0.415558 -0.360812
v -0.581441 0.380469 -0.367807
v -0.568278 0.316870 -0.379465
v -0.554238 0.322901 -0.378688
v -0.549850 0.268074 -0.386459
v -0.566523 0.457775 -0.351486
v -0.568278 0.533436 -0.328171
v -0.563013 0.564687 -0.321176
v -0.589339 0.605807 -0.323508
v -0.613033 0.639800 -0.320399
v -0.628828 0.637059 -0.319622
v -0.796439 0.112366 -0.240349
v -0.787664 0.007098 -0.259002
v -0.761337 0.001616 -0.277654
v -0.654277 -0.000029 -0.395008
v -0.624440 0.004357 -0.423764
v -0.583196 0.007647 -0.580754
v -0.593726 0.001616 -0.625054
v -0.604257 0.006002 -0.629717
v -0.631461 0.021902 -0.625831
v -0.638481 0.002712 -0.597075
v -0.699909 0.001616 -0.576869
v -0.627951 -0.000577 -0.581532
v -0.722726 0.019709 -0.601738
v -0.756072 0.002164 -0.541896
v -0.778010 -0.000029 -0.410552
v -0.826275 0.009840 -0.349932
v -0.851724 0.008743 -0.324285
v -0.821010 0.000519 -0.307187
v -0.961416 0.004357 -0.288535
v -0.878928 0.002712 -0.252784
v -0.871030 0.013129 -0.234132
v -0.865764 0.035608 -0.220143
v -0.879805 0.077825 -0.204599
v -0.835050 0.078373 -0.223251
v -0.667440 0.620611 -0.307187
v -0.712195 0.559753 -0.301747
v -0.721848 0.513698 -0.297861
v -0.817500 0.184189 -0.244235
v -0.828908 0.104142 -0.228692
v -0.864009 0.090435 -0.210039
v -0.907887 0.029029 -0.216257
v -0.921050 0.049863 -0.201490
v -0.855234 0.149100 -0.232578
v -0.850846 0.227502 -0.245790
v -0.878928 0.174320 -0.223251
v -0.860499 0.242305 -0.238018
v -0.882438 0.205023 -0.214702
v -0.897356 0.152938 -0.199159
v -0.908764 0.129910 -0.196050
v -0.951764 0.066860 -0.192941
v -0.968437 0.053153 -0.198382
v -0.938600 0.034512 -0.211594
v -0.908764 0.020805 -0.237241
v -0.965804 0.037253 -0.220920
v -0.975457 0.037801 -0.213148
v -0.949131 0.029029 -0.260556
v -0.913152 0.008743 -0.258225
v -0.969314 0.021902 -0.261333
v -0.965804 0.062473 -0.185170
v -0.906131 0.156227 -0.184392
v -0.835928 0.317418 -0.241904
v -0.771868 0.453937 -0.280763
v -0.778010 0.410624 -0.281540
v -0.729745 0.549884 -0.293198
v -0.731501 0.558656 -0.276100
v -0.738521 0.524115 -0.259779
v -0.768357 0.408979 -0.231800
v -0.804337 0.383759 -0.255893
v -0.871030 0.202282 -0.177398
v -0.925437 0.115655 -0.164963
v -0.943866 0.080018 -0.166517
v -0.941233 0.100852 -0.174289
v -0.882438 0.198992 -0.185947
v -0.802581 0.384855 -0.241904
v -0.766602 0.482447 -0.263665
v -0.776255 0.459420 -0.273768
v -0.749929 0.502733 -0.283872
v -0.748174 0.514795 -0.272991
v -0.211119 0.771384 -0.187501
v -0.210241 0.912289 -0.150196
v -0.188303 0.844852 -0.162631
v -0.133895 0.915579 -0.145533
v -0.318179 0.699561 -0.279208
v -0.239200 0.862945 -0.178952
v -0.221649 0.944089 -0.142425
v -0.190935 0.965471 -0.128435
v -0.347138 0.697368 -0.303301
v -0.336607 0.718751 -0.283872
v -0.324321 0.836628 -0.209262
v -0.348015 0.743971 -0.272214
v -0.209364 0.993981 -0.116001
v -0.174262 1.000561 -0.116778
v -0.148813 0.969309 -0.129990
v -0.096161 1.032908 -0.135430
v -0.103181 0.881038 -0.182061
v -0.120732 1.045519 -0.118332
v -0.154956 1.037295 -0.106674
v -0.189180 1.030715 -0.098125
v -0.206731 1.052098 -0.075587
v -0.165486 1.081704 -0.077142
v -0.128630 1.086090 -0.097348
v -0.042631 1.112407 -0.137762
v -0.014549 1.115697 -0.125327
v 0.025818 1.110214 -0.104343
v 0.070572 1.103087 -0.098903
v 0.151306 1.089380 -0.099680
v 0.257489 1.077318 -0.107452
v 0.368936 1.095411 -0.120664
v 0.382100 1.082253 -0.128435
v 0.378589 1.015912 -0.153305
v 0.369814 1.041681 -0.136984
v 0.361038 0.991240 -0.135430
v 0.353141 1.012622 -0.126104
v 0.364549 1.005495 -0.150196
v 0.355773 0.984661 -0.154082
v 0.367181 0.930382 -0.152528
v 0.363671 0.935865 -0.142425
v 0.355773 0.980823 -0.165740
v 0.353141 0.892552 -0.191387
v 0.382100 0.930382 -0.172735
v 0.395263 1.006592 -0.146311
v 0.409303 0.973147 -0.153305
v 0.404038 0.927641 -0.172735
v 0.406671 0.931479 -0.158745
v 0.407548 0.856366 -0.178175
v 0.409303 0.811408 -0.197604
v 0.396140 0.911193 -0.157968
v 0.394385 0.906258 -0.151751
v 0.397895 0.872814 -0.155637
v 0.382100 0.709430 -0.169626
v 0.375957 0.610742 -0.186724
v 0.385610 0.820180 -0.167294
v 0.388242 0.863493 -0.170403
v 0.406671 0.791122 -0.189833
v 0.388242 0.762064 -0.181284
v 0.384732 0.633221 -0.203822
v 0.360161 0.439682 -0.218588
v 0.361038 0.327835 -0.285426
v 0.394385 0.554270 -0.241904
v 0.400528 0.714913 -0.227915
v 0.366304 0.816342 -0.204599
v 0.316284 0.802087 -0.211594
v 0.309263 0.815794 -0.192164
v 0.375079 0.715461 -0.231023
v 0.389997 0.619514 -0.256670
v 0.402283 0.615676 -0.245012
v 0.365426 0.331673 -0.300970
v 0.348753 0.262591 -0.307964
v 0.298733 0.131555 -0.379465
v 0.275039 0.109076 -0.398894
v 0.324182 0.217633 -0.357704
v 0.339100 0.263140 -0.338274
v 0.351386 0.280684 -0.324285
v 0.358406 0.351411 -0.321176
v 0.369814 0.372793 -0.306410
v 0.375079 0.413365 -0.291643
v 0.366304 0.406238 -0.303301
v 0.387365 0.509312 -0.279208
v 0.349631 0.397465 -0.312627
v 0.328569 0.272460 -0.342160
v 0.300488 0.186382 -0.369361
v 0.264509 0.111269 -0.394231
v 0.243448 0.088242 -0.410552
v 0.219754 0.075084 -0.418324
v 0.171489 0.063570 -0.437753
v -0.007529 0.049315 -0.522466
v -0.085630 0.039994 -0.545781
v -0.115466 0.031770 -0.521689
v -0.139160 0.034512 -0.530238
v -0.124242 0.040543 -0.448634
v -0.097916 0.036157 -0.489824
v -0.112834 0.037801 -0.461846
v -0.090018 0.010936 -0.428427
v -0.118099 0.036157 -0.421433
v -0.119854 0.019709 -0.388791
v -0.090018 0.013129 -0.404334
v -0.092651 0.021902 -0.395786
v -0.119854 0.041639 -0.388014
v -0.091773 0.039994 -0.391122
v -0.118099 0.046025 -0.382573
v 0.224142 0.075084 -0.394231
v -0.048773 0.007098 -0.409775
v -0.060182 0.001616 -0.417547
v -0.068957 0.003809 -0.433867
v -0.077732 0.032867 -0.492156
v -0.061937 0.032867 -0.521689
v -0.040876 0.030674 -0.474281
v 0.003879 0.035608 -0.448634
v 0.065307 0.052056 -0.460292
v 0.046879 0.033415 -0.424541
v 0.111817 0.049863 -0.427650
v 0.194306 0.061377 -0.398117
v 0.175877 0.051508 -0.374802
v 0.096021 0.026836 -0.394231
v 0.130245 0.026836 -0.366253
v -0.023325 0.026836 -0.448634
v -0.065447 0.015871 -0.455628
v -0.028590 0.002712 -0.427650
v 0.017042 0.003809 -0.400449
v 0.071450 0.011485 -0.372470
v 0.090756 0.012033 -0.377910
v 0.115327 0.021353 -0.353818
v 0.140776 0.036157 -0.344492
v 0.239938 0.089887 -0.380242
v 0.310141 0.277395 -0.334388
v 0.325059 0.326191 -0.328171
v 0.347875 0.612387 -0.252784
v 0.334712 0.653507 -0.240349
v 0.297856 0.756033 -0.206153
v 0.275917 0.653507 -0.234909
v 0.261876 0.595390 -0.249676
v 0.253101 0.593745 -0.243458
v 0.265387 0.631576 -0.228692
v 0.321549 0.535081 -0.261333
v 0.237305 0.128266 -0.342160
v 0.190795 0.092628 -0.328948
v 0.191673 0.128266 -0.307187
v 0.238183 0.277943 -0.278431
v 0.266264 0.408979 -0.268328
v 0.220632 0.480254 -0.259002
v 0.246081 0.583877 -0.234132
v 0.199571 0.323997 -0.278431
v 0.184653 0.332770 -0.273768
v 0.197816 0.399658 -0.264442
v 0.212734 0.473126 -0.252007
v 0.166224 0.249433 -0.286203
v 0.183775 0.189672 -0.286980
v 0.196938 0.175417 -0.291643
v 0.145163 0.094821 -0.307964
v 0.124980 0.065215 -0.317290
v 0.124102 0.039994 -0.340606
v 0.105674 0.080566 -0.309518
v 0.162714 0.135393 -0.300192
v 0.138143 0.151293 -0.310296
v 0.134633 0.219278 -0.286203
v 0.146041 0.249981 -0.277654
v 0.189918 0.390886 -0.253561
v 0.195183 0.410076 -0.245012
v 0.232040 0.531243 -0.231023
v 0.265387 0.624997 -0.214702
v 0.303998 0.764257 -0.193719
v 0.341733 0.912289 -0.164963
v 0.358406 0.949023 -0.154860
v 0.366304 0.868428 -0.175066
v 0.367181 0.875555 -0.163409
v 0.354896 0.871717 -0.156414
v 0.354018 0.789477 -0.162631
v 0.360161 0.785091 -0.177398
v 0.358406 0.729716 -0.170403
v 0.361916 0.641993 -0.189833
v 0.342610 0.445165 -0.177398
v 0.331202 0.422137 -0.164186
v 0.318039 0.452841 -0.161077
v 0.317162 0.870073 -0.156414
v 0.323304 0.934220 -0.143202
v 0.294345 0.884328 -0.160300
v 0.274162 0.987402 -0.131544
v 0.063552 1.075125 -0.123772
v 0.062674 1.094314 -0.111337
v 0.021430 1.093218 -0.128435
v -0.013672 1.106376 -0.138539
v -0.040876 1.100894 -0.147865
v -0.065447 1.070739 -0.141648
v -0.089140 0.992885 -0.154860
v -0.088263 0.952861 -0.167294
v -0.070712 0.996174 -0.157968
v -0.051406 1.049356 -0.148642
v -0.054916 0.950668 -0.154082
v -0.074222 0.936961 -0.167294
v -0.092651 0.904065 -0.182061
v -0.088263 0.873911 -0.186724
v -0.098793 0.828404 -0.197604
v -0.093528 0.809763 -0.194496
v -0.094406 0.743423 -0.199936
v -0.098793 0.657345 -0.206153
v -0.092651 0.726975 -0.177398
v -0.086508 0.783995 -0.174289
v -0.081242 0.832242 -0.171180
v -0.079487 0.796056 -0.162631
v -0.084753 0.737392 -0.165740
v -0.061937 0.908451 -0.154860
v -0.025957 1.033457 -0.156414
v -0.017182 1.080608 -0.150196
v 0.016165 1.061967 -0.141648
v 0.050389 1.041681 -0.136207
v 0.053022 0.869524 -0.157191
v 0.223264 0.950668 -0.137762
v 0.248713 0.957247 -0.136984
v 0.244325 0.881586 -0.159523
v 0.268897 0.869524 -0.157191
v 0.223264 0.871169 -0.157191
v 0.224142 0.845949 -0.161077
v 0.274162 0.774674 -0.175843
v 0.296978 0.845949 -0.165740
v 0.312774 0.806473 -0.161077
v 0.304876 0.444616 -0.160300
v 0.295223 0.559205 -0.162631
v 0.291713 0.765353 -0.175843
v 0.275039 0.723685 -0.182061
v 0.245203 0.747809 -0.190610
v 0.229407 0.800443 -0.171180
v 0.199571 0.661182 -0.164963
v 0.206591 0.824018 -0.158745
v 0.179387 0.653507 -0.161077
v 0.189918 0.562494 -0.161077
v 0.199571 0.569622 -0.165740
v 0.211856 0.658441 -0.174289
v 0.226775 0.671600 -0.192164
v 0.235550 0.694079 -0.196050
v 0.250468 0.666665 -0.199159
v 0.275917 0.670503 -0.182061
v 0.291713 0.405689 -0.164963
v 0.317162 0.299874 -0.160300
v 0.328569 0.311936 -0.159523
v 0.337345 0.328384 -0.164186
v 0.341733 0.367311 -0.182838
v 0.346120 0.452840 -0.217811
v 0.353141 0.522471 -0.216257
v 0.359283 0.645831 -0.205376
v 0.354018 0.734102 -0.194496
v 0.346998 0.797153 -0.185947
v 0.321549 0.807570 -0.182061
v 0.198693 0.404593 -0.234132
v 0.167102 0.322901 -0.242681
v 0.146918 0.271364 -0.258225
v 0.119715 0.185286 -0.279208
v 0.127612 0.154034 -0.303301
v 0.110939 0.152389 -0.269882
v 0.097776 0.123331 -0.306410
v 0.083735 0.088790 -0.311850
v 0.107429 0.061925 -0.342160
v 0.095143 0.042736 -0.362367
v 0.055654 0.031222 -0.377910
v -0.002264 0.021353 -0.388014
v -0.019814 0.037801 -0.384905
v -0.060182 0.034512 -0.399671
v -0.011917 0.047122 -0.376356
v -0.088263 0.044381 -0.378688
v -0.093528 0.038350 -0.371693
v -0.113711 0.031770 -0.374802
v -0.094406 0.027933 -0.367030
v -0.104936 0.020257 -0.374802
v -0.090018 0.016419 -0.373247
v -0.058426 0.010388 -0.390345
v -0.055794 0.014226 -0.372470
v -0.003141 0.018064 -0.359258
v -0.016304 0.013129 -0.333611
v 0.052144 0.015871 -0.344492
v -0.011039 0.016419 -0.321176
v 0.030205 0.014774 -0.311073
v 0.024062 0.022998 -0.292421
v 0.074960 0.029029 -0.271437
v 0.075837 0.020805 -0.304855
v 0.102164 0.042188 -0.266774
v 0.093388 0.021353 -0.332834
v 0.070572 0.008743 -0.348377
v -0.022447 0.003809 -0.376356
v -0.018059 -0.000029 -0.357704
v 0.069695 0.001067 -0.342937
v 0.095143 0.000519 -0.320399
v 0.020552 -0.000029 -0.298638
v -0.015427 0.026836 -0.319622
v 0.124980 0.011485 -0.327394
v 0.141653 0.027933 -0.325062
v 0.133755 0.036705 -0.321953
v 0.117960 0.046025 -0.307187
v 0.175877 0.067408 -0.311073
v 0.170612 0.073439 -0.300192
v 0.137265 0.014226 -0.307964
v 0.085491 0.016967 -0.269105
v 0.044246 0.006002 -0.285426
v 0.031960 0.006002 -0.282317
v 0.054776 0.003260 -0.255893
v 0.066185 0.012033 -0.259002
v 0.201326 0.076180 -0.308741
v 0.181143 0.044929 -0.311073
v 0.173245 0.031770 -0.300192
v 0.077593 0.004357 -0.258225
v 0.071450 -0.000029 -0.265996
v 0.141653 0.001067 -0.255116
v 0.158326 0.000519 -0.318067
v 0.164469 0.002712 -0.301747
v 0.182020 0.007098 -0.334388
v 0.199571 0.031222 -0.300192
v 0.217999 0.009291 -0.352263
v 0.268019 0.034512 -0.303301
v 0.227652 0.006002 -0.354595
v 0.248713 0.008743 -0.330502
v 0.225897 0.000519 -0.342160
v 0.232918 0.003260 -0.321176
v 0.208346 0.001616 -0.314959
v 0.214489 0.015322 -0.305633
v 0.219754 0.026288 -0.271437
v 0.203959 0.014774 -0.259002
v 0.202204 0.020805 -0.234909
v 0.198693 0.038350 -0.198382
v 0.193428 0.048218 -0.187501
v 0.206591 0.052056 -0.196050
v 0.224142 0.052056 -0.196827
v 0.208346 0.064118 -0.168849
v 0.223264 0.080018 -0.158745
v 0.209224 0.107431 -0.161854
v 0.199571 0.083308 -0.178175
v 0.208346 0.114559 -0.175066
v 0.199571 0.121686 -0.187501
v 0.190795 0.134845 -0.164963
v 0.197816 0.103594 -0.149419
v 0.190795 0.116204 -0.139316
v 0.193428 0.144714 -0.147088
v 0.193428 0.192413 -0.150974
v 0.197816 0.080018 -0.192164
v 0.193428 0.233533 -0.158745
v 0.146918 0.434199 -0.161077
v 0.127612 0.377179 -0.168072
v 0.110939 0.544401 -0.164186
v 0.103041 0.497798 -0.174289
v 0.067940 0.486285 -0.196827
v 0.060042 0.451744 -0.194496
v 0.044246 0.502733 -0.189056
v 0.028450 0.814149 -0.181284
v 0.005634 0.842111 -0.175843
v 0.036348 0.860752 -0.167294
v 0.197816 0.460516 -0.164186
v 0.205714 0.492864 -0.170403
v 0.210979 0.479706 -0.192941
v 0.209224 0.407882 -0.177398
v 0.211856 0.300422 -0.168072
v 0.206591 0.199541 -0.173512
v 0.197816 0.191865 -0.192941
v 0.187285 0.147455 -0.187501
v 0.199571 0.194606 -0.204599
v 0.195183 0.133200 -0.203822
v 0.204836 0.254367 -0.194496
v 0.212734 0.274653 -0.178175
v 0.205714 0.308098 -0.196827
v 0.208346 0.265881 -0.213925
v 0.203959 0.162807 -0.210039
v 0.209224 0.112366 -0.210039
v 0.231162 0.088790 -0.195273
v 0.220632 0.262043 -0.217034
v 0.224142 0.436392 -0.209262
v 0.214489 0.520278 -0.197604
v 0.220632 0.550432 -0.203822
v 0.230285 0.520278 -0.206153
v 0.240815 0.369504 -0.210817
v 0.273284 0.295487 -0.185170
v 0.292590 0.261495 -0.173512
v 0.326814 0.239016 -0.170403
v 0.332080 0.276846 -0.171957
v 0.334712 0.288908 -0.174289
v 0.313651 0.248885 -0.187501
v 0.309263 0.271912 -0.188278
v 0.322427 0.319611 -0.196050
v 0.324182 0.217633 -0.190610
v 0.289080 0.200089 -0.191387
v 0.305753 0.276846 -0.196827
v 0.327692 0.331673 -0.232578
v 0.339100 0.404045 -0.232578
v 0.342610 0.463258 -0.231800
v 0.347875 0.547691 -0.227137
v 0.346998 0.616224 -0.218588
v 0.348753 0.680372 -0.208485
v 0.325059 0.586070 -0.225583
v 0.333835 0.710527 -0.199159
v 0.332080 0.542756 -0.235686
v 0.331202 0.479157 -0.241904
v 0.331202 0.415010 -0.247344
v 0.320672 0.346476 -0.256670
v 0.305753 0.368955 -0.264442
v 0.309263 0.452840 -0.249676
v 0.256611 0.315773 -0.256670
v 0.261876 0.246692 -0.280763
v 0.283815 0.263140 -0.277654
v 0.263631 0.179803 -0.286980
v 0.303998 0.264784 -0.259002
v 0.289958 0.213795 -0.248121
v 0.270652 0.177062 -0.275322
v 0.224142 0.093725 -0.297084
v 0.233795 0.103594 -0.283871
v 0.270652 0.173224 -0.262888
v 0.275917 0.193510 -0.224029
v 0.273284 0.188575 -0.209262
v 0.217122 0.102497 -0.246567
v 0.221509 0.083856 -0.271437
v 0.182020 0.044929 -0.231800
v 0.190795 0.045477 -0.263665
v 0.196061 0.049863 -0.288535
v 0.229407 0.117300 -0.232578
v 0.274162 0.179803 -0.201490
v 0.283815 0.168838 -0.198382
v 0.315406 0.193510 -0.194496
v 0.327692 0.201185 -0.184392
v 0.308386 0.162807 -0.187501
v 0.266264 0.087694 -0.199936
v 0.253101 0.036157 -0.238018
v 0.259244 0.031770 -0.255893
v 0.252223 0.024095 -0.278431
v 0.248713 0.010936 -0.306410
v 0.284692 0.043832 -0.282317
v 0.287325 0.059184 -0.255116
v 0.314529 0.141972 -0.201490
v 0.319794 0.173772 -0.192164
v 0.312774 0.152938 -0.217034
v 0.303998 0.169386 -0.205376
v 0.302243 0.092080 -0.245790
v 0.316284 0.138683 -0.218588
v 0.300488 0.117300 -0.235686
v 0.283815 0.126073 -0.209262
v 0.259244 0.139231 -0.205376
v 0.236428 0.104142 -0.221697
v 0.213612 0.077277 -0.220143
v 0.250468 0.090435 -0.214702
v 0.225897 0.070697 -0.217034
v 0.241693 0.069053 -0.220143
v 0.268897 0.091532 -0.220920
v 0.286448 0.093176 -0.247344
v 0.246958 0.062473 -0.231800
v 0.172367 0.026288 -0.233355
v 0.168857 0.032867 -0.238018
v 0.177632 0.038350 -0.269105
v 0.196061 0.085501 -0.310296
v 0.227652 0.156776 -0.293975
v 0.239060 0.354152 -0.233355
v 0.236428 0.404593 -0.225583
v 0.153939 0.150196 -0.238018
v 0.203959 0.146907 -0.284649
v 0.159204 0.082759 -0.272214
v 0.120592 0.068504 -0.250453
v 0.069695 0.035060 -0.265219
v 0.033716 0.033415 -0.284649
v 0.030205 0.035608 -0.294752
v -0.047896 0.050412 -0.370139
v -0.001386 0.049315 -0.361590
v -0.000509 0.046025 -0.333611
v 0.043368 0.031770 -0.349155
v 0.042491 0.035608 -0.369361
v 0.067940 0.040543 -0.363144
v 0.090756 0.050960 -0.350709
v 0.096021 0.060280 -0.342160
v 0.076715 0.077277 -0.314959
v 0.079348 0.089887 -0.300192
v 0.097776 0.120042 -0.290866
v 0.105674 0.132652 -0.259002
v 0.121470 0.146907 -0.244235
v 0.110939 0.073439 -0.252007
v 0.103041 0.081115 -0.262110
v 0.078470 0.053701 -0.262110
v 0.064430 0.041091 -0.272214
v 0.054776 0.032319 -0.313404
v 0.078470 0.036705 -0.318067
v 0.086368 0.052056 -0.328948
v 0.074082 0.050960 -0.274545
v -0.411198 0.297132 -0.332834
v -0.381362 0.274105 -0.369361
v -0.438402 0.349766 -0.321176
v -0.591971 0.671600 -0.315736
v -0.403300 0.648572 -0.319622
v -0.469116 0.580587 -0.320399
v -0.433136 0.412817 -0.332057
v -0.395402 0.328932 -0.363144
v -0.442790 0.514795 -0.328948
v -0.440157 0.560849 -0.327394
v -0.393647 0.436392 -0.359258
v -0.362933 0.632672 -0.319622
v -0.345383 0.607452 -0.314182
v -0.189180 0.008195 -0.379465
v -0.159343 0.007098 -0.428427
v -0.141793 0.001067 -0.456406
v -0.852602 0.027384 0.395384
v -0.824520 0.073987 0.385281
v -0.796439 0.063022 0.381395
v 0.232040 0.567429 -0.206931
v 0.298733 0.093725 -0.252007
v 0.273284 0.064667 -0.279208
v 0.246081 0.031770 -0.303301
v 0.257489 0.058087 -0.276877
v 0.211856 0.041639 -0.279208
v 0.198693 0.032319 -0.247344
v 0.173245 0.014774 -0.248121
v 0.158326 0.013129 -0.238795
v 0.106551 0.015871 -0.252784
v 0.138143 0.029029 -0.261333
v 0.425099 0.372793 0.404711
v 0.424221 0.447358 0.393053
v 0.420711 0.495605 0.355748
v 0.427732 0.256560 0.339427
v 0.438262 0.112366 0.330101
v 0.455813 0.037253 0.377509
v 0.453180 0.058087 0.303677
v 0.433875 0.207216 0.326215
v 0.422466 0.469837 0.341759
v 0.419834 0.525760 0.368183
v 0.417201 0.421589 0.409374
v 0.402283 0.459968 0.409374
v 0.411058 0.379373 0.414814
v 0.392630 0.382662 0.411705
v 0.398773 0.340446 0.422586
v 0.428609 0.257657 0.428803
v 0.443527 0.112366 0.435798
v 0.431242 0.077277 0.456782
v 0.452303 0.036705 0.408596
v 0.432997 0.131555 0.447456
v 0.431242 0.161162 0.438907
v 0.425977 0.055894 0.459113
v 0.387365 0.011485 0.407042
v 0.399650 0.112914 0.444347
v 0.379467 0.311936 0.406265
v 0.383855 0.374986 0.403156
v 0.389120 0.434199 0.403933
v 0.388242 0.470385 0.405488
v 0.380344 0.188575 0.413260
v 0.398773 0.003809 0.417145
v 0.439140 0.037253 0.461445
v 0.447038 0.013678 0.450564
v 0.456690 0.002164 0.440461
v 0.497057 0.002164 0.449010
v 0.456690 0.035060 0.451341
v 0.494425 0.012033 0.435798
v 0.511976 0.002712 0.439684
v 0.461956 0.020257 0.407819
v 0.441772 0.050412 0.456782
v 0.478629 0.014774 0.281139
v 0.482139 0.007098 0.386058
v 0.490037 0.006550 0.279584
v 0.509343 0.001067 0.259378
v 0.508465 0.006550 0.245388
v 0.466344 0.030126 0.288133
v 0.461078 0.060280 0.290465
v 0.445282 0.200089 0.313780
v 0.434752 0.290553 0.323884
v 0.420711 0.580587 0.336319
v 0.414569 0.624997 0.349531
v 0.415446 0.586070 0.375178
v 0.523384 -0.000029 0.417923
v 0.417201 0.672696 0.328547
v 0.433875 0.584973 0.320775
v 0.427732 0.528501 0.326215
v 0.444405 0.314677 0.317666
v 0.458446 0.236823 0.312226
v 0.471609 0.151293 0.295128
v 0.402283 0.817439 0.325438
v 0.398773 0.729716 0.361966
v 0.398773 0.637607 0.379841
v 0.389997 0.602518 0.389167
v 0.391752 0.567977 0.393053
v 0.382100 0.548787 0.391498
v 0.377712 0.575653 0.381395
v 0.461956 0.823470 0.311449
v 0.500568 0.226954 0.298237
v 0.478629 0.086049 0.286579
v 0.475119 0.039995 0.284248
v 0.505833 0.021353 0.253938
v 0.530404 0.009291 0.222073
v 0.547077 0.015322 0.210415
v 0.596220 0.007098 0.147464
v 0.601485 0.015322 0.149795
v 0.614648 0.003809 0.131920
v 0.702402 -0.000577 0.130366
v 0.742769 0.009291 0.060420
v 0.741014 0.001616 0.040990
v 0.756810 0.010388 0.009903
v 0.520751 0.024095 0.260932
v 0.703280 0.001616 0.039436
v 0.684851 0.006002 0.049539
v 0.676953 0.012033 0.070523
v 0.703280 0.013678 0.083735
v 0.698892 0.015871 0.045653
v 0.705035 0.014226 0.032441
v 0.724341 0.016967 0.013789
v 0.746279 0.002712 0.006794
v 0.749789 0.006550 -0.014190
v 0.745402 0.003261 -0.032842
v 0.733116 -0.000029 -0.054603
v 0.710300 0.003261 -0.011081
v 0.712055 0.026288 0.009903
v 0.709422 0.027384 0.026224
v 0.706790 0.024095 0.045653
v 0.713810 0.020805 0.114822
v 0.706790 0.032867 0.047985
v 0.698014 0.037801 0.059642
v 0.699770 0.029029 0.021560
v 0.687484 0.010936 0.002131
v 0.665545 0.011485 0.037104
v 0.670811 0.000519 -0.014190
v 0.678708 0.034512 0.069746
v 0.698892 0.029029 0.108605
v 0.661158 0.000519 -0.049163
v 0.654137 0.006550 0.009126
v 0.655892 0.016967 0.047985
v 0.661158 0.030126 0.071300
v 0.706790 -0.000577 -0.105897
v 0.690994 0.005454 -0.135430
v 0.664668 0.013129 -0.075587
v 0.655892 0.012581 -0.038282
v 0.666423 0.024095 -0.040614
v 0.662035 0.015871 -0.007195
v 0.653260 0.015322 0.027001
v 0.646239 0.026836 0.044099
v 0.658525 0.035608 0.082181
v 0.676953 0.033415 0.109382
v 0.710300 0.033415 0.138915
v 0.712055 0.021353 0.142801
v 0.704157 0.013678 0.142024
v 0.659403 0.013129 0.200312
v 0.645362 0.020257 0.229845
v 0.664668 0.027933 0.246166
v 0.683096 0.015322 0.216633
v 0.689239 0.010388 0.186323
v 0.699770 0.015871 0.180105
v 0.701525 0.041091 0.142801
v 0.673443 0.058087 0.119485
v 0.670811 0.045477 0.103942
v 0.650627 0.045477 0.051093
v 0.673443 0.061925 0.068191
v 0.667301 0.070149 0.071300
v 0.657647 0.064667 0.082181
v 0.662035 0.086049 0.058088
v 0.659403 0.071794 0.041767
v 0.648872 0.054249 0.033218
v 0.650627 0.043284 0.019229
v 0.656770 0.024095 0.016120
v 0.684851 0.024643 -0.015744
v 0.696259 0.033964 -0.037505
v 0.665545 0.053701 0.011457
v 0.700647 0.048219 0.009903
v 0.727851 0.047670 0.010680
v 0.716443 0.046574 0.001354
v 0.714688 0.042736 -0.021962
v 0.690994 0.020257 -0.060821
v 0.693627 0.014774 -0.079473
v 0.732239 0.013129 -0.091908
v 0.729606 0.012581 -0.057712
v 0.723463 0.020257 -0.044500
v 0.741891 0.027384 -0.013413
v 0.737504 0.044381 0.027001
v 0.702402 0.054798 0.028555
v 0.668178 0.061377 0.023115
v 0.713810 0.055894 0.040213
v 0.710300 0.079470 0.054979
v 0.752422 0.054249 0.021560
v 0.756810 0.033415 0.016120
v 0.787524 0.024643 -0.010304
v 0.782258 0.016419 -0.021184
v 0.771728 0.011485 -0.042945
v 0.753300 0.013129 -0.082582
v 0.740136 0.025191 -0.107451
v 0.685729 0.026288 -0.107451
v 0.724341 0.048218 -0.128435
v 0.719953 0.049863 -0.140093
v 0.695382 0.032319 -0.130767
v 0.677831 0.019160 -0.112892
v 0.717320 0.033964 -0.148642
v 0.784014 0.036157 -0.012635
v 0.760320 0.052605 -0.002532
v 0.761197 0.044929 -0.023516
v 0.727851 0.074535 -0.002532
v 0.716443 0.052056 -0.036728
v 0.713810 0.068504 -0.011858
v 0.692749 0.050960 -0.039060
v 0.649750 0.038350 -0.021962
v 0.638341 0.031770 -0.035951
v 0.613770 0.028481 -0.035174
v 0.612015 0.044381 0.006794
v 0.606750 0.021902 -0.032842
v 0.676076 0.054798 -0.009527
v 0.696259 0.091532 0.022338
v 0.690116 0.110721 0.054202
v 0.689239 0.115107 0.070523
v 0.690994 0.102497 0.073632
v 0.670811 0.089339 0.042544
v 0.655892 0.060280 0.023115
v 0.663790 0.099207 0.058088
v 0.655015 0.097014 0.071300
v 0.630444 0.060280 0.096947
v 0.655892 0.094821 0.102387
v 0.670811 0.105787 0.091507
v 0.640097 0.050412 0.095393
v 0.666423 0.060280 0.120262
v 0.689239 0.038350 0.149795
v 0.647995 0.033415 0.130366
v 0.632199 0.032319 0.124926
v 0.636587 0.027384 0.149018
v 0.652382 0.032319 0.166116
v 0.696259 0.023546 0.175442
v 0.676953 0.031222 0.239171
v 0.665545 0.042188 0.260155
v 0.523384 0.030126 0.269481
v 0.508465 0.044929 0.284248
v 0.647995 0.082759 0.281916
v 0.669056 0.053153 0.260155
v 0.672566 0.036157 0.234508
v 0.675198 0.032867 0.208084
v 0.664668 0.029577 0.187100
v 0.641852 0.027933 0.200312
v 0.648872 0.042188 0.230622
v 0.660280 0.051508 0.249274
v 0.640974 0.051508 0.243834
v 0.619036 0.032867 0.203421
v 0.598852 0.028481 0.163785
v 0.602363 0.037801 0.132697
v 0.616403 0.049315 0.120262
v 0.621668 0.069601 0.130366
v 0.667301 0.115107 0.098501
v 0.647995 0.123331 0.070523
v 0.660280 0.101949 0.030109
v 0.643607 0.077825 0.016120
v 0.647995 0.055894 0.000577
v 0.612015 0.054249 0.020783
v 0.603240 0.037253 0.016897
v 0.604995 0.016967 0.041767
v 0.617281 0.006550 -0.026625
v 0.602363 0.004357 0.026224
v 0.610260 -0.000029 -0.025848
v 0.576036 -0.000029 0.048762
v 0.485649 -0.000029 -0.038282
v 0.580424 0.043284 0.159899
v 0.561995 0.007098 0.078295
v 0.595342 0.012033 0.061197
v 0.616403 0.042736 0.060420
v 0.642729 0.088242 0.036327
v 0.638341 0.105787 0.065860
v 0.633954 0.076728 0.058088
v 0.604995 0.035608 0.072854
v 0.558485 0.020257 0.080626
v 0.526016 0.043284 0.103164
v 0.509343 0.072342 0.114045
v 0.495302 0.125524 0.132697
v 0.510221 0.233533 0.156013
v 0.505833 0.275202 0.151350
v 0.508465 0.531791 0.149018
v 0.525139 0.546046 0.166116
v 0.544445 0.463258 0.169225
v 0.557608 0.395821 0.175442
v 0.557608 0.373342 0.185546
v 0.522506 0.340994 0.217410
v 0.517241 0.242854 0.227513
v 0.519874 0.274653 0.247720
v 0.520751 0.384855 0.265595
v 0.532159 0.287812 0.263264
v 0.544445 0.191317 0.250829
v 0.527771 0.213247 0.244611
v 0.537424 0.130459 0.229845
v 0.518996 0.145262 0.215856
v 0.520751 0.211602 0.235285
v 0.612015 0.270267 0.286579
v 0.621668 0.234630 0.295905
v 0.597097 0.315773 0.319221
v 0.559363 0.480802 0.329324
v 0.587444 0.290553 0.323107
v 0.612015 0.237371 0.311449
v 0.630444 0.177062 0.301345
v 0.644484 0.142521 0.281139
v 0.563751 0.353056 0.326992
v 0.533914 0.522471 0.329324
v 0.530404 0.625545 0.326215
v 0.504078 0.730813 0.319221
v 0.489159 0.711075 0.316112
v 0.517241 0.257657 0.299014
v 0.528649 0.075632 0.291242
v 0.549710 0.179803 0.302123
v 0.548832 0.101401 0.222073
v 0.532159 0.114559 0.214301
v 0.556730 0.061925 0.199535
v 0.569893 0.040543 0.182437
v 0.555853 0.049863 0.170779
v 0.543567 0.087146 0.193317
v 0.548832 0.106883 0.163007
v 0.521628 0.131555 0.196426
v 0.513731 0.140876 0.187877
v 0.516363 0.167193 0.203421
v 0.556730 0.275750 0.176997
v 0.559363 0.298229 0.165339
v 0.537424 0.413365 0.162230
v 0.514608 0.453389 0.156790
v 0.519874 0.302067 0.161453
v 0.520751 0.267526 0.156790
v 0.520751 0.219826 0.153681
v 0.551465 0.061925 0.156790
v 0.567261 0.071794 0.103164
v 0.559363 0.094273 0.122594
v 0.541812 0.245595 0.145909
v 0.518996 0.178706 0.136583
v 0.503200 0.116204 0.124926
v 0.504955 0.089887 0.089952
v 0.515486 0.062473 0.068969
v 0.552343 0.057539 0.054202
v 0.602363 0.053153 0.072854
v 0.632199 0.109076 0.070523
v 0.511098 0.134297 0.107828
v 0.615526 0.101949 0.068969
v 0.587444 0.083856 0.051871
v 0.568138 0.080566 0.049539
v 0.524261 0.072342 0.061197
v 0.544445 0.092080 0.064305
v 0.529526 0.081115 0.084512
v 0.515486 0.081115 0.075963
v 0.511098 0.098111 0.084512
v 0.533914 0.196799 0.129589
v 0.552343 0.256012 0.146687
v 0.533037 0.157324 0.111713
v 0.560240 0.246692 0.149018
v 0.545322 0.164451 0.123371
v 0.526894 0.096466 0.098501
v 0.542690 0.152938 0.138138
v 0.561118 0.245595 0.159899
v 0.542690 0.182544 0.161453
v 0.526894 0.180351 0.183991
v 0.519874 0.154034 0.180883
v 0.521628 0.116752 0.150572
v 0.533037 0.116204 0.163007
v 0.549710 0.101949 0.108605
v 0.552343 0.099207 0.081403
v 0.562873 0.086597 0.058865
v 0.579546 0.068504 0.094615
v 0.570771 0.055346 0.156013
v 0.590954 0.064667 0.150572
v 0.624301 0.106335 0.110936
v 0.630444 0.120042 0.086844
v 0.606750 0.109625 0.082958
v 0.624301 0.115656 0.076740
v 0.590077 0.093725 0.061197
v 0.604118 0.087146 0.121817
v 0.576914 0.083308 0.064305
v 0.499690 0.867880 0.074409
v 0.503200 0.767546 0.058088
v 0.510221 0.760419 0.071300
v 0.523384 0.729168 0.074409
v 0.527771 0.830049 0.092284
v 0.511976 0.730813 0.061974
v 0.511098 0.717106 0.040213
v 0.526016 0.698465 0.015343
v 0.547955 0.561398 0.002908
v 0.562873 0.419396 -0.005641
v 0.536547 0.452841 0.009126
v 0.543567 0.323997 0.000577
v 0.550588 0.252174 -0.004864
v 0.528649 0.464902 0.022338
v 0.521628 0.554818 0.040213
v 0.541812 0.422686 0.032441
v 0.524261 0.561398 0.021560
v 0.519874 0.601970 0.038658
v 0.526894 0.586618 0.051093
v 0.515486 0.685855 0.060419
v 0.525139 0.613483 0.023115
v 0.510221 0.692982 0.050316
v 0.579546 0.584973 0.069746
v 0.593587 0.518633 0.062751
v 0.581301 0.552625 0.059642
v 0.568138 0.539467 0.053425
v 0.617281 0.337156 0.027778
v 0.633076 0.303163 0.030887
v 0.599730 0.428717 0.041767
v 0.634832 0.317418 0.043322
v 0.618158 0.392531 0.047207
v 0.598852 0.502733 0.067414
v 0.605872 0.460516 0.073632
v 0.546200 0.313032 0.158344
vn -0.2552 0.8469 -0.4665
vn -0.3200 0.8309 -0.4552
vn 0.1191 0.9474 -0.2971
vn -0.0551 0.9153 -0.3990
vn -0.9128 0.0963 -0.3969
vn -0.2618 0.7876 0.5578
vn -0.8730 0.3210 0.3672
vn -0.8829 0.2658 -0.3870
vn -0.6647 0.7023 -0.2549
vn -0.5791 0.4437 -0.6840
vn -0.4937 0.7796 -0.3855
vn -0.5453 0.8382 0.0123
vn 0.1734 0.9840 0.0403
vn 0.1898 0.9818 0.0072
vn 0.2754 0.9613 0.0083
vn 0.1890 0.9803 0.0577
vn 0.8144 0.5367 -0.2205
vn 0.4068 0.4977 -0.7660
vn 0.5613 0.4291 -0.7076
vn -0.2632 0.8496 0.4571
vn -0.2456 0.8944 0.3739
vn -0.4184 0.9073 0.0409
vn -0.3484 0.9088 0.2295
vn -0.1959 0.9667 0.1646
vn -0.1825 0.9704 0.1583
vn -0.2229 0.8987 0.3777
vn 0.0317 0.1166 -0.9927
vn -0.1526 0.0810 -0.9850
vn -0.2587 0.0616 -0.9640
vn 0.3282 0.0837 -0.9409
vn 0.3263 0.3950 -0.8588
vn 0.1828 0.1321 -0.9742
vn 0.1750 0.0941 -0.9801
vn 0.1386 0.1194 -0.9831
vn 0.7906 -0.0982 -0.6045
vn 0.9454 0.0491 -0.3221
vn 0.2921 0.0291 -0.9559
vn 0.6115 -0.0970 -0.7853
vn -0.9182 0.3330 -0.2147
vn -0.8811 0.3196 -0.3485
vn -0.5657 0.2939 -0.7704
vn -0.5389 0.3440 -0.7689
vn -0.4890 0.3013 -0.8186
vn -0.9520 0.2675 -0.1491
vn -0.9481 0.3046 0.0911
vn 0.7100 -0.0721 -0.7006
vn 0.9762 -0.2062 0.0667
vn 0.7857 0.0156 0.6184
vn 0.7990 0.0527 0.5991
vn 0.8368 -0.1861 0.5149
vn 0.7908 -0.0426 0.6106
vn 0.8988 -0.0040 0.4384
vn -0.2099 0.1915 -0.9588
vn 0.7037 0.3413 -0.6232
vn 0.1589 0.7894 -0.5930
vn 0.4301 0.3557 -0.8298
vn 0.8076 0.5464 -0.2219
vn 0.9109 0.1717 -0.3751
vn 0.6280 0.4051 -0.6645
vn 0.5681 0.3637 -0.7382
vn 0.7829 0.4115 -0.4667
vn -0.1958 0.7131 0.6732
vn -0.1899 0.9817 0.0107
vn -0.6491 0.7394 0.1788
vn -0.6304 0.7455 0.2165
vn 0.2565 0.4487 0.8561
vn 0.7225 0.6578 -0.2130
vn 0.8961 0.2103 0.3908
vn 0.5546 0.3957 0.7320
vn 0.5206 0.6717 0.5271
vn 0.8498 0.5066 -0.1456
vn 0.7115 0.6939 0.1107
vn 0.4710 0.8707 0.1413
vn 0.5515 0.8304 0.0789
vn 0.5111 0.8580 0.0517
vn 0.7457 -0.0224 -0.6659
vn 0.6928 0.0142 -0.7210
vn 0.1828 0.1173 -0.9761
vn 0.5084 0.1506 -0.8479
vn 0.7451 0.3516 0.5668
vn 0.5285 -0.1065 0.8422
vn 0.8694 -0.2220 0.4413
vn 0.8425 -0.2815 0.4593
vn -0.0672 -0.9846 0.1611
vn 0.3834 -0.8117 0.4406
vn 0.6922 -0.4472 0.5664
vn 0.7323 0.1220 0.6699
vn 0.8990 0.4240 -0.1092
vn 0.9804 -0.0735 -0.1829
vn 0.8517 -0.5100 -0.1204
vn 0.9675 0.2133 -0.1361
vn 0.1871 0.6484 -0.7379
vn 0.5653 0.2584 -0.7834
vn 0.3438 0.6084 -0.7153
vn 0.2128 0.8275 -0.5196
vn 0.2196 0.8611 -0.4586
vn 0.3537 0.5418 -0.7625
vn 0.5958 0.2841 -0.7512
vn 0.4391 0.0891 -0.8940
vn -0.1278 0.9598 0.2498
vn -0.1067 0.9461 0.3059
vn -0.3020 0.8095 0.5034
vn -0.1769 0.9684 0.1755
vn 0.7815 0.0149 0.6237
vn 0.8848 0.0633 0.4617
vn 0.8694 0.0308 0.4931
vn 0.6334 0.0202 0.7736
vn 0.6001 -0.0596 0.7977
vn -0.2330 0.8767 -0.4208
vn -0.3592 0.6516 -0.6682
vn -0.7658 0.6179 0.1781
vn -0.6663 0.7432 -0.0600
vn -0.7309 0.6458 -0.2208
vn -0.7471 0.6639 -0.0332
vn -0.7024 0.7018 0.1188
vn 0.9832 -0.0097 0.1823
vn 0.9682 -0.1185 -0.2205
vn 0.8578 -0.0890 -0.5062
vn 0.9886 -0.1234 -0.0858
vn -0.4136 0.8331 -0.3673
vn -0.6663 0.6373 -0.3872
vn 0.5724 0.1145 -0.8119
vn 0.9232 -0.0676 -0.3784
vn 0.7607 0.0463 -0.6474
vn 0.8444 0.3710 -0.3865
vn -0.0942 0.9838 0.1527
vn -0.1605 0.9553 0.2484
vn 0.1361 0.9902 0.0309
vn 0.1038 0.9572 0.2701
vn -0.3796 0.7563 0.5328
vn -0.1828 0.9393 -0.2904
vn 0.4169 0.9018 -0.1142
vn -0.0923 0.9595 -0.2663
vn 0.1373 0.6494 -0.7479
vn 0.1817 0.8175 -0.5465
vn 0.0072 0.5145 -0.8575
vn 0.0250 0.3673 -0.9298
vn -0.0740 0.3022 -0.9504
vn 0.2008 0.1588 -0.9667
vn 0.1096 0.8014 -0.5880
vn 0.2367 -0.9100 0.3404
vn 0.2788 -0.9143 0.2938
vn 0.5469 -0.5124 0.6621
vn 0.9218 0.0972 0.3752
vn 0.5231 0.1807 -0.8329
vn 0.4935 0.3277 -0.8057
vn 0.1834 0.0530 -0.9816
vn 0.1899 0.1032 -0.9764
vn 0.2651 0.2253 -0.9375
vn 0.1449 -0.9600 -0.2396
vn 0.1881 -0.9655 -0.1801
vn 0.2302 -0.9401 -0.2514
vn 0.2068 -0.9635 -0.1699
vn 0.1671 -0.9748 -0.1479
vn 0.5006 -0.7567 -0.4205
vn 0.2330 -0.9240 -0.3033
vn 0.2239 -0.9663 -0.1269
vn 0.3396 -0.9321 -0.1261
vn 0.1991 -0.9763 -0.0852
vn -0.6084 0.6312 -0.4811
vn 0.0218 0.9618 -0.2728
vn 0.4418 -0.2564 0.8597
vn 0.5103 -0.4725 0.7185
vn 0.4802 0.8725 0.0906
vn 0.2641 0.8654 -0.4259
vn 0.1360 0.9743 -0.1798
vn 0.5071 0.7409 -0.4403
vn 0.8261 0.1466 -0.5442
vn 0.8598 -0.1166 -0.4971
vn 0.9574 -0.2744 0.0894
vn 0.2807 -0.1623 0.9460
vn 0.1997 -0.2284 0.9528
vn -0.2748 -0.0697 0.9590
vn -0.1860 -0.1059 0.9768
vn -0.0013 0.9985 -0.0553
vn 0.0094 0.9999 -0.0131
vn -0.0207 0.9997 -0.0134
vn -0.0674 0.9875 -0.1427
vn 0.0826 0.9964 -0.0204
vn 0.1019 0.9946 0.0215
vn 0.3346 0.9268 -0.1707
vn 0.1349 0.9876 -0.0800
vn 0.1379 0.9353 -0.3257
vn -0.0022 0.7723 -0.6352
vn 0.0017 0.7328 -0.6804
vn 0.0546 0.8088 -0.5855
vn -0.3766 0.6859 -0.6226
vn -0.1350 0.2871 -0.9483
vn -0.2739 0.3225 -0.9061
vn -0.2603 0.6357 -0.7267
vn -0.3128 0.9054 -0.2870
vn -0.1951 0.9562 -0.2183
vn -0.1849 0.8964 -0.4028
vn 0.3226 0.9359 0.1415
vn 0.0577 0.9977 0.0351
vn 0.4811 0.8767 -0.0067
vn 0.3427 0.9388 -0.0345
vn 0.2206 0.9256 -0.3075
vn 0.4468 0.8897 -0.0934
vn -0.2510 0.9385 0.2373
vn -0.1378 0.9579 0.2518
vn -0.3283 0.8531 0.4055
vn -0.2884 0.9432 0.1646
vn -0.0057 0.7079 -0.7063
vn 0.6770 0.5999 0.4263
vn 0.8104 -0.2522 0.5288
vn 0.7091 0.5632 0.4243
vn 0.6061 -0.5807 0.5435
vn 0.9657 0.0381 0.2569
vn 0.8563 -0.0527 0.5138
vn 0.1432 0.9888 0.0415
vn 0.8986 0.3325 0.2864
vn 0.8898 0.0605 0.4524
vn 0.4989 0.8454 -0.1905
vn -0.3276 0.7551 -0.5679
vn 0.5315 0.6764 -0.5100
vn 0.9826 0.1397 -0.1225
vn 0.9829 -0.1582 0.0948
vn -0.3040 0.8008 0.5159
vn -0.4546 0.7169 0.5286
vn -0.0510 0.9948 0.0876
vn -0.1374 0.9153 0.3785
vn -0.3884 0.9145 -0.1133
vn -0.9599 0.2726 -0.0653
vn -0.9226 0.2726 -0.2731
vn -0.8910 0.2635 -0.3697
vn 0.8196 0.0302 -0.5722
vn -0.4778 0.4084 0.7778
vn -0.6014 0.3824 0.7015
vn -0.8142 0.4366 0.3827
vn -0.8423 0.4446 0.3046
vn -0.7886 0.4554 0.4131
vn -0.3269 0.3132 0.8916
vn -0.7950 0.2875 0.5342
vn -0.9059 0.3470 0.2428
vn -0.1252 0.3914 -0.9117
vn -0.1760 0.3145 -0.9328
vn -0.1090 0.5723 -0.8127
vn 0.0567 0.5620 -0.8252
vn 0.1271 0.5427 -0.8303
vn -0.9043 0.3406 0.2574
vn -0.8697 0.4415 -0.2205
vn -0.5597 0.2198 -0.7990
vn -0.2609 0.5294 -0.8073
vn 0.2368 0.0404 -0.9707
vn 0.4576 0.8873 0.0582
vn -0.0839 0.9930 0.0832
vn 0.0794 0.9659 0.2466
vn 0.0043 0.9825 0.1862
vn 0.4239 0.9040 0.0548
vn 0.9450 0.1497 0.2907
vn 0.9832 0.1771 0.0451
vn 0.9483 0.1491 -0.2802
vn 0.9835 0.1778 0.0323
vn 0.1810 0.1896 -0.9650
vn -0.5042 -0.0362 -0.8628
vn -0.6508 -0.0160 -0.7591
vn -0.0346 0.1607 -0.9864
vn -0.3062 0.7681 -0.5624
vn -0.1521 0.8124 -0.5630
vn 0.3987 0.5637 -0.7234
vn -0.0461 0.6109 -0.7903
vn 0.7504 0.2174 0.6242
vn 0.7902 -0.1905 0.5824
vn -0.0941 0.7927 0.6022
vn 0.9796 0.0327 0.1981
vn 0.1790 0.9836 -0.0201
vn -0.1012 0.9945 0.0255
vn -0.3054 0.9463 0.1056
vn -0.1473 0.9884 0.0356
vn -0.4067 0.9132 0.0269
vn -0.2552 0.9649 0.0618
vn -0.0617 0.9724 0.2251
vn -0.0269 0.9989 0.0389
vn 0.1331 0.9747 -0.1795
vn 0.3587 0.9267 -0.1124
vn -0.2797 0.9532 -0.1145
vn -0.4173 0.9004 -0.1232
vn -0.7033 0.6324 -0.3247
vn -0.3861 0.8605 -0.3325
vn 0.0881 0.8174 0.5692
vn 0.0225 0.5347 0.8448
vn 0.1344 0.6104 0.7806
vn 0.0368 0.8186 0.5732
vn -0.3356 -0.6283 0.7019
vn -0.3695 -0.5534 0.7465
vn -0.1733 -0.4601 0.8708
vn 0.3721 0.6344 -0.6775
vn 0.9117 0.0130 0.4106
vn 0.6025 0.7897 -0.1156
vn 0.1635 0.8828 -0.4403
vn 0.2708 0.1316 -0.9536
vn 0.7984 0.0755 -0.5973
vn 0.1096 0.1515 -0.9824
vn 0.0958 0.1037 -0.9900
vn -0.8920 0.3475 0.2889
vn -0.8482 0.1801 0.4981
vn -0.8987 0.2297 0.3736
vn -0.8762 0.4069 0.2583
vn -0.4006 0.0004 0.9162
vn -0.0277 -0.1044 0.9942
vn 0.0553 -0.2395 0.9693
vn -0.7321 0.1396 0.6667
vn -0.5871 0.1732 0.7908
vn -0.4997 0.1291 0.8566
vn -0.5226 0.0378 0.8517
vn -0.7925 0.0455 0.6081
vn 0.8438 0.0316 -0.5358
vn 0.9999 -0.0012 -0.0125
vn 0.9763 0.1002 -0.1916
vn 0.6461 0.0450 0.7619
vn 0.4571 0.0206 0.8892
vn 0.2670 0.0082 0.9636
vn 0.1723 0.0109 0.9850
vn 0.2173 0.0112 0.9760
vn 0.0263 0.0325 0.9991
vn 0.4581 0.0478 0.8876
vn 0.9702 0.2418 -0.0188
vn 0.8514 0.5145 0.1025
vn 0.8045 0.3846 0.4526
vn 0.8617 0.1419 0.4871
vn 0.8528 0.1971 0.4837
vn 0.3333 -0.0072 0.9428
vn 0.0480 -0.1479 0.9878
vn 0.3547 -0.2395 0.9038
vn 0.9152 0.0168 -0.4028
vn 0.9931 0.0517 0.1051
vn 0.3169 0.0629 -0.9464
vn 0.3737 0.0057 -0.9275
vn -0.2902 0.0222 -0.9567
vn -0.0356 0.0616 -0.9975
vn 0.9825 -0.1011 0.1563
vn 0.8878 -0.0631 -0.4560
vn 0.7726 0.0905 -0.6284
vn 0.2706 0.2360 -0.9333
vn -0.2199 0.2353 0.9467
vn 0.1728 0.0958 0.9803
vn -0.2160 0.1799 0.9597
vn 0.1539 0.7220 -0.6746
vn -0.7343 0.1415 -0.6639
vn -0.7387 0.2559 -0.6236
vn -0.7890 0.1797 -0.5875
vn -0.7772 0.1312 -0.6154
vn 0.2208 0.9723 -0.0764
vn 0.7102 -0.0498 -0.7022
vn 0.9897 -0.0698 -0.1252
vn 0.9168 -0.0276 -0.3984
vn 0.9605 -0.2281 -0.1592
vn 0.5029 0.0199 -0.8641
vn 0.5841 -0.0020 -0.8117
vn 0.7806 0.0156 -0.6249
vn -0.0924 0.9845 -0.1491
vn 0.1318 0.8632 -0.4873
vn -0.2445 0.4942 -0.8342
vn -0.2966 0.2159 -0.9303
vn -0.1003 0.9932 -0.0589
vn -0.2537 0.8973 -0.3611
vn 0.4818 0.6522 -0.5853
vn 0.9515 0.3060 0.0309
vn 0.9088 -0.4043 -0.1026
vn 0.9758 -0.0558 0.2112
vn 0.0066 0.9996 0.0272
vn 0.2631 0.9647 0.0142
vn 0.2716 0.9395 0.2088
vn 0.2733 0.8981 0.3446
vn 0.1605 0.9658 0.2037
vn -0.0284 0.9909 0.1315
vn 0.2526 -0.9093 0.3307
vn 0.2598 -0.9029 0.3424
vn 0.1692 -0.9823 0.0806
vn 0.3281 -0.9352 0.1330
vn 0.4801 -0.8689 -0.1202
vn 0.9861 -0.0980 0.1341
vn 0.4545 -0.0190 0.8905
vn 0.8131 0.0892 0.5753
vn 0.8668 0.1143 0.4855
vn 0.6141 0.0320 0.7886
vn 0.9179 -0.0518 -0.3935
vn 0.7737 0.0051 -0.6336
vn 0.6817 0.0422 -0.7304
vn 0.5557 0.0696 -0.8284
vn 0.7265 -0.0356 -0.6862
vn 0.4384 -0.0313 -0.8982
vn 0.6883 -0.0023 -0.7254
vn -0.1828 0.7305 -0.6580
vn -0.0587 0.7485 -0.6605
vn 0.8052 0.5900 0.0598
vn 0.2405 0.6717 -0.7007
vn 0.0907 0.9863 -0.1379
vn 0.8303 0.1870 -0.5250
vn 0.0447 0.9983 -0.0385
vn 0.0162 0.1251 -0.9920
vn -0.3001 0.0076 -0.9539
vn -0.3039 0.5292 -0.7922
vn 0.0716 0.4732 -0.8780
vn 0.0674 0.0920 -0.9935
vn -0.4404 0.1713 -0.8813
vn -0.1923 0.1344 -0.9721
vn -0.1734 0.1796 -0.9683
vn -0.0697 0.8702 -0.4878
vn 0.3100 0.1278 0.9421
vn 0.1304 0.1767 0.9756
vn 0.1433 -0.0363 0.9890
vn 0.1624 0.0947 0.9822
vn 0.1498 0.1336 0.9797
vn 0.0942 0.1987 0.9755
vn 0.9644 -0.0289 -0.2630
vn 0.9810 -0.1426 -0.1316
vn 0.7418 -0.1412 -0.6555
vn 0.8836 0.0804 -0.4613
vn -0.9875 -0.0182 -0.1563
vn -0.9872 -0.0280 0.1569
vn -0.9761 -0.0223 0.2162
vn -0.9184 0.0234 0.3951
vn -0.8802 0.0149 0.4744
vn -0.7502 0.1785 0.6367
vn -0.9948 0.0630 0.0800
vn -0.0651 0.9979 0.0022
vn 0.1873 0.9796 -0.0722
vn 0.3686 0.9140 -0.1696
vn -0.3505 0.8896 -0.2928
vn -0.1377 0.9236 -0.3578
vn -0.2130 0.2855 -0.9344
vn 0.3343 -0.1180 -0.9351
vn -0.0851 -0.2389 -0.9673
vn -0.2868 0.0921 -0.9536
vn 0.4818 0.2414 -0.8424
vn -0.1813 -0.2235 -0.9577
vn 0.8860 0.4202 -0.1960
vn 0.8263 0.1972 -0.5276
vn 0.7165 0.3964 -0.5740
vn 0.7058 0.6321 -0.3198
vn 0.7005 0.1907 -0.6877
vn 0.9791 0.1501 0.1376
vn 0.7639 0.6217 0.1730
vn -0.6985 0.1607 0.6973
vn -0.8861 0.2724 0.3751
vn -0.9299 0.3191 0.1828
vn -0.3411 -0.0231 0.9397
vn 0.4968 0.8340 -0.2400
vn 0.5542 0.6905 -0.4648
vn 0.2922 0.8911 -0.3472
vn 0.9059 0.4205 0.0501
vn 0.6843 0.6387 -0.3519
vn 0.7928 0.4293 -0.4327
vn 0.6295 0.2548 -0.7341
vn 0.7186 0.5642 0.4065
vn 0.8273 0.3487 0.4404
vn 0.3856 0.9204 0.0648
vn 0.3642 -0.8663 0.3418
vn 0.4831 -0.8703 0.0955
vn 0.3842 -0.9085 0.1646
vn 0.4030 -0.8826 0.2422
vn 0.4677 -0.7502 0.4673
vn 0.4866 -0.8521 0.1926
vn 0.5363 -0.0568 -0.8421
vn 0.0464 -0.3170 -0.9473
vn 0.1188 -0.0612 -0.9910
vn 0.3053 0.1560 -0.9394
vn 0.1764 0.1100 -0.9782
vn 0.7911 0.1565 -0.5914
vn 0.7171 0.1507 -0.6805
vn -0.7882 0.0381 0.6143
vn -0.8369 -0.0306 0.5465
vn -0.8506 0.0179 0.5255
vn -0.9472 -0.0049 0.3206
vn -0.7978 0.1447 0.5853
vn -0.9940 -0.0566 0.0938
vn -0.9308 -0.0566 0.3612
vn -0.8968 -0.0425 0.4404
vn -0.8312 -0.0821 0.5499
vn -0.9623 -0.0580 -0.2658
vn -0.9934 -0.0371 -0.1086
vn -0.9275 0.0457 0.3711
vn -0.3996 -0.2781 -0.8735
vn -0.0575 -0.1668 -0.9843
vn -0.6063 -0.0643 -0.7927
vn 0.2179 -0.0625 -0.9740
vn 0.9106 -0.0000 -0.4133
vn 0.9972 -0.0752 -0.0025
vn 0.3521 0.1943 0.9156
vn 0.5874 0.0569 0.8073
vn 0.6519 0.7579 -0.0247
vn 0.7508 0.6358 0.1790
vn 0.9534 0.3005 0.0283
vn 0.9509 0.2473 0.1860
vn 0.6718 0.7000 0.2422
vn 0.5693 0.8026 0.1783
vn 0.1925 0.9811 -0.0174
vn 0.5212 0.0407 -0.8525
vn 0.1521 -0.0603 -0.9865
vn -0.0068 -0.0669 -0.9977
vn -0.5160 -0.2048 -0.8318
vn -0.1360 -0.0755 -0.9878
vn 0.1482 -0.0922 -0.9847
vn -0.1592 -0.2355 -0.9588
vn -0.3913 -0.0776 -0.9170
vn 0.4051 -0.2101 0.8898
vn 0.8720 0.0067 0.4894
vn 0.8551 -0.1588 0.4935
vn 0.7913 0.5781 -0.1993
vn 0.9364 0.2431 -0.2530
vn 0.7940 0.3253 -0.5136
vn 0.8924 0.1839 -0.4120
vn 0.9059 0.1335 -0.4019
vn 0.9988 -0.0320 -0.0359
vn 0.8241 0.1638 -0.5423
vn 0.8981 0.1949 -0.3941
vn -0.8936 0.0276 -0.4480
vn -0.7723 0.2125 0.5986
vn -0.9717 0.1202 0.2033
vn -0.8266 0.4586 -0.3264
vn -0.8130 0.0483 -0.5803
vn -0.0010 0.9999 -0.0122
vn -0.0299 0.9995 -0.0087
vn 0.0618 0.9946 -0.0835
vn -0.0319 0.9608 0.2753
vn 0.1971 0.9583 0.2070
vn -0.4379 0.6607 -0.6097
vn -0.1971 0.9575 -0.2105
vn -0.9557 0.2017 0.2142
vn -0.9677 0.2520 -0.0031
vn -0.8000 0.4505 -0.3962
vn -0.3846 0.3326 -0.8611
vn -0.9605 0.2536 -0.1143
vn 0.3445 0.3234 -0.8813
vn 0.5989 0.0963 -0.7950
vn 0.2980 0.0488 -0.9533
vn -0.8989 -0.3737 -0.2286
vn -0.0700 -0.8288 0.5551
vn -0.2448 -0.9382 0.2447
vn 0.1317 -0.9259 0.3541
vn 0.3820 0.3529 0.8541
vn 0.1138 0.4163 0.9021
vn 0.2792 0.3599 0.8903
vn 0.7078 0.1608 0.6879
vn 0.5567 0.2042 0.8052
vn 0.2849 0.0827 0.9550
vn 0.3491 0.3746 0.8589
vn 0.3709 0.2809 0.8851
vn -0.6392 -0.7598 0.1192
vn -0.1514 -0.9588 0.2405
vn -0.1241 -0.9192 0.3738
vn -0.3544 -0.6834 0.6383
vn -0.5937 -0.5649 0.5731
vn -0.5388 -0.7142 0.4468
vn 0.3250 0.3134 -0.8923
vn 0.8854 -0.0429 -0.4629
vn 0.2673 0.1769 -0.9472
vn -0.7832 0.4039 -0.4727
vn -0.8336 -0.2834 -0.4741
vn -0.3849 -0.6696 0.6352
vn -0.2943 -0.7357 0.6100
vn -0.5242 -0.0526 0.8499
vn -0.5079 -0.0002 0.8614
vn 0.2541 -0.2656 -0.9300
vn 0.4577 -0.0276 -0.8887
vn -0.0758 -0.1836 -0.9801
vn 0.4611 -0.8840 0.0764
vn 0.3133 -0.9355 0.1633
vn 0.4165 -0.8824 0.2189
vn 0.5490 -0.8295 0.1024
vn 0.8503 0.1879 0.4916
vn 0.9634 0.1670 0.2098
vn 0.8939 0.2138 0.3941
vn 0.4162 0.1695 0.8934
vn -0.0416 0.1022 0.9939
vn -0.0679 0.3186 0.9454
vn -0.0362 0.4020 0.9149
vn -0.0333 0.3089 0.9505
vn -0.0240 0.0447 0.9987
vn -0.3150 0.1053 -0.9432
vn -0.3524 0.0472 -0.9346
vn -0.1081 0.2277 -0.9677
vn -0.3506 -0.0020 -0.9365
vn -0.5334 -0.0239 -0.8455
vn 0.9574 -0.2022 0.2061
vn 0.9421 -0.1489 0.3004
vn 0.1352 -0.9902 0.0343
vn 0.9948 -0.0754 -0.0677
vn -0.6088 0.2548 -0.7513
vn -0.5300 0.3434 -0.7754
vn -0.7458 0.3455 -0.5695
vn -0.7258 0.3405 -0.5977
vn -0.7082 0.3092 -0.6347
vn 0.3362 -0.5948 0.7302
vn 0.1067 -0.4267 0.8981
vn -0.0942 -0.7274 0.6797
vn 0.2006 -0.7741 0.6004
vn 0.7714 0.3985 -0.4962
vn -0.2879 -0.1147 -0.9508
vn 0.7431 0.3383 -0.5774
vn 0.8970 0.4413 0.0262
vn -0.5919 0.6560 -0.4682
vn -0.5501 0.8162 -0.1769
vn -0.2917 0.9115 -0.2899
vn -0.2250 0.7141 -0.6629
vn -0.5688 -0.2476 -0.7843
vn 0.0463 0.4177 0.9074
vn -0.0261 0.4699 0.8823
vn -0.1241 0.4896 0.8631
vn -0.2537 0.3702 0.8936
vn -0.2834 0.2363 0.9294
vn -0.0544 0.2324 0.9711
vn 0.0001 0.3742 0.9273
vn -0.3676 -0.1787 -0.9127
vn 0.7686 0.2778 -0.5762
vn 0.8229 0.1757 -0.5403
vn 0.9446 0.2891 -0.1552
vn 0.9026 0.1819 -0.3902
vn 0.9078 0.0901 -0.4097
vn 0.8997 0.0450 -0.4342
vn 0.5328 0.0381 -0.8454
vn 0.5007 0.0173 -0.8655
vn -0.2370 0.1067 0.9656
vn -0.4995 -0.0766 0.8629
vn -0.4113 -0.0600 0.9095
vn 0.4896 0.1724 0.8547
vn 0.5190 0.1300 0.8448
vn 0.2972 0.1589 0.9415
vn 0.9907 0.1281 0.0457
vn 0.3459 0.0719 -0.9355
vn 0.3125 0.0112 -0.9499
vn 0.4177 0.0878 -0.9043
vn 0.0344 0.9994 0.0051
vn -0.0533 0.9950 -0.0839
vn -0.3196 0.9475 0.0047
vn -0.0992 0.9920 -0.0786
vn -0.3348 0.9403 -0.0609
vn -0.1665 0.9745 -0.1507
vn -0.0125 0.9969 -0.0771
vn 0.1140 0.9910 -0.0699
vn 0.1932 0.9795 0.0577
vn 0.2630 0.9635 0.0505
vn 0.1002 0.9945 -0.0314
vn -0.1558 0.9877 0.0116
vn -0.4081 0.0433 -0.9119
vn 0.2963 0.1335 -0.9457
vn -0.5346 -0.0242 -0.8447
vn 0.2900 0.0649 -0.9548
vn -0.0715 0.1600 -0.9845
vn 0.8856 -0.0604 -0.4605
vn 0.4693 0.0868 -0.8787
vn 0.1457 0.1352 -0.9800
vn 0.8520 0.0660 -0.5193
vn 0.3116 0.3706 -0.8750
vn -0.6749 -0.0613 -0.7353
vn -0.6691 -0.0781 -0.7391
vn -0.8825 -0.2989 -0.3631
vn -0.6085 -0.0624 -0.7911
vn -0.7300 0.1624 0.6639
vn -0.5587 0.3293 0.7612
vn -0.2525 0.3182 0.9138
vn -0.3563 0.1349 0.9246
vn -0.2733 0.1244 0.9538
vn 0.0682 -0.9894 -0.1281
vn -0.0019 -0.9993 -0.0377
vn -0.1748 -0.9838 -0.0403
vn 0.0973 0.0169 -0.9951
vn 0.4899 -0.0227 -0.8715
vn 0.9894 -0.1204 0.0807
vn 0.9661 -0.1055 -0.2358
vn 0.4800 0.2291 -0.8468
vn 0.4235 0.1945 -0.8847
vn 0.2695 0.1965 -0.9427
vn 0.2961 0.2117 -0.9314
vn 0.1928 0.1660 -0.9671
vn 0.9886 -0.0217 0.1488
vn -0.5817 0.1663 0.7962
vn 0.9837 0.1797 0.0068
vn 0.9412 0.1894 0.2797
vn 0.9254 0.2094 -0.3160
vn 0.9029 0.2092 -0.3754
vn 0.8912 -0.0423 0.4515
vn 0.9400 -0.0052 0.3411
vn 0.0933 0.0227 -0.9954
vn -0.0430 -0.0076 -0.9990
vn 0.9915 -0.0064 -0.1301
vn 0.6032 0.0022 -0.7975
vn -0.9865 0.0693 -0.1485
vn -0.9717 0.0655 -0.2271
vn -0.8723 0.0483 -0.4867
vn -0.9905 0.1268 0.0534
vn -0.9986 0.0320 -0.0413
vn 0.9277 0.0635 -0.3679
vn -0.9854 0.0600 -0.1592
vn -0.9868 0.0564 0.1521
vn -0.8993 0.0838 0.4291
vn -0.8957 0.0009 0.4447
vn -0.9712 0.0537 0.2323
vn -0.9834 0.0659 0.1692
vn -0.0934 0.0217 -0.9954
vn -0.0395 -0.2205 0.9746
vn 0.3275 -0.5854 0.7416
vn 0.4529 -0.4493 0.7701
vn 0.3713 -0.3874 0.8438
vn 0.8626 -0.0649 -0.5018
vn 0.9033 -0.0517 -0.4259
vn 0.9813 -0.0880 -0.1712
vn -0.3325 -0.1303 -0.9341
vn -0.0698 0.9975 -0.0063
vn -0.1017 0.9864 -0.1289
vn 0.9126 0.3908 -0.1201
vn 0.6901 0.7095 0.1425
vn 0.7592 0.5705 -0.3132
vn -0.2480 0.9300 -0.2714
vn -0.0763 0.9970 -0.0086
vn -0.0339 0.9883 0.1484
vn -0.1100 0.9896 -0.0924
vn -0.1431 0.0836 -0.9862
vn -0.3533 -0.0137 -0.9354
vn 0.5495 -0.6975 -0.4600
vn 0.5708 -0.2879 -0.7690
vn 0.7138 -0.3040 -0.6309
vn 0.9050 -0.3578 -0.2302
vn -0.1610 0.9424 0.2931
vn 0.0288 0.3843 0.9228
vn 0.0583 0.1478 0.9873
vn 0.1281 0.9864 0.1030
vn -0.2243 -0.3207 -0.9202
vn -0.4654 -0.2575 -0.8468
vn -0.5820 0.7939 -0.1762
vn -0.5967 0.7684 -0.2311
vn -0.4980 0.7766 -0.3859
vn -0.5121 0.7753 -0.3696
vn -0.2851 0.8396 -0.4623
vn -0.4392 0.8556 -0.2738
vn -0.5023 0.8565 -0.1187
vn -0.6028 0.7845 -0.1455
vn 0.1501 0.7984 -0.5832
vn -0.2778 0.3946 0.8759
vn -0.0407 0.3855 0.9218
vn -0.0905 0.6387 0.7641
vn 0.1281 0.9535 -0.2728
vn -0.2809 -0.2191 0.9344
vn -0.3167 -0.1900 0.9293
vn -0.0284 -0.2397 0.9704
vn -0.9068 0.4145 -0.0766
vn -0.7354 0.2800 -0.6170
vn -0.6455 0.1199 -0.7542
vn 0.9520 -0.1380 0.2733
vn 0.7784 -0.0886 0.6215
vn 0.8008 -0.0556 0.5963
vn 0.9980 -0.0155 0.0611
vn 0.8590 -0.4792 0.1803
vn 0.7899 -0.4302 -0.4370
vn 0.7901 -0.5652 0.2374
vn 0.8595 -0.4801 0.1756
vn 0.9281 -0.2931 0.2296
vn 0.9403 -0.3315 0.0778
vn -0.8908 0.2467 0.3815
vn -0.8722 0.2757 0.4040
vn -0.8768 0.4725 0.0887
vn -0.8856 0.4525 -0.1049
vn -0.9226 0.3856 0.0069
vn -0.9543 0.2564 0.1536
vn 0.1609 0.9829 -0.0894
vn 0.1754 0.9801 0.0931
vn 0.2821 0.9530 -0.1107
vn -0.0773 0.9856 -0.1502
vn 0.3611 0.9316 -0.0426
vn 0.0325 0.9994 -0.0153
vn -0.0586 0.9946 0.0859
vn -0.1609 0.9725 -0.1681
vn -0.1153 0.9903 -0.0777
vn 0.1411 0.9897 0.0230
vn 0.1162 0.9903 0.0757
vn 0.1211 0.9865 0.1099
vn -0.0575 0.9908 0.1229
vn -0.0217 0.9983 0.0540
vn 0.0268 0.9919 -0.1244
vn 0.0620 0.9543 -0.2925
vn 0.0007 0.9238 -0.3829
vn -0.1583 0.9620 -0.2226
vn -0.2117 0.9423 -0.2591
vn -0.0134 0.9994 -0.0324
vn -0.1007 0.9940 -0.0435
vn 0.0102 0.9948 0.1017
vn 0.1691 0.9438 0.2842
vn 0.2148 0.9462 0.2419
vn 0.4111 0.8389 0.3566
vn -0.4745 0.0519 0.8787
vn -0.6141 -0.0732 0.7858
vn -0.3251 0.0463 0.9446
vn -0.7655 0.1489 -0.6259
vn -0.2604 -0.0922 -0.9611
vn -0.3525 -0.0106 -0.9358
vn -0.7252 -0.0600 -0.6859
vn -0.0024 0.9552 0.2960
vn 0.3534 0.7120 -0.6067
vn 0.1851 0.9776 -0.1005
vn 0.2783 0.9477 -0.1560
vn -0.0353 0.9699 -0.2411
vn -0.5084 0.6916 -0.5130
vn 0.1058 0.9936 -0.0397
vn -0.0924 0.9947 -0.0456
vn 0.2352 -0.8701 -0.4332
vn -0.1013 0.6297 -0.7702
vn -0.4510 0.5458 -0.7062
vn 0.1960 -0.9293 -0.3131
vn -0.1446 0.6616 -0.7358
vn 0.1393 0.9841 -0.1103
vn -0.0316 0.9973 0.0668
vn 0.2588 0.9380 -0.2308
vn -0.1031 0.9930 -0.0583
vn 0.0893 0.9847 0.1494
vn -0.2096 0.9606 0.1823
vn 0.9708 -0.2138 0.1092
vn 0.9339 -0.0197 -0.3570
vn 0.9604 -0.0494 -0.2743
vn 0.6489 0.5174 0.5578
vn 0.7596 0.0648 0.6471
vn 0.9521 -0.3046 -0.0284
vn 0.4951 -0.8600 0.1236
vn 0.1188 -0.9795 0.1625
vn -0.5610 -0.3479 -0.7512
vn -0.4414 -0.5227 -0.7294
vn -0.1051 0.8280 -0.5508
vn -0.2342 0.7198 -0.6535
vn 0.8920 0.0344 -0.4508
vn 0.3013 0.9255 0.2297
vn 0.3408 0.8530 0.3953
vn 0.1829 0.9152 0.3592
vn 0.4162 0.8039 0.4248
vn -0.5790 0.8142 -0.0427
vn 0.2265 0.9565 -0.1837
vn -0.1322 0.9448 -0.2997
vn -0.2551 0.9562 0.1436
vn -0.5001 -0.8461 -0.1846
vn -0.4145 -0.8549 -0.3120
vn 0.3366 0.4392 0.8329
vn -0.1119 0.8032 0.5851
vn 0.3301 0.9413 0.0711
vn 0.8848 -0.1657 0.4356
vn -0.1131 0.8292 -0.5474
vn -0.1200 0.7470 -0.6539
vn 0.0397 -0.1012 -0.9941
vn 0.0999 -0.1929 -0.9761
vn -0.1091 -0.0107 -0.9940
vn -0.5877 0.2059 -0.7825
vn -0.2240 0.3266 -0.9182
vn -0.2159 -0.0993 -0.9714
vn -0.2577 -0.0284 -0.9658
vn -0.2273 -0.1871 -0.9557
vn -0.3121 -0.1857 -0.9317
vn -0.6530 0.7377 0.1714
vn 0.2363 0.9213 0.3088
vn -0.7461 0.6654 -0.0230
vn -0.3961 0.3429 -0.8518
vn 0.0491 0.9975 -0.0514
vn -0.8601 0.4674 0.2043
vn -0.5960 0.2100 0.7750
vn -0.7792 0.3636 0.5106
vn -0.1837 0.3723 -0.9097
vn -0.1635 0.8245 -0.5418
vn 0.3841 0.8959 -0.2232
vn -0.9985 0.0518 0.0146
vn -0.9977 0.0484 0.0470
vn -0.9817 0.1042 -0.1593
vn -0.9736 0.0963 -0.2069
vn -0.9732 0.2291 0.0194
vn -0.9388 0.3380 -0.0660
vn -0.8515 0.4662 -0.2399
vn -0.9704 0.2320 0.0672
vn -0.9013 0.0958 0.4224
vn -0.9961 0.0674 -0.0564
vn -0.9840 0.0610 -0.1673
vn -0.9312 -0.0475 -0.3615
vn -0.9888 0.0177 -0.1479
vn 0.1545 0.2453 0.9570
vn 0.3530 0.1381 0.9254
vn 0.4900 0.4530 0.7448
vn 0.2554 0.7357 0.6273
vn 0.2862 0.9228 -0.2581
vn 0.1980 0.8585 -0.4731
vn -0.4896 0.8605 -0.1409
vn -0.7233 0.6779 -0.1311
vn -0.4065 0.9131 0.0328
vn -0.2975 0.9325 -0.2047
vn -0.6406 0.7523 -0.1539
vn 0.4490 -0.0342 0.8929
vn 0.9393 -0.1147 0.3233
vn 0.3873 -0.0254 0.9216
vn 0.1765 0.5998 -0.7804
vn 0.2089 0.7809 -0.5887
vn -0.4795 0.8320 -0.2789
vn 0.6069 -0.0116 -0.7947
vn 0.6669 -0.1131 -0.7365
vn 0.7193 -0.6696 -0.1852
vn 0.3707 -0.9020 -0.2211
vn 0.3584 -0.9019 -0.2411
vn 0.4580 0.5155 -0.7242
vn 0.0550 0.0993 -0.9935
vn -0.5232 -0.1977 -0.8290
vn -0.5770 -0.1305 -0.8063
vn -0.8276 0.0285 -0.5606
vn -0.2215 0.1513 -0.9633
vn -0.0831 0.1133 -0.9901
vn -0.2846 0.7154 -0.6381
vn -0.4431 0.1899 -0.8762
vn 0.0249 0.9818 0.1883
vn -0.0267 0.9996 0.0004
vn -0.2378 0.1059 0.9655
vn -0.0772 0.0603 0.9952
vn -0.1843 0.0972 0.9780
vn -0.3535 0.0312 0.9349
vn -0.3215 0.1056 0.9410
vn -0.7028 0.7113 0.0102
vn 0.9974 0.0702 0.0183
vn 0.8438 0.1953 0.4999
vn 0.9629 0.0532 0.2645
vn -0.8695 0.4921 0.0436
vn -0.4424 0.8948 0.0610
vn -0.5531 0.8224 -0.1333
vn 0.5403 0.7415 0.3979
vn -0.3487 0.5700 -0.7440
vn -0.1552 0.6171 -0.7714
vn -0.2621 0.6611 -0.7031
vn -0.3551 0.6352 -0.6859
vn -0.4196 0.6817 -0.5993
vn -0.4967 0.8592 -0.1224
vn -0.2880 0.8500 -0.4410
vn -0.4249 0.5329 -0.7317
vn 0.0283 0.9876 0.1545
vn 0.7764 -0.6210 0.1078
vn 0.9080 -0.3929 -0.1455
vn 0.8351 -0.2879 0.4688
vn 0.8849 -0.3290 0.3296
vn 0.7665 -0.6415 0.0299
vn 0.8092 -0.2066 0.5500
vn 0.8252 -0.2123 0.5235
vn 0.9609 -0.1331 0.2426
vn 0.7123 0.4574 0.5324
vn 0.5733 0.7203 0.3905
vn 0.4258 0.8689 0.2524
vn -0.0877 0.9895 0.1148
vn -0.0566 0.9957 -0.0737
vn 0.4809 0.7646 0.4290
vn 0.6919 0.5326 0.4874
vn 0.0836 0.6509 -0.7545
vn 0.0056 0.2926 -0.9562
vn -0.1600 0.2848 -0.9451
vn -0.0312 0.2957 -0.9548
vn -0.0366 0.6975 -0.7156
vn -0.1057 0.7185 -0.6874
vn -0.7625 0.4230 0.4896
vn -0.2839 0.9527 0.1087
vn -0.1948 -0.2844 0.9387
vn -0.4130 0.2121 0.8857
vn -0.6664 0.2725 0.6940
vn 0.4717 -0.0529 -0.8802
vn 0.3492 -0.0060 -0.9370
vn 0.7104 -0.0595 -0.7012
vn -0.4853 0.3071 -0.8187
vn -0.2106 -0.4476 -0.8691
vn 0.1570 -0.2707 -0.9498
vn -0.6372 0.3154 -0.7032
vn -0.6075 0.0572 0.7922
vn -0.7688 0.0326 0.6386
vn -0.8026 0.0136 0.5963
vn -0.5252 0.0442 0.8498
vn -0.4657 0.0614 0.8828
vn -0.3670 0.0913 0.9257
vn -0.6300 0.0409 0.7755
vn -0.3314 0.9385 -0.0972
vn -0.0848 0.9758 0.2018
vn -0.2540 0.9654 -0.0595
vn -0.1394 0.9729 0.1846
vn -0.1448 0.9832 0.1112
vn -0.5918 0.6114 0.5253
vn -0.2463 0.4315 0.8678
vn -0.2014 0.5174 0.8317
vn 0.1720 0.5660 0.8063
vn 0.7740 0.4119 -0.4810
vn 0.8397 0.3039 -0.4501
vn 0.7473 0.2475 -0.6167
vn 0.6845 0.2305 -0.6916
vn 0.6973 0.2223 -0.6814
vn 0.1312 0.2498 -0.9594
vn 0.1508 0.1821 -0.9716
vn 0.5678 0.1737 -0.8046
vn 0.5155 0.3223 -0.7940
vn 0.6839 0.1278 -0.7183
vn 0.7886 0.0977 -0.6071
vn 0.2597 0.1564 -0.9529
vn 0.6107 0.0873 -0.7871
vn 0.6504 0.0747 -0.7559
vn 0.7561 0.0411 -0.6531
vn 0.9066 0.0815 -0.4140
vn 0.8876 0.1561 -0.4334
vn -0.9929 -0.0060 -0.1185
vn -0.8251 0.1311 0.5495
vn -0.9993 -0.0013 -0.0379
vn -0.9415 0.0990 -0.3223
vn -0.8523 0.0800 -0.5168
vn -0.7635 0.0808 -0.6407
vn -0.9406 0.0087 -0.3394
vn -0.9650 0.0174 -0.2616
vn -0.9330 0.0641 0.3542
vn -0.8620 -0.4366 -0.2577
vn -0.6279 -0.3684 -0.6856
vn -0.7218 -0.2362 -0.6506
vn 0.5908 0.7991 -0.1111
vn 0.9664 -0.2466 0.0720
vn -0.7188 0.0790 0.6907
vn -0.9070 0.0567 0.4173
vn -0.7253 0.0752 0.6843
vn 0.7738 -0.6324 0.0368
vn 0.6896 -0.7242 0.0020
vn 0.5248 -0.8495 0.0548
vn 0.6189 -0.7638 -0.1835
vn 0.9019 -0.3424 -0.2633
vn 0.9200 -0.1997 -0.3373
vn 0.9891 -0.1470 -0.0069
vn 0.2816 0.7071 0.6487
vn 0.5723 0.7128 0.4055
vn 0.9351 0.1488 0.3215
vn -0.5483 -0.0474 0.8349
vn -0.9810 0.1931 -0.0183
vn -0.9298 -0.0302 0.3669
vn -0.9990 -0.0065 0.0453
vn -0.9722 0.0528 0.2283
vn -0.9981 0.0038 -0.0616
vn -0.9916 -0.0086 0.1287
vn -0.9358 -0.0057 -0.3526
vn -0.9606 0.0308 -0.2761
vn -0.9627 0.0262 -0.2691
vn -0.9281 0.0681 -0.3661
vn -0.9325 0.0175 -0.3607
vn -0.9994 0.0302 0.0170
vn -0.9880 0.0364 0.1504
vn -0.9959 0.0438 0.0797
vn -0.9647 0.0408 0.2600
vn -0.9999 -0.0139 -0.0094
vn -0.9480 -0.0500 -0.3143
vn -0.8580 -0.0331 -0.5126
vn -0.8782 -0.0186 -0.4779
vn -0.9303 -0.0146 -0.3665
vn -0.8594 0.0694 -0.5066
vn -0.9917 0.0746 -0.1049
vn -0.9661 0.1995 -0.1636
vn 0.0190 -0.9853 0.1699
vn 0.1550 -0.0013 -0.9879
vn -0.2713 -0.0861 -0.9586
vn -0.1203 -0.2210 -0.9678
vn -0.7240 0.6745 0.1444
vn -0.7678 0.4429 0.4630
vn -0.6061 0.4806 0.6338
vn -0.5402 0.8205 0.1868
vn -0.5943 0.6288 -0.5013
vn -0.5817 0.7134 -0.3906
vn -0.5912 0.7264 -0.3504
vn -0.6936 0.6986 -0.1755
vn -0.6979 0.6757 -0.2373
vn 0.6541 0.1641 -0.7384
vn 0.8237 0.0768 -0.5618
vn 0.6987 0.1012 -0.7082
vn 0.4630 0.1211 -0.8781
vn 0.8766 -0.0290 0.4803
vn 0.8690 -0.1503 0.4715
vn 0.4198 -0.0400 -0.9067
vn 0.4948 0.8689 -0.0141
vn -0.7842 -0.0069 0.6205
vn -0.7661 0.1601 0.6225
vn -0.7475 0.0396 0.6631
vn -0.8808 -0.1059 0.4615
vn -0.8677 -0.0141 0.4970
vn -0.8667 -0.0303 0.4979
vn -0.7651 0.0154 0.6437
vn 0.0418 -0.1700 0.9846
vn 0.4380 -0.3206 0.8398
vn 0.2584 -0.0987 0.9610
vn 0.1985 -0.0998 0.9750
vn 0.2686 -0.1083 0.9572
vn 0.6764 0.0444 0.7352
vn 0.9569 0.2123 0.1980
vn -0.7972 0.0026 -0.6037
vn -0.7022 0.0731 -0.7082
vn -0.5637 0.1097 -0.8187
vn -0.7667 0.1101 -0.6325
vn -0.4552 -0.0525 -0.8888
vn -0.9955 0.0905 -0.0285
vn -0.9276 0.0475 0.3705
vn -0.8552 0.0979 -0.5090
vn -0.9771 0.1132 -0.1801
vn 0.8428 0.1500 0.5169
vn 0.5716 0.1336 0.8096
vn 0.2988 0.0416 0.9534
vn 0.5580 0.0420 0.8288
vn -0.9768 0.0830 0.1975
vn -0.6589 0.0673 0.7492
vn -0.8199 0.0712 0.5681
vn 0.9395 -0.1313 0.3164
vn 0.9818 0.0504 0.1832
vn -0.8572 0.0599 0.5116
vn -0.4852 0.0236 0.8741
vn -0.8217 0.0919 0.5625
vn -0.0978 0.1757 -0.9796
vn 0.1561 0.1813 -0.9710
vn 0.2778 0.1901 -0.9416
vn 0.3012 0.1901 -0.9344
vn 0.1168 0.9715 -0.2060
vn 0.4007 0.8716 0.2824
vn -0.4756 0.3813 -0.7927
vn -0.4537 0.7724 -0.4445
vn -0.4083 0.0020 0.9129
vn -0.5625 -0.0394 0.8259
vn -0.4272 0.0522 0.9027
vn -0.2593 0.0293 0.9653
vn -0.1794 0.0185 0.9836
vn -0.4855 0.0066 0.8742
vn -0.4714 -0.0007 0.8819
vn -0.5132 -0.0428 0.8572
vn -0.6396 -0.0138 0.7686
vn 0.0329 0.9989 -0.0343
vn -0.6366 0.5499 -0.5406
vn -0.0378 0.9964 -0.0761
vn -0.4432 0.7841 -0.4344
vn -0.6983 0.1507 0.6997
vn -0.3428 0.5756 0.7424
vn 0.3102 0.9237 0.2248
vn -0.5382 0.2965 0.7889
vn -0.0337 0.9988 -0.0348
vn 0.1864 0.9138 -0.3608
vn 0.0060 0.9974 -0.0724
vn 0.4777 0.7357 -0.4802
vn 0.3218 0.4195 -0.8488
vn 0.1334 0.4026 -0.9056
vn -0.8357 0.0273 -0.5485
vn -0.2007 0.0376 -0.9789
vn -0.9624 0.0233 0.2707
vn -0.8081 0.0191 0.5887
vn -0.9057 0.0145 0.4236
vn -0.0736 -0.9210 0.3827
vn -0.2872 -0.0634 0.9558
vn -0.0512 -0.9305 0.3628
vn -0.0287 -0.9946 0.0995
vn -0.4729 -0.0859 0.8769
vn -0.1010 -0.1699 0.9803
vn 0.2419 -0.2114 0.9470
vn 0.4901 0.8217 0.2907
vn 0.8015 0.5925 -0.0805
vn 0.8506 0.1375 -0.5075
vn 0.7754 0.2439 -0.5824
vn 0.5476 0.1493 -0.8233
vn 0.6600 0.1370 -0.7387
vn 0.0060 0.9999 0.0099
vn 0.3186 0.5780 0.7513
vn 0.4070 0.8790 0.2482
vn 0.1566 0.9875 0.0178
vn 0.0147 0.9994 -0.0300
vn -0.6900 0.4098 -0.5967
vn -0.2249 0.9276 -0.2981
vn 0.0418 0.8794 -0.4743
vn -0.0759 0.9369 -0.3412
vn 0.8450 -0.3842 -0.3720
vn -0.7464 0.0341 0.6646
vn -0.2741 0.3288 0.9038
vn -0.0873 0.4009 0.9119
vn 0.0941 0.3853 0.9180
vn 0.0962 0.3419 0.9348
vn 0.1145 0.3948 0.9116
vn 0.0085 0.4087 0.9126
vn -0.1137 0.4978 0.8598
vn -0.0576 0.3658 0.9289
vn -0.0143 0.3874 0.9218
vn 0.0159 0.3947 0.9187
vn 0.1274 0.1370 0.9823
vn -0.0046 0.2350 0.9720
vn 0.1041 0.1564 0.9822
vn 0.0490 0.1531 0.9870
vn -0.0513 0.1129 0.9923
vn -0.0953 0.0346 0.9948
vn 0.9346 0.0524 -0.3518
vn 0.9987 0.0121 -0.0497
vn 0.9924 0.0753 0.0972
vn 0.3105 -0.2073 0.9277
vn 0.1642 -0.2262 0.9601
vn -0.1063 -0.1051 0.9888
vn 0.3319 -0.0994 0.9381
vn -0.9700 -0.0187 0.2426
vn -0.8524 0.1306 -0.5063
vn -0.9937 -0.0728 0.0854
vn -0.9193 -0.0518 0.3900
vn -0.0051 0.6761 -0.7368
vn -0.2432 0.7635 -0.5983
vn 0.6440 0.1172 -0.7560
vn 0.7976 0.1068 -0.5936
vn 0.2137 -0.6123 -0.7612
vn 0.2942 -0.8844 -0.3623
vn 0.3079 -0.8910 -0.3336
vn 0.4470 -0.7904 -0.4188
vn 0.1148 0.8993 -0.4221
vn -0.0473 0.9986 -0.0219
vn 0.1048 0.9938 -0.0384
vn 0.1551 0.9698 -0.1884
vn 0.9506 0.0395 -0.3079
vn 0.8279 0.0289 -0.5602
vn 0.3364 0.2162 -0.9166
vn 0.6164 0.1770 -0.7673
vn 0.0420 -0.0862 0.9954
vn -0.0309 0.5011 -0.8648
vn -0.1364 0.4475 -0.8838
vn 0.1505 0.2737 -0.9500
vn 0.1025 0.1706 -0.9800
vn -0.9495 0.2310 0.2122
vn -0.6275 0.0256 0.7782
vn -0.4800 -0.0260 -0.8769
vn -0.7956 0.0195 -0.6055
vn -0.7141 0.6997 0.0207
vn 0.3097 0.2161 -0.9259
vn 0.8335 0.2566 -0.4894
vn 0.0533 -0.9984 0.0192
vn 0.4324 -0.8348 0.3409
vn 0.2398 -0.9140 0.3273
vn -0.3981 0.7562 -0.5193
vn -0.5899 0.7796 -0.2102
vn -0.3425 0.9013 -0.2651
vn -0.8597 -0.0916 0.5026
vn -0.7521 -0.0551 0.6567
vn -0.3255 -0.0431 0.9446
vn -0.5983 -0.1186 0.7924
vn -0.8498 0.0066 -0.5270
vn -0.7291 -0.0170 -0.6842
vn 0.7203 -0.2157 0.6593
vn 0.8459 -0.1042 0.5231
vn 0.1579 -0.1532 0.9755
vn 0.3160 -0.2931 0.9023
vn 0.3794 -0.4276 0.8205
vn -0.3716 -0.0649 -0.9261
vn -0.3308 -0.5494 -0.7673
vn -0.9799 0.1841 -0.0768
vn -0.9454 -0.3080 -0.1066
vn -0.8835 0.4649 -0.0581
vn -0.3137 -0.9482 -0.0501
vn -0.3333 -0.9428 -0.0065
vn -0.3098 -0.9490 0.0582
vn -0.2481 -0.9172 0.3118
vn -0.0658 0.1426 0.9876
vn -0.2404 0.3119 0.9192
vn -0.4675 0.0496 0.8826
vn -0.3756 0.1398 0.9162
vn 0.9710 0.1031 0.2155
vn 0.2371 0.3663 0.8998
vn 0.4316 0.0869 0.8979
vn 0.1779 0.5300 0.8291
vn -0.6326 0.0091 0.7744
vn -0.4029 0.0837 0.9114
vn -0.6718 0.0472 0.7392
vn 0.0998 0.0551 -0.9935
vn -0.4076 0.4147 0.8136
vn -0.3037 0.4447 0.8426
vn -0.3199 0.3399 0.8844
vn -0.1694 0.2044 0.9641
vn 0.1971 0.3341 0.9217
vn -0.2028 -0.1474 0.9681
vn -0.5453 -0.0710 0.8353
vn -0.9377 0.3407 0.0679
vn -0.7468 -0.3120 0.5874
vn -0.6613 -0.3891 0.6414
vn -0.4388 -0.1975 0.8766
vn -0.1002 -0.0184 0.9948
vn -0.3221 0.2609 0.9100
vn -0.3620 0.5841 0.7265
vn -0.8214 0.3588 0.4434
vn -0.3301 0.2191 0.9182
vn -0.9022 0.2112 -0.3761
vn -0.9274 0.1685 -0.3339
vn -0.9162 0.3467 0.2010
vn -0.7733 0.6300 0.0715
vn -0.1102 -0.9825 0.1502
vn -0.0867 -0.9835 0.1589
vn -0.1241 -0.9305 0.3446
vn 0.0749 -0.8129 0.5776
vn -0.7439 0.3788 -0.5506
vn -0.9108 0.3795 -0.1625
vn -0.1211 0.6986 -0.7052
vn -0.4765 0.3602 -0.8020
vn -0.3734 0.2334 -0.8978
vn -0.0826 0.2101 -0.9742
vn -0.1237 0.2785 -0.9524
vn -0.4406 0.2078 -0.8733
vn -0.6239 0.1858 -0.7591
vn -0.5984 0.1515 -0.7868
vn -0.4848 0.1546 -0.8609
vn -0.2786 0.1829 -0.9428
vn -0.0858 0.1755 -0.9807
vn -0.2577 0.2521 -0.9327
vn -0.2331 0.1901 -0.9537
vn -0.2874 0.2166 -0.9330
vn -0.1598 0.2373 -0.9582
vn -0.3395 0.3742 -0.8630
vn -0.8761 -0.0576 0.4786
vn -0.5956 -0.0426 0.8021
vn -0.4183 -0.0771 0.9050
vn 0.1392 0.2066 0.9685
vn 0.1946 0.3689 0.9089
vn 0.5596 0.0160 0.8286
vn 0.6121 0.0575 0.7887
vn 0.2109 0.0062 0.9775
vn -0.0507 -0.3112 -0.9490
vn 0.4843 0.4227 -0.7660
vn -0.3910 -0.1668 -0.9051
vn -0.6637 0.7345 0.1418
vn -0.6485 0.7539 0.1053
vn -0.6391 0.7587 0.1263
vn -0.5752 0.7872 0.2226
vn -0.6211 0.7603 0.1903
vn -0.5354 0.7448 0.3982
vn -0.6607 0.6557 0.3654
vn -0.6440 0.6745 0.3610
vn -0.6645 0.6223 0.4136
vn -0.8124 0.4286 0.3955
vn -0.4859 0.1517 0.8608
vn 0.8001 -0.1726 0.5745
vn 0.7508 -0.2026 0.6287
vn 0.9155 -0.1371 0.3782
vn 0.2678 0.1135 -0.9568
vn -0.4233 -0.0333 -0.9054
vn -0.5971 -0.0377 -0.8013
vn -0.3814 -0.0001 -0.9244
vn 0.1223 0.1655 -0.9786
vn 0.1628 0.0592 -0.9849
vn -0.8902 0.2082 -0.4052
vn -0.5712 0.2450 0.7834
vn 0.7761 0.1327 -0.6164
vn 0.9568 0.0372 -0.2883
vn 0.9911 -0.0949 0.0935
vn 0.1533 0.1056 0.9825
vn 0.9885 -0.0197 -0.1498
vn 0.8891 -0.0119 -0.4575
vn 0.9131 -0.2518 0.3206
vn 0.9967 -0.0477 0.0656
vn 0.9682 0.2050 -0.1434
vn 0.9819 -0.1782 -0.0638
vn 0.9000 -0.0147 -0.4357
vn 0.9935 -0.0854 0.0757
vn 0.8802 -0.3872 0.2746
vn 0.9851 -0.1383 -0.1026
vn 0.9281 -0.0396 -0.3703
vn -0.4333 -0.0164 -0.9011
vn -0.2327 -0.7675 -0.5973
vn -0.1986 -0.3856 -0.9010
vn -0.7950 0.5991 -0.0955
vn -0.7206 0.6795 -0.1376
vn -0.1051 -0.9808 -0.1641
vn -0.1962 -0.8782 -0.4362
vn 0.0773 0.0970 -0.9923
vn 0.0213 0.1114 -0.9935
vn 0.3632 0.0636 -0.9296
vn -0.6406 -0.6801 -0.3565
vn -0.8546 0.3517 0.3822
vn -0.1919 0.1305 0.9727
vn -0.7825 0.3680 -0.5022
vn -0.4518 -0.7304 -0.5122
vn -0.4246 -0.6177 -0.6619
vn -0.2619 -0.5926 -0.7617
vn -0.3363 -0.4259 -0.8399
vn -0.7678 0.1803 0.6149
vn -0.8162 0.2873 0.5013
vn -0.7476 -0.0974 0.6570
vn -0.6462 -0.0849 0.7585
vn -0.4620 -0.3726 0.8048
vn 0.9538 -0.0233 0.2996
vn 0.8776 0.0176 -0.4791
vn 0.8425 0.0549 -0.5359
vn 0.9935 -0.1138 -0.0053
vn -0.2036 -0.0887 -0.9750
vn 0.2701 0.1535 0.9505
vn -0.0913 0.0113 0.9958
vn 0.1962 0.0557 0.9790
vn 0.6159 0.7874 -0.0271
vn 0.5835 0.7707 0.2562
vn 0.7445 0.1812 0.6426
vn -0.7563 0.5883 0.2862
vn -0.9274 -0.1868 -0.3241
vn 0.9108 0.1422 0.3877
vn 0.9581 0.0803 0.2749
vn 0.9863 0.1646 -0.0047
vn 0.9506 0.0819 0.2993
vn 0.9937 0.1120 -0.0051
vn 0.7703 0.0422 0.6362
vn -0.1436 0.0476 0.9885
vn 0.4005 0.7494 0.5272
vn -0.5319 0.1479 -0.8338
vn -0.4978 0.2517 0.8300
vn -0.7948 0.0646 -0.6034
vn -0.9021 0.2544 -0.3486
vn -0.6074 0.0890 -0.7894
vn -0.6877 0.7200 0.0929
vn -0.4756 0.7879 0.3912
vn -0.2388 0.9696 -0.0536
vn 0.1529 0.9677 -0.2007
vn 0.2711 0.9615 -0.0445
vn 0.1076 0.9941 -0.0151
vn 0.0050 0.9593 -0.2822
vn 0.1909 0.8075 -0.5581
vn 0.3193 -0.1558 0.9347
vn 0.4871 -0.1790 0.8548
vn 0.1458 0.4548 0.8786
vn 0.3126 0.3300 0.8907
vn -0.9296 0.3426 0.1359
vn 0.2417 -0.0633 -0.9683
vn -0.3751 0.2450 0.8940
vn -0.3615 0.5780 0.7316
vn 0.1285 0.1424 0.9814
vn 0.1574 0.1272 0.9793
vn 0.0950 0.1363 0.9861
vn -0.1880 0.1273 0.9739
vn -0.0467 0.1931 0.9801
vn 0.0632 0.1226 0.9904
vn 0.0632 0.2522 0.9656
vn -0.2351 0.1290 0.9634
vn -0.1311 0.2891 0.9483
vn -0.8057 0.4367 0.4002
vn 0.0146 0.9752 -0.2207
vn -0.0636 0.9939 0.0902
vn -0.0931 0.8525 0.5144
vn -0.0408 0.9945 0.0960
vn 0.3278 0.1115 -0.9382
vn -0.0478 0.1950 -0.9796
vn 0.0267 0.2166 -0.9759
vn 0.0344 0.1618 -0.9862
vn 0.0896 0.1936 -0.9770
vn 0.1683 0.1802 -0.9691
vn -0.3604 0.5113 0.7802
vn -0.6514 0.4868 0.5821
vn -0.5374 0.5834 0.6089
vn -0.4776 0.6540 0.5866
vn -0.0514 -0.9982 0.0293
vn 0.2052 -0.9118 0.3558
vn 0.2477 -0.9583 0.1424
vn -0.0595 -0.9805 0.1874
vn 0.4211 0.9067 -0.0246
vn 0.3922 0.9176 0.0654
vn 0.6171 0.6309 0.4703
vn 0.8386 -0.4320 0.3320
vn 0.8053 -0.4042 0.4338
vn 0.8047 0.4800 0.3493
vn 0.1764 -0.9182 0.3548
vn 0.7653 -0.5792 0.2808
vn 0.3973 -0.8971 0.1934
vn -0.0013 -0.8990 0.4380
vn -0.3413 0.7423 0.5767
vn 0.4951 -0.0605 0.8667
vn -0.0980 -0.1568 0.9827
vn -0.0698 -0.1911 0.9791
vn 0.6195 -0.0253 0.7846
vn 0.7539 -0.0449 -0.6554
vn 0.7869 -0.1185 -0.6056
vn -0.5396 0.6884 0.4846
vn -0.2780 0.6447 0.7121
vn -0.1817 0.6479 0.7397
vn 0.9582 0.2857 0.0174
vn 0.9652 0.2614 -0.0091
vn 0.9301 0.2466 -0.2723
vn 0.9378 0.2512 -0.2398
vn 0.8102 0.3428 0.4755
vn 0.8432 0.1520 0.5156
vn 0.9675 0.0550 0.2469
vn 0.9772 0.2063 0.0508
vn 0.9953 -0.0924 0.0275
vn -0.8586 0.0397 -0.5112
vn -0.5956 0.0625 -0.8009
vn -0.4482 0.0271 -0.8935
vn -0.4974 0.0280 -0.8671
vn -0.5509 0.0605 -0.8324
vn -0.8573 0.0720 -0.5098
vn -0.7450 0.0758 -0.6627
vn -0.2794 0.1755 0.9440
vn -0.2762 0.1868 0.9428
vn 0.1470 0.1516 0.9775
vn -0.2521 0.2284 0.9404
vn 0.3851 0.1339 0.9131
vn 0.2345 0.1312 0.9632
vn 0.7315 0.0494 0.6800
vn 0.6436 0.0753 0.7616
vn 0.7545 -0.1943 0.6269
vn 0.8239 -0.0670 0.5628
vn 0.7844 -0.1085 0.6107
vn 0.4032 0.2345 0.8846
vn 0.6763 0.0460 0.7352
vn 0.6875 0.0685 0.7229
vn 0.2820 0.1222 0.9516
vn 0.3749 0.1158 0.9198
vn 0.1339 0.0389 0.9902
vn 0.2413 0.3419 0.9083
vn 0.6672 0.0847 0.7401
vn 0.2165 0.1324 0.9673
vn 0.3119 -0.8326 -0.4577
vn 0.2021 -0.6147 0.7624
vn 0.0026 -0.5374 0.8433
vn 0.0141 -0.9899 0.1411
vn -0.0618 -0.1309 0.9895
vn -0.4942 -0.2618 0.8290
vn -0.3041 -0.4143 0.8578
vn 0.1786 -0.2279 0.9572
vn 0.0671 -0.1348 0.9886
vn -0.0483 -0.1452 0.9882
vn 0.9059 0.2584 0.3356
vn -0.1951 0.9807 0.0151
vn -0.0833 0.9768 0.1975
vn 0.0286 0.9934 0.1111
vn -0.9707 0.2190 -0.0989
vn 0.7515 0.1696 0.6375
vn 0.9702 0.1043 0.2188
vn 0.5087 -0.0376 0.8601
vn 0.0981 0.7558 -0.6474
vn -0.5765 0.7428 0.3404
vn 0.4367 0.8959 0.0814
vn -0.1511 0.8799 0.4505
vn -0.3437 0.8117 0.4722
vn -0.3638 0.9123 0.1881
vn -0.9986 -0.0485 -0.0224
vn -0.9895 -0.0420 -0.1381
vn -0.9941 -0.0749 -0.0781
vn -0.9901 -0.0571 -0.1282
vn -0.9156 -0.0052 -0.4020
vn -0.8695 -0.0466 -0.4917
vn -0.8541 -0.0712 -0.5151
vn -0.4444 0.8958 -0.0018
vn -0.5473 0.8357 0.0448
vn -0.1119 0.9744 -0.1948
vn -0.0076 0.9984 0.0559
vn -0.0741 0.9450 0.3185
vn 0.9898 0.0997 -0.1017
vn 0.9923 0.0738 -0.0990
vn 0.8857 0.1738 0.4306
vn 0.8935 0.1697 0.4157
vn -0.3889 -0.8089 -0.4410
vn -0.3725 -0.6198 -0.6907
vn -0.2859 -0.8645 -0.4135
vn -0.5422 0.7625 -0.3531
vn -0.5443 -0.1311 -0.8286
vn -0.0386 0.8499 0.5255
vn -0.1986 0.9722 0.1242
vn 0.3184 0.7653 0.5594
vn 0.3128 0.8757 0.3679
vn 0.9274 0.1041 0.3593
vn 0.8393 0.0727 0.5388
vn 0.5425 -0.0062 0.8400
vn -0.1946 -0.1894 0.9624
vn 0.2211 0.1415 0.9649
vn -0.0968 -0.2739 0.9569
vn 0.1478 -0.3288 0.9328
vn 0.1991 -0.3501 0.9153
vn 0.0863 0.9937 -0.0716
vn 0.1081 0.9936 0.0313
vn 0.0103 -0.7528 0.6582
vn 0.3924 -0.4684 0.7916
vn -0.0640 -0.5177 0.8532
vn 0.2952 0.8406 0.4541
vn 0.2977 0.7251 0.6209
vn 0.1640 0.9117 -0.3767
vn -0.3353 0.9400 -0.0625
vn -0.8818 0.4650 -0.0787
vn 0.0257 0.8453 -0.5337
vn 0.0773 0.8678 0.4909
vn 0.2126 0.9415 0.2616
vn -0.1094 0.8862 0.4502
vn -0.0418 0.2915 0.9557
vn -0.4718 -0.8178 0.3295
vn -0.6140 0.1991 0.7638
vn 0.1834 0.8877 0.4224
vn -0.6497 -0.3093 0.6944
vn 0.6103 -0.0960 0.7864
vn 0.0744 -0.1001 0.9922
vn -0.3359 -0.8346 0.4366
vn -0.7197 -0.4136 0.5577
vn -0.6125 -0.3548 0.7064
vn -0.3506 -0.3391 0.8730
vn -0.1392 0.0718 0.9877
vn -0.5120 0.1623 0.8435
vn 0.2117 -0.9630 -0.1671
vn 0.5551 -0.7893 -0.2624
vn 0.7937 -0.5758 0.1964
vn 0.1404 -0.9900 0.0153
vn -0.1822 -0.0300 0.9828
vn -0.2710 -0.0227 0.9623
vn -0.0719 0.0011 0.9974
vn 0.1809 0.0376 0.9828
vn 0.0015 -0.0088 1.0000
vn 0.3015 0.0128 0.9534
vn 0.0838 -0.0232 0.9962
vn 0.4438 -0.0015 0.8961
vn 0.0975 -0.0426 0.9943
vn 0.1043 -0.0369 0.9939
vn -0.2573 -0.0553 0.9647
vn 0.2285 0.7774 -0.5861
vn 0.0760 0.8004 -0.5946
vn 0.5826 0.8012 0.1369
vn 0.7354 0.5441 -0.4039
vn 0.7926 0.5828 -0.1794
vn 0.5446 0.7570 -0.3611
vn 0.5368 0.8223 -0.1889
vn 0.4654 0.8774 -0.1167
vn 0.5854 -0.7311 0.3506
vn 0.3366 -0.9268 0.1665
vn -0.3830 0.9105 0.1557
vn -0.2148 0.7379 0.6399
vn -0.2323 0.6521 0.7217
vn -0.1675 0.3923 0.9045
vn 0.0907 0.9959 -0.0071
vn -0.4691 0.8733 0.1312
vn 0.4817 0.8354 0.2649
vn -0.3485 0.9278 0.1329
vn -0.1902 0.9812 0.0325
vn 0.3942 0.9153 -0.0831
vn 0.2972 0.9411 -0.1612
vn 0.4959 0.1548 0.8545
vn 0.1706 0.1565 0.9728
vn -0.0323 0.1379 0.9899
vn 0.1750 0.1305 0.9759
vn 0.3186 -0.9194 -0.2306
vn 0.9888 0.0902 0.1187
vn 0.0457 0.0864 0.9952
vn 0.1156 0.1159 0.9865
vn -0.0491 0.9965 -0.0676
vn 0.0515 0.9986 -0.0153
vn 0.2216 -0.2476 0.9432
vn -0.2546 0.8312 0.4943
vn -0.4616 0.8766 0.1356
vn -0.3050 0.7843 0.5402
vn -0.2181 0.8267 0.5187
vn 0.1516 0.0773 -0.9854
vn 0.6478 0.0356 -0.7610
vn 0.4828 0.0534 -0.8741
vn 0.6802 0.1356 -0.7203
vn 0.4576 0.0941 -0.8842
vn 0.3036 0.9117 -0.2768
vn 0.4814 0.8633 -0.1518
vn 0.4134 0.8967 -0.1584
vn 0.0607 0.9900 -0.1274
vn 0.3586 0.9168 -0.1759
vn -0.0030 0.9996 -0.0266
vn 0.1209 0.5414 0.8321
vn 0.2541 0.5538 0.7929
vn -0.0222 0.6299 0.7764
vn 0.1056 0.4800 0.8709
vn -0.1412 0.9320 0.3338
vn -0.0506 0.7981 0.6005
vn -0.8156 0.3700 -0.4448
vn -0.9831 -0.0978 -0.1548
vn -0.9270 0.1652 -0.3366
vn -0.7241 0.3735 -0.5798
vn 0.0381 0.9856 -0.1647
vn -0.0218 0.9998 0.0033
vn -0.0543 0.9910 0.1227
vn -0.2356 0.9449 -0.2274
vn -0.1005 0.9304 -0.3525
vn 0.8245 0.1778 -0.5372
vn 0.8285 0.1951 -0.5250
vn 0.8267 0.2603 -0.4988
vn 0.5237 0.6421 -0.5598
vn 0.2023 0.8580 -0.4722
vn 0.9917 0.0255 0.1264
vn 0.0469 0.1983 -0.9790
vn 0.0318 0.9814 0.1891
vn -0.0815 0.9966 0.0110
vn -0.0946 0.9890 -0.1137
vn 0.1687 0.9856 -0.0117
vn -0.5030 0.3203 -0.8027
vn -0.6321 0.4005 -0.6634
vn -0.0853 0.9265 -0.3665
vn 0.0321 0.9659 0.2570
vn -0.0513 0.9473 0.3163
vn 0.1118 0.9720 0.2066
vn 0.7881 0.3467 0.5086
vn 0.5162 0.2819 0.8087
vn 0.4749 0.4096 0.7789
vn -0.1762 0.9842 -0.0189
vn -0.2182 0.9729 -0.0759
vn 0.4408 0.1900 -0.8773
vn 0.4034 0.1940 -0.8942
vn 0.7609 0.2331 -0.6056
vn -0.0055 0.0386 -0.9992
vn 0.8898 -0.0094 -0.4563
vn 0.3551 0.0142 -0.9347
vn 0.4883 0.0124 -0.8726
vn -0.1423 0.7643 0.6289
vn -0.0140 0.9997 0.0202
vn 0.0168 0.9608 -0.2768
vn 0.3267 0.7214 -0.6107
vn 0.1161 0.4013 -0.9086
vn 0.0170 0.3421 -0.9395
vn 0.1999 0.7285 -0.6553
vn 0.0571 0.9365 -0.3460
vn 0.1131 0.8043 -0.5834
vn 0.0584 0.6625 -0.7468
vn -0.1863 0.6666 -0.7218
vn -0.1573 0.8539 -0.4961
vn -0.2925 -0.0701 0.9537
vn -0.8966 0.1935 0.3982
vn 0.1017 0.2797 -0.9547
vn -0.3130 0.2479 0.9168
vn -0.3743 0.5740 0.7283
vn -0.1185 0.9741 0.1927
vn 0.5877 0.3866 -0.7108
vn 0.5441 0.6669 -0.5090
vn 0.2797 0.4037 -0.8711
vn 0.1900 0.7698 -0.6094
vn 0.4749 -0.3057 -0.8253
vn 0.9374 0.1016 0.3331
vn 0.0993 0.5941 -0.7982
vn -0.0995 0.7887 -0.6067
vn -0.6369 0.7668 -0.0803
vn -0.3772 0.7988 -0.4686
vn 0.1254 0.9761 -0.1773
vn 0.2220 0.9288 0.2967
vn 0.0609 0.0370 -0.9975
vn 0.1758 0.5469 0.8185
vn -0.4647 0.1275 -0.8763
vn -0.4657 -0.0262 -0.8846
vn -0.6483 0.3651 -0.6681
vn 0.2763 0.3197 -0.9063
vn 0.6635 0.3973 -0.6340
vn 0.5360 0.4643 -0.7051
vn 0.5943 0.2700 -0.7576
vn 0.0993 0.9789 0.1784
vn -0.7974 -0.0102 0.6034
vn 0.2467 0.9646 0.0933
vn 0.6168 -0.3506 -0.7047
vn 0.7537 -0.4539 -0.4754
vn 0.5806 -0.8048 0.1232
vn 0.1475 -0.9827 -0.1123
vn -0.3428 -0.2682 -0.9003
vn -0.2932 0.1947 -0.9360
vn -0.6161 0.6896 0.3806
vn -0.2718 0.9473 0.1694
vn -0.3987 0.7783 0.4851
vn 0.9149 -0.2992 0.2711
vn -0.3810 0.8887 0.2551
vn -0.6451 0.5597 -0.5201
vn -0.3609 0.1511 -0.9203
vn -0.4783 0.8436 0.2440
vn -0.2022 0.9391 0.2777
vn 0.3411 -0.0608 0.9381
vn 0.2340 -0.0245 0.9719
vn 0.0019 0.8897 0.4565
vn -0.0520 0.9752 -0.2152
vn 0.0101 0.9832 -0.1823
vn 0.1897 0.9449 -0.2669
vn -0.0852 0.9959 -0.0289
vn 0.5380 -0.0203 -0.8427
vn 0.4112 0.0191 -0.9113
vn 0.0894 0.1377 -0.9864
vn 0.1464 0.0231 -0.9890
vn 0.0230 0.9969 0.0750
vn 0.0209 0.9996 -0.0181
vn 0.3311 0.0541 0.9420
vn 0.4945 0.0357 0.8685
vn 0.4348 0.0187 0.9003
vn 0.3670 0.0275 0.9298
vn 0.2831 0.0171 0.9589
vn 0.4914 -0.0428 0.8699
vn 0.4380 0.0219 0.8987
vn 0.2107 0.0411 0.9767
vn 0.1150 0.0222 0.9931
vn 0.3317 0.0182 0.9432
vn 0.2446 0.6264 0.7401
vn 0.2660 -0.3892 0.8819
vn 0.4111 -0.5850 0.6991
vn 0.2877 -0.6057 0.7419
vn 0.5641 -0.5458 0.6196
vn 0.4798 -0.4830 0.7325
vn -0.4795 0.6245 -0.6165
vn 0.0156 0.9812 0.1922
vn 0.4257 0.1243 -0.8963
vn 0.9215 -0.0225 -0.3878
vn 0.6100 0.0325 -0.7918
vn -0.0094 -0.9989 0.0452
vn 0.0254 -0.9410 0.3373
vn -0.1640 0.6901 0.7049
vn -0.1797 0.5869 0.7895
vn -0.1446 0.9537 0.2639
vn 0.6377 -0.2160 -0.7394
vn 0.8135 -0.3485 -0.4657
vn 0.8257 -0.2186 -0.5201
vn 0.9599 -0.2696 -0.0768
vn 0.4259 -0.2872 0.8580
vn -0.9944 0.0516 0.0921
vn -0.9606 0.0139 0.2777
vn -0.9974 0.0119 0.0711
vn -0.9910 0.0246 0.1315
vn -0.9685 0.0899 0.2320
vn -0.8886 0.0199 0.4583
vn -0.5358 -0.0826 -0.8403
vn -0.0638 0.3450 0.9364
vn -0.0511 0.2719 0.9610
vn 0.0053 0.3104 0.9506
vn -0.4673 0.5397 0.7002
vn -0.4303 0.7181 0.5470
vn -0.1710 0.7105 0.6826
vn -0.4556 0.5842 0.6717
vn -0.5491 0.4456 0.7071
vn 0.6021 -0.5258 0.6009
vn -0.1778 0.8674 0.4648
vn 0.9835 0.0695 0.1671
vn 0.9963 0.0787 -0.0331
vn 0.9934 0.0768 0.0848
vn 0.9003 0.1013 0.4234
vn 0.8171 0.0979 0.5682
vn -0.3218 0.1094 -0.9405
vn -0.1244 0.6382 0.7597
vn -0.4451 -0.0139 0.8954
vn -0.4377 0.0524 0.8976
vn -0.0428 0.0050 0.9991
vn 0.2353 -0.8552 -0.4619
vn -0.2934 0.7486 0.5946
vn 0.2542 -0.9670 -0.0154
vn 0.2362 -0.9511 0.1990
vn -0.1863 0.9730 -0.1360
vn 0.0050 0.9927 -0.1205
vn -0.3381 0.9328 -0.1249
vn 0.5090 0.1355 -0.8501
vn 0.4405 -0.3749 -0.8157
vn 0.0960 0.9909 0.0941
vn -0.8075 0.0122 0.5897
vn -0.9289 -0.0195 0.3697
vn -0.9292 0.1461 0.3395
vn -0.4010 -0.1603 0.9020
vn -0.3478 -0.1571 0.9243
vn 0.3240 -0.2608 0.9094
vn 0.2972 -0.2258 0.9277
vn 0.5143 0.8335 -0.2017
vn 0.1448 0.9872 -0.0667
vn -0.1802 0.9836 0.0065
vn -0.6616 0.7007 0.2671
vn -0.6988 0.6849 0.2063
vn 0.2638 0.0976 0.9596
vn 0.3603 0.2675 0.8937
vn -0.4743 0.8265 0.3032
vn -0.4609 0.8674 0.1873
vn 0.2739 0.9506 -0.1462
vn -0.7492 0.6105 0.2568
vn -0.7716 0.6278 0.1025
vn -0.2072 0.9781 0.0182
vn -0.2324 0.9715 0.0459
vn -0.5729 0.0842 -0.8153
vn -0.5521 0.3840 -0.7401
vn -0.4570 0.4354 -0.7756
vn -0.4102 0.5408 -0.7343
vn -0.4135 0.9099 0.0349
vn -0.4015 0.7800 0.4800
vn -0.2829 0.9175 0.2794
vn 0.2228 0.1196 0.9675
vn -0.3909 -0.0662 0.9180
vn -0.3236 0.9444 -0.0582
vn 0.2336 0.9723 0.0101
vn 0.4203 0.8160 -0.3970
vn 0.2751 0.8662 -0.4172
vn 0.2973 -0.5858 -0.7540
vn 0.3429 0.5626 -0.7523
vn 0.3446 0.5739 -0.7429
vn 0.4813 0.3848 -0.7876
vn -0.1507 0.2578 0.9544
vn -0.2284 0.2657 0.9366
vn 0.2159 0.1474 -0.9652
vn 0.5618 0.1202 -0.8185
vn 0.8059 0.0724 -0.5876
vn -0.6205 -0.1473 -0.7702
vn -0.1407 0.9666 0.2140
vn 0.6135 0.6873 0.3888
vn -0.4395 0.5016 -0.7452
vn -0.5120 0.5333 -0.6734
vn -0.4572 0.4273 -0.7800
vn 0.1570 0.4131 -0.8971
vn -0.9558 0.2864 -0.0661
vn -0.5995 0.2773 -0.7508
vn -0.3012 0.3232 -0.8971
vn 0.7072 0.2484 -0.6619
vn 0.7366 0.2586 -0.6249
vn 0.1938 0.0613 0.9791
vn 0.4588 0.7802 -0.4251
vn 0.2326 0.9250 -0.3006
vn 0.2260 0.6272 -0.7454
vn 0.1164 0.8347 -0.5382
vn -0.4992 -0.1982 -0.8435
vn -0.3406 -0.3402 -0.8765
vn -0.5271 0.8473 -0.0650
vn -0.5106 0.8577 -0.0604
vn -0.0147 0.9926 -0.1209
vn -0.2383 0.9536 -0.1843
vn -0.3955 0.9168 0.0549
vn -0.2904 0.9284 0.2320
vn 0.4997 0.2323 -0.8344
vn -0.2282 -0.7385 0.6345
vn 0.4193 0.4311 0.7990
vn -0.2635 -0.6019 0.7538
vn -0.6298 -0.3168 0.7093
vn -0.0735 0.6434 -0.7620
vn 0.0661 0.4631 -0.8838
vn -0.0059 0.5558 -0.8313
vn 0.1596 0.9434 0.2906
vn 0.1969 0.9621 0.1889
vn 0.2961 0.2586 0.9195
vn -0.2343 0.9721 -0.0047
vn -0.0822 0.9782 -0.1909
vn 0.6911 0.7112 0.1285
vn 0.4825 0.6274 0.6112
vn -0.7179 -0.2376 -0.6543
vn -0.3766 -0.4805 0.7920
vn -0.8872 0.4129 0.2061
vn -0.8993 0.4046 -0.1660
vn -0.9697 0.1165 0.2148
vn -0.8633 0.4148 0.2875
vn -0.8793 0.4670 -0.0935
vn -0.4755 0.8614 0.1783
vn 0.9257 0.0375 0.3765
vn 0.9599 0.0991 -0.2624
vn 0.9485 0.0768 0.3074
vn -0.3509 0.5773 0.7373
vn 0.3009 0.0971 0.9487
vn 0.3695 0.0757 0.9262
vn 0.1693 0.0568 0.9839
vn -0.4508 0.5214 0.7246
vn -0.1782 0.0798 0.9807
vn -0.3884 0.0767 0.9183
vn -0.3773 0.0302 0.9256
vn -0.5229 0.0720 0.8494
vn -0.9525 -0.2030 0.2269
vn -0.9632 -0.2612 -0.0638
vn -0.9927 0.0946 -0.0750
vn -0.8155 -0.1064 -0.5689
vn 0.9106 0.1126 0.3976
vn 0.9094 -0.0387 0.4142
vn 0.9475 -0.2231 0.2290
vn 0.6226 0.7806 0.0545
vn -0.5137 0.7122 -0.4784
vn 0.3782 0.0638 -0.9235
vn 0.5739 0.0207 -0.8187
vn 0.0677 0.1982 -0.9778
vn 0.2832 0.0615 -0.9571
vn 0.6760 0.0558 -0.7347
vn 0.4334 0.0216 -0.9009
vn 0.3771 0.9262 0.0017
vn 0.5656 0.8237 -0.0398
vn 0.0861 0.9961 -0.0175
vn 0.9820 -0.1880 0.0198
vn 0.2554 -0.9637 0.0782
vn 0.1220 0.3054 -0.9444
vn 0.0903 0.1241 -0.9882
vn 0.1636 -0.9855 0.0459
vn 0.9801 0.0662 -0.1871
vn 0.8375 0.2064 0.5060
vn 0.2657 0.0439 -0.9630
vn 0.2257 0.1008 -0.9690
vn 0.9808 0.1812 -0.0716
vn 0.7648 0.6085 -0.2117
vn -0.6779 -0.0249 0.7348
vn 0.9918 -0.0771 0.1020
vn 0.3750 -0.0143 -0.9269
vn 0.2080 -0.1796 -0.9615
vn 0.1505 -0.0404 -0.9878
vn 0.4395 -0.0305 -0.8977
vn -0.3045 0.1681 -0.9376
vn -0.2289 0.9626 -0.1449
vn -0.6324 0.2559 0.7312
vn 0.9133 0.1235 0.3880
vn 0.9707 0.1359 0.1981
vn 0.9477 0.0750 -0.3101
vn 0.9741 0.0743 -0.2133
vn 0.8564 0.0503 -0.5139
vn -0.5091 0.0815 0.8569
vn 0.9358 0.3495 0.0453
vn 0.7251 0.6728 0.1467
vn 0.1533 0.0855 0.9845
vn -0.7550 0.6372 -0.1547
vn 0.8385 0.2193 0.4989
vn 0.7948 0.2687 0.5441
vn 0.9524 0.1364 -0.2728
vn 0.9548 0.1212 -0.2716
vn 0.9306 0.2725 -0.2443
vn 0.9388 0.0419 -0.3419
vn 0.9856 0.1422 -0.0918
vn 0.9961 0.0824 -0.0300
vn 0.9886 0.1410 0.0534
vn 0.9753 0.1766 0.1327
vn 0.9797 0.2001 0.0107
vn 0.9333 0.1083 -0.3425
vn 0.7991 0.1483 -0.5826
vn 0.8599 0.2552 -0.4421
vn 0.9276 0.2934 -0.2315
vn 0.7822 0.6045 -0.1507
vn 0.9431 0.2228 -0.2467
vn 0.9581 0.1634 0.2352
vn 0.9522 0.1702 0.2536
vn 0.9724 0.2170 -0.0860
vn 0.9159 0.2659 -0.3007
vn 0.8886 0.1983 -0.4135
vn 0.8348 0.1593 -0.5271
vn 0.3654 0.2030 -0.9084
vn 0.5118 0.2120 -0.8325
vn 0.6278 -0.6252 0.4637
vn 0.6526 -0.4551 0.6058
vn 0.1987 -0.3740 0.9059
vn 0.4013 -0.8061 0.4350
vn 0.1085 0.9322 0.3452
vn 0.2278 0.8127 0.5363
vn 0.5862 0.8013 0.1196
vn -0.3855 0.2263 0.8945
vn 0.4691 0.7500 -0.4664
vn -0.2515 0.8404 -0.4800
vn 0.1635 0.9775 0.1332
vn 0.5157 0.1581 0.8421
vn 0.4163 0.1858 0.8901
vn 0.8036 0.1351 0.5796
vn 0.9078 0.0087 -0.4194
vn 0.9979 0.0335 -0.0551
vn 0.7974 0.1797 0.5761
vn 0.4951 0.1744 -0.8512
vn 0.8696 -0.1149 -0.4802
vn 0.9898 -0.1106 -0.0894
vn 0.9673 -0.0208 0.2527
vn 0.9848 0.1344 0.1097
vn -0.2723 0.4926 0.8266
vn -0.3110 0.5522 0.7736
vn 0.1135 0.5440 0.8313
vn 0.3653 0.3368 0.8678
vn 0.0011 0.4330 0.9014
vn 0.4802 0.1572 0.8630
vn 0.8569 -0.0900 -0.5075
vn -0.9896 0.0734 0.1237
vn -0.9446 -0.0039 0.3281
vn -0.7439 -0.0380 0.6672
vn -0.8486 0.0189 0.5287
vn -0.8367 0.4710 -0.2795
vn -0.9205 0.3614 -0.1484
vn -0.9099 0.3076 -0.2784
vn -0.1269 0.8713 0.4740
vn -0.2694 0.8723 0.4080
vn -0.1137 0.9845 0.1339
vn -0.0404 0.9746 0.2201
vn 0.0903 0.8983 0.4301
vn -0.0578 0.9262 0.3727
vn -0.0203 0.8285 0.5596
vn 0.2168 -0.6573 0.7217
vn 0.5688 -0.5645 0.5981
vn 0.8410 -0.0750 0.5359
vn -0.6535 -0.7460 0.1283
vn 0.7119 -0.0502 -0.7005
vn 0.1230 0.7863 -0.6055
vn 0.3521 0.3040 -0.8852
vn 0.2616 0.2318 -0.9369
vn 0.0790 0.0123 -0.9968
vn 0.8985 0.1531 -0.4114
vn 0.3668 0.4485 -0.8150
vn 0.1521 0.2545 -0.9550
vn 0.0099 0.1931 -0.9811
vn 0.7313 0.6369 -0.2440
vn -0.3957 -0.1203 0.9105
vn 0.7250 -0.0600 0.6861
vn 0.9351 -0.0769 0.3458
vn -0.1270 0.5536 0.8230
vn -0.1110 0.5919 0.7983
vn 0.0841 -0.8989 -0.4299
vn 0.7077 -0.5152 0.4835
vn 0.5557 -0.8143 0.1675
vn -0.7024 0.7084 -0.0692
vn 0.9212 -0.0325 -0.3878
vn 0.9797 -0.0812 -0.1834
vn -0.5739 0.8125 -0.1025
vn 0.6758 -0.0322 -0.7364
vn 0.9126 -0.0141 -0.4087
vn 0.7663 -0.0571 -0.6400
vn 0.5226 0.1229 0.8436
vn 0.8745 0.0606 0.4812
vn 0.3084 0.2031 0.9293
vn 0.9976 -0.0467 -0.0521
vn 0.8915 0.1881 -0.4122
vn -0.0019 0.9991 0.0426
vn -0.1971 0.9791 -0.0507
vn -0.1988 0.9782 0.0608
vn 0.0728 0.9848 -0.1580
vn 0.7576 -0.0455 0.6511
vn 0.3351 0.0021 0.9422
vn 0.9993 0.0364 -0.0059
vn 0.9340 -0.0495 0.3539
vn 0.9503 0.0552 -0.3065
vn 0.6286 -0.4397 -0.6415
vn -0.6880 0.1369 0.7127
vn 0.4142 -0.3968 -0.8192
vn 0.5627 -0.7942 -0.2294
vn -0.8192 0.4960 -0.2880
vn 0.1829 0.9607 -0.2088
vn 0.2293 -0.0204 -0.9731
vn 0.4242 0.0029 -0.9056
vn 0.2532 0.0632 -0.9654
vn 0.1498 0.1600 -0.9757
vn -0.0870 0.2265 -0.9701
vn -0.0212 0.0327 -0.9992
vn -0.0213 0.0124 -0.9997
vn -0.0205 -0.0303 -0.9993
vn -0.6278 0.1207 -0.7690
vn -0.4639 0.1693 -0.8695
vn -0.5714 0.1571 -0.8055
vn -0.4827 0.1810 -0.8569
vn 0.6494 0.4662 0.6008
vn 0.2891 -0.0778 0.9541
vn 0.9899 0.1305 0.0562
vn 0.9691 0.2189 -0.1141
vn 0.4677 -0.1898 0.8633
vn 0.6899 0.1305 0.7121
vn 0.6526 0.7112 0.2613
vn 0.4096 0.9113 -0.0410
vn 0.0499 0.9966 -0.0654
vn 0.1234 0.9881 -0.0923
vn 0.1623 0.9867 0.0054
vn 0.2004 0.5563 -0.8065
vn -0.0620 0.5175 -0.8534
vn 0.3677 0.6129 -0.6994
vn 0.7108 0.6899 -0.1372
vn 0.6227 0.7653 0.1628
vn 0.5226 -0.8207 -0.2310
vn 0.9421 0.2315 -0.2425
vn 0.6098 -0.1418 0.7798
vn 0.9354 -0.0076 0.3536
vn 0.6552 -0.1349 0.7433
vn -0.6522 0.5857 -0.4813
vn -0.0412 0.9969 -0.0665
vn -0.0706 0.9901 -0.1214
vn -0.8951 0.0685 -0.4405
vn -0.7533 0.0231 -0.6572
vn -0.5824 0.0464 -0.8116
vn 0.1252 -0.4266 0.8957
vn -0.3015 0.9097 -0.2854
vn -0.2462 0.9329 -0.2629
vn -0.2659 0.9037 -0.3356
vn -0.1087 0.8318 -0.5443
vn 0.0748 -0.8825 0.4644
vn -0.4174 -0.6642 0.6202
vn -0.8518 0.3946 0.3445
vn 0.1165 -0.7945 -0.5960
vn 0.0151 -0.7299 -0.6834
vn -0.0043 -0.9220 -0.3872
vn 0.1191 0.8978 -0.4241
vn -0.0086 0.9851 -0.1716
vn -0.2852 0.9575 -0.0437
vn -0.6576 0.0479 0.7519
vn -0.3184 0.1060 0.9420
vn -0.6952 0.0138 0.7187
vn -0.2279 0.6496 -0.7253
vn 0.0557 0.3437 -0.9374
vn -0.2971 0.4614 -0.8360
vn -0.4069 0.6400 -0.6518
vn -0.7456 -0.0752 0.6622
vn -0.7342 -0.0529 0.6768
vn -0.9216 -0.0327 0.3867
vn -0.9245 -0.0000 0.3812
vn -0.7075 -0.0226 0.7063
vn -0.3130 -0.0063 0.9497
vn -0.4354 0.0149 0.9001
vn 0.1160 0.2161 -0.9694
vn -0.0657 0.1429 -0.9876
vn -0.1076 0.2045 -0.9729
vn -0.0353 0.2028 -0.9786
vn 0.3306 0.2406 -0.9126
vn 0.1751 0.2590 -0.9499
vn 0.1706 0.0658 0.9831
vn 0.2925 0.2265 -0.9290
vn 0.3678 0.1448 -0.9185
vn 0.8603 0.1111 -0.4976
vn -0.2601 0.1918 -0.9463
vn 0.2866 0.1468 -0.9467
vn 0.0961 0.1880 -0.9774
vn 0.9595 0.0870 0.2679
vn 0.9807 0.0625 0.1855
vn 0.9882 0.1109 0.1060
vn 0.4657 0.0223 -0.8846
vn 0.4006 -0.5129 -0.7592
vn 0.1646 -0.9852 -0.0485
vn 0.0849 -0.9875 -0.1329
vn 0.1579 -0.9487 -0.2739
vn -0.8909 0.0277 0.4533
vn -0.3452 0.0011 0.9385
vn -0.7606 -0.0026 0.6492
vn 0.0169 0.1354 0.9906
vn 0.6009 -0.0006 0.7993
vn 0.7582 0.0557 0.6496
vn -0.7742 0.1097 0.6233
vn -0.6470 0.0523 0.7607
vn -0.0723 0.0682 -0.9950
vn -0.0695 0.0927 -0.9933
vn 0.2899 0.0678 -0.9547
vn 0.2934 0.1394 -0.9458
vn 0.0061 0.9784 -0.2067
vn 0.0736 0.9170 -0.3920
vn -0.1736 0.9808 0.0885
vn 0.5644 -0.4985 0.6580
vn 0.6139 -0.4826 0.6247
vn -0.1011 0.0414 0.9940
vn 0.8826 0.0111 0.4700
vn 0.6344 -0.0997 0.7666
vn -0.1307 0.0783 0.9883
vn 0.1111 0.0648 0.9917
vn 0.4706 0.0819 0.8786
vn 0.3965 0.0822 0.9143
vn -0.3442 0.0084 -0.9388
vn 0.7288 0.0363 0.6837
vn 0.5567 -0.0024 0.8307
vn 0.6375 0.0022 0.7705
vn -0.1456 0.0829 -0.9859
vn 0.0092 0.0909 -0.9958
vn -0.1310 0.1363 -0.9820
vn -0.6940 -0.0713 0.7165
vn 0.4803 -0.0809 -0.8733
vn -0.9859 -0.0545 0.1583
vn -0.9115 -0.1121 0.3957
vn 0.4734 -0.3085 0.8251
vn 0.7947 -0.1855 0.5780
vn -0.5588 0.3721 -0.7411
vn -0.6147 0.3921 -0.6843
vn -0.4167 0.8047 -0.4227
vn 0.9728 -0.0347 0.2291
vn 0.9500 -0.0852 0.3002
vn 0.5575 0.6013 0.5724
vn 0.0581 0.6290 0.7752
vn 0.3486 -0.4224 -0.8367
vn 0.3361 -0.5562 -0.7601
vn 0.1507 0.8129 -0.5625
vn -0.9858 -0.0845 0.1453
vn 0.8711 0.0632 -0.4871
vn 0.6662 0.0754 0.7419
vn 0.7466 0.0677 0.6618
vn 0.6501 0.0659 0.7570
vn 0.5368 0.0789 0.8400
vn 0.3683 0.1578 0.9162
vn 0.3422 -0.7914 0.5065
vn 0.0179 -0.8963 0.4431
vn -0.1627 -0.0108 0.9866
vn 0.9647 0.0568 -0.2571
vn 0.6470 0.0328 -0.7618
vn 0.2187 0.3375 -0.9156
vn 0.0591 0.3198 -0.9456
vn 0.1508 0.6441 -0.7499
vn 0.2935 0.4837 -0.8246
vn 0.2990 0.7846 -0.5431
vn 0.1898 0.8478 -0.4951
vn 0.8290 0.1650 -0.5343
vn 0.7708 0.2082 -0.6020
vn 0.4186 0.1189 -0.9004
vn 0.9621 0.0923 -0.2567
vn 0.5391 0.1249 -0.8329
vn -0.1126 0.5270 -0.8424
vn 0.1976 0.4816 -0.8538
vn -0.8713 0.4873 -0.0590
vn -0.6651 0.7192 -0.2010
vn -0.0170 -0.0825 0.9964
vn 0.1509 -0.2118 0.9656
vn 0.4183 -0.2075 0.8843
vn 0.0391 -0.0278 0.9988
vn -0.2782 0.2398 -0.9301
vn -0.3219 0.7605 -0.5640
vn -0.0558 0.9747 -0.2165
vn -0.0642 0.1345 -0.9888
vn -0.1476 0.1115 -0.9827
vn -0.1604 0.0675 -0.9847
vn -0.1847 0.1162 -0.9759
vn 0.7896 0.0706 0.6095
vn 0.5990 0.0623 0.7983
vn 0.5962 0.0368 0.8020
vn 0.3976 0.1291 0.9084
vn 0.4643 0.0911 0.8810
vn 0.5250 0.0233 0.8508
vn 0.2103 -0.3740 0.9032
vn -0.2938 0.1061 0.9500
vn -0.1025 0.0720 0.9921
vn 0.3795 0.1048 0.9193
vn 0.9651 0.2107 -0.1557
vn 0.8179 0.2384 -0.5236
vn 0.6746 0.1721 -0.7178
vn 0.9697 0.1864 -0.1576
vn 0.7372 0.3255 -0.5920
vn 0.4639 0.5813 -0.6684
vn 0.3546 0.6633 -0.6590
vn -0.9894 0.1169 -0.0856
vn 0.3171 -0.0148 -0.9483
vn -0.0909 0.1733 -0.9807
vn -0.9254 -0.0603 0.3741
vn 0.5285 0.0120 0.8489
vn -0.2890 0.2524 -0.9235
vn -0.1463 0.2879 -0.9464
vn 0.3647 0.3862 -0.8473
vn 0.0725 0.1474 -0.9864
vn 0.1257 0.1343 -0.9829
vn -0.2366 0.2086 -0.9489
vn -0.6029 0.1098 0.7902
vn -0.5940 0.0818 0.8003
vn 0.0574 0.9729 0.2241
vn 0.3981 0.1839 -0.8987
vn 0.2164 0.1478 -0.9651
vn 0.3652 0.1865 -0.9120
vn 0.0696 0.2275 -0.9713
vn -0.9110 -0.1837 -0.3693
vn -0.7592 -0.4601 -0.4604
vn 0.9751 0.0646 -0.2123
vn 0.9875 0.0742 -0.1390
vn 0.0117 0.2335 -0.9723
vn -0.3340 0.0714 -0.9399
vn -0.6336 0.2059 0.7458
vn -0.6138 0.0603 0.7872
vn -0.7195 0.0748 0.6905
vn -0.2032 0.2320 0.9513
vn -0.1060 0.1144 0.9878
vn -0.1463 0.0975 0.9844
vn -0.1766 0.1086 0.9783
vn -0.2161 0.1633 0.9626
vn -0.9518 0.0564 0.3016
vn -0.9995 0.0299 0.0131
vn -0.7469 0.5489 -0.3753
vn -0.6785 0.4298 -0.5957
vn -0.2475 0.0023 -0.9689
vn -0.0651 0.1709 0.9831
vn -0.5571 0.1518 0.8165
vn 0.3011 0.6338 -0.7125
vn -0.8489 -0.0074 0.5285
vn 0.4037 -0.0373 -0.9141
vn 0.4019 0.0381 -0.9149
vn -0.1473 0.4862 0.8614
vn -0.3396 0.9036 0.2613
vn -0.9845 0.0735 0.1590
vn -0.9725 0.0785 0.2194
vn 0.9769 0.0420 0.2093
vn 0.6053 -0.0863 0.7913
vn 0.8058 -0.0512 0.5899
vn -0.2132 0.3555 0.9100
vn 0.8813 -0.2061 0.4252
vn 0.8070 -0.1100 0.5802
vn 0.8896 0.0844 0.4490
vn 0.9014 0.0606 0.4287
vn 0.9638 0.0528 -0.2613
vn 0.9986 0.0453 0.0284
vn -0.0751 0.9450 -0.3183
vn -0.4933 0.8451 -0.2062
vn -0.7966 0.4413 0.4132
vn -0.3118 0.9451 0.0982
vn 0.8292 -0.2473 0.5013
vn -0.2285 0.1567 -0.9609
vn 0.3028 0.2238 -0.9264
vn 0.1647 -0.9863 0.0003
vn 0.1051 0.8938 0.4361
vn 0.0715 0.7523 0.6549
vn -0.1000 0.8147 0.5712
vn 0.0300 0.8825 0.4693
vn 0.1690 0.5376 0.8261
vn 0.9901 -0.0718 0.1208
vn 0.7437 0.1103 -0.6593
vn 0.8522 0.0800 -0.5171
vn 0.9152 0.1145 -0.3865
vn 0.7438 -0.1979 0.6384
vn -0.0180 0.9524 0.3044
vn 0.1124 0.9915 0.0656
vn 0.1529 0.9879 -0.0277
vn 0.1567 0.9860 -0.0568
vn 0.1004 0.9522 0.2886
vn -0.0390 0.1379 -0.9897
vn 0.0192 0.2013 -0.9793
vn 0.1032 0.2179 -0.9705
vn 0.8935 -0.0673 0.4440
vn -0.6379 -0.1618 -0.7529
vn -0.5169 0.5548 0.6520
vn -0.7100 0.5635 0.4223
vn -0.7352 0.1969 0.6487
vn -0.8418 0.2517 0.4774
vn -0.8656 0.1424 0.4800
vn -0.6933 0.1494 0.7050
vn 0.0069 0.9615 0.2748
vn -0.2285 0.6891 0.6877
vn -0.4699 0.8066 0.3587
vn 0.2150 0.9563 0.1980
vn 0.0239 0.9995 -0.0185
vn 0.2878 0.6833 -0.6710
vn 0.1808 0.9111 -0.3703
vn -0.0749 0.9969 0.0242
vn 0.0577 0.9873 0.1479
vn 0.0675 0.9866 0.1486
vn 0.0793 0.9831 0.1649
vn -0.2592 0.9128 -0.3156
vn -0.0733 0.8945 -0.4409
vn -0.2539 0.9622 -0.0982
vn -0.4183 0.8805 -0.2231
vn 0.9328 0.1380 0.3328
vn 0.8779 -0.0965 0.4689
vn 0.5269 -0.0907 0.8451
vn 0.8933 0.1595 -0.4201
vn 0.9843 0.1678 -0.0542
vn -0.6599 -0.0418 0.7502
vn -0.1841 0.9829 0.0026
vn -0.1205 0.9629 -0.2413
vn -0.2746 0.7876 -0.5516
vn -0.1407 0.9320 0.3339
vn -0.2882 0.9566 0.0426
vn -0.3546 0.9326 -0.0672
vn -0.3536 0.9174 -0.1827
vn -0.2508 0.9606 -0.1195
vn -0.0435 0.9963 -0.0742
vn -0.2564 -0.1310 -0.9576
vn -0.1087 -0.2325 -0.9665
vn -0.2132 -0.3514 -0.9116
vn -0.9793 -0.0524 -0.1954
vn -0.8823 -0.4449 0.1535
vn -0.9919 0.0998 0.0785
vn -0.9384 -0.0119 -0.3455
vn -0.9899 0.1413 0.0087
vn -0.8214 -0.1244 -0.5566
vn -0.7808 -0.0531 -0.6226
vn -0.7518 -0.0229 -0.6590
vn 0.7527 0.1994 -0.6275
vn 0.5580 0.2118 -0.8024
vn 0.6066 0.2675 -0.7487
vn 0.4493 0.8691 0.2069
vn 0.4427 0.8077 -0.3894
vn 0.1721 0.9278 -0.3311
vn 0.0724 0.9679 -0.2405
vn -0.0416 0.6323 0.7736
vn 0.5315 -0.3394 0.7761
vn 0.1145 -0.5363 0.8362
vn 0.3162 0.9439 -0.0948
vn 0.4764 0.8753 -0.0826
vn 0.3723 0.8813 -0.2911
vn 0.0364 0.9985 -0.0398
vn 0.5108 -0.1171 0.8517
vn 0.6373 -0.0248 0.7702
vn -0.0426 0.9249 -0.3778
vn 0.0037 0.9623 -0.2718
vn -0.0671 0.9977 -0.0042
vn 0.0421 0.9242 -0.3795
vn -0.0506 0.9987 0.0089
vn 0.6354 0.4001 -0.6605
vn -0.2779 0.9526 0.1238
vn 0.0230 0.9852 -0.1698
vn 0.8944 0.0525 -0.4443
vn 0.5296 0.5915 0.6080
vn 0.5553 0.7724 0.3084
vn -0.2849 0.9350 -0.2114
vn 0.7356 0.4458 -0.5100
vn 0.9931 0.0792 -0.0860
vn 0.9062 0.1478 -0.3962
vn 0.7255 0.1503 -0.6716
vn 0.8160 0.0771 -0.5728
vn 0.4963 0.0953 -0.8629
vn 0.4823 0.0546 -0.8743
vn 0.4084 0.0660 -0.9104
vn 0.4479 0.4654 0.7634
vn -0.4338 0.0222 -0.9007
vn -0.5728 0.0672 -0.8170
vn -0.5622 -0.0588 -0.8249
vn -0.1156 0.0349 -0.9927
vn -0.2950 0.5339 0.7925
vn -0.1467 0.5532 0.8201
vn 0.2898 0.1411 0.9466
vn 0.7579 0.0817 0.6473
vn 0.4840 -0.0504 0.8736
vn 0.8984 0.0407 0.4374
vn 0.5866 0.0370 -0.8090
vn 0.7501 0.2122 -0.6264
vn -0.5127 0.1047 0.8521
vn -0.6404 0.0882 0.7630
vn -0.7068 0.1014 0.7001
vn 0.0296 0.1664 0.9856
vn -0.3572 0.0549 -0.9324
vn -0.3435 0.1108 -0.9326
vn 0.7942 0.1020 -0.5991
vn 0.8682 0.0906 -0.4879
vn 0.8939 0.1934 -0.4044
vn 0.8945 0.2332 -0.3813
vn 0.8992 0.1632 -0.4059
vn 0.9333 0.1270 -0.3360
vn -0.1645 0.7985 -0.5791
vn 0.5222 -0.2554 0.8137
vn 0.7908 0.0808 0.6067
vn -0.0661 -0.0804 0.9946
vn 0.9693 0.1576 0.1889
vn 0.8276 -0.0603 0.5580
vn -0.4248 -0.1685 0.8895
vn 1.0000 0.0002 0.0030
vn 0.6861 -0.1275 0.7163
vn 0.4638 -0.1695 0.8696
vn 0.9929 0.0204 0.1175
vn -0.1895 0.9808 0.0459
vn -0.2823 0.8983 0.3367
vn 0.4142 -0.0160 0.9100
vn 0.8555 -0.3657 0.3667
vn 0.8523 -0.2974 0.4303
vn 0.9169 0.0175 -0.3987
vn 0.1221 0.1304 -0.9839
vn 0.6559 -0.4824 -0.5805
vn 0.2911 -0.1086 0.9505
vn -0.5759 -0.0066 -0.8175
vn 0.9603 0.2437 0.1359
vn 0.9599 0.2098 0.1857
vn 0.5530 0.3294 0.7653
vn -0.2821 0.6391 0.7156
vn 0.0742 0.9923 -0.0991
vn 0.9843 0.1461 0.0989
vn -0.6149 0.2006 -0.7627
vn -0.2551 0.2598 -0.9314
vn 0.5093 0.0580 -0.8586
vn -0.2027 0.7767 -0.5963
vn 0.4768 0.1312 -0.8692
vn 0.3389 -0.9394 -0.0511
vn 0.4910 -0.5483 -0.6770
vn 0.7003 -0.2343 -0.6743
vn 0.8118 0.2210 -0.5405
vn 0.3810 0.6808 -0.6256
vn -0.1244 -0.9594 -0.2532
vn 0.1098 -0.9892 0.0970
vn 0.0777 -0.9948 0.0659
vn 0.9577 0.2145 0.1920
vn 0.8785 0.4284 0.2117
vn 0.2237 0.1618 -0.9611
vn -0.7518 0.3175 0.5779
vn -0.6826 0.1513 0.7149
vn 0.4070 0.6437 -0.6480
vn 0.2472 0.1572 -0.9561
vn 0.3237 -0.8511 -0.4134
vn 0.2880 -0.8924 -0.3474
vn 0.4388 0.1864 -0.8790
vn 0.7554 0.1812 -0.6297
vn 0.3472 0.6101 -0.7122
vn -0.4147 -0.1010 0.9044
vn -0.3709 -0.0910 0.9242
vn -0.1935 -0.0122 0.9810
vn 0.2913 0.7802 0.5536
vn 0.5159 -0.0205 0.8564
vn 0.9329 0.0032 0.3600
vn 0.6895 0.0308 -0.7237
vn 0.0289 -0.1558 -0.9874
vn 0.1010 -0.0900 -0.9908
vn 0.0036 -0.1281 -0.9918
vn 0.5936 -0.0515 0.8031
vn 0.9880 0.0999 -0.1175
vn 0.2100 0.1567 -0.9651
vn 0.4678 -0.5082 -0.7231
vn -0.3432 -0.0276 -0.9388
vn -0.2564 0.1080 -0.9605
vn 0.2902 0.0990 -0.9518
vn 0.5950 0.1372 -0.7919
vn 0.2117 0.3298 0.9200
vn 0.2041 0.1125 0.9725
vn 0.5380 -0.0910 0.8380
vn -0.3378 0.1082 -0.9350
vn -0.3981 -0.0046 -0.9173
vn -0.1066 0.0867 -0.9905
vn 0.0012 0.1380 -0.9904
vn -0.7441 0.0799 0.6633
vn 0.4862 -0.1192 0.8657
vn 0.4014 -0.1090 0.9094
vn 0.3900 0.1160 -0.9135
vn 0.3514 0.1542 -0.9234
vn 0.3735 0.2299 -0.8987
vn 0.9836 -0.1709 -0.0576
vn 0.6607 0.0207 0.7503
vn 0.8591 0.0582 0.5085
vn 0.6888 0.0528 0.7230
vn 0.0457 0.9217 -0.3852
vn 0.8773 0.0197 -0.4795
vn 0.5888 0.0764 -0.8047
vn 0.5692 0.1435 -0.8096
vn -0.5687 0.2397 -0.7868
vn 0.0568 0.2455 -0.9677
vn 0.0085 0.1948 -0.9808
vn -0.0575 0.2079 -0.9765
vn -0.2562 0.2169 -0.9420
vn -0.3272 0.2246 -0.9179
vn -0.1025 0.2071 -0.9729
vn -0.0081 0.1481 -0.9889
vn 0.9390 0.1058 -0.3274
vn 0.5660 0.0799 -0.8205
vn 0.5154 0.0110 -0.8569
vn 0.3243 0.1192 -0.9384
vn 0.5313 0.0979 -0.8415
vn 0.4610 -0.7651 0.4495
vn 0.4709 0.1124 -0.8750
vn 0.0250 0.2734 -0.9616
vn 0.7469 -0.2982 0.5944
vn 0.8531 -0.1943 0.4843
vn 0.8553 -0.0425 -0.5164
vn 0.7283 0.1685 -0.6643
vn 0.1583 0.2477 -0.9558
vn 0.2340 0.2836 -0.9299
vn -0.1036 0.2467 -0.9635
vn -0.2696 0.2650 -0.9258
vn 0.1736 0.6042 -0.7777
vn 0.5924 0.2166 -0.7760
vn 0.1136 0.1713 -0.9786
vn 0.3927 -0.8419 0.3701
vn 0.1894 -0.9128 0.3617
vn 0.1501 -0.8084 0.5692
vn -0.0411 -0.8901 0.4539
vn 0.9451 -0.0492 -0.3231
vn 0.3106 0.5807 -0.7525
vn 0.0452 0.5882 -0.8074
vn 0.1994 0.4070 -0.8914
vn 0.1411 0.7898 -0.5970
vn 0.8919 0.1650 0.4210
vn -0.1140 -0.1216 0.9860
vn 0.7536 -0.3403 -0.5624
vn 0.2444 0.2998 -0.9222
vn -0.4850 -0.3922 0.7816
vn 0.5562 -0.5820 0.5933
vn 0.6299 0.4887 -0.6036
vn 0.7623 0.3856 -0.5198
vn 0.8674 0.4929 -0.0679
vn 0.2944 0.4064 0.8649
vn 0.9914 -0.0502 -0.1205
vn 0.9834 -0.1331 -0.1236
vn 0.7784 -0.1214 0.6159
vn -0.3437 -0.1267 0.9305
vn 0.3742 0.0726 -0.9245
vn 0.9491 0.1259 0.2888
vn -0.0207 0.9936 0.1106
vn -0.1088 0.9375 0.3306
vn -0.1552 0.7475 0.6459
vn -0.4525 -0.4032 0.7955
vn -0.4431 -0.2310 0.8662
vn -0.0969 0.1521 -0.9836
vn 0.7440 -0.1175 -0.6578
vn -0.8284 -0.0381 -0.5588
vn -0.4303 -0.1366 -0.8923
vn -0.1429 -0.0610 0.9878
vn -0.6741 0.3619 0.6438
vn -0.2265 -0.4480 0.8649
vn 0.9589 0.2830 -0.0196
vn -0.5200 0.1377 0.8430
vn -0.8329 0.5025 0.2320
vn 0.7842 -0.4520 0.4251
vn 0.7248 -0.5519 0.4125
vn 0.7459 -0.2427 0.6203
vn 0.9899 0.1345 0.0448
vn 0.2255 0.1565 -0.9616
vn 0.9443 0.1762 -0.2779
vn -0.0997 0.0498 -0.9938
vn -0.5688 0.8204 -0.0586
vn -0.9449 0.3228 -0.0545
vn -0.9518 0.0682 -0.2991
vn -0.4516 0.8749 -0.1747
vn 0.8873 0.0303 -0.4601
vn -0.4933 0.5825 -0.6461
vn -0.7769 0.2557 -0.5754
vn 0.9071 0.1569 -0.3906
vn 0.2487 0.6045 -0.7568
vn 0.4439 0.8945 0.0523
vn 0.8854 0.4523 0.1070
vn -0.1310 0.9220 -0.3644
vn 0.4622 0.8569 -0.2283
vn -0.9237 0.3769 -0.0691
vn -0.3880 0.2152 -0.8962
vn -0.9338 0.2780 0.2252
vn 0.8612 0.5081 -0.0161
vn 0.8378 0.4474 0.3130
vn 0.8121 0.5024 0.2967
vn 0.9920 0.0604 -0.1112
vn 0.9230 0.0528 -0.3812
vn 0.9635 0.0627 -0.2602
vn 0.7395 0.0455 -0.6716
vn 0.8514 0.0831 -0.5179
vn 0.6792 0.0227 -0.7336
vn -0.7342 0.6156 -0.2864
vn -0.2277 0.8092 -0.5416
vn 0.5744 0.1862 -0.7971
vn 0.0324 0.2476 -0.9683
vn 0.9343 -0.0600 -0.3515
vn -0.6331 -0.2067 -0.7460
vn -0.6728 -0.1395 -0.7265
vn 0.1358 -0.9907 0.0021
vn 0.1245 -0.9896 0.0718
vn 0.0758 -0.9971 -0.0110
vn 0.8562 -0.2154 -0.4696
vn 0.8537 -0.5169 -0.0633
vn 0.7357 -0.6632 -0.1376
vn 0.5420 0.1788 -0.8211
vn -0.0402 0.9903 -0.1331
vn -0.5110 0.5349 -0.6729
vn 0.5773 -0.4730 -0.6655
vn 0.3407 -0.8609 -0.3779
vn -0.5408 0.0982 -0.8354
vn 0.0478 0.9835 -0.1746
vn 0.1111 0.8618 -0.4949
vn 0.0459 -0.0757 -0.9961
vn -0.0816 0.9947 -0.0631
vn -0.0986 0.9938 -0.0513
vn -0.0813 0.9934 0.0804
vn -0.0402 -0.0156 0.9991
vn 0.0460 -0.0170 0.9988
vn 0.0636 -0.0063 0.9980
vn 0.0273 0.9991 -0.0330
vn 0.2728 0.8731 -0.4041
vn 0.2674 0.8874 -0.3754
vn -0.3605 0.1159 -0.9255
vn 0.1742 -0.8279 -0.5332
vn -0.2042 -0.9769 0.0633
vn -0.0665 0.0918 -0.9936
vn 0.4933 0.7375 -0.4613
vn 0.0282 0.9694 -0.2437
vn 0.3974 -0.3890 -0.8311
vn -0.3299 0.9391 -0.0959
vn -0.0970 -0.0186 -0.9951
vn -0.0400 -0.9903 0.1334
vn 0.6615 0.6098 0.4365
vn 0.2022 0.9413 0.2703
vn -0.7263 -0.0828 -0.6824
vn -0.4479 -0.0281 -0.8936
vn -0.9635 0.0797 -0.2555
vn 0.4801 0.1123 -0.8700
vn 0.1689 0.6745 -0.7187
vn 0.2232 0.4565 -0.8613
vn -0.6144 0.0776 -0.7852
vn -0.3575 0.9337 -0.0207
vn -0.0979 0.9948 -0.0270
vn -0.2626 0.9623 0.0710
vn -0.0726 0.9944 -0.0766
vn -0.5222 0.1682 -0.8361
vn -0.7543 0.1918 -0.6279
vn -0.3970 0.7837 -0.4778
vn -0.4767 0.8074 -0.3477
vn -0.2172 0.8200 -0.5296
vn 0.4978 -0.8425 0.2060
vn 0.9717 -0.1849 -0.1472
vn -0.4910 -0.0671 -0.8686
vn -0.5378 -0.0606 -0.8409
vn -0.0120 0.9080 -0.4189
vn -0.2132 0.0010 -0.9770
vn -0.0152 0.9990 -0.0421
vn 0.0838 0.9963 0.0209
vn -0.5457 0.0110 -0.8379
vn 0.2767 0.5699 -0.7737
vn 0.7691 0.6278 -0.1199
vn 0.7455 0.4442 -0.4968
vn 0.6855 0.7042 -0.1846
vn 0.8001 0.5859 0.1285
vn -0.1647 0.8043 -0.5709
vn 0.4438 0.2904 -0.8478
vn 0.5546 -0.2072 -0.8059
vn 0.5434 -0.7182 -0.4347
vn 0.6533 -0.0073 -0.7571
vn -0.0922 0.5189 -0.8498
vn -0.7371 0.2308 -0.6351
vn 0.9294 0.1013 0.3549
vn -0.8403 -0.1554 -0.5193
vn 0.0429 0.9904 -0.1313
vn -0.1464 -0.8761 0.4593
vn -0.2939 -0.8592 0.4189
vn 0.6510 -0.0014 -0.7591
vn 0.0802 0.2423 -0.9669
vn 0.2180 0.4756 -0.8522
vn 0.2098 0.4163 -0.8847
vn 0.6272 0.0182 -0.7787
vn 0.8313 -0.0092 -0.5558
vn -0.2592 0.2349 -0.9368
vn -0.5249 0.3423 0.7793
vn -0.4611 0.8837 0.0811
vn 0.8076 0.0358 0.5887
vn 0.8819 0.1301 0.4532
vn 0.8480 0.1160 0.5171
vn 0.2819 0.8954 -0.3447
vn 0.4736 -0.0003 0.8808
vn -0.3777 0.2049 -0.9030
vn -0.3389 0.2483 -0.9074
vn 0.4576 0.0280 -0.8887
vn 0.3520 0.0640 -0.9338
vn 0.7784 0.0851 -0.6220
vn 0.3275 0.0348 -0.9442
vn -0.3719 -0.2011 0.9062
vn 0.6820 -0.5396 -0.4938
vn 0.6795 -0.7324 0.0430
vn -0.4346 0.7675 -0.4713
vn -0.9969 0.0789 0.0068
vn 0.9905 -0.0701 0.1185
vn 0.1454 -0.0345 -0.9888
vn 0.1640 0.2448 -0.9556
vn 0.3255 0.1872 -0.9268
vn 0.2906 -0.9530 -0.0852
vn 0.6817 -0.7309 -0.0328
vn 0.8834 -0.4098 -0.2274
vn 0.6805 -0.2704 -0.6810
vn -0.2596 0.7755 -0.5755
vn -0.4174 0.8446 -0.3353
vn -0.3818 0.3693 -0.8473
vn -0.8763 -0.2182 0.4294
vn -0.8887 -0.2284 0.3975
vn -0.8248 0.0815 0.5595
vn -0.5419 -0.2203 0.8111
vn -0.1700 -0.9093 0.3799
vn -0.8895 0.4559 0.0317
vn 0.9218 0.2813 -0.2667
vn 0.8260 0.1450 -0.5447
vn 0.8633 0.0619 -0.5009
vn 0.8991 0.1227 -0.4201
vn -0.3703 0.0208 -0.9287
vn 0.7773 0.0652 -0.6257
vn 0.1474 0.1101 -0.9829
vn -0.1301 0.5961 -0.7923
vn 0.6400 0.1432 -0.7549
vn -0.3688 0.7466 -0.5537
vn -0.7456 0.4471 -0.4941
vn 0.8223 0.5376 -0.1867
vn 0.8509 0.3814 -0.3612
vn -0.1615 -0.9493 0.2697
vn -0.1585 -0.6376 0.7539
vn -0.2394 -0.6258 0.7424
vn -0.3599 0.2781 -0.8906
vn -0.0474 0.0729 -0.9962
vn -0.5570 -0.2021 0.8055
vn -0.2976 -0.0835 0.9510
vn -0.1310 -0.2896 0.9481
vn 0.5837 -0.5321 0.6133
vn -0.0166 -0.9270 0.3747
vn 0.5768 -0.7011 0.4192
vn 0.3477 -0.8681 0.3543
vn 0.1365 -0.8024 0.5810
vn 0.0684 -0.6907 0.7199
vn 0.0033 0.8112 -0.5847
vn 0.9975 0.0455 0.0545
vn 0.7827 0.5953 -0.1816
vn 0.1122 0.9068 -0.4063
vn 0.0213 0.0020 0.9998
vn -0.0552 -0.0036 0.9985
vn -0.1801 0.0058 0.9836
vn -0.0005 0.9875 -0.1574
vn -0.0225 0.9985 -0.0497
vn -0.9125 0.2968 -0.2815
vn 0.4665 0.4021 -0.7878
vn 0.6266 0.2212 -0.7473
vn -0.4279 0.7513 -0.5025
vn -0.1518 0.9427 -0.2971
vn 0.8565 0.4414 -0.2674
vn 0.9584 0.2829 -0.0390
vn 0.3349 -0.1894 0.9230
vn 0.1811 -0.1158 0.9766
vn 0.3880 -0.2372 0.8906
vn -0.4589 -0.0443 0.8874
vn 0.3133 0.7788 -0.5435
vn -0.8983 -0.1432 -0.4155
vn 0.3362 0.8780 -0.3407
vn 0.7517 0.5715 0.3292
vn 0.4364 0.8093 -0.3933
vn 0.2998 0.8525 -0.4283
vn -0.9031 0.2529 0.3471
vn -0.9151 0.3054 0.2634
vn 0.0903 0.0582 0.9942
vn -0.1300 0.1617 0.9782
vn -0.2023 0.2227 0.9537
vn 0.8696 -0.1559 0.4685
vn -0.1530 0.9837 0.0945
vn 0.6488 -0.0339 -0.7602
vn 0.4906 0.3492 -0.7983
vn 0.9160 0.0803 -0.3931
vn -0.0307 0.9985 -0.0459
vn -0.6255 0.7450 -0.2318
vn -0.1149 0.3882 -0.9144
vn -0.2270 0.4839 -0.8452
vn -0.9410 0.0641 -0.3322
vn 0.6874 -0.2437 0.6841
vn 0.6755 0.2867 -0.6793
vn 0.7484 0.0052 -0.6632
vn -0.8154 0.0169 -0.5786
vn -0.1372 0.3784 -0.9154
vn 0.9484 0.0839 -0.3056
vn -0.1744 0.9298 0.3242
vn 0.1130 0.9936 0.0022
vn -0.0427 0.9834 -0.1762
vn -0.4874 -0.7915 0.3686
vn -0.3325 -0.7989 0.5012
vn -0.1249 -0.9258 0.3567
vn -0.6543 0.3518 -0.6694
vn -0.8072 0.0640 0.5868
vn -0.5592 0.4559 -0.6924
vn -0.6878 0.5572 0.4653
vn -0.4290 0.6612 0.6155
vn 0.9824 0.0462 0.1808
vn 0.9836 0.0788 0.1624
vn 0.0565 0.9935 -0.0993
vn 0.0151 0.9476 -0.3192
vn -0.9643 -0.2342 -0.1233
vn -0.9869 0.1590 0.0256
vn -0.6509 0.7341 -0.1934
vn -0.3017 0.8857 -0.3528
vn 0.9487 -0.2992 0.1020
vn 0.8562 -0.3702 -0.3604
vn 0.7987 -0.5535 0.2360
vn -0.2818 -0.0573 0.9577
vn -0.4522 0.1611 0.8772
vn 0.1533 -0.5875 0.7946
vn 0.1395 0.1368 -0.9807
vn 0.2050 0.1658 -0.9646
vn -0.3862 0.8556 -0.3445
vn -0.3071 0.8474 -0.4330
vn 0.6104 -0.0093 -0.7920
vn -0.8914 0.3992 -0.2144
vn -0.6094 0.4705 -0.6382
vn -0.2277 -0.0630 0.9717
vn -0.3840 -0.5798 0.7186
vn -0.0003 0.9998 0.0207
vn -0.0322 0.9979 0.0566
vn 0.3201 0.0256 -0.9470
vn -0.0268 0.2158 -0.9761
vn 0.5773 -0.0171 -0.8164
vn 0.6475 -0.0065 -0.7621
vn -0.0434 0.9946 -0.0938
vn -0.4487 0.7771 0.4413
vn -0.9998 -0.0131 0.0171
vn -0.9926 0.0133 -0.1204
vn -0.9738 -0.0337 -0.2250
vn -0.3873 -0.5698 0.7248
vn -0.3084 -0.5499 0.7762
vn -0.9763 -0.2164 0.0082
vn -0.6349 -0.4802 -0.6052
vn -0.7935 -0.2511 -0.5544
vn -0.4143 0.0082 -0.9101
vn -0.9347 0.0290 -0.3543
vn -0.9939 0.0899 0.0632
vn -0.9809 0.0599 -0.1849
vn -0.9829 0.1215 0.1382
vn 0.3075 0.9511 -0.0302
vn 0.2334 -0.9433 0.2359
vn -0.4035 -0.8897 0.2138
vn 0.0283 -0.7375 0.6748
vn 0.6534 -0.0230 -0.7567
vn -0.1383 -0.6848 0.7155
vn -0.6323 -0.1839 -0.7525
vn -0.7209 -0.0304 -0.6924
vn -0.0187 -0.1685 0.9855
vn 0.9949 0.0984 -0.0228
vn 0.8336 0.0401 -0.5510
vn -0.9546 0.0419 -0.2951
vn -0.8749 0.3747 0.3069
vn -0.9270 0.2608 0.2697
vn -0.5235 0.5428 0.6568
vn -0.6276 0.5342 0.5663
vn 0.5470 0.6968 0.4640
vn 0.7941 0.1334 0.5930
vn 0.5662 0.0155 0.8241
vn -0.0809 0.9949 -0.0597
vn 0.9967 0.0815 0.0031
vn 0.9926 0.0467 -0.1125
vn 0.1554 0.0850 0.9842
vn 0.6070 0.7795 0.1547
vn 0.4876 0.8687 0.0871
vn 0.9923 0.0954 0.0793
vn 0.1327 -0.8891 0.4380
vn 0.6827 -0.3805 0.6238
vn 0.6597 0.1106 0.7434
vn 0.8260 0.5618 -0.0459
vn -0.0109 0.8101 -0.5862
vn 0.2247 0.8106 -0.5408
vn 0.0886 0.9948 0.0502
vn 0.9674 0.2100 0.1413
vn 0.9495 -0.1798 -0.2572
vn 0.8932 -0.3465 -0.2864
vn 0.5556 0.7640 0.3281
vn -0.2442 0.8810 0.4053
vn 0.8370 -0.0151 0.5470
vn 0.6814 0.4364 0.5875
vn 0.5327 -0.4754 0.7001
vn 0.0094 -0.9963 -0.0851
vn 0.5892 -0.3387 0.7336
vn -0.4198 0.7431 0.5211
vn -0.3811 0.8062 0.4525
vn 0.1182 0.8936 0.4329
vn -0.8662 0.3545 -0.3521
vn 0.0660 0.9968 -0.0459
vn -0.4690 0.5720 -0.6730
vn -0.3522 0.5339 -0.7688
vn -0.7638 0.0065 -0.6454
vn -0.7219 0.0010 -0.6920
vn -0.7311 -0.5457 -0.4095
vn -0.5126 0.2589 -0.8186
vn -0.2913 0.8843 0.3650
vt 0.411244 0.954864
vt 0.418760 0.920478
vt 0.424516 0.914866
vt 0.416881 0.963580
vt 0.048204 0.286121
vt 0.049144 0.279912
vt 0.053137 0.287673
vt 0.073221 0.306299
vt 0.840173 0.810274
vt 0.844049 0.797618
vt 0.851095 0.808961
vt 0.844871 0.818035
vt 0.155906 0.083026
vt 0.145923 0.091384
vt 0.144161 0.080161
vt 0.147450 0.072758
vt 0.350169 0.872241
vt 0.353575 0.872480
vt 0.355337 0.888002
vt 0.846397 0.887166
vt 0.850743 0.862451
vt 0.834770 0.837736
vt 0.844166 0.830453
vt 0.857438 0.839527
vt 0.860022 0.880599
vt 0.853327 0.903285
vt 0.400438 0.790335
vt 0.397737 0.881913
vt 0.426865 0.788186
vt 0.420992 0.832602
vt 0.400203 0.901255
vt 0.384348 0.849317
vt 0.412066 0.725622
vt 0.430858 0.664490
vt 0.471378 0.688489
vt 0.470908 0.664013
vt 0.479130 0.672013
vt 0.469851 0.709861
vt 0.733997 0.756187
vt 0.722135 0.727532
vt 0.736464 0.750218
vt 0.761246 0.802394
vt 0.767588 0.812662
vt 0.769233 0.826274
vt 0.751850 0.798454
vt 0.407133 0.890270
vt 0.407955 0.896957
vt 0.728125 0.313463
vt 0.805760 0.223676
vt 0.850861 0.186782
vt 0.834065 0.220214
vt 0.809753 0.245168
vt 0.749971 0.770873
vt 0.378240 0.922747
vt 0.369079 0.923344
vt 0.393978 0.908658
vt 0.854267 0.157291
vt 0.848864 0.167918
vt 0.846515 0.158127
vt 0.852505 0.148336
vt 0.864015 0.138068
vt 0.909703 0.125770
vt 0.918747 0.127800
vt 0.915223 0.136874
vt 0.900542 0.130427
vt 0.887388 0.128517
vt 0.357569 0.911165
vt 0.354398 0.897792
vt 0.350757 0.881316
vt 0.345119 0.872361
vt 0.341008 0.858511
vt 0.329851 0.858869
vt 0.341243 0.867107
vt 0.319750 0.869615
vt 0.333492 0.892420
vt 0.916515 0.641686
vt 0.900894 0.630701
vt 0.914519 0.630701
vt 0.939418 0.653983
vt 0.336780 0.896837
vt 0.343005 0.896121
vt 0.338894 0.954625
vt 0.335488 0.966804
vt 0.332904 0.967162
vt 0.342888 0.928955
vt 0.349230 0.926329
vt 0.334314 0.915941
vt 0.257384 0.034073
vt 0.273944 0.040401
vt 0.258323 0.038969
vt 0.245169 0.032044
vt 0.332434 0.904718
vt 0.331377 0.897554
vt 0.503795 0.533989
vt 0.503795 0.528855
vt 0.516009 0.523960
vt 0.514600 0.534467
vt 0.318458 0.882868
vt 0.313760 0.904956
vt 0.925677 0.842512
vt 0.927556 0.858630
vt 0.919217 0.842989
vt 0.917103 0.817438
vt 0.720138 0.133651
vt 0.672923 0.227019
vt 0.731414 0.105354
vt 0.765944 0.063087
vt 0.737756 0.105712
vt 0.328793 0.923224
vt 0.320454 0.911523
vt 0.414767 0.474768
vt 0.424281 0.478708
vt 0.417116 0.482649
vt 0.404197 0.482290
vt 0.401495 0.473455
vt 0.823377 0.600613
vt 0.817739 0.593927
vt 0.835005 0.599180
vt 0.868361 0.620313
vt 0.304129 0.924418
vt 0.312116 0.934806
vt 0.708158 0.533989
vt 0.746565 0.554406
vt 0.716850 0.544019
vt 0.346059 0.856720
vt 0.858847 0.920956
vt 0.872706 0.930746
vt 0.861079 0.943760
vt 0.862723 0.936119
vt 0.851683 0.913075
vt 0.316461 0.938746
vt 0.327032 0.938029
vt 0.317166 0.951402
vt 0.279582 0.880122
vt 0.264783 0.883942
vt 0.268306 0.878569
vt 0.280639 0.872480
vt 0.293441 0.895046
vt 0.304246 0.903524
vt 0.291209 0.899464
vt 0.326092 0.967162
vt 0.332904 0.942686
vt 0.338072 0.920956
vt 0.330203 0.938865
vt 0.247870 0.839049
vt 0.274531 0.669983
vt 0.271478 0.726816
vt 0.269129 0.788544
vt 0.253155 0.850392
vt 0.888327 0.859824
vt 0.888562 0.877734
vt 0.906532 0.894808
vt 0.897254 0.927045
vt 0.896784 0.897076
vt 0.879753 0.881793
vt 0.875290 0.861138
vt 0.869770 0.829497
vt 0.874468 0.811349
vt 0.882220 0.830094
vt 0.308827 0.967282
vt 0.315404 0.967401
vt 0.350992 0.895524
vt 0.351344 0.917015
vt 0.353693 0.930388
vt 0.361092 0.918926
vt 0.362502 0.929910
vt 0.371311 0.929791
vt 0.389985 0.925015
vt 0.396797 0.912240
vt 0.404314 0.909016
vt 0.703930 0.820901
vt 0.717085 0.852660
vt 0.695944 0.816006
vt 0.686078 0.778395
vt 0.106577 0.969311
vt 0.048557 0.981371
vt 0.045033 0.967162
vt 0.047969 0.962148
vt 0.058423 0.961192
vt 0.075218 0.956416
vt 0.085789 0.943164
vt 0.356629 0.936000
vt 0.397032 0.928000
vt 0.076393 0.774097
vt 0.066057 0.761680
vt 0.056426 0.755590
vt 0.048322 0.743770
vt 0.064295 0.750576
vt 0.080738 0.765142
vt 0.102114 0.791290
vt 0.398911 0.941492
vt 0.396680 0.959043
vt 0.398911 0.965491
vt 0.339364 0.966326
vt 0.343475 0.961073
vt 0.246813 0.953312
vt 0.248692 0.923582
vt 0.254212 0.867943
vt 0.262669 0.897076
vt 0.918395 0.888599
vt 0.914401 0.858869
vt 0.908411 0.824602
vt 0.913697 0.801678
vt 0.407015 0.964416
vt 0.423928 0.933134
vt 0.423341 0.949491
vt 0.419348 0.962864
vt 0.424398 0.962506
vt 0.433089 0.962148
vt 0.432385 0.957730
vt 0.439432 0.962148
vt 0.433324 0.942566
vt 0.430271 0.933731
vt 0.428861 0.918329
vt 0.407485 0.926925
vt 0.416294 0.913553
vt 0.404666 0.918448
vt 0.418291 0.908180
vt 0.051728 0.115263
vt 0.049966 0.145113
vt 0.052080 0.168156
vt 0.044916 0.159440
vt 0.048439 0.110129
vt 0.107869 0.324089
vt 0.165537 0.361222
vt 0.111745 0.331492
vt 0.420287 0.848243
vt 0.096242 0.693385
vt 0.204766 0.631537
vt 0.192668 0.645029
vt 0.161192 0.662341
vt 0.096594 0.698996
vt 0.066409 0.716786
vt 0.062298 0.285046
vt 0.095185 0.309642
vt 0.829250 0.939701
vt 0.822673 0.949611
vt 0.823260 0.939462
vt 0.826079 0.927522
vt 0.834770 0.922747
vt 0.050671 0.738159
vt 0.083674 0.711652
vt 0.080151 0.722995
vt 0.056309 0.739711
vt 0.431915 0.776007
vt 0.041627 0.243854
vt 0.052668 0.237646
vt 0.048792 0.258898
vt 0.035050 0.257824
vt 0.028003 0.223795
vt 0.821968 0.410413
vt 0.831716 0.413040
vt 0.826666 0.416383
vt 0.806112 0.415547
vt 0.460220 0.844183
vt 0.454348 0.879047
vt 0.457519 0.844900
vt 0.459163 0.825796
vt 0.822203 0.851228
vt 0.823142 0.861615
vt 0.817387 0.856004
vt 0.807521 0.850153
vt 0.899250 0.103563
vt 0.891264 0.111085
vt 0.897136 0.098667
vt 0.916633 0.090548
vt 0.136292 0.012940
vt 0.146745 0.012224
vt 0.152500 0.048162
vt 0.154732 0.071325
vt 0.161662 0.080041
vt 0.159900 0.096279
vt 0.163423 0.137710
vt 0.145336 0.148933
vt 0.150739 0.141411
vt 0.139581 0.034551
vt 0.236830 0.951521
vt 0.232484 0.936955
vt 0.237417 0.912598
vt 0.243994 0.919284
vt 0.127131 0.183559
vt 0.132299 0.186663
vt 0.122433 0.197528
vt 0.115738 0.190722
vt 0.365321 0.048162
vt 0.393509 0.016641
vt 0.360857 0.069654
vt 0.839468 0.100936
vt 0.835240 0.098428
vt 0.844636 0.092578
vt 0.848042 0.102369
vt 0.460338 0.648491
vt 0.454583 0.684430
vt 0.452704 0.676788
vt 0.450590 0.695414
vt 0.371780 0.379848
vt 0.345237 0.347491
vt 0.365086 0.357640
vt 0.384230 0.374952
vt 0.678443 0.871764
vt 0.681849 0.890151
vt 0.669047 0.860779
vt 0.672923 0.856362
vt 0.383173 0.334715
vt 0.389046 0.353341
vt 0.374129 0.339014
vt 0.371898 0.329223
vt 0.853914 0.502468
vt 0.954687 0.526706
vt 0.767236 0.488380
vt 0.484415 0.007328
vt 0.489818 0.007328
vt 0.496630 0.007448
vt 0.496865 0.166604
vt 0.489113 0.103085
vt 0.487821 0.290180
vt 0.487821 0.194663
vt 0.644970 0.409458
vt 0.636514 0.417458
vt 0.633695 0.410174
vt 0.644148 0.403846
vt 0.669165 0.395250
vt 0.960559 0.312746
vt 0.962908 0.321224
vt 0.912639 0.337939
vt 0.426982 0.821856
vt 0.425220 0.841198
vt 0.602570 0.681564
vt 0.609148 0.792126
vt 0.599751 0.736487
vt 0.599164 0.719055
vt 0.421227 0.894091
vt 0.427687 0.894569
vt 0.423458 0.907702
vt 0.426160 0.910091
vt 0.202299 0.348207
vt 0.167064 0.325880
vt 0.175990 0.323731
vt 0.434029 0.927164
vt 0.750675 0.587479
vt 0.848629 0.668669
vt 0.823964 0.661744
vt 0.789786 0.632612
vt 0.440019 0.943880
vt 0.811397 0.582823
vt 0.789317 0.576017
vt 0.771699 0.568376
vt 0.763712 0.564197
vt 0.760659 0.558585
vt 0.792135 0.571958
vt 0.435556 0.782216
vt 0.452821 0.946268
vt 0.440841 0.936955
vt 0.449650 0.939223
vt 0.431797 0.914269
vt 0.452821 0.961789
vt 0.465623 0.952476
vt 0.460925 0.960237
vt 0.472905 0.951282
vt 0.472318 0.957730
vt 0.495808 0.938746
vt 0.171292 0.972893
vt 0.148390 0.973610
vt 0.153323 0.970028
vt 0.144984 0.952238
vt 0.144514 0.942089
vt 0.155084 0.957610
vt 0.484650 0.957730
vt 0.489466 0.948178
vt 0.499214 0.957969
vt 0.501798 0.940179
vt 0.508258 0.942566
vt 0.511077 0.931940
vt 0.857908 0.400623
vt 0.873411 0.403130
vt 0.845340 0.406951
vt 0.830777 0.405399
vt 0.473727 0.643118
vt 0.467033 0.632850
vt 0.471378 0.610642
vt 0.479952 0.588793
vt 0.476898 0.625925
vt 0.478425 0.639298
vt 0.476076 0.660550
vt 0.461630 0.944477
vt 0.474315 0.943760
vt 0.480187 0.939223
vt 0.513778 0.934089
vt 0.516009 0.944835
vt 0.503325 0.958327
vt 0.507905 0.958566
vt 0.571564 0.914627
vt 0.581077 0.916777
vt 0.568157 0.930746
vt 0.555943 0.934209
vt 0.567688 0.924299
vt 0.631816 0.573749
vt 0.632051 0.597986
vt 0.624416 0.546407
vt 0.525171 0.936955
vt 0.146510 0.651357
vt 0.098708 0.684788
vt 0.042449 0.694579
vt 0.178340 0.626522
vt 0.201125 0.626283
vt 0.166242 0.646700
vt 0.861784 0.648730
vt 0.886801 0.666759
vt 0.881750 0.673684
vt 0.831834 0.630104
vt 0.663762 0.107264
vt 0.676564 0.032282
vt 0.675742 0.073833
vt 0.666111 0.118248
vt 0.662353 0.141650
vt 0.645205 0.213408
vt 0.637806 0.230004
vt 0.229313 0.909732
vt 0.212283 0.896240
vt 0.225555 0.889912
vt 0.232484 0.896837
vt 0.562990 0.938268
vt 0.547369 0.933612
vt 0.559349 0.925731
vt 0.550540 0.917851
vt 0.518124 0.920956
vt 0.514013 0.926209
vt 0.513895 0.908896
vt 0.483476 0.913075
vt 0.486295 0.881316
vt 0.494751 0.909493
vt 0.490405 0.918568
vt 0.508962 0.911404
vt 0.509902 0.922269
vt 0.499449 0.935044
vt 0.660826 0.821259
vt 0.660943 0.802394
vt 0.664232 0.819110
vt 0.666816 0.848840
vt 0.477838 0.934328
vt 0.468794 0.937194
vt 0.475606 0.925134
vt 0.474667 0.918448
vt 0.502150 0.928000
vt 0.503795 0.918329
vt 0.502855 0.903404
vt 0.342183 0.953790
vt 0.349817 0.933851
vt 0.483358 0.920478
vt 0.706279 0.923582
vt 0.700759 0.944238
vt 0.687839 0.934925
vt 0.686195 0.925134
vt 0.682084 0.902927
vt 0.697235 0.917254
vt 0.487821 0.868660
vt 0.495221 0.866749
vt 0.508610 0.899583
vt 0.951046 0.482887
vt 0.903243 0.483484
vt 0.927556 0.478470
vt 0.962204 0.479783
vt 0.311058 0.216035
vt 0.295438 0.215796
vt 0.317636 0.233825
vt 0.630641 0.276330
vt 0.616547 0.331372
vt 0.621950 0.277405
vt 0.625121 0.237646
vt 0.628644 0.210304
vt 0.629936 0.179380
vt 0.635222 0.186782
vt 0.627118 0.270122
vt 0.636866 0.254122
vt 0.522939 0.870212
vt 0.522704 0.854332
vt 0.528577 0.849914
vt 0.484650 0.854451
vt 0.463392 0.656968
vt 0.458459 0.688609
vt 0.707101 0.038372
vt 0.712152 0.028701
vt 0.733997 0.027387
vt 0.775927 0.048401
vt 0.740575 0.039088
vt 0.730239 0.033357
vt 0.838998 0.951999
vt 0.851800 0.949372
vt 0.847102 0.953909
vt 0.548426 0.824363
vt 0.544550 0.830930
vt 0.540204 0.815170
vt 0.533392 0.817916
vt 0.536211 0.794753
vt 0.546312 0.854690
vt 0.543493 0.876779
vt 0.538912 0.834870
vt 0.875643 0.349162
vt 0.840290 0.359908
vt 0.908529 0.332924
vt 0.632990 0.499484
vt 0.647554 0.491365
vt 0.652487 0.504976
vt 0.642856 0.503065
vt 0.645440 0.514289
vt 0.650725 0.526706
vt 0.642269 0.524915
vt 0.634634 0.508080
vt 0.649433 0.799409
vt 0.651782 0.814095
vt 0.650725 0.818871
vt 0.652134 0.848243
vt 0.648963 0.833437
vt 0.049849 0.021895
vt 0.060184 0.022253
vt 0.060537 0.033715
vt 0.062533 0.047923
vt 0.054312 0.048998
vt 0.587654 0.938149
vt 0.595406 0.949969
vt 0.662940 0.612195
vt 0.636514 0.555600
vt 0.635222 0.547004
vt 0.640624 0.555959
vt 0.672806 0.631895
vt 0.352049 0.658043
vt 0.350639 0.684310
vt 0.346411 0.673684
vt 0.606211 0.949491
vt 0.602805 0.933851
vt 0.613728 0.958685
vt 0.620658 0.957849
vt 0.617839 0.366117
vt 0.619718 0.334357
vt 0.623711 0.320149
vt 0.642034 0.270599
vt 0.628644 0.325164
vt 0.637336 0.322179
vt 0.622185 0.343193
vt 0.631698 0.334835
vt 0.632403 0.946268
vt 0.627587 0.948178
vt 0.616077 0.932895
vt 0.612201 0.924418
vt 0.595288 0.919165
vt 0.598577 0.935164
vt 0.954569 0.666043
vt 0.951985 0.672968
vt 0.944938 0.650521
vt 0.598460 0.943760
vt 0.594114 0.928119
vt 0.793545 0.917015
vt 0.786850 0.902568
vt 0.796951 0.915344
vt 0.812807 0.943164
vt 0.570976 0.901494
vt 0.570154 0.879644
vt 0.577671 0.887405
vt 0.940475 0.047207
vt 0.947640 0.054848
vt 0.938596 0.057833
vt 0.929905 0.052580
vt 0.719199 0.254719
vt 0.700289 0.284449
vt 0.680910 0.315134
vt 0.680323 0.307254
vt 0.464801 0.325761
vt 0.469382 0.335671
vt 0.443073 0.345222
vt 0.427804 0.344506
vt 0.417586 0.333044
vt 0.491345 0.551779
vt 0.487469 0.543780
vt 0.495925 0.537213
vt 0.499684 0.557630
vt 0.497217 0.598344
vt 0.872941 0.069773
vt 0.861784 0.077534
vt 0.870592 0.067027
vt 0.879518 0.062729
vt 0.840877 0.686101
vt 0.880928 0.696131
vt 0.871062 0.692907
vt 0.886801 0.712727
vt 0.858260 0.698041
vt 0.835005 0.094250
vt 0.783679 0.065236
vt 0.791901 0.061774
vt 0.837824 0.087683
vt 0.463039 0.925612
vt 0.458341 0.917135
vt 0.461160 0.905553
vt 0.465271 0.915702
vt 0.943294 0.169350
vt 0.955157 0.168395
vt 0.947522 0.177828
vt 0.936717 0.180693
vt 0.590238 0.915105
vt 0.216746 0.142725
vt 0.212752 0.124457
vt 0.229078 0.116338
vt 0.240001 0.123860
vt 0.244816 0.150844
vt 0.244464 0.181768
vt 0.203944 0.145352
vt 0.576379 0.908419
vt 0.460690 0.872958
vt 0.464684 0.826751
vt 0.464566 0.875226
vt 0.478778 0.855287
vt 0.469734 0.795350
vt 0.474667 0.798932
vt 0.477251 0.787828
vt 0.479835 0.818035
vt 0.673041 0.130666
vt 0.706044 0.030133
vt 0.710742 0.023566
vt 0.703343 0.058789
vt 0.690541 0.104040
vt 0.673628 0.146187
vt 0.466915 0.852422
vt 0.470204 0.748307
vt 0.476311 0.736965
vt 0.477016 0.764187
vt 0.153910 0.840959
vt 0.187148 0.864720
vt 0.183390 0.878689
vt 0.177987 0.872719
vt 0.176695 0.906270
vt 0.176695 0.932060
vt 0.190202 0.953193
vt 0.196192 0.952835
vt 0.199715 0.936358
vt 0.197366 0.921314
vt 0.212752 0.924179
vt 0.223206 0.970267
vt 0.460690 0.793917
vt 0.462687 0.807051
vt 0.449415 0.822572
vt 0.456110 0.787947
vt 0.461630 0.779351
vt 0.464684 0.737084
vt 0.467150 0.739830
vt 0.687487 0.555839
vt 0.677621 0.550466
vt 0.669282 0.524438
vt 0.304716 0.776843
vt 0.303542 0.797618
vt 0.290387 0.783649
vt 0.298374 0.741143
vt 0.336428 0.331372
vt 0.357569 0.367311
vt 0.328676 0.328268
vt 0.307065 0.301165
vt 0.336898 0.318716
vt 0.898546 0.967162
vt 0.914166 0.953193
vt 0.906649 0.964297
vt 0.479952 0.691713
vt 0.471261 0.719771
vt 0.463157 0.701623
vt 0.465623 0.712608
vt 0.351344 0.861734
vt 0.414180 0.597867
vt 0.428861 0.581868
vt 0.418760 0.634164
vt 0.434734 0.621269
vt 0.460103 0.743293
vt 0.351814 0.341282
vt 0.761363 0.197886
vt 0.793075 0.152157
vt 0.789082 0.165649
vt 0.751262 0.221169
vt 0.437200 0.810871
vt 0.423106 0.857197
vt 0.441194 0.851228
vt 0.432737 0.899703
vt 0.446126 0.817558
vt 0.444247 0.833915
vt 0.239649 0.572316
vt 0.213222 0.580554
vt 0.118557 0.582942
vt 0.114329 0.576853
vt 0.211813 0.564555
vt 0.436965 0.855287
vt 0.098121 0.579718
vt 0.052198 0.579241
vt 0.093775 0.572316
vt 0.115151 0.567540
vt 0.222148 0.550705
vt 0.246931 0.550108
vt 0.457871 0.882510
vt 0.690306 0.897792
vt 0.684903 0.898509
vt 0.669752 0.877495
vt 0.661531 0.862332
vt 0.811985 0.675117
vt 0.829367 0.700787
vt 0.792488 0.662580
vt 0.454583 0.936597
vt 0.043037 0.953193
vt 0.055721 0.953193
vt 0.322569 0.841198
vt 0.319045 0.856720
vt 0.311528 0.840243
vt 0.067466 0.189170
vt 0.080973 0.189528
vt 0.091191 0.201707
vt 0.030704 0.191439
vt 0.278995 0.848243
vt 0.286276 0.869256
vt 0.276763 0.066669
vt 0.284632 0.066430
vt 0.267954 0.080400
vt 0.263608 0.074191
vt 0.077450 0.077653
vt 0.070285 0.078489
vt 0.078154 0.072997
vt 0.094715 0.065236
vt 0.303072 0.884301
vt 0.297787 0.890748
vt 0.304834 0.572196
vt 0.362032 0.538765
vt 0.388928 0.530049
vt 0.312350 0.579121
vt 0.290974 0.596912
vt 0.290152 0.586882
vt 0.283575 0.578166
vt 0.309766 0.555839
vt 0.278055 0.901136
vt 0.103641 0.243615
vt 0.077684 0.257704
vt 0.054547 0.257107
vt 0.277703 0.910687
vt 0.963143 0.335193
vt 0.932254 0.336029
vt 0.876582 0.353938
vt 0.203591 0.645626
vt 0.218977 0.637148
vt 0.189145 0.656610
vt 0.872941 0.251137
vt 0.845223 0.270241
vt 0.806112 0.293165
vt 0.790843 0.299852
vt 0.864485 0.753561
vt 0.883864 0.778037
vt 0.877404 0.774097
vt 0.849334 0.772903
vt 0.820558 0.729323
vt 0.853444 0.738039
vt 0.686430 0.816483
vt 0.699467 0.847287
vt 0.711564 0.873674
vt 0.695356 0.850273
vt 0.686430 0.836661
vt 0.672571 0.794275
vt 0.268306 0.910449
vt 0.245521 0.969311
vt 0.236125 0.970028
vt 0.233894 0.964774
vt 0.239414 0.957252
vt 0.069228 0.823408
vt 0.063708 0.809558
vt 0.075805 0.827587
vt 0.082617 0.852541
vt 0.083440 0.822692
vt 0.096594 0.848959
vt 0.088138 0.806931
vt 0.068758 0.797618
vt 0.029060 0.804782
vt 0.027768 0.790813
vt 0.041392 0.791768
vt 0.072399 0.781022
vt 0.109748 0.800842
vt 0.185152 0.856600
vt 0.147098 0.866152
vt 0.138876 0.853019
vt 0.135705 0.923224
vt 0.112215 0.916299
vt 0.095889 0.899464
vt 0.088020 0.878331
vt 0.322099 0.208393
vt 0.285454 0.149530
vt 0.310236 0.181648
vt 0.121728 0.700787
vt 0.179514 0.668669
vt 0.122551 0.707951
vt 0.101644 0.716786
vt 0.062533 0.124218
vt 0.060302 0.147620
vt 0.062768 0.170664
vt 0.057366 0.174962
vt 0.055721 0.165052
vt 0.234481 0.881913
vt 0.212165 0.912001
vt 0.188088 0.924179
vt 0.894904 0.940895
vt 0.078389 0.118487
vt 0.086258 0.100936
vt 0.086376 0.119204
vt 0.077097 0.131143
vt 0.194900 0.911762
vt 0.205823 0.902927
vt 0.196544 0.902449
vt 0.115151 0.147978
vt 0.105755 0.154068
vt 0.113154 0.120159
vt 0.822438 0.705205
vt 0.698997 0.571002
vt 0.751850 0.617448
vt 0.886331 0.034909
vt 0.896901 0.034551
vt 0.895492 0.041595
vt 0.892321 0.038491
vt 0.879518 0.039685
vt 0.131124 0.970386
vt 0.121846 0.958327
vt 0.139816 0.972177
vt 0.131007 0.960715
vt 0.747152 0.565271
vt 0.135118 0.955461
vt 0.129598 0.941134
vt 0.131007 0.928239
vt 0.140168 0.942925
vt 0.906649 0.012821
vt 0.914284 0.013179
vt 0.907472 0.017477
vt 0.896784 0.017358
vt 0.124900 0.970267
vt 0.116913 0.969073
vt 0.076980 0.210901
vt 0.054194 0.222005
vt 0.036929 0.219020
vt 0.807874 0.707712
vt 0.113154 0.968237
vt 0.089899 0.943760
vt 0.214867 0.650163
vt 0.123138 0.728249
vt 0.249279 0.631417
vt 0.242937 0.625328
vt 0.266192 0.618403
vt 0.115269 0.754635
vt 0.096477 0.756307
vt 0.103406 0.749740
vt 0.104933 0.730039
vt 0.030000 0.258898
vt 0.043624 0.272390
vt 0.036107 0.268928
vt 0.097064 0.935761
vt 0.126661 0.952596
vt 0.217450 0.630104
vt 0.225672 0.617209
vt 0.230487 0.622105
vt 0.083557 0.931224
vt 0.080973 0.919523
vt 0.074866 0.949014
vt 0.237769 0.544019
vt 0.077802 0.540317
vt 0.240706 0.501155
vt 0.233189 0.495902
vt 0.247753 0.492917
vt 0.259968 0.589987
vt 0.260437 0.605866
vt 0.251511 0.605270
vt 0.092248 0.613388
vt 0.079681 0.608971
vt 0.176108 0.600852
vt 0.119379 0.600971
vt 0.244581 0.578524
vt 0.074278 0.051028
vt 0.066174 0.069534
vt 0.062064 0.062729
vt 0.064765 0.052461
vt 0.068993 0.941850
vt 0.073809 0.923940
vt 0.062886 0.940776
vt 0.062533 0.925612
vt 0.056778 0.936835
vt 0.063590 0.893255
vt 0.070285 0.894330
vt 0.389515 0.241824
vt 0.375186 0.204095
vt 0.373072 0.184394
vt 0.376948 0.904837
vt 0.366612 0.910926
vt 0.061594 0.868660
vt 0.964200 0.772425
vt 0.952925 0.728845
vt 0.949167 0.705921
vt 0.955157 0.723831
vt 0.961381 0.749024
vt 0.967724 0.794991
vt 0.218625 0.828542
vt 0.214984 0.825796
vt 0.214514 0.809558
vt 0.223088 0.768366
vt 0.233071 0.750218
vt 0.230840 0.769560
vt 0.167769 0.838571
vt 0.166829 0.831527
vt 0.076745 0.811349
vt 0.044798 0.812304
vt 0.327032 0.307015
vt 0.289800 0.268450
vt 0.335488 0.292568
vt 0.354985 0.321343
vt 0.367435 0.344984
vt 0.075335 0.916060
vt 0.670809 0.203379
vt 0.659886 0.222005
vt 0.674333 0.173410
vt 0.068876 0.906270
vt 0.079681 0.895882
vt 0.072986 0.879644
vt 0.072986 0.867824
vt 0.441781 0.526587
vt 0.382116 0.598344
vt 0.391747 0.566704
vt 0.423811 0.527781
vt 0.421227 0.514050
vt 0.427452 0.482649
vt 0.458459 0.506647
vt 0.456932 0.522050
vt 0.082735 0.915822
vt 0.944586 0.690519
vt 0.934838 0.687653
vt 0.920744 0.674759
vt 0.943764 0.675594
vt 0.951281 0.682519
vt 0.920391 0.326119
vt 0.955391 0.310955
vt 0.962791 0.305583
vt 0.081678 0.892420
vt 0.081325 0.873435
vt 0.068876 0.843825
vt 0.065235 0.843825
vt 0.058775 0.819945
vt 0.086493 0.913434
vt 0.091779 0.900658
vt 0.625825 0.512617
vt 0.628292 0.520856
vt 0.623007 0.518468
vt 0.589298 0.528975
vt 0.574852 0.519901
vt 0.595523 0.515244
vt 0.711212 0.914269
vt 0.724601 0.919762
vt 0.708980 0.916418
vt 0.694652 0.895643
vt 0.706162 0.909016
vt 0.813159 0.575062
vt 0.837824 0.593091
vt 0.874468 0.616970
vt 0.936365 0.161351
vt 0.931901 0.179738
vt 0.931549 0.157530
vt 0.928143 0.131979
vt 0.535858 0.007806
vt 0.545489 0.007806
vt 0.557939 0.007806
vt 0.565574 0.007925
vt 0.567453 0.062371
vt 0.572033 0.247794
vt 0.564634 0.262241
vt 0.027768 0.782694
vt 0.027768 0.768844
vt 0.035990 0.777440
vt 0.029765 0.755829
vt 0.024127 0.738278
vt 0.025302 0.717503
vt 0.024362 0.712011
vt 0.031292 0.710817
vt 0.024362 0.701862
vt 0.239649 0.848004
vt 0.233189 0.828662
vt 0.230253 0.802872
vt 0.256092 0.717503
vt 0.268424 0.679535
vt 0.901834 0.292210
vt 0.853209 0.317164
vt 0.873998 0.301881
vt 0.913344 0.280390
vt 0.819854 0.323970
vt 0.854736 0.306896
vt 0.809635 0.336268
vt 0.708746 0.287434
vt 0.728830 0.279076
vt 0.705222 0.306538
vt 0.688897 0.309881
vt 0.712739 0.276330
vt 0.069111 0.612911
vt 0.027063 0.621866
vt 0.045855 0.613388
vt 0.026828 0.617926
vt 0.026476 0.606702
vt 0.043271 0.607896
vt 0.026359 0.594166
vt 0.026359 0.585808
vt 0.026359 0.579241
vt 0.287333 0.838810
vt 0.303424 0.821259
vt 0.304481 0.844900
vt 0.922740 0.052102
vt 0.936482 0.043386
vt 0.026241 0.573152
vt 0.026241 0.553451
vt 0.029765 0.558108
vt 0.856028 0.793201
vt 0.881163 0.784007
vt 0.878931 0.798096
vt 0.860257 0.808006
vt 0.844166 0.780067
vt 0.812102 0.730517
vt 0.803176 0.711772
vt 0.263726 0.086131
vt 0.243994 0.061177
vt 0.266310 0.085414
vt 0.267367 0.096757
vt 0.238709 0.475604
vt 0.210991 0.471067
vt 0.220857 0.465814
vt 0.100587 0.464500
vt 0.088255 0.458530
vt 0.025771 0.458530
vt 0.025654 0.454710
vt 0.157198 0.446949
vt 0.212518 0.445874
vt 0.092601 0.435487
vt 0.046208 0.428084
vt 0.025067 0.425338
vt 0.100117 0.427248
vt 0.198306 0.436800
vt 0.234481 0.426890
vt 0.023187 0.384982
vt 0.022835 0.378534
vt 0.099295 0.385459
vt 0.117970 0.387608
vt 0.141930 0.393340
vt 0.218390 0.403846
vt 0.206293 0.407906
vt 0.237652 0.405996
vt 0.629701 0.956655
vt 0.565339 0.851586
vt 0.580020 0.847526
vt 0.580842 0.864003
vt 0.721900 0.893852
vt 0.717672 0.875823
vt 0.731296 0.893614
vt 0.730239 0.900419
vt 0.419465 0.494469
vt 0.403257 0.503663
vt 0.387754 0.518706
vt 0.359918 0.511662
vt 0.407250 0.490529
vt 0.826431 0.179738
vt 0.812454 0.196692
vt 0.782622 0.221527
vt 0.804585 0.194782
vt 0.872706 0.628791
vt 0.901364 0.662699
vt 0.553241 0.867585
vt 0.319750 0.967520
vt 0.461630 0.298896
vt 0.431445 0.138904
vt 0.432737 0.123502
vt 0.437670 0.136755
vt 0.449650 0.208990
vt 0.455405 0.254003
vt 0.457402 0.190245
vt 0.961499 0.460560
vt 0.961616 0.471186
vt 0.924972 0.465694
vt 0.910056 0.458411
vt 0.924032 0.456739
vt 0.801414 0.132815
vt 0.813746 0.124696
vt 0.593057 0.737323
vt 0.585540 0.686101
vt 0.590590 0.633328
vt 0.593644 0.680967
vt 0.595641 0.725741
vt 0.072517 0.498648
vt 0.112450 0.492439
vt 0.088255 0.501275
vt 0.128306 0.494350
vt 0.750206 0.208035
vt 0.723075 0.242780
vt 0.734350 0.220094
vt 0.769937 0.172694
vt 0.030704 0.498528
vt 0.032114 0.492439
vt 0.075218 0.491962
vt 0.436143 0.848004
vt 0.455522 0.713443
vt 0.026124 0.496021
vt 0.091896 0.487066
vt 0.120202 0.489335
vt 0.257853 0.671774
vt 0.268894 0.637745
vt 0.271360 0.652312
vt 0.255739 0.688131
vt 0.854032 0.090309
vt 0.864367 0.079922
vt 0.188558 0.855168
vt 0.197836 0.866033
vt 0.085084 0.477992
vt 0.100352 0.473574
vt 0.134296 0.480141
vt 0.026124 0.488260
vt 0.026006 0.473694
vt 0.025889 0.467724
vt 0.072869 0.472142
vt 0.623124 0.229049
vt 0.623829 0.213647
vt 0.151326 0.926687
vt 0.036929 0.108458
vt 0.015788 0.116577
vt 0.015788 0.111682
vt 0.103993 0.037894
vt 0.112097 0.033476
vt 0.100705 0.058550
vt 0.100587 0.053296
vt 0.968193 0.811707
vt 0.962439 0.853854
vt 0.960559 0.816961
vt 0.963965 0.787947
vt 0.943177 0.271554
vt 0.919099 0.284569
vt 0.025302 0.433099
vt 0.225789 0.638701
vt 0.024832 0.419368
vt 0.024479 0.412921
vt 0.062768 0.418890
vt 0.798595 0.947342
vt 0.764652 0.918448
vt 0.771229 0.918209
vt 0.786263 0.929910
vt 0.672923 0.739352
vt 0.670339 0.716309
vt 0.681732 0.747591
vt 0.876935 0.076698
vt 0.876465 0.072161
vt 0.712856 0.397877
vt 0.687957 0.401459
vt 0.713678 0.391907
vt 0.744450 0.385937
vt 0.346881 0.007567
vt 0.362267 0.007925
vt 0.351227 0.013418
vt 0.301427 0.029298
vt 0.299901 0.008045
vt 0.205940 0.011627
vt 0.216041 0.015925
vt 0.203944 0.015806
vt 0.193960 0.011030
vt 0.938831 0.696250
vt 0.092483 0.468799
vt 0.605389 0.344506
vt 0.604919 0.366356
vt 0.609500 0.374355
vt 0.594819 0.382952
vt 0.612084 0.385459
vt 0.583778 0.394892
vt 0.575322 0.393817
vt 0.570624 0.377102
vt 0.582604 0.377340
vt 0.478073 0.335671
vt 0.481127 0.324209
vt 0.568627 0.312985
vt 0.575909 0.305821
vt 0.583661 0.312746
vt 0.613728 0.315134
vt 0.611262 0.327074
vt 0.758897 0.255316
vt 0.825022 0.193349
vt 0.750793 0.270241
vt 0.894317 0.245168
vt 0.894552 0.261406
vt 0.867539 0.267017
vt 0.880106 0.253287
vt 0.643795 0.628910
vt 0.636514 0.595957
vt 0.634987 0.575540
vt 0.640272 0.598344
vt 0.309766 0.608254
vt 0.310236 0.591778
vt 0.763712 0.242780
vt 0.775927 0.233944
vt 0.904066 0.844422
vt 0.891029 0.850392
vt 0.886801 0.826751
vt 0.896549 0.826512
vt 0.937656 0.188096
vt 0.972892 0.167440
vt 0.972422 0.220691
vt 0.954452 0.211736
vt 0.736346 0.637029
vt 0.759014 0.668311
vt 0.731883 0.641686
vt 0.712152 0.613508
vt 0.847924 0.363013
vt 0.947405 0.275733
vt 0.946230 0.290897
vt 0.919569 0.299971
vt 0.907002 0.302836
vt 0.214044 0.484440
vt 0.198071 0.475962
vt 0.580725 0.719652
vt 0.583426 0.748427
vt 0.257971 0.533034
vt 0.237887 0.750934
vt 0.226259 0.796663
vt 0.700289 0.950924
vt 0.689953 0.951641
vt 0.714970 0.932895
vt 0.268306 0.607657
vt 0.267249 0.601210
vt 0.277233 0.595957
vt 0.641212 0.071803
vt 0.636161 0.109174
vt 0.634517 0.066669
vt 0.640154 0.051267
vt 0.067936 0.604195
vt 0.115973 0.592136
vt 0.912405 0.266062
vt 0.876112 0.286957
vt 0.867069 0.285763
vt 0.910525 0.259853
vt 0.919334 0.256988
vt 0.091896 0.942089
vt 0.099413 0.942328
vt 0.948932 0.164336
vt 0.972774 0.163500
vt 0.939536 0.155620
vt 0.088842 0.019626
vt 0.101292 0.018552
vt 0.097299 0.031088
vt 0.088372 0.024044
vt 0.080503 0.635955
vt 0.027181 0.625567
vt 0.073691 0.630104
vt 0.109748 0.627358
vt 0.700876 0.070012
vt 0.028825 0.676311
vt 0.034815 0.678102
vt 0.029177 0.692668
vt 0.693007 0.049117
vt 0.666346 0.145352
vt 0.660121 0.163739
vt 0.309179 0.849914
vt 0.400321 0.340566
vt 0.410187 0.359670
vt 0.391629 0.341043
vt 0.377418 0.299374
vt 0.413710 0.346655
vt 0.042449 0.711652
vt 0.034815 0.721443
vt 0.034110 0.763232
vt 0.032349 0.748427
vt 0.042919 0.741740
vt 0.045855 0.728368
vt 0.051610 0.712369
vt 0.236712 0.390474
vt 0.255035 0.399548
vt 0.234716 0.395130
vt 0.218625 0.382116
vt 0.196779 0.491245
vt 0.227316 0.399309
vt 0.213692 0.386534
vt 0.249984 0.412562
vt 0.963026 0.052819
vt 0.973831 0.064161
vt 0.973714 0.073474
vt 0.959620 0.081474
vt 0.260907 0.612195
vt 0.236477 0.622701
vt 0.271830 0.612314
vt 0.468912 0.527542
vt 0.477016 0.568017
vt 0.475606 0.582584
vt 0.471731 0.599777
vt 0.466680 0.606702
vt 0.475841 0.552257
vt 0.429566 0.717503
vt 0.421814 0.761918
vt 0.427922 0.694937
vt 0.442603 0.633447
vt 0.454583 0.605389
vt 0.454818 0.588196
vt 0.468090 0.543899
vt 0.453526 0.567182
vt 0.456580 0.541631
vt 0.635222 0.130427
vt 0.629584 0.166724
vt 0.629114 0.131263
vt 0.052198 0.641447
vt 0.034580 0.637268
vt 0.459281 0.022373
vt 0.461160 0.104040
vt 0.457284 0.069057
vt 0.918160 0.169828
vt 0.918160 0.153829
vt 0.132534 0.383788
vt 0.310824 0.433337
vt 0.312585 0.451725
vt 0.287451 0.433935
vt 0.278760 0.416144
vt 0.339129 0.433576
vt 0.320807 0.414950
vt 0.394566 0.444203
vt 0.389750 0.459127
vt 0.419348 0.465575
vt 0.692772 0.879047
vt 0.688074 0.884778
vt 0.699819 0.586524
vt 0.741867 0.619000
vt 0.754081 0.648014
vt 0.531865 0.753561
vt 0.529281 0.766336
vt 0.523174 0.747710
vt 0.509902 0.623895
vt 0.502855 0.542825
vt 0.517654 0.633925
vt 0.205471 0.384862
vt 0.207115 0.378534
vt 0.890559 0.288867
vt 0.873059 0.295434
vt 0.893730 0.282420
vt 0.206645 0.368027
vt 0.454818 0.699235
vt 0.449532 0.713204
vt 0.928026 0.222482
vt 0.909586 0.219855
vt 0.934368 0.218184
vt 0.955391 0.220333
vt 0.847572 0.218184
vt 0.845105 0.215318
vt 0.870122 0.191797
vt 0.894317 0.181051
vt 0.871884 0.199200
vt 0.021896 0.362654
vt 0.022248 0.333283
vt 0.023422 0.345103
vt 0.710742 0.883226
vt 0.715440 0.901136
vt 0.024832 0.281823
vt 0.026124 0.312627
vt 0.966079 0.622224
vt 0.929552 0.635477
vt 0.757957 0.537332
vt 0.021191 0.265107
vt 0.194195 0.373161
vt 0.191259 0.363371
vt 0.194078 0.381519
vt 0.031292 0.281584
vt 0.043506 0.287554
vt 0.031644 0.310597
vt 0.049027 0.294120
vt 0.393274 0.006493
vt 0.406663 0.013895
vt 0.410656 0.026671
vt 0.391394 0.009239
vt 0.371311 0.006970
vt 0.748796 0.329701
vt 0.782152 0.302239
vt 0.851683 0.243615
vt 0.867539 0.237765
vt 0.026359 0.355252
vt 0.656715 0.329701
vt 0.683259 0.292210
vt 0.705574 0.262480
vt 0.965140 0.090787
vt 0.929200 0.109055
vt 0.956801 0.088519
vt 0.019429 0.257465
vt 0.032818 0.272032
vt 0.766766 0.463426
vt 0.746095 0.463187
vt 0.712739 0.458172
vt 0.759484 0.452680
vt 0.797656 0.449337
vt 0.794367 0.457098
vt 0.292031 0.285285
vt 0.101762 0.925015
vt 0.056191 0.298658
vt 0.613023 0.338656
vt 0.088255 0.717025
vt 0.105285 0.705324
vt 0.066174 0.308329
vt 0.253508 0.412204
vt 0.262669 0.410771
vt 0.899250 0.059983
vt 0.903713 0.066191
vt 0.885391 0.065833
vt 0.896784 0.051386
vt 0.031057 0.786156
vt 0.043037 0.786873
vt 0.075570 0.217587
vt 0.097768 0.216393
vt 0.081208 0.222124
vt 0.064882 0.222482
vt 0.182920 0.367430
vt 0.311293 0.882748
vt 0.054664 0.260809
vt 0.053255 0.267256
vt 0.101175 0.294956
vt 0.134061 0.312388
vt 0.072282 0.267853
vt 0.165890 0.315254
vt 0.215219 0.361102
vt 0.235655 0.382952
vt 0.474432 0.321701
vt 0.467972 0.308448
vt 0.252098 0.389996
vt 0.250454 0.403608
vt 0.860022 0.102249
vt 0.870945 0.096279
vt 0.875290 0.081593
vt 0.877404 0.102010
vt 0.610322 0.658759
vt 0.598695 0.652312
vt 0.593292 0.602523
vt 0.591765 0.573510
vt 0.602453 0.605150
vt 0.608208 0.639895
vt 0.388341 0.410413
vt 0.383408 0.397638
vt 0.412888 0.425099
vt 0.395975 0.423069
vt 0.793427 0.922388
vt 0.759367 0.909135
vt 0.769233 0.901016
vt 0.782035 0.908777
vt 0.744920 0.024402
vt 0.778511 0.044342
vt 0.959267 0.013298
vt 0.956683 0.024163
vt 0.946348 0.034073
vt 0.936717 0.037655
vt 0.965375 0.231676
vt 0.956918 0.226661
vt 0.971600 0.229049
vt 0.971365 0.240034
vt 0.272182 0.402652
vt 0.705457 0.411249
vt 0.744685 0.403369
vt 0.700994 0.419129
vt 0.679500 0.415906
vt 0.852622 0.723831
vt 0.865307 0.741979
vt 0.411126 0.438233
vt 0.289800 0.395489
vt 0.268894 0.396802
vt 0.478660 0.891584
vt 0.477955 0.874510
vt 0.684081 0.407070
vt 0.667168 0.410174
vt 0.346646 0.034790
vt 0.347703 0.050311
vt 0.344297 0.083504
vt 0.314112 0.050670
vt 0.415120 0.881077
vt 0.026241 0.541153
vt 0.026241 0.535661
vt 0.026241 0.529333
vt 0.167299 0.508200
vt 0.026124 0.510468
vt 0.026124 0.504618
vt 0.067936 0.507006
vt 0.240823 0.377818
vt 0.195722 0.323850
vt 0.214279 0.337820
vt 0.135822 0.251734
vt 0.171410 0.283972
vt 0.203239 0.323612
vt 0.154262 0.246003
vt 0.182333 0.287912
vt 0.111275 0.218303
vt 0.130772 0.220691
vt 0.113272 0.208632
vt 0.111393 0.202782
vt 0.136762 0.218900
vt 0.188793 0.282181
vt 0.223206 0.324089
vt 0.239296 0.355252
vt 0.112567 0.225228
vt 0.104463 0.219617
vt 0.209464 0.320627
vt 0.174933 0.255436
vt 0.896666 0.808603
vt 0.712152 0.923463
vt 0.735759 0.942805
vt 0.736112 0.946745
vt 0.832421 0.401100
vt 0.955861 0.370296
vt 0.962204 0.371848
vt 0.950694 0.388086
vt 0.893613 0.394653
vt 0.870240 0.394772
vt 0.323038 0.967401
vt 0.025537 0.185111
vt 0.015553 0.195498
vt 0.025654 0.213408
vt 0.654131 0.784246
vt 0.640507 0.395847
vt 0.690071 0.370296
vt 0.676329 0.382594
vt 0.301310 0.909016
vt 0.020016 0.230601
vt 0.039161 0.224989
vt 0.055839 0.246242
vt 0.067466 0.242541
vt 0.079799 0.234541
vt 0.640037 0.149411
vt 0.641681 0.129352
vt 0.640742 0.115741
vt 0.648259 0.051505
vt 0.655188 0.007448
vt 0.648963 0.128636
vt 0.665406 0.052461
vt 0.060654 0.226064
vt 0.052785 0.228213
vt 0.043976 0.181290
vt 0.014496 0.177469
vt 0.036342 0.169350
vt 0.335958 0.197767
vt 0.344884 0.217467
vt 0.335606 0.206244
vt 0.322451 0.184036
vt 0.016140 0.108338
vt 0.037516 0.104279
vt 0.016728 0.099384
vt 0.016728 0.096399
vt 0.035167 0.096160
vt 0.046795 0.087683
vt 0.016728 0.091026
vt 0.027416 0.083981
vt 0.016610 0.083146
vt 0.889619 0.470231
vt 0.812924 0.467246
vt 0.860961 0.466291
vt 0.401260 0.023089
vt 0.354985 0.109652
vt 0.361562 0.093294
vt 0.353693 0.095205
vt 0.355572 0.064758
vt 0.066174 0.022253
vt 0.069933 0.038611
vt 0.951633 0.083743
vt 0.928378 0.104279
vt 0.938244 0.096160
vt 0.035050 0.069893
vt 0.044446 0.061177
vt 0.047617 0.772067
vt 0.040218 0.772306
vt 0.042919 0.750934
vt 0.045738 0.755113
vt 0.075805 0.039208
vt 0.032701 0.063326
vt 0.085554 0.021059
vt 0.078507 0.042431
vt 0.108574 0.020462
vt 0.119379 0.016164
vt 0.124547 0.013895
vt 0.113389 0.023805
vt 0.797068 0.409219
vt 0.813629 0.402772
vt 0.081325 0.043148
vt 0.093188 0.039208
vt 0.086258 0.044700
vt 0.078859 0.050550
vt 0.085319 0.064878
vt 0.090487 0.046371
vt 0.256092 0.057236
vt 0.257149 0.065236
vt 0.246813 0.058311
vt 0.248105 0.049714
vt 0.630641 0.083981
vt 0.624181 0.177350
vt 0.619248 0.196454
vt 0.601161 0.261406
vt 0.621010 0.131860
vt 0.602570 0.220333
vt 0.612084 0.132815
vt 0.602923 0.180096
vt 0.622654 0.017835
vt 0.630289 0.007925
vt 0.638158 0.007806
vt 0.068758 0.136636
vt 0.063238 0.130785
vt 0.124312 0.022969
vt 0.110923 0.048998
vt 0.118440 0.040401
vt 0.115738 0.057714
vt 0.127836 0.040760
vt 0.134061 0.047088
vt 0.848864 0.082190
vt 0.857320 0.075982
vt 0.154145 0.011866
vt 0.575204 0.399787
vt 0.563225 0.397877
vt 0.565808 0.389041
vt 0.161192 0.011627
vt 0.161779 0.047327
vt 0.115856 0.035864
vt 0.164833 0.115144
vt 0.167299 0.078847
vt 0.137937 0.062012
vt 0.125604 0.069296
vt 0.333961 0.210304
vt 0.362032 0.265107
vt 0.335136 0.219975
vt 0.322686 0.195379
vt 0.275588 0.060818
vt 0.443660 0.763471
vt 0.248810 0.356326
vt 0.248340 0.378415
vt 0.139581 0.088996
vt 0.144866 0.107503
vt 0.907589 0.245765
vt 0.841582 0.915702
vt 0.829132 0.871406
vt 0.836766 0.868660
vt 0.850508 0.929791
vt 0.835240 0.486827
vt 0.854854 0.498767
vt 0.827958 0.489215
vt 0.777806 0.480380
vt 0.814686 0.478708
vt 0.170000 0.077653
vt 0.165185 0.046730
vt 0.177400 0.082907
vt 0.171175 0.104518
vt 0.178809 0.111682
vt 0.172702 0.126009
vt 0.475137 0.406951
vt 0.464801 0.413518
vt 0.456462 0.417697
vt 0.464566 0.386653
vt 0.176343 0.133412
vt 0.149799 0.157769
vt 0.890089 0.201468
vt 0.903713 0.191558
vt 0.897488 0.207557
vt 0.875643 0.214841
vt 0.139816 0.126129
vt 0.132064 0.124815
vt 0.131359 0.103563
vt 0.131359 0.084817
vt 0.119497 0.076221
vt 0.114212 0.065236
vt 0.104228 0.065236
vt 0.111745 0.086489
vt 0.117970 0.088280
vt 0.116913 0.094608
vt 0.426982 0.881316
vt 0.264666 0.838930
vt 0.119849 0.109055
vt 0.123490 0.126367
vt 0.133004 0.142128
vt 0.121259 0.160993
vt 0.802354 0.746278
vt 0.822203 0.803111
vt 0.121963 0.089832
vt 0.133473 0.164336
vt 0.113859 0.183081
vt 0.126426 0.175798
vt 0.643678 0.384385
vt 0.633342 0.396921
vt 0.636866 0.384862
vt 0.108104 0.179380
vt 0.116326 0.174484
vt 0.888327 0.415906
vt 0.857555 0.419010
vt 0.899720 0.410055
vt 0.441428 0.736965
vt 0.440254 0.759292
vt 0.488291 0.584733
vt 0.485707 0.599180
vt 0.116678 0.105115
vt 0.121728 0.097593
vt 0.109044 0.113353
vt 0.107282 0.103563
vt 0.108691 0.095205
vt 0.096829 0.099622
vt 0.527402 0.529572
vt 0.535389 0.516199
vt 0.529751 0.523841
vt 0.555003 0.526706
vt 0.094597 0.110488
vt 0.094950 0.117890
vt 0.645087 0.580674
vt 0.667168 0.630462
vt 0.099765 0.088996
vt 0.816330 0.949133
vt 0.815978 0.941253
vt 0.820676 0.949491
vt 0.104816 0.084340
vt 0.097768 0.069773
vt 0.867421 0.844661
vt 0.863310 0.832840
vt 0.865542 0.830930
vt 0.952455 0.475246
vt 0.094480 0.085892
vt 0.090839 0.081116
vt 0.088138 0.088757
vt 0.085201 0.081235
vt 0.089429 0.075743
vt 0.099648 0.934567
vt 0.484063 0.770993
vt 0.057483 0.079922
vt 0.050436 0.090668
vt 0.063355 0.098548
vt 0.056191 0.104040
vt 0.702521 0.539959
vt 0.665524 0.511662
vt 0.681849 0.521094
vt 0.700759 0.528378
vt 0.045386 0.173052
vt 0.025889 0.462948
vt 0.064060 0.182603
vt 0.920156 0.750337
vt 0.915458 0.731233
vt 0.918512 0.729920
vt 0.930140 0.765620
vt 0.212987 0.837019
vt 0.221444 0.870928
vt 0.425338 0.472739
vt 0.429331 0.473813
vt 0.058070 0.129114
vt 0.936247 0.265704
vt 0.063121 0.104757
vt 0.075923 0.093772
vt 0.071694 0.090668
vt 0.082383 0.098906
vt 0.073691 0.116577
vt 0.755138 0.094488
vt 0.736229 0.120159
vt 0.055486 0.110129
vt 0.072164 0.140814
vt 0.071225 0.148336
vt 0.079094 0.135680
vt 0.096946 0.158605
vt 0.626178 0.717264
vt 0.621715 0.625209
vt 0.619601 0.601807
vt 0.634047 0.758695
vt 0.100587 0.189648
vt 0.097651 0.194663
vt 0.912992 0.545332
vt 0.937422 0.556078
vt 0.846750 0.531243
vt 0.900307 0.531482
vt 0.925441 0.539362
vt 0.910291 0.528497
vt 0.940240 0.535303
vt 0.966432 0.543422
vt 0.967371 0.554764
vt 0.967724 0.559898
vt 0.101644 0.200513
vt 0.922858 0.238959
vt 0.929435 0.227258
vt 0.935660 0.238004
vt 0.946700 0.256988
vt 0.929083 0.255316
vt 0.915811 0.149411
vt 0.900894 0.147143
vt 0.793662 0.714995
vt 0.791078 0.704966
vt 0.813511 0.740188
vt 0.845693 0.072281
vt 0.835592 0.077892
vt 0.201242 0.112517
vt 0.175168 0.141650
vt 0.196662 0.106309
vt 0.918747 0.683475
vt 0.894552 0.673206
vt 0.889032 0.686340
vt 0.905123 0.671415
vt 0.089195 0.208393
vt 0.428626 0.022850
vt 0.445657 0.128397
vt 0.434734 0.096160
vt 0.417938 0.031208
vt 0.423811 0.005418
vt 0.441898 0.047685
vt 0.088490 0.745680
vt 0.173641 0.152277
vt 0.173054 0.170067
vt 0.135940 0.198483
vt 0.234833 0.105950
vt 0.243994 0.081116
vt 0.252686 0.079206
vt 0.251276 0.093294
vt 0.242350 0.114905
vt 0.101997 0.205647
vt 0.088725 0.225587
vt 0.968898 0.572435
vt 0.871649 0.549511
vt 0.803058 0.532676
vt 0.793310 0.524079
vt 0.968311 0.565988
vt 0.081325 0.746755
vt 0.104111 0.227855
vt 0.619013 0.236571
vt 0.617252 0.311433
vt 0.614550 0.282061
vt 0.902304 0.868063
vt 0.098121 0.236452
vt 0.249514 0.038252
vt 0.241175 0.048162
vt 0.050906 0.832482
vt 0.036459 0.819826
vt 0.056896 0.841915
vt 0.913814 0.907941
vt 0.913227 0.922150
vt 0.182568 0.118368
vt 0.023775 0.397041
vt 0.023540 0.391429
vt 0.210756 0.428084
vt 0.657537 0.667356
vt 0.651430 0.647775
vt 0.660356 0.654939
vt 0.670692 0.699713
vt 0.168591 0.011388
vt 0.173172 0.025477
vt 0.172232 0.011030
vt 0.176930 0.010791
vt 0.179162 0.028223
vt 0.076627 0.641208
vt 0.033288 0.665207
vt 0.186561 0.010672
vt 0.187735 0.021656
vt 0.198776 0.017835
vt 0.189497 0.032641
vt 0.187148 0.055207
vt 0.193608 0.083981
vt 0.194783 0.096996
vt 0.207937 0.395011
vt 0.646614 0.864242
vt 0.635809 0.896001
vt 0.622419 0.913075
vt 0.213927 0.088996
vt 0.228138 0.102966
vt 0.208877 0.100816
vt 0.290740 0.140217
vt 0.278290 0.125651
vt 0.203004 0.091265
vt 0.875408 0.117771
vt 0.870240 0.129591
vt 0.860609 0.111443
vt 0.917807 0.953670
vt 0.917690 0.923105
vt 0.919804 0.952357
vt 0.919687 0.974087
vt 0.203591 0.159321
vt 0.197954 0.126248
vt 0.776514 0.371490
vt 0.792958 0.367789
vt 0.779216 0.375908
vt 0.452704 0.908299
vt 0.238709 0.078728
vt 0.220504 0.041118
vt 0.902069 0.718219
vt 0.890911 0.724308
vt 0.862371 0.711533
vt 0.527989 0.537930
vt 0.694182 0.674400
vt 0.693947 0.664729
vt 0.706044 0.683116
vt 0.658359 0.407309
vt 0.683024 0.393817
vt 0.199715 0.281703
vt 0.967841 0.720249
vt 0.965610 0.693385
vt 0.972774 0.654819
vt 0.817857 0.910926
vt 0.190437 0.849437
vt 0.210051 0.862809
vt 0.198541 0.067385
vt 0.197954 0.043745
vt 0.203474 0.043745
vt 0.202652 0.066549
vt 0.227434 0.062609
vt 0.235773 0.094488
vt 0.664937 0.556794
vt 0.713326 0.006731
vt 0.728125 0.005538
vt 0.711447 0.013298
vt 0.690541 0.007090
vt 0.374834 0.579241
vt 0.350404 0.645029
vt 0.287333 0.620433
vt 0.201947 0.035506
vt 0.207702 0.038969
vt 0.127718 0.205289
vt 0.215101 0.041357
vt 0.211460 0.053416
vt 0.208642 0.023208
vt 0.216158 0.034312
vt 0.287333 0.761322
vt 0.660004 0.897076
vt 0.658947 0.919523
vt 0.657537 0.896598
vt 0.655541 0.875585
vt 0.675390 0.852302
vt 0.679970 0.848482
vt 0.828545 0.856362
vt 0.811632 0.455068
vt 0.813276 0.447546
vt 0.843579 0.450531
vt 0.260790 0.097115
vt 0.589298 0.287673
vt 0.594936 0.254242
vt 0.593409 0.293285
vt 0.252333 0.112995
vt 0.573795 0.285404
vt 0.559936 0.263197
vt 0.528459 0.007687
vt 0.252920 0.121592
vt 0.600574 0.890987
vt 0.590356 0.886330
vt 0.597638 0.880122
vt 0.604802 0.884301
vt 0.252568 0.066430
vt 0.232132 0.044700
vt 0.219447 0.032879
vt 0.215219 0.021656
vt 0.215689 0.009358
vt 0.635926 0.827587
vt 0.630876 0.774097
vt 0.643208 0.811229
vt 0.840877 0.244690
vt 0.773343 0.297583
vt 0.801414 0.281584
vt 0.222736 0.021895
vt 0.236008 0.031208
vt 0.236360 0.012582
vt 0.224380 0.030492
vt 0.230370 0.038014
vt 0.972774 0.634164
vt 0.968311 0.609926
vt 0.241763 0.038969
vt 0.276880 0.096279
vt 0.279464 0.106667
vt 0.614668 0.642282
vt 0.613493 0.612195
vt 0.971952 0.225467
vt 0.947170 0.214482
vt 0.261142 0.151083
vt 0.848042 0.177350
vt 0.485237 0.622940
vt 0.611732 0.890867
vt 0.607268 0.833318
vt 0.622654 0.898509
vt 0.616195 0.915224
vt 0.227669 0.009119
vt 0.365790 0.382236
vt 0.665406 0.413756
vt 0.704870 0.408384
vt 0.710742 0.305941
vt 0.677974 0.342476
vt 0.691480 0.317880
vt 0.353810 0.262361
vt 0.863780 0.149411
vt 0.874468 0.136277
vt 0.301662 0.156097
vt 0.609500 0.958566
vt 0.310589 0.163022
vt 0.295672 0.136994
vt 0.300840 0.133173
vt 0.333139 0.187141
vt 0.666111 0.436561
vt 0.710507 0.442889
vt 0.734115 0.467485
vt 0.711682 0.472022
vt 0.710390 0.494350
vt 0.712974 0.501752
vt 0.769233 0.523005
vt 0.784149 0.531005
vt 0.772286 0.530049
vt 0.708746 0.517990
vt 0.695004 0.515124
vt 0.636044 0.443128
vt 0.652252 0.413040
vt 0.647554 0.420443
vt 0.666816 0.420562
vt 0.693829 0.424621
vt 0.650960 0.432979
vt 0.727068 0.373161
vt 0.770290 0.353222
vt 0.759601 0.364326
vt 0.716732 0.383310
vt 0.738108 0.881316
vt 0.746447 0.872241
vt 0.762890 0.871644
vt 0.766766 0.883107
vt 0.629114 0.416503
vt 0.628997 0.410771
vt 0.632755 0.419726
vt 0.137467 0.257227
vt 0.911230 0.060341
vt 0.912522 0.054729
vt 0.842639 0.930149
vt 0.396797 0.319671
vt 0.376478 0.287673
vt 0.366847 0.261525
vt 0.367787 0.247556
vt 0.375421 0.269763
vt 0.345824 0.227019
vt 0.465388 0.791768
vt 0.391277 0.290300
vt 0.400556 0.299254
vt 0.402435 0.323373
vt 0.389046 0.297225
vt 0.397267 0.361819
vt 0.420522 0.377937
vt 0.438257 0.382713
vt 0.433324 0.369579
vt 0.445892 0.382116
vt 0.421109 0.346536
vt 0.381999 0.249944
vt 0.660826 0.724905
vt 0.655306 0.680370
vt 0.664467 0.715473
vt 0.667755 0.745919
vt 0.188323 0.653386
vt 0.164011 0.667356
vt 0.141930 0.681803
vt 0.541379 0.407787
vt 0.563107 0.407667
vt 0.563577 0.419487
vt 0.513778 0.435009
vt 0.498275 0.424502
vt 0.521999 0.427010
vt 0.507436 0.417697
vt 0.928730 0.070728
vt 0.923797 0.074430
vt 0.922975 0.067266
vt 0.643561 0.955342
vt 0.278877 0.089235
vt 0.905005 0.182842
vt 0.878109 0.200752
vt 0.847337 0.222840
vt 0.832303 0.238481
vt 0.832303 0.230004
vt 0.843696 0.107264
vt 0.432032 0.608732
vt 0.447066 0.602165
vt 0.889972 0.083623
vt 0.637336 0.568495
vt 0.398559 0.280390
vt 0.409599 0.322059
vt 0.434264 0.385817
vt 0.421227 0.360386
vt 0.959267 0.027507
vt 0.965492 0.020581
vt 0.976180 0.020462
vt 0.265370 0.592613
vt 0.377535 0.230721
vt 0.367435 0.183439
vt 0.288156 0.547720
vt 0.324330 0.078728
vt 0.346881 0.119084
vt 0.350169 0.148217
vt 0.671866 0.162187
vt 0.680675 0.146307
vt 0.648376 0.237407
vt 0.361210 0.165768
vt 0.943764 0.267853
vt 0.870710 0.950686
vt 0.186326 0.906747
vt 0.190085 0.885017
vt 0.191729 0.894808
vt 0.369549 0.169828
vt 0.365321 0.140337
vt 0.346646 0.100816
vt 0.355925 0.140934
vt 0.311763 0.055207
vt 0.299431 0.046849
vt 0.234716 0.610165
vt 0.292384 0.060938
vt 0.291092 0.046252
vt 0.700054 0.883226
vt 0.249632 0.027865
vt 0.562637 0.771470
vt 0.555708 0.793081
vt 0.549718 0.730637
vt 0.527989 0.612911
vt 0.586362 0.607180
vt 0.581194 0.624970
vt 0.573208 0.688848
vt 0.576966 0.722637
vt 0.745155 0.594046
vt 0.716615 0.564436
vt 0.746682 0.577928
vt 0.781682 0.604075
vt 0.356042 0.016522
vt 0.364264 0.015328
vt 0.953982 0.398951
vt 0.894317 0.405996
vt 0.960794 0.394653
vt 0.355807 0.028939
vt 0.338659 0.027507
vt 0.293441 0.036223
vt 0.263491 0.011627
vt 0.276763 0.028820
vt 0.263608 0.030850
vt 0.826431 0.878092
vt 0.819971 0.884898
vt 0.815508 0.869854
vt 0.273005 0.032999
vt 0.296260 0.039685
vt 0.273944 0.046968
vt 0.294968 0.042312
vt 0.350522 0.061535
vt 0.884099 0.519662
vt 0.349465 0.091145
vt 0.302485 0.967162
vt 0.300605 0.967282
vt 0.297552 0.927045
vt 0.602101 0.860660
vt 0.602688 0.832840
vt 0.606799 0.872241
vt 0.357804 0.047088
vt 0.973244 0.119681
vt 0.973126 0.141650
vt 0.968076 0.136755
vt 0.962908 0.110010
vt 0.676212 0.952954
vt 0.371545 0.014612
vt 0.409364 0.005538
vt 0.975828 0.025119
vt 0.974771 0.037775
vt 0.969251 0.042431
vt 0.920274 0.760844
vt 0.934250 0.826990
vt 0.902421 0.774455
vt 0.345824 0.302598
vt 0.304364 0.254361
vt 0.285102 0.214602
vt 0.884334 0.755949
vt 0.877639 0.749979
vt 0.874703 0.734457
vt 0.883747 0.738397
vt 0.418526 0.057714
vt 0.428274 0.097115
vt 0.432502 0.107144
vt 0.434264 0.005657
vt 0.439902 0.005776
vt 0.447653 0.006134
vt 0.447536 0.051744
vt 0.618309 0.577569
vt 0.610792 0.598464
vt 0.598812 0.561212
vt 0.583426 0.577092
vt 0.513543 0.546526
vt 0.524818 0.551302
vt 0.454113 0.006373
vt 0.827488 0.169112
vt 0.786145 0.348685
vt 0.793075 0.339969
vt 0.736816 0.567898
vt 0.745625 0.569092
vt 0.770525 0.589987
vt 0.785088 0.270480
vt 0.746095 0.305821
vt 0.691833 0.343909
vt 0.952573 0.922150
vt 0.948227 0.876182
vt 0.948109 0.861257
vt 0.953160 0.884659
vt 0.955391 0.915463
vt 0.445539 0.070609
vt 0.453996 0.104995
vt 0.453173 0.131024
vt 0.459751 0.147143
vt 0.463509 0.127203
vt 0.463509 0.006731
vt 0.453173 0.146904
vt 0.457402 0.171977
vt 0.866247 0.490051
vt 0.963613 0.510707
vt 0.963965 0.518110
vt 0.852505 0.479186
vt 0.863545 0.847646
vt 0.877052 0.892658
vt 0.876817 0.910210
vt 0.674920 0.891345
vt 0.660708 0.885972
vt 0.720725 0.229527
vt 0.891264 0.452441
vt 0.848277 0.455904
vt 0.570976 0.007925
vt 0.575322 0.078489
vt 0.579550 0.094011
vt 0.574265 0.007925
vt 0.427687 0.770276
vt 0.608795 0.007925
vt 0.617604 0.008045
vt 0.605624 0.076340
vt 0.706514 0.563958
vt 0.734350 0.589151
vt 0.698645 0.547243
vt 0.644500 0.007687
vt 0.320924 0.083265
vt 0.650255 0.007567
vt 0.645205 0.034432
vt 0.912992 0.238243
vt 0.887270 0.240392
vt 0.867539 0.211975
vt 0.900307 0.189290
vt 0.247753 0.889912
vt 0.859552 0.641924
vt 0.890911 0.662580
vt 0.878461 0.127203
vt 0.880928 0.134606
vt 0.884921 0.911881
vt 0.895022 0.965968
vt 0.891851 0.964655
vt 0.633812 0.165888
vt 0.767823 0.483365
vt 0.580842 0.008045
vt 0.587067 0.121711
vt 0.584718 0.163739
vt 0.593879 0.226542
vt 0.582369 0.268211
vt 0.946348 0.228810
vt 0.956683 0.236452
vt 0.421462 0.093414
vt 0.806934 0.253764
vt 0.834887 0.696966
vt 0.427569 0.569092
vt 0.439667 0.563839
vt 0.943059 0.729801
vt 0.944116 0.715354
vt 0.949989 0.730875
vt 0.951751 0.775530
vt 0.708628 0.425935
vt 0.695356 0.435367
vt 0.779216 0.592494
vt 0.778394 0.586882
vt 0.809988 0.616493
vt 0.436143 0.551063
vt 0.363324 0.633686
vt 0.633225 0.941850
vt 0.648493 0.955461
vt 0.785088 0.079803
vt 0.773930 0.058072
vt 0.821381 0.104637
vt 0.770290 0.162545
vt 0.924972 0.132934
vt 0.921096 0.132576
vt 0.925324 0.124815
vt 0.819619 0.427487
vt 0.906180 0.418174
vt 0.960794 0.412801
vt 0.961029 0.422353
vt 0.478778 0.007209
vt 0.480070 0.131979
vt 0.483946 0.268211
vt 0.481362 0.304030
vt 0.474784 0.255675
vt 0.468325 0.167918
vt 0.362737 0.029895
vt 0.465271 0.246959
vt 0.462452 0.185708
vt 0.466915 0.199319
vt 0.869183 0.411368
vt 0.952573 0.404205
vt 0.746565 0.232631
vt 0.730474 0.245168
vt 0.912287 0.211736
vt 0.913462 0.203617
vt 0.929787 0.190364
vt 0.615607 0.922388
vt 0.921918 0.139740
vt 0.914401 0.160157
vt 0.438022 0.123741
vt 0.786498 0.149411
vt 0.793780 0.804543
vt 0.803528 0.837855
vt 0.798713 0.853616
vt 0.796598 0.823766
vt 0.786733 0.805021
vt 0.776867 0.769082
vt 0.374951 0.305463
vt 0.358626 0.271674
vt 0.598342 0.408622
vt 0.911817 0.412324
vt 0.945878 0.410533
vt 0.960677 0.404921
vt 0.895492 0.212692
vt 0.911582 0.199319
vt 0.921683 0.192513
vt 0.755843 0.320149
vt 0.738108 0.333522
vt 0.712034 0.546407
vt 0.400321 0.842153
vt 0.383056 0.361819
vt 0.658242 0.176872
vt 0.650020 0.204214
vt 0.184799 0.143083
vt 0.182215 0.241705
vt 0.249279 0.335790
vt 0.205353 0.204931
vt 0.296142 0.298896
vt 0.180806 0.547481
vt 0.026241 0.547481
vt 0.653544 0.910210
vt 0.650608 0.872600
vt 0.068054 0.319671
vt 0.572855 0.106428
vt 0.373542 0.356446
vt 0.808578 0.861854
vt 0.451647 0.171858
vt 0.744450 0.544735
vt 0.735407 0.530885
vt 0.268776 0.388205
vt 0.014144 0.208035
vt 0.662822 0.750576
vt 0.669400 0.767650
vt 0.858847 0.301284
vt 0.793545 0.305463
vt 0.778276 0.311672
vt 0.358039 0.390235
vt 0.687017 0.564077
vt 0.711212 0.587002
vt 0.598225 0.007925
vt 0.587067 0.007925
vt 0.744685 0.391190
vt 0.719786 0.400265
vt 0.660121 0.947581
vt 0.658477 0.939223
vt 0.665641 0.943522
vt 0.667168 0.953312
vt 0.842522 0.090071
vt 0.238826 0.727293
vt 0.247635 0.717622
vt 0.883629 0.050192
vt 0.484298 0.426412
vt 0.489701 0.413756
vt 0.504852 0.405876
vt 0.585892 0.401578
vt 0.612436 0.403130
vt 0.941415 0.311433
vt 0.958797 0.302478
vt 0.692655 0.585449
vt 0.656598 0.541870
vt 0.684198 0.571361
vt 0.790256 0.897076
vt 0.809401 0.889912
vt 0.816682 0.890151
vt 0.813159 0.907344
vt 0.804115 0.907225
vt 0.807286 0.657446
vt 0.838293 0.691832
vt 0.854854 0.713802
vt 0.819501 0.319433
vt 0.444717 0.920956
vt 0.388576 0.371251
vt 0.404079 0.399548
vt 0.724954 0.754277
vt 0.740105 0.782097
vt 0.768880 0.847765
vt 0.760776 0.843944
vt 0.456814 0.424860
vt 0.452234 0.419487
vt 0.447888 0.429994
vt 0.016375 0.069296
vt 0.017080 0.022014
vt 0.914754 0.897554
vt 0.912757 0.880958
vt 0.919687 0.900897
vt 0.468677 0.429994
vt 0.498627 0.436322
vt 0.506848 0.451247
vt 0.650725 0.930866
vt 0.650373 0.948536
vt 0.640859 0.938507
vt 0.645792 0.923105
vt 0.915576 0.450889
vt 0.925089 0.452083
vt 0.961499 0.456023
vt 0.808931 0.473216
vt 0.775810 0.468679
vt 0.675037 0.762993
vt 0.432385 0.481335
vt 0.497100 0.526467
vt 0.495925 0.532437
vt 0.576966 0.404802
vt 0.738343 0.934567
vt 0.719551 0.904956
vt 0.739635 0.910210
vt 0.751732 0.919642
vt 0.760659 0.946745
vt 0.055721 0.305941
vt 0.045855 0.322537
vt 0.043037 0.310120
vt 0.678678 0.007209
vt 0.684903 0.009478
vt 0.597872 0.862451
vt 0.583074 0.882868
vt 0.589768 0.859824
vt 0.196309 0.820423
vt 0.237182 0.694340
vt 0.238004 0.716667
vt 0.932371 0.447546
vt 0.909233 0.442770
vt 0.961381 0.447785
vt 0.840642 0.937791
vt 0.828662 0.950089
vt 0.833008 0.938388
vt 0.837589 0.926806
vt 0.493576 0.400026
vt 0.726246 0.854213
vt 0.734937 0.885375
vt 0.628997 0.468440
vt 0.631346 0.477037
vt 0.627940 0.504379
vt 0.622654 0.503304
vt 0.755138 0.331372
vt 0.743041 0.336984
vt 0.573560 0.511901
vt 0.559349 0.509991
vt 0.547251 0.494708
vt 0.622067 0.508438
vt 0.818797 0.938626
vt 0.630524 0.511662
vt 0.199363 0.875704
vt 0.204061 0.891464
vt 0.662000 0.534228
vt 0.892673 0.030969
vt 0.905123 0.027984
vt 0.853562 0.819587
vt 0.696531 0.519781
vt 0.767353 0.448023
vt 0.754786 0.444083
vt 0.769350 0.443128
vt 0.802471 0.443248
vt 0.940710 0.733144
vt 0.933311 0.714040
vt 0.933780 0.697444
vt 0.629936 0.406712
vt 0.254682 0.649327
vt 0.223440 0.713443
vt 0.172115 0.828303
vt 0.600691 0.768008
vt 0.435556 0.396086
vt 0.451999 0.401220
vt 0.579080 0.279793
vt 0.704870 0.379370
vt 0.736346 0.363729
vt 0.761128 0.353341
vt 0.755256 0.436681
vt 0.744803 0.441218
vt 0.704283 0.845377
vt 0.642269 0.236452
vt 0.626061 0.303433
vt 0.640272 0.257704
vt 0.580137 0.685504
vt 0.587302 0.616373
vt 0.792605 0.274062
vt 0.736112 0.328387
vt 0.725541 0.340924
vt 0.696413 0.359908
vt 0.760189 0.302478
vt 0.780978 0.279435
vt 0.653896 0.954506
vt 0.705340 0.793439
vt 0.733058 0.419487
vt 0.748209 0.414831
vt 0.750910 0.419129
vt 0.743981 0.397280
vt 0.661765 0.690400
vt 0.756665 0.388086
vt 0.758545 0.393817
vt 0.790609 0.385101
vt 0.781447 0.381280
vt 0.751967 0.943044
vt 0.740340 0.942566
vt 0.681967 0.386295
vt 0.857438 0.179141
vt 0.857320 0.194901
vt 0.796833 0.369579
vt 0.801062 0.358117
vt 0.863193 0.821737
vt 0.699937 0.369460
vt 0.254447 0.661506
vt 0.651665 0.380922
vt 0.667638 0.338536
vt 0.658594 0.340208
vt 0.728947 0.932776
vt 0.276645 0.918448
vt 0.683846 0.358237
vt 0.825961 0.643716
vt 0.850978 0.661506
vt 0.913109 0.734338
vt 0.905945 0.726935
vt 0.908411 0.720965
vt 0.938009 0.747113
vt 0.935660 0.802991
vt 0.966079 0.728487
vt 0.961264 0.696608
vt 0.960442 0.681803
vt 0.957271 0.858153
vt 0.959032 0.881196
vt 0.945291 0.837975
vt 0.761128 0.059983
vt 0.771112 0.054013
vt 0.751850 0.234661
vt 0.771112 0.866749
vt 0.766179 0.869973
vt 0.957975 0.835228
vt 0.960442 0.858750
vt 0.963143 0.871286
vt 0.890441 0.914389
vt 0.815391 0.421398
vt 0.804115 0.419726
vt 0.875525 0.875346
vt 0.681027 0.283255
vt 0.774988 0.118368
vt 0.753964 0.179022
vt 0.919334 0.113114
vt 0.768175 0.345342
vt 0.788142 0.338894
vt 0.964318 0.522766
vt 0.079329 0.332566
vt 0.097886 0.347133
vt 0.062064 0.347372
vt 0.801062 0.326119
vt 0.805525 0.329820
vt 0.943411 0.861615
vt 0.942355 0.840243
vt 0.307770 0.811468
vt 0.316814 0.739830
vt 0.311293 0.803349
vt 0.828193 0.348566
vt 0.644735 0.339253
vt 0.647789 0.327552
vt 0.824434 0.313463
vt 0.313642 0.689206
vt 0.307300 0.704608
vt 0.306478 0.678221
vt 0.334431 0.663535
vt 0.680675 0.787231
vt 0.847220 0.274778
vt 0.819384 0.289583
vt 0.878696 0.439427
vt 0.722957 0.429875
vt 0.961147 0.430353
vt 0.887153 0.234183
vt 0.766531 0.509513
vt 0.733410 0.500439
vt 0.965375 0.533512
vt 0.903596 0.824124
vt 0.906062 0.318358
vt 0.905123 0.311314
vt 0.938479 0.302956
vt 0.670809 0.613388
vt 0.660121 0.580315
vt 0.680323 0.596315
vt 0.709568 0.648133
vt 0.752320 0.728487
vt 0.735524 0.681803
vt 0.766883 0.796663
vt 0.756078 0.768963
vt 0.674685 0.336148
vt 0.546194 0.748307
vt 0.558526 0.849556
vt 0.542201 0.792962
vt 0.521177 0.616732
vt 0.965727 0.260809
vt 0.823260 0.755949
vt 0.808696 0.742099
vt 0.910760 0.232153
vt 0.897488 0.234661
vt 0.875525 0.228691
vt 0.901482 0.215080
vt 0.658829 0.561928
vt 0.645440 0.537094
vt 0.705692 0.620672
vt 0.723192 0.655058
vt 0.247400 0.860660
vt 0.255504 0.704489
vt 0.279699 0.630701
vt 0.754669 0.893733
vt 0.774753 0.888718
vt 0.947757 0.243138
vt 0.969955 0.253764
vt 0.967959 0.263316
vt 0.967371 0.266659
vt 0.963730 0.300568
vt 0.946113 0.296867
vt 0.906885 0.033118
vt 0.902539 0.037416
vt 0.819384 0.296747
vt 0.851800 0.799051
vt 0.847220 0.794633
vt 0.657655 0.870331
vt 0.664937 0.896598
vt 0.213927 0.888599
vt 0.224850 0.884420
vt 0.231897 0.877973
vt 0.628057 0.389519
vt 0.905475 0.323850
vt 0.918747 0.320627
vt 0.810340 0.374117
vt 0.747034 0.409578
vt 0.861666 0.231795
vt 0.796833 0.412801
vt 0.782974 0.944596
vt 0.762538 0.921672
vt 0.788142 0.941134
vt 0.962673 0.352744
vt 0.953277 0.345819
vt 0.465623 0.625925
vt 0.945056 0.709026
vt 0.642151 0.650521
vt 0.637571 0.628074
vt 0.658007 0.616493
vt 0.776397 0.878928
vt 0.777571 0.886092
vt 0.960912 0.399070
vt 0.054899 0.725144
vt 0.062416 0.724547
vt 0.912522 0.110726
vt 0.919921 0.108697
vt 0.896549 0.118248
vt 0.961381 0.452322
vt 0.780390 0.357520
vt 0.961851 0.475485
vt 0.962556 0.485872
vt 0.798008 0.878092
vt 0.781330 0.879286
vt 0.801414 0.871167
vt 0.809870 0.869973
vt 0.964670 0.526467
vt 0.806582 0.865794
vt 0.791783 0.859466
vt 0.752907 0.472380
vt 0.857555 0.817677
vt 0.857085 0.167201
vt 0.873176 0.160396
vt 0.891733 0.165530
vt 0.870945 0.167679
vt 0.702051 0.691355
vt 0.723544 0.723114
vt 0.690306 0.678699
vt 0.888092 0.158724
vt 0.877757 0.142964
vt 0.896314 0.150247
vt 0.969368 0.577211
vt 0.969955 0.582584
vt 0.901129 0.562883
vt 0.948462 0.583300
vt 0.865894 0.556913
vt 0.970308 0.589628
vt 0.940945 0.133651
vt 0.940945 0.124696
vt 0.781800 0.698399
vt 0.779803 0.706638
vt 0.782739 0.692191
vt 0.181746 0.833676
vt 0.182803 0.822453
vt 0.969133 0.742218
vt 0.964553 0.732905
vt 0.962321 0.880480
vt 0.908059 0.714757
vt 0.908059 0.692788
vt 0.919217 0.707354
vt 0.952573 0.793797
vt 0.955509 0.797141
vt 0.817387 0.824483
vt 0.950341 0.787708
vt 0.949519 0.806215
vt 0.413475 0.784604
vt 0.910173 0.160873
vt 0.954921 0.937432
vt 0.158373 0.373520
vt 0.950106 0.929194
vt 0.952690 0.952357
vt 0.943764 0.951044
vt 0.767823 0.074310
vt 0.752202 0.124576
vt 0.659064 0.315851
vt 0.932019 0.977430
vt 0.925794 0.975878
vt 0.922740 0.954267
vt 0.596815 0.672371
vt 0.917338 0.973252
vt 0.913227 0.971938
vt 0.263726 0.635716
vt 0.890911 0.072519
vt 0.886096 0.963103
vt 0.907824 0.870928
vt 0.814451 0.879763
vt 0.279699 0.783291
vt 0.800004 0.940895
vt 0.791783 0.046133
vt 0.787907 0.042312
vt 0.649081 0.755590
vt 0.644030 0.765381
vt 0.650020 0.682400
vt 0.903243 0.832363
vt 0.893730 0.790216
vt 0.886096 0.774455
vt 0.446949 0.689803
vt 0.901952 0.801439
vt 0.930492 0.867704
vt 0.928260 0.889196
vt 0.939888 0.874629
vt 0.455992 0.649566
vt 0.459986 0.633805
vt 0.897371 0.731950
vt 0.903243 0.762038
vt 0.894552 0.775172
vt 0.919569 0.095205
vt 0.919921 0.081952
vt 0.444717 0.850511
vt 0.436965 0.904359
vt 0.218860 0.874510
vt 0.638158 0.754874
vt 0.863428 0.011627
vt 0.742924 0.003866
vt 0.247753 0.697086
vt 0.936717 0.823050
vt 0.227904 0.830811
vt 0.221679 0.827109
vt 0.236477 0.868182
vt 0.233306 0.847049
vt 0.292384 0.606702
vt 0.931901 0.800723
vt 0.927438 0.770993
vt 0.941062 0.745800
vt 0.877404 0.757501
vt 0.638275 0.540437
vt 0.629701 0.534706
vt 0.710625 0.054371
vt 0.442838 0.905195
vt 0.517419 0.511184
vt 0.951046 0.044700
vt 0.950106 0.063803
vt 0.816682 0.673803
vt 0.889032 0.696847
vt 0.822085 0.913075
vt 0.826783 0.905911
vt 0.786028 0.642402
vt 0.749501 0.610404
vt 0.825374 0.636313
vt 0.786850 0.896479
vt 0.781212 0.885136
vt 0.684198 0.211736
vt 0.678678 0.231914
vt 0.661648 0.258301
vt 0.063708 0.769918
vt 0.824669 0.520020
vt 0.852387 0.223437
vt 0.863545 0.225348
vt 0.869535 0.564077
vt 0.779216 0.536974
vt 0.804703 0.538407
vt 0.971012 0.599061
vt 0.861549 0.364326
vt 0.933663 0.723831
vt 0.929317 0.724428
vt 0.639920 0.919881
vt 0.625708 0.935283
vt 0.775692 0.576733
vt 0.786498 0.828662
vt 0.855206 0.658401
vt 0.880693 0.683236
vt 0.960559 0.711175
vt 0.956683 0.696966
vt 0.895844 0.683594
vt 0.919804 0.698280
vt 0.962791 0.125173
vt 0.957153 0.149889
vt 0.805760 0.816722
vt 0.593996 0.911762
vt 0.596463 0.896001
vt 0.603628 0.906509
vt 0.601866 0.914986
vt 0.809283 0.945910
vt 0.204296 0.639298
vt 0.323038 0.820304
vt 0.312350 0.817916
vt 0.334079 0.768724
vt 0.340304 0.849079
vt 0.646497 0.806095
vt 0.349817 0.712130
vt 0.744098 0.601449
vt 0.256679 0.862093
vt 0.858142 0.443128
vt 0.248105 0.867466
vt 0.243994 0.897315
vt 0.225555 0.866630
vt 0.224028 0.874988
vt 0.939418 0.081116
vt 0.942472 0.086608
vt 0.927791 0.076340
vt 0.793545 0.730278
vt 0.274179 0.824244
vt 0.655071 0.842273
vt 0.658594 0.830094
vt 0.657067 0.852063
vt 0.839703 0.044222
vt 0.792840 0.057595
vt 0.811162 0.048162
vt 0.671161 0.916060
vt 0.671631 0.930985
vt 0.665406 0.913792
vt 0.557235 0.518348
vt 0.857908 0.172813
vt 0.873763 0.174126
vt 0.901247 0.178305
vt 0.560288 0.293165
vt 0.508727 0.007567
vt 0.517536 0.007687
vt 0.920391 0.012821
vt 0.928378 0.012940
vt 0.651547 0.859585
vt 0.364146 0.644790
vt 0.369431 0.653028
vt 0.906297 0.168037
vt 0.901012 0.164813
vt 0.901834 0.070609
vt 0.913931 0.064400
vt 0.749031 0.844541
vt 0.710860 0.757262
vt 0.712152 0.776724
vt 0.649550 0.623060
vt 0.060772 0.778992
vt 0.581194 0.894688
vt 0.934955 0.111085
vt 0.972774 0.083146
vt 0.972774 0.092936
vt 0.959972 0.103921
vt 0.728360 0.750934
vt 0.707806 0.709861
vt 0.487352 0.315970
vt 0.648611 0.223795
vt 0.652134 0.211975
vt 0.674920 0.552138
vt 0.815860 0.923821
vt 0.294615 0.111682
vt 0.357451 0.652431
vt 0.829837 0.182245
vt 0.288625 0.008284
vt 0.891264 0.012821
vt 0.447771 0.552735
vt 0.445657 0.539004
vt 0.629467 0.553690
vt 0.667286 0.550705
vt 0.654131 0.515483
vt 0.728360 0.593091
vt 0.025537 0.448501
vt 0.827958 0.769918
vt 0.818092 0.614821
vt 0.879988 0.940179
vt 0.872119 0.959759
vt 0.834183 0.899106
vt 0.959385 0.069654
vt 0.958563 0.056281
vt 0.955509 0.038969
vt 0.703930 0.685982
vt 0.107987 0.555003
vt 0.782387 0.831408
vt 0.408073 0.410533
vt 0.747622 0.909374
vt 0.687487 0.189409
vt 0.661883 0.239078
vt 0.925559 0.041357
vt 0.917103 0.028342
vt 0.972657 0.155500
vt 0.954804 0.154665
vt 0.951281 0.148336
vt 0.972774 0.151560
vt 0.919569 0.072877
vt 0.913462 0.072042
vt 0.915811 0.098667
vt 0.744098 0.901733
vt 0.726128 0.881674
vt 0.747622 0.898748
vt 0.483358 0.568495
vt 0.852505 0.329104
vt 0.906415 0.040163
vt 0.916633 0.039446
vt 0.612906 0.678221
vt 0.770172 0.839168
vt 0.785206 0.847168
vt 0.752672 0.137830
vt 0.812807 0.948895
vt 0.245404 0.009836
vt 0.270303 0.008761
vt 0.807639 0.265107
vt 0.850391 0.236332
vt 0.369901 0.230243
vt 0.313290 0.137113
vt 0.753964 0.947462
vt 0.742571 0.947581
vt 0.596345 0.817796
vt 0.591530 0.752844
vt 0.587184 0.780664
vt 0.672453 0.953193
vt 0.663880 0.928597
vt 0.611262 0.918090
vt 0.592235 0.899345
vt 0.585892 0.900061
vt 0.580255 0.760844
vt 0.586715 0.821737
vt 0.590473 0.830930
vt 0.608795 0.905673
vt 0.596815 0.837975
vt 0.733997 0.003388
vt 0.946935 0.072161
vt 0.949519 0.076698
vt 0.940828 0.073236
vt 0.626413 0.816841
vt 0.924502 0.089474
vt 0.519885 0.904718
vt 0.022483 0.371490
vt 0.728007 0.878569
vt 0.742571 0.446829
vt 0.349700 0.212333
vt 0.793075 0.864481
vt 0.787320 0.861496
vt 0.780508 0.850034
vt 0.435908 0.405637
vt 0.427687 0.413876
vt 0.846750 0.038372
vt 0.639920 0.304747
vt 0.720373 0.143561
vt 0.796598 0.887405
vt 0.719551 0.119323
vt 0.679148 0.195498
vt 0.663527 0.174246
vt 0.717672 0.022134
vt 0.731179 0.010910
vt 0.743981 0.073355
vt 0.789786 0.051864
vt 0.803763 0.046013
vt 0.838293 0.041237
vt 0.897488 0.044939
vt 0.947875 0.112756
vt 0.973244 0.110726
vt 0.947757 0.012940
vt 0.918277 0.057475
vt 0.894670 0.077295
vt 0.908294 0.083026
vt 0.908881 0.087325
vt 0.904418 0.091623
vt 0.923093 0.059386
vt 0.885038 0.115025
vt 0.973244 0.078847
vt 0.973831 0.048879
vt 0.973361 0.014253
vt 0.890324 0.086369
vt 0.883512 0.096996
vt 0.885743 0.102727
vt 0.935542 0.141292
vt 0.862606 0.092817
vt 0.949167 0.133651
vt 0.958210 0.135083
vt 0.659181 0.007448
vt 0.672219 0.007328
vt 0.911348 0.180693
vt 0.909468 0.176872
vt 0.911230 0.154187
s 1
f 75/1/1 89/2/2 88/3/3 77/4/4
f 584/5/5 634/6/6 592/7/7 591/8/8
f 2216/9/9 2174/10/10 2175/11/11 2193/12/12
f 733/13/13 735/14/14 732/15/15 729/16/16
f 5/17/17 2/18/18 6/19/19
f 2202/20/20 2203/21/21 2205/22/22 2204/23/23 2177/24/24 2201/25/25 2200/26/26
f 12/27/27 11/28/28 97/29/29 96/30/30 10/31/31 1/32/32
f 13/33/33 14/34/34 12/27/27
f 264/35/35 2288/36/36 258/37/37 261/38/38
f 2249/39/39 2237/40/40 2236/41/41 2248/42/42 2247/43/43 2338/44/44 2337/45/45
f 16/46/46 17/47/47 10/31/31
f 1473/48/48 2847/49/49 2919/50/50 2883/51/51 2846/52/52
f 2248/42/42 2236/41/41 2235/53/53
f 19/54/54 20/55/55 9/56/56
f 2874/57/57 2855/58/58 2854/59/59 2873/60/60 2875/61/61
f 2929/62/62 2930/63/63 2931/64/64 2934/65/65 2928/66/66
f 22/67/67 23/68/68 6/19/19
f 23/68/68 24/69/69 6/19/19
f 6/19/19 24/69/69 5/17/17
f 24/69/69 25/70/70 5/17/17
f 5/17/17 25/70/70 26/71/71
f 28/72/72 27/73/73 29/74/74
f 29/74/74 27/73/73 30/75/75
f 1930/76/76 1932/77/77 1931/78/78 1882/79/79
f 25/70/70 24/69/69 31/80/80
f 31/80/80 24/69/69 32/81/81
f 58/82/82 59/83/83 55/84/84 57/85/85 67/86/86
f 32/81/81 34/87/87 31/80/80
f 1057/88/88 1058/89/89 1034/90/90 1035/91/91
f 31/80/80 35/92/92 30/75/75
f 35/92/92 36/93/93 30/75/75
f 2273/94/94 2115/95/95 2116/96/96 2272/97/97
f 37/98/98 36/93/93 38/99/99
f 1804/100/100 1792/101/101 1793/102/102 1803/103/103
f 2642/104/104 2643/105/105 2602/106/106 2640/107/107 2641/108/108
f 35/92/92 40/109/109 39/110/110
f 1265/111/111 1286/112/112 1264/113/113 1259/114/114 1260/115/115
f 1928/116/116 1937/117/117 1935/118/118 1936/119/119
f 41/120/120 40/109/109 45/121/121
f 1346/122/122 1868/123/123 1348/124/124
f 4/125/125 5/17/17 26/71/71
f 2199/126/126 2198/127/127 2183/128/128 2197/129/129 2208/130/130
f 47/131/131 49/132/132 48/133/133
f 293/134/134 298/135/135 297/136/136 296/137/137 291/138/138 285/139/139 292/140/140
f 53/141/141 54/142/142 55/84/84
f 47/131/131 40/109/109 49/132/132
f 34/87/87 56/143/143 51/144/144
f 1990/145/145 2019/146/146 1994/147/147 1992/148/148 1989/149/149
f 54/142/142 57/85/85 55/84/84
f 1764/150/150 1759/151/151 1744/152/152 1745/153/153 1753/154/154 1754/155/155 1758/156/156 1770/157/157 1769/158/158 1765/159/159
f 46/160/160 48/133/133 60/161/161
f 56/143/143 33/162/162 61/163/163
f 23/68/68 22/67/67 62/164/164
f 22/67/67 21/165/165 62/164/164
f 62/164/164 21/165/165 63/166/166
f 64/167/167 19/54/54 65/168/168
f 19/54/54 18/169/169 65/168/168
f 18/169/169 17/47/47 66/170/170
f 61/163/163 67/86/86 57/85/85
f 2484/171/171 2534/172/172 2485/173/173 2481/174/174
f 61/163/163 62/164/164 67/86/86
f 350/175/175 360/176/176 361/177/177 362/178/178 359/179/179 358/180/180 351/181/181
f 68/182/182 64/167/167 69/183/183
f 2043/184/184 2053/185/185 2064/186/186 2063/187/187 2054/188/188 2044/189/189 2024/190/190
f 69/183/183 73/191/191 72/192/192 74/193/193 2580/194/194 71/195/195 62/164/164 63/166/166 64/167/167 68/182/182
f 304/196/196 1955/197/197 1954/198/198 299/199/199
f 1786/200/200 1787/201/201 1788/202/202 1794/203/203 1793/102/102 1792/101/101
f 72/192/192 75/1/1 74/193/193
f 74/193/193 75/1/1 76/204/204
f 76/204/204 75/1/1 77/4/4
f 78/205/205 80/206/206 79/207/207
f 79/207/207 80/206/206 81/208/208
f 83/209/209 82/210/210 84/211/211
f 84/211/211 82/210/210 85/212/212
f 82/210/210 80/206/206 85/212/212
f 85/212/212 80/206/206 86/213/213
f 80/206/206 78/205/205 86/213/213
f 86/213/213 78/205/205 87/214/214
f 73/191/191 69/183/183 90/215/215
f 90/215/215 69/183/183 91/216/216
f 69/183/183 70/217/217 91/216/216
f 91/216/216 70/217/217 92/218/218
f 818/219/219 817/220/220 816/221/221 807/222/222 806/223/223
f 593/224/224 594/225/225 590/226/226 591/8/8 592/7/7
f 95/227/227 16/46/46 96/30/30
f 2081/228/228 2078/229/229 2087/230/230 2086/231/231 2085/232/232 2082/233/233
f 592/7/7 632/234/234 596/235/235 593/224/224
f 2189/236/236 2190/237/237 2191/238/238 2348/239/239 2194/240/240
f 90/215/215 91/216/216 89/2/2
f 89/2/2 91/216/216 88/3/3
f 2071/241/241 2072/242/242 2061/243/243 2062/244/244
f 97/29/29 102/245/245 96/30/30
f 647/246/246 649/247/247 635/248/248 637/249/249 646/250/250
f 1599/251/251 2967/252/252 2959/253/253 1598/254/254
f 237/255/255 274/256/256 252/257/257 251/258/258
f 2215/259/259 2214/260/260 2243/261/261 2242/262/262
f 2786/263/263 2813/264/264 2789/265/265 2729/266/266
f 712/267/267 720/268/268 719/269/269 728/270/270 727/271/271 734/272/272 738/273/273 748/274/274 749/275/275 733/13/13 729/16/16 718/276/276
f 308/277/277 311/278/278 313/279/279 314/280/280
f 767/281/281 836/282/282 835/283/283 834/284/284
f 1072/285/285 1074/286/286 1071/287/287
f 2808/288/288 2802/289/289 2803/290/290 2807/291/291
f 115/292/292 116/293/293 112/294/294
f 116/293/293 117/295/295 112/294/294
f 1232/296/296 1233/297/297 1230/298/298 1231/299/299
f 2521/300/300 2524/301/301 2502/302/302 2501/303/303
f 968/304/304 974/305/305 972/306/306 970/307/307
f 1659/308/308 1660/309/309 1658/310/310
f 1101/311/311 1106/312/312 1107/313/313 1180/314/314 1105/315/315 1184/316/316 1104/317/317
f 1392/318/318 1351/319/319 1352/320/320 1391/321/321 1425/322/322
f 1574/323/323 1575/324/324 1583/325/325
f 122/326/326 123/327/327 96/30/30
f 96/30/30 123/327/327 95/227/227
f 2322/328/328 2457/329/329 2456/330/330 2584/331/331
f 93/332/332 126/333/333 92/218/218
f 126/333/333 127/334/334 92/218/218
f 92/218/218 127/334/334 91/216/216
f 127/334/334 128/335/335 91/216/216
f 91/216/216 128/335/335 88/3/3
f 88/3/3 128/335/335 87/214/214
f 598/336/336 628/337/337 627/338/338
f 87/214/214 130/339/339 86/213/213
f 86/213/213 130/339/339 85/212/212
f 1853/340/340 1847/341/341 1836/342/342 1846/343/343
f 85/212/212 131/344/344 84/211/211
f 1938/345/345 1937/117/117 1942/346/346 1903/347/347 1901/348/348 1902/349/349 1941/350/350
f 96/30/30 103/351/351 122/326/326
f 128/335/335 127/334/334 126/333/333
f 132/352/352 131/344/344 134/353/353
f 134/353/353 130/339/339 135/354/354
f 130/339/339 129/355/355 135/354/354
f 133/356/356 137/357/357 138/358/358
f 138/358/358 139/359/359 140/360/360
f 139/359/359 141/361/361 140/360/360
f 332/362/362 334/363/363 333/364/364 343/365/365 2029/366/366 331/367/367
f 143/368/368 142/369/369 144/370/370
f 142/369/369 145/371/371 144/370/370
f 144/370/370 145/371/371 146/372/372
f 145/371/371 147/373/373 146/372/372
f 145/371/371 142/369/369 141/361/361
f 1606/374/374 1607/375/375 2968/376/376 1600/377/377
f 2289/378/378 2285/379/379 2283/380/380 2281/381/381 2290/382/382 2291/383/383 2292/384/384 2288/36/36
f 137/357/357 136/385/385 150/386/386
f 151/387/387 141/361/361 139/359/359
f 149/388/388 152/389/389 148/390/390
f 148/390/390 152/389/389 153/391/391
f 200/392/392 219/393/393 202/394/394 161/395/395 201/396/396
f 2129/397/397 2258/398/398 2125/399/399
f 152/389/389 149/388/388 157/400/400
f 534/401/401 533/402/402 525/403/403 535/404/404 536/405/405 2079/406/406
f 1909/407/407 1911/408/408 1907/409/409 1906/410/410
f 1168/411/411 1167/412/412 2623/413/413 2619/414/414 2620/415/415 2659/416/416 1169/417/417
f 310/418/418 317/419/419 316/420/420 312/421/421
f 156/422/422 160/423/423 161/395/395
f 161/395/395 160/423/423 162/424/424
f 162/424/424 160/423/423 163/425/425
f 159/426/426 158/427/427 164/428/428
f 177/429/429 179/430/430 176/431/431 173/432/432
f 165/433/433 147/373/373 166/434/434
f 166/434/434 147/373/373 167/435/435
f 147/373/373 145/371/371 167/435/435
f 145/371/371 141/361/361 167/435/435
f 141/361/361 151/387/387 167/435/435
f 2464/436/436 2465/437/437 2468/438/438 2467/439/439
f 151/387/387 150/386/386 168/440/440
f 150/386/386 136/385/385 168/440/440
f 168/440/440 169/441/441 170/442/442
f 169/441/441 171/443/443 170/442/442
f 173/432/432 174/444/444 167/435/435
f 167/435/435 174/444/444 166/434/434
f 174/444/444 175/445/445 166/434/434
f 166/434/434 175/445/445 165/433/433
f 174/444/444 173/432/432 176/431/431 180/446/446 165/433/433 175/445/445
f 173/432/432 171/443/443 177/429/429
f 179/430/430 180/446/446 176/431/431
f 62/164/164 71/195/195 2579/447/447 2578/448/448
f 170/442/442 172/449/449 168/440/440
f 2591/450/450 2394/451/451 2396/452/452 2589/453/453 2529/454/454 2590/455/455
f 180/446/446 179/430/430 182/456/456
f 182/456/456 183/457/457 181/458/458
f 1634/459/459 1647/460/460 1632/461/461 1633/462/462
f 952/463/463 968/304/304 970/307/307 951/464/464 954/465/465
f 1369/466/466 1373/467/467 1368/468/468 1171/469/469 1159/470/470 1145/471/471 1160/472/472 1170/473/473 1169/417/417 1370/474/474
f 184/475/475 187/476/476 186/477/477
f 183/457/457 182/456/456 188/478/478
f 2286/479/479 2289/378/378 2288/36/36 2287/480/480
f 2612/481/481 2633/482/482 2632/483/483 2634/484/484 2600/485/485 2613/486/486
f 2186/487/487 2184/488/488 2183/128/128 2182/489/489
f 194/490/490 193/491/491 195/492/492
f 190/493/493 224/494/494 195/492/492 193/491/491 192/495/495 191/496/496 189/497/497
f 1585/498/498 1581/499/499 1582/500/500
f 1329/501/501 1333/502/502 1332/503/503 1334/504/504 1337/505/505 1338/506/506 1336/507/507 1335/508/508
f 2327/509/509 2462/510/510 2461/511/511 2504/512/512 2460/513/513
f 680/514/514 682/515/515 681/516/516 688/517/517 679/518/518
f 156/422/422 203/519/519 154/520/520
f 2155/521/521 2127/522/522 2126/523/523 2130/524/524 2221/525/525
f 1248/526/526 2577/527/527 2576/528/528
f 205/529/529 207/530/530 206/531/531
f 206/531/531 207/530/530 208/532/532
f 1375/533/533 1374/534/534 1379/535/535 2654/536/536 1384/537/537 1385/538/538 1383/539/539 1382/540/540
f 162/424/424 201/396/396 161/395/395
f 212/541/541 209/542/542 214/543/543
f 214/543/543 207/530/530 215/544/544
f 215/544/544 207/530/530 216/545/545
f 207/530/530 217/546/546 216/545/545
f 1689/547/547 1883/548/548 1882/79/79 1688/549/549
f 204/550/550 203/519/519 218/551/551
f 2286/479/479 116/293/293 115/292/292 2285/379/379
f 2361/552/552 2363/553/553 2374/554/554 2353/555/555
f 199/556/556 198/557/557 221/558/558
f 2707/559/559 2735/560/560 2734/561/561 2708/562/562
f 1464/563/563 1453/564/564 1451/565/565 1452/566/566
f 1014/567/567 1015/568/568 1013/569/569 1012/570/570 1011/571/571
f 186/477/477 187/476/476 2279/572/572 2275/573/573 2274/574/574 2294/575/575 260/576/576
f 2714/577/577 2721/578/578 2715/579/579 2690/580/580
f 1832/581/581 1836/342/342 1847/341/341 1848/582/582 1834/583/583 1820/584/584 1833/585/585
f 2798/586/586 2800/587/587 2799/588/588 2718/589/589
f 171/443/443 169/441/441 231/590/590
f 136/385/385 232/591/591 231/590/590
f 231/590/590 233/592/592 230/593/593
f 2830/594/594 2824/595/595 2826/596/596 2829/597/597
f 215/544/544 212/541/541 214/543/543
f 207/530/530 205/529/529 217/546/546
f 219/393/393 236/598/598 218/551/551
f 885/599/599 877/600/600 876/601/601 892/602/602 891/603/603 890/604/604 879/605/605
f 236/598/598 219/393/393 220/606/606
f 234/607/607 238/608/608 229/609/609
f 227/610/610 240/611/611 241/612/612
f 240/611/611 242/613/613 241/612/612
f 241/612/612 242/613/613 226/614/614
f 2609/615/615 2616/616/616 2625/617/617 2633/482/482 2612/481/481 2614/618/618 2610/619/619 2607/620/620
f 240/611/611 239/621/621 238/608/608
f 244/622/622 246/623/623 243/624/624
f 331/367/367 1973/625/625 1970/626/626 1971/627/627 1972/628/628 329/629/629 330/630/630 321/631/631 320/632/632 323/633/633 324/634/634 319/635/635 310/418/418 311/278/278 309/636/636 332/362/362
f 249/637/637 250/638/638 251/258/258
f 250/638/638 238/608/608 251/258/258
f 238/608/608 237/255/255 251/258/258
f 253/639/639 254/640/640 249/637/637
f 249/637/637 254/640/640 248/641/641
f 254/640/640 255/642/642 248/641/641
f 248/641/641 255/642/642 247/643/643
f 2141/644/644 2140/645/645 1341/646/646
f 2572/647/647 2566/648/648 2565/649/649 2571/650/650
f 1227/651/651 1233/297/297 1234/652/652 1225/653/653 1224/654/654 1218/655/655
f 1739/656/656 1745/153/153 1744/152/152 1736/657/657 1738/658/658
f 258/37/37 257/659/659 261/38/38
f 257/659/659 256/660/660 261/38/38
f 255/642/642 263/661/661 262/662/662
f 263/661/661 264/35/35 262/662/662
f 3/663/663 2096/664/664 2092/665/665 2091/666/666 110/667/667 14/34/34 13/33/33 12/27/27 1/32/32 2/18/18
f 263/661/661 255/642/642 265/668/668
f 255/642/642 254/640/640 265/668/668
f 1233/297/297 1227/651/651 1228/669/669 1230/298/298
f 1468/670/670 2858/671/671 2857/672/672 1467/673/673
f 123/327/327 268/674/674 124/675/675
f 270/676/676 271/677/677 128/335/335
f 128/335/335 271/677/677 129/355/355
f 254/640/640 253/639/639 266/678/678
f 266/678/678 253/639/639 272/679/679
f 438/680/680 437/681/681 436/682/682 430/683/683 435/684/684
f 272/679/679 270/676/676 269/685/685
f 435/684/684 430/683/683 420/686/686 422/687/687 424/688/688 429/689/689 441/690/690 440/691/691
f 253/639/639 252/257/257 274/256/256
f 237/255/255 235/692/692 274/256/256
f 2502/302/302 2524/301/301 2525/693/693 2526/694/694 2520/695/695 2516/696/696
f 1843/697/697 1841/698/698 2149/699/699
f 129/355/355 279/700/700 135/354/354
f 363/701/701 364/702/702 362/178/178 361/177/177
f 26/71/71 28/72/72 280/703/703
f 280/703/703 281/704/704 282/705/705
f 661/706/706 811/707/707 660/708/708 644/709/709
f 296/137/137 1951/710/710 289/711/711 291/138/138
f 942/712/712 1008/713/713 943/714/714 939/715/715
f 798/716/716 799/717/717 791/718/718 790/719/719
f 286/720/720 285/139/139 288/721/721
f 288/721/721 285/139/139 291/138/138
f 1240/722/722 1249/723/723 1250/724/724 1241/725/725 544/726/726 545/727/727 546/728/728 1239/729/729
f 293/134/134 292/140/140 294/730/730
f 288/721/721 291/138/138 289/711/711
f 852/731/731 2583/732/732 651/733/733
f 293/134/134 294/730/730 298/135/135
f 294/730/730 295/734/734 298/135/135
f 1576/735/735 1584/736/736 1586/737/737 1583/325/325 1575/324/324
f 2089/738/738 2076/739/739 2074/740/740
f 1511/741/741 1507/742/742 1506/743/743 1505/744/744
f 1829/745/745 1825/746/746 1827/747/747 1828/748/748 2160/749/749 1840/750/750
f 2487/751/751 2489/752/752 2491/753/753 2492/754/754 2488/755/755 2469/756/756
f 304/196/196 299/199/199 300/757/757 303/758/758 305/759/759
f 305/759/759 307/760/760 306/761/761
f 306/761/761 307/760/760 308/277/277
f 307/760/760 309/636/636 308/277/277
f 389/762/762 394/763/763 393/764/764 392/765/765 2038/766/766 2037/767/767 2040/768/768 395/769/769 370/770/770 397/771/771 396/772/772 2042/773/773 2025/774/774 1974/775/775 1973/625/625 2027/776/776 2026/777/777 2029/366/366 2034/778/778 2033/779/779 2036/780/780 391/781/781
f 953/782/782 947/783/783 948/784/784
f 310/418/418 312/421/421 311/278/278
f 311/278/278 312/421/421 313/279/279
f 2058/785/785 2074/740/740 2075/786/786 2056/787/787 2057/788/788
f 820/789/789 814/790/790 813/791/791 809/792/792 815/793/793
f 314/280/280 306/761/761 308/277/277
f 309/636/636 307/760/760 305/759/759
f 315/794/794 312/421/421 316/420/420
f 317/419/419 310/418/418 318/795/795
f 318/795/795 310/418/418 319/635/635
f 172/449/449 167/435/435 151/387/387 168/440/440
f 321/631/631 322/796/796 320/632/632
f 320/632/632 322/796/796 323/633/633
f 1739/656/656 1746/797/797 1745/153/153
f 792/798/798 786/799/799 785/800/800 784/801/801
f 325/802/802 326/803/803 318/795/795
f 318/795/795 326/803/803 317/419/419
f 317/419/419 326/803/803 327/804/804
f 774/805/805 773/806/806 775/807/807
f 1840/750/750 1842/808/808 2144/809/809 2143/810/810 2149/699/699 1841/698/698
f 322/796/796 321/631/631 330/630/630
f 2676/811/811 2680/812/812 2689/813/813 2679/814/814 2677/815/815
f 337/816/816 338/817/817 339/818/818
f 338/817/817 340/819/819 339/818/818
f 1868/123/123 1901/348/348 1867/820/820 1348/124/124
f 342/821/821 2031/822/822 2032/823/823 2030/824/824 343/365/365 333/364/364
f 2673/825/825 2683/826/826 2682/827/827 2672/828/828
f 337/816/816 344/829/829 338/817/817
f 344/829/829 345/830/830 338/817/817
f 657/831/831 656/832/832 655/833/833 660/708/708
f 1840/750/750 2160/749/749 2150/834/834 1842/808/808
f 345/830/830 349/835/835 348/836/836
f 349/835/835 350/175/175 348/836/836
f 350/175/175 351/181/181 348/836/836
f 2075/786/786 2049/837/837 2050/838/838 2047/839/839 541/840/840 542/841/841 2023/842/842 2046/843/843 2051/844/844 2055/845/845 2056/787/787
f 638/846/846 646/250/250 637/249/249 636/847/847 583/848/848
f 338/817/817 353/849/849 340/819/819
f 340/819/819 353/849/849 341/850/850
f 2077/851/851 2078/229/229 537/852/852 538/853/853
f 353/849/849 352/854/854 355/855/855
f 351/181/181 358/180/180 357/856/856
f 357/856/856 358/180/180 359/179/179
f 438/680/680 435/684/684 440/691/691 441/690/690 442/857/857 432/858/858 444/859/859 445/860/860 502/861/861 503/862/862 508/863/863 511/864/864 517/865/865 516/866/866 512/867/867 513/868/868 439/869/869 437/681/681
f 800/870/870 812/871/871 801/872/872 687/873/873
f 359/179/179 365/874/874 357/856/856
f 356/875/875 365/874/874 366/876/876
f 365/874/874 364/702/702 366/876/876
f 377/877/877 366/876/876 364/702/702 367/878/878 375/879/879 376/880/880
f 364/702/702 363/701/701 367/878/878
f 1016/881/881 1017/882/882 1025/883/883
f 6/19/19 8/884/884 7/885/885
f 374/886/886 376/880/880 375/879/879
f 1700/887/887 1888/888/888 1886/889/889 1887/890/890 1698/891/891 1699/892/892
f 1982/893/893 1997/894/894 2000/895/895 2002/896/896 2014/897/897 2016/898/898
f 1977/899/899 2024/190/190 1978/900/900
f 395/769/769 2039/901/901 394/763/763 371/902/902 370/770/770
f 1218/655/655 1221/903/903 1222/904/904 1219/905/905 973/906/906 1217/907/907
f 366/876/876 377/877/877 380/908/908
f 2604/909/909 2645/910/910 2596/911/911
f 380/908/908 381/912/912 382/913/913
f 381/912/912 376/880/880 382/913/913
f 382/913/913 378/914/914 383/915/915
f 2111/916/916 2101/917/917 1251/918/918 1252/919/919 1253/920/920 1287/921/921 1288/922/922 2112/923/923
f 366/876/876 380/908/908 356/875/875
f 356/875/875 380/908/908 355/855/855
f 380/908/908 384/924/924 355/855/855
f 1922/925/925 1921/926/926 1924/927/927 1923/928/928 1884/929/929
f 1583/325/325 1585/498/498 1582/500/500 1578/930/930 1573/931/931 1572/932/932 1574/323/323
f 386/933/933 383/915/915 387/934/934
f 383/915/915 388/935/935 387/934/934
f 387/934/934 388/935/935 389/762/762
f 389/762/762 379/936/936 372/937/937
f 380/908/908 382/913/913 384/924/924
f 385/938/938 386/933/933 390/939/939
f 386/933/933 387/934/934 390/939/939
f 1327/940/940 2121/941/941 2120/942/942 2119/943/943 1325/944/944 1326/945/945
f 387/934/934 389/762/762 391/781/781
f 2531/946/946 2594/947/947 2530/948/948 2523/949/949 2497/950/950
f 1938/345/345 1941/350/350 1939/951/951 1933/952/952 1934/953/953 1935/118/118
f 2835/954/954 2829/597/597 2836/955/955 2899/956/956 2833/957/957
f 1111/958/958 1112/959/959 1113/960/960 1114/961/961 1115/962/962 1178/963/963 1179/964/964
f 399/965/965 401/966/966 400/967/967
f 400/967/967 401/966/966 402/968/968
f 401/966/966 403/969/969 402/968/968
f 402/968/968 403/969/969 404/970/970
f 403/969/969 405/971/971 404/970/970
f 404/970/970 405/971/971 406/972/972
f 405/971/971 407/973/973 406/972/972
f 1986/974/974 1987/975/975 1988/976/976 1995/977/977 2018/978/978
f 1532/979/979 1490/980/980 1493/981/981 1531/982/982
f 34/87/87 49/132/132 40/109/109 35/92/92 31/80/80
f 1494/983/983 1496/984/984 1493/981/981 1488/985/985
f 1459/986/986 1460/987/987 1456/988/988 1454/989/989 1462/990/990
f 414/991/991 413/992/992 415/993/993
f 413/992/992 416/994/994 415/993/993
f 416/994/994 418/995/995 417/996/996
f 419/997/997 421/998/998 420/686/686
f 422/687/687 423/999/999 424/688/688
f 290/1000/1000 2565/649/649 2566/648/648 1950/1001/1001 287/1002/1002 288/721/721
f 2707/559/559 2708/562/562 2700/1003/1003 2706/1004/1004
f 425/1005/1005 427/1006/1006 426/1007/1007
f 1777/1008/1008 1826/1009/1009 1776/1010/1010 1775/1011/1011
f 2161/1012/1012 2165/1013/1013 2159/1014/1014 2160/749/749 1828/748/748
f 404/970/970 406/972/972 402/968/968
f 913/1015/1015 908/1016/1016 918/1017/1017 917/1018/1018
f 501/1019/1019 492/1020/1020 493/1021/1021 491/1022/1022 474/1023/1023 473/1024/1024 475/1025/1025 487/1026/1026 490/1027/1027 486/1028/1028 478/1029/1029 479/1030/1030 480/1031/1031 489/1032/1032 494/1033/1033 495/1034/1034 496/1035/1035 497/1036/1036 505/1037/1037 551/1038/1038 550/1039/1039 500/1040/1040 549/1041/1041
f 207/530/530 214/543/543 209/542/542 210/1042/1042 208/532/532
f 222/1043/1043 2424/1044/1044 2422/1045/1045 221/558/558
f 2499/1046/1046 2490/1047/1047 2388/1048/1048 2389/1049/1049
f 1287/921/921 1257/1050/1050 1256/1051/1051 1254/1052/1052 1255/1053/1053 1258/1054/1054 1264/113/113 1286/112/112
f 2853/1055/1055 2849/1056/1056 2850/1057/1057 2851/1058/1058
f 1929/1059/1059 1923/928/928 1924/927/927 1926/1060/1060
f 430/683/683 436/682/682 420/686/686
f 198/557/557 199/556/556 162/424/424 196/1061/1061
f 60/161/161 48/133/133 49/132/132 50/1062/1062
f 1209/1063/1063 1206/1064/1064 1205/1065/1065 1204/1066/1066 1207/1067/1067 1208/1068/1068 1195/1069/1069
f 184/475/475 164/428/428 181/458/458 183/457/457 188/478/478 187/476/476
f 1626/1070/1070 1627/1071/1071 1628/1072/1072 1646/1073/1073 1625/1074/1074
f 2863/1075/1075 2802/289/289 2864/1076/1076 2858/671/671
f 2454/1077/1077 2319/1078/1078 2313/1079/1079 2320/1080/1080 2455/1081/1081
f 451/1082/1082 453/1083/1083 452/1084/1084
f 453/1083/1083 454/1085/1085 452/1084/1084
f 1469/1086/1086 1465/1087/1087 2860/1088/1088 2859/1089/1089
f 455/1090/1090 457/1091/1091 456/1092/1092
f 266/678/678 267/1093/1093 120/1094/1094 265/668/668
f 457/1091/1091 455/1090/1090 460/1095/1095
f 458/1096/1096 461/1097/1097 453/1083/1083
f 2010/1098/1098 2021/1099/1099 2020/1100/1100 2011/1101/1101
f 2804/1102/1102 2807/291/291 2803/290/290 2796/1103/1103
f 644/709/709 660/708/708 655/833/833
f 1974/775/775 1977/899/899 1975/1104/1104 1969/1105/1105
f 467/1106/1106 466/1107/1107 465/1108/1108 458/1096/1096 459/1109/1109 468/1110/1110 470/1111/1111 469/1112/1112
f 1159/470/470 1172/1113/1113 1158/1114/1114 1145/471/471
f 2027/776/776 1973/625/625 331/367/367 2028/1115/1115
f 357/856/856 365/874/874 356/875/875 351/181/181
f 666/1116/1116 806/223/223 664/1117/1117 665/1118/1118
f 707/1119/1119 709/1120/1120 708/1121/1121 706/1122/1122
f 1702/1123/1123 1704/1124/1124 1703/1125/1125 1701/1126/1126
f 1531/982/982 1538/1127/1127 1537/1128/1128 1532/979/979
f 173/432/432 167/435/435 172/449/449 170/442/442 171/443/443
f 477/1129/1129 479/1030/1030 478/1029/1029
f 2047/839/839 2050/838/838 2049/837/837 2048/1130/1130
f 481/1131/1131 483/1132/1132 482/1133/1133
f 2356/1134/1134 2368/1135/1135 2360/1136/1136 2358/1137/1137
f 2478/1138/1138 2477/1139/1139 2482/1140/1140 2481/174/174
f 2722/1141/1141 2796/1103/1103 2721/578/578 2713/1142/1142
f 1404/1143/1143 1402/1144/1144 1423/1145/1145 1422/1146/1146
f 1044/1147/1147 1046/1148/1148 1045/1149/1149 1043/1150/1150 1042/1151/1151
f 925/1152/1152 927/1153/1153 924/1154/1154 866/1155/1155
f 1922/925/925 1886/889/889 1920/1156/1156 1921/926/926
f 491/1022/1022 471/1157/1157 474/1023/1023
f 1366/1158/1158 1358/1159/1159 1357/1160/1160 1356/1161/1161 1355/1162/1162 1311/1163/1163 1308/1164/1164 1309/1165/1165 1310/1166/1166 1211/1167/1167 1189/1168/1168 1181/1169/1169 1359/1170/1170 1362/1171/1171 1363/1172/1172 1364/1173/1173
f 1461/1174/1174 2848/1175/1175 1458/1176/1176
f 1513/1177/1177 1521/1178/1178 1510/1179/1179 1509/1180/1180
f 2260/1181/1181 2257/1182/1182 2128/1183/1183 2256/1184/1184
f 1252/919/919 1245/1185/1185 1242/1186/1186 1253/920/920
f 1471/1187/1187 2850/1057/1057 1472/1188/1188
f 1763/1189/1189 1764/150/150 1765/159/159 1766/1190/1190 1767/1191/1191 1768/1192/1192
f 1555/1193/1193 2829/597/597 2826/596/596 2825/1194/1194 2827/1195/1195 1554/1196/1196
f 2158/1197/1197 2170/1198/1198 2157/1199/1199 2152/1200/1200
f 1586/737/737 1587/1201/1201 1585/498/498 1583/325/325
f 1566/1202/1202 1567/1203/1203 1536/1204/1204 1533/1205/1205 1532/979/979 1537/1128/1128
f 501/1019/1019 463/1206/1206 461/1097/1097 464/1207/1207 466/1107/1107 471/1157/1157 491/1022/1022 492/1020/1020
f 2318/1208/1208 2319/1078/1078 2436/1209/1209
f 503/862/862 502/861/861 504/1210/1210
f 2016/898/898 2015/1211/1211 1996/1212/1212
f 2393/1213/1213 2395/1214/1214 2394/451/451 2392/1215/1215
f 150/386/386 151/387/387 139/359/359 138/358/358 137/357/357
f 509/1216/1216 507/1217/1217 510/1218/1218
f 1137/1219/1219 1138/1220/1220 1130/1221/1221 1131/1222/1222
f 418/995/995 419/997/997 420/686/686 436/682/682 437/681/681 513/868/868 515/1223/1223 514/1224/1224
f 1523/1225/1225 1499/1226/1226 1522/1227/1227 1521/1178/1178 1520/1228/1228 1524/1229/1229
f 346/1230/1230 347/1231/1231 345/830/830
f 516/866/866 414/991/991 415/993/993 416/994/994 417/996/996 515/1223/1223 513/868/868 512/867/867
f 29/74/74 37/98/98 282/705/705 281/704/704
f 2822/1232/1232 2823/1233/1233 2824/595/595 2830/594/594 2835/954/954 2831/1234/1234
f 693/1235/1235 695/1236/1236 694/1237/1237 692/1238/1238
f 519/1239/1239 410/1240/1240 412/1241/1241 518/1242/1242
f 2614/618/618 2615/1243/1243 2610/619/619
f 22/67/67 6/19/19 7/885/885 21/165/165
f 409/1244/1244 522/1245/1245 408/1246/1246
f 2620/415/415 2619/414/414 2618/1247/1247 2608/1248/1248 2621/1249/1249
f 1256/1051/1051 1257/1050/1050 1253/920/920 1242/1186/1186 1241/725/725 1250/724/724 1249/723/723 1254/1052/1052
f 286/720/720 288/721/721 287/1002/1002 283/1250/1250
f 991/1251/1251 992/1252/1252 975/1253/1253 969/1254/1254 990/1255/1255
f 522/1245/1245 525/403/403 408/1246/1246
f 525/403/403 526/1256/1256 408/1246/1246
f 408/1246/1246 526/1256/1256 406/972/972
f 526/1256/1256 527/1257/1257 406/972/972
f 529/1258/1258 528/1259/1259 530/1260/1260
f 527/1257/1257 526/1256/1256 531/1261/1261
f 531/1261/1261 526/1256/1256 532/1262/1262
f 526/1256/1256 525/403/403 532/1262/1262
f 562/1263/1263 602/1264/1264 555/1265/1265 559/1266/1266
f 462/1267/1267 463/1206/1206 501/1019/1019 549/1041/1041 554/1268/1268 556/1269/1269 555/1265/1265 548/1270/1270 504/1210/1210 502/861/861
f 2744/1271/1271 2756/1272/1272 2755/1273/1273 2753/1274/1274
f 508/863/863 540/1275/1275 539/1276/1276
f 541/840/840 540/1275/1275 542/841/841
f 540/1275/1275 509/1216/1216 542/841/841
f 542/841/841 509/1216/1216 543/1277/1277
f 509/1216/1216 510/1218/1218 543/1277/1277
f 2113/1278/1278 2274/574/574 2275/573/573 2276/1279/1279 2277/1280/1280 2282/1281/1281 2107/1282/1282 2106/1283/1283 106/1284/1284 100/1285/1285 99/1286/1286 107/1287/1287 108/1288/1288 2094/1289/1289 2108/1290/1290 2105/1291/1291 2109/1292/1292
f 1142/1293/1293 1143/1294/1294 1141/1295/1295 1138/1220/1220
f 486/1028/1028 490/1027/1027 487/1026/1026
f 520/1296/1296 411/1297/1297 410/1240/1240 519/1239/1239
f 1092/1298/1298 1096/1299/1299 1091/1300/1300
f 549/1041/1041 500/1040/1040 550/1039/1039
f 2898/1301/1301 2903/1302/1302 2899/956/956 2836/955/955
f 551/1038/1038 505/1037/1037 552/1303/1303
f 610/1304/1304 606/1305/1305 605/1306/1306 609/1307/1307 611/1308/1308 612/1309/1309 1262/1310/1310 1261/1311/1311 1275/1312/1312 1265/111/111 1260/115/115
f 2500/1313/1313 2522/1314/1314 2521/300/300 2501/303/303
f 550/1039/1039 551/1038/1038 552/1303/1303
f 2034/778/778 2029/366/366 2032/823/823 2033/779/779
f 550/1039/1039 554/1268/1268 549/1041/1041
f 2146/1315/1315 2148/1316/1316 2151/1317/1317
f 2429/1318/1318 224/494/494 2430/1319/1319 2431/1320/1320 2433/1321/1321 2294/575/575 2274/574/574 2295/1322/1322 2432/1323/1323
f 554/1268/1268 557/1324/1324 556/1269/1269
f 557/1324/1324 558/1325/1325 556/1269/1269
f 1531/982/982 1530/1326/1326 1497/1327/1327 1529/1328/1328
f 558/1325/1325 560/1329/1329 559/1266/1266
f 117/295/295 116/293/293 119/1330/1330 118/1331/1331
f 1543/1332/1332 1545/1333/1333 1549/1334/1334 1551/1335/1335
f 2913/1336/1336 2917/1337/1337 2916/1338/1338 2915/1339/1339 2914/1340/1340
f 499/1341/1341 567/1342/1342 566/1343/1343
f 2496/1344/1344 2499/1046/1046 2498/1345/1345 2497/950/950
f 567/1342/1342 569/1346/1346 568/1347/1347
f 1684/1348/1348 1881/1349/1349 1931/78/78 1940/1350/1350
f 569/1346/1346 567/1342/1342 571/1351/1351
f 557/1324/1324 572/1352/1352 558/1325/1325
f 572/1352/1352 573/1353/1353 558/1325/1325
f 572/1352/1352 557/1324/1324 563/1354/1354
f 570/1355/1355 576/1356/1356 574/1357/1357 566/1343/1343 567/1342/1342 568/1347/1347
f 576/1356/1356 577/1358/1358 574/1357/1357
f 1076/1359/1359 1077/1360/1360 1081/1361/1361 1075/1362/1362 1049/1363/1363
f 1505/744/744 1481/1364/1364 2842/1365/1365 2841/1366/1366 1517/1367/1367
f 499/1341/1341 566/1343/1343 565/1368/1368 552/1303/1303
f 1452/566/566 1387/1369/1369 2868/1370/1370 2867/1371/1371
f 2766/1372/1372 2780/1373/1373 2752/1374/1374
f 571/1351/1351 582/1375/1375 575/1376/1376
f 575/1376/1376 584/5/5 576/1356/1356
f 584/5/5 577/1358/1358 576/1356/1356
f 2943/1377/1377 1653/1378/1378 1655/1379/1379 2942/1380/1380 2953/1381/1381 2956/1382/1382
f 1221/903/903 1218/655/655 1224/654/654 1223/1383/1383
f 391/781/781 2036/780/780 2035/1384/1384 390/939/939 387/934/934
f 577/1358/1358 584/5/5 588/1385/1385
f 1364/1173/1173 1365/1386/1386 1374/534/534 1358/1159/1159 1366/1158/1158
f 2057/788/788 2060/1387/1387 2072/242/242 2059/1388/1388 2058/785/785
f 563/1354/1354 589/1389/1389 590/226/226
f 612/1309/1309 611/1308/1308 609/1307/1307 605/1306/1306 604/1390/1390 602/1264/1264 607/1391/1391
f 2697/1392/1392 2702/1393/1393 2698/1394/1394 2692/1395/1395
f 398/1396/1396 2041/1397/1397 2042/773/773 396/772/772 397/771/771
f 840/1398/1398 845/1399/1399 841/1400/1400 658/1401/1401 657/831/831
f 590/226/226 594/225/225 563/1354/1354
f 594/225/225 595/1402/1402 563/1354/1354
f 563/1354/1354 595/1402/1402 572/1352/1352
f 286/720/720 283/1250/1250 284/1403/1403 285/139/139
f 2025/774/774 2042/773/773 2043/184/184 2024/190/190
f 491/1022/1022 493/1021/1021 492/1020/1020
f 2581/1404/1404 573/1353/1353 572/1352/1352 632/234/234 633/1405/1405 651/733/733
f 631/1406/1406 560/1329/1329 558/1325/1325 573/1353/1353 2581/1404/1404
f 560/1329/1329 631/1406/1406 630/1407/1407 2582/1408/1408 651/733/733 2583/732/732 629/1409/1409 627/338/338 628/337/337 598/336/336 597/1410/1410 561/1411/1411
f 1190/1412/1412 1015/568/568 1014/567/567 1210/1413/1413
f 601/1414/1414 602/1264/1264 562/1263/1263
f 602/1264/1264 603/1415/1415 555/1265/1265
f 555/1265/1265 603/1415/1415 548/1270/1270
f 2806/1416/1416 2795/1417/1417 2791/1418/1418 2794/1419/1419
f 2311/1420/1420 2322/328/328 2312/1421/1421 2301/1422/1422 2300/1423/1423 2302/1424/1424 2305/1425/1425
f 1237/1426/1426 1267/1427/1427 1266/1428/1428 1238/1429/1429
f 2359/1430/1430 2360/1136/1136 2367/1431/1431 2365/1432/1432 2362/1433/1433
f 2635/1434/1434 2636/1435/1435 2634/484/484 2632/483/483
f 2704/1436/1436 2763/1437/1437 2705/1438/1438 2699/1439/1439
f 1561/1440/1440 1557/1441/1441 1562/1442/1442 1560/1443/1443
f 602/1264/1264 608/1444/1444 607/1391/1391
f 1407/1445/1445 1412/1446/1446 1409/1447/1447 1408/1448/1448
f 1840/750/750 1841/698/698 1839/1449/1449 1830/1450/1450 1829/745/745
f 608/1444/1444 1238/1429/1429 1263/1451/1451 612/1309/1309 607/1391/1391
f 613/1452/1452 608/1444/1444 614/1453/1453
f 178/1454/1454 228/1455/1455 227/610/610 179/430/430 177/429/429 171/443/443
f 1402/1144/1144 1404/1143/1143 1403/1456/1456 1400/1457/1457
f 1062/1458/1458 1063/1459/1459 1065/1460/1460 1061/1461/1461
f 16/46/46 95/227/227 94/1462/1462 17/47/47
f 452/1084/1084 462/1267/1267 445/860/860 433/1463/1463 443/1464/1464 447/1465/1465 446/1466/1466 448/1467/1467 450/1468/1468 449/1469/1469
f 600/1470/1470 599/1471/1471 617/1472/1472
f 620/1473/1473 621/1474/1474 618/1475/1475
f 262/662/662 264/35/35 261/38/38 255/642/642
f 625/1476/1476 623/1477/1477 848/1478/1478 854/1479/1479 847/1480/1480 838/1481/1481 855/1482/1482 624/1483/1483
f 886/1484/1484 887/1485/1485 617/1472/1472 618/1475/1475 621/1474/1474 626/1486/1486 849/1487/1487 848/1478/1478 623/1477/1477 622/1488/1488 878/1489/1489
f 1769/158/158 1779/1490/1490 1767/1191/1191 1766/1190/1190 1765/159/159
f 462/1267/1267 502/861/861 445/860/860
f 2392/1215/1215 2592/1491/1491 2390/1492/1492 2391/1493/1493
f 341/850/850 342/821/821 333/364/364 334/363/363
f 1601/1494/1494 1594/1495/1495 1593/1496/1496 1602/1497/1497 1604/1498/1498 1605/1499/1499
f 632/234/234 592/7/7 633/1405/1405
f 634/6/6 636/847/847 635/248/248
f 635/248/248 636/847/847 637/249/249
f 49/132/132 34/87/87 51/144/144 52/1500/1500 50/1062/1062
f 583/848/848 582/1375/1375 638/846/846
f 849/1487/1487 841/1400/1400 845/1399/1399 848/1478/1478
f 643/1501/1501 644/709/709 641/1502/1502
f 644/709/709 645/1503/1503 641/1502/1502
f 641/1502/1502 645/1503/1503 638/846/846
f 645/1503/1503 646/250/250 638/846/846
f 2328/1504/1504 2462/510/510 2327/509/509
f 1390/1505/1505 1441/1506/1506 1426/1507/1507 1391/321/321 1352/320/320
f 292/140/140 42/1508/1508 295/734/734 294/730/730
f 634/6/6 584/5/5 636/847/847
f 584/5/5 583/848/848 636/847/847
f 639/1509/1509 641/1502/1502 638/846/846
f 646/250/250 648/1510/1510 647/246/246
f 648/1510/1510 649/247/247 647/246/246
f 649/247/247 650/1511/1511 635/248/248
f 635/248/248 650/1511/1511 651/733/733
f 635/248/248 651/733/733 633/1405/1405
f 650/1511/1511 649/247/247 652/1512/1512
f 652/1512/1512 649/247/247 653/1513/1513
f 1169/417/417 1170/473/473 1160/472/472 1161/1514/1514 1151/1515/1515 1150/1516/1516 1136/1517/1517 1135/1518/1518 1162/1519/1519 1164/1520/1520 1168/411/411
f 645/1503/1503 644/709/709 655/833/833
f 657/831/831 658/1401/1401 656/832/832
f 658/1401/1401 659/1521/1521 656/832/832
f 656/832/832 659/1521/1521 654/1522/1522
f 659/1521/1521 653/1513/1513 654/1522/1522
f 20/55/55 19/54/54 64/167/167 63/166/166
f 662/1523/1523 642/1524/1524 663/1525/1525
f 981/1526/1526 984/1527/1527 980/1528/1528 963/1529/1529
f 2081/228/228 2082/233/233 532/1262/1262 533/402/402 2079/406/406 2078/229/229
f 665/1118/1118 667/1530/1530 666/1116/1116
f 666/1116/1116 667/1530/1530 668/1531/1531
f 667/1530/1530 669/1532/1532 668/1531/1531
f 669/1532/1532 671/1533/1533 670/1534/1534
f 670/1534/1534 671/1533/1533 672/1535/1535
f 671/1533/1533 673/1536/1536 672/1535/1535
f 672/1535/1535 673/1536/1536 674/1537/1537
f 673/1536/1536 675/1538/1538 674/1537/1537
f 1629/1539/1539 2944/1540/1540 2945/1541/1541
f 1082/1542/1542 1067/1543/1543 1073/1544/1544 1068/1545/1545 1069/1546/1546 1071/287/287 1074/286/286
f 682/515/515 683/1547/1547 681/516/516
f 681/516/516 683/1547/1547 684/1548/1548
f 2747/1549/1549 2753/1274/1274 2752/1374/1374 2781/1550/1550 2751/1551/1551
f 672/1535/1535 676/1552/1552 686/1553/1553
f 2068/1554/1554 2070/1555/1555 2067/1556/1556 2066/1557/1557
f 684/1548/1548 690/1558/1558 687/873/873 686/1553/1553 676/1552/1552 678/1559/1559 679/518/518 688/517/517
f 684/1548/1548 688/517/517 681/516/516
f 471/1157/1157 466/1107/1107 467/1106/1106 469/1112/1112
f 690/1558/1558 685/1560/1560 691/1561/1561
f 691/1561/1561 685/1560/1560 692/1238/1238
f 685/1560/1560 693/1235/1235 692/1238/1238
f 694/1237/1237 695/1236/1236 696/1562/1562
f 695/1236/1236 697/1563/1563 696/1562/1562
f 697/1563/1563 699/1564/1564 698/1565/1565
f 1606/374/374 1600/377/377 1596/1566/1566 1595/1567/1567 1601/1494/1494 1605/1499/1499
f 701/1568/1568 694/1237/1237 696/1562/1562 700/1569/1569 703/1570/1570 702/1571/1571
f 694/1237/1237 701/1568/1568 692/1238/1238
f 692/1238/1238 701/1568/1568 691/1561/1561
f 691/1561/1561 701/1568/1568 702/1571/1571
f 702/1571/1571 703/1570/1570 704/1572/1572
f 704/1572/1572 703/1570/1570 705/1573/1573
f 703/1570/1570 700/1569/1569 705/1573/1573
f 937/1574/1574 938/1575/1575 920/1576/1576 936/1577/1577
f 1139/1578/1578 1141/1295/1295 1146/1579/1579 1157/1580/1580 1156/1581/1581 1147/1582/1582 1148/1583/1583 1140/1584/1584 1149/1585/1585 1127/1586/1586 1128/1587/1587 1129/1588/1588 1130/1221/1221 1138/1220/1220
f 828/1589/1589 813/791/791 814/790/790 827/1590/1590
f 699/1564/1564 712/267/267 711/1591/1591
f 700/1569/1569 698/1565/1565 707/1119/1119
f 698/1565/1565 699/1564/1564 707/1119/1119
f 707/1119/1119 699/1564/1564 709/1120/1120
f 714/1592/1592 713/1593/1593 715/1594/1594
f 713/1593/1593 716/1595/1595 715/1594/1594
f 715/1594/1594 716/1595/1595 717/1596/1596
f 716/1595/1595 711/1591/1591 717/1596/1596
f 711/1591/1591 712/267/267 717/1596/1596
f 2721/578/578 2719/1597/1597 2720/1598/1598 2715/579/579
f 720/268/268 721/1599/1599 719/269/269
f 1308/1164/1164 1298/1600/1600 1299/1601/1601 1307/1602/1602
f 721/1599/1599 723/1603/1603 722/1604/1604
f 714/1592/1592 708/1121/1121 710/1605/1605
f 713/1593/1593 711/1591/1591 716/1595/1595
f 739/1606/1606 734/272/272 727/271/271 719/269/269 721/1599/1599 722/1604/1604 726/1607/1607
f 727/271/271 728/270/270 719/269/269
f 513/868/868 437/681/681 439/869/869
f 729/16/16 730/1608/1608 718/276/276
f 717/1596/1596 731/1609/1609 715/1594/1594
f 964/1610/1610 965/1611/1611 956/1612/1612 957/1613/1613
f 937/1574/1574 1033/1614/1614 942/712/712 938/1575/1575
f 268/674/674 123/327/327 121/1615/1615
f 887/1485/1485 886/1484/1484 888/1616/1616 616/1617/1617 617/1472/1472
f 735/14/14 736/1618/1618 732/15/15
f 732/15/15 736/1618/1618 731/1609/1609
f 736/1618/1618 735/14/14 737/1619/1619
f 1520/1228/1228 1521/1178/1178 1513/1177/1177 1515/1620/1620
f 2210/1621/1621 2213/1622/1622 2206/1623/1623 2202/20/20 2200/26/26 2208/130/130 2209/1624/1624
f 734/272/272 739/1606/1606 738/273/273
f 1642/1625/1625 1640/1626/1626 1645/1627/1627 1649/1628/1628 1644/1629/1629
f 742/1630/1630 724/1631/1631 743/1632/1632
f 741/1633/1633 744/1634/1634 740/1635/1635
f 1305/1636/1636 1304/1637/1637 1274/1638/1638 1212/1639/1639
f 746/1640/1640 747/1641/1641 738/273/273
f 2901/1642/1642 2896/1643/1643 2895/1644/1644 2894/1645/1645
f 748/274/274 750/1646/1646 749/275/275
f 750/1646/1646 751/1647/1647 737/1619/1619
f 751/1647/1647 752/1648/1648 737/1619/1619
f 737/1619/1619 752/1648/1648 736/1618/1618
f 731/1609/1609 736/1618/1618 752/1648/1648 753/1649/1649 754/1650/1650 715/1594/1594
f 754/1650/1650 755/1651/1651 715/1594/1594
f 529/1258/1258 400/967/967 402/968/968 528/1259/1259
f 756/1652/1652 755/1651/1651 757/1653/1653
f 755/1651/1651 758/1654/1654 757/1653/1653
f 757/1653/1653 758/1654/1654 759/1655/1655
f 642/1524/1524 664/1117/1117 806/223/223 807/222/222 663/1525/1525
f 269/685/685 126/333/333 93/332/332 125/1656/1656 267/1093/1093 266/678/678 272/679/679
f 296/137/137 297/136/136 1952/1657/1657
f 762/1658/1658 751/1647/1647 763/1659/1659
f 764/1660/1660 765/1661/1661 774/805/805 763/1659/1659 751/1647/1647
f 2217/1662/1662 2174/10/10 2216/9/9 2227/1663/1663
f 752/1648/1648 760/1664/1664 753/1649/1649
f 753/1649/1649 760/1664/1664 754/1650/1650
f 747/1641/1641 767/281/281 766/1665/1665
f 364/702/702 365/874/874 359/179/179 362/178/178
f 767/281/281 769/1666/1666 768/1667/1667
f 1389/1668/1668 1390/1505/1505 1377/1669/1669 1380/1670/1670
f 769/1666/1666 771/1671/1671 770/1672/1672
f 773/806/806 774/805/805 765/1661/1661
f 2962/1673/1673 2964/1674/1674 2959/253/253 2963/1675/1675
f 763/1659/1659 774/805/805 762/1658/1658
f 102/245/245 105/1676/1676 104/1677/1677 103/351/351 96/30/30
f 2281/381/381 2280/1678/1678 2293/1679/1679 2290/382/382
f 762/1658/1658 779/1680/1680 761/1681/1681
f 779/1680/1680 778/1682/1682 761/1681/1681
f 761/1681/1681 778/1682/1682 759/1655/1655
f 778/1682/1682 780/1683/1683 759/1655/1655
f 781/1684/1684 780/1683/1683 782/1685/1685
f 780/1683/1683 778/1682/1682 782/1685/1685
f 2271/1686/1686 2272/97/97 2116/96/96 1323/1687/1687 2117/1688/1688 2118/1689/1689
f 783/1690/1690 777/1691/1691 784/801/801
f 2254/1692/1692 2127/522/522 2155/521/521 2253/1693/1693
f 784/801/801 785/800/800 783/1690/1690
f 783/1690/1690 785/800/800 782/1685/1685
f 785/800/800 786/799/799 782/1685/1685
f 786/799/799 787/1694/1694 782/1685/1685
f 782/1685/1685 787/1694/1694 781/1684/1684
f 2352/1695/1695 2353/555/555 2351/1696/1696 2192/1697/1697
f 788/1698/1698 789/1699/1699 756/1652/1652
f 756/1652/1652 789/1699/1699 714/1592/1592
f 1757/1700/1700 1772/1701/1701 1771/1702/1702 1758/156/156
f 708/1121/1121 790/719/719 706/1122/1122
f 706/1122/1122 790/719/719 705/1573/1573
f 705/1573/1573 790/719/719 704/1572/1572
f 790/719/719 791/718/718 704/1572/1572
f 704/1572/1572 791/718/718 702/1571/1571
f 1832/581/581 1846/343/343 1836/342/342
f 1627/1071/1071 1630/1703/1703 1629/1539/1539
f 793/1704/1704 786/799/799 794/1705/1705
f 786/799/799 795/1706/1706 794/1705/1705
f 796/1707/1707 798/716/716 797/1708/1708
f 797/1708/1708 798/716/716 790/719/719
f 385/938/938 390/939/939 2035/1384/1384 354/1709/1709
f 247/643/643 256/660/660 257/659/659 225/1710/1710 242/613/613 243/624/624 246/623/623 244/622/622 248/641/641
f 687/873/873 801/872/872 686/1553/1553
f 801/872/872 802/1711/1711 686/1553/1553
f 686/1553/1553 802/1711/1711 672/1535/1535
f 802/1711/1711 799/717/717 672/1535/1535
f 672/1535/1535 799/717/717 803/1712/1712
f 799/717/717 798/716/716 803/1712/1712
f 803/1712/1712 798/716/716 796/1707/1707
f 790/719/719 789/1699/1699 797/1708/1708
f 797/1708/1708 789/1699/1699 794/1705/1705
f 793/1704/1704 787/1694/1694 786/799/799
f 672/1535/1535 803/1712/1712 670/1534/1534
f 803/1712/1712 804/1713/1713 670/1534/1534
f 668/1531/1531 804/1713/1713 666/1116/1116
f 804/1713/1713 805/1714/1714 666/1116/1116
f 805/1714/1714 806/223/223 666/1116/1116
f 1345/1715/1715 1341/646/646 1331/1716/1716 1342/1717/1717 1344/1718/1718
f 808/1719/1719 809/792/792 662/1523/1523
f 470/1111/1111 472/1720/1720 471/1157/1157 469/1112/1112
f 662/1523/1523 810/1721/1721 661/706/706
f 810/1721/1721 811/707/707 661/706/706
f 802/1711/1711 812/871/871 799/717/717
f 799/717/717 812/871/871 800/870/870
f 812/871/871 802/1711/1711 801/872/872
f 1809/1722/1722 1815/1723/1723 1814/1724/1724 1811/1725/1725
f 1981/1726/1726 1997/894/894 1982/893/893 1976/1727/1727
f 1285/1728/1728 1284/1729/1729 1287/921/921 1286/112/112
f 817/220/220 818/219/219 819/1730/1730
f 1528/1731/1731 1529/1328/1328 1499/1226/1226 1523/1225/1225
f 816/221/221 817/220/220 819/1730/1730
f 806/223/223 805/1714/1714 822/1732/1732
f 805/1714/1714 804/1713/1713 822/1732/1732
f 822/1732/1732 804/1713/1713 823/1733/1733
f 804/1713/1713 824/1734/1734 823/1733/1733
f 823/1733/1733 824/1734/1734 796/1707/1707
f 796/1707/1707 824/1734/1734 803/1712/1712
f 824/1734/1734 804/1713/1713 803/1712/1712
f 795/1706/1706 825/1735/1735 822/1732/1732
f 822/1732/1732 825/1735/1735 826/1736/1736
f 825/1735/1735 786/799/799 826/1736/1736
f 786/799/799 792/798/798 826/1736/1736
f 2641/108/108 2640/107/107 2652/1737/1737 2651/1738/1738
f 820/789/789 827/1590/1590 814/790/790
f 758/1654/1654 755/1651/1651 754/1650/1650 760/1664/1664 759/1655/1655
f 795/1706/1706 786/799/799 825/1735/1735
f 826/1736/1736 820/789/789 821/1739/1739
f 792/798/798 784/801/801 827/1590/1590
f 827/1590/1590 784/801/801 828/1589/1589
f 829/1740/1740 830/1741/1741 813/791/791 828/1589/1589 776/1742/1742
f 776/1742/1742 772/1743/1743 829/1740/1740
f 829/1740/1740 772/1743/1743 830/1741/1741
f 2309/1744/1744 2307/1745/1745 2266/1746/1746 2308/1747/1747
f 809/792/792 813/791/791 831/1748/1748 811/707/707 810/1721/1721 662/1523/1523
f 831/1748/1748 832/1749/1749 811/707/707
f 811/707/707 832/1749/1749 660/708/708
f 1671/1750/1750 1673/1751/1751 1876/1752/1752 1875/1753/1753 1669/1754/1754 1666/1755/1755 1667/1756/1756 1668/1757/1757 1670/1758/1758 1672/1759/1759
f 660/708/708 833/1760/1760 657/831/831
f 1516/1761/1761 1542/1762/1762 1526/1763/1763 1527/1764/1764 1523/1225/1225 1525/1765/1765 1524/1229/1229
f 2933/1766/1766 2926/1767/1767 2934/65/65 2931/64/64
f 2166/1768/1768 2167/1769/1769 2165/1013/1013 2164/1770/1770
f 769/1666/1666 833/1760/1760 660/708/708 832/1749/1749 831/1748/1748 771/1671/1671
f 769/1666/1666 767/281/281 834/284/284
f 1605/1499/1499 1604/1498/1498 1607/375/375 1606/374/374
f 2716/1771/1771 2720/1598/1598 2719/1597/1597 2717/1772/1772
f 858/1773/1773 837/1774/1774 747/1641/1641 746/1640/1640 859/1775/1775
f 1915/1776/1776 1912/1777/1777 1896/1778/1778 1907/409/409 1911/408/408 1925/1779/1779 1921/926/926 1920/1156/1156
f 838/1481/1481 839/1780/1780 833/1760/1760
f 1084/1781/1781 1198/1782/1782 1199/1783/1783 1080/1784/1784 1079/1785/1785 1085/1786/1786
f 658/1401/1401 841/1400/1400 659/1521/1521
f 2057/788/788 2055/845/845 2052/1787/1787 2060/1387/1387
f 836/282/282 837/1774/1774 844/1788/1788 856/1789/1789 843/1790/1790
f 893/1791/1791 909/1792/1792 912/1793/1793 911/1794/1794 910/1795/1795
f 840/1398/1398 839/1780/1780 845/1399/1399
f 845/1399/1399 839/1780/1780 846/1796/1796
f 839/1780/1780 838/1481/1481 846/1796/1796
f 838/1481/1481 847/1480/1480 846/1796/1796
f 849/1487/1487 850/1797/1797 841/1400/1400
f 841/1400/1400 850/1797/1797 659/1521/1521
f 659/1521/1521 850/1797/1797 653/1513/1513
f 1675/1798/1798 1676/1799/1799 1877/1800/1800 1873/1801/1801 1674/1802/1802
f 2045/1803/1803 2054/188/188 2062/244/244 2061/243/243
f 853/1804/1804 849/1487/1487 626/1486/1486
f 1172/1113/1113 1173/1805/1805 1367/1806/1806 1174/1807/1807 1157/1580/1580
f 1759/151/151 1764/150/150 1760/1808/1808 1744/152/152
f 851/1809/1809 850/1797/1797 853/1804/1804
f 853/1804/1804 850/1797/1797 849/1487/1487
f 848/1478/1478 847/1480/1480 854/1479/1479
f 941/1810/1810 1034/90/90 936/1577/1577 935/1811/1811
f 368/1812/1812 375/879/879 367/878/878 363/701/701 370/770/770 371/902/902 369/1813/1813 372/937/937 373/1814/1814
f 1744/152/152 1760/1808/1808 1743/1815/1815 1740/1816/1816
f 746/1640/1640 745/1817/1817 859/1775/1775
f 377/877/877 376/880/880 381/912/912 380/908/908
f 483/1132/1132 484/1818/1818 485/1819/1819 495/1034/1034 494/1033/1033 489/1032/1032 488/1820/1820 482/1133/1133
f 2474/1821/1821 2332/1822/1822 2476/1823/1823 2475/1824/1824
f 743/1632/1632 725/1825/1825 860/1826/1826
f 725/1825/1825 861/1827/1827 860/1826/1826
f 861/1827/1827 863/1828/1828 862/1829/1829
f 520/1296/1296 524/1830/1830 521/1831/1831 411/1297/1297
f 863/1828/1828 865/1832/1832 864/1833/1833
f 865/1832/1832 866/1155/1155 864/1833/1833
f 866/1155/1155 867/1834/1834 864/1833/1833
f 867/1834/1834 868/1835/1835 864/1833/1833
f 868/1835/1835 869/1836/1836 862/1829/1829
f 869/1836/1836 870/1837/1837 860/1826/1826
f 676/1552/1552 672/1535/1535 674/1537/1537 675/1538/1538
f 870/1837/1837 871/1838/1838 859/1775/1775 745/1817/1817 860/1826/1826
f 557/1324/1324 554/1268/1268 550/1039/1039 553/1839/1839 563/1354/1354
f 2505/1840/1840 2506/1841/1841 2411/1842/1842 2460/513/513
f 874/1843/1843 875/1844/1844 873/1845/1845
f 959/1846/1846 946/1847/1847 918/1017/1017
f 875/1844/1844 876/601/601 858/1773/1773
f 858/1773/1773 876/601/601 877/600/600
f 872/1848/1848 871/1838/1838 870/1837/1837
f 878/1489/1489 622/1488/1488 624/1483/1483
f 2811/1849/1849 2876/1850/1850 2810/1851/1851 2806/1416/1416
f 1734/1852/1852 1741/1853/1853 1732/1854/1854 1733/1855/1855
f 879/605/605 881/1856/1856 880/1857/1857
f 1432/1858/1858 1433/1859/1859 1421/1860/1860 1422/1146/1146
f 373/1814/1814 374/886/886 375/879/879 368/1812/1812
f 232/591/591 275/1861/1861 274/256/256 235/692/692
f 896/1862/1862 907/1863/1863 908/1016/1016
f 1848/582/582 1819/1864/1864 1800/1865/1865 1821/1866/1866 1833/585/585 1820/584/584 1834/583/583
f 2119/943/943 2270/1867/1867 2271/1686/1686 2118/1689/1689 1325/944/944
f 2225/1868/1868 2221/525/525 2222/1869/1869 2223/1870/1870
f 1402/1144/1144 1401/1871/1871 1424/1872/1872 1423/1145/1145
f 883/1873/1873 886/1484/1484 878/1489/1489
f 1694/1874/1874 1692/1875/1875 1690/1876/1876
f 2348/239/239 2191/238/238 2349/1877/1877
f 1979/1878/1878 1980/1879/1879 1975/1104/1104 1978/900/900
f 1744/152/152 1740/1816/1816 1736/657/657
f 892/602/602 876/601/601 893/1791/1791
f 876/601/601 875/1844/1844 893/1791/1791
f 899/1880/1880 900/1881/1881 902/1882/1882 898/1883/1883 872/1848/1848
f 875/1844/1844 895/1884/1884 894/1885/1885
f 379/936/936 389/762/762 388/935/935 383/915/915 378/914/914
f 875/1844/1844 874/1843/1843 895/1884/1884
f 2152/1200/1200 2157/1199/1199 2135/1886/1886
f 2627/1887/1887 2628/1888/1888 2626/1889/1889 2624/1890/1890
f 1251/918/918 1246/1891/1891 1247/1892/1892 1244/1893/1893 1245/1185/1185 1252/919/919
f 872/1848/1848 870/1837/1837 899/1880/1880
f 870/1837/1837 869/1836/1836 899/1880/1880
f 869/1836/1836 868/1835/1835 899/1880/1880
f 899/1880/1880 868/1835/1835 900/1881/1881
f 868/1835/1835 901/1894/1894 900/1881/1881
f 900/1881/1881 901/1894/1894 902/1882/1882
f 901/1894/1894 903/1895/1895 902/1882/1882
f 883/1873/1873 878/1489/1489 842/1896/1896 843/1790/1790
f 903/1895/1895 904/1897/1897 897/1898/1898
f 868/1835/1835 867/1834/1834 901/1894/1894
f 867/1834/1834 905/1899/1899 901/1894/1894
f 901/1894/1894 905/1899/1899 903/1895/1895
f 905/1899/1899 906/1900/1900 903/1895/1895
f 903/1895/1895 906/1900/1900 904/1897/1897
f 906/1900/1900 907/1863/1863 904/1897/1897
f 290/1000/1000 289/711/711 2567/1901/1901 2565/649/649
f 908/1016/1016 909/1792/1792 896/1862/1862
f 896/1862/1862 909/1792/1792 894/1885/1885
f 2585/1902/1902 2511/1903/1903 2517/1904/1904 2518/1905/1905
f 2494/1906/1906 2468/438/438 2465/437/437 2328/1504/1504 2469/756/756 2493/1907/1907
f 2207/1908/1908 2205/22/22 2203/21/21 2206/1623/1623
f 2952/1909/1909 2956/1382/1382 2953/1381/1381 2950/1910/1910 2949/1911/1911
f 909/1792/1792 908/1016/1016 912/1793/1793
f 908/1016/1016 913/1015/1015 912/1793/1793
f 913/1015/1015 914/1912/1912 912/1793/1793
f 1176/1913/1913 1155/1914/1914 1148/1583/1583 1147/1582/1582 1156/1581/1581 1175/1915/1915 1362/1171/1171
f 911/1794/1794 915/1916/1916 910/1795/1795
f 1111/958/958 1179/964/964 1178/963/963 1360/1917/1917 1181/1169/1169 1182/1918/1918 1110/1919/1919
f 892/602/602 916/1920/1920 891/603/603
f 2417/1921/1921 2418/1922/1922 2442/1923/1923 2444/1924/1924
f 918/1017/1017 908/1016/1016 919/1925/1925
f 920/1576/1576 907/1863/1863 921/1926/1926
f 907/1863/1863 906/1900/1900 921/1926/1926
f 921/1926/1926 906/1900/1900 922/1927/1927
f 922/1927/1927 906/1900/1900 923/1928/1928
f 906/1900/1900 905/1899/1899 923/1928/1928
f 867/1834/1834 866/1155/1155 924/1154/1154
f 866/1155/1155 926/1929/1929 925/1152/1152
f 2459/1930/1930 2324/1931/1931 2309/1744/1744 2308/1747/1747 2325/1932/1932
f 38/99/99 285/139/139 284/1403/1403 37/98/98
f 924/1154/1154 927/1153/1153 923/1928/1928
f 2887/1933/1933 2841/1366/1366 2842/1365/1365 2843/1934/1934 2886/1935/1935
f 923/1928/1928 931/1936/1936 932/1937/1937
f 932/1937/1937 931/1936/1936 929/1938/1938
f 932/1937/1937 933/1939/1939 923/1928/1928
f 923/1928/1928 933/1939/1939 922/1927/1927
f 933/1939/1939 934/1940/1940 922/1927/1927
f 1685/1941/1941 1688/549/549 1881/1349/1349 1684/1348/1348 1683/1942/1942
f 921/1926/1926 935/1811/1811 920/1576/1576
f 935/1811/1811 936/1577/1577 920/1576/1576
f 919/1925/1925 939/715/715 918/1017/1017
f 935/1811/1811 934/1940/1940 940/1943/1943
f 934/1940/1940 933/1939/1939 940/1943/1943
f 940/1943/1943 933/1939/1939 941/1810/1810
f 933/1939/1939 932/1937/1937 941/1810/1810
f 940/1943/1943 941/1810/1810 935/1811/1811
f 713/1593/1593 714/1592/1592 710/1605/1605 699/1564/1564 711/1591/1591
f 939/715/715 938/1575/1575 942/712/712
f 241/612/612 226/614/614 188/478/478 182/456/456 179/430/430 227/610/610
f 939/715/715 943/714/714 918/1017/1017
f 943/714/714 944/1944/1944 918/1017/1017
f 944/1944/1944 945/1945/1945 918/1017/1017
f 2307/1745/1745 2310/1946/1946 2306/1947/1947 2266/1746/1746
f 918/1017/1017 946/1847/1847 917/1018/1018
f 2827/1195/1195 1553/1948/1948 1550/1949/1949 1554/1196/1196
f 947/783/783 949/1950/1950 916/1920/1920 917/1018/1018 946/1847/1847
f 2882/1951/1951 2847/49/49 2848/1175/1175
f 259/1952/1952 2293/1679/1679 2280/1678/1678 2279/572/572 187/476/476 188/478/478 225/1710/1710 257/659/659 258/37/37
f 948/784/784 947/783/783 946/1847/1847
f 2450/1953/1953 2452/1954/1954 2457/329/329 2451/1955/1955 2410/1956/1956
f 926/1929/1929 928/1957/1957 927/1153/1153 925/1152/1152
f 1497/1327/1327 1530/1326/1326 1493/981/981 1496/984/984
f 1232/296/296 1236/1958/1958 1234/652/652 1233/297/297
f 1407/1445/1445 1408/1448/1448 1399/1959/1959 1405/1960/1960
f 1461/1174/1174 1457/1961/1961 1449/1962/1962 1455/1963/1963 1456/988/988 1460/987/987 1471/1187/1187 1472/1188/1188
f 955/1964/1964 953/782/782 956/1612/1612
f 2878/1965/1965 2874/57/57 2875/61/61 2877/1966/1966
f 957/1613/1613 948/784/784 958/1967/1967
f 948/784/784 946/1847/1847 958/1967/1967
f 382/913/913 383/915/915 386/933/933 385/938/938
f 205/529/529 206/531/531 155/1968/1968 204/550/550 218/551/551
f 963/1529/1529 962/1969/1969 960/1970/1970 945/1945/1945 961/1971/1971 982/1972/1972
f 945/1945/1945 944/1944/1944 961/1971/1971
f 958/1967/1967 960/1970/1970 962/1969/1969
f 1395/1973/1973 2936/1974/1974 1655/1379/1379 1654/1975/1975 1656/1976/1976 1657/1977/1977 1664/1978/1978 1872/1979/1979 1879/1980/1980 1871/1981/1981 1349/1982/1982 1330/1983/1983 1317/1984/1984 1351/319/319 1393/1985/1985 1400/1457/1457 1403/1456/1456 1404/1143/1143 1405/1960/1960 1399/1959/1959 1394/1986/1986 1398/1987/1987 1396/1988/1988 1350/1989/1989
f 962/1969/1969 963/1529/1529 958/1967/1967
f 958/1967/1967 963/1529/1529 957/1613/1613
f 963/1529/1529 964/1610/1610 957/1613/1613
f 1424/1872/1872 1429/1990/1990 1437/1991/1991 1431/1992/1992 1430/1993/1993
f 2380/1994/1994 2539/1995/1995 2540/1996/1996 2366/1997/1997
f 1313/1998/1998 1353/1999/1999 1352/320/320 1316/2000/2000
f 599/1471/1471 619/2001/2001 618/1475/1475 617/1472/1472
f 2701/2002/2002 2702/1393/1393 2697/1392/1392 2695/2003/2003
f 373/1814/1814 372/937/937 379/936/936 378/914/914
f 2196/2004/2004 2210/1621/1621 2209/1624/1624 2197/129/129
f 474/1023/1023 471/1157/1157 473/1024/1024
f 976/2005/2005 977/2006/2006 978/2007/2007
f 963/1529/1529 982/1972/1972 981/1526/1526
f 984/1527/1527 985/2008/2008 978/2007/2007
f 985/2008/2008 986/2009/2009 978/2007/2007
f 980/1528/1528 984/1527/1527 979/2010/2010
f 984/1527/1527 978/2007/2007 979/2010/2010
f 242/613/613 240/611/611 238/608/608 250/638/638 245/2011/2011 243/624/624
f 740/1635/1635 746/1640/1640 738/273/273 739/1606/1606
f 986/2009/2009 985/2008/2008 988/2012/2012 1002/2013/2013 989/2014/2014 987/2015/2015
f 2215/259/259 2216/9/9 2193/12/12 2205/22/22 2207/1908/1908 2214/260/260
f 975/1253/1253 992/1252/1252 993/2016/2016
f 993/2016/2016 992/1252/1252 994/2017/2017
f 997/2018/2018 999/2019/2019 998/2020/2020
f 998/2020/2020 999/2019/2019 1000/2021/2021
f 1002/2013/2013 988/2012/2012 1003/2022/2022
f 312/421/421 315/794/794 313/279/279
f 2330/2023/2023 2331/2024/2024 2472/2025/2025 2471/2026/2026
f 2088/2027/2027 2080/2028/2028 2073/2029/2029 2072/242/242 2086/231/231 2087/230/230
f 1300/2030/2030 1294/2031/2031 1293/2032/2032 1280/2033/2033 1281/2034/2034 1292/2035/2035 1301/2036/2036
f 2736/2037/2037 2783/2038/2038 2732/2039/2039 2734/561/561
f 209/542/542 212/541/541 211/2040/2040 210/1042/1042
f 1007/2041/2041 943/714/714 1008/713/713
f 2914/1340/1340 2908/2042/2042 2912/2043/2043 2911/2044/2044 2969/2045/2045 2884/2046/2046 2913/1336/1336
f 2809/2047/2047 2810/1851/1851 2876/1850/1850 2875/61/61
f 14/34/34 110/667/667 2093/2048/2048 109/2049/2049 107/1287/1287 99/1286/1286
f 2796/1103/1103 2722/1141/1141 2723/2050/2050 2791/1418/1418 2795/1417/1417
f 2255/2051/2051 2128/1183/1183 2127/522/522 2254/1692/1692
f 1002/2013/2013 1010/2052/2052 1001/2053/2053
f 997/2018/2018 998/2020/2020 996/2054/2054 995/2055/2055
f 73/191/191 90/215/215 72/192/192
f 2759/2056/2056 2705/1438/1438 2763/1437/1437 2762/2057/2057 2761/2058/2058
f 507/1217/1217 508/863/863 503/862/862 506/2059/2059
f 1017/882/882 1009/2060/2060 1018/2061/2061
f 200/392/392 201/396/396 162/424/424 199/556/556
f 506/2059/2059 547/2062/2062 546/728/728 545/727/727 510/1218/1218 507/1217/1217
f 152/389/389 157/400/400 156/422/422 154/520/520 155/1968/1968 153/391/391
f 1021/2063/2063 1022/2064/2064 1019/2065/2065
f 2605/2066/2066 2595/2067/2067 2596/911/911 2645/910/910 2654/536/536 2655/2068/2068
f 1009/2060/2060 1019/2065/2065 1022/2064/2064 1023/2069/2069 1018/2061/2061
f 1531/982/982 1529/1328/1328 1539/2070/2070 1538/1127/1127
f 2183/128/128 2198/127/127 2180/2071/2071 2182/489/489
f 328/2072/2072 1966/2073/2073 1965/2074/2074 327/804/804 326/803/803 325/802/802 324/634/634
f 1025/883/883 1024/2075/2075 1026/2076/2076
f 1026/2076/2076 1024/2075/2075 1027/2077/2077
f 202/394/394 203/519/519 156/422/422 161/395/395
f 1027/2077/2077 1028/2078/2078 1022/2064/2064
f 1022/2064/2064 1028/2078/2078 1023/2069/2069
f 1024/2075/2075 1025/883/883 1017/882/882 1018/2061/2061 1023/2069/2069 1028/2078/2078 1027/2077/2077
f 1022/2064/2064 1021/2063/2063 1029/2079/2079
f 1029/2079/2079 1021/2063/2063 1030/2080/2080
f 518/1242/1242 412/1241/1241 523/2081/2081 537/852/852
f 1031/2082/2082 1008/713/713 1030/2080/2080
f 1008/713/713 942/712/712 1030/2080/2080
f 1030/2080/2080 942/712/712 1032/2083/2083
f 1032/2083/2083 942/712/712 1033/1614/1614
f 2494/1906/1906 2493/1907/1907 2495/2084/2084 2497/950/950 2500/1313/1313
f 1034/90/90 941/1810/1810 1035/91/91
f 941/1810/1810 932/1937/1937 1035/91/91
f 655/833/833 656/832/832 654/1522/1522 648/1510/1510
f 932/1937/1937 929/1938/1938 1036/2085/2085
f 237/255/255 238/608/608 234/607/607 235/692/692
f 2425/2086/2086 2426/2087/2087 2427/2088/2088 2298/2089/2089 2303/2090/2090 2315/2091/2091 2316/2092/2092 2317/2093/2093 2424/1044/1044 222/1043/1043
f 1853/340/340 1846/343/343 1857/2094/2094 1863/2095/2095 1858/2096/2096 1852/2097/2097
f 725/1825/1825 743/1632/1632 724/1631/1631 723/1603/1603
f 1045/1149/1149 1046/1148/1148 1047/2098/2098
f 1047/2098/2098 1046/1148/1148 1048/2099/2099
f 1046/1148/1148 1049/1363/1363 1048/2099/2099
f 1608/2100/2100 2965/2101/2101 1607/375/375 1603/2102/2102
f 1048/2099/2099 1052/2103/2103 1047/2098/2098
f 1052/2103/2103 1053/2104/2104 1047/2098/2098
f 1047/2098/2098 1053/2104/2104 1045/1149/1149
f 1053/2104/2104 1040/2105/2105 1045/1149/1149
f 1045/1149/1149 1040/2105/2105 1043/1150/1150
f 1037/2106/2106 1039/2107/2107 1054/2108/2108
f 2214/260/260 2212/2109/2109 2345/2110/2110 2344/2111/2111
f 1055/2112/2112 1040/2105/2105 1056/2113/2113
f 1040/2105/2105 1053/2104/2104 1056/2113/2113
f 1055/2112/2112 1057/88/88 1054/2108/2108
f 1054/2108/2108 1057/88/88 1036/2085/2085
f 1032/2083/2083 1033/1614/1614 1059/2114/2114
f 1057/88/88 1055/2112/2112 1058/89/89
f 1058/89/89 1055/2112/2112 1060/2115/2115
f 1055/2112/2112 1056/2113/2113 1060/2115/2115
f 1060/2115/2115 1056/2113/2113 1061/1461/1461
f 1056/2113/2113 1053/2104/2104 1061/1461/1461
f 1061/1461/1461 1053/2104/2104 1062/1458/1458
f 1053/2104/2104 1052/2103/2103 1062/1458/1458
f 1062/1458/1458 1052/2103/2103 1063/1459/1459
f 1052/2103/2103 1064/2116/2116 1063/1459/1459
f 1662/2117/2117 1657/1977/1977 1656/1976/1976 1658/310/310 1660/309/309
f 1065/1460/1460 1027/2077/2077 1061/1461/1461
f 1029/2079/2079 1030/2080/2080 1061/1461/1461
f 1066/2118/2118 1067/1543/1543 1027/2077/2077
f 1027/2077/2077 1067/1543/1543 1026/2076/2076
f 41/120/120 44/2119/2119 302/2120/2120 43/2121/2121 42/1508/1508
f 2444/1924/1924 2443/2122/2122 2448/2123/2123 2449/2124/2124
f 1069/1546/1546 1070/2125/2125 1071/287/287
f 914/1912/1912 913/1015/1015 917/1018/1018 916/1920/1920
f 2771/2126/2126 2773/2127/2127 2772/2128/2128 2770/2129/2129
f 2395/1214/1214 2397/2130/2130 2396/452/452
f 1072/285/285 1050/2131/2131 1074/286/286
f 1050/2131/2131 1049/1363/1363 1074/286/286
f 1074/286/286 1049/1363/1363 1075/1362/1362
f 1076/1359/1359 1078/2132/2132 1077/1360/1360
f 1078/2132/2132 1079/1785/1785 1077/1360/1360
f 2759/2056/2056 2760/2133/2133 2758/2134/2134 2743/2135/2135
f 1075/1362/1362 1081/1361/1361 1074/286/286
f 1802/2136/2136 1805/2137/2137 1804/100/100 1803/103/103 1793/102/102 1794/203/203 1795/2138/2138
f 971/2139/2139 1219/905/905 1220/2140/2140 891/603/603 916/1920/1920 949/1950/1950 950/2141/2141 970/307/307 972/306/306 973/906/906
f 1073/1544/1544 1067/1543/1543 1068/1545/1545
f 35/92/92 39/110/110 42/1508/1508 292/140/140 285/139/139 38/99/99 36/93/93
f 1797/2142/2142 1823/2143/2143 1799/2144/2144 1798/2145/2145
f 1081/1361/1361 1080/1784/1784 1083/2146/2146
f 1200/2147/2147 1083/2146/2146 1080/1784/1784 1199/1783/1783 1202/2148/2148
f 750/1646/1646 737/1619/1619 735/14/14 733/13/13 749/275/275
f 1079/1785/1785 1086/2149/2149 1085/1786/1786
f 1086/2149/2149 1087/2150/2150 1085/1786/1786
f 1087/2150/2150 1089/2151/2151 1088/2152/2152
f 2266/1746/1746 2267/2153/2153 2268/2154/2154 2269/2155/2155 2302/1424/1424 2300/1423/1423 2301/1422/1422 2299/2156/2156 2303/2090/2090 2298/2089/2089 2296/2157/2157 2297/2158/2158 2270/1867/1867 2119/943/943 2120/942/942 2125/399/399 2258/398/398
f 1090/2159/2159 1092/1298/1298 1091/1300/1300
f 2873/60/60 2854/59/59 2852/2160/2160 2809/2047/2047
f 770/1672/1672 772/1743/1743 768/1667/1667 769/1666/1666
f 1489/2161/2161 1437/1991/1991 1487/2162/2162 1488/985/985
f 1858/2096/2096 1862/2163/2163 1861/2164/2164 1859/2165/2165
f 1430/1993/1993 1432/1858/1858 1422/1146/1146 1423/1145/1145 1424/1872/1872
f 1473/48/48 2846/52/52 1474/2166/2166 1447/2167/2167 1448/2168/2168 1458/1176/1176 2848/1175/1175 2847/49/49
f 1721/2169/2169 1723/2170/2170 1716/2171/2171 1719/2172/2172 1720/2173/2173
f 1098/2174/2174 1088/2152/2152 1097/2175/2175 1099/2176/2176
f 1102/2177/2177 1097/2175/2175 1091/1300/1300 1096/1299/1299 1100/2178/2178
f 1093/2179/2179 1092/1298/1298 1090/2159/2159
f 462/1267/1267 452/1084/1084 454/1085/1085
f 1196/2180/2180 1099/2176/2176 1097/2175/2175 1102/2177/2177 1194/2181/2181
f 864/1833/1833 868/1835/1835 862/1829/1829 863/1828/1828
f 1647/460/460 1634/459/459 1636/2182/2182 1637/2183/2183 1638/2184/2184 1642/1625/1625 1644/1629/1629 1643/2185/2185
f 1756/2186/2186 1749/2187/2187 2178/2188/2188 2177/24/24
f 670/1534/1534 804/1713/1713 668/1531/1531 669/1532/1532
f 2520/695/695 2527/2189/2189 2519/2190/2190 2516/696/696
f 1465/1087/1087 2867/1371/1371 2866/2191/2191 2860/1088/1088
f 2947/2192/2192 1646/1073/1073 2946/2193/2193 2952/1909/1909 2949/1911/1911
f 1114/961/961 1116/2194/2194 1115/962/962
f 1118/2195/2195 1116/2194/2194 1119/2196/2196
f 1116/2194/2194 1120/2197/2197 1119/2196/2196
f 101/2198/2198 105/1676/1676 102/245/245 97/29/29
f 1124/2199/2199 1126/2200/2200 1125/2201/2201
f 1865/2202/2202 1866/2203/2203 2141/644/644 1345/1715/1715 1864/2204/2204
f 1129/1588/1588 1132/2205/2205 1131/1222/1222 1130/1221/1221
f 1020/2206/2206 1031/2082/2082 1030/2080/2080
f 1132/2205/2205 1134/2207/2207 1133/2208/2208
f 1514/2209/2209 1516/1761/1761 1515/1620/1620 1513/1177/1177 1512/2210/2210
f 2910/2211/2211 2912/2043/2043 2908/2042/2042 2909/2212/2212
f 1956/2213/2213 1954/198/198 1955/197/197
f 1910/2214/2214 1927/2215/2215 1925/1779/1779 1911/408/408 1909/407/407
f 1139/1578/1578 1138/1220/1220 1141/1295/1295
f 700/1569/1569 707/1119/1119 706/1122/1122 705/1573/1573
f 354/1709/1709 2035/1384/1384 2032/823/823 2031/822/822
f 1143/1294/1294 1146/1579/1579 1141/1295/1295
f 23/68/68 62/164/164 61/163/163 33/162/162
f 2828/2216/2216 2927/2217/2217 2877/1966/1966 2811/1849/1849
f 877/600/600 885/599/599 879/605/605 858/1773/1773
f 2074/740/740 2076/739/739 2048/1130/1130 2049/837/837 2075/786/786
f 1749/2187/2187 1751/2218/2218 1747/2219/2219 1748/2220/2220
f 1157/1580/1580 1146/1579/1579 1158/1114/1114
f 1145/471/471 1144/2221/2221 1160/472/472
f 1160/472/472 1144/2221/2221 1161/1514/1514
f 1650/2222/2222 1659/308/308 1658/310/310 1656/1976/1976 1654/1975/1975
f 1119/2196/2196 1120/2197/2197 1121/2223/2223 1154/2224/2224 1153/2225/2225 1152/2226/2226 1155/1914/1914 1176/1913/1913 1177/2227/2227
f 1558/2228/2228 1561/1440/1440 1560/1443/1443 1559/2229/2229
f 1251/918/918 2101/917/917 1247/1892/1892 1246/1891/1891
f 1171/469/469 1172/1113/1113 1159/470/470
f 1158/1114/1114 1172/1113/1113 1157/1580/1580
f 1201/2230/2230 1067/1543/1543 1082/1542/1542
f 1157/1580/1580 1175/1915/1915 1156/1581/1581
f 2884/2046/2046 2845/2231/2231 1474/2166/2166 2846/52/52 2883/51/51 2917/1337/1337
f 1823/2143/2143 1830/1450/1450 1839/1449/1449 1838/2232/2232
f 2096/664/664 2097/2233/2233 2098/2234/2234 2093/2048/2048 110/667/667 2091/666/666 2092/665/665
f 1172/1113/1113 1171/469/469 1173/1805/1805
f 130/339/339 134/353/353 131/344/344 85/212/212
f 1890/2235/2235 1918/2236/2236 1889/2237/2237 1712/2238/2238
f 1396/1988/1988 1411/2239/2239 1397/2240/2240 1395/1973/1973
f 407/973/973 410/1240/1240 409/1244/1244 408/1246/1246 406/972/972
f 1860/2241/2241 1861/2164/2164 1348/124/124 1867/820/820 1900/2242/2242 1899/2243/2243
f 2103/2244/2244 2102/2245/2245 2101/917/917 2111/916/916
f 509/1216/1216 540/1275/1275 508/863/863 507/1217/1217
f 194/490/490 196/1061/1061 192/495/495 193/491/491
f 2406/2246/2246 213/2247/2247 211/2040/2040 212/541/541
f 2871/2248/2248 2663/2249/2249 2800/587/587 2801/2250/2250 2861/2251/2251
f 2900/2252/2252 2932/2253/2253 2816/2254/2254 2833/957/957
f 2961/2255/2255 1614/2256/2256 1613/2257/2257 1615/2258/2258
f 1093/2179/2179 1094/2259/2259 1101/311/311 1104/317/317 1095/2260/2260 1185/2261/2261 1187/2262/2262 1186/2263/2263 1103/2264/2264 1100/2178/2178 1096/1299/1299 1092/1298/1298
f 1050/2131/2131 1051/2265/2265 1048/2099/2099 1049/1363/1363
f 991/1251/1251 990/1255/1255 995/2055/2055 994/2017/2017 992/1252/1252
f 28/72/72 29/74/74 281/704/704 280/703/703
f 2583/732/732 852/731/731 629/1409/1409
f 1192/2266/2266 1193/2267/2267 1191/2268/2268
f 1186/2263/2263 1191/2268/2268 1193/2267/2267 1102/2177/2177 1100/2178/2178 1103/2264/2264
f 2966/2269/2269 2965/2101/2101 1608/2100/2100 1610/2270/2270 2963/1675/1675 2959/253/253 2967/252/252
f 652/1512/1512 851/1809/1809 853/1804/1804 626/1486/1486 852/731/731 651/733/733 650/1511/1511
f 1466/2271/2271 1459/986/986 1462/990/990 1463/2272/2272
f 1196/2180/2180 1198/1782/1782 1099/2176/2176
f 1550/1949/1949 1548/2273/2273 1552/2274/2274 1556/2275/2275
f 1200/2147/2147 1201/2230/2230 1083/2146/2146
f 2410/1956/1956 2451/1955/1955 2411/1842/1842 2408/2276/2276
f 2933/1766/1766 2902/2277/2277 2903/1302/1302 2904/2278/2278
f 1204/1066/1066 1205/1065/1065 1203/2279/2279
f 1203/2279/2279 1205/1065/1065 1202/2148/2148
f 2801/2250/2250 2863/1075/1075 2862/2280/2280 2859/1089/1089 2860/1088/1088 2861/2251/2251
f 1209/1063/1063 1195/1069/1069 1194/2181/2181 1193/2267/2267 1192/2266/2266 1210/1413/1413 1014/567/567 1201/2230/2230 1200/2147/2147 1202/2148/2148 1205/1065/1065 1206/1064/1064
f 243/624/624 245/2011/2011 244/622/622
f 2240/2281/2281 2241/2282/2282 2244/2283/2283 2245/2284/2284 2239/2285/2285 2230/2286/2286
f 967/2287/2287 966/2288/2288 969/1254/1254 975/1253/1253 968/304/304
f 1353/1999/1999 1313/1998/1998 1296/2289/2289
f 2035/1384/1384 2036/780/780 2033/779/779 2032/823/823
f 1614/2256/2256 1618/2290/2290 1612/2291/2291 1611/2292/2292 1613/2257/2257
f 1552/2274/2274 2839/2293/2293 2838/2294/2294 2837/2295/2295
f 1479/2296/2296 2842/1365/1365 1481/1364/1364 1478/2297/2297
f 1348/124/124 1861/2164/2164 1347/2298/2298 1346/122/122
f 158/427/427 149/388/388 146/372/372 147/373/373 165/433/433
f 15/2299/2299 12/27/27 14/34/34 99/1286/1286
f 974/305/305 1216/2300/2300 972/306/306
f 698/1565/1565 700/1569/1569 696/1562/1562 697/1563/1563
f 2620/415/415 2621/1249/1249 2622/2301/2301 2658/2302/2302 2659/416/416
f 562/1263/1263 559/1266/1266 560/1329/1329 561/1411/1411 597/1410/1410 600/1470/1470 617/1472/1472 616/1617/1617 888/1616/1616 886/1484/1484 883/1873/1873 843/1790/1790 856/1789/1789 844/1788/1788 857/2303/2303 882/2304/2304 889/2305/2305 884/2306/2306 880/1857/1857 881/1856/1856 879/605/605 890/604/604 891/603/603 1220/2140/2140 1219/905/905 1222/904/904 1223/1383/1383 1224/654/654 1226/2307/2307 1225/653/653 601/1414/1414
f 1211/1167/1167 1190/1412/1412 1189/1168/1168
f 773/806/806 765/1661/1661 768/1667/1667 772/1743/1743 776/1742/1742
f 345/830/830 347/1231/1231 338/817/817
f 1222/904/904 1221/903/903 1223/1383/1383
f 434/2308/2308 427/1006/1006 431/2309/2309 432/858/858 442/857/857 441/690/690
f 1224/654/654 1225/653/653 1226/2307/2307
f 2512/2310/2310 2513/2311/2311 2517/1904/1904
f 851/1809/1809 652/1512/1512 653/1513/1513 850/1797/1797
f 969/1254/1254 965/1611/1611 977/2006/2006 976/2005/2005
f 589/1389/1389 563/1354/1354 553/1839/1839 586/2312/2312
f 1115/962/962 1116/2194/2194 1118/2195/2195 1117/2313/2313
f 1227/651/651 1218/655/655 1228/669/669
f 1217/907/907 1216/2300/2300 1229/2314/2314
f 2243/261/261 2214/260/260 2344/2111/2111 2343/2315/2315
f 1203/2279/2279 1202/2148/2148 1199/1783/1783 1198/1782/1782 1196/2180/2180 1197/2316/2316 1207/1067/1067 1204/1066/1066
f 1981/1726/1726 1976/1727/1727 1980/1879/1879 1979/1878/1878
f 1869/2317/2317 1870/2318/2318 1940/1350/1350 1931/78/78 1932/77/77 1933/952/952 1939/951/951 1941/350/350 1902/349/349
f 613/1452/1452 614/1453/1453 615/2319/2319 1237/1426/1426 1238/1429/1429 608/1444/1444
f 582/1375/1375 640/2320/2320 639/1509/1509 638/846/846
f 129/355/355 130/339/339 87/214/214 128/335/335
f 837/1774/1774 858/1773/1773 879/605/605 880/1857/1857 857/2303/2303 844/1788/1788
f 2329/2321/2321 2330/2023/2023 2471/2026/2026 2470/2322/2322
f 1499/1226/1226 1529/1328/1328 1497/1327/1327 1498/2323/2323
f 2459/1930/1930 2460/513/513 2411/1842/1842
f 1505/744/744 1506/743/743 1503/2324/2324 1504/2325/2325
f 1237/1426/1426 615/2319/2319 602/1264/1264 601/1414/1414 1225/653/653 1235/2326/2326
f 2146/1315/1315 2145/2327/2327 2147/2328/2328 2144/809/809 2148/1316/1316
f 1123/2329/2329 1154/2224/2224 1122/2330/2330
f 1404/1143/1143 1416/2331/2331 1406/2332/2332 1405/1960/1960
f 2402/2333/2333 2510/2334/2334 2400/2335/2335 2401/2336/2336
f 2798/586/586 2718/589/589 2719/1597/1597 2797/2337/2337
f 859/1775/1775 873/1845/1845 875/1844/1844 858/1773/1773
f 306/761/761 1955/197/197 304/196/196 305/759/759
f 2013/2338/2338 2012/2339/2339 2015/1211/1211 2016/898/898 2014/897/897
f 2689/813/813 2690/580/580 2678/2340/2340 2679/814/814
f 1282/2341/2341 1304/1637/1637 1303/2342/2342 1302/2343/2343 1301/2036/2036 1292/2035/2035 1281/2034/2034
f 1297/2344/2344 1298/1600/1600 1308/1164/1164 1311/1163/1163 1312/2345/2345
f 1573/931/931 1578/930/930 1577/2346/2346 1571/2347/2347
f 146/372/372 149/388/388 148/390/390 144/370/370
f 2158/1197/1197 2138/2348/2348 2134/2349/2349 2137/2350/2350 2146/1315/1315 2151/1317/1317 2150/834/834 2160/749/749 2159/1014/1014
f 2543/2351/2351 2547/2352/2352 2548/2353/2353 2345/2110/2110 2545/2354/2354 2546/2355/2355
f 1259/114/114 1264/113/113 1258/1054/1054
f 1823/2143/2143 1838/2232/2232 1837/2356/2356 1831/2357/2357 1822/2358/2358
f 527/1257/1257 528/1259/1259 402/968/968 406/972/972
f 1496/984/984 1495/2359/2359 1498/2323/2323 1497/1327/1327
f 908/1016/1016 907/1863/1863 920/1576/1576 919/1925/1925
f 125/1656/1656 93/332/332 94/1462/1462 124/675/675
f 275/1861/1861 232/591/591 279/700/700 277/2360/2360
f 25/70/70 31/80/80 30/75/75 27/73/73
f 1237/1426/1426 1236/1958/1958 1267/1427/1427
f 65/168/168 70/217/217 69/183/183 64/167/167
f 1231/299/299 1215/2361/2361 1268/2362/2362
f 2493/1907/1907 2469/756/756 2488/755/755 2492/754/754
f 2335/2363/2363 2336/2364/2364 2555/2365/2365 2556/2366/2366
f 1274/1638/1638 1276/2367/2367 1273/2368/2368
f 1273/2368/2368 1276/2367/2367 1272/2369/2369
f 677/2370/2370 689/2371/2371 680/514/514 679/518/518 678/1559/1559
f 1742/2372/2372 1762/2373/2373 1729/2374/2374 1741/1853/1853
f 1277/2375/2375 1282/2341/2341 1281/2034/2034 1280/2033/2033 1279/2376/2376 1278/2377/2377
f 2509/2378/2378 2404/2379/2379 2405/2380/2380 2508/2381/2381
f 1284/1729/1729 1285/1728/1728 1272/2369/2369
f 1625/1074/1074 2948/2382/2382 1623/2383/2383 1624/2384/2384
f 1630/1703/1703 1648/2385/2385 1652/2386/2386 2944/1540/1540 1629/1539/1539
f 2478/1138/1138 2479/2387/2387 2471/2026/2026 2472/2025/2025
f 1284/1729/1729 1283/2388/2388 1287/921/921
f 1289/2389/2389 2114/2390/2390 1288/922/922 1287/921/921 1283/2388/2388
f 1562/1442/1442 1557/1441/1441 1551/1335/1335 1553/1948/1948
f 45/121/121 46/160/160 44/2119/2119 41/120/120
f 1294/2031/2031 1295/2391/2391 1293/2032/2032
f 2382/2392/2392 2594/947/947 2532/2393/2393 2381/2394/2394 2372/2395/2395 2373/2396/2396
f 577/1358/1358 587/2397/2397 579/2398/2398 578/2399/2399 566/1343/1343 574/1357/1357
f 2530/948/948 2592/1491/1491 2591/450/450 2590/455/455
f 118/1331/1331 104/1677/1677 105/1676/1676 117/295/295
f 1297/2344/2344 1295/2391/2391 1298/1600/1600
f 1295/2391/2391 1294/2031/2031 1298/1600/1600
f 1298/1600/1600 1294/2031/2031 1299/1601/1601
f 1299/1601/1601 1294/2031/2031 1300/2030/2030
f 1167/412/412 1166/2400/2400 2617/2401/2401 2623/413/413
f 952/463/463 954/465/465 951/464/464 970/307/307 950/2141/2141 949/1950/1950 947/783/783 953/782/782 955/1964/1964 966/2288/2288 967/2287/2287 968/304/304
f 2441/2402/2402 2442/1923/1923 2421/2403/2403 2440/2404/2404
f 322/796/796 328/2072/2072 324/634/634 323/633/633
f 2266/1746/1746 2306/1947/1947 2268/2154/2154 2267/2153/2153
f 646/250/250 645/1503/1503 655/833/833 648/1510/1510
f 1304/1637/1637 1282/2341/2341 1274/1638/1638
f 1308/1164/1164 1307/1602/1602 1309/1165/1165
f 2001/2405/2405 2006/2406/2406 2005/2407/2407 2002/896/896
f 1619/2408/2408 1620/2409/2409 1617/2410/2410
f 2185/2411/2411 2187/2412/2412 2188/2413/2413 2195/2414/2414 2196/2004/2004
f 1297/2344/2344 1312/2345/2345 1296/2289/2289
f 1304/1637/1637 1305/1636/1636 1306/2415/2415 1303/2342/2342
f 2538/2416/2416 2539/1995/1995 2380/1994/1994 2379/2417/2417
f 1313/1998/1998 1316/2000/2000 1315/2418/2418 1318/2419/2419 1319/2420/2420 1314/2421/2421
f 1316/2000/2000 1317/1984/1984 1315/2418/2418
f 1317/1984/1984 1318/2419/2419 1315/2418/2418
f 1481/1364/1364 1504/2325/2325 1482/2422/2422 1480/2423/2423
f 136/385/385 231/590/590 169/441/441 168/440/440
f 1321/2424/2424 1322/2425/2425 1291/2426/2426 1314/2421/2421 1320/2427/2427
f 1133/2208/2208 1137/1219/1219 1131/1222/1222 1132/2205/2205
f 776/1742/1742 828/1589/1589 784/801/801 777/1691/1691
f 1319/2420/2420 1327/940/940 1320/2427/2427 1314/2421/2421
f 2350/2428/2428 2351/1696/1696 2543/2351/2351
f 1327/940/940 1319/2420/2420 1328/2429/2429
f 1328/2429/2429 1319/2420/2420 1329/501/501
f 1319/2420/2420 1318/2419/2419 1329/501/501
f 789/1699/1699 790/719/719 708/1121/1121 714/1592/1592
f 1257/1050/1050 1287/921/921 1253/920/920
f 1329/501/501 1335/508/508 1328/2429/2429
f 1328/2429/2429 1335/508/508 1336/507/507
f 1968/2430/2430 1964/2431/2431 1966/2073/2073 1970/626/626
f 1338/506/506 1337/505/505 1339/2432/2432
f 2675/2433/2433 2681/2434/2434 2680/812/812 2676/811/811
f 2193/12/12 2176/2435/2435 1756/2186/2186 2177/24/24
f 1331/1716/1716 1330/1983/1983 1342/1717/1717
f 1330/1983/1983 1343/2436/2436 1342/1717/1717
f 1343/2436/2436 1344/1718/1718 1342/1717/1717
f 2950/1910/1910 2953/1381/1381 2957/2437/2437 2941/2438/2438 2955/2439/2439 2954/2440/2440
f 788/1698/1698 759/1655/1655 780/1683/1683 781/1684/1684 787/1694/1694 793/1704/1704
f 1345/1715/1715 1346/122/122 1347/2298/2298
f 1890/2235/2235 1891/2441/2441 1916/2442/2442 1917/2443/2443
f 1344/1718/1718 1343/2436/2436 1349/1982/1982
f 1343/2436/2436 1330/1983/1983 1349/1982/1982
f 2491/753/753 2490/1047/1047 2499/1046/1046 2496/1344/1344
f 1317/1984/1984 1316/2000/2000 1351/319/319
f 1351/319/319 1316/2000/2000 1352/320/320
f 1353/1999/1999 1312/2345/2345 1354/2444/2444
f 1978/900/900 2044/189/189 2045/1803/1803 2061/243/243 2060/1387/1387 2052/1787/1787 2051/844/844 2046/843/843 2023/842/842 542/841/841 2009/2445/2445 2004/2446/2446 1999/2447/2447 1979/1878/1878
f 270/676/676 128/335/335 126/333/333 269/685/685
f 1354/2444/2444 1352/320/320 1353/1999/1999
f 677/2370/2370 678/1559/1559 676/1552/1552 675/1538/1538
f 1799/2144/2144 1821/1866/1866 1800/1865/1865 1798/2145/2145
f 2456/330/330 2453/2448/2448 2454/1077/1077 2455/1081/1081
f 1013/569/569 1015/568/568 1190/1412/1412 1211/1167/1167 1310/1166/1166 1309/1165/1165 1307/1602/1602 1299/1601/1601 1306/2415/2415 1305/1636/1636 1212/1639/1639 1274/1638/1638 1273/2368/2368 1214/2449/2449 1213/2450/2450 996/2054/2054 998/2020/2020 1000/2021/2021 1012/570/570
f 263/661/661 120/1094/1094 119/1330/1330 2287/480/480
f 1176/1913/1913 1362/1171/1171 1361/2451/2451 1177/2227/2227
f 2/18/18 5/17/17 4/125/125 3/663/663
f 20/55/55 63/166/166 21/165/165 7/885/885 8/884/884 9/56/56
f 1117/2313/2313 1177/2227/2227 1361/2451/2451 1359/1170/1170 1181/1169/1169 1360/1917/1917 1178/963/963
f 2457/329/329 2452/1954/1954 2453/2448/2448 2456/330/330
f 1429/1990/1990 1428/2452/2452 1439/2453/2453 1438/2454/2454
f 1361/2451/2451 1362/1171/1171 1359/1170/1170
f 2939/2455/2455 2955/2439/2439 2941/2438/2438 2938/2456/2456
f 989/2014/2014 990/1255/1255 976/2005/2005 987/2015/2015
f 744/1634/1634 743/1632/1632 860/1826/1826 745/1817/1817 746/1640/1640 740/1635/1635
f 1173/1805/1805 1171/469/469 1367/1806/1806
f 1367/1806/1806 1171/469/469 1368/468/468
f 2486/2457/2457 2490/1047/1047 2489/752/752 2487/751/751
f 1372/2458/2458 1370/474/474 1169/417/417
f 1368/468/468 1373/467/467 1367/1806/1806
f 1367/1806/1806 1373/467/467 1365/1386/1386
f 1358/1159/1159 1374/534/534 1357/1160/1160
f 1373/467/467 1369/466/466 1378/2459/2459
f 1369/466/466 1371/2460/2460 1378/2459/2459
f 1371/2460/2460 1379/535/535 1378/2459/2459
f 1378/2459/2459 1379/535/535 1373/467/467
f 2943/1377/1377 2944/1540/1540 1652/2386/2386 1653/1378/1378
f 2318/1208/1208 2314/2461/2461 2304/2462/2462 2313/1079/1079 2319/1078/1078
f 2844/2463/2463 2843/1934/1934 2842/1365/1365 1479/2296/2296 1477/2464/2464 1446/2465/2465 1445/2466/2466 1476/2467/2467 1475/2468/2468
f 54/142/142 53/141/141 52/1500/1500 51/144/144 56/143/143
f 2403/2469/2469 213/2247/2247 2404/2379/2379 2402/2333/2333
f 66/170/170 17/47/47 94/1462/1462 93/332/332 92/218/218 70/217/217
f 2483/2470/2470 2540/1996/1996 2539/1995/1995 2538/2416/2416
f 1640/1626/1626 1660/309/309 1659/308/308 1650/2222/2222
f 2957/2437/2437 2953/1381/1381 2942/1380/1380
f 295/734/734 300/757/757 299/199/199 298/135/135
f 314/280/280 1956/2213/2213 1955/197/197 306/761/761
f 1393/1985/1985 1401/1871/1871 1400/1457/1457
f 1401/1871/1871 1402/1144/1144 1400/1457/1457
f 1406/2332/2332 1407/1445/1445 1405/1960/1960
f 1408/1448/1448 1409/1447/1447 1398/1987/1987
f 1409/1447/1447 1410/2471/2471 1398/1987/1987
f 1398/1987/1987 1410/2471/2471 1396/1988/1988
f 1410/2471/2471 1411/2239/2239 1396/1988/1988
f 1412/1446/1446 1413/2472/2472 1409/1447/1447
f 1409/1447/1447 1413/2472/2472 1410/2471/2471
f 1410/2471/2471 1414/2473/2473 1411/2239/2239
f 1412/1446/1446 1407/1445/1445 1415/2474/2474
f 2475/1824/1824 2477/1139/1139 2473/2475/2475 2474/1821/1821
f 1416/2331/2331 1417/2476/2476 1415/2474/2474
f 1415/2474/2474 1418/2477/2477 1412/1446/1446
f 1419/2478/2478 1418/2477/2477 1420/2479/2479
f 1401/1871/1871 1392/318/318 1424/1872/1872
f 1424/1872/1872 1392/318/318 1425/322/322
f 1231/299/299 1268/2362/2362 1232/296/296
f 2328/1504/1504 2465/437/437 2462/510/510
f 2383/2480/2480 2386/2481/2481 2382/2392/2392 2373/2396/2396
f 1426/1507/1507 1427/2482/2482 1425/322/322
f 1427/2482/2482 1428/2452/2452 1425/322/322
f 2883/51/51 2919/50/50 2920/2483/2483 2918/2484/2484 2917/1337/1337
f 1421/1860/1860 1433/1859/1859 1434/2485/2485
f 1434/2485/2485 1433/1859/1859 1435/2486/2486
f 1433/1859/1859 1432/1858/1858 1435/2486/2486
f 66/170/170 70/217/217 65/168/168 18/169/169
f 1437/1991/1991 1429/1990/1990 1438/2454/2454
f 1465/1087/1087 1469/1086/1086 1463/2272/2272 1464/563/563
f 1775/1011/1011 1776/1010/1010 1779/1490/1490 1769/158/158 1770/157/157 1774/2487/2487
f 1427/2482/2482 1426/1507/1507 1440/2488/2488
f 2/18/18 1/32/32 10/31/31 8/884/884 6/19/19
f 2009/2445/2445 2010/1098/1098 2008/2489/2489 2004/2446/2446
f 1390/1505/1505 1389/1668/1668 1442/2490/2490
f 1442/2490/2490 1389/1668/1668 1443/2491/2491
f 1388/2492/2492 1451/565/565 1443/2491/2491 1389/1668/1668 1380/1670/1670
f 2593/2493/2493 2530/948/948 2594/947/947 2382/2392/2392
f 303/758/758 300/757/757 295/734/734 301/2494/2494 43/2121/2121 302/2120/2120
f 1447/2167/2167 1444/2495/2495 1448/2168/2168
f 2014/897/897 2002/896/896 2005/2407/2407 2013/2338/2338
f 1847/341/341 1851/2496/2496 1850/2497/2497 1848/582/582
f 1451/565/565 1388/2492/2492 1452/566/566
f 1816/2498/2498 1802/2136/2136 1818/2499/2499 1817/2500/2500
f 1811/1725/1725 1813/2501/2501 1807/2502/2502
f 1694/1874/1874 1695/2503/2503 1693/2504/2504 1691/2505/2505 1692/1875/1875
f 1708/2506/2506 1718/2507/2507 1716/2171/2171 1715/2508/2508
f 2582/1408/1408 630/1407/1407 631/1406/1406 2581/1404/1404
f 1457/1961/1961 1461/1174/1174 1458/1176/1176
f 1462/990/990 1453/564/564 1463/2272/2272
f 1453/564/564 1464/563/563 1463/2272/2272
f 1467/673/673 1463/2272/2272 1468/670/670
f 2640/107/107 2602/106/106 2601/2509/2509 2639/2510/2510
f 1470/2511/2511 2851/1058/1058 2850/1057/1057 1471/1187/1187 1460/987/987 1459/986/986 1466/2271/2271 2808/288/288 2809/2047/2047
f 2555/2365/2365 2558/2512/2512 2557/2513/2513 2556/2366/2366
f 1195/1069/1069 1208/1068/1068 1207/1067/1067 1197/2316/2316
f 1708/2506/2506 1705/2514/2514 1706/2515/2515 1707/2516/2516
f 2199/126/126 2200/26/26 2201/25/25 2198/127/127
f 1752/2517/2517 1753/154/154 1745/153/153 1746/797/797 1751/2218/2218
f 1474/2166/2166 1475/2468/2468 1447/2167/2167
f 1475/2468/2468 1476/2467/2467 1447/2167/2167
f 2959/253/253 2964/1674/1674 2960/2518/2518 2958/2519/2519
f 1756/2186/2186 1757/1700/1700 1755/2520/2520 1749/2187/2187
f 2869/2521/2521 2872/2522/2522 2865/2523/2523 2866/2191/2191
f 1478/2297/2297 1481/1364/1364 1480/2423/2423
f 2780/1373/1373 2815/2524/2524 2781/1550/1550 2752/1374/1374
f 1439/2453/2453 1483/2525/2525 1438/2454/2454
f 1438/2454/2454 1483/2525/2525 1437/1991/1991
f 1437/1991/1991 1483/2525/2525 1484/2526/2526
f 1642/1625/1625 1638/2184/2184 1639/2527/2527 1640/1626/1626
f 579/2398/2398 587/2397/2397 586/2312/2312 585/2528/2528 581/2529/2529 580/2530/2530
f 1747/2219/2219 1751/2218/2218 1746/797/797
f 1485/2531/2531 1486/2532/2532 1484/2526/2526
f 1724/2533/2533 1717/2534/2534 1716/2171/2171 1723/2170/2170
f 1486/2532/2532 1488/985/985 1487/2162/2162
f 1949/2535/2535 2575/2536/2536 1948/2537/2537
f 1492/2538/2538 1434/2485/2485 1435/2486/2486
f 629/1409/1409 852/731/731 626/1486/1486 619/2001/2001 599/1471/1471 600/1470/1470 597/1410/1410 598/336/336 627/338/338
f 1488/985/985 1486/2532/2532 1494/983/983
f 1494/983/983 1486/2532/2532 1495/2359/2359
f 1486/2532/2532 1485/2531/2531 1495/2359/2359
f 1495/2359/2359 1496/984/984 1494/983/983
f 1387/1369/1369 1452/566/566 1388/2492/2492 1381/2539/2539 1386/2540/2540
f 1498/2323/2323 1495/2359/2359 1499/1226/1226
f 1499/1226/1226 1495/2359/2359 1500/2541/2541
f 1495/2359/2359 1485/2531/2531 1500/2541/2541
f 2575/2536/2536 2574/2542/2542 2573/2543/2543 2570/2544/2544 2569/2545/2545
f 1428/2452/2452 1427/2482/2482 1522/1227/1227 1500/2541/2541 1485/2531/2531 1483/2525/2525 1439/2453/2453
f 1503/2324/2324 1482/2422/2422 1504/2325/2325
f 1481/1364/1364 1505/744/744 1504/2325/2325
f 2485/173/173 2486/2457/2457 2480/2546/2546 2479/2387/2387 2478/1138/1138 2481/174/174
f 1509/1180/1180 1510/1179/1179 1508/2547/2547
f 1508/2547/2547 1510/1179/1179 1502/2548/2548
f 1621/2549/2549 2939/2455/2455 2940/2550/2550 2960/2518/2518 2964/1674/1674 2962/1673/1673 1614/2256/2256 2961/2255/2255 1615/2258/2258 1616/2551/2551
f 1509/1180/1180 1512/2210/2210 1513/1177/1177
f 1517/1367/1367 1518/2552/2552 1511/741/741
f 1665/2553/2553 1873/1801/1801 1663/2554/2554 1662/2117/2117 1661/2555/2555 1666/1755/1755
f 1219/905/905 971/2139/2139 973/906/906
f 1520/1228/1228 1515/1620/1620 1516/1761/1761
f 1500/2541/2541 1522/1227/1227 1499/1226/1226
f 202/394/394 219/393/393 218/551/551 203/519/519
f 1520/1228/1228 1516/1761/1761 1524/1229/1229
f 232/591/591 235/692/692 234/607/607 233/592/592 231/590/590
f 1527/1764/1764 1528/1731/1731 1523/1225/1225
f 1530/1326/1326 1531/982/982 1493/981/981
f 1762/2373/2373 1781/2556/2556 1787/201/201 1786/200/200
f 1535/2557/2557 1434/2485/2485 1492/2538/2538 1534/2558/2558 1570/2559/2559 1571/2347/2347
f 1525/1765/1765 1523/1225/1225 1524/1229/1229
f 2154/2560/2560 2131/2561/2561 2153/2562/2562 2220/2563/2563 2231/2564/2564 2226/2565/2565 2230/2286/2286 2239/2285/2285 2238/2566/2566 2234/2567/2567
f 1454/989/989 1456/988/988 1455/1963/1963 1450/2568/2568
f 2428/2569/2569 2427/2088/2088 2426/2087/2087 197/2570/2570 198/557/557 196/1061/1061 194/490/490 223/2571/2571 2432/1323/1323 2434/2572/2572
f 839/1780/1780 840/1398/1398 657/831/831 833/1760/1760
f 1528/1731/1731 1527/1764/1764 1540/2573/2573
f 1516/1761/1761 1514/2209/2209 1542/1762/1762
f 2164/1770/1770 2163/2574/2574 2172/2575/2575 2166/1768/1768
f 1543/1332/1332 1544/2576/2576 1545/1333/1333
f 1544/2576/2576 1519/2577/2577 1545/1333/1333
f 1517/1367/1367 1546/2578/2578 1547/2579/2579 1545/1333/1333 1518/2552/2552
f 2220/2563/2563 2153/2562/2562 2132/2580/2580 2133/2581/2581 2135/1886/1886 2157/1199/1199 2156/2582/2582 2219/2583/2583
f 2019/146/146 1990/145/145 1959/2584/2584 1986/974/974 2018/978/978 2017/2585/2585 2011/1101/1101 2020/1100/1100 2568/2586/2586 1994/147/147
f 1548/2273/2273 1550/1949/1949 1549/1334/1334
f 1550/1949/1949 1551/1335/1335 1549/1334/1334
f 1548/2273/2273 1547/2579/2579 1552/2274/2274
f 1551/1335/1335 1550/1949/1949 1553/1948/1948
f 2367/1431/1431 2378/2587/2587 2380/1994/1994 2366/1997/1997 2364/2588/2588 2365/1432/1432
f 1551/1335/1335 1557/1441/1441 1543/1332/1332
f 1557/1441/1441 1558/2228/2228 1543/1332/1332
f 1543/1332/1332 1558/2228/2228 1542/1762/1762
f 1558/2228/2228 1559/2229/2229 1541/2589/2589
f 1541/2589/2589 1559/2229/2229 1560/1443/1443
f 1426/1507/1507 1425/322/322 1391/321/321
f 1557/1441/1441 1561/1440/1440 1558/2228/2228
f 1563/2590/2590 1564/2591/2591 1540/2573/2573
f 1540/2573/2573 1564/2591/2591 1539/2070/2070
f 1090/2159/2159 1091/1300/1300 1097/2175/2175 1088/2152/2152 1089/2151/2151
f 1567/1203/1203 1566/1202/1202 1538/1127/1127 1565/2592/2592 1568/2593/2593
f 588/1385/1385 589/1389/1389 586/2312/2312 587/2397/2397 577/1358/1358
f 2158/1197/1197 2152/1200/1200 2138/2348/2348
f 1538/1127/1127 1566/1202/1202 1537/1128/1128
f 1567/1203/1203 1569/2594/2594 1536/1204/1204
f 1215/2361/2361 1216/2300/2300 974/305/305 968/304/304 975/1253/1253 993/2016/2016
f 1569/2594/2594 1571/2347/2347 1570/2559/2559
f 2682/827/827 2687/2595/2595 2688/2596/2596 2681/2434/2434 2672/828/828
f 1569/2594/2594 1567/1203/1203 1571/2347/2347
f 1567/1203/1203 1568/2593/2593 1571/2347/2347
f 1568/2593/2593 1572/932/932 1571/2347/2347
f 1571/2347/2347 1572/932/932 1573/931/931
f 1503/2324/2324 1502/2548/2548 1510/1179/1179 1501/2597/2597 1440/2488/2488 1480/2423/2423 1482/2422/2422
f 2163/2574/2574 2164/1770/1770 2165/1013/1013 2161/1012/1012 1778/2598/2598 2162/2599/2599
f 1572/932/932 1575/324/324 1574/323/323
f 2585/1902/1902 2515/2600/2600 2519/2190/2190 2528/2601/2601
f 1963/2602/2602 336/2603/2603 335/2604/2604 315/794/794 316/420/420 317/419/419 327/804/804 1964/2431/2431
f 527/1257/1257 531/1261/1261 530/1260/1260 528/1259/1259
f 1381/2539/2539 1388/2492/2492 1380/1670/1670 1377/1669/1669 1376/2605/2605
f 642/1524/1524 662/1523/1523 643/1501/1501 641/1502/1502
f 1580/2606/2606 1579/2607/2607 1582/500/500
f 1420/2479/2479 1588/2608/2608 1419/2478/2478
f 1587/1201/1201 1412/1446/1446 1418/2477/2477 1419/2478/2478 1588/2608/2608
f 120/1094/1094 121/1615/1615 123/327/327 122/326/326 103/351/351 104/1677/1677 118/1331/1331 119/1330/1330
f 1412/1446/1446 1589/2609/2609 1413/2472/2472
f 1546/2578/2578 2841/1366/1366 2840/2610/2610 1547/2579/2579
f 1598/254/254 1411/2239/2239 1414/2473/2473 1597/2611/2611
f 217/546/546 205/529/529 218/551/551 216/545/545
f 2370/2612/2612 2371/2613/2613 2369/2614/2614 2356/1134/1134
f 1576/735/735 1592/2615/2615 1591/2616/2616
f 2283/380/380 2284/2617/2617 2107/1282/1282 2282/1281/1281
f 2088/2027/2027 2089/738/738 2074/740/740 2080/2028/2028
f 1595/1567/1567 1596/1566/1566 1589/2609/2609
f 1589/2609/2609 1596/1566/1566 1413/2472/2472
f 160/423/423 191/496/496 163/425/425
f 1597/2611/2611 1596/1566/1566 1598/254/254
f 1598/254/254 1596/1566/1566 1599/251/251
f 1599/251/251 1596/1566/1566 1600/377/377
f 1919/2618/2618 1920/1156/1156 1886/889/889 1888/888/888
f 796/1707/1707 797/1708/1708 794/1705/1705 795/1706/1706
f 1771/1702/1702 1774/2487/2487 1770/157/157 1758/156/156
f 1593/1496/1496 1603/2102/2102 1602/1497/1497
f 1603/2102/2102 1604/1498/1498 1602/1497/1497
f 2260/1181/1181 2261/2619/2619 2259/2620/2620 2257/1182/1182
f 2334/2621/2621 2335/2363/2363 2556/2366/2366 2557/2513/2513 2559/2622/2622 2541/2623/2623 2540/1996/1996
f 1604/1498/1498 1603/2102/2102 1607/375/375
f 999/2019/2019 997/2018/2018 995/2055/2055 990/1255/1255
f 1603/2102/2102 1609/2624/2624 1608/2100/2100
f 1608/2100/2100 1609/2624/2624 1610/2270/2270
f 1609/2624/2624 1611/2292/2292 1610/2270/2270
f 1610/2270/2270 1611/2292/2292 1612/2291/2291
f 1234/652/652 1236/1958/1958 1237/1426/1426 1235/2326/2326 1225/653/653
f 2816/2254/2254 2930/63/63 2815/2524/2524 2780/1373/1373
f 1610/2270/2270 1612/2291/2291 1618/2290/2290
f 2083/2625/2625 2082/233/233 2084/2626/2626 2071/241/241
f 2787/2627/2627 2788/2628/2628 2781/1550/1550 2815/2524/2524 2814/2629/2629
f 1617/2410/2410 1622/2630/2630 1619/2408/2408
f 1623/2383/2383 2948/2382/2382 2947/2192/2192 1619/2408/2408 1622/2630/2630
f 1622/2630/2630 1624/2384/2384 1623/2383/2383
f 1624/2384/2384 1626/1070/1070 1625/1074/1074
f 1627/1071/1071 1629/1539/1539 2945/1541/1541 2952/1909/1909 2946/2193/2193 1628/1072/1072
f 1925/1779/1779 1927/2215/2215 1926/1060/1060 1924/927/927
f 1437/1991/1991 1489/2161/2161 1436/2631/2631 1431/1992/1992
f 1627/1071/1071 1631/2632/2632 1630/1703/1703
f 1630/1703/1703 1631/2632/2632 1632/461/461
f 1631/2632/2632 1633/462/462 1632/461/461
f 771/1671/1671 830/1741/1741 772/1743/1743 770/1672/1672
f 1633/462/462 1635/2633/2633 1634/459/459
f 2562/2634/2634 2564/2635/2635 2563/2636/2636 2550/2637/2637
f 1639/2527/2527 1641/2638/2638 1640/1626/1626
f 481/1131/1131 482/1133/1133 480/1031/1031 479/1030/1030
f 2551/2639/2639 2342/2640/2640 2343/2315/2315 2344/2111/2111 2550/2637/2637
f 1647/460/460 1643/2185/2185 1632/461/461
f 1644/1629/1629 1649/1628/1628 1651/2641/2641 1648/2385/2385 1632/461/461 1643/2185/2185
f 569/1346/1346 571/1351/1351 570/1355/1355 568/1347/1347
f 1651/2641/2641 1649/1628/1628 1645/1627/1627 1650/2222/2222 1654/1975/1975
f 1645/1627/1627 1640/1626/1626 1650/2222/2222
f 1632/461/461 1648/2385/2385 1630/1703/1703
f 1648/2385/2385 1651/2641/2641 1652/2386/2386
f 1652/2386/2386 1651/2641/2641 1653/1378/1378
f 1651/2641/2641 1654/1975/1975 1653/1378/1378
f 1653/1378/1378 1654/1975/1975 1655/1379/1379
f 1756/2186/2186 2176/2435/2435 1773/2642/2642 1772/1701/1701
f 893/1791/1791 875/1844/1844 894/1885/1885 909/1792/1792
f 1640/1626/1626 1641/2638/2638 1660/309/309
f 1641/2638/2638 1661/2555/2555 1660/309/309
f 1661/2555/2555 1662/2117/2117 1660/309/309
f 1198/1782/1782 1084/1781/1781 1085/1786/1786 1098/2174/2174 1099/2176/2176
f 2852/2160/2160 2851/1058/1058 1470/2511/2511 2809/2047/2047
f 2880/2643/2643 2879/2644/2644 2923/2645/2645 2922/2646/2646
f 2454/1077/1077 2453/2448/2448 2452/1954/1954 2450/1953/1953 2449/2124/2124 2448/2123/2123
f 897/1898/1898 904/1897/1897 895/1884/1884 874/1843/1843
f 2237/40/40 2233/2647/2647 2232/2648/2648 2236/41/41
f 1872/1979/1979 1664/1978/1978 1657/1977/1977 1662/2117/2117 1663/2554/2554 1873/1801/1801
f 976/2005/2005 990/1255/1255 969/1254/1254
f 1666/1755/1755 1661/2555/2555 1667/1756/1756
f 1661/2555/2555 1668/1757/1757 1667/1756/1756
f 1628/1072/1072 2946/2193/2193 1646/1073/1073
f 2253/1693/1693 2155/521/521 2221/525/525 2252/2649/2649
f 1671/1750/1750 1672/1759/1759 1673/1751/1751
f 2154/2560/2560 2222/1869/1869 2221/525/525 2130/524/524
f 2892/2650/2650 2879/2644/2644 2874/57/57 2878/1965/1965 2890/2651/2651 2891/2652/2652
f 1677/2653/2653 1679/2654/2654 1678/2655/2655
f 1680/2656/2656 1687/2657/2657 1678/2655/2655 1679/2654/2654 1681/2658/2658
f 602/1264/1264 615/2319/2319 614/1453/1453 608/1444/1444
f 2832/2659/2659 2833/957/957 2816/2254/2254 2817/2660/2660
f 1174/1807/1807 1363/1172/1172 1362/1171/1171 1175/1915/1915 1157/1580/1580
f 2170/1198/1198 2169/2661/2661 2166/1768/1768 2171/2662/2662 2157/1199/1199
f 2170/1198/1198 2158/1197/1197 2159/1014/1014 2168/2663/2663
f 2459/1930/1930 2411/1842/1842 2451/1955/1955
f 1688/549/549 1685/1941/1941 1689/547/547
f 1690/1876/1876 1692/1875/1875 1691/2505/2505
f 1998/2664/2664 2000/895/895 1997/894/894 1981/1726/1726 1979/1878/1878 1999/2447/2447 2003/2665/2665
f 1694/1874/1874 1696/2666/2666 1695/2503/2503
f 1695/2503/2503 1696/2666/2666 1697/2667/2667
f 1697/2667/2667 1696/2666/2666 1698/891/891
f 1696/2666/2666 1699/892/892 1698/891/891
f 1700/887/887 1699/892/892 1701/1126/1126
f 1699/892/892 1702/1123/1123 1701/1126/1126
f 1703/1125/1125 1704/1124/1124 1705/2514/2514
f 1705/2514/2514 1704/1124/1124 1706/2515/2515
f 1704/1124/1124 1707/2516/2516 1706/2515/2515
f 1707/2516/2516 1709/2668/2668 1708/2506/2506
f 1895/2669/2669 1914/2670/2670 1894/2671/2671 1814/1724/1724
f 1693/2504/2504 1695/2503/2503 1697/2667/2667
f 1708/2506/2506 1710/2672/2672 1705/2514/2514
f 1705/2514/2514 1710/2672/2672 1711/2673/2673
f 1710/2672/2672 1712/2238/2238 1711/2673/2673
f 2216/9/9 2215/259/259 2228/2674/2674 2227/1663/1663
f 1711/2673/2673 1703/1125/1125 1705/2514/2514
f 1712/2238/2238 1710/2672/2672 1713/2675/2675
f 1713/2675/2675 1710/2672/2672 1714/2676/2676
f 1710/2672/2672 1708/2506/2506 1714/2676/2676
f 1714/2676/2676 1708/2506/2506 1715/2508/2508
f 11/28/28 12/27/27 15/2299/2299 99/1286/1286 98/2677/2677 101/2198/2198 97/29/29
f 2891/2652/2652 2877/1966/1966 2926/1767/1767 2925/2678/2678
f 1708/2506/2506 1709/2668/2668 1718/2507/2507
f 1718/2507/2507 1709/2668/2668 1719/2172/2172
f 1709/2668/2668 1720/2173/2173 1719/2172/2172
f 1720/2173/2173 1722/2679/2679 1721/2169/2169
f 1718/2507/2507 1719/2172/2172 1716/2171/2171
f 581/2529/2529 564/2680/2680 580/2530/2530
f 1723/2170/2170 1721/2169/2169 1724/2533/2533
f 1724/2533/2533 1721/2169/2169 1725/2681/2681
f 1721/2169/2169 1722/2679/2679 1725/2681/2681
f 1722/2679/2679 1726/2682/2682 1725/2681/2681
f 1725/2681/2681 1726/2682/2682 1727/2683/2683
f 2662/2684/2684 2661/2685/2685 2660/2686/2686 1387/1369/1369 1386/2540/2540 1385/538/538 2651/1738/1738 2652/1737/1737 2640/107/107 2663/2249/2249
f 1728/2687/2687 1731/2688/2688 1730/2689/2689
f 2321/2690/2690 2584/331/331 2320/1080/1080 2313/1079/1079
f 1731/2688/2688 1733/1855/1855 1732/1854/1854
f 18/169/169 19/54/54 9/56/56 10/31/31 17/47/47
f 1733/1855/1855 1735/2691/2691 1734/1852/1852
f 1735/2691/2691 1737/2692/2692 1736/657/657
f 1736/657/657 1737/2692/2692 1738/658/658
f 1737/2692/2692 1739/656/656 1738/658/658
f 1544/2576/2576 1514/2209/2209 1512/2210/2210 1519/2577/2577
f 1248/526/526 2576/528/528 1948/2537/2537 2575/2536/2536 2569/2545/2545 2568/2586/2586 2020/1100/1100 2021/1099/1099 2010/1098/1098 2022/2693/2693 542/841/841
f 1740/1816/1816 1741/1853/1853 1734/1852/1852
f 2712/2694/2694 2713/1142/1142 2698/1394/1394 2702/1393/1393
f 878/1489/1489 624/1483/1483 855/1482/1482 838/1481/1481 842/1896/1896
f 1742/2372/2372 1741/1853/1853 1743/1815/1815
f 1741/1853/1853 1740/1816/1816 1743/1815/1815
f 1739/656/656 1747/2219/2219 1746/797/797
f 1748/2220/2220 1750/2695/2695 1749/2187/2187
f 1029/2079/2079 1061/1461/1461 1027/2077/2077 1022/2064/2064
f 1753/154/154 1752/2517/2517 1754/155/155
f 1752/2517/2517 1751/2218/2218 1754/155/155
f 1751/2218/2218 1749/2187/2187 1755/2520/2520
f 1757/1700/1700 1758/156/156 1755/2520/2520
f 461/1097/1097 458/1096/1096 465/1108/1108 466/1107/1107 464/1207/1207
f 872/1848/1848 873/1845/1845 859/1775/1775 871/1838/1838
f 1743/1815/1815 1761/2696/2696 1742/2372/2372
f 1761/2696/2696 1762/2373/2373 1742/2372/2372
f 1762/2373/2373 1761/2696/2696 1763/1189/1189
f 1763/1189/1189 1760/1808/1808 1764/150/150
f 2549/2697/2697 2550/2637/2637 2344/2111/2111 2345/2110/2110 2548/2353/2353
f 2573/2543/2543 2571/650/650 2565/649/649 2567/1901/1901 289/711/711 1951/710/710 1993/2698/2698 2570/2544/2544
f 775/807/807 773/806/806 776/1742/1742
f 2358/1137/1137 2360/1136/1136 2359/1430/1430 2357/2699/2699
f 2638/2700/2700 2634/484/484 2636/1435/1435 2637/2701/2701
f 1757/1700/1700 1756/2186/2186 1772/1701/1701
f 1772/1701/1701 1773/2642/2642 1771/1702/1702
f 1773/2642/2642 1774/2487/2487 1771/1702/1702
f 1330/1983/1983 1331/1716/1716 1332/503/503 1333/502/502
f 1775/1011/1011 1774/2487/2487 1778/2598/2598
f 1778/2598/2598 1774/2487/2487 1773/2642/2642
f 2263/2702/2702 2264/2703/2703 2261/2619/2619 2262/2704/2704 2328/1504/1504 2327/509/509
f 1767/1191/1191 1779/1490/1490 1768/1192/1192
f 1779/1490/1490 1780/2705/2705 1768/1192/1192
f 1768/1192/1192 1780/2705/2705 1763/1189/1189
f 1763/1189/1189 1780/2705/2705 1762/2373/2373
f 1762/2373/2373 1780/2705/2705 1781/2556/2556
f 1780/2705/2705 1782/2706/2706 1781/2556/2556
f 1785/2707/2707 1782/2706/2706 1779/1490/1490
f 1782/2706/2706 1780/2705/2705 1779/1490/1490
f 106/1284/1284 111/2708/2708 101/2198/2198 98/2677/2677 99/1286/1286 100/1285/1285
f 1787/201/201 1781/2556/2556 1788/202/202
f 1781/2556/2556 1783/2709/2709 1788/202/202
f 1190/1412/1412 1186/2263/2263 1187/2262/2262 1189/1168/1168
f 1786/200/200 1792/101/101 1791/2710/2710 1789/2711/2711 1790/2712/2712 1725/2681/2681 1727/2683/2683 1729/2374/2374 1762/2373/2373
f 1790/2712/2712 1789/2711/2711 1791/2710/2710
f 115/292/292 112/294/294 113/2713/2713 114/2714/2714
f 1818/2499/2499 1801/2715/2715 1796/2716/2716 1784/2717/2717 1797/2142/2142 1798/2145/2145 1800/1865/1865 1819/1864/1864
f 2784/2718/2718 2729/266/266 2730/2719/2719 2783/2038/2038
f 271/677/677 270/676/676 272/679/679 253/639/639 273/2720/2720 278/2721/2721 129/355/355
f 989/2014/2014 1002/2013/2013 1001/2053/2053 990/1255/1255
f 1974/775/775 1969/1105/1105 1970/626/626 1973/625/625
f 1801/2715/2715 1802/2136/2136 1796/2716/2716
f 1968/2430/2430 1969/1105/1105 1967/2722/2722 1964/2431/2431
f 2258/398/398 2259/2620/2620 2265/2723/2723 2325/1932/1932 2308/1747/1747 2266/1746/1746
f 2670/2724/2724 2672/828/828 2675/2433/2433 2637/2701/2701 2646/2725/2725
f 2012/2339/2339 2005/2407/2407 2007/2726/2726 2010/1098/1098 2011/1101/1101
f 1804/100/100 1805/2137/2137 1792/101/101
f 2167/1769/1769 2166/1768/1768 2169/2661/2661 2168/2663/2663
f 1790/2712/2712 1805/2137/2137 1725/2681/2681
f 1725/2681/2681 1806/2727/2727 1724/2533/2533
f 1724/2533/2533 1806/2727/2727 1717/2534/2534
f 1806/2727/2727 1807/2502/2502 1717/2534/2534
f 1984/2728/2728 1983/2729/2729 1987/975/975 1986/974/974 1960/2730/2730 1985/2731/2731
f 1242/1186/1186 1243/2732/2732 544/726/726 1241/725/725
f 1542/1762/1762 1558/2228/2228 1541/2589/2589 1526/1763/1763
f 1808/2733/2733 1809/1722/1722 1810/2734/2734
f 1809/1722/1722 1811/1725/1725 1810/2734/2734
f 1810/2734/2734 1811/1725/1725 1807/2502/2502
f 857/2303/2303 880/1857/1857 884/2306/2306 889/2305/2305 882/2304/2304
f 1714/2676/2676 1812/2735/2735 1713/2675/2675
f 1060/2115/2115 1032/2083/2083 1059/2114/2114 1034/90/90 1058/89/89
f 1817/2500/2500 1818/2499/2499 1819/1864/1864
f 809/792/792 808/1719/1719 816/221/221 815/793/793
f 1822/2358/2358 1799/2144/2144 1823/2143/2143
f 1797/2142/2142 1785/2707/2707 1823/2143/2143
f 1823/2143/2143 1785/2707/2707 1824/2736/2736
f 1824/2736/2736 1785/2707/2707 1825/746/746
f 1785/2707/2707 1779/1490/1490 1825/746/746
f 1825/746/746 1779/1490/1490 1826/1009/1009
f 1779/1490/1490 1776/1010/1010 1826/1009/1009
f 1809/1722/1722 1802/2136/2136 1816/2498/2498
f 1802/2136/2136 1801/2715/2715 1818/2499/2499
f 1826/1009/1009 1827/747/747 1825/746/746
f 1829/745/745 1830/1450/1450 1825/746/746
f 1825/746/746 1830/1450/1450 1824/2736/2736
f 1824/2736/2736 1830/1450/1450 1823/2143/2143
f 1121/2223/2223 1122/2330/2330 1154/2224/2224
f 1821/1866/1866 1832/581/581 1833/585/585
f 1474/2166/2166 2845/2231/2231 2844/2463/2463 1475/2468/2468
f 2122/2737/2737 2126/523/523 2123/2738/2738 2121/941/941
f 2105/1291/1291 2108/1290/1290 2094/1289/1289
f 2121/941/941 1328/2429/2429 1336/507/507 2134/2349/2349 2135/1886/1886 2133/2581/2581 2132/2580/2580 2122/2737/2737
f 2612/481/481 2613/486/486 2611/2739/2739
f 274/256/256 276/2740/2740 273/2720/2720 253/639/639
f 1278/2377/2377 1279/2376/2376 1280/2033/2033 1293/2032/2032 1295/2391/2391 1297/2344/2344 1296/2289/2289 1313/1998/1998 1314/2421/2421 1291/2426/2426 1322/2425/2425 1290/2741/2741 1289/2389/2389 1283/2388/2388 1276/2367/2367 1277/2375/2375
f 1194/2181/2181 1195/1069/1069 1197/2316/2316 1196/2180/2180
f 2735/560/560 2705/1438/1438 2741/2742/2742 2740/2743/2743
f 550/1039/1039 552/1303/1303 553/1839/1839
f 1812/2735/2735 1714/2676/2676 1715/2508/2508 1716/2171/2171 1717/2534/2534 1807/2502/2502 1813/2501/2501
f 204/550/550 155/1968/1968 154/520/520 203/519/519
f 1837/2356/2356 1838/2232/2232 1844/2744/2744
f 1849/2745/2745 1848/582/582 1850/2497/2497
f 2194/240/240 2348/239/239 2349/1877/1877 2347/2746/2746 2346/2747/2747 2212/2109/2109
f 1845/2748/2748 1844/2744/2744 1838/2232/2232 1839/1449/1449 1841/698/698 1843/697/697 1855/2749/2749
f 106/1284/1284 2106/1283/1283 2107/1282/1282 114/2714/2714 113/2713/2713 111/2708/2708
f 1847/341/341 1853/340/340 1852/2097/2097 1856/2750/2750 1850/2497/2497 1851/2496/2496
f 2542/2751/2751 2560/2752/2752 2543/2351/2351 2374/554/554
f 1858/2096/2096 1859/2165/2165 1852/2097/2097
f 1852/2097/2097 1859/2165/2165 1860/2241/2241
f 1860/2241/2241 1859/2165/2165 1861/2164/2164
f 1102/2177/2177 1193/2267/2267 1194/2181/2181
f 378/914/914 382/913/913 376/880/880 374/886/886 373/1814/1814
f 2643/105/105 2649/2753/2753 2648/2754/2754 2647/2755/2755
f 1860/2241/2241 1856/2750/2750 1852/2097/2097
f 1864/2204/2204 1347/2298/2298 1862/2163/2163
f 1862/2163/2163 1347/2298/2298 1861/2164/2164
f 1010/2052/2052 1016/881/881 1011/571/571 1001/2053/2053
f 1344/1718/1718 1349/1982/1982 1871/1981/1981
f 2065/2756/2756 2066/1557/1557 2064/186/186 2053/185/185
f 1396/1988/1988 1395/1973/1973 1350/1989/1989
f 1666/1755/1755 1669/1754/1754 1875/1753/1753
f 1345/1715/1715 1347/2298/2298 1864/2204/2204
f 1875/1753/1753 1876/1752/1752 1874/2757/2757
f 2884/2046/2046 2844/2463/2463 2845/2231/2231
f 831/1748/1748 813/791/791 830/1741/1741 771/1671/1671
f 159/426/426 160/423/423 158/427/427
f 2893/2758/2758 2910/2211/2211 2894/1645/1645 2839/2293/2293 2889/2759/2759
f 353/849/849 338/817/817 347/1231/1231 346/1230/1230 352/854/854
f 862/1829/1829 869/1836/1836 860/1826/1826 861/1827/1827
f 1686/2760/2760 1880/2761/2761 1871/1981/1981 1879/1980/1980 1878/2762/2762 1687/2657/2657 1680/2656/2656
f 1940/1350/1350 1880/2761/2761 1686/2760/2760 1682/2763/2763 1685/1941/1941 1683/1942/1942 1684/1348/1348
f 1590/2764/2764 1589/2609/2609 1412/1446/1446 1587/1201/1201
f 1117/2313/2313 1178/963/963 1115/962/962
f 1117/2313/2313 1118/2195/2195 1119/2196/2196 1177/2227/2227
f 1689/547/547 1691/2505/2505 1883/548/548
f 1691/2505/2505 1693/2504/2504 1883/548/548
f 1510/1179/1179 1521/1178/1178 1522/1227/1227 1427/2482/2482 1440/2488/2488 1501/2597/2597
f 730/1608/1608 731/1609/1609 717/1596/1596 712/267/267 718/276/276
f 341/850/850 354/1709/1709 2031/822/822 342/821/821
f 532/1262/1262 525/403/403 533/402/402
f 1700/887/887 1701/1126/1126 1888/888/888
f 1701/1126/1126 1712/2238/2238 1889/2237/2237
f 1712/2238/2238 1713/2675/2675 1890/2235/2235
f 1890/2235/2235 1713/2675/2675 1891/2441/2441
f 233/592/592 234/607/607 229/609/609 230/593/593
f 1812/2735/2735 1813/2501/2501 1892/2765/2765
f 1835/2766/2766 1814/1724/1724 1894/2671/2671
f 1814/1724/1724 1815/1723/1723 1895/2669/2669
f 1817/2500/2500 1849/2745/2745 1895/2669/2669
f 1895/2669/2669 1849/2745/2745 1896/1778/1778
f 2411/1842/1842 2507/2767/2767 2407/2768/2768 2408/2276/2276
f 1856/2750/2750 1860/2241/2241 1899/2243/2243
f 760/1664/1664 752/1648/1648 761/1681/1681 759/1655/1655
f 1901/348/348 1868/123/123 1902/349/349
f 1868/123/123 1869/2317/2317 1902/349/349
f 245/2011/2011 250/638/638 249/637/637 248/641/641 244/622/622
f 1903/347/347 1904/2769/2769 1901/348/348
f 2238/2566/2566 2239/2285/2285 2245/2284/2284 2246/2770/2770
f 1899/2243/2243 1906/410/410 1898/2771/2771
f 1898/2771/2771 1906/410/410 1897/2772/2772
f 1906/410/410 1907/409/409 1897/2772/2772
f 1698/891/891 1887/890/890 1697/2667/2667
f 1697/2667/2667 1887/890/890 1908/2773/2773
f 1885/2774/2774 1693/2504/2504 1908/2773/2773
f 1908/2773/2773 1693/2504/2504 1697/2667/2667
f 1548/2273/2273 1549/1334/1334 1545/1333/1333 1547/2579/2579
f 1914/2670/2670 1913/2775/2775 1896/1778/1778 1912/1777/1777 1893/2776/2776 1894/2671/2671
f 1896/1778/1778 1913/2775/2775 1895/2669/2669
f 1913/2775/2775 1914/2670/2670 1895/2669/2669
f 1915/1776/1776 1917/2443/2443 1916/2442/2442
f 2777/2777/2777 2770/2129/2129 2772/2128/2128 2775/2778/2778
f 1917/2443/2443 1918/2236/2236 1890/2235/2235
f 2426/2087/2087 2425/2086/2086 222/1043/1043 221/558/558 198/557/557 197/2570/2570
f 1919/2618/2618 1917/2443/2443 1920/1156/1156
f 1917/2443/2443 1915/1776/1776 1920/1156/1156
f 181/458/458 164/428/428 158/427/427 165/433/433 180/446/446 182/456/456
f 1884/929/929 1923/928/928 1883/548/548
f 1917/2443/2443 1919/2618/2618 1918/2236/2236
f 1777/1008/1008 1828/748/748 1827/747/747 1826/1009/1009
f 1921/926/926 1925/1779/1779 1924/927/927
f 2242/262/262 2244/2283/2283 2241/2282/2282 2240/2281/2281 2229/2779/2779
f 29/74/74 30/75/75 36/93/93 37/98/98
f 1587/1201/1201 1588/2608/2608 1581/499/499 1585/498/498
f 2480/2546/2546 2487/751/751 2469/756/756 2470/2322/2322
f 1821/1866/1866 1799/2144/2144 1822/2358/2358 1831/2357/2357 1832/581/581
f 1216/2300/2300 1215/2361/2361 1231/299/299 1230/298/298
f 1299/1601/1601 1300/2030/2030 1302/2343/2343 1303/2342/2342 1306/2415/2415
f 1883/548/548 1930/76/76 1882/79/79
f 23/68/68 33/162/162 32/81/81 24/69/69
f 2413/2780/2780 2416/2781/2781 2415/2782/2782 2412/2783/2783
f 2355/2784/2784 2359/1430/1430 2362/1433/1433 2364/2588/2588 2363/553/553 2361/552/552
f 1936/119/119 1883/548/548 1923/928/928 1929/1059/1059 1928/116/116
f 56/143/143 61/163/163 57/85/85 54/142/142
f 834/284/284 835/283/283 833/1760/1760 769/1666/1666
f 1928/116/116 1904/2769/2769 1937/117/117
f 1937/117/117 1938/345/345 1935/118/118
f 45/121/121 40/109/109 47/131/131 48/133/133 46/160/160
f 2077/851/851 539/1276/1276 2076/739/739 2089/738/738 2088/2027/2027 2087/230/230 2090/2785/2785
f 75/1/1 72/192/192 90/215/215 89/2/2
f 1886/889/889 1922/925/925 1884/929/929 1885/2774/2774
f 280/703/703 282/705/705 1944/2786/2786
f 1944/2786/2786 282/705/705 1945/2787/2787
f 282/705/705 283/1250/1250 1945/2787/2787
f 1945/2787/2787 1947/2788/2788 1943/2789/2789 1944/2786/2786
f 2265/2723/2723 2259/2620/2620 2264/2703/2703 2327/509/509 2326/2790/2790
f 1947/2788/2788 1945/2787/2787 1946/2791/2791 4/125/125 1943/2789/2789
f 1854/2792/2792 1837/2356/2356 1844/2744/2744 1845/2748/2748
f 283/1250/1250 287/1002/1002 1949/2535/2535
f 1949/2535/2535 287/1002/1002 1950/1001/1001
f 434/2308/2308 441/690/690 429/689/689
f 297/136/136 298/135/135 1953/2793/2793
f 1953/2793/2793 298/135/135 1954/198/198
f 298/135/135 299/199/199 1954/198/198
f 937/1574/1574 936/1577/1577 1034/90/90 1059/2114/2114 1033/1614/1614
f 1621/2549/2549 2951/2794/2794 2954/2440/2440 2955/2439/2439 2939/2455/2455
f 1320/2427/2427 1327/940/940 1326/945/945 1321/2424/2424
f 1956/2213/2213 1957/2795/2795 1954/198/198
f 1954/198/198 1957/2795/2795 1953/2793/2793
f 1957/2795/2795 1956/2213/2213 1958/2796/2796
f 1956/2213/2213 314/280/280 1958/2796/2796
f 1957/2795/2795 1958/2796/2796 314/280/280 313/279/279 315/794/794
f 1957/2795/2795 315/794/794 1959/2584/2584
f 1959/2584/2584 315/794/794 1960/2730/2730
f 315/794/794 335/2604/2604 1960/2730/2730
f 1960/2730/2730 335/2604/2604 1961/2797/2797
f 1961/2797/2797 335/2604/2604 1962/2798/2798
f 335/2604/2604 336/2603/2603 1962/2798/2798
f 1962/2798/2798 336/2603/2603 1963/2602/2602
f 1964/2431/2431 327/804/804 1965/2074/2074
f 2748/2799/2799 2747/1549/1549 2750/2800/2800 2749/2801/2801
f 1959/2584/2584 1953/2793/2793 1957/2795/2795
f 1963/2602/2602 1964/2431/2431 1962/2798/2798
f 1962/2798/2798 1964/2431/2431 1967/2722/2722
f 1969/1105/1105 1968/2430/2430 1970/626/626
f 1970/626/626 1966/2073/2073 1971/627/627
f 1971/627/627 329/629/629 1972/628/628
f 1965/2074/2074 1966/2073/2073 1964/2431/2431
f 297/136/136 1953/2793/2793 1952/1657/1657
f 589/1389/1389 588/1385/1385 584/5/5 591/8/8 590/226/226
f 1904/2769/2769 1903/347/347 1942/346/346 1937/117/117
f 1975/1104/1104 1976/1727/1727 1969/1105/1105
f 1969/1105/1105 1976/1727/1727 1967/2722/2722
f 1967/2722/2722 1976/1727/1727 1962/2798/2798
f 1976/1727/1727 1961/2797/2797 1962/2798/2798
f 1879/1980/1980 1872/1979/1979 1873/1801/1801 1877/1800/1800
f 1977/899/899 1978/900/900 1975/1104/1104
f 2217/1662/1662 2227/1663/1663 2228/2674/2674 2229/2779/2779 2218/2802/2802
f 1983/2729/2729 1984/2728/2728 1961/2797/2797
f 1961/2797/2797 1984/2728/2728 1985/2731/2731
f 1986/974/974 1959/2584/2584 1960/2730/2730
f 1976/1727/1727 1975/1104/1104 1980/1879/1879
f 1960/2730/2730 1961/2797/2797 1985/2731/2731
f 1987/975/975 1983/2729/2729 1988/976/976
f 1983/2729/2729 1982/893/893 1988/976/976
f 1953/2793/2793 1959/2584/2584 1989/149/149
f 1989/149/149 1959/2584/2584 1990/145/145
f 603/1415/1415 602/1264/1264 604/1390/1390 548/1270/1270
f 1477/2464/2464 1479/2296/2296 1478/2297/2297 1446/2465/2465
f 309/636/636 311/278/278 308/277/277
f 623/1477/1477 625/1476/1476 624/1483/1483 622/1488/1488
f 1991/2803/2803 1993/2698/2698 1951/710/710
f 1996/1212/1212 2015/1211/1211 2012/2339/2339 2017/2585/2585 1995/977/977 1988/976/976 1982/893/893
f 1874/2757/2757 1876/1752/1752 1673/1751/1751 1672/1759/1759 1674/1802/1802 1873/1801/1801 1665/2553/2553 1666/1755/1755 1875/1753/1753
f 508/863/863 539/1276/1276 538/853/853 511/864/864
f 2466/2804/2804 2463/2805/2805 2467/439/439 2502/302/302 2503/2806/2806
f 619/2001/2001 626/1486/1486 620/1473/1473 618/1475/1475
f 2668/2807/2807 2677/815/815 2679/814/814 2678/2340/2340 2715/579/579 2716/1771/1771 2674/2808/2808 2666/2809/2809
f 2001/2405/2405 2002/896/896 2000/895/895 1998/2664/2664 2003/2665/2665 1999/2447/2447 2004/2446/2446 2008/2489/2489 2007/2726/2726 2005/2407/2407 2006/2406/2406
f 136/385/385 137/357/357 133/356/356 132/352/352
f 2585/1902/1902 2528/2601/2601 2588/2810/2810 2589/453/453 2587/2811/2811 2586/2812/2812
f 1690/1876/1876 1691/2505/2505 1689/547/547 1685/1941/1941
f 1322/2425/2425 1321/2424/2424 1324/2813/2813 2117/1688/1688 1323/1687/1687
f 2008/2489/2489 2010/1098/1098 2007/2726/2726
f 2541/2623/2623 2364/2588/2588 2366/1997/1997 2540/1996/1996
f 2012/2339/2339 2013/2338/2338 2005/2407/2407
f 2492/754/754 2495/2084/2084 2493/1907/1907
f 1995/977/977 2017/2585/2585 2018/978/978
f 2940/2550/2550 2939/2455/2455 2938/2456/2456 1397/2240/2240 1411/2239/2239 2958/2519/2519 2960/2518/2518
f 2017/2585/2585 2012/2339/2339 2011/1101/1101
f 2270/1867/1867 2297/2158/2158 2296/2157/2157 2295/1322/1322 2274/574/574 2273/94/94 2272/97/97
f 2882/1951/1951 2881/2814/2814 2915/1339/1339 2920/2483/2483 2919/50/50
f 2022/2693/2693 2009/2445/2445 542/841/841
f 747/1641/1641 837/1774/1774 836/282/282 767/281/281
f 2132/2580/2580 2153/2562/2562 2131/2561/2561 2122/2737/2737
f 2921/2815/2815 2880/2643/2643 2922/2646/2646 2907/2816/2816
f 2010/1098/1098 2009/2445/2445 2022/2693/2693
f 898/1883/1883 902/1882/1882 903/1895/1895 897/1898/1898
f 278/2721/2721 273/2720/2720 276/2740/2740 274/256/256 275/1861/1861 277/2360/2360
f 1183/2817/2817 1108/2818/2818 1109/2819/2819 1110/1919/1919 1182/1918/1918
f 488/1820/1820 489/1032/1032 480/1031/1031
f 124/675/675 94/1462/1462 95/227/227 123/327/327
f 2951/2794/2794 1621/2549/2549 1620/2409/2409 2950/1910/1910 2954/2440/2440
f 1434/2485/2485 1535/2557/2557 1571/2347/2347 1577/2346/2346 1579/2607/2607 1580/2606/2606 1420/2479/2479 1417/2476/2476 1421/1860/1860
f 2028/1115/1115 331/367/367 2029/366/366
f 2684/2820/2820 2685/2821/2821 2699/1439/1439 2683/826/826
f 2029/366/366 343/365/365 2030/824/824
f 552/1303/1303 565/1368/1368 579/2398/2398 580/2530/2530 564/2680/2680 581/2529/2529 585/2528/2528 586/2312/2312 553/1839/1839
f 1943/2789/2789 4/125/125 26/71/71 280/703/703 1944/2786/2786
f 2501/303/303 2468/438/438 2494/1906/1906 2500/1313/1313
f 2029/366/366 2030/824/824 2032/823/823
f 2505/1840/1840 2504/512/512 2514/2822/2822 2513/2311/2311
f 1977/899/899 1974/775/775 2025/774/774 2024/190/190
f 768/1667/1667 765/1661/1661 766/1665/1665 767/281/281
f 510/1218/1218 545/727/727 544/726/726 543/1277/1277
f 171/443/443 231/590/590 230/593/593 229/609/609 228/1455/1455 178/1454/1454
f 1244/1893/1893 543/1277/1277 544/726/726 1243/2732/2732 1242/1186/1186 1245/1185/1185
f 392/765/765 393/764/764 2038/766/766
f 393/764/764 394/763/763 2038/766/766
f 2038/766/766 394/763/763 2039/901/901
f 2039/901/901 395/769/769 2040/768/768
f 2100/2823/2823 2097/2233/2233 2096/664/664 2095/2824/2824
f 1593/1496/1496 1594/1495/1495 1591/2616/2616 1592/2615/2615
f 2039/901/901 2040/768/768 2038/766/766
f 2038/766/766 2040/768/768 2037/767/767
f 451/1082/1082 452/1084/1084 449/1469/1469 450/1468/1468
f 1983/2729/2729 1961/2797/2797 1976/1727/1727 1982/893/893
f 2904/2278/2278 2906/2825/2825 2924/2826/2826 2925/2678/2678
f 2711/2827/2827 2712/2694/2694 2702/1393/1393 2710/2828/2828
f 848/1478/1478 845/1399/1399 846/1796/1796 847/1480/1480
f 541/840/840 2047/839/839 2048/1130/1130
f 1514/2209/2209 1544/2576/2576 1543/1332/1332 1542/1762/1762
f 2043/184/184 2042/773/773 2053/185/185
f 2054/188/188 2045/1803/1803 2044/189/189
f 934/1940/1940 935/1811/1811 921/1926/1926 922/1927/1927
f 2055/845/845 2057/788/788 2056/787/787
f 1578/930/930 1582/500/500 1579/2607/2607 1577/2346/2346
f 969/1254/1254 966/2288/2288 955/1964/1964 956/1612/1612 965/1611/1611
f 2062/244/244 2054/188/188 2063/187/187
f 2053/185/185 2042/773/773 2065/2756/2756
f 2051/844/844 2052/1787/1787 2055/845/845
f 1635/2633/2633 1637/2183/2183 1636/2182/2182 1634/459/459
f 2064/186/186 2066/1557/1557 2063/187/187
f 2063/187/187 2066/1557/1557 2067/1556/1556
f 2334/2621/2621 2540/1996/1996 2537/2829/2829 2536/2830/2830 2535/2831/2831 2333/2832/2832 2256/1184/1184 2255/2051/2051 2254/1692/1692
f 2066/1557/1557 2065/2756/2756 2068/1554/1554
f 2068/1554/1554 2065/2756/2756 2069/2833/2833
f 2069/2833/2833 2041/1397/1397 2068/1554/1554
f 2041/1397/1397 398/1396/1396 2068/1554/1554
f 2068/1554/1554 400/967/967 2070/1555/1555
f 400/967/967 529/1258/1258 2070/1555/1555
f 2070/1555/1555 529/1258/1258 2067/1556/1556
f 529/1258/1258 530/1260/1260 2067/1556/1556
f 2063/187/187 2071/241/241 2062/244/244
f 1318/2419/2419 1317/1984/1984 1329/501/501
f 2061/243/243 2072/242/242 2060/1387/1387
f 2072/242/242 2073/2029/2029 2059/1388/1388
f 2058/785/785 2059/1388/1388 2073/2029/2029 2080/2028/2028 2074/740/740
f 2421/2403/2403 2442/1923/1923 2418/1922/1922 2420/2834/2834
f 2048/1130/1130 2076/739/739 541/840/840
f 539/1276/1276 2077/851/851 538/853/853
f 2779/2835/2835 2780/1373/1373 2766/1372/1372 2765/2836/2836 2767/2837/2837 2768/2838/2838
f 2250/2839/2839 2336/2364/2364 2335/2363/2363 2251/2840/2840
f 2569/2545/2545 2570/2544/2544 1993/2698/2698 1991/2803/2803 1992/148/148 1994/147/147 2568/2586/2586
f 536/405/405 535/404/404 519/1239/1239 518/1242/1242 537/852/852 2078/229/229 2079/406/406
f 1064/2116/2116 1065/1460/1460 1063/1459/1459
f 2496/1344/1344 2497/950/950 2495/2084/2084 2492/754/754
f 1030/2080/2080 1032/2083/2083 1060/2115/2115 1061/1461/1461
f 371/902/902 394/763/763 389/762/762 372/937/937 369/1813/1813
f 2082/233/233 2083/2625/2625 532/1262/1262
f 532/1262/1262 2083/2625/2625 531/1261/1261
f 543/1277/1277 1244/1893/1893 1247/1892/1892 1248/526/526 542/841/841
f 1184/316/316 1188/2841/2841 1187/2262/2262 1185/2261/2261
f 2084/2626/2626 2082/233/233 2072/242/242
f 2082/233/233 2085/232/232 2072/242/242
f 2072/242/242 2085/232/232 2086/231/231
f 2656/2842/2842 1372/2458/2458 2659/416/416 2657/2843/2843
f 2145/2327/2327 2146/1315/1315 2137/2350/2350 2139/2844/2844
f 2090/2785/2785 2087/230/230 2078/229/229
f 2084/2626/2626 2072/242/242 2071/241/241
f 2090/2785/2785 2078/229/229 2077/851/851
f 541/840/840 2076/739/739 539/1276/1276 540/1275/1275
f 2350/2428/2428 2544/2845/2845 2545/2354/2354 2349/1877/1877 2191/238/238
f 1927/2215/2215 1910/2214/2214 1904/2769/2769 1928/116/116 1929/1059/1059 1926/1060/1060
f 340/819/819 341/850/850 334/363/363 339/818/818
f 747/1641/1641 766/1665/1665 748/274/274 738/273/273
f 778/1682/1682 777/1691/1691 783/1690/1690 782/1685/1685
f 1006/2846/2846 982/1972/1972 961/1971/1971 944/1944/1944
f 2099/2847/2847 2100/2823/2823 2095/2824/2824
f 2856/2848/2848 2855/58/58 2881/2814/2814 2882/1951/1951 2848/1175/1175
f 1042/1151/1151 1043/1150/1150 1040/2105/2105 1041/2849/2849
f 2654/536/536 1379/535/535 1371/2460/2460 2655/2068/2068
f 2717/1772/1772 2674/2808/2808 2716/1771/1771
f 2100/2823/2823 2102/2245/2245 2103/2244/2244 2098/2234/2234 2097/2233/2233
f 2100/2823/2823 2099/2847/2847 2102/2245/2245
f 2572/647/647 2573/2543/2543 2574/2542/2542 2575/2536/2536 1949/2535/2535 2566/648/648
f 2671/2850/2850 2672/828/828 2670/2724/2724
f 1916/2442/2442 1891/2441/2441 1713/2675/2675 1812/2735/2735 1892/2765/2765 1893/2776/2776
f 2104/2851/2851 2103/2244/2244 2110/2852/2852
f 1039/2107/2107 1040/2105/2105 1055/2112/2112 1054/2108/2108
f 77/4/4 88/3/3 87/214/214 78/205/205 79/207/207
f 2112/923/923 1288/922/922 2114/2390/2390 2274/574/574 2113/1278/1278 2109/1292/1292
f 2114/2390/2390 1289/2389/2389 2115/95/95
f 2116/96/96 2115/95/95 1289/2389/2389 1290/2741/2741 1322/2425/2425 1323/1687/1687
f 2117/1688/1688 1324/2813/2813 2118/1689/1689
f 1190/1412/1412 1210/1413/1413 1192/2266/2266 1191/2268/2268
f 1327/940/940 1328/2429/2429 2121/941/941
f 2121/941/941 2123/2738/2738 2120/942/942
f 2123/2738/2738 2124/2853/2853 2120/942/942
f 2124/2853/2853 2125/399/399 2120/942/942
f 2123/2738/2738 2126/523/523 2124/2853/2853
f 2126/523/523 2127/522/522 2124/2853/2853
f 2127/522/522 2128/1183/1183 2124/2853/2853
f 2124/2853/2853 2129/397/397 2125/399/399
f 905/1899/1899 867/1834/1834 924/1154/1154 923/1928/1928
f 2126/523/523 2122/2737/2737 2130/524/524
f 2130/524/524 2122/2737/2737 2131/2561/2561
f 987/2015/2015 976/2005/2005 978/2007/2007 986/2009/2009
f 1336/507/507 1338/506/506 2134/2349/2349
f 1338/506/506 2136/2854/2854 2134/2349/2349
f 2136/2854/2854 2137/2350/2350 2134/2349/2349
f 2134/2349/2349 2138/2348/2348 2135/1886/1886
f 1338/506/506 2139/2844/2844 2136/2854/2854
f 2136/2854/2854 2139/2844/2844 2137/2350/2350
f 188/478/478 226/614/614 242/613/613 225/1710/1710
f 1340/2855/2855 1341/646/646 2140/645/645
f 1802/2136/2136 1809/1722/1722 1808/2733/2733 1806/2727/2727 1725/2681/2681 1805/2137/2137
f 1866/2203/2203 1854/2792/2792 2141/644/644
f 2141/644/644 1854/2792/2792 2142/2856/2856
f 620/1473/1473 626/1486/1486 621/1474/1474
f 2141/644/644 2144/809/809 2140/645/645
f 2144/809/809 2145/2327/2327 2140/645/645
f 1331/1716/1716 1341/646/646 1340/2855/2855 1332/503/503
f 2141/644/644 2142/2856/2856 2144/809/809
f 2145/2327/2327 2144/809/809 2147/2328/2328
f 2198/127/127 2201/25/25 2178/2188/2188
f 199/556/556 221/558/558 220/606/606 219/393/393 200/392/392
f 2143/810/810 1843/697/697 2149/699/699
f 2310/1946/1946 2311/1420/1420 2305/1425/1425 2268/2154/2154 2306/1947/1947
f 2138/2348/2348 2152/1200/1200 2135/1886/1886
f 1167/412/412 1168/411/411 1166/2400/2400
f 2131/2561/2561 2154/2560/2560 2130/524/524
f 730/1608/1608 729/16/16 732/15/15 731/1609/1609
f 135/354/354 136/385/385 132/352/352 134/353/353
f 267/1093/1093 125/1656/1656 124/675/675 268/674/674 121/1615/1615 120/1094/1094
f 1828/748/748 1777/1008/1008 2161/1012/1012
f 1778/2598/2598 1773/2642/2642 2162/2599/2599
f 486/1028/1028 487/1026/1026 475/1025/1025 476/2857/2857 477/1129/1129 478/1029/1029
f 2165/1013/1013 2167/1769/1769 2159/1014/1014
f 2167/1769/1769 2168/2663/2663 2159/1014/1014
f 289/711/711 290/1000/1000 288/721/721
f 1782/2706/2706 1784/2717/2717 1783/2709/2709 1781/2556/2556
f 2169/2661/2661 2170/1198/1198 2168/2663/2663
f 1597/2611/2611 1414/2473/2473 1410/2471/2471 1413/2472/2472 1596/1566/1566
f 2157/1199/1199 2171/2662/2662 2156/2582/2582
f 1341/646/646 1345/1715/1715 2141/644/644
f 2171/2662/2662 2166/1768/1768 2172/2575/2575
f 1135/1518/1518 1136/1517/1517 1133/2208/2208 1134/2207/2207
f 2172/2575/2575 2163/2574/2574 2173/2858/2858
f 2163/2574/2574 2162/2599/2599 2173/2858/2858
f 2173/2858/2858 2162/2599/2599 2174/10/10
f 2174/10/10 2162/2599/2599 2175/11/11
f 1900/2242/2242 1905/2859/2859 1906/410/410 1899/2243/2243
f 2178/2188/2188 1749/2187/2187 2179/2860/2860
f 1750/2695/2695 2180/2071/2071 2198/127/127 2179/2860/2860 1749/2187/2187
f 1750/2695/2695 2181/2861/2861 2180/2071/2071
f 2181/2861/2861 2182/489/489 2180/2071/2071
f 2183/128/128 2184/488/488 2185/2411/2411
f 2184/488/488 2186/487/487 2185/2411/2411
f 2186/487/487 2187/2412/2412 2185/2411/2411
f 2188/2413/2413 2187/2412/2412 2189/236/236
f 2187/2412/2412 2190/237/237 2189/236/236
f 2190/237/237 2192/1697/1697 2191/238/238
f 279/700/700 232/591/591 136/385/385 135/354/354
f 2175/11/11 2176/2435/2435 2193/12/12
f 2195/2414/2414 2188/2413/2413 2189/236/236 2194/240/240 2211/2862/2862
f 2185/2411/2411 2196/2004/2004 2183/128/128
f 2196/2004/2004 2197/129/129 2183/128/128
f 1417/2476/2476 1416/2331/2331 1404/1143/1143 1422/1146/1146 1421/1860/1860
f 2201/25/25 2177/24/24 2178/2188/2188
f 2179/2860/2860 2198/127/127 2178/2188/2188
f 1701/1126/1126 1703/1125/1125 1711/2673/2673 1712/2238/2238
f 2205/22/22 2193/12/12 2204/23/23
f 2204/23/23 2193/12/12 2177/24/24
f 2203/21/21 2202/20/20 2206/1623/1623
f 1301/2036/2036 1302/2343/2343 1300/2030/2030
f 2200/26/26 2199/126/126 2208/130/130
f 1897/2772/2772 1907/409/409 1896/1778/1778 1849/2745/2745
f 2208/130/130 2197/129/129 2209/1624/1624
f 1284/1729/1729 1272/2369/2369 1276/2367/2367 1283/2388/2388
f 1885/2774/2774 1908/2773/2773 1887/890/890 1886/889/889
f 1677/2653/2653 1678/2655/2655 1676/1799/1799 1675/1798/1798
f 2194/240/240 2212/2109/2109 2211/2862/2862
f 1773/2642/2642 2176/2435/2435 2175/11/11 2162/2599/2599
f 2213/1622/1622 2214/260/260 2207/1908/1908
f 82/210/210 83/209/209 81/208/208 80/206/206
f 417/996/996 418/995/995 514/1224/1224 515/1223/1223
f 2744/1271/1271 2746/2863/2863 2745/2864/2864 2741/2742/2742 2742/2865/2865
f 960/1970/1970 958/1967/1967 946/1847/1847 959/1846/1846 918/1017/1017 945/1945/1945
f 2172/2575/2575 2218/2802/2802 2171/2662/2662
f 1185/2261/2261 1095/2260/2260 1104/317/317 1184/316/316
f 1760/1808/1808 1763/1189/1189 1761/2696/2696 1743/1815/1815
f 914/1912/1912 915/1916/1916 911/1794/1794 912/1793/1793
f 2233/2647/2647 2225/1868/1868 2224/2866/2866 2232/2648/2648
f 427/1006/1006 434/2308/2308 429/689/689 424/688/688 423/999/999 425/1005/1005 428/2867/2867 426/1007/1007
f 2206/1623/1623 2213/1622/1622 2207/1908/1908
f 2211/2862/2862 2213/1622/1622 2210/1621/1621
f 2248/42/42 2235/53/53 2236/41/41 2232/2648/2648 2224/2866/2866 2223/1870/1870 2222/1869/1869 2154/2560/2560 2234/2567/2567 2238/2566/2566 2246/2770/2770 2339/2868/2868 2247/43/43
f 2224/2866/2866 2225/1868/1868 2223/1870/1870
f 1485/2531/2531 1484/2526/2526 1483/2525/2525
f 2477/1139/1139 2478/1138/1138 2472/2025/2025 2473/2475/2475
f 1232/296/296 1268/2362/2362 1269/2869/2869 1267/1427/1427 1236/1958/1958
f 2483/2470/2470 2538/2416/2416 2534/172/172 2484/171/171 2482/1140/1140 2475/1824/1824 2476/1823/1823 2333/2832/2832 2535/2831/2831 2537/2829/2829 2540/1996/1996
f 1982/893/893 2016/898/898 1996/1212/1212
f 2370/2612/2612 2373/2396/2396 2372/2395/2395 2371/2613/2613
f 2140/645/645 2145/2327/2327 2139/2844/2844 1338/506/506 1339/2432/2432
f 2371/2613/2613 2375/2870/2870 2368/1135/1135 2369/2614/2614
f 2645/910/910 2604/909/909 2603/2871/2871 2644/2872/2872
f 2243/261/261 2244/2283/2283 2242/262/262
f 741/1633/1633 726/1607/1607 722/1604/1604 723/1603/1603 724/1631/1631 742/1630/1630
f 142/369/369 143/368/368 140/360/360 141/361/361
f 2024/190/190 2044/189/189 1978/900/900
f 2251/2840/2840 2252/2649/2649 2221/525/525 2225/1868/1868 2233/2647/2647 2237/40/40 2249/39/39 2250/2839/2839
f 2683/826/826 2699/1439/1439 2696/2873/2873 2686/2874/2874 2682/827/827
f 2255/2051/2051 2256/1184/1184 2128/1183/1183
f 2257/1182/1182 2258/398/398 2129/397/397
f 2245/2284/2284 2244/2283/2283 2246/2770/2770
f 2776/2875/2875 2821/2876/2876 2820/2877/2877 2775/2778/2778 2774/2878/2878
f 2258/398/398 2257/1182/1182 2259/2620/2620
f 2260/1181/1181 2262/2704/2704 2261/2619/2619
f 2710/2828/2828 2731/2879/2879 2725/2880/2880 2711/2827/2827
f 872/1848/1848 898/1883/1883 897/1898/1898 874/1843/1843 873/1845/1845
f 2785/2881/2881 2786/263/263 2729/266/266 2784/2718/2718
f 1154/2224/2224 1123/2329/2329 1124/2199/2199 1125/2201/2201 1152/2226/2226 1153/2225/2225
f 2376/2882/2882 2387/2883/2883 2379/2417/2417 2377/2884/2884 2367/1431/1431
f 793/1704/1704 794/1705/1705 789/1699/1699 788/1698/1698
f 2115/95/95 2273/94/94 2114/2390/2390
f 2273/94/94 2274/574/574 2114/2390/2390
f 1527/1764/1764 1526/1763/1763 1541/2589/2589 1540/2573/2573
f 277/2360/2360 279/700/700 129/355/355 278/2721/2721
f 1144/2221/2221 1145/471/471 1143/1294/1294 1142/1293/1293
f 2272/97/97 2271/1686/1686 2270/1867/1867
f 2279/572/572 2280/1678/1678 2278/2885/2885
f 2280/1678/1678 2281/381/381 2278/2885/2885
f 2278/2885/2885 2281/381/381 2277/1280/1280
f 2283/380/380 2285/379/379 2284/2617/2617
f 2284/2617/2617 2285/379/379 114/2714/2714
f 114/2714/2714 2285/379/379 115/292/292
f 2286/479/479 2287/480/480 116/293/293
f 116/293/293 2287/480/480 119/1330/1330
f 788/1698/1698 756/1652/1652 757/1653/1653 759/1655/1655
f 114/2714/2714 2107/1282/1282 2284/2617/2617
f 263/661/661 2287/480/480 2288/36/36
f 2286/479/479 2285/379/379 2289/378/378
f 2291/383/383 258/37/37 2292/384/384
f 2292/384/384 258/37/37 2288/36/36
f 2288/36/36 264/35/35 263/661/661
f 1478/2297/2297 1480/2423/2423 1426/1507/1507 1441/1506/1506 1442/2490/2490 1443/2491/2491 1451/565/565 1453/564/564 1462/990/990 1454/989/989 1450/2568/2568 1455/1963/1963 1449/1962/1962 1457/1961/1961 1458/1176/1176 1448/2168/2168 1444/2495/2495 1447/2167/2167 1476/2467/2467 1445/2466/2466 1446/2465/2465
f 2527/2189/2189 2529/454/454 2528/2601/2601 2519/2190/2190
f 1534/2558/2558 1492/2538/2538 1435/2486/2486 1491/2886/2886 1533/1205/1205 1536/1204/1204 1569/2594/2594 1570/2559/2559
f 990/1255/1255 1001/2053/2053 1000/2021/2021 999/2019/2019
f 1340/2855/2855 2140/645/645 1339/2432/2432 1337/505/505
f 258/37/37 2291/383/383 259/1952/1952
f 2291/383/383 2290/382/382 259/1952/1952
f 2290/382/382 2293/1679/1679 259/1952/1952
f 748/274/274 766/1665/1665 765/1661/1661 764/1660/1660
f 1150/1516/1516 1142/1293/1293 1138/1220/1220 1137/1219/1219 1133/2208/2208 1136/1517/1517
f 792/798/798 827/1590/1590 820/789/789 826/1736/1736
f 2852/2160/2160 2854/59/59 2853/1055/1055 2851/1058/1058
f 1863/2095/2095 1864/2204/2204 1862/2163/2163 1858/2096/2096
f 640/2320/2320 642/1524/1524 641/1502/1502 639/1509/1509
f 685/1560/1560 690/1558/1558 684/1548/1548 683/1547/1547
f 2304/2462/2462 2315/2091/2091 2303/2090/2090 2299/2156/2156 2301/1422/1422 2312/1421/1421 2313/1079/1079
f 8/884/884 10/31/31 9/56/56
f 559/1266/1266 555/1265/1265 556/1269/1269 558/1325/1325
f 1145/471/471 1158/1114/1114 1146/1579/1579 1143/1294/1294
f 2313/1079/1079 2312/1421/1421 2321/2690/2690
f 2695/2003/2003 2697/1392/1392 2693/2887/2887 2694/2888/2888
f 2311/1420/1420 2310/1946/1946 2323/2889/2889
f 27/73/73 28/72/72 26/71/71 25/70/70
f 2309/1744/1744 2324/1931/1931 2323/2889/2889 2310/1946/1946 2307/1745/1745
f 227/610/610 228/1455/1455 229/609/609 238/608/608 239/621/621 240/611/611
f 2325/1932/1932 2265/2723/2723 2326/2790/2790
f 2523/949/949 2525/693/693 2524/301/301 2522/1314/1314
f 2264/2703/2703 2263/2702/2702 2327/509/509
f 1406/2332/2332 1416/2331/2331 1415/2474/2474 1407/1445/1445
f 2260/1181/1181 2333/2832/2832 2332/1822/1822 2474/1821/1821 2473/2475/2475 2472/2025/2025 2331/2024/2024
f 2260/1181/1181 2256/1184/1184 2333/2832/2832
f 2609/615/615 2608/1248/1248 2618/1247/1247 2616/616/616
f 2254/1692/1692 2253/1693/1693 2334/2621/2621
f 2251/2840/2840 2335/2363/2363 2334/2621/2621 2253/1693/1693 2252/2649/2649
f 775/807/807 779/1680/1680 762/1658/1658 774/805/805
f 2250/2839/2839 2249/39/39 2336/2364/2364
f 2336/2364/2364 2249/39/39 2337/45/45
f 1009/2060/2060 1017/882/882 1002/2013/2013 1003/2022/2022
f 2860/1088/1088 2866/2191/2191 2865/2523/2523 2861/2251/2251
f 1945/2787/2787 283/1250/1250 1949/2535/2535 1948/2537/2537
f 2247/43/43 2339/2868/2868 2338/44/44
f 2338/44/44 2339/2868/2868 2340/2890/2890
f 2340/2890/2890 2339/2868/2868 2341/2891/2891
f 2339/2868/2868 2246/2770/2770 2341/2891/2891
f 2341/2891/2891 2246/2770/2770 2342/2640/2640
f 2246/2770/2770 2244/2283/2283 2342/2640/2640
f 2342/2640/2640 2244/2283/2283 2343/2315/2315
f 2244/2283/2283 2243/261/261 2343/2315/2315
f 2345/2110/2110 2212/2109/2109 2346/2747/2747
f 2660/2686/2686 2661/2685/2685 2662/2684/2684 2870/2892/2892
f 2330/2023/2023 2329/2321/2321 2470/2322/2322 2469/756/756 2328/1504/1504 2262/2704/2704 2260/1181/1181 2331/2024/2024
f 2191/238/238 2192/1697/1697 2350/2428/2428
f 2350/2428/2428 2192/1697/1697 2351/1696/1696
f 2352/1695/1695 2354/2893/2893 2353/555/555
f 2353/555/555 2354/2893/2893 2355/2784/2784
f 2354/2893/2893 2356/1134/1134 2355/2784/2784
f 2261/2619/2619 2264/2703/2703 2259/2620/2620
f 1511/741/741 1512/2210/2210 1509/1180/1180 1507/742/742
f 2346/2747/2747 2347/2746/2746 2345/2110/2110
f 2347/2746/2746 2349/1877/1877 2345/2110/2110
f 2357/2699/2699 2359/1430/1430 2355/2784/2784
f 2362/1433/1433 2365/1432/1432 2364/2588/2588
f 2367/1431/1431 2360/1136/1136 2368/1135/1135
f 2368/1135/1135 2356/1134/1134 2369/2614/2614
f 1037/2106/2106 1054/2108/2108 1036/2085/2085 929/1938/1938 930/2894/2894 1038/2895/2895 1040/2105/2105 1039/2107/2107
f 2355/2784/2784 2361/552/552 2353/555/555
f 212/541/541 215/544/544 2408/2276/2276 2407/2768/2768 2406/2246/2246
f 2375/2870/2870 2388/1048/1048 2387/2883/2883 2376/2882/2882 2368/1135/1135
f 2368/1135/1135 2376/2882/2882 2367/1431/1431
f 2367/1431/1431 2377/2884/2884 2378/2587/2587
f 2377/2884/2884 2379/2417/2417 2378/2587/2587
f 2379/2417/2417 2380/1994/1994 2378/2587/2587
f 2887/1933/1933 2885/2896/2896 2969/2045/2045 2888/2897/2897
f 2371/2613/2613 2372/2395/2395 2375/2870/2870
f 2375/2870/2870 2372/2395/2395 2381/2394/2394
f 1004/2898/2898 1005/2899/2899 1006/2846/2846 1007/2041/2041 1008/713/713 1031/2082/2082 1020/2206/2206
f 1693/2504/2504 1885/2774/2774 1884/929/929 1883/548/548
f 2373/2396/2396 2384/2900/2900 2383/2480/2480
f 2384/2900/2900 2385/2901/2901 2383/2480/2480
f 2385/2901/2901 2386/2481/2481 2383/2480/2480
f 2388/1048/1048 2375/2870/2870 2389/1049/1049
f 2375/2870/2870 2381/2394/2394 2389/1049/1049
f 2386/2481/2481 2385/2901/2901 2390/1492/1492
f 2385/2901/2901 2391/1493/1493 2390/1492/1492
f 2454/1077/1077 2448/2123/2123 2443/2122/2122 2447/2902/2902 2437/2903/2903 2438/2904/2904 2436/1209/1209 2319/1078/1078
f 2391/1493/1493 2393/1213/1213 2392/1215/1215
f 1276/2367/2367 1274/1638/1638 1282/2341/2341 1277/2375/2375
f 2394/451/451 2395/1214/1214 2396/452/452
f 1190/1412/1412 1191/2268/2268 1186/2263/2263
f 777/1691/1691 778/1682/1682 779/1680/1680 775/807/807 776/1742/1742
f 2397/2130/2130 2399/2905/2905 2398/2906/2906
f 2399/2905/2905 2401/2336/2336 2400/2335/2335
f 2401/2336/2336 2403/2469/2469 2402/2333/2333
f 2404/2379/2379 213/2247/2247 2405/2380/2380
f 213/2247/2247 2406/2246/2246 2405/2380/2380
f 2405/2380/2380 2406/2246/2246 2407/2768/2768
f 215/544/544 2409/2907/2907 2408/2276/2276
f 2409/2907/2907 2410/1956/1956 2408/2276/2276
f 96/30/30 16/46/46 10/31/31
f 2409/2907/2907 215/544/544 2412/2783/2783
f 215/544/544 216/545/545 2412/2783/2783
f 2412/2783/2783 216/545/545 2413/2780/2780
f 2413/2780/2780 236/598/598 2414/2908/2908
f 236/598/598 220/606/606 2414/2908/2908
f 2415/2782/2782 2416/2781/2781 2417/1921/1921
f 2417/1921/1921 2416/2781/2781 2418/1922/1922
f 1081/1361/1361 1083/2146/2146 1201/2230/2230 1082/1542/1542 1074/286/286
f 2418/1922/1922 2414/2908/2908 2419/2909/2909
f 2420/2834/2834 2419/2909/2909 2414/2908/2908 220/606/606 221/558/558 2422/1045/1045 2421/2403/2403
f 111/2708/2708 113/2713/2713 112/294/294
f 2412/2783/2783 2415/2782/2782 2409/2907/2907
f 2195/2414/2414 2211/2862/2862 2210/1621/1621 2196/2004/2004
f 2419/2909/2909 2420/2834/2834 2418/1922/1922
f 1855/2749/2749 1843/697/697 2143/810/810 2144/809/809 2142/2856/2856
f 2317/2093/2093 2314/2461/2461 2318/1208/1208 2436/1209/1209 2435/2910/2910 2439/2911/2911 2421/2403/2403 2422/1045/1045 2424/1044/1044
f 2774/2878/2878 2775/2778/2778 2772/2128/2128 2773/2127/2127
f 2429/1318/1318 2432/1323/1323 223/2571/2571
f 2042/773/773 2041/1397/1397 2069/2833/2833 2065/2756/2756
f 1417/2476/2476 1420/2479/2479 1418/2477/2477 1415/2474/2474
f 1051/2265/2265 1050/2131/2131 1072/285/285 1071/287/287 1070/2125/2125
f 2430/1319/1319 224/494/494 190/493/493
f 260/576/576 2294/575/575 2433/1321/1321
f 224/494/494 2429/1318/1318 223/2571/2571 194/490/490 195/492/492
f 927/1153/1153 929/1938/1938 931/1936/1936 923/1928/1928
f 822/1732/1732 826/1736/1736 821/1739/1739 818/219/219 806/223/223
f 1370/474/474 1372/2458/2458 1371/2460/2460 1369/466/466
f 593/224/224 596/235/235 595/1402/1402 594/225/225
f 2436/1209/1209 2438/2904/2904 2435/2910/2910
f 2438/2904/2904 2439/2911/2911 2435/2910/2910
f 2919/50/50 2847/49/49 2882/1951/1951
f 2440/2404/2404 2421/2403/2403 2439/2911/2911 2446/2912/2912
f 2443/2122/2122 2444/1924/1924 2442/1923/1923
f 1805/2137/2137 1790/2712/2712 1791/2710/2710 1792/101/101
f 2444/1924/1924 2423/2913/2913 2417/1921/1921
f 2439/2911/2911 2438/2904/2904 2437/2903/2903 2447/2902/2902 2446/2912/2912
f 2212/2109/2109 2214/260/260 2213/1622/1622 2211/2862/2862
f 2447/2902/2902 2443/2122/2122 2445/2914/2914 2441/2402/2402 2440/2404/2404 2446/2912/2912
f 2631/2915/2915 2646/2725/2725 2637/2701/2701 2636/1435/1435 2635/1434/1434
f 2449/2124/2124 2450/1953/1953 2444/1924/1924
f 2444/1924/1924 2450/1953/1953 2423/2913/2913
f 2423/2913/2913 2450/1953/1953 2409/2907/2907
f 2409/2907/2907 2450/1953/1953 2410/1956/1956
f 1906/410/410 1905/2859/2859 1910/2214/2214 1909/407/407
f 236/598/598 2413/2780/2780 216/545/545 218/551/551
f 2739/2916/2916 2740/2743/2743 2738/2917/2917 2737/2918/2918
f 2746/2863/2863 2747/1549/1549 2738/2917/2917 2740/2743/2743
f 1469/1086/1086 2858/671/671 1468/670/670 1463/2272/2272
f 253/639/639 249/637/637 251/258/258 252/257/257
f 2459/1930/1930 2451/1955/1955 2457/329/329 2322/328/328 2311/1420/1420 2323/2889/2889 2458/2919/2919 2324/1931/1931
f 2460/513/513 2459/1930/1930 2325/1932/1932
f 2325/1932/1932 2326/2790/2790 2460/513/513
f 2326/2790/2790 2327/509/509 2460/513/513
f 2461/511/511 2462/510/510 2463/2805/2805
f 2463/2805/2805 2462/510/510 2464/436/436
f 2464/436/436 2462/510/510 2465/437/437
f 1620/2409/2409 1621/2549/2549 1616/2551/2551 1617/2410/2410
f 2461/511/511 2463/2805/2805 2466/2804/2804
f 2463/2805/2805 2464/436/436 2467/439/439
f 2849/1056/1056 2853/1055/1055 2848/1175/1175 1461/1174/1174 1472/1188/1188
f 426/1007/1007 428/2867/2867 425/1005/1005
f 2476/1823/1823 2332/1822/1822 2333/2832/2832
f 348/836/836 352/854/854 346/1230/1230 345/830/830
f 2485/173/173 2534/172/172 2486/2457/2457
f 2751/1551/1551 2782/2920/2920 2749/2801/2801 2750/2800/2800
f 2477/1139/1139 2475/1824/1824 2482/1140/1140
f 191/496/496 160/423/423 159/426/426 164/428/428 184/475/475 186/477/477 185/2921/2921 189/497/497
f 1511/741/741 1505/744/744 1517/1367/1367
f 1385/538/538 1386/2540/2540 1381/2539/2539 1376/2605/2605 1354/2444/2444 1312/2345/2345 1311/1163/1163 1355/1162/1162 1356/1161/1161 1357/1160/1160 1374/534/534 1375/533/533 1382/540/540 1383/539/539
f 498/2922/2922 499/1341/1341 552/1303/1303 505/1037/1037 497/1036/1036
f 2857/672/672 2864/1076/1076 2802/289/289
f 2486/2457/2457 2487/751/751 2480/2546/2546
f 2490/1047/1047 2491/753/753 2489/752/752
f 644/709/709 643/1501/1501 662/1523/1523 661/706/706
f 743/1632/1632 744/1634/1634 741/1633/1633 742/1630/1630
f 1002/2013/2013 1017/882/882 1016/881/881 1010/2052/2052
f 2503/2806/2806 2502/302/302 2516/696/696 2519/2190/2190 2515/2600/2600
f 2492/754/754 2491/753/753 2496/1344/1344
f 1855/2749/2749 2142/2856/2856 1854/2792/2792 1845/2748/2748
f 1506/743/743 1507/742/742 1509/1180/1180 1508/2547/2547 1502/2548/2548 1503/2324/2324
f 1880/2761/2761 1940/1350/1350 1870/2318/2318 1869/2317/2317 1868/123/123 1346/122/122 1345/1715/1715 1344/1718/1718 1871/1981/1981
f 2468/438/438 2501/303/303 2467/439/439
f 2501/303/303 2502/302/302 2467/439/439
f 1784/2717/2717 1796/2716/2716 1802/2136/2136 1795/2138/2138 1783/2709/2709
f 2503/2806/2806 2504/512/512 2466/2804/2804
f 2466/2804/2804 2504/512/512 2461/511/511
f 1736/657/657 1740/1816/1816 1734/1852/1852 1735/2691/2691
f 2504/512/512 2505/1840/1840 2460/513/513
f 2616/616/616 2618/1247/1247 2617/2401/2401 2624/1890/1890
f 2507/2767/2767 2508/2381/2381 2407/2768/2768
f 2407/2768/2768 2508/2381/2381 2405/2380/2380
f 2404/2379/2379 2509/2378/2378 2402/2333/2333
f 2509/2378/2378 2510/2334/2334 2402/2333/2333
f 2510/2334/2334 2511/1903/1903 2400/2335/2335
f 2510/2334/2334 2509/2378/2378 2511/1903/1903
f 2509/2378/2378 2508/2381/2381 2511/1903/1903
f 820/789/789 815/793/793 816/221/221 819/1730/1730
f 2506/1841/1841 2505/1840/1840 2513/2311/2311
f 2514/2822/2822 2504/512/512 2515/2600/2600
f 2504/512/512 2503/2806/2806 2515/2600/2600
f 2517/1904/1904 2511/1903/1903 2512/2310/2310
f 2517/1904/1904 2513/2311/2311 2518/1905/1905
f 2513/2311/2311 2514/2822/2822 2518/1905/1905
f 2518/1905/1905 2514/2822/2822 2515/2600/2600
f 1778/2598/2598 2161/1012/1012 1777/1008/1008 1775/1011/1011
f 2500/1313/1313 2523/949/949 2522/1314/1314
f 2526/694/694 2527/2189/2189 2520/695/695
f 2527/2189/2189 2526/694/694 2529/454/454
f 2529/454/454 2526/694/694 2530/948/948
f 2526/694/694 2525/693/693 2530/948/948
f 2525/693/693 2523/949/949 2530/948/948
f 2523/949/949 2500/1313/1313 2497/950/950
f 2128/1183/1183 2257/1182/1182 2129/397/397 2124/2853/2853
f 2524/301/301 2521/300/300 2522/1314/1314
f 2531/946/946 2497/950/950 2532/2393/2393
f 2479/2387/2387 2480/2546/2546 2470/2322/2322 2471/2026/2026
f 2498/1345/1345 2499/1046/1046 2389/1049/1049
f 2388/1048/1048 2490/1047/1047 2387/2883/2883
f 2490/1047/1047 2486/2457/2457 2387/2883/2883
f 2387/2883/2883 2486/2457/2457 2533/2923/2923
f 2486/2457/2457 2534/172/172 2533/2923/2923
f 2534/172/172 2379/2417/2417 2533/2923/2923
f 2533/2923/2923 2379/2417/2417 2387/2883/2883
f 2536/2830/2830 2537/2829/2829 2535/2831/2831
f 1217/907/907 973/906/906 972/306/306 1216/2300/2300
f 2534/172/172 2538/2416/2416 2379/2417/2417
f 2938/2456/2456 2941/2438/2438 2937/2924/2924 2936/1974/1974 1395/1973/1973 1397/2240/2240
f 2364/2588/2588 2541/2623/2623 2363/553/553
f 2541/2623/2623 2542/2751/2751 2363/553/553
f 2363/553/553 2542/2751/2751 2374/554/554
f 2374/554/554 2543/2351/2351 2353/555/555
f 2353/555/555 2543/2351/2351 2351/1696/1696
f 2349/1877/1877 2545/2354/2354 2345/2110/2110
f 1426/1507/1507 1480/2423/2423 1440/2488/2488
f 983/2925/2925 985/2008/2008 984/1527/1527 981/1526/1526 982/1972/1972
f 2545/2354/2354 2544/2845/2845 2546/2355/2355
f 2350/2428/2428 2543/2351/2351 2546/2355/2355 2544/2845/2845
f 1932/77/77 1930/76/76 1883/548/548 1936/119/119 1935/118/118 1934/953/953 1933/952/952
f 2551/2639/2639 2552/2926/2926 2342/2640/2640
f 2552/2926/2926 2553/2927/2927 2342/2640/2640
f 2342/2640/2640 2553/2927/2927 2341/2891/2891
f 2553/2927/2927 2554/2928/2928 2341/2891/2891
f 2555/2365/2365 2337/45/45 2338/44/44 2340/2890/2890 2341/2891/2891 2554/2928/2928
f 2337/45/45 2555/2365/2365 2336/2364/2364
f 2508/2381/2381 2507/2767/2767 2512/2310/2310 2511/1903/1903
f 1271/2929/2929 1214/2449/2449 1273/2368/2368 1270/2930/2930
f 325/802/802 318/795/795 319/635/635 324/634/634
f 2675/2433/2433 2676/811/811 2669/2931/2931 2638/2700/2700 2637/2701/2701
f 2653/2932/2932 2647/2755/2755 2648/2754/2754 2649/2753/2753 2642/104/104 2641/108/108 2650/2933/2933 2651/1738/1738 1385/538/538
f 519/1239/1239 535/404/404 524/1830/1830 520/1296/1296
f 1849/2745/2745 1850/2497/2497 1856/2750/2750 1899/2243/2243 1898/2771/2771 1897/2772/2772
f 2555/2365/2365 2554/2928/2928 2558/2512/2512
f 2554/2928/2928 2553/2927/2927 2558/2512/2512
f 2553/2927/2927 2559/2622/2622 2558/2512/2512
f 2558/2512/2512 2559/2622/2622 2557/2513/2513
f 1376/2605/2605 1377/1669/1669 1390/1505/1505 1352/320/320 1354/2444/2444
f 2559/2622/2622 2560/2752/2752 2541/2623/2623
f 2541/2623/2623 2560/2752/2752 2542/2751/2751
f 2560/2752/2752 2561/2934/2934 2543/2351/2351
f 2543/2351/2351 2561/2934/2934 2547/2352/2352
f 1392/318/318 1401/1871/1871 1393/1985/1985 1351/319/319
f 2549/2697/2697 2562/2634/2634 2550/2637/2637
f 2550/2637/2637 2563/2636/2636 2551/2639/2639
f 2551/2639/2639 2563/2636/2636 2552/2926/2926
f 2563/2636/2636 2564/2635/2635 2552/2926/2926
f 2552/2926/2926 2564/2635/2635 2553/2927/2927
f 2553/2927/2927 2564/2635/2635 2559/2622/2622
f 2559/2622/2622 2564/2635/2635 2560/2752/2752
f 2564/2635/2635 2562/2634/2634 2560/2752/2752
f 2560/2752/2752 2562/2634/2634 2561/2934/2934
f 1555/1193/1193 1554/1196/1196 1550/1949/1949 1556/2275/2275
f 1950/1001/1001 2566/648/648 1949/2535/2535
f 2431/1320/1320 2430/1319/1319 190/493/493 189/497/497 185/2921/2921 186/477/477 260/576/576 2433/1321/1321
f 254/640/640 266/678/678 265/668/668
f 1783/2709/2709 1795/2138/2138 1794/203/203 1788/202/202
f 2029/366/366 2026/777/777 2027/776/776 2028/1115/1115
f 1189/1168/1168 1187/2262/2262 1188/2841/2841 1184/316/316 1105/315/315 1180/314/314 1107/313/313 1108/2818/2818 1183/2817/2817 1182/1918/1918 1181/1169/1169
f 2572/647/647 2571/650/650 2573/2543/2543
f 33/162/162 56/143/143 34/87/87 32/81/81
f 2810/1851/1851 2809/2047/2047 2808/288/288 2807/291/291 2806/1416/1416
f 1151/1515/1515 1161/1514/1514 1144/2221/2221 1142/1293/1293 1150/1516/1516
f 752/1648/1648 751/1647/1647 762/1658/1658 761/1681/1681
f 953/782/782 948/784/784 957/1613/1613 956/1612/1612
f 58/82/82 67/86/86 2578/448/448
f 67/86/86 62/164/164 2578/448/448
f 1589/2609/2609 1590/2764/2764 1587/1201/1201 1586/737/737 1584/736/736 1576/735/735 1591/2616/2616 1594/1495/1495 1601/1494/1494 1595/1567/1567
f 2579/447/447 71/195/195 2580/194/194
f 2578/448/448 2579/447/447 58/82/82
f 58/82/82 2579/447/447 59/83/83
f 2579/447/447 2580/194/194 59/83/83
f 649/247/247 648/1510/1510 654/1522/1522 653/1513/1513
f 651/733/733 2582/1408/1408 2581/1404/1404
f 353/849/849 355/855/855 384/924/924 354/1709/1709 341/850/850
f 1248/526/526 1247/1892/1892 2101/917/917 2102/2245/2245 2099/2847/2847
f 2398/2906/2906 2587/2811/2811 2589/453/453 2396/452/452 2397/2130/2130
f 2112/923/923 2109/1292/1292 2104/2851/2851 2110/2852/2852 2103/2244/2244 2111/916/916
f 1428/2452/2452 1429/1990/1990 1424/1872/1872 1425/322/322
f 2320/1080/1080 2584/331/331 2455/1081/1081
f 2455/1081/1081 2584/331/331 2456/330/330
f 2515/2600/2600 2585/1902/1902 2518/1905/1905
f 2585/1902/1902 2586/2812/2812 2398/2906/2906
f 2398/2906/2906 2586/2812/2812 2587/2811/2811
f 1989/149/149 1992/148/148 1991/2803/2803 1951/710/710 296/137/137 1952/1657/1657 1953/2793/2793
f 2588/2810/2810 2529/454/454 2589/453/453
f 2529/454/454 2530/948/948 2590/455/455
f 2591/450/450 2592/1491/1491 2392/1215/1215
f 2592/1491/1491 2593/2493/2493 2390/1492/1492
f 2390/1492/1492 2593/2493/2493 2386/2481/2481
f 2386/2481/2481 2593/2493/2493 2382/2392/2392
f 2593/2493/2493 2592/1491/1491 2530/948/948
f 2528/2601/2601 2529/454/454 2588/2810/2810
f 2392/1215/1215 2394/451/451 2591/450/450
f 2594/947/947 2531/946/946 2532/2393/2393
f 818/219/219 821/1739/1739 820/789/789 819/1730/1730
f 2613/486/486 2600/485/485 2596/911/911 2595/2067/2067 2611/2739/2739
f 1857/2094/2094 1846/343/343 1832/581/581 1831/2357/2357 1837/2356/2356 1854/2792/2792 1866/2203/2203 1865/2202/2202 1864/2204/2204 1863/2095/2095
f 2416/2781/2781 2413/2780/2780 2414/2908/2908 2418/1922/1922
f 739/1606/1606 726/1607/1607 741/1633/1633 740/1635/1635
f 985/2008/2008 983/2925/2925 1005/2899/2899 1004/2898/2898 1020/2206/2206 1030/2080/2080 1021/2063/2063 1019/2065/2065 1009/2060/2060 1003/2022/2022 988/2012/2012
f 351/181/181 356/875/875 355/855/855 352/854/854 348/836/836
f 2598/2935/2935 2603/2871/2871 2597/2936/2936
f 2603/2871/2871 2604/909/909 2597/2936/2936
f 384/924/924 382/913/913 385/938/938 354/1709/1709
f 2657/2843/2843 2606/2937/2937 2607/620/620 2605/2066/2066 2655/2068/2068 2656/2842/2842
f 158/427/427 160/423/423 156/422/422 157/400/400 149/388/388
f 2606/2937/2937 2608/1248/1248 2607/620/620
f 2608/1248/1248 2609/615/615 2607/620/620
f 1128/1587/1587 1127/1586/1586 1149/1585/1585 1140/1584/1584 1148/1583/1583 1155/1914/1914 1152/2226/2226 1125/2201/2201 1126/2200/2200
f 400/967/967 2068/1554/1554 398/1396/1396 397/771/771 399/965/965
f 2611/2739/2739 2595/2067/2067 2610/619/619 2615/1243/1243 2614/618/618 2612/481/481
f 1528/1731/1731 1540/2573/2573 1539/2070/2070 1529/1328/1328
f 2323/2889/2889 2324/1931/1931 2458/2919/2919
f 1330/1983/1983 1333/502/502 1329/501/501 1317/1984/1984
f 1797/2142/2142 1784/2717/2717 1782/2706/2706 1785/2707/2707
f 2217/1662/1662 2173/2858/2858 2174/10/10
f 2104/2851/2851 2109/1292/1292 2105/1291/1291 2094/1289/1289 108/1288/1288 107/1287/1287 109/2049/2049 2093/2048/2048 2098/2234/2234 2103/2244/2244
f 2608/1248/1248 2606/2937/2937 2621/1249/1249
f 2606/2937/2937 2622/2301/2301 2621/1249/1249
f 1334/504/504 1332/503/503 1340/2855/2855 1337/505/505
f 2218/2802/2802 2229/2779/2779 2240/2281/2281 2230/2286/2286 2226/2565/2565 2231/2564/2564 2220/2563/2563 2219/2583/2583 2156/2582/2582 2171/2662/2662
f 1215/2361/2361 993/2016/2016 994/2017/2017 995/2055/2055 996/2054/2054 1213/2450/2450 1214/2449/2449 1271/2929/2929
f 1166/2400/2400 2624/1890/1890 2617/2401/2401
f 2616/616/616 2624/1890/1890 2625/617/617
f 2625/617/617 2624/1890/1890 2626/1889/1889
f 1064/2116/2116 1052/2103/2103 1048/2099/2099 1051/2265/2265 1070/2125/2125 1069/1546/1546 1068/1545/1545 1067/1543/1543 1066/2118/2118
f 2626/1889/1889 2628/1888/1888 2625/617/617
f 2625/617/617 2628/1888/1888 2629/2938/2938
f 2629/2938/2938 2628/1888/1888 2630/2939/2939
f 2628/1888/1888 2631/2915/2915 2630/2939/2939
f 1809/1722/1722 1816/2498/2498 1817/2500/2500 1895/2669/2669 1815/1723/1723
f 2630/2939/2939 2631/2915/2915 2635/1434/1434 2632/483/483 2629/2938/2938
f 2632/483/483 2633/482/482 2629/2938/2938
f 2629/2938/2938 2633/482/482 2625/617/617
f 750/1646/1646 748/274/274 764/1660/1660 751/1647/1647
f 2356/1134/1134 2358/1137/1137 2357/2699/2699 2355/2784/2784
f 2638/2700/2700 2639/2510/2510 2634/484/484
f 2634/484/484 2639/2510/2510 2600/485/485
f 117/295/295 105/1676/1676 101/2198/2198 111/2708/2708 112/294/294
f 411/1297/1297 521/1831/1831 409/1244/1244 410/1240/1240
f 575/1376/1376 576/1356/1356 570/1355/1355 571/1351/1351
f 595/1402/1402 596/235/235 632/234/234 572/1352/1352
f 2644/2872/2872 2603/2871/2871 2598/2935/2935 2599/2940/2940 2601/2509/2509 2602/106/106 2643/105/105 2647/2755/2755 2653/2932/2932 2654/536/536 2645/910/910
f 1285/1728/1728 1286/112/112 1265/111/111 1275/1312/1312
f 2650/2933/2933 2641/108/108 2651/1738/1738
f 2643/105/105 2642/104/104 2649/2753/2753
f 1437/1991/1991 1484/2526/2526 1486/2532/2532 1487/2162/2162
f 1915/1776/1776 1916/2442/2442 1893/2776/2776 1912/1777/1777
f 1080/1784/1784 1081/1361/1361 1077/1360/1360 1079/1785/1785
f 2606/2937/2937 2657/2843/2843 2622/2301/2301
f 2657/2843/2843 2658/2302/2302 2622/2301/2301
f 2658/2302/2302 2657/2843/2843 2659/416/416
f 2151/1317/1317 2148/1316/1316 2144/809/809 1842/808/808 2150/834/834
f 2656/2842/2842 2655/2068/2068 1372/2458/2458
f 1372/2458/2458 2655/2068/2068 1371/2460/2460
f 2654/536/536 2653/2932/2932 1384/537/537
f 1384/537/537 2653/2932/2932 1385/538/538
f 196/1061/1061 162/424/424 163/425/425 191/496/496 192/495/495
f 414/991/991 516/866/866 517/865/865 413/992/992
f 2640/107/107 2639/2510/2510 2663/2249/2249
f 2663/2249/2249 2639/2510/2510 2664/2941/2941
f 2639/2510/2510 2665/2942/2942 2664/2941/2941
f 445/860/860 444/859/859 432/858/858 431/2309/2309 433/1463/1463
f 2667/2943/2943 2638/2700/2700 2669/2931/2931
f 41/120/120 42/1508/1508 39/110/110 40/109/109
f 1379/535/535 1374/534/534 1365/1386/1386 1373/467/467
f 1201/2230/2230 1014/567/567 1011/571/571 1016/881/881 1025/883/883 1026/2076/2076 1067/1543/1543
f 2639/2510/2510 2638/2700/2700 2665/2942/2942
f 2665/2942/2942 2638/2700/2700 2667/2943/2943
f 2672/828/828 2671/2850/2850 2673/825/825
f 2666/2809/2809 2674/2808/2808 2664/2941/2941
f 2674/2808/2808 2663/2249/2249 2664/2941/2941
f 928/1957/1957 930/2894/2894 929/1938/1938 927/1153/1153
f 2669/2931/2931 2676/811/811 2668/2807/2807
f 2676/811/811 2677/815/815 2668/2807/2807
f 1813/2501/2501 1835/2766/2766 1894/2671/2671 1893/2776/2776 1892/2765/2765
f 1011/571/571 1012/570/570 1000/2021/2021 1001/2053/2053
f 2675/2433/2433 2672/828/828 2681/2434/2434
f 982/1972/1972 1006/2846/2846 1005/2899/2899 983/2925/2925
f 2673/825/825 2684/2820/2820 2683/826/826
f 2686/2874/2874 2687/2595/2595 2682/827/827
f 2681/2434/2434 2688/2596/2596 2680/812/812
f 2688/2596/2596 2689/813/813 2680/812/812
f 1441/1506/1506 1390/1505/1505 1442/2490/2490
f 2689/813/813 2691/2944/2944 2690/580/580
f 2690/580/580 2691/2944/2944 2692/1395/1395
f 2691/2944/2944 2687/2595/2595 2692/1395/1395
f 2692/1395/1395 2687/2595/2595 2693/2887/2887
f 2687/2595/2595 2694/2888/2888 2693/2887/2887
f 2381/2394/2394 2532/2393/2393 2497/950/950 2498/1345/1345 2389/1049/1049
f 2695/2003/2003 2694/2888/2888 2696/2873/2873
f 2696/2873/2873 2694/2888/2888 2686/2874/2874
f 2694/2888/2888 2687/2595/2595 2686/2874/2874
f 2689/813/813 2688/2596/2596 2691/2944/2944
f 2688/2596/2596 2687/2595/2595 2691/2944/2944
f 2693/2887/2887 2697/1392/1392 2692/1395/1395
f 1565/2592/2592 1538/1127/1127 1539/2070/2070 1564/2591/2591
f 2692/1395/1395 2698/1394/1394 2690/580/580
f 2778/2945/2945 2817/2660/2660 2816/2254/2254 2779/2835/2835 2768/2838/2838 2769/2946/2946 2771/2126/2126 2770/2129/2129
f 2699/1439/1439 2700/1003/1003 2696/2873/2873
f 2696/2873/2873 2700/1003/1003 2695/2003/2003
f 2700/1003/1003 2701/2002/2002 2695/2003/2003
f 896/1862/1862 894/1885/1885 895/1884/1884 904/1897/1897 907/1863/1863
f 2229/2779/2779 2228/2674/2674 2215/259/259 2242/262/262
f 2685/2821/2821 2703/2947/2947 2699/1439/1439
f 2703/2947/2947 2704/1436/1436 2699/1439/1439
f 472/1720/1720 473/1024/1024 471/1157/1157
f 2699/1439/1439 2705/1438/1438 2706/1004/1004
f 2705/1438/1438 2707/559/559 2706/1004/1004
f 842/1896/1896 838/1481/1481 833/1760/1760 835/283/283 836/282/282 843/1790/1790
f 2708/562/562 2709/2948/2948 2700/1003/1003
f 2700/1003/1003 2709/2948/2948 2701/2002/2002
f 2709/2948/2948 2710/2828/2828 2701/2002/2002
f 2701/2002/2002 2710/2828/2828 2702/1393/1393
f 799/717/717 800/870/870 691/1561/1561 702/1571/1571 791/718/718
f 2698/1394/1394 2713/1142/1142 2690/580/580
f 2713/1142/1142 2714/577/577 2690/580/580
f 2400/2335/2335 2511/1903/1903 2585/1902/1902 2398/2906/2906 2399/2905/2905
f 2690/580/580 2715/579/579 2678/2340/2340
f 1728/2687/2687 1730/2689/2689 1729/2374/2374 1727/2683/2683 1726/2682/2682
f 482/1133/1133 488/1820/1820 480/1031/1031
f 2716/1771/1771 2715/579/579 2720/1598/1598
f 2600/485/485 2639/2510/2510 2601/2509/2509 2599/2940/2940
f 2714/577/577 2713/1142/1142 2721/578/578
f 2722/1141/1141 2713/1142/1142 2723/2050/2050
f 2713/1142/1142 2712/2694/2694 2723/2050/2050
f 2723/2050/2050 2712/2694/2694 2724/2949/2949
f 2712/2694/2694 2711/2827/2827 2724/2949/2949
f 2724/2949/2949 2711/2827/2827 2725/2880/2880
f 461/1097/1097 463/1206/1206 462/1267/1267 454/1085/1085 453/1083/1083
f 2699/1439/1439 2706/1004/1004 2700/1003/1003
f 2725/2880/2880 2726/2950/2950 2724/2949/2949
f 2724/2949/2949 2726/2950/2950 2723/2050/2050
f 2726/2950/2950 2727/2951/2951 2723/2050/2050
f 2723/2050/2050 2727/2951/2951 2728/2952/2952
f 2728/2952/2952 2727/2951/2951 2729/266/266
f 2727/2951/2951 2726/2950/2950 2729/266/266
f 2729/266/266 2726/2950/2950 2730/2719/2719
f 2726/2950/2950 2725/2880/2880 2730/2719/2719
f 2730/2719/2719 2725/2880/2880 2731/2879/2879
f 2731/2879/2879 2710/2828/2828 2732/2039/2039
f 2710/2828/2828 2709/2948/2948 2732/2039/2039
f 2732/2039/2039 2709/2948/2948 2733/2953/2953
f 2709/2948/2948 2708/562/562 2733/2953/2953
f 2733/2953/2953 2708/562/562 2734/561/561
f 2707/559/559 2705/1438/1438 2735/560/560
f 2733/2953/2953 2734/561/561 2732/2039/2039
f 2734/561/561 2737/2918/2918 2736/2037/2037
f 2736/2037/2037 2737/2918/2918 2738/2917/2917
f 2739/2916/2916 2735/560/560 2740/2743/2743
f 2741/2742/2742 2705/1438/1438 2742/2865/2865
f 2705/1438/1438 2743/2135/2135 2742/2865/2865
f 755/1651/1651 756/1652/1652 714/1592/1592 715/1594/1594
f 2814/2629/2629 2812/2954/2954 2813/264/264 2786/263/263
f 2741/2742/2742 2745/2864/2864 2740/2743/2743
f 2745/2864/2864 2746/2863/2863 2740/2743/2743
f 1271/2929/2929 1270/2930/2930 1273/2368/2368 1272/2369/2369 1285/1728/1728 1275/1312/1312 1261/1311/1311 1262/1310/1310 612/1309/1309 1263/1451/1451 1238/1429/1429 1266/1428/1428 1267/1427/1427 1269/2869/2869 1268/2362/2362 1215/2361/2361
f 2747/1549/1549 2748/2799/2799 2738/2917/2917
f 2738/2917/2917 2748/2799/2799 2736/2037/2037
f 2736/2037/2037 2748/2799/2799 2749/2801/2801
f 2859/1089/1089 2862/2280/2280 2863/1075/1075 2858/671/671 1469/1086/1086
f 2750/2800/2800 2747/1549/1549 2751/1551/1551
f 2268/2154/2154 2305/1425/1425 2302/1424/1424 2269/2155/2155
f 2752/1374/1374 2753/1274/1274 2754/2955/2955
f 2754/2955/2955 2753/1274/1274 2755/1273/1273
f 2757/2956/2956 2743/2135/2135 2758/2134/2134
f 1488/985/985 1493/981/981 1490/980/980 1532/979/979 1533/1205/1205 1491/2886/2886 1435/2486/2486 1432/1858/1858 1430/1993/1993 1431/1992/1992 1436/2631/2631 1489/2161/2161
f 2735/560/560 2739/2916/2916 2734/561/561
f 2734/561/561 2739/2916/2916 2737/2918/2918
f 2744/1271/1271 2753/1274/1274 2746/2863/2863
f 2746/2863/2863 2753/1274/1274 2747/1549/1549
f 2759/2056/2056 2743/2135/2135 2705/1438/1438
f 2760/2133/2133 2759/2056/2056 2761/2058/2058
f 2762/2057/2057 2763/1437/1437 2704/1436/1436
f 2761/2058/2058 2762/2057/2057 2764/2957/2957
f 2762/2057/2057 2704/1436/1436 2764/2957/2957
f 2754/2955/2955 2765/2836/2836 2752/1374/1374
f 2765/2836/2836 2766/1372/1372 2752/1374/1374
f 37/98/98 284/1403/1403 283/1250/1250 282/705/705
f 2767/2837/2837 2769/2946/2946 2768/2838/2838
f 2855/58/58 2856/2848/2848 2853/1055/1055 2854/59/59
f 421/998/998 423/999/999 422/687/687 420/686/686
f 2777/2777/2777 2778/2945/2945 2770/2129/2129
f 329/629/629 1971/627/627 1966/2073/2073 328/2072/2072 322/796/796 330/630/630
f 1230/298/298 1228/669/669 1229/2314/2314 1216/2300/2300
f 2781/1550/1550 2782/2920/2920 2751/1551/1551
f 2782/2920/2920 2783/2038/2038 2749/2801/2801
f 2749/2801/2801 2783/2038/2038 2736/2037/2037
f 2732/2039/2039 2783/2038/2038 2731/2879/2879
f 2731/2879/2879 2783/2038/2038 2730/2719/2719
f 43/2121/2121 301/2494/2494 295/734/734 42/1508/1508
f 2786/263/263 2785/2881/2881 2787/2627/2627
f 2787/2627/2627 2785/2881/2881 2788/2628/2628
f 2785/2881/2881 2784/2718/2718 2788/2628/2628
f 2788/2628/2628 2784/2718/2718 2781/1550/1550
f 2781/1550/1550 2784/2718/2718 2782/2920/2920
f 2784/2718/2718 2783/2038/2038 2782/2920/2920
f 691/1561/1561 800/870/870 687/873/873 690/1558/1558
f 2729/266/266 2789/265/265 2728/2952/2952
f 2789/265/265 2790/2958/2958 2728/2952/2952
f 2728/2952/2952 2790/2958/2958 2723/2050/2050
f 2790/2958/2958 2791/1418/1418 2723/2050/2050
f 2791/1418/1418 2790/2958/2958 2792/2959/2959
f 2790/2958/2958 2789/265/265 2792/2959/2959
f 2789/265/265 2793/2960/2960 2792/2959/2959
f 2834/2961/2961 2831/1234/1234 2835/954/954 2833/957/957
f 2796/1103/1103 2797/2337/2337 2721/578/578
f 2721/578/578 2797/2337/2337 2719/1597/1597
f 916/1920/1920 892/602/602 893/1791/1791 910/1795/1795 915/1916/1916 914/1912/1912
f 2799/588/588 2800/587/587 2674/2808/2808
f 2800/587/587 2663/2249/2249 2674/2808/2808
f 2512/2310/2310 2507/2767/2767 2411/1842/1842 2506/1841/1841 2513/2311/2311
f 2798/586/586 2801/2250/2250 2800/587/587
f 2801/2250/2250 2798/586/586 2802/289/289
f 2798/586/586 2797/2337/2337 2802/289/289
f 2802/289/289 2797/2337/2337 2803/290/290
f 2797/2337/2337 2796/1103/1103 2803/290/290
f 2796/1103/1103 2805/2962/2962 2804/1102/1102
f 2804/1102/1102 2805/2962/2962 2806/1416/1416
f 2805/2962/2962 2795/1417/1417 2806/1416/1416
f 2795/1417/1417 2805/2962/2962 2796/1103/1103
f 2806/1416/1416 2807/291/291 2804/1102/1102
f 517/865/865 511/864/864 538/853/853 537/852/852 523/2081/2081 412/1241/1241 410/1240/1240 413/992/992
f 2743/2135/2135 2757/2956/2956 2756/1272/1272 2744/1271/1271 2742/2865/2865
f 2806/1416/1416 2794/1419/1419 2811/1849/1849
f 2794/1419/1419 2793/2960/2960 2811/1849/1849
f 2811/1849/1849 2793/2960/2960 2812/2954/2954
f 2793/2960/2960 2789/265/265 2812/2954/2954
f 2812/2954/2954 2789/265/265 2813/264/264
f 2786/263/263 2787/2627/2627 2814/2629/2629
f 2932/2253/2253 2933/1766/1766 2931/64/64 2930/63/63 2816/2254/2254
f 1904/2769/2769 1910/2214/2214 1905/2859/2859 1900/2242/2242 1867/820/820 1901/348/348
f 2780/1373/1373 2779/2835/2835 2816/2254/2254
f 2778/2945/2945 2777/2777/2777 2817/2660/2660
f 2818/2963/2963 2819/2964/2964 2820/2877/2877
f 2819/2964/2964 2775/2778/2778 2820/2877/2877
f 2664/2941/2941 2665/2942/2942 2667/2943/2943 2669/2931/2931 2668/2807/2807 2666/2809/2809
f 2821/2876/2876 2776/2875/2875 2822/1232/1232
f 2776/2875/2875 2823/1233/1233 2822/1232/1232
f 2823/1233/1233 2825/1194/1194 2824/595/595
f 2824/595/595 2825/1194/1194 2826/596/596
f 2814/2629/2629 2828/2216/2216 2812/2954/2954
f 2812/2954/2954 2828/2216/2216 2811/1849/1849
f 2815/2524/2524 2828/2216/2216 2814/2629/2629
f 2817/2660/2660 2818/2963/2963 2820/2877/2877
f 2434/2572/2572 2432/1323/1323 2295/1322/1322 2296/2157/2157 2298/2089/2089 2427/2088/2088 2428/2569/2569
f 2822/1232/1232 2831/1234/1234 2821/2876/2876
f 2821/2876/2876 2831/1234/1234 2820/2877/2877
f 2831/1234/1234 2832/2659/2659 2820/2877/2877
f 2820/2877/2877 2832/2659/2659 2817/2660/2660
f 1367/1806/1806 1365/1386/1386 1364/1173/1173 1363/1172/1172 1174/1807/1807
f 2832/2659/2659 2834/2961/2961 2833/957/957
f 1811/1725/1725 1814/1724/1724 1835/2766/2766 1813/2501/2501
f 807/222/222 816/221/221 808/1719/1719 662/1523/1523 663/1525/1525
f 2830/594/594 2829/597/597 2835/954/954
f 2829/597/597 1556/2275/2275 2836/955/955
f 2836/955/955 1556/2275/2275 2837/2295/2295
f 1556/2275/2275 1552/2274/2274 2837/2295/2295
f 1682/2763/2763 1686/2760/2760 1680/2656/2656 1681/2658/2658
f 1552/2274/2274 1547/2579/2579 2839/2293/2293
f 2839/2293/2293 1547/2579/2579 2840/2610/2610
f 1546/2578/2578 1517/1367/1367 2841/1366/1366
f 460/1095/1095 455/1090/1090 451/1082/1082 450/1468/1468
f 1563/2590/2590 1540/2573/2573 1541/2589/2589 1560/1443/1443
f 2886/1935/1935 2843/1934/1934 2844/2463/2463 2884/2046/2046 2969/2045/2045 2885/2896/2896
f 1882/79/79 1931/78/78 1881/1349/1349 1688/549/549
f 2829/597/597 1555/1193/1193 1556/2275/2275
f 2831/1234/1234 2834/2961/2961 2832/2659/2659
f 2217/1662/1662 2218/2802/2802 2172/2575/2575 2173/2858/2858
f 2920/2483/2483 2915/1339/1339 2916/1338/1338 2918/2484/2484
f 2808/288/288 1466/2271/2271 1463/2272/2272 1467/673/673 2857/672/672 2802/289/289
f 1472/1188/1188 2850/1057/1057 2849/1056/1056
f 1166/2400/2400 1168/411/411 1164/1520/1520 1162/1519/1519 1135/1518/1518 1163/2965/2965 1165/2966/2966
f 1217/907/907 1229/2314/2314 1228/669/669 1218/655/655
f 1755/2520/2520 1758/156/156 1754/155/155 1751/2218/2218
f 1038/2895/2895 1041/2849/2849 1040/2105/2105
f 2856/2848/2848 2848/1175/1175 2853/1055/1055
f 2095/2824/2824 2096/664/664 3/663/663 4/125/125 1946/2791/2791 1945/2787/2787 1948/2537/2537 2576/528/528 2577/527/527 1248/526/526 2099/2847/2847
f 447/1465/1465 448/1467/1467 446/1466/1466
f 1399/1959/1959 1408/1448/1448 1398/1987/1987 1394/1986/1986
f 579/2398/2398 565/1368/1368 566/1343/1343 578/2399/2399
f 1849/2745/2745 1817/2500/2500 1819/1864/1864 1848/582/582
f 1810/2734/2734 1807/2502/2502 1806/2727/2727 1808/2733/2733
f 1741/1853/1853 1729/2374/2374 1730/2689/2689 1731/2688/2688 1732/1854/1854
f 2864/1076/1076 2857/672/672 2858/671/671
f 2802/289/289 2863/1075/1075 2801/2250/2250
f 1066/2118/2118 1027/2077/2077 1065/1460/1460 1064/2116/2116
f 456/1092/1092 453/1083/1083 451/1082/1082 455/1090/1090
f 1387/1369/1369 2660/2686/2686 2868/1370/1370
f 2869/2521/2521 2866/2191/2191 2867/1371/1371 2868/1370/1370 2660/2686/2686 2870/2892/2892 2662/2684/2684 2663/2249/2249 2871/2248/2248 2861/2251/2251 2865/2523/2523 2872/2522/2522
f 2415/2782/2782 2417/1921/1921 2423/2913/2913 2409/2907/2907
f 2944/1540/1540 2943/1377/1377 2956/1382/1382 2952/1909/1909 2945/1541/1541
f 583/848/848 584/5/5 575/1376/1376 582/1375/1375
f 2484/171/171 2481/174/174 2482/1140/1140
f 2873/60/60 2809/2047/2047 2875/61/61
f 1452/566/566 2867/1371/1371 1465/1087/1087 1464/563/563
f 2876/1850/1850 2811/1849/1849 2877/1966/1966
f 1312/2345/2345 1353/1999/1999 1296/2289/2289
f 2876/1850/1850 2877/1966/1966 2875/61/61
f 2562/2634/2634 2549/2697/2697 2548/2353/2353 2547/2352/2352 2561/2934/2934
f 2879/2644/2644 2880/2643/2643 2874/57/57
f 2880/2643/2643 2881/2814/2814 2874/57/57
f 2874/57/57 2881/2814/2814 2855/58/58
f 2316/2092/2092 2315/2091/2091 2304/2462/2462 2314/2461/2461 2317/2093/2093
f 1088/2152/2152 1098/2174/2174 1085/1786/1786 1087/2150/2150
f 2887/1933/1933 2888/2897/2897 2841/1366/1366
f 2841/1366/1366 2888/2897/2897 2840/2610/2610
f 2888/2897/2897 2889/2759/2759 2840/2610/2610
f 2840/2610/2610 2889/2759/2759 2839/2293/2293
f 2885/2896/2896 2887/1933/1933 2886/1935/1935
f 2878/1965/1965 2877/1966/1966 2890/2651/2651
f 2877/1966/1966 2891/2652/2652 2890/2651/2651
f 2892/2650/2650 2925/2678/2678 2924/2826/2826 2923/2645/2645 2879/2644/2644
f 2888/2897/2897 2893/2758/2758 2889/2759/2759
f 2894/1645/1645 2895/1644/1644 2839/2293/2293
f 2839/2293/2293 2895/1644/1644 2838/2294/2294
f 2895/1644/1644 2896/1643/1643 2838/2294/2294
f 2896/1643/1643 2897/2967/2967 2838/2294/2294
f 2838/2294/2294 2897/2967/2967 2837/2295/2295
f 2837/2295/2295 2897/2967/2967 2836/955/955
f 2897/2967/2967 2898/1301/1301 2836/955/955
f 1519/2577/2577 1512/2210/2210 1511/741/741 1518/2552/2552 1545/1333/1333
f 2899/956/956 2900/2252/2252 2833/957/957
f 2794/1419/1419 2791/1418/1418 2792/2959/2959 2793/2960/2960
f 2900/2252/2252 2899/956/956 2902/2277/2277
f 2902/2277/2277 2899/956/956 2903/1302/1302
f 2903/1302/1302 2898/1301/1301 2904/2278/2278
f 2898/1301/1301 2905/2968/2968 2904/2278/2278
f 2904/2278/2278 2905/2968/2968 2906/2825/2825
f 2907/2816/2816 2905/2968/2968 2908/2042/2042
f 2905/2968/2968 2897/2967/2967 2908/2042/2042
f 2908/2042/2042 2897/2967/2967 2909/2212/2212
f 2897/2967/2967 2896/1643/1643 2909/2212/2212
f 2896/1643/1643 2901/1642/1642 2909/2212/2212
f 2909/2212/2212 2901/1642/1642 2910/2211/2211
f 2901/1642/1642 2894/1645/1645 2910/2211/2211
f 2893/2758/2758 2911/2044/2044 2910/2211/2211
f 2910/2211/2211 2911/2044/2044 2912/2043/2043
f 2441/2402/2402 2445/2914/2914 2443/2122/2122 2442/1923/1923
f 2914/1340/1340 2915/1339/1339 2908/2042/2042
f 2908/2042/2042 2915/1339/1339 2907/2816/2816
f 2905/2968/2968 2898/1301/1301 2897/2967/2967
f 132/352/352 133/356/356 84/211/211 131/344/344
f 2916/1338/1338 2917/1337/1337 2918/2484/2484
f 965/1611/1611 979/2010/2010 978/2007/2007 977/2006/2006
f 634/6/6 635/248/248 633/1405/1405 592/7/7
f 2275/573/573 2279/572/572 2278/2885/2885 2277/1280/1280 2276/1279/1279
f 1259/114/114 1258/1054/1054 1255/1053/1053 1254/1052/1052 1249/723/723 1240/722/722 1239/729/729 546/728/728 547/2062/2062 506/2059/2059 503/862/862 504/1210/1210 548/1270/1270 604/1390/1390 605/1306/1306 606/1305/1305 610/1304/1304 1260/115/115
f 2881/2814/2814 2921/2815/2815 2915/1339/1339
f 2915/1339/1339 2921/2815/2815 2907/2816/2816
f 496/1035/1035 498/2922/2922 497/1036/1036
f 2907/2816/2816 2922/2646/2646 2923/2645/2645
f 2079/406/406 533/402/402 534/401/401
f 938/1575/1575 939/715/715 919/1925/1925 920/1576/1576
f 2924/2826/2826 2906/2825/2825 2923/2645/2645
f 2881/2814/2814 2880/2643/2643 2921/2815/2815
f 2892/2650/2650 2891/2652/2652 2925/2678/2678
f 2926/1767/1767 2877/1966/1966 2927/2217/2217
f 2927/2217/2217 2828/2216/2216 2928/66/66
f 2828/2216/2216 2815/2524/2524 2928/66/66
f 2928/66/66 2815/2524/2524 2929/62/62
f 2815/2524/2524 2930/63/63 2929/62/62
f 2900/2252/2252 2902/2277/2277 2932/2253/2253
f 2902/2277/2277 2933/1766/1766 2932/2253/2253
f 2600/485/485 2599/2940/2940 2598/2935/2935 2597/2936/2936 2604/909/909 2596/911/911
f 2928/66/66 2934/65/65 2927/2217/2217
f 2927/2217/2217 2934/65/65 2926/1767/1767
f 2926/1767/1767 2933/1766/1766 2935/2969/2969
f 2933/1766/1766 2904/2278/2278 2935/2969/2969
f 2935/2969/2969 2904/2278/2278 2925/2678/2678
f 2925/2678/2678 2926/1767/1767 2935/2969/2969
f 2322/328/328 2584/331/331 2321/2690/2690 2312/1421/1421
f 1655/1379/1379 2936/1974/1974 2937/2924/2924
f 2907/2816/2816 2923/2645/2645 2906/2825/2825 2905/2968/2968
f 1581/499/499 1588/2608/2608 1420/2479/2479 1580/2606/2606 1582/500/500
f 2618/1247/1247 2619/414/414 2623/413/413 2617/2401/2401
f 2941/2438/2438 2942/1380/1380 2937/2924/2924
f 2937/2924/2924 2942/1380/1380 1655/1379/1379
f 964/1610/1610 963/1529/1529 980/1528/1528 979/2010/2010 965/1611/1611
f 709/1120/1120 699/1564/1564 710/1605/1605 708/1121/1121
f 535/404/404 525/403/403 522/1245/1245 409/1244/1244 521/1831/1831 524/1830/1830
f 1646/1073/1073 2947/2192/2192 1625/1074/1074
f 2947/2192/2192 2948/2382/2382 1625/1074/1074
f 1619/2408/2408 2947/2192/2192 2949/1911/1911
f 1598/254/254 2959/253/253 2958/2519/2519 1411/2239/2239
f 2949/1911/1911 2950/1910/1910 1619/2408/2408
f 1619/2408/2408 2950/1910/1910 1620/2409/2409
f 1036/2085/2085 1057/88/88 1035/91/91 932/1937/1937
f 2942/1380/1380 2941/2438/2438 2957/2437/2437
f 795/1706/1706 822/1732/1732 823/1733/1733 796/1707/1707
f 2777/2777/2777 2775/2778/2778 2819/2964/2964 2818/2963/2963 2817/2660/2660
f 1877/1800/1800 1676/1799/1799 1678/2655/2655 1687/2657/2657 1878/2762/2762 1879/1980/1980
f 1614/2256/2256 2962/1673/1673 2963/1675/1675
f 2595/2067/2067 2605/2066/2066 2607/620/620 2610/619/619
f 255/642/642 261/38/38 256/660/660 247/643/643
f 1614/2256/2256 2963/1675/1675 1618/2290/2290
f 1618/2290/2290 2963/1675/1675 1610/2270/2270
f 2966/2269/2269 2967/252/252 2968/376/376 1607/375/375 2965/2101/2101
f 1599/251/251 1600/377/377 2967/252/252
f 2967/252/252 1600/377/377 2968/376/376
f 944/1944/1944 943/714/714 1007/2041/2041 1006/2846/2846
f 1325/944/944 2118/1689/1689 1324/2813/2813 1321/2424/2424 1326/945/945
f 2717/1772/1772 2719/1597/1597 2718/589/589 2799/588/588 2674/2808/2808
f 265/668/668 120/1094/1094 263/661/661
f 1919/2618/2618 1888/888/888 1701/1126/1126 1889/2237/2237 1918/2236/2236
f 2071/241/241 530/1260/1260 531/1261/1261 2083/2625/2625
f 2659/416/416 1372/2458/2458 1169/417/417
f 2917/1337/1337 2913/1336/1336 2884/2046/2046
f 458/1096/1096 453/1083/1083 456/1092/1092 457/1091/1091 460/1095/1095 459/1109/1109
f 2911/2044/2044 2893/2758/2758 2969/2045/2045
f 2893/2758/2758 2888/2897/2897 2969/2045/2045
f 2281/381/381 2283/380/380 2282/1281/1281 2277/1280/1280
f 530/1260/1260 2071/241/241 2063/187/187 2067/1556/1556
