# Blender 4.4.0
# www.blender.org
mtllib Covered6.mtl
o Covered6
v 0.295090 1.445457 0.199731
v 0.248043 1.720383 0.188122
v 0.253924 1.685165 0.203048
v 0.223050 1.913513 0.192268
v 0.216434 1.933962 0.199731
v 0.211288 1.913513 0.208023
v 0.373010 0.926280 0.211340
v 0.370070 0.967178 0.200560
v 0.428877 0.671803 0.203048
v 0.390652 0.843347 0.192268
v 0.427407 0.602503 0.195585
v 0.436963 0.609320 0.205536
v 0.459752 0.493442 0.218803
v 0.429612 0.632041 0.214657
v 0.448725 0.471857 0.234557
v 0.416381 0.644538 0.221290
v 0.342871 1.035341 0.219632
v 0.280388 1.305722 0.232070
v 0.436228 0.432095 0.247825
v 0.492831 0.359387 0.232899
v 0.361984 0.536612 0.250312
v 0.301706 0.708157 0.280993
v 0.262745 1.160307 0.256946
v 0.280388 0.787681 0.283480
v 0.402414 0.032203 0.322453
v 0.334785 0.261686 0.319965
v 0.311997 0.345755 0.313331
v 0.331109 0.081053 0.327428
v 0.359778 0.027659 0.332403
v 0.414176 0.012890 0.324940
v 0.347282 0.002665 0.344841
v 0.336990 0.015162 0.335720
v 0.506063 0.273047 0.256946
v 0.533261 0.244646 0.252800
v 0.470043 0.198067 0.274359
v 0.514884 0.288952 0.233728
v 0.470043 0.416190 0.205536
v 0.541347 0.228741 0.250312
v 0.541347 0.221924 0.265238
v 0.479599 0.087870 0.295089
v 0.472248 0.017434 0.328257
v 0.445785 0.001529 0.336549
v 0.540612 0.007210 0.374692
v 0.509003 -0.000743 0.380497
v 0.492831 0.084462 0.307527
v 0.536937 0.170802 0.310015
v 0.531056 0.084462 0.338207
v 0.555314 0.076509 0.360596
v 0.568546 0.169666 0.325769
v 0.556049 0.192387 0.307527
v 0.582513 0.176482 0.320794
v 0.571486 0.168530 0.295089
v 0.603095 0.135584 0.348158
v 0.589864 0.103775 0.330745
v 0.556784 0.173074 0.268555
v 0.586923 0.175346 0.360596
v 0.601625 0.168530 0.364742
v 0.580308 0.144673 0.378838
v 0.561195 0.029931 0.387959
v 0.583248 0.037883 0.412835
v 0.552374 0.001529 0.402056
v 0.564135 0.021978 0.480000
v 0.542082 0.001529 0.508193
v 0.555314 -0.000743 0.606039
v 0.128222 -0.000743 0.558774
v 0.126752 0.000393 0.489951
v 0.105434 0.011754 0.551312
v 0.173798 0.003802 0.444345
v 0.138514 0.008346 0.443516
v 0.182620 0.021978 0.410348
v 0.592069 0.060604 0.402056
v 0.103229 0.033339 0.549653
v 0.119401 0.043564 0.492439
v 0.111315 0.049244 0.551312
v 0.122342 0.050380 0.538874
v 0.174534 0.044700 0.465075
v 0.194381 0.043564 0.563750
v 0.134838 0.062877 0.468392
v 0.139249 0.075373 0.412006
v 0.148070 0.079917 0.416981
v 0.181885 0.065149 0.430249
v 0.194381 0.057196 0.498243
v 0.185560 0.106047 0.402885
v 0.194381 0.083326 0.483317
v 0.204673 0.058332 0.567066
v 0.203203 0.082189 0.572871
v 0.156156 0.149217 0.355621
v 0.131163 0.044700 0.421957
v 0.147335 0.049244 0.395422
v 0.182620 0.057196 0.383813
v 0.151010 0.095822 0.363913
v 0.159096 0.194659 0.326599
v 0.164977 0.273047 0.328257
v 0.169388 0.424143 0.304210
v 0.183355 0.236693 0.362254
v 0.167183 0.654762 0.275188
v 0.167918 0.371884 0.290943
v 0.174534 0.535476 0.319965
v 0.165712 0.669531 0.310844
v 0.156891 0.830851 0.255287
v 0.176739 0.657034 0.247825
v 0.184090 0.433231 0.269384
v 0.166447 0.176482 0.324111
v 0.182620 0.110591 0.353962
v 0.319348 0.043564 0.328257
v 0.205408 0.220788 0.308356
v 0.272301 0.361659 0.292601
v 0.232606 0.708157 0.261092
v 0.167918 2.008942 0.198902
v 0.170123 2.114595 0.195585
v 0.183355 2.099826 0.193098
v 0.188500 2.112323 0.181489
v 0.199527 2.021438 0.174026
v 0.212023 1.861254 0.174026
v 0.248779 1.665852 0.183976
v 0.342136 1.072831 0.188952
v 0.384771 0.813810 0.188122
v 0.400209 0.642265 0.193927
v 0.339931 1.002395 0.188122
v 0.308321 1.194389 0.189781
v 0.273037 1.362525 0.187293
v 0.243633 1.613594 0.182318
v 0.226725 1.557927 0.179001
v 0.207613 1.711295 0.164905
v 0.195851 1.971452 0.140029
v 0.187030 2.107779 0.159930
v 0.176004 2.237289 0.158271
v 0.166447 2.240697 0.180660
v 0.145865 2.248650 0.188952
v 0.156891 1.678349 0.199731
v 0.182620 1.312539 0.212998
v 0.229666 0.533204 0.265238
v 0.188500 0.644538 0.242850
v 0.132633 1.797635 0.204706
v 0.135573 1.117137 0.252800
v 0.142924 0.941048 0.273530
v 0.153951 0.601367 0.344012
v 0.164242 0.458224 0.358108
v 0.177474 0.217380 0.393764
v 0.181149 0.145809 0.411177
v 0.184090 0.110591 0.469221
v 0.159096 0.085598 0.562091
v 0.162037 0.048108 0.588626
v 0.156891 0.061740 0.596088
v 0.151746 0.128768 0.515656
v 0.157626 0.137856 0.470879
v 0.163507 0.174210 0.426932
v 0.130428 1.613594 0.214657
v 0.144395 0.178754 0.470879
v 0.145130 0.218516 0.438541
v 0.141454 0.287816 0.423615
v 0.145130 0.271911 0.445174
v 0.150275 0.177618 0.504876
v 0.146600 0.465041 0.376351
v 0.152481 0.136720 0.553799
v 0.178209 0.075373 0.603551
v 0.184090 0.203748 0.537215
v 0.180414 0.093550 0.608526
v 0.185560 0.298040 0.497414
v 0.181149 0.288952 0.481659
v 0.157626 0.224197 0.489122
v 0.178944 0.152625 0.588626
v 0.164242 0.106047 0.611843
v 0.167183 0.188979 0.577846
v 0.126017 0.211700 0.579504
v 0.176739 0.282135 0.518144
v 0.112785 0.228741 0.575358
v 0.137779 0.089006 0.609356
v 0.107640 0.167394 0.585309
v 0.112050 0.064013 0.591942
v 0.095143 0.195795 0.567896
v 0.083382 0.026523 0.554628
v 0.067944 0.050380 0.538044
v 0.054713 0.011754 0.536386
v 0.020163 0.140128 0.520631
v 0.023839 0.046972 0.521460
v 0.002521 0.137856 0.517314
v 0.019428 0.007210 0.525607
v -0.002625 0.111727 0.525607
v 0.009872 0.010618 0.543020
v -0.001890 0.128768 0.533898
v 0.009872 0.020842 0.553799
v 0.009137 0.112863 0.550482
v 0.026044 0.050380 0.577017
v 0.015017 0.303721 0.543849
v 0.029719 0.067421 0.591942
v 0.029719 0.009482 0.519802
v -0.026148 0.669531 0.479171
v -0.025413 0.674075 0.474196
v -0.001890 0.277591 0.500730
v 0.016488 0.252598 0.499901
v 0.061328 0.163986 0.519802
v 0.079706 0.551381 0.505706
v 0.061328 0.443456 0.500730
v 0.047362 0.302585 0.503218
v -0.010711 0.738830 0.460929
v -0.018062 0.803585 0.444345
v -0.026883 0.804722 0.456783
v -0.023943 0.688844 0.483317
v -0.000420 0.461632 0.514827
v 0.064269 0.635449 0.492439
v 0.000315 0.685436 0.495755
v -0.007771 0.837667 0.467562
v -0.012181 0.927416 0.438540
v -0.006301 0.993307 0.436053
v -0.004830 0.838803 0.480830
v 0.003991 0.682027 0.505706
v 0.012077 0.460496 0.534728
v 0.016488 0.334394 0.564579
v 0.025309 0.077645 0.602722
v 0.010607 0.270775 0.581163
v 0.007666 0.076509 0.610185
v 0.001786 0.218516 0.589455
v -0.012916 0.052652 0.600234
v -0.018062 0.024251 0.586967
v -0.024678 0.010618 0.581163
v -0.048936 0.142400 0.533898
v -0.040115 0.006074 0.580334
v -0.060698 0.126496 0.541361
v -0.048201 0.041291 0.568725
v -0.065843 0.020842 0.581163
v -0.104804 0.168530 0.537215
v -0.135678 0.201475 0.518973
v -0.093777 0.232149 0.497414
v -0.135678 0.257142 0.479171
v -0.087161 0.273047 0.484976
v -0.042320 0.337802 0.510681
v -0.021002 0.466177 0.536386
v -0.069519 0.010618 0.582821
v -0.050406 0.560469 0.474196
v -0.062903 0.544565 0.464246
v -0.133472 0.293496 0.467563
v -0.162141 0.678619 0.431078
v -0.059228 0.667259 0.459271
v -0.045996 0.726334 0.462587
v -0.022473 0.625225 0.518973
v -0.005566 0.466177 0.546336
v 0.006196 0.468449 0.544678
v -0.007036 0.697932 0.512339
v -0.025413 0.852436 0.481659
v -0.013651 0.871749 0.480000
v -0.011446 0.976266 0.453466
v -0.026148 1.003531 0.450149
v -0.040115 1.153491 0.409519
v -0.061433 0.720653 0.453466
v -0.189340 0.668395 0.429419
v -0.220214 0.724062 0.408689
v -0.187134 0.249190 0.471709
v -0.181989 0.207156 0.483317
v -0.171697 0.179890 0.497414
v -0.134207 0.159441 0.523948
v -0.108479 0.053788 0.536386
v -0.077605 0.001529 0.554628
v -0.099658 0.024251 0.522290
v -0.084956 0.008346 0.499072
v -0.127591 0.079917 0.464246
v -0.086426 0.033339 0.468392
v -0.088631 0.028795 0.457612
v -0.143764 0.081053 0.450979
v -0.108479 0.032203 0.454295
v -0.091572 0.006074 0.456783
v -0.107009 0.009482 0.459271
v -0.104804 -0.000743 0.469221
v -0.183459 0.019706 0.433565
v -0.194485 0.008346 0.435224
v -0.120976 0.001529 0.486634
v -0.179048 0.016298 0.450149
v -0.129797 0.016298 0.495755
v -0.137883 0.068557 0.504876
v -0.173168 0.074237 0.470050
v -0.148174 0.096958 0.517314
v -0.167287 0.075373 0.499901
v -0.152585 0.089006 0.528094
v -0.159201 0.044700 0.510681
v -0.130532 0.037883 0.528923
v -0.160671 0.010618 0.512339
v -0.126856 0.009482 0.542190
v -0.154790 0.000393 0.532240
v -0.131267 -0.000743 0.619306
v -0.227565 0.004938 0.458441
v -0.192280 0.048108 0.469221
v -0.224624 0.019706 0.436053
v -0.210658 0.048108 0.422786
v -0.184929 0.048108 0.433565
v -0.186399 0.090142 0.450979
v -0.153320 0.111727 0.463417
v -0.140823 0.112863 0.483317
v -0.123181 0.075373 0.484976
v -0.132737 0.135584 0.518144
v -0.158466 0.149217 0.501560
v -0.192280 0.123088 0.471709
v -0.212128 0.089006 0.436053
v -0.233446 0.168530 0.426103
v -0.229035 0.110591 0.422786
v -0.259174 0.242373 0.416152
v -0.247412 0.237829 0.416152
v -0.234916 0.243510 0.431907
v -0.228300 0.166258 0.441028
v -0.204777 0.160577 0.477513
v -0.205512 0.225333 0.468392
v -0.216539 0.382108 0.446833
v -0.256234 0.461632 0.409519
v -0.266525 0.722925 0.396251
v -0.275346 0.650218 0.401227
v -0.272406 0.405966 0.408689
v -0.281962 0.365068 0.419469
v -0.270936 0.165122 0.465904
v -0.253293 0.053788 0.475025
v -0.259909 0.065149 0.499072
v -0.245207 0.017434 0.522290
v -0.234181 0.003802 0.522290
v -0.201836 -0.000743 0.656620
v -0.144499 0.004938 0.687300
v -0.137148 0.002666 0.699738
v -0.155525 0.034475 0.713006
v -0.176108 0.066285 0.748661
v -0.152585 0.009482 0.733735
v -0.183459 0.006074 0.781000
v -0.193750 0.116271 0.737052
v -0.201101 0.011754 0.783487
v -0.205512 0.008346 0.799242
v -0.217274 0.021979 0.762757
v -0.200366 0.073101 0.751149
v -0.218009 0.014026 0.722127
v -0.234916 0.002666 0.754465
v -0.235651 0.000394 0.788463
v -0.232710 0.039019 0.808363
v -0.236386 0.001529 0.701397
v -0.254763 0.016298 0.618477
v -0.273141 0.004938 0.567066
v -0.325333 -0.000743 0.471709
v -0.256969 0.020843 0.771879
v -0.232710 0.067421 0.803388
v -0.249618 0.041291 0.774366
v -0.216539 0.054924 0.792609
v -0.243737 0.061741 0.742857
v -0.209187 0.081054 0.785975
v -0.272406 0.077645 0.692276
v -0.209187 0.110591 0.784317
v -0.287843 0.100366 0.668229
v -0.281962 0.126496 0.695592
v -0.250353 0.125360 0.748661
v -0.227565 0.128768 0.796755
v -0.241532 0.108319 0.805876
v -0.329744 0.087870 0.649157
v -0.337829 0.006074 0.688129
v -0.262850 0.007210 0.821631
v -0.272406 -0.000743 0.828264
v -0.359882 -0.000743 0.882991
v -0.451034 0.007210 0.595259
v -0.384876 0.009482 0.629256
v -0.366498 0.040155 0.623452
v -0.213598 0.124224 0.787634
v -0.284902 0.043564 0.710518
v -0.365763 0.077645 0.604380
v -0.398107 0.060604 0.600234
v -0.440743 0.040155 0.575358
v -0.484114 0.003802 0.565408
v -0.493670 0.018570 0.509022
v -0.535571 -0.000743 0.510681
v -0.397372 0.058332 0.590284
v -0.417220 0.018570 0.557116
v -0.448094 0.001529 0.529752
v -0.334154 0.101502 0.625940
v -0.374584 0.098094 0.578675
v -0.395902 0.059468 0.541361
v -0.325333 0.100366 0.622623
v -0.354002 0.060604 0.578675
v -0.340770 0.039019 0.605210
v -0.360618 0.018570 0.559604
v -0.355472 0.001529 0.546336
v -0.346651 0.002666 0.490780
v -0.370909 0.021978 0.526436
v -0.384876 0.054924 0.529752
v -0.359882 0.098094 0.576188
v -0.402518 0.008346 0.482488
v -0.382671 0.020842 0.499072
v -0.376790 0.029931 0.460100
v -0.365028 0.003802 0.434395
v -0.359882 0.012890 0.421127
v -0.316512 0.012890 0.465904
v -0.337829 0.029931 0.429419
v -0.304015 0.039019 0.473367
v -0.270201 0.029931 0.564579
v -0.249618 0.039019 0.629256
v -0.229770 0.036747 0.690617
v -0.221684 0.098094 0.717151
v -0.247412 0.090142 0.678179
v -0.262115 0.058332 0.626769
v -0.284902 0.050380 0.556287
v -0.301810 0.064013 0.485805
v -0.327538 0.133312 0.426103
v -0.329008 0.076509 0.426932
v -0.366498 0.045836 0.406202
v -0.386346 0.017434 0.395422
v -0.392227 -0.000743 0.403714
v -0.406194 0.033339 0.460100
v -0.458385 0.001529 0.503218
v -0.419425 -0.000743 0.517314
v -0.474558 -0.000743 0.467563
v -0.501021 0.001529 0.470050
v -0.537776 0.015162 0.469221
v -0.575266 -0.000743 0.508193
v -0.564975 -0.000743 0.464246
v -0.631134 -0.000743 0.434395
v -0.657597 0.000393 0.427761
v -0.461326 0.000393 0.397081
v -0.503961 0.015162 0.436882
v -0.509842 0.000393 0.402885
v -0.517193 -0.000743 0.368888
v -0.581147 0.003802 0.387130
v -0.645836 0.014026 0.410348
v -0.674504 -0.000743 0.378838
v -0.660537 0.006074 0.378009
v -0.646571 -0.000743 0.331574
v -0.641425 0.010618 0.352304
v -0.629663 0.050380 0.375521
v -0.609080 0.050380 0.374692
v -0.703908 0.000393 -0.175067
v -0.594379 0.078781 0.363083
v -0.612756 0.017434 0.340695
v -0.556153 0.021978 0.339866
v -0.554683 0.079917 0.357279
v -0.565710 0.074237 0.368888
v -0.576736 0.031067 0.373034
v -0.539246 0.010618 0.360596
v -0.534101 0.074237 0.363083
v -0.529690 0.107183 0.353962
v -0.509107 0.095822 0.348987
v -0.501756 0.052652 0.344012
v -0.487790 0.034475 0.341524
v -0.482644 0.112863 0.345670
v -0.493670 0.115135 0.344841
v -0.489995 0.010618 0.351475
v -0.448829 0.001529 0.370546
v -0.463531 0.026523 0.348158
v -0.457650 0.102638 0.334061
v -0.466472 0.129904 0.334061
v -0.471617 0.223060 0.329915
v -0.477498 0.168530 0.343183
v -0.489260 0.310537 0.325769
v -0.488525 0.212836 0.339037
v -0.486319 0.156033 0.337378
v -0.500286 0.129904 0.330745
v -0.517928 0.091278 0.330745
v -0.534101 0.039019 0.335720
v -0.551008 0.001529 0.321623
v -0.650981 -0.000743 -0.121998
v -0.696557 0.008346 -0.194138
v -0.702438 0.006074 -0.219014
v -0.598054 0.000393 0.042183
v -0.609080 0.008346 -0.070588
v -0.631134 0.010618 -0.123657
v -0.591438 0.048108 -0.111219
v -0.631134 0.036747 -0.143557
v -0.573796 0.118543 -0.136095
v -0.675239 0.031067 -0.185846
v -0.623047 0.143536 -0.164287
v -0.669358 0.065148 -0.198284
v -0.685531 0.011754 -0.233940
v -0.689206 -0.000743 -0.253012
v -0.546597 0.200339 -0.146874
v -0.582617 0.011754 0.033891
v -0.567915 0.014026 0.157442
v -0.544392 0.010618 0.284310
v -0.531160 0.242373 -0.144387
v -0.533366 0.053788 0.235387
v -0.539246 0.045836 0.272701
v -0.541452 0.023115 0.314990
v -0.533366 0.054924 0.319965
v -0.509107 0.126496 0.310015
v -0.532630 0.107183 0.295918
v -0.539981 0.082189 0.286797
v -0.537041 0.179890 0.263579
v -0.538511 0.162849 0.278505
v -0.506902 0.265095 0.325769
v -0.504697 0.325306 0.326599
v -0.520134 0.355979 0.308356
v -0.504697 0.458224 0.312502
v -0.469412 0.392333 0.325769
v -0.536306 0.234421 0.284310
v -0.534836 0.262823 0.271872
v -0.509107 0.462768 0.241191
v -0.518664 0.460496 0.276018
v -0.517193 0.453680 0.297577
v -0.495140 0.513891 0.314990
v -0.473088 0.520707 0.334061
v -0.451034 0.279863 0.334891
v -0.448094 0.373020 0.357279
v -0.433392 0.183298 0.356450
v -0.422366 0.246918 0.379667
v -0.412809 0.087870 0.371375
v -0.450299 0.169666 0.335720
v -0.452505 0.454816 0.349816
v -0.355472 0.106047 0.409519
v -0.398107 0.244646 0.381326
v -0.405458 0.362796 0.348158
v -0.462061 0.594551 0.327428
v -0.351061 0.156033 0.403714
v -0.384141 0.352571 0.359767
v -0.403253 0.419598 0.337378
v -0.407664 0.503666 0.328257
v -0.426041 0.619544 0.321623
v -0.398843 0.621816 0.323282
v -0.413545 0.728606 0.290943
v -0.436333 0.933096 0.251142
v -0.401783 0.801313 0.276018
v -0.391492 0.607048 0.329915
v -0.396637 0.445728 0.344841
v -0.398107 0.491170 0.356450
v -0.373114 0.379836 0.373863
v -0.356207 0.305993 0.388789
v -0.320922 0.120815 0.446003
v -0.306955 0.073101 0.497414
v -0.314306 0.062877 0.568725
v -0.264320 0.132176 0.664083
v -0.234181 0.151489 0.697251
v -0.228300 0.171938 0.695592
v -0.261379 0.152625 0.651645
v -0.287843 0.127632 0.603551
v -0.319452 0.094686 0.566237
v -0.326803 0.075373 0.535557
v -0.346651 0.132176 0.494926
v -0.326803 0.138992 0.454295
v -0.368704 0.371884 0.394593
v -0.330479 0.113999 0.533898
v -0.348121 0.161713 0.500730
v -0.368704 0.274183 0.458441
v -0.315042 0.119679 0.556287
v -0.271671 0.126496 0.601063
v -0.230505 0.170802 0.677350
v -0.220949 0.167394 0.692276
v -0.174638 0.086734 0.726273
v -0.174638 0.065149 0.711347
v -0.198896 0.021979 0.674862
v -0.205512 0.133312 0.697251
v -0.214333 0.007210 0.655791
v -0.218009 0.060604 0.677350
v -0.222419 0.019706 0.641694
v -0.223154 0.111727 0.678179
v -0.201836 0.098094 0.642524
v -0.220214 0.060604 0.664912
v -0.219479 0.039019 0.635890
v -0.234916 0.033339 0.580334
v -0.254028 0.059468 0.528923
v -0.269466 0.178754 0.475025
v -0.293724 0.659306 0.412006
v -0.289313 0.604776 0.407860
v -0.283432 0.711565 0.397910
v -0.258439 0.816082 0.375521
v -0.106274 1.201205 0.333232
v -0.080545 1.392063 0.312502
v -0.061433 1.611322 0.305869
v -0.051142 1.634043 0.310844
v -0.081280 1.639723 0.278505
v -0.101128 1.355709 0.310844
v -0.234916 0.988763 0.354791
v -0.140823 1.311403 0.319965
v -0.160671 1.576104 0.308356
v -0.098188 1.605641 0.281822
v -0.100393 1.484083 0.295089
v -0.105539 1.863526 0.242849
v -0.090837 1.866935 0.247825
v -0.054082 1.772642 0.286797
v -0.040850 1.676077 0.305869
v -0.035704 1.579512 0.328257
v -0.037910 1.517029 0.339037
v -0.017327 1.119409 0.425273
v -0.010711 1.151219 0.408689
v -0.025413 1.485219 0.340695
v -0.025413 1.594281 0.316648
v -0.048201 1.886248 0.262750
v -0.064373 2.103234 0.219632
v -0.082015 2.057792 0.226265
v -0.066578 2.206616 0.198073
v -0.101128 2.138452 0.208023
v -0.039380 2.148677 0.203877
v -0.047466 2.062336 0.220461
v -0.029088 1.911241 0.235387
v -0.033499 1.806723 0.266067
v -0.012181 1.612458 0.271872
v -0.022473 1.677213 0.277676
v -0.016592 1.523845 0.295918
v -0.013651 1.301178 0.363913
v -0.010711 1.092144 0.392105
v -0.015122 0.934232 0.405373
v -0.007771 0.880837 0.412835
v 0.006931 0.895606 0.405373
v 0.045156 1.029661 0.381326
v 0.060593 0.750191 0.475025
v 0.042216 0.712701 0.480830
v 0.086322 0.636585 0.499072
v 0.098819 0.365068 0.546336
v 0.108375 0.399149 0.542190
v 0.105434 0.535476 0.519802
v 0.095143 0.676347 0.489951
v 0.069415 0.860388 0.436882
v 0.062064 1.142130 0.343183
v 0.038541 1.220518 0.327428
v 0.003256 1.143266 0.342353
v 0.076766 0.952409 0.397081
v 0.036335 1.352301 0.300893
v 0.073090 1.229607 0.321623
v 0.021633 1.544294 0.269384
v -0.000420 1.569288 0.269384
v -0.005566 1.342076 0.314990
v -0.004830 1.811267 0.237045
v -0.007771 1.178484 0.343183
v -0.007036 1.044430 0.375521
v -0.012916 1.138722 0.366400
v -0.002625 1.973724 0.217974
v 0.079706 1.267097 0.316648
v 0.064269 2.019166 0.221290
v 0.109845 2.186167 0.200560
v 0.133368 0.913783 0.386301
v 0.150275 0.724062 0.422786
v 0.095143 1.768098 0.261921
v 0.112050 0.814946 0.414494
v 0.106169 0.683164 0.477513
v 0.120136 0.520707 0.513168
v 0.123812 0.269639 0.559604
v 0.124547 0.680891 0.450979
v 0.145865 0.632041 0.448491
v 0.168653 0.760415 0.409519
v 0.153951 0.846756 0.398739
v 0.107640 2.010078 0.227095
v 0.120871 2.096418 0.204706
v 0.114991 1.970316 0.220461
v 0.122342 1.654492 0.270213
v 0.136309 1.410240 0.306698
v 0.128222 1.362525 0.319965
v 0.145130 1.161443 0.346499
v 0.159831 1.055790 0.352304
v 0.139249 1.326172 0.315819
v 0.144395 1.325035 0.304210
v 0.123812 1.780594 0.222120
v 0.126752 1.556791 0.230411
v 0.136309 0.963769 0.290943
v 0.136309 0.842211 0.329086
v 0.142924 0.674075 0.357279
v 0.142924 0.552517 0.469221
v 0.173063 0.479809 0.465075
v 0.145130 0.726334 0.367229
v 0.175269 0.425279 0.441028
v 0.176004 0.361659 0.489122
v 0.181885 0.544565 0.435224
v 0.164242 0.917191 0.360596
v 0.132633 1.390927 0.261921
v 0.125282 1.659036 0.237874
v 0.144395 2.296364 0.171538
v -0.088631 2.300908 0.173197
v 0.084117 2.312269 0.163246
v 0.145865 2.309997 0.143346
v 0.161302 2.288412 0.159100
v 0.159831 2.297500 0.055450
v 0.187765 2.124820 0.128420
v 0.208348 1.949867 0.116811
v 0.195851 2.157765 -0.031615
v 0.169388 2.273643 -0.003423
v 0.146600 2.311133 -0.059808
v -0.121711 2.311133 0.159100
v -0.134943 2.280459 0.181489
v -0.134207 2.208888 0.195585
v -0.159201 2.128228 0.209682
v -0.151115 2.261146 0.175684
v -0.149645 2.283867 0.160759
v -0.173903 2.192983 0.168222
v -0.171697 2.147541 0.196414
v -0.287108 1.636315 0.334061
v -0.283432 1.614730 0.343183
v -0.259909 1.636315 0.339866
v -0.275346 1.520437 0.358108
v -0.250353 1.587464 0.342353
v -0.253293 1.180756 0.346499
v -0.263585 1.339804 0.348987
v -0.272406 1.014892 0.360596
v -0.284167 0.837667 0.382984
v -0.281962 1.017164 0.370546
v -0.279757 1.334124 0.376351
v -0.278287 1.226198 0.375521
v -0.289313 0.909239 0.387130
v -0.289313 0.911511 0.402885
v -0.269466 0.937640 0.426932
v -0.280492 1.087600 0.390447
v -0.273141 1.017164 0.417811
v -0.277552 1.144402 0.405373
v -0.287108 1.369342 0.382155
v -0.289313 1.464770 0.371375
v -0.296664 1.457954 0.373034
v -0.304015 1.587464 0.334061
v -0.301075 1.637451 0.319136
v -0.229770 1.933962 0.240362
v -0.240061 1.993037 0.159100
v -0.384876 1.649947 0.099398
v -0.222419 2.073697 0.119299
v -0.184929 2.181622 0.120957
v -0.138618 2.308861 0.059596
v 0.015017 2.316813 -0.073905
v -0.117300 2.309997 -0.079709
v -0.137883 2.300908 -0.084684
v -0.151850 2.278187 -0.073905
v -0.149645 2.263418 -0.095464
v -0.134207 2.289548 -0.097951
v 0.020163 2.303180 -0.092976
v 0.124547 2.306588 -0.084684
v 0.158361 2.292956 -0.083026
v 0.139984 2.273643 -0.102927
v 0.082646 2.249786 -0.111219
v 0.126017 2.241833 -0.113706
v 0.098084 2.205479 -0.121998
v 0.076766 2.007806 -0.147703
v 0.036335 2.114595 -0.133607
v -0.002625 2.178214 -0.127803
v 0.016488 2.048703 -0.150191
v 0.051037 1.883975 -0.165946
v 0.062799 1.704478 -0.200772
v 0.000315 1.427280 -0.311056
v 0.062064 1.420464 -0.296130
v 0.069415 1.539750 -0.241403
v 0.091468 1.478403 -0.265450
v 0.078971 1.568151 -0.233940
v 0.074560 1.755601 -0.195797
v 0.091468 1.971452 -0.174238
v 0.113520 2.135044 -0.146045
v 0.098819 1.868071 -0.218185
v 0.131898 2.096418 -0.146874
v 0.108375 1.907833 -0.209893
v 0.154686 2.137316 -0.136095
v 0.142924 1.929418 -0.177555
v 0.131898 1.916921 -0.186676
v 0.124547 1.769233 -0.237257
v 0.103229 1.652220 -0.278717
v 0.089997 1.755601 -0.240574
v 0.084117 1.845349 -0.194139
v 0.083382 1.722655 -0.218185
v 0.089997 1.569288 -0.243061
v 0.109845 1.464770 -0.282034
v 0.099554 1.440913 -0.284521
v 0.073090 1.367069 -0.304422
v -0.068784 1.403423 -0.330956
v -0.085691 2.246377 -0.112877
v -0.090837 1.734016 -0.235598
v -0.098188 2.023710 -0.153508
v -0.097453 1.371614 -0.326810
v -0.083486 1.403423 -0.328469
v -0.098923 2.150949 -0.125315
v -0.112155 2.046432 -0.131949
v -0.107744 2.210024 -0.115365
v -0.143764 2.202071 -0.113706
v -0.165817 2.119139 -0.123657
v -0.160671 2.232745 -0.087172
v -0.163611 2.233881 -0.047370
v -0.159936 2.254330 -0.031615
v -0.173903 2.210024 0.065401
v -0.207717 2.111187 0.085302
v -0.394432 1.618138 0.079497
v -0.388551 1.615866 0.067888
v -0.325333 1.780594 0.072034
v -0.217274 2.075969 0.066230
v -0.191545 2.132772 0.034720
v -0.173168 2.194119 0.009015
v -0.201101 2.061200 0.009015
v -0.184194 2.112323 -0.017519
v -0.228300 1.949867 0.013990
v -0.226095 2.016894 0.041354
v -0.254028 1.956683 0.058767
v -0.272406 1.860118 0.041354
v -0.276081 1.784002 0.019795
v -0.367969 1.527253 0.026428
v -0.392962 1.457954 0.035550
v -0.390757 1.403423 0.009015
v -0.333419 1.479539 -0.009227
v -0.353267 1.471587 -0.000106
v -0.385611 1.370478 -0.013373
v -0.258439 1.607913 -0.041566
v -0.236386 1.773778 -0.032445
v -0.248148 1.429553 -0.078880
v -0.188605 1.929418 -0.063125
v -0.254763 1.181892 -0.110389
v -0.306220 1.198933 -0.083026
v -0.412809 1.091008 -0.079709
v -0.420896 1.133042 -0.058150
v -0.470147 0.703612 -0.160141
v -0.489260 0.654762 -0.151020
v -0.456915 0.679755 -0.172579
v -0.379730 1.173940 -0.065613
v -0.312101 0.879701 -0.142728
v -0.320187 0.642265 -0.186676
v -0.281227 0.861524 -0.151849
v -0.254028 0.783136 -0.169263
v -0.206247 1.251192 -0.136924
v -0.184929 1.662444 -0.102097
v -0.176843 2.066880 -0.059808
v -0.184929 2.054384 -0.045712
v -0.166552 2.178214 -0.066442
v -0.200366 1.293226 -0.144387
v -0.168757 2.138452 -0.106243
v -0.170962 2.081649 -0.092147
v -0.177578 2.068016 -0.124486
v -0.193750 1.888520 -0.161800
v -0.176108 1.939642 -0.160141
v -0.154790 1.995309 -0.143557
v -0.136413 2.123683 -0.121998
v -0.131267 1.919193 -0.137753
v -0.135678 1.613594 -0.171750
v -0.109949 1.863526 -0.173409
v -0.140088 1.335260 -0.205747
v -0.134207 1.342076 -0.219844
v -0.132002 1.410240 -0.227306
v -0.129062 1.236423 -0.253012
v -0.118770 0.996715 -0.305251
v -0.132002 1.217110 -0.270425
v -0.141558 1.208021 -0.289496
v -0.137883 1.034205 -0.349199
v -0.098923 1.251191 -0.345053
v -0.087896 1.296634 -0.339248
v -0.073929 1.332988 -0.336761
v -0.081280 1.217110 -0.342565
v -0.059963 0.903558 -0.335932
v -0.076135 0.967177 -0.345882
v -0.084956 1.029660 -0.358320
v -0.093777 0.947864 -0.374075
v -0.109949 0.963769 -0.374904
v -0.136413 0.847892 -0.378221
v -0.144499 0.893334 -0.360808
v -0.145969 0.904694 -0.345882
v -0.133472 0.542292 -0.408072
v -0.130532 0.496850 -0.428802
v -0.123181 0.475265 -0.437094
v -0.123181 0.729742 -0.399780
v -0.110684 0.701340 -0.403926
v -0.101863 0.560469 -0.418022
v -0.073194 0.812674 -0.368270
v -0.064373 0.668395 -0.341736
v -0.115830 0.459360 -0.437094
v -0.101128 0.359387 -0.456165
v -0.076135 0.224196 -0.447873
v -0.063638 0.219652 -0.424656
v -0.047466 0.177618 -0.408072
v -0.050406 0.131040 -0.427973
v -0.056287 0.144672 -0.450361
v -0.081280 0.276455 -0.469433
v -0.054817 0.187843 -0.480212
v -0.057757 0.198067 -0.491821
v -0.089367 0.277591 -0.478554
v -0.112890 0.342346 -0.459482
v -0.123181 0.377564 -0.441240
v -0.064373 0.179890 -0.494309
v -0.082751 0.198067 -0.481041
v -0.062168 0.102638 -0.464457
v -0.077605 0.102638 -0.443727
v -0.055552 0.059468 -0.440411
v -0.092307 0.157169 -0.446215
v -0.094512 0.190115 -0.433777
v -0.111420 0.380972 -0.414705
v -0.110684 0.496850 -0.393976
v -0.129062 0.774048 -0.357491
v -0.140823 0.938776 -0.333444
v -0.138618 1.070559 -0.309397
v -0.126121 1.003531 -0.315202
v -0.107744 0.880837 -0.328469
v -0.106274 0.838803 -0.319348
v -0.118770 0.814946 -0.298618
v -0.138618 0.964905 -0.258816
v -0.143029 1.253464 -0.210723
v -0.151850 1.357981 -0.197455
v -0.160671 1.353437 -0.204089
v -0.153320 1.164851 -0.223160
v -0.159201 0.925143 -0.266279
v -0.135678 0.810402 -0.293642
v -0.111420 0.759279 -0.316031
v -0.088631 0.734286 -0.345053
v -0.105539 0.814946 -0.348370
v -0.092307 0.653626 -0.363295
v -0.087896 0.196931 -0.418022
v -0.083486 0.123087 -0.412218
v -0.074664 0.299176 -0.385684
v -0.082751 0.633177 -0.351686
v -0.094512 0.694524 -0.342565
v -0.112890 0.645673 -0.349199
v -0.121711 0.722925 -0.326810
v -0.173168 0.733150 -0.335932
v -0.177578 0.871749 -0.287009
v -0.188605 1.147810 -0.282863
v -0.206247 0.812674 -0.312714
v -0.177578 1.745376 -0.191651
v -0.199631 1.103504 -0.302764
v -0.207717 0.860388 -0.339248
v -0.216539 0.771776 -0.331786
v -0.222419 0.675211 -0.343394
v -0.218009 0.757007 -0.358320
v -0.215068 0.854708 -0.349199
v -0.187134 0.685435 -0.346711
v -0.144499 0.620680 -0.357491
v -0.085691 0.588871 -0.345882
v -0.082751 0.120815 -0.390659
v -0.074664 0.066285 -0.402268
v -0.043790 0.035611 -0.408901
v -0.062903 0.067421 -0.346711
v -0.026148 0.040155 -0.366612
v -0.024678 0.029931 -0.358320
v -0.052612 0.027659 -0.348370
v -0.029088 0.006074 -0.359149
v -0.085691 0.003801 -0.359978
v -0.043790 -0.000743 -0.380708
v -0.151115 -0.000743 -0.404755
v -0.105539 0.003801 -0.487675
v -0.158466 0.004937 -0.436265
v -0.132737 0.034475 -0.476895
v -0.166552 0.021978 -0.433777
v -0.103333 0.086734 -0.503430
v -0.107744 0.017434 -0.493479
v -0.166552 0.007210 -0.392317
v -0.166552 0.026523 -0.375733
v -0.173903 0.036747 -0.383196
v -0.172433 0.050380 -0.422998
v -0.165082 0.048108 -0.435435
v -0.135678 0.070829 -0.455336
v -0.105539 0.086734 -0.477725
v -0.094512 0.096958 -0.501771
v -0.070254 0.054924 -0.502601
v -0.057757 0.056060 -0.500113
v -0.115095 0.104910 -0.461970
v -0.166552 0.084461 -0.437923
v -0.170962 0.123087 -0.442069
v -0.171697 0.059468 -0.397292
v -0.161406 0.168530 -0.437094
v -0.156996 0.146945 -0.403926
v -0.039380 0.082189 -0.508405
v -0.109214 0.138992 -0.468603
v -0.152585 0.160577 -0.472749
v -0.157731 0.195795 -0.468603
v -0.091572 0.146945 -0.489333
v -0.029824 0.100366 -0.528306
v -0.136413 0.202611 -0.496796
v -0.153320 0.210564 -0.489333
v -0.164347 0.231013 -0.471091
v -0.165082 0.175346 -0.405584
v -0.165817 0.178754 -0.391488
v -0.162141 0.169666 -0.382367
v -0.173903 0.083325 -0.384025
v -0.182724 0.116271 -0.374904
v -0.179783 0.096958 -0.360808
v -0.121711 0.036747 -0.353345
v -0.084956 0.058332 -0.338419
v -0.182724 0.190115 -0.355003
v -0.198161 0.318489 -0.354174
v -0.154790 0.151489 -0.353345
v -0.094512 0.111727 -0.334273
v -0.081280 0.099230 -0.333444
v -0.072459 0.091278 -0.340907
v -0.081280 0.093550 -0.363295
v -0.090837 0.193523 -0.365783
v -0.086426 0.232149 -0.373246
v -0.103333 0.377564 -0.363295
v -0.119505 0.505938 -0.345882
v -0.137148 0.517299 -0.350857
v -0.152585 0.546837 -0.361637
v -0.165082 0.551381 -0.363295
v -0.213598 0.669531 -0.340078
v -0.219479 0.519571 -0.350857
v -0.211393 0.323033 -0.361637
v -0.157731 0.412782 -0.361637
v -0.139353 0.452544 -0.346711
v -0.128327 0.451408 -0.345053
v -0.111420 0.419598 -0.354174
v -0.095982 0.263958 -0.344224
v -0.115830 0.240101 -0.341736
v -0.153320 0.316217 -0.361637
v -0.168757 0.355979 -0.362466
v -0.201836 0.254870 -0.373246
v -0.207717 0.403693 -0.392317
v -0.197426 0.350299 -0.399780
v -0.212863 0.469585 -0.397292
v -0.215068 0.549109 -0.391488
v -0.215803 0.371884 -0.373246
v -0.222419 0.599095 -0.391488
v -0.223889 0.510483 -0.400609
v -0.232710 0.608184 -0.385684
v -0.226830 0.759279 -0.364124
v -0.232710 0.906967 -0.336761
v -0.241532 0.496850 -0.390659
v -0.210658 0.411646 -0.406414
v -0.177578 0.186707 -0.395634
v -0.204777 0.177618 -0.404755
v -0.196691 0.208292 -0.396463
v -0.274611 0.392333 -0.381538
v -0.281962 0.305992 -0.385684
v -0.248883 0.231013 -0.418022
v -0.199631 0.169666 -0.414705
v -0.204777 0.207156 -0.451190
v -0.187870 0.184434 -0.431289
v -0.195221 0.220788 -0.465287
v -0.156996 0.209428 -0.500113
v -0.071724 0.124223 -0.524989
v -0.071724 0.134448 -0.512551
v -0.028353 0.071965 -0.538256
v -0.063638 0.077645 -0.532452
v -0.115095 0.126495 -0.524989
v -0.150380 0.158305 -0.505917
v -0.206247 0.181026 -0.469433
v -0.206247 0.206019 -0.464457
v -0.120976 0.100366 -0.522501
v -0.269466 0.251462 -0.405584
v -0.249618 0.190115 -0.427143
v -0.206247 0.136720 -0.461970
v -0.184929 0.084461 -0.456165
v -0.158466 0.073101 -0.481041
v -0.134207 0.042427 -0.503430
v -0.112155 0.028795 -0.512551
v -0.044526 0.037883 -0.537427
v -0.029088 0.018570 -0.549036
v -0.113625 0.006073 -0.512551
v -0.162141 0.031067 -0.491821
v -0.194485 0.050380 -0.441240
v -0.212128 0.093550 -0.422998
v -0.260644 0.198067 -0.404755
v -0.280492 0.252598 -0.389830
v -0.293724 0.380972 -0.368270
v -0.286373 0.426414 -0.373246
v -0.287108 0.678619 -0.292813
v -0.301075 0.511619 -0.320177
v -0.169492 0.012890 -0.497625
v -0.282697 0.829715 -0.260474
v -0.241532 1.440913 -0.195797
v -0.223154 1.443185 -0.224819
v -0.193750 1.378430 -0.256328
v -0.218744 0.964905 -0.333444
v -0.218009 1.726063 -0.161800
v -0.201101 1.879431 -0.134436
v -0.177578 2.037343 -0.109560
v -0.180519 1.930554 -0.111219
v -0.190810 1.573832 -0.130290
v -0.210658 1.110321 -0.170092
v -0.226830 0.846756 -0.207406
v -0.258439 0.667259 -0.191651
v -0.267995 0.726333 -0.173409
v -0.260644 0.599095 -0.198284
v -0.244472 0.671803 -0.233111
v -0.256969 0.329850 -0.256328
v -0.267995 0.504802 -0.205747
v -0.456915 0.616136 -0.188334
v -0.508372 0.471857 -0.199114
v -0.511312 0.494578 -0.180871
v -0.528955 0.400285 -0.200772
v -0.523074 0.400285 -0.207406
v -0.456915 0.558197 -0.192480
v -0.405458 0.460496 -0.195797
v -0.449564 0.307129 -0.194968
v -0.195956 0.031067 -0.460312
v -0.215068 0.068557 -0.422998
v -0.372379 0.228741 -0.213210
v -0.272406 0.165121 -0.263791
v -0.264320 0.173074 -0.281204
v -0.287108 0.065148 -0.273742
v -0.342975 0.177618 -0.228136
v -0.482644 0.103774 -0.205747
v -0.505432 0.111727 -0.202430
v -0.564240 0.226469 -0.216527
v -0.566445 0.042427 -0.210722
v -0.521604 0.051516 -0.213210
v -0.482644 0.061740 -0.219844
v -0.511312 0.046972 -0.236428
v -0.534836 0.018570 -0.228965
v -0.562034 0.001529 -0.256328
v -0.568650 -0.000743 -0.224819
v -0.597319 0.001529 -0.287009
v -0.560564 0.021978 -0.287009
v -0.537776 0.009482 -0.291984
v -0.594379 0.006074 -0.314372
v -0.478968 0.009482 -0.259645
v -0.284902 0.010618 -0.297788
v -0.497346 -0.000743 -0.560645
v -0.297399 -0.000743 -0.321835
v -0.253293 0.001529 -0.408072
v -0.273141 0.027659 -0.314372
v -0.277552 0.049244 -0.289496
v -0.269466 0.160577 -0.295301
v -0.282697 0.070829 -0.306080
v -0.276816 0.051516 -0.325152
v -0.234181 0.060604 -0.470262
v -0.249618 0.025386 -0.393146
v -0.243002 0.009482 -0.452019
v -0.207717 0.083325 -0.544890
v -0.195221 0.027659 -0.581375
v -0.207717 -0.000743 -0.568107
v -0.273876 -0.000743 -0.418022
v -0.354737 -0.000743 -0.524989
v -0.439273 0.001529 -0.539085
v -0.333419 0.015162 -0.550694
v -0.231975 0.015162 -0.580545
v -0.195221 0.015162 -0.597959
v -0.203307 0.071965 -0.609567
v -0.160671 0.081053 -0.617859
v -0.167287 0.045835 -0.606251
v -0.179783 0.041291 -0.592983
v -0.190810 0.095822 -0.567278
v -0.158466 0.053788 -0.596300
v -0.118770 0.065148 -0.585521
v -0.126856 0.075373 -0.610397
v -0.163611 0.082189 -0.627810
v -0.306220 0.062876 -0.578887
v -0.384141 0.036747 -0.564791
v -0.459121 0.004937 -0.563961
v -0.446624 0.001529 -0.591325
v -0.418690 0.016298 -0.578058
v -0.277552 0.061740 -0.598788
v -0.231975 0.025386 -0.626151
v -0.164347 0.017434 -0.643565
v -0.108479 0.024250 -0.645223
v -0.109214 0.002665 -0.663465
v -0.267995 -0.000743 -0.814380
v -0.109214 -0.000743 -0.675074
v -0.081280 0.007210 -0.647711
v -0.099658 0.056060 -0.628639
v -0.095247 0.074237 -0.607080
v -0.101863 0.064012 -0.578058
v -0.065843 0.014026 -0.626151
v -0.048936 0.007210 -0.597959
v -0.068784 0.009482 -0.577229
v -0.040850 -0.000743 -0.582204
v -0.073194 0.000393 -0.540744
v -0.032764 0.002665 -0.561474
v -0.134943 -0.001879 -0.518355
v -0.184929 0.016298 -0.501771
v -0.223889 0.076509 -0.432948
v -0.246677 0.100366 -0.395634
v -0.243002 0.112863 -0.381538
v -0.229035 0.123087 -0.396463
v -0.256969 0.209428 -0.363295
v -0.262850 0.196931 -0.350028
v -0.283432 0.240101 -0.326810
v -0.281962 0.338938 -0.301934
v -0.276816 0.325305 -0.326810
v -0.303280 0.509347 -0.294472
v -0.292988 0.451408 -0.291155
v -0.298134 0.442319 -0.279546
v -0.306220 0.369612 -0.287838
v -0.312836 0.312809 -0.293642
v -0.304750 0.280999 -0.315202
v -0.305485 0.517299 -0.267108
v -0.306220 0.446864 -0.263791
v -0.304750 0.367340 -0.270425
v -0.295929 0.250326 -0.295301
v -0.281962 0.194659 -0.300276
v -0.295194 0.200339 -0.353345
v -0.308426 0.200339 -0.349199
v -0.315042 0.181026 -0.335932
v -0.301810 0.129904 -0.329298
v -0.267995 0.142400 -0.403097
v -0.218744 0.113999 -0.485187
v -0.277552 0.150353 -0.408072
v -0.299604 0.168530 -0.382367
v -0.298869 0.135584 -0.387342
v -0.281227 0.136720 -0.414705
v -0.243737 0.121951 -0.476066
v -0.240061 0.131040 -0.466116
v -0.228300 0.128768 -0.506747
v -0.204777 0.129904 -0.534110
v -0.202572 0.117407 -0.520014
v -0.175373 0.099230 -0.549036
v -0.159201 0.010618 -0.526647
v -0.111420 0.019706 -0.553182
v -0.123181 0.073101 -0.563961
v -0.179048 0.111727 -0.563132
v -0.231240 0.100366 -0.503430
v -0.285637 0.098094 -0.398122
v -0.290783 0.078781 -0.329298
v -0.306220 0.124223 -0.348370
v -0.259909 0.426415 -0.264620
v -0.240061 0.749055 -0.230623
v -0.206982 1.252328 -0.162629
v -0.200366 1.598825 -0.139411
v -0.208452 1.757873 -0.139411
v -0.224624 1.646539 -0.155166
v -0.246677 1.403423 -0.182530
v -0.235651 1.465907 -0.165117
v -0.284902 0.896742 -0.237257
v -0.309896 0.603639 -0.264620
v -0.299604 0.526388 -0.249695
v -0.294459 0.477537 -0.253841
v -0.252558 0.682027 -0.243061
v -0.232710 1.104640 -0.189163
v -0.242267 1.209158 -0.181701
v -0.237121 1.362525 -0.170092
v -0.267260 1.091008 -0.204089
v -0.286373 0.877429 -0.230623
v -0.302545 0.625224 -0.247207
v -0.280492 0.837667 -0.222331
v 0.208348 1.759009 0.140858
v 0.228931 1.409104 0.161588
v 0.239957 1.338668 0.179001
v 0.251719 1.267096 0.184806
v 0.246573 1.220518 0.173197
v 0.242163 1.307994 0.146662
v 0.235547 1.738560 0.107690
v 0.265686 1.769233 0.017307
v 0.296560 1.564743 0.043012
v 0.324493 1.396607 0.055450
v 0.356103 1.098960 0.043012
v 0.340666 1.313675 0.029745
v 0.306116 1.331852 0.086131
v 0.270096 1.353437 0.116811
v 0.259070 1.158035 0.145004
v 0.251719 1.150083 0.159930
v 0.278182 0.886518 0.179830
v 0.305381 0.684300 0.195585
v 0.287004 0.834259 0.166563
v 0.320083 0.579782 0.182318
v 0.289944 0.914919 0.148321
v 0.310527 1.029661 0.126762
v 0.302441 1.246647 0.099398
v 0.314937 1.078511 0.108519
v 0.331109 0.933096 0.115982
v 0.364189 0.658170 0.134224
v 0.323758 0.667259 0.159100
v 0.356103 0.440047 0.154125
v 0.334050 0.893334 0.102715
v 0.384036 0.366204 0.130908
v 0.393593 0.462768 0.118470
v 0.373010 0.615000 0.122616
v 0.351692 0.676347 0.086131
v 0.344341 0.720653 0.070376
v 0.361248 0.557061 0.100227
v 0.355368 0.551381 0.083643
v 0.354633 0.663850 0.058767
v 0.373010 0.467313 0.096081
v 0.416381 0.332122 0.078668
v 0.399473 0.287816 0.116811
v 0.432553 0.198067 0.113494
v 0.444314 0.246918 0.086131
v 0.462692 0.212836 0.094423
v 0.471513 0.190115 0.087789
v 0.452401 0.198067 0.079497
v 0.414176 0.295768 0.077839
v 0.384036 0.363932 0.086960
v 0.411970 0.210564 0.086960
v 0.379626 0.330986 0.086131
v 0.367864 0.394605 0.086131
v 0.358308 0.505939 0.074522
v 0.363454 0.524115 0.061255
v 0.442109 0.135584 0.091106
v 0.497977 0.045836 0.112665
v 0.370805 0.376428 0.076180
v 0.400209 0.193523 0.082814
v 0.465632 0.054924 0.101056
v 0.483274 0.012890 0.100227
v 0.532526 0.036747 0.131737
v 0.539142 0.084462 0.141687
v 0.519294 0.081053 0.127591
v 0.500182 0.158305 0.106032
v 0.531056 0.153761 0.140858
v 0.482539 0.201475 0.102715
v 0.428142 0.087870 0.086131
v 0.543553 0.141264 0.146662
v 0.572957 0.042427 0.143346
v 0.545758 0.009482 0.126762
v 0.512679 -0.000743 0.102715
v 0.667784 0.004938 0.134224
v 0.625884 0.032203 0.145833
v 0.684691 0.102638 0.152467
v 0.631029 0.115135 0.159930
v 0.690572 0.124224 0.162417
v 0.664844 0.110591 0.167392
v 0.694248 0.107183 0.167392
v 0.597215 0.125360 0.174855
v 0.580308 0.145809 0.166563
v 0.527381 0.175346 0.151638
v 0.483274 0.203747 0.125932
v 0.445049 0.169666 0.129249
v 0.429612 0.162849 0.135883
v 0.402414 0.235557 0.143346
v 0.354633 0.401421 0.192268
v 0.331844 0.528660 0.206365
v 0.330374 0.585463 0.216315
v 0.338460 0.609320 0.222120
v 0.373010 0.395741 0.232070
v 0.376685 0.436639 0.234557
v 0.424467 0.253734 0.251971
v 0.416381 0.177618 0.251971
v 0.386977 0.263959 0.222949
v 0.384771 0.285544 0.187293
v 0.411235 0.202611 0.195585
v 0.413440 0.168530 0.240362
v 0.456076 0.049244 0.269384
v 0.476659 0.031067 0.285968
v 0.473718 0.083325 0.276847
v 0.486215 0.058332 0.285139
v 0.449460 0.250326 0.245337
v 0.322288 0.839939 0.211340
v 0.264215 1.256872 0.191439
v 0.506798 0.221924 0.234558
v 0.536937 0.175346 0.251971
v 0.558255 0.107183 0.295089
v 0.578102 0.045836 0.361425
v 0.603095 0.067421 0.382155
v 0.628089 0.136720 0.400397
v 0.621473 0.171938 0.394593
v 0.613387 0.168530 0.402056
v 0.601625 0.152625 0.397910
v 0.609711 0.033339 0.436882
v 0.624413 0.118543 0.434395
v 0.665579 0.034475 0.469221
v 0.631029 0.004938 0.462587
v 0.606771 0.000393 0.464246
v 0.581043 0.028795 0.432736
v 0.575897 0.026523 0.521460
v 0.573692 0.001529 0.583650
v 0.615592 -0.000743 0.586138
v 0.769228 -0.000743 0.557945
v 0.719976 0.006074 0.502389
v 0.800837 0.001529 0.527265
v 0.766287 0.011754 0.533898
v 0.753790 0.056060 0.498243
v 0.751585 0.045836 0.504047
v 0.688367 0.048108 0.478342
v 0.678811 0.115135 0.467563
v 0.680281 0.125360 0.455124
v 0.644996 0.143537 0.421127
v 0.675135 0.081053 0.440199
v 0.581778 0.014026 0.368059
v 0.545023 0.054924 0.330745
v 0.518559 0.115135 0.273530
v 0.750115 -0.000743 0.742027
v 0.539142 0.007210 0.321623
v 0.488420 0.008346 0.285968
v 0.472983 0.042427 0.247825
v 0.445785 0.116271 0.207194
v 0.436228 0.129904 0.154125
v 0.458281 0.109455 0.149979
v 0.503122 0.023114 0.175684
v 0.465632 0.070829 0.173197
v 0.480334 0.051516 0.209682
v 0.509738 0.011754 0.222949
v 0.527381 -0.000743 0.290114
v 0.596480 -0.000743 0.364742
v 0.670725 0.020842 0.430249
v 0.700863 0.086734 0.456783
v 0.755261 0.062877 0.488292
v 0.787605 0.012890 0.483317
v 0.794221 -0.000743 0.448491
v 0.740559 0.056060 0.471709
v 0.768493 0.012890 0.468392
v 0.703069 0.003802 0.432736
v 0.538407 -0.000743 0.197244
v 0.547228 0.009482 0.174026
v 0.468573 0.135584 0.145833
v 0.475924 0.181026 0.139200
v 0.519294 0.167394 0.156613
v 0.552374 0.120815 0.170709
v 0.522970 0.075373 0.163246
v 0.647936 0.076509 0.171538
v 0.701599 0.043563 0.158271
v 0.622943 0.032203 0.166563
v 0.636175 0.003802 0.169880
v 0.708214 0.006074 0.170709
v 0.203203 2.130500 -0.066442
v 0.172328 2.257738 -0.065613
v 0.167918 2.256602 -0.095464
v 0.176004 2.103234 -0.143557
v 0.184825 1.968044 -0.180871
v 0.163507 2.032799 -0.161800
v 0.141454 1.587464 -0.250524
v 0.125282 1.598825 -0.280375
v 0.114991 1.503396 -0.310226
v 0.095878 1.480675 -0.316031
v 0.092938 1.590872 -0.279546
v 0.092938 1.593145 -0.259645
v 0.112785 1.444321 -0.292813
v 0.096613 1.510212 -0.296959
v 0.092938 1.494308 -0.306910
v 0.088527 1.276185 -0.336761
v 0.089997 1.279593 -0.326810
v 0.096613 1.327307 -0.318518
v 0.118666 1.183028 -0.310226
v 0.112785 1.346620 -0.297788
v 0.098819 1.369341 -0.295301
v 0.074560 1.272776 -0.311885
v 0.109845 1.262552 -0.297788
v 0.119401 1.071695 -0.303593
v 0.111315 0.920599 -0.298618
v -0.017327 1.326171 -0.325152
v 0.109845 0.516163 -0.293642
v 0.115726 0.298040 -0.292813
v 0.051037 0.101502 -0.307739
v 0.089997 0.102638 -0.285350
v 0.103229 0.101502 -0.282863
v 0.113520 0.099230 -0.290326
v 0.119401 0.474129 -0.305251
v 0.119401 0.710429 -0.302764
v 0.118666 0.818354 -0.310226
v 0.114991 0.818354 -0.320177
v 0.113520 0.096958 -0.298618
v 0.114255 0.516163 -0.316031
v 0.101024 0.096958 -0.309397
v 0.097348 0.203747 -0.313543
v 0.048097 0.099230 -0.327640
v 0.020898 0.100366 -0.343394
v 0.078236 1.073967 -0.345882
v 0.060593 0.797905 -0.352516
v 0.073090 0.819490 -0.337590
v 0.034865 0.452544 -0.352516
v 0.058388 0.545700 -0.338419
v 0.024574 0.235557 -0.345053
v 0.003256 0.099230 -0.363295
v -0.004830 0.096958 -0.382367
v 0.017958 0.305992 -0.375733
v -0.004095 0.089006 -0.398951
v 0.022368 0.279863 -0.391488
v 0.000315 0.078781 -0.403926
v 0.049567 0.651354 -0.371587
v 0.056183 0.667258 -0.377392
v 0.031190 0.283271 -0.395634
v 0.045891 0.257142 -0.393976
v 0.009137 0.057196 -0.398951
v 0.040011 0.167394 -0.389830
v 0.012812 0.032203 -0.369100
v 0.126752 0.341210 -0.323494
v 0.112050 0.360523 -0.335102
v 0.023103 0.011754 -0.366612
v 0.089997 0.117407 -0.332615
v 0.089997 0.104910 -0.340078
v 0.031190 0.023114 -0.374075
v 0.047362 0.118543 -0.398951
v 0.087057 0.128768 -0.373246
v 0.053242 0.118543 -0.406414
v 0.112785 0.216244 -0.325981
v 0.145865 0.360523 -0.320177
v 0.148070 0.528660 -0.313543
v 0.057653 0.466176 -0.390659
v 0.074560 0.774048 -0.376562
v 0.095143 1.262552 -0.343394
v 0.103229 1.395471 -0.329298
v 0.118666 0.132176 -0.334273
v 0.106169 1.189844 -0.348370
v 0.118666 1.334123 -0.329298
v 0.136309 1.412511 -0.284521
v 0.147335 1.369341 -0.282863
v 0.156156 1.601097 -0.242232
v 0.182620 1.841941 -0.217356
v 0.168653 1.454545 -0.272083
v 0.156156 1.380702 -0.280375
v 0.201732 1.447729 -0.297788
v 0.200262 1.753329 -0.235598
v 0.188500 2.010078 -0.160141
v 0.173798 2.180486 -0.113706
v 0.181149 2.177078 -0.089659
v 0.187765 2.188439 -0.069759
v 0.195116 2.119139 -0.089659
v 0.220110 2.019166 -0.100439
v 0.222315 1.953275 -0.117852
v 0.293619 1.685165 -0.164287
v 0.203938 1.843077 -0.142728
v 0.189236 1.949867 -0.127803
v 0.178209 2.124820 -0.108731
v 0.201732 1.805587 -0.206577
v 0.208348 1.693118 -0.242232
v 0.213494 1.436369 -0.296959
v 0.207613 1.285273 -0.316031
v 0.195851 1.285273 -0.306080
v 0.225990 2.020302 -0.092976
v 0.194381 1.108048 -0.314372
v 0.182620 0.955817 -0.303593
v 0.170123 0.941048 -0.295301
v 0.159831 1.073967 -0.289496
v 0.148070 1.026252 -0.297788
v 0.140719 1.246647 -0.297788
v 0.118666 1.176212 -0.340907
v 0.092938 0.780864 -0.372416
v 0.134838 0.751327 -0.321006
v 0.151746 0.754735 -0.306080
v 0.166447 0.680891 -0.306910
v 0.178209 0.649082 -0.314372
v 0.161302 0.430959 -0.321006
v 0.169388 0.299176 -0.350028
v 0.134838 0.102638 -0.347540
v 0.114991 0.067421 -0.366612
v 0.084117 0.059468 -0.384025
v 0.089262 0.016298 -0.384025
v 0.044421 0.017434 -0.394805
v 0.043686 0.000393 -0.407243
v 0.084117 0.000393 -0.405584
v 0.040011 -0.000743 -0.498455
v 0.042951 0.000393 -0.513380
v 0.044421 0.001529 -0.543231
v 0.053977 0.094686 -0.407243
v 0.104699 0.012890 -0.393976
v 0.115726 0.040155 -0.374075
v 0.121606 0.039019 -0.389000
v 0.072355 0.016298 -0.468603
v 0.049567 0.012890 -0.530793
v 0.062799 0.045835 -0.529135
v 0.057653 0.001529 -0.563132
v 0.061328 0.043563 -0.510063
v 0.073825 0.050380 -0.470262
v 0.109845 0.075373 -0.414705
v 0.082646 0.135584 -0.438752
v 0.073090 0.110591 -0.463628
v 0.145865 0.133312 -0.370758
v 0.171593 0.312809 -0.364124
v 0.200262 0.858116 -0.344224
v 0.203203 1.009212 -0.335102
v 0.221580 0.967177 -0.345882
v 0.206878 0.864932 -0.357491
v 0.187765 0.540020 -0.384025
v 0.159831 0.256006 -0.374075
v 0.148805 0.185570 -0.386513
v 0.135573 0.132176 -0.389830
v 0.125282 0.233285 -0.414705
v 0.103229 0.171938 -0.412218
v 0.143660 0.283271 -0.392317
v 0.154686 0.313945 -0.383196
v 0.184090 0.524115 -0.397292
v 0.148070 0.304856 -0.403097
v 0.129693 0.261686 -0.427973
v 0.162037 0.318489 -0.416364
v 0.164242 0.290088 -0.426314
v 0.182620 0.403693 -0.411389
v 0.199527 0.557061 -0.400609
v 0.200997 0.659306 -0.381538
v 0.217169 0.818354 -0.368270
v 0.212023 0.557061 -0.389830
v 0.196587 0.412782 -0.406414
v 0.181149 0.308265 -0.422998
v 0.136309 0.218516 -0.437923
v 0.111315 0.212836 -0.427973
v 0.095878 0.184434 -0.425485
v 0.079706 0.149217 -0.450361
v 0.076030 0.124223 -0.471091
v 0.076030 0.095822 -0.484358
v 0.072355 0.017434 -0.547377
v 0.081911 -0.000743 -0.565620
v 0.123077 -0.000743 -0.615372
v 0.100289 0.151489 -0.453678
v 0.114991 0.017434 -0.469433
v 0.122342 0.159441 -0.440411
v 0.141454 0.158305 -0.433777
v 0.125282 0.106046 -0.432948
v 0.124547 0.065148 -0.429631
v 0.135573 0.039019 -0.423827
v 0.160567 0.090142 -0.388171
v 0.149540 0.109455 -0.407243
v 0.174534 0.224196 -0.416364
v 0.200262 0.359387 -0.401438
v 0.212759 0.501394 -0.374075
v 0.225255 0.812674 -0.358320
v 0.225990 1.185300 -0.317689
v 0.219374 1.438641 -0.285350
v 0.209083 1.619274 -0.245549
v 0.198057 1.698798 -0.214039
v 0.192911 1.811267 -0.164287
v 0.197322 1.626090 -0.204089
v 0.207613 1.504532 -0.230623
v 0.200262 1.426144 -0.258816
v 0.202467 1.386382 -0.266279
v 0.196587 1.342076 -0.276229
v 0.195116 1.396607 -0.277888
v 0.192911 1.503396 -0.251353
v 0.194381 1.703342 -0.199114
v 0.207613 1.523845 -0.260474
v 0.217169 1.294362 -0.293642
v 0.225990 1.126225 -0.313543
v 0.225255 0.811538 -0.346711
v 0.210553 0.714973 -0.330127
v 0.206143 0.967177 -0.306080
v 0.201732 1.213702 -0.288667
v 0.197322 1.144402 -0.287009
v 0.200262 1.286409 -0.273742
v 0.353162 1.357981 -0.229794
v 0.225255 0.829715 -0.267108
v 0.215699 0.502530 -0.286180
v 0.325964 1.062606 -0.244720
v 0.207613 0.846756 -0.274571
v 0.250249 0.383244 -0.289496
v 0.228196 0.308265 -0.298618
v 0.203938 0.380972 -0.303593
v 0.202467 0.651354 -0.290326
v 0.197322 1.060334 -0.282863
v 0.199527 0.499122 -0.334273
v 0.198792 0.610456 -0.307739
v 0.192911 0.351435 -0.322664
v 0.196587 0.243509 -0.325152
v 0.208348 0.210564 -0.323494
v 0.217904 0.175346 -0.333444
v 0.168653 0.070829 -0.382367
v 0.180414 0.166258 -0.355832
v 0.181149 0.202611 -0.365783
v 0.167918 0.136720 -0.383196
v 0.153216 0.000393 -0.439581
v 0.181885 0.000393 -0.466945
v 0.142924 0.001529 -0.619518
v 0.153951 0.015162 -0.611226
v 0.151746 0.007210 -0.635273
v 0.153216 0.027658 -0.641077
v 0.156891 0.040155 -0.606251
v 0.139984 0.046972 -0.629468
v 0.103964 0.003801 -0.651027
v 0.081176 0.003801 -0.633614
v 0.049567 -0.000743 -0.662636
v 0.059858 0.018570 -0.610397
v 0.029719 0.023114 -0.659319
v 0.022368 0.014026 -0.670099
v 0.021633 0.027658 -0.683366
v 0.037070 0.058332 -0.657661
v 0.035600 0.015162 -0.699950
v 0.076766 0.101502 -0.613713
v 0.102494 0.012890 -0.685024
v 0.116461 0.085597 -0.633614
v 0.147335 0.083325 -0.645223
v 0.174534 0.007210 -0.680879
v 0.053242 0.001529 -0.721509
v 0.194381 -0.000743 -0.686683
v 0.378156 0.000393 -0.586350
v 0.116461 -0.000743 -0.809404
v 0.187030 0.007210 -0.486846
v 0.187765 0.012890 -0.663465
v 0.163507 0.079917 -0.636102
v 0.166447 0.107183 -0.592154
v 0.119401 0.091278 -0.587179
v 0.098819 0.117407 -0.565620
v 0.170123 0.133312 -0.579716
v 0.200262 0.028795 -0.612884
v 0.217904 0.002665 -0.626151
v 0.323758 0.000393 -0.608738
v 0.389182 0.011754 -0.557328
v 0.415646 0.002665 -0.528306
v 0.308321 0.015162 -0.600446
v 0.359778 0.015162 -0.576399
v 0.217169 0.050380 -0.606251
v 0.171593 0.168530 -0.569766
v 0.109110 0.149217 -0.541573
v 0.078971 0.112863 -0.565620
v 0.067944 0.084461 -0.570595
v 0.069415 0.056060 -0.573083
v 0.076766 0.044699 -0.580545
v 0.098819 0.042427 -0.592983
v 0.128958 0.043563 -0.548207
v 0.157626 0.058332 -0.558986
v 0.159831 0.045835 -0.506747
v 0.176739 0.037883 -0.518355
v 0.195116 0.046972 -0.448703
v 0.189236 0.017434 -0.491821
v 0.200997 0.026523 -0.444557
v 0.188500 0.008346 -0.435435
v 0.206143 0.050380 -0.396463
v 0.221580 0.131040 -0.360808
v 0.239957 0.288952 -0.311056
v 0.253189 0.335530 -0.297788
v 0.217904 0.146945 -0.367441
v 0.231871 0.245781 -0.345882
v 0.231136 0.253734 -0.358320
v 0.198792 0.074237 -0.418851
v 0.173063 0.051516 -0.434606
v 0.144395 0.044699 -0.463628
v 0.167918 0.069693 -0.422998
v 0.096613 0.081053 -0.511722
v 0.128958 0.071965 -0.468603
v 0.164977 0.093550 -0.420510
v 0.203938 0.160577 -0.374075
v 0.198792 0.170802 -0.383196
v 0.217904 0.208292 -0.365783
v 0.159831 0.107183 -0.439581
v 0.204673 0.171938 -0.392317
v 0.244368 0.283271 -0.352516
v 0.273037 0.319625 -0.320177
v 0.268626 0.350299 -0.300276
v 0.270831 0.451408 -0.289496
v 0.339931 1.004667 -0.251353
v 0.367864 1.278457 -0.234769
v 0.372275 1.070559 -0.265450
v 0.383301 1.204613 -0.247207
v 0.378891 1.356845 -0.220673
v 0.359778 1.414784 -0.219844
v 0.330374 1.488628 -0.206577
v 0.347282 1.495444 -0.192480
v 0.353162 1.501124 -0.176725
v 0.349487 1.521573 -0.157654
v 0.386242 1.392063 -0.180871
v 0.382566 1.406831 -0.197455
v 0.403149 1.095552 -0.258816
v 0.391387 1.325035 -0.190822
v 0.348752 1.188709 0.009015
v 0.388447 0.627497 0.029745
v 0.392858 0.418462 0.048817
v 0.388447 0.313945 0.064572
v 0.420791 0.095822 0.059596
v 0.435493 0.045836 0.073693
v 0.441374 0.003801 0.033062
v 0.398738 0.487762 0.012332
v 0.428877 0.053788 0.043013
v 0.428877 0.034475 0.025599
v 0.368600 0.886518 -0.293642
v 0.361984 0.855844 -0.005081
v 0.355368 1.005803 -0.004252
v 0.362719 0.421870 -0.056491
v 0.367864 0.387789 -0.043224
v 0.370070 0.253734 -0.063125
v 0.418586 0.031067 -0.000935
v 0.390652 0.485489 -0.185017
v 0.390652 1.186436 -0.204089
v 0.396533 1.201205 -0.224819
v 0.385507 1.116001 -0.224819
v 0.385507 1.066015 -0.214039
v 0.365659 0.837667 -0.251353
v 0.385507 0.609320 -0.213210
v 0.388447 0.341210 -0.214868
v 0.362719 0.183298 -0.283692
v 0.361248 0.298040 -0.258816
v 0.328169 0.443455 -0.272083
v 0.338460 0.558197 -0.276229
v 0.317878 0.388925 -0.296959
v 0.306851 0.275319 -0.307739
v 0.308321 0.302584 -0.326810
v 0.404619 0.925143 -0.279546
v 0.402414 0.745646 -0.311885
v 0.345811 0.474129 -0.322664
v 0.390652 0.607047 -0.330127
v 0.396533 0.536612 -0.366612
v 0.403149 0.717245 -0.334273
v 0.403149 0.888790 -0.299447
v 0.397268 0.929688 -0.296959
v 0.397268 1.073967 -0.270425
v 0.382566 0.885381 -0.306080
v 0.289209 0.292360 -0.346711
v 0.252454 0.181026 -0.389830
v 0.276712 0.215108 -0.384854
v 0.256865 0.144672 -0.435435
v 0.226725 0.117407 -0.433777
v 0.225255 0.145808 -0.406414
v 0.192911 0.093550 -0.453678
v 0.171593 0.103774 -0.448703
v 0.134838 0.100366 -0.474408
v 0.104699 0.132176 -0.506747
v 0.105434 0.142400 -0.515039
v 0.123077 0.138992 -0.527477
v 0.161302 0.160577 -0.555669
v 0.217169 0.060604 -0.545719
v 0.228196 0.046972 -0.539085
v 0.128222 0.133312 -0.506747
v 0.156891 0.143536 -0.495138
v 0.225990 0.057196 -0.523331
v 0.250249 0.053788 -0.540744
v 0.267891 0.052652 -0.573083
v 0.229666 0.137856 -0.561474
v 0.269361 0.142400 -0.577229
v 0.281858 0.062876 -0.580545
v 0.316407 0.117407 -0.569766
v 0.309057 0.049244 -0.573083
v 0.295090 0.028795 -0.571424
v 0.278182 0.053788 -0.564791
v 0.264215 0.062876 -0.556499
v 0.321553 0.200339 -0.514209
v 0.230401 0.120815 -0.498455
v 0.256865 0.089006 -0.510893
v 0.257600 0.152625 -0.474408
v 0.279652 0.129904 -0.496796
v 0.234812 0.127632 -0.484358
v 0.230401 0.111727 -0.466116
v 0.287739 0.203747 -0.443727
v 0.284798 0.191251 -0.470262
v 0.320818 0.261686 -0.442898
v 0.389182 0.738830 -0.340907
v 0.379626 0.566149 -0.384854
v 0.353897 0.383244 -0.434606
v 0.352427 0.336666 -0.458653
v 0.339195 0.285543 -0.480212
v 0.355368 0.292360 -0.480212
v 0.373745 0.415054 -0.432948
v 0.396533 0.646809 -0.359149
v 0.397268 0.554789 -0.376562
v 0.375215 0.350299 -0.445386
v 0.334785 0.137856 -0.518355
v 0.307586 0.032203 -0.552353
v 0.338460 0.142400 -0.502601
v 0.380361 0.410510 -0.389830
v 0.323023 0.329850 -0.343394
v 0.306116 0.250326 -0.362466
v 0.356838 0.258278 -0.436265
v 0.331844 0.154897 -0.474408
v 0.315672 0.064012 -0.511722
v 0.309792 0.028795 -0.516697
v 0.309792 0.014026 -0.563132
v 0.335520 0.067421 -0.553182
v 0.346546 0.129904 -0.549865
v 0.337725 0.033339 -0.529964
v 0.334050 0.015162 -0.516697
v 0.314202 0.003801 -0.510063
v 0.302441 0.058332 -0.479383
v 0.300970 0.112863 -0.463628
v 0.300235 0.174210 -0.437923
v 0.331109 0.249190 -0.407243
v 0.303176 0.211700 -0.393146
v 0.296560 0.229877 -0.344224
v 0.292884 0.154897 -0.423827
v 0.317878 0.086734 -0.443727
v 0.305381 0.100366 -0.456165
v 0.342871 0.028795 -0.452849
v 0.311262 0.034475 -0.475237
v 0.326699 0.027659 -0.477725
v 0.348017 0.034475 -0.494309
v 0.351692 0.017434 -0.467774
v 0.351692 0.012890 -0.443727
v 0.309792 0.035611 -0.417193
v 0.293619 0.056060 -0.389000
v 0.288474 0.145808 -0.388171
v 0.298030 0.127632 -0.336761
v 0.318613 0.195795 -0.307739
v 0.337725 0.134448 -0.316860
v 0.310527 0.015162 -0.340907
v 0.295090 0.054924 -0.355832
v 0.289209 0.090142 -0.370758
v 0.305381 0.021978 -0.356662
v 0.304646 0.034475 -0.392317
v 0.319348 0.010618 -0.413876
v 0.336255 0.001529 -0.403097
v 0.325228 0.027659 -0.387342
v 0.331109 0.071965 -0.360808
v 0.341401 0.089006 -0.346711
v 0.331109 0.040155 -0.345882
v 0.406089 0.014026 -0.347540
v 0.402414 0.036747 -0.349199
v 0.375950 0.128768 -0.348370
v 0.368600 0.099230 -0.359978
v 0.375950 0.023114 -0.372416
v 0.433288 0.142400 -0.364954
v 0.432553 0.181026 -0.352516
v 0.417116 0.150353 -0.340078
v 0.434758 0.183298 -0.340078
v 0.443579 0.151489 -0.335102
v 0.457546 0.036747 -0.340078
v 0.463427 0.081053 -0.345053
v 0.478129 0.031067 -0.332615
v 0.420056 0.000393 -0.335102
v 0.487685 0.009482 -0.311056
v 0.506063 -0.000743 -0.267937
v 0.367864 -0.000743 -0.279546
v 0.386977 0.018570 -0.325152
v 0.380361 0.018570 -0.336761
v 0.342136 0.009482 -0.331786
v 0.340666 0.025386 -0.319348
v 0.325964 0.082189 -0.326810
v 0.341401 0.073101 -0.303593
v 0.358308 0.066285 -0.308568
v 0.352427 0.024250 -0.285350
v 0.340666 0.084461 -0.292813
v 0.367129 0.116271 -0.266279
v 0.378891 0.234421 -0.225648
v 0.389182 0.019706 -0.139411
v 0.397268 -0.000743 -0.185017
v 0.370805 0.002665 -0.228965
v 0.357573 0.014026 -0.261304
v 0.355368 0.046972 -0.269596
v 0.352427 0.012890 -0.377392
v -0.398843 1.595417 0.091106
v -0.383406 1.605641 0.133395
v -0.362823 1.590873 0.188952
v -0.498081 0.634313 0.013991
v -0.503226 0.553653 -0.151849
v -0.523809 0.412782 -0.182530
v -0.562769 0.236693 -0.208235
v -0.537776 0.268503 -0.180871
v -0.412074 1.436369 0.119299
v -0.462796 0.997851 0.197244
v -0.506167 0.563878 0.256117
v -0.409134 1.431825 0.150808
v -0.442214 1.048974 0.222120
v -0.470147 0.749055 0.285968
v -0.426041 1.069423 0.223778
v -0.406194 1.338668 0.175684
v -0.389286 1.471587 0.160759
v -0.379730 1.543158 0.158271
v -0.368704 1.359117 0.202219
v -0.389286 0.886518 0.266896
v -0.374584 1.146675 0.234557
v -0.362823 1.432961 0.223778
v -0.355472 1.556791 0.218803
v -0.342975 1.569288 0.246996
v -0.327538 1.536342 0.286797
v -0.313571 1.548838 0.319965
v -0.313571 1.323899 0.324940
v -0.310631 1.461362 0.338207
v -0.308426 0.921735 0.379667
v -0.326068 0.962634 0.345670
v -0.336359 1.460226 0.280993
v -0.347386 1.313675 0.289285
v -0.373114 1.175076 0.289285
v -0.392227 0.902422 0.314161
v -0.386346 0.809266 0.296747
v -0.387816 0.661578 0.329086
v -0.399578 0.596823 0.359767
v -0.394432 0.549109 0.368888
v -0.381200 0.430959 0.408689
v -0.365028 0.284408 0.464246
v -0.337829 0.170802 0.508193
v -0.318717 0.178754 0.505706
v -0.294459 0.126496 0.546336
v -0.274611 0.127632 0.546336
v -0.238591 0.106047 0.599405
v -0.232710 0.113999 0.625940
v -0.217274 0.133312 0.653303
v -0.206247 0.124224 0.635061
v -0.205512 0.138992 0.615160
v -0.259174 0.136720 0.552141
v -0.292988 0.215108 0.494097
v -0.318717 0.270775 0.471709
v -0.357677 0.370748 0.447662
v -0.371644 0.388925 0.436053
v -0.390022 0.542292 0.392105
v -0.398107 0.683163 0.364742
v -0.384141 0.891062 0.338207
v -0.358412 1.073967 0.319136
v -0.378260 0.657034 0.387959
v -0.316512 0.663851 0.399568
v -0.313571 0.653626 0.415323
v -0.310631 0.869477 0.423615
v -0.310631 1.271641 0.382984
v -0.306220 1.346620 0.384643
v -0.295194 1.173940 0.414494
v -0.284167 1.128497 0.419469
v -0.268730 0.966042 0.440199
v -0.239326 0.689980 0.456783
v -0.239326 0.568422 0.455954
v -0.262115 0.217380 0.482488
v -0.246677 0.111727 0.526436
v -0.236386 0.077645 0.557116
v -0.206247 0.111727 0.576188
v -0.209187 0.159441 0.543849
v -0.231975 0.453680 0.468392
v -0.215803 0.324170 0.497414
v -0.199631 0.182162 0.550482
v -0.197426 0.099230 0.613502
v -0.194485 0.132176 0.611014
v -0.211393 0.185571 0.591113
v -0.226095 0.166258 0.584480
v -0.263585 0.365068 0.524777
v -0.258439 0.295768 0.537215
v -0.281227 0.353707 0.507364
v -0.280492 0.270775 0.496585
v -0.252558 0.166258 0.552141
v -0.288578 0.266231 0.484146
v -0.308426 0.358251 0.449320
v -0.361353 0.540020 0.412006
v -0.300339 0.405966 0.458441
v -0.307691 0.572966 0.459271
v -0.305485 1.021708 0.424444
v -0.295929 0.396877 0.486634
v -0.291518 0.451408 0.484976
v -0.279022 0.425279 0.493268
v -0.243737 0.461632 0.499901
v -0.245207 0.390061 0.523948
v -0.218744 0.271911 0.560433
v -0.295194 0.727470 0.465075
v -0.205512 0.277591 0.527265
v -0.218009 0.455952 0.481659
v -0.234916 0.619544 0.467563
v -0.239326 0.575238 0.484146
v -0.278287 0.986490 0.443516
v -0.257704 0.627497 0.484146
v -0.275346 0.761551 0.470050
v -0.279022 0.510483 0.484976
v -0.231975 0.526388 0.486634
v -0.221684 0.501394 0.489122
v -0.215068 0.404830 0.504876
v -0.018797 0.107183 -0.318518
v -0.031294 0.108319 -0.322664
v -0.040850 0.109455 -0.331786
v -0.043790 0.111727 -0.346711
v -0.043055 0.123087 -0.395634
v 0.029719 0.101502 -0.316860
v 0.010607 0.103774 -0.320177
v 0.437698 0.042427 -0.381538
v 0.380361 0.004937 -0.379879
v 0.437698 0.010618 -0.400609
v 0.410500 0.001529 -0.403926
v 0.435493 0.000393 -0.448703
v 0.427407 0.006073 -0.475237
v 0.410500 0.034475 -0.505088
v 0.355368 0.011754 -0.390659
v 0.375215 0.037883 -0.423827
v 0.364924 0.012890 -0.443727
v 0.364189 0.025386 -0.472749
v 0.416381 0.019706 -0.463628
v 0.404619 0.021978 -0.424656
v 0.386977 0.025386 -0.404755
v 0.394328 0.062876 -0.435435
v 0.386242 0.064012 -0.447873
v 0.400944 0.074237 -0.462799
v 0.374480 0.129904 -0.523331
v 0.397268 0.082189 -0.505917
v 0.373010 0.107183 -0.498455
v 0.359043 0.053788 -0.504259
v 0.355368 0.113999 -0.524989
v 0.345076 0.146945 -0.562303
v 0.317878 0.145808 -0.573083
v 0.269361 0.167393 -0.581375
v 0.251719 0.173074 -0.585521
v 0.221580 0.148080 -0.593813
v 0.259070 0.143536 -0.596300
v 0.303176 0.152625 -0.585521
v 0.323758 0.128768 -0.583033
v 0.300970 0.118543 -0.592154
v 0.304646 0.043563 -0.594642
v 0.356103 0.044699 -0.570595
v 0.386242 0.091278 -0.532452
v 0.393593 0.041291 -0.535769
v -0.587028 0.159441 -0.204089
v -0.542922 0.240101 -0.173409
v -0.553213 0.213972 -0.160971
v -0.587028 0.179890 -0.172579
v -0.617902 0.151489 -0.173409
v -0.585558 0.167394 -0.185017
v -0.634809 0.104910 -0.185846
v -0.642895 0.015162 -0.218185
v -0.586293 0.002665 -0.209893
v -0.587028 0.127632 -0.213210
v -0.617167 0.091278 -0.185846
v -0.617167 0.037883 -0.197455
v -0.597319 0.020842 -0.206576
vn 0.3488 0.6079 -0.7133
vn 0.1070 0.3281 -0.9386
vn 0.0448 0.3171 -0.9473
vn -0.0635 0.8185 -0.5710
vn -0.7480 0.0809 0.6587
vn -0.6490 0.0897 0.7555
vn -0.2695 0.1344 0.9536
vn -0.3978 0.2458 0.8839
vn -0.2932 0.3077 0.9052
vn -0.6310 0.1420 0.7627
vn 0.6470 -0.1401 0.7495
vn 0.6892 0.0847 0.7196
vn 0.1091 0.1311 0.9854
vn -0.0451 0.1228 0.9914
vn -0.2293 0.2450 0.9420
vn 0.9501 0.1555 0.2703
vn 0.7513 0.1391 0.6451
vn 0.9735 0.1403 0.1803
vn 0.2043 0.6875 -0.6969
vn 0.0913 0.7016 -0.7067
vn 0.6981 0.5333 -0.4777
vn 0.6568 0.6125 -0.4397
vn -0.9944 0.0025 0.1054
vn -0.9099 -0.3545 -0.2152
vn -0.9223 0.0962 -0.3744
vn -0.9279 0.0150 -0.3725
vn 0.8325 0.0771 -0.5487
vn 0.5121 0.2533 -0.8207
vn 0.5036 0.0941 -0.8588
vn -0.9914 0.1303 -0.0113
vn -0.9651 0.0511 0.2568
vn -0.6974 0.0281 0.7161
vn -0.9554 0.0805 0.2841
vn 0.9708 -0.2049 0.1245
vn 0.9653 -0.1592 0.2069
vn 0.9932 -0.1019 -0.0556
vn 0.9837 -0.0862 -0.1577
vn -0.2801 0.8226 0.4948
vn -0.2769 0.7303 0.6244
vn 0.2256 0.9525 0.2045
vn -0.0003 0.9878 0.1560
vn 0.2094 0.0803 0.9745
vn 0.4743 0.0406 0.8794
vn 0.6817 0.0611 0.7291
vn 0.9715 0.0300 0.2353
vn -0.7543 0.1419 -0.6410
vn -0.9269 0.0923 -0.3638
vn -0.5603 0.1146 -0.8203
vn -0.5643 0.1216 -0.8165
vn 0.0478 0.1074 -0.9931
vn -0.5246 0.0991 -0.8456
vn 0.7486 0.1152 -0.6530
vn 0.8500 0.1482 -0.5054
vn 0.9698 0.1010 -0.2221
vn 0.9939 0.0182 0.1087
vn 0.9931 0.0878 0.0781
vn 0.9770 0.1995 0.0755
vn 0.9802 0.1109 0.1640
vn 0.9966 0.0369 0.0744
vn 0.9974 0.0669 0.0259
vn 0.9310 0.3411 -0.1301
vn 0.9885 -0.1511 0.0060
vn 0.9859 -0.1319 -0.1027
vn 0.9977 -0.0624 0.0273
vn 0.9950 -0.0769 -0.0643
vn 0.3236 0.2305 -0.9177
vn 0.7989 0.1546 -0.5813
vn 0.8968 0.1351 -0.4214
vn 0.7409 0.1586 -0.6526
vn -0.2039 0.1437 0.9684
vn 0.0389 0.1441 0.9888
vn 0.6176 0.2022 0.7601
vn 0.6939 0.0698 0.7167
vn -0.9311 0.0106 0.3647
vn -0.8440 -0.0100 0.5363
vn -0.8394 -0.0124 0.5433
vn -0.5320 -0.0278 0.8463
vn 0.8142 0.1567 0.5591
vn 0.5660 0.1395 0.8125
vn 0.4120 0.0939 0.9063
vn 0.9171 0.1383 0.3738
vn 0.8964 -0.0481 -0.4406
vn 0.9962 0.0868 -0.0020
vn 0.8099 -0.1102 -0.5761
vn 0.2775 0.2191 0.9354
vn 0.3127 -0.0310 0.9494
vn 0.0304 0.5606 0.8275
vn 0.0408 0.4454 0.8944
vn 0.8695 0.2964 0.3951
vn 0.6938 0.6923 0.1984
vn 0.3445 0.8633 0.3689
vn 0.9201 0.3847 -0.0737
vn -0.5886 0.0724 -0.8052
vn -0.2234 0.0709 -0.9721
vn 0.0007 0.0444 -0.9990
vn -0.1717 0.0638 -0.9831
vn 0.5367 0.0953 0.8384
vn 0.3717 0.1150 0.9212
vn 0.2825 0.0624 0.9572
vn -0.9889 0.1460 0.0292
vn -0.6736 0.0967 -0.7328
vn -0.8813 0.1593 -0.4450
vn -0.7188 0.0874 0.6897
vn -0.6594 0.7490 0.0643
vn -0.8384 0.2242 0.4968
vn -0.8339 0.2996 0.4635
vn -0.0371 0.8084 0.5875
vn 0.9483 0.1981 -0.2480
vn 0.8780 0.0646 -0.4743
vn 0.9428 0.0914 -0.3207
vn 0.4064 0.0476 -0.9125
vn 0.9665 0.1062 -0.2336
vn 0.9614 0.1597 -0.2239
vn 0.3046 0.2084 0.9294
vn 0.2947 0.0833 0.9519
vn -0.1638 0.0887 0.9825
vn -0.1931 0.1087 0.9751
vn -0.9373 0.0453 -0.3455
vn -0.8602 0.0561 -0.5068
vn -0.6408 0.1406 -0.7547
vn -0.9382 0.0894 -0.3343
vn 0.4344 0.1531 0.8876
vn 0.4470 0.0990 0.8890
vn 0.1392 0.9007 0.4115
vn 0.2058 0.4745 0.8559
vn 0.5520 0.1868 0.8126
vn 0.2143 0.2823 0.9351
vn 0.1213 0.2082 0.9705
vn 0.4533 0.1983 0.8690
vn 0.3328 0.1399 0.9325
vn 0.5260 0.1595 0.8354
vn 0.4430 0.1021 0.8907
vn 0.2617 0.6748 0.6900
vn 0.6681 0.6262 -0.4018
vn 0.4492 0.7902 0.4170
vn 0.0553 0.9109 0.4089
vn 0.5537 0.8230 0.1273
vn 0.7419 -0.2388 -0.6265
vn 0.8914 0.0385 -0.4517
vn 0.8133 -0.1237 -0.5686
vn 0.7243 -0.2930 -0.6241
vn -0.9909 0.0799 0.1083
vn -0.8329 0.1016 0.5441
vn -0.6237 -0.0643 0.7790
vn -0.9030 0.2307 -0.3624
vn 0.8561 0.2078 -0.4732
vn 0.6876 0.1609 0.7081
vn -0.6709 0.1431 0.7276
vn -0.7825 0.0986 0.6148
vn -0.5267 0.0362 0.8493
vn 0.9959 -0.0406 0.0804
vn 0.9587 0.0432 0.2812
vn 0.8203 0.1123 0.5608
vn 0.8279 0.1147 0.5490
vn 0.8384 0.0994 0.5358
vn 0.9413 0.0995 0.3226
vn -0.6487 0.4046 -0.6446
vn -0.5836 0.5215 -0.6225
vn -0.9433 -0.1361 -0.3028
vn -0.9913 -0.0788 0.1055
vn -0.9995 0.0244 0.0214
vn -0.0104 0.6634 0.7482
vn -0.1390 0.3200 0.9372
vn -0.2917 0.5760 0.7636
vn -0.0052 0.9005 0.4348
vn -0.4824 0.6696 0.5648
vn 0.9848 -0.1305 -0.1145
vn 0.9564 -0.2910 -0.0262
vn 0.9952 -0.0976 -0.0004
vn 0.9764 -0.2045 0.0689
vn -0.3010 0.2036 0.9316
vn -0.7071 0.0554 0.7050
vn -0.5935 0.1025 0.7983
vn -0.5242 0.1241 0.8425
vn -0.1887 0.0674 0.9797
vn -0.2446 0.1465 0.9585
vn -0.7362 0.3968 0.5483
vn -0.6674 0.4126 0.6200
vn -0.6643 -0.1815 0.7251
vn -0.6856 -0.1219 0.7177
vn -0.4790 -0.1041 0.8716
vn -0.6576 -0.1045 0.7461
vn -0.1298 0.6946 0.7076
vn 0.5355 0.8440 0.0299
vn 0.9251 0.1705 0.3392
vn 0.8024 0.1956 0.5638
vn 0.3788 0.3133 0.8709
vn 0.9175 0.1286 0.3764
vn -0.3871 0.6711 0.6323
vn -0.3700 0.8867 0.2771
vn 0.7188 0.5420 -0.4354
vn 0.8845 0.1226 -0.4502
vn 0.9012 0.3219 -0.2901
vn -0.8096 0.2626 0.5250
vn -0.7526 0.2881 0.5922
vn -0.7101 0.1907 0.6777
vn -0.4305 0.8968 0.1019
vn -0.6523 0.6473 0.3944
vn 0.0535 0.0587 -0.9968
vn 0.0887 0.0170 -0.9959
vn 0.0392 -0.0049 -0.9992
vn -0.0720 0.9920 0.1037
vn -0.4358 0.8966 0.0780
vn -0.1039 0.9942 0.0275
vn -0.5091 -0.8579 0.0691
vn -0.6825 -0.7128 -0.1616
vn -0.8067 -0.5565 -0.1989
vn -0.6076 -0.7887 0.0937
vn 0.1342 0.9909 0.0089
vn 0.3516 0.9321 0.0867
vn 0.7162 0.6861 0.1282
vn 0.4525 0.8156 0.3606
vn 0.1219 0.9485 0.2923
vn 0.2831 0.7152 0.6390
vn -0.7221 0.1404 0.6774
vn -0.9481 0.3147 0.0445
vn -0.9405 0.3263 0.0950
vn -0.9086 0.3039 0.2864
vn -0.9151 0.2877 0.2825
vn -0.8667 0.4544 0.2057
vn -0.5731 0.0997 -0.8134
vn -0.7151 0.1671 -0.6787
vn -0.3505 0.2343 -0.9068
vn -0.3373 0.2052 -0.9188
vn 0.9461 -0.2629 0.1890
vn 0.8938 -0.4283 0.1328
vn 0.4990 -0.8620 0.0893
vn 0.0011 -0.9999 -0.0149
vn -0.0431 0.3690 -0.9284
vn -0.0128 0.4678 -0.8837
vn 0.1784 0.5244 -0.8326
vn -0.2329 0.3045 -0.9236
vn 0.9534 0.0878 -0.2886
vn 0.9529 0.0992 -0.2866
vn 0.9820 0.0589 0.1796
vn 0.7973 0.0839 0.5977
vn 0.9798 0.1475 0.1351
vn 0.9860 0.1190 0.1170
vn 0.9888 0.1109 -0.1002
vn 0.0867 -0.9659 -0.2438
vn 0.8562 -0.4908 -0.1613
vn 0.2257 -0.7812 -0.5820
vn 0.5002 -0.6726 -0.5453
vn 0.0855 -0.9567 -0.2784
vn 0.9440 0.0844 0.3189
vn 0.7563 0.1230 0.6426
vn 0.7199 0.1435 0.6791
vn 0.9220 0.1106 0.3710
vn -0.3139 0.5050 -0.8040
vn -0.4814 0.8567 -0.1851
vn -0.1346 0.9352 -0.3277
vn -0.2156 0.5916 -0.7769
vn 0.9711 0.2181 -0.0973
vn 0.2809 0.8379 0.4681
vn 0.9676 -0.2301 -0.1041
vn 0.9527 -0.2396 -0.1872
vn 0.3673 -0.9270 -0.0755
vn 0.6461 -0.3948 -0.6533
vn 0.8033 -0.2768 -0.5274
vn 0.9391 0.0626 0.3378
vn -0.9366 0.2831 -0.2064
vn -0.7873 0.1790 -0.5900
vn -0.8429 0.2066 -0.4968
vn -0.8849 0.1506 -0.4407
vn -0.9536 0.1088 -0.2808
vn 0.3874 0.5563 0.7352
vn 0.7052 0.2973 0.6437
vn -0.4275 -0.0739 0.9010
vn -0.2395 -0.0735 0.9681
vn -0.4348 -0.1347 0.8904
vn -0.5217 -0.1205 0.8446
vn 0.7837 -0.0402 0.6198
vn 0.9726 0.0158 -0.2318
vn 0.8823 -0.0806 -0.4638
vn -0.4678 0.1226 0.8753
vn -0.6126 0.1205 0.7812
vn -0.2908 0.1534 0.9444
vn 0.1131 0.1672 0.9794
vn 0.2907 0.1702 0.9416
vn -0.2484 0.2001 0.9478
vn 0.9107 -0.0884 -0.4035
vn 0.9838 0.0204 -0.1782
vn -0.7686 0.0505 -0.6378
vn -0.9777 -0.0350 -0.2071
vn -0.9641 -0.1650 0.2079
vn -0.9284 -0.3397 -0.1504
vn 0.9946 0.0440 0.0940
vn -0.9621 0.0478 -0.2683
vn -0.7054 0.1136 -0.6996
vn -0.9729 0.1066 -0.2052
vn -0.9831 0.0859 -0.1614
vn -0.9933 0.0845 -0.0792
vn -0.9924 -0.1232 0.0079
vn -0.9788 -0.1413 0.1486
vn 0.7070 0.1693 0.6867
vn 0.9698 0.0864 0.2280
vn 0.9491 -0.0190 0.3145
vn 0.8564 0.2559 0.4485
vn 0.6855 0.1850 0.7042
vn 0.5014 0.1685 0.8486
vn -0.9494 0.0883 -0.3013
vn -0.9927 0.1023 -0.0633
vn -0.9085 0.0262 0.4171
vn -0.8933 0.0209 0.4489
vn -0.9289 0.0747 0.3626
vn -0.8495 -0.0016 0.5275
vn -0.9883 0.0212 0.1510
vn -0.9884 0.1168 -0.0967
vn 0.2156 0.1438 0.9658
vn 0.1364 0.3580 0.9237
vn 0.1427 0.2841 0.9481
vn 0.0846 0.3453 0.9347
vn 0.6930 0.6818 -0.2344
vn 0.8538 -0.2314 -0.4663
vn 0.8673 0.3640 0.3395
vn 0.6410 0.7345 0.2228
vn 0.3824 -0.1028 0.9183
vn 0.2865 0.0966 0.9532
vn 0.2832 -0.0471 0.9579
vn 0.0679 0.2119 0.9749
vn 0.2944 0.6651 0.6863
vn 0.0151 0.9145 0.4044
vn -0.2719 0.9137 0.3021
vn -0.0139 0.5504 0.8348
vn 0.9961 0.0625 0.0618
vn 0.9586 -0.1310 0.2528
vn 0.9537 -0.0432 0.2977
vn -0.1539 0.1790 0.9717
vn -0.3034 0.3657 0.8799
vn -0.9699 0.1199 -0.2119
vn -0.8761 0.0837 -0.4748
vn -0.7479 0.0953 -0.6569
vn -0.8693 0.1655 -0.4658
vn 0.7637 0.4146 -0.4949
vn 0.6063 0.0352 -0.7944
vn 0.6450 0.7625 -0.0502
vn 0.2348 0.0276 -0.9717
vn 0.3435 0.0456 -0.9380
vn 0.5451 0.0586 -0.8363
vn 0.8377 0.0751 -0.5409
vn 0.0250 -0.0969 -0.9950
vn 0.1589 0.0282 -0.9869
vn -0.6913 -0.2320 -0.6843
vn -0.6667 -0.1082 -0.7374
vn -0.5599 0.5858 0.5860
vn 0.1827 0.8614 0.4739
vn -0.2058 0.9614 0.1826
vn -0.4223 0.8330 0.3574
vn -0.1778 0.1446 0.9734
vn -0.1390 0.1025 0.9850
vn -0.0696 0.2566 0.9640
vn -0.4539 0.1461 0.8790
vn -0.3576 0.0649 0.9316
vn -0.5047 0.0783 0.8597
vn -0.3821 0.1034 0.9183
vn -0.4984 0.0357 0.8662
vn -0.1680 -0.0910 -0.9816
vn 0.0753 -0.0165 -0.9970
vn 0.9495 0.0795 -0.3034
vn 0.9581 0.1258 -0.2573
vn 0.9653 0.1700 -0.1983
vn 0.4397 0.0258 -0.8978
vn 0.9673 0.0458 -0.2493
vn 0.9628 0.1317 0.2358
vn 0.6969 0.1615 0.6987
vn 0.9291 -0.0651 0.3641
vn 0.9416 -0.0937 0.3234
vn 0.9507 -0.0567 0.3048
vn 0.8451 -0.0622 0.5310
vn 0.7381 -0.0744 0.6706
vn 0.9668 0.0155 -0.2552
vn 0.7256 0.1723 -0.6662
vn 0.6005 0.1469 -0.7860
vn 0.2890 0.2463 -0.9251
vn 0.1540 0.2226 0.9627
vn 0.9931 0.0013 0.1173
vn 0.9926 0.0968 -0.0730
vn 0.1759 0.9733 -0.1473
vn 0.9049 -0.2378 -0.3529
vn 0.0214 0.0253 0.9995
vn -0.3236 0.0241 0.9459
vn -0.2294 0.0705 0.9708
vn -0.0439 0.9747 -0.2190
vn -0.1204 0.9624 -0.2433
vn -0.2230 0.8246 -0.5199
vn -0.0079 0.8057 -0.5923
vn 0.4363 0.5487 -0.7131
vn -0.4417 0.1917 0.8764
vn -0.6415 0.1666 0.7488
vn -0.4354 0.3936 0.8096
vn 0.1383 0.1500 0.9790
vn -0.1764 0.9796 -0.0965
vn -0.1547 0.9760 0.1534
vn -0.2486 0.9258 0.2847
vn 0.3660 0.9212 -0.1324
vn -0.0784 0.2104 -0.9745
vn 0.1956 0.1547 -0.9684
vn 0.1316 0.1621 -0.9779
vn -0.0774 0.0634 -0.9950
vn 0.5070 0.3625 -0.7820
vn 0.7730 0.2151 -0.5969
vn 0.6549 0.4509 -0.6065
vn 0.1901 0.8908 -0.4127
vn -0.1282 0.2834 -0.9504
vn -0.5389 0.1438 -0.8300
vn -0.7132 0.0356 -0.7000
vn -0.7127 -0.2052 -0.6708
vn -0.8253 -0.1456 -0.5457
vn -0.9516 -0.0767 -0.2975
vn -0.7300 0.2331 -0.6425
vn 0.6917 -0.6507 -0.3134
vn 0.7801 -0.4422 -0.4425
vn 0.6752 -0.5845 -0.4499
vn 0.5705 -0.8208 -0.0278
vn -0.2294 0.2433 0.9424
vn -0.0796 -0.1801 0.9804
vn -0.1447 0.0554 0.9879
vn 0.0306 0.5564 0.8303
vn 0.8544 0.1155 0.5066
vn 0.9568 0.2496 0.1489
vn 0.7171 0.6371 0.2826
vn 0.2793 0.8284 0.4856
vn 0.3319 0.7400 0.5851
vn 0.9312 -0.2835 -0.2291
vn 0.9557 0.2733 0.1091
vn 0.7405 0.5371 0.4039
vn 0.8051 0.3350 0.4894
vn 0.8955 0.1730 0.4100
vn 0.9370 0.0716 0.3419
vn 0.9778 0.1787 0.1094
vn 0.8617 -0.0377 -0.5060
vn 0.7797 -0.1220 -0.6142
vn 0.6389 -0.0816 -0.7650
vn 0.5435 -0.1010 -0.8333
vn -0.5142 0.8446 0.1492
vn -0.1395 0.9272 -0.3475
vn -0.5318 0.6985 -0.4789
vn -0.5392 0.8214 -0.1858
vn 0.6482 0.1141 -0.7529
vn 0.9656 0.1515 -0.2113
vn 0.9259 -0.0014 0.3777
vn 0.8536 0.1433 -0.5008
vn 0.7175 -0.2892 -0.6337
vn 0.8110 -0.3546 -0.4653
vn 0.9804 -0.0503 0.1903
vn 0.9899 0.0528 0.1316
vn -0.8472 0.0546 -0.5285
vn -0.2940 0.1544 -0.9432
vn -0.8553 0.0391 -0.5167
vn -0.8872 0.0435 -0.4594
vn 0.6320 0.3293 0.7015
vn 0.0641 0.2308 0.9709
vn 0.2707 0.4250 0.8638
vn 0.4113 0.4334 0.8019
vn 0.6094 0.3294 0.7212
vn -0.3174 -0.2616 0.9115
vn -0.2960 -0.6025 0.7412
vn -0.2142 -0.4452 0.8694
vn -0.2218 -0.2850 0.9325
vn -0.9791 -0.0322 0.2009
vn -0.9157 -0.0942 0.3906
vn -0.9903 -0.0175 0.1380
vn -0.5079 0.4018 -0.7620
vn -0.9399 0.0935 -0.3285
vn -0.9449 0.1304 0.3003
vn -0.9368 0.3499 0.0080
vn -0.4342 0.1513 0.8880
vn -0.5430 0.1178 0.8314
vn -0.7091 0.0682 0.7018
vn -0.8099 -0.0684 -0.5826
vn -0.8352 -0.5108 -0.2037
vn -0.7110 0.0060 0.7031
vn -0.8316 0.0040 0.5554
vn -0.3416 0.5744 -0.7439
vn -0.1319 0.5608 -0.8174
vn -0.3322 0.6876 -0.6457
vn -0.1318 0.5740 -0.8082
vn -0.5086 -0.0294 0.8605
vn -0.2532 0.0271 0.9670
vn -0.4458 0.0096 0.8951
vn 0.9763 0.0792 0.2013
vn 0.6248 0.0944 0.7751
vn 0.6532 -0.1180 0.7479
vn 0.9746 0.0462 -0.2193
vn 0.8889 -0.0310 0.4571
vn 0.9060 -0.0506 0.4203
vn -0.0666 -0.1099 0.9917
vn 0.7559 0.2268 0.6141
vn 0.9720 0.0487 0.2297
vn 0.9451 0.1869 0.2682
vn 0.9362 -0.0107 -0.3513
vn 0.9440 -0.0180 -0.3295
vn 0.3925 0.2918 0.8723
vn 0.2207 0.1744 0.9596
vn 0.6079 0.7284 -0.3159
vn -0.6091 0.4550 -0.6496
vn 0.0296 0.7647 -0.6437
vn -0.1759 -0.1449 0.9737
vn -0.1814 0.2892 -0.9399
vn -0.1114 0.0811 -0.9905
vn -0.0302 0.1104 -0.9934
vn -0.2768 0.1071 -0.9549
vn -0.6761 0.0874 -0.7316
vn 0.8247 0.1391 0.5482
vn 0.6173 0.1438 0.7735
vn 0.6157 0.1548 0.7726
vn 0.3902 0.1650 0.9058
vn 0.9219 0.1027 0.3735
vn 0.9550 0.0943 -0.2812
vn 0.9433 0.1049 -0.3149
vn 0.9731 0.1152 -0.1996
vn 0.9368 -0.3484 -0.0327
vn 0.9120 -0.4085 -0.0376
vn 0.9934 -0.0719 0.0899
vn 0.9436 0.0287 0.3298
vn 0.6905 0.1913 0.6976
vn 0.9418 -0.1218 -0.3134
vn 0.9745 -0.0140 -0.2239
vn -0.0210 0.4095 -0.9120
vn -0.0676 0.2306 -0.9707
vn 0.9757 -0.0069 0.2188
vn 0.6576 0.1304 -0.7420
vn 0.9580 -0.0858 -0.2735
vn 0.9971 0.0439 -0.0624
vn 0.8649 0.0958 0.4928
vn 0.7425 0.2027 0.6385
vn 0.6785 0.1889 0.7099
vn 0.6187 0.1219 0.7761
vn 0.6927 0.1937 0.6948
vn 0.7141 0.2372 0.6586
vn 0.4889 0.2601 0.8327
vn 0.9762 -0.1053 -0.1895
vn 0.9128 -0.2227 -0.3424
vn 0.9802 -0.1351 -0.1445
vn 0.9954 -0.0717 0.0637
vn -0.1393 0.0509 -0.9889
vn 0.3291 0.0763 -0.9412
vn -0.6877 0.4403 -0.5772
vn -0.7446 0.3604 -0.5618
vn 0.9987 0.0241 0.0448
vn 0.9347 0.0780 0.3468
vn 0.9858 -0.0181 -0.1672
vn 0.7456 0.1105 0.6572
vn -0.5726 0.5425 -0.6146
vn 0.3600 0.1545 0.9201
vn -0.1854 0.1244 0.9748
vn -0.4887 0.1266 0.8632
vn 0.5343 0.1753 0.8269
vn -0.7755 0.0732 0.6271
vn 0.6046 0.0570 0.7945
vn 0.8598 0.1309 0.4935
vn 0.5177 0.1378 0.8444
vn 0.7212 0.0605 0.6901
vn -0.3343 0.2565 0.9069
vn -0.0267 0.3296 0.9437
vn 0.2022 0.3861 0.9000
vn 0.1958 0.3306 0.9232
vn -0.2376 -0.1608 0.9580
vn -0.0516 0.3074 0.9502
vn -0.1829 0.4970 0.8483
vn 0.7947 -0.0596 -0.6041
vn 0.7752 -0.0401 -0.6305
vn 0.6685 0.2759 -0.6906
vn 0.3179 0.9279 0.1947
vn 0.2997 0.1388 -0.9439
vn 0.6901 0.0011 -0.7237
vn -0.4617 0.1662 0.8713
vn -0.4988 -0.1959 0.8443
vn 0.7086 0.0366 -0.7047
vn 0.7700 0.0358 -0.6371
vn 0.5441 0.1168 -0.8309
vn 0.5849 0.2228 -0.7799
vn 0.7181 0.1061 -0.6878
vn -0.8059 -0.4472 -0.3879
vn -0.6736 -0.3453 -0.6535
vn 0.5463 0.5169 -0.6591
vn 0.7571 0.3699 -0.5385
vn 0.8307 -0.0132 -0.5566
vn 0.7473 0.0350 -0.6635
vn 0.8901 0.0571 -0.4522
vn -0.3520 -0.0480 0.9348
vn -0.9425 0.0688 0.3270
vn -0.9487 0.0239 0.3152
vn -0.8635 0.0600 0.5008
vn -0.6634 0.1127 0.7397
vn 0.7721 -0.2757 -0.5726
vn 0.7004 -0.1385 -0.7002
vn 0.4785 -0.0965 -0.8728
vn 0.8202 -0.0952 -0.5641
vn 0.7519 -0.1477 -0.6425
vn 0.6849 0.0244 -0.7282
vn 0.5035 0.0145 -0.8639
vn 0.3500 0.0601 -0.9348
vn 0.6044 0.0407 -0.7956
vn -0.1034 0.2416 0.9649
vn -0.3645 0.3862 0.8473
vn -0.1410 0.4679 0.8725
vn -0.3942 0.3044 0.8672
vn -0.8794 0.1145 0.4621
vn -0.7825 0.1314 0.6086
vn -0.6944 0.1289 0.7080
vn -0.9809 0.0285 -0.1922
vn -0.9992 0.0290 -0.0285
vn 0.0100 0.0467 -0.9989
vn -0.1009 0.1223 -0.9874
vn -0.1042 0.1966 -0.9749
vn 0.4418 0.0479 -0.8958
vn 0.3257 0.0046 -0.9455
vn 0.3853 -0.0243 -0.9225
vn 0.2087 0.1028 -0.9726
vn 0.5172 0.1804 -0.8366
vn 0.5588 0.1394 -0.8175
vn -0.0352 0.2000 -0.9792
vn 0.1273 0.0411 -0.9910
vn -0.7066 0.1284 0.6958
vn -0.9050 0.0667 0.4201
vn -0.6557 0.1071 0.7474
vn -0.6695 0.1065 0.7352
vn -0.7486 0.1741 -0.6397
vn -0.8424 0.2401 -0.4824
vn -0.9417 0.2400 -0.2360
vn -0.8230 0.1776 -0.5396
vn -0.8910 0.0915 -0.4446
vn -0.5223 0.1972 -0.8297
vn -0.2146 0.0867 -0.9729
vn -0.9919 0.0739 -0.1033
vn -0.5174 0.8447 0.1370
vn -0.8223 0.4510 -0.3470
vn -0.0570 0.9983 0.0112
vn 0.0308 0.9582 -0.2846
vn -0.2877 0.9490 -0.1293
vn -0.6503 0.1903 -0.7355
vn -0.7501 0.1453 -0.6452
vn -0.7516 0.0998 -0.6521
vn -0.3510 0.1844 -0.9180
vn -0.1518 0.8120 -0.5636
vn 0.1250 0.8662 -0.4837
vn 0.2776 0.3940 -0.8762
vn 0.1037 0.2798 -0.9545
vn 0.2220 -0.1077 -0.9691
vn -0.5151 -0.1003 -0.8512
vn -0.8265 -0.0075 -0.5628
vn -0.6570 -0.0300 -0.7533
vn 0.1193 0.7475 -0.6535
vn 0.2228 0.3434 -0.9124
vn -0.2122 0.4263 -0.8793
vn 0.0147 0.6290 -0.7772
vn -0.2495 0.4456 0.8597
vn -0.3288 0.3535 0.8757
vn -0.5398 0.0963 0.8362
vn -0.8661 -0.1699 0.4702
vn -0.8425 -0.4615 0.2777
vn -0.8438 -0.5313 0.0755
vn -0.7660 -0.6216 -0.1642
vn -0.7932 -0.5079 0.3360
vn -0.7153 -0.6767 -0.1746
vn -0.4384 -0.5725 0.6929
vn -0.2115 0.1258 0.9692
vn -0.0796 0.5468 0.8334
vn 0.0999 0.3499 0.9315
vn 0.0537 0.9228 0.3815
vn -0.2298 0.2293 0.9458
vn 0.1832 0.9502 0.2522
vn 0.2857 0.9257 -0.2479
vn 0.4757 0.3093 -0.8234
vn 0.6398 0.3779 -0.6692
vn 0.6889 0.3017 -0.6591
vn 0.1361 0.7682 -0.6256
vn -0.3088 0.8618 -0.4024
vn -0.8877 0.2558 0.3827
vn -0.6567 -0.1211 0.7444
vn -0.8903 -0.0127 0.4552
vn -0.6213 0.0057 0.7836
vn -0.0141 0.9999 0.0061
vn -0.7541 0.3952 0.5246
vn 0.5090 0.7405 0.4388
vn 0.0408 0.0238 0.9989
vn -0.0005 0.2200 0.9755
vn 0.2077 0.2135 0.9546
vn 0.6380 0.2225 0.7372
vn -0.7542 -0.4627 0.4659
vn -0.8907 -0.3078 0.3346
vn -0.8398 -0.3607 0.4058
vn -0.6726 -0.2554 0.6945
vn -0.3605 -0.5141 0.7783
vn -0.7208 -0.2828 0.6328
vn -0.8300 -0.0832 0.5515
vn -0.8872 -0.0430 0.4593
vn -0.8392 -0.0880 0.5367
vn -0.7357 -0.0237 0.6769
vn 0.3972 0.1256 0.9091
vn -0.9666 0.0639 -0.2483
vn -0.9690 0.0733 -0.2359
vn -0.8636 0.0828 -0.4973
vn -0.7673 0.5064 0.3934
vn -0.6081 0.2923 0.7381
vn -0.6402 0.2573 0.7239
vn -0.6708 0.3544 0.6515
vn -0.8082 0.5774 -0.1154
vn -0.6832 0.6704 0.2894
vn -0.5815 0.6846 0.4395
vn -0.9147 0.1864 -0.3585
vn 0.0965 0.9120 -0.3986
vn 0.3437 0.6895 -0.6376
vn 0.0715 0.3466 -0.9353
vn -0.2098 0.3288 -0.9208
vn -0.5270 0.0001 0.8499
vn -0.3010 0.0918 0.9492
vn -0.3147 0.2145 0.9246
vn 0.5770 0.2430 0.7798
vn 0.7443 0.5314 -0.4045
vn 0.6739 0.5311 0.5137
vn 0.4654 0.2836 0.8384
vn -0.6689 0.1112 0.7350
vn 0.3285 0.4049 0.8533
vn -0.0715 0.1870 -0.9797
vn -0.1380 0.1265 -0.9823
vn -0.0907 0.1337 -0.9869
vn -0.0943 0.1433 -0.9852
vn -0.4177 0.1848 -0.8896
vn -0.3466 0.2329 -0.9086
vn -0.4001 0.2143 -0.8910
vn -0.3072 0.1943 -0.9316
vn -0.3084 0.1793 -0.9342
vn -0.3524 0.2029 -0.9136
vn -0.4529 0.2076 -0.8670
vn 0.9384 0.2860 0.1938
vn 0.9364 0.3389 0.0910
vn 0.9124 0.4063 -0.0491
vn 0.9087 0.4018 0.1131
vn 0.9331 0.3184 0.1674
vn 0.5344 0.2753 -0.7992
vn 0.4886 0.1569 -0.8583
vn 0.3204 0.2039 -0.9251
vn 0.3731 0.0457 -0.9266
vn 0.8925 0.4408 -0.0959
vn 0.4536 0.8909 -0.0214
vn 0.2347 0.8998 -0.3678
vn 0.5359 0.5021 -0.6787
vn 0.2372 0.4851 -0.8417
vn 0.2956 0.9180 -0.2645
vn 0.7865 0.6164 -0.0387
vn 0.7320 0.5544 -0.3961
vn 0.7396 0.3003 0.6023
vn 0.8669 0.2442 0.4346
vn 0.5311 0.3839 0.7553
vn 0.3467 0.6290 0.6958
vn 0.1041 0.6864 0.7197
vn 0.5561 0.8207 0.1314
vn 0.5109 0.6680 0.5411
vn 0.8277 0.5181 0.2155
vn 0.8327 0.5383 0.1297
vn -0.8410 0.1934 0.5053
vn -0.8182 0.5031 0.2781
vn -0.8532 0.5023 0.1404
vn -0.6817 0.7311 0.0282
vn -0.0255 0.9773 -0.2104
vn 0.1818 0.9179 -0.3528
vn 0.6995 0.2624 -0.6647
vn -0.3201 0.2244 -0.9204
vn -0.8096 0.0323 -0.5861
vn 0.9433 0.2356 0.2337
vn 0.2079 0.9473 -0.2435
vn -0.3082 0.9472 0.0890
vn -0.9054 0.3100 0.2900
vn -0.4901 0.8543 0.1734
vn -0.2969 0.9297 0.2180
vn 0.6572 0.7523 -0.0462
vn 0.2217 0.4852 -0.8458
vn 0.5162 0.5262 -0.6758
vn 0.4910 -0.8441 0.2154
vn -0.1371 0.2207 -0.9657
vn -0.8538 0.1265 -0.5050
vn -0.5478 0.2230 -0.8063
vn 0.8016 0.0570 -0.5952
vn -0.0449 0.9898 -0.1353
vn -0.1026 0.9947 0.0065
vn -0.1223 0.1284 0.9841
vn -0.0637 0.1531 0.9861
vn 0.2379 0.2722 -0.9324
vn 0.5342 0.1008 -0.8393
vn 0.6423 0.1386 -0.7538
vn -0.4008 0.2515 -0.8809
vn -0.5194 0.1754 -0.8364
vn -0.8742 0.3843 -0.2967
vn -0.9583 0.2850 0.0193
vn -0.8906 0.2373 -0.3880
vn 0.5060 0.0065 -0.8625
vn 0.5625 -0.0183 -0.8266
vn 0.8376 -0.1665 -0.5203
vn 0.6583 -0.1403 -0.7396
vn 0.4837 0.0021 -0.8752
vn 0.5705 0.0902 -0.8163
vn 0.3664 0.0618 -0.9284
vn 0.6619 0.0187 -0.7493
vn 0.5185 0.0913 -0.8502
vn -0.6569 0.6559 0.3719
vn -0.4826 0.8143 0.3226
vn -0.1714 0.9802 0.0996
vn -0.8453 0.2254 0.4844
vn 0.4085 0.9070 -0.1024
vn -0.6862 0.1109 0.7189
vn -0.7963 0.1433 0.5877
vn -0.3836 0.1353 0.9135
vn -0.3712 0.1355 0.9186
vn -0.3133 -0.0006 0.9497
vn -0.4330 0.7173 0.5459
vn -0.6758 0.3633 0.6414
vn 0.4440 0.8043 -0.3948
vn -0.3449 0.9292 0.1328
vn -0.9702 -0.1826 0.1594
vn -0.1215 -0.2696 0.9553
vn -0.1559 0.0116 0.9877
vn -0.7206 0.0940 0.6869
vn 0.8358 -0.1683 -0.5226
vn -0.6542 0.6959 0.2962
vn -0.4015 0.7742 0.4893
vn -0.6937 0.4247 0.5818
vn -0.3837 0.9218 -0.0555
vn -0.0407 0.9822 -0.1833
vn -0.4570 0.8387 0.2962
vn -0.0580 0.9926 0.1067
vn 0.6390 0.0197 -0.7690
vn 0.8897 0.0314 -0.4555
vn 0.2032 0.0278 -0.9787
vn -0.1357 0.0643 -0.9887
vn -0.6576 0.7420 -0.1303
vn -0.4458 0.7345 -0.5116
vn 0.2447 0.8676 -0.4329
vn -0.9341 0.2027 -0.2939
vn -0.9368 0.1262 -0.3264
vn -0.7303 0.2330 -0.6421
vn -0.6182 0.2398 -0.7485
vn -0.9385 0.0020 0.3452
vn -0.9874 0.1479 0.0564
vn -0.9557 0.0768 -0.2841
vn -0.8692 0.1482 -0.4717
vn -0.1660 0.1793 0.9697
vn -0.2927 0.1820 0.9387
vn -0.0253 0.1870 0.9820
vn -0.8401 0.0162 0.5423
vn -0.3955 0.8964 0.2000
vn 0.6101 0.6026 -0.5145
vn -0.6601 0.4855 0.5733
vn -0.6392 0.7085 0.2991
vn -0.7810 0.4742 0.4064
vn -0.7984 0.1746 -0.5762
vn 0.8462 -0.0272 -0.5322
vn 0.4450 0.7306 -0.5179
vn 0.2414 0.6796 -0.6927
vn -0.5132 0.8576 -0.0326
vn -0.7498 0.5873 -0.3046
vn -0.0726 0.9335 -0.3511
vn 0.8276 0.3683 -0.4236
vn 0.5108 0.7882 -0.3432
vn 0.6749 0.7318 -0.0946
vn 0.4178 0.9085 -0.0038
vn 0.1448 0.9891 -0.0277
vn -0.5524 0.5797 0.5989
vn 0.9756 0.1109 0.1894
vn 0.8714 0.0199 0.4901
vn 0.9955 0.0796 -0.0506
vn -0.7677 0.3746 0.5200
vn -0.9066 0.1920 0.3759
vn -0.0638 0.2184 -0.9738
vn -0.8969 0.0858 -0.4338
vn -0.4754 0.1047 -0.8735
vn -0.7737 0.3563 0.5239
vn -0.9135 -0.0580 0.4027
vn 0.8690 0.0208 -0.4943
vn 0.9748 0.0223 -0.2219
vn 0.9613 0.0455 -0.2718
vn 0.9533 -0.1594 0.2566
vn 0.9464 -0.2436 0.2122
vn -0.8502 -0.2244 0.4763
vn -0.6914 -0.5773 0.4345
vn -0.8936 -0.2078 0.3979
vn -0.8682 -0.0561 0.4930
vn -0.7288 0.1029 0.6770
vn -0.3161 -0.0893 0.9445
vn -0.5322 0.2910 0.7951
vn -0.4090 0.2201 0.8856
vn -0.5496 -0.0309 0.8349
vn -0.7034 -0.1085 0.7025
vn -0.6935 -0.0769 0.7163
vn -0.8405 -0.0739 0.5368
vn -0.5818 0.2227 0.7823
vn -0.6159 0.0372 0.7870
vn -0.3921 0.0719 0.9171
vn -0.8209 -0.1588 0.5486
vn -0.7968 -0.1849 0.5753
vn -0.8274 -0.3551 0.4351
vn -0.6151 -0.6886 0.3840
vn -0.5182 -0.4198 0.7451
vn -0.8175 0.0822 0.5701
vn -0.2945 0.9473 0.1259
vn 0.0546 0.9597 0.2756
vn 0.0002 0.6973 0.7168
vn 0.3766 0.7707 0.5141
vn -0.3314 0.9285 -0.1672
vn -0.2024 0.9774 -0.0617
vn 0.1819 0.9818 0.0554
vn -0.1116 0.9936 0.0160
vn -0.0782 0.9944 0.0713
vn -0.1782 0.9802 -0.0867
vn 0.0806 0.9947 -0.0638
vn 0.1279 0.9910 -0.0391
vn -0.0814 0.9807 -0.1778
vn 0.0521 0.9849 0.1654
vn -0.3453 0.8240 0.4493
vn -0.2393 0.9350 0.2616
vn -0.2771 0.9593 -0.0537
vn 0.7963 0.2330 -0.5583
vn -0.1594 0.5482 -0.8210
vn -0.3196 0.4503 -0.8337
vn -0.3509 0.2482 -0.9029
vn -0.0272 0.1420 -0.9895
vn 0.0939 0.0810 -0.9923
vn -0.5116 0.2832 -0.8112
vn 0.9935 -0.1062 0.0420
vn 0.9989 0.0074 -0.0471
vn 0.9700 0.1414 0.1977
vn 0.9603 0.1080 0.2571
vn 0.9144 -0.2716 0.3001
vn -0.3012 0.4932 0.8161
vn 0.4446 0.8102 0.3820
vn 0.2207 0.1564 0.9627
vn -0.4587 0.0189 0.8884
vn -0.7610 0.0669 -0.6453
vn -0.6855 0.0480 -0.7265
vn -0.5817 0.4576 -0.6725
vn -0.6713 0.7378 0.0703
vn -0.0523 0.5361 0.8425
vn -0.1819 0.8804 0.4379
vn 0.9504 0.0855 0.2991
vn 0.9734 0.0564 0.2222
vn 0.6535 0.1779 0.7358
vn -0.3294 0.3276 0.8855
vn 0.3508 0.0178 0.9363
vn 0.2952 0.0985 0.9503
vn 0.4223 0.0541 0.9048
vn 0.2725 0.0751 0.9592
vn -0.5049 -0.0572 0.8613
vn -0.8764 -0.0248 0.4809
vn -0.7835 0.4591 0.4188
vn 0.9236 0.0937 -0.3718
vn 0.6621 0.0734 0.7458
vn 0.7972 -0.1023 0.5950
vn -0.8637 0.4078 -0.2962
vn -0.1604 0.9800 0.1175
vn -0.2385 0.9592 0.1516
vn -0.2532 0.9666 0.0404
vn 0.1538 0.0334 0.9875
vn -0.1315 0.2683 0.9543
vn 0.0709 0.1694 0.9830
vn -0.7594 0.5994 -0.2530
vn -0.5775 0.7980 0.1721
vn 0.5239 0.1870 0.8310
vn 0.5353 0.1539 0.8305
vn 0.0466 0.2108 0.9764
vn 0.0744 0.1731 0.9821
vn 0.0561 0.1849 0.9812
vn 0.1148 0.1485 0.9822
vn 0.2961 0.2547 0.9206
vn 0.4722 0.1933 0.8600
vn -0.4312 0.3018 -0.8503
vn 0.1312 0.1410 -0.9813
vn 0.1966 0.0266 -0.9801
vn -0.6470 0.3484 0.6782
vn -0.3084 0.7614 -0.5702
vn -0.0406 0.9720 -0.2313
vn 0.9774 0.1661 0.1306
vn 0.9124 0.0953 0.3981
vn -0.7885 0.6042 0.1149
vn -0.7950 0.5932 0.1269
vn -0.6730 0.7390 0.0305
vn 0.5621 0.6271 -0.5392
vn -0.2595 0.7942 -0.5495
vn -0.3282 0.6651 -0.6708
vn 0.4246 0.4523 -0.7843
vn 0.3123 0.1002 -0.9447
vn 0.7935 0.0425 -0.6070
vn -0.8439 0.0668 0.5323
vn -0.8401 0.0058 0.5423
vn -0.7349 0.0916 0.6719
vn -0.6393 0.3576 0.6808
vn -0.3166 0.6017 0.7333
vn -0.6985 0.1065 0.7076
vn -0.5028 0.1575 0.8499
vn -0.3561 0.1812 0.9167
vn -0.8530 -0.0007 0.5220
vn 0.7538 0.3153 -0.5765
vn 0.4093 0.2840 -0.8671
vn 0.3864 0.2882 -0.8762
vn 0.8362 0.2885 -0.4664
vn 0.9357 -0.0111 -0.3526
vn 0.9357 0.0159 -0.3525
vn 0.7313 0.6369 0.2440
vn 0.2161 0.9764 -0.0038
vn 0.4827 0.5455 -0.6851
vn 0.2138 0.6384 -0.7394
vn -0.9726 0.2283 -0.0432
vn -0.9650 0.2609 -0.0279
vn -0.9977 -0.0109 0.0665
vn -0.9839 0.1067 0.1437
vn -0.9582 0.1463 0.2458
vn -0.6545 -0.0370 -0.7551
vn -0.9525 0.0517 -0.3002
vn -0.9983 0.0526 -0.0250
vn -0.9843 0.1668 0.0570
vn -0.8426 0.4235 -0.3327
vn -0.9019 0.2141 0.3751
vn -0.7436 0.1748 0.6454
vn -0.7866 0.2034 0.5830
vn 0.9989 -0.0145 0.0449
vn 0.9476 0.0380 0.3172
vn 0.9701 0.0504 0.2372
vn 0.9733 0.0061 -0.2294
vn 0.8073 0.5382 0.2422
vn 0.9171 0.3654 0.1593
vn 0.9288 0.2986 -0.2193
vn 0.9251 0.3682 -0.0925
vn -0.4393 0.0760 0.8951
vn -0.7311 -0.0179 0.6820
vn -0.5186 0.1686 0.8382
vn -0.3239 0.0804 -0.9427
vn -0.3740 0.0033 -0.9274
vn -0.8762 0.0957 0.4724
vn -0.9563 0.1563 0.2472
vn -0.4961 0.1624 -0.8530
vn 0.0847 0.3418 -0.9360
vn 0.2551 0.1961 -0.9468
vn 0.1870 0.1430 -0.9719
vn 0.6813 0.4039 -0.6105
vn 0.5935 0.2249 -0.7728
vn 0.6499 0.5403 -0.5345
vn -0.1308 0.1729 0.9762
vn -0.2186 0.2008 0.9549
vn -0.1042 0.1207 0.9872
vn -0.1080 0.2249 0.9684
vn -0.1279 0.0839 0.9882
vn 0.1681 0.0906 0.9816
vn -0.2849 0.1166 0.9514
vn -0.3060 0.1661 0.9374
vn 0.4975 0.8522 -0.1618
vn -0.2409 -0.0134 0.9705
vn -0.4963 0.0358 0.8674
vn -0.4860 0.0212 0.8737
vn -0.6093 0.0310 0.7924
vn -0.6365 0.0058 0.7713
vn -0.1321 -0.0890 0.9872
vn 0.6257 -0.0666 -0.7772
vn 0.6007 -0.1162 -0.7910
vn 0.6134 -0.0411 -0.7887
vn -0.5682 -0.0145 0.8228
vn 0.0358 0.1828 0.9825
vn -0.3042 0.1479 0.9411
vn -0.3044 0.0633 0.9504
vn -0.1614 0.0083 0.9869
vn -0.0061 0.1787 0.9839
vn 0.2070 0.2758 -0.9387
vn 0.1502 0.2767 -0.9491
vn 0.9099 0.0645 -0.4097
vn 0.9767 0.0338 -0.2119
vn -0.6537 0.3074 0.6916
vn -0.8913 -0.0747 0.4472
vn -0.8928 -0.0088 0.4504
vn -0.9458 -0.1076 0.3065
vn -0.9042 -0.0511 0.4240
vn -0.9551 -0.0130 0.2961
vn 0.9892 0.0573 -0.1348
vn 0.6314 0.0290 0.7749
vn 0.7895 0.0747 0.6092
vn -0.8119 0.1906 0.5518
vn -0.6344 0.2333 0.7370
vn -0.2678 0.7336 0.6246
vn -0.7986 0.4785 0.3650
vn -0.8842 -0.0419 0.4651
vn -0.8244 -0.0070 0.5659
vn -0.7193 0.1357 0.6813
vn -0.2076 0.7755 0.5963
vn -0.6553 0.7530 0.0595
vn -0.4873 0.8731 0.0181
vn -0.5242 0.7418 0.4183
vn -0.9147 0.0681 0.3983
vn -0.9069 0.1606 0.3895
vn 0.9987 0.0346 0.0376
vn 0.9359 0.0924 0.3399
vn -0.6879 0.0472 0.7242
vn -0.6071 0.0630 0.7921
vn -0.4945 0.1224 0.8605
vn -0.8078 0.0677 0.5856
vn -0.1877 0.2043 0.9607
vn 0.1023 0.1081 0.9889
vn -0.2540 0.1450 0.9563
vn -0.2188 0.1278 0.9674
vn -0.3784 0.1174 0.9182
vn 0.1454 0.1427 0.9790
vn 0.0629 0.1571 0.9856
vn 0.1709 0.1889 0.9670
vn 0.0856 0.1289 0.9880
vn 0.1369 0.1253 0.9826
vn 0.0548 0.1374 0.9890
vn 0.3628 0.1344 0.9221
vn -0.1170 0.2596 0.9586
vn 0.0274 0.2240 0.9742
vn -0.2283 0.1189 0.9663
vn -0.1840 0.1156 0.9761
vn -0.1408 0.1404 0.9800
vn 0.1621 0.1379 0.9771
vn -0.0484 0.1202 0.9916
vn -0.4566 0.3812 0.8039
vn -0.8504 0.0658 -0.5220
vn -0.3177 0.2189 -0.9226
vn -0.2845 0.2698 -0.9199
vn 0.9041 0.1116 0.4125
vn -0.9762 -0.1632 0.1428
vn -0.9313 -0.3055 0.1981
vn -0.9118 -0.2327 -0.3384
vn -0.9822 -0.1404 -0.1251
vn -0.8666 0.0665 0.4945
vn 0.2970 0.8786 -0.3740
vn 0.2750 0.9101 -0.3100
vn 0.8176 0.5503 -0.1695
vn 0.9181 0.3958 0.0188
vn 0.7291 0.2302 -0.6445
vn 0.5827 0.3414 -0.7375
vn 0.7043 0.2240 -0.6736
vn 0.5113 0.0331 -0.8588
vn 0.4815 0.3020 -0.8228
vn 0.5954 0.6985 -0.3971
vn 0.5573 0.3025 -0.7732
vn 0.8637 0.3649 -0.3477
vn 0.9695 0.0996 0.2238
vn 0.9667 -0.0378 -0.2532
vn 0.9765 0.1612 -0.1431
vn -0.6331 0.1958 -0.7489
vn -0.7516 -0.1208 -0.6485
vn -0.7729 -0.0398 -0.6333
vn -0.0166 0.3341 -0.9424
vn -0.6648 -0.3571 -0.6561
vn 0.8180 0.1088 0.5649
vn 0.5863 0.0678 0.8072
vn -0.0783 0.3849 0.9196
vn -0.3924 -0.1363 -0.9096
vn -0.5164 -0.1215 -0.8477
vn -0.2776 0.0908 -0.9564
vn -0.9162 -0.4005 -0.0115
vn -0.9032 -0.4292 -0.0006
vn 0.9714 0.1755 -0.1599
vn 0.1587 0.4462 0.8808
vn 0.0795 0.8928 0.4435
vn 0.1090 0.6635 0.7401
vn 0.2740 0.5486 0.7899
vn 0.9791 0.1609 -0.1242
vn 0.7842 0.0178 -0.6202
vn 0.2835 -0.2165 -0.9342
vn 0.2091 -0.0859 -0.9741
vn 0.4723 0.1150 -0.8739
vn 0.6925 0.1315 -0.7094
vn 0.8645 0.0209 -0.5022
vn -0.0090 0.0772 0.9970
vn 0.1883 0.1569 0.9695
vn 0.3652 0.4612 -0.8087
vn 0.8585 0.3790 -0.3454
vn 0.7834 0.2580 -0.5654
vn 0.5251 0.1950 -0.8284
vn -0.7996 0.0761 0.5957
vn -0.9705 0.0803 0.2274
vn 0.4512 0.8720 0.1898
vn -0.9813 -0.0268 0.1908
vn -0.9919 0.0170 0.1261
vn -0.9063 -0.1015 -0.4102
vn -0.9931 -0.0306 -0.1132
vn -0.7210 -0.0768 0.6887
vn -0.6970 -0.0829 0.7123
vn -0.7052 -0.1386 0.6954
vn -0.9324 -0.0653 0.3555
vn 0.9247 0.1000 -0.3673
vn 0.9987 0.0415 0.0298
vn -0.0541 0.2326 0.9711
vn 0.2567 0.2147 0.9423
vn 0.5803 0.7412 0.3375
vn 0.7259 0.5483 0.4151
vn 0.7930 0.5202 0.3170
vn 0.8052 0.5912 -0.0457
vn 0.8818 0.4185 0.2173
vn -0.8360 -0.0155 0.5485
vn -0.8542 -0.0593 0.5166
vn -0.0259 0.2217 -0.9748
vn 0.2238 0.2745 -0.9352
vn 0.4722 0.1581 0.8672
vn 0.9933 0.0543 0.1018
vn 0.9794 0.0574 -0.1936
vn 0.6411 -0.1026 0.7606
vn 0.3908 0.2695 0.8801
vn -0.7960 0.2038 0.5699
vn -0.8140 0.1686 0.5558
vn -0.9765 0.1986 0.0839
vn -0.8030 0.1254 0.5826
vn -0.8364 0.1620 0.5236
vn -0.6885 0.1308 0.7133
vn -0.8479 0.1631 0.5045
vn -0.8742 0.0905 0.4770
vn -0.9676 0.0661 0.2438
vn -0.9949 0.0554 0.0842
vn -0.9754 0.1080 0.1919
vn -0.9969 0.0620 0.0480
vn -0.9262 0.0612 0.3721
vn -0.7676 0.1227 0.6291
vn -0.8468 0.1786 0.5010
vn -0.8992 0.0862 0.4289
vn -0.8916 0.0261 0.4520
vn -0.9663 -0.0348 0.2551
vn -0.9789 0.0514 0.1978
vn -0.9963 0.0336 0.0794
vn -0.9936 0.0635 0.0936
vn -0.9329 0.0100 0.3599
vn -0.9887 -0.0501 0.1411
vn -0.9724 0.1393 0.1869
vn -0.8874 0.4304 0.1650
vn -0.8910 0.3169 0.3251
vn -0.8885 0.1335 0.4390
vn -0.9399 0.1322 0.3149
vn -0.8981 0.2801 0.3390
vn -0.9141 0.3844 0.1289
vn 0.3009 0.3241 0.8969
vn -0.1715 0.2992 0.9387
vn 0.6123 0.2616 0.7461
vn -0.1912 -0.5482 0.8142
vn -0.0974 -0.8073 0.5821
vn -0.1729 0.8703 -0.4612
vn 0.1014 0.7318 -0.6739
vn 0.1063 0.7374 -0.6670
vn -0.5095 0.7485 -0.4244
vn -0.9713 0.0814 0.2234
vn 0.2340 0.1115 -0.9658
vn 0.2331 0.1984 -0.9520
vn 0.6964 0.1462 -0.7026
vn 0.7734 0.0729 -0.6296
vn 0.8054 0.0457 -0.5910
vn 0.1765 0.0276 -0.9839
vn 0.4088 0.0347 -0.9120
vn 0.4448 -0.0065 -0.8956
vn -0.0946 -0.0615 -0.9936
vn -0.0818 -0.1447 -0.9861
vn 0.9891 0.1172 -0.0897
vn 0.9331 0.0295 -0.3584
vn 0.7801 0.1094 0.6160
vn 0.8479 0.0762 0.5247
vn 0.9609 0.0554 0.2714
vn 0.1851 -0.0342 -0.9821
vn -0.0055 0.9921 -0.1255
vn 0.3524 0.8602 0.3687
vn 0.4363 0.8667 0.2416
vn 0.1839 0.9793 -0.0842
vn 0.5706 0.0241 -0.8209
vn -0.6804 0.0467 0.7314
vn -0.6669 0.0295 0.7445
vn -0.4448 0.7535 0.4842
vn -0.7663 0.6414 -0.0364
vn -0.5861 0.6484 -0.4859
vn -0.8313 -0.4331 0.3482
vn -0.8723 -0.2213 0.4361
vn -0.9092 0.0517 0.4131
vn -0.7338 0.2950 0.6120
vn 0.5909 0.1582 -0.7911
vn 0.2723 0.0963 -0.9574
vn 0.1072 0.1485 0.9831
vn -0.0449 0.1843 0.9818
vn 0.6806 0.0602 0.7301
vn 0.7176 0.1221 0.6857
vn -0.1862 0.4485 0.8742
vn 0.0872 0.5938 0.7999
vn -0.0520 0.7796 0.6242
vn 0.4989 0.8269 0.2594
vn 0.6801 0.7323 -0.0349
vn 0.5489 0.8294 0.1038
vn 0.7133 0.2156 0.6669
vn 0.7555 0.2209 -0.6167
vn 0.9058 0.2034 -0.3718
vn 0.5344 -0.0973 0.8396
vn 0.2877 -0.1499 0.9459
vn -0.4334 0.0624 0.8990
vn -0.1573 0.0935 0.9831
vn -0.9477 -0.0218 0.3183
vn 0.1573 -0.9043 0.3968
vn 0.1824 -0.9447 0.2725
vn -0.1508 -0.8923 0.4255
vn -0.4142 -0.6909 0.5925
vn 0.5411 0.0849 0.8367
vn 0.4645 0.0629 0.8833
vn 0.5889 0.1939 -0.7846
vn 0.4981 0.2804 -0.8205
vn 0.4261 0.4634 -0.7770
vn 0.3693 0.2748 -0.8877
vn 0.6870 0.2824 -0.6696
vn 0.7603 0.6332 -0.1450
vn 0.3787 -0.0692 -0.9229
vn 0.8877 0.0222 -0.4599
vn 0.9213 -0.0672 -0.3830
vn 0.9167 0.1656 0.3637
vn 0.9263 0.0722 -0.3698
vn 0.8454 0.0151 -0.5340
vn 0.9965 0.0216 0.0808
vn 0.9925 0.0399 0.1152
vn 0.9493 0.0202 0.3136
vn 0.8597 0.1004 0.5008
vn 0.9953 0.0315 0.0918
vn -0.9481 -0.2029 -0.2449
vn -0.7796 -0.6220 -0.0726
vn -0.9763 -0.1547 0.1517
vn -0.5373 0.1567 0.8287
vn -0.2574 0.1912 0.9472
vn -0.1984 0.2527 0.9470
vn -0.5019 0.1547 0.8510
vn -0.5450 0.1868 0.8173
vn -0.6970 0.1195 0.7070
vn -0.6689 0.1599 0.7260
vn 0.8885 -0.0800 -0.4518
vn 0.9811 -0.0784 -0.1768
vn 0.9991 0.0121 -0.0410
vn 0.8494 -0.0211 -0.5273
vn 0.8990 -0.0285 -0.4370
vn 0.9483 -0.0310 -0.3158
vn -0.6911 0.1923 0.6967
vn 0.7010 0.1291 0.7014
vn 0.7778 0.1827 0.6014
vn 0.8089 0.4044 -0.4267
vn 0.1948 0.9159 -0.3510
vn 0.2243 0.4294 0.8748
vn 0.2450 0.4831 0.8406
vn 0.5730 0.4351 -0.6945
vn 0.5775 0.0334 -0.8157
vn 0.5568 0.0310 -0.8301
vn 0.0733 0.2277 -0.9710
vn -0.4704 0.5502 -0.6899
vn -0.7056 0.3932 -0.5895
vn -0.4631 0.4128 -0.7843
vn 0.7734 0.5886 -0.2354
vn 0.1437 0.3707 -0.9176
vn 0.3189 0.9370 0.1425
vn 0.8435 0.4763 0.2485
vn -0.9767 -0.0840 0.1975
vn -0.9707 -0.0154 0.2400
vn 0.0313 -0.0717 0.9969
vn 0.0495 -0.1889 0.9808
vn 0.6767 0.0760 0.7323
vn 0.6070 0.1013 0.7883
vn 0.6662 0.0659 0.7428
vn 0.6973 0.0809 0.7122
vn 0.9390 0.1257 0.3200
vn 0.9387 0.1503 0.3101
vn 0.9627 0.0821 0.2580
vn 0.8710 0.0467 0.4891
vn 0.8360 0.0822 0.5425
vn 0.8547 0.1059 0.5083
vn 0.5260 0.5505 0.6483
vn 0.7301 0.4585 0.5067
vn 0.8331 0.5164 0.1981
vn 0.2604 0.3414 0.9031
vn 0.7587 0.3472 0.5512
vn -0.0656 0.3385 -0.9387
vn 0.1229 0.1810 -0.9758
vn 0.0684 0.1214 -0.9902
vn -0.2227 0.1687 -0.9602
vn 0.7997 -0.3510 -0.4871
vn 0.8342 -0.3901 -0.3897
vn -0.6260 0.7795 -0.0236
vn -0.4809 0.4125 0.7737
vn -0.9338 0.2861 0.2148
vn 0.1920 0.1117 -0.9750
vn -0.4985 0.1887 -0.8461
vn -0.3204 0.0711 -0.9446
vn 0.3076 0.0450 -0.9505
vn -0.6868 0.3473 0.6385
vn 0.8264 0.0885 -0.5561
vn -0.2968 0.1877 0.9363
vn 0.1416 0.1465 0.9790
vn -0.4802 0.3389 0.8090
vn -0.4308 0.2737 0.8599
vn 0.5788 0.1367 0.8039
vn -0.3222 0.1941 -0.9265
vn 0.4285 0.0133 0.9034
vn 0.2292 0.1313 0.9645
vn 0.5489 0.0516 0.8343
vn 0.3069 0.0625 0.9497
vn 0.5938 0.1637 -0.7878
vn 0.1661 0.1538 -0.9741
vn -0.0436 0.1441 -0.9886
vn 0.5516 0.1144 -0.8262
vn -0.9665 0.0094 -0.2566
vn 0.9907 0.0079 -0.1361
vn 0.9536 -0.0160 -0.3008
vn 0.8597 -0.0351 -0.5096
vn -0.1802 0.0247 -0.9833
vn 0.3977 -0.0064 -0.9175
vn 0.5281 0.0504 -0.8477
vn 0.3558 -0.1271 -0.9259
vn 0.4620 0.0099 -0.8868
vn 0.8644 0.0098 -0.5027
vn 0.8812 0.0253 -0.4721
vn 0.8583 0.0351 -0.5119
vn 0.4065 0.1181 -0.9060
vn 0.2016 0.1531 0.9674
vn -0.5893 0.3556 0.7255
vn -0.8758 0.2944 0.3825
vn 0.3361 0.0129 -0.9417
vn 0.0016 0.0255 -0.9997
vn 0.3324 0.1089 -0.9368
vn 0.3927 0.0550 -0.9180
vn 0.3643 -0.0332 -0.9307
vn 0.2503 -0.0205 -0.9680
vn 0.9539 0.0996 0.2830
vn 0.7516 0.1337 0.6459
vn -0.5911 0.8064 -0.0142
vn 0.9574 -0.0377 0.2863
vn 0.9961 0.0087 -0.0881
vn -0.5477 0.7903 -0.2745
vn -0.8852 0.4440 -0.1387
vn -0.7527 0.1321 -0.6450
vn 0.0011 0.9669 -0.2551
vn 0.5665 0.7873 -0.2432
vn -0.1253 0.1163 -0.9853
vn -0.0376 0.1615 -0.9862
vn -0.0029 0.0444 -0.9990
vn -0.0697 0.0354 -0.9969
vn 0.5518 0.2071 -0.8079
vn -0.9227 0.3667 -0.1192
vn -0.5599 0.0719 -0.8254
vn -0.1482 0.0450 -0.9879
vn -0.9437 -0.2627 0.2013
vn -0.8225 -0.5644 -0.0705
vn -0.8846 -0.4537 -0.1080
vn -0.4819 0.2430 -0.8418
vn -0.5652 0.2124 -0.7971
vn -0.9444 0.0117 -0.3286
vn 0.9528 0.3022 -0.0298
vn 0.9188 0.3937 0.0289
vn 0.0631 0.1313 -0.9893
vn 0.1408 0.2560 -0.9564
vn 0.1074 0.2649 -0.9583
vn -0.8726 0.1684 0.4586
vn -0.7975 0.0879 0.5969
vn -0.6898 0.1507 0.7081
vn -0.8720 0.1628 0.4616
vn -0.9483 -0.0686 -0.3099
vn -0.9297 0.0189 -0.3679
vn 0.2587 0.2500 -0.9330
vn 0.8244 -0.1200 -0.5531
vn 0.0339 0.3810 0.9239
vn -0.4218 0.0090 0.9067
vn -0.0330 0.1069 -0.9937
vn -0.6949 0.5974 -0.4002
vn -0.8711 0.4320 -0.2335
vn -0.8629 0.4583 -0.2130
vn -0.7566 0.4696 -0.4550
vn 0.1304 0.3256 -0.9365
vn 0.8454 0.1046 -0.5237
vn -0.1271 0.0983 -0.9870
vn 0.3425 0.1363 -0.9296
vn 0.1911 -0.8888 0.4165
vn -0.3400 -0.7764 0.5307
vn 0.9998 -0.0016 0.0197
vn 0.9376 0.0124 -0.3475
vn -0.3661 0.1723 0.9145
vn 0.9301 0.0206 0.3669
vn 0.9760 0.0613 0.2089
vn 0.0098 0.9501 -0.3117
vn 0.1468 0.9835 -0.1058
vn 0.1609 0.8414 -0.5160
vn 0.2186 0.8722 -0.4377
vn 0.8049 0.4670 0.3660
vn 0.2198 0.7251 0.6527
vn 0.1097 -0.0927 -0.9896
vn 0.3637 0.3207 -0.8746
vn -0.9665 -0.0437 0.2530
vn -0.9251 -0.0988 0.3666
vn -0.1607 0.1482 -0.9758
vn -0.1726 0.1576 -0.9723
vn -0.1892 0.2346 -0.9535
vn 0.4173 0.2835 -0.8634
vn -0.0672 0.2173 -0.9738
vn 0.0581 0.1758 -0.9827
vn -0.0355 0.1985 -0.9795
vn 0.0937 0.1568 -0.9832
vn 0.1981 0.1983 -0.9599
vn 0.2209 0.2337 -0.9469
vn 0.1532 0.2164 -0.9642
vn -0.9599 0.2614 0.1016
vn 0.9917 0.0391 -0.1225
vn 0.9843 0.0116 -0.1764
vn -0.8271 0.4337 0.3576
vn -0.6488 0.4065 0.6433
vn -0.8613 0.1019 0.4977
vn -0.7850 -0.5852 0.2033
vn -0.8991 -0.3661 0.2400
vn -0.9533 -0.0577 0.2966
vn -0.3559 -0.8317 0.4261
vn 0.0592 0.1919 -0.9796
vn 0.2934 0.2757 -0.9154
vn 0.2024 0.3181 -0.9262
vn -0.2125 0.3204 0.9232
vn -0.1630 0.0820 0.9832
vn -0.2471 0.3485 0.9041
vn -0.1806 0.2783 0.9434
vn -0.6471 -0.0318 0.7617
vn -0.6030 0.2085 -0.7700
vn -0.6917 0.0617 -0.7195
vn -0.8686 0.4836 0.1082
vn -0.5620 -0.7162 0.4138
vn -0.8201 0.5682 0.0676
vn -0.1844 0.1812 0.9660
vn 0.0193 0.1927 0.9811
vn -0.5484 0.1967 -0.8128
vn -0.5410 0.1486 -0.8278
vn -0.6346 0.1947 -0.7479
vn -0.7069 0.2335 -0.6677
vn -0.7527 0.2089 -0.6243
vn -0.7108 0.1836 -0.6790
vn -0.7499 0.1458 -0.6453
vn -0.7623 0.1675 -0.6252
vn -0.7438 0.1471 -0.6520
vn -0.5416 0.1679 -0.8237
vn 0.0323 -0.1719 -0.9846
vn -0.0693 -0.0445 -0.9966
vn -0.1765 0.0545 -0.9828
vn -0.1069 0.8284 -0.5499
vn -0.9946 0.0468 0.0929
vn -0.9641 0.1538 -0.2163
vn -0.7860 0.2323 -0.5729
vn 0.8344 -0.0909 -0.5436
vn -0.0043 0.9999 -0.0131
vn -0.0156 0.9998 0.0096
vn -0.2025 0.9774 0.0614
vn 0.2094 0.2208 0.9526
vn 0.2975 0.7265 -0.6194
vn 0.1969 0.9234 -0.3294
vn 0.1703 0.9468 -0.2730
vn 0.4041 0.7906 -0.4601
vn -0.4757 0.1885 0.8592
vn -0.4080 0.4610 -0.7880
vn -0.2985 0.6953 -0.6538
vn -0.3832 0.1549 -0.9106
vn -0.0458 0.2394 -0.9698
vn -0.7954 -0.0064 -0.6061
vn -0.8294 -0.0186 -0.5584
vn -0.9972 0.0017 0.0754
vn -0.9660 0.0541 -0.2528
vn 0.2111 0.6801 -0.7021
vn 0.9458 0.1328 0.2963
vn -0.8089 -0.1162 0.5764
vn -0.9516 -0.2941 -0.0895
vn -0.9103 -0.4114 -0.0460
vn 0.2709 0.7443 -0.6105
vn 0.1199 0.6644 -0.7377
vn 0.2716 0.9617 -0.0356
vn -0.9772 0.2077 -0.0445
vn -0.9828 0.1759 0.0561
vn -0.8960 0.1597 -0.4144
vn 0.0887 0.7857 -0.6123
vn -0.0829 0.9934 -0.0794
vn 0.7881 0.2071 -0.5796
vn 0.7205 0.1777 -0.6703
vn 0.5954 0.0310 -0.8028
vn -0.7825 0.1465 -0.6051
vn 0.9612 0.1833 0.2060
vn 0.9552 0.2197 -0.1983
vn 0.9236 0.1354 -0.3586
vn 0.9698 -0.0629 0.2358
vn 0.9572 0.0947 -0.2735
vn -0.4870 0.3209 0.8123
vn 0.8607 0.0304 -0.5081
vn 0.8652 0.0442 -0.4994
vn 0.4361 0.0880 -0.8956
vn -0.4068 0.1335 -0.9037
vn -0.2555 0.6800 0.6872
vn -0.4629 0.8731 0.1529
vn 0.3518 0.8398 0.4135
vn -0.7560 0.2975 -0.5831
vn -0.7980 0.4161 -0.4360
vn -0.6550 0.6464 -0.3913
vn -0.6143 0.3033 -0.7284
vn -0.9047 0.2371 -0.3539
vn -0.9418 -0.0530 -0.3319
vn 0.1143 0.9817 0.1523
vn 0.7082 0.5130 -0.4850
vn -0.0015 0.9887 -0.1498
vn -0.7286 0.5304 0.4335
vn -0.6349 0.6543 -0.4109
vn 0.1480 0.1073 -0.9832
vn 0.4387 0.0870 -0.8944
vn 0.6055 0.1496 -0.7817
vn 0.9692 0.0832 0.2316
vn 0.6875 -0.0079 0.7262
vn -0.9999 -0.0032 0.0163
vn -0.9333 0.0323 0.3576
vn -0.9615 -0.0283 0.2734
vn -0.9529 -0.0188 0.3028
vn 0.0699 0.5232 -0.8493
vn -0.3333 0.5292 -0.7803
vn -0.0242 0.9992 0.0308
vn -0.2186 0.0008 -0.9758
vn 0.3513 -0.1276 -0.9275
vn 0.9132 0.0105 -0.4074
vn -0.6363 0.1848 0.7490
vn -0.6329 0.1956 0.7491
vn 0.8277 0.0178 -0.5608
vn 0.5151 0.0981 0.8515
vn 0.0461 0.0985 -0.9941
vn -0.2205 0.1263 -0.9672
vn -0.1734 0.1150 -0.9781
vn 0.9614 0.1878 -0.2014
vn 0.6799 -0.2583 -0.6863
vn 0.8947 -0.2057 -0.3965
vn 0.9721 0.2321 0.0325
vn -0.9951 -0.0944 -0.0293
vn 0.9401 0.1893 0.2837
vn 0.6556 0.2475 -0.7134
vn 0.9625 0.2691 -0.0352
vn -0.7929 0.5623 -0.2349
vn -0.5267 0.7858 0.3242
vn -0.8899 0.0692 -0.4509
vn -0.9824 0.0884 0.1643
vn -0.9237 0.1359 -0.3581
vn -0.1455 0.5794 -0.8019
vn 0.8229 0.0543 -0.5656
vn 0.9353 0.1820 -0.3034
vn 0.9165 -0.0232 -0.3994
vn -0.3349 -0.1280 0.9335
vn 0.4781 0.8035 -0.3547
vn 0.7466 0.5812 0.3236
vn -0.7335 0.1167 0.6696
vn -0.8207 0.0271 0.5707
vn -0.4704 0.1197 -0.8743
vn 0.3154 0.1229 0.9410
vn 0.6514 0.1206 0.7491
vn 0.6617 0.1044 0.7424
vn 0.8165 0.0360 0.5762
vn -0.4440 -0.1191 0.8881
vn -0.9128 0.0565 -0.4045
vn -0.9710 0.0387 -0.2358
vn -0.9726 0.0371 -0.2294
vn -0.5495 -0.0489 0.8341
vn 0.1701 0.3413 -0.9244
vn -0.6276 0.3754 -0.6821
vn -0.6883 0.4114 -0.5974
vn -0.1948 0.6310 -0.7509
vn -0.4228 0.4535 -0.7846
vn -0.5246 0.3134 -0.7916
vn -0.1645 -0.0925 0.9820
vn -0.4329 -0.0310 0.9009
vn 0.9767 -0.0575 -0.2068
vn 0.9978 0.0195 0.0635
vn 0.9805 0.0950 -0.1723
vn -0.8420 0.2827 -0.4595
vn -0.9929 -0.0055 0.1191
vn -0.9214 0.0075 -0.3885
vn -0.5867 0.0352 0.8091
vn -0.8041 0.0815 0.5888
vn -0.8559 -0.3185 -0.4075
vn -0.7834 -0.5264 -0.3303
vn -0.6437 -0.7622 0.0677
vn -0.5721 -0.8176 -0.0652
vn -0.4547 -0.3358 -0.8249
vn -0.2826 -0.0972 -0.9543
vn -0.6763 -0.1543 -0.7203
vn -0.9156 -0.0892 -0.3921
vn 0.7910 -0.3821 0.4778
vn 0.7781 -0.3528 0.5198
vn -0.3102 -0.8515 -0.4227
vn 0.2695 -0.0587 -0.9612
vn 0.2840 -0.0586 -0.9570
vn 0.2924 0.0048 -0.9563
vn -0.5428 0.5685 -0.6183
vn 0.8570 0.4885 0.1643
vn -0.9924 0.0427 0.1158
vn -0.9987 -0.0497 -0.0087
vn 0.8700 0.1030 0.4823
vn 0.7768 0.5141 -0.3638
vn 0.1032 0.9507 0.2926
vn 0.0929 0.9543 -0.2839
vn 0.6741 0.4601 -0.5778
vn 0.6920 0.0565 -0.7196
vn 0.6926 0.0621 -0.7186
vn -0.9478 -0.0306 -0.3174
vn 0.1385 0.9763 -0.1663
vn 0.6980 0.6483 -0.3040
vn 0.2956 -0.0316 -0.9548
vn -0.1784 0.1414 0.9738
vn 0.2189 0.2519 -0.9427
vn -0.9984 0.0409 -0.0392
vn 0.6345 0.1803 0.7516
vn 0.8290 0.0732 0.5545
vn 0.9343 0.3515 -0.0594
vn 0.9285 0.1669 -0.3317
vn 0.0473 0.3185 -0.9467
vn -0.0232 0.9274 -0.3732
vn 0.1391 0.7130 -0.6873
vn -0.7132 0.3985 -0.5767
vn -0.7793 0.2964 -0.5521
vn -0.6733 0.2376 -0.7001
vn -0.6433 0.2228 -0.7325
vn -0.4079 0.0920 -0.9084
vn -0.9934 -0.0499 -0.1029
vn 0.7923 0.2257 -0.5669
vn 0.8158 0.0091 -0.5783
vn 0.9632 0.0924 0.2524
vn 0.9245 0.1565 0.3476
vn 0.9742 0.2251 -0.0186
vn -0.5788 0.7851 0.2204
vn 0.5049 0.8503 -0.1486
vn -0.1398 0.9648 -0.2228
vn -0.2495 0.8897 -0.3823
vn 0.6650 0.7296 -0.1595
vn -0.6955 0.1077 -0.7104
vn -0.2534 0.0390 -0.9666
vn 0.9133 0.2305 0.3358
vn 0.9757 0.2183 0.0193
vn 0.6661 0.1238 0.7355
vn -0.5186 0.0338 -0.8544
vn -0.3496 -0.2057 -0.9140
vn -0.2956 0.3405 -0.8926
vn -0.6661 -0.1627 -0.7279
vn -0.5591 0.3105 -0.7688
vn -0.7313 -0.0338 -0.6812
vn -0.4960 0.3856 -0.7780
vn -0.5012 0.1412 -0.8537
vn 0.2601 0.1509 -0.9537
vn 0.0689 -0.0385 -0.9969
vn -0.7742 0.1626 -0.6117
vn -0.0487 0.8173 -0.5741
vn -0.8682 0.1380 -0.4766
vn -0.9496 0.1316 -0.2845
vn 0.6235 -0.0188 -0.7816
vn 0.2673 -0.0097 -0.9636
vn 0.6549 0.0502 -0.7541
vn 0.9870 0.1333 0.0900
vn 0.5990 0.7306 -0.3277
vn 0.1590 0.1293 -0.9788
vn -0.8870 0.0182 0.4614
vn 0.3358 0.0985 -0.9368
vn 0.3208 0.2114 -0.9233
vn -0.2449 0.2930 -0.9242
vn -0.3551 0.6129 -0.7059
vn -0.1204 0.6514 -0.7491
vn -0.1908 0.2836 -0.9398
vn 0.8575 0.0688 -0.5099
vn -0.4800 -0.0576 0.8754
vn -0.2068 0.9093 0.3612
vn -0.1210 0.9643 0.2357
vn -0.7359 0.4532 -0.5031
vn 0.3897 0.8411 -0.3752
vn -0.9532 0.1005 -0.2852
vn -0.0926 0.0583 0.9940
vn -0.8795 -0.0286 0.4751
vn -0.7189 0.1489 0.6790
vn -0.8746 -0.1636 0.4564
vn 0.8709 -0.0167 -0.4911
vn -0.9944 -0.0066 0.1058
vn -0.9616 0.1105 0.2510
vn -0.3751 0.8564 -0.3548
vn -0.6450 0.7273 -0.2346
vn -0.4262 0.8814 0.2036
vn -0.2516 0.9371 -0.2418
vn -0.2501 0.9605 0.1216
vn -0.2269 0.9596 -0.1663
vn 0.1848 0.8874 -0.4224
vn -0.1329 0.9831 -0.1257
vn 0.0390 0.9732 -0.2268
vn 0.1435 0.3502 -0.9256
vn 0.0977 0.7306 -0.6758
vn -0.6374 0.1007 -0.7640
vn 0.0363 0.7917 -0.6098
vn -0.1678 0.9790 -0.1154
vn -0.3017 0.9454 -0.1234
vn 0.1472 0.1676 -0.9748
vn 0.2335 0.1758 -0.9563
vn 0.9732 0.1357 -0.1854
vn 0.3848 0.5565 -0.7363
vn 0.5093 0.8581 -0.0658
vn 0.7329 0.4962 -0.4654
vn -0.2441 0.9541 0.1737
vn -0.1881 0.9782 -0.0878
vn -0.6124 0.6619 -0.4322
vn -0.0970 0.2180 -0.9711
vn 0.1180 0.0582 -0.9913
vn 0.0019 0.9799 0.1996
vn -0.3034 0.6395 0.7064
vn -0.0032 0.7484 0.6632
vn -0.4305 0.7429 0.5127
vn -0.5536 0.3661 -0.7480
vn -0.0467 0.6855 -0.7266
vn 0.0379 0.9610 -0.2740
vn -0.2082 0.8353 0.5089
vn -0.9853 -0.1106 -0.1305
vn 0.1179 0.9929 -0.0138
vn 0.0881 0.4689 -0.8788
vn 0.7201 0.6720 0.1728
vn 0.5785 0.7038 0.4123
vn 0.1905 0.9730 0.1301
vn 0.6960 0.6686 -0.2616
vn 0.4627 0.7278 0.5061
vn 0.9842 0.0409 -0.1721
vn 0.9776 0.0415 0.2064
vn 0.0382 0.1291 -0.9909
vn -0.9062 0.1146 -0.4069
vn -0.8828 0.1739 -0.4365
vn -0.0897 -0.2581 -0.9619
vn -0.0930 -0.0613 -0.9938
vn 0.8743 -0.2803 -0.3963
vn 0.3384 -0.1491 -0.9291
vn 0.4545 0.4144 0.7885
vn 0.5926 0.5016 0.6303
vn -0.7943 0.0220 0.6071
vn -0.1346 -0.1042 0.9854
vn -0.9131 -0.3040 0.2716
vn 0.8872 -0.0160 0.4612
vn 0.9493 0.2187 -0.2260
vn 0.6300 0.1897 -0.7531
vn 0.8142 0.0942 -0.5728
vn -0.7987 -0.0011 0.6017
vn -0.9873 -0.0431 0.1532
vn -0.5952 0.8035 -0.0130
vn 0.4474 0.1251 -0.8856
vn 0.4342 0.1415 -0.8896
vn 0.6767 0.0049 -0.7362
vn 0.5822 0.1207 -0.8040
vn 0.1267 0.9753 -0.1810
vn 0.0784 0.9628 -0.2585
vn 0.2606 0.8193 -0.5107
vn -0.2024 0.9574 0.2058
vn -0.0007 0.8550 0.5186
vn 0.5127 0.0419 0.8575
vn 0.5356 0.0306 0.8439
vn 0.7130 0.4868 -0.5046
vn 0.8269 0.1023 0.5529
vn 0.9877 -0.1561 0.0111
vn 0.9623 0.0042 -0.2721
vn 0.8973 -0.0237 -0.4408
vn -0.1038 0.1058 -0.9890
vn 0.5463 0.3012 0.7815
vn 0.8922 0.1789 0.4147
vn 0.9178 0.1368 0.3726
vn 0.7828 0.1200 0.6106
vn 0.7241 0.0957 0.6830
vn -0.2406 0.0162 -0.9705
vn -0.1954 0.0454 0.9797
vn 0.0860 -0.0692 0.9939
vn 0.9706 0.0812 -0.2264
vn 0.0790 0.4931 -0.8664
vn -0.6709 0.7367 -0.0845
vn -0.9006 0.3243 -0.2893
vn 0.1509 0.9557 -0.2527
vn -0.7824 0.2215 -0.5820
vn -0.7711 0.1987 -0.6049
vn -0.3277 0.9447 -0.0105
vn 0.0338 0.9742 0.2232
vn -0.1136 0.4741 0.8731
vn 0.5047 -0.3331 -0.7965
vn -0.9684 0.0572 -0.2426
vn -0.7406 0.6653 0.0938
vn -0.6326 0.5269 0.5676
vn -0.7796 0.3533 0.5172
vn -0.3884 0.3143 0.8663
vn -0.9996 0.0175 0.0226
vn 0.7580 -0.3549 0.5473
vn 0.6627 -0.4477 0.6003
vn 0.8210 -0.3561 0.4463
vn 0.5218 -0.3993 -0.7539
vn 0.5671 -0.4598 -0.6833
vn -0.8892 0.3057 0.3403
vn -0.8897 0.4011 0.2179
vn -0.3377 0.1292 -0.9323
vn -0.3119 0.1026 -0.9445
vn 0.5602 0.7809 0.2763
vn 0.0631 0.9896 0.1291
vn -0.0775 0.9772 0.1978
vn 0.0989 0.9905 0.0952
vn 0.1978 0.8950 -0.3997
vn 0.1390 0.9684 -0.2072
vn 0.4514 -0.5212 -0.7243
vn 0.4203 -0.4686 -0.7770
vn -0.9588 0.2512 -0.1325
vn -0.9580 0.2548 -0.1318
vn -0.9367 0.3233 -0.1346
vn -0.9387 0.3056 -0.1596
vn 0.0058 0.9999 -0.0115
vn 0.1395 0.9880 -0.0661
vn 0.6737 -0.0194 0.7387
vn 0.9602 0.0376 -0.2766
vn 0.9285 -0.0202 0.3707
vn -0.0311 0.9988 0.0380
vn 0.0295 0.9267 0.3745
vn 0.3424 0.9339 0.1035
vn 0.2071 0.9747 -0.0844
vn -0.0684 0.9384 -0.3387
vn 0.0031 0.5405 0.8413
vn -0.1363 0.1302 0.9821
vn 0.4397 0.2486 -0.8631
vn 0.6309 0.2548 -0.7329
vn 0.1884 0.3549 -0.9157
vn 0.0851 0.3930 -0.9156
vn -0.7406 0.4004 -0.5396
vn 0.1529 0.9780 0.1422
vn 0.8998 -0.3341 0.2806
vn -0.2459 0.2000 -0.9484
vn -0.2539 0.1955 -0.9473
vn -0.1649 0.1858 -0.9687
vn -0.3086 0.0548 -0.9496
vn 0.9385 0.2342 -0.2539
vn 0.9617 0.2501 -0.1120
vn 0.9186 0.2543 -0.3024
vn 0.9722 0.2338 -0.0095
vn 0.9733 0.2244 -0.0479
vn 0.9751 0.1754 0.1360
vn 0.9691 0.2213 0.1088
vn 0.8149 -0.0497 -0.5775
vn 0.7668 0.0170 -0.6417
vn -0.6196 -0.0007 -0.7849
vn -0.5890 0.5121 0.6252
vn -0.7982 0.0017 -0.6024
vn 0.0974 0.1001 0.9902
vn -0.2644 -0.1164 -0.9573
vn -0.3633 0.0449 -0.9306
vn -0.8977 0.0776 0.4337
vn -0.1200 0.4111 -0.9037
vn -0.8649 0.4034 0.2986
vn 0.3307 0.6157 -0.7152
vn -0.2712 0.1844 -0.9447
vn 0.0076 0.2688 -0.9632
vn -0.7827 -0.2674 -0.5621
vn -0.1285 0.1626 -0.9783
vn -0.3211 0.9470 -0.0073
vn -0.3275 0.9367 0.1238
vn -0.0282 0.9988 0.0392
vn 0.5893 0.1770 -0.7883
vn 0.4615 -0.0813 -0.8834
vn 0.4531 -0.2193 -0.8640
vn 0.3877 -0.0268 -0.9214
vn -0.5002 0.4761 -0.7233
vn -0.4954 0.0283 0.8682
vn -0.5099 0.0187 0.8600
vn -0.5051 0.0288 0.8626
vn -0.6284 0.7763 0.0507
vn 0.0634 0.9866 -0.1506
vn 0.6973 -0.2124 0.6846
vn 0.7399 -0.2172 0.6367
vn -0.3182 0.2020 0.9262
vn -0.9051 0.2970 -0.3044
vn -0.7226 0.1596 -0.6726
vn 0.7585 -0.5207 0.3919
vn 0.4994 -0.7807 0.3757
vn -0.3763 0.2421 0.8943
vn 0.1938 0.0541 0.9795
vn 0.3029 0.0674 0.9506
vn 0.8520 -0.1381 -0.5050
vn 0.8026 -0.2272 -0.5515
vn -0.4758 0.5710 -0.6690
vn -0.4229 0.8003 -0.4250
vn 0.0098 0.8483 0.5295
vn -0.1233 0.9264 0.3557
vn 0.9049 -0.0921 0.4156
vn 0.9353 -0.2510 0.2493
vn -0.0148 -0.8785 0.4776
vn 0.3288 -0.8063 0.4917
vn -0.4458 -0.8107 0.3796
vn -0.1377 0.3144 -0.9392
vn -0.0158 0.8817 -0.4715
vn -0.1445 0.7171 -0.6818
vn 0.9369 -0.2420 0.2521
vn 0.8793 -0.2528 0.4037
vn -0.2649 0.8895 -0.3722
vn -0.4360 0.8947 -0.0965
vn -0.1917 -0.9810 0.0291
vn 0.2150 -0.9753 -0.0512
vn -0.0974 -0.9952 -0.0001
vn -0.0804 0.9895 0.1201
vn 0.6730 0.7389 0.0324
vn -0.5611 0.4906 -0.6667
vn 0.4498 0.7187 0.5302
vn -0.5828 0.6883 -0.4320
vn 0.0995 0.0543 0.9935
vn 0.5464 0.0935 0.8323
vn -0.9932 -0.1032 0.0546
vn -0.5370 0.1716 -0.8260
vn -0.7325 0.5110 -0.4498
vn 0.0014 1.0000 0.0094
vn -0.4153 0.7626 -0.4960
vn 0.3992 0.6178 0.6775
vn 0.2075 0.5320 0.8209
vn 0.4667 0.4316 0.7719
vn 0.1475 0.9886 -0.0314
vn 0.8495 0.5221 -0.0759
vn -0.3655 0.9146 0.1732
vn 0.9906 -0.0175 -0.1355
vn 0.2940 0.5173 -0.8037
vn 0.7931 0.5794 -0.1878
vn 0.2057 0.7475 -0.6316
vn -0.8111 0.4540 -0.3687
vn -0.2628 0.5218 0.8116
vn -0.2694 0.8504 0.4519
vn 0.6378 0.2376 -0.7326
vn 0.7523 0.6281 -0.1988
vn 0.5957 0.7882 -0.1545
vn -0.9935 0.0375 0.1079
vn 0.1941 0.9799 0.0455
vn -0.2717 0.6782 0.6828
vn 1.0000 -0.0061 -0.0038
vn 0.0547 0.1656 0.9847
vn -0.3075 0.0290 0.9511
vn 0.0056 1.0000 0.0025
vn -0.3283 0.7724 -0.5437
vn -0.2678 0.9326 0.2418
vn -0.8090 0.5860 -0.0463
vn 0.3417 0.6363 0.6916
vn -0.7145 0.6438 -0.2740
vn -0.4135 0.1308 -0.9011
vt 0.070997 0.612881
vt 0.064370 0.627930
vt 0.044022 0.638864
vt 0.024837 0.640275
vt 0.571322 0.886235
vt 0.569694 0.847554
vt 0.569927 0.828978
vt 0.576787 0.846614
vt 0.569811 0.948196
vt 0.565276 0.948196
vt 0.511209 0.837208
vt 0.502372 0.900344
vt 0.502372 0.923388
vt 0.495163 0.904341
vt 0.504697 0.825333
vt 0.337961 0.622051
vt 0.272383 0.671902
vt 0.274825 0.663789
vt 0.071462 0.094154
vt 0.092973 0.099562
vt 0.090415 0.108027
vt 0.072276 0.105323
vt 0.817008 0.243470
vt 0.821310 0.233476
vt 0.825147 0.238885
vt 0.821543 0.251818
vt 0.562136 0.095095
vt 0.582949 0.134716
vt 0.572252 0.150001
vt 0.614343 0.386908
vt 0.625622 0.384439
vt 0.614343 0.398783
vt 0.599925 0.407600
vt 0.126227 0.335176
vt 0.206107 0.374328
vt 0.164830 0.360807
vt 0.139366 0.350108
vt 0.065649 0.867071
vt 0.105879 0.852492
vt 0.116228 0.854844
vt 0.042394 0.891408
vt 0.669689 0.786652
vt 0.654574 0.740211
vt 0.665852 0.766665
vt 0.678061 0.794059
vt 0.540742 0.395608
vt 0.592135 0.306841
vt 0.577717 0.347756
vt 0.548532 0.405014
vt 0.561904 0.390200
vt 0.538998 0.417241
vt 0.255988 0.671549
vt 0.371564 0.594422
vt 0.233548 0.692124
vt 0.158551 0.418064
vt 0.274825 0.401487
vt 0.284010 0.405954
vt 0.285289 0.508830
vt 0.266569 0.501893
vt 0.155877 0.485433
vt 0.085764 0.392551
vt 0.089717 0.386673
vt 0.100996 0.386790
vt 0.120995 0.404073
vt 0.136924 0.406542
vt 0.383075 0.407483
vt 0.366216 0.368919
vt 0.384354 0.395138
vt 0.396679 0.417241
vt 0.682014 0.708467
vt 0.695037 0.738918
vt 0.682131 0.717990
vt 0.660736 0.683424
vt 0.696665 0.361395
vt 0.641086 0.399958
vt 0.678759 0.371036
vt 0.736895 0.317070
vt 0.401679 0.583605
vt 0.423887 0.571143
vt 0.402725 0.588543
vt 0.370401 0.603828
vt 0.415167 0.771485
vt 0.408423 0.837325
vt 0.398772 0.852610
vt 0.933514 0.699061
vt 0.913282 0.693653
vt 0.927351 0.692242
vt 0.946769 0.692594
vt 0.084020 0.292850
vt 0.078904 0.294614
vt 0.068555 0.275920
vt 0.087508 0.276390
vt 0.326101 0.163168
vt 0.327729 0.150353
vt 0.337729 0.173868
vt 0.340170 0.198910
vt 0.291452 0.727984
vt 0.334705 0.674959
vt 0.305056 0.722458
vt 0.298428 0.186683
vt 0.302614 0.206788
vt 0.292266 0.184684
vt 0.291684 0.148119
vt 0.076811 0.235475
vt 0.064486 0.243117
vt 0.074253 0.228774
vt 0.086810 0.209962
vt 0.101926 0.527994
vt 0.219130 0.502598
vt 0.151575 0.493310
vt 0.240175 0.499659
vt 0.167272 0.523996
vt 0.102972 0.542573
vt 0.232268 0.818514
vt 0.254244 0.788180
vt 0.267732 0.779950
vt 0.246803 0.814752
vt 0.454002 0.341407
vt 0.453188 0.315777
vt 0.461444 0.350343
vt 0.454816 0.362688
vt 0.253663 0.732099
vt 0.214711 0.808403
vt 0.235757 0.827097
vt 0.209246 0.809814
vt 0.167388 0.747383
vt 0.180178 0.747148
vt 0.192619 0.765842
vt 0.189480 0.729512
vt 0.218083 0.733039
vt 0.238082 0.702470
vt 0.292731 0.666023
vt 0.241222 0.824275
vt 0.112042 0.610412
vt 0.120995 0.604298
vt 0.111577 0.621816
vt 0.092043 0.635690
vt 0.124367 0.772191
vt 0.121111 0.784301
vt 0.103321 0.805463
vt 0.103205 0.785359
vt 0.208897 0.203378
vt 0.202154 0.191974
vt 0.207619 0.182215
vt 0.211455 0.182333
vt 0.175527 0.734450
vt 0.210874 0.713993
vt 0.669457 0.681190
vt 0.700386 0.722340
vt 0.727245 0.762315
vt 0.430166 0.706703
vt 0.448537 0.605121
vt 0.444933 0.657205
vt 0.438073 0.696710
vt 0.435282 0.709407
vt 0.424236 0.752439
vt 0.792823 0.219485
vt 0.799683 0.205142
vt 0.804101 0.203966
vt 0.795381 0.227010
vt 0.776661 0.246174
vt 0.161923 0.753732
vt 0.184596 0.784771
vt 0.184829 0.804288
vt 0.195061 0.811812
vt 0.152389 0.818279
vt 0.733640 0.124723
vt 0.720966 0.132247
vt 0.710153 0.120490
vt 0.729919 0.116140
vt 0.568880 0.820277
vt 0.560857 0.822982
vt 0.560276 0.700119
vt 0.551904 0.661203
vt 0.570392 0.702588
vt 0.577368 0.726808
vt 0.177736 0.788533
vt 0.157040 0.777481
vt 0.591088 0.236298
vt 0.582833 0.245351
vt 0.585972 0.223013
vt 0.602716 0.204907
vt 0.149482 0.772426
vt 0.136110 0.775718
vt 0.735965 0.830624
vt 0.729221 0.814164
vt 0.758987 0.855196
vt 0.771196 0.888822
vt 0.141459 0.780773
vt 0.128320 0.794059
vt 0.121344 0.794176
vt 0.142854 0.763608
vt 0.163435 0.747265
vt 0.129366 0.804993
vt 0.145645 0.805463
vt 0.142040 0.821453
vt 0.145296 0.830271
vt 0.130064 0.830859
vt 0.510162 0.082162
vt 0.506209 0.265691
vt 0.498535 0.081103
vt 0.165179 0.824980
vt 0.142157 0.882120
vt 0.129832 0.927268
vt 0.818287 0.842734
vt 0.818868 0.826156
vt 0.833403 0.812283
vt 0.831542 0.842851
vt 0.310753 0.952428
vt 0.315985 0.920684
vt 0.321799 0.951017
vt 0.314241 0.898228
vt 0.300056 0.894348
vt 0.299591 0.877770
vt 0.127041 0.823687
vt 0.578298 0.533990
vt 0.598414 0.535048
vt 0.608878 0.555035
vt 0.571555 0.554918
vt 0.558416 0.549039
vt 0.775847 0.316247
vt 0.809450 0.269806
vt 0.822821 0.261576
vt 0.829682 0.300610
vt 0.325287 0.950547
vt 0.324473 0.922095
vt 0.329589 0.950194
vt 0.332264 0.943140
vt 0.777010 0.220896
vt 0.783289 0.183391
vt 0.789219 0.213960
vt 0.779335 0.234417
vt 0.236687 0.563501
vt 0.203781 0.562678
vt 0.209363 0.553389
vt 0.287033 0.549510
vt 0.264244 0.559503
vt 0.243663 0.568321
vt 0.196340 0.585369
vt 0.328194 0.909279
vt 0.323543 0.882826
vt 0.327729 0.883766
vt 0.342612 0.887411
vt 0.344007 0.903871
vt 0.510743 0.683541
vt 0.503302 0.711523
vt 0.507139 0.666846
vt 0.515162 0.659557
vt 0.922352 0.673548
vt 0.920026 0.663907
vt 0.961536 0.664730
vt 0.947118 0.671549
vt 0.357262 0.907751
vt 0.375285 0.945139
vt 0.370983 0.944668
vt 0.356914 0.915511
vt 0.365867 0.945139
vt 0.342147 0.873420
vt 0.325055 0.852492
vt 0.320055 0.889057
vt 0.690735 0.527524
vt 0.689921 0.521527
vt 0.709571 0.505538
vt 0.716199 0.492487
vt 0.832240 0.501423
vt 0.315869 0.875536
vt 0.319241 0.859664
vt 0.773870 0.282857
vt 0.743174 0.305901
vt 0.788405 0.249819
vt 0.798404 0.250407
vt 0.323427 0.837208
vt 0.341100 0.806404
vt 0.332496 0.830153
vt 0.540161 0.812988
vt 0.544812 0.851199
vt 0.541788 0.880239
vt 0.536440 0.841205
vt 0.534231 0.811107
vt 0.536789 0.785946
vt 0.341798 0.846261
vt 0.355286 0.772543
vt 0.765499 0.235240
vt 0.754104 0.249114
vt 0.763057 0.223365
vt 0.773057 0.198087
vt 0.357611 0.799937
vt 0.850378 0.617584
vt 0.890609 0.635807
vt 0.878633 0.638394
vt 0.849797 0.635690
vt 0.835495 0.623815
vt 0.755732 0.191621
vt 0.745267 0.252406
vt 0.744686 0.109909
vt 0.745848 0.116845
vt 0.717710 0.112142
vt 0.717943 0.105558
vt 0.721082 0.106852
vt 0.725501 0.110849
vt 0.706199 0.302021
vt 0.738640 0.270747
vt 0.710036 0.304020
vt 0.687363 0.329533
vt 0.583414 0.426647
vt 0.597251 0.422414
vt 0.580159 0.436523
vt 0.570741 0.432526
vt 0.328659 0.791825
vt 0.319125 0.836855
vt 0.306451 0.820748
vt 0.250058 0.822276
vt 0.080415 0.365980
vt 0.091461 0.369272
vt 0.084601 0.379618
vt 0.063788 0.367038
vt 0.887005 0.694593
vt 0.899795 0.692242
vt 0.898167 0.700824
vt 0.893632 0.705880
vt 0.446793 0.553742
vt 0.469001 0.551273
vt 0.547486 0.547981
vt 0.535393 0.554330
vt 0.256221 0.396666
vt 0.245872 0.387731
vt 0.259244 0.385144
vt 0.095531 0.638041
vt 0.114135 0.628988
vt 0.389819 0.106616
vt 0.397028 0.161993
vt 0.382145 0.104500
vt 0.377494 0.072286
vt 0.097042 0.818161
vt 0.079485 0.823687
vt 0.109600 0.806051
vt 0.287033 0.646271
vt 0.363890 0.594892
vt 0.387610 0.574082
vt 0.408307 0.566793
vt 0.223432 0.691066
vt 0.251570 0.668963
vt 0.228315 0.677545
vt 0.276685 0.646036
vt 0.705269 0.934792
vt 0.692828 0.899168
vt 0.713292 0.939495
vt 0.714106 0.952899
vt 0.460513 0.847789
vt 0.480164 0.833563
vt 0.472141 0.827214
vt 0.476675 0.921272
vt 0.481443 0.898110
vt 0.473303 0.876947
vt 0.470397 0.846849
vt 0.462955 0.861428
vt 0.302265 0.628400
vt 0.356216 0.593246
vt 0.552602 0.088863
vt 0.559230 0.080163
vt 0.572833 0.094507
vt 0.347496 0.586074
vt 0.366681 0.572671
vt 0.421445 0.565147
vt 0.437607 0.558680
vt 0.265406 0.215018
vt 0.305521 0.239473
vt 0.332264 0.281328
vt 0.288894 0.237121
vt 0.309707 0.271452
vt 0.312730 0.289323
vt 0.429236 0.379266
vt 0.426329 0.347404
vt 0.437491 0.409364
vt 0.445282 0.563148
vt 0.090415 0.234770
vt 0.091112 0.255698
vt 0.085996 0.238062
vt 0.090531 0.215135
vt 0.412144 0.632868
vt 0.381796 0.674959
vt 0.425515 0.586897
vt 0.837937 0.035956
vt 0.945258 0.155879
vt 0.931654 0.154821
vt 0.835379 0.040424
vt 0.822240 0.038307
vt 0.090066 0.851787
vt 0.116344 0.839794
vt 0.051114 0.863897
vt 0.340287 0.761256
vt 0.884330 0.780185
vt 0.912236 0.787593
vt 0.886423 0.792060
vt 0.873168 0.786299
vt 0.888284 0.348109
vt 0.915375 0.359631
vt 0.831310 0.386673
vt 0.852355 0.354105
vt 0.038789 0.199146
vt 0.036580 0.228421
vt 0.032859 0.217016
vt 0.042975 0.173045
vt 0.749337 0.196559
vt 0.754104 0.183391
vt 0.761545 0.139654
vt 0.768754 0.142123
vt 0.762010 0.168459
vt 0.744686 0.211608
vt 0.737593 0.212196
vt 0.855029 0.952899
vt 0.862587 0.918215
vt 0.866773 0.943258
vt 0.861076 0.969711
vt 0.032627 0.375268
vt 0.026697 0.370800
vt 0.051812 0.358103
vt 0.052393 0.362570
vt 0.350867 0.858606
vt 0.348891 0.872597
vt 0.359239 0.898815
vt 0.389587 0.931736
vt 0.393772 0.944786
vt 0.397726 0.945256
vt 0.382378 0.909867
vt 0.369704 0.892819
vt 0.359704 0.874478
vt 0.370634 0.872832
vt 0.373541 0.860840
vt 0.376099 0.887764
vt 0.515976 0.836855
vt 0.525161 0.813341
vt 0.526906 0.840617
vt 0.521092 0.876124
vt 0.955257 0.689420
vt 0.939211 0.687069
vt 0.960024 0.675429
vt 0.969094 0.687186
vt 0.153319 0.570555
vt 0.131924 0.569732
vt 0.160295 0.564559
vt 0.163667 0.568909
vt 0.408655 0.945256
vt 0.405167 0.908456
vt 0.412144 0.945139
vt 0.404818 0.885060
vt 0.349821 0.266044
vt 0.355053 0.292850
vt 0.335752 0.254522
vt 0.326217 0.232301
vt 0.413539 0.932676
vt 0.419701 0.945491
vt 0.436329 0.922565
vt 0.418422 0.924916
vt 0.410748 0.893995
vt 0.653062 0.919743
vt 0.648179 0.913042
vt 0.659806 0.901520
vt 0.668178 0.905635
vt 0.576671 0.266749
vt 0.583414 0.273804
vt 0.577717 0.308017
vt 0.310637 0.114376
vt 0.308776 0.147296
vt 0.299940 0.120490
vt 0.295638 0.102266
vt 0.430864 0.946902
vt 0.443537 0.930442
vt 0.444351 0.947373
vt 0.824914 0.142241
vt 0.811659 0.198558
vt 0.465513 0.947137
vt 0.450979 0.923623
vt 0.182969 0.205024
vt 0.179597 0.189505
vt 0.190643 0.182215
vt 0.204130 0.210903
vt 0.474234 0.941024
vt 0.495047 0.924211
vt 0.480396 0.946550
vt 0.357611 0.342230
vt 0.347496 0.325065
vt 0.364355 0.337292
vt 0.360053 0.320009
vt 0.374006 0.349050
vt 0.377610 0.367979
vt 0.494930 0.939378
vt 0.498070 0.945491
vt 0.506092 0.928208
vt 0.507372 0.946667
vt 0.510162 0.927268
vt 0.512488 0.947137
vt 0.456793 0.840030
vt 0.450514 0.865072
vt 0.753174 0.171281
vt 0.757476 0.140477
vt 0.759918 0.112730
vt 0.493186 0.945962
vt 0.881772 0.339291
vt 0.823752 0.357632
vt 0.834681 0.318128
vt 0.753871 0.345758
vt 0.763871 0.324477
vt 0.520743 0.639805
vt 0.515162 0.619817
vt 0.522720 0.596303
vt 0.527719 0.628283
vt 0.524115 0.678839
vt 0.301219 0.594540
vt 0.228431 0.624168
vt 0.255174 0.608531
vt 0.769568 0.912689
vt 0.769685 0.894348
vt 0.779103 0.902460
vt 0.782358 0.917862
vt 0.508185 0.812400
vt 0.514348 0.815692
vt 0.512953 0.838619
vt 0.047626 0.655089
vt 0.024720 0.660145
vt 0.698293 0.174926
vt 0.700037 0.202673
vt 0.681317 0.233241
vt 0.675968 0.218310
vt 0.507139 0.785359
vt 0.451095 0.835444
vt 0.443537 0.864720
vt 0.437142 0.909397
vt 0.429003 0.847201
vt 0.439235 0.826979
vt 0.445514 0.800525
vt 0.240059 0.174691
vt 0.237268 0.160229
vt 0.268313 0.176572
vt 0.277266 0.200086
vt 0.261918 0.135069
vt 0.255291 0.124370
vt 0.266685 0.123077
vt 0.269592 0.135304
vt 0.530975 0.880357
vt 0.536324 0.904459
vt 0.532952 0.948196
vt 0.538417 0.948313
vt 0.827938 0.248526
vt 0.541091 0.915628
vt 0.546672 0.948431
vt 0.545974 0.923741
vt 0.536556 0.880474
vt 0.557486 0.948431
vt 0.345868 0.762902
vt 0.331566 0.807227
vt 0.429120 0.622404
vt 0.420632 0.647682
vt 0.580508 0.917274
vt 0.576554 0.948431
vt 0.585624 0.921154
vt 0.580043 0.940201
vt 0.588531 0.946197
vt 0.604925 0.914335
vt 0.618413 0.903871
vt 0.526324 0.904929
vt 0.516906 0.932911
vt 0.088903 0.629811
vt 0.070183 0.648858
vt 0.083090 0.633221
vt 0.086461 0.613821
vt 0.596088 0.885765
vt 0.589926 0.948431
vt 0.387610 0.272393
vt 0.358890 0.200674
vt 0.418539 0.316835
vt 0.406562 0.326593
vt 0.398656 0.296495
vt 0.782010 0.158348
vt 0.780265 0.137303
vt 0.228897 0.156585
vt 0.234594 0.131071
vt 0.240175 0.126369
vt 0.233431 0.153645
vt 0.233082 0.175631
vt 0.429468 0.266985
vt 0.424934 0.259577
vt 0.407260 0.183979
vt 0.401911 0.129073
vt 0.415399 0.187506
vt 0.727477 0.881885
vt 0.711083 0.860957
vt 0.718175 0.821923
vt 0.731198 0.842734
vt 0.744221 0.873773
vt 0.400400 0.250760
vt 0.386331 0.189505
vt 0.407260 0.249114
vt 0.409469 0.272981
vt 0.790033 0.793941
vt 0.808287 0.808638
vt 0.800381 0.812283
vt 0.787126 0.812518
vt 0.732593 0.620523
vt 0.764103 0.646389
vt 0.793753 0.689655
vt 0.786195 0.686128
vt 0.770266 0.664025
vt 0.269592 0.335764
vt 0.228548 0.232889
vt 0.228199 0.217016
vt 0.250756 0.235593
vt 0.279127 0.276273
vt 0.333775 0.316247
vt 0.342845 0.329298
vt 0.293080 0.386437
vt 0.282150 0.386673
vt 0.276917 0.373975
vt 0.289475 0.377267
vt 0.540742 0.756436
vt 0.680852 0.627695
vt 0.699107 0.639334
vt 0.727129 0.692124
vt 0.644342 0.488607
vt 0.606785 0.498836
vt 0.585740 0.495544
vt 0.614343 0.485198
vt 0.420515 0.258990
vt 0.426910 0.290029
vt 0.416213 0.257579
vt 0.413306 0.227598
vt 0.248430 0.058647
vt 0.235989 0.056296
vt 0.255291 0.058647
vt 0.296335 0.065349
vt 0.292614 0.083925
vt 0.538068 0.340232
vt 0.541556 0.274627
vt 0.570392 0.230067
vt 0.658411 0.085571
vt 0.656318 0.072873
vt 0.672364 0.092861
vt 0.679573 0.108850
vt 0.664108 0.101443
vt 0.642016 0.169753
vt 0.624110 0.176572
vt 0.637249 0.120725
vt 0.639807 0.146121
vt 0.448421 0.447575
vt 0.441328 0.438992
vt 0.549230 0.440873
vt 0.489349 0.440285
vt 0.617483 0.883178
vt 0.638761 0.886353
vt 0.618994 0.910925
vt 0.612599 0.931500
vt 0.602600 0.947608
vt 0.617948 0.938202
vt 0.626901 0.947020
vt 0.645737 0.925739
vt 0.640970 0.946550
vt 0.645853 0.946667
vt 0.650504 0.938555
vt 0.653295 0.941847
vt 0.648876 0.947725
vt 0.655969 0.945609
vt 0.671085 0.908574
vt 0.675619 0.906340
vt 0.666782 0.946432
vt 0.675503 0.916098
vt 0.673294 0.946667
vt 0.682828 0.946902
vt 0.684689 0.924329
vt 0.691898 0.947020
vt 0.692944 0.934557
vt 0.700037 0.937379
vt 0.696316 0.948313
vt 0.707246 0.951135
vt 0.747244 0.957954
vt 0.689340 0.916334
vt 0.683875 0.896582
vt 0.675736 0.895759
vt 0.529347 0.665200
vt 0.529463 0.682836
vt 0.525743 0.698355
vt 0.638528 0.916216
vt 0.636086 0.926445
vt 0.621901 0.914217
vt 0.632947 0.903753
vt 0.651551 0.895406
vt 0.669341 0.891644
vt 0.666434 0.878123
vt 0.666666 0.865072
vt 0.673178 0.875301
vt 0.649807 0.887529
vt 0.677131 0.883414
vt 0.571206 0.451102
vt 0.633296 0.416066
vt 0.586786 0.451455
vt 0.927235 0.440285
vt 0.915491 0.426882
vt 0.942700 0.421356
vt 0.960722 0.398312
vt 0.956420 0.390435
vt 0.970605 0.394315
vt 0.944444 0.432526
vt 0.576787 0.421239
vt 0.086345 0.166343
vt 0.070416 0.185625
vt 0.079718 0.164932
vt 0.090415 0.151176
vt 0.635272 0.895406
vt 0.648644 0.877065
vt 0.639691 0.876947
vt 0.758057 0.055473
vt 0.766429 0.052651
vt 0.752592 0.081691
vt 0.743756 0.088393
vt 0.648993 0.850493
vt 0.916654 0.703881
vt 0.744686 0.368449
vt 0.779219 0.351636
vt 0.740035 0.448986
vt 0.825845 0.393727
vt 0.855727 0.394315
vt 0.818519 0.403250
vt 0.759220 0.448868
vt 0.699223 0.482141
vt 0.752011 0.382087
vt 0.704455 0.399488
vt 0.744453 0.348697
vt 0.166109 0.642862
vt 0.155179 0.675664
vt 0.137040 0.698473
vt 0.136227 0.666023
vt 0.152040 0.652855
vt 0.062160 0.192091
vt 0.043905 0.201732
vt 0.055765 0.173868
vt 0.065997 0.180099
vt 0.720850 0.896817
vt 0.719454 0.902107
vt 0.072392 0.129543
vt 0.082276 0.128602
vt 0.050882 0.171399
vt 0.778056 0.959365
vt 0.781893 0.963950
vt 0.791544 0.957601
vt 0.810031 0.955485
vt 0.797939 0.965596
vt 0.822705 0.967007
vt 0.811194 0.942905
vt 0.829682 0.962775
vt 0.109716 0.687421
vt 0.106228 0.664025
vt 0.121576 0.655207
vt 0.120646 0.675076
vt 0.819915 0.947843
vt 0.832589 0.950077
vt 0.829682 0.930442
vt 0.839914 0.943375
vt 0.833635 0.968653
vt 0.843518 0.959482
vt 0.847355 0.969946
vt 0.768405 0.249701
vt 0.757825 0.254287
vt 0.702827 0.887293
vt 0.773289 0.929149
vt 0.835960 0.918450
vt 0.835728 0.876594
vt 0.840030 0.850376
vt 0.853634 0.800173
vt 0.756778 0.104148
vt 0.766778 0.071933
vt 0.852006 0.949019
vt 0.852239 0.969594
vt 0.430631 0.320597
vt 0.442840 0.341525
vt 0.442258 0.361042
vt 0.871656 0.969946
vt 0.882237 0.915158
vt 0.880958 0.944316
vt 0.082276 0.651562
vt 0.063556 0.656147
vt 0.202619 0.319304
vt 0.226571 0.345052
vt 0.188317 0.311897
vt 0.179248 0.294849
vt 0.897585 0.383145
vt 0.912468 0.385497
vt 0.896423 0.387378
vt 0.869215 0.393962
vt 0.333659 0.143299
vt 0.354937 0.070992
vt 0.342263 0.141535
vt 0.365285 0.094507
vt 0.370866 0.107204
vt 0.419701 0.296965
vt 0.390982 0.292968
vt 0.369122 0.243823
vt 0.350402 0.206317
vt 0.909562 0.971357
vt 0.907701 0.897640
vt 0.914794 0.971592
vt 0.060067 0.228774
vt 0.060300 0.207376
vt 0.061463 0.214430
vt 0.072276 0.215723
vt 0.627831 0.810049
vt 0.666317 0.828390
vt 0.674573 0.861898
vt 0.911771 0.861428
vt 0.902469 0.863779
vt 0.874912 0.970064
vt 0.882354 0.970299
vt 0.759685 0.263105
vt 0.770382 0.258519
vt 0.758290 0.272275
vt 0.751313 0.274274
vt 0.873052 0.915746
vt 0.907817 0.844850
vt 0.929096 0.830153
vt 0.896190 0.855667
vt 0.919794 0.823922
vt 0.927235 0.781832
vt 0.935491 0.808873
vt 0.943281 0.772543
vt 0.286568 0.271687
vt 0.270174 0.246292
vt 0.379820 0.138479
vt 0.393075 0.184567
vt 0.905492 0.840852
vt 0.906422 0.820865
vt 0.913282 0.801584
vt 0.853983 0.404191
vt 0.829682 0.419240
vt 0.755964 0.461566
vt 0.819450 0.413244
vt 0.727012 0.333177
vt 0.746895 0.311544
vt 0.788521 0.281798
vt 0.683177 0.383028
vt 0.794800 0.683894
vt 0.776312 0.652503
vt 0.787474 0.659792
vt 0.804915 0.254169
vt 0.887353 0.872832
vt 0.883168 0.873537
vt 0.054486 0.244293
vt 0.063556 0.260518
vt 0.051347 0.272275
vt 0.777359 0.204436
vt 0.875028 0.861075
vt 0.887005 0.845555
vt 0.887121 0.818514
vt 0.893167 0.843204
vt 0.893516 0.821336
vt 0.880726 0.803935
vt 0.877354 0.836385
vt 0.873168 0.830741
vt 0.879098 0.818867
vt 0.864331 0.805934
vt 0.863866 0.776423
vt 0.859680 0.771132
vt 0.290056 0.590542
vt 0.309939 0.579020
vt 0.325869 0.582195
vt 0.848867 0.798762
vt 0.842704 0.803347
vt 0.455979 0.424531
vt 0.452723 0.383381
vt 0.462839 0.392904
vt 0.891307 0.884001
vt 0.828054 0.913747
vt 0.109949 0.234300
vt 0.145180 0.269453
vt 0.175178 0.303667
vt 0.172620 0.308370
vt 0.110995 0.242412
vt 0.819333 0.904341
vt 0.826542 0.878475
vt 0.831775 0.881768
vt 0.837123 0.774660
vt 0.844797 0.777129
vt 0.877935 0.706350
vt 0.865726 0.754320
vt 0.857355 0.761374
vt 0.846425 0.718813
vt 0.865261 0.733039
vt 0.868401 0.703764
vt 0.856192 0.694005
vt 0.829914 0.668257
vt 0.836774 0.655559
vt 0.846890 0.676605
vt 0.167620 0.135892
vt 0.154133 0.116845
vt 0.143319 0.089569
vt 0.176225 0.136009
vt 0.186224 0.154233
vt 0.183666 0.157525
vt 0.869912 0.757259
vt 0.910143 0.712934
vt 0.896771 0.711053
vt 0.937700 0.706703
vt 0.899911 0.802759
vt 0.912120 0.767605
vt 0.922584 0.762785
vt 0.936188 0.753379
vt 0.957582 0.761609
vt 0.945839 0.744679
vt 0.894446 0.738683
vt 0.917817 0.746795
vt 0.913631 0.730217
vt 0.965373 0.717167
vt 0.966652 0.703646
vt 0.974210 0.708819
vt 0.974558 0.686598
vt 0.044138 0.228774
vt 0.886307 0.331179
vt 0.899562 0.344700
vt 0.531208 0.430527
vt 0.528301 0.276743
vt 0.538300 0.262046
vt 0.534696 0.277566
vt 0.101461 0.306606
vt 0.095298 0.316365
vt 0.089368 0.307664
vt 0.101344 0.288147
vt 0.095996 0.237474
vt 0.068555 0.195854
vt 0.082857 0.174926
vt 0.085531 0.178218
vt 0.072276 0.199263
vt 0.349356 0.241119
vt 0.361448 0.290499
vt 0.921538 0.686951
vt 0.909096 0.687656
vt 0.891423 0.691066
vt 0.885144 0.729394
vt 0.530975 0.842969
vt 0.530394 0.816045
vt 0.530626 0.791237
vt 0.886307 0.715639
vt 0.877819 0.700119
vt 0.868517 0.689302
vt 0.878865 0.690949
vt 0.861773 0.674488
vt 0.875726 0.682366
vt 0.883865 0.686716
vt 0.891539 0.681072
vt 0.131924 0.486256
vt 0.715036 0.138949
vt 0.706664 0.127074
vt 0.912701 0.673548
vt 0.952932 0.432878
vt 0.974210 0.403838
vt 0.934328 0.518471
vt 0.824798 0.711171
vt 0.818403 0.664965
vt 0.840379 0.728807
vt 0.973628 0.382087
vt 0.936537 0.460390
vt 0.418887 0.804170
vt 0.433305 0.737977
vt 0.426445 0.790884
vt 0.427027 0.812870
vt 0.466792 0.726102
vt 0.483535 0.706350
vt 0.470862 0.742798
vt 0.428422 0.831329
vt 0.320753 0.113906
vt 0.330752 0.105088
vt 0.329822 0.123547
vt 0.931188 0.403603
vt 0.968163 0.373034
vt 0.972466 0.365157
vt 0.211804 0.622992
vt 0.246105 0.604533
vt 0.927584 0.514591
vt 0.923514 0.578550
vt 0.916073 0.645213
vt 0.228664 0.065702
vt 0.227966 0.055590
vt 0.237966 0.068406
vt 0.249593 0.087923
vt 0.552137 0.208904
vt 0.543765 0.221249
vt 0.766545 0.832505
vt 0.781196 0.847319
vt 0.780614 0.806757
vt 0.786195 0.847319
vt 0.775498 0.886823
vt 0.775382 0.867659
vt 0.759104 0.822276
vt 0.755732 0.802642
vt 0.764685 0.811460
vt 0.305172 0.399018
vt 0.309474 0.389494
vt 0.339240 0.409717
vt 0.391098 0.443107
vt 0.287382 0.199146
vt 0.308776 0.235240
vt 0.724454 0.137185
vt 0.736663 0.149883
vt 0.734454 0.154468
vt 0.722943 0.145768
vt 0.908864 0.619582
vt 0.914329 0.661908
vt 0.904794 0.647800
vt 0.892934 0.643920
vt 0.882121 0.645095
vt 0.910375 0.639805
vt 0.714222 0.547628
vt 0.774452 0.590189
vt 0.693642 0.532932
vt 0.901888 0.676369
vt 0.908980 0.666611
vt 0.900260 0.654384
vt 0.893516 0.668375
vt 0.659574 0.706938
vt 0.657946 0.690008
vt 0.674689 0.717285
vt 0.668410 0.727513
vt 0.044022 0.265338
vt 0.034022 0.269218
vt 0.033557 0.246644
vt 0.042161 0.243588
vt 0.863169 0.666729
vt 0.871773 0.668845
vt 0.845844 0.655207
vt 0.914329 0.378678
vt 0.931421 0.388083
vt 0.862006 0.654266
vt 0.849332 0.646389
vt 0.615855 0.253111
vt 0.625040 0.226775
vt 0.626668 0.250407
vt 0.608530 0.285796
vt 0.430515 0.443695
vt 0.419818 0.417476
vt 0.435515 0.449221
vt 0.615622 0.811695
vt 0.615622 0.875536
vt 0.654341 0.771955
vt 0.661783 0.787240
vt 0.668294 0.797351
vt 0.675270 0.834033
vt 0.640505 0.795470
vt 0.075997 0.336117
vt 0.084950 0.334471
vt 0.437956 0.093213
vt 0.412492 0.144240
vt 0.418771 0.074402
vt 0.442026 0.077106
vt 0.438654 0.141535
vt 0.692828 0.347051
vt 0.252733 0.135304
vt 0.246105 0.126956
vt 0.267848 0.161170
vt 0.821426 0.722810
vt 0.817357 0.705057
vt 0.839914 0.758200
vt 0.847123 0.761609
vt 0.810031 0.693770
vt 0.803985 0.674018
vt 0.134599 0.251583
vt 0.155295 0.273686
vt 0.220176 0.344464
vt 0.197270 0.325418
vt 0.851890 0.778657
vt 0.812124 0.707644
vt 0.803636 0.710230
vt 0.821426 0.744091
vt 0.814799 0.729865
vt 0.793637 0.712817
vt 0.185992 0.564676
vt 0.199712 0.548451
vt 0.296335 0.539046
vt 0.117972 0.810754
vt 0.106344 0.828272
vt 0.112158 0.810166
vt 0.890493 0.970652
vt 0.812357 0.894583
vt 0.817240 0.927738
vt 0.809566 0.915863
vt 0.805613 0.916921
vt 0.807357 0.890703
vt 0.808055 0.863544
vt 0.808985 0.836973
vt 0.813752 0.823570
vt 0.813403 0.840382
vt 0.524347 0.785123
vt 0.525510 0.757964
vt 0.549579 0.876594
vt 0.534696 0.671314
vt 0.547951 0.624638
vt 0.540742 0.672254
vt 0.555160 0.568203
vt 0.554346 0.622874
vt 0.543881 0.581489
vt 0.538068 0.596421
vt 0.532836 0.647800
vt 0.529696 0.590189
vt 0.528301 0.572436
vt 0.518301 0.581959
vt 0.502721 0.608296
vt 0.503767 0.633573
vt 0.491326 0.675076
vt 0.497256 0.743150
vt 0.496558 0.789944
vt 0.481908 0.729394
vt 0.464002 0.719636
vt 0.473885 0.601476
vt 0.436561 0.780068
vt 0.458769 0.641333
vt 0.457025 0.574670
vt 0.553183 0.557857
vt 0.445514 0.291675
vt 0.454118 0.298376
vt 0.459002 0.318011
vt 0.374238 0.826391
vt 0.835844 0.785006
vt 0.837937 0.808638
vt 0.830961 0.786887
vt 0.810845 0.740211
vt 0.812124 0.803817
vt 0.801078 0.866366
vt 0.801195 0.909750
vt 0.802590 0.918450
vt 0.802009 0.949136
vt 0.795148 0.947137
vt 0.780963 0.932206
vt 0.799567 0.927738
vt 0.347379 0.334823
vt 0.352263 0.352577
vt 0.774684 0.922918
vt 0.786428 0.921507
vt 0.769917 0.917039
vt 0.792707 0.916334
vt 0.744802 0.903871
vt 0.396912 0.582077
vt 0.719338 0.480965
vt 0.594693 0.088628
vt 0.591088 0.115434
vt 0.588298 0.098857
vt 0.590507 0.078752
vt 0.682014 0.838736
vt 0.676201 0.802642
vt 0.599344 0.894113
vt 0.774336 0.094271
vt 0.767359 0.109203
vt 0.770499 0.091567
vt 0.763057 0.179981
vt 0.779800 0.173985
vt 0.703758 0.120608
vt 0.855378 0.090274
vt 0.888749 0.127779
vt 0.892586 0.148237
vt 0.858401 0.112378
vt 0.225525 0.698003
vt 0.150993 0.752203
vt 0.156342 0.741975
vt 0.197154 0.711523
vt 0.673875 0.246997
vt 0.649109 0.281446
vt 0.668410 0.246762
vt 0.560392 0.664612
vt 0.565625 0.682836
vt 0.091229 0.588308
vt 0.106577 0.567145
vt 0.113204 0.572201
vt 0.100182 0.586662
vt 0.297382 0.140007
vt 0.302730 0.150001
vt 0.052161 0.231360
vt 0.626087 0.097446
vt 0.627598 0.127897
vt 0.618529 0.180804
vt 0.613413 0.195736
vt 0.611436 0.180922
vt 0.619459 0.106969
vt 0.604460 0.132365
vt 0.613413 0.102737
vt 0.382378 0.355163
vt 0.390400 0.376326
vt 0.531324 0.693065
vt 0.530742 0.765607
vt 0.800497 0.122136
vt 0.817938 0.125898
vt 0.811776 0.142829
vt 0.798869 0.186801
vt 0.793172 0.158818
vt 0.839681 0.694358
vt 0.860029 0.714110
vt 0.466443 0.342936
vt 0.463304 0.312720
vt 0.500977 0.672137
vt 0.519813 0.728101
vt 0.340054 0.285561
vt 0.345170 0.304843
vt 0.503186 0.793941
vt 0.652481 0.644390
vt 0.648062 0.635925
vt 0.684572 0.535754
vt 0.712827 0.562678
vt 0.687712 0.552096
vt 0.703409 0.568556
vt 0.692944 0.565617
vt 0.708990 0.596186
vt 0.681200 0.578785
vt 0.696316 0.602299
vt 0.680270 0.594187
vt 0.755150 0.668492
vt 0.777242 0.702235
vt 0.721198 0.644272
vt 0.673294 0.606179
vt 0.669341 0.626049
vt 0.685968 0.658499
vt 0.660504 0.640275
vt 0.666666 0.654148
vt 0.679224 0.685658
vt 0.719803 0.732922
vt 0.748988 0.770427
vt 0.258663 0.092508
vt 0.245756 0.070992
vt 0.239943 0.060646
vt 0.265406 0.076048
vt 0.261802 0.081339
vt 0.266569 0.101796
vt 0.268662 0.113201
vt 0.261802 0.101208
vt 0.467955 0.803112
vt 0.478303 0.767370
vt 0.463653 0.780303
vt 0.200061 0.155056
vt 0.188782 0.147767
vt 0.123436 0.084513
vt 0.093205 0.068523
vt 0.109832 0.041599
vt 0.122157 0.055943
vt 0.384703 0.072403
vt 0.596786 0.313190
vt 0.556090 0.419122
vt 0.697014 0.131189
vt 0.694572 0.166813
vt 0.683293 0.194913
vt 0.688526 0.163404
vt 0.690851 0.143181
vt 0.194363 0.663084
vt 0.251337 0.636395
vt 0.167272 0.686128
vt 0.713176 0.885883
vt 0.725036 0.890115
vt 0.503070 0.739035
vt 0.503535 0.763843
vt 0.508883 0.749734
vt 0.307963 0.607120
vt 0.666899 0.071227
vt 0.719571 0.067347
vt 0.715850 0.100856
vt 0.703874 0.105088
vt 0.275987 0.178335
vt 0.403656 0.094389
vt 0.405283 0.073226
vt 0.146807 0.123194
vt 0.137273 0.099797
vt 0.118902 0.042187
vt 0.123785 0.044774
vt 0.125762 0.050417
vt 0.140064 0.092861
vt 0.150063 0.124370
vt 0.146342 0.588426
vt 0.173318 0.576081
vt 0.446677 0.888469
vt 0.441910 0.919508
vt 0.723175 0.067465
vt 0.723640 0.082044
vt 0.081462 0.840617
vt 0.050184 0.860722
vt 0.044603 0.879651
vt 0.030069 0.877065
vt 0.049254 0.855549
vt 0.080997 0.834151
vt 0.678642 0.858959
vt 0.389354 0.361395
vt 0.409702 0.406190
vt 0.737593 0.088040
vt 0.750267 0.059470
vt 0.756546 0.793589
vt 0.718175 0.766194
vt 0.763871 0.797586
vt 0.148319 0.059470
vt 0.155993 0.078517
vt 0.146691 0.085218
vt 0.140064 0.071227
vt 0.455049 0.601947
vt 0.449467 0.585604
vt 0.070532 0.834974
vt 0.053789 0.845673
vt 0.075067 0.813341
vt 0.102624 0.769016
vt 0.699107 0.118491
vt 0.703874 0.113788
vt 0.711664 0.804758
vt 0.726780 0.821571
vt 0.682131 0.737154
vt 0.692944 0.744091
vt 0.709804 0.785829
vt 0.688061 0.749499
vt 0.422492 0.658734
vt 0.393075 0.744091
vt 0.393424 0.715756
vt 0.375052 0.800761
vt 0.387726 0.796881
vt 0.611088 0.095565
vt 0.632598 0.090744
vt 0.593995 0.125428
vt 0.794567 0.766430
vt 0.773522 0.717049
vt 0.726547 0.665788
vt 0.777824 0.782772
vt 0.752476 0.680602
vt 0.797590 0.757141
vt 0.804450 0.777481
vt 0.378889 0.869775
vt 0.385401 0.900697
vt 0.394354 0.768899
vt 0.396214 0.793941
vt 0.399237 0.880592
vt 0.419934 0.686363
vt 0.200293 0.181157
vt 0.409818 0.875301
vt 0.413655 0.854021
vt 0.027395 0.236769
vt 0.030999 0.200909
vt 0.307497 0.849788
vt 0.303079 0.865072
vt 0.115530 0.601829
vt 0.102158 0.611117
vt 0.090066 0.599595
vt 0.122041 0.594540
vt 0.136459 0.244058
vt 0.145180 0.255933
vt 0.120878 0.228774
vt 0.089485 0.202555
vt 0.097391 0.195854
vt 0.446212 0.542455
vt 0.440282 0.548922
vt 0.601902 0.218075
vt 0.596088 0.238532
vt 0.044371 0.670138
vt 0.023790 0.670491
vt 0.288429 0.582782
vt 0.253081 0.591600
vt 0.307614 0.558092
vt 0.360169 0.542103
vt 0.325055 0.511652
vt 0.415748 0.541867
vt 0.397842 0.552566
vt 0.369936 0.560091
vt 0.391214 0.541750
vt 0.299707 0.519411
vt 0.802939 0.105441
vt 0.820031 0.106734
vt 0.132390 0.638864
vt 0.122855 0.640745
vt 0.134599 0.627930
vt 0.650737 0.215841
vt 0.631087 0.189857
vt 0.646551 0.192326
vt 0.660039 0.211020
vt 0.738756 0.892584
vt 0.754685 0.886118
vt 0.174713 0.154703
vt 0.162621 0.139419
vt 0.195177 0.180216
vt 0.388075 0.296495
vt 0.386912 0.310721
vt 0.354704 0.236533
vt 0.367029 0.253346
vt 0.559578 0.555858
vt 0.187387 0.573494
vt 0.642830 0.648740
vt 0.632947 0.649093
vt 0.568183 0.576669
vt 0.642830 0.642979
vt 0.441910 0.705998
vt 0.224943 0.334118
vt 0.631203 0.657323
vt 0.644807 0.664612
vt 0.643295 0.691772
vt 0.642016 0.716697
vt 0.627947 0.320832
vt 0.667248 0.263928
vt 0.582484 0.398783
vt 0.595972 0.371388
vt 0.739221 0.241589
vt 0.701781 0.868247
vt 0.675154 0.754907
vt 0.706316 0.866601
vt 0.648295 0.163404
vt 0.660736 0.132600
vt 0.652597 0.165990
vt 0.648876 0.174926
vt 0.515511 0.082279
vt 0.520627 0.082632
vt 0.531091 0.166696
vt 0.536440 0.211608
vt 0.537021 0.249937
vt 0.654225 0.670256
vt 0.572136 0.568791
vt 0.605623 0.593011
vt 0.527719 0.202320
vt 0.531905 0.266749
vt 0.463304 0.273216
vt 0.463188 0.258754
vt 0.481443 0.080045
vt 0.490744 0.080633
vt 0.368541 0.782655
vt 0.364239 0.820748
vt 0.554346 0.506361
vt 0.668643 0.755495
vt 0.514929 0.761727
vt 0.550742 0.446634
vt 0.557253 0.450514
vt 0.556090 0.441931
vt 0.491791 0.448986
vt 0.440631 0.458627
vt 0.672131 0.215841
vt 0.659108 0.186801
vt 0.673759 0.161758
vt 0.683061 0.132012
vt 0.255523 0.110144
vt 0.203084 0.202320
vt 0.394005 0.165638
vt 0.378424 0.107087
vt 0.646667 0.100385
vt 0.655853 0.093566
vt 0.656085 0.100503
vt 0.619692 0.192914
vt 0.620622 0.210785
vt 0.609227 0.216546
vt 0.431561 0.482258
vt 0.437956 0.507066
vt 0.080415 0.138361
vt 0.446909 0.411480
vt 0.439584 0.368802
vt 0.285405 0.141653
vt 0.274708 0.129778
vt 0.291452 0.117433
vt 0.292614 0.127779
vt 0.829914 0.159524
vt 0.830379 0.199381
vt 0.445979 0.432173
vt 0.519580 0.794529
vt 0.089485 0.192444
vt 0.082857 0.203496
vt 0.419353 0.278389
vt 0.144598 0.198793
vt 0.155528 0.217840
vt 0.153668 0.236651
vt 0.144133 0.214077
vt 0.450165 0.287677
vt 0.706316 0.191621
vt 0.707478 0.199851
vt 0.699339 0.210903
vt 0.737709 0.078634
vt 0.745616 0.060646
vt 0.270290 0.235828
vt 0.245756 0.205377
vt 0.450746 0.894818
vt 0.366913 0.747618
vt 0.384471 0.741269
vt 0.823170 0.122254
vt 0.812357 0.157055
vt 0.803288 0.189152
vt 0.826426 0.104148
vt 0.042278 0.287324
vt 0.048091 0.278742
vt 0.166574 0.727866
vt 0.639575 0.243588
vt 0.583531 0.215606
vt 0.590972 0.154821
vt 0.867471 0.390082
vt 0.540975 0.427588
vt 0.556206 0.430644
vt 0.409121 0.395138
vt 0.430166 0.419593
vt 0.425399 0.384556
vt 0.463304 0.431938
vt 0.473071 0.372917
vt 0.481326 0.408659
vt 0.489465 0.396549
vt 0.497953 0.417124
vt 0.890493 0.422885
vt 0.743290 0.852845
vt 0.749453 0.870833
vt 0.893400 0.407483
vt 0.899097 0.421004
vt 0.888516 0.404543
vt 0.190294 0.108850
vt 0.180992 0.069581
vt 0.197270 0.119549
vt 0.198200 0.140477
vt 0.401446 0.332590
vt 0.497488 0.281798
vt 0.468187 0.282622
vt 0.741430 0.813223
vt 0.729686 0.807932
vt 0.769219 0.873655
vt 0.751313 0.825921
vt 0.635970 0.395020
vt 0.617831 0.222425
vt 0.332613 0.196677
vt 0.183666 0.065349
vt 0.177969 0.053239
vt 0.180992 0.054415
vt 0.755964 0.607472
vt 0.773870 0.623345
vt 0.716664 0.423708
vt 0.693177 0.474264
vt 0.696083 0.498131
vt 0.656899 0.518588
vt 0.620273 0.508712
vt 0.635272 0.500012
vt 0.659108 0.451925
vt 0.605041 0.445811
vt 0.756313 0.332002
vt 0.675852 0.425119
vt 0.115646 0.583723
vt 0.131692 0.576669
vt 0.142157 0.584899
vt 0.105298 0.092390
vt 0.723059 0.710936
vt 0.562253 0.444165
vt 0.568996 0.424060
vt 0.867122 0.969829
vt 0.925956 0.017967
vt 0.958513 0.181510
vt 0.944560 0.171163
vt 0.101344 0.164697
vt 0.039952 0.846378
vt 0.061695 0.819219
vt 0.095763 0.769604
vt 0.113088 0.739858
vt 0.722012 0.578315
vt 0.779219 0.048771
vt 0.787242 0.090980
vt 0.777359 0.057824
vt 0.771661 0.051005
vt 0.450049 0.108145
vt 0.444351 0.171399
vt 0.444002 0.135422
vt 0.451909 0.078047
vt 0.103205 0.125428
vt 0.717013 0.795823
vt 0.804567 0.231831
vt 0.804101 0.222542
vt 0.813636 0.231595
vt 0.146924 0.134364
vt 0.123785 0.176219
vt 0.116460 0.175161
vt 0.563415 0.467680
vt 0.565625 0.460860
vt 0.590623 0.457686
vt 0.169016 0.159406
vt 0.163551 0.168812
vt 0.132738 0.711171
vt 0.157156 0.681072
vt 0.188433 0.660262
vt 0.592368 0.396784
vt 0.432491 0.550215
vt 0.168551 0.660733
vt 0.207270 0.637218
vt 0.224362 0.354458
vt 0.245872 0.368214
vt 0.157853 0.797233
vt 0.657829 0.237591
vt 0.601553 0.313425
vt 0.570276 0.403485
vt 0.544928 0.255933
vt 0.740151 0.140947
vt 0.754685 0.135657
vt 0.752360 0.143181
vt 0.807357 0.188917
vt 0.817589 0.155409
vt 0.821659 0.139184
vt 0.831658 0.106969
vt 0.842472 0.103677
vt 0.831542 0.120490
vt 0.780382 0.896229
vt 0.789219 0.902695
vt 0.319590 0.090627
vt 0.324357 0.068758
vt 0.328892 0.101796
vt 0.312730 0.231243
vt 0.323892 0.253699
vt 0.363541 0.315071
vt 0.179015 0.561267
vt 0.180178 0.553507
vt 0.748872 0.745619
vt 0.751197 0.738095
vt 0.769219 0.784418
vt 0.777359 0.812870
vt 0.137506 0.181863
vt 0.126227 0.192444
vt 0.148900 0.148119
vt 0.727942 0.155762
vt 0.712710 0.184449
vt 0.544695 0.187271
vt 0.803753 0.638394
vt 0.762824 0.603828
vt 0.638993 0.286737
vt 0.215060 0.722810
vt 0.570392 0.172339
vt 0.574461 0.178453
vt 0.585391 0.138008
vt 0.584577 0.115317
vt 0.394005 0.922447
vt 0.388075 0.890350
vt 0.568531 0.079575
vt 0.817008 0.803229
vt 0.581554 0.078987
vt 0.586670 0.078987
vt 0.583647 0.098034
vt 0.162156 0.200909
vt 0.152389 0.184802
vt 0.587368 0.143652
vt 0.651667 0.358573
vt 0.644109 0.355398
vt 0.786428 0.158583
vt 0.100763 0.333648
vt 0.091229 0.324595
vt 0.122739 0.345170
vt 0.592833 0.196794
vt 0.127041 0.713052
vt 0.127971 0.691772
vt 0.274941 0.114729
vt 0.283545 0.101326
vt 0.599111 0.296495
vt 0.726431 0.799585
vt 0.218316 0.606297
vt 0.166574 0.609941
vt 0.260407 0.570320
vt 0.604227 0.152352
vt 0.578880 0.210315
vt 0.550742 0.372917
vt 0.586786 0.303079
vt 0.657597 0.669433
vt 0.628063 0.205965
vt 0.196689 0.232183
vt 0.181806 0.217957
vt 0.210060 0.230890
vt 0.222734 0.227480
vt 0.218781 0.234182
vt 0.677596 0.350696
vt 0.717013 0.306253
vt 0.668643 0.232418
vt 0.375634 0.374915
vt 0.416097 0.433231
vt 0.220060 0.216076
vt 0.440863 0.188211
vt 0.442607 0.227833
vt 0.436329 0.188094
vt 0.448653 0.077694
vt 0.615041 0.086277
vt 0.619459 0.075813
vt 0.632947 0.075460
vt 0.649574 0.073344
vt 0.652830 0.072756
vt 0.659108 0.105206
vt 0.642365 0.154586
vt 0.650388 0.129896
vt 0.734105 0.066877
vt 0.728989 0.093448
vt 0.736779 0.065584
vt 0.662946 0.110614
vt 0.670619 0.152940
vt 0.665038 0.166461
vt 0.925259 0.362806
vt 0.754802 0.112613
vt 0.430747 0.293203
vt 0.436096 0.312132
vt 0.703176 0.134011
vt 0.073439 0.270747
vt 0.069020 0.262752
vt 0.079601 0.256285
vt 0.086113 0.257226
vt 0.243314 0.216429
vt 0.233780 0.195971
vt 0.642830 0.116257
vt 0.027511 0.840735
vt 0.033324 0.855784
vt 0.654341 0.183273
vt 0.831775 0.684600
vt 0.226455 0.196677
vt 0.675968 0.381382
vt 0.700502 0.156467
vt 0.707129 0.180687
vt 0.718641 0.141065
vt 0.713176 0.172574
vt 0.054486 0.314248
vt 0.052975 0.309075
vt 0.064021 0.311191
vt 0.072392 0.324830
vt 0.676433 0.260165
vt 0.701781 0.215253
vt 0.715269 0.205377
vt 0.737360 0.203848
vt 0.444700 0.316012
vt 0.878051 0.902343
vt 0.881075 0.846966
vt 0.256337 0.520469
vt 0.188666 0.528464
vt 0.106809 0.551273
vt 0.070183 0.247938
vt 0.750151 0.121313
vt 0.787474 0.068406
vt 0.784335 0.047360
vt 0.761545 0.072521
vt 0.320753 0.235358
vt 0.368774 0.313778
vt 0.150296 0.625696
vt 0.186224 0.637336
vt 0.231687 0.700119
vt 0.784568 0.102854
vt 0.784103 0.090980
vt 0.219943 0.193502
vt 0.168086 0.698943
vt 0.790033 0.116728
vt 0.782010 0.119785
vt 0.785730 0.144945
vt 0.254477 0.094271
vt 0.450049 0.274979
vt 0.463071 0.078517
vt 0.721431 0.263457
vt 0.794916 0.117551
vt 0.709106 0.287560
vt 0.634924 0.342818
vt 0.308776 0.600301
vt 0.219130 0.644978
vt 0.215758 0.640040
vt 0.114832 0.558798
vt 0.097159 0.548569
vt 0.686549 0.235475
vt 0.789451 0.724339
vt 0.079950 0.623697
vt 0.077857 0.614056
vt 0.871889 0.087923
vt 0.881772 0.112613
vt 0.844100 0.073344
vt 0.850727 0.063115
vt 0.318078 0.593364
vt 0.659457 0.363511
vt 0.915491 0.152470
vt 0.931886 0.177630
vt 0.130994 0.205847
vt 0.792009 0.138949
vt 0.805148 0.261811
vt 0.429817 0.573024
vt 0.439352 0.244411
vt 0.442491 0.286619
vt 0.435049 0.296848
vt 0.525743 0.947960
vt 0.587251 0.281093
vt 0.866889 0.403133
vt 0.900725 0.331296
vt 0.908748 0.340937
vt 0.924561 0.335529
vt 0.920956 0.351871
vt 0.943862 0.329180
vt 0.929793 0.320362
vt 0.922003 0.312132
vt 0.948048 0.315659
vt 0.077857 0.348344
vt 0.082159 0.353282
vt 0.063672 0.359396
vt 0.575275 0.199498
vt 0.893516 0.311191
vt 0.837472 0.240884
vt 0.835495 0.193855
vt 0.263779 0.371506
vt 0.244245 0.361512
vt 0.424236 0.433349
vt 0.823752 0.052769
vt 0.816892 0.059235
vt 0.812008 0.040894
vt 0.846541 0.112495
vt 0.844797 0.193737
vt 0.838053 0.171281
vt 0.268430 0.152234
vt 0.278778 0.171163
vt 0.896190 0.164462
vt 0.847006 0.097093
vt 0.840611 0.076048
vt 0.839100 0.084513
vt 0.839681 0.093801
vt 0.833170 0.084866
vt 0.817473 0.073932
vt 0.827705 0.068053
vt 0.789335 0.704822
vt 0.794451 0.098151
vt 0.831077 0.047478
vt 0.799567 0.044186
vt 0.810380 0.070169
vt 0.792939 0.045244
vt 0.788986 0.179629
vt 0.798637 0.057354
vt 0.432840 0.648270
vt 0.435863 0.629458
vt 0.290870 0.193267
vt 0.635040 0.459450
vt 0.595391 0.483434
vt 0.140994 0.710465
vt 0.323194 0.610177
vt 0.368657 0.071933
vt 0.374122 0.072168
vt 0.801311 0.080163
vt 0.811310 0.082044
vt 0.646667 0.370330
vt 0.027860 0.354811
vt 0.836309 0.849435
vt 0.660387 0.739153
vt 0.417841 0.453453
vt 0.409469 0.443577
vt 0.419236 0.444165
vt 0.738872 0.279800
vt 0.749686 0.265103
vt 0.134134 0.866248
vt 0.110763 0.350225
vt 0.127506 0.381617
vt 0.098554 0.356221
vt 0.092043 0.347639
vt 0.063207 0.098739
vt 0.098438 0.039953
vt 0.789800 0.886353
vt 0.787474 0.872950
vt 0.799334 0.837325
vt 0.161225 0.545277
vt 0.148900 0.558327
vt 0.232268 0.106852
vt 0.184713 0.617349
vt 0.114832 0.327534
vt 0.239012 0.393374
vt 0.147854 0.362688
vt 0.559230 0.213019
vt 0.133552 0.615115
vt 0.130180 0.597244
vt 0.173550 0.593599
vt 0.205060 0.588191
vt 0.152505 0.610177
vt 0.156691 0.575023
vt 0.096577 0.654971
vt 0.056230 0.675311
vt 0.417376 0.556094
vt 0.301567 0.087923
vt 0.295405 0.093801
vt 0.592019 0.518588
vt 0.079950 0.595127
vt 0.156458 0.262634
vt 0.231920 0.329415
vt 0.024255 0.666846
vt 0.035185 0.665200
vt 0.127855 0.624873
vt 0.135529 0.716461
vt 0.635040 0.101091
vt 0.053556 0.336587
vt 0.068207 0.333413
vt 0.028208 0.347991
vt 0.037162 0.346581
vt 0.807008 0.775483
vt 0.110763 0.257344
vt 0.104600 0.280388
vt 0.097042 0.266397
vt 0.136227 0.753026
vt 0.108205 0.768663
vt 0.202270 0.141183
vt 0.199828 0.120725
vt 0.259244 0.333413
vt 0.227850 0.246880
vt 0.129715 0.841440
vt 0.126460 0.884942
vt 0.123669 0.915511
vt 0.105647 0.913865
vt 0.223664 0.128955
vt 0.220525 0.062174
vt 0.118204 0.748676
vt 0.144249 0.732804
vt 0.585042 0.471795
vt 0.574113 0.484610
vt 0.573647 0.509182
vt 0.598297 0.510241
vt 0.054719 0.026903
vt 0.112972 0.722458
vt 0.331450 0.302374
vt 0.341217 0.320480
vt 0.322729 0.296730
vt 0.024837 0.419475
vt 0.049370 0.371271
vt 0.078671 0.385967
vt 0.080764 0.437111
vt 0.542719 0.448750
vt 0.088089 0.669903
vt 0.117972 0.636630
vt 0.386331 0.428763
vt 0.392842 0.438874
vt 0.934560 0.377267
vt 0.939095 0.393374
vt 0.928747 0.399841
vt 0.094368 0.680367
vt 0.111925 0.302726
vt 0.028790 0.332825
vt 0.028557 0.313896
vt 0.056695 0.328710
vt 0.442840 0.271100
vt 0.286568 0.398547
vt 0.307032 0.415948
vt 0.303893 0.406895
vt 0.408190 0.455099
vt 0.428654 0.456040
vt 0.354821 0.496955
vt 0.412725 0.470619
vt 0.108670 0.375621
vt 0.174481 0.400428
vt 0.445398 0.257579
vt 0.900144 0.412773
vt 0.446909 0.204671
vt 0.638877 0.747148
vt 0.450979 0.141535
vt 0.457374 0.078282
vt 0.393307 0.072521
vt 0.349240 0.071227
vt 0.344007 0.070992
vt 0.320055 0.068641
vt 0.421445 0.403368
vt 0.401795 0.372329
vt 0.607483 0.076753
vt 0.773289 0.067465
vt 0.206339 0.126721
vt 0.186340 0.059235
vt 0.194363 0.056061
vt 0.307149 0.102266
vt 0.308311 0.085806
vt 0.316334 0.068523
vt 0.302730 0.066877
vt 0.302381 0.100856
vt 0.287498 0.784653
vt 0.315753 0.768311
vt 0.323311 0.743385
vt 0.062858 0.275450
vt 0.071811 0.298846
vt 0.155179 0.335999
vt 0.180527 0.327416
vt 0.779219 0.739623
vt 0.281336 0.146826
vt 0.274708 0.154115
vt 0.123204 0.292380
vt 0.118786 0.317305
vt 0.079020 0.853433
vt 0.588879 0.706233
vt 0.590042 0.664965
vt 0.256337 0.155997
vt 0.240291 0.144240
vt 0.211572 0.159994
vt 0.210060 0.140125
vt 0.022395 0.693417
vt 0.051696 0.682013
vt 0.200293 0.336822
vt 0.153900 0.297318
vt 0.172853 0.060058
vt 0.157737 0.050300
vt 0.134715 0.047713
vt 0.107042 0.132012
vt 0.118553 0.108263
vt 0.131576 0.107440
vt 0.130064 0.274979
vt 0.132506 0.326006
vt 0.111809 0.137538
vt 0.136924 0.118962
vt 0.181224 0.091450
vt 0.169016 0.097681
vt 0.183085 0.115199
vt 0.085531 0.325653
vt 0.084369 0.306253
vt 0.103786 0.190680
vt 0.095996 0.189269
vt 0.112390 0.185272
vt 0.022744 0.683306
vt 0.336450 0.649093
vt 0.798869 0.740916
vt 0.252035 0.352224
vt 0.913631 0.395843
vt 0.042045 0.980998
vt 0.167272 0.186448
vt 0.139017 0.128250
vt 0.119483 0.136832
vt 0.115530 0.168577
vt 0.040068 0.298611
vt 0.027976 0.264868
vt 0.143087 0.185507
vt 0.526906 0.081926
vt 0.948630 0.371859
vt 0.093322 0.269101
vt 0.076113 0.309075
vt 0.028906 0.341760
vt 0.025767 0.383263
vt 0.025534 0.395608
vt 0.088787 0.363629
vt 0.091345 0.456980
vt 0.084485 0.410892
vt 0.845146 0.418887
vt 0.026929 0.279447
vt 0.791660 0.841558
vt 0.546323 0.080868
vt 0.727129 0.787710
vt 0.746197 0.792413
vt 0.959094 0.971357
vt 0.028557 0.302961
vt 0.063439 0.304137
vt 0.056114 0.285678
vt 0.050300 0.296142
vt 0.914561 0.402898
vt 0.927700 0.368567
s 1
f 1257/1/1 1256/2/2 1260/3/3 1259/4/4
f 227/5/5 230/6/6 234/7/7 231/8/8 216/9/9 215/10/10
f 189/11/11 190/12/12 177/13/13 191/14/14 196/15/15
f 1/16/16 7/17/17 8/18/18
f 1610/19/19 1609/20/20 1617/21/21 1616/22/22
f 1079/23/23 1080/24/24 1076/25/25 1077/26/26
f 838/27/27 835/28/28 832/29/29
f 1029/30/30 1175/31/31 1174/32/32 1030/33/33
f 1713/34/34 1704/35/35 1710/36/36 1711/37/37
f 1311/38/38 1304/39/39 1305/40/40 1310/41/41
f 549/42/42 676/43/43 677/44/44 547/45/45
f 743/46/46 807/47/47 805/48/48 747/49/49 804/50/50 746/51/51
f 10/52/52 2/53/53 1/16/16 8/18/18 9/54/54
f 1699/55/55 1681/56/56 1678/57/57 1201/58/58 1682/59/59 1695/60/60 1851/61/61 1852/62/62 1846/63/63 1847/64/64 1706/65/65
f 1453/66/66 1552/67/67 1551/68/68 1454/69/69
f 1918/70/70 1957/71/71 1919/72/72 687/73/73
f 1034/74/74 1033/75/75 1172/76/76 1171/77/77
f 5/78/78 111/79/79 6/80/80 3/81/81
f 647/82/82 646/83/83 644/84/84
f 425/85/85 427/86/86 424/87/87 418/88/88
f 1803/89/89 1814/90/90 1802/91/91 1795/92/92
f 1474/93/93 1428/94/94 1429/95/95 1472/96/96
f 22/97/97 23/98/98 24/99/99
f 1505/100/100 1520/101/101 1513/102/102 1512/103/103
f 1786/104/104 1991/105/105 1785/106/106 1782/107/107
f 1698/108/108 1693/109/109 1696/110/110 1694/111/111 1682/59/59 1689/112/112 1691/113/113
f 29/114/114 26/115/115 27/116/116 28/117/117
f 735/118/118 736/119/119 722/120/120 734/121/121
f 21/122/122 25/123/123 26/115/115 29/114/114 31/124/124 30/125/125 34/126/126 33/127/127 35/128/128 20/129/129 19/130/130 16/131/131 17/132/132
f 31/124/124 29/114/114 32/133/133
f 32/133/133 29/114/114 28/117/117
f 1253/134/134 1232/135/135 1269/136/136 1268/137/137
f 20/129/129 33/127/127 34/126/126
f 54/138/138 53/139/139 1297/140/140 1296/141/141
f 1650/142/142 1661/143/143 1649/144/144 1646/145/145
f 34/126/126 36/146/146 20/129/129
f 20/129/129 36/146/146 13/147/147
f 1918/70/70 1917/148/148 1945/149/149 1952/150/150
f 635/151/151 628/152/152 629/153/153 630/154/154 634/155/155 633/156/156
f 1147/157/157 1153/158/158 1154/159/159 1148/160/160 1139/161/161
f 39/162/162 34/126/126 40/163/163
f 41/164/164 42/165/165 43/166/166
f 927/167/167 928/168/168 926/169/169 925/170/170
f 42/165/165 30/125/125 31/124/124
f 245/171/171 234/7/7 230/6/6 235/172/172 552/173/173 555/174/174 556/175/175 551/176/176
f 39/162/162 45/177/177 46/178/178
f 860/179/179 859/180/180 858/181/181 873/182/182
f 46/178/178 50/183/183 39/162/162
f 50/183/183 51/184/184 39/162/162
f 1963/185/185 1962/186/186 1951/187/187 1932/188/188
f 50/183/183 49/189/189 51/184/184
f 49/189/189 56/190/190 51/184/184
f 56/190/190 57/191/191 51/184/184
f 39/162/162 52/192/192 38/193/193
f 56/190/190 49/189/189 58/194/194
f 49/189/189 48/195/195 58/194/194
f 58/194/194 48/195/195 59/196/196
f 43/166/166 61/197/197 60/198/198
f 1964/199/199 1382/200/200 1970/201/201
f 61/197/197 44/202/202 63/203/203
f 63/203/203 44/202/202 64/204/204
f 515/205/205 522/206/206 514/207/207 390/208/208
f 65/209/209 66/210/210 67/211/211
f 69/212/212 68/213/213 70/214/214
f 58/194/194 59/196/196 71/215/215
f 59/196/196 60/198/198 71/215/215
f 696/216/216 695/217/217 693/218/218 667/219/219 666/220/220
f 1041/221/221 1053/222/222 1055/223/223 1056/224/224
f 72/225/225 73/226/226 74/227/227
f 73/226/226 75/228/228 74/227/227
f 1132/229/229 1128/230/230 1146/231/231 1140/232/232
f 1218/233/233 1222/234/234 1223/235/235 1212/236/236 1213/237/237 1214/238/238 1221/239/239
f 75/228/228 73/226/226 78/240/240
f 73/226/226 79/241/241 78/240/240
f 79/241/241 80/242/242 78/240/240
f 80/242/242 81/243/243 76/244/244
f 583/245/245 606/246/246 581/247/247 582/248/248
f 422/249/249 447/250/250 415/251/251 421/252/252
f 84/253/253 86/254/254 85/255/255
f 82/256/256 85/255/255 77/257/257
f 81/243/243 80/242/242 83/258/258
f 83/258/258 80/242/242 87/259/259
f 80/242/242 79/241/241 87/259/259
f 87/259/259 79/241/241 88/260/260
f 79/241/241 73/226/226 88/260/260
f 756/261/261 757/262/262 770/263/263 771/264/264 1857/265/265
f 69/212/212 70/214/214 89/266/266
f 88/260/260 91/267/267 87/259/259
f 1170/268/268 1182/269/269 1144/270/270 1145/271/271
f 92/272/272 94/273/273 93/274/274
f 240/275/275 236/276/276 237/277/277 239/278/278 241/279/279 243/280/280
f 95/281/281 94/273/273 96/282/282
f 1133/283/283 1136/284/284 1134/285/285 1130/286/286
f 96/282/282 98/287/287 95/281/281
f 95/281/281 98/287/287 83/258/258
f 483/288/288 474/289/289 482/290/290 484/291/291 1864/292/292
f 1018/293/293 1130/286/286 1134/285/285 1135/294/294
f 931/295/295 932/296/296 925/170/170 916/297/297 910/298/298 917/299/299 924/300/300
f 1178/301/301 1179/302/302 1187/303/303 1186/304/304
f 43/166/166 60/198/198 59/196/196 48/195/195
f 1031/305/305 1032/306/306 798/307/307 797/308/308
f 102/309/309 103/310/310 106/311/311 105/312/312
f 1843/313/313 1845/314/314 1844/315/315 1837/316/316
f 432/317/317 429/318/318 430/319/319 431/320/320
f 650/321/321 652/322/322 661/323/323 651/324/324
f 1700/325/325 1702/326/326 1701/327/327 1681/56/56
f 1349/328/328 1268/137/137 1269/136/136 1348/329/329
f 1407/330/330 1411/331/331 1409/332/332 1408/333/333
f 1319/334/334 1320/335/335 1297/140/140 1298/336/336
f 116/337/337 115/338/338 114/339/339 113/340/340 2/53/53 10/52/52 11/341/341 117/342/342
f 118/343/343 119/344/344 117/342/342
f 276/345/345 280/346/346 278/347/347 277/348/348
f 592/349/349 591/350/350 590/351/351 196/15/15 191/14/14 192/352/352 195/353/353 194/354/354 201/355/355 193/356/356
f 120/357/357 122/358/358 116/337/337
f 838/27/27 839/359/359 840/360/360 837/361/361 835/28/28
f 123/362/362 124/363/363 114/339/339
f 112/364/364 128/365/365 111/79/79 5/78/78
f 1579/366/366 1563/367/367 1562/368/368 1564/369/369 1565/370/370 1578/371/371
f 730/372/372 731/373/373 726/374/374
f 128/365/365 129/375/375 111/79/79
f 1781/376/376 1788/377/377 1787/378/378 1782/107/107 1773/379/379
f 130/380/380 131/381/381 109/382/382
f 1113/383/383 1105/384/384 1106/385/385 1111/386/386 1114/387/387
f 1303/388/388 1301/389/389 1304/39/39 1311/38/38 1315/390/390
f 133/391/391 102/309/309 105/312/312
f 397/392/392 398/393/393 376/394/394 378/395/395
f 1058/396/396 1060/397/397 1047/398/398 1049/399/399
f 1628/400/400 2005/401/401 1625/402/402 1624/403/403
f 988/404/404 1004/405/405 1001/406/406 1006/407/407 1005/408/408 1018/293/293 1019/409/409 1020/410/410
f 334/411/411 354/412/412 336/413/413 335/414/414
f 1830/415/415 1831/416/416 1821/417/417 1820/418/418
f 139/419/419 140/420/420 83/258/258
f 83/258/258 140/420/420 84/253/253
f 84/253/253 141/421/421 86/254/254
f 141/421/421 142/422/422 86/254/254
f 86/254/254 142/422/422 143/423/423
f 143/423/423 142/422/422 144/424/424
f 144/424/424 142/422/422 145/425/425
f 142/422/422 141/421/421 146/426/426
f 146/426/426 141/421/421 147/427/427
f 150/428/428 151/429/429 149/430/430
f 199/431/431 203/432/432 202/433/433 200/434/434
f 417/435/435 420/436/436 416/437/437 414/438/438
f 1238/439/439 1245/440/440 1244/441/441 1239/442/442
f 156/443/443 157/444/444 158/445/445
f 158/445/445 157/444/444 159/446/446
f 1462/447/447 1459/448/448 1502/449/449 1501/450/450
f 159/446/446 162/451/451 158/445/445
f 158/445/445 162/451/451 163/452/452
f 165/453/453 164/454/454 166/455/455
f 164/454/454 162/451/451 166/455/455
f 166/455/455 162/451/451 159/446/446
f 259/456/456 286/457/457 285/458/458 284/459/459
f 813/460/460 859/180/180 812/461/461 809/462/462
f 1476/463/463 1475/464/464 1499/465/465 1489/466/466
f 168/467/467 169/468/468 170/469/469
f 1166/470/470 1167/471/471 1154/159/159
f 193/356/356 172/472/472 171/473/473
f 1725/474/474 1729/475/475 1663/476/476 1664/477/477
f 173/478/478 175/479/479 174/480/480
f 1558/481/481 1557/482/482 1560/483/483 1548/484/484 1549/485/485 1550/486/486
f 175/479/479 177/13/13 176/487/487
f 176/487/487 177/13/13 178/488/488
f 178/488/488 179/489/489 180/490/490
f 179/489/489 189/11/11 181/491/491 182/492/492 180/490/490
f 596/493/493 590/351/351 591/350/350 592/349/349 595/494/494
f 1001/406/406 989/495/495 1002/496/496 994/497/497
f 176/487/487 178/488/488 187/498/498
f 1041/221/221 1056/224/224 1057/499/499 1058/396/396 1049/399/399 1048/500/500 1052/501/501 1037/502/502 1038/503/503
f 189/11/11 179/489/489 190/12/12
f 580/504/504 579/505/505 578/506/506 572/507/507 571/508/508
f 191/14/14 177/13/13 192/352/352
f 177/13/13 175/479/479 192/352/352
f 175/479/479 173/478/478 192/352/352
f 194/354/354 195/353/353 192/352/352
f 1194/509/509 1207/510/510 1206/511/511
f 543/512/512 1931/513/513 541/514/514 542/515/515
f 196/15/15 197/516/516 189/11/11
f 198/517/517 199/431/431 188/518/518
f 1260/3/3 1262/519/519 1261/520/520 1259/4/4
f 194/354/354 193/356/356 201/355/355
f 976/521/521 975/522/522 891/523/523 890/524/524
f 197/516/516 586/525/525 198/517/517 189/11/11
f 619/526/526 620/527/527 621/528/528 641/529/529 622/530/530 618/531/531
f 1587/532/532 1588/533/533 1544/534/534 1545/535/535
f 1525/536/536 1536/537/537 1526/538/538 1515/539/539
f 208/540/540 209/541/541 186/542/542
f 186/542/542 209/541/541 210/543/543
f 1055/223/223 1053/222/222 1077/26/26 1072/544/544
f 210/543/543 211/545/545 212/546/546
f 237/277/277 213/547/547 212/546/546 211/545/545 238/548/548 239/278/278
f 212/546/546 213/547/547 214/549/549
f 101/550/550 97/551/551 92/272/272 91/267/267 103/310/310 102/309/309 133/391/391 134/552/552 148/553/553
f 216/9/9 217/554/554 218/555/555
f 218/555/555 219/556/556 220/557/557
f 221/558/558 222/559/559 223/560/560
f 199/431/431 200/434/434 202/433/433 185/561/561 183/562/562
f 1252/563/563 1267/564/564 1255/565/565 1250/566/566
f 231/8/8 226/567/567 217/554/554 216/9/9
f 218/555/555 220/557/557 229/568/568
f 220/557/557 221/558/558 229/568/568
f 1467/569/569 1470/570/570 1364/571/571 731/373/373 730/372/372 1363/572/572 1437/573/573
f 1016/574/574 1005/408/408 1006/407/407 1007/575/575
f 1585/576/576 1540/577/577 1539/578/578 1541/579/579 1586/580/580
f 1374/581/581 1373/582/582 1400/583/583 1402/584/584 1401/585/585
f 1924/586/586 1923/587/587 1928/588/588 1929/589/589 1927/590/590
f 1468/591/591 1469/592/592 1435/593/593 1436/594/594
f 1905/595/595 1894/596/596 1895/597/597 1904/598/598
f 1874/599/599 1873/600/600 508/601/601 1889/602/602 1888/603/603
f 1572/604/604 1574/605/605 1575/606/606 1571/607/607 1570/608/608 1568/609/609 1555/610/610 1673/611/611 1672/612/612 1669/613/613 1569/614/614
f 243/280/280 244/615/615 240/275/275
f 1884/616/616 1885/617/617 1883/618/618
f 768/619/619 765/620/620 760/621/621 764/622/622
f 1372/623/623 1366/624/624 1432/625/625 1399/626/626
f 1484/627/627 1485/628/628 1483/629/629 1481/630/630 1482/631/631
f 742/632/632 744/633/633 814/634/634 743/46/46
f 902/635/635 903/636/636 904/637/637 944/638/638 945/639/639
f 956/640/640 895/641/641 954/642/642 955/643/643
f 705/644/644 707/645/645 703/646/646 704/647/647
f 225/648/648 249/649/649 223/560/560
f 251/650/650 252/651/651 221/558/558
f 221/558/558 252/651/651 229/568/568
f 253/652/652 254/653/653 255/654/654
f 254/653/653 256/655/655 255/654/654
f 255/654/654 256/655/655 257/656/656
f 257/656/656 256/655/655 258/657/657
f 260/658/658 262/659/659 261/660/660
f 261/660/660 262/659/659 263/661/661
f 262/659/659 264/662/662 263/661/661
f 264/662/662 265/663/663 263/661/661
f 263/661/661 265/663/663 266/664/664
f 265/663/663 267/665/665 266/664/664
f 266/664/664 267/665/665 268/666/666
f 269/667/667 270/668/668 271/669/669
f 272/670/670 274/671/671 273/672/672
f 273/672/672 274/671/671 275/673/673
f 274/671/671 276/345/345 275/673/673
f 275/673/673 276/345/345 277/348/348
f 277/348/348 278/347/347 279/674/674
f 280/346/346 276/345/345 281/675/675
f 270/668/668 267/665/665 282/676/676
f 267/665/665 265/663/663 282/676/676
f 282/676/676 265/663/663 283/677/677
f 265/663/663 264/662/662 283/677/677
f 571/508/508 565/678/678 566/679/679 570/680/680
f 287/681/681 288/682/682 289/683/683
f 252/651/651 251/650/650 289/683/683
f 290/684/684 291/685/685 286/457/457
f 286/457/457 291/685/685 285/458/458
f 291/685/685 292/686/686 285/458/458
f 298/687/687 297/688/688 293/689/689 283/677/677 292/686/686 299/690/690
f 293/689/689 294/691/691 283/677/677
f 795/692/692 792/693/693 793/694/694
f 454/695/695 456/696/696 455/697/697 457/698/698 459/699/699 449/700/700 453/701/701
f 797/308/308 799/702/702 1029/30/30 1030/33/33
f 1996/703/703 1999/704/704 1998/705/705 1997/706/706
f 292/686/686 291/685/685 299/690/690
f 291/685/685 290/684/684 299/690/690
f 299/690/690 290/684/684 250/707/707
f 264/662/662 262/659/659 260/658/658
f 299/690/690 250/707/707 300/708/708
f 250/707/707 249/649/649 300/708/708
f 249/649/649 248/709/709 300/708/708
f 929/710/710 934/711/711 933/712/712 930/713/713
f 299/690/690 300/708/708 301/714/714
f 426/715/715 430/319/319 429/318/318 427/86/86
f 789/716/716 788/717/717 786/718/718 1042/719/719 1043/720/720 785/721/721 781/722/722 773/723/723 787/724/724 779/725/725 790/726/726 1037/502/502
f 1282/727/727 1284/728/728 1285/729/729 1328/730/730 1283/731/731
f 2000/732/732 2003/733/733 2002/734/734 2001/735/735
f 310/736/736 311/737/737 280/346/346
f 1623/738/738 1622/739/739 1627/740/740 1624/403/403
f 279/674/674 313/741/741 314/742/742
f 313/741/741 315/743/743 314/742/742
f 315/743/743 316/744/744 314/742/742
f 314/742/742 316/744/744 317/745/745
f 317/745/745 316/744/744 318/746/746
f 316/744/744 319/747/747 318/746/746
f 319/747/747 320/748/748 318/746/746
f 1334/749/749 1331/750/750 1332/751/751 1333/752/752
f 320/748/748 323/753/753 322/754/754
f 323/753/753 324/755/755 322/754/754
f 324/755/755 325/756/756 322/754/754
f 322/754/754 325/756/756 321/757/757
f 325/756/756 326/758/758 321/757/757
f 321/757/757 326/758/758 327/759/759
f 1133/283/283 1132/229/229 1138/760/760 1137/761/761
f 282/676/676 308/762/762 280/346/346
f 315/743/743 313/741/741 312/763/763
f 319/747/747 323/753/753 320/748/748
f 326/758/758 325/756/756 328/764/764
f 325/756/756 324/755/755 328/764/764
f 324/755/755 329/765/765 328/764/764
f 329/765/765 330/766/766 328/764/764
f 330/766/766 331/767/767 328/764/764
f 935/768/768 995/769/769 994/497/497
f 326/758/758 332/770/770 327/759/759
f 327/759/759 332/770/770 333/771/771
f 332/770/770 334/411/411 333/771/771
f 333/771/771 334/411/411 335/414/414
f 732/772/772 1366/624/624 733/773/773 725/774/774
f 339/775/775 341/776/776 342/777/777
f 1349/328/328 1350/778/778 1266/779/779 1267/564/564
f 1762/780/780 1721/781/781 1769/782/782 1763/783/783
f 1059/784/784 2006/785/785 1860/786/786 1045/787/787
f 1418/788/788 1417/789/789 1419/790/790 1416/791/791 1414/792/792 1469/592/592 1468/591/591 1436/594/594 1365/793/793 1364/571/571 1470/570/570 1467/569/569 1438/794/794 1466/795/795 1471/796/796
f 347/797/797 346/798/798 348/799/799
f 1992/800/800 1993/801/801 1784/802/802 1783/803/803 1785/106/106
f 301/714/714 300/708/708 246/804/804 302/805/805 296/806/806
f 351/807/807 346/798/798 352/808/808
f 339/775/775 342/777/777 353/809/809
f 342/777/777 343/810/810 353/809/809
f 1142/811/811 1143/812/812 1181/813/813 1180/814/814
f 354/412/412 338/815/815 336/413/413
f 356/816/816 350/817/817 351/807/807 352/808/808 355/818/818
f 357/819/819 359/820/820 358/821/821
f 346/798/798 351/807/807 350/817/817 358/821/821 359/820/820 360/822/822 348/799/799
f 1578/371/371 1568/609/609 1573/823/823 1577/824/824
f 1469/592/592 1430/825/825 1431/826/826 1435/593/593
f 361/827/827 362/828/828 357/819/819
f 362/828/828 363/829/829 357/819/819
f 357/819/819 363/829/829 359/820/820
f 1044/830/830 784/831/831 782/832/832 783/833/833 1043/720/720 1045/787/787
f 1035/834/834 1039/835/835 1040/836/836 791/837/837 1034/74/74
f 504/838/838 508/601/601 507/839/839 505/840/840
f 1078/841/841 1039/835/835 1170/268/268 1145/271/271
f 364/842/842 341/776/776 367/843/843
f 1990/844/844 1991/105/105 1981/845/845 1986/846/846
f 1132/229/229 1133/283/283 1131/847/847 1128/230/230
f 338/815/815 354/412/412 369/848/848
f 375/849/849 374/850/850 365/851/851
f 366/852/852 376/394/394 362/828/828
f 376/394/394 374/850/850 377/853/853
f 374/850/850 370/854/854 332/770/770 326/758/758 371/855/855 373/856/856 377/853/853
f 378/395/395 372/857/857 379/858/858
f 379/858/858 331/767/767 380/859/859
f 1194/509/509 1205/860/860 1195/861/861 1191/862/862
f 381/863/863 330/766/766 383/864/864
f 710/865/865 725/774/774 733/773/773 723/866/866 722/120/120 711/867/867
f 365/851/851 361/827/827 355/818/818 345/868/868 364/842/842
f 324/755/755 323/753/753 386/869/869
f 1773/379/379 1772/870/870 1771/871/871 1770/872/872 1718/873/873 1774/874/874
f 388/875/875 389/876/876 385/877/877
f 320/748/748 322/754/754 321/757/757 318/746/746
f 392/878/878 393/879/879 383/864/864
f 437/880/880 395/881/881 394/882/882 491/883/883 492/884/884 493/885/885 488/886/886 487/887/887 486/888/888 480/889/889
f 1657/890/890 1656/891/891 1634/892/892 1654/893/893 1655/894/894 1658/895/895
f 395/881/881 396/896/896 380/859/859
f 380/859/859 396/896/896 379/858/858
f 379/858/858 396/896/896 378/395/395
f 396/896/896 397/392/392 378/395/395
f 410/897/897 434/898/898 426/715/715 411/899/899
f 363/829/829 362/828/828 399/900/900
f 399/900/900 362/828/828 376/394/394
f 331/767/767 330/766/766 381/863/863
f 396/896/896 400/901/901 397/392/392
f 397/392/392 400/901/901 398/393/393
f 363/829/829 401/902/902 359/820/820
f 359/820/820 401/902/902 360/822/822
f 360/822/822 402/903/903 403/904/904
f 402/903/903 404/905/905 403/904/904
f 401/902/902 407/906/906 408/907/907
f 407/906/906 409/908/908 408/907/907
f 405/909/909 412/910/910 406/911/911
f 406/911/911 412/910/910 413/912/912
f 412/910/910 414/438/438 413/912/912
f 414/438/438 416/437/437 421/252/252 415/251/251 413/912/912
f 2004/913/913 2005/401/401 1628/400/400 2003/733/733 2000/732/732 1993/801/801
f 414/438/438 412/910/910 417/435/435
f 417/435/435 412/910/910 418/88/88
f 1062/914/914 1061/915/915 1057/499/499 1056/224/224 1055/223/223 1072/544/544
f 741/916/916 740/917/917 816/918/918 745/919/919 742/632/632
f 1805/920/920 1811/921/921 1804/922/922 1794/923/923
f 1780/924/924 1781/376/376 1773/379/379 1774/874/874
f 420/436/436 421/252/252 416/437/437
f 1994/925/925 1995/926/926 1745/927/927 1747/928/928
f 1462/447/447 1501/450/450 1475/464/464 1463/929/929 1460/930/930
f 423/931/931 420/436/436 424/87/87
f 426/715/715 427/86/86 425/85/85
f 424/87/87 428/932/932 423/931/931
f 426/715/715 431/320/320 430/319/319
f 429/318/318 433/933/933 428/932/932
f 431/320/320 426/715/715 434/898/898
f 434/898/898 410/897/897 435/934/934
f 1706/65/65 1847/64/64 1846/63/63
f 207/935/935 206/936/936 242/937/937 241/279/279 239/278/278 238/548/548
f 435/934/934 436/938/938 434/898/898
f 434/898/898 436/938/938 431/320/320
f 436/938/938 437/880/880 431/320/320
f 438/939/939 439/940/940 440/941/941
f 439/940/940 441/942/942 440/941/941
f 440/941/941 442/943/943 432/317/317
f 442/943/943 443/944/944 432/317/317
f 443/944/944 444/945/945 433/933/933
f 433/933/933 444/945/945 428/932/932
f 1695/60/60 1694/111/111 1696/110/110 1697/946/946 1698/108/108 1851/61/61
f 940/947/947 941/948/948 926/169/169 928/168/168
f 446/949/949 447/250/250 422/249/249
f 448/950/950 419/951/951 413/912/912 415/251/251 447/250/250 451/952/952
f 497/953/953 498/954/954 496/955/955
f 419/951/951 449/700/700 450/956/956
f 451/952/952 452/957/957 448/950/950
f 624/958/958 632/959/959 625/960/960 616/961/961 603/962/962 602/963/963 598/964/964 618/531/531 623/965/965
f 452/957/957 454/695/695 453/701/701
f 1428/94/94 1434/966/966 1421/967/967 1427/968/968
f 455/697/697 458/969/969 457/698/698
f 457/698/698 458/969/969 459/699/699
f 460/970/970 461/971/971 450/956/956
f 459/699/699 450/956/956 449/700/700
f 1206/511/511 1207/510/510 1209/972/972 1208/973/973 1205/860/860
f 454/695/695 452/957/957 463/974/974
f 451/952/952 447/250/250 464/975/975
f 447/250/250 465/976/976 464/975/975
f 1531/977/977 1493/978/978 1492/979/979 1530/980/980
f 838/27/27 832/29/29 822/981/981 821/982/982
f 1936/983/983 1939/984/984 1940/985/985 1904/598/598 1903/986/986 1902/987/987 1934/988/988 1935/989/989 1948/990/990 1937/991/991
f 149/430/430 145/425/425 142/422/422 146/426/426
f 1675/992/992 1673/611/611 1674/993/993 1452/994/994 1461/995/995
f 1522/996/996 1546/997/997 1545/535/535 1544/534/534
f 938/998/998 990/999/999 985/1000/1000 984/1001/1001
f 467/1002/1002 465/976/976 469/1003/1003 473/1004/1004 475/1005/1005 481/1006/1006 482/290/290 474/289/289 468/1007/1007 483/288/288 1864/292/292 1862/1008/1008 1863/1009/1009 1854/1010/1010
f 446/949/949 445/1011/1011 470/1012/1012 472/1013/1013 473/1004/1004 469/1003/1003
f 445/1011/1011 444/945/945 470/1012/1012
f 471/1014/1014 472/1013/1013 470/1012/1012
f 473/1004/1004 472/1013/1013 475/1005/1005
f 472/1013/1013 471/1014/1014 475/1005/1005
f 680/1015/1015 679/1016/1016 686/1017/1017 684/1018/1018
f 1987/1019/1019 1982/1020/1020 1977/1021/1021 1989/1022/1022
f 442/943/943 477/1023/1023 476/1024/1024
f 479/1025/1025 477/1023/1023 480/889/889
f 2015/1026/1026 2016/1027/1027 2006/785/785 1059/784/784
f 481/1006/1006 478/1028/1028 485/1029/1029
f 864/1030/1030 870/1031/1031 869/1032/1032 868/1033/1033
f 479/1025/1025 480/889/889 486/888/888
f 1359/1034/1034 1360/1035/1035 707/645/645 706/1036/1036
f 246/804/804 300/708/708 248/709/709 233/1037/1037 232/1038/1038 226/567/567 231/8/8 234/7/7 245/171/171 551/176/176 550/1039/1039 303/1040/1040 304/1041/1041 305/1042/1042 296/806/806 302/805/805 247/1043/1043
f 1820/418/418 1821/417/417 1819/1044/1044 1809/1045/1045
f 411/899/899 426/715/715 425/85/85 418/88/88 412/910/910
f 1396/1046/1046 1374/581/581 1401/585/585 1403/1047/1047 1397/1048/1048 1395/1049/1049 1394/1050/1050
f 1144/270/270 1182/269/269 1183/1051/1051 1181/813/813 1143/812/812
f 1537/1052/1052 1538/1053/1053 1536/537/537 1525/536/536 1524/1054/1054
f 500/1055/1055 501/1056/1056 497/953/953 499/1057/1057 495/1058/1058 491/883/883 394/882/882 393/879/879
f 497/953/953 501/1056/1056 498/954/954
f 34/126/126 30/125/125 40/163/163
f 502/1059/1059 504/838/838 503/1060/1060
f 504/838/838 505/840/840 503/1060/1060
f 82/256/256 77/257/257 76/244/244 81/243/243
f 1771/871/871 1767/1061/1061 1768/1062/1062 1769/782/782 1721/781/781 1720/1063/1063 1719/1064/1064 1770/872/872
f 383/864/864 393/879/879 382/1065/1065 381/863/863
f 501/1056/1056 500/1055/1055 509/1066/1066
f 509/1066/1066 500/1055/1055 510/1067/1067
f 500/1055/1055 393/879/879 392/878/878 512/1068/1068 511/1069/1069 1891/1070/1070 510/1067/1067
f 497/953/953 496/955/955 499/1057/1057
f 499/1057/1057 496/955/955 495/1058/1058
f 1212/236/236 1223/235/235 1225/1071/1071 1226/1072/1072 1202/1073/1073
f 1300/1074/1074 1302/1075/1075 1299/1076/1076 58/194/194
f 343/810/810 342/777/777 341/776/776 364/842/842 344/1077/1077
f 390/208/208 389/876/876 515/205/205
f 516/1078/1078 387/1079/1079 517/1080/1080
f 517/1080/1080 323/753/753 518/1081/1081
f 323/753/753 319/747/747 518/1081/1081
f 517/1080/1080 518/1081/1081 516/1078/1078
f 519/1082/1082 520/1083/1083 529/1084/1084 526/1085/1085 521/1086/1086 516/1078/1078 518/1081/1081
f 205/1087/1087 569/1088/1088 242/937/937 206/936/936
f 228/1089/1089 236/276/276 240/275/275 244/615/615 243/280/280 554/1090/1090 563/1091/1091 555/174/174 552/173/173 235/172/172 553/1092/1092 214/549/549 213/547/547
f 663/1093/1093 562/1094/1094 576/1095/1095 574/1096/1096 564/1097/1097 565/678/678 572/507/507 573/1098/1098 575/1099/1099 577/1100/1100 611/1101/1101 607/1102/1102 604/1103/1103 600/1104/1104 588/1105/1105 599/1106/1106 598/964/964 602/963/963 603/962/962 612/1107/1107 613/1108/1108 615/1109/1109 625/960/960 617/1110/1110 614/1111/1111 129/375/375 662/1112/1112
f 736/119/119 737/1113/1113 720/1114/1114 721/1115/1115 722/120/120
f 154/1116/1116 151/429/429 150/428/428 147/427/427 140/420/420
f 512/1068/1068 513/1117/1117 391/1118/1118 514/207/207 524/1119/1119 525/1120/1120
f 527/1121/1121 526/1085/1085 529/1084/1084
f 529/1084/1084 520/1083/1083 530/1122/1122
f 530/1122/1122 520/1083/1083 531/1123/1123
f 520/1083/1083 519/1082/1082 531/1123/1123
f 519/1082/1082 518/1081/1081 531/1123/1123
f 531/1123/1123 518/1081/1081 532/1124/1124
f 518/1081/1081 319/747/747 532/1124/1124
f 532/1124/1124 319/747/747 533/1125/1125
f 319/747/747 316/744/744 533/1125/1125
f 316/744/744 315/743/743 533/1125/1125
f 533/1125/1125 315/743/743 534/1126/1126
f 315/743/743 535/1127/1127 534/1126/1126
f 535/1127/1127 536/1128/1128 534/1126/1126
f 1554/1129/1129 1552/67/67 1453/66/66 1553/1130/1130
f 535/1127/1127 537/1131/1131 538/1132/1132
f 538/1132/1132 537/1131/1131 539/1133/1133
f 539/1133/1133 537/1131/1131 310/736/736
f 310/736/736 537/1131/1131 311/737/737
f 537/1131/1131 312/763/763 311/737/737
f 535/1127/1127 538/1132/1132 536/1128/1128
f 536/1128/1128 538/1132/1132 532/1124/1124
f 531/1123/1123 540/1134/1134 541/514/514
f 540/1134/1134 542/515/515 541/514/514
f 542/515/515 539/1133/1133 543/512/512
f 539/1133/1133 310/736/736 544/1135/1135
f 4/1136/1136 2/53/53 113/340/340 112/364/364
f 781/722/722 783/833/833 782/832/832 774/1137/1137
f 849/1138/1138 846/1139/1139 845/1140/1140 848/1141/1141
f 547/45/45 306/1142/1142 548/1143/1143
f 380/859/859 382/1065/1065 393/879/879 394/882/882 395/881/881
f 304/1041/1041 303/1040/1040 549/42/42
f 549/42/42 303/1040/1040 550/1039/1039
f 224/1144/1144 225/648/648 223/560/560 222/559/559
f 1003/1145/1145 1000/1146/1146 1001/406/406 994/497/497 999/1147/1147
f 445/1011/1011 446/949/949 428/932/932 444/945/945
f 547/45/45 548/1143/1143 549/42/42
f 1130/286/286 1018/293/293 1017/1148/1148 1129/1149/1149
f 926/169/169 915/1150/1150 916/297/297 925/170/170
f 1093/1151/1151 1102/1152/1152 1090/1153/1153 1091/1154/1154
f 12/1155/1155 36/146/146 38/193/193 55/1156/1156 1293/1157/1157 37/1158/1158 11/341/341 10/52/52 9/54/54
f 485/1029/1029 1863/1009/1009 1864/292/292 484/291/291 482/290/290 481/1006/1006
f 892/1159/1159 887/1160/1160 888/1161/1161 891/523/523
f 555/174/174 562/1094/1094 560/1162/1162 561/1163/1163 556/175/175
f 1247/1164/1164 1687/1165/1165 1254/1166/1166 1246/1167/1167
f 1506/1168/1168 1499/465/465 1500/1169/1169 1505/100/100
f 1030/33/33 1174/32/32 1032/306/306 1031/305/305
f 1993/801/801 1988/1170/1170 2004/913/913
f 876/1171/1171 877/1172/1172 878/1173/1173 872/1174/1174 874/1175/1175 875/1176/1176 855/1177/1177 854/1178/1178
f 1457/1179/1179 1456/1180/1180 1549/485/485 1548/484/484
f 567/1181/1181 566/679/679 565/678/678 564/1097/1097 554/1090/1090 243/280/280
f 567/1181/1181 243/280/280 568/1182/1182
f 1125/1183/1183 1160/1184/1184 1151/1185/1185 1150/1186/1186 1126/1187/1187
f 568/1182/1182 570/680/680 567/1181/1181
f 567/1181/1181 570/680/680 566/679/679
f 571/508/508 572/507/507 565/678/678
f 488/886/886 493/885/885 492/884/884 491/883/883 489/1188/1188 490/1189/1189
f 575/1099/1099 573/1098/1098 577/1100/1100
f 716/1190/1190 721/1115/1115 719/1191/1191
f 577/1100/1100 573/1098/1098 572/507/507 578/506/506 579/505/505 605/1192/1192 607/1102/1102
f 579/505/505 580/504/504 581/247/247
f 571/508/508 570/680/680 584/1193/1193
f 570/680/680 569/1088/1088 584/1193/1193
f 1547/1194/1194 1548/484/484 1560/483/483 1561/1195/1195
f 586/525/525 197/516/516 587/1196/1196
f 197/516/516 196/15/15 587/1196/1196
f 1945/149/149 1917/148/148 690/1197/1197 691/1198/1198 694/1199/1199 1854/1010/1010 1863/1009/1009 485/1029/1029 1865/1200/1200 1855/1201/1201 1870/1202/1202 1871/1203/1203 1872/1204/1204 1856/1205/1205 1875/1206/1206 1876/1207/1207 1887/1208/1208 1909/1209/1209 1886/1210/1210 1877/1211/1211 1885/617/617 1884/616/616 1878/1212/1212 1880/1213/1213 1879/1214/1214 1881/1215/1215 1916/1216/1216 1915/1217/1217 1944/1218/1218
f 1498/1219/1219 1494/1220/1220 1491/1221/1221 1490/1222/1222 1495/1223/1223 1497/1224/1224 1527/1225/1225 1528/1226/1226
f 264/662/662 260/658/658 261/660/660 258/657/657 259/456/456 284/459/459 283/677/677
f 87/259/259 93/274/274 83/258/258
f 596/493/493 597/1227/1227 590/351/351
f 598/964/964 599/1106/1106 589/1228/1228
f 596/493/493 601/1229/1229 597/1227/1227
f 1652/1230/1230 1649/144/144 1655/894/894 1653/1231/1231
f 1606/1232/1232 1607/1233/1233 1605/1234/1234 1604/1235/1235
f 1407/330/330 1408/333/333 1406/1236/1236 1402/584/584
f 866/1237/1237 803/1238/1238 804/50/50
f 943/1239/1239 962/1240/1240 961/1241/1241 947/1242/1242 946/1243/1243
f 1278/1244/1244 1290/1245/1245 1279/1246/1246
f 310/736/736 309/1247/1247 545/1248/1248 544/1135/1135
f 608/1249/1249 587/1196/1196 600/1104/1104 605/1192/1192 579/505/505 581/247/247 606/246/246
f 608/1249/1249 609/1250/1250 587/1196/1196
f 587/1196/1196 609/1250/1250 586/525/525
f 609/1250/1250 610/1251/1251 586/525/525
f 122/358/358 1291/1252/1252 123/362/362 114/339/339 115/338/338 116/337/337
f 905/1253/1253 907/1254/1254 908/1255/1255 906/1256/1256 904/637/637
f 615/1109/1109 613/1108/1108 612/1107/1107
f 1523/1257/1257 1522/996/996 1544/534/534 1524/1054/1054
f 1404/1258/1258 1398/1259/1259 1397/1048/1048 1403/1047/1047
f 607/1102/1102 611/1101/1101 577/1100/1100
f 1734/1260/1260 1632/1261/1261 1604/1235/1235 1603/1262/1262 1602/1263/1263 1601/1264/1264 1633/1265/1265 1733/1266/1266
f 596/493/493 620/527/527 619/526/526 618/531/531 598/964/964 597/1227/1227 601/1229/1229
f 1228/1267/1267 1227/1268/1268 1221/239/239
f 595/494/494 594/1269/1269 621/528/528
f 594/1269/1269 167/1270/1270 621/528/528
f 907/1254/1254 912/1271/1271 909/1272/1272 910/298/298 908/1255/1255
f 1317/1273/1273 1314/1274/1274 1313/1275/1275 1312/1276/1276 1339/1277/1277 1318/1278/1278
f 622/530/530 623/965/965 618/531/531
f 282/676/676 295/1279/1279 306/1142/1142 308/762/762
f 1456/1180/1180 1457/1179/1179 1444/1280/1280 1445/1281/1281
f 930/713/713 924/300/300 917/299/299 923/1282/1282 922/1283/1283 929/710/710
f 1947/1284/1284 1959/1285/1285 1957/71/71 1918/70/70 1952/150/150 1946/1286/1286
f 1598/1287/1287 1636/1288/1288 1635/1289/1289 1600/1290/1290
f 626/1291/1291 627/1292/1292 614/1111/1111
f 1338/1293/1293 1342/1294/1294 1337/1295/1295 1321/1296/1296 1320/335/335 1319/334/334
f 915/1150/1150 943/1239/1239 914/1297/1297 913/1298/1298
f 1928/588/588 1922/1299/1299 1954/1300/1300 1929/589/589
f 685/1301/1301 684/1018/1018 686/1017/1017 1920/1302/1302 1921/1303/1303 683/1304/1304
f 637/1305/1305 638/1306/1306 135/1307/1307
f 192/352/352 173/478/478 174/480/480 172/472/472 193/356/356 194/354/354
f 137/1308/1308 640/1309/1309 154/1116/1116
f 154/1116/1116 640/1309/1309 151/429/429
f 853/1310/1310 897/1311/1311 876/1171/1171 854/1178/1178 847/1312/1312
f 78/240/240 80/242/242 76/244/244 75/228/228
f 1906/1313/1313 1912/1314/1314 1911/1315/1315 1941/1316/1316 1883/618/618 1885/617/617 1910/1317/1317 1907/1318/1318 1893/1319/1319
f 152/1320/1320 153/1321/1321 145/425/425 149/430/430 151/429/429 640/1309/1309 639/1322/1322 643/1323/1323
f 1634/892/892 1635/1289/1289 1654/893/893
f 644/84/84 160/1324/1324 152/1320/1320 643/1323/1323 648/1325/1325 647/82/82
f 1649/144/144 1659/1326/1326 1658/895/895 1655/894/894
f 645/1327/1327 642/1328/1328 641/529/529 621/528/528 165/453/453
f 1625/402/402 1977/1021/1021 1626/1329/1329 1613/1330/1330
f 70/214/214 32/133/133 105/312/312 104/1331/1331 90/1332/1332
f 214/549/549 553/1092/1092 235/172/172 230/6/6 227/5/5 215/10/10
f 1233/1333/1333 1251/1334/1334 1243/1335/1335 1234/1336/1336
f 595/494/494 621/528/528 620/527/527 596/493/493
f 312/763/763 537/1131/1131 535/1127/1127 315/743/743
f 1766/1337/1337 1765/1338/1338 1767/1061/1061 1752/1339/1339
f 209/541/541 238/548/548 211/545/545 210/543/543
f 34/126/126 39/162/162 38/193/193 36/146/146
f 128/365/365 650/321/321 129/375/375
f 1752/1339/1339 1767/1061/1061 1749/1340/1340 1750/1341/1341
f 1491/1221/1221 1494/1220/1220 1492/979/979 1485/628/628 1484/627/627
f 652/322/322 650/321/321 653/1342/1342
f 650/321/321 654/1343/1343 653/1342/1342
f 219/556/556 224/1144/1144 222/559/559 221/558/558 220/557/557
f 812/461/461 860/179/179 873/182/182 872/1174/1174 861/1344/1344 811/1345/1345
f 1266/779/779 1352/1346/1346 1265/1347/1347
f 446/949/949 422/249/249 423/931/931 428/932/932
f 1204/1348/1348 1210/1349/1349 1203/1350/1350 1196/1351/1351
f 1198/1352/1352 656/1353/1353 125/1354/1354 1190/1355/1355 657/1356/1356 1199/1357/1357
f 1694/111/111 1695/60/60 1682/59/59
f 661/323/323 662/1112/1112 651/324/324
f 1125/1183/1183 1162/1358/1358 1161/1359/1359 1160/1184/1184
f 1329/1360/1360 1332/751/751 1331/750/750 1330/1361/1361 1271/1362/1362
f 882/1363/1363 880/1364/1364 894/1365/1365 893/1366/1366
f 1925/1367/1367 1924/586/586 1927/590/590 1926/1368/1368
f 1662/1369/1369 1732/1370/1370 1657/890/890 1658/895/895 1660/1371/1371
f 1442/1372/1372 1441/1373/1373 1464/1374/1374 1465/1375/1375
f 30/125/125 42/165/165 41/164/164 40/163/163
f 665/1376/1376 662/1112/1112 666/220/220
f 662/1112/1112 661/323/323 666/220/220
f 650/321/321 128/365/365 654/1343/1343
f 571/508/508 584/1193/1193 583/245/245 582/248/248 581/247/247 580/504/504
f 1218/233/233 1221/239/239 1224/1377/1377 1239/442/442 1225/1071/1071 1223/235/235 1222/234/234
f 670/1378/1378 671/1379/1379 664/1380/1380 669/1381/1381
f 626/1291/1291 614/1111/1111 617/1110/1110 625/960/960 632/959/959 631/1382/1382
f 1762/780/780 1763/783/783 1723/1383/1383
f 664/1380/1380 671/1379/1379 663/1093/1093
f 673/1384/1384 672/1385/1385 675/1386/1386
f 675/1386/1386 676/43/43 674/1387/1387
f 1239/442/442 1224/1377/1377 1227/1268/1268 1238/439/439
f 1027/1388/1388 1028/1389/1389 801/1390/1390 886/1391/1391
f 1022/1392/1392 1179/302/302 1178/301/301
f 307/1393/1393 547/45/45 682/1394/1394 546/1395/1395 545/1248/1248 309/1247/1247
f 965/1396/1396 968/1397/1397 964/1398/1398 957/1399/1399 895/641/641 956/640/640
f 1965/1400/1400 1966/1401/1401 834/1402/1402 820/1403/1403 818/1404/1404
f 682/1394/1394 684/1018/1018 685/1301/1301
f 544/1135/1135 1925/1367/1367 543/512/512 539/1133/1133
f 569/1088/1088 570/680/680 568/1182/1182 242/937/937
f 679/1016/1016 672/1385/1385 687/73/73
f 687/73/73 672/1385/1385 688/1405/1405
f 668/1406/1406 667/219/219 692/1407/1407
f 1964/199/199 1965/1400/1400 818/1404/1404 819/1408/1408 817/1409/1409 740/917/917 739/1410/1410 1378/1411/1411 1385/1412/1412 1969/1413/1413 1970/201/201 1382/200/200
f 1919/72/72 1920/1302/1302 686/1017/1017 679/1016/1016 687/73/73
f 154/1116/1116 140/420/420 139/419/419 99/1414/1414 138/1415/1415 137/1308/1308
f 666/220/220 661/323/323 697/1416/1416
f 375/849/849 365/851/851 364/842/842 367/843/843
f 680/1015/1015 684/1018/1018 681/1417/1417
f 585/1418/1418 198/517/517 586/525/525
f 697/1416/1416 700/1419/1419 701/1420/1420
f 1131/847/847 1133/283/283 1130/286/286 1129/1149/1149
f 702/1421/1421 700/1419/1419 703/646/646
f 698/1422/1422 660/1423/1423 705/644/644
f 705/644/644 660/1423/1423 706/1036/1036
f 960/1424/1424 893/1366/1366 959/1425/1425 970/1426/1426 948/1427/1427 947/1242/1242
f 706/1036/1036 707/645/645 705/644/644
f 1538/1053/1053 1539/578/578 1534/1428/1428 1536/537/537
f 292/686/686 283/677/677 284/459/459 285/458/458
f 43/166/166 40/163/163 41/164/164
f 1658/895/895 1659/1326/1326 1661/143/143 1651/1429/1429 1660/1371/1371
f 1412/1430/1430 1413/1431/1431 1411/331/331 1399/626/626
f 952/1432/1432 897/1311/1311 899/1433/1433 951/1434/1434
f 395/881/881 437/880/880 436/938/938
f 914/1297/1297 944/638/638 904/637/637 913/1298/1298
f 872/1174/1174 879/1435/1435 871/1436/1436 862/1437/1437
f 720/1114/1114 719/1191/1191 721/1115/1115
f 659/1438/1438 706/1036/1036 660/1423/1423 655/1439/1439
f 1629/1440/1440 1998/705/705 1999/704/704 2000/732/732 2001/735/735 2002/734/734 1627/740/740 1622/739/739
f 725/774/774 710/865/865 724/1441/1441 727/1442/1442 732/772/772
f 1511/1443/1443 1509/1444/1444 1508/1445/1445 1507/1446/1446 1506/1168/1168 1512/103/103
f 1081/1447/1447 1082/1448/1448 1076/25/25 1080/24/24
f 726/374/374 731/373/373 727/1442/1442 724/1441/1441 709/1449/1449
f 198/517/517 204/1450/1450 203/432/432 199/431/431
f 1746/1451/1451 1748/1452/1452 1747/928/928 1745/927/927
f 731/373/373 1364/571/571 1365/793/793 727/1442/1442
f 1365/793/793 1433/1453/1453 1366/624/624 732/772/772 727/1442/1442
f 1755/1454/1454 1759/1455/1455 1761/1456/1456 1766/1337/1337 1760/1457/1457
f 737/1113/1113 738/1458/1458 720/1114/1114
f 294/691/691 295/1279/1279 282/676/676 283/677/677
f 974/1459/1459 978/1460/1460 977/1461/1461 975/522/522
f 922/1283/1283 923/1282/1282 919/1462/1462 921/1463/1463
f 1557/482/482 1561/1195/1195 1560/483/483
f 1580/1464/1464 1581/1465/1465 1586/580/580 1587/532/532
f 193/356/356 171/473/473 593/1466/1466 592/349/349
f 744/633/633 742/632/632 745/919/919
f 100/1467/1467 136/1468/1468 99/1414/1414 98/287/287 96/282/282 94/273/273 92/272/272 97/551/551
f 1159/1469/1469 1157/1470/1470 1152/1471/1471 1151/1185/1185 1160/1184/1184 1161/1359/1359 1165/1472/1472
f 88/260/260 67/211/211 66/210/210 69/212/212
f 1983/1473/1473 1982/1020/1020 1987/1019/1019 1985/1474/1474
f 118/343/343 117/342/342 11/341/341 37/1158/1158 1292/1475/1475
f 893/1366/1366 960/1424/1424 883/1476/1476 882/1363/1363
f 855/1177/1177 826/1477/1477 827/1478/1478 854/1178/1178
f 1046/1479/1479 1059/784/784 1045/787/787 1043/720/720
f 741/916/916 746/51/51 748/1480/1480 804/50/50 803/1238/1238 749/1481/1481 703/646/646 707/645/645 1360/1035/1035 1361/1482/1482 728/1483/1483 729/1484/1484 726/374/374 709/1449/1449 724/1441/1441 710/865/865 708/1485/1485 715/1486/1486 712/1487/1487 714/1488/1488 713/1489/1489 740/917/917
f 454/695/695 463/974/974 466/1490/1490
f 1929/589/589 1954/1300/1300 1953/1491/1491 1930/1492/1492
f 2007/1493/1493 462/1494/1494 456/696/696 454/695/695 466/1490/1490 1861/1495/1495 1860/786/786 2006/785/785
f 408/907/907 402/903/903 360/822/822 401/902/902
f 1640/1496/1496 1595/1497/1497 1642/1498/1498 1641/1499/1499
f 1363/572/572 730/372/372 726/374/374 729/1484/1484 1439/1500/1500 1438/794/794
f 717/1501/1501 719/1191/1191 718/1502/1502
f 1949/1503/1503 1961/1504/1504 1948/990/990 1935/989/989 1933/1505/1505 1950/1506/1506
f 2004/913/913 1988/1170/1170 1989/1022/1022 1977/1021/1021
f 1033/75/75 1032/306/306 1173/1507/1507 1172/76/76
f 863/1508/1508 871/1436/1436 870/1031/1031 864/1030/1030
f 1473/1509/1509 1474/93/93 1472/96/96 1464/1374/1374
f 1592/1510/1510 1595/1497/1497 1594/1511/1511 1593/1512/1512
f 507/839/839 1868/1513/1513 506/1514/1514 498/954/954 501/1056/1056 502/1059/1059 503/1060/1060 505/840/840
f 780/1515/1515 772/1516/1516 769/1517/1517 770/263/263 757/262/262 758/1518/1518 766/1519/1519 767/1520/1520 765/620/620 768/619/619 764/622/622 775/1521/1521 778/1522/1522 791/837/837 1036/1523/1523 790/726/726 777/1524/1524
f 84/253/253 85/255/255 82/256/256 81/243/243 83/258/258
f 588/1105/1105 600/1104/1104 587/1196/1196 196/15/15
f 54/138/138 55/1156/1156 38/193/193 52/192/192 53/139/139
f 1234/1336/1336 1242/1525/1525 1237/1526/1526 1235/1527/1527
f 1608/1528/1528 1609/20/20 1607/1233/1233 1606/1232/1232
f 1880/1213/1213 1882/1529/1529 1881/1215/1215 1879/1214/1214
f 751/1530/1530 701/1420/1420 700/1419/1419 702/1421/1421 750/1531/1531 799/702/702 797/308/308
f 576/1095/1095 562/1094/1094 555/174/174 563/1091/1091 574/1096/1096
f 336/413/413 338/815/815 337/1532/1532 335/414/414
f 1105/384/384 1113/383/383 1112/1533/1533 1073/1534/1534 1104/1535/1535
f 1744/1536/1536 1746/1451/1451 1745/927/927 1995/926/926
f 1337/1295/1295 1343/1537/1537 1344/1538/1538 1336/1539/1539 1325/1540/1540 1321/1296/1296
f 453/701/701 449/700/700 419/951/951 448/950/950 452/957/957
f 1870/1202/1202 1855/1201/1201 1865/1200/1200 1869/1541/1541
f 1012/1542/1542 1013/1543/1543 1011/1544/1544 997/1545/1545
f 1384/1546/1546 1390/1547/1547 1389/1548/1548 1388/1549/1549
f 1622/739/739 1616/22/22 1617/21/21 1618/1550/1550
f 1955/1551/1551 1962/186/186 1963/185/185 1953/1491/1491 1954/1300/1300
f 105/312/312 106/311/311 104/1331/1331
f 1149/1552/1552 1148/160/160 1169/1553/1553 1168/1554/1554 1079/23/23
f 1739/1555/1555 1741/1556/1556 1738/1557/1557 1734/1260/1260
f 753/1558/1558 752/1559/1559 794/1560/1560
f 1303/388/388 1317/1273/1273 1302/1075/1075 1301/389/389
f 1731/1561/1561 1663/476/476 1729/475/475 1730/1562/1562
f 1286/1563/1563 1280/1564/1564 1277/1565/1565
f 1927/590/590 1929/589/589 1930/1492/1492 1926/1368/1368
f 799/702/702 750/1531/1531 800/1566/1566
f 1329/1360/1360 1283/731/731 1328/730/730 1333/752/752 1332/751/751
f 127/1567/1567 654/1343/1343 128/365/365 112/364/364
f 748/1480/1480 746/51/51 804/50/50
f 104/1331/1331 106/311/311 103/310/310 91/267/267 90/1332/1332
f 804/50/50 747/49/49 805/48/48
f 1280/1564/1564 1285/729/729 1284/728/728 1281/1568/1568 1274/1569/1569
f 1701/327/327 1714/1570/1570 1680/1571/1571
f 49/189/189 50/183/183 46/178/178 47/1572/1572
f 866/1237/1237 868/1033/1033 885/1573/1573 867/1574/1574 802/1575/1575 803/1238/1238
f 744/633/633 745/919/919 815/1576/1576
f 992/1577/1577 993/1578/1578 991/1579/1579 990/999/999
f 1166/470/470 1154/159/159 1153/158/158 1155/1580/1580 1156/1581/1581 1158/1582/1582 1097/1583/1583 1085/1584/1584 1084/1585/1585
f 817/1409/1409 819/1408/1408 818/1404/1404
f 541/514/514 1932/188/188 1901/1586/1586 1900/1587/1587
f 1434/966/966 1425/1588/1588 1424/1589/1589 1422/1590/1590
f 820/1403/1403 821/982/982 818/1404/1404
f 818/1404/1404 821/982/982 816/918/918
f 821/982/982 822/981/981 816/918/918
f 1521/1591/1591 1503/1592/1592 1458/1593/1593 1547/1194/1194 1546/997/997 1522/996/996
f 371/855/855 326/758/758 328/764/764 331/767/767 379/858/858 372/857/857
f 1240/1594/1594 1244/441/441 1241/1595/1595 1226/1072/1072
f 1914/1596/1596 1882/1529/1529 1913/1597/1597 1940/985/985 1943/1598/1598 1938/1599/1599 1946/1286/1286 1944/1218/1218 1915/1217/1217
f 1753/1600/1600 1754/1601/1601 1741/1556/1556 1740/1602/1602
f 984/1001/1001 986/1603/1603 978/1460/1460 983/1604/1604
f 821/982/982 820/1403/1403 833/1605/1605
f 833/1605/1605 820/1403/1403 834/1402/1402
f 251/650/650 250/707/707 290/684/684 289/683/683
f 1867/1606/1606 1868/1513/1513 1869/1541/1541 1866/1607/1607
f 884/1608/1608 802/1575/1575 867/1574/1574
f 15/1609/1609 16/131/131 19/130/130 20/129/129
f 832/29/29 835/28/28 831/1610/1610
f 830/1611/1611 835/28/28 829/1612/1612
f 829/1612/1612 835/28/28 836/1613/1613
f 836/1613/1613 835/28/28 837/361/361
f 838/27/27 821/982/982 833/1605/1605 839/359/359
f 152/1320/1320 160/1324/1324 157/444/444 155/1614/1614 161/1615/1615 153/1321/1321
f 840/360/360 841/1616/1616 837/361/361
f 523/1617/1617 524/1119/1119 514/207/207 522/206/206
f 843/1618/1618 844/1619/1619 842/1620/1620
f 1727/1621/1621 1759/1455/1455 1755/1454/1454 1758/1622/1622
f 836/1613/1613 845/1140/1140 829/1612/1612
f 845/1140/1140 846/1139/1139 829/1612/1612
f 846/1139/1139 847/1312/1312 828/1623/1623
f 844/1619/1619 848/1141/1141 845/1140/1140
f 1176/1624/1624 1175/31/31 1029/30/30 1025/1625/1625 1178/301/301
f 847/1312/1312 854/1178/1178 827/1478/1478
f 1129/1149/1149 1016/574/574 1051/1626/1626 1128/230/230 1131/847/847
f 1806/1627/1627 1810/1628/1628 1811/921/921 1712/1629/1629
f 858/181/181 859/180/180 813/460/460 826/1477/1477 857/1630/1630
f 859/180/180 860/179/179 812/461/461
f 863/1508/1508 864/1030/1030 807/47/47
f 1326/1631/1631 1334/749/749 1333/752/752 1327/1632/1632 1285/729/729
f 595/494/494 592/349/349 593/1466/1466 169/468/468 168/467/467 163/452/452 167/1270/1270 594/1269/1269
f 1510/1633/1633 1497/1224/1224 1495/1223/1223 1496/1634/1634
f 866/1237/1237 865/1635/1635 868/1033/1033
f 865/1635/1635 864/1030/1030 868/1033/1033
f 862/1437/1437 861/1344/1344 872/1174/1174
f 1920/1302/1302 1956/1636/1636 1955/1551/1551 1921/1303/1303
f 1210/1349/1349 1216/1637/1637 1219/1638/1638 1211/1639/1639 1203/1350/1350
f 873/182/182 874/1175/1175 872/1174/1174
f 857/1630/1630 856/1640/1640 874/1175/1175
f 743/46/46 814/634/634 825/1641/1641 806/1642/1642 808/1643/1643 862/1437/1437 871/1436/1436 863/1508/1508 807/47/47
f 670/1378/1378 669/1381/1381 690/1197/1197 689/1644/1644
f 2/53/53 4/1136/1136 3/81/81 1/16/16
f 878/1173/1173 879/1435/1435 872/1174/1174
f 879/1435/1435 880/1364/1364 871/1436/1436
f 871/1436/1436 880/1364/1364 881/1645/1645
f 857/1630/1630 874/1175/1175 873/182/182 858/181/181
f 883/1476/1476 869/1032/1032 870/1031/1031 881/1645/1645 880/1364/1364 882/1363/1363
f 1724/1646/1646 1726/1647/1647 1725/474/474 1665/1648/1648 1648/1649/1649 1666/1650/1650
f 101/550/550 148/553/553 135/1307/1307 100/1467/1467 97/551/551
f 226/567/567 232/1038/1038 248/709/709 249/649/649 225/648/648 224/1144/1144 217/554/554
f 639/1322/1322 648/1325/1325 643/1323/1323
f 870/1031/1031 871/1436/1436 881/1645/1645
f 1183/1051/1051 1184/1651/1651 1189/1652/1652 1180/814/814 1181/813/813
f 884/1608/1608 867/1574/1574 885/1573/1573 889/1653/1653 888/1161/1161
f 802/1575/1575 886/1391/1391 801/1390/1390 749/1481/1481 803/1238/1238
f 885/1573/1573 890/524/524 889/1653/1653
f 1559/1654/1654 1455/1655/1655 1551/68/68 1552/67/67
f 1647/1656/1656 1651/1429/1429 1650/142/142 1646/145/145
f 879/1435/1435 878/1173/1173 895/641/641
f 1389/1548/1548 1391/1657/1657 1380/1658/1658 1392/1659/1659 1394/1050/1050 1393/1660/1660
f 853/1310/1310 851/1661/1661 897/1311/1311
f 851/1661/1661 852/1662/1662 897/1311/1311
f 852/1662/1662 898/1663/1663 897/1311/1311
f 897/1311/1311 898/1663/1663 899/1433/1433
f 898/1663/1663 900/1664/1664 899/1433/1433
f 900/1664/1664 901/1665/1665 899/1433/1433
f 902/635/635 950/1666/1666 965/1396/1396 966/1667/1667 967/1668/1668 951/1434/1434 899/1433/1433
f 903/636/636 905/1253/1253 904/637/637
f 396/896/896 395/881/881 436/938/938 435/934/934
f 43/166/166 48/195/195 49/189/189 47/1572/1572 46/178/178 45/177/177 39/162/162 40/163/163
f 910/298/298 909/1272/1272 911/1669/1669
f 911/1669/1669 909/1272/1272 912/1271/1271
f 910/298/298 913/1298/1298 908/1255/1255
f 908/1255/1255 913/1298/1298 906/1256/1256
f 906/1256/1256 913/1298/1298 904/637/637
f 917/299/299 910/298/298 918/1670/1670
f 910/298/298 911/1669/1669 918/1670/1670
f 918/1670/1670 911/1669/1669 919/1462/1462
f 911/1669/1669 920/1671/1671 919/1462/1462
f 920/1671/1671 921/1463/1463 919/1462/1462
f 597/1227/1227 598/964/964 589/1228/1228 590/351/351
f 1721/781/781 1680/1571/1571 1714/1570/1570 1720/1063/1063
f 968/1397/1397 965/1396/1396 949/1672/1672 945/639/639 969/1673/1673 963/1674/1674 964/1398/1398
f 1037/502/502 1052/501/501 1048/500/500 1049/399/399 1047/398/398 1060/397/397 2014/1675/1675 2015/1026/1026 1059/784/784 1046/1479/1479 1043/720/720 1042/719/719 786/718/718 788/717/717 789/716/716
f 274/671/671 272/670/670 281/675/675 276/345/345
f 667/219/219 668/1406/1406 665/1376/1376 666/220/220
f 925/170/170 932/296/296 927/167/167
f 933/712/712 935/768/768 930/713/713
f 935/768/768 936/1676/1676 931/295/295
f 1366/624/624 1372/623/623 1371/1677/1677 1367/1678/1678
f 1951/187/187 1962/186/186 1950/1506/1506 1933/1505/1505
f 932/296/296 938/998/998 927/167/167
f 926/169/169 941/948/948 915/1150/1150
f 941/948/948 942/1679/1679 915/1150/1150
f 1797/1680/1680 1801/1681/1681 1799/1682/1682 1798/1683/1683
f 942/1679/1679 941/948/948 940/947/947
f 119/344/344 120/357/357 116/337/337 117/342/342
f 1585/576/576 1586/580/580 1581/1465/1465 1577/824/824 1576/1684/1684 1582/1685/1685
f 949/1672/1672 950/1666/1666 945/639/639
f 945/639/639 950/1666/1666 902/635/635
f 208/540/540 207/935/935 238/548/548 209/541/541
f 196/15/15 590/351/351 588/1105/1105
f 953/1686/1686 955/643/643 954/642/642
f 1651/1429/1429 1664/477/477 1663/476/476 1660/1371/1371
f 1312/1276/1276 1341/1687/1687 1340/1688/1688 1339/1277/1277
f 957/1399/1399 958/1689/1689 895/641/641
f 945/639/639 944/638/638 914/1297/1297 943/1239/1239
f 894/1365/1365 959/1425/1425 893/1366/1366
f 332/770/770 369/848/848 354/412/412 334/411/411
f 498/954/954 506/1514/1514 1867/1606/1606 487/887/887 494/1690/1690
f 963/1674/1674 958/1689/1689 964/1398/1398
f 958/1689/1689 957/1399/1399 964/1398/1398
f 681/1417/1417 684/1018/1018 682/1394/1394 547/45/45
f 956/640/640 966/1667/1667 965/1396/1396
f 1875/1206/1206 1856/1205/1205 1872/1204/1204 1874/599/599
f 966/1667/1667 955/643/643 967/1668/1668
f 952/1432/1432 951/1434/1434 967/1668/1668
f 950/1666/1666 949/1672/1672 965/1396/1396
f 389/876/876 388/875/875 515/205/205
f 711/867/867 716/1190/1190 715/1486/1486 708/1485/1485 710/865/865
f 432/317/317 443/944/944 433/933/933 429/318/318
f 1576/1684/1684 1571/607/607 1575/606/606 1583/1691/1691 1585/576/576 1582/1685/1685
f 970/1426/1426 969/1673/1673 948/1427/1427
f 798/307/307 796/1692/1692 792/693/693 795/692/692 793/694/694 752/1559/1559 751/1530/1530 797/308/308
f 955/643/643 966/1667/1667 956/640/640
f 942/1679/1679 940/947/947 971/1693/1693
f 971/1693/1693 940/947/947 972/1694/1694
f 940/947/947 939/1695/1695 972/1694/1694
f 939/1695/1695 973/1696/1696 972/1694/1694
f 973/1696/1696 974/1459/1459 972/1694/1694
f 974/1459/1459 975/522/522 972/1694/1694
f 1824/1697/1697 1972/1698/1698 1853/1699/1699 1817/1700/1700
f 880/1364/1364 879/1435/1435 895/641/641 958/1689/1689 963/1674/1674 969/1673/1673 970/1426/1426 959/1425/1425 894/1365/1365
f 891/523/523 975/522/522 977/1461/1461
f 981/1701/1701 979/1702/1702 982/1703/1703
f 961/1241/1241 960/1424/1424 947/1242/1242
f 986/1603/1603 988/404/404 987/1704/1704
f 1368/1705/1705 737/1113/1113 736/119/119 735/118/118
f 983/1604/1604 973/1696/1696 984/1001/1001
f 973/1696/1696 939/1695/1695 984/1001/1001
f 939/1695/1695 938/998/998 984/1001/1001
f 370/854/854 374/850/850 375/849/849 367/843/843 340/1706/1706 368/1707/1707 369/848/848 332/770/770
f 1689/112/112 1201/58/58 1200/1708/1708 1683/1709/1709 1690/1710/1710 1691/113/113
f 865/1635/1635 805/48/48 807/47/47 864/1030/1030
f 988/404/404 985/1000/1000 989/495/495
f 989/495/495 985/1000/1000 990/999/999
f 973/1696/1696 983/1604/1604 974/1459/1459
f 983/1604/1604 978/1460/1460 974/1459/1459
f 989/495/495 990/999/999 991/1579/1579
f 1800/1711/1711 1786/104/104 1787/378/378 1799/1682/1682
f 992/1577/1577 938/998/998 993/1578/1578
f 938/998/998 937/1712/1712 993/1578/1578
f 993/1578/1578 937/1712/1712 994/497/497
f 937/1712/1712 936/1676/1676 994/497/497
f 936/1676/1676 935/768/768 994/497/497
f 1122/1713/1713 1013/1543/1543 1012/1542/1542 1123/1714/1714
f 995/769/769 935/768/768 996/1715/1715
f 1458/1593/1593 1503/1592/1592 1504/1716/1716 1459/448/448 1443/1717/1717 1444/1280/1280
f 996/1715/1715 934/711/711 995/769/769
f 934/711/711 997/1545/1545 995/769/769
f 1272/1718/1718 1209/972/972 1273/1719/1719 1281/1568/1568 1284/728/728 1282/727/727 1283/731/731 1329/1360/1360 1271/1362/1362
f 796/1692/1692 1034/74/74 791/837/837 792/693/693
f 12/1155/1155 14/1720/1720 13/147/147 36/146/146
f 989/495/495 991/1579/1579 1002/496/496
f 991/1579/1579 993/1578/1578 1002/496/496
f 1002/496/496 993/1578/1578 994/497/497
f 938/998/998 992/1577/1577 990/999/999
f 938/998/998 939/1695/1695 940/947/947 928/168/168 927/167/167
f 1001/406/406 1004/405/405 989/495/495
f 1004/405/405 988/404/404 989/495/495
f 1000/1146/1146 1007/575/575 1006/407/407 1001/406/406
f 1577/824/824 1573/823/823 1571/607/607 1576/1684/1684
f 1009/1721/1721 1003/1145/1145 1010/1722/1722
f 1575/606/606 1648/1649/1649 1647/1656/1656 1584/1723/1723
f 118/343/343 1289/1724/1724 120/357/357 119/344/344
f 1009/1721/1721 1014/1725/1725 1008/1726/1726
f 1014/1725/1725 1015/1727/1727 1008/1726/1726
f 1534/1428/1428 1530/980/980 1529/1728/1728 1526/538/538
f 1385/1412/1412 1378/1411/1411 1377/1729/1729 1386/1730/1730
f 1020/410/410 1021/1731/1731 982/1703/1703
f 1020/410/410 1019/409/409 1022/1392/1392
f 1015/1727/1727 1014/1725/1725 1023/1732/1732
f 1023/1732/1732 1014/1725/1725 1013/1543/1543
f 982/1703/1703 1021/1731/1731 1020/410/410 1022/1392/1392 1178/301/301 1024/1733/1733 1025/1625/1625 800/1566/1566 981/1701/1701 1026/1734/1734
f 1193/1735/1735 123/362/362 1291/1252/1252 1276/1736/1736 1278/1244/1244 1279/1246/1246 1277/1565/1565 1275/1737/1737
f 1026/1734/1734 981/1701/1701 982/1703/1703
f 290/684/684 286/457/457 256/655/655 287/681/681 289/683/683
f 931/295/295 924/300/300 930/713/713 935/768/768
f 1691/113/113 1690/1710/1710 1686/1738/1738 1245/440/440 1254/1166/1166 1687/1165/1165 1688/1739/1739
f 884/1608/1608 887/1160/1160 1027/1388/1388 886/1391/1391 802/1575/1575
f 655/1439/1439 660/1423/1423 653/1342/1342 654/1343/1343
f 892/1159/1159 980/1740/1740 1028/1389/1389
f 1910/1317/1317 1886/1210/1210 1909/1209/1209 1908/1741/1741 1907/1318/1318
f 1030/33/33 1031/305/305 797/308/308
f 1246/1167/1167 1243/1335/1335 1249/1742/1742 1248/1743/1743 1247/1164/1164
f 471/1014/1014 443/944/944 442/943/943 476/1024/1024 478/1028/1028 481/1006/1006 475/1005/1005
f 1033/75/75 1034/74/74 796/1692/1692
f 1108/1744/1744 1107/1745/1745 1101/1746/1746 1109/1747/1747
f 1192/1748/1748 1194/509/509 1191/862/862 124/363/363
f 1036/1523/1523 1037/502/502 790/726/726
f 1171/77/77 1173/1507/1507 1185/1749/1749 1189/1652/1652 1184/1651/1651 1183/1051/1051 1182/269/269
f 1037/502/502 1036/1523/1523 1038/503/503
f 1081/1447/1447 1167/471/471 1166/470/470 1084/1585/1585
f 1103/1750/1750 1089/1751/1751 1090/1153/1153 1102/1152/1152
f 409/908/908 404/905/905 402/903/903 408/907/907
f 1043/720/720 783/833/833 781/722/722 785/721/721
f 1755/1454/1454 1760/1457/1457 1756/1752/1752 1754/1601/1601
f 1023/1732/1732 1050/1753/1753 1015/1727/1727
f 1050/1753/1753 1051/1626/1626 1015/1727/1727
f 1015/1727/1727 1051/1626/1626 1016/574/574
f 177/13/13 190/12/12 179/489/489 178/488/488
f 1040/836/836 1054/1754/1754 1077/26/26 1053/222/222 1041/221/221 1038/503/503 1036/1523/1523 791/837/837
f 111/79/79 129/375/375 614/1111/1111 627/1292/1292 134/552/552 133/391/391 131/381/381 130/380/380 109/382/382 110/1755/1755 27/116/116 26/115/115 24/99/99 23/98/98 6/80/80
f 1040/836/836 1039/835/835 1054/1754/1754
f 1396/1046/1046 1394/1050/1050 1392/1659/1659 1375/1756/1756 1369/1757/1757 1370/1758/1758 1374/581/581
f 585/1418/1418 205/1087/1087 206/936/936 207/935/935 208/540/540 186/542/542 184/1759/1759 185/561/561 202/433/433 203/432/432 204/1450/1450 198/517/517
f 1570/608/608 1571/607/607 1573/823/823 1568/609/609
f 862/1437/1437 808/1643/1643 806/1642/1642 825/1641/1641 828/1623/1623 847/1312/1312 827/1478/1478 826/1477/1477 813/460/460 809/462/462 810/1760/1760 811/1345/1345 861/1344/1344
f 1045/787/787 1860/786/786 1859/1761/1761 1044/830/830
f 447/250/250 446/949/949 469/1003/1003 465/976/976
f 1062/914/914 1063/1762/1762 1061/915/915
f 1061/915/915 1063/1762/1762 1064/1763/1763
f 1064/1763/1763 1065/1764/1764 1066/1765/1765
f 1067/1766/1766 1065/1764/1764 1068/1767/1767
f 1063/1762/1762 1062/914/914 1069/1768/1768
f 1064/1763/1763 1066/1765/1765 1061/915/915
f 1068/1767/1767 1070/1769/1769 1067/1766/1766
f 1839/1770/1770 1840/1771/1771 1838/1772/1772 1820/418/418
f 815/1576/1576 824/1773/1773 814/634/634 744/633/633
f 1071/1774/1774 1062/914/914 1072/544/544
f 1062/914/914 1071/1774/1774 1069/1768/1768
f 1074/1775/1775 1072/544/544 1075/1776/1776
f 1721/781/781 1762/780/780 1723/1383/1383 1671/1777/1777 1722/1778/1778
f 733/773/773 1367/1678/1678 735/118/118 734/121/121 722/120/120 723/866/866
f 936/1676/1676 937/1712/1712 938/998/998 932/296/296 931/295/295
f 1054/1754/1754 1039/835/835 1078/841/841 1079/23/23 1077/26/26
f 588/1105/1105 590/351/351 589/1228/1228 599/1106/1106
f 1361/1482/1482 1360/1035/1035 1446/1779/1779 1445/1281/1281 1444/1280/1280
f 1115/1780/1780 1116/1781/1781 1118/1782/1782 1114/387/387
f 1086/1783/1783 1087/1784/1784 1083/1785/1785
f 1524/1054/1054 1525/536/536 1517/1786/1786 1518/1787/1787
f 1070/1769/1769 1069/1768/1768 1071/1774/1774 1072/544/544 1074/1775/1775 1075/1776/1776 1083/1785/1785 1087/1784/1784 1086/1783/1783 1088/1788/1788 1089/1751/1751 1073/1534/1534 461/971/971 2014/1675/1675 1066/1765/1765 1065/1764/1764 1067/1766/1766
f 1089/1751/1751 1088/1788/1788 1090/1153/1153
f 1092/1789/1789 1093/1151/1151 1091/1154/1154
f 1093/1151/1151 1092/1789/1789 1094/1790/1790
f 1092/1789/1789 1085/1584/1584 1095/1791/1791
f 1095/1791/1791 1085/1584/1584 1096/1792/1792
f 1085/1584/1584 1097/1583/1583 1096/1792/1792
f 1690/1710/1710 1683/1709/1709 1686/1738/1738
f 1096/1792/1792 1098/1793/1793 1095/1791/1791
f 1098/1793/1793 1099/1794/1794 1095/1791/1791
f 1099/1794/1794 1100/1795/1795 1095/1791/1791
f 1100/1795/1795 1101/1746/1746 1094/1790/1790
f 1094/1790/1790 1101/1746/1746 1093/1151/1151
f 1101/1746/1746 1102/1152/1152 1093/1151/1151
f 1103/1750/1750 1104/1535/1535 1089/1751/1751
f 1089/1751/1751 1104/1535/1535 1073/1534/1534
f 982/1703/1703 979/1702/1702 981/1701/1701 800/1566/1566 750/1531/1531 702/1421/1421 703/646/646 749/1481/1481 801/1390/1390 1028/1389/1389 980/1740/1740 977/1461/1461 978/1460/1460 987/1704/1704 988/404/404 1020/410/410
f 1909/1209/1209 1887/1208/1208 1890/1796/1796
f 1102/1152/1152 1101/1746/1746 1107/1745/1745 1106/385/385 1105/384/384 1104/1535/1535 1103/1750/1750
f 1107/1745/1745 1108/1744/1744 1109/1747/1747 1111/386/386 1106/385/385
f 1125/1183/1183 1050/1753/1753 1023/1732/1732 1124/1797/1797
f 1101/1746/1746 1110/1798/1798 1109/1747/1747
f 1110/1798/1798 1111/386/386 1109/1747/1747
f 1111/386/386 1110/1798/1798 1114/387/387
f 1115/1780/1780 1101/1746/1746 1116/1781/1781
f 1085/1584/1584 1092/1789/1789 1086/1783/1783 1083/1785/1785 1075/1776/1776 1072/544/544 1077/26/26 1076/25/25 1082/1448/1448
f 1118/1782/1782 1116/1781/1781 1119/1799/1799
f 1116/1781/1781 1117/1800/1800 1119/1799/1799
f 1121/1801/1801 1122/1713/1713 1123/1714/1714
f 1122/1713/1713 1124/1797/1797 1013/1543/1543
f 1013/1543/1543 1124/1797/1797 1023/1732/1732
f 1125/1183/1183 1126/1187/1187 1050/1753/1753
f 1050/1753/1753 1126/1187/1187 1051/1626/1626
f 1126/1187/1187 1127/1802/1802 1051/1626/1626
f 1127/1802/1802 1128/230/230 1051/1626/1626
f 1016/574/574 1129/1149/1149 1017/1148/1148
f 1122/1713/1713 1120/1803/1803 1124/1797/1797
f 267/665/665 270/668/668 269/667/667 268/666/666
f 649/1804/1804 637/1305/1305 636/1805/1805 628/152/152 635/151/151
f 626/1291/1291 631/1382/1382 634/155/155 630/154/154 629/153/153
f 1135/294/294 1134/285/285 1136/284/284
f 1794/923/923 1804/922/922 1803/89/89 1795/92/92
f 1139/161/161 1142/811/811 1137/761/761 1138/760/760 1140/232/232
f 1523/1257/1257 1524/1054/1054 1518/1787/1787 1519/1806/1806
f 1140/232/232 1138/760/760 1132/229/229
f 776/1807/1807 794/1560/1560 752/1559/1559 793/694/694 792/693/693 791/837/837 778/1522/1522 775/1521/1521 764/622/622 762/1808/1808
f 118/343/343 1292/1475/1475 1287/1809/1809 1279/1246/1246 1290/1245/1245 121/1810/1810 120/357/357 1289/1724/1724
f 1148/160/160 1149/1552/1552 1143/812/812 1142/811/811 1139/161/161
f 228/1089/1089 213/547/547 237/277/277 236/276/276
f 246/804/804 247/1043/1043 302/805/805
f 90/1332/1332 91/267/267 89/266/266 70/214/214
f 1146/231/231 1147/157/157 1140/232/232
f 1140/232/232 1147/157/157 1139/161/161
f 636/1805/1805 148/553/553 134/552/552 627/1292/1292 626/1291/1291 629/153/153 628/152/152
f 1414/792/792 1416/791/791 1415/1811/1811 1410/1812/1812
f 1128/230/230 1127/1802/1802 1146/231/231
f 1146/231/231 1127/1802/1802 1150/1186/1186
f 1127/1802/1802 1126/1187/1187 1150/1186/1186
f 1151/1185/1185 1152/1471/1471 1150/1186/1186
f 1150/1186/1186 1152/1471/1471 1146/231/231
f 252/651/651 254/653/653 253/652/652 229/568/568
f 1557/482/482 1558/481/481 1552/67/67 1554/1129/1129
f 1153/158/158 1152/1471/1471 1155/1580/1580
f 1155/1580/1580 1152/1471/1471 1156/1581/1581
f 1152/1471/1471 1157/1470/1470 1156/1581/1581
f 1156/1581/1581 1157/1470/1470 1158/1582/1582
f 1158/1582/1582 1157/1470/1470 1159/1469/1469
f 1502/449/449 1504/1716/1716 1520/101/101 1505/100/100 1501/450/450
f 444/945/945 443/944/944 471/1014/1014 470/1012/1012
f 1162/1358/1358 1124/1797/1797 1163/1813/1813
f 1124/1797/1797 1120/1803/1803 1163/1813/1813
f 1117/1800/1800 1165/1472/1472 1164/1814/1814
f 1164/1814/1814 1165/1472/1472 1161/1359/1359
f 1162/1358/1358 1125/1183/1183 1124/1797/1797
f 1117/1800/1800 1099/1794/1794 1165/1472/1472
f 1099/1794/1794 1098/1793/1793 1165/1472/1472
f 1165/1472/1472 1097/1583/1583 1159/1469/1469
f 1159/1469/1469 1097/1583/1583 1158/1582/1582
f 1428/94/94 1474/93/93 1476/463/463 1434/966/966
f 1580/1464/1464 1578/371/371 1577/824/824 1581/1465/1465
f 1081/1447/1447 1080/24/24 1167/471/471
f 1080/24/24 1079/23/23 1168/1554/1554
f 1079/23/23 1078/841/841 1149/1552/1552
f 420/436/436 423/931/931 422/249/249 421/252/252
f 1149/1552/1552 1078/841/841 1145/271/271
f 841/1616/1616 843/1618/1618 842/1620/1620 836/1613/1613 837/361/361
f 1170/268/268 1039/835/835 1171/77/77
f 1039/835/835 1035/834/834 1171/77/77
f 1035/834/834 1034/74/74 1171/77/77
f 1274/1569/1569 1281/1568/1568 1273/1719/1719 1209/972/972 1207/510/510
f 1176/1624/1624 1177/1815/1815 1175/31/31
f 1175/31/31 1177/1815/1815 1174/32/32
f 1025/1625/1625 1024/1733/1733 1178/301/301
f 1418/788/788 1429/95/95 1428/94/94 1427/968/968
f 1831/416/416 1829/1816/1816 1819/1044/1044 1821/417/417
f 391/1118/1118 513/1117/1117 512/1068/1068 392/878/878 383/864/864 384/1817/1817
f 675/1386/1386 672/1385/1385 678/1818/1818 677/44/44 676/43/43
f 1170/268/268 1171/77/77 1182/269/269
f 849/1138/1138 853/1310/1310 846/1139/1139
f 1172/76/76 1173/1507/1507 1171/77/77
f 1952/150/150 1945/149/149 1944/1218/1218 1946/1286/1286
f 933/712/712 934/711/711 996/1715/1715 935/768/768
f 1455/1655/1655 1446/1779/1779 1360/1035/1035 1359/1034/1034 1448/1819/1819 1449/1820/1820 1447/1821/1821 1454/69/69 1551/68/68
f 386/869/869 388/875/875 385/877/877 324/755/755
f 1176/1624/1624 1178/301/301 1186/304/304
f 1180/814/814 1188/1822/1822 1187/303/303 1179/302/302 1141/1823/1823 1142/811/811
f 1188/1822/1822 1180/814/814 1189/1652/1652
f 1176/1624/1624 1186/304/304 1187/303/303 1188/1822/1822 1189/1652/1652 1185/1749/1749 1177/1815/1815
f 357/819/819 358/821/821 350/817/817 356/816/816
f 124/363/363 123/362/362 1192/1748/1748
f 123/362/362 1193/1735/1735 1192/1748/1748
f 987/1704/1704 978/1460/1460 986/1603/1603
f 1191/862/862 1195/861/861 1190/1355/1355
f 61/197/197 63/203/203 62/1824/1824 60/198/198
f 1807/1825/1825 1708/1826/1826 1808/1827/1827 1841/1828/1828 1809/1045/1045
f 1153/158/158 1147/157/157 1146/231/231 1152/1471/1471
f 680/1015/1015 681/1417/1417 678/1818/1818 672/1385/1385 679/1016/1016
f 633/156/156 634/155/155 631/1382/1382 632/959/959 624/958/958
f 361/827/827 357/819/819 356/816/816 355/818/818
f 1168/1554/1554 1169/1553/1553 1167/471/471 1080/24/24
f 1286/1563/1563 1277/1565/1565 1279/1246/1246 1287/1809/1809
f 1610/19/19 1616/22/22 1612/1829/1829 1611/1830/1830 1605/1234/1234 1607/1233/1233
f 530/1122/1122 1899/1831/1831 1898/1832/1832 1896/1833/1833
f 637/1305/1305 649/1804/1804 635/151/151 633/156/156 646/83/83 647/82/82 648/1325/1325 638/1306/1306
f 1686/1738/1738 1683/1709/1709 1200/1708/1708 1199/1357/1357 657/1356/1356 1190/1355/1355 1195/861/861 1204/1348/1348 1196/1351/1351 1203/1350/1350 1211/1639/1639 1212/236/236 1202/1073/1073 1684/1834/1834 1685/1835/1835 1241/1595/1595 1244/441/441
f 531/1123/1123 1900/1587/1587 1899/1831/1831 530/1122/1122
f 1205/860/860 1194/509/509 1206/511/511
f 1194/509/509 1192/1748/1748 1193/1735/1735 1275/1737/1737 1277/1565/1565 1274/1569/1569 1207/510/510
f 741/916/916 742/632/632 743/46/46 746/51/51
f 1145/271/271 1144/270/270 1143/812/812 1149/1552/1552
f 1539/578/578 1540/577/577 1535/1836/1836 1534/1428/1428
f 378/395/395 376/394/394 377/853/853 373/856/856
f 1208/973/973 1217/1837/1837 1219/1638/1638 1216/1637/1637 1210/1349/1349 1204/1348/1348
f 1910/1317/1317 1885/617/617 1877/1211/1211 1886/1210/1210
f 1793/1838/1838 1713/34/34 1711/37/37 1710/36/36 1704/35/35 1702/326/326 1700/325/325 1703/1839/1839 1709/1840/1840 1712/1629/1629 1811/921/921 1805/920/920
f 99/1414/1414 139/419/419 83/258/258 98/287/287
f 831/1610/1610 835/28/28 830/1611/1611 823/1841/1841
f 612/1107/1107 603/962/962 616/961/961 625/960/960 615/1109/1109
f 2003/733/733 1628/400/400 1627/740/740 2002/734/734
f 1925/1367/1367 544/1135/1135 545/1248/1248 1924/586/586
f 1224/1377/1377 1221/239/239 1227/1268/1268
f 1230/1842/1842 1231/1843/1843 1220/1844/1844 1215/1845/1845 1211/1639/1639 1219/1638/1638 1229/1846/1846
f 1230/1842/1842 1232/135/135 1231/1843/1843
f 1232/135/135 1233/1333/1333 1231/1843/1843
f 1233/1333/1333 1234/1336/1336 1231/1843/1843
f 1231/1843/1843 1234/1336/1336 1228/1267/1267
f 1234/1336/1336 1235/1527/1527 1228/1267/1267
f 1235/1527/1527 1237/1526/1526 1236/1847/1847
f 1237/1526/1526 1238/439/439 1236/1847/1847
f 1239/442/442 1240/1594/1594 1225/1071/1071
f 1225/1071/1071 1240/1594/1594 1226/1072/1072
f 1017/1148/1148 1018/293/293 1005/408/408 1016/574/574
f 1266/779/779 1350/778/778 1351/1848/1848 1354/1849/1849 1352/1346/1346
f 127/1567/1567 112/364/364 113/340/340 126/1850/1850 125/1354/1354
f 1242/1525/1525 1234/1336/1336 1243/1335/1335
f 1240/1594/1594 1239/442/442 1244/441/441
f 1032/306/306 1033/75/75 796/1692/1692 798/307/307
f 1245/440/440 1242/1525/1525 1246/1167/1167
f 1242/1525/1525 1243/1335/1335 1246/1167/1167
f 1228/1267/1267 1235/1527/1527 1236/1847/1847 1238/439/439 1227/1268/1268
f 1250/566/566 1251/1334/1334 1252/563/563
f 1479/1851/1851 1487/1852/1852 1482/631/631 1481/630/630
f 1253/134/134 1233/1333/1333 1232/135/135
f 1245/440/440 1246/1167/1167 1254/1166/1166
f 121/1810/1810 1290/1245/1245 1276/1736/1736 1291/1252/1252 122/358/358 120/357/357
f 755/1853/1853 758/1518/1518 757/262/262 756/261/261
f 1248/1743/1743 1257/1/1 1247/1164/1164
f 1247/1164/1164 1257/1/1 1258/1854/1854
f 1258/1854/1854 1257/1/1 1259/4/4
f 1764/1855/1855 1765/1338/1338 1724/1646/1646 1692/1856/1856
f 1261/520/520 1262/519/519 1263/1857/1857
f 1262/519/519 1264/1858/1858 1263/1857/1857
f 1263/1857/1857 1264/1858/1858 1265/1347/1347
f 1265/1347/1347 1264/1858/1858 1266/779/779
f 1266/779/779 1264/1858/1858 1267/564/564
f 1988/1170/1170 1993/801/801 1990/844/844 1985/1474/1474
f 1267/564/564 1252/563/563 1268/137/137
f 1252/563/563 1253/134/134 1268/137/137
f 1269/136/136 1232/135/135 1270/1859/1859
f 340/1706/1706 367/843/843 341/776/776 339/775/775
f 769/1517/1517 774/1137/1137 782/832/832 771/264/264 770/263/263
f 1277/1565/1565 1280/1564/1564 1274/1569/1569
f 1285/729/729 1280/1564/1564 1286/1563/1563
f 1286/1563/1563 1287/1809/1809 1288/1860/1860
f 330/766/766 329/765/765 324/755/755 385/877/877 384/1817/1817 383/864/864
f 952/1432/1432 967/1668/1668 955/643/643 953/1686/1686 896/1861/1861 877/1172/1172 876/1171/1171 897/1311/1311
f 2005/401/401 2004/913/913 1977/1021/1021 1625/402/402
f 1822/1862/1862 1818/1863/1863 1819/1044/1044 1829/1816/1816 1828/1864/1864 1827/1865/1865
f 1278/1244/1244 1276/1736/1736 1290/1245/1245
f 523/1617/1617 522/206/206 515/205/205 521/1086/1086 526/1085/1085 527/1121/1121 528/1866/1866
f 6/80/80 7/17/17 1/16/16 3/81/81
f 68/213/213 31/124/124 32/133/133 70/214/214
f 644/84/84 646/83/83 159/446/446 157/444/444 160/1324/1324
f 1779/1867/1867 1790/1868/1868 1789/1869/1869 1780/924/924
f 1294/1870/1870 54/138/138 1295/1871/1871
f 1295/1871/1871 54/138/138 1296/141/141
f 823/1841/1841 830/1611/1611 829/1612/1612 824/1773/1773 815/1576/1576
f 1297/140/140 53/139/139 1298/336/336
f 53/139/139 57/191/191 1298/336/336
f 57/191/191 56/190/190 1298/336/336
f 1298/336/336 56/190/190 1299/1076/1076
f 56/190/190 58/194/194 1299/1076/1076
f 1643/1872/1872 1652/1230/1230 1641/1499/1499 1615/1873/1873
f 58/194/194 71/215/215 1300/1074/1074
f 137/1308/1308 138/1415/1415 99/1414/1414 136/1468/1468
f 71/215/215 60/198/198 1301/389/389
f 1572/604/604 1569/614/614 1669/613/613 1668/1874/1874 1667/1875/1875
f 1301/389/389 60/198/198 1304/39/39
f 1304/39/39 60/198/198 1305/40/40
f 60/198/198 1306/1876/1876 1305/40/40
f 1306/1876/1876 62/1824/1824 1307/1877/1877
f 62/1824/1824 63/203/203 1307/1877/1877
f 1307/1877/1877 63/203/203 1308/1878/1878
f 1308/1878/1878 1309/1879/1879 1307/1877/1877
f 1120/1803/1803 1122/1713/1713 1121/1801/1801 1119/1799/1799
f 62/1824/1824 1306/1876/1876 60/198/198
f 1310/41/41 1312/1276/1276 1313/1275/1275
f 1535/1836/1836 1589/1880/1880 1532/1881/1881 1531/977/977
f 1302/1075/1075 1317/1273/1273 1299/1076/1076
f 1317/1273/1273 1318/1278/1278 1299/1076/1076
f 1318/1278/1278 1319/334/334 1299/1076/1076
f 1299/1076/1076 1319/334/334 1298/336/336
f 1749/1340/1340 1782/107/107 1748/1452/1452 1746/1451/1451
f 1295/1871/1871 1322/1882/1882 1294/1870/1870
f 1322/1882/1882 1323/1883/1883 1294/1870/1870
f 1310/41/41 1313/1275/1275 1311/38/38
f 1313/1275/1275 1315/390/390 1311/38/38
f 381/863/863 382/1065/1065 380/859/859 331/767/767
f 1323/1883/1883 1322/1882/1882 1288/1860/1860
f 697/1416/1416 701/1420/1420 751/1530/1530 752/1559/1559 753/1558/1558 763/1884/1884 761/1885/1885 760/621/621 754/1886/1886 759/1887/1887 758/1518/1518 755/1853/1853 756/261/261 1854/1010/1010 694/1199/1199 695/217/217 696/216/216 666/220/220
f 1613/1330/1330 1614/1888/1888 1611/1830/1830 1612/1829/1829 1623/738/738 1624/403/403
f 1286/1563/1563 1326/1631/1631 1285/729/729
f 1327/1632/1632 1328/730/730 1285/729/729
f 147/427/427 150/428/428 149/430/430 146/426/426
f 1271/1362/1362 1330/1361/1361 1270/1859/1859
f 1328/730/730 1327/1632/1632 1333/752/752
f 1334/749/749 1326/1631/1631 1335/1889/1889
f 1508/1445/1445 1496/1634/1634 1495/1223/1223 1490/1222/1222 1489/466/466 1499/465/465 1507/1446/1446
f 1564/369/369 1562/368/368 1561/1195/1195 1566/1890/1890 1556/1891/1891 1567/1892/1892 1565/370/370
f 1688/1739/1739 1258/1854/1854 1259/4/4 1835/1893/1893 1833/1894/1894 1836/1895/1895 1849/1896/1896
f 1319/334/334 1318/1278/1278 1338/1293/1293
f 1338/1293/1293 1318/1278/1278 1339/1277/1277
f 312/763/763 313/741/741 279/674/674 278/347/347 280/346/346 311/737/737
f 1230/1842/1842 1271/1362/1362 1270/1859/1859 1232/135/135
f 1342/1294/1294 1343/1537/1537 1337/1295/1295
f 698/1422/1422 705/644/644 704/647/647 699/1897/1897
f 502/1059/1059 501/1056/1056 508/601/601 504/838/838
f 1331/750/750 1346/1898/1898 1330/1361/1361
f 1346/1898/1898 1347/1899/1899 1330/1361/1361
f 762/1808/1808 764/622/622 760/621/621 761/1885/1885 763/1884/1884 753/1558/1558 794/1560/1560 776/1807/1807
f 1270/1859/1859 1348/329/329 1269/136/136
f 1268/137/137 1349/328/328 1267/564/564
f 89/266/266 91/267/267 88/260/260 69/212/212
f 1554/1129/1129 1553/1130/1130 1453/66/66 1449/1820/1820 1451/1900/1900 1450/1901/1901 1452/994/994 1674/993/993 1673/611/611 1555/610/610 1556/1891/1891
f 480/889/889 477/1023/1023 442/943/943 440/941/941 441/942/942 439/940/940 438/939/939 431/320/320 437/880/880
f 662/1112/1112 129/375/375 650/321/321 651/324/324
f 923/1282/1282 917/299/299 918/1670/1670 919/1462/1462
f 1623/738/738 1612/1829/1829 1616/22/22 1622/739/739
f 338/815/815 369/848/848 368/1707/1707 340/1706/1706 339/775/775 337/1532/1532
f 2016/1027/1027 2017/1902/1902 2012/1903/1903 2010/1904/1904
f 1345/1905/1905 1331/750/750 1334/749/749 1335/1889/1889
f 538/1132/1132 539/1133/1133 542/515/515 540/1134/1134
f 1794/923/923 1790/1868/1868 1792/1906/1906 1713/34/34 1793/1838/1838 1805/920/920
f 1366/624/624 1367/1678/1678 733/773/773
f 1825/1907/1907 1971/1908/1908 1824/1697/1697 1817/1700/1700 1823/1909/1909
f 1173/1507/1507 1032/306/306 1174/32/32 1177/1815/1815 1185/1749/1749
f 737/1113/1113 1368/1705/1705 1369/1757/1757
f 1369/1757/1757 1368/1705/1705 1370/1758/1758
f 1370/1758/1758 1367/1678/1678 1371/1677/1677
f 1373/582/582 1374/581/581 1371/1677/1677
f 1371/1677/1677 1374/581/581 1370/1758/1758
f 1375/1756/1756 1376/1910/1910 1369/1757/1757
f 1369/1757/1757 1376/1910/1910 737/1113/1113
f 1679/1911/1911 1677/1912/1912 1676/1913/1913 1357/1914/1914 1358/1915/1915 659/1438/1438 655/1439/1439 654/1343/1343 127/1567/1567 1197/1916/1916 658/1917/1917 1678/57/57 1681/56/56 1680/1571/1571
f 1707/1918/1918 1705/1919/1919 1703/1839/1839 1700/325/325 1706/65/65 1846/63/63
f 1376/1910/1910 1379/1920/1920 1377/1729/1729
f 184/1759/1759 182/492/492 181/491/491 188/518/518 199/431/431 183/562/562 185/561/561
f 1430/825/825 1469/592/592 1414/792/792
f 2008/1921/1921 458/969/969 462/1494/1494 2007/1493/1493
f 1376/1910/1910 1375/1756/1756 1379/1920/1920
f 1375/1756/1756 1380/1658/1658 1379/1920/1920
f 1380/1658/1658 1381/1922/1922 1379/1920/1920
f 1205/860/860 1208/973/973 1204/1348/1348 1195/861/861
f 692/1407/1407 667/219/219 693/218/218 695/217/217 694/1199/1199 691/1198/1198 668/1406/1406
f 556/175/175 557/1923/1923 550/1039/1039 551/176/176
f 189/11/11 198/517/517 188/518/518 181/491/491
f 1381/1922/1922 1384/1546/1546 1383/1924/1924
f 779/725/725 787/724/724 773/723/723 781/722/722 774/1137/1137 769/1517/1517 772/1516/1516 780/1515/1515 777/1524/1524 790/726/726
f 716/1190/1190 711/867/867 722/120/120 721/1115/1115
f 969/1673/1673 945/639/639 943/1239/1239 946/1243/1243 947/1242/1242 948/1427/1427
f 1384/1546/1546 1388/1549/1549 1387/1925/1925 1383/1924/1924
f 1389/1548/1548 1390/1547/1547 1391/1657/1657
f 1390/1547/1547 1381/1922/1922 1391/1657/1657
f 1381/1922/1922 1380/1658/1658 1391/1657/1657
f 1380/1658/1658 1375/1756/1756 1392/1659/1659
f 1388/1549/1549 1389/1548/1548 1393/1660/1660
f 1393/1660/1660 1394/1050/1050 1395/1049/1049
f 304/1041/1041 549/42/42 548/1143/1143 305/1042/1042
f 1390/1547/1547 1384/1546/1546 1381/1922/1922
f 823/1841/1841 815/1576/1576 745/919/919 816/918/918 822/981/981 832/29/29 831/1610/1610
f 942/1679/1679 971/1693/1693 976/521/521 962/1240/1240 943/1239/1239 915/1150/1150
f 1061/915/915 1066/1765/1765 1060/397/397 1058/396/396 1057/499/499
f 1588/533/533 1587/532/532 1586/580/580 1541/579/579
f 306/1142/1142 547/45/45 307/1393/1393 309/1247/1247 308/762/762
f 1405/1926/1926 1402/584/584 1406/1236/1236
f 1408/333/333 1409/332/332 1410/1812/1812
f 1402/584/584 1400/583/583 1407/330/330
f 1407/330/330 1400/583/583 1411/331/331
f 1678/57/57 658/1917/1917 1197/1916/1916 127/1567/1567 125/1354/1354 656/1353/1353 1198/1352/1352 1199/1357/1357 1200/1708/1708 1201/58/58
f 1415/1811/1811 1416/791/791 1417/789/789
f 910/298/298 916/297/297 915/1150/1150 913/1298/1298
f 1373/582/582 1371/1677/1677 1372/623/623 1399/626/626 1411/331/331 1400/583/583
f 1420/1927/1927 1422/1590/1590 1423/1928/1928
f 1423/1928/1928 1422/1590/1590 1424/1589/1589
f 1424/1589/1589 1425/1588/1588 1426/1929/1929
f 1430/825/825 1413/1431/1431 1431/826/826
f 1251/1334/1334 1233/1333/1333 1253/134/134 1252/563/563
f 1412/1430/1430 1399/626/626 1432/625/625
f 1432/625/625 1366/624/624 1433/1453/1453
f 604/1103/1103 607/1102/1102 605/1192/1192 600/1104/1104
f 467/1002/1002 1854/1010/1010 463/974/974
f 1433/1453/1453 1435/593/593 1432/625/625
f 1432/625/625 1435/593/593 1431/826/826
f 1437/573/573 1363/572/572 1438/794/794
f 1700/325/325 1681/56/56 1699/55/55 1706/65/65
f 810/1760/1760 809/462/462 812/461/461 811/1345/1345
f 1362/1930/1930 1361/1482/1482 1440/1931/1931
f 1025/1625/1625 1029/30/30 799/702/702 800/1566/1566
f 1439/1500/1500 1442/1372/1372 1438/794/794
f 1084/1585/1585 1085/1584/1584 1082/1448/1448 1081/1447/1447
f 251/650/650 221/558/558 223/560/560 249/649/649 250/707/707
f 1443/1717/1717 1440/1931/1931 1444/1280/1280
f 1440/1931/1931 1361/1482/1482 1444/1280/1280
f 610/1251/1251 609/1250/1250 608/1249/1249 606/246/246 583/245/245
f 851/1661/1661 853/1310/1310 849/1138/1138 848/1141/1141 850/1932/1932 852/1662/1662
f 1449/1820/1820 1450/1901/1901 1451/1900/1900
f 1453/66/66 1454/69/69 1449/1820/1820
f 1449/1820/1820 1454/69/69 1447/1821/1821
f 438/939/939 440/941/941 432/317/317 431/320/320
f 1457/1179/1179 1458/1593/1593 1444/1280/1280
f 1357/1914/1914 1461/995/995 1448/1819/1819 1359/1034/1034 706/1036/1036 659/1438/1438 1358/1915/1915
f 887/1160/1160 892/1159/1159 1028/1389/1389 1027/1388/1388
f 1442/1372/1372 1466/795/795 1438/794/794
f 1438/794/794 1467/569/569 1437/573/573
f 1362/1930/1930 1441/1373/1373 1442/1372/1372 1439/1500/1500 729/1484/1484 728/1483/1483 1361/1482/1482
f 1009/1721/1721 1010/1722/1722 998/1933/1933 1011/1544/1544 1013/1543/1543 1014/1725/1725
f 1421/967/967 1420/1927/1927 1417/789/789 1418/788/788 1427/968/968
f 1069/1768/1768 1070/1769/1769 1068/1767/1767 1063/1762/1762
f 1472/96/96 1429/95/95 1471/796/796 1465/1375/1375 1464/1374/1374
f 1589/1880/1880 1590/1934/1934 1591/1935/1935 1533/1936/1936 1493/978/978 1532/1881/1881
f 1413/1431/1431 1410/1812/1812 1409/332/332 1411/331/331
f 891/523/523 888/1161/1161 889/1653/1653 890/524/524
f 1434/966/966 1476/463/463 1425/1588/1588
f 1425/1588/1588 1476/463/463 1426/1929/1929
f 1477/1937/1937 1479/1851/1851 1478/1938/1938 1486/1939/1939 1426/1929/1929 1476/463/463
f 1874/599/599 1872/1204/1204 1871/1203/1203 1873/600/600
f 1478/1938/1938 1479/1851/1851 1480/1940/1940
f 1480/1940/1940 1479/1851/1851 1481/630/630
f 1117/1800/1800 1164/1814/1814 1120/1803/1803 1119/1799/1799
f 1486/1939/1939 1478/1938/1938 1480/1940/1940
f 1484/627/627 1482/631/631 1487/1852/1852
f 1487/1852/1852 1479/1851/1851 1488/1941/1941
f 1479/1851/1851 1477/1937/1937 1488/1941/1941
f 1477/1937/1937 1476/463/463 1488/1941/1941
f 668/1406/1406 669/1381/1381 664/1380/1380 663/1093/1093 662/1112/1112 665/1376/1376
f 489/1188/1188 491/883/883 494/1690/1690 487/887/887
f 1490/1222/1222 1491/1221/1221 1484/627/627
f 1485/628/628 1492/979/979 1493/978/978
f 53/139/139 52/192/192 39/162/162 51/184/184 57/191/191
f 1498/1219/1219 1492/979/979 1494/1220/1220
f 107/1942/1942 109/382/382 131/381/381 132/1943/1943 108/1944/1944
f 1489/466/466 1487/1852/1852 1488/1941/1941 1476/463/463
f 1505/100/100 1500/1169/1169 1499/465/465 1475/464/464 1501/450/450
f 699/1897/1897 704/647/647 703/646/646 700/1419/1419
f 901/1665/1665 903/636/636 902/635/635 899/1433/1433
f 1293/1157/1157 1288/1860/1860 1287/1809/1809 1292/1475/1475
f 1980/1945/1945 1801/1681/1681 1802/91/91 1815/1946/1946
f 242/937/937 568/1182/1182 243/280/280 241/279/279
f 1377/1729/1729 738/1458/1458 737/1113/1113 1376/1910/1910
f 1506/1168/1168 1507/1446/1446 1499/465/465
f 1716/1947/1947 1717/1948/1948 1702/326/326
f 1509/1444/1444 1510/1633/1633 1508/1445/1445
f 1508/1445/1445 1510/1633/1633 1496/1634/1634
f 1894/596/596 1905/595/595 1941/1316/1316 1911/1315/1315 1912/1314/1314 1906/1313/1313 1942/1949/1949
f 1511/1443/1443 1512/103/103 1513/102/102
f 1512/103/103 1506/1168/1168 1505/100/100
f 1513/102/102 1514/1950/1950 1511/1443/1443
f 1514/1950/1950 1516/1951/1951 1515/539/539
f 1459/448/448 1504/1716/1716 1502/449/449
f 1517/1786/1786 1516/1951/1951 1518/1787/1787
f 1518/1787/1787 1516/1951/1951 1519/1806/1806
f 1791/1952/1952 1777/1953/1953 1792/1906/1906 1790/1868/1868
f 1516/1951/1951 1514/1950/1950 1513/102/102
f 1521/1591/1591 1519/1806/1806 1516/1951/1951 1513/102/102 1520/101/101 1504/1716/1716 1503/1592/1592
f 1317/1273/1273 1303/388/388 1315/390/390 1316/1954/1954 1314/1274/1274
f 824/1773/1773 828/1623/1623 825/1641/1641 814/634/634
f 1515/539/539 1526/538/538 1509/1444/1444
f 1526/538/538 1527/1225/1225 1509/1444/1444
f 1509/1444/1444 1527/1225/1225 1510/1633/1633
f 1510/1633/1633 1527/1225/1225 1497/1224/1224
f 550/1039/1039 557/1923/1923 556/175/175 561/1163/1163 558/1955/1955 559/1956/1956 674/1387/1387 676/43/43 549/42/42
f 1517/1786/1786 1525/536/536 1515/539/539 1516/1951/1951
f 1528/1226/1226 1529/1728/1728 1498/1219/1219
f 1529/1728/1728 1530/980/980 1498/1219/1219
f 1498/1219/1219 1530/980/980 1492/979/979
f 1063/1762/1762 1068/1767/1767 1065/1764/1764 1064/1763/1763
f 1531/977/977 1532/1881/1881 1493/978/978
f 1169/1553/1553 1148/160/160 1154/159/159 1167/471/471
f 1527/1225/1225 1526/538/538 1528/1226/1226
f 1528/1226/1226 1526/538/538 1529/1728/1728
f 232/1038/1038 233/1037/1037 248/709/709
f 1534/1428/1428 1535/1836/1836 1530/980/980
f 1530/980/980 1535/1836/1836 1531/977/977
f 1534/1428/1428 1526/538/538 1536/537/537
f 1448/1819/1819 1461/995/995 1452/994/994 1450/1901/1901 1449/1820/1820
f 1538/1053/1053 1537/1052/1052 1543/1957/1957 1542/1958/1958 1588/533/533 1541/579/579 1539/578/578
f 1537/1052/1052 1524/1054/1054 1543/1957/1957
f 1543/1957/1957 1524/1054/1054 1544/534/534
f 1458/1593/1593 1457/1179/1179 1548/484/484 1547/1194/1194
f 93/274/274 94/273/273 95/281/281 83/258/258
f 1589/1880/1880 1585/576/576 1645/1959/1959 1644/1960/1960
f 1549/485/485 1456/1180/1180 1550/486/486
f 1456/1180/1180 1455/1655/1655 1559/1654/1654 1558/481/481 1550/486/486
f 1556/1891/1891 1555/610/610 1568/609/609 1567/1892/1892
f 323/753/753 517/1080/1080 387/1079/1079 516/1078/1078 521/1086/1086 515/205/205 388/875/875 386/869/869
f 1556/1891/1891 1557/482/482 1554/1129/1129
f 554/1090/1090 564/1097/1097 574/1096/1096 563/1091/1091
f 1558/481/481 1559/1654/1654 1552/67/67
f 477/1023/1023 479/1025/1025 486/888/888 487/887/887 1867/1606/1606 1866/1607/1607 1865/1200/1200 485/1029/1029 478/1028/1028 476/1024/1024
f 1703/1839/1839 1705/1919/1919 1806/1627/1627 1712/1629/1629 1709/1840/1840
f 1561/1195/1195 1562/368/368 1547/1194/1194
f 641/529/529 642/1328/1328 624/958/958 623/965/965 622/530/530
f 411/899/899 412/910/910 405/909/909 410/897/897
f 1490/1222/1222 1484/627/627 1487/1852/1852 1489/466/466
f 1341/1687/1687 1356/1961/1961 1355/1962/1962 1345/1905/1905 1335/1889/1889 1336/1539/1539 1344/1538/1538
f 1556/1891/1891 1566/1890/1890 1557/482/482
f 1557/482/482 1566/1890/1890 1561/1195/1195
f 638/1306/1306 648/1325/1325 639/1322/1322
f 1726/1647/1647 1724/1646/1646 1765/1338/1338 1766/1337/1337 1761/1456/1456 1759/1455/1455 1727/1621/1621
f 345/868/868 355/818/818 352/808/808 346/798/798 347/797/797 344/1077/1077 364/842/842
f 272/670/670 273/672/672 271/669/669 270/668/668 282/676/676 280/346/346 281/675/675
f 1471/796/796 1429/95/95 1418/788/788
f 1563/367/367 1545/535/535 1546/997/997 1547/1194/1194 1562/368/368
f 374/850/850 376/394/394 366/852/852 365/851/851
f 1718/873/873 1715/1963/1963 1717/1948/1948 1775/1964/1964
f 1568/609/609 1578/371/371 1567/1892/1892
f 1567/1892/1892 1578/371/371 1565/370/370
f 1545/535/535 1563/367/367 1579/366/366 1578/371/371 1580/1464/1464 1587/532/532
f 1110/1798/1798 1101/1746/1746 1115/1780/1780 1114/387/387
f 1402/584/584 1404/1258/1258 1403/1047/1047 1401/585/585
f 1575/606/606 1584/1723/1723 1583/1691/1691
f 1584/1723/1723 1585/576/576 1583/1691/1691
f 1387/1925/1925 1386/1730/1730 1377/1729/1729 1379/1920/1920 1383/1924/1924
f 176/487/487 187/498/498 174/480/480 175/479/479
f 509/1066/1066 1889/602/602 508/601/601 501/1056/1056
f 1543/1957/1957 1588/533/533 1542/1958/1958
f 1585/576/576 1589/1880/1880 1540/577/577
f 1540/577/577 1589/1880/1880 1535/1836/1836
f 1590/1934/1934 1592/1510/1510 1591/1935/1935
f 1591/1935/1935 1592/1510/1510 1593/1512/1512
f 1594/1511/1511 1596/1965/1965 1597/1966/1966
f 1597/1966/1966 1598/1287/1287 1599/1967/1967
f 1598/1287/1287 1600/1290/1290 1599/1967/1967
f 1600/1290/1290 1601/1264/1264 1599/1967/1967
f 1599/1967/1967 1601/1264/1264 1602/1263/1263
f 1003/1145/1145 1009/1721/1721 1008/1726/1726 1015/1727/1727 1016/574/574 1007/575/575 1000/1146/1146
f 1603/1262/1262 1604/1235/1235 1605/1234/1234
f 829/1612/1612 846/1139/1139 828/1623/1623 824/1773/1773
f 1621/1968/1968 1618/1550/1550 1619/1969/1969 1620/1970/1970
f 1609/20/20 1610/19/19 1607/1233/1233
f 1593/1512/1512 1533/1936/1936 1591/1935/1935
f 1590/1934/1934 1615/1873/1873 1592/1510/1510
f 1592/1510/1510 1615/1873/1873 1595/1497/1497
f 1981/845/845 1800/1711/1711 1801/1681/1681 1980/1945/1945
f 1617/21/21 1609/20/20 1618/1550/1550
f 1609/20/20 1608/1528/1528 1618/1550/1550
f 1618/1550/1550 1608/1528/1528 1619/1969/1969
f 1608/1528/1528 1606/1232/1232 1619/1969/1969
f 1606/1232/1232 1620/1970/1970 1619/1969/1969
f 1621/1968/1968 1622/739/739 1618/1550/1550
f 817/1409/1409 818/1404/1404 816/918/918 740/917/917
f 1777/1953/1953 1778/1971/1971 1775/1964/1964 1717/1948/1948 1716/1947/1947 1702/326/326 1704/35/35 1713/34/34 1776/1972/1972
f 1624/403/403 1625/402/402 1613/1330/1330
f 1416/791/791 1419/790/790 1417/789/789
f 1627/740/740 1628/400/400 1624/403/403
f 1621/1968/1968 1620/1970/1970 1630/1973/1973
f 1630/1973/1973 1620/1970/1970 1631/1974/1974
f 1631/1974/1974 1620/1970/1970 1632/1261/1261
f 1620/1970/1970 1606/1232/1232 1632/1261/1261
f 1606/1232/1232 1604/1235/1235 1632/1261/1261
f 1601/1264/1264 1600/1290/1290 1634/892/892
f 1634/892/892 1600/1290/1290 1635/1289/1289
f 1596/1965/1965 1638/1975/1975 1637/1976/1976
f 1637/1976/1976 1638/1975/1975 1639/1977/1977
f 1638/1975/1975 1640/1496/1496 1639/1977/1977
f 1639/1977/1977 1640/1496/1496 1641/1499/1499
f 1993/801/801 1999/704/704 1994/925/925 1784/802/802
f 1641/1499/1499 1642/1498/1498 1615/1873/1873
f 1615/1873/1873 1642/1498/1498 1595/1497/1497
f 1640/1496/1496 1638/1975/1975 1595/1497/1497
f 1202/1073/1073 1226/1072/1072 1241/1595/1595 1685/1835/1835 1684/1834/1834
f 296/806/806 305/1042/1042 295/1279/1279 294/691/691
f 1590/1934/1934 1589/1880/1880 1644/1960/1960
f 1585/576/576 1584/1723/1723 1645/1959/1959
f 1645/1959/1959 1584/1723/1723 1646/145/145
f 1646/145/145 1584/1723/1723 1647/1656/1656
f 1404/1258/1258 1402/584/584 1405/1926/1926 1398/1259/1259
f 1575/606/606 1574/605/605 1648/1649/1649
f 1644/1960/1960 1645/1959/1959 1643/1872/1872
f 1645/1959/1959 1646/145/145 1643/1872/1872
f 1643/1872/1872 1646/145/145 1649/144/144
f 1323/1883/1883 1288/1860/1860 1293/1157/1157 1294/1870/1870
f 1647/1656/1656 1648/1649/1649 1651/1429/1429
f 1649/144/144 1652/1230/1230 1643/1872/1872
f 1652/1230/1230 1653/1231/1231 1641/1499/1499
f 1641/1499/1499 1653/1231/1231 1654/893/893
f 1654/893/893 1653/1231/1231 1655/894/894
f 35/128/128 33/127/127 20/129/129
f 884/1608/1608 888/1161/1161 887/1160/1160
f 135/1307/1307 638/1306/1306 639/1322/1322 640/1309/1309 137/1308/1308 136/1468/1468 100/1467/1467
f 1091/1154/1154 1090/1153/1153 1088/1788/1788 1086/1783/1783 1092/1789/1789
f 1590/1934/1934 1644/1960/1960 1643/1872/1872 1615/1873/1873
f 1651/1429/1429 1661/143/143 1650/142/142
f 1661/143/143 1659/1326/1326 1649/144/144
f 418/88/88 424/87/87 420/436/436 417/435/435
f 1715/1963/1963 1714/1570/1570 1701/327/327 1702/326/326 1717/1948/1948
f 1662/1369/1369 1660/1371/1371 1663/476/476
f 1651/1429/1429 1648/1649/1649 1664/477/477
f 1664/477/477 1648/1649/1649 1665/1648/1648
f 1862/1008/1008 1864/292/292 1863/1009/1009
f 1637/1976/1976 1639/1977/1977 1641/1499/1499 1654/893/893 1635/1289/1289 1636/1288/1288 1596/1965/1965
f 1920/1302/1302 1919/72/72 1957/71/71 1956/1636/1636
f 1676/1913/1913 1679/1911/1911 1675/992/992 1461/995/995 1357/1914/1914
f 760/621/621 765/620/620 759/1887/1887 754/1886/1886
f 1676/1913/1913 1677/1912/1912 1679/1911/1911
f 1412/1430/1430 1432/625/625 1431/826/826 1413/1431/1431
f 1522/996/996 1523/1257/1257 1519/1806/1806 1521/1591/1591
f 1381/1922/1922 1383/1924/1924 1379/1920/1920
f 1244/441/441 1245/440/440 1686/1738/1738
f 1648/1649/1649 1574/605/605 1572/604/604 1667/1875/1875 1668/1874/1874 1666/1650/1650
f 1687/1165/1165 1247/1164/1164 1688/1739/1739
f 1247/1164/1164 1258/1854/1854 1688/1739/1739
f 1672/612/612 1680/1571/1571 1671/1777/1777
f 171/473/473 172/472/472 170/469/469 169/468/468 593/1466/1466
f 855/1177/1177 875/1176/1176 874/1175/1175 856/1640/1640 857/1630/1630 826/1477/1477
f 1325/1540/1540 1336/1539/1539 1335/1889/1889 1326/1631/1631
f 1890/1796/1796 1891/1070/1070 511/1069/1069 512/1068/1068 525/1120/1120 1908/1741/1741 1909/1209/1209
f 1693/109/109 1698/108/108 1697/946/946 1696/110/110
f 1691/113/113 1688/1739/1739 1698/108/108
f 1342/1294/1294 1338/1293/1293 1339/1277/1277 1340/1688/1688 1343/1537/1537
f 1164/1814/1814 1161/1359/1359 1162/1358/1358 1163/1813/1813 1120/1803/1803
f 1803/89/89 1804/922/922 1812/1978/1978 1813/1979/1979 1814/90/90
f 390/208/208 514/207/207 391/1118/1118 384/1817/1817
f 1701/327/327 1680/1571/1571 1681/56/56
f 451/952/952 464/975/975 463/974/974 452/957/957
f 372/857/857 378/395/395 373/856/856 371/855/855
f 1543/1957/1957 1544/534/534 1588/533/533
f 456/696/696 462/1494/1494 458/969/969 455/697/697
f 646/83/83 633/156/156 624/958/958 642/1328/1328 645/1327/1327 166/455/455 159/446/446
f 1913/1597/1597 1882/1529/1529 1880/1213/1213 1878/1212/1212 1884/616/616 1883/618/618 1941/1316/1316 1940/985/985
f 1751/1980/1980 1743/1981/1981 1742/1982/1982 1752/1339/1339
f 1352/1346/1346 1354/1849/1849 1353/1983/1983 1265/1347/1347
f 463/974/974 464/975/975 465/976/976 467/1002/1002
f 21/122/122 17/132/132 18/1984/1984
f 390/208/208 384/1817/1817 385/877/877 389/876/876
f 1892/1985/1985 1908/1741/1741 525/1120/1120 523/1617/1617 528/1866/1866
f 474/289/289 483/288/288 468/1007/1007
f 980/1740/1740 892/1159/1159 891/523/523 977/1461/1461
f 1719/1064/1064 1720/1063/1063 1714/1570/1570
f 1250/566/566 1255/565/565 1249/1742/1742 1243/1335/1335 1251/1334/1334
f 1721/781/781 1722/1778/1778 1680/1571/1571
f 1680/1571/1571 1722/1778/1778 1671/1777/1777
f 1671/1777/1777 1723/1383/1383 1670/1986/1986
f 1926/1368/1368 1931/513/513 543/512/512 1925/1367/1367
f 366/852/852 362/828/828 361/827/827 365/851/851
f 427/86/86 429/318/318 428/932/932 424/87/87
f 853/1310/1310 847/1312/1312 846/1139/1139
f 1321/1296/1296 1325/1540/1540 1326/1631/1631 1286/1563/1563
f 2006/785/785 2016/1027/1027 2011/1987/1987 2007/1493/1493
f 44/202/202 61/197/197 43/166/166 42/165/165
f 68/213/213 69/212/212 66/210/210 65/209/209 1324/1988/1988 1312/1276/1276 1310/41/41 1305/40/40 1309/1879/1879 1308/1878/1878 63/203/203 64/204/204 44/202/202 42/165/165 31/124/124
f 1725/474/474 1728/1989/1989 1729/475/475
f 1728/1989/1989 1730/1562/1562 1729/475/475
f 1730/1562/1562 1732/1370/1370 1731/1561/1561
f 1731/1561/1561 1732/1370/1370 1662/1369/1369
f 1732/1370/1370 1733/1266/1266 1657/890/890
f 1657/890/890 1733/1266/1266 1656/891/891
f 1656/891/891 1733/1266/1266 1633/1265/1265
f 1632/1261/1261 1734/1260/1260 1631/1974/1974
f 1734/1260/1260 1735/1990/1990 1631/1974/1974
f 1631/1974/1974 1735/1990/1990 1630/1973/1973
f 1630/1973/1973 1735/1990/1990 1736/1991/1991
f 1736/1991/1991 1735/1990/1990 1737/1992/1992
f 1737/1992/1992 1735/1990/1990 1738/1557/1557
f 1735/1990/1990 1734/1260/1260 1738/1557/1557
f 1221/239/239 1214/238/238 1215/1845/1845 1220/1844/1844
f 1734/1260/1260 1733/1266/1266 1739/1555/1555
f 1739/1555/1555 1733/1266/1266 1740/1602/1602
f 1733/1266/1266 1732/1370/1370 1740/1602/1602
f 1663/476/476 1731/1561/1561 1662/1369/1369
f 1740/1602/1602 1741/1556/1556 1739/1555/1555
f 1741/1556/1556 1742/1982/1982 1738/1557/1557
f 1742/1982/1982 1743/1981/1981 1738/1557/1557
f 1738/1557/1557 1743/1981/1981 1737/1992/1992
f 1977/1021/1021 1982/1020/1020 1983/1473/1473 1974/1993/1993 1976/1994/1994
f 460/970/970 450/956/956 459/699/699 458/969/969
f 25/123/123 21/122/122 18/1984/1984 17/132/132 16/131/131 15/1609/1609 20/129/129 13/147/147 14/1720/1720 7/17/17 6/80/80 23/98/98 22/97/97 24/99/99 26/115/115
f 1746/1451/1451 1743/1981/1981 1749/1340/1340
f 1749/1340/1340 1743/1981/1981 1750/1341/1341
f 1743/1981/1981 1751/1980/1980 1750/1341/1341
f 1750/1341/1341 1751/1980/1980 1752/1339/1339
f 1744/1536/1536 1736/1991/1991 1737/1992/1992
f 1753/1600/1600 1755/1454/1454 1754/1601/1601
f 1754/1601/1601 1756/1752/1752 1742/1982/1982
f 1756/1752/1752 1752/1339/1339 1742/1982/1982
f 1741/1556/1556 1754/1601/1601 1742/1982/1982
f 1755/1454/1454 1753/1600/1600 1757/1995/1995
f 1753/1600/1600 1740/1602/1602 1757/1995/1995
f 1757/1995/1995 1740/1602/1602 1758/1622/1622
f 1740/1602/1602 1732/1370/1370 1758/1622/1622
f 1732/1370/1370 1730/1562/1562 1758/1622/1622
f 1730/1562/1562 1728/1989/1989 1758/1622/1622
f 1728/1989/1989 1727/1621/1621 1758/1622/1622
f 1966/1401/1401 1967/1996/1996 834/1402/1402
f 661/323/323 652/322/322 653/1342/1342 660/1423/1423 698/1422/1422 699/1897/1897 700/1419/1419 697/1416/1416
f 1755/1454/1454 1757/1995/1995 1758/1622/1622
f 1889/602/602 509/1066/1066 1890/1796/1796 1887/1208/1208 1875/1206/1206 1888/603/603
f 1097/1583/1583 1165/1472/1472 1098/1793/1793 1096/1792/1792
f 1465/1375/1375 1471/796/796 1466/795/795 1442/1372/1372
f 1760/1457/1457 1766/1337/1337 1756/1752/1752
f 1756/1752/1752 1766/1337/1337 1752/1339/1339
f 1314/1274/1274 1316/1954/1954 1315/390/390 1313/1275/1275
f 1767/1061/1061 1765/1338/1338 1768/1062/1062
f 1765/1338/1338 1764/1855/1855 1768/1062/1062
f 1764/1855/1855 1763/783/783 1768/1062/1062
f 1768/1062/1062 1763/783/783 1769/782/782
f 37/1158/1158 1293/1157/1157 1292/1475/1475
f 2012/1903/1903 2017/1902/1902 2013/1997/1997 460/970/970
f 997/1545/1545 1011/1544/1544 998/1933/1933 999/1147/1147 994/497/497 995/769/769
f 1771/871/871 1772/870/870 1767/1061/1061
f 1767/1061/1061 1772/870/870 1749/1340/1340
f 1749/1340/1340 1772/870/870 1773/379/379
f 1514/1950/1950 1515/539/539 1509/1444/1444 1511/1443/1443
f 1679/1911/1911 1680/1571/1571 1672/612/612 1673/611/611 1675/992/992
f 998/1933/1933 1010/1722/1722 1003/1145/1145 999/1147/1147
f 536/1128/1128 532/1124/1124 533/1125/1125 534/1126/1126
f 1713/34/34 1777/1953/1953 1776/1972/1972
f 254/653/653 252/651/651 289/683/683 288/682/682 287/681/681 256/655/655
f 1778/1971/1971 1774/874/874 1718/873/873 1775/1964/1964
f 1725/474/474 1664/477/477 1665/1648/1648
f 1421/967/967 1434/966/966 1422/1590/1590 1420/1927/1927
f 1773/379/379 1782/107/107 1749/1340/1340
f 1782/107/107 1783/803/803 1748/1452/1452
f 1747/928/928 1748/1452/1452 1783/803/803 1784/802/802 1994/925/925
f 113/340/340 114/339/339 124/363/363 126/1850/1850
f 1783/803/803 1782/107/107 1785/106/106
f 1786/104/104 1782/107/107 1787/378/378
f 1788/377/377 1781/376/376 1789/1869/1869
f 1781/376/376 1780/924/924 1789/1869/1869
f 1930/1492/1492 1932/188/188 1931/513/513 1926/1368/1368
f 1779/1867/1867 1791/1952/1952 1790/1868/1868
f 1777/1953/1953 1713/34/34 1792/1906/1906
f 1777/1953/1953 1791/1952/1952 1778/1971/1971
f 1778/1971/1971 1791/1952/1952 1779/1867/1867
f 1790/1868/1868 1794/923/923 1789/1869/1869
f 1794/923/923 1795/92/92 1789/1869/1869
f 1789/1869/1869 1795/92/92 1796/1998/1998
f 1795/92/92 1797/1680/1680 1796/1998/1998
f 1796/1998/1998 1797/1680/1680 1798/1683/1683
f 1596/1965/1965 1636/1288/1288 1598/1287/1287 1597/1966/1966
f 1798/1683/1683 1799/1682/1682 1787/378/378
f 1789/1869/1869 1796/1998/1998 1788/377/377
f 1796/1998/1998 1798/1683/1683 1788/377/377
f 1788/377/377 1798/1683/1683 1787/378/378
f 1800/1711/1711 1799/1682/1682 1801/1681/1681
f 1801/1681/1681 1797/1680/1680 1802/91/91
f 1797/1680/1680 1795/92/92 1802/91/91
f 92/272/272 93/274/274 87/259/259 91/267/267
f 1707/1918/1918 1808/1827/1827 1708/1826/1826 1807/1825/1825 1809/1045/1045 1806/1627/1627 1705/1919/1919
f 720/1114/1114 738/1458/1458 718/1502/1502 719/1191/1191
f 132/1943/1943 131/381/381 133/391/391 105/312/312 32/133/133 28/117/117 27/116/116 110/1755/1755 109/382/382 107/1942/1942 108/1944/1944
f 55/1156/1156 54/138/138 1294/1870/1870 1293/1157/1157
f 1809/1045/1045 1810/1628/1628 1806/1627/1627
f 155/1614/1614 157/444/444 156/443/443 144/424/424
f 1811/921/921 1810/1628/1628 1804/922/922
f 1810/1628/1628 1809/1045/1045 1804/922/922
f 1809/1045/1045 1812/1978/1978 1804/922/922
f 1307/1877/1877 1309/1879/1879 1305/40/40 1306/1876/1876
f 1802/91/91 1814/90/90 1815/1946/1946
f 1814/90/90 1813/1979/1979 1815/1946/1946
f 1815/1946/1946 1813/1979/1979 1816/1999/1999
f 1813/1979/1979 1812/1978/1978 1816/1999/1999
f 1816/1999/1999 1812/1978/1978 1817/1700/1700
f 1817/1700/1700 1812/1978/1978 1818/1863/1863
f 1818/1863/1863 1812/1978/1978 1819/1044/1044
f 1812/1978/1978 1809/1045/1045 1819/1044/1044
f 1727/1621/1621 1728/1989/1989 1725/474/474 1726/1647/1647
f 166/455/455 645/1327/1327 165/453/453
f 1818/1863/1863 1822/1862/1862 1817/1700/1700
f 1822/1862/1862 1823/1909/1909 1817/1700/1700
f 1825/1907/1907 1823/1909/1909 1826/2000/2000
f 1823/1909/1909 1822/1862/1862 1826/2000/2000
f 1826/2000/2000 1822/1862/1862 1827/1865/1865
f 1826/2000/2000 1827/1865/1865 1828/1864/1864
f 1831/416/416 1830/415/415 1832/2001/2001
f 1301/389/389 1302/1075/1075 1300/1074/1074 71/215/215
f 1832/2001/2001 1833/1894/1894 1834/2002/2002
f 1834/2002/2002 1833/1894/1894 1835/1893/1893
f 1836/1895/1895 1833/1894/1894 1837/316/316
f 1837/316/316 1833/1894/1894 1838/1772/1772
f 1833/1894/1894 1820/418/418 1838/1772/1772
f 1820/418/418 1809/1045/1045 1839/1770/1770
f 1839/1770/1770 1809/1045/1045 1840/1771/1771
f 1809/1045/1045 1841/1828/1828 1840/1771/1771
f 1840/1771/1771 1841/1828/1828 1842/2003/2003
f 1842/2003/2003 1841/1828/1828 1808/1827/1827
f 1840/1771/1771 1843/313/313 1838/1772/1772
f 1838/1772/1772 1843/313/313 1837/316/316
f 1837/316/316 1844/315/315 1836/1895/1895
f 1840/1771/1771 1842/2003/2003 1843/313/313
f 1843/313/313 1842/2003/2003 1845/314/314
f 1842/2003/2003 1808/1827/1827 1845/314/314
f 1808/1827/1827 1707/1918/1918 1846/63/63 1852/62/62 1845/314/314
f 960/1424/1424 961/1241/1241 890/524/524 885/1573/1573 868/1033/1033 869/1032/1032 883/1476/1476
f 586/525/525 610/1251/1251 583/245/245 584/1193/1193 569/1088/1088 205/1087/1087 585/1418/1418
f 1698/108/108 1688/1739/1739 1848/2004/2004 1850/2005/2005 1851/61/61
f 1858/2006/2006 466/1490/1490 463/974/974 1854/1010/1010 756/261/261 1857/265/265 771/264/264 784/831/831 1044/830/830 1859/1761/1761
f 1848/2004/2004 1688/1739/1739 1849/1896/1896
f 1849/1896/1896 1836/1895/1895 1850/2005/2005
f 1836/1895/1895 1851/61/61 1850/2005/2005
f 1621/1968/1968 1630/1973/1973 1629/1440/1440 1622/739/739
f 1849/1896/1896 1850/2005/2005 1848/2004/2004
f 1836/1895/1895 1844/315/315 1851/61/61
f 1844/315/315 1852/62/62 1851/61/61
f 165/453/453 621/528/528 167/1270/1270 163/452/452 162/451/451 164/454/454
f 765/620/620 767/1520/1520 766/1519/1519 758/1518/1518 759/1887/1887
f 155/1614/1614 144/424/424 153/1321/1321 161/1615/1615
f 1852/62/62 1844/315/315 1845/314/314
f 1815/1946/1946 1816/1999/1999 1853/1699/1699
f 1816/1999/1999 1817/1700/1700 1853/1699/1699
f 1340/1688/1688 1341/1687/1687 1344/1538/1538 1343/1537/1537
f 1869/1541/1541 507/839/839 1873/600/600 1870/1202/1202
f 148/553/553 636/1805/1805 637/1305/1305 135/1307/1307
f 1830/415/415 1820/418/418 1833/1894/1894 1832/2001/2001
f 466/1490/1490 1858/2006/2006 1859/1761/1761 1861/1495/1495
f 1861/1495/1495 1859/1761/1761 1860/786/786
f 1443/1717/1717 1459/448/448 1462/447/447 1460/930/930 1463/929/929 1473/1509/1509 1464/1374/1374 1441/1373/1373 1362/1930/1930 1440/1931/1931
f 1212/236/236 1211/1639/1639 1215/1845/1845 1214/238/238 1213/237/237
f 1634/892/892 1656/891/891 1633/1265/1265 1601/1264/1264
f 1626/1329/1329 1977/1021/1021 1976/1994/1994 1975/2007/2007
f 1463/929/929 1475/464/464 1476/463/463 1474/93/93 1473/1509/1509
f 1669/613/613 1672/612/612 1671/1777/1777 1670/1986/1986
f 310/736/736 280/346/346 308/762/762 309/1247/1247
f 845/1140/1140 836/1613/1613 842/1620/1620 844/1619/1619
f 985/1000/1000 988/404/404 986/1603/1603 984/1001/1001
f 1867/1606/1606 506/1514/1514 1868/1513/1513
f 507/839/839 1869/1541/1541 1868/1513/1513
f 1866/1607/1607 1869/1541/1541 1865/1200/1200
f 681/1417/1417 547/45/45 677/44/44 678/1818/1818
f 1692/1856/1856 1724/1646/1646 1666/1650/1650 1668/1874/1874 1669/613/613 1670/1986/1986 1723/1383/1383 1763/783/783 1764/1855/1855
f 1870/1202/1202 1873/600/600 1871/1203/1203
f 976/521/521 971/1693/1693 972/1694/1694 975/522/522
f 1354/1849/1849 1351/1848/1848 1346/1898/1898 1355/1962/1962 1356/1961/1961 1353/1983/1983
f 507/839/839 508/601/601 1873/600/600
f 1413/1431/1431 1430/825/825 1414/792/792 1410/1812/1812
f 494/1690/1690 491/883/883 495/1058/1058 496/955/955 498/954/954
f 528/1866/1866 527/1121/1121 1893/1319/1319 1907/1318/1318 1892/1985/1985
f 1229/1846/1846 1272/1718/1718 1271/1362/1362 1230/1842/1842
f 1876/1207/1207 1875/1206/1206 1887/1208/1208
f 961/1241/1241 962/1240/1240 976/521/521 890/524/524
f 1095/1791/1791 1100/1795/1795 1094/1790/1790 1092/1789/1789
f 509/1066/1066 510/1067/1067 1890/1796/1796
f 1890/1796/1796 510/1067/1067 1891/1070/1070
f 4/1136/1136 112/364/364 5/78/78 3/81/81
f 1996/703/703 1630/1973/1973 1736/1991/1991 1995/926/926
f 1893/1319/1319 527/1121/1121 1894/596/596
f 527/1121/1121 529/1084/1084 1894/596/596
f 1894/596/596 529/1084/1084 1895/597/597
f 529/1084/1084 1896/1833/1833 1895/597/597
f 1895/597/597 1896/1833/1833 1897/2008/2008
f 1897/2008/2008 1896/1833/1833 1898/1832/1832
f 1719/1064/1064 1714/1570/1570 1715/1963/1963 1718/873/873 1770/872/872
f 531/1123/1123 541/514/514 1900/1587/1587
f 1900/1587/1587 1901/1586/1586 1899/1831/1831
f 1899/1831/1831 1901/1586/1586 1898/1832/1832
f 1901/1586/1586 1902/987/987 1898/1832/1832
f 1902/987/987 1903/986/986 1898/1832/1832
f 1898/1832/1832 1903/986/986 1897/2008/2008
f 1903/986/986 1904/598/598 1897/2008/2008
f 1897/2008/2008 1904/598/598 1895/597/597
f 1907/1318/1318 1908/1741/1741 1892/1985/1985
f 1967/1996/1996 1968/2009/2009 833/1605/1605 834/1402/1402
f 144/424/424 145/425/425 153/1321/1321
f 1896/1833/1833 529/1084/1084 530/1122/1122
f 1221/239/239 1220/1844/1844 1231/1843/1843 1228/1267/1267
f 954/642/642 895/641/641 878/1173/1173 877/1172/1172 896/1861/1861 953/1686/1686
f 1915/1217/1217 1916/1216/1216 1881/1215/1215 1882/1529/1529 1914/1596/1596
f 140/420/420 147/427/427 141/421/421 84/253/253
f 690/1197/1197 1917/148/148 689/1644/1644
f 1917/148/148 1918/70/70 688/1405/1405
f 688/1405/1405 1918/70/70 687/73/73
f 1921/1303/1303 1922/1299/1299 683/1304/1304
f 683/1304/1304 1922/1299/1299 1928/588/588 1923/587/587
f 1595/1497/1497 1638/1975/1975 1596/1965/1965 1594/1511/1511
f 1923/587/587 546/1395/1395 682/1394/1394 685/1301/1301 683/1304/1304
f 546/1395/1395 1923/587/587 545/1248/1248
f 1923/587/587 1924/586/586 545/1248/1248
f 689/1644/1644 1917/148/148 688/1405/1405 672/1385/1385 671/1379/1379 670/1378/1378
f 305/1042/1042 548/1143/1143 306/1142/1142 295/1279/1279
f 1141/1823/1823 1179/302/302 1022/1392/1392 1019/409/409 1018/293/293 1135/294/294 1136/284/284
f 1931/513/513 1932/188/188 541/514/514
f 1901/1586/1586 1932/188/188 1902/987/987
f 1932/188/188 1933/1505/1505 1902/987/987
f 1902/987/987 1933/1505/1505 1934/988/988
f 1933/1505/1505 1935/989/989 1934/988/988
f 1345/1905/1905 1355/1962/1962 1346/1898/1898 1331/750/750
f 1940/985/985 1941/1316/1316 1904/598/598
f 1904/598/598 1941/1316/1316 1905/595/595
f 1320/335/335 1321/1296/1296 1286/1563/1563 1288/1860/1860 1322/1882/1882 1295/1871/1871 1296/141/141 1297/140/140
f 866/1237/1237 804/50/50 805/48/48 865/1635/1635
f 1237/1526/1526 1242/1525/1525 1245/440/440 1238/439/439
f 523/1617/1617 525/1120/1120 524/1119/1119
f 1946/1286/1286 1937/991/991 1947/1284/1284
f 1947/1284/1284 1937/991/991 1948/990/990
f 1433/1453/1453 1365/793/793 1436/594/594 1435/593/593
f 669/1381/1381 668/1406/1406 691/1198/1198 690/1197/1197
f 1349/328/328 1348/329/329 1270/1859/1859 1330/1361/1361 1347/1899/1899 1346/1898/1898 1351/1848/1848 1350/778/778
f 299/690/690 301/714/714 296/806/806 294/691/691 293/689/689 297/688/688 298/687/687
f 1933/1505/1505 1932/188/188 1951/187/187
f 256/655/655 286/457/457 259/456/456 258/657/657
f 1932/188/188 1930/1492/1492 1953/1491/1491
f 1954/1300/1300 1922/1299/1299 1955/1551/1551
f 1922/1299/1299 1921/1303/1303 1955/1551/1551
f 1956/1636/1636 1957/71/71 1958/2010/2010
f 1957/71/71 1959/1285/1285 1958/2010/2010
f 1779/1867/1867 1780/924/924 1774/874/874 1778/1971/1971
f 7/17/17 14/1720/1720 12/1155/1155 9/54/54 8/18/18
f 1949/1503/1503 1962/186/186 1961/1504/1504
f 1960/2011/2011 1948/990/990 1961/1504/1504 1962/186/186 1956/1636/1636 1958/2010/2010 1959/1285/1285 1947/1284/1284
f 833/1605/1605 1968/2009/2009 840/360/360 839/359/359
f 1960/2011/2011 1947/1284/1284 1948/990/990
f 1949/1503/1503 1950/1506/1506 1962/186/186
f 1956/1636/1636 1962/186/186 1955/1551/1551
f 75/228/228 76/244/244 77/257/257 74/227/227
f 401/902/902 363/829/829 399/900/900 376/394/394 398/393/393 400/901/901 396/896/896 435/934/934 410/897/897 405/909/909 406/911/911 349/2012/2012 348/799/799 360/822/822 403/904/904 404/905/905 409/908/908 407/906/906
f 217/554/554 224/1144/1144 219/556/556 218/555/555
f 1262/519/519 1255/565/565 1267/564/564 1264/1858/1858
f 1824/1697/1697 1971/1908/1908 1972/1698/1698
f 1971/1908/1908 1973/2013/2013 1972/1698/1698
f 1972/1698/1698 1973/2013/2013 1974/1993/1993
f 1973/2013/2013 1975/2007/2007 1974/1993/1993
f 1974/1993/1993 1975/2007/2007 1976/1994/1994
f 782/832/832 784/831/831 771/264/264
f 1972/1698/1698 1978/2014/2014 1853/1699/1699
f 1853/1699/1699 1978/2014/2014 1815/1946/1946
f 1978/2014/2014 1979/2015/2015 1815/1946/1946
f 1979/2015/2015 1980/1945/1945 1815/1946/1946
f 1367/1678/1678 1370/1758/1758 1368/1705/1705 735/118/118
f 1983/1473/1473 1984/2016/2016 1974/1993/1993
f 1974/1993/1993 1984/2016/2016 1972/1698/1698
f 1972/1698/1698 1984/2016/2016 1978/2014/2014
f 1984/2016/2016 1985/1474/1474 1978/2014/2014
f 1978/2014/2014 1985/1474/1474 1979/2015/2015
f 1985/1474/1474 1986/846/846 1979/2015/2015
f 1979/2015/2015 1986/846/846 1980/1945/1945
f 1986/846/846 1981/845/845 1980/1945/1945
f 1984/2016/2016 1983/1473/1473 1985/1474/1474
f 1985/1474/1474 1987/1019/1019 1988/1170/1170
f 1988/1170/1170 1987/1019/1019 1989/1022/1022
f 1985/1474/1474 1990/844/844 1986/846/846
f 1455/1655/1655 1456/1180/1180 1445/1281/1281 1446/1779/1779
f 1981/845/845 1991/105/105 1800/1711/1711
f 1800/1711/1711 1991/105/105 1786/104/104
f 540/1134/1134 531/1123/1123 532/1124/1124 538/1132/1132
f 560/1162/1162 562/1094/1094 663/1093/1093 671/1379/1379 672/1385/1385 673/1384/1384 675/1386/1386 674/1387/1387 559/1956/1956 558/1955/1955 561/1163/1163
f 1682/59/59 1201/58/58 1689/112/112
f 1953/1491/1491 1963/185/185 1932/188/188
f 1744/1536/1536 1995/926/926 1736/1991/1991
f 1996/703/703 1997/706/706 1630/1973/1973
f 1630/1973/1973 1997/706/706 1629/1440/1440
f 1629/1440/1440 1997/706/706 1998/705/705
f 1746/1451/1451 1744/1536/1536 1737/1992/1992 1743/1981/1981
f 1996/703/703 1995/926/926 1999/704/704
f 1995/926/926 1994/925/925 1999/704/704
f 1993/801/801 2000/732/732 1999/704/704
f 1874/599/599 1888/603/603 1875/1206/1206
f 1255/565/565 1262/519/519 1260/3/3 1256/2/2 1257/1/1 1248/1743/1743 1249/1742/1742
f 1991/105/105 1990/844/844 1992/800/800 1785/106/106
f 1992/800/800 1990/844/844 1993/801/801
f 125/1354/1354 126/1850/1850 124/363/363 1191/862/862 1190/1355/1355
f 1229/1846/1846 1219/1638/1638 1217/1837/1837 1208/973/973 1209/972/972 1272/1718/1718
f 488/886/886 490/1189/1189 489/1188/1188 487/887/887
f 2008/1921/1921 2009/2017/2017 458/969/969
f 458/969/969 2009/2017/2017 2010/1904/1904
f 2010/1904/1904 2009/2017/2017 2011/1987/1987
f 2009/2017/2017 2007/1493/1493 2011/1987/1987
f 740/917/917 713/1489/1489 714/1488/1488 712/1487/1487 715/1486/1486 716/1190/1190 719/1191/1191 717/1501/1501 718/1502/1502 738/1458/1458 1377/1729/1729 1378/1411/1411 739/1410/1410
f 2007/1493/1493 2009/2017/2017 2008/1921/1921
f 2010/1904/1904 2012/1903/1903 458/969/969
f 458/969/969 2012/1903/1903 460/970/970
f 88/260/260 73/226/226 72/225/225 67/211/211
f 460/970/970 2013/1997/1997 461/971/971
f 2013/1997/1997 2014/1675/1675 461/971/971
f 1894/596/596 1942/1949/1949 1906/1313/1313 1893/1319/1319
f 1066/1765/1765 2014/1675/1675 1060/397/397
f 1938/1599/1599 1943/1598/1598 1940/985/985 1939/984/984 1936/983/983 1937/991/991 1946/1286/1286
f 1117/1800/1800 1116/1781/1781 1101/1746/1746 1100/1795/1795 1099/1794/1794
f 2011/1987/1987 2016/1027/1027 2010/1904/1904
f 2013/1997/1997 2017/1902/1902 2014/1675/1675
f 2017/1902/1902 2018/2018/2018 2014/1675/1675
f 2014/1675/1675 2018/2018/2018 2015/1026/1026
f 2015/1026/1026 2018/2018/2018 2016/1027/1027
f 2018/2018/2018 2017/1902/1902 2016/1027/1027
f 1137/761/761 1142/811/811 1141/1823/1823 1136/284/284 1133/283/283
