# Blender 4.4.0
# www.blender.org
mtllib BarandaEsquina.mtl
o BarandaEsquina
v -0.750000 0.148045 -2.181890
v -0.750000 1.148045 -2.181890
v -0.735368 0.148045 -2.180449
v -0.735368 1.148045 -2.180449
v -0.721299 0.148045 -2.176182
v -0.721299 1.148045 -2.176182
v -0.708332 0.148045 -2.169251
v -0.708332 1.148045 -2.169251
v -0.696967 0.148045 -2.159924
v -0.696967 1.148045 -2.159924
v -0.687640 0.148045 -2.148559
v -0.687640 1.148045 -2.148559
v -0.680709 0.148045 -2.135592
v -0.680709 1.148045 -2.135592
v -0.676441 0.148045 -2.121522
v -0.676441 1.148045 -2.121522
v -0.675000 0.148045 -2.106891
v -0.675000 1.148045 -2.106891
v -0.676441 0.148045 -2.092259
v -0.676441 1.148045 -2.092259
v -0.680709 0.148045 -2.078189
v -0.680709 1.148045 -2.078189
v -0.687640 0.148045 -2.065223
v -0.687640 1.148045 -2.065223
v -0.696967 0.148045 -2.053858
v -0.696967 1.148045 -2.053858
v -0.708332 0.148045 -2.044530
v -0.708332 1.148045 -2.044530
v -0.721299 0.148045 -2.037600
v -0.721299 1.148045 -2.037600
v -0.735368 0.148045 -2.033332
v -0.735368 1.148045 -2.033332
v -0.750000 0.148045 -2.031891
v -0.750000 1.148045 -2.031891
v -0.764632 0.148045 -2.033332
v -0.764632 1.148045 -2.033332
v -0.778701 0.148045 -2.037600
v -0.778701 1.148045 -2.037600
v -0.791668 0.148045 -2.044530
v -0.791668 1.148045 -2.044530
v -0.803033 0.148045 -2.053858
v -0.803033 1.148045 -2.053858
v -0.812360 0.148045 -2.065223
v -0.812360 1.148045 -2.065223
v -0.819291 0.148045 -2.078189
v -0.819291 1.148045 -2.078189
v -0.823559 0.148045 -2.092259
v -0.823559 1.148045 -2.092259
v -0.825000 0.148045 -2.106891
v -0.825000 1.148045 -2.106891
v -0.823559 0.148045 -2.121522
v -0.823559 1.148045 -2.121522
v -0.819291 0.148045 -2.135592
v -0.819291 1.148045 -2.135592
v -0.812360 0.148045 -2.148559
v -0.812360 1.148045 -2.148559
v -0.803033 0.148045 -2.159924
v -0.803033 1.148045 -2.159924
v -0.791668 0.148045 -2.169251
v -0.791668 1.148045 -2.169251
v -0.778701 0.148045 -2.176182
v -0.778701 1.148045 -2.176182
v -0.764632 0.148045 -2.180449
v -0.764632 1.148045 -2.180449
v -0.750000 0.206869 -2.158362
v -0.750000 0.265692 -2.181890
v -0.750000 0.443328 -2.164894
v -0.750000 0.455514 -2.180154
v -0.750000 0.468847 -2.174282
v -0.750000 0.827243 -2.174282
v -0.750000 0.840576 -2.180154
v -0.750000 0.852762 -2.164894
v -0.750000 1.030398 -2.181890
v -0.750000 1.089221 -2.158362
v -0.739483 1.089221 -2.157373
v -0.735368 1.030398 -2.180449
v -0.738684 0.852762 -2.163779
v -0.735607 0.840576 -2.178746
v -0.736729 0.827243 -2.172987
v -0.736729 0.468847 -2.172987
v -0.735607 0.455514 -2.178746
v -0.738684 0.443328 -2.163779
v -0.735368 0.265692 -2.180449
v -0.739483 0.206869 -2.157373
v -0.729370 1.089221 -2.154444
v -0.721299 1.030398 -2.176182
v -0.727803 0.852762 -2.160479
v -0.721767 0.840576 -2.174577
v -0.723968 0.827243 -2.169153
v -0.723968 0.468847 -2.169153
v -0.721767 0.455514 -2.174577
v -0.727803 0.443328 -2.160479
v -0.721299 0.265692 -2.176182
v -0.729370 0.206869 -2.154444
v -0.720050 1.089221 -2.149688
v -0.708332 1.030398 -2.169251
v -0.717775 0.852762 -2.155118
v -0.709012 0.840576 -2.167807
v -0.712208 0.827243 -2.162925
v -0.712208 0.468847 -2.162925
v -0.709012 0.455514 -2.167807
v -0.717775 0.443328 -2.155118
v -0.708332 0.265692 -2.169251
v -0.720050 0.206869 -2.149688
v -0.711880 1.089221 -2.143287
v -0.696967 1.030398 -2.159924
v -0.708985 0.852762 -2.147905
v -0.697832 0.840576 -2.158696
v -0.701900 0.827243 -2.154544
v -0.701900 0.468847 -2.154544
v -0.697832 0.455514 -2.158696
v -0.708985 0.443328 -2.147905
v -0.696967 0.265692 -2.159924
v -0.711880 0.206869 -2.143287
v -0.705176 1.089221 -2.135487
v -0.687640 1.030398 -2.148559
v -0.701772 0.852762 -2.139115
v -0.688657 0.840576 -2.147593
v -0.693440 0.827243 -2.144331
v -0.693440 0.468847 -2.144331
v -0.688657 0.455514 -2.147593
v -0.701772 0.443328 -2.139115
v -0.687640 0.265692 -2.148559
v -0.705176 0.206869 -2.135487
v -0.700194 1.089221 -2.126588
v -0.680709 1.030398 -2.135592
v -0.696412 0.852762 -2.129087
v -0.681839 0.840576 -2.134927
v -0.687154 0.827243 -2.132680
v -0.687154 0.468847 -2.132680
v -0.681839 0.455514 -2.134927
v -0.696412 0.443328 -2.129087
v -0.680709 0.265692 -2.135592
v -0.700194 0.206869 -2.126588
v -0.697126 1.089221 -2.116932
v -0.676441 1.030398 -2.121522
v -0.693111 0.852762 -2.118207
v -0.677641 0.840576 -2.121184
v -0.683283 0.827243 -2.120038
v -0.683283 0.468847 -2.120038
v -0.677641 0.455514 -2.121184
v -0.693111 0.443328 -2.118207
v -0.676441 0.265692 -2.121522
v -0.697126 0.206869 -2.116932
v -0.696091 1.089221 -2.106891
v -0.675000 1.030398 -2.106891
v -0.691997 0.852762 -2.106891
v -0.676223 0.840576 -2.106891
v -0.681976 0.827243 -2.106891
v -0.681976 0.468847 -2.106891
v -0.676223 0.455514 -2.106891
v -0.691997 0.443328 -2.106891
v -0.675000 0.265692 -2.106891
v -0.696091 0.206869 -2.106891
v -0.697126 1.089221 -2.096849
v -0.676441 1.030398 -2.092259
v -0.693111 0.852762 -2.095575
v -0.677641 0.840576 -2.092597
v -0.683283 0.827243 -2.093743
v -0.683283 0.468847 -2.093743
v -0.677641 0.455514 -2.092597
v -0.693111 0.443328 -2.095575
v -0.676441 0.265692 -2.092259
v -0.697126 0.206869 -2.096849
v -0.700194 1.089221 -2.087193
v -0.680709 1.030398 -2.078189
v -0.696412 0.852762 -2.084694
v -0.681839 0.840576 -2.078854
v -0.687154 0.827243 -2.081101
v -0.687154 0.468847 -2.081101
v -0.681839 0.455514 -2.078854
v -0.696412 0.443328 -2.084694
v -0.680709 0.265692 -2.078189
v -0.700194 0.206869 -2.087193
v -0.705176 1.089221 -2.078295
v -0.687640 1.030398 -2.065223
v -0.701772 0.852762 -2.074666
v -0.688657 0.840576 -2.066188
v -0.693440 0.827243 -2.069450
v -0.693440 0.468847 -2.069450
v -0.688657 0.455514 -2.066188
v -0.701772 0.443328 -2.074666
v -0.687640 0.265692 -2.065223
v -0.705176 0.206869 -2.078295
v -0.711880 1.089221 -2.070495
v -0.696967 1.030398 -2.053858
v -0.708985 0.852762 -2.065876
v -0.697832 0.840576 -2.055086
v -0.701900 0.827243 -2.059237
v -0.701900 0.468847 -2.059237
v -0.697832 0.455514 -2.055086
v -0.708985 0.443328 -2.065876
v -0.696967 0.265692 -2.053858
v -0.711880 0.206869 -2.070495
v -0.720050 1.089221 -2.064094
v -0.708332 1.030398 -2.044530
v -0.717775 0.852762 -2.058663
v -0.709012 0.840576 -2.045975
v -0.712208 0.827243 -2.050857
v -0.712208 0.468847 -2.050857
v -0.709012 0.455514 -2.045975
v -0.717775 0.443328 -2.058663
v -0.708332 0.265692 -2.044530
v -0.720050 0.206869 -2.064094
v -0.729370 1.089221 -2.059337
v -0.721299 1.030398 -2.037600
v -0.727803 0.852762 -2.053303
v -0.721767 0.840576 -2.039204
v -0.723968 0.827243 -2.044629
v -0.723968 0.468847 -2.044629
v -0.721767 0.455514 -2.039204
v -0.727803 0.443328 -2.053303
v -0.721299 0.265692 -2.037600
v -0.729370 0.206869 -2.059337
v -0.739483 1.089221 -2.056408
v -0.735368 1.030398 -2.033332
v -0.738684 0.852762 -2.050002
v -0.735607 0.840576 -2.035035
v -0.736729 0.827243 -2.040794
v -0.736729 0.468847 -2.040794
v -0.735607 0.455514 -2.035035
v -0.738684 0.443328 -2.050002
v -0.735368 0.265692 -2.033332
v -0.739483 0.206869 -2.056408
v -0.750000 1.089221 -2.055419
v -0.750000 1.030398 -2.031891
v -0.750000 0.852762 -2.048887
v -0.750000 0.840576 -2.033627
v -0.750000 0.827243 -2.039499
v -0.750000 0.468847 -2.039499
v -0.750000 0.455514 -2.033627
v -0.750000 0.443328 -2.048887
v -0.750000 0.265692 -2.031891
v -0.750000 0.206869 -2.055419
v -0.760517 1.089221 -2.056408
v -0.764632 1.030398 -2.033332
v -0.761316 0.852762 -2.050002
v -0.764393 0.840576 -2.035035
v -0.763271 0.827243 -2.040794
v -0.763271 0.468847 -2.040794
v -0.764393 0.455514 -2.035035
v -0.761316 0.443328 -2.050002
v -0.764632 0.265692 -2.033332
v -0.760517 0.206869 -2.056408
v -0.770630 1.089221 -2.059337
v -0.778701 1.030398 -2.037600
v -0.772197 0.852762 -2.053303
v -0.778233 0.840576 -2.039204
v -0.776031 0.827243 -2.044629
v -0.776031 0.468847 -2.044629
v -0.778233 0.455514 -2.039204
v -0.772197 0.443328 -2.053303
v -0.778701 0.265692 -2.037600
v -0.770630 0.206869 -2.059337
v -0.779950 1.089221 -2.064094
v -0.791668 1.030398 -2.044530
v -0.782225 0.852762 -2.058663
v -0.790988 0.840576 -2.045975
v -0.787792 0.827243 -2.050857
v -0.787792 0.468847 -2.050857
v -0.790988 0.455514 -2.045975
v -0.782225 0.443328 -2.058663
v -0.791668 0.265692 -2.044530
v -0.779950 0.206869 -2.064094
v -0.788120 1.089221 -2.070495
v -0.803033 1.030398 -2.053858
v -0.791014 0.852762 -2.065876
v -0.802168 0.840576 -2.055086
v -0.798100 0.827243 -2.059237
v -0.798100 0.468847 -2.059237
v -0.802168 0.455514 -2.055086
v -0.791014 0.443328 -2.065876
v -0.803033 0.265692 -2.053858
v -0.788120 0.206869 -2.070495
v -0.794824 1.089221 -2.078295
v -0.812360 1.030398 -2.065223
v -0.798228 0.852762 -2.074666
v -0.811343 0.840576 -2.066188
v -0.806560 0.827243 -2.069450
v -0.806560 0.468847 -2.069450
v -0.811343 0.455514 -2.066188
v -0.798228 0.443328 -2.074666
v -0.812360 0.265692 -2.065223
v -0.794824 0.206869 -2.078295
v -0.799806 1.089221 -2.087193
v -0.819291 1.030398 -2.078189
v -0.803588 0.852762 -2.084694
v -0.818161 0.840576 -2.078854
v -0.812846 0.827243 -2.081101
v -0.812846 0.468847 -2.081101
v -0.818161 0.455514 -2.078854
v -0.803588 0.443328 -2.084694
v -0.819291 0.265692 -2.078189
v -0.799806 0.206869 -2.087193
v -0.802873 1.089221 -2.096849
v -0.823559 1.030398 -2.092259
v -0.806889 0.852762 -2.095575
v -0.822359 0.840576 -2.092597
v -0.816717 0.827243 -2.093743
v -0.816717 0.468847 -2.093743
v -0.822359 0.455514 -2.092597
v -0.806889 0.443328 -2.095575
v -0.823559 0.265692 -2.092259
v -0.802873 0.206869 -2.096849
v -0.803909 1.089221 -2.106891
v -0.825000 1.030398 -2.106891
v -0.808003 0.852762 -2.106891
v -0.823777 0.840576 -2.106891
v -0.818024 0.827243 -2.106891
v -0.818024 0.468847 -2.106891
v -0.823777 0.455514 -2.106891
v -0.808003 0.443328 -2.106891
v -0.825000 0.265692 -2.106891
v -0.803909 0.206869 -2.106891
v -0.802873 1.089221 -2.116932
v -0.823559 1.030398 -2.121522
v -0.806889 0.852762 -2.118207
v -0.822359 0.840576 -2.121184
v -0.816717 0.827243 -2.120038
v -0.816717 0.468847 -2.120038
v -0.822359 0.455514 -2.121184
v -0.806889 0.443328 -2.118207
v -0.823559 0.265692 -2.121522
v -0.802873 0.206869 -2.116932
v -0.799806 1.089221 -2.126588
v -0.819291 1.030398 -2.135592
v -0.803588 0.852762 -2.129087
v -0.818161 0.840576 -2.134927
v -0.812846 0.827243 -2.132680
v -0.812846 0.468847 -2.132680
v -0.818161 0.455514 -2.134927
v -0.803588 0.443328 -2.129087
v -0.819291 0.265692 -2.135592
v -0.799806 0.206869 -2.126588
v -0.794824 1.089221 -2.135487
v -0.812360 1.030398 -2.148559
v -0.798228 0.852762 -2.139115
v -0.811343 0.840576 -2.147593
v -0.806560 0.827243 -2.144331
v -0.806560 0.468847 -2.144331
v -0.811343 0.455514 -2.147593
v -0.798228 0.443328 -2.139115
v -0.812360 0.265692 -2.148559
v -0.794824 0.206869 -2.135487
v -0.788120 1.089221 -2.143287
v -0.803033 1.030398 -2.159924
v -0.791014 0.852762 -2.147905
v -0.802168 0.840576 -2.158696
v -0.798100 0.827243 -2.154544
v -0.798100 0.468847 -2.154544
v -0.802168 0.455514 -2.158696
v -0.791014 0.443328 -2.147905
v -0.803033 0.265692 -2.159924
v -0.788120 0.206869 -2.143287
v -0.779950 1.089221 -2.149688
v -0.791668 1.030398 -2.169251
v -0.782225 0.852762 -2.155118
v -0.790988 0.840576 -2.167807
v -0.787792 0.827243 -2.162925
v -0.787792 0.468847 -2.162925
v -0.790988 0.455514 -2.167807
v -0.782225 0.443328 -2.155118
v -0.791668 0.265692 -2.169251
v -0.779950 0.206869 -2.149688
v -0.770630 1.089221 -2.154444
v -0.778701 1.030398 -2.176182
v -0.772197 0.852762 -2.160479
v -0.778233 0.840576 -2.174577
v -0.776031 0.827243 -2.169153
v -0.776031 0.468847 -2.169153
v -0.778233 0.455514 -2.174577
v -0.772197 0.443328 -2.160479
v -0.778701 0.265692 -2.176182
v -0.770630 0.206869 -2.154444
v -0.760517 1.089221 -2.157373
v -0.764632 1.030398 -2.180449
v -0.761316 0.852762 -2.163779
v -0.764393 0.840576 -2.178746
v -0.763271 0.827243 -2.172987
v -0.763271 0.468847 -2.172987
v -0.764393 0.455514 -2.178746
v -0.761316 0.443328 -2.163779
v -0.764632 0.265692 -2.180449
v -0.760517 0.206869 -2.157373
v -1.000000 1.221654 -2.186068
v -1.000000 1.273215 -2.208178
v -1.000000 1.294627 -2.211035
v -1.000000 1.274265 -2.211035
v -1.000000 1.295677 -2.208180
v -1.000000 1.252591 -2.192098
v -1.000000 1.231966 -2.186068
v -1.000000 1.292980 -2.214625
v -1.000000 1.275912 -2.214625
v -1.000000 1.277941 -2.217961
v -1.000000 1.290951 -2.217961
v -1.000000 1.280833 -2.220937
v -1.000000 1.288059 -2.220937
v -1.000000 1.170093 -2.208178
v -1.000000 1.148682 -2.211035
v -1.000000 1.169044 -2.211035
v -1.000000 1.147632 -2.208178
v -1.000000 1.190718 -2.192098
v -1.000000 1.211342 -2.186068
v -1.000000 1.150329 -2.214625
v -1.000000 1.167396 -2.214625
v -1.000000 1.165367 -2.217961
v -1.000000 1.152358 -2.217961
v -1.000000 1.162476 -2.220937
v -1.000000 1.155249 -2.220937
v -1.000000 1.295677 -2.000000
v -1.000000 1.147632 -2.000000
v -1.000000 1.221654 -2.000000
v -0.182264 0.148045 -2.106889
v -0.182264 1.148045 -2.106889
v -0.180823 0.148045 -2.121521
v -0.180823 1.148045 -2.121521
v -0.176555 0.148045 -2.135591
v -0.176555 1.148045 -2.135591
v -0.169624 0.148045 -2.148557
v -0.169624 1.148045 -2.148557
v -0.160297 0.148045 -2.159922
v -0.160297 1.148045 -2.159922
v -0.148932 0.148045 -2.169250
v -0.148932 1.148045 -2.169250
v -0.135965 0.148045 -2.176180
v -0.135965 1.148045 -2.176180
v -0.121896 0.148045 -2.180448
v -0.121896 1.148045 -2.180448
v -0.107264 0.148045 -2.181889
v -0.107264 1.148045 -2.181889
v -0.092632 0.148045 -2.180448
v -0.092632 1.148045 -2.180448
v -0.078563 0.148045 -2.176180
v -0.078563 1.148045 -2.176180
v -0.065596 0.148045 -2.169250
v -0.065596 1.148045 -2.169250
v -0.054231 0.148045 -2.159922
v -0.054231 1.148045 -2.159922
v -0.044904 0.148045 -2.148557
v -0.044904 1.148045 -2.148557
v -0.037973 0.148045 -2.135591
v -0.037973 1.148045 -2.135591
v -0.033705 0.148045 -2.121521
v -0.033705 1.148045 -2.121521
v -0.032264 0.148045 -2.106889
v -0.032264 1.148045 -2.106889
v -0.033705 0.148045 -2.092257
v -0.033705 1.148045 -2.092257
v -0.037973 0.148045 -2.078188
v -0.037973 1.148045 -2.078188
v -0.044904 0.148045 -2.065221
v -0.044904 1.148045 -2.065221
v -0.054231 0.148045 -2.053856
v -0.054231 1.148045 -2.053856
v -0.065596 0.148045 -2.044529
v -0.065596 1.148045 -2.044529
v -0.078563 0.148045 -2.037598
v -0.078563 1.148045 -2.037598
v -0.092632 0.148045 -2.033330
v -0.092632 1.148045 -2.033330
v -0.107264 0.148045 -2.031889
v -0.107264 1.148045 -2.031889
v -0.121896 0.148045 -2.033330
v -0.121896 1.148045 -2.033330
v -0.135965 0.148045 -2.037598
v -0.135965 1.148045 -2.037598
v -0.148932 0.148045 -2.044529
v -0.148932 1.148045 -2.044529
v -0.160297 0.148045 -2.053856
v -0.160297 1.148045 -2.053856
v -0.169624 0.148045 -2.065221
v -0.169624 1.148045 -2.065221
v -0.176555 0.148045 -2.078188
v -0.176555 1.148045 -2.078188
v -0.180823 0.148045 -2.092257
v -0.180823 1.148045 -2.092257
v -0.158736 0.206869 -2.106889
v -0.182264 0.265692 -2.106889
v -0.165267 0.443328 -2.106889
v -0.180528 0.455514 -2.106889
v -0.174656 0.468847 -2.106889
v -0.174656 0.827243 -2.106889
v -0.180528 0.840576 -2.106889
v -0.165267 0.852762 -2.106889
v -0.182264 1.030398 -2.106889
v -0.158736 1.089221 -2.106889
v -0.157747 1.089221 -2.117406
v -0.180823 1.030398 -2.121521
v -0.164153 0.852762 -2.118205
v -0.179120 0.840576 -2.121282
v -0.173361 0.827243 -2.120160
v -0.173361 0.468847 -2.120160
v -0.179120 0.455514 -2.121282
v -0.164153 0.443328 -2.118205
v -0.180823 0.265692 -2.121521
v -0.157747 0.206869 -2.117406
v -0.154818 1.089221 -2.127519
v -0.176555 1.030398 -2.135591
v -0.160852 0.852762 -2.129086
v -0.174951 0.840576 -2.135122
v -0.169526 0.827243 -2.132921
v -0.169526 0.468847 -2.132921
v -0.174951 0.455514 -2.135122
v -0.160852 0.443328 -2.129086
v -0.176555 0.265692 -2.135591
v -0.154818 0.206869 -2.127519
v -0.150061 1.089221 -2.136839
v -0.169624 1.030398 -2.148557
v -0.155492 0.852762 -2.139114
v -0.168180 0.840576 -2.147877
v -0.163298 0.827243 -2.144681
v -0.163298 0.468847 -2.144681
v -0.168180 0.455514 -2.147877
v -0.155492 0.443328 -2.139114
v -0.169624 0.265692 -2.148557
v -0.150061 0.206869 -2.136839
v -0.143660 1.089221 -2.145009
v -0.160297 1.030398 -2.159922
v -0.148279 0.852762 -2.147903
v -0.159069 0.840576 -2.159057
v -0.154917 0.827243 -2.154989
v -0.154917 0.468847 -2.154989
v -0.159069 0.455514 -2.159057
v -0.148279 0.443328 -2.147903
v -0.160297 0.265692 -2.159922
v -0.143660 0.206869 -2.145009
v -0.135860 1.089221 -2.151713
v -0.148932 1.030398 -2.169250
v -0.139489 0.852762 -2.155117
v -0.147967 0.840576 -2.168232
v -0.144705 0.827243 -2.163449
v -0.144705 0.468847 -2.163449
v -0.147967 0.455514 -2.168232
v -0.139489 0.443328 -2.155117
v -0.148932 0.265692 -2.169250
v -0.135860 0.206869 -2.151713
v -0.126961 1.089221 -2.156695
v -0.135965 1.030398 -2.176180
v -0.129461 0.852762 -2.160477
v -0.135301 0.840576 -2.175050
v -0.133054 0.827243 -2.169735
v -0.133054 0.468847 -2.169735
v -0.135301 0.455514 -2.175050
v -0.129461 0.443328 -2.160477
v -0.135965 0.265692 -2.176180
v -0.126961 0.206869 -2.156695
v -0.117306 1.089221 -2.159763
v -0.121896 1.030398 -2.180448
v -0.118580 0.852762 -2.163778
v -0.121557 0.840576 -2.179248
v -0.120412 0.827243 -2.173606
v -0.120412 0.468847 -2.173606
v -0.121557 0.455514 -2.179248
v -0.118580 0.443328 -2.163778
v -0.121896 0.265692 -2.180448
v -0.117306 0.206869 -2.159763
v -0.107264 1.089221 -2.160799
v -0.107264 1.030398 -2.181889
v -0.107264 0.852762 -2.164892
v -0.107264 0.840576 -2.180666
v -0.107264 0.827243 -2.174913
v -0.107264 0.468847 -2.174913
v -0.107264 0.455514 -2.180666
v -0.107264 0.443328 -2.164892
v -0.107264 0.265692 -2.181889
v -0.107264 0.206869 -2.160799
v -0.097222 1.089221 -2.159763
v -0.092632 1.030398 -2.180448
v -0.095948 0.852762 -2.163778
v -0.092971 0.840576 -2.179248
v -0.094117 0.827243 -2.173606
v -0.094117 0.468847 -2.173606
v -0.092971 0.455514 -2.179248
v -0.095948 0.443328 -2.163778
v -0.092632 0.265692 -2.180448
v -0.097222 0.206869 -2.159763
v -0.087567 1.089221 -2.156695
v -0.078563 1.030398 -2.176180
v -0.085067 0.852762 -2.160477
v -0.079228 0.840576 -2.175050
v -0.081474 0.827243 -2.169735
v -0.081474 0.468847 -2.169735
v -0.079228 0.455514 -2.175050
v -0.085067 0.443328 -2.160477
v -0.078563 0.265692 -2.176180
v -0.087567 0.206869 -2.156695
v -0.078668 1.089221 -2.151713
v -0.065596 1.030398 -2.169250
v -0.075039 0.852762 -2.155117
v -0.066561 0.840576 -2.168232
v -0.069823 0.827243 -2.163449
v -0.069823 0.468847 -2.163449
v -0.066561 0.455514 -2.168232
v -0.075039 0.443328 -2.155117
v -0.065596 0.265692 -2.169250
v -0.078668 0.206869 -2.151713
v -0.070868 1.089221 -2.145009
v -0.054231 1.030398 -2.159922
v -0.066250 0.852762 -2.147903
v -0.055459 0.840576 -2.159057
v -0.059611 0.827243 -2.154989
v -0.059611 0.468847 -2.154989
v -0.055459 0.455514 -2.159057
v -0.066250 0.443328 -2.147903
v -0.054231 0.265692 -2.159922
v -0.070868 0.206869 -2.145009
v -0.064467 1.089221 -2.136839
v -0.044904 1.030398 -2.148557
v -0.059036 0.852762 -2.139114
v -0.046348 0.840576 -2.147877
v -0.051230 0.827243 -2.144681
v -0.051230 0.468847 -2.144681
v -0.046348 0.455514 -2.147877
v -0.059036 0.443328 -2.139114
v -0.044904 0.265692 -2.148557
v -0.064467 0.206869 -2.136839
v -0.059710 1.089221 -2.127519
v -0.037973 1.030398 -2.135591
v -0.053676 0.852762 -2.129086
v -0.039578 0.840576 -2.135122
v -0.045002 0.827243 -2.132921
v -0.045002 0.468847 -2.132921
v -0.039578 0.455514 -2.135122
v -0.053676 0.443328 -2.129086
v -0.037973 0.265692 -2.135591
v -0.059710 0.206869 -2.127519
v -0.056782 1.089221 -2.117406
v -0.033705 1.030398 -2.121521
v -0.050375 0.852762 -2.118205
v -0.035409 0.840576 -2.121282
v -0.041167 0.827243 -2.120160
v -0.041167 0.468847 -2.120160
v -0.035409 0.455514 -2.121282
v -0.050375 0.443328 -2.118205
v -0.033705 0.265692 -2.121521
v -0.056782 0.206869 -2.117406
v -0.055793 1.089221 -2.106889
v -0.032264 1.030398 -2.106889
v -0.049261 0.852762 -2.106889
v -0.034001 0.840576 -2.106889
v -0.039873 0.827243 -2.106889
v -0.039873 0.468847 -2.106889
v -0.034001 0.455514 -2.106889
v -0.049261 0.443328 -2.106889
v -0.032264 0.265692 -2.106889
v -0.055793 0.206869 -2.106889
v -0.056782 1.089221 -2.096372
v -0.033705 1.030398 -2.092257
v -0.050375 0.852762 -2.095573
v -0.035409 0.840576 -2.092496
v -0.041167 0.827243 -2.093618
v -0.041167 0.468847 -2.093618
v -0.035409 0.455514 -2.092496
v -0.050375 0.443328 -2.095573
v -0.033705 0.265692 -2.092257
v -0.056782 0.206869 -2.096372
v -0.059710 1.089221 -2.086259
v -0.037973 1.030398 -2.078188
v -0.053676 0.852762 -2.084692
v -0.039578 0.840576 -2.078656
v -0.045002 0.827243 -2.080857
v -0.045002 0.468847 -2.080857
v -0.039578 0.455514 -2.078656
v -0.053676 0.443328 -2.084692
v -0.037973 0.265692 -2.078188
v -0.059710 0.206869 -2.086259
v -0.064467 1.089221 -2.076939
v -0.044904 1.030398 -2.065221
v -0.059036 0.852762 -2.074664
v -0.046348 0.840576 -2.065901
v -0.051230 0.827243 -2.069097
v -0.051230 0.468847 -2.069097
v -0.046348 0.455514 -2.065901
v -0.059036 0.443328 -2.074664
v -0.044904 0.265692 -2.065221
v -0.064467 0.206869 -2.076939
v -0.070868 1.089221 -2.068769
v -0.054231 1.030398 -2.053856
v -0.066250 0.852762 -2.065875
v -0.055459 0.840576 -2.054721
v -0.059611 0.827243 -2.058789
v -0.059611 0.468847 -2.058789
v -0.055459 0.455514 -2.054721
v -0.066250 0.443328 -2.065875
v -0.054231 0.265692 -2.053856
v -0.070868 0.206869 -2.068769
v -0.078668 1.089221 -2.062065
v -0.065596 1.030398 -2.044529
v -0.075039 0.852762 -2.058661
v -0.066561 0.840576 -2.045546
v -0.069823 0.827243 -2.050330
v -0.069823 0.468847 -2.050330
v -0.066561 0.455514 -2.045546
v -0.075039 0.443328 -2.058661
v -0.065596 0.265692 -2.044529
v -0.078668 0.206869 -2.062065
v -0.087567 1.089221 -2.057084
v -0.078563 1.030398 -2.037598
v -0.085067 0.852762 -2.053301
v -0.079228 0.840576 -2.038728
v -0.081474 0.827243 -2.044044
v -0.081474 0.468847 -2.044044
v -0.079228 0.455514 -2.038728
v -0.085067 0.443328 -2.053301
v -0.078563 0.265692 -2.037598
v -0.087567 0.206869 -2.057084
v -0.097222 1.089221 -2.054016
v -0.092632 1.030398 -2.033330
v -0.095948 0.852762 -2.050000
v -0.092971 0.840576 -2.034530
v -0.094117 0.827243 -2.040173
v -0.094117 0.468847 -2.040173
v -0.092971 0.455514 -2.034530
v -0.095948 0.443328 -2.050000
v -0.092632 0.265692 -2.033330
v -0.097222 0.206869 -2.054016
v -0.107264 1.089221 -2.052980
v -0.107264 1.030398 -2.031889
v -0.107264 0.852762 -2.048886
v -0.107264 0.840576 -2.033113
v -0.107264 0.827243 -2.038866
v -0.107264 0.468847 -2.038866
v -0.107264 0.455514 -2.033113
v -0.107264 0.443328 -2.048886
v -0.107264 0.265692 -2.031889
v -0.107264 0.206869 -2.052980
v -0.117306 1.089221 -2.054016
v -0.121896 1.030398 -2.033330
v -0.118580 0.852762 -2.050000
v -0.121557 0.840576 -2.034530
v -0.120412 0.827243 -2.040173
v -0.120412 0.468847 -2.040173
v -0.121557 0.455514 -2.034530
v -0.118580 0.443328 -2.050000
v -0.121896 0.265692 -2.033330
v -0.117306 0.206869 -2.054016
v -0.126961 1.089221 -2.057084
v -0.135965 1.030398 -2.037598
v -0.129461 0.852762 -2.053301
v -0.135301 0.840576 -2.038728
v -0.133054 0.827243 -2.044044
v -0.133054 0.468847 -2.044044
v -0.135301 0.455514 -2.038728
v -0.129461 0.443328 -2.053301
v -0.135965 0.265692 -2.037598
v -0.126961 0.206869 -2.057084
v -0.135860 1.089221 -2.062065
v -0.148932 1.030398 -2.044529
v -0.139489 0.852762 -2.058661
v -0.147967 0.840576 -2.045546
v -0.144705 0.827243 -2.050330
v -0.144705 0.468847 -2.050330
v -0.147967 0.455514 -2.045546
v -0.139489 0.443328 -2.058661
v -0.148932 0.265692 -2.044529
v -0.135860 0.206869 -2.062065
v -0.143660 1.089221 -2.068769
v -0.160297 1.030398 -2.053856
v -0.148279 0.852762 -2.065875
v -0.159069 0.840576 -2.054721
v -0.154917 0.827243 -2.058789
v -0.154917 0.468847 -2.058789
v -0.159069 0.455514 -2.054721
v -0.148279 0.443328 -2.065875
v -0.160297 0.265692 -2.053856
v -0.143660 0.206869 -2.068769
v -0.150061 1.089221 -2.076939
v -0.169624 1.030398 -2.065221
v -0.155492 0.852762 -2.074664
v -0.168180 0.840576 -2.065901
v -0.163298 0.827243 -2.069097
v -0.163298 0.468847 -2.069097
v -0.168180 0.455514 -2.065901
v -0.155492 0.443328 -2.074664
v -0.169624 0.265692 -2.065221
v -0.150061 0.206869 -2.076939
v -0.154818 1.089221 -2.086259
v -0.176555 1.030398 -2.078188
v -0.160852 0.852762 -2.084692
v -0.174951 0.840576 -2.078656
v -0.169526 0.827243 -2.080857
v -0.169526 0.468847 -2.080857
v -0.174951 0.455514 -2.078656
v -0.160852 0.443328 -2.084692
v -0.176555 0.265692 -2.078188
v -0.154818 0.206869 -2.086259
v -0.157747 1.089221 -2.096372
v -0.180823 1.030398 -2.092257
v -0.164153 0.852762 -2.095573
v -0.179120 0.840576 -2.092496
v -0.173361 0.827243 -2.093618
v -0.173361 0.468847 -2.093618
v -0.179120 0.455514 -2.092496
v -0.164153 0.443328 -2.095573
v -0.180823 0.265692 -2.092257
v -0.157747 0.206869 -2.096372
v -0.182264 0.148045 -2.749629
v -0.182264 1.148045 -2.749629
v -0.180823 0.148045 -2.764261
v -0.180823 1.148045 -2.764261
v -0.176555 0.148045 -2.778331
v -0.176555 1.148045 -2.778331
v -0.169624 0.148045 -2.791297
v -0.169624 1.148045 -2.791297
v -0.160297 0.148045 -2.802662
v -0.160297 1.148045 -2.802662
v -0.148932 0.148045 -2.811990
v -0.148932 1.148045 -2.811990
v -0.135965 0.148045 -2.818920
v -0.135965 1.148045 -2.818920
v -0.121896 0.148045 -2.823188
v -0.121896 1.148045 -2.823188
v -0.107264 0.148045 -2.824629
v -0.107264 1.148045 -2.824629
v -0.092632 0.148045 -2.823188
v -0.092632 1.148045 -2.823188
v -0.078563 0.148045 -2.818920
v -0.078563 1.148045 -2.818920
v -0.065596 0.148045 -2.811990
v -0.065596 1.148045 -2.811990
v -0.054231 0.148045 -2.802662
v -0.054231 1.148045 -2.802662
v -0.044904 0.148045 -2.791297
v -0.044904 1.148045 -2.791297
v -0.037973 0.148045 -2.778331
v -0.037973 1.148045 -2.778331
v -0.033705 0.148045 -2.764261
v -0.033705 1.148045 -2.764261
v -0.032264 0.148045 -2.749629
v -0.032264 1.148045 -2.749629
v -0.033705 0.148045 -2.734998
v -0.033705 1.148045 -2.734998
v -0.037973 0.148045 -2.720928
v -0.037973 1.148045 -2.720928
v -0.044904 0.148045 -2.707962
v -0.044904 1.148045 -2.707962
v -0.054231 0.148045 -2.696596
v -0.054231 1.148045 -2.696596
v -0.065596 0.148045 -2.687269
v -0.065596 1.148045 -2.687269
v -0.078563 0.148045 -2.680338
v -0.078563 1.148045 -2.680338
v -0.092632 0.148045 -2.676071
v -0.092632 1.148045 -2.676071
v -0.107264 0.148045 -2.674629
v -0.107264 1.148045 -2.674629
v -0.121896 0.148045 -2.676071
v -0.121896 1.148045 -2.676071
v -0.135965 0.148045 -2.680338
v -0.135965 1.148045 -2.680338
v -0.148932 0.148045 -2.687269
v -0.148932 1.148045 -2.687269
v -0.160297 0.148045 -2.696596
v -0.160297 1.148045 -2.696596
v -0.169624 0.148045 -2.707962
v -0.169624 1.148045 -2.707962
v -0.176555 0.148045 -2.720928
v -0.176555 1.148045 -2.720928
v -0.180823 0.148045 -2.734998
v -0.180823 1.148045 -2.734998
v -0.158736 0.206869 -2.749629
v -0.182264 0.265692 -2.749629
v -0.165267 0.443328 -2.749629
v -0.180528 0.455514 -2.749629
v -0.174656 0.468847 -2.749629
v -0.174656 0.827243 -2.749629
v -0.180528 0.840576 -2.749629
v -0.165267 0.852762 -2.749629
v -0.182264 1.030398 -2.749629
v -0.158736 1.089221 -2.749629
v -0.157747 1.089221 -2.760147
v -0.180823 1.030398 -2.764261
v -0.164153 0.852762 -2.760945
v -0.179120 0.840576 -2.764022
v -0.173361 0.827243 -2.762900
v -0.173361 0.468847 -2.762900
v -0.179120 0.455514 -2.764022
v -0.164153 0.443328 -2.760945
v -0.180823 0.265692 -2.764261
v -0.157747 0.206869 -2.760147
v -0.154818 1.089221 -2.770259
v -0.176555 1.030398 -2.778331
v -0.160852 0.852762 -2.771826
v -0.174951 0.840576 -2.777863
v -0.169526 0.827243 -2.775661
v -0.169526 0.468847 -2.775661
v -0.174951 0.455514 -2.777863
v -0.160852 0.443328 -2.771826
v -0.176555 0.265692 -2.778331
v -0.154818 0.206869 -2.770259
v -0.150061 1.089221 -2.779580
v -0.169624 1.030398 -2.791297
v -0.155492 0.852762 -2.781854
v -0.168180 0.840576 -2.790617
v -0.163298 0.827243 -2.787421
v -0.163298 0.468847 -2.787421
v -0.168180 0.455514 -2.790617
v -0.155492 0.443328 -2.781854
v -0.169624 0.265692 -2.791297
v -0.150061 0.206869 -2.779580
v -0.143660 1.089221 -2.787749
v -0.160297 1.030398 -2.802662
v -0.148279 0.852762 -2.790644
v -0.159069 0.840576 -2.801797
v -0.154917 0.827243 -2.797729
v -0.154917 0.468847 -2.797729
v -0.159069 0.455514 -2.801797
v -0.148279 0.443328 -2.790644
v -0.160297 0.265692 -2.802662
v -0.143660 0.206869 -2.787749
v -0.135860 1.089221 -2.794454
v -0.148932 1.030398 -2.811990
v -0.139489 0.852762 -2.797857
v -0.147967 0.840576 -2.810973
v -0.144705 0.827243 -2.806189
v -0.144705 0.468847 -2.806189
v -0.147967 0.455514 -2.810973
v -0.139489 0.443328 -2.797857
v -0.148932 0.265692 -2.811990
v -0.135860 0.206869 -2.794454
v -0.126961 1.089221 -2.799435
v -0.135965 1.030398 -2.818920
v -0.129461 0.852762 -2.803217
v -0.135301 0.840576 -2.817790
v -0.133054 0.827243 -2.812475
v -0.133054 0.468847 -2.812475
v -0.135301 0.455514 -2.817790
v -0.129461 0.443328 -2.803217
v -0.135965 0.265692 -2.818920
v -0.126961 0.206869 -2.799435
v -0.117306 1.089221 -2.802503
v -0.121896 1.030398 -2.823188
v -0.118580 0.852762 -2.806518
v -0.121557 0.840576 -2.821989
v -0.120412 0.827243 -2.816346
v -0.120412 0.468847 -2.816346
v -0.121557 0.455514 -2.821989
v -0.118580 0.443328 -2.806518
v -0.121896 0.265692 -2.823188
v -0.117306 0.206869 -2.802503
v -0.107264 1.089221 -2.803539
v -0.107264 1.030398 -2.824629
v -0.107264 0.852762 -2.807632
v -0.107264 0.840576 -2.823406
v -0.107264 0.827243 -2.817653
v -0.107264 0.468847 -2.817653
v -0.107264 0.455514 -2.823406
v -0.107264 0.443328 -2.807632
v -0.107264 0.265692 -2.824629
v -0.107264 0.206869 -2.803539
v -0.097223 1.089221 -2.802503
v -0.092632 1.030398 -2.823188
v -0.095948 0.852762 -2.806518
v -0.092971 0.840576 -2.821989
v -0.094117 0.827243 -2.816346
v -0.094117 0.468847 -2.816346
v -0.092971 0.455514 -2.821989
v -0.095948 0.443328 -2.806518
v -0.092632 0.265692 -2.823188
v -0.097223 0.206869 -2.802503
v -0.087567 1.089221 -2.799435
v -0.078563 1.030398 -2.818920
v -0.085067 0.852762 -2.803217
v -0.079228 0.840576 -2.817790
v -0.081474 0.827243 -2.812475
v -0.081474 0.468847 -2.812475
v -0.079228 0.455514 -2.817790
v -0.085067 0.443328 -2.803217
v -0.078563 0.265692 -2.818920
v -0.087567 0.206869 -2.799435
v -0.078668 1.089221 -2.794454
v -0.065596 1.030398 -2.811990
v -0.075039 0.852762 -2.797857
v -0.066561 0.840576 -2.810973
v -0.069823 0.827243 -2.806189
v -0.069823 0.468847 -2.806189
v -0.066561 0.455514 -2.810973
v -0.075039 0.443328 -2.797857
v -0.065596 0.265692 -2.811990
v -0.078668 0.206869 -2.794454
v -0.070868 1.089221 -2.787749
v -0.054231 1.030398 -2.802662
v -0.066250 0.852762 -2.790644
v -0.055459 0.840576 -2.801797
v -0.059611 0.827243 -2.797729
v -0.059611 0.468847 -2.797729
v -0.055459 0.455514 -2.801797
v -0.066250 0.443328 -2.790644
v -0.054231 0.265692 -2.802662
v -0.070868 0.206869 -2.787749
v -0.064467 1.089221 -2.779580
v -0.044904 1.030398 -2.791297
v -0.059036 0.852762 -2.781854
v -0.046348 0.840576 -2.790617
v -0.051230 0.827243 -2.787421
v -0.051230 0.468847 -2.787421
v -0.046348 0.455514 -2.790617
v -0.059036 0.443328 -2.781854
v -0.044904 0.265692 -2.791297
v -0.064467 0.206869 -2.779580
v -0.059711 1.089221 -2.770259
v -0.037973 1.030398 -2.778331
v -0.053676 0.852762 -2.771826
v -0.039578 0.840576 -2.777863
v -0.045002 0.827243 -2.775661
v -0.045002 0.468847 -2.775661
v -0.039578 0.455514 -2.777863
v -0.053676 0.443328 -2.771826
v -0.037973 0.265692 -2.778331
v -0.059711 0.206869 -2.770259
v -0.056782 1.089221 -2.760147
v -0.033705 1.030398 -2.764261
v -0.050375 0.852762 -2.760945
v -0.035409 0.840576 -2.764022
v -0.041167 0.827243 -2.762900
v -0.041167 0.468847 -2.762900
v -0.035409 0.455514 -2.764022
v -0.050375 0.443328 -2.760945
v -0.033705 0.265692 -2.764261
v -0.056782 0.206869 -2.760147
v -0.055793 1.089221 -2.749629
v -0.032264 1.030398 -2.749629
v -0.049261 0.852762 -2.749629
v -0.034001 0.840576 -2.749629
v -0.039873 0.827243 -2.749629
v -0.039873 0.468847 -2.749629
v -0.034001 0.455514 -2.749629
v -0.049261 0.443328 -2.749629
v -0.032264 0.265692 -2.749629
v -0.055793 0.206869 -2.749629
v -0.056782 1.089221 -2.739112
v -0.033705 1.030398 -2.734998
v -0.050375 0.852762 -2.738314
v -0.035409 0.840576 -2.735236
v -0.041167 0.827243 -2.736359
v -0.041167 0.468847 -2.736359
v -0.035409 0.455514 -2.735236
v -0.050375 0.443328 -2.738314
v -0.033705 0.265692 -2.734998
v -0.056782 0.206869 -2.739112
v -0.059711 1.089221 -2.728999
v -0.037973 1.030398 -2.720928
v -0.053676 0.852762 -2.727433
v -0.039578 0.840576 -2.721396
v -0.045002 0.827243 -2.723598
v -0.045002 0.468847 -2.723598
v -0.039578 0.455514 -2.721396
v -0.053676 0.443328 -2.727433
v -0.037973 0.265692 -2.720928
v -0.059711 0.206869 -2.728999
v -0.064467 1.089221 -2.719679
v -0.044904 1.030398 -2.707962
v -0.059036 0.852762 -2.717405
v -0.046348 0.840576 -2.708642
v -0.051230 0.827243 -2.711837
v -0.051230 0.468847 -2.711837
v -0.046348 0.455514 -2.708642
v -0.059036 0.443328 -2.717405
v -0.044904 0.265692 -2.707962
v -0.064467 0.206869 -2.719679
v -0.070868 1.089221 -2.711510
v -0.054231 1.030398 -2.696596
v -0.066250 0.852762 -2.708615
v -0.055459 0.840576 -2.697461
v -0.059611 0.827243 -2.701530
v -0.059611 0.468847 -2.701530
v -0.055459 0.455514 -2.697461
v -0.066250 0.443328 -2.708615
v -0.054231 0.265692 -2.696596
v -0.070868 0.206869 -2.711510
v -0.078668 1.089221 -2.704805
v -0.065596 1.030398 -2.687269
v -0.075039 0.852762 -2.701401
v -0.066561 0.840576 -2.688286
v -0.069823 0.827243 -2.693070
v -0.069823 0.468847 -2.693070
v -0.066561 0.455514 -2.688286
v -0.075039 0.443328 -2.701401
v -0.065596 0.265692 -2.687269
v -0.078668 0.206869 -2.704805
v -0.087567 1.089221 -2.699824
v -0.078563 1.030398 -2.680338
v -0.085067 0.852762 -2.696042
v -0.079228 0.840576 -2.681468
v -0.081474 0.827243 -2.686784
v -0.081474 0.468847 -2.686784
v -0.079228 0.455514 -2.681468
v -0.085067 0.443328 -2.696042
v -0.078563 0.265692 -2.680338
v -0.087567 0.206869 -2.699824
v -0.097223 1.089221 -2.696756
v -0.092632 1.030398 -2.676071
v -0.095948 0.852762 -2.692740
v -0.092971 0.840576 -2.677270
v -0.094117 0.827243 -2.682913
v -0.094117 0.468847 -2.682913
v -0.092971 0.455514 -2.677270
v -0.095948 0.443328 -2.692740
v -0.092632 0.265692 -2.676071
v -0.097223 0.206869 -2.696756
v -0.107264 1.089221 -2.695720
v -0.107264 1.030398 -2.674629
v -0.107264 0.852762 -2.691626
v -0.107264 0.840576 -2.675853
v -0.107264 0.827243 -2.681606
v -0.107264 0.468847 -2.681606
v -0.107264 0.455514 -2.675853
v -0.107264 0.443328 -2.691626
v -0.107264 0.265692 -2.674629
v -0.107264 0.206869 -2.695720
v -0.117306 1.089221 -2.696756
v -0.121896 1.030398 -2.676071
v -0.118580 0.852762 -2.692740
v -0.121557 0.840576 -2.677270
v -0.120412 0.827243 -2.682913
v -0.120412 0.468847 -2.682913
v -0.121557 0.455514 -2.677270
v -0.118580 0.443328 -2.692740
v -0.121896 0.265692 -2.676071
v -0.117306 0.206869 -2.696756
v -0.126961 1.089221 -2.699824
v -0.135965 1.030398 -2.680338
v -0.129461 0.852762 -2.696042
v -0.135301 0.840576 -2.681468
v -0.133054 0.827243 -2.686784
v -0.133054 0.468847 -2.686784
v -0.135301 0.455514 -2.681468
v -0.129461 0.443328 -2.696042
v -0.135965 0.265692 -2.680338
v -0.126961 0.206869 -2.699824
v -0.135860 1.089221 -2.704805
v -0.148932 1.030398 -2.687269
v -0.139489 0.852762 -2.701401
v -0.147967 0.840576 -2.688286
v -0.144705 0.827243 -2.693070
v -0.144705 0.468847 -2.693070
v -0.147967 0.455514 -2.688286
v -0.139489 0.443328 -2.701401
v -0.148932 0.265692 -2.687269
v -0.135860 0.206869 -2.704805
v -0.143660 1.089221 -2.711510
v -0.160297 1.030398 -2.696596
v -0.148279 0.852762 -2.708615
v -0.159069 0.840576 -2.697461
v -0.154917 0.827243 -2.701530
v -0.154917 0.468847 -2.701530
v -0.159069 0.455514 -2.697461
v -0.148279 0.443328 -2.708615
v -0.160297 0.265692 -2.696596
v -0.143660 0.206869 -2.711510
v -0.150061 1.089221 -2.719679
v -0.169624 1.030398 -2.707962
v -0.155492 0.852762 -2.717405
v -0.168180 0.840576 -2.708642
v -0.163298 0.827243 -2.711837
v -0.163298 0.468847 -2.711837
v -0.168180 0.455514 -2.708642
v -0.155492 0.443328 -2.717405
v -0.169624 0.265692 -2.707962
v -0.150061 0.206869 -2.719679
v -0.154818 1.089221 -2.728999
v -0.176555 1.030398 -2.720928
v -0.160852 0.852762 -2.727433
v -0.174951 0.840576 -2.721396
v -0.169526 0.827243 -2.723598
v -0.169526 0.468847 -2.723598
v -0.174951 0.455514 -2.721396
v -0.160852 0.443328 -2.727433
v -0.176555 0.265692 -2.720928
v -0.154818 0.206869 -2.728999
v -0.157747 1.089221 -2.739112
v -0.180823 1.030398 -2.734998
v -0.164153 0.852762 -2.738314
v -0.179120 0.840576 -2.735236
v -0.173361 0.827243 -2.736359
v -0.173361 0.468847 -2.736359
v -0.179120 0.455514 -2.735236
v -0.164153 0.443328 -2.738314
v -0.180823 0.265692 -2.734998
v -0.157747 0.206869 -2.739112
v -0.208548 1.273215 -2.999629
v -0.186439 1.221654 -2.999629
v -0.192468 1.252591 -2.999629
v -0.186439 1.231966 -2.999629
v -0.211405 1.294627 -2.999629
v -0.211405 1.274265 -2.999629
v -0.208548 1.295677 -2.999629
v -0.214995 1.292980 -2.999629
v -0.214995 1.275912 -2.999629
v -0.218332 1.290951 -2.999629
v -0.218332 1.277941 -2.999629
v -0.221307 1.288059 -2.999629
v -0.221307 1.280833 -2.999629
v -0.208548 1.170093 -2.999629
v -0.192468 1.190718 -2.999629
v -0.186439 1.211342 -2.999629
v -0.211405 1.148682 -2.999629
v -0.211405 1.169044 -2.999629
v -0.208548 1.147632 -2.999629
v -0.214995 1.150329 -2.999629
v -0.214995 1.167396 -2.999629
v -0.218332 1.152358 -2.999629
v -0.218332 1.165367 -2.999629
v -0.221307 1.155249 -2.999629
v -0.221307 1.162476 -2.999629
v -0.000370 1.295677 -2.999629
v -0.000370 1.147632 -2.999629
v -0.000370 1.221654 -2.999629
v -0.208548 1.273215 -2.208180
v -0.211405 1.274265 -2.211030
v -0.208548 1.295677 -2.208180
v -0.221307 1.288059 -2.220940
v -0.208548 1.170093 -2.208180
v -0.214995 1.150329 -2.214620
v -0.186438 1.211342 -2.186070
v -0.211405 1.169044 -2.211029
v -0.208548 1.147632 -2.208180
v -0.221307 1.162476 -2.220940
v -0.000370 1.295677 -2.000000
v -0.000370 1.147630 -2.000000
v -0.000370 1.221650 -2.000000
v -0.214995 1.292980 -2.214620
v -0.211405 1.294627 -2.211029
v -0.186439 1.231966 -2.186070
v -0.192468 1.252591 -2.192100
v -0.214995 1.275912 -2.214620
v -0.186439 1.221654 -2.186070
v -0.218332 1.290951 -2.217960
v -0.218332 1.277941 -2.217960
v -0.221307 1.280833 -2.220940
v -0.211405 1.148682 -2.211029
v -0.192468 1.190718 -2.192100
v -0.214995 1.167396 -2.214620
v -0.218332 1.152358 -2.217960
v -0.218332 1.165367 -2.217960
v -0.221307 1.155249 -2.220940
v -1.000000 0.074024 -2.186068
v -1.000000 0.125585 -2.208178
v -1.000000 0.146997 -2.211035
v -1.000000 0.126635 -2.211035
v -1.000000 0.148047 -2.208180
v -1.000000 0.104961 -2.192098
v -1.000000 0.084336 -2.186068
v -1.000000 0.145350 -2.214625
v -1.000000 0.128282 -2.214625
v -1.000000 0.130311 -2.217961
v -1.000000 0.143321 -2.217961
v -1.000000 0.133203 -2.220937
v -1.000000 0.140429 -2.220937
v -1.000000 0.022464 -2.208178
v -1.000000 0.001052 -2.211035
v -1.000000 0.021414 -2.211035
v -1.000000 0.000002 -2.208178
v -1.000000 0.043088 -2.192098
v -1.000000 0.063712 -2.186068
v -1.000000 0.002699 -2.214625
v -1.000000 0.019767 -2.214625
v -1.000000 0.017737 -2.217961
v -1.000000 0.004728 -2.217961
v -1.000000 0.014846 -2.220937
v -1.000000 0.007619 -2.220937
v -1.000000 0.148047 -2.000000
v -1.000000 0.000002 -2.000000
v -0.208548 0.125585 -2.999629
v -0.186439 0.074024 -2.999629
v -0.192468 0.104961 -2.999629
v -0.186439 0.084336 -2.999629
v -0.211405 0.146997 -2.999629
v -0.211405 0.126635 -2.999629
v -0.208548 0.148047 -2.999629
v -0.214995 0.145350 -2.999629
v -0.214995 0.128282 -2.999629
v -0.218332 0.143321 -2.999629
v -0.218332 0.130311 -2.999629
v -0.221307 0.140429 -2.999629
v -0.221307 0.133203 -2.999629
v -0.208548 0.022464 -2.999629
v -0.192468 0.043088 -2.999629
v -0.186439 0.063712 -2.999629
v -0.211405 0.001052 -2.999629
v -0.211405 0.021414 -2.999629
v -0.208548 0.000002 -2.999629
v -0.214995 0.002699 -2.999629
v -0.214995 0.019767 -2.999629
v -0.218332 0.004728 -2.999629
v -0.218332 0.017737 -2.999629
v -0.221307 0.007619 -2.999629
v -0.221307 0.014846 -2.999629
v -0.000370 0.148047 -2.999629
v -0.000370 0.000002 -2.999629
v -0.208548 0.125585 -2.208180
v -0.211405 0.126635 -2.211030
v -0.208548 0.148047 -2.208180
v -0.221307 0.140429 -2.220940
v -0.208548 0.022464 -2.208180
v -0.214995 0.002699 -2.214620
v -0.186438 0.063712 -2.186069
v -0.211405 0.021414 -2.211029
v -0.208548 0.000002 -2.208180
v -0.221307 0.014846 -2.220940
v -0.000370 0.148047 -2.000000
v -0.000370 0.000000 -1.999999
v -0.214995 0.145350 -2.214620
v -0.211405 0.146997 -2.211029
v -0.186439 0.084336 -2.186069
v -0.192468 0.104961 -2.192100
v -0.214995 0.128282 -2.214620
v -0.186439 0.074024 -2.186069
v -0.218332 0.143321 -2.217959
v -0.218332 0.130311 -2.217959
v -0.221307 0.133203 -2.220940
v -0.211405 0.001052 -2.211029
v -0.192468 0.043088 -2.192100
v -0.214995 0.019766 -2.214620
v -0.218332 0.004728 -2.217959
v -0.218332 0.017737 -2.217959
v -0.221307 0.007619 -2.220940
vn 0.0894 -0.3695 -0.9249
vn 0.2653 -0.3671 -0.8915
vn 0.4328 -0.3626 -0.8254
vn 0.5859 -0.3566 -0.7277
vn 0.7185 -0.3500 -0.6010
vn 0.8246 -0.3438 -0.4493
vn 0.8988 -0.3390 -0.2779
vn 0.9370 -0.3364 -0.0941
vn 0.9370 -0.3364 0.0941
vn 0.8988 -0.3390 0.2779
vn 0.8246 -0.3438 0.4493
vn 0.7185 -0.3500 0.6010
vn 0.5859 -0.3565 0.7277
vn 0.4328 -0.3626 0.8254
vn 0.2653 -0.3671 0.8915
vn 0.0894 -0.3695 0.9249
vn -0.0894 -0.3695 0.9249
vn -0.2653 -0.3671 0.8915
vn -0.4328 -0.3626 0.8254
vn -0.5859 -0.3565 0.7277
vn -0.7185 -0.3500 0.6010
vn -0.8246 -0.3438 0.4493
vn -0.8988 -0.3390 0.2779
vn -0.9370 -0.3364 0.0941
vn -0.9370 -0.3364 -0.0941
vn -0.8988 -0.3390 -0.2779
vn -0.8246 -0.3438 -0.4493
vn -0.7185 -0.3500 -0.6010
vn -0.5859 -0.3566 -0.7277
vn -0.4328 -0.3626 -0.8254
vn -0.2653 -0.3671 -0.8915
vn -0.0894 -0.3695 -0.9249
vn -0.0894 0.3695 -0.9249
vn -0.0976 -0.0948 -0.9907
vn -0.0611 -0.7800 -0.6227
vn -0.0891 0.4013 -0.9116
vn -0.0971 -0.0000 -0.9953
vn -0.0891 -0.4013 -0.9116
vn -0.0611 0.7800 -0.6227
vn -0.2890 0.0948 -0.9526
vn -0.2653 0.3671 -0.8915
vn -0.2890 -0.0948 -0.9526
vn -0.1807 -0.7808 -0.5981
vn -0.2640 0.4008 -0.8773
vn -0.2878 -0.0000 -0.9577
vn -0.2640 -0.4008 -0.8773
vn -0.1807 0.7808 -0.5981
vn -0.4693 0.0948 -0.8780
vn -0.4328 0.3626 -0.8254
vn -0.4693 -0.0948 -0.8779
vn -0.2928 -0.7822 -0.5499
vn -0.4293 0.3999 -0.8098
vn -0.4680 -0.0000 -0.8837
vn -0.4293 -0.3999 -0.8098
vn -0.2928 0.7822 -0.5499
vn -0.6315 0.0948 -0.7695
vn -0.5859 0.3566 -0.7277
vn -0.6315 -0.0948 -0.7695
vn -0.3929 -0.7840 -0.4806
vn -0.5790 0.3987 -0.7112
vn -0.6308 -0.0000 -0.7759
vn -0.5790 -0.3987 -0.7112
vn -0.3929 0.7840 -0.4806
vn -0.7695 0.0948 -0.6315
vn -0.5859 0.3565 -0.7277
vn -0.7185 0.3500 -0.6010
vn -0.7695 -0.0948 -0.6315
vn -0.4772 -0.7860 -0.3931
vn -0.7071 0.3973 -0.5850
vn -0.7701 -0.0000 -0.6379
vn -0.7071 -0.3973 -0.5850
vn -0.4772 0.7860 -0.3931
vn -0.8780 0.0948 -0.4693
vn -0.8246 0.3438 -0.4493
vn -0.8780 -0.0948 -0.4693
vn -0.5428 -0.7877 -0.2913
vn -0.8083 0.3961 -0.4356
vn -0.8801 -0.0000 -0.4748
vn -0.8083 -0.3961 -0.4356
vn -0.5428 0.7877 -0.2913
vn -0.9526 0.0948 -0.2890
vn -0.8988 0.3390 -0.2779
vn -0.9526 -0.0948 -0.2890
vn -0.5876 -0.7891 -0.1790
vn -0.8785 0.3951 -0.2687
vn -0.9562 -0.0000 -0.2928
vn -0.8785 -0.3951 -0.2687
vn -0.5876 0.7891 -0.1790
vn -0.9907 0.0948 -0.0976
vn -0.9370 0.3364 -0.0941
vn -0.9907 -0.0948 -0.0976
vn -0.6104 -0.7898 -0.0604
vn -0.9143 0.3946 -0.0908
vn -0.9951 -0.0000 -0.0989
vn -0.9143 -0.3946 -0.0908
vn -0.6104 0.7898 -0.0604
vn -0.9907 0.0948 0.0976
vn -0.9370 0.3364 0.0941
vn -0.9907 -0.0948 0.0976
vn -0.6104 -0.7898 0.0604
vn -0.9143 0.3946 0.0908
vn -0.9951 -0.0000 0.0989
vn -0.9143 -0.3946 0.0908
vn -0.6104 0.7898 0.0604
vn -0.9526 0.0948 0.2890
vn -0.8988 0.3390 0.2779
vn -0.9526 -0.0948 0.2890
vn -0.5876 -0.7891 0.1790
vn -0.8785 0.3951 0.2687
vn -0.9562 -0.0000 0.2928
vn -0.8785 -0.3951 0.2687
vn -0.5876 0.7891 0.1790
vn -0.8780 0.0948 0.4693
vn -0.8246 0.3438 0.4493
vn -0.8780 -0.0948 0.4693
vn -0.5428 -0.7877 0.2913
vn -0.8083 0.3961 0.4356
vn -0.8801 -0.0000 0.4748
vn -0.8083 -0.3961 0.4356
vn -0.5428 0.7877 0.2913
vn -0.7695 0.0948 0.6315
vn -0.7185 0.3500 0.6010
vn -0.7695 -0.0948 0.6315
vn -0.4772 -0.7860 0.3931
vn -0.7070 0.3973 0.5850
vn -0.7701 -0.0000 0.6379
vn -0.7071 -0.3973 0.5850
vn -0.4772 0.7860 0.3931
vn -0.6315 0.0948 0.7695
vn -0.5859 0.3565 0.7277
vn -0.6315 -0.0948 0.7695
vn -0.3929 -0.7840 0.4806
vn -0.5790 0.3987 0.7112
vn -0.6308 -0.0000 0.7759
vn -0.5790 -0.3987 0.7112
vn -0.3929 0.7840 0.4806
vn -0.4693 0.0948 0.8779
vn -0.4328 0.3626 0.8254
vn -0.4693 -0.0948 0.8779
vn -0.2928 -0.7822 0.5499
vn -0.4293 0.3999 0.8098
vn -0.4680 -0.0000 0.8837
vn -0.4294 -0.3999 0.8098
vn -0.2928 0.7822 0.5499
vn -0.2890 0.0948 0.9526
vn -0.4328 0.3625 0.8254
vn -0.2653 0.3671 0.8915
vn -0.2890 -0.0948 0.9526
vn -0.1807 -0.7808 0.5981
vn -0.2640 0.4008 0.8773
vn -0.2878 -0.0000 0.9577
vn -0.2640 -0.4008 0.8773
vn -0.1807 0.7808 0.5981
vn -0.0976 0.0948 0.9907
vn -0.0894 0.3695 0.9249
vn -0.0976 -0.0948 0.9907
vn -0.0611 -0.7800 0.6227
vn -0.0891 0.4013 0.9116
vn -0.0971 -0.0000 0.9953
vn -0.0891 -0.4013 0.9116
vn -0.0611 0.7800 0.6227
vn 0.0976 0.0948 0.9907
vn 0.0894 0.3695 0.9249
vn 0.0976 -0.0948 0.9907
vn 0.0611 -0.7800 0.6227
vn 0.0891 0.4013 0.9116
vn 0.0971 -0.0000 0.9953
vn 0.0891 -0.4013 0.9116
vn 0.0611 0.7800 0.6227
vn 0.2890 0.0948 0.9526
vn 0.2653 0.3671 0.8915
vn 0.2890 -0.0948 0.9526
vn 0.1807 -0.7808 0.5981
vn 0.2640 0.4008 0.8773
vn 0.2878 -0.0000 0.9577
vn 0.2640 -0.4008 0.8773
vn 0.1807 0.7808 0.5981
vn 0.4693 0.0948 0.8779
vn 0.4328 0.3626 0.8254
vn 0.4693 -0.0948 0.8779
vn 0.2928 -0.7822 0.5499
vn 0.4293 0.3999 0.8098
vn 0.4680 -0.0000 0.8837
vn 0.4294 -0.3999 0.8098
vn 0.2928 0.7822 0.5499
vn 0.6315 0.0948 0.7695
vn 0.4328 0.3625 0.8254
vn 0.5859 0.3565 0.7277
vn 0.6315 -0.0948 0.7695
vn 0.3929 -0.7840 0.4806
vn 0.5790 0.3987 0.7112
vn 0.6308 -0.0000 0.7759
vn 0.5790 -0.3987 0.7112
vn 0.3929 0.7840 0.4806
vn 0.7695 0.0948 0.6315
vn 0.7185 0.3500 0.6010
vn 0.7695 -0.0948 0.6315
vn 0.4772 -0.7860 0.3931
vn 0.7071 0.3973 0.5850
vn 0.7701 -0.0000 0.6379
vn 0.7071 -0.3973 0.5850
vn 0.4772 0.7860 0.3931
vn 0.8780 0.0948 0.4693
vn 0.8246 0.3438 0.4493
vn 0.8780 -0.0948 0.4693
vn 0.5428 -0.7877 0.2913
vn 0.8083 0.3961 0.4356
vn 0.8801 -0.0000 0.4748
vn 0.8083 -0.3961 0.4356
vn 0.5428 0.7877 0.2913
vn 0.9526 0.0948 0.2890
vn 0.8988 0.3390 0.2779
vn 0.9526 -0.0948 0.2890
vn 0.5876 -0.7891 0.1790
vn 0.8785 0.3951 0.2687
vn 0.9562 -0.0000 0.2928
vn 0.8785 -0.3951 0.2687
vn 0.5876 0.7891 0.1790
vn 0.9907 0.0948 0.0976
vn 0.9370 0.3364 0.0941
vn 0.9907 -0.0948 0.0976
vn 0.6104 -0.7898 0.0604
vn 0.9143 0.3946 0.0908
vn 0.9951 -0.0000 0.0989
vn 0.9143 -0.3946 0.0908
vn 0.6104 0.7898 0.0603
vn 0.9907 0.0948 -0.0976
vn 0.9370 0.3364 -0.0941
vn 0.9907 -0.0948 -0.0976
vn 0.6104 -0.7898 -0.0604
vn 0.9143 0.3946 -0.0908
vn 0.9951 -0.0000 -0.0989
vn 0.9143 -0.3946 -0.0908
vn 0.6104 0.7898 -0.0603
vn 0.9526 0.0948 -0.2890
vn 0.8988 0.3390 -0.2779
vn 0.9526 -0.0948 -0.2890
vn 0.5876 -0.7891 -0.1790
vn 0.8785 0.3951 -0.2687
vn 0.9562 -0.0000 -0.2928
vn 0.8785 -0.3951 -0.2687
vn 0.5876 0.7891 -0.1790
vn 0.8780 0.0948 -0.4693
vn 0.8246 0.3438 -0.4493
vn 0.8780 -0.0948 -0.4693
vn 0.5428 -0.7877 -0.2913
vn 0.8083 0.3961 -0.4356
vn 0.8801 -0.0000 -0.4748
vn 0.8083 -0.3961 -0.4356
vn 0.5428 0.7877 -0.2913
vn 0.7695 0.0948 -0.6315
vn 0.7185 0.3500 -0.6010
vn 0.7695 -0.0948 -0.6315
vn 0.4772 -0.7860 -0.3931
vn 0.7071 0.3973 -0.5850
vn 0.7701 -0.0000 -0.6379
vn 0.7071 -0.3973 -0.5850
vn 0.4772 0.7860 -0.3931
vn 0.6315 0.0948 -0.7695
vn 0.5859 0.3566 -0.7277
vn 0.6315 -0.0948 -0.7695
vn 0.3929 -0.7840 -0.4806
vn 0.5790 0.3987 -0.7112
vn 0.6308 -0.0000 -0.7759
vn 0.5790 -0.3987 -0.7112
vn 0.3929 0.7840 -0.4806
vn 0.4693 0.0948 -0.8780
vn 0.4328 0.3626 -0.8254
vn 0.4693 -0.0948 -0.8779
vn 0.2928 -0.7822 -0.5499
vn 0.4293 0.3999 -0.8098
vn 0.4680 -0.0000 -0.8837
vn 0.4293 -0.3999 -0.8098
vn 0.2928 0.7822 -0.5499
vn 0.2890 0.0948 -0.9526
vn 0.2653 0.3671 -0.8915
vn 0.2890 -0.0948 -0.9526
vn 0.1807 -0.7808 -0.5981
vn 0.2640 0.4008 -0.8773
vn 0.2878 -0.0000 -0.9577
vn 0.2640 -0.4008 -0.8773
vn 0.1807 0.7808 -0.5981
vn 0.0976 0.0948 -0.9907
vn 0.0894 0.3695 -0.9249
vn 0.0976 -0.0948 -0.9907
vn 0.0611 -0.7800 -0.6227
vn 0.0891 0.4013 -0.9116
vn 0.0971 -0.0000 -0.9953
vn 0.0891 -0.4013 -0.9116
vn 0.0611 0.7800 -0.6227
vn -0.0976 0.0948 -0.9907
vn -0.1111 -0.8625 -0.4937
vn -0.0000 -0.8379 -0.5458
vn -0.0000 -0.9248 -0.3804
vn -0.0940 -0.9529 -0.2884
vn -0.0000 -0.8844 -0.4667
vn -0.1073 -0.9237 -0.3677
vn -0.0000 -0.7962 -0.6050
vn -0.1307 -0.8564 -0.4994
vn -0.2022 -0.5294 -0.8239
vn -0.0000 -0.4365 -0.8997
vn -0.0000 0.4365 -0.8997
vn -0.2022 0.5294 -0.8239
vn -0.1111 0.8625 -0.4937
vn -0.0940 0.9529 -0.2884
vn -0.0000 0.9248 -0.3804
vn -0.0000 0.8379 -0.5458
vn -0.1073 0.9237 -0.3677
vn -0.0000 0.8844 -0.4667
vn -0.1307 0.8565 -0.4994
vn -0.0000 0.7962 -0.6050
vn -0.0000 1.0000 -0.0000
vn -0.0000 -1.0000 -0.0000
vn -0.9249 -0.3695 -0.0894
vn -0.8915 -0.3671 -0.2653
vn -0.8254 -0.3625 -0.4328
vn -0.7277 -0.3566 -0.5859
vn -0.6010 -0.3500 -0.7185
vn -0.4493 -0.3438 -0.8246
vn -0.2779 -0.3390 -0.8988
vn -0.0941 -0.3364 -0.9370
vn 0.0941 -0.3364 -0.9370
vn 0.2779 -0.3390 -0.8988
vn 0.4493 -0.3438 -0.8246
vn 0.6010 -0.3500 -0.7185
vn 0.7277 -0.3566 -0.5859
vn 0.8254 -0.3625 -0.4328
vn 0.8915 -0.3671 -0.2653
vn 0.9249 -0.3695 -0.0894
vn 0.9249 -0.3695 0.0894
vn 0.8915 -0.3671 0.2653
vn 0.8254 -0.3626 0.4328
vn 0.7277 -0.3566 0.5859
vn 0.6010 -0.3500 0.7185
vn 0.4493 -0.3438 0.8246
vn 0.2779 -0.3390 0.8988
vn 0.0941 -0.3364 0.9370
vn -0.0941 -0.3364 0.9370
vn -0.2779 -0.3390 0.8988
vn -0.4493 -0.3438 0.8246
vn -0.6010 -0.3500 0.7185
vn -0.7277 -0.3566 0.5859
vn -0.8254 -0.3625 0.4328
vn -0.8915 -0.3671 0.2653
vn -0.9249 -0.3695 0.0894
vn -0.9249 0.3695 0.0894
vn -0.6227 -0.7800 0.0611
vn -0.9116 0.4013 0.0891
vn -0.9953 -0.0000 0.0971
vn -0.9116 -0.4013 0.0891
vn -0.6227 0.7800 0.0611
vn -0.8915 0.3671 0.2653
vn -0.5981 -0.7808 0.1807
vn -0.8773 0.4008 0.2640
vn -0.9577 -0.0000 0.2878
vn -0.8773 -0.4008 0.2640
vn -0.5981 0.7808 0.1807
vn -0.8779 0.0948 0.4693
vn -0.8254 0.3625 0.4328
vn -0.8779 -0.0948 0.4693
vn -0.5499 -0.7822 0.2928
vn -0.8098 0.3999 0.4293
vn -0.8837 -0.0000 0.4680
vn -0.8098 -0.3999 0.4293
vn -0.5499 0.7822 0.2928
vn -0.7277 0.3566 0.5859
vn -0.4806 -0.7840 0.3929
vn -0.7112 0.3987 0.5790
vn -0.7759 -0.0000 0.6308
vn -0.7112 -0.3987 0.5790
vn -0.4806 0.7840 0.3929
vn -0.6010 0.3500 0.7185
vn -0.3931 -0.7860 0.4772
vn -0.5850 0.3973 0.7071
vn -0.6379 -0.0000 0.7701
vn -0.5850 -0.3973 0.7071
vn -0.3931 0.7860 0.4772
vn -0.4493 0.3438 0.8246
vn -0.2913 -0.7877 0.5428
vn -0.4356 0.3961 0.8083
vn -0.4748 -0.0000 0.8801
vn -0.4356 -0.3961 0.8083
vn -0.2913 0.7877 0.5428
vn -0.2779 0.3390 0.8988
vn -0.1790 -0.7891 0.5876
vn -0.2686 0.3952 0.8785
vn -0.2928 -0.0000 0.9562
vn -0.2686 -0.3951 0.8785
vn -0.1790 0.7891 0.5876
vn -0.0941 0.3364 0.9370
vn -0.0603 -0.7898 0.6104
vn -0.0908 0.3946 0.9143
vn -0.0989 -0.0000 0.9951
vn -0.0908 -0.3946 0.9143
vn -0.0603 0.7898 0.6104
vn 0.0941 0.3364 0.9370
vn 0.0603 -0.7898 0.6104
vn 0.0908 0.3946 0.9143
vn 0.0989 -0.0000 0.9951
vn 0.0908 -0.3946 0.9143
vn 0.0603 0.7898 0.6104
vn 0.2779 0.3390 0.8988
vn 0.1790 -0.7891 0.5876
vn 0.2686 0.3951 0.8785
vn 0.2928 -0.0000 0.9562
vn 0.2686 -0.3952 0.8785
vn 0.1790 0.7891 0.5876
vn 0.4493 0.3438 0.8246
vn 0.2913 -0.7877 0.5428
vn 0.4356 0.3961 0.8083
vn 0.4748 -0.0000 0.8801
vn 0.4356 -0.3961 0.8083
vn 0.2913 0.7877 0.5428
vn 0.6010 0.3500 0.7185
vn 0.3931 -0.7860 0.4772
vn 0.5850 0.3973 0.7071
vn 0.6379 -0.0000 0.7701
vn 0.5850 -0.3973 0.7071
vn 0.3931 0.7860 0.4772
vn 0.7277 0.3566 0.5859
vn 0.4806 -0.7840 0.3929
vn 0.7112 0.3987 0.5790
vn 0.7759 -0.0000 0.6308
vn 0.7112 -0.3987 0.5790
vn 0.4806 0.7840 0.3929
vn 0.8779 0.0948 0.4693
vn 0.8254 0.3625 0.4328
vn 0.8779 -0.0948 0.4693
vn 0.5499 -0.7822 0.2928
vn 0.8098 0.3999 0.4293
vn 0.8837 -0.0000 0.4680
vn 0.8098 -0.3999 0.4293
vn 0.5499 0.7822 0.2928
vn 0.8915 0.3671 0.2653
vn 0.5981 -0.7808 0.1807
vn 0.8773 0.4008 0.2640
vn 0.9577 -0.0000 0.2878
vn 0.8773 -0.4008 0.2640
vn 0.5981 0.7808 0.1807
vn 0.9249 0.3695 0.0894
vn 0.6227 -0.7800 0.0611
vn 0.9116 0.4013 0.0891
vn 0.9953 -0.0000 0.0971
vn 0.9116 -0.4013 0.0891
vn 0.6227 0.7800 0.0611
vn 0.9249 0.3695 -0.0894
vn 0.6227 -0.7800 -0.0611
vn 0.9116 0.4013 -0.0891
vn 0.9953 -0.0000 -0.0971
vn 0.9116 -0.4013 -0.0891
vn 0.6227 0.7800 -0.0611
vn 0.8915 0.3671 -0.2653
vn 0.5981 -0.7808 -0.1807
vn 0.8773 0.4008 -0.2640
vn 0.9577 -0.0000 -0.2878
vn 0.8773 -0.4008 -0.2640
vn 0.5981 0.7808 -0.1807
vn 0.8779 0.0948 -0.4693
vn 0.8254 0.3625 -0.4328
vn 0.8779 -0.0948 -0.4693
vn 0.5499 -0.7822 -0.2928
vn 0.8098 0.3999 -0.4294
vn 0.8837 -0.0000 -0.4680
vn 0.8098 -0.3999 -0.4293
vn 0.5499 0.7822 -0.2928
vn 0.7277 0.3566 -0.5859
vn 0.4806 -0.7840 -0.3929
vn 0.7112 0.3987 -0.5790
vn 0.7759 -0.0000 -0.6308
vn 0.7112 -0.3987 -0.5790
vn 0.4806 0.7840 -0.3929
vn 0.6010 0.3500 -0.7185
vn 0.3931 -0.7860 -0.4772
vn 0.5850 0.3973 -0.7070
vn 0.6379 -0.0000 -0.7701
vn 0.5850 -0.3973 -0.7070
vn 0.3931 0.7860 -0.4772
vn 0.4493 0.3438 -0.8246
vn 0.4693 -0.0948 -0.8780
vn 0.2913 -0.7877 -0.5428
vn 0.4356 0.3961 -0.8083
vn 0.4748 -0.0000 -0.8801
vn 0.4356 -0.3961 -0.8083
vn 0.2913 0.7877 -0.5428
vn 0.2779 0.3390 -0.8988
vn 0.1789 -0.7891 -0.5876
vn 0.2686 0.3951 -0.8785
vn 0.2928 -0.0000 -0.9562
vn 0.2686 -0.3951 -0.8785
vn 0.1789 0.7891 -0.5876
vn 0.0941 0.3364 -0.9370
vn 0.0604 -0.7898 -0.6104
vn 0.0908 0.3946 -0.9143
vn 0.0989 -0.0000 -0.9951
vn 0.0908 -0.3946 -0.9143
vn 0.0604 0.7898 -0.6104
vn -0.0941 0.3364 -0.9370
vn -0.0604 -0.7898 -0.6104
vn -0.0908 0.3946 -0.9143
vn -0.0989 -0.0000 -0.9951
vn -0.0908 -0.3946 -0.9143
vn -0.0604 0.7898 -0.6104
vn -0.2779 0.3390 -0.8988
vn -0.1789 -0.7891 -0.5876
vn -0.2686 0.3951 -0.8785
vn -0.2928 -0.0000 -0.9562
vn -0.2686 -0.3951 -0.8785
vn -0.1789 0.7891 -0.5876
vn -0.4493 0.3438 -0.8246
vn -0.4693 -0.0948 -0.8780
vn -0.2913 -0.7877 -0.5428
vn -0.4356 0.3961 -0.8083
vn -0.4748 -0.0000 -0.8801
vn -0.4356 -0.3961 -0.8083
vn -0.2913 0.7877 -0.5428
vn -0.6010 0.3500 -0.7185
vn -0.3932 -0.7860 -0.4772
vn -0.5850 0.3973 -0.7070
vn -0.6379 -0.0000 -0.7701
vn -0.5850 -0.3973 -0.7070
vn -0.3931 0.7860 -0.4772
vn -0.7277 0.3566 -0.5859
vn -0.4806 -0.7840 -0.3929
vn -0.7112 0.3987 -0.5790
vn -0.7759 -0.0000 -0.6308
vn -0.7112 -0.3987 -0.5790
vn -0.4806 0.7840 -0.3929
vn -0.8254 0.3626 -0.4328
vn -0.5499 -0.7822 -0.2928
vn -0.8098 0.3999 -0.4293
vn -0.8837 -0.0000 -0.4680
vn -0.8098 -0.3999 -0.4293
vn -0.5499 0.7822 -0.2928
vn -0.8915 0.3671 -0.2653
vn -0.5981 -0.7808 -0.1807
vn -0.8773 0.4008 -0.2640
vn -0.9577 -0.0000 -0.2878
vn -0.8773 -0.4008 -0.2640
vn -0.5981 0.7808 -0.1807
vn -0.9249 0.3695 -0.0894
vn -0.6227 -0.7800 -0.0611
vn -0.9116 0.4013 -0.0891
vn -0.9953 -0.0000 -0.0971
vn -0.9116 -0.4013 -0.0891
vn -0.6227 0.7800 -0.0611
vn -0.8254 -0.3626 -0.4328
vn -0.7277 -0.3565 -0.5859
vn 0.7277 -0.3565 -0.5859
vn 0.8254 -0.3626 -0.4328
vn -0.7759 -0.0000 0.6309
vn -0.2686 0.3951 0.8785
vn 0.2686 -0.3951 0.8785
vn 0.5850 -0.3973 0.7070
vn 0.7277 0.3565 0.5859
vn 0.7759 -0.0000 0.6309
vn 0.8254 0.3626 0.4328
vn 0.8098 0.3999 0.4294
vn 0.8254 0.3626 -0.4328
vn 0.7277 0.3565 -0.5859
vn 0.5850 0.3973 -0.7071
vn 0.5850 -0.3973 -0.7071
vn 0.1790 -0.7891 -0.5876
vn 0.2687 0.3952 -0.8785
vn 0.2687 -0.3952 -0.8785
vn 0.1790 0.7891 -0.5876
vn 0.0603 -0.7898 -0.6104
vn 0.0603 0.7898 -0.6104
vn -0.0603 -0.7898 -0.6104
vn -0.0603 0.7898 -0.6104
vn -0.1790 -0.7891 -0.5876
vn -0.2687 0.3952 -0.8785
vn -0.2687 -0.3952 -0.8785
vn -0.1790 0.7891 -0.5876
vn -0.3931 -0.7860 -0.4772
vn -0.5850 0.3973 -0.7071
vn -0.5850 -0.3973 -0.7071
vn -0.7277 0.3565 -0.5859
vn -0.1704 -0.5198 -0.8371
vn -0.4997 -0.8662 -0.0000
vn -0.8815 -0.4722 -0.0000
vn -0.2038 -0.0000 -0.9790
vn -0.1948 -0.1663 -0.9666
vn -0.9895 -0.1446 -0.0000
vn -1.0000 -0.0000 -0.0000
vn -0.1307 0.8564 -0.4994
vn -0.5994 0.8004 -0.0000
vn -0.8897 0.4565 -0.0000
vn -0.0940 0.9529 -0.2885
vn -0.3781 0.9258 -0.0000
vn -0.4637 0.8860 -0.0000
vn -0.0476 0.9519 -0.3027
vn -0.3449 0.9386 -0.0000
vn -0.1704 0.5198 -0.8371
vn -0.8815 0.4722 -0.0000
vn -0.4997 0.8662 -0.0000
vn -0.9895 0.1446 -0.0000
vn -0.1948 0.1663 -0.9666
vn -0.1307 -0.8565 -0.4994
vn -0.8897 -0.4565 -0.0000
vn -0.5994 -0.8004 -0.0000
vn -0.4637 -0.8860 -0.0000
vn -0.3781 -0.9258 -0.0000
vn -0.0476 -0.9519 -0.3026
vn -0.3449 -0.9386 -0.0000
vn 1.0000 -0.0000 -0.0000
vn -0.0000 -0.0000 1.0000
vn -0.0000 -0.9385 -0.3453
vn -0.0000 0.1439 -0.9896
vn -0.0000 0.4675 -0.8840
vn -0.0000 -0.0000 -1.0000
vn -0.0000 0.9384 -0.3455
vn -0.0000 0.9248 -0.3805
vn -0.0000 -0.1439 -0.9896
vn -0.0000 -0.4675 -0.8840
vn -0.1111 -0.8625 -0.4936
vn -0.0000 -0.8380 -0.5457
vn -0.1111 0.8625 -0.4936
vn -0.0000 0.8380 -0.5457
vn -0.0000 0.9384 -0.3454
vt 0.889818 0.630295
vt 0.954150 0.630300
vt 0.954016 0.631926
vt 0.889817 0.631587
vt 0.953622 0.634411
vt 0.889810 0.633533
vt 0.953004 0.637949
vt 0.889791 0.636337
vt 0.952221 0.642458
vt 0.889752 0.639985
vt 0.951338 0.647801
vt 0.889686 0.644362
vt 0.950422 0.653813
vt 0.889594 0.649295
vt 0.949526 0.660305
vt 0.889476 0.654581
vt 0.948689 0.667060
vt 0.889341 0.660003
vt 0.947951 0.673860
vt 0.889204 0.665295
vt 0.947292 0.680448
vt 0.889063 0.670332
vt 0.946714 0.686580
vt 0.888927 0.674938
vt 0.946214 0.692032
vt 0.888803 0.678964
vt 0.945789 0.696602
vt 0.888698 0.682294
vt 0.945437 0.700136
vt 0.888617 0.684857
vt 0.945144 0.702559
vt 0.888560 0.686650
vt 0.944822 0.704158
vt 0.888524 0.687853
vt 0.888534 0.572736
vt 0.944835 0.556441
vt 0.945157 0.558041
vt 0.888570 0.573939
vt 0.945450 0.560463
vt 0.888627 0.575733
vt 0.945801 0.563998
vt 0.888707 0.578295
vt 0.946224 0.568568
vt 0.888811 0.581625
vt 0.946724 0.574019
vt 0.888934 0.585651
vt 0.947301 0.580152
vt 0.889070 0.590258
vt 0.947959 0.586740
vt 0.889211 0.595295
vt 0.948696 0.593540
vt 0.889346 0.600587
vt 0.949532 0.600295
vt 0.889481 0.606009
vt 0.950426 0.606787
vt 0.889597 0.611294
vt 0.951342 0.612800
vt 0.889689 0.616228
vt 0.952223 0.618143
vt 0.889753 0.620605
vt 0.953005 0.622652
vt 0.889792 0.624253
vt 0.953623 0.626190
vt 0.889810 0.627057
vt 0.954016 0.628674
vt 0.889817 0.629003
vt 0.031205 0.628612
vt 0.095350 0.628951
vt 0.095348 0.630242
vt 0.031071 0.630236
vt 0.155851 0.628805
vt 0.155894 0.630248
vt 0.829266 0.628845
vt 0.829222 0.630290
vt 0.664779 0.630275
vt 0.664893 0.629037
vt 0.320094 0.629025
vt 0.331660 0.629308
vt 0.331719 0.630263
vt 0.320208 0.630262
vt 0.340950 0.629052
vt 0.340913 0.630260
vt 0.644004 0.629061
vt 0.644042 0.630278
vt 0.653317 0.629318
vt 0.653257 0.630275
vt 0.319761 0.627145
vt 0.155719 0.626566
vt 0.031598 0.626129
vt 0.095357 0.627007
vt 0.829398 0.626604
vt 0.665228 0.627155
vt 0.331450 0.627857
vt 0.341038 0.627182
vt 0.643918 0.627181
vt 0.653527 0.627865
vt 0.319313 0.624382
vt 0.155511 0.623333
vt 0.032216 0.622594
vt 0.095376 0.624205
vt 0.829608 0.623369
vt 0.665676 0.624389
vt 0.331085 0.625636
vt 0.341103 0.624448
vt 0.643856 0.624440
vt 0.653893 0.625641
vt 0.318879 0.620763
vt 0.155250 0.619168
vt 0.032999 0.618089
vt 0.095415 0.620560
vt 0.829869 0.619201
vt 0.666111 0.620767
vt 0.330603 0.622444
vt 0.341095 0.620881
vt 0.643868 0.620870
vt 0.654376 0.622445
vt 0.318532 0.616447
vt 0.154964 0.614185
vt 0.033880 0.612751
vt 0.095480 0.616187
vt 0.830156 0.614214
vt 0.666459 0.616447
vt 0.330089 0.618200
vt 0.341016 0.616588
vt 0.643953 0.616575
vt 0.654891 0.618197
vt 0.318290 0.611633
vt 0.154681 0.608528
vt 0.034795 0.606743
vt 0.095573 0.611258
vt 0.830440 0.608552
vt 0.666701 0.611629
vt 0.329645 0.613025
vt 0.340903 0.611703
vt 0.644070 0.611688
vt 0.655337 0.613018
vt 0.318145 0.606515
vt 0.154424 0.602373
vt 0.035691 0.600257
vt 0.095690 0.605976
vt 0.830699 0.602392
vt 0.666847 0.606507
vt 0.329335 0.607194
vt 0.340800 0.606387
vt 0.644176 0.606370
vt 0.655648 0.607183
vt 0.318087 0.601274
vt 0.154207 0.595927
vt 0.036527 0.593508
vt 0.095825 0.600559
vt 0.830917 0.595941
vt 0.666905 0.601262
vt 0.329166 0.601028
vt 0.340735 0.600830
vt 0.644243 0.600812
vt 0.655819 0.601015
vt 0.318064 0.596092
vt 0.154051 0.589427
vt 0.037265 0.586713
vt 0.095962 0.595272
vt 0.831074 0.589435
vt 0.666928 0.596076
vt 0.329140 0.594833
vt 0.340701 0.595241
vt 0.644278 0.595222
vt 0.655846 0.594816
vt 0.318111 0.591112
vt 0.153939 0.583102
vt 0.037923 0.580131
vt 0.096103 0.590239
vt 0.831187 0.583105
vt 0.666882 0.591093
vt 0.329208 0.588890
vt 0.340708 0.589850
vt 0.644272 0.589829
vt 0.655777 0.588870
vt 0.318210 0.586508
vt 0.153865 0.577191
vt 0.038501 0.574004
vt 0.096239 0.585636
vt 0.831262 0.577189
vt 0.666782 0.586487
vt 0.329352 0.583457
vt 0.340737 0.584863
vt 0.644243 0.584840
vt 0.655634 0.583434
vt 0.318348 0.582443
vt 0.153819 0.571919
vt 0.039000 0.568557
vt 0.096363 0.581614
vt 0.831309 0.571913
vt 0.666644 0.582420
vt 0.329535 0.578757
vt 0.340768 0.580463
vt 0.644211 0.580439
vt 0.655449 0.578732
vt 0.318504 0.579062
vt 0.153788 0.567487
vt 0.039424 0.563991
vt 0.096467 0.578286
vt 0.831340 0.567477
vt 0.666488 0.579036
vt 0.329713 0.574943
vt 0.340788 0.576802
vt 0.644191 0.576777
vt 0.655271 0.574916
vt 0.318644 0.576461
vt 0.153762 0.564052
vt 0.039776 0.560460
vt 0.096549 0.575726
vt 0.831367 0.564039
vt 0.666348 0.576433
vt 0.329838 0.572072
vt 0.340797 0.573982
vt 0.644181 0.573959
vt 0.655145 0.572044
vt 0.318714 0.574653
vt 0.153726 0.561693
vt 0.040069 0.558039
vt 0.096605 0.573934
vt 0.831403 0.561678
vt 0.666278 0.574624
vt 0.329875 0.570107
vt 0.340814 0.572026
vt 0.644162 0.572011
vt 0.655108 0.570077
vt 0.318645 0.573449
vt 0.153657 0.560095
vt 0.040391 0.556441
vt 0.096642 0.572732
vt 0.831472 0.560079
vt 0.666347 0.573419
vt 0.329801 0.568733
vt 0.340875 0.570740
vt 0.644099 0.570717
vt 0.655181 0.568702
vt 0.318704 0.685873
vt 0.318634 0.687076
vt 0.153645 0.700400
vt 0.153713 0.698802
vt 0.040056 0.702435
vt 0.096595 0.686550
vt 0.096631 0.687753
vt 0.040377 0.704033
vt 0.831392 0.698901
vt 0.831460 0.700500
vt 0.666337 0.687132
vt 0.666269 0.685927
vt 0.329865 0.690421
vt 0.329791 0.691795
vt 0.340808 0.688492
vt 0.340870 0.689786
vt 0.644157 0.688547
vt 0.644094 0.689833
vt 0.655098 0.690471
vt 0.655172 0.691846
vt 0.318634 0.684064
vt 0.153750 0.696444
vt 0.039763 0.700014
vt 0.096539 0.684759
vt 0.831355 0.696541
vt 0.666339 0.684117
vt 0.329829 0.688455
vt 0.340790 0.686544
vt 0.644174 0.686591
vt 0.655136 0.688505
vt 0.318495 0.681463
vt 0.153777 0.693008
vt 0.039412 0.696483
vt 0.096458 0.682198
vt 0.831329 0.693102
vt 0.666479 0.681515
vt 0.329704 0.685584
vt 0.340780 0.683727
vt 0.644184 0.683771
vt 0.655263 0.685633
vt 0.318339 0.678082
vt 0.153808 0.688576
vt 0.038989 0.691917
vt 0.096354 0.678871
vt 0.831299 0.688666
vt 0.666636 0.678131
vt 0.329527 0.681770
vt 0.340760 0.680066
vt 0.644204 0.680108
vt 0.655441 0.681817
vt 0.318202 0.674017
vt 0.153855 0.683305
vt 0.038491 0.686470
vt 0.096231 0.674848
vt 0.831253 0.683391
vt 0.666775 0.674064
vt 0.329344 0.677070
vt 0.340729 0.675666
vt 0.644236 0.675707
vt 0.655626 0.677115
vt 0.318104 0.669413
vt 0.153930 0.677394
vt 0.037914 0.680343
vt 0.096096 0.670246
vt 0.831179 0.677474
vt 0.666875 0.669457
vt 0.329201 0.671637
vt 0.340701 0.670679
vt 0.644265 0.670718
vt 0.655770 0.671679
vt 0.318058 0.664433
vt 0.154043 0.671068
vt 0.037257 0.673761
vt 0.095956 0.665213
vt 0.831067 0.671144
vt 0.666922 0.664474
vt 0.329133 0.665694
vt 0.340695 0.665287
vt 0.644271 0.665325
vt 0.655839 0.665733
vt 0.318081 0.659251
vt 0.154200 0.664568
vt 0.036520 0.666966
vt 0.095820 0.659926
vt 0.830911 0.664639
vt 0.666900 0.659289
vt 0.329160 0.659499
vt 0.340728 0.659700
vt 0.644237 0.659734
vt 0.655813 0.659534
vt 0.318140 0.654010
vt 0.154418 0.658122
vt 0.035685 0.660217
vt 0.095685 0.654508
vt 0.830694 0.658187
vt 0.666843 0.654044
vt 0.329330 0.653334
vt 0.340794 0.654144
vt 0.644170 0.654175
vt 0.655644 0.653365
vt 0.318286 0.648892
vt 0.154677 0.651967
vt 0.034791 0.653730
vt 0.095569 0.649227
vt 0.830436 0.652027
vt 0.666698 0.648921
vt 0.329641 0.647503
vt 0.340898 0.648829
vt 0.644065 0.648857
vt 0.655333 0.647530
vt 0.318529 0.644078
vt 0.154962 0.646310
vt 0.033877 0.647722
vt 0.095478 0.644298
vt 0.830153 0.646365
vt 0.666456 0.644104
vt 0.330086 0.642328
vt 0.341013 0.643944
vt 0.643950 0.643969
vt 0.654889 0.642351
vt 0.318877 0.639762
vt 0.155248 0.641327
vt 0.032996 0.642384
vt 0.095413 0.639924
vt 0.829867 0.641378
vt 0.666109 0.639784
vt 0.330601 0.638083
vt 0.341094 0.639652
vt 0.643868 0.639673
vt 0.654374 0.638103
vt 0.319312 0.636143
vt 0.155509 0.637163
vt 0.032214 0.637879
vt 0.095375 0.636279
vt 0.829606 0.637210
vt 0.665675 0.636162
vt 0.331084 0.634891
vt 0.341104 0.636084
vt 0.643857 0.636104
vt 0.653892 0.634908
vt 0.319760 0.633380
vt 0.155718 0.633930
vt 0.031597 0.634344
vt 0.095356 0.633478
vt 0.829398 0.633975
vt 0.665227 0.633396
vt 0.331449 0.632669
vt 0.341039 0.633346
vt 0.643919 0.633366
vt 0.653527 0.632684
vt 0.320094 0.631500
vt 0.155850 0.631691
vt 0.031205 0.631861
vt 0.095350 0.631534
vt 0.829266 0.631734
vt 0.664893 0.631514
vt 0.331660 0.631218
vt 0.340951 0.631468
vt 0.644005 0.631495
vt 0.653317 0.631232
vt 0.795578 0.320658
vt 0.795578 0.268145
vt 0.797034 0.268145
vt 0.797034 0.320658
vt 0.799035 0.268145
vt 0.799035 0.320658
vt 0.801197 0.268145
vt 0.801197 0.320658
vt 0.803877 0.320658
vt 0.803877 0.268145
vt 0.809845 0.268146
vt 0.809845 0.320658
vt 0.707605 0.320658
vt 0.706149 0.320658
vt 0.706149 0.268145
vt 0.707604 0.268145
vt 0.704147 0.320658
vt 0.704147 0.268146
vt 0.701986 0.320658
vt 0.701986 0.268145
vt 0.699306 0.320658
vt 0.693337 0.320658
vt 0.693337 0.268145
vt 0.699306 0.268145
vt 0.963202 0.328818
vt 0.925655 0.328818
vt 0.925655 0.267923
vt 0.963203 0.267923
vt 0.963203 0.423991
vt 0.963202 0.484886
vt 0.925655 0.484886
vt 0.925655 0.423991
vt 0.889818 0.630129
vt 0.954149 0.630134
vt 0.954015 0.631760
vt 0.889817 0.631421
vt 0.953622 0.634245
vt 0.889810 0.633367
vt 0.953004 0.637783
vt 0.889790 0.636171
vt 0.952220 0.642291
vt 0.889751 0.639819
vt 0.951338 0.647634
vt 0.889686 0.644196
vt 0.950422 0.653647
vt 0.889594 0.649129
vt 0.949526 0.660139
vt 0.889476 0.654415
vt 0.948689 0.666894
vt 0.889341 0.659837
vt 0.947951 0.673694
vt 0.889204 0.665128
vt 0.947292 0.680281
vt 0.889063 0.670166
vt 0.946714 0.686414
vt 0.888926 0.674772
vt 0.946213 0.691865
vt 0.888803 0.678798
vt 0.945789 0.696435
vt 0.888698 0.682128
vt 0.945437 0.699970
vt 0.888617 0.684690
vt 0.945144 0.702392
vt 0.888560 0.686484
vt 0.944822 0.703992
vt 0.888524 0.687687
vt 0.888534 0.572570
vt 0.944835 0.556275
vt 0.945157 0.557875
vt 0.888570 0.573773
vt 0.945449 0.560297
vt 0.888627 0.575567
vt 0.945801 0.563831
vt 0.888707 0.578129
vt 0.946224 0.568402
vt 0.888811 0.581459
vt 0.946723 0.573853
vt 0.888934 0.585485
vt 0.947301 0.579986
vt 0.889070 0.590091
vt 0.947958 0.586573
vt 0.889210 0.595128
vt 0.948696 0.593374
vt 0.889346 0.600420
vt 0.949531 0.600129
vt 0.889481 0.605842
vt 0.950426 0.606621
vt 0.889597 0.611128
vt 0.951341 0.612634
vt 0.889689 0.616062
vt 0.952223 0.617977
vt 0.889753 0.620439
vt 0.953005 0.622485
vt 0.889792 0.624086
vt 0.953623 0.626023
vt 0.889810 0.626891
vt 0.954016 0.628508
vt 0.889817 0.628836
vt 0.031205 0.628446
vt 0.095350 0.628785
vt 0.095348 0.630076
vt 0.031071 0.630070
vt 0.155851 0.628639
vt 0.155894 0.630082
vt 0.829266 0.628679
vt 0.829222 0.630123
vt 0.664779 0.630109
vt 0.664893 0.628871
vt 0.320094 0.628859
vt 0.331660 0.629142
vt 0.331719 0.630097
vt 0.320208 0.630096
vt 0.340950 0.628886
vt 0.340913 0.630094
vt 0.644004 0.628895
vt 0.644042 0.630112
vt 0.653317 0.629152
vt 0.653257 0.630109
vt 0.319761 0.626979
vt 0.155719 0.626399
vt 0.031598 0.625963
vt 0.095357 0.626841
vt 0.829398 0.626438
vt 0.665227 0.626989
vt 0.331450 0.627691
vt 0.341038 0.627017
vt 0.643918 0.627015
vt 0.653527 0.627699
vt 0.319313 0.624216
vt 0.155511 0.623167
vt 0.032216 0.622428
vt 0.095376 0.624039
vt 0.829607 0.623203
vt 0.665676 0.624223
vt 0.331085 0.625470
vt 0.341103 0.624282
vt 0.643856 0.624274
vt 0.653893 0.625475
vt 0.318879 0.620597
vt 0.155250 0.619002
vt 0.032999 0.617923
vt 0.095415 0.620394
vt 0.829869 0.619035
vt 0.666111 0.620601
vt 0.330603 0.622278
vt 0.341095 0.620715
vt 0.643868 0.620704
vt 0.654376 0.622279
vt 0.318532 0.616281
vt 0.154964 0.614019
vt 0.033880 0.612585
vt 0.095480 0.616021
vt 0.830155 0.614048
vt 0.666458 0.616281
vt 0.330089 0.618033
vt 0.341016 0.616422
vt 0.643953 0.616408
vt 0.654891 0.618031
vt 0.318290 0.611467
vt 0.154681 0.608362
vt 0.034795 0.606577
vt 0.095573 0.611091
vt 0.830440 0.608386
vt 0.666701 0.611463
vt 0.329645 0.612859
vt 0.340903 0.611537
vt 0.644070 0.611522
vt 0.655337 0.612852
vt 0.318145 0.606349
vt 0.154424 0.602207
vt 0.035691 0.600091
vt 0.095690 0.605810
vt 0.830699 0.602226
vt 0.666847 0.606340
vt 0.329335 0.607028
vt 0.340800 0.606221
vt 0.644176 0.606204
vt 0.655648 0.607017
vt 0.318087 0.601108
vt 0.154207 0.595761
vt 0.036527 0.593342
vt 0.095825 0.600393
vt 0.830917 0.595774
vt 0.666905 0.601096
vt 0.329166 0.600862
vt 0.340735 0.600664
vt 0.644243 0.600646
vt 0.655818 0.600848
vt 0.318064 0.595926
vt 0.154051 0.589261
vt 0.037265 0.586547
vt 0.095962 0.595106
vt 0.831074 0.589269
vt 0.666928 0.595910
vt 0.329140 0.594667
vt 0.340702 0.595075
vt 0.644278 0.595056
vt 0.655845 0.594650
vt 0.318111 0.590946
vt 0.153939 0.582936
vt 0.037923 0.579965
vt 0.096103 0.590073
vt 0.831187 0.582939
vt 0.666882 0.590927
vt 0.329208 0.588724
vt 0.340708 0.589684
vt 0.644272 0.589663
vt 0.655777 0.588703
vt 0.318210 0.586342
vt 0.153865 0.577024
vt 0.038501 0.573838
vt 0.096239 0.585470
vt 0.831262 0.577022
vt 0.666782 0.586320
vt 0.329352 0.583291
vt 0.340737 0.584697
vt 0.644243 0.584674
vt 0.655633 0.583268
vt 0.318348 0.582278
vt 0.153819 0.571753
vt 0.039000 0.568391
vt 0.096363 0.581448
vt 0.831309 0.571747
vt 0.666644 0.582254
vt 0.329535 0.578591
vt 0.340768 0.580297
vt 0.644211 0.580273
vt 0.655449 0.578566
vt 0.318504 0.578896
vt 0.153788 0.567321
vt 0.039424 0.563825
vt 0.096467 0.578120
vt 0.831340 0.567311
vt 0.666488 0.578870
vt 0.329713 0.574777
vt 0.340788 0.576635
vt 0.644191 0.576611
vt 0.655271 0.574749
vt 0.318644 0.576295
vt 0.153762 0.563886
vt 0.039776 0.560294
vt 0.096549 0.575560
vt 0.831367 0.563872
vt 0.666348 0.576267
vt 0.329838 0.571906
vt 0.340797 0.573816
vt 0.644181 0.573793
vt 0.655145 0.571878
vt 0.318714 0.574486
vt 0.153726 0.561527
vt 0.040069 0.557873
vt 0.096605 0.573768
vt 0.831403 0.561512
vt 0.666278 0.574457
vt 0.329875 0.569941
vt 0.340813 0.571859
vt 0.644162 0.571845
vt 0.655108 0.569911
vt 0.318645 0.573283
vt 0.153658 0.559929
vt 0.040391 0.556275
vt 0.096642 0.572566
vt 0.831472 0.559913
vt 0.666347 0.573253
vt 0.329801 0.568567
vt 0.340875 0.570574
vt 0.644099 0.570551
vt 0.655181 0.568536
vt 0.318704 0.685707
vt 0.318634 0.686910
vt 0.153645 0.700234
vt 0.153713 0.698636
vt 0.040056 0.702269
vt 0.096595 0.686384
vt 0.096631 0.687587
vt 0.040377 0.703867
vt 0.831391 0.698735
vt 0.831460 0.700334
vt 0.666337 0.686965
vt 0.666268 0.685761
vt 0.329865 0.690254
vt 0.329791 0.691629
vt 0.340808 0.688326
vt 0.340870 0.689620
vt 0.644157 0.688381
vt 0.644094 0.689667
vt 0.655098 0.690305
vt 0.655172 0.691680
vt 0.318634 0.683898
vt 0.153750 0.696277
vt 0.039763 0.699848
vt 0.096539 0.684592
vt 0.831355 0.696374
vt 0.666339 0.683951
vt 0.329829 0.688288
vt 0.340790 0.686378
vt 0.644174 0.686424
vt 0.655136 0.688339
vt 0.318495 0.681297
vt 0.153777 0.692842
vt 0.039412 0.696317
vt 0.096458 0.682032
vt 0.831329 0.692936
vt 0.666479 0.681349
vt 0.329704 0.685418
vt 0.340780 0.683561
vt 0.644184 0.683604
vt 0.655262 0.685467
vt 0.318339 0.677915
vt 0.153808 0.688410
vt 0.038989 0.691751
vt 0.096354 0.678705
vt 0.831299 0.688500
vt 0.666636 0.677965
vt 0.329527 0.681604
vt 0.340760 0.679900
vt 0.644204 0.679942
vt 0.655441 0.681651
vt 0.318202 0.673851
vt 0.153855 0.683139
vt 0.038491 0.686304
vt 0.096231 0.674682
vt 0.831253 0.683224
vt 0.666775 0.673898
vt 0.329344 0.676904
vt 0.340729 0.675500
vt 0.644236 0.675541
vt 0.655626 0.676948
vt 0.318104 0.669247
vt 0.153930 0.677227
vt 0.037914 0.680176
vt 0.096096 0.670080
vt 0.831179 0.677308
vt 0.666875 0.669291
vt 0.329201 0.671471
vt 0.340701 0.670513
vt 0.644265 0.670552
vt 0.655770 0.671513
vt 0.318058 0.664267
vt 0.154043 0.670902
vt 0.037257 0.673595
vt 0.095956 0.665047
vt 0.831067 0.670978
vt 0.666922 0.664308
vt 0.329133 0.665528
vt 0.340695 0.665121
vt 0.644271 0.665159
vt 0.655839 0.665567
vt 0.318081 0.659085
vt 0.154200 0.664402
vt 0.036520 0.666800
vt 0.095820 0.659760
vt 0.830911 0.664473
vt 0.666900 0.659122
vt 0.329160 0.659333
vt 0.340728 0.659533
vt 0.644237 0.659568
vt 0.655813 0.659368
vt 0.318140 0.653844
vt 0.154418 0.657956
vt 0.035685 0.660050
vt 0.095685 0.654342
vt 0.830694 0.658021
vt 0.666842 0.653878
vt 0.329330 0.653167
vt 0.340794 0.653978
vt 0.644170 0.654009
vt 0.655643 0.653199
vt 0.318286 0.648726
vt 0.154677 0.651801
vt 0.034791 0.653564
vt 0.095569 0.649061
vt 0.830436 0.651861
vt 0.666698 0.648755
vt 0.329641 0.647337
vt 0.340898 0.648662
vt 0.644065 0.648690
vt 0.655333 0.647364
vt 0.318529 0.643911
vt 0.154962 0.646144
vt 0.033877 0.647556
vt 0.095478 0.644131
vt 0.830153 0.646199
vt 0.666456 0.643937
vt 0.330086 0.642162
vt 0.341013 0.643778
vt 0.643950 0.643803
vt 0.654889 0.642185
vt 0.318877 0.639596
vt 0.155248 0.641161
vt 0.032996 0.642218
vt 0.095413 0.639758
vt 0.829867 0.641212
vt 0.666109 0.639618
vt 0.330601 0.637917
vt 0.341094 0.639486
vt 0.643868 0.639507
vt 0.654374 0.637937
vt 0.319312 0.635977
vt 0.155509 0.636997
vt 0.032214 0.637713
vt 0.095375 0.636113
vt 0.829606 0.637044
vt 0.665675 0.635995
vt 0.331084 0.634724
vt 0.341104 0.635918
vt 0.643857 0.635938
vt 0.653892 0.634742
vt 0.319760 0.633214
vt 0.155718 0.633764
vt 0.031597 0.634178
vt 0.095356 0.633311
vt 0.829398 0.633809
vt 0.665227 0.633230
vt 0.331449 0.632503
vt 0.341039 0.633180
vt 0.643919 0.633200
vt 0.653527 0.632518
vt 0.320094 0.631333
vt 0.155850 0.631525
vt 0.031205 0.631695
vt 0.095350 0.631367
vt 0.829266 0.631568
vt 0.664893 0.631348
vt 0.331660 0.631052
vt 0.340951 0.631302
vt 0.644005 0.631328
vt 0.653317 0.631066
vt 0.777319 0.301129
vt 0.795578 0.301129
vt 0.795578 0.353312
vt 0.777319 0.353311
vt 0.751591 0.301129
vt 0.760108 0.301129
vt 0.760108 0.353312
vt 0.751591 0.353311
vt 0.812526 0.301129
vt 0.812526 0.353312
vt 0.809846 0.353311
vt 0.809846 0.301129
vt 0.816689 0.301129
vt 0.816689 0.353312
vt 0.814687 0.353312
vt 0.814687 0.301129
vt 0.818144 0.301128
vt 0.818144 0.353312
vt 0.725864 0.301129
vt 0.725864 0.353312
vt 0.707605 0.353312
vt 0.707605 0.301129
vt 0.743075 0.353311
vt 0.743075 0.301129
vt 0.690657 0.301129
vt 0.693337 0.301129
vt 0.693337 0.353312
vt 0.690657 0.353312
vt 0.686494 0.301129
vt 0.688496 0.301129
vt 0.688496 0.353312
vt 0.686494 0.353311
vt 0.685038 0.301129
vt 0.685038 0.353312
vt 0.733135 0.424168
vt 0.794274 0.424168
vt 0.794274 0.476350
vt 0.733140 0.476351
vt 0.671997 0.424168
vt 0.733131 0.476351
vt 0.671997 0.476351
vt 0.986550 0.423991
vt 0.986550 0.484886
vt 0.949238 0.484886
vt 0.949238 0.423991
vt 0.986550 0.328818
vt 0.949238 0.328818
vt 0.949238 0.267923
vt 0.986550 0.267923
vt 0.701986 0.353312
vt 0.699306 0.353312
vt 0.699306 0.301129
vt 0.701986 0.301129
vt 0.704147 0.353311
vt 0.704147 0.301129
vt 0.706149 0.353311
vt 0.706149 0.301129
vt 0.801197 0.353311
vt 0.801197 0.301129
vt 0.803877 0.301129
vt 0.803877 0.353311
vt 0.799035 0.353311
vt 0.799035 0.301129
vt 0.797034 0.353312
vt 0.797034 0.301129
vt 0.671997 0.391185
vt 0.733131 0.391185
vt 0.733135 0.443698
vt 0.671997 0.443698
vt 0.733140 0.391185
vt 0.794274 0.391185
vt 0.794274 0.443697
vt 0.685038 0.268145
vt 0.686494 0.268146
vt 0.686494 0.320658
vt 0.685038 0.320658
vt 0.688496 0.268145
vt 0.690657 0.268145
vt 0.690657 0.320658
vt 0.688496 0.320658
vt 0.743075 0.268146
vt 0.743075 0.320658
vt 0.725864 0.320658
vt 0.725864 0.268145
vt 0.751591 0.268146
vt 0.751591 0.320658
vt 0.818144 0.268145
vt 0.818144 0.320658
vt 0.816689 0.320658
vt 0.816689 0.268145
vt 0.814687 0.268145
vt 0.814687 0.320658
vt 0.812526 0.320658
vt 0.812526 0.268145
vt 0.760108 0.268145
vt 0.777319 0.268145
vt 0.777319 0.320658
vt 0.760108 0.320658
s 0
usemtl Material.004
f 74/1/1 2/2/1 4/3/1 75/4/1
f 75/4/2 4/3/2 6/5/2 85/6/2
f 85/6/3 6/5/3 8/7/3 95/8/3
f 95/8/4 8/7/4 10/9/4 105/10/4
f 105/10/5 10/9/5 12/11/5 115/12/5
f 115/12/6 12/11/6 14/13/6 125/14/6
f 125/14/7 14/13/7 16/15/7 135/16/7
f 135/16/8 16/15/8 18/17/8 145/18/8
f 145/18/9 18/17/9 20/19/9 155/20/9
f 155/20/10 20/19/10 22/21/10 165/22/10
f 165/22/11 22/21/11 24/23/11 175/24/11
f 175/24/12 24/23/12 26/25/12 185/26/12
f 185/26/13 26/25/13 28/27/13 195/28/13
f 195/28/14 28/27/14 30/29/14 205/30/14
f 205/30/15 30/29/15 32/31/15 215/32/15
f 215/32/16 32/31/16 34/33/16 225/34/16
f 225/35/17 34/36/17 36/37/17 235/38/17
f 235/38/18 36/37/18 38/39/18 245/40/18
f 245/40/19 38/39/19 40/41/19 255/42/19
f 255/42/20 40/41/20 42/43/20 265/44/20
f 265/44/21 42/43/21 44/45/21 275/46/21
f 275/46/22 44/45/22 46/47/22 285/48/22
f 285/48/23 46/47/23 48/49/23 295/50/23
f 295/50/24 48/49/24 50/51/24 305/52/24
f 305/52/25 50/51/25 52/53/25 315/54/25
f 315/54/26 52/53/26 54/55/26 325/56/26
f 325/56/27 54/55/27 56/57/27 335/58/27
f 335/58/28 56/57/28 58/59/28 345/60/28
f 345/60/29 58/59/29 60/61/29 355/62/29
f 355/62/30 60/61/30 62/63/30 365/64/30
f 365/64/31 62/63/31 64/65/31 375/66/31
f 375/66/32 64/65/32 2/2/32 74/1/32
f 63/67/33 384/68/33 65/69/33 1/70/33
f 384/68/32 383/71/32 66/72/32 65/69/32
f 376/73/34 73/74/34 72/75/34 377/76/34
f 382/77/35 381/78/35 68/79/35 67/80/35
f 381/78/36 380/81/36 69/82/36 68/79/36
f 379/83/37 70/84/37 69/82/37 380/81/37
f 379/83/38 378/85/38 71/86/38 70/84/38
f 378/85/39 377/76/39 72/75/39 71/86/39
f 372/87/40 382/77/40 383/71/40 373/88/40
f 376/73/33 375/66/33 74/1/33 73/74/33
f 61/89/41 374/90/41 384/68/41 63/67/41
f 374/90/31 373/88/31 383/71/31 384/68/31
f 366/91/42 376/73/42 377/76/42 367/92/42
f 372/87/43 371/93/43 381/78/43 382/77/43
f 371/93/44 370/94/44 380/81/44 381/78/44
f 369/95/45 379/83/45 380/81/45 370/94/45
f 369/95/46 368/96/46 378/85/46 379/83/46
f 368/96/47 367/92/47 377/76/47 378/85/47
f 362/97/48 372/87/48 373/88/48 363/98/48
f 366/91/41 365/64/41 375/66/41 376/73/41
f 59/99/49 364/100/49 374/90/49 61/89/49
f 364/100/30 363/98/30 373/88/30 374/90/30
f 356/101/50 366/91/50 367/92/50 357/102/50
f 362/97/51 361/103/51 371/93/51 372/87/51
f 361/103/52 360/104/52 370/94/52 371/93/52
f 359/105/53 369/95/53 370/94/53 360/104/53
f 359/105/54 358/106/54 368/96/54 369/95/54
f 358/106/55 357/102/55 367/92/55 368/96/55
f 352/107/56 362/97/56 363/98/56 353/108/56
f 356/101/49 355/62/49 365/64/49 366/91/49
f 57/109/57 354/110/57 364/100/57 59/99/57
f 354/110/29 353/108/29 363/98/29 364/100/29
f 346/111/58 356/101/58 357/102/58 347/112/58
f 352/107/59 351/113/59 361/103/59 362/97/59
f 351/113/60 350/114/60 360/104/60 361/103/60
f 349/115/61 359/105/61 360/104/61 350/114/61
f 349/115/62 348/116/62 358/106/62 359/105/62
f 348/116/63 347/112/63 357/102/63 358/106/63
f 342/117/64 352/107/64 353/108/64 343/118/64
f 346/111/65 345/60/65 355/62/65 356/101/65
f 55/119/66 344/120/66 354/110/66 57/109/66
f 344/120/28 343/118/28 353/108/28 354/110/28
f 336/121/67 346/111/67 347/112/67 337/122/67
f 342/117/68 341/123/68 351/113/68 352/107/68
f 341/123/69 340/124/69 350/114/69 351/113/69
f 339/125/70 349/115/70 350/114/70 340/124/70
f 339/125/71 338/126/71 348/116/71 349/115/71
f 338/126/72 337/122/72 347/112/72 348/116/72
f 332/127/73 342/117/73 343/118/73 333/128/73
f 336/121/66 335/58/66 345/60/66 346/111/66
f 53/129/74 334/130/74 344/120/74 55/119/74
f 334/130/27 333/128/27 343/118/27 344/120/27
f 326/131/75 336/121/75 337/122/75 327/132/75
f 332/127/76 331/133/76 341/123/76 342/117/76
f 331/133/77 330/134/77 340/124/77 341/123/77
f 329/135/78 339/125/78 340/124/78 330/134/78
f 329/135/79 328/136/79 338/126/79 339/125/79
f 328/136/80 327/132/80 337/122/80 338/126/80
f 322/137/81 332/127/81 333/128/81 323/138/81
f 326/131/74 325/56/74 335/58/74 336/121/74
f 51/139/82 324/140/82 334/130/82 53/129/82
f 324/140/26 323/138/26 333/128/26 334/130/26
f 316/141/83 326/131/83 327/132/83 317/142/83
f 322/137/84 321/143/84 331/133/84 332/127/84
f 321/143/85 320/144/85 330/134/85 331/133/85
f 319/145/86 329/135/86 330/134/86 320/144/86
f 319/145/87 318/146/87 328/136/87 329/135/87
f 318/146/88 317/142/88 327/132/88 328/136/88
f 312/147/89 322/137/89 323/138/89 313/148/89
f 316/141/82 315/54/82 325/56/82 326/131/82
f 49/149/90 314/150/90 324/140/90 51/139/90
f 314/150/25 313/148/25 323/138/25 324/140/25
f 306/151/91 316/141/91 317/142/91 307/152/91
f 312/147/92 311/153/92 321/143/92 322/137/92
f 311/153/93 310/154/93 320/144/93 321/143/93
f 309/155/94 319/145/94 320/144/94 310/154/94
f 309/155/95 308/156/95 318/146/95 319/145/95
f 308/156/96 307/152/96 317/142/96 318/146/96
f 302/157/97 312/147/97 313/148/97 303/158/97
f 306/151/90 305/52/90 315/54/90 316/141/90
f 47/159/98 304/160/98 314/150/98 49/149/98
f 304/160/24 303/158/24 313/148/24 314/150/24
f 296/161/99 306/151/99 307/152/99 297/162/99
f 302/157/100 301/163/100 311/153/100 312/147/100
f 301/163/101 300/164/101 310/154/101 311/153/101
f 299/165/102 309/155/102 310/154/102 300/164/102
f 299/165/103 298/166/103 308/156/103 309/155/103
f 298/166/104 297/162/104 307/152/104 308/156/104
f 292/167/105 302/157/105 303/158/105 293/168/105
f 296/161/98 295/50/98 305/52/98 306/151/98
f 45/169/106 294/170/106 304/160/106 47/159/106
f 294/170/23 293/168/23 303/158/23 304/160/23
f 286/171/107 296/161/107 297/162/107 287/172/107
f 292/167/108 291/173/108 301/163/108 302/157/108
f 291/173/109 290/174/109 300/164/109 301/163/109
f 289/175/110 299/165/110 300/164/110 290/174/110
f 289/175/111 288/176/111 298/166/111 299/165/111
f 288/176/112 287/172/112 297/162/112 298/166/112
f 282/177/113 292/167/113 293/168/113 283/178/113
f 286/171/106 285/48/106 295/50/106 296/161/106
f 43/179/114 284/180/114 294/170/114 45/169/114
f 284/180/22 283/178/22 293/168/22 294/170/22
f 276/181/115 286/171/115 287/172/115 277/182/115
f 282/177/116 281/183/116 291/173/116 292/167/116
f 281/183/117 280/184/117 290/174/117 291/173/117
f 279/185/118 289/175/118 290/174/118 280/184/118
f 279/185/119 278/186/119 288/176/119 289/175/119
f 278/186/120 277/182/120 287/172/120 288/176/120
f 272/187/121 282/177/121 283/178/121 273/188/121
f 276/181/114 275/46/114 285/48/114 286/171/114
f 41/189/122 274/190/122 284/180/122 43/179/122
f 274/190/21 273/188/21 283/178/21 284/180/21
f 266/191/123 276/181/123 277/182/123 267/192/123
f 272/187/124 271/193/124 281/183/124 282/177/124
f 271/193/125 270/194/125 280/184/125 281/183/125
f 269/195/126 279/185/126 280/184/126 270/194/126
f 269/195/127 268/196/127 278/186/127 279/185/127
f 268/196/128 267/192/128 277/182/128 278/186/128
f 262/197/129 272/187/129 273/188/129 263/198/129
f 266/191/122 265/44/122 275/46/122 276/181/122
f 39/199/130 264/200/130 274/190/130 41/189/130
f 264/200/20 263/198/20 273/188/20 274/190/20
f 256/201/131 266/191/131 267/192/131 257/202/131
f 262/197/132 261/203/132 271/193/132 272/187/132
f 261/203/133 260/204/133 270/194/133 271/193/133
f 259/205/134 269/195/134 270/194/134 260/204/134
f 259/205/135 258/206/135 268/196/135 269/195/135
f 258/206/136 257/202/136 267/192/136 268/196/136
f 252/207/137 262/197/137 263/198/137 253/208/137
f 256/201/130 255/42/130 265/44/130 266/191/130
f 37/209/138 254/210/138 264/200/138 39/199/138
f 254/210/19 253/208/19 263/198/19 264/200/19
f 246/211/139 256/201/139 257/202/139 247/212/139
f 252/207/140 251/213/140 261/203/140 262/197/140
f 251/213/141 250/214/141 260/204/141 261/203/141
f 249/215/142 259/205/142 260/204/142 250/214/142
f 249/215/143 248/216/143 258/206/143 259/205/143
f 248/216/144 247/212/144 257/202/144 258/206/144
f 242/217/145 252/207/145 253/208/145 243/218/145
f 246/211/146 245/40/146 255/42/146 256/201/146
f 35/219/147 244/220/147 254/210/147 37/209/147
f 244/220/18 243/218/18 253/208/18 254/210/18
f 236/221/148 246/211/148 247/212/148 237/222/148
f 242/217/149 241/223/149 251/213/149 252/207/149
f 241/223/150 240/224/150 250/214/150 251/213/150
f 239/225/151 249/215/151 250/214/151 240/224/151
f 239/225/152 238/226/152 248/216/152 249/215/152
f 238/226/153 237/222/153 247/212/153 248/216/153
f 232/227/154 242/217/154 243/218/154 233/228/154
f 236/221/147 235/38/147 245/40/147 246/211/147
f 33/229/155 234/230/155 244/220/155 35/219/155
f 234/230/17 233/228/17 243/218/17 244/220/17
f 226/231/156 236/221/156 237/222/156 227/232/156
f 232/227/157 231/233/157 241/223/157 242/217/157
f 231/233/158 230/234/158 240/224/158 241/223/158
f 229/235/159 239/225/159 240/224/159 230/234/159
f 229/235/160 228/236/160 238/226/160 239/225/160
f 228/236/161 227/232/161 237/222/161 238/226/161
f 222/237/162 232/238/162 233/239/162 223/240/162
f 226/231/155 225/35/155 235/38/155 236/221/155
f 31/241/163 224/242/163 234/243/163 33/244/163
f 224/242/16 223/240/16 233/239/16 234/243/16
f 216/245/164 226/246/164 227/247/164 217/248/164
f 222/237/165 221/249/165 231/250/165 232/238/165
f 221/249/166 220/251/166 230/252/166 231/250/166
f 219/253/167 229/254/167 230/252/167 220/251/167
f 219/253/168 218/255/168 228/256/168 229/254/168
f 218/255/169 217/248/169 227/247/169 228/256/169
f 212/257/170 222/237/170 223/240/170 213/258/170
f 216/245/163 215/32/163 225/34/163 226/246/163
f 29/259/171 214/260/171 224/242/171 31/241/171
f 214/260/15 213/258/15 223/240/15 224/242/15
f 206/261/172 216/245/172 217/248/172 207/262/172
f 212/257/173 211/263/173 221/249/173 222/237/173
f 211/263/174 210/264/174 220/251/174 221/249/174
f 209/265/175 219/253/175 220/251/175 210/264/175
f 209/265/176 208/266/176 218/255/176 219/253/176
f 208/266/177 207/262/177 217/248/177 218/255/177
f 202/267/178 212/257/178 213/258/178 203/268/178
f 206/261/171 205/30/171 215/32/171 216/245/171
f 27/269/179 204/270/179 214/260/179 29/259/179
f 204/270/14 203/268/14 213/258/14 214/260/14
f 196/271/180 206/261/180 207/262/180 197/272/180
f 202/267/181 201/273/181 211/263/181 212/257/181
f 201/273/182 200/274/182 210/264/182 211/263/182
f 199/275/183 209/265/183 210/264/183 200/274/183
f 199/275/184 198/276/184 208/266/184 209/265/184
f 198/276/185 197/272/185 207/262/185 208/266/185
f 192/277/186 202/267/186 203/268/186 193/278/186
f 196/271/187 195/28/187 205/30/187 206/261/187
f 25/279/188 194/280/188 204/270/188 27/269/188
f 194/280/13 193/278/13 203/268/13 204/270/13
f 186/281/189 196/271/189 197/272/189 187/282/189
f 192/277/190 191/283/190 201/273/190 202/267/190
f 191/283/191 190/284/191 200/274/191 201/273/191
f 189/285/192 199/275/192 200/274/192 190/284/192
f 189/285/193 188/286/193 198/276/193 199/275/193
f 188/286/194 187/282/194 197/272/194 198/276/194
f 182/287/195 192/277/195 193/278/195 183/288/195
f 186/281/188 185/26/188 195/28/188 196/271/188
f 23/289/196 184/290/196 194/280/196 25/279/196
f 184/290/12 183/288/12 193/278/12 194/280/12
f 176/291/197 186/281/197 187/282/197 177/292/197
f 182/287/198 181/293/198 191/283/198 192/277/198
f 181/293/199 180/294/199 190/284/199 191/283/199
f 179/295/200 189/285/200 190/284/200 180/294/200
f 179/295/201 178/296/201 188/286/201 189/285/201
f 178/296/202 177/292/202 187/282/202 188/286/202
f 172/297/203 182/287/203 183/288/203 173/298/203
f 176/291/196 175/24/196 185/26/196 186/281/196
f 21/299/204 174/300/204 184/290/204 23/289/204
f 174/300/11 173/298/11 183/288/11 184/290/11
f 166/301/205 176/291/205 177/292/205 167/302/205
f 172/297/206 171/303/206 181/293/206 182/287/206
f 171/303/207 170/304/207 180/294/207 181/293/207
f 169/305/208 179/295/208 180/294/208 170/304/208
f 169/305/209 168/306/209 178/296/209 179/295/209
f 168/306/210 167/302/210 177/292/210 178/296/210
f 162/307/211 172/297/211 173/298/211 163/308/211
f 166/301/204 165/22/204 175/24/204 176/291/204
f 19/309/212 164/310/212 174/300/212 21/299/212
f 164/310/10 163/308/10 173/298/10 174/300/10
f 156/311/213 166/301/213 167/302/213 157/312/213
f 162/307/214 161/313/214 171/303/214 172/297/214
f 161/313/215 160/314/215 170/304/215 171/303/215
f 159/315/216 169/305/216 170/304/216 160/314/216
f 159/315/217 158/316/217 168/306/217 169/305/217
f 158/316/218 157/312/218 167/302/218 168/306/218
f 152/317/219 162/307/219 163/308/219 153/318/219
f 156/311/212 155/20/212 165/22/212 166/301/212
f 17/319/220 154/320/220 164/310/220 19/309/220
f 154/320/9 153/318/9 163/308/9 164/310/9
f 146/321/221 156/311/221 157/312/221 147/322/221
f 152/317/222 151/323/222 161/313/222 162/307/222
f 151/323/223 150/324/223 160/314/223 161/313/223
f 149/325/224 159/315/224 160/314/224 150/324/224
f 149/325/225 148/326/225 158/316/225 159/315/225
f 148/326/226 147/322/226 157/312/226 158/316/226
f 142/327/227 152/317/227 153/318/227 143/328/227
f 146/321/220 145/18/220 155/20/220 156/311/220
f 15/329/228 144/330/228 154/320/228 17/319/228
f 144/330/8 143/328/8 153/318/8 154/320/8
f 136/331/229 146/321/229 147/322/229 137/332/229
f 142/327/230 141/333/230 151/323/230 152/317/230
f 141/333/231 140/334/231 150/324/231 151/323/231
f 139/335/232 149/325/232 150/324/232 140/334/232
f 139/335/233 138/336/233 148/326/233 149/325/233
f 138/336/234 137/332/234 147/322/234 148/326/234
f 132/337/235 142/327/235 143/328/235 133/338/235
f 136/331/228 135/16/228 145/18/228 146/321/228
f 13/339/236 134/340/236 144/330/236 15/329/236
f 134/340/7 133/338/7 143/328/7 144/330/7
f 126/341/237 136/331/237 137/332/237 127/342/237
f 132/337/238 131/343/238 141/333/238 142/327/238
f 131/343/239 130/344/239 140/334/239 141/333/239
f 129/345/240 139/335/240 140/334/240 130/344/240
f 129/345/241 128/346/241 138/336/241 139/335/241
f 128/346/242 127/342/242 137/332/242 138/336/242
f 122/347/243 132/337/243 133/338/243 123/348/243
f 126/341/236 125/14/236 135/16/236 136/331/236
f 11/349/244 124/350/244 134/340/244 13/339/244
f 124/350/6 123/348/6 133/338/6 134/340/6
f 116/351/245 126/341/245 127/342/245 117/352/245
f 122/347/246 121/353/246 131/343/246 132/337/246
f 121/353/247 120/354/247 130/344/247 131/343/247
f 119/355/248 129/345/248 130/344/248 120/354/248
f 119/355/249 118/356/249 128/346/249 129/345/249
f 118/356/250 117/352/250 127/342/250 128/346/250
f 112/357/251 122/347/251 123/348/251 113/358/251
f 116/351/244 115/12/244 125/14/244 126/341/244
f 9/359/252 114/360/252 124/350/252 11/349/252
f 114/360/5 113/358/5 123/348/5 124/350/5
f 106/361/253 116/351/253 117/352/253 107/362/253
f 112/357/254 111/363/254 121/353/254 122/347/254
f 111/363/255 110/364/255 120/354/255 121/353/255
f 109/365/256 119/355/256 120/354/256 110/364/256
f 109/365/257 108/366/257 118/356/257 119/355/257
f 108/366/258 107/362/258 117/352/258 118/356/258
f 102/367/259 112/357/259 113/358/259 103/368/259
f 106/361/252 105/10/252 115/12/252 116/351/252
f 7/369/260 104/370/260 114/360/260 9/359/260
f 104/370/4 103/368/4 113/358/4 114/360/4
f 96/371/261 106/361/261 107/362/261 97/372/261
f 102/367/262 101/373/262 111/363/262 112/357/262
f 101/373/263 100/374/263 110/364/263 111/363/263
f 99/375/264 109/365/264 110/364/264 100/374/264
f 99/375/265 98/376/265 108/366/265 109/365/265
f 98/376/266 97/372/266 107/362/266 108/366/266
f 92/377/267 102/367/267 103/368/267 93/378/267
f 96/371/260 95/8/260 105/10/260 106/361/260
f 5/379/268 94/380/268 104/370/268 7/369/268
f 94/380/3 93/378/3 103/368/3 104/370/3
f 86/381/269 96/371/269 97/372/269 87/382/269
f 92/377/270 91/383/270 101/373/270 102/367/270
f 91/383/271 90/384/271 100/374/271 101/373/271
f 89/385/272 99/375/272 100/374/272 90/384/272
f 89/385/273 88/386/273 98/376/273 99/375/273
f 88/386/274 87/382/274 97/372/274 98/376/274
f 82/387/275 92/377/275 93/378/275 83/388/275
f 86/381/268 85/6/268 95/8/268 96/371/268
f 3/389/276 84/390/276 94/380/276 5/379/276
f 84/390/2 83/388/2 93/378/2 94/380/2
f 76/391/277 86/381/277 87/382/277 77/392/277
f 82/387/278 81/393/278 91/383/278 92/377/278
f 81/393/279 80/394/279 90/384/279 91/383/279
f 79/395/280 89/385/280 90/384/280 80/394/280
f 79/395/281 78/396/281 88/386/281 89/385/281
f 78/396/282 77/392/282 87/382/282 88/386/282
f 66/72/283 67/80/283 82/387/283 83/388/283
f 76/391/276 75/4/276 85/6/276 86/381/276
f 1/70/284 65/69/284 84/390/284 3/389/284
f 65/69/1 66/72/1 83/388/1 84/390/1
f 72/75/285 73/74/285 76/391/285 77/392/285
f 67/80/286 68/79/286 81/393/286 82/387/286
f 68/79/287 69/82/287 80/394/287 81/393/287
f 69/82/288 70/84/288 79/395/288 80/394/288
f 70/84/289 71/86/289 78/396/289 79/395/289
f 71/86/290 72/75/290 77/392/290 78/396/290
f 73/74/284 74/1/284 75/4/284 76/391/284
f 382/77/291 67/80/291 66/72/291 383/71/291
s 1
f 1209/397/292 386/398/293 388/399/294 1210/400/295
f 1210/400/295 388/399/294 393/401/296 1226/402/297
f 1226/402/297 393/401/296 394/403/298 1229/404/299
f 1230/405/300 396/406/301 397/407/302 1212/408/303
f 1229/404/299 394/403/298 396/406/301 1230/405/300
f 1213/409/304 1216/410/305 400/411/306 398/412/307
f 1216/410/305 1233/413/308 405/414/309 400/411/306
f 1233/413/308 1235/415/310 406/416/311 405/414/309
f 1218/417/303 1236/418/300 409/419/301 408/420/302
f 1235/415/310 1218/417/303 408/420/302 406/416/311
s 0
f 1211/421/312 389/422/312 410/423/312 1219/424/312
f 1217/425/313 1220/426/313 411/427/313 401/428/313
f 410/890/606 412/891/606 1221/892/606 1219/893/606
f 412/894/606 411/895/606 1220/896/606 1221/892/606
s 1
f 401/897/607 399/898/294 1231/899/295 1217/900/603
f 404/901/296 407/902/298 1234/903/598 1214/904/297
f 399/898/294 404/901/296 1214/904/297 1231/899/295
f 407/902/298 409/419/301 1236/418/300 1234/903/598
f 403/905/608 1215/906/597 1232/907/593 402/908/609
f 385/909/610 1227/910/581 1215/906/597 403/905/608
f 402/908/609 1232/907/593 1213/409/304 398/412/307
f 389/911/611 1211/912/591 1223/913/588 387/914/612
f 392/915/309 1222/916/308 1228/917/585 395/918/311
f 387/914/612 1223/913/588 1222/916/308 392/915/309
f 395/918/311 1228/917/585 1212/408/303 397/407/302
f 391/919/613 390/920/614 1225/921/578 1224/922/582
f 385/909/610 391/919/613 1224/922/582 1227/910/581
f 390/920/614 386/398/293 1209/397/292 1225/921/578
s 0
usemtl Material.005
f 486/1/314 414/2/314 416/3/314 487/4/314
f 487/4/315 416/3/315 418/5/315 497/6/315
f 497/6/316 418/5/316 420/7/316 507/8/316
f 507/8/317 420/7/317 422/9/317 517/10/317
f 517/10/318 422/9/318 424/11/318 527/12/318
f 527/12/319 424/11/319 426/13/319 537/14/319
f 537/14/320 426/13/320 428/15/320 547/16/320
f 547/16/321 428/15/321 430/17/321 557/18/321
f 557/18/322 430/17/322 432/19/322 567/20/322
f 567/20/323 432/19/323 434/21/323 577/22/323
f 577/22/324 434/21/324 436/23/324 587/24/324
f 587/24/325 436/23/325 438/25/325 597/26/325
f 597/26/326 438/25/326 440/27/326 607/28/326
f 607/28/327 440/27/327 442/29/327 617/30/327
f 617/30/328 442/29/328 444/31/328 627/32/328
f 627/32/329 444/31/329 446/33/329 637/34/329
f 637/35/330 446/36/330 448/37/330 647/38/330
f 647/38/331 448/37/331 450/39/331 657/40/331
f 657/40/332 450/39/332 452/41/332 667/42/332
f 667/42/333 452/41/333 454/43/333 677/44/333
f 677/44/334 454/43/334 456/45/334 687/46/334
f 687/46/335 456/45/335 458/47/335 697/48/335
f 697/48/336 458/47/336 460/49/336 707/50/336
f 707/50/337 460/49/337 462/51/337 717/52/337
f 717/52/338 462/51/338 464/53/338 727/54/338
f 727/54/339 464/53/339 466/55/339 737/56/339
f 737/56/340 466/55/340 468/57/340 747/58/340
f 747/58/341 468/57/341 470/59/341 757/60/341
f 757/60/342 470/59/342 472/61/342 767/62/342
f 767/62/343 472/61/343 474/63/343 777/64/343
f 777/64/344 474/63/344 476/65/344 787/66/344
f 787/66/345 476/65/345 414/2/345 486/1/345
f 475/67/346 796/68/346 477/69/346 413/70/346
f 796/68/345 795/71/345 478/72/345 477/69/345
f 788/73/99 485/74/99 484/75/99 789/76/99
f 794/77/347 793/78/347 480/79/347 479/80/347
f 793/78/348 792/81/348 481/82/348 480/79/348
f 791/83/349 482/84/349 481/82/349 792/81/349
f 791/83/350 790/85/350 483/86/350 482/84/350
f 790/85/351 789/76/351 484/75/351 483/86/351
f 784/87/105 794/77/105 795/71/105 785/88/105
f 788/73/346 787/66/346 486/1/346 485/74/346
f 473/89/352 786/90/352 796/68/352 475/67/352
f 786/90/344 785/88/344 795/71/344 796/68/344
f 778/91/107 788/73/107 789/76/107 779/92/107
f 784/87/353 783/93/353 793/78/353 794/77/353
f 783/93/354 782/94/354 792/81/354 793/78/354
f 781/95/355 791/83/355 792/81/355 782/94/355
f 781/95/356 780/96/356 790/85/356 791/83/356
f 780/96/357 779/92/357 789/76/357 790/85/357
f 774/97/358 784/87/358 785/88/358 775/98/358
f 778/91/352 777/64/352 787/66/352 788/73/352
f 471/99/359 776/100/359 786/90/359 473/89/359
f 776/100/343 775/98/343 785/88/343 786/90/343
f 768/101/360 778/91/360 779/92/360 769/102/360
f 774/97/361 773/103/361 783/93/361 784/87/361
f 773/103/362 772/104/362 782/94/362 783/93/362
f 771/105/363 781/95/363 782/94/363 772/104/363
f 771/105/364 770/106/364 780/96/364 781/95/364
f 770/106/365 769/102/365 779/92/365 780/96/365
f 764/107/121 774/97/121 775/98/121 765/108/121
f 768/101/359 767/62/359 777/64/359 778/91/359
f 469/109/366 766/110/366 776/100/366 471/99/366
f 766/110/342 765/108/342 775/98/342 776/100/342
f 758/111/123 768/101/123 769/102/123 759/112/123
f 764/107/367 763/113/367 773/103/367 774/97/367
f 763/113/368 762/114/368 772/104/368 773/103/368
f 761/115/369 771/105/369 772/104/369 762/114/369
f 761/115/370 760/116/370 770/106/370 771/105/370
f 760/116/371 759/112/371 769/102/371 770/106/371
f 754/117/129 764/107/129 765/108/129 755/118/129
f 758/111/366 757/60/366 767/62/366 768/101/366
f 467/119/372 756/120/372 766/110/372 469/109/372
f 756/120/341 755/118/341 765/108/341 766/110/341
f 748/121/131 758/111/131 759/112/131 749/122/131
f 754/117/373 753/123/373 763/113/373 764/107/373
f 753/123/374 752/124/374 762/114/374 763/113/374
f 751/125/375 761/115/375 762/114/375 752/124/375
f 751/125/376 750/126/376 760/116/376 761/115/376
f 750/126/377 749/122/377 759/112/377 760/116/377
f 744/127/137 754/117/137 755/118/137 745/128/137
f 748/121/372 747/58/372 757/60/372 758/111/372
f 465/129/378 746/130/378 756/120/378 467/119/378
f 746/130/340 745/128/340 755/118/340 756/120/340
f 738/131/139 748/121/139 749/122/139 739/132/139
f 744/127/379 743/133/379 753/123/379 754/117/379
f 743/133/380 742/134/380 752/124/380 753/123/380
f 741/135/381 751/125/381 752/124/381 742/134/381
f 741/135/382 740/136/382 750/126/382 751/125/382
f 740/136/383 739/132/383 749/122/383 750/126/383
f 734/137/145 744/127/145 745/128/145 735/138/145
f 738/131/378 737/56/378 747/58/378 748/121/378
f 463/139/384 736/140/384 746/130/384 465/129/384
f 736/140/339 735/138/339 745/128/339 746/130/339
f 728/141/148 738/131/148 739/132/148 729/142/148
f 734/137/385 733/143/385 743/133/385 744/127/385
f 733/143/386 732/144/386 742/134/386 743/133/386
f 731/145/387 741/135/387 742/134/387 732/144/387
f 731/145/388 730/146/388 740/136/388 741/135/388
f 730/146/389 729/142/389 739/132/389 740/136/389
f 724/147/154 734/137/154 735/138/154 725/148/154
f 728/141/384 727/54/384 737/56/384 738/131/384
f 461/149/390 726/150/390 736/140/390 463/139/390
f 726/150/338 725/148/338 735/138/338 736/140/338
f 718/151/156 728/141/156 729/142/156 719/152/156
f 724/147/391 723/153/391 733/143/391 734/137/391
f 723/153/392 722/154/392 732/144/392 733/143/392
f 721/155/393 731/145/393 732/144/393 722/154/393
f 721/155/394 720/156/394 730/146/394 731/145/394
f 720/156/395 719/152/395 729/142/395 730/146/395
f 714/157/162 724/147/162 725/148/162 715/158/162
f 718/151/390 717/52/390 727/54/390 728/141/390
f 459/159/396 716/160/396 726/150/396 461/149/396
f 716/160/337 715/158/337 725/148/337 726/150/337
f 708/161/164 718/151/164 719/152/164 709/162/164
f 714/157/397 713/163/397 723/153/397 724/147/397
f 713/163/398 712/164/398 722/154/398 723/153/398
f 711/165/399 721/155/399 722/154/399 712/164/399
f 711/165/400 710/166/400 720/156/400 721/155/400
f 710/166/401 709/162/401 719/152/401 720/156/401
f 704/167/170 714/157/170 715/158/170 705/168/170
f 708/161/396 707/50/396 717/52/396 718/151/396
f 457/169/402 706/170/402 716/160/402 459/159/402
f 706/170/336 705/168/336 715/158/336 716/160/336
f 698/171/172 708/161/172 709/162/172 699/172/172
f 704/167/403 703/173/403 713/163/403 714/157/403
f 703/173/404 702/174/404 712/164/404 713/163/404
f 701/175/405 711/165/405 712/164/405 702/174/405
f 701/175/406 700/176/406 710/166/406 711/165/406
f 700/176/407 699/172/407 709/162/407 710/166/407
f 694/177/178 704/167/178 705/168/178 695/178/178
f 698/171/402 697/48/402 707/50/402 708/161/402
f 455/179/408 696/180/408 706/170/408 457/169/408
f 696/180/335 695/178/335 705/168/335 706/170/335
f 688/181/180 698/171/180 699/172/180 689/182/180
f 694/177/409 693/183/409 703/173/409 704/167/409
f 693/183/410 692/184/410 702/174/410 703/173/410
f 691/185/411 701/175/411 702/174/411 692/184/411
f 691/185/412 690/186/412 700/176/412 701/175/412
f 690/186/413 689/182/413 699/172/413 700/176/413
f 684/187/186 694/177/186 695/178/186 685/188/186
f 688/181/408 687/46/408 697/48/408 698/171/408
f 453/189/414 686/190/414 696/180/414 455/179/414
f 686/190/334 685/188/334 695/178/334 696/180/334
f 678/191/189 688/181/189 689/182/189 679/192/189
f 684/187/415 683/193/415 693/183/415 694/177/415
f 683/193/416 682/194/416 692/184/416 693/183/416
f 681/195/417 691/185/417 692/184/417 682/194/417
f 681/195/418 680/196/418 690/186/418 691/185/418
f 680/196/419 679/192/419 689/182/419 690/186/419
f 674/197/195 684/187/195 685/188/195 675/198/195
f 678/191/414 677/44/414 687/46/414 688/181/414
f 451/199/420 676/200/420 686/190/420 453/189/420
f 676/200/333 675/198/333 685/188/333 686/190/333
f 668/201/197 678/191/197 679/192/197 669/202/197
f 674/197/421 673/203/421 683/193/421 684/187/421
f 673/203/422 672/204/422 682/194/422 683/193/422
f 671/205/423 681/195/423 682/194/423 672/204/423
f 671/205/424 670/206/424 680/196/424 681/195/424
f 670/206/425 669/202/425 679/192/425 680/196/425
f 664/207/426 674/197/426 675/198/426 665/208/426
f 668/201/420 667/42/420 677/44/420 678/191/420
f 449/209/427 666/210/427 676/200/427 451/199/427
f 666/210/332 665/208/332 675/198/332 676/200/332
f 658/211/428 668/201/428 669/202/428 659/212/428
f 664/207/429 663/213/429 673/203/429 674/197/429
f 663/213/430 662/214/430 672/204/430 673/203/430
f 661/215/431 671/205/431 672/204/431 662/214/431
f 661/215/432 660/216/432 670/206/432 671/205/432
f 660/216/433 659/212/433 669/202/433 670/206/433
f 654/217/211 664/207/211 665/208/211 655/218/211
f 658/211/427 657/40/427 667/42/427 668/201/427
f 447/219/434 656/220/434 666/210/434 449/209/434
f 656/220/331 655/218/331 665/208/331 666/210/331
f 648/221/213 658/211/213 659/212/213 649/222/213
f 654/217/435 653/223/435 663/213/435 664/207/435
f 653/223/436 652/224/436 662/214/436 663/213/436
f 651/225/437 661/215/437 662/214/437 652/224/437
f 651/225/438 650/226/438 660/216/438 661/215/438
f 650/226/439 649/222/439 659/212/439 660/216/439
f 644/227/219 654/217/219 655/218/219 645/228/219
f 648/221/434 647/38/434 657/40/434 658/211/434
f 445/229/440 646/230/440 656/220/440 447/219/440
f 646/230/330 645/228/330 655/218/330 656/220/330
f 638/231/221 648/221/221 649/222/221 639/232/221
f 644/227/441 643/233/441 653/223/441 654/217/441
f 643/233/442 642/234/442 652/224/442 653/223/442
f 641/235/443 651/225/443 652/224/443 642/234/443
f 641/235/444 640/236/444 650/226/444 651/225/444
f 640/236/445 639/232/445 649/222/445 650/226/445
f 634/237/227 644/238/227 645/239/227 635/240/227
f 638/231/440 637/35/440 647/38/440 648/221/440
f 443/241/446 636/242/446 646/243/446 445/244/446
f 636/242/329 635/240/329 645/239/329 646/243/329
f 628/245/229 638/246/229 639/247/229 629/248/229
f 634/237/447 633/249/447 643/250/447 644/238/447
f 633/249/448 632/251/448 642/252/448 643/250/448
f 631/253/449 641/254/449 642/252/449 632/251/449
f 631/253/450 630/255/450 640/256/450 641/254/450
f 630/255/451 629/248/451 639/247/451 640/256/451
f 624/257/235 634/237/235 635/240/235 625/258/235
f 628/245/446 627/32/446 637/34/446 638/246/446
f 441/259/452 626/260/452 636/242/452 443/241/452
f 626/260/328 625/258/328 635/240/328 636/242/328
f 618/261/237 628/245/237 629/248/237 619/262/237
f 624/257/453 623/263/453 633/249/453 634/237/453
f 623/263/454 622/264/454 632/251/454 633/249/454
f 621/265/455 631/253/455 632/251/455 622/264/455
f 621/265/456 620/266/456 630/255/456 631/253/456
f 620/266/457 619/262/457 629/248/457 630/255/457
f 614/267/458 624/257/458 625/258/458 615/268/458
f 618/261/452 617/30/452 627/32/452 628/245/452
f 439/269/459 616/270/459 626/260/459 441/259/459
f 616/270/327 615/268/327 625/258/327 626/260/327
f 608/271/460 618/261/460 619/262/460 609/272/460
f 614/267/461 613/273/461 623/263/461 624/257/461
f 613/273/462 612/274/462 622/264/462 623/263/462
f 611/275/463 621/265/463 622/264/463 612/274/463
f 611/275/464 610/276/464 620/266/464 621/265/464
f 610/276/465 609/272/465 619/262/465 620/266/465
f 604/277/251 614/267/251 615/268/251 605/278/251
f 608/271/459 607/28/459 617/30/459 618/261/459
f 437/279/466 606/280/466 616/270/466 439/269/466
f 606/280/326 605/278/326 615/268/326 616/270/326
f 598/281/253 608/271/253 609/272/253 599/282/253
f 604/277/467 603/283/467 613/273/467 614/267/467
f 603/283/468 602/284/468 612/274/468 613/273/468
f 601/285/469 611/275/469 612/274/469 602/284/469
f 601/285/470 600/286/470 610/276/470 611/275/470
f 600/286/471 599/282/471 609/272/471 610/276/471
f 594/287/259 604/277/259 605/278/259 595/288/259
f 598/281/466 597/26/466 607/28/466 608/271/466
f 435/289/472 596/290/472 606/280/472 437/279/472
f 596/290/325 595/288/325 605/278/325 606/280/325
f 588/291/261 598/281/261 599/282/261 589/292/261
f 594/287/473 593/293/473 603/283/473 604/277/473
f 593/293/474 592/294/474 602/284/474 603/283/474
f 591/295/475 601/285/475 602/284/475 592/294/475
f 591/295/476 590/296/476 600/286/476 601/285/476
f 590/296/477 589/292/477 599/282/477 600/286/477
f 584/297/267 594/287/267 595/288/267 585/298/267
f 588/291/472 587/24/472 597/26/472 598/281/472
f 433/299/478 586/300/478 596/290/478 435/289/478
f 586/300/324 585/298/324 595/288/324 596/290/324
f 578/301/479 588/291/479 589/292/479 579/302/479
f 584/297/480 583/303/480 593/293/480 594/287/480
f 583/303/481 582/304/481 592/294/481 593/293/481
f 581/305/482 591/295/482 592/294/482 582/304/482
f 581/305/483 580/306/483 590/296/483 591/295/483
f 580/306/484 579/302/484 589/292/484 590/296/484
f 574/307/275 584/297/275 585/298/275 575/308/275
f 578/301/478 577/22/478 587/24/478 588/291/478
f 431/309/485 576/310/485 586/300/485 433/299/485
f 576/310/323 575/308/323 585/298/323 586/300/323
f 568/311/277 578/301/277 579/302/277 569/312/277
f 574/307/486 573/313/486 583/303/486 584/297/486
f 573/313/487 572/314/487 582/304/487 583/303/487
f 571/315/488 581/305/488 582/304/488 572/314/488
f 571/315/489 570/316/489 580/306/489 581/305/489
f 570/316/490 569/312/490 579/302/490 580/306/490
f 564/317/283 574/307/283 575/308/283 565/318/283
f 568/311/485 567/20/485 577/22/485 578/301/485
f 429/319/491 566/320/491 576/310/491 431/309/491
f 566/320/322 565/318/322 575/308/322 576/310/322
f 558/321/285 568/311/285 569/312/285 559/322/285
f 564/317/492 563/323/492 573/313/492 574/307/492
f 563/323/493 562/324/493 572/314/493 573/313/493
f 561/325/494 571/315/494 572/314/494 562/324/494
f 561/325/495 560/326/495 570/316/495 571/315/495
f 560/326/496 559/322/496 569/312/496 570/316/496
f 554/327/291 564/317/291 565/318/291 555/328/291
f 558/321/491 557/18/491 567/20/491 568/311/491
f 427/329/497 556/330/497 566/320/497 429/319/497
f 556/330/321 555/328/321 565/318/321 566/320/321
f 548/331/34 558/321/34 559/322/34 549/332/34
f 554/327/498 553/333/498 563/323/498 564/317/498
f 553/333/499 552/334/499 562/324/499 563/323/499
f 551/335/500 561/325/500 562/324/500 552/334/500
f 551/335/501 550/336/501 560/326/501 561/325/501
f 550/336/502 549/332/502 559/322/502 560/326/502
f 544/337/40 554/327/40 555/328/40 545/338/40
f 548/331/497 547/16/497 557/18/497 558/321/497
f 425/339/503 546/340/503 556/330/503 427/329/503
f 546/340/320 545/338/320 555/328/320 556/330/320
f 538/341/42 548/331/42 549/332/42 539/342/42
f 544/337/504 543/343/504 553/333/504 554/327/504
f 543/343/505 542/344/505 552/334/505 553/333/505
f 541/345/506 551/335/506 552/334/506 542/344/506
f 541/345/507 540/346/507 550/336/507 551/335/507
f 540/346/508 539/342/508 549/332/508 550/336/508
f 534/347/48 544/337/48 545/338/48 535/348/48
f 538/341/503 537/14/503 547/16/503 548/331/503
f 423/349/509 536/350/509 546/340/509 425/339/509
f 536/350/319 535/348/319 545/338/319 546/340/319
f 528/351/510 538/341/510 539/342/510 529/352/510
f 534/347/511 533/353/511 543/343/511 544/337/511
f 533/353/512 532/354/512 542/344/512 543/343/512
f 531/355/513 541/345/513 542/344/513 532/354/513
f 531/355/514 530/356/514 540/346/514 541/345/514
f 530/356/515 529/352/515 539/342/515 540/346/515
f 524/357/56 534/347/56 535/348/56 525/358/56
f 528/351/509 527/12/509 537/14/509 538/341/509
f 421/359/516 526/360/516 536/350/516 423/349/516
f 526/360/318 525/358/318 535/348/318 536/350/318
f 518/361/58 528/351/58 529/352/58 519/362/58
f 524/357/517 523/363/517 533/353/517 534/347/517
f 523/363/518 522/364/518 532/354/518 533/353/518
f 521/365/519 531/355/519 532/354/519 522/364/519
f 521/365/520 520/366/520 530/356/520 531/355/520
f 520/366/521 519/362/521 529/352/521 530/356/521
f 514/367/64 524/357/64 525/358/64 515/368/64
f 518/361/516 517/10/516 527/12/516 528/351/516
f 419/369/522 516/370/522 526/360/522 421/359/522
f 516/370/317 515/368/317 525/358/317 526/360/317
f 508/371/67 518/361/67 519/362/67 509/372/67
f 514/367/523 513/373/523 523/363/523 524/357/523
f 513/373/524 512/374/524 522/364/524 523/363/524
f 511/375/525 521/365/525 522/364/525 512/374/525
f 511/375/526 510/376/526 520/366/526 521/365/526
f 510/376/527 509/372/527 519/362/527 520/366/527
f 504/377/73 514/367/73 515/368/73 505/378/73
f 508/371/522 507/8/522 517/10/522 518/361/522
f 417/379/528 506/380/528 516/370/528 419/369/528
f 506/380/316 505/378/316 515/368/316 516/370/316
f 498/381/75 508/371/75 509/372/75 499/382/75
f 504/377/529 503/383/529 513/373/529 514/367/529
f 503/383/530 502/384/530 512/374/530 513/373/530
f 501/385/531 511/375/531 512/374/531 502/384/531
f 501/385/532 500/386/532 510/376/532 511/375/532
f 500/386/533 499/382/533 509/372/533 510/376/533
f 494/387/81 504/377/81 505/378/81 495/388/81
f 498/381/528 497/6/528 507/8/528 508/371/528
f 415/389/534 496/390/534 506/380/534 417/379/534
f 496/390/315 495/388/315 505/378/315 506/380/315
f 488/391/83 498/381/83 499/382/83 489/392/83
f 494/387/535 493/393/535 503/383/535 504/377/535
f 493/393/536 492/394/536 502/384/536 503/383/536
f 491/395/537 501/385/537 502/384/537 492/394/537
f 491/395/538 490/396/538 500/386/538 501/385/538
f 490/396/539 489/392/539 499/382/539 500/386/539
f 478/72/89 479/80/89 494/387/89 495/388/89
f 488/391/534 487/4/534 497/6/534 498/381/534
f 413/70/540 477/69/540 496/390/540 415/389/540
f 477/69/314 478/72/314 495/388/314 496/390/314
f 484/75/91 485/74/91 488/391/91 489/392/91
f 479/80/541 480/79/541 493/393/541 494/387/541
f 480/79/542 481/82/542 492/394/542 493/393/542
f 481/82/543 482/84/543 491/395/543 492/394/543
f 482/84/544 483/86/544 490/396/544 491/395/544
f 483/86/545 484/75/545 489/392/545 490/396/545
f 485/74/540 486/1/540 487/4/540 488/391/540
f 794/77/97 479/80/97 478/72/97 795/71/97
f 870/429/314 798/430/314 800/431/314 871/432/314
f 871/432/315 800/431/315 802/433/315 881/434/315
f 881/434/546 802/433/546 804/435/546 891/436/546
f 891/436/547 804/435/547 806/437/547 901/438/547
f 901/438/318 806/437/318 808/439/318 911/440/318
f 911/440/319 808/439/319 810/441/319 921/442/319
f 921/442/320 810/441/320 812/443/320 931/444/320
f 931/444/321 812/443/321 814/445/321 941/446/321
f 941/446/322 814/445/322 816/447/322 951/448/322
f 951/448/323 816/447/323 818/449/323 961/450/323
f 961/450/324 818/449/324 820/451/324 971/452/324
f 971/452/325 820/451/325 822/453/325 981/454/325
f 981/454/548 822/453/548 824/455/548 991/456/548
f 991/456/549 824/455/549 826/457/549 1001/458/549
f 1001/458/328 826/457/328 828/459/328 1011/460/328
f 1011/460/329 828/459/329 830/461/329 1021/462/329
f 1021/463/330 830/464/330 832/465/330 1031/466/330
f 1031/466/331 832/465/331 834/467/331 1041/468/331
f 1041/468/332 834/467/332 836/469/332 1051/470/332
f 1051/470/333 836/469/333 838/471/333 1061/472/333
f 1061/472/334 838/471/334 840/473/334 1071/474/334
f 1071/474/335 840/473/335 842/475/335 1081/476/335
f 1081/476/336 842/475/336 844/477/336 1091/478/336
f 1091/478/337 844/477/337 846/479/337 1101/480/337
f 1101/480/338 846/479/338 848/481/338 1111/482/338
f 1111/482/339 848/481/339 850/483/339 1121/484/339
f 1121/484/340 850/483/340 852/485/340 1131/486/340
f 1131/486/341 852/485/341 854/487/341 1141/488/341
f 1141/488/342 854/487/342 856/489/342 1151/490/342
f 1151/490/343 856/489/343 858/491/343 1161/492/343
f 1161/492/344 858/491/344 860/493/344 1171/494/344
f 1171/494/345 860/493/345 798/430/345 870/429/345
f 859/495/346 1180/496/346 861/497/346 797/498/346
f 1180/496/345 1179/499/345 862/500/345 861/497/345
f 1172/501/99 869/502/99 868/503/99 1173/504/99
f 1178/505/347 1177/506/347 864/507/347 863/508/347
f 1177/506/348 1176/509/348 865/510/348 864/507/348
f 1175/511/349 866/512/349 865/510/349 1176/509/349
f 1175/511/350 1174/513/350 867/514/350 866/512/350
f 1174/513/351 1173/504/351 868/503/351 867/514/351
f 1168/515/105 1178/505/105 1179/499/105 1169/516/105
f 1172/501/346 1171/494/346 870/429/346 869/502/346
f 857/517/352 1170/518/352 1180/496/352 859/495/352
f 1170/518/344 1169/516/344 1179/499/344 1180/496/344
f 1162/519/107 1172/501/107 1173/504/107 1163/520/107
f 1168/515/353 1167/521/353 1177/506/353 1178/505/353
f 1167/521/354 1166/522/354 1176/509/354 1177/506/354
f 1165/523/355 1175/511/355 1176/509/355 1166/522/355
f 1165/523/356 1164/524/356 1174/513/356 1175/511/356
f 1164/524/357 1163/520/357 1173/504/357 1174/513/357
f 1158/525/113 1168/515/113 1169/516/113 1159/526/113
f 1162/519/352 1161/492/352 1171/494/352 1172/501/352
f 855/527/359 1160/528/359 1170/518/359 857/517/359
f 1160/528/343 1159/526/343 1169/516/343 1170/518/343
f 1152/529/115 1162/519/115 1163/520/115 1153/530/115
f 1158/525/361 1157/531/361 1167/521/361 1168/515/361
f 1157/531/362 1156/532/362 1166/522/362 1167/521/362
f 1155/533/363 1165/523/363 1166/522/363 1156/532/363
f 1155/533/364 1154/534/364 1164/524/364 1165/523/364
f 1154/534/365 1153/530/365 1163/520/365 1164/524/365
f 1148/535/121 1158/525/121 1159/526/121 1149/536/121
f 1152/529/359 1151/490/359 1161/492/359 1162/519/359
f 853/537/366 1150/538/366 1160/528/366 855/527/366
f 1150/538/342 1149/536/342 1159/526/342 1160/528/342
f 1142/539/123 1152/529/123 1153/530/123 1143/540/123
f 1148/535/367 1147/541/367 1157/531/367 1158/525/367
f 1147/541/368 1146/542/368 1156/532/368 1157/531/368
f 1145/543/550 1155/533/550 1156/532/550 1146/542/550
f 1145/543/370 1144/544/370 1154/534/370 1155/533/370
f 1144/544/371 1143/540/371 1153/530/371 1154/534/371
f 1138/545/129 1148/535/129 1149/536/129 1139/546/129
f 1142/539/366 1141/488/366 1151/490/366 1152/529/366
f 851/547/372 1140/548/372 1150/538/372 853/537/372
f 1140/548/341 1139/546/341 1149/536/341 1150/538/341
f 1132/549/131 1142/539/131 1143/540/131 1133/550/131
f 1138/545/373 1137/551/373 1147/541/373 1148/535/373
f 1137/551/374 1136/552/374 1146/542/374 1147/541/374
f 1135/553/375 1145/543/375 1146/542/375 1136/552/375
f 1135/553/376 1134/554/376 1144/544/376 1145/543/376
f 1134/554/377 1133/550/377 1143/540/377 1144/544/377
f 1128/555/137 1138/545/137 1139/546/137 1129/556/137
f 1132/549/372 1131/486/372 1141/488/372 1142/539/372
f 849/557/378 1130/558/378 1140/548/378 851/547/378
f 1130/558/340 1129/556/340 1139/546/340 1140/548/340
f 1122/559/139 1132/549/139 1133/550/139 1123/560/139
f 1128/555/379 1127/561/379 1137/551/379 1138/545/379
f 1127/561/380 1126/562/380 1136/552/380 1137/551/380
f 1125/563/381 1135/553/381 1136/552/381 1126/562/381
f 1125/563/382 1124/564/382 1134/554/382 1135/553/382
f 1124/564/383 1123/560/383 1133/550/383 1134/554/383
f 1118/565/145 1128/555/145 1129/556/145 1119/566/145
f 1122/559/378 1121/484/378 1131/486/378 1132/549/378
f 847/567/384 1120/568/384 1130/558/384 849/557/384
f 1120/568/339 1119/566/339 1129/556/339 1130/558/339
f 1112/569/148 1122/559/148 1123/560/148 1113/570/148
f 1118/565/385 1117/571/385 1127/561/385 1128/555/385
f 1117/571/551 1116/572/551 1126/562/551 1127/561/551
f 1115/573/387 1125/563/387 1126/562/387 1116/572/387
f 1115/573/388 1114/574/388 1124/564/388 1125/563/388
f 1114/574/389 1113/570/389 1123/560/389 1124/564/389
f 1108/575/154 1118/565/154 1119/566/154 1109/576/154
f 1112/569/384 1111/482/384 1121/484/384 1122/559/384
f 845/577/390 1110/578/390 1120/568/390 847/567/390
f 1110/578/338 1109/576/338 1119/566/338 1120/568/338
f 1102/579/156 1112/569/156 1113/570/156 1103/580/156
f 1108/575/391 1107/581/391 1117/571/391 1118/565/391
f 1107/581/392 1106/582/392 1116/572/392 1117/571/392
f 1105/583/393 1115/573/393 1116/572/393 1106/582/393
f 1105/583/394 1104/584/394 1114/574/394 1115/573/394
f 1104/584/395 1103/580/395 1113/570/395 1114/574/395
f 1098/585/162 1108/575/162 1109/576/162 1099/586/162
f 1102/579/390 1101/480/390 1111/482/390 1112/569/390
f 843/587/396 1100/588/396 1110/578/396 845/577/396
f 1100/588/337 1099/586/337 1109/576/337 1110/578/337
f 1092/589/164 1102/579/164 1103/580/164 1093/590/164
f 1098/585/397 1097/591/397 1107/581/397 1108/575/397
f 1097/591/398 1096/592/398 1106/582/398 1107/581/398
f 1095/593/399 1105/583/399 1106/582/399 1096/592/399
f 1095/593/400 1094/594/400 1104/584/400 1105/583/400
f 1094/594/401 1093/590/401 1103/580/401 1104/584/401
f 1088/595/170 1098/585/170 1099/586/170 1089/596/170
f 1092/589/396 1091/478/396 1101/480/396 1102/579/396
f 841/597/402 1090/598/402 1100/588/402 843/587/402
f 1090/598/336 1089/596/336 1099/586/336 1100/588/336
f 1082/599/172 1092/589/172 1093/590/172 1083/600/172
f 1088/595/403 1087/601/403 1097/591/403 1098/585/403
f 1087/601/404 1086/602/404 1096/592/404 1097/591/404
f 1085/603/405 1095/593/405 1096/592/405 1086/602/405
f 1085/603/552 1084/604/552 1094/594/552 1095/593/552
f 1084/604/407 1083/600/407 1093/590/407 1094/594/407
f 1078/605/178 1088/595/178 1089/596/178 1079/606/178
f 1082/599/402 1081/476/402 1091/478/402 1092/589/402
f 839/607/408 1080/608/408 1090/598/408 841/597/408
f 1080/608/335 1079/606/335 1089/596/335 1090/598/335
f 1072/609/180 1082/599/180 1083/600/180 1073/610/180
f 1078/605/409 1077/611/409 1087/601/409 1088/595/409
f 1077/611/410 1076/612/410 1086/602/410 1087/601/410
f 1075/613/411 1085/603/411 1086/602/411 1076/612/411
f 1075/613/412 1074/614/412 1084/604/412 1085/603/412
f 1074/614/413 1073/610/413 1083/600/413 1084/604/413
f 1068/615/186 1078/605/186 1079/606/186 1069/616/186
f 1072/609/408 1071/474/408 1081/476/408 1082/599/408
f 837/617/414 1070/618/414 1080/608/414 839/607/414
f 1070/618/334 1069/616/334 1079/606/334 1080/608/334
f 1062/619/189 1072/609/189 1073/610/189 1063/620/189
f 1068/615/415 1067/621/415 1077/611/415 1078/605/415
f 1067/621/416 1066/622/416 1076/612/416 1077/611/416
f 1065/623/417 1075/613/417 1076/612/417 1066/622/417
f 1065/623/553 1064/624/553 1074/614/553 1075/613/553
f 1064/624/419 1063/620/419 1073/610/419 1074/614/419
f 1058/625/195 1068/615/195 1069/616/195 1059/626/195
f 1062/619/414 1061/472/414 1071/474/414 1072/609/414
f 835/627/554 1060/628/554 1070/618/554 837/617/554
f 1060/628/333 1059/626/333 1069/616/333 1070/618/333
f 1052/629/197 1062/619/197 1063/620/197 1053/630/197
f 1058/625/421 1057/631/421 1067/621/421 1068/615/421
f 1057/631/422 1056/632/422 1066/622/422 1067/621/422
f 1055/633/555 1065/623/555 1066/622/555 1056/632/555
f 1055/633/424 1054/634/424 1064/624/424 1065/623/424
f 1054/634/425 1053/630/425 1063/620/425 1064/624/425
f 1048/635/426 1058/625/426 1059/626/426 1049/636/426
f 1052/629/554 1051/470/554 1061/472/554 1062/619/554
f 833/637/556 1050/638/556 1060/628/556 835/627/556
f 1050/638/332 1049/636/332 1059/626/332 1060/628/332
f 1042/639/428 1052/629/428 1053/630/428 1043/640/428
f 1048/635/429 1047/641/429 1057/631/429 1058/625/429
f 1047/641/557 1046/642/557 1056/632/557 1057/631/557
f 1045/643/431 1055/633/431 1056/632/431 1046/642/431
f 1045/643/432 1044/644/432 1054/634/432 1055/633/432
f 1044/644/433 1043/640/433 1053/630/433 1054/634/433
f 1038/645/211 1048/635/211 1049/636/211 1039/646/211
f 1042/639/556 1041/468/556 1051/470/556 1052/629/556
f 831/647/434 1040/648/434 1050/638/434 833/637/434
f 1040/648/331 1039/646/331 1049/636/331 1050/638/331
f 1032/649/213 1042/639/213 1043/640/213 1033/650/213
f 1038/645/435 1037/651/435 1047/641/435 1048/635/435
f 1037/651/436 1036/652/436 1046/642/436 1047/641/436
f 1035/653/437 1045/643/437 1046/642/437 1036/652/437
f 1035/653/438 1034/654/438 1044/644/438 1045/643/438
f 1034/654/439 1033/650/439 1043/640/439 1044/644/439
f 1028/655/219 1038/645/219 1039/646/219 1029/656/219
f 1032/649/434 1031/466/434 1041/468/434 1042/639/434
f 829/657/440 1030/658/440 1040/648/440 831/647/440
f 1030/658/330 1029/656/330 1039/646/330 1040/648/330
f 1022/659/221 1032/649/221 1033/650/221 1023/660/221
f 1028/655/441 1027/661/441 1037/651/441 1038/645/441
f 1027/661/442 1026/662/442 1036/652/442 1037/651/442
f 1025/663/443 1035/653/443 1036/652/443 1026/662/443
f 1025/663/444 1024/664/444 1034/654/444 1035/653/444
f 1024/664/445 1023/660/445 1033/650/445 1034/654/445
f 1018/665/227 1028/666/227 1029/667/227 1019/668/227
f 1022/659/440 1021/463/440 1031/466/440 1032/649/440
f 827/669/446 1020/670/446 1030/671/446 829/672/446
f 1020/670/329 1019/668/329 1029/667/329 1030/671/329
f 1012/673/229 1022/674/229 1023/675/229 1013/676/229
f 1018/665/447 1017/677/447 1027/678/447 1028/666/447
f 1017/677/448 1016/679/448 1026/680/448 1027/678/448
f 1015/681/449 1025/682/449 1026/680/449 1016/679/449
f 1015/681/450 1014/683/450 1024/684/450 1025/682/450
f 1014/683/451 1013/676/451 1023/675/451 1024/684/451
f 1008/685/235 1018/665/235 1019/668/235 1009/686/235
f 1012/673/446 1011/460/446 1021/462/446 1022/674/446
f 825/687/452 1010/688/452 1020/670/452 827/669/452
f 1010/688/328 1009/686/328 1019/668/328 1020/670/328
f 1002/689/237 1012/673/237 1013/676/237 1003/690/237
f 1008/685/453 1007/691/453 1017/677/453 1018/665/453
f 1007/691/454 1006/692/454 1016/679/454 1017/677/454
f 1005/693/455 1015/681/455 1016/679/455 1006/692/455
f 1005/693/456 1004/694/456 1014/683/456 1015/681/456
f 1004/694/457 1003/690/457 1013/676/457 1014/683/457
f 998/695/458 1008/685/458 1009/686/458 999/696/458
f 1002/689/452 1001/458/452 1011/460/452 1012/673/452
f 823/697/558 1000/698/558 1010/688/558 825/687/558
f 1000/698/549 999/696/549 1009/686/549 1010/688/549
f 992/699/460 1002/689/460 1003/690/460 993/700/460
f 998/695/461 997/701/461 1007/691/461 1008/685/461
f 997/701/462 996/702/462 1006/692/462 1007/691/462
f 995/703/463 1005/693/463 1006/692/463 996/702/463
f 995/703/464 994/704/464 1004/694/464 1005/693/464
f 994/704/465 993/700/465 1003/690/465 1004/694/465
f 988/705/251 998/695/251 999/696/251 989/706/251
f 992/699/558 991/456/558 1001/458/558 1002/689/558
f 821/707/559 990/708/559 1000/698/559 823/697/559
f 990/708/548 989/706/548 999/696/548 1000/698/548
f 982/709/253 992/699/253 993/700/253 983/710/253
f 988/705/467 987/711/467 997/701/467 998/695/467
f 987/711/468 986/712/468 996/702/468 997/701/468
f 985/713/469 995/703/469 996/702/469 986/712/469
f 985/713/470 984/714/470 994/704/470 995/703/470
f 984/714/471 983/710/471 993/700/471 994/704/471
f 978/715/259 988/705/259 989/706/259 979/716/259
f 982/709/559 981/454/559 991/456/559 992/699/559
f 819/717/472 980/718/472 990/708/472 821/707/472
f 980/718/325 979/716/325 989/706/325 990/708/325
f 972/719/261 982/709/261 983/710/261 973/720/261
f 978/715/473 977/721/473 987/711/473 988/705/473
f 977/721/560 976/722/560 986/712/560 987/711/560
f 975/723/475 985/713/475 986/712/475 976/722/475
f 975/723/561 974/724/561 984/714/561 985/713/561
f 974/724/477 973/720/477 983/710/477 984/714/477
f 968/725/267 978/715/267 979/716/267 969/726/267
f 972/719/472 971/452/472 981/454/472 982/709/472
f 817/727/478 970/728/478 980/718/478 819/717/478
f 970/728/324 969/726/324 979/716/324 980/718/324
f 962/729/479 972/719/479 973/720/479 963/730/479
f 968/725/480 967/731/480 977/721/480 978/715/480
f 967/731/481 966/732/481 976/722/481 977/721/481
f 965/733/482 975/723/482 976/722/482 966/732/482
f 965/733/483 964/734/483 974/724/483 975/723/483
f 964/734/484 963/730/484 973/720/484 974/724/484
f 958/735/275 968/725/275 969/726/275 959/736/275
f 962/729/478 961/450/478 971/452/478 972/719/478
f 815/737/485 960/738/485 970/728/485 817/727/485
f 960/738/323 959/736/323 969/726/323 970/728/323
f 952/739/277 962/729/277 963/730/277 953/740/277
f 958/735/562 957/741/562 967/731/562 968/725/562
f 957/741/563 956/742/563 966/732/563 967/731/563
f 955/743/488 965/733/488 966/732/488 956/742/488
f 955/743/564 954/744/564 964/734/564 965/733/564
f 954/744/565 953/740/565 963/730/565 964/734/565
f 948/745/283 958/735/283 959/736/283 949/746/283
f 952/739/485 951/448/485 961/450/485 962/729/485
f 813/747/491 950/748/491 960/738/491 815/737/491
f 950/748/322 949/746/322 959/736/322 960/738/322
f 942/749/285 952/739/285 953/740/285 943/750/285
f 948/745/566 947/751/566 957/741/566 958/735/566
f 947/751/493 946/752/493 956/742/493 957/741/493
f 945/753/494 955/743/494 956/742/494 946/752/494
f 945/753/495 944/754/495 954/744/495 955/743/495
f 944/754/567 943/750/567 953/740/567 954/744/567
f 938/755/291 948/745/291 949/746/291 939/756/291
f 942/749/491 941/446/491 951/448/491 952/739/491
f 811/757/497 940/758/497 950/748/497 813/747/497
f 940/758/321 939/756/321 949/746/321 950/748/321
f 932/759/34 942/749/34 943/750/34 933/760/34
f 938/755/568 937/761/568 947/751/568 948/745/568
f 937/761/499 936/762/499 946/752/499 947/751/499
f 935/763/500 945/753/500 946/752/500 936/762/500
f 935/763/501 934/764/501 944/754/501 945/753/501
f 934/764/569 933/760/569 943/750/569 944/754/569
f 928/765/40 938/755/40 939/756/40 929/766/40
f 932/759/497 931/444/497 941/446/497 942/749/497
f 809/767/503 930/768/503 940/758/503 811/757/503
f 930/768/320 929/766/320 939/756/320 940/758/320
f 922/769/42 932/759/42 933/760/42 923/770/42
f 928/765/570 927/771/570 937/761/570 938/755/570
f 927/771/571 926/772/571 936/762/571 937/761/571
f 925/773/506 935/763/506 936/762/506 926/772/506
f 925/773/572 924/774/572 934/764/572 935/763/572
f 924/774/573 923/770/573 933/760/573 934/764/573
f 918/775/48 928/765/48 929/766/48 919/776/48
f 922/769/503 921/442/503 931/444/503 932/759/503
f 807/777/509 920/778/509 930/768/509 809/767/509
f 920/778/319 919/776/319 929/766/319 930/768/319
f 912/779/510 922/769/510 923/770/510 913/780/510
f 918/775/511 917/781/511 927/771/511 928/765/511
f 917/781/512 916/782/512 926/772/512 927/771/512
f 915/783/513 925/773/513 926/772/513 916/782/513
f 915/783/514 914/784/514 924/774/514 925/773/514
f 914/784/515 913/780/515 923/770/515 924/774/515
f 908/785/56 918/775/56 919/776/56 909/786/56
f 912/779/509 911/440/509 921/442/509 922/769/509
f 805/787/516 910/788/516 920/778/516 807/777/516
f 910/788/318 909/786/318 919/776/318 920/778/318
f 902/789/58 912/779/58 913/780/58 903/790/58
f 908/785/574 907/791/574 917/781/574 918/775/574
f 907/791/575 906/792/575 916/782/575 917/781/575
f 905/793/519 915/783/519 916/782/519 906/792/519
f 905/793/576 904/794/576 914/784/576 915/783/576
f 904/794/521 903/790/521 913/780/521 914/784/521
f 898/795/64 908/785/64 909/786/64 899/796/64
f 902/789/516 901/438/516 911/440/516 912/779/516
f 803/797/577 900/798/577 910/788/577 805/787/577
f 900/798/547 899/796/547 909/786/547 910/788/547
f 892/799/67 902/789/67 903/790/67 893/800/67
f 898/795/523 897/801/523 907/791/523 908/785/523
f 897/801/524 896/802/524 906/792/524 907/791/524
f 895/803/525 905/793/525 906/792/525 896/802/525
f 895/803/526 894/804/526 904/794/526 905/793/526
f 894/804/527 893/800/527 903/790/527 904/794/527
f 888/805/73 898/795/73 899/796/73 889/806/73
f 892/799/577 891/436/577 901/438/577 902/789/577
f 801/807/528 890/808/528 900/798/528 803/797/528
f 890/808/546 889/806/546 899/796/546 900/798/546
f 882/809/75 892/799/75 893/800/75 883/810/75
f 888/805/529 887/811/529 897/801/529 898/795/529
f 887/811/530 886/812/530 896/802/530 897/801/530
f 885/813/531 895/803/531 896/802/531 886/812/531
f 885/813/532 884/814/532 894/804/532 895/803/532
f 884/814/533 883/810/533 893/800/533 894/804/533
f 878/815/81 888/805/81 889/806/81 879/816/81
f 882/809/528 881/434/528 891/436/528 892/799/528
f 799/817/534 880/818/534 890/808/534 801/807/534
f 880/818/315 879/816/315 889/806/315 890/808/315
f 872/819/83 882/809/83 883/810/83 873/820/83
f 878/815/535 877/821/535 887/811/535 888/805/535
f 877/821/536 876/822/536 886/812/536 887/811/536
f 875/823/537 885/813/537 886/812/537 876/822/537
f 875/823/538 874/824/538 884/814/538 885/813/538
f 874/824/539 873/820/539 883/810/539 884/814/539
f 862/500/89 863/508/89 878/815/89 879/816/89
f 872/819/534 871/432/534 881/434/534 882/809/534
f 797/498/540 861/497/540 880/818/540 799/817/540
f 861/497/314 862/500/314 879/816/314 880/818/314
f 868/503/91 869/502/91 872/819/91 873/820/91
f 863/508/541 864/507/541 877/821/541 878/815/541
f 864/507/542 865/510/542 876/822/542 877/821/542
f 865/510/543 866/512/543 875/823/543 876/822/543
f 866/512/544 867/514/544 874/824/544 875/823/544
f 867/514/545 868/503/545 873/820/545 874/824/545
f 869/502/540 870/429/540 871/432/540 872/819/540
f 1178/505/97 863/508/97 862/500/97 1179/499/97
s 1
f 1225/825/578 1209/826/292 1181/827/579 1183/828/580
f 1227/829/581 1224/830/582 1184/831/583 1182/832/584
f 1224/830/582 1225/825/578 1183/828/580 1184/831/583
f 1228/833/585 1190/834/586 1192/835/587 1212/836/303
f 1223/837/588 1185/838/589 1188/839/590 1222/840/308
f 1222/840/308 1188/839/590 1190/834/586 1228/833/585
f 1211/841/591 1187/842/592 1185/838/589 1223/837/588
f 1232/843/593 1195/844/594 1194/845/595 1213/846/304
f 1227/829/581 1182/832/584 1196/847/596 1215/848/597
f 1215/848/597 1196/847/596 1195/844/594 1232/843/593
f 1234/849/598 1236/850/300 1204/851/599 1202/852/600
f 1231/853/295 1214/854/297 1200/855/601 1197/856/602
f 1214/854/297 1234/849/598 1202/852/600 1200/855/601
f 1217/857/603 1231/853/295 1197/856/602 1199/858/604
s 0
f 1221/859/605 1220/860/605 1207/861/605 1208/862/605
f 1219/863/605 1221/859/605 1208/864/605 1206/865/605
f 1199/866/313 1207/867/313 1220/868/313 1217/869/313
f 1187/870/312 1211/871/312 1219/872/312 1206/873/312
s 1
f 1203/874/586 1205/875/587 1218/876/303 1235/877/310
f 1205/875/587 1204/851/599 1236/850/300 1218/876/303
f 1201/878/590 1203/874/586 1235/877/310 1233/879/308
f 1198/880/589 1201/878/590 1233/879/308 1216/881/305
f 1194/845/595 1198/880/589 1216/881/305 1213/846/304
f 1191/882/600 1229/883/299 1230/884/300 1193/885/599
f 1193/885/599 1230/884/300 1212/836/303 1192/835/587
f 1189/886/601 1226/887/297 1229/883/299 1191/882/600
f 1186/888/602 1210/889/295 1226/887/297 1189/886/601
f 1181/827/579 1209/826/292 1210/889/295 1186/888/602
usemtl Material.009
f 1291/397/615 1238/398/616 1240/399/294 1292/400/295
f 1292/400/295 1240/399/294 1245/401/296 1307/402/297
f 1307/402/297 1245/401/296 1246/403/298 1310/404/598
f 1311/405/300 1248/406/301 1249/407/302 1294/408/303
f 1310/404/598 1246/403/298 1248/406/301 1311/405/300
f 1295/409/617 1298/410/305 1252/411/306 1250/412/618
f 1298/410/305 1314/413/308 1257/414/309 1252/411/306
f 1314/413/308 1316/415/310 1258/416/311 1257/414/309
f 1300/417/303 1317/418/300 1261/419/301 1260/420/302
f 1316/415/310 1300/417/303 1260/420/302 1258/416/311
s 0
f 1293/421/312 1241/422/312 1262/423/312 1301/424/312
f 1299/425/313 1302/426/313 1263/427/313 1253/428/313
s 1
f 1253/897/607 1251/898/294 1312/899/295 1299/900/603
f 1256/901/296 1259/902/298 1315/903/598 1296/904/297
f 1251/898/294 1256/901/296 1296/904/297 1312/899/295
f 1259/902/298 1261/419/301 1317/418/300 1315/903/598
f 1255/905/608 1297/906/597 1313/907/593 1254/908/609
f 1237/909/610 1308/910/581 1297/906/597 1255/905/608
f 1254/908/609 1313/907/593 1295/409/617 1250/412/618
f 1241/911/619 1293/912/591 1304/913/588 1239/914/612
f 1244/915/309 1303/916/308 1309/917/310 1247/918/311
f 1239/914/612 1304/913/588 1303/916/308 1244/915/309
f 1247/918/311 1309/917/310 1294/408/303 1249/407/302
f 1243/919/613 1242/920/614 1306/921/578 1305/922/582
f 1237/909/610 1243/919/613 1305/922/582 1308/910/581
f 1242/920/614 1238/398/616 1291/397/615 1306/921/578
usemtl Material.010
f 1306/825/578 1291/826/615 1264/827/579 1266/828/580
f 1308/829/581 1305/830/582 1267/831/583 1265/832/584
f 1305/830/582 1306/825/578 1266/828/580 1267/831/583
f 1309/833/310 1273/834/586 1275/835/587 1294/836/303
f 1304/837/588 1268/838/589 1271/839/590 1303/840/308
f 1303/840/308 1271/839/590 1273/834/586 1309/833/310
f 1293/841/591 1270/842/592 1268/838/589 1304/837/588
f 1313/843/593 1278/844/594 1277/845/595 1295/846/617
f 1308/829/581 1265/832/584 1279/847/596 1297/848/597
f 1297/848/597 1279/847/596 1278/844/594 1313/843/593
f 1315/849/598 1317/850/300 1287/851/599 1285/852/600
f 1312/853/295 1296/854/297 1283/855/601 1280/856/602
f 1296/854/297 1315/849/598 1285/852/600 1283/855/601
f 1299/857/603 1312/853/295 1280/856/602 1282/858/604
s 0
f 1282/866/313 1290/867/313 1302/868/313 1299/869/313
f 1270/870/312 1293/871/312 1301/872/312 1289/873/312
s 1
f 1286/874/586 1288/875/587 1300/876/303 1316/877/310
f 1288/875/587 1287/851/599 1317/850/300 1300/876/303
f 1284/878/590 1286/874/586 1316/877/310 1314/879/308
f 1281/880/589 1284/878/590 1314/879/308 1298/881/305
f 1277/845/595 1281/880/589 1298/881/305 1295/846/617
f 1274/882/600 1310/883/598 1311/884/300 1276/885/599
f 1276/885/599 1311/884/300 1294/836/303 1275/835/587
f 1272/886/601 1307/887/297 1310/883/598 1274/882/600
f 1269/888/602 1292/889/295 1307/887/297 1272/886/601
f 1264/827/579 1291/826/615 1292/889/295 1269/888/602
