# Blender 4.4.0
# www.blender.org
mtllib Llave 3.mtl
o Llave_3
v -1.000000 0.000000 0.092442
v 1.000000 0.000000 0.092442
v -1.000000 0.206484 0.092442
v 1.000000 0.220998 0.092442
v -0.940170 0.000000 0.161688
v -0.940170 0.230281 0.161688
v 0.942184 0.000000 0.161688
v 0.942184 0.242956 0.161688
v 1.000000 0.000000 0.000000
v -1.000000 0.000000 0.000000
v 1.000000 0.220998 0.000000
v -1.000000 0.206484 0.000000
v -0.873230 0.000000 0.154514
v -0.873230 0.242723 0.154514
v 0.889631 0.000000 0.154514
v 0.889631 0.254044 0.154514
v -0.873230 0.000000 0.126271
v -0.873230 0.242723 0.126271
v 0.889631 0.000000 0.126271
v 0.612949 0.000000 0.126271
v 0.612949 0.284876 0.126271
v 0.889631 0.254044 0.126271
v 0.549236 0.945051 0.092442
v 0.808960 0.905639 0.092442
v 0.634128 0.946274 0.092442
v 0.729194 0.931848 0.092442
v 0.876030 0.874426 0.092442
v 1.000000 0.678310 0.092442
v 0.938015 0.827034 0.092442
v 0.983391 0.755251 0.092442
v 0.816499 0.817446 0.161688
v 0.942184 0.624415 0.161688
v 0.879341 0.771721 0.161688
v 0.925345 0.701066 0.161688
v 0.771170 0.837019 0.161688
v 0.509443 0.874207 0.161688
v 0.690563 0.861666 0.161688
v 0.594764 0.875278 0.161688
v 0.549334 0.945064 0.000000
v 0.808958 0.905640 0.000000
v 0.634176 0.946280 0.000000
v 0.729205 0.931850 0.000000
v 0.876075 0.874405 0.000000
v 1.000000 0.678425 0.000000
v 0.938038 0.827039 0.000000
v 0.983397 0.755305 0.000000
v 0.762599 0.771016 0.154514
v 0.889631 0.579828 0.154514
v 0.826115 0.726254 0.154514
v 0.872612 0.656274 0.154514
v 0.475637 0.816873 0.154514
v 0.738378 0.780991 0.154514
v 0.561097 0.817839 0.154514
v 0.657267 0.804705 0.154514
v 0.889631 0.579960 0.126271
v 0.762668 0.770988 0.126271
v 0.872621 0.656336 0.126271
v 0.826149 0.726257 0.126271
v 0.738371 0.780994 0.126271
v 0.475742 0.816885 0.126271
v 0.612949 0.697198 0.126271
v 0.657278 0.804708 0.126271
v 0.561149 0.817845 0.126271
v -0.645445 0.789969 0.092442
v -0.904742 0.565931 0.092442
v -0.728655 0.764676 0.092442
v -0.807153 0.713217 0.092442
v -0.868986 0.643428 0.092442
v -0.904730 0.565975 0.000000
v -0.645673 0.789940 0.000000
v -0.868996 0.643452 0.000000
v -0.807216 0.713222 0.000000
v -0.728796 0.764661 0.000000
v -0.857390 0.520099 0.161688
v -0.593353 0.741386 0.161688
v -0.820108 0.597102 0.161688
v -0.756838 0.666196 0.161688
v -0.677212 0.716862 0.161688
v -0.801675 0.481653 0.154514
v -0.534503 0.700839 0.154514
v -0.763415 0.558182 0.154514
v -0.699206 0.626711 0.154514
v -0.618822 0.676805 0.154514
v -0.534781 0.700807 0.126271
v -0.801664 0.481689 0.126271
v -0.618994 0.676788 0.126271
v -0.699284 0.626712 0.126271
v -0.763430 0.558202 0.126271
v -1.000000 0.000000 -0.092442
v 1.000000 0.000000 -0.092442
v -1.000000 0.206484 -0.092442
v 1.000000 0.220998 -0.092442
v -0.940170 0.000000 -0.161688
v -0.940170 0.230281 -0.161688
v 0.942184 0.000000 -0.161688
v 0.942184 0.242956 -0.161688
v -0.873230 0.000000 -0.154514
v -0.873230 0.242723 -0.154514
v 0.889631 0.000000 -0.154514
v 0.889631 0.254044 -0.154514
v -0.873230 0.000000 -0.126271
v -0.873230 0.242723 -0.126271
v 0.889631 0.000000 -0.126271
v 0.612949 0.000000 -0.126271
v 0.612949 0.284876 -0.126271
v 0.889631 0.254044 -0.126271
v 0.549236 0.945051 -0.092442
v 0.808960 0.905639 -0.092442
v 0.634128 0.946274 -0.092442
v 0.729194 0.931848 -0.092442
v 0.876030 0.874426 -0.092442
v 1.000000 0.678310 -0.092442
v 0.938015 0.827034 -0.092442
v 0.983391 0.755251 -0.092442
v 0.816499 0.817446 -0.161688
v 0.942184 0.624415 -0.161688
v 0.879341 0.771721 -0.161688
v 0.925345 0.701066 -0.161688
v 0.771170 0.837019 -0.161688
v 0.509443 0.874207 -0.161688
v 0.690563 0.861666 -0.161688
v 0.594764 0.875278 -0.161688
v 0.762599 0.771016 -0.154514
v 0.889631 0.579828 -0.154514
v 0.826115 0.726254 -0.154514
v 0.872612 0.656274 -0.154514
v 0.475637 0.816873 -0.154514
v 0.738378 0.780991 -0.154514
v 0.561097 0.817839 -0.154514
v 0.657267 0.804705 -0.154514
v 0.889631 0.579960 -0.126271
v 0.762668 0.770988 -0.126271
v 0.872621 0.656336 -0.126271
v 0.826149 0.726257 -0.126271
v 0.738371 0.780994 -0.126271
v 0.475742 0.816885 -0.126271
v 0.612949 0.697198 -0.126271
v 0.657278 0.804708 -0.126271
v 0.561149 0.817845 -0.126271
v -0.645445 0.789969 -0.092442
v -0.904742 0.565931 -0.092442
v -0.728655 0.764676 -0.092442
v -0.807153 0.713217 -0.092442
v -0.868986 0.643428 -0.092442
v -0.857390 0.520099 -0.161688
v -0.593353 0.741386 -0.161688
v -0.820108 0.597102 -0.161688
v -0.756838 0.666196 -0.161688
v -0.677212 0.716862 -0.161688
v -0.801675 0.481653 -0.154514
v -0.534503 0.700839 -0.154514
v -0.763415 0.558182 -0.154514
v -0.699206 0.626711 -0.154514
v -0.618822 0.676805 -0.154514
v -0.534781 0.700807 -0.126271
v -0.801664 0.481689 -0.126271
v -0.618994 0.676788 -0.126271
v -0.699284 0.626712 -0.126271
v -0.763430 0.558202 -0.126271
v -1.000000 -0.206484 0.092442
v 1.000000 -0.220998 0.092442
v -0.940170 -0.230281 0.161688
v 0.942184 -0.242956 0.161688
v 1.000000 -0.220998 0.000000
v -1.000000 -0.206484 0.000000
v -0.873230 -0.242723 0.154514
v 0.889631 -0.254044 0.154514
v -0.873230 -0.242723 0.126271
v 0.612949 -0.284876 0.126271
v 0.889631 -0.254044 0.126271
v 0.549236 -0.945051 0.092442
v 0.808960 -0.905639 0.092442
v 0.634128 -0.946274 0.092442
v 0.729194 -0.931848 0.092442
v 0.876030 -0.874426 0.092442
v 1.000000 -0.678310 0.092442
v 0.938015 -0.827034 0.092442
v 0.983391 -0.755251 0.092442
v 0.816499 -0.817446 0.161688
v 0.942184 -0.624415 0.161688
v 0.879341 -0.771721 0.161688
v 0.925345 -0.701066 0.161688
v 0.771170 -0.837019 0.161688
v 0.509443 -0.874207 0.161688
v 0.690563 -0.861666 0.161688
v 0.594764 -0.875278 0.161688
v 0.549334 -0.945064 0.000000
v 0.808958 -0.905640 0.000000
v 0.634176 -0.946280 0.000000
v 0.729205 -0.931850 0.000000
v 0.876075 -0.874405 0.000000
v 1.000000 -0.678425 0.000000
v 0.938038 -0.827039 0.000000
v 0.983397 -0.755305 0.000000
v 0.762599 -0.771016 0.154514
v 0.889631 -0.579828 0.154514
v 0.826115 -0.726254 0.154514
v 0.872612 -0.656274 0.154514
v 0.475637 -0.816873 0.154514
v 0.738378 -0.780991 0.154514
v 0.561097 -0.817839 0.154514
v 0.657267 -0.804705 0.154514
v 0.889631 -0.579960 0.126271
v 0.762668 -0.770988 0.126271
v 0.872621 -0.656336 0.126271
v 0.826149 -0.726257 0.126271
v 0.738371 -0.780994 0.126271
v 0.475742 -0.816885 0.126271
v 0.612949 -0.697198 0.126271
v 0.657278 -0.804708 0.126271
v 0.561149 -0.817845 0.126271
v -0.645445 -0.789969 0.092442
v -0.904742 -0.565931 0.092442
v -0.728655 -0.764676 0.092442
v -0.807153 -0.713217 0.092442
v -0.868986 -0.643428 0.092442
v -0.904730 -0.565975 0.000000
v -0.645673 -0.789940 0.000000
v -0.868996 -0.643452 0.000000
v -0.807216 -0.713222 0.000000
v -0.728796 -0.764661 0.000000
v -0.857390 -0.520099 0.161688
v -0.593353 -0.741386 0.161688
v -0.820108 -0.597102 0.161688
v -0.756838 -0.666196 0.161688
v -0.677212 -0.716862 0.161688
v -0.801675 -0.481653 0.154514
v -0.534503 -0.700839 0.154514
v -0.763415 -0.558182 0.154514
v -0.699206 -0.626711 0.154514
v -0.618822 -0.676805 0.154514
v -0.534781 -0.700807 0.126271
v -0.801664 -0.481689 0.126271
v -0.618994 -0.676788 0.126271
v -0.699284 -0.626712 0.126271
v -0.763430 -0.558202 0.126271
v -1.000000 -0.206484 -0.092442
v 1.000000 -0.220998 -0.092442
v -0.940170 -0.230281 -0.161688
v 0.942184 -0.242956 -0.161688
v -0.873230 -0.242723 -0.154514
v 0.889631 -0.254044 -0.154514
v -0.873230 -0.242723 -0.126271
v 0.612949 -0.284876 -0.126271
v 0.889631 -0.254044 -0.126271
v 0.549236 -0.945051 -0.092442
v 0.808960 -0.905639 -0.092442
v 0.634128 -0.946274 -0.092442
v 0.729194 -0.931848 -0.092442
v 0.876030 -0.874426 -0.092442
v 1.000000 -0.678310 -0.092442
v 0.938015 -0.827034 -0.092442
v 0.983391 -0.755251 -0.092442
v 0.816499 -0.817446 -0.161688
v 0.942184 -0.624415 -0.161688
v 0.879341 -0.771721 -0.161688
v 0.925345 -0.701066 -0.161688
v 0.771170 -0.837019 -0.161688
v 0.509443 -0.874207 -0.161688
v 0.690563 -0.861666 -0.161688
v 0.594764 -0.875278 -0.161688
v 0.762599 -0.771016 -0.154514
v 0.889631 -0.579828 -0.154514
v 0.826115 -0.726254 -0.154514
v 0.872612 -0.656274 -0.154514
v 0.475637 -0.816873 -0.154514
v 0.738378 -0.780991 -0.154514
v 0.561097 -0.817839 -0.154514
v 0.657267 -0.804705 -0.154514
v 0.889631 -0.579960 -0.126271
v 0.762668 -0.770988 -0.126271
v 0.872621 -0.656336 -0.126271
v 0.826149 -0.726257 -0.126271
v 0.738371 -0.780994 -0.126271
v 0.475742 -0.816885 -0.126271
v 0.612949 -0.697198 -0.126271
v 0.657278 -0.804708 -0.126271
v 0.561149 -0.817845 -0.126271
v -0.645445 -0.789969 -0.092442
v -0.904742 -0.565931 -0.092442
v -0.728655 -0.764676 -0.092442
v -0.807153 -0.713217 -0.092442
v -0.868986 -0.643428 -0.092442
v -0.857390 -0.520099 -0.161688
v -0.593353 -0.741386 -0.161688
v -0.820108 -0.597102 -0.161688
v -0.756838 -0.666196 -0.161688
v -0.677212 -0.716862 -0.161688
v -0.801675 -0.481653 -0.154514
v -0.534503 -0.700839 -0.154514
v -0.763415 -0.558182 -0.154514
v -0.699206 -0.626711 -0.154514
v -0.618822 -0.676805 -0.154514
v -0.534781 -0.700807 -0.126271
v -0.801664 -0.481689 -0.126271
v -0.618994 -0.676788 -0.126271
v -0.699284 -0.626712 -0.126271
v -0.763430 -0.558202 -0.126271
v -1.212325 -0.149433 -0.000000
v -5.209658 -0.149433 0.000000
v -1.212325 -0.146553 -0.029244
v -5.209658 -0.146553 -0.029244
v -1.212325 -0.138023 -0.057364
v -5.209658 -0.138023 -0.057364
v -1.212325 -0.124170 -0.083280
v -5.209658 -0.124170 -0.083280
v -1.212325 -0.105528 -0.105995
v -5.209658 -0.105528 -0.105995
v -1.212325 -0.082813 -0.124637
v -5.209658 -0.082813 -0.124637
v -1.212325 -0.056897 -0.138490
v -5.209658 -0.056897 -0.138489
v -1.212325 -0.028777 -0.147020
v -5.209658 -0.028777 -0.147020
v -1.212325 0.000467 -0.149900
v -5.209658 0.000467 -0.149900
v -5.209658 -0.193544 0.000000
v -5.209658 -0.189816 -0.037850
v -5.209658 -0.178776 -0.074245
v -5.209658 -0.160847 -0.107787
v -5.209658 -0.136720 -0.137186
v -5.209658 -0.107320 -0.161314
v -5.209658 -0.073778 -0.179243
v -5.209658 -0.037383 -0.190283
v -5.209658 0.000467 -0.194011
v -5.309591 -0.193544 0.000000
v -5.309591 -0.189816 -0.037850
v -5.309591 -0.178776 -0.074245
v -5.309591 -0.160847 -0.107787
v -5.309591 -0.136720 -0.137186
v -5.309591 -0.107320 -0.161314
v -5.309591 -0.073778 -0.179243
v -5.309591 -0.037383 -0.190283
v -5.309591 0.000467 -0.194011
v -5.309592 -0.149122 0.000000
v -5.309592 -0.146248 -0.029183
v -5.309592 -0.137736 -0.057245
v -5.309592 -0.123912 -0.083107
v -5.309592 -0.105309 -0.105775
v -5.309592 -0.082641 -0.124379
v -5.309592 -0.056779 -0.138202
v -5.309592 -0.028717 -0.146715
v -5.309592 0.000467 -0.149589
v -5.409525 -0.149122 0.000000
v -5.409525 -0.146248 -0.029183
v -5.409525 -0.137736 -0.057245
v -5.409525 -0.123912 -0.083107
v -5.409525 -0.105309 -0.105775
v -5.409525 -0.082641 -0.124379
v -5.409525 -0.056779 -0.138202
v -5.409525 -0.028717 -0.146715
v -5.409525 0.000467 -0.149589
v -6.208993 -0.149123 0.000000
v -6.208993 -0.146248 -0.029183
v -6.208993 -0.137736 -0.057245
v -6.208993 -0.123912 -0.083107
v -6.208993 -0.105309 -0.105775
v -6.208993 -0.082641 -0.124379
v -6.208993 -0.056779 -0.138202
v -6.208993 -0.028717 -0.146715
v -6.208993 0.000467 -0.149589
v -6.258958 -0.137314 0.000000
v -6.258958 -0.134666 -0.026879
v -6.258958 -0.126826 -0.052726
v -6.258958 -0.114093 -0.076546
v -6.258958 -0.096959 -0.097425
v -6.258958 -0.076080 -0.114560
v -6.258958 -0.052260 -0.127292
v -6.258958 -0.026413 -0.135133
v -6.258958 0.000467 -0.137780
v -6.308924 -0.103568 0.000000
v -6.308924 -0.101569 -0.020296
v -6.308924 -0.095649 -0.039812
v -6.308924 -0.086035 -0.057799
v -6.308924 -0.073097 -0.073564
v -6.308924 -0.057332 -0.086502
v -6.308924 -0.039346 -0.096116
v -6.308924 -0.019829 -0.102036
v -6.308924 0.000467 -0.104035
v -6.347349 -0.039301 0.000000
v -6.347349 -0.038537 -0.007758
v -6.347349 -0.036274 -0.015218
v -6.347349 -0.032599 -0.022094
v -6.347349 -0.027653 -0.028120
v -6.347349 -0.021627 -0.033066
v -6.347349 -0.014752 -0.036740
v -6.347349 -0.007292 -0.039004
v -6.347349 0.000467 -0.039768
v -6.358892 -0.013537 0.000000
v -6.358892 -0.013268 -0.002732
v -6.358892 -0.012471 -0.005359
v -6.358892 -0.011177 -0.007780
v -6.358892 -0.009436 -0.009902
v -6.358892 -0.007313 -0.011644
v -6.358892 -0.004892 -0.012938
v -6.358892 -0.002265 -0.013735
v -6.358892 0.000467 -0.014004
v -6.361921 0.000467 0.000000
v -5.409525 -0.547307 -0.029183
v -6.208993 -0.547307 -0.029183
v -6.208993 -0.694176 -0.029183
v -6.009126 -0.146248 -0.029183
v -5.809258 -0.146248 -0.029183
v -5.609392 -0.146248 -0.029183
v -6.009126 -0.137736 -0.057245
v -5.809258 -0.137736 -0.057245
v -5.609392 -0.137736 -0.057245
v -6.009126 -0.123912 -0.083107
v -5.809258 -0.123912 -0.083107
v -5.609392 -0.123912 -0.083107
v -6.009126 -0.105309 -0.105775
v -5.809258 -0.105309 -0.105775
v -5.609392 -0.105309 -0.105775
v -6.009126 -0.082641 -0.124379
v -5.809258 -0.082641 -0.124379
v -5.609392 -0.082641 -0.124379
v -6.009126 -0.056779 -0.138202
v -5.809258 -0.056779 -0.138202
v -5.609392 -0.056779 -0.138202
v -6.009126 -0.028717 -0.146715
v -5.809258 -0.028717 -0.146715
v -5.609392 -0.028717 -0.146715
v -6.009126 0.000467 -0.149589
v -5.809258 0.000467 -0.149589
v -5.609392 0.000467 -0.149589
v -6.009126 -0.547307 -0.029183
v -5.609392 -0.547308 -0.029183
v -6.009126 -0.694176 -0.029183
v -5.409525 -0.694176 -0.029183
v -5.609392 -0.694176 -0.029183
v -1.212325 0.150367 -0.000000
v -5.209658 0.150367 0.000000
v -1.212325 0.147487 -0.029244
v -5.209658 0.147487 -0.029244
v -1.212325 0.138957 -0.057364
v -5.209658 0.138956 -0.057364
v -1.212325 0.125104 -0.083280
v -5.209658 0.125104 -0.083280
v -1.212325 0.106462 -0.105995
v -5.209658 0.106462 -0.105995
v -1.212325 0.083747 -0.124637
v -5.209658 0.083747 -0.124637
v -1.212325 0.057831 -0.138490
v -5.209658 0.057831 -0.138489
v -1.212325 0.029711 -0.147020
v -5.209658 0.029711 -0.147020
v -5.209658 0.194478 0.000000
v -5.209658 0.190750 -0.037850
v -5.209658 0.179710 -0.074245
v -5.209658 0.161781 -0.107787
v -5.209658 0.137653 -0.137186
v -5.209658 0.108254 -0.161314
v -5.209658 0.074712 -0.179243
v -5.209658 0.038316 -0.190283
v -5.309591 0.194478 0.000000
v -5.309591 0.190750 -0.037850
v -5.309591 0.179710 -0.074245
v -5.309591 0.161781 -0.107787
v -5.309591 0.137653 -0.137186
v -5.309591 0.108254 -0.161314
v -5.309591 0.074712 -0.179243
v -5.309591 0.038316 -0.190283
v -5.309592 0.150056 0.000000
v -5.309592 0.147182 -0.029183
v -5.309592 0.138669 -0.057245
v -5.309592 0.124846 -0.083107
v -5.309592 0.106242 -0.105775
v -5.309592 0.083574 -0.124379
v -5.309592 0.057712 -0.138202
v -5.309592 0.029650 -0.146715
v -5.409525 0.150056 0.000000
v -5.409525 0.147182 -0.029183
v -5.409525 0.138669 -0.057245
v -5.409525 0.124846 -0.083107
v -5.409525 0.106242 -0.105775
v -5.409525 0.083574 -0.124379
v -5.409525 0.057712 -0.138202
v -5.409525 0.029650 -0.146715
v -6.208993 0.150056 0.000000
v -6.208993 0.147182 -0.029183
v -6.208993 0.138669 -0.057245
v -6.208993 0.124846 -0.083107
v -6.208993 0.106242 -0.105775
v -6.208993 0.083574 -0.124379
v -6.208993 0.057712 -0.138202
v -6.208993 0.029650 -0.146715
v -6.258958 0.138247 0.000000
v -6.258958 0.135600 -0.026879
v -6.258958 0.127759 -0.052726
v -6.258958 0.115027 -0.076546
v -6.258958 0.097892 -0.097425
v -6.258958 0.077013 -0.114560
v -6.258958 0.053193 -0.127292
v -6.258958 0.027346 -0.135133
v -6.308924 0.104502 0.000000
v -6.308924 0.102503 -0.020296
v -6.308924 0.096583 -0.039812
v -6.308924 0.086969 -0.057799
v -6.308924 0.074031 -0.073564
v -6.308924 0.058265 -0.086502
v -6.308924 0.040279 -0.096116
v -6.308924 0.020763 -0.102036
v -6.347349 0.040235 0.000000
v -6.347349 0.039470 -0.007758
v -6.347349 0.037207 -0.015218
v -6.347349 0.033533 -0.022094
v -6.347349 0.028587 -0.028120
v -6.347349 0.022561 -0.033066
v -6.347349 0.015685 -0.036740
v -6.347349 0.008225 -0.039004
v -6.358892 0.014471 0.000000
v -6.358892 0.014202 -0.002732
v -6.358892 0.013405 -0.005359
v -6.358892 0.012111 -0.007780
v -6.358892 0.010369 -0.009902
v -6.358892 0.008247 -0.011644
v -6.358892 0.005826 -0.012938
v -6.358892 0.003199 -0.013735
v -6.009126 0.147182 -0.029183
v -5.809258 0.147182 -0.029183
v -5.609392 0.147182 -0.029183
v -6.009126 0.138669 -0.057245
v -5.809258 0.138669 -0.057245
v -5.609392 0.138669 -0.057245
v -6.009126 0.124846 -0.083107
v -5.809258 0.124846 -0.083107
v -5.609392 0.124846 -0.083107
v -6.009126 0.106242 -0.105775
v -5.809258 0.106242 -0.105775
v -5.609392 0.106242 -0.105775
v -6.009126 0.083574 -0.124379
v -5.809258 0.083574 -0.124379
v -5.609392 0.083574 -0.124379
v -6.009126 0.057712 -0.138202
v -5.809258 0.057712 -0.138202
v -5.609392 0.057712 -0.138202
v -6.009126 0.029650 -0.146715
v -5.809258 0.029650 -0.146715
v -5.609392 0.029650 -0.146715
v -1.112392 -0.200946 -0.000000
v -1.112396 -0.197076 -0.039294
v -1.112392 -0.185615 -0.077078
v -1.112392 -0.167002 -0.111899
v -1.112392 -0.141954 -0.142421
v -1.112392 -0.111432 -0.167469
v -1.112392 -0.076611 -0.186082
v -1.112392 -0.038827 -0.197543
v -1.112392 0.000467 -0.201413
v -1.112392 0.201880 -0.000000
v -1.112396 0.198010 -0.039294
v -1.112392 0.186549 -0.077078
v -1.112392 0.167936 -0.111899
v -1.112392 0.142888 -0.142421
v -1.112392 0.112366 -0.167469
v -1.112392 0.077545 -0.186082
v -1.112392 0.039761 -0.197543
v -6.011003 0.150056 0.000000
v -5.811766 0.150056 0.000000
v -5.612528 0.150056 0.000000
v -0.999995 -0.200946 -0.000000
v -0.999999 -0.197076 -0.039294
v -0.999995 -0.185615 -0.077078
v -0.999995 -0.167002 -0.111899
v -0.999995 -0.141954 -0.142421
v -0.999995 -0.111432 -0.167469
v -0.999995 -0.076611 -0.186082
v -0.999995 -0.038827 -0.197543
v -0.999995 0.000467 -0.201413
v -0.999995 0.201880 -0.000000
v -0.999999 0.198010 -0.039294
v -0.999995 0.186549 -0.077078
v -0.999995 0.167936 -0.111899
v -0.999995 0.142888 -0.142421
v -0.999995 0.112366 -0.167469
v -0.999995 0.077545 -0.186082
v -0.999995 0.039761 -0.197543
v -0.999995 0.000467 -0.000000
v -5.409525 -0.547307 0.000000
v -6.208993 -0.547307 0.000000
v -6.208993 -0.694176 0.000000
v -6.009126 -0.547307 0.000000
v -6.009126 -0.694176 0.000000
v -5.609392 -0.547308 0.000000
v -5.409525 -0.694176 0.000000
v -5.609392 -0.694176 0.000000
v -1.212325 -0.146553 0.029244
v -5.209658 -0.146553 0.029244
v -1.212325 -0.138023 0.057364
v -5.209658 -0.138023 0.057364
v -1.212325 -0.124170 0.083280
v -5.209658 -0.124170 0.083280
v -1.212325 -0.105528 0.105995
v -5.209658 -0.105528 0.105995
v -1.212325 -0.082813 0.124637
v -5.209658 -0.082813 0.124637
v -1.212325 -0.056897 0.138489
v -5.209658 -0.056897 0.138490
v -1.212325 -0.028777 0.147020
v -5.209658 -0.028777 0.147020
v -1.212325 0.000467 0.149900
v -5.209658 0.000467 0.149900
v -5.209658 -0.189816 0.037850
v -5.209658 -0.178776 0.074245
v -5.209658 -0.160847 0.107787
v -5.209658 -0.136720 0.137187
v -5.209658 -0.107320 0.161314
v -5.209658 -0.073778 0.179243
v -5.209658 -0.037383 0.190283
v -5.209658 0.000467 0.194011
v -5.309591 -0.189816 0.037850
v -5.309591 -0.178776 0.074245
v -5.309591 -0.160847 0.107787
v -5.309591 -0.136720 0.137187
v -5.309591 -0.107320 0.161314
v -5.309591 -0.073778 0.179243
v -5.309591 -0.037383 0.190283
v -5.309591 0.000467 0.194011
v -5.309592 -0.146248 0.029184
v -5.309592 -0.137736 0.057246
v -5.309592 -0.123912 0.083108
v -5.309592 -0.105309 0.105776
v -5.309592 -0.082641 0.124379
v -5.309592 -0.056779 0.138203
v -5.309592 -0.028717 0.146715
v -5.309592 0.000467 0.149589
v -5.409525 -0.146248 0.029184
v -5.409525 -0.137736 0.057246
v -5.409525 -0.123912 0.083108
v -5.409525 -0.105309 0.105776
v -5.409525 -0.082641 0.124379
v -5.409525 -0.056779 0.138203
v -5.409525 -0.028717 0.146715
v -5.409525 0.000467 0.149589
v -6.208993 -0.146248 0.029184
v -6.208993 -0.137736 0.057246
v -6.208993 -0.123912 0.083108
v -6.208993 -0.105309 0.105776
v -6.208993 -0.082641 0.124379
v -6.208993 -0.056779 0.138203
v -6.208993 -0.028717 0.146715
v -6.208993 0.000467 0.149590
v -6.258958 -0.134666 0.026880
v -6.258958 -0.126826 0.052727
v -6.258958 -0.114093 0.076547
v -6.258958 -0.096959 0.097426
v -6.258958 -0.076080 0.114561
v -6.258958 -0.052260 0.127293
v -6.258958 -0.026413 0.135133
v -6.258958 0.000467 0.137781
v -6.308924 -0.101569 0.020297
v -6.308924 -0.095649 0.039813
v -6.308924 -0.086035 0.057799
v -6.308924 -0.073097 0.073564
v -6.308924 -0.057332 0.086502
v -6.308924 -0.039346 0.096116
v -6.308924 -0.019829 0.102036
v -6.308924 0.000467 0.104035
v -6.347349 -0.038537 0.007759
v -6.347349 -0.036274 0.015219
v -6.347349 -0.032599 0.022094
v -6.347349 -0.027653 0.028120
v -6.347349 -0.021627 0.033066
v -6.347349 -0.014752 0.036741
v -6.347349 -0.007292 0.039004
v -6.347349 0.000467 0.039768
v -6.358892 -0.013268 0.002732
v -6.358892 -0.012471 0.005359
v -6.358892 -0.011177 0.007781
v -6.358892 -0.009436 0.009903
v -6.358892 -0.007313 0.011644
v -6.358892 -0.004892 0.012938
v -6.358892 -0.002265 0.013735
v -6.358892 0.000467 0.014004
v -5.409525 -0.547307 0.029184
v -6.208993 -0.547307 0.029184
v -6.208993 -0.694176 0.029184
v -6.009126 -0.146248 0.029184
v -5.809258 -0.146248 0.029184
v -5.609392 -0.146248 0.029184
v -6.009126 -0.137736 0.057246
v -5.809258 -0.137736 0.057246
v -5.609392 -0.137736 0.057246
v -6.009126 -0.123912 0.083108
v -5.809258 -0.123912 0.083108
v -5.609392 -0.123912 0.083108
v -6.009126 -0.105309 0.105776
v -5.809258 -0.105309 0.105776
v -5.609392 -0.105309 0.105776
v -6.009126 -0.082641 0.124379
v -5.809258 -0.082641 0.124379
v -5.609392 -0.082641 0.124379
v -6.009126 -0.056779 0.138203
v -5.809258 -0.056779 0.138203
v -5.609392 -0.056779 0.138203
v -6.009126 -0.028717 0.146715
v -5.809258 -0.028717 0.146715
v -5.609392 -0.028717 0.146715
v -6.009126 0.000467 0.149590
v -5.809258 0.000467 0.149590
v -5.609392 0.000467 0.149589
v -6.009126 -0.547307 0.029184
v -5.609392 -0.547307 0.029184
v -6.009126 -0.694176 0.029184
v -5.409525 -0.694176 0.029184
v -5.609392 -0.694176 0.029184
v -1.212325 0.147487 0.029244
v -5.209658 0.147487 0.029244
v -1.212325 0.138957 0.057364
v -5.209658 0.138956 0.057364
v -1.212325 0.125104 0.083280
v -5.209658 0.125104 0.083280
v -1.212325 0.106462 0.105995
v -5.209658 0.106462 0.105995
v -1.212325 0.083747 0.124637
v -5.209658 0.083747 0.124637
v -1.212325 0.057831 0.138489
v -5.209658 0.057831 0.138490
v -1.212325 0.029711 0.147020
v -5.209658 0.029711 0.147020
v -5.209658 0.190750 0.037850
v -5.209658 0.179710 0.074245
v -5.209658 0.161781 0.107787
v -5.209658 0.137653 0.137187
v -5.209658 0.108254 0.161314
v -5.209658 0.074712 0.179243
v -5.209658 0.038316 0.190283
v -5.309591 0.190750 0.037850
v -5.309591 0.179710 0.074245
v -5.309591 0.161781 0.107787
v -5.309591 0.137653 0.137187
v -5.309591 0.108254 0.161314
v -5.309591 0.074712 0.179243
v -5.309591 0.038316 0.190283
v -5.309592 0.147182 0.029184
v -5.309592 0.138669 0.057246
v -5.309592 0.124846 0.083108
v -5.309592 0.106242 0.105776
v -5.309592 0.083574 0.124379
v -5.309592 0.057712 0.138203
v -5.309592 0.029650 0.146715
v -5.409525 0.147182 0.029184
v -5.409525 0.138669 0.057246
v -5.409525 0.124846 0.083108
v -5.409525 0.106242 0.105776
v -5.409525 0.083574 0.124379
v -5.409525 0.057712 0.138203
v -5.409525 0.029650 0.146715
v -6.208993 0.147182 0.029184
v -6.208993 0.138669 0.057246
v -6.208993 0.124846 0.083108
v -6.208993 0.106242 0.105776
v -6.208993 0.083574 0.124379
v -6.208993 0.057712 0.138203
v -6.208993 0.029650 0.146715
v -6.258958 0.135600 0.026880
v -6.258958 0.127759 0.052727
v -6.258958 0.115027 0.076547
v -6.258958 0.097892 0.097426
v -6.258958 0.077013 0.114561
v -6.258958 0.053193 0.127293
v -6.258958 0.027346 0.135133
v -6.308924 0.102503 0.020297
v -6.308924 0.096583 0.039813
v -6.308924 0.086969 0.057799
v -6.308924 0.074031 0.073564
v -6.308924 0.058265 0.086502
v -6.308924 0.040279 0.096116
v -6.308924 0.020763 0.102036
v -6.347349 0.039470 0.007759
v -6.347349 0.037207 0.015219
v -6.347349 0.033533 0.022094
v -6.347349 0.028587 0.028120
v -6.347349 0.022561 0.033066
v -6.347349 0.015685 0.036741
v -6.347349 0.008225 0.039004
v -6.358892 0.014202 0.002732
v -6.358892 0.013405 0.005359
v -6.358892 0.012111 0.007781
v -6.358892 0.010369 0.009903
v -6.358892 0.008247 0.011644
v -6.358892 0.005826 0.012938
v -6.358892 0.003199 0.013735
v -6.009126 0.147182 0.029184
v -5.809258 0.147182 0.029184
v -5.609392 0.147182 0.029184
v -6.009126 0.138669 0.057246
v -5.809258 0.138669 0.057246
v -5.609392 0.138669 0.057246
v -6.009126 0.124846 0.083108
v -5.809258 0.124846 0.083108
v -5.609392 0.124846 0.083108
v -6.009126 0.106242 0.105776
v -5.809258 0.106242 0.105776
v -5.609392 0.106242 0.105776
v -6.009126 0.083574 0.124379
v -5.809258 0.083574 0.124379
v -5.609392 0.083574 0.124379
v -6.009126 0.057712 0.138203
v -5.809258 0.057712 0.138203
v -5.609392 0.057712 0.138203
v -6.009126 0.029650 0.146715
v -5.809258 0.029650 0.146715
v -5.609392 0.029650 0.146715
v -1.112396 -0.197076 0.039294
v -1.112392 -0.185615 0.077077
v -1.112392 -0.167002 0.111899
v -1.112392 -0.141954 0.142421
v -1.112392 -0.111432 0.167469
v -1.112392 -0.076611 0.186081
v -1.112392 -0.038827 0.197543
v -1.112392 0.000467 0.201413
v -1.112396 0.198010 0.039294
v -1.112392 0.186549 0.077077
v -1.112392 0.167936 0.111899
v -1.112392 0.142888 0.142421
v -1.112392 0.112366 0.167469
v -1.112392 0.077545 0.186081
v -1.112392 0.039761 0.197543
v -0.999999 -0.197076 0.039294
v -0.999995 -0.185615 0.077077
v -0.999995 -0.167002 0.111899
v -0.999995 -0.141954 0.142420
v -0.999995 -0.111432 0.167469
v -0.999995 -0.076611 0.186081
v -0.999995 -0.038827 0.197543
v -0.999995 0.000467 0.201413
v -0.999999 0.198010 0.039294
v -0.999995 0.186549 0.077077
v -0.999995 0.167936 0.111899
v -0.999995 0.142888 0.142420
v -0.999995 0.112366 0.167469
v -0.999995 0.077545 0.186081
v -0.999995 0.039761 0.197543
v -5.409525 -0.305299 -0.029183
v -6.208993 -0.305299 -0.029183
v -6.009126 -0.305299 -0.029183
v -5.809258 -0.305299 -0.029183
v -5.609392 -0.305299 -0.029183
v -6.208993 -0.306736 0.000000
v -5.409525 -0.306736 0.000000
v -5.409525 -0.305299 0.029184
v -6.208993 -0.305299 0.029184
v -6.009126 -0.305299 0.029184
v -5.809258 -0.305299 0.029184
v -5.609392 -0.305299 0.029184
v -6.009126 -0.305299 0.000000
v -5.809258 -0.305299 0.000000
v -5.609392 -0.305299 0.000000
v -5.900000 -0.547307 0.000000
v -5.900000 -0.547307 -0.029183
v -5.900000 -0.694176 0.000000
v -5.900000 -0.694176 -0.029183
v -5.900000 -0.547307 0.029184
v -5.900000 -0.694176 0.029184
v -5.719828 -0.694176 0.000000
v -5.719828 -0.694176 -0.029183
v -5.719828 -0.547308 0.000000
v -5.719828 -0.547307 0.029184
v -5.719828 -0.694176 0.029184
v -5.719828 -0.547308 -0.029183
vn 0.7676 -0.0000 0.6409
vn 0.7237 0.0998 0.6829
vn 0.3798 0.0231 0.9248
vn 0.3614 -0.0000 0.9324
vn -0.7609 0.0808 0.6438
vn -0.7567 -0.0000 0.6538
vn -0.3670 -0.0000 0.9302
vn -0.4057 0.0700 0.9113
vn 1.0000 -0.0000 -0.0000
vn -0.3727 0.1280 0.9191
vn 0.1083 -0.0190 0.9939
vn 0.1031 -0.0383 0.9939
vn 0.3412 0.5615 0.7539
vn 0.2404 0.6209 0.7461
vn 0.1125 0.2957 0.9486
vn 0.1609 0.2847 0.9450
vn -0.0371 -0.1052 0.9938
vn -0.0502 -0.0954 0.9942
vn -0.3808 -0.9247 -0.0000
vn -0.1353 -0.0000 0.9908
vn -0.0332 0.3536 0.9348
vn -0.0650 0.3677 0.9277
vn 0.0218 -0.1364 0.9904
vn 0.0118 -0.1358 0.9907
vn -0.1284 -0.0082 0.9917
vn -0.7060 0.2727 0.6536
vn -0.0398 0.7198 0.6931
vn -0.1712 0.7316 0.6599
vn -1.0000 -0.0000 -0.0000
vn -0.1287 0.9917 -0.0000
vn -0.0000 -0.0000 1.0000
vn 0.1141 -0.9935 -0.0000
vn 0.1066 -0.0000 0.9943
vn 0.9580 -0.2869 -0.0000
vn -0.0144 0.9999 0.0001
vn 0.1501 0.9887 0.0001
vn 0.3122 0.9500 -0.0000
vn 0.6073 0.7944 0.0002
vn 0.8452 0.5344 0.0003
vn 0.9775 0.2110 0.0002
vn 0.2486 0.2306 0.9408
vn 0.4759 0.4437 0.7594
vn 0.3391 0.1228 0.9327
vn 0.6181 0.2755 0.7363
vn -0.1025 -0.0383 0.9940
vn -0.0730 -0.0712 0.9948
vn -0.0048 -0.1214 0.9926
vn 0.0140 0.3341 0.9425
vn -0.0225 -0.1120 0.9934
vn 0.0683 0.3163 0.9462
vn 0.1568 0.6501 0.7435
vn 0.0562 0.6825 0.7287
vn -0.2806 -0.9598 -0.0001
vn -0.1354 -0.9908 -0.0003
vn 0.0113 -0.9999 -0.0003
vn -0.5760 -0.8174 -0.0007
vn -0.8329 -0.5535 -0.0013
vn -0.9761 -0.2173 -0.0009
vn 0.4219 0.9066 -0.0000
vn -0.3196 0.2054 0.9250
vn -0.5964 0.4056 0.6927
vn -0.2358 0.2822 0.9299
vn -0.4649 0.5388 0.7026
vn -0.1468 0.3519 0.9245
vn -0.3192 0.6534 0.6864
vn 0.0437 -0.1138 0.9925
vn 0.0661 -0.0840 0.9943
vn 0.0855 -0.0587 0.9946
vn -0.2909 0.9568 0.0003
vn -0.5484 0.8362 0.0006
vn -0.7486 0.6630 0.0004
vn -0.9080 0.4189 0.0001
vn 0.2742 -0.9617 -0.0013
vn 0.5290 -0.8486 -0.0021
vn 0.7299 -0.6836 -0.0015
vn 0.8945 -0.4471 -0.0005
vn -0.9666 0.2562 -0.0000
vn 0.7676 -0.0000 -0.6409
vn 0.3614 -0.0000 -0.9324
vn 0.3798 0.0231 -0.9248
vn 0.7237 0.0998 -0.6829
vn -0.7609 0.0808 -0.6438
vn -0.4057 0.0700 -0.9113
vn -0.3670 -0.0000 -0.9302
vn -0.7567 -0.0000 -0.6538
vn -0.3727 0.1280 -0.9191
vn 0.1031 -0.0383 -0.9939
vn 0.1083 -0.0190 -0.9939
vn 0.3412 0.5615 -0.7539
vn 0.1609 0.2847 -0.9450
vn 0.1125 0.2957 -0.9486
vn 0.2404 0.6209 -0.7461
vn -0.0502 -0.0954 -0.9942
vn -0.0371 -0.1052 -0.9938
vn -0.1353 -0.0000 -0.9908
vn -0.0332 0.3536 -0.9348
vn 0.0118 -0.1358 -0.9907
vn 0.0218 -0.1364 -0.9904
vn -0.0650 0.3677 -0.9277
vn -0.1284 -0.0082 -0.9917
vn -0.7060 0.2726 -0.6536
vn -0.0398 0.7198 -0.6931
vn -0.1712 0.7316 -0.6599
vn -0.0000 -0.0000 -1.0000
vn 0.1066 -0.0000 -0.9943
vn -0.0144 0.9999 -0.0001
vn 0.1501 0.9887 -0.0001
vn 0.6073 0.7944 -0.0002
vn 0.8452 0.5344 -0.0003
vn 0.9775 0.2110 -0.0002
vn 0.4759 0.4437 -0.7594
vn 0.2486 0.2306 -0.9408
vn 0.6181 0.2755 -0.7363
vn 0.3391 0.1228 -0.9327
vn -0.1025 -0.0383 -0.9940
vn -0.0730 -0.0712 -0.9948
vn 0.0140 0.3341 -0.9425
vn -0.0048 -0.1214 -0.9926
vn 0.0683 0.3163 -0.9462
vn -0.0225 -0.1120 -0.9934
vn 0.1568 0.6501 -0.7435
vn 0.0562 0.6825 -0.7287
vn -0.2806 -0.9598 0.0001
vn -0.1354 -0.9908 0.0003
vn 0.0113 -0.9999 0.0003
vn -0.5760 -0.8174 0.0007
vn -0.8329 -0.5535 0.0013
vn -0.9761 -0.2173 0.0009
vn -0.5964 0.4056 -0.6927
vn -0.3196 0.2054 -0.9250
vn -0.4649 0.5388 -0.7026
vn -0.2358 0.2822 -0.9299
vn -0.3192 0.6534 -0.6864
vn -0.1468 0.3519 -0.9245
vn 0.0437 -0.1138 -0.9925
vn 0.0661 -0.0840 -0.9943
vn 0.0855 -0.0587 -0.9946
vn -0.2909 0.9568 -0.0003
vn -0.5484 0.8362 -0.0006
vn -0.7486 0.6630 -0.0004
vn -0.9080 0.4189 -0.0001
vn 0.2742 -0.9617 0.0013
vn 0.5290 -0.8486 0.0021
vn 0.7299 -0.6836 0.0015
vn 0.8945 -0.4471 0.0005
vn 0.3798 -0.0231 0.9248
vn 0.7237 -0.0998 0.6829
vn -0.7609 -0.0808 0.6438
vn -0.4057 -0.0700 0.9113
vn -0.3727 -0.1280 0.9191
vn 0.1031 0.0383 0.9939
vn 0.1083 0.0190 0.9939
vn 0.3412 -0.5615 0.7539
vn 0.1609 -0.2847 0.9450
vn 0.1125 -0.2957 0.9486
vn 0.2404 -0.6209 0.7461
vn -0.0502 0.0954 0.9942
vn -0.0371 0.1052 0.9938
vn -0.3808 0.9247 -0.0000
vn -0.0332 -0.3536 0.9348
vn 0.0118 0.1358 0.9907
vn 0.0218 0.1364 0.9904
vn -0.0650 -0.3677 0.9277
vn -0.1284 0.0082 0.9917
vn -0.7060 -0.2726 0.6536
vn -0.0398 -0.7198 0.6931
vn -0.1712 -0.7316 0.6599
vn -0.1287 -0.9917 -0.0000
vn 0.1141 0.9935 -0.0000
vn 0.9580 0.2869 -0.0000
vn -0.0144 -0.9999 0.0001
vn 0.1501 -0.9887 0.0001
vn 0.3122 -0.9500 -0.0000
vn 0.6073 -0.7944 0.0002
vn 0.8452 -0.5344 0.0003
vn 0.9775 -0.2110 0.0002
vn 0.4759 -0.4437 0.7594
vn 0.2486 -0.2306 0.9408
vn 0.6181 -0.2755 0.7363
vn 0.3391 -0.1228 0.9327
vn -0.1025 0.0383 0.9940
vn -0.0730 0.0712 0.9948
vn 0.0140 -0.3341 0.9425
vn -0.0048 0.1214 0.9926
vn 0.0683 -0.3163 0.9462
vn -0.0225 0.1120 0.9934
vn 0.1568 -0.6501 0.7435
vn 0.0562 -0.6825 0.7287
vn -0.2806 0.9598 -0.0001
vn -0.1354 0.9908 -0.0003
vn 0.0113 0.9999 -0.0003
vn -0.5760 0.8174 -0.0007
vn -0.8329 0.5535 -0.0013
vn -0.9761 0.2173 -0.0009
vn 0.4219 -0.9066 -0.0000
vn -0.5964 -0.4056 0.6927
vn -0.3196 -0.2054 0.9250
vn -0.4649 -0.5388 0.7026
vn -0.2358 -0.2822 0.9299
vn -0.3192 -0.6534 0.6864
vn -0.1468 -0.3519 0.9245
vn 0.0437 0.1138 0.9925
vn 0.0661 0.0840 0.9943
vn 0.0855 0.0587 0.9946
vn -0.2909 -0.9568 0.0003
vn -0.5484 -0.8362 0.0006
vn -0.7486 -0.6630 0.0004
vn -0.9080 -0.4189 0.0001
vn 0.2742 0.9617 -0.0013
vn 0.5290 0.8486 -0.0021
vn 0.7299 0.6836 -0.0015
vn 0.8945 0.4471 -0.0005
vn -0.9666 -0.2562 -0.0000
vn 0.7237 -0.0998 -0.6829
vn 0.3798 -0.0231 -0.9248
vn -0.7609 -0.0808 -0.6438
vn -0.4057 -0.0700 -0.9113
vn -0.3727 -0.1280 -0.9191
vn 0.1083 0.0190 -0.9939
vn 0.1031 0.0383 -0.9939
vn 0.3412 -0.5615 -0.7539
vn 0.2404 -0.6209 -0.7461
vn 0.1125 -0.2957 -0.9486
vn 0.1609 -0.2847 -0.9450
vn -0.0371 0.1052 -0.9938
vn -0.0502 0.0954 -0.9942
vn -0.0332 -0.3536 -0.9348
vn -0.0650 -0.3677 -0.9277
vn 0.0218 0.1364 -0.9904
vn 0.0118 0.1358 -0.9907
vn -0.1284 0.0082 -0.9917
vn -0.7060 -0.2727 -0.6536
vn -0.0398 -0.7198 -0.6931
vn -0.1712 -0.7316 -0.6599
vn -0.0144 -0.9999 -0.0001
vn 0.1501 -0.9887 -0.0001
vn 0.6073 -0.7944 -0.0002
vn 0.8452 -0.5344 -0.0003
vn 0.9775 -0.2110 -0.0002
vn 0.2486 -0.2306 -0.9408
vn 0.4759 -0.4437 -0.7594
vn 0.3391 -0.1228 -0.9327
vn 0.6181 -0.2755 -0.7363
vn -0.1025 0.0383 -0.9940
vn -0.0730 0.0712 -0.9948
vn -0.0048 0.1214 -0.9926
vn 0.0140 -0.3341 -0.9425
vn -0.0225 0.1120 -0.9934
vn 0.0683 -0.3163 -0.9462
vn 0.1568 -0.6501 -0.7435
vn 0.0562 -0.6825 -0.7287
vn -0.2806 0.9598 0.0001
vn -0.1354 0.9908 0.0003
vn 0.0113 0.9999 0.0003
vn -0.5760 0.8174 0.0007
vn -0.8329 0.5535 0.0013
vn -0.9761 0.2173 0.0009
vn -0.3196 -0.2054 -0.9250
vn -0.5964 -0.4056 -0.6927
vn -0.2358 -0.2822 -0.9299
vn -0.4649 -0.5388 -0.7026
vn -0.1468 -0.3519 -0.9245
vn -0.3192 -0.6534 -0.6864
vn 0.0437 0.1138 -0.9925
vn 0.0661 0.0840 -0.9943
vn 0.0855 0.0587 -0.9946
vn -0.2909 -0.9568 -0.0003
vn -0.5484 -0.8362 -0.0006
vn -0.7486 -0.6630 -0.0004
vn -0.9080 -0.4189 -0.0001
vn 0.2742 0.9617 0.0013
vn 0.5290 0.8486 0.0021
vn 0.7299 0.6836 0.0015
vn 0.8945 0.4471 0.0005
vn -0.0000 -0.9952 -0.0980
vn -0.0000 -0.9569 -0.2903
vn -0.0000 -0.8819 -0.4714
vn -0.0000 -0.7730 -0.6344
vn -0.0000 -0.6344 -0.7730
vn -0.0000 -0.4714 -0.8819
vn -0.0000 -0.2903 -0.9569
vn -0.0000 -0.0980 -0.9952
vn -0.2290 -0.8585 -0.4589
vn -0.2290 -0.7525 -0.6175
vn -0.2290 -0.6175 -0.7525
vn -0.2290 -0.4589 -0.8585
vn -0.2290 -0.2826 -0.9315
vn -0.2290 -0.0954 -0.9688
vn -0.2290 -0.9687 -0.0954
vn -0.2290 -0.9315 -0.2826
vn -0.5578 -0.3912 -0.7320
vn -0.5578 -0.2409 -0.7942
vn -0.5578 -0.0814 -0.8260
vn -0.5578 -0.8260 -0.0813
vn -0.5578 -0.7942 -0.2409
vn -0.5578 -0.7320 -0.3912
vn -0.5578 -0.6416 -0.5265
vn -0.5578 -0.5265 -0.6416
vn -0.8572 -0.5125 -0.0505
vn -0.8572 -0.4928 -0.1495
vn -0.8572 -0.4542 -0.2428
vn -0.8572 -0.3981 -0.3267
vn -0.8572 -0.3267 -0.3981
vn -0.8572 -0.2428 -0.4542
vn -0.8572 -0.1495 -0.4928
vn -0.8572 -0.0505 -0.5125
vn -0.9119 -0.4085 -0.0402
vn -0.9119 -0.3928 -0.1191
vn -0.9119 -0.3620 -0.1935
vn -0.9119 -0.3173 -0.2604
vn -0.9119 -0.2604 -0.3173
vn -0.9119 -0.1935 -0.3620
vn -0.9119 -0.1192 -0.3928
vn -0.9119 -0.0402 -0.4085
vn -0.9774 -0.2074 -0.0413
vn -0.9774 -0.1758 -0.1175
vn -0.9774 -0.1175 -0.1758
vn -0.9774 -0.0412 -0.2074
vn -0.0000 0.9952 -0.0980
vn -0.0000 0.9569 -0.2903
vn -0.0000 0.8819 -0.4714
vn -0.0000 0.7730 -0.6344
vn -0.0000 0.6344 -0.7730
vn -0.0000 0.4714 -0.8819
vn -0.0000 0.2903 -0.9569
vn -0.0000 0.0980 -0.9952
vn -0.2290 0.8585 -0.4589
vn -0.2290 0.7525 -0.6175
vn -0.2290 0.6175 -0.7525
vn -0.2290 0.4589 -0.8585
vn -0.2290 0.2826 -0.9315
vn -0.2290 0.0954 -0.9687
vn -0.2290 0.9687 -0.0954
vn -0.2290 0.9315 -0.2826
vn -0.5578 0.3912 -0.7320
vn -0.5578 0.2409 -0.7942
vn -0.5578 0.0813 -0.8260
vn -0.5578 0.8260 -0.0813
vn -0.5578 0.7942 -0.2409
vn -0.5578 0.7320 -0.3912
vn -0.5578 0.6416 -0.5265
vn -0.5578 0.5265 -0.6416
vn -0.8572 0.5125 -0.0505
vn -0.8572 0.4928 -0.1495
vn -0.8572 0.4542 -0.2427
vn -0.8572 0.3981 -0.3267
vn -0.8572 0.3267 -0.3981
vn -0.8572 0.2428 -0.4542
vn -0.8572 0.1495 -0.4928
vn -0.8572 0.0505 -0.5125
vn -0.9119 0.4085 -0.0401
vn -0.9119 0.3928 -0.1191
vn -0.9119 0.3620 -0.1935
vn -0.9119 0.3173 -0.2604
vn -0.9118 0.2604 -0.3174
vn -0.9119 0.1935 -0.3620
vn -0.9118 0.1192 -0.3929
vn -0.9119 0.0402 -0.4085
vn -0.9774 0.2074 -0.0413
vn -0.9774 0.1758 -0.1174
vn -0.9774 0.1175 -0.1759
vn -0.9774 0.0412 -0.2074
vn -0.4564 0.6878 -0.5645
vn -0.4564 -0.0872 -0.8855
vn -0.4564 -0.6878 -0.5645
vn -0.4564 0.5645 -0.6878
vn -0.4564 0.8855 -0.0872
vn -0.4564 -0.5645 -0.6878
vn -0.4564 0.4194 -0.7847
vn -0.4564 -0.8855 -0.0872
vn -0.4564 0.8514 -0.2583
vn -0.4564 -0.4194 -0.7847
vn -0.4564 0.2583 -0.8514
vn -0.4564 -0.8514 -0.2583
vn -0.4564 0.7847 -0.4194
vn -0.4564 -0.2583 -0.8514
vn -0.4564 0.0872 -0.8855
vn -0.4564 -0.7847 -0.4194
vn -0.0000 -1.0000 -0.0000
vn -0.0000 1.0000 -0.0000
vn -0.0000 -0.9952 0.0980
vn -0.0000 -0.9569 0.2903
vn -0.0000 -0.8819 0.4714
vn -0.0000 -0.7730 0.6344
vn -0.0000 -0.6344 0.7730
vn -0.0000 -0.4714 0.8819
vn -0.0000 -0.2903 0.9569
vn -0.0000 -0.0980 0.9952
vn -0.2290 -0.8585 0.4589
vn -0.2290 -0.7525 0.6175
vn -0.2290 -0.6175 0.7525
vn -0.2290 -0.4589 0.8585
vn -0.2290 -0.2826 0.9315
vn -0.2290 -0.0954 0.9688
vn -0.2290 -0.9687 0.0954
vn -0.2290 -0.9315 0.2826
vn -0.5578 -0.3912 0.7320
vn -0.5578 -0.2409 0.7942
vn -0.5578 -0.0814 0.8260
vn -0.5578 -0.8260 0.0813
vn -0.5578 -0.7942 0.2409
vn -0.5578 -0.7320 0.3912
vn -0.5578 -0.6416 0.5265
vn -0.5578 -0.5265 0.6416
vn -0.8572 -0.5125 0.0505
vn -0.8572 -0.4928 0.1495
vn -0.8572 -0.4542 0.2428
vn -0.8572 -0.3981 0.3267
vn -0.8572 -0.3267 0.3981
vn -0.8572 -0.2428 0.4542
vn -0.8572 -0.1495 0.4928
vn -0.8572 -0.0505 0.5125
vn -0.9119 -0.4085 0.0402
vn -0.9119 -0.3928 0.1191
vn -0.9118 -0.3620 0.1936
vn -0.9119 -0.3173 0.2604
vn -0.9119 -0.2604 0.3173
vn -0.9119 -0.1935 0.3620
vn -0.9119 -0.1192 0.3928
vn -0.9119 -0.0402 0.4085
vn -0.9774 -0.2074 0.0413
vn -0.9774 -0.1758 0.1174
vn -0.9774 -0.1175 0.1759
vn -0.9774 -0.0412 0.2074
vn -0.0000 0.9952 0.0980
vn -0.0000 0.9569 0.2903
vn -0.0000 0.8819 0.4714
vn -0.0000 0.7730 0.6344
vn -0.0000 0.6344 0.7730
vn -0.0000 0.4714 0.8819
vn -0.0000 0.2903 0.9569
vn -0.0000 0.0980 0.9952
vn -0.2290 0.8585 0.4589
vn -0.2290 0.7525 0.6175
vn -0.2290 0.6175 0.7525
vn -0.2290 0.4589 0.8585
vn -0.2290 0.2826 0.9315
vn -0.2290 0.0954 0.9687
vn -0.2290 0.9687 0.0954
vn -0.2290 0.9315 0.2826
vn -0.5578 0.3912 0.7320
vn -0.5578 0.2409 0.7942
vn -0.5578 0.0813 0.8260
vn -0.5578 0.8260 0.0813
vn -0.5578 0.7942 0.2409
vn -0.5578 0.7320 0.3912
vn -0.5578 0.6416 0.5265
vn -0.5578 0.5265 0.6416
vn -0.8572 0.5125 0.0505
vn -0.8572 0.4928 0.1495
vn -0.8572 0.4542 0.2428
vn -0.8572 0.3981 0.3267
vn -0.8572 0.3267 0.3981
vn -0.8572 0.2428 0.4542
vn -0.8572 0.1495 0.4928
vn -0.8572 0.0505 0.5125
vn -0.9119 0.4085 0.0401
vn -0.9119 0.3928 0.1192
vn -0.9119 0.3620 0.1935
vn -0.9119 0.3173 0.2604
vn -0.9118 0.2604 0.3174
vn -0.9119 0.1935 0.3620
vn -0.9118 0.1192 0.3929
vn -0.9119 0.0402 0.4085
vn -0.9774 0.2074 0.0412
vn -0.9774 0.1758 0.1174
vn -0.9774 0.1175 0.1759
vn -0.9774 0.0412 0.2074
vn -0.4564 0.6878 0.5645
vn -0.4564 -0.0872 0.8855
vn -0.4564 -0.6878 0.5645
vn -0.4564 0.5645 0.6878
vn -0.4564 0.8855 0.0872
vn -0.4564 -0.5645 0.6878
vn -0.4564 0.4194 0.7847
vn -0.4564 -0.8855 0.0872
vn -0.4564 0.8514 0.2583
vn -0.4564 -0.4194 0.7847
vn -0.4564 0.2583 0.8514
vn -0.4564 -0.8514 0.2583
vn -0.4564 0.7847 0.4194
vn -0.4564 -0.2583 0.8514
vn -0.4564 0.0872 0.8855
vn -0.4564 -0.7847 0.4194
vt 0.461722 0.526872
vt 0.466275 0.461444
vt 0.477861 0.470298
vt 0.475173 0.523999
vt 0.758020 0.524850
vt 0.760529 0.554823
vt 0.746893 0.555387
vt 0.744686 0.523247
vt 0.447659 0.526554
vt 0.452621 0.457238
vt 0.730247 0.484286
vt 0.735291 0.522255
vt 0.723129 0.490304
vt 0.483766 0.434824
vt 0.492606 0.429461
vt 0.500153 0.441678
vt 0.494247 0.444631
vt 0.505014 0.449097
vt 0.501765 0.450623
vt 0.462088 0.559440
vt 0.475298 0.559263
vt 0.448488 0.559613
vt 0.506457 0.452512
vt 0.503494 0.453815
vt 0.482756 0.522577
vt 0.483003 0.559145
vt 0.536280 0.435115
vt 0.692182 0.454007
vt 0.683634 0.459737
vt 0.541205 0.443166
vt 0.484905 0.476657
vt 0.740420 0.474940
vt 0.530066 0.420540
vt 0.701515 0.442536
vt 0.771684 0.521879
vt 0.775081 0.554214
vt 0.529488 0.405837
vt 0.706500 0.428707
vt 0.220440 0.035336
vt 0.277734 0.035336
vt 0.298344 0.083975
vt 0.225860 0.083975
vt 0.486727 0.522646
vt 0.487084 0.559074
vt 0.682837 0.463551
vt 0.541042 0.447012
vt 0.737190 0.555777
vt 0.731603 0.523034
vt 0.719656 0.492088
vt 0.311315 0.057655
vt 0.313074 0.061926
vt 0.317243 0.076182
vt 0.175781 0.035336
vt 0.175781 0.083975
vt 0.218450 0.345236
vt 0.175781 0.345236
vt 0.733071 0.555935
vt 0.294756 0.300542
vt 0.285953 0.314657
vt 0.273909 0.325933
vt 0.488638 0.477161
vt 0.319552 0.093081
vt 0.319384 0.108095
vt 0.517389 0.421564
vt 0.514984 0.406997
vt 0.503713 0.424767
vt 0.498862 0.410905
vt 0.485603 0.416734
vt 0.474997 0.423764
vt 0.475870 0.441724
vt 0.465641 0.433023
vt 0.469872 0.451239
vt 0.457573 0.444743
vt 0.486191 0.450911
vt 0.480338 0.460236
vt 0.487305 0.466222
vt 0.493233 0.456678
vt 0.529133 0.443379
vt 0.524190 0.435364
vt 0.515885 0.445509
vt 0.510980 0.437796
vt 0.516773 0.449205
vt 0.529442 0.447248
vt 0.495962 0.459258
vt 0.490674 0.467574
vt 0.291160 0.038326
vt 0.303452 0.046496
vt 0.724338 0.474012
vt 0.733876 0.464434
vt 0.715126 0.464774
vt 0.724606 0.454950
vt 0.703971 0.457797
vt 0.713417 0.447502
vt 0.695628 0.463426
vt 0.707160 0.470502
vt 0.716725 0.479960
vt 0.720583 0.434643
vt 0.734092 0.444025
vt 0.744922 0.455794
vt 0.752865 0.467871
vt 0.694051 0.467009
vt 0.704748 0.473601
vt 0.713564 0.482497
vt 0.298978 0.285738
vt 0.260458 0.332655
vt 0.433910 0.527738
vt 0.420683 0.525781
vt 0.413564 0.474658
vt 0.423993 0.465287
vt 0.153923 0.534037
vt 0.166950 0.531899
vt 0.165609 0.563313
vt 0.152522 0.563484
vt 0.436716 0.460260
vt 0.179000 0.493375
vt 0.186175 0.498691
vt 0.176176 0.530519
vt 0.405694 0.440994
vt 0.396150 0.450809
vt 0.390426 0.448187
vt 0.397106 0.436319
vt 0.389146 0.456780
vt 0.386008 0.455386
vt 0.435080 0.559786
vt 0.422236 0.559952
vt 0.387537 0.459876
vt 0.384699 0.458658
vt 0.414825 0.560049
vt 0.413310 0.524891
vt 0.356206 0.442854
vt 0.351786 0.450472
vt 0.220700 0.468720
vt 0.212774 0.463628
vt 0.407363 0.481379
vt 0.168824 0.484991
vt 0.361697 0.429123
vt 0.203895 0.453272
vt 0.138214 0.563672
vt 0.140454 0.531679
vt 0.361854 0.415477
vt 0.198899 0.440588
vt 0.409532 0.525203
vt 0.371765 0.522860
vt 0.369332 0.469412
vt 0.403827 0.482210
vt 0.410922 0.560099
vt 0.352025 0.454045
vt 0.221493 0.472201
vt 0.174806 0.563192
vt 0.189638 0.500163
vt 0.179848 0.531153
vt 0.374817 0.455710
vt 0.372957 0.560596
vt 0.178751 0.563140
vt 0.194651 0.490521
vt 0.202026 0.481825
vt 0.211382 0.475483
vt 0.362788 0.454000
vt 0.375341 0.416101
vt 0.373550 0.429739
vt 0.390499 0.419168
vt 0.386473 0.432313
vt 0.403124 0.424065
vt 0.413389 0.430128
vt 0.422703 0.438275
vt 0.413544 0.447118
vt 0.431083 0.448797
vt 0.419843 0.455801
vt 0.404141 0.456503
vt 0.410377 0.465141
vt 0.404011 0.471478
vt 0.397497 0.462523
vt 0.367520 0.442804
vt 0.363017 0.450381
vt 0.380044 0.444797
vt 0.375591 0.452192
vt 0.394893 0.465166
vt 0.400815 0.473100
vt 0.174571 0.474756
vt 0.184010 0.483309
vt 0.182890 0.465510
vt 0.192091 0.474260
vt 0.193026 0.458214
vt 0.202082 0.467410
vt 0.209859 0.472283
vt 0.199676 0.479134
vt 0.191502 0.488411
vt 0.185976 0.446472
vt 0.173646 0.455606
vt 0.163825 0.466984
vt 0.156644 0.478730
vt 0.462686 0.592075
vt 0.476361 0.594707
vt 0.479618 0.648579
vt 0.467952 0.658314
vt 0.760530 0.584937
vt 0.747365 0.587797
vt 0.448518 0.592669
vt 0.453927 0.663032
vt 0.737078 0.627565
vt 0.729504 0.622336
vt 0.738047 0.589726
vt 0.487510 0.686013
vt 0.498478 0.675149
vt 0.504929 0.678193
vt 0.497172 0.691510
vt 0.506479 0.668474
vt 0.510046 0.670088
vt 0.508311 0.664955
vt 0.511598 0.666364
vt 0.484075 0.595998
vt 0.543409 0.684443
vt 0.548280 0.675938
vt 0.692351 0.654060
vt 0.701204 0.659580
vt 0.486529 0.641741
vt 0.747978 0.635934
vt 0.537259 0.699879
vt 0.711125 0.670830
vt 0.774373 0.586646
vt 0.537144 0.715173
vt 0.716897 0.684686
vt 0.131121 0.035336
vt 0.125701 0.083975
vt 0.053218 0.083975
vt 0.073827 0.035336
vt 0.488088 0.595850
vt 0.547996 0.671993
vt 0.691424 0.650218
vt 0.725940 0.620963
vt 0.734268 0.589308
vt 0.034318 0.076182
vt 0.038487 0.061926
vt 0.133111 0.345236
vt 0.077652 0.325933
vt 0.065609 0.314657
vt 0.056806 0.300542
vt 0.490233 0.641064
vt 0.032009 0.093081
vt 0.032178 0.108095
vt 0.521873 0.714627
vt 0.523883 0.699183
vt 0.504530 0.711162
vt 0.509227 0.696205
vt 0.490068 0.705386
vt 0.478430 0.698140
vt 0.468143 0.688414
vt 0.478820 0.678858
vt 0.459318 0.676092
vt 0.472113 0.668926
vt 0.489543 0.668634
vt 0.482780 0.658989
vt 0.489705 0.652250
vt 0.496956 0.661980
vt 0.530744 0.684487
vt 0.535833 0.676037
vt 0.516658 0.682149
vt 0.521799 0.673872
vt 0.522738 0.669925
vt 0.536119 0.672010
vt 0.499791 0.658972
vt 0.493108 0.650525
vt 0.048109 0.046496
vt 0.060401 0.038326
vt 0.742312 0.646925
vt 0.732172 0.638163
vt 0.733717 0.657045
vt 0.723680 0.647873
vt 0.722917 0.665205
vt 0.712912 0.655335
vt 0.704356 0.650002
vt 0.715544 0.642644
vt 0.724387 0.632979
vt 0.730938 0.677830
vt 0.744029 0.667405
vt 0.754039 0.654689
vt 0.760962 0.641905
vt 0.702688 0.646465
vt 0.713066 0.639703
vt 0.721165 0.630769
vt 0.052583 0.285738
vt 0.091103 0.332655
vt 0.434745 0.591845
vt 0.426469 0.654530
vt 0.415798 0.645437
vt 0.421575 0.594148
vt 0.154695 0.592885
vt 0.167773 0.594680
vt 0.439319 0.659221
vt 0.180829 0.632875
vt 0.177033 0.595817
vt 0.187862 0.627373
vt 0.408814 0.679294
vt 0.400353 0.684192
vt 0.393364 0.672503
vt 0.399017 0.669733
vt 0.388759 0.665424
vt 0.391859 0.663948
vt 0.387365 0.662187
vt 0.390170 0.660895
vt 0.414229 0.595231
vt 0.359297 0.678732
vt 0.215371 0.661726
vt 0.223161 0.656428
vt 0.354679 0.671233
vt 0.409424 0.638881
vt 0.170876 0.641523
vt 0.365146 0.692315
vt 0.206767 0.672311
vt 0.141292 0.595595
vt 0.365661 0.705952
vt 0.202105 0.685121
vt 0.410444 0.595018
vt 0.405868 0.638143
vt 0.371721 0.651840
vt 0.372753 0.598349
vt 0.223862 0.652927
vt 0.354824 0.667655
vt 0.180686 0.595088
vt 0.191286 0.625810
vt 0.377564 0.665393
vt 0.213669 0.649912
vt 0.204150 0.643817
vt 0.196549 0.635318
vt 0.365584 0.667417
vt 0.376978 0.691388
vt 0.379126 0.704973
vt 0.389829 0.688476
vt 0.394199 0.701510
vt 0.406690 0.696283
vt 0.416792 0.689953
vt 0.416501 0.672966
vt 0.425889 0.681565
vt 0.422570 0.664121
vt 0.433989 0.670827
vt 0.406856 0.663831
vt 0.412863 0.655033
vt 0.406333 0.648866
vt 0.400056 0.657988
vt 0.365908 0.671030
vt 0.370607 0.678485
vt 0.378430 0.668890
vt 0.383075 0.676165
vt 0.397384 0.655414
vt 0.403095 0.647328
vt 0.186102 0.642806
vt 0.176890 0.651604
vt 0.194416 0.651639
vt 0.185448 0.660628
vt 0.204584 0.658225
vt 0.195772 0.667656
vt 0.212231 0.653150
vt 0.201871 0.646568
vt 0.193457 0.637509
vt 0.189032 0.679579
vt 0.176468 0.670771
vt 0.166351 0.659654
vt 0.158864 0.648101
vt 0.931892 0.957731
vt 0.228808 0.956484
vt 0.228401 0.951559
vt 0.931777 0.952404
vt 0.228383 0.946458
vt 0.931428 0.947220
vt 0.228193 0.941337
vt 0.931090 0.942111
vt 0.228344 0.936201
vt 0.930764 0.937094
vt 0.228202 0.931068
vt 0.930501 0.932165
vt 0.228387 0.925944
vt 0.930137 0.927310
vt 0.228244 0.920827
vt 0.929865 0.922475
vt 0.228417 0.915722
vt 0.929905 0.917651
vt 0.221388 0.931029
vt 0.221371 0.925894
vt 0.221276 0.936189
vt 0.208100 0.936007
vt 0.208159 0.930921
vt 0.221475 0.952070
vt 0.221276 0.946656
vt 0.221479 0.920794
vt 0.221344 0.941380
vt 0.221456 0.915698
vt 0.221792 0.957775
vt 0.208316 0.925853
vt 0.208321 0.920784
vt 0.208432 0.915720
vt 0.206681 0.957460
vt 0.207291 0.951707
vt 0.207656 0.946360
vt 0.207934 0.941170
vt 0.201344 0.925730
vt 0.201554 0.920714
vt 0.201443 0.915677
vt 0.199753 0.955653
vt 0.200445 0.950848
vt 0.200797 0.945851
vt 0.200990 0.940825
vt 0.201083 0.935782
vt 0.201378 0.930762
vt 0.183301 0.954478
vt 0.183646 0.949650
vt 0.183834 0.944868
vt 0.183995 0.940029
vt 0.184125 0.935162
vt 0.184233 0.930277
vt 0.184314 0.925380
vt 0.184371 0.920477
vt 0.184403 0.915571
vt 0.085605 0.942793
vt 0.085211 0.947612
vt 0.052150 0.943242
vt 0.053995 0.938451
vt 0.085985 0.938059
vt 0.055458 0.934065
vt 0.086321 0.933386
vt 0.056632 0.929984
vt 0.086602 0.928771
vt 0.057555 0.926035
vt 0.086820 0.924202
vt 0.058221 0.922212
vt 0.086968 0.919667
vt 0.058654 0.918483
vt 0.087041 0.915151
vt 0.058866 0.914778
vt 0.046537 0.934849
vt 0.048491 0.931226
vt 0.049957 0.927783
vt 0.051084 0.924447
vt 0.051906 0.921136
vt 0.052410 0.917849
vt 0.052638 0.914594
vt 0.049017 0.947966
vt 0.040871 0.942295
vt 0.044103 0.938424
vt 0.043782 0.921907
vt 0.044613 0.919423
vt 0.045138 0.916904
vt 0.045367 0.914372
vt 0.033712 0.933363
vt 0.036699 0.931373
vt 0.039121 0.929137
vt 0.041085 0.926804
vt 0.042617 0.924376
vt 0.029388 0.920927
vt 0.030655 0.920494
vt 0.031773 0.919876
vt 0.032736 0.919105
vt 0.033544 0.918217
vt 0.034187 0.917238
vt 0.034663 0.916192
vt 0.034957 0.915096
vt 0.035079 0.913978
vt 0.028634 0.916142
vt 0.029089 0.916054
vt 0.029510 0.915887
vt 0.029886 0.915652
vt 0.030208 0.915358
vt 0.030469 0.915015
vt 0.030663 0.914636
vt 0.030788 0.914232
vt 0.030839 0.913814
vt 0.028539 0.913725
vt 0.885273 0.690489
vt 0.866854 0.677366
vt 0.868941 0.673706
vt 0.887733 0.687204
vt 0.910758 0.602610
vt 0.900993 0.578714
vt 0.921442 0.566647
vt 0.935185 0.581728
vt 0.882910 0.422215
vt 0.876134 0.405327
vt 0.891719 0.397800
vt 0.902512 0.407099
vt 0.899862 0.575925
vt 0.920111 0.564279
vt 0.908561 0.712815
vt 0.911059 0.710101
vt 0.920673 0.719044
vt 0.920049 0.721813
vt 0.933359 0.695161
vt 0.937100 0.715510
vt 0.907661 0.659508
vt 0.151242 0.920268
vt 0.151265 0.915450
vt 0.118635 0.920075
vt 0.118666 0.915333
vt 0.151207 0.925084
vt 0.118585 0.924823
vt 0.151162 0.929901
vt 0.118516 0.929579
vt 0.151109 0.934716
vt 0.118430 0.934347
vt 0.151048 0.939529
vt 0.118332 0.939127
vt 0.150982 0.944340
vt 0.118224 0.943923
vt 0.150915 0.949148
vt 0.118113 0.948735
vt 0.941686 0.567886
vt 0.948316 0.572606
vt 0.945128 0.579750
vt 0.932130 0.877523
vt 0.932029 0.882846
vt 0.228597 0.879851
vt 0.229027 0.874887
vt 0.931698 0.888032
vt 0.228554 0.884951
vt 0.931251 0.893133
vt 0.228643 0.890127
vt 0.930772 0.898147
vt 0.228514 0.895306
vt 0.930322 0.903095
vt 0.228426 0.900445
vt 0.930136 0.908003
vt 0.228345 0.905553
vt 0.930063 0.912845
vt 0.228237 0.910625
vt 0.221520 0.905593
vt 0.221497 0.900484
vt 0.208300 0.900460
vt 0.208277 0.895354
vt 0.221473 0.895322
vt 0.221484 0.884758
vt 0.221651 0.879359
vt 0.221565 0.910643
vt 0.221423 0.890086
vt 0.221930 0.873525
vt 0.208423 0.905541
vt 0.208399 0.910632
vt 0.207488 0.879683
vt 0.206806 0.874150
vt 0.207842 0.885026
vt 0.208095 0.890206
vt 0.201614 0.910642
vt 0.201423 0.905605
vt 0.200700 0.880566
vt 0.200176 0.875815
vt 0.201016 0.885526
vt 0.201203 0.890521
vt 0.201259 0.895547
vt 0.201508 0.900566
vt 0.183979 0.881436
vt 0.183834 0.876613
vt 0.184107 0.886239
vt 0.184215 0.891084
vt 0.184297 0.895965
vt 0.184360 0.900858
vt 0.184399 0.905758
vt 0.184416 0.910663
vt 0.086074 0.887684
vt 0.055225 0.891515
vt 0.053840 0.887100
vt 0.085731 0.882912
vt 0.086382 0.892372
vt 0.056412 0.895688
vt 0.086641 0.897001
vt 0.057370 0.899672
vt 0.086840 0.901581
vt 0.058099 0.903561
vt 0.086994 0.906118
vt 0.058568 0.907346
vt 0.087055 0.910640
vt 0.058829 0.911073
vt 0.049566 0.897979
vt 0.047950 0.894359
vt 0.050763 0.901418
vt 0.051678 0.904772
vt 0.052264 0.908092
vt 0.052582 0.911345
vt 0.045934 0.890575
vt 0.043280 0.886514
vt 0.052189 0.882238
vt 0.044952 0.909290
vt 0.044303 0.906766
vt 0.045309 0.911836
vt 0.038022 0.896851
vt 0.035249 0.894606
vt 0.040260 0.899287
vt 0.041979 0.901721
vt 0.043323 0.904248
vt 0.031186 0.907152
vt 0.029960 0.906620
vt 0.032250 0.907859
vt 0.033150 0.908696
vt 0.033879 0.909647
vt 0.034432 0.910674
vt 0.034823 0.911746
vt 0.035030 0.912856
vt 0.029270 0.911447
vt 0.028825 0.911323
vt 0.029676 0.911646
vt 0.030032 0.911910
vt 0.030330 0.912229
vt 0.030562 0.912591
vt 0.030728 0.912982
vt 0.030820 0.913394
vt 0.151277 0.910633
vt 0.118679 0.910591
vt 0.151277 0.905816
vt 0.118671 0.905847
vt 0.151266 0.900999
vt 0.118643 0.901098
vt 0.151245 0.896183
vt 0.118597 0.896340
vt 0.151214 0.891369
vt 0.118537 0.891568
vt 0.151178 0.886556
vt 0.118463 0.886785
vt 0.151138 0.881746
vt 0.118380 0.881989
vt 0.948500 0.895283
vt 0.947396 0.900170
vt 0.945390 0.917698
vt 0.945537 0.921948
vt 0.947328 0.935204
vt 0.948449 0.939997
vt 0.946537 0.904735
vt 0.953376 0.877301
vt 0.951481 0.884147
vt 0.946445 0.930662
vt 0.945889 0.909143
vt 0.951312 0.950972
vt 0.953143 0.957775
vt 0.949892 0.889966
vt 0.945866 0.926252
vt 0.945487 0.913440
vt 0.949802 0.945160
vt 0.150582 0.876942
vt 0.085057 0.878104
vt 0.117885 0.877183
vt 0.957749 0.907301
vt 0.956781 0.910785
vt 0.956207 0.914223
vt 0.956002 0.917644
vt 0.966636 0.943685
vt 0.971192 0.948107
vt 0.963257 0.939364
vt 0.960753 0.935390
vt 0.971671 0.887322
vt 0.967026 0.891752
vt 0.958899 0.931640
vt 0.963588 0.896101
vt 0.957564 0.928036
vt 0.961011 0.899951
vt 0.956665 0.924524
vt 0.959091 0.903636
vt 0.956153 0.921070
vt 0.980146 0.917835
vt 0.929887 0.561718
vt 0.929858 0.559588
vt 0.943337 0.565524
vt 0.937879 0.718029
vt 0.937012 0.691051
vt 0.950494 0.700645
vt 0.946839 0.702279
vt 0.892000 0.394671
vt 0.904934 0.404094
vt 0.931987 0.792809
vt 0.931869 0.798121
vt 0.227649 0.795122
vt 0.228084 0.790173
vt 0.931521 0.803290
vt 0.227596 0.800206
vt 0.931059 0.808374
vt 0.227658 0.805345
vt 0.930562 0.813383
vt 0.227465 0.810474
vt 0.930271 0.818342
vt 0.227605 0.815593
vt 0.930073 0.823223
vt 0.227416 0.820702
vt 0.929781 0.828054
vt 0.227529 0.825796
vt 0.929802 0.832875
vt 0.227641 0.830944
vt 0.220690 0.820671
vt 0.220601 0.815587
vt 0.207489 0.815551
vt 0.207397 0.810461
vt 0.220641 0.810453
vt 0.220608 0.800020
vt 0.220733 0.794624
vt 0.220611 0.825753
vt 0.220555 0.805288
vt 0.220561 0.830889
vt 0.221030 0.788815
vt 0.207546 0.820640
vt 0.207535 0.825730
vt 0.207574 0.830835
vt 0.206615 0.794899
vt 0.205998 0.789333
vt 0.207015 0.800177
vt 0.207250 0.805347
vt 0.200600 0.825750
vt 0.200647 0.820732
vt 0.200471 0.830782
vt 0.199914 0.795771
vt 0.199230 0.791037
vt 0.200229 0.800704
vt 0.200429 0.805695
vt 0.200556 0.810703
vt 0.200628 0.815717
vt 0.183332 0.796777
vt 0.183051 0.792141
vt 0.183449 0.801527
vt 0.183539 0.806324
vt 0.183599 0.811154
vt 0.183629 0.816010
vt 0.183632 0.820884
vt 0.183609 0.825769
vt 0.183563 0.830661
vt 0.085693 0.802001
vt 0.054112 0.805895
vt 0.052319 0.801129
vt 0.085368 0.797192
vt 0.085993 0.806731
vt 0.055561 0.810271
vt 0.086253 0.811390
vt 0.056703 0.814381
vt 0.086458 0.815988
vt 0.057573 0.818310
vt 0.086621 0.820529
vt 0.058166 0.822134
vt 0.086695 0.825044
vt 0.058542 0.825852
vt 0.086695 0.829536
vt 0.058691 0.829531
vt 0.048577 0.812974
vt 0.046681 0.809413
vt 0.050030 0.816425
vt 0.051110 0.819790
vt 0.051866 0.823092
vt 0.052329 0.826349
vt 0.052509 0.829579
vt 0.044309 0.805819
vt 0.041283 0.802047
vt 0.049257 0.796505
vt 0.044601 0.824670
vt 0.043814 0.822183
vt 0.045085 0.827184
vt 0.045273 0.829707
vt 0.036906 0.812717
vt 0.033950 0.810618
vt 0.039293 0.814974
vt 0.041196 0.817301
vt 0.042687 0.819716
vt 0.030783 0.823353
vt 0.029533 0.822903
vt 0.031883 0.823988
vt 0.032824 0.824771
vt 0.033604 0.825672
vt 0.034215 0.826660
vt 0.034666 0.827706
vt 0.034937 0.828798
vt 0.035050 0.829910
vt 0.029135 0.827726
vt 0.028686 0.827629
vt 0.029550 0.827900
vt 0.029918 0.828142
vt 0.030232 0.828441
vt 0.030484 0.828787
vt 0.030668 0.829167
vt 0.030783 0.829571
vt 0.030826 0.829986
vt 0.028539 0.830026
vt 0.925184 0.535584
vt 0.923416 0.532657
vt 0.940109 0.523121
vt 0.941519 0.526322
vt 0.909563 0.453544
vt 0.926492 0.427299
vt 0.928632 0.424071
vt 0.904061 0.552297
vt 0.893356 0.559340
vt 0.893001 0.556820
vt 0.902136 0.549760
vt 0.877994 0.551246
vt 0.884113 0.533789
vt 0.908983 0.507996
vt 0.150597 0.830268
vt 0.150651 0.825474
vt 0.118156 0.829859
vt 0.118203 0.825140
vt 0.150694 0.820680
vt 0.118230 0.820415
vt 0.150727 0.815887
vt 0.118237 0.815681
vt 0.150751 0.811096
vt 0.118229 0.810935
vt 0.150768 0.806308
vt 0.118209 0.806176
vt 0.150781 0.801522
vt 0.118180 0.801401
vt 0.150793 0.796740
vt 0.118148 0.796609
vt 0.880129 0.426395
vt 0.866854 0.420412
vt 0.869667 0.418377
vt 0.931792 0.873109
vt 0.227851 0.871863
vt 0.227466 0.866851
vt 0.931673 0.867746
vt 0.227500 0.861692
vt 0.931316 0.862525
vt 0.227383 0.856516
vt 0.930965 0.857380
vt 0.227325 0.851368
vt 0.930629 0.852328
vt 0.227281 0.846251
vt 0.930360 0.847368
vt 0.227215 0.841173
vt 0.930194 0.842490
vt 0.227436 0.836088
vt 0.929940 0.837678
vt 0.220444 0.846151
vt 0.220545 0.841082
vt 0.220375 0.851285
vt 0.207145 0.851168
vt 0.207212 0.846075
vt 0.220383 0.867281
vt 0.220262 0.861802
vt 0.220558 0.836010
vt 0.220317 0.856490
vt 0.220635 0.873183
vt 0.207357 0.841022
vt 0.207464 0.835946
vt 0.205435 0.872450
vt 0.206132 0.866850
vt 0.206604 0.861530
vt 0.206911 0.856322
vt 0.200509 0.840844
vt 0.200510 0.835812
vt 0.198660 0.870627
vt 0.199375 0.865899
vt 0.199769 0.860934
vt 0.200003 0.855920
vt 0.200139 0.850883
vt 0.200480 0.845865
vt 0.182399 0.869482
vt 0.182637 0.864678
vt 0.182850 0.859891
vt 0.183037 0.855053
vt 0.183194 0.850192
vt 0.183328 0.845317
vt 0.183432 0.840436
vt 0.183506 0.835550
vt 0.085289 0.856818
vt 0.084862 0.861536
vt 0.053257 0.856945
vt 0.054709 0.852588
vt 0.085677 0.852166
vt 0.055978 0.848419
vt 0.086015 0.847572
vt 0.056987 0.844445
vt 0.086292 0.843025
vt 0.057748 0.840634
vt 0.086500 0.838512
vt 0.058286 0.836885
vt 0.086635 0.834020
vt 0.058596 0.833197
vt 0.047529 0.849627
vt 0.049185 0.846087
vt 0.050462 0.842677
vt 0.051392 0.839321
vt 0.052046 0.836055
vt 0.052423 0.832814
vt 0.051667 0.861621
vt 0.042879 0.857410
vt 0.045487 0.853368
vt 0.044100 0.837249
vt 0.044787 0.834745
vt 0.045175 0.832229
vt 0.034867 0.849274
vt 0.037720 0.846989
vt 0.039951 0.844620
vt 0.041725 0.842202
vt 0.043082 0.839750
vt 0.029801 0.837129
vt 0.031025 0.836624
vt 0.032106 0.835941
vt 0.033013 0.835119
vt 0.033763 0.834193
vt 0.034331 0.833186
vt 0.034740 0.832124
vt 0.034980 0.831026
vt 0.028770 0.832420
vt 0.029216 0.832306
vt 0.029624 0.832117
vt 0.029984 0.831862
vt 0.030286 0.831551
vt 0.030526 0.831198
vt 0.030698 0.830811
vt 0.030798 0.830404
vt 0.150531 0.835063
vt 0.118092 0.834577
vt 0.150455 0.839858
vt 0.118007 0.839297
vt 0.150366 0.844653
vt 0.117902 0.844021
vt 0.150268 0.849446
vt 0.117777 0.848754
vt 0.150160 0.854239
vt 0.117637 0.853499
vt 0.150044 0.859030
vt 0.117483 0.858256
vt 0.149923 0.863819
vt 0.117321 0.863029
vt 0.947263 0.850349
vt 0.948413 0.855190
vt 0.945448 0.828645
vt 0.945295 0.832869
vt 0.948351 0.810543
vt 0.947260 0.815382
vt 0.946375 0.845785
vt 0.951416 0.866300
vt 0.953335 0.873183
vt 0.946390 0.819966
vt 0.945732 0.841405
vt 0.953098 0.792745
vt 0.951241 0.799529
vt 0.949838 0.860451
vt 0.945741 0.824330
vt 0.945392 0.837107
vt 0.949689 0.805323
vt 0.149289 0.868593
vt 0.084106 0.866296
vt 0.116745 0.867803
vt 0.956613 0.839776
vt 0.957571 0.843263
vt 0.956046 0.836332
vt 0.955843 0.832906
vt 0.971184 0.802501
vt 0.966612 0.806912
vt 0.963227 0.811230
vt 0.960719 0.815215
vt 0.966895 0.858667
vt 0.971528 0.863065
vt 0.958863 0.818985
vt 0.963463 0.854337
vt 0.957464 0.822515
vt 0.960890 0.850503
vt 0.956571 0.826043
vt 0.958970 0.846827
vt 0.955989 0.829473
vt 0.979929 0.832756
vt 0.874869 0.403098
vt 0.876357 0.554324
vt 0.945286 0.712359
vt 0.947335 0.714257
vt 0.040246 0.057655
vt 0.927752 0.482666
vt 0.911466 0.482353
vt 0.931258 0.461591
vt 0.929360 0.501963
vt 0.946329 0.435367
vt 0.944566 0.438858
vt 0.889544 0.626852
vt 0.891067 0.605022
vt 0.907730 0.628618
vt 0.884548 0.649633
vt 0.884128 0.581621
vt 0.884887 0.584644
vt 0.912012 0.658036
vt 0.911315 0.628822
vt 0.914327 0.604465
vt 0.907989 0.482310
vt 0.905607 0.455193
vt 0.905578 0.506449
vt 0.936642 0.584472
vt 0.881878 0.530417
vt 0.872257 0.537395
vt 0.869409 0.546573
vt 0.866854 0.547699
vt 0.869855 0.535174
vt 0.946846 0.581728
vt 0.950494 0.571940
vt 0.867113 0.408317
vt 0.869231 0.409630
s 1
f 4/1/1 28/2/2 32/3/3 8/4/4
f 3/5/5 1/6/6 5/7/7 6/8/8
s 0
f 11/9/9 44/10/9 28/2/9 4/1/9
s 1
f 74/11/10 6/8/8 14/12/11 79/13/12
f 27/14/13 24/15/14 35/16/15 31/17/16
f 31/17/16 35/16/15 52/18/17 47/19/18
f 2/20/1 4/1/1 8/4/4 7/21/4
s 0
f 9/22/9 11/9/9 4/1/9 2/20/9
f 47/19/19 52/18/19 59/23/19 56/24/19
s 1
f 7/21/4 8/4/4 16/25/20 15/26/20
f 36/27/21 75/28/22 80/29/23 51/30/24
f 8/4/4 32/3/3 48/31/25 16/25/20
f 65/32/26 3/5/5 6/8/8 74/11/10
f 23/33/27 64/34/28 75/28/22 36/27/21
s 0
f 1/6/29 3/5/29 12/35/29 10/36/29
f 39/37/30 70/38/30 64/34/30 23/33/30
f 22/39/31 55/40/31 61/41/31 21/42/31
f 15/26/29 16/25/29 22/43/29 19/44/29
f 51/30/32 80/29/32 84/45/32 60/46/32
s 1
f 6/8/8 5/7/7 13/47/33 14/12/11
s 0
f 79/13/34 14/12/34 18/48/34 85/49/34
f 61/41/31 56/50/31 59/51/31 62/52/31
f 19/53/31 22/39/31 21/42/31 20/54/31
f 20/54/31 21/42/31 18/55/31 17/56/31
f 14/12/9 13/47/9 17/57/9 18/48/9
f 61/41/31 86/58/31 87/59/31 88/60/31
f 16/25/29 48/31/29 55/61/29 22/43/29
f 63/62/31 60/63/31 61/41/31 62/52/31
f 39/37/35 23/33/35 25/64/35 41/65/35
f 41/65/36 25/64/36 26/66/36 42/67/36
f 42/67/37 26/66/37 24/15/37 40/68/37
f 43/69/38 27/14/38 29/70/38 45/71/38
f 45/71/39 29/70/39 30/72/39 46/73/39
f 46/73/40 30/72/40 28/2/40 44/10/40
s 1
f 27/14/13 31/17/16 33/74/41 29/70/42
f 29/70/42 33/74/41 34/75/43 30/72/44
f 30/72/44 34/75/43 32/3/3 28/2/2
f 48/31/25 32/3/3 34/75/43 50/76/45
f 50/76/45 34/75/43 33/74/41 49/77/46
f 49/77/46 33/74/41 31/17/16 47/19/18
f 36/27/21 51/30/24 53/78/47 38/79/48
f 38/79/48 53/78/47 54/80/49 37/81/50
f 37/81/50 54/80/49 52/18/17 35/16/15
f 35/16/15 24/15/14 26/66/51 37/81/50
f 37/81/50 26/66/51 25/64/52 38/79/48
f 38/79/48 25/64/52 23/33/27 36/27/21
s 0
f 59/23/53 52/18/53 54/80/53 62/82/53
f 62/82/54 54/80/54 53/78/54 63/83/54
f 63/83/55 53/78/55 51/30/55 60/46/55
f 47/19/56 56/24/56 58/84/56 49/77/56
f 49/77/57 58/84/57 57/85/57 50/76/57
f 50/76/58 57/85/58 55/61/58 48/31/58
f 43/69/59 40/68/59 24/15/59 27/14/59
f 61/41/31 55/40/31 57/86/31 58/87/31
s 1
f 65/32/26 74/11/10 76/88/60 68/89/61
f 68/89/61 76/88/60 77/90/62 67/91/63
f 67/91/63 77/90/62 78/92/64 66/93/65
f 66/93/65 78/92/64 75/28/22 64/34/28
f 80/29/23 75/28/22 78/92/64 83/94/66
f 83/94/66 78/92/64 77/90/62 82/95/67
f 82/95/67 77/90/62 76/88/60 81/96/68
f 81/96/68 76/88/60 74/11/10 79/13/12
s 0
f 64/34/69 70/38/69 73/97/69 66/93/69
f 66/93/70 73/97/70 72/98/70 67/91/70
f 67/91/71 72/98/71 71/99/71 68/89/71
f 68/89/72 71/99/72 69/100/72 65/32/72
f 84/45/73 80/29/73 83/94/73 86/101/73
f 86/101/74 83/94/74 82/95/74 87/102/74
f 87/102/75 82/95/75 81/96/75 88/103/75
f 88/103/76 81/96/76 79/13/76 85/49/76
f 3/5/77 65/32/77 69/100/77 12/35/77
f 86/58/31 61/41/31 60/63/31 84/104/31
f 88/60/31 85/105/31 18/55/31 61/41/31
f 61/41/31 18/55/31 21/42/31
s 1
f 92/106/78 96/107/79 116/108/80 112/109/81
f 91/110/82 94/111/83 93/112/84 89/113/85
s 0
f 11/9/9 92/106/9 112/109/9 44/114/9
s 1
f 145/115/86 150/116/87 98/117/88 94/111/83
f 111/118/89 115/119/90 119/120/91 108/121/92
f 115/119/90 123/122/93 128/123/94 119/120/91
f 90/124/78 95/125/79 96/107/79 92/106/78
s 0
f 9/22/9 90/124/9 92/106/9 11/9/9
f 123/122/19 132/126/19 135/127/19 128/123/19
s 1
f 95/125/79 99/128/95 100/129/95 96/107/79
f 120/130/96 127/131/97 151/132/98 146/133/99
f 96/107/79 100/129/95 124/134/100 116/108/80
f 141/135/101 145/115/86 94/111/83 91/110/82
f 107/136/102 120/130/96 146/133/99 140/137/103
s 0
f 89/113/29 10/138/29 12/139/29 91/110/29
f 39/140/30 107/136/30 140/137/30 70/141/30
f 106/142/104 105/143/104 137/144/104 131/145/104
f 99/128/29 103/146/29 106/142/29 100/129/29
f 127/131/32 136/147/32 155/148/32 151/132/32
s 1
f 94/111/83 98/117/88 97/149/105 93/112/84
s 0
f 150/116/34 156/150/34 102/151/34 98/117/34
f 137/144/104 138/152/104 135/127/104
f 103/146/104 104/153/104 105/143/104 106/142/104
f 104/153/104 101/154/104 102/151/104 105/143/104
f 98/117/9 102/151/9 101/154/9 97/149/9
f 137/144/104 159/155/104 158/156/104 157/157/104
f 100/129/29 106/142/29 131/145/29 124/134/29
f 139/158/104 138/152/104 137/144/104 136/147/104
f 39/140/106 41/159/106 109/160/106 107/136/106
f 41/159/107 42/161/107 110/162/107 109/160/107
f 42/161/37 40/163/37 108/121/37 110/162/37
f 43/164/108 45/165/108 113/166/108 111/118/108
f 45/165/109 46/167/109 114/168/109 113/166/109
f 46/167/110 44/114/110 112/109/110 114/168/110
s 1
f 111/118/89 113/166/111 117/169/112 115/119/90
f 113/166/111 114/168/113 118/170/114 117/169/112
f 114/168/113 112/109/81 116/108/80 118/170/114
f 124/134/100 126/171/115 118/170/114 116/108/80
f 126/171/115 125/172/116 117/169/112 118/170/114
f 125/172/116 123/122/93 115/119/90 117/169/112
f 120/130/96 122/173/117 129/174/118 127/131/97
f 122/173/117 121/175/119 130/176/120 129/174/118
f 121/175/119 119/120/91 128/123/94 130/176/120
f 119/120/91 121/175/119 110/162/121 108/121/92
f 121/175/119 122/173/117 109/160/122 110/162/121
f 122/173/117 120/130/96 107/136/102 109/160/122
s 0
f 135/127/123 138/152/123 130/176/123 128/123/123
f 138/152/124 139/158/124 129/174/124 130/176/124
f 139/158/125 136/147/125 127/131/125 129/174/125
f 123/122/126 125/172/126 134/177/126 132/126/126
f 125/172/127 126/171/127 133/178/127 134/177/127
f 126/171/128 124/134/128 131/145/128 133/178/128
f 43/164/59 111/118/59 108/121/59 40/163/59
f 137/144/104 134/177/104 133/178/104 131/145/104
s 1
f 141/135/101 144/179/129 147/180/130 145/115/86
f 144/179/129 143/181/131 148/182/132 147/180/130
f 143/181/131 142/183/133 149/184/134 148/182/132
f 142/183/133 140/137/103 146/133/99 149/184/134
f 151/132/98 154/185/135 149/184/134 146/133/99
f 154/185/135 153/186/136 148/182/132 149/184/134
f 153/186/136 152/187/137 147/180/130 148/182/132
f 152/187/137 150/116/87 145/115/86 147/180/130
s 0
f 140/137/138 142/183/138 73/188/138 70/141/138
f 142/183/139 143/181/139 72/189/139 73/188/139
f 143/181/140 144/179/140 71/190/140 72/189/140
f 144/179/141 141/135/141 69/191/141 71/190/141
f 155/148/142 157/157/142 154/185/142 151/132/142
f 157/157/143 158/156/143 153/186/143 154/185/143
f 158/156/144 159/155/144 152/187/144 153/186/144
f 159/155/145 156/150/145 150/116/145 152/187/145
f 91/110/77 12/139/77 69/191/77 141/135/77
f 157/157/104 155/148/104 136/147/104 137/144/104
f 159/155/104 137/144/104 102/151/104 156/150/104
f 137/144/104 105/143/104 102/151/104
s 1
f 161/192/1 163/193/4 180/194/146 176/195/147
f 160/196/148 162/197/149 5/7/7 1/6/6
s 0
f 164/198/9 161/192/9 176/195/9 192/199/9
s 1
f 222/200/150 227/201/151 166/202/152 162/197/149
f 175/203/153 179/204/154 183/205/155 172/206/156
f 179/204/154 195/207/157 200/208/158 183/205/155
f 2/20/1 7/21/4 163/193/4 161/192/1
s 0
f 9/22/9 2/20/9 161/192/9 164/198/9
f 195/207/159 204/209/159 207/210/159 200/208/159
s 1
f 7/21/4 15/26/20 167/211/20 163/193/4
f 184/212/160 199/213/161 228/214/162 223/215/163
f 163/193/4 167/211/20 196/216/164 180/194/146
f 213/217/165 222/200/150 162/197/149 160/196/148
f 171/218/166 184/212/160 223/215/163 212/219/167
s 0
f 1/6/29 10/36/29 165/220/29 160/196/29
f 187/221/168 171/218/168 212/219/168 218/222/168
f 170/223/31 169/224/31 209/225/31 203/226/31
f 15/26/29 19/44/29 170/227/29 167/211/29
f 199/213/169 208/228/169 232/229/169 228/214/169
s 1
f 162/197/149 166/202/152 13/47/33 5/7/7
s 0
f 227/201/170 233/230/170 168/231/170 166/202/170
f 209/225/31 210/232/31 207/233/31
f 19/53/31 20/54/31 169/224/31 170/223/31
f 20/54/31 17/56/31 168/234/31 169/224/31
f 166/202/9 168/231/9 17/57/9 13/47/9
f 209/225/31 236/235/31 235/236/31 234/237/31
f 167/211/29 170/227/29 203/238/29 196/216/29
f 211/239/31 210/232/31 209/225/31 208/240/31
f 187/221/171 189/241/171 173/242/171 171/218/171
f 189/241/172 190/243/172 174/244/172 173/242/172
f 190/243/173 188/245/173 172/206/173 174/244/173
f 191/246/174 193/247/174 177/248/174 175/203/174
f 193/247/175 194/249/175 178/250/175 177/248/175
f 194/249/176 192/199/176 176/195/176 178/250/176
s 1
f 175/203/153 177/248/177 181/251/178 179/204/154
f 177/248/177 178/250/179 182/252/180 181/251/178
f 178/250/179 176/195/147 180/194/146 182/252/180
f 196/216/164 198/253/181 182/252/180 180/194/146
f 198/253/181 197/254/182 181/251/178 182/252/180
f 197/254/182 195/207/157 179/204/154 181/251/178
f 184/212/160 186/255/183 201/256/184 199/213/161
f 186/255/183 185/257/185 202/258/186 201/256/184
f 185/257/185 183/205/155 200/208/158 202/258/186
f 183/205/155 185/257/185 174/244/187 172/206/156
f 185/257/185 186/255/183 173/242/188 174/244/187
f 186/255/183 184/212/160 171/218/166 173/242/188
s 0
f 207/210/189 210/259/189 202/258/189 200/208/189
f 210/259/190 211/260/190 201/256/190 202/258/190
f 211/260/191 208/228/191 199/213/191 201/256/191
f 195/207/192 197/254/192 206/261/192 204/209/192
f 197/254/193 198/253/193 205/262/193 206/261/193
f 198/253/194 196/216/194 203/238/194 205/262/194
f 191/246/195 175/203/195 172/206/195 188/245/195
f 209/225/31 206/263/31 205/264/31 203/226/31
s 1
f 213/217/165 216/265/196 224/266/197 222/200/150
f 216/265/196 215/267/198 225/268/199 224/266/197
f 215/267/198 214/269/200 226/270/201 225/268/199
f 214/269/200 212/219/167 223/215/163 226/270/201
f 228/214/162 231/271/202 226/270/201 223/215/163
f 231/271/202 230/272/203 225/268/199 226/270/201
f 230/272/203 229/273/204 224/266/197 225/268/199
f 229/273/204 227/201/151 222/200/150 224/266/197
s 0
f 212/219/205 214/269/205 221/274/205 218/222/205
f 214/269/206 215/267/206 220/275/206 221/274/206
f 215/267/207 216/265/207 219/276/207 220/275/207
f 216/265/208 213/217/208 217/277/208 219/276/208
f 232/229/209 234/278/209 231/271/209 228/214/209
f 234/278/210 235/279/210 230/272/210 231/271/210
f 235/279/211 236/280/211 229/273/211 230/272/211
f 236/280/212 233/230/212 227/201/212 229/273/212
f 160/196/213 165/220/213 217/277/213 213/217/213
f 234/237/31 232/281/31 208/240/31 209/225/31
f 236/235/31 209/225/31 168/234/31 233/282/31
f 209/225/31 169/224/31 168/234/31
s 1
f 238/283/78 251/284/214 255/285/215 240/286/79
f 237/287/216 89/113/85 93/112/84 239/288/217
s 0
f 164/198/9 192/289/9 251/284/9 238/283/9
s 1
f 284/290/218 239/288/217 241/291/219 289/292/220
f 250/293/221 247/294/222 258/295/223 254/296/224
f 254/296/224 258/295/223 267/297/225 262/298/226
f 90/124/78 238/283/78 240/286/79 95/125/79
s 0
f 9/22/9 164/198/9 238/283/9 90/124/9
f 262/298/159 267/297/159 274/299/159 271/300/159
s 1
f 95/125/79 240/286/79 242/301/95 99/128/95
f 259/302/227 285/303/228 290/304/229 266/305/230
f 240/286/79 255/285/215 263/306/231 242/301/95
f 280/307/232 237/287/216 239/288/217 284/290/218
f 246/308/233 279/309/234 285/303/228 259/302/227
s 0
f 89/113/29 237/287/29 165/310/29 10/138/29
f 187/311/168 218/312/168 279/309/168 246/308/168
f 245/313/104 270/314/104 276/315/104 244/316/104
f 99/128/29 242/301/29 245/313/29 103/146/29
f 266/305/169 290/304/169 294/317/169 275/318/169
s 1
f 239/288/217 93/112/84 97/149/105 241/291/219
s 0
f 289/292/170 241/291/170 243/319/170 295/320/170
f 276/315/104 274/299/104 277/321/104
f 103/146/104 245/313/104 244/316/104 104/153/104
f 104/153/104 244/316/104 243/319/104 101/154/104
f 241/291/9 97/149/9 101/154/9 243/319/9
f 276/315/104 296/322/104 297/323/104 298/324/104
f 242/301/29 263/306/29 270/314/29 245/313/29
f 278/325/104 275/318/104 276/315/104 277/321/104
f 187/311/235 246/308/235 248/326/235 189/327/235
f 189/327/236 248/326/236 249/328/236 190/329/236
f 190/329/173 249/328/173 247/294/173 188/330/173
f 191/331/237 250/293/237 252/332/237 193/333/237
f 193/333/238 252/332/238 253/334/238 194/335/238
f 194/335/239 253/334/239 251/284/239 192/289/239
s 1
f 250/293/221 254/296/224 256/336/240 252/332/241
f 252/332/241 256/336/240 257/337/242 253/334/243
f 253/334/243 257/337/242 255/285/215 251/284/214
f 263/306/231 255/285/215 257/337/242 265/338/244
f 265/338/244 257/337/242 256/336/240 264/339/245
f 264/339/245 256/336/240 254/296/224 262/298/226
f 259/302/227 266/305/230 268/340/246 261/341/247
f 261/341/247 268/340/246 269/342/248 260/343/249
f 260/343/249 269/342/248 267/297/225 258/295/223
f 258/295/223 247/294/222 249/328/250 260/343/249
f 260/343/249 249/328/250 248/326/251 261/341/247
f 261/341/247 248/326/251 246/308/233 259/302/227
s 0
f 274/299/252 267/297/252 269/342/252 277/321/252
f 277/321/253 269/342/253 268/340/253 278/325/253
f 278/325/254 268/340/254 266/305/254 275/318/254
f 262/298/255 271/300/255 273/344/255 264/339/255
f 264/339/256 273/344/256 272/345/256 265/338/256
f 265/338/257 272/345/257 270/314/257 263/306/257
f 191/331/195 188/330/195 247/294/195 250/293/195
f 276/315/104 270/314/104 272/345/104 273/344/104
s 1
f 280/307/232 284/290/218 286/346/258 283/347/259
f 283/347/259 286/346/258 287/348/260 282/349/261
f 282/349/261 287/348/260 288/350/262 281/351/263
f 281/351/263 288/350/262 285/303/228 279/309/234
f 290/304/229 285/303/228 288/350/262 293/352/264
f 293/352/264 288/350/262 287/348/260 292/353/265
f 292/353/265 287/348/260 286/346/258 291/354/266
f 291/354/266 286/346/258 284/290/218 289/292/220
s 0
f 279/309/267 218/312/267 221/355/267 281/351/267
f 281/351/268 221/355/268 220/356/268 282/349/268
f 282/349/269 220/356/269 219/357/269 283/347/269
f 283/347/270 219/357/270 217/358/270 280/307/270
f 294/317/271 290/304/271 293/352/271 296/322/271
f 296/322/272 293/352/272 292/353/272 297/323/272
f 297/323/273 292/353/273 291/354/273 298/324/273
f 298/324/274 291/354/274 289/292/274 295/320/274
f 237/287/213 280/307/213 217/358/213 165/310/213
f 296/322/104 276/315/104 275/318/104 294/317/104
f 298/324/104 295/320/104 243/319/104 276/315/104
f 276/315/104 243/319/104 244/316/104
f 56/50/31 61/41/31 58/87/31
f 299/359/275 300/360/275 302/361/275 301/362/275
f 301/362/276 302/361/276 304/363/276 303/364/276
f 303/364/277 304/363/277 306/365/277 305/366/277
f 305/366/278 306/365/278 308/367/278 307/368/278
f 307/368/279 308/367/279 310/369/279 309/370/279
f 309/370/280 310/369/280 312/371/280 311/372/280
f 311/372/281 312/371/281 314/373/281 313/374/281
f 313/374/282 314/373/282 316/375/282 315/376/282
f 312/371/9 310/369/9 322/377/9 323/378/9
f 322/377/279 321/379/279 330/380/279 331/381/279
f 304/363/9 302/361/9 318/382/9 319/383/9
f 314/373/9 312/371/9 323/378/9 324/384/9
f 306/365/9 304/363/9 319/383/9 320/385/9
f 316/375/9 314/373/9 324/384/9 325/386/9
f 308/367/9 306/365/9 320/385/9 321/379/9
f 310/369/9 308/367/9 321/379/9 322/377/9
f 302/361/9 300/360/9 317/387/9 318/382/9
f 323/378/280 322/377/280 331/381/280 332/388/280
f 324/384/281 323/378/281 332/388/281 333/389/281
f 325/386/282 324/384/282 333/389/282 334/390/282
f 318/382/275 317/387/275 326/391/275 327/392/275
f 319/383/276 318/382/276 327/392/276 328/393/276
f 320/385/277 319/383/277 328/393/277 329/394/277
f 321/379/278 320/385/278 329/394/278 330/380/278
f 333/389/29 332/388/29 341/395/29 342/396/29
f 334/390/29 333/389/29 342/396/29 343/397/29
f 327/392/29 326/391/29 335/398/29 336/399/29
f 328/393/29 327/392/29 336/399/29 337/400/29
f 329/394/29 328/393/29 337/400/29 338/401/29
f 330/380/29 329/394/29 338/401/29 339/402/29
f 331/381/29 330/380/29 339/402/29 340/403/29
f 332/388/29 331/381/29 340/403/29 341/395/29
f 336/399/275 335/398/275 344/404/275 345/405/275
f 337/400/276 336/399/276 345/405/276 346/406/276
f 338/401/277 337/400/277 346/406/277 347/407/277
f 339/402/278 338/401/278 347/407/278 348/408/278
f 340/403/279 339/402/279 348/408/279 349/409/279
f 341/395/280 340/403/280 349/409/280 350/410/280
f 342/396/281 341/395/281 350/410/281 351/411/281
f 343/397/282 342/396/282 351/411/282 352/412/282
f 405/413/276 402/414/276 354/415/276 355/416/276
f 408/417/277 405/413/277 355/416/277 356/418/277
f 411/419/278 408/417/278 356/418/278 357/420/278
f 414/421/279 411/419/279 357/420/279 358/422/279
f 417/423/280 414/421/280 358/422/280 359/424/280
f 420/425/281 417/423/281 359/424/281 360/426/281
f 423/427/282 420/425/282 360/426/282 361/428/282
f 356/418/283 355/416/283 364/429/283 365/430/283
f 357/420/284 356/418/284 365/430/284 366/431/284
f 358/422/285 357/420/285 366/431/285 367/432/285
f 359/424/286 358/422/286 367/432/286 368/433/286
f 360/426/287 359/424/287 368/433/287 369/434/287
f 361/428/288 360/426/288 369/434/288 370/435/288
f 354/415/289 353/436/289 362/437/289 363/438/289
f 355/416/290 354/415/290 363/438/290 364/429/290
f 368/433/291 367/432/291 376/439/291 377/440/291
f 369/434/292 368/433/292 377/440/292 378/441/292
f 370/435/293 369/434/293 378/441/293 379/442/293
f 363/438/294 362/437/294 371/443/294 372/444/294
f 364/429/295 363/438/295 372/444/295 373/445/295
f 365/430/296 364/429/296 373/445/296 374/446/296
f 366/431/297 365/430/297 374/446/297 375/447/297
f 367/432/298 366/431/298 375/447/298 376/439/298
f 372/444/299 371/443/299 380/448/299 381/449/299
f 373/445/300 372/444/300 381/449/300 382/450/300
f 374/446/301 373/445/301 382/450/301 383/451/301
f 375/447/302 374/446/302 383/451/302 384/452/302
f 376/439/303 375/447/303 384/452/303 385/453/303
f 377/440/304 376/439/304 385/453/304 386/454/304
f 378/441/305 377/440/305 386/454/305 387/455/305
f 379/442/306 378/441/306 387/455/306 388/456/306
f 381/449/307 380/448/307 389/457/307 390/458/307
f 382/450/308 381/449/308 390/458/308 391/459/308
f 383/451/309 382/450/309 391/459/309 392/460/309
f 384/452/310 383/451/310 392/460/310 393/461/310
f 385/453/311 384/452/311 393/461/311 394/462/311
f 386/454/312 385/453/312 394/462/312 395/463/312
f 387/455/313 386/454/313 395/463/313 396/464/313
f 388/456/314 387/455/314 396/464/314 397/465/314
f 389/457/315 398/466/315 391/459/315 390/458/315
f 391/459/316 398/466/316 393/461/316 392/460/316
f 393/461/317 398/466/317 395/463/317 394/462/317
f 395/463/318 398/466/318 397/465/318 396/464/318
f 839/467/29 353/468/29 354/469/29 835/470/29
f 838/471/104 834/472/104 399/473/104 427/474/104
f 702/475/31 705/476/31 704/477/31 674/478/31
f 840/479/9 578/480/9 399/473/9 834/472/9
f 579/481/29 400/482/29 401/483/29 580/484/29
f 400/482/104 426/485/104 428/486/104 401/483/104
f 835/470/104 836/487/104 426/485/104 400/482/104
f 352/412/282 351/411/282 422/488/282 425/489/282
f 425/489/282 422/488/282 421/490/282 424/491/282
f 424/491/282 421/490/282 420/425/282 423/427/282
f 351/411/281 350/410/281 419/492/281 422/488/281
f 422/488/281 419/492/281 418/493/281 421/490/281
f 421/490/281 418/493/281 417/423/281 420/425/281
f 350/410/280 349/409/280 416/494/280 419/492/280
f 419/492/280 416/494/280 415/495/280 418/493/280
f 418/493/280 415/495/280 414/421/280 417/423/280
f 349/409/279 348/408/279 413/496/279 416/494/279
f 416/494/279 413/496/279 412/497/279 415/495/279
f 415/495/279 412/497/279 411/419/279 414/421/279
f 348/408/278 347/407/278 410/498/278 413/496/278
f 413/496/278 410/498/278 409/499/278 412/497/278
f 412/497/278 409/499/278 408/417/278 411/419/278
f 347/407/277 346/406/277 407/500/277 410/498/277
f 410/498/277 407/500/277 406/501/277 409/499/277
f 409/499/277 406/501/277 405/413/277 408/417/277
f 346/406/276 345/405/276 404/502/276 407/500/276
f 407/500/276 404/502/276 403/503/276 406/501/276
f 406/501/276 403/503/276 402/414/276 405/413/276
f 427/474/104 430/504/104 856/505/104 860/506/104
f 431/507/319 433/508/319 434/509/319 432/510/319
f 433/508/320 435/511/320 436/512/320 434/509/320
f 435/511/321 437/513/321 438/514/321 436/512/321
f 437/513/322 439/515/322 440/516/322 438/514/322
f 439/515/323 441/517/323 442/518/323 440/516/323
f 441/517/324 443/519/324 444/520/324 442/518/324
f 443/519/325 445/521/325 446/522/325 444/520/325
f 445/521/326 315/376/326 316/375/326 446/522/326
f 444/520/9 453/523/9 452/524/9 442/518/9
f 452/524/323 460/525/323 459/526/323 451/527/323
f 436/512/9 449/528/9 448/529/9 434/509/9
f 446/522/9 454/530/9 453/523/9 444/520/9
f 438/514/9 450/531/9 449/528/9 436/512/9
f 316/375/9 325/386/9 454/530/9 446/522/9
f 440/516/9 451/527/9 450/531/9 438/514/9
f 442/518/9 452/524/9 451/527/9 440/516/9
f 434/509/9 448/529/9 447/532/9 432/510/9
f 453/523/324 461/533/324 460/525/324 452/524/324
f 454/530/325 462/534/325 461/533/325 453/523/325
f 325/386/326 334/390/326 462/534/326 454/530/326
f 448/529/319 456/535/319 455/536/319 447/532/319
f 449/528/320 457/537/320 456/535/320 448/529/320
f 450/531/321 458/538/321 457/537/321 449/528/321
f 451/527/322 459/526/322 458/538/322 450/531/322
f 462/534/29 470/539/29 469/540/29 461/533/29
f 334/390/29 343/397/29 470/539/29 462/534/29
f 456/535/29 464/541/29 463/542/29 455/536/29
f 457/537/29 465/543/29 464/541/29 456/535/29
f 458/538/29 466/544/29 465/543/29 457/537/29
f 459/526/29 467/545/29 466/544/29 458/538/29
f 460/525/29 468/546/29 467/545/29 459/526/29
f 461/533/29 469/540/29 468/546/29 460/525/29
f 464/541/319 472/547/319 471/548/319 463/542/319
f 465/543/320 473/549/320 472/547/320 464/541/320
f 466/544/321 474/550/321 473/549/321 465/543/321
f 467/545/322 475/551/322 474/550/322 466/544/322
f 468/546/323 476/552/323 475/551/323 467/545/323
f 469/540/324 477/553/324 476/552/324 468/546/324
f 470/539/325 478/554/325 477/553/325 469/540/325
f 343/397/326 352/412/326 478/554/326 470/539/326
f 522/555/320 481/556/320 480/557/320 519/558/320
f 525/559/321 482/560/321 481/556/321 522/555/321
f 528/561/322 483/562/322 482/560/322 525/559/322
f 531/563/323 484/564/323 483/562/323 528/561/323
f 534/565/324 485/566/324 484/564/324 531/563/324
f 537/567/325 486/568/325 485/566/325 534/565/325
f 423/427/326 361/428/326 486/568/326 537/567/326
f 482/560/327 490/569/327 489/570/327 481/556/327
f 483/562/328 491/571/328 490/569/328 482/560/328
f 484/564/329 492/572/329 491/571/329 483/562/329
f 485/566/330 493/573/330 492/572/330 484/564/330
f 486/568/331 494/574/331 493/573/331 485/566/331
f 361/428/332 370/435/332 494/574/332 486/568/332
f 480/557/333 488/575/333 487/576/333 479/577/333
f 481/556/334 489/570/334 488/575/334 480/557/334
f 493/573/335 501/578/335 500/579/335 492/572/335
f 494/574/336 502/580/336 501/578/336 493/573/336
f 370/435/337 379/442/337 502/580/337 494/574/337
f 488/575/338 496/581/338 495/582/338 487/576/338
f 489/570/339 497/583/339 496/581/339 488/575/339
f 490/569/340 498/584/340 497/583/340 489/570/340
f 491/571/341 499/585/341 498/584/341 490/569/341
f 492/572/342 500/579/342 499/585/342 491/571/342
f 496/581/343 504/586/343 503/587/343 495/582/343
f 497/583/344 505/588/344 504/586/344 496/581/344
f 498/584/345 506/589/345 505/588/345 497/583/345
f 499/585/346 507/590/346 506/589/346 498/584/346
f 500/579/347 508/591/347 507/590/347 499/585/347
f 501/578/348 509/592/348 508/591/348 500/579/348
f 502/580/349 510/593/349 509/592/349 501/578/349
f 379/442/350 388/456/350 510/593/350 502/580/350
f 504/586/351 512/594/351 511/595/351 503/587/351
f 505/588/352 513/596/352 512/594/352 504/586/352
f 506/589/353 514/597/353 513/596/353 505/588/353
f 507/590/354 515/598/354 514/597/354 506/589/354
f 508/591/355 516/599/355 515/598/355 507/590/355
f 509/592/356 517/600/356 516/599/356 508/591/356
f 510/593/357 518/601/357 517/600/357 509/592/357
f 388/456/358 397/465/358 518/601/358 510/593/358
f 511/595/359 512/594/359 513/596/359 398/466/359
f 513/596/360 514/597/360 515/598/360 398/466/360
f 515/598/361 516/599/361 517/600/361 398/466/361
f 517/600/362 518/601/362 397/465/362 398/466/362
f 352/412/326 425/489/326 539/602/326 478/554/326
f 425/489/326 424/491/326 538/603/326 539/602/326
f 424/491/326 423/427/326 537/567/326 538/603/326
f 478/554/325 539/602/325 536/604/325 477/553/325
f 539/602/325 538/603/325 535/605/325 536/604/325
f 538/603/325 537/567/325 534/565/325 535/605/325
f 477/553/324 536/604/324 533/606/324 476/552/324
f 536/604/324 535/605/324 532/607/324 533/606/324
f 535/605/324 534/565/324 531/563/324 532/607/324
f 476/552/323 533/606/323 530/608/323 475/551/323
f 533/606/323 532/607/323 529/609/323 530/608/323
f 532/607/323 531/563/323 528/561/323 529/609/323
f 475/551/322 530/608/322 527/610/322 474/550/322
f 530/608/322 529/609/322 526/611/322 527/610/322
f 529/609/322 528/561/322 525/559/322 526/611/322
f 474/550/321 527/610/321 524/612/321 473/549/321
f 527/610/321 526/611/321 523/613/321 524/612/321
f 526/611/321 525/559/321 522/555/321 523/613/321
f 473/549/320 524/612/320 521/614/320 472/547/320
f 524/612/320 523/613/320 520/615/320 521/614/320
f 523/613/320 522/555/320 519/558/320 520/615/320
f 439/515/363 437/513/363 552/616/363 553/617/363
f 313/374/364 315/376/364 548/618/364 547/619/364
f 305/366/365 307/368/365 544/620/365 543/621/365
f 441/517/366 439/515/366 553/617/366 554/622/366
f 433/508/367 431/507/367 549/623/367 550/624/367
f 307/368/368 309/370/368 545/625/368 544/620/368
f 443/519/369 441/517/369 554/622/369 555/626/369
f 299/359/370 301/362/370 541/627/370 540/628/370
f 435/511/371 433/508/371 550/624/371 551/629/371
f 309/370/372 311/372/372 546/630/372 545/625/372
f 445/521/373 443/519/373 555/626/373 556/631/373
f 301/362/374 303/364/374 542/632/374 541/627/374
f 437/513/375 435/511/375 551/629/375 552/616/375
f 311/372/376 313/374/376 547/619/376 546/630/376
f 315/376/377 445/521/377 556/631/377 548/618/377
f 303/364/378 305/366/378 543/621/378 542/632/378
f 472/547/319 521/614/319 559/633/319 471/548/319
f 557/634/319 519/558/319 480/557/319 479/577/319
f 558/635/319 520/615/319 519/558/319 557/634/319
f 559/633/319 521/614/319 520/615/319 558/635/319
f 555/626/324 554/622/324 574/636/324 575/637/324
f 556/631/325 555/626/325 575/637/325 576/638/325
f 548/618/326 556/631/326 576/638/326 568/639/326
f 540/628/275 541/627/275 561/640/275 560/641/275
f 541/627/276 542/632/276 562/642/276 561/640/276
f 542/632/277 543/621/277 563/643/277 562/642/277
f 550/624/319 549/623/319 569/644/319 570/645/319
f 543/621/278 544/620/278 564/646/278 563/643/278
f 551/629/320 550/624/320 570/645/320 571/647/320
f 544/620/279 545/625/279 565/648/279 564/646/279
f 552/616/321 551/629/321 571/647/321 572/649/321
f 545/625/280 546/630/280 566/650/280 565/648/280
f 553/617/322 552/616/322 572/649/322 573/651/322
f 546/630/281 547/619/281 567/652/281 566/650/281
f 554/622/323 553/617/323 573/651/323 574/636/323
f 547/619/282 548/618/282 568/639/282 567/652/282
f 569/644/9 577/653/9 571/647/9 570/645/9
f 571/647/9 577/653/9 573/651/9 572/649/9
f 573/651/9 577/653/9 575/637/9 574/636/9
f 575/637/9 577/653/9 568/639/9 576/638/9
f 568/639/9 577/653/9 566/650/9 567/652/9
f 566/650/9 577/653/9 564/646/9 565/648/9
f 564/646/9 577/653/9 562/642/9 563/643/9
f 562/642/9 577/653/9 560/641/9 561/640/9
f 429/654/379 584/655/379 585/656/379 430/504/379
f 401/483/379 428/486/379 582/657/379 580/484/379
f 426/485/380 581/658/380 849/659/380 850/660/380
f 674/478/9 704/477/9 584/661/9 578/662/9
f 299/663/381 586/664/381 587/665/381 300/666/381
f 586/664/382 588/667/382 589/668/382 587/665/382
f 588/667/383 590/669/383 591/670/383 589/668/383
f 590/669/384 592/671/384 593/672/384 591/670/384
f 592/671/385 594/673/385 595/674/385 593/672/385
f 594/673/386 596/675/386 597/676/386 595/674/386
f 596/675/387 598/677/387 599/678/387 597/676/387
f 598/677/388 600/679/388 601/680/388 599/678/388
f 597/676/9 607/681/9 606/682/9 595/674/9
f 606/682/385 614/683/385 613/684/385 605/685/385
f 589/668/9 603/686/9 602/687/9 587/665/9
f 599/678/9 608/688/9 607/681/9 597/676/9
f 591/670/9 604/689/9 603/686/9 589/668/9
f 601/680/9 609/690/9 608/688/9 599/678/9
f 593/672/9 605/685/9 604/689/9 591/670/9
f 595/674/9 606/682/9 605/685/9 593/672/9
f 587/665/9 602/687/9 317/691/9 300/666/9
f 607/681/386 615/692/386 614/683/386 606/682/386
f 608/688/387 616/693/387 615/692/387 607/681/387
f 609/690/388 617/694/388 616/693/388 608/688/388
f 602/687/381 610/695/381 326/696/381 317/691/381
f 603/686/382 611/697/382 610/695/382 602/687/382
f 604/689/383 612/698/383 611/697/383 603/686/383
f 605/685/384 613/684/384 612/698/384 604/689/384
f 616/693/29 624/699/29 623/700/29 615/692/29
f 617/694/29 625/701/29 624/699/29 616/693/29
f 610/695/29 618/702/29 335/703/29 326/696/29
f 611/697/29 619/704/29 618/702/29 610/695/29
f 612/698/29 620/705/29 619/704/29 611/697/29
f 613/684/29 621/706/29 620/705/29 612/698/29
f 614/683/29 622/707/29 621/706/29 613/684/29
f 615/692/29 623/700/29 622/707/29 614/683/29
f 618/702/381 626/708/381 344/709/381 335/703/381
f 619/704/382 627/710/382 626/708/382 618/702/382
f 620/705/383 628/711/383 627/710/383 619/704/383
f 621/706/384 629/712/384 628/711/384 620/705/384
f 622/707/385 630/713/385 629/712/385 621/706/385
f 623/700/386 631/714/386 630/713/386 622/707/386
f 624/699/387 632/715/387 631/714/387 623/700/387
f 625/701/388 633/716/388 632/715/388 624/699/388
f 680/717/382 635/718/382 634/719/382 677/720/382
f 683/721/383 636/722/383 635/718/383 680/717/383
f 686/723/384 637/724/384 636/722/384 683/721/384
f 689/725/385 638/726/385 637/724/385 686/723/385
f 692/727/386 639/728/386 638/726/386 689/725/386
f 695/729/387 640/730/387 639/728/387 692/727/387
f 698/731/388 641/732/388 640/730/388 695/729/388
f 636/722/389 644/733/389 643/734/389 635/718/389
f 637/724/390 645/735/390 644/733/390 636/722/390
f 638/726/391 646/736/391 645/735/391 637/724/391
f 639/728/392 647/737/392 646/736/392 638/726/392
f 640/730/393 648/738/393 647/737/393 639/728/393
f 641/732/394 649/739/394 648/738/394 640/730/394
f 634/719/395 642/740/395 362/741/395 353/742/395
f 635/718/396 643/734/396 642/740/396 634/719/396
f 647/737/397 655/743/397 654/744/397 646/736/397
f 648/738/398 656/745/398 655/743/398 647/737/398
f 649/739/399 657/746/399 656/745/399 648/738/399
f 642/740/400 650/747/400 371/748/400 362/741/400
f 643/734/401 651/749/401 650/747/401 642/740/401
f 644/733/402 652/750/402 651/749/402 643/734/402
f 645/735/403 653/751/403 652/750/403 644/733/403
f 646/736/404 654/744/404 653/751/404 645/735/404
f 650/747/405 658/752/405 380/753/405 371/748/405
f 651/749/406 659/754/406 658/752/406 650/747/406
f 652/750/407 660/755/407 659/754/407 651/749/407
f 653/751/408 661/756/408 660/755/408 652/750/408
f 654/744/409 662/757/409 661/756/409 653/751/409
f 655/743/410 663/758/410 662/757/410 654/744/410
f 656/745/411 664/759/411 663/758/411 655/743/411
f 657/746/412 665/760/412 664/759/412 656/745/412
f 658/752/413 666/761/413 389/762/413 380/753/413
f 659/754/414 667/763/414 666/761/414 658/752/414
f 660/755/415 668/764/415 667/763/415 659/754/415
f 661/756/416 669/765/416 668/764/416 660/755/416
f 662/757/417 670/766/417 669/765/417 661/756/417
f 663/758/418 671/767/418 670/766/418 662/757/418
f 664/759/419 672/768/419 671/767/419 663/758/419
f 665/760/420 673/769/420 672/768/420 664/759/420
f 389/762/421 666/761/421 667/763/421 398/770/421
f 667/763/422 668/764/422 669/765/422 398/770/422
f 669/765/423 670/766/423 671/767/423 398/770/423
f 671/767/424 672/768/424 673/769/424 398/770/424
f 839/771/29 842/772/29 634/773/29 353/774/29
f 845/775/31 702/475/31 674/478/31 841/776/31
f 578/480/9 584/655/9 429/654/9 399/473/9
f 840/777/9 841/776/9 674/478/9 578/662/9
f 579/778/29 580/779/29 676/780/29 675/781/29
f 675/781/31 676/780/31 703/782/31 701/783/31
f 842/772/31 675/781/31 701/783/31 843/784/31
f 633/716/388 700/785/388 697/786/388 632/715/388
f 700/785/388 699/787/388 696/788/388 697/786/388
f 699/787/388 698/731/388 695/729/388 696/788/388
f 632/715/387 697/786/387 694/789/387 631/714/387
f 697/786/387 696/788/387 693/790/387 694/789/387
f 696/788/387 695/729/387 692/727/387 693/790/387
f 631/714/386 694/789/386 691/791/386 630/713/386
f 694/789/386 693/790/386 690/792/386 691/791/386
f 693/790/386 692/727/386 689/725/386 690/792/386
f 630/713/385 691/791/385 688/793/385 629/712/385
f 691/791/385 690/792/385 687/794/385 688/793/385
f 690/792/385 689/725/385 686/723/385 687/794/385
f 629/712/384 688/793/384 685/795/384 628/711/384
f 688/793/384 687/794/384 684/796/384 685/795/384
f 687/794/384 686/723/384 683/721/384 684/796/384
f 628/711/383 685/795/383 682/797/383 627/710/383
f 685/795/383 684/796/383 681/798/383 682/797/383
f 684/796/383 683/721/383 680/717/383 681/798/383
f 627/710/382 682/797/382 679/799/382 626/708/382
f 682/797/382 681/798/382 678/800/382 679/799/382
f 681/798/382 680/717/382 677/720/382 678/800/382
f 702/475/380 583/801/380 857/802/380 858/803/380
f 431/804/425 432/805/425 707/806/425 706/807/425
f 706/807/426 707/806/426 709/808/426 708/809/426
f 708/809/427 709/808/427 711/810/427 710/811/427
f 710/811/428 711/810/428 713/812/428 712/813/428
f 712/813/429 713/812/429 715/814/429 714/815/429
f 714/815/430 715/814/430 717/816/430 716/817/430
f 716/817/431 717/816/431 719/818/431 718/819/431
f 718/819/432 719/818/432 601/680/432 600/679/432
f 717/816/9 715/814/9 724/820/9 725/821/9
f 724/820/429 723/822/429 730/823/429 731/824/429
f 709/808/9 707/806/9 720/825/9 721/826/9
f 719/818/9 717/816/9 725/821/9 726/827/9
f 711/810/9 709/808/9 721/826/9 722/828/9
f 601/680/9 719/818/9 726/827/9 609/690/9
f 713/812/9 711/810/9 722/828/9 723/822/9
f 715/814/9 713/812/9 723/822/9 724/820/9
f 707/806/9 432/805/9 447/829/9 720/825/9
f 725/821/430 724/820/430 731/824/430 732/830/430
f 726/827/431 725/821/431 732/830/431 733/831/431
f 609/690/432 726/827/432 733/831/432 617/694/432
f 720/825/425 447/829/425 455/832/425 727/833/425
f 721/826/426 720/825/426 727/833/426 728/834/426
f 722/828/427 721/826/427 728/834/427 729/835/427
f 723/822/428 722/828/428 729/835/428 730/823/428
f 733/831/29 732/830/29 739/836/29 740/837/29
f 617/694/29 733/831/29 740/837/29 625/701/29
f 727/833/29 455/832/29 463/838/29 734/839/29
f 728/834/29 727/833/29 734/839/29 735/840/29
f 729/835/29 728/834/29 735/840/29 736/841/29
f 730/823/29 729/835/29 736/841/29 737/842/29
f 731/824/29 730/823/29 737/842/29 738/843/29
f 732/830/29 731/824/29 738/843/29 739/836/29
f 734/839/425 463/838/425 471/844/425 741/845/425
f 735/840/426 734/839/426 741/845/426 742/846/426
f 736/841/427 735/840/427 742/846/427 743/847/427
f 737/842/428 736/841/428 743/847/428 744/848/428
f 738/843/429 737/842/429 744/848/429 745/849/429
f 739/836/430 738/843/430 745/849/430 746/850/430
f 740/837/431 739/836/431 746/850/431 747/851/431
f 625/701/432 740/837/432 747/851/432 633/716/432
f 786/852/426 783/853/426 748/854/426 749/855/426
f 789/856/427 786/852/427 749/855/427 750/857/427
f 792/858/428 789/856/428 750/857/428 751/859/428
f 795/860/429 792/858/429 751/859/429 752/861/429
f 798/862/430 795/860/430 752/861/430 753/863/430
f 801/864/431 798/862/431 753/863/431 754/865/431
f 698/731/432 801/864/432 754/865/432 641/732/432
f 750/857/433 749/855/433 756/866/433 757/867/433
f 751/859/434 750/857/434 757/867/434 758/868/434
f 752/861/435 751/859/435 758/868/435 759/869/435
f 753/863/436 752/861/436 759/869/436 760/870/436
f 754/865/437 753/863/437 760/870/437 761/871/437
f 641/732/438 754/865/438 761/871/438 649/739/438
f 748/854/439 479/872/439 487/873/439 755/874/439
f 749/855/440 748/854/440 755/874/440 756/866/440
f 760/870/441 759/869/441 766/875/441 767/876/441
f 761/871/442 760/870/442 767/876/442 768/877/442
f 649/739/443 761/871/443 768/877/443 657/746/443
f 755/874/444 487/873/444 495/878/444 762/879/444
f 756/866/445 755/874/445 762/879/445 763/880/445
f 757/867/446 756/866/446 763/880/446 764/881/446
f 758/868/447 757/867/447 764/881/447 765/882/447
f 759/869/448 758/868/448 765/882/448 766/875/448
f 762/879/449 495/878/449 503/883/449 769/884/449
f 763/880/450 762/879/450 769/884/450 770/885/450
f 764/881/451 763/880/451 770/885/451 771/886/451
f 765/882/452 764/881/452 771/886/452 772/887/452
f 766/875/453 765/882/453 772/887/453 773/888/453
f 767/876/454 766/875/454 773/888/454 774/889/454
f 768/877/455 767/876/455 774/889/455 775/890/455
f 657/746/456 768/877/456 775/890/456 665/760/456
f 769/884/457 503/883/457 511/891/457 776/892/457
f 770/885/458 769/884/458 776/892/458 777/893/458
f 771/886/459 770/885/459 777/893/459 778/894/459
f 772/887/460 771/886/460 778/894/460 779/895/460
f 773/888/461 772/887/461 779/895/461 780/896/461
f 774/889/462 773/888/462 780/896/462 781/897/462
f 775/890/463 774/889/463 781/897/463 782/898/463
f 665/760/464 775/890/464 782/898/464 673/769/464
f 511/891/465 398/770/465 777/893/465 776/892/465
f 777/893/466 398/770/466 779/895/466 778/894/466
f 779/895/467 398/770/467 781/897/467 780/896/467
f 781/897/468 398/770/468 673/769/468 782/898/468
f 633/716/432 747/851/432 803/899/432 700/785/432
f 700/785/432 803/899/432 802/900/432 699/787/432
f 699/787/432 802/900/432 801/864/432 698/731/432
f 747/851/431 746/850/431 800/901/431 803/899/431
f 803/899/431 800/901/431 799/902/431 802/900/431
f 802/900/431 799/902/431 798/862/431 801/864/431
f 746/850/430 745/849/430 797/903/430 800/901/430
f 800/901/430 797/903/430 796/904/430 799/902/430
f 799/902/430 796/904/430 795/860/430 798/862/430
f 745/849/429 744/848/429 794/905/429 797/903/429
f 797/903/429 794/905/429 793/906/429 796/904/429
f 796/904/429 793/906/429 792/858/429 795/860/429
f 744/848/428 743/847/428 791/907/428 794/905/428
f 794/905/428 791/907/428 790/908/428 793/906/428
f 793/906/428 790/908/428 789/856/428 792/858/428
f 743/847/427 742/846/427 788/909/427 791/907/427
f 791/907/427 788/909/427 787/910/427 790/908/427
f 790/908/427 787/910/427 786/852/427 789/856/427
f 742/846/426 741/845/426 785/911/426 788/909/426
f 788/909/426 785/911/426 784/912/426 787/910/426
f 787/910/426 784/912/426 783/853/426 786/852/426
f 712/813/469 815/913/469 814/914/469 710/811/469
f 598/677/470 810/915/470 811/916/470 600/679/470
f 590/669/471 806/917/471 807/918/471 592/671/471
f 714/815/472 816/919/472 815/913/472 712/813/472
f 706/807/473 812/920/473 549/921/473 431/804/473
f 592/671/474 807/918/474 808/922/474 594/673/474
f 716/817/475 817/923/475 816/919/475 714/815/475
f 299/663/476 540/924/476 804/925/476 586/664/476
f 708/809/477 813/926/477 812/920/477 706/807/477
f 594/673/478 808/922/478 809/927/478 596/675/478
f 718/819/479 818/928/479 817/923/479 716/817/479
f 586/664/480 804/925/480 805/929/480 588/667/480
f 710/811/481 814/914/481 813/926/481 708/809/481
f 596/675/482 809/927/482 810/915/482 598/677/482
f 600/679/483 811/916/483 818/928/483 718/819/483
f 588/667/484 805/929/484 806/917/484 590/669/484
f 741/845/425 471/844/425 559/930/425 785/911/425
f 557/931/425 479/872/425 748/854/425 783/853/425
f 558/932/425 557/931/425 783/853/425 784/912/425
f 559/930/425 558/932/425 784/912/425 785/911/425
f 817/923/430 832/933/430 831/934/430 816/919/430
f 818/928/431 833/935/431 832/933/431 817/923/431
f 811/916/432 826/936/432 833/935/432 818/928/432
f 540/924/381 560/937/381 819/938/381 804/925/381
f 804/925/382 819/938/382 820/939/382 805/929/382
f 805/929/383 820/939/383 821/940/383 806/917/383
f 812/920/425 827/941/425 569/942/425 549/921/425
f 806/917/384 821/940/384 822/943/384 807/918/384
f 813/926/426 828/944/426 827/941/426 812/920/426
f 807/918/385 822/943/385 823/945/385 808/922/385
f 814/914/427 829/946/427 828/944/427 813/926/427
f 808/922/386 823/945/386 824/947/386 809/927/386
f 815/913/428 830/948/428 829/946/428 814/914/428
f 809/927/387 824/947/387 825/949/387 810/915/387
f 816/919/429 831/934/429 830/948/429 815/913/429
f 810/915/388 825/949/388 826/936/388 811/916/388
f 569/942/9 827/941/9 828/944/9 577/950/9
f 828/944/9 829/946/9 830/948/9 577/950/9
f 830/948/9 831/934/9 832/933/9 577/950/9
f 832/933/9 833/935/9 826/936/9 577/950/9
f 826/936/9 825/949/9 824/947/9 577/950/9
f 824/947/9 823/945/9 822/943/9 577/950/9
f 822/943/9 821/940/9 820/939/9 577/950/9
f 820/939/9 819/938/9 560/937/9 577/950/9
f 704/477/379 705/476/379 585/951/379 584/661/379
f 676/780/379 580/779/379 582/952/379 703/782/379
f 582/657/379 428/486/379 852/953/379 851/954/379
f 135/127/104 132/126/104 134/177/104 137/144/104
f 274/299/104 276/315/104 273/344/104 271/300/104
f 207/233/31 204/955/31 206/263/31 209/225/31
f 399/473/104 429/654/104 430/504/104 427/474/104
f 678/956/31 844/957/31 845/775/31 679/958/31
f 677/959/31 843/784/31 844/957/31 678/956/31
f 634/773/31 842/772/31 843/784/31 677/959/31
f 344/960/9 626/961/9 841/776/9 840/777/9
f 679/958/31 845/775/31 841/776/31 626/961/31
f 579/778/29 675/781/29 842/772/29 839/771/29
f 403/962/104 404/963/104 838/471/104 837/964/104
f 402/965/104 403/962/104 837/964/104 836/487/104
f 354/469/104 402/965/104 836/487/104 835/470/104
f 344/966/9 840/479/9 834/472/9 345/967/9
f 404/963/104 345/967/104 834/472/104 838/471/104
f 579/481/29 839/467/29 835/470/29 400/482/29
f 846/968/379 836/487/379 837/964/379 847/969/379
f 847/969/379 837/964/379 838/471/379 848/970/379
f 844/957/379 847/971/379 848/972/379 845/775/379
f 843/784/379 846/973/379 847/971/379 844/957/379
f 583/801/29 702/475/29 845/775/29 848/972/29
f 838/471/29 427/474/29 583/974/29 848/970/29
f 581/975/9 846/973/9 843/784/9 701/783/9
f 426/485/9 836/487/9 846/968/9 581/658/9
f 850/660/9 849/659/9 851/954/9 852/953/9
f 853/976/9 854/977/9 851/978/9 849/979/9
f 703/782/379 582/952/379 851/978/379 854/977/379
f 428/486/104 426/485/104 850/660/104 852/953/104
f 581/975/380 701/783/380 853/976/380 849/979/380
f 701/783/31 703/782/31 854/977/31 853/976/31
f 857/980/29 860/506/29 856/505/29 855/981/29
f 857/802/29 855/982/29 859/983/29 858/803/29
f 705/476/31 702/475/31 858/803/31 859/983/31
f 583/974/380 427/474/380 860/506/380 857/980/380
f 585/951/379 705/476/379 859/983/379 855/982/379
f 430/504/379 585/656/379 855/981/379 856/505/379
