# Blender 4.4.0
# www.blender.org
mtllib Desk_lamp.mtl
o Desk_lamp
v 0.912908 1.484910 0.232895
v 0.576552 2.900766 0.147484
v 0.849334 1.484910 0.408778
v 0.536442 2.900766 0.258449
v 0.752660 1.484910 0.568846
v 0.475469 2.900766 0.359392
v 0.626624 1.484910 0.706994
v 0.395952 2.900766 0.446572
v 0.300979 2.900766 0.516536
v 0.476076 1.484910 0.817873
v 0.194164 2.900766 0.566599
v 0.306783 1.484910 0.897296
v 0.079622 2.900766 0.594892
v 0.125234 1.484910 0.942125
v -0.038219 2.900766 0.600311
v -0.061557 1.484910 0.950672
v -0.154869 2.900766 0.582616
v -0.246450 1.484910 0.922647
v -0.265793 2.900766 0.542479
v -0.422296 1.484910 0.859038
v -0.366766 2.900766 0.481482
v -0.582350 1.484910 0.762405
v -0.453905 2.900766 0.401974
v -0.720509 1.484910 0.636350
v -0.523906 2.900766 0.307026
v -0.831406 1.484910 0.485760
v -0.573961 2.900766 0.200185
v -0.910775 1.484910 0.316447
v -0.955605 1.484910 0.134924
v -0.602232 2.900766 0.085672
v -0.964192 1.484910 -0.051890
v -0.607636 2.900766 -0.032198
v -0.936139 1.484910 -0.236727
v -0.589961 2.900766 -0.148822
v -0.872564 1.484910 -0.412610
v -0.549851 2.900766 -0.259739
v -0.775890 1.484910 -0.572678
v -0.488878 2.900766 -0.360729
v -0.649857 1.484910 -0.710826
v -0.409364 2.900766 -0.447909
v -0.314387 2.900766 -0.517873
v -0.499308 1.484910 -0.821705
v -0.207575 2.900766 -0.567937
v -0.330016 1.484910 -0.901129
v -0.093030 2.900766 -0.596230
v -0.148464 1.484910 -0.945957
v 0.024810 2.900766 -0.601648
v 0.038327 1.484910 -0.954504
v 0.141460 2.900766 -0.583954
v 0.223217 1.484910 -0.926479
v 0.252382 2.900766 -0.543816
v 0.399066 1.484910 -0.862871
v 0.353412 2.900766 -0.482819
v 0.559183 1.484910 -0.766178
v 0.440548 2.900766 -0.403312
v 0.697279 1.484910 -0.640182
v 0.510497 2.900766 -0.308364
v 0.808173 1.484910 -0.489592
v 0.560605 2.900766 -0.201523
v 0.887608 1.484910 -0.320279
v 0.932438 1.484910 -0.138756
v 0.588876 2.900766 -0.087009
v 0.940962 1.484910 0.048058
v 0.594282 2.900766 0.030861
v 0.912908 1.484910 0.232895
v 0.576552 2.900766 0.147484
v 0.134285 0.156652 0.058626
v 0.129346 0.203141 0.056612
v 0.100700 0.156652 0.108930
v 0.096929 0.203141 0.105141
v 0.050412 0.156652 0.142545
v 0.048348 0.203141 0.137606
v -0.008944 0.156652 0.154342
v 0.129346 0.660935 0.056612
v 0.096929 0.660935 0.105141
v 0.048348 0.660935 0.137606
v -0.008944 0.203141 0.148971
v -0.068212 0.156652 0.142545
v -0.066146 0.203141 0.137606
v -0.118498 0.156652 0.108930
v -0.114727 0.203141 0.105141
v -0.152083 0.156652 0.058626
v -0.147145 0.203141 0.056612
v -0.163937 0.156652 -0.000645
v -0.158550 0.203141 -0.000645
v -0.152083 0.156652 -0.059963
v -0.147145 0.203141 -0.057949
v -0.118498 0.156652 -0.110267
v -0.114727 0.203141 -0.106479
v -0.068212 0.156652 -0.143882
v -0.066146 0.203141 -0.138943
v -0.008944 0.156652 -0.155679
v -0.008944 0.203141 -0.150308
v 0.050412 0.156652 -0.143882
v 0.048348 0.203141 -0.138943
v 0.100700 0.156652 -0.110267
v 0.096929 0.203141 -0.106479
v 0.134285 0.156652 -0.059963
v 0.129346 0.203141 -0.057949
v 0.146049 0.156652 -0.000645
v 0.140750 0.203141 -0.000645
v 0.134285 0.156652 0.058626
v 0.129346 0.203141 0.056612
v 0.140750 0.660935 -0.000645
v 0.129346 0.660935 0.056612
v 0.129346 0.660935 -0.057949
v 0.096929 0.660935 -0.106479
v 0.048348 0.660935 -0.138943
v -0.008944 0.660935 -0.150308
v -0.066146 0.660935 -0.138943
v -0.114727 0.660935 -0.106479
v -0.147145 0.660935 -0.057949
v -0.158550 0.660935 -0.000645
v -0.147145 0.660935 0.056612
v -0.114727 0.660935 0.105141
v -0.066146 0.660935 0.137606
v -0.008944 0.660935 0.148971
v 0.093676 0.784835 0.040643
v 0.070324 0.784656 0.075650
v 0.090758 0.825874 0.039493
v 0.068001 0.825874 0.073540
v 0.090758 0.892505 0.039493
v 0.035296 0.784387 0.099051
v 0.101893 0.784835 -0.000645
v 0.093676 0.784835 0.040643
v 0.093676 0.784835 -0.041981
v 0.070324 0.784656 -0.076987
v 0.035296 0.784387 -0.100388
v -0.006057 0.784027 -0.108636
v -0.047354 0.783758 -0.100388
v -0.082382 0.783488 -0.076987
v -0.105789 0.783308 -0.041981
v -0.114004 0.783219 -0.000645
v -0.105789 0.783308 0.040643
v -0.082382 0.783488 0.075650
v -0.047354 0.783758 0.099051
v -0.006057 0.784027 0.107299
v 0.033945 0.825874 0.096318
v 0.068001 0.892505 0.073540
v 0.090595 0.922856 0.039493
v 0.067838 0.922766 0.073492
v 0.090217 0.945127 0.039445
v 0.033945 0.892505 0.096318
v -0.006219 0.825874 0.104326
v -0.046436 0.825874 0.096318
v -0.080489 0.825874 0.073540
v -0.103248 0.825874 0.039493
v -0.111193 0.825874 -0.000693
v -0.103248 0.825874 -0.040830
v -0.080489 0.825874 -0.074877
v -0.046436 0.825874 -0.097655
v -0.006219 0.825874 -0.105663
v 0.033945 0.825874 -0.097655
v 0.068001 0.825874 -0.074877
v 0.090758 0.825874 -0.040830
v 0.098757 0.825874 -0.000645
v 0.090758 0.825874 0.039493
v 0.098757 0.892505 -0.000645
v 0.090758 0.892505 0.039493
v 0.090758 0.892505 -0.040830
v 0.068001 0.892505 -0.074877
v 0.033945 0.892505 -0.097655
v -0.006219 0.892505 -0.105663
v -0.046436 0.892505 -0.097655
v -0.080489 0.892505 -0.074877
v -0.103248 0.892505 -0.040830
v -0.111193 0.892505 -0.000693
v -0.103248 0.892505 0.039493
v -0.080489 0.892505 0.073540
v -0.046436 0.892505 0.096318
v -0.006219 0.892505 0.104326
v 0.033783 0.922497 0.096222
v 0.067513 0.944947 0.073444
v 0.090055 0.974311 0.039396
v 0.067351 0.974311 0.073396
v 0.090540 1.120593 0.039589
v 0.033513 0.944768 0.096174
v -0.006327 0.922317 0.104230
v -0.046489 0.922048 0.096222
v -0.080489 0.921869 0.073492
v -0.103248 0.921689 0.039493
v -0.111248 0.921599 -0.000645
v -0.103248 0.921689 -0.040830
v -0.080489 0.921869 -0.074829
v -0.046489 0.922048 -0.097559
v -0.006327 0.922317 -0.105567
v 0.033783 0.922497 -0.097559
v 0.067838 0.922766 -0.074829
v 0.090595 0.922856 -0.040830
v 0.098540 0.922946 -0.000645
v 0.090595 0.922856 0.039493
v 0.098217 0.945127 -0.000645
v 0.090217 0.945127 0.039445
v 0.090217 0.945127 -0.040782
v 0.067513 0.944947 -0.074781
v 0.033513 0.944768 -0.097511
v -0.006597 0.944498 -0.105471
v -0.046706 0.944229 -0.097511
v -0.080707 0.944049 -0.074781
v -0.103464 0.943869 -0.040782
v -0.111411 0.943869 -0.000645
v -0.103464 0.943869 0.039445
v -0.080707 0.944049 0.073444
v -0.046706 0.944229 0.096174
v -0.006597 0.944498 0.104134
v 0.033405 0.974311 0.096078
v 0.067728 1.120593 0.073732
v 0.033565 1.120593 0.096558
v -0.006704 0.974311 0.104086
v -0.046759 0.974311 0.096078
v -0.080762 0.974311 0.073396
v -0.103464 0.974311 0.039396
v -0.111464 0.974311 -0.000645
v -0.103464 0.974311 -0.040734
v -0.080762 0.974311 -0.074733
v -0.046759 0.974311 -0.097415
v -0.006704 0.974311 -0.105423
v 0.033405 0.974311 -0.097415
v 0.067351 0.974311 -0.074733
v 0.090055 0.974311 -0.040734
v 0.098055 0.974311 -0.000645
v 0.090055 0.974311 0.039396
v 0.098540 1.120593 -0.000645
v 0.090540 1.120593 0.039589
v 0.090540 1.120593 -0.040926
v 0.067728 1.120593 -0.075069
v 0.033565 1.120593 -0.097895
v -0.006704 1.120593 -0.105903
v -0.046976 1.120593 -0.097895
v -0.081139 1.120593 -0.075069
v -0.103951 1.120593 -0.040926
v -0.111951 1.120593 -0.000645
v -0.103951 1.120593 0.039589
v -0.081139 1.120593 0.073732
v -0.046976 1.120593 0.096558
v -0.006704 1.120593 0.104566
v 0.076703 1.141876 0.033882
v 0.057135 1.141876 0.063134
v 0.104432 1.223592 0.045391
v 0.078379 1.223592 0.084425
v 0.134488 1.246222 0.057811
v 0.101351 1.246222 0.107395
v 0.158758 1.290942 0.067881
v 0.119946 1.290942 0.125953
v 0.156813 1.352723 0.067066
v 0.118433 1.352723 0.124466
v 0.129352 1.409656 0.055653
v 0.097405 1.409656 0.103463
v 0.110379 1.447282 0.047836
v 0.082918 1.447282 0.088933
v 0.112109 1.475927 0.048556
v 0.084216 1.475927 0.090228
v 0.127081 1.505471 0.054742
v 0.095729 1.505471 0.101736
v 0.127081 1.529896 0.054742
v 0.095729 1.529896 0.101736
v 0.126326 1.531872 0.054406
v 0.095081 1.531872 0.101113
v 0.124380 1.532770 0.053639
v 0.093621 1.532770 0.099627
v 0.026593 1.532770 0.032635
v 0.011296 1.532770 0.042801
v 0.026323 1.532950 0.032348
v 0.036431 1.532950 0.017194
v 0.036324 1.533309 0.017146
v 0.036809 1.532770 0.017338
v 0.047620 1.532770 0.130413
v 0.048377 1.531872 0.132331
v 0.048702 1.529896 0.133146
v 0.048702 1.505471 0.133146
v 0.042486 1.475927 0.118137
v 0.041783 1.447282 0.116410
v 0.049675 1.409656 0.135352
v 0.061026 1.352723 0.162830
v 0.061836 1.290942 0.164748
v 0.051783 1.246222 0.140483
v -0.006704 1.447282 0.126049
v -0.006704 1.409656 0.146573
v -0.006704 1.352723 0.176305
v -0.006704 1.290942 0.178415
v -0.006704 1.505471 0.144176
v -0.006704 1.475927 0.127919
v -0.055192 1.447282 0.116410
v -0.063031 1.409656 0.135352
v -0.006704 1.529896 0.144176
v -0.006704 1.531872 0.143312
v -0.006704 1.532770 0.141202
v -0.006704 1.532770 0.046398
v 0.011188 1.532950 0.042466
v 0.026216 1.533309 0.032251
v 0.036324 1.656872 0.017146
v 0.026216 1.656872 0.032251
v 0.036919 1.659117 0.017386
v 0.011134 1.533309 0.042322
v -0.006704 1.532950 0.046014
v -0.024705 1.532770 0.042801
v -0.060976 1.532770 0.130413
v -0.061786 1.531872 0.132331
v -0.062111 1.529896 0.133146
v -0.062111 1.505471 0.133146
v -0.055894 1.475927 0.118137
v -0.097627 1.475927 0.090228
v -0.109085 1.505471 0.101736
v -0.109085 1.529896 0.101736
v -0.108490 1.531872 0.101113
v -0.140492 1.529896 0.054742
v -0.140492 1.505471 0.054742
v -0.125465 1.475927 0.048556
v -0.135248 1.475927 -0.000645
v -0.151518 1.505471 -0.000645
v -0.151518 1.529896 -0.000645
v -0.139680 1.531872 0.054406
v -0.107032 1.532770 0.099627
v -0.040002 1.532770 0.032635
v -0.024542 1.532950 0.042466
v -0.006704 1.533309 0.045870
v 0.011134 1.656872 0.042322
v 0.026701 1.659117 0.032731
v 0.038432 1.660913 0.018009
v 0.027836 1.660913 0.033882
v 0.050918 1.668905 0.023188
v 0.011349 1.659117 0.042945
v -0.006704 1.656872 0.045870
v -0.024490 1.533309 0.042322
v -0.039732 1.532950 0.032348
v -0.050165 1.532770 0.017338
v -0.137789 1.532770 0.053639
v -0.150653 1.531872 -0.000645
v -0.140492 1.529896 -0.056079
v -0.140492 1.505471 -0.056079
v -0.125465 1.475927 -0.049893
v -0.148545 1.532770 -0.000645
v -0.139680 1.531872 -0.055743
v -0.109085 1.529896 -0.103074
v -0.109085 1.505471 -0.103074
v -0.062111 1.505471 -0.134484
v -0.055894 1.475927 -0.119474
v -0.097627 1.475927 -0.091565
v -0.055192 1.447282 -0.117747
v -0.096329 1.447282 -0.090270
v -0.123790 1.447282 -0.049174
v -0.133410 1.447282 -0.000645
v -0.123790 1.447282 0.047836
v -0.096329 1.447282 0.088933
v -0.110816 1.409656 0.103463
v -0.142708 1.409656 0.055653
v -0.153951 1.409656 -0.000645
v -0.142708 1.409656 -0.056990
v -0.110816 1.409656 -0.104752
v -0.063031 1.409656 -0.136689
v -0.006704 1.447282 -0.127386
v -0.006704 1.409656 -0.147911
v -0.074435 1.352723 -0.164167
v -0.131842 1.352723 -0.125804
v -0.170221 1.352723 -0.068403
v -0.183683 1.352723 -0.000645
v -0.170221 1.352723 0.067066
v -0.131842 1.352723 0.124466
v -0.074435 1.352723 0.162830
v -0.075248 1.290942 0.164748
v -0.133303 1.290942 0.125953
v -0.172114 1.290942 0.067881
v -0.185736 1.290942 -0.000645
v -0.172114 1.290942 -0.069219
v -0.133303 1.290942 -0.127290
v -0.075248 1.290942 -0.166085
v -0.065192 1.246222 -0.141820
v -0.114762 1.246222 -0.108684
v -0.147842 1.246222 -0.059148
v -0.159465 1.246222 -0.000645
v -0.147842 1.246222 0.057811
v -0.114762 1.246222 0.107395
v -0.065192 1.246222 0.140483
v -0.006704 1.246222 0.152136
v 0.039350 1.223592 0.110464
v -0.006704 1.223592 0.119623
v -0.052761 1.223592 0.110464
v -0.091788 1.223592 0.084425
v -0.117843 1.223592 0.045391
v -0.127031 1.223592 -0.000645
v -0.117843 1.223592 -0.046728
v -0.091788 1.223592 -0.085763
v -0.052761 1.223592 -0.111801
v -0.006704 1.223592 -0.120961
v -0.006704 1.246222 -0.153473
v -0.006704 1.290942 -0.179752
v -0.006704 1.352723 -0.177642
v 0.061836 1.290942 -0.166085
v 0.051783 1.246222 -0.141820
v 0.039350 1.223592 -0.111801
v 0.078379 1.223592 -0.085763
v 0.101351 1.246222 -0.108684
v 0.104432 1.223592 -0.046728
v 0.027836 1.141876 0.082699
v -0.006704 1.141876 0.089604
v 0.104432 1.223592 0.045391
v 0.113622 1.223592 -0.000645
v 0.076703 1.141876 0.033882
v -0.096924 1.141876 -0.000645
v -0.090057 1.141876 0.033882
v -0.070491 1.141876 0.063134
v -0.041247 1.141876 0.082699
v -0.090057 1.141876 -0.035219
v -0.070491 1.141876 -0.064471
v -0.041247 1.141876 -0.084036
v -0.006704 1.141876 -0.090894
v 0.027836 1.141876 -0.084036
v 0.057135 1.141876 -0.064471
v 0.076703 1.141876 -0.035219
v 0.083568 1.141876 -0.000645
v 0.037404 1.668905 0.043425
v 0.052431 1.670612 0.023811
v 0.038539 1.670612 0.044576
v 0.053026 1.672856 0.024099
v 0.039027 1.672856 0.045055
v 0.053026 1.683003 0.024099
v 0.039027 1.683003 0.045055
v -0.052436 1.683003 0.045055
v 0.058000 1.683003 -0.000645
v 0.053026 1.683003 -0.025437
v 0.039027 1.683003 -0.046393
v 0.018053 1.683003 -0.060395
v -0.006704 1.683003 -0.065334
v -0.031462 1.683003 -0.060395
v -0.052436 1.683003 -0.046393
v -0.066435 1.683003 -0.025437
v -0.071354 1.683003 -0.000645
v -0.066435 1.683003 0.024099
v -0.031462 1.683003 0.059057
v -0.006704 1.683003 0.063997
v 0.018053 1.683003 0.059057
v 0.018053 1.672856 0.059057
v -0.006704 1.672856 0.063997
v -0.006704 1.683003 0.063997
v -0.031462 1.672856 0.059057
v -0.031462 1.683003 0.059057
v -0.052436 1.672856 0.045055
v -0.052436 1.683003 0.045055
v -0.066435 1.672856 0.024099
v -0.066435 1.683003 0.024099
v -0.071354 1.672856 -0.000645
v -0.071354 1.683003 -0.000645
v -0.066435 1.672856 -0.025437
v -0.066435 1.683003 -0.025437
v -0.052436 1.672856 -0.046393
v -0.052436 1.683003 -0.046393
v -0.031462 1.672856 -0.060395
v -0.031462 1.683003 -0.060395
v -0.006704 1.672856 -0.065334
v -0.006704 1.683003 -0.065334
v 0.018053 1.672856 -0.060395
v 0.018053 1.683003 -0.060395
v 0.039027 1.672856 -0.046393
v 0.039027 1.683003 -0.046393
v 0.053026 1.672856 -0.025437
v 0.053026 1.683003 -0.025437
v 0.058000 1.672856 -0.000645
v 0.058000 1.683003 -0.000645
v 0.053026 1.672856 0.024099
v 0.053026 1.683003 0.024099
v 0.052431 1.670612 0.023811
v 0.057297 1.670612 -0.000645
v 0.052431 1.670612 -0.025149
v 0.038539 1.670612 -0.045913
v 0.017783 1.670612 -0.059772
v -0.006704 1.670612 -0.064663
v -0.031192 1.670612 -0.059772
v -0.051948 1.670612 -0.045913
v -0.065842 1.670612 -0.025149
v -0.070706 1.670612 -0.000645
v -0.065842 1.670612 0.023811
v -0.051948 1.670612 0.044576
v -0.031192 1.670612 0.058434
v -0.006704 1.670612 0.063325
v 0.017783 1.670612 0.058434
v 0.017188 1.668905 0.056948
v 0.050918 1.668905 0.023188
v -0.006704 1.668905 0.061695
v -0.030544 1.668905 0.056948
v -0.050813 1.668905 0.043425
v -0.064327 1.668905 0.023188
v -0.069086 1.668905 -0.000645
v -0.064327 1.668905 -0.024526
v -0.050813 1.668905 -0.044762
v -0.030544 1.668905 -0.058285
v -0.006704 1.668905 -0.063033
v 0.017188 1.668905 -0.058285
v 0.037404 1.668905 -0.044762
v 0.050918 1.668905 -0.024526
v 0.055675 1.668905 -0.000645
v 0.038432 1.660913 0.018009
v 0.042160 1.660913 -0.000645
v 0.036919 1.659117 0.017386
v 0.038432 1.660913 -0.019347
v 0.027836 1.660913 -0.035219
v 0.011999 1.660913 -0.045769
v -0.006704 1.660913 -0.049510
v -0.025408 1.660913 -0.045769
v -0.041247 1.660913 -0.035219
v -0.051841 1.660913 -0.019347
v -0.055517 1.660913 -0.000645
v -0.051841 1.660913 0.018009
v -0.041247 1.660913 0.033882
v -0.025408 1.660913 0.044432
v -0.006704 1.660913 0.048172
v 0.011999 1.660913 0.044432
v -0.006704 1.659117 0.046542
v -0.024760 1.659117 0.042945
v -0.040057 1.659117 0.032731
v -0.050328 1.659117 0.017386
v -0.053896 1.659117 -0.000645
v -0.050328 1.659117 -0.018723
v -0.040057 1.659117 -0.034069
v -0.024760 1.659117 -0.044283
v -0.006704 1.659117 -0.047879
v 0.011349 1.659117 -0.044283
v 0.026701 1.659117 -0.034069
v 0.036919 1.659117 -0.018723
v 0.040540 1.659117 -0.000645
v 0.036324 1.656872 0.017146
v 0.039837 1.656872 -0.000645
v 0.036324 1.533309 0.017146
v 0.036324 1.656872 -0.018484
v 0.026216 1.656872 -0.033589
v 0.011134 1.656872 -0.043659
v -0.006704 1.656872 -0.047208
v -0.024490 1.656872 -0.043659
v -0.039624 1.656872 -0.033589
v -0.049680 1.656872 -0.018484
v -0.053246 1.656872 -0.000645
v -0.049680 1.656872 0.017146
v -0.039624 1.656872 0.032251
v -0.024490 1.656872 0.042322
v -0.039624 1.533309 0.032251
v -0.049680 1.533309 0.017146
v -0.053246 1.533309 -0.000645
v -0.049680 1.533309 -0.018484
v -0.039624 1.533309 -0.033589
v -0.024490 1.533309 -0.043659
v -0.006704 1.533309 -0.047208
v 0.011134 1.533309 -0.043659
v 0.026216 1.533309 -0.033589
v 0.036324 1.533309 -0.018484
v 0.039837 1.533309 -0.000645
v 0.036431 1.532950 0.017194
v 0.040000 1.532950 -0.000645
v 0.040000 1.532950 -0.000645
v 0.036431 1.532950 -0.018531
v 0.026323 1.532950 -0.033685
v 0.011188 1.532950 -0.043803
v -0.006704 1.532950 -0.047352
v -0.024542 1.532950 -0.043803
v -0.039732 1.532950 -0.033685
v -0.049840 1.532950 -0.018531
v -0.053408 1.532950 -0.000645
v -0.049840 1.532950 0.017194
v -0.053786 1.532770 -0.000645
v -0.050165 1.532770 -0.018675
v -0.040002 1.532770 -0.033972
v -0.024705 1.532770 -0.044139
v -0.006704 1.532770 -0.047735
v 0.011296 1.532770 -0.044139
v 0.026593 1.532770 -0.033972
v 0.036809 1.532770 -0.018675
v 0.040377 1.532770 -0.000645
v 0.036809 1.532770 0.017338
v 0.036431 1.532950 0.017194
v 0.124380 1.532770 0.053639
v 0.135191 1.532770 -0.000645
v 0.124380 1.532770 -0.054976
v 0.093621 1.532770 -0.100964
v 0.126326 1.531872 -0.055743
v 0.137244 1.531872 -0.000645
v 0.138109 1.529896 -0.000645
v 0.127081 1.529896 0.054742
v 0.127081 1.505471 0.054742
v 0.138109 1.505471 -0.000645
v 0.112109 1.475927 0.048556
v 0.126326 1.531872 0.054406
v 0.047620 1.532770 -0.131750
v -0.006704 1.532770 -0.142540
v 0.127081 1.529896 -0.056079
v 0.095081 1.531872 -0.102450
v 0.048377 1.531872 -0.133668
v 0.095729 1.529896 -0.103074
v 0.127081 1.505471 -0.056079
v 0.121892 1.475927 -0.000645
v 0.110379 1.447282 0.047836
v 0.120054 1.447282 -0.000645
v 0.129352 1.409656 0.055653
v 0.112109 1.475927 -0.049893
v 0.095729 1.505471 -0.103074
v 0.048702 1.529896 -0.134484
v -0.006704 1.531872 -0.144602
v -0.060976 1.532770 -0.131750
v -0.107032 1.532770 -0.100964
v -0.061786 1.531872 -0.133668
v -0.006704 1.529896 -0.145513
v 0.048702 1.505471 -0.134484
v 0.084216 1.475927 -0.091565
v 0.110379 1.447282 -0.049174
v 0.140543 1.409656 -0.000645
v 0.156813 1.352723 0.067066
v 0.170272 1.352723 -0.000645
v 0.158758 1.290942 0.067881
v 0.129352 1.409656 -0.056990
v 0.082918 1.447282 -0.090270
v 0.042486 1.475927 -0.119426
v -0.006704 1.475927 -0.129256
v -0.006704 1.505471 -0.145513
v -0.062111 1.529896 -0.134484
v -0.108490 1.531872 -0.102450
v -0.137789 1.532770 -0.054976
v 0.041783 1.447282 -0.117747
v 0.049620 1.409656 -0.136689
v 0.061026 1.352723 -0.164167
v 0.119946 1.290942 -0.127290
v 0.097405 1.409656 -0.104752
v 0.156813 1.352723 -0.068403
v 0.118433 1.352723 -0.125804
v 0.158758 1.290942 -0.069170
v 0.172380 1.290942 -0.000645
v 0.134488 1.246222 0.057811
v 0.146109 1.246222 -0.000645
v 0.134488 1.246222 -0.059148
v 0.104471 0.057732 0.366968
v 0.048437 0.057732 0.379772
v 0.048437 -0.000000 0.379772
v -0.008944 -0.000000 0.384040
v 0.104471 -0.000000 0.366968
v 0.157992 0.057732 0.345965
v 0.157992 -0.000000 0.345965
v 0.207830 0.057732 0.317192
v 0.207830 -0.000000 0.317192
v 0.252730 0.057732 0.281371
v 0.252730 0.000000 0.281371
v 0.291881 0.057732 0.239220
v 0.291881 0.000000 0.239220
v 0.324299 0.057732 0.191697
v 0.324299 0.000000 0.191697
v 0.349173 0.057732 0.139908
v 0.349173 0.000000 0.139908
v 0.366146 0.057732 0.084953
v 0.366146 0.000000 0.084953
v 0.374766 0.057732 0.028080
v 0.374766 0.000000 0.028080
v 0.373958 0.062544 0.028032
v 0.365427 0.062544 0.084761
v 0.348455 0.062544 0.139620
v 0.323581 0.062544 0.191314
v 0.291253 0.062544 0.238740
v 0.252280 0.062544 0.280796
v 0.207381 0.062544 0.316569
v 0.157632 0.062544 0.345245
v 0.104292 0.062544 0.366249
v 0.048348 0.062544 0.379005
v -0.008944 0.057732 0.384040
v -0.066236 -0.000000 0.379772
v -0.066236 0.057732 0.379772
v -0.122360 -0.000000 0.366968
v -0.122360 0.057732 0.366968
v -0.175881 -0.000000 0.345965
v -0.175881 0.057732 0.345965
v -0.225629 -0.000000 0.317192
v -0.225629 0.057732 0.317192
v -0.270619 -0.000000 0.281371
v -0.270619 0.057732 0.281371
v -0.309681 -0.000000 0.239220
v -0.309681 0.057732 0.239220
v -0.342099 -0.000000 0.191698
v -0.342099 0.057732 0.191698
v -0.367062 -0.000000 0.139908
v -0.367062 0.057732 0.139908
v -0.384035 -0.000000 0.084953
v -0.384035 0.057732 0.084953
v -0.392565 -0.000000 0.028080
v -0.392565 0.057732 0.028080
v -0.392565 -0.000000 -0.029417
v -0.392565 0.057732 -0.029417
v -0.384035 -0.000000 -0.086290
v -0.384035 0.057732 -0.086290
v -0.367062 -0.000000 -0.141245
v -0.367062 0.057732 -0.141245
v -0.342099 -0.000000 -0.193035
v -0.342099 0.057732 -0.193035
v -0.309681 -0.000000 -0.240557
v -0.309681 0.057732 -0.240557
v -0.270619 -0.000000 -0.282708
v -0.270619 0.057732 -0.282708
v -0.225629 -0.000000 -0.318530
v -0.225629 0.057732 -0.318530
v -0.175881 -0.000000 -0.347302
v -0.175881 0.057732 -0.347302
v -0.122360 -0.000000 -0.368305
v -0.122360 0.057732 -0.368305
v -0.066236 -0.000000 -0.381109
v -0.066236 0.057732 -0.381109
v -0.008944 0.000000 -0.385377
v -0.008944 0.057732 -0.385377
v 0.048437 0.000000 -0.381109
v 0.048437 0.057732 -0.381109
v 0.104471 0.000000 -0.368305
v 0.104471 0.057732 -0.368305
v 0.157992 0.000000 -0.347302
v 0.157992 0.057732 -0.347302
v 0.207830 0.000000 -0.318530
v 0.207830 0.057732 -0.318530
v 0.252730 0.000000 -0.282708
v 0.252730 0.057732 -0.282708
v 0.291881 0.000000 -0.240557
v 0.291881 0.057732 -0.240557
v 0.324299 0.000000 -0.193035
v 0.324299 0.057732 -0.193035
v 0.349173 0.000000 -0.141245
v 0.349173 0.057732 -0.141245
v 0.366146 0.000000 -0.086290
v 0.366146 0.057732 -0.086290
v 0.374766 0.000000 -0.029417
v 0.374766 0.057732 -0.029417
v 0.374766 0.000000 0.028080
v 0.374766 0.057732 0.028080
v 0.373958 0.062544 -0.029369
v 0.373958 0.062544 0.028032
v 0.371803 0.066868 0.027840
v 0.365427 0.062544 -0.086098
v 0.348545 0.062544 -0.140957
v 0.323581 0.062544 -0.192651
v 0.291253 0.062544 -0.240078
v 0.252280 0.062544 -0.282133
v 0.207381 0.062544 -0.317906
v 0.157632 0.062544 -0.346583
v 0.104292 0.062544 -0.367586
v 0.048348 0.062544 -0.380342
v -0.008944 0.062544 -0.384610
v -0.066146 0.062544 -0.380342
v -0.122091 0.062544 -0.367586
v -0.175521 0.062544 -0.346583
v -0.225180 0.062544 -0.317906
v -0.270080 0.062544 -0.282133
v -0.309142 0.062544 -0.240077
v -0.341469 0.062544 -0.192651
v -0.366343 0.062544 -0.140957
v -0.383226 0.062544 -0.086098
v -0.391846 0.062544 -0.029369
v -0.391846 0.062544 0.028032
v -0.383226 0.062544 0.084761
v -0.366343 0.062544 0.139620
v -0.341469 0.062544 0.191314
v -0.309142 0.062544 0.238740
v -0.270080 0.062544 0.280796
v -0.225180 0.062544 0.316569
v -0.175521 0.062544 0.345245
v -0.122091 0.062544 0.366249
v -0.066146 0.062544 0.379005
v -0.008944 0.062544 0.383273
v 0.047989 0.066868 0.376799
v -0.008944 0.066868 0.381067
v -0.065787 0.066868 0.376799
v -0.121463 0.066868 0.364139
v -0.174534 0.066868 0.343279
v -0.223923 0.066868 0.314747
v -0.268553 0.066868 0.279165
v -0.307346 0.066868 0.237350
v -0.339494 0.066868 0.190211
v -0.364279 0.066868 0.138805
v -0.381070 0.066868 0.084281
v -0.389601 0.066868 0.027840
v -0.389601 0.066868 -0.029177
v -0.381070 0.066868 -0.085619
v -0.364279 0.066868 -0.140142
v -0.339494 0.066868 -0.191548
v -0.307346 0.066868 -0.238687
v -0.268553 0.066868 -0.280502
v -0.223923 0.066868 -0.316084
v -0.174534 0.066868 -0.344616
v -0.121463 0.066868 -0.365476
v -0.065787 0.066868 -0.378136
v -0.008944 0.066868 -0.382404
v 0.047988 0.066868 -0.378136
v 0.103574 0.066868 -0.365476
v 0.156735 0.066868 -0.344616
v 0.206124 0.066868 -0.316084
v 0.250754 0.066868 -0.280502
v 0.289547 0.066868 -0.238687
v 0.321695 0.066868 -0.191548
v 0.346479 0.066868 -0.140142
v 0.363272 0.066868 -0.085619
v 0.371803 0.066868 -0.029177
v 0.371803 0.066868 0.027840
v 0.368301 0.070326 -0.028937
v 0.368301 0.070326 0.027600
v 0.359859 0.070326 -0.084851
v 0.343247 0.070326 -0.138895
v 0.318732 0.070326 -0.189822
v 0.286853 0.070326 -0.236529
v 0.248420 0.070326 -0.277961
v 0.204149 0.070326 -0.313255
v 0.155208 0.070326 -0.341499
v 0.102586 0.070326 -0.362168
v 0.047449 0.070326 -0.374731
v -0.008944 0.070326 -0.378951
v -0.065338 0.070326 -0.374731
v -0.120385 0.070326 -0.362168
v -0.173097 0.070326 -0.341499
v -0.222038 0.070326 -0.313255
v -0.266218 0.070326 -0.277961
v -0.304652 0.070326 -0.236529
v -0.336531 0.070326 -0.189822
v -0.361045 0.070326 -0.138895
v -0.377748 0.070326 -0.084851
v -0.386190 0.070326 -0.028937
v -0.386190 0.070326 0.027600
v -0.377748 0.070326 0.083514
v -0.361045 0.070326 0.137558
v -0.336531 0.070326 0.188485
v -0.304652 0.070326 0.235192
v -0.266218 0.070326 0.276624
v -0.222038 0.070326 0.311917
v -0.173097 0.070326 0.340162
v -0.120385 0.070326 0.360830
v -0.065338 0.070326 0.373394
v -0.008944 0.070326 0.377614
v 0.047450 0.070326 0.373394
v -0.064620 0.072544 0.369126
v -0.008944 0.072544 0.373298
v -0.119128 0.072544 0.356658
v -0.171211 0.072544 0.336230
v -0.219612 0.072544 0.308321
v -0.263255 0.072544 0.273459
v -0.301330 0.072544 0.232506
v -0.332760 0.072544 0.186327
v -0.357004 0.072544 0.135975
v -0.373527 0.072544 0.082555
v -0.381789 0.072544 0.027264
v -0.381789 0.072544 -0.028602
v -0.373527 0.072544 -0.083892
v -0.357004 0.072544 -0.137265
v -0.332760 0.072544 -0.187664
v -0.301330 0.072544 -0.233843
v -0.263255 0.072544 -0.274796
v -0.219612 0.072544 -0.309658
v -0.171211 0.072544 -0.337567
v -0.119128 0.072544 -0.357996
v -0.064620 0.072544 -0.370463
v -0.008944 0.072544 -0.374636
v 0.046821 0.072544 -0.370463
v 0.101328 0.072544 -0.357996
v 0.153322 0.072544 -0.337567
v 0.201724 0.072544 -0.309658
v 0.245455 0.072544 -0.274796
v 0.283441 0.072544 -0.233844
v 0.314960 0.072544 -0.187664
v 0.339206 0.072544 -0.137265
v 0.355639 0.072544 -0.083892
v 0.363991 0.072544 -0.028602
v 0.363991 0.072544 0.027264
v 0.359142 0.073300 -0.028266
v 0.359142 0.073300 0.026928
v 0.350970 0.073300 -0.082789
v 0.334716 0.073300 -0.135538
v 0.310739 0.073300 -0.185218
v 0.279669 0.073300 -0.230822
v 0.242133 0.073300 -0.271247
v 0.199029 0.073300 -0.305678
v 0.151256 0.073300 -0.333251
v 0.099892 0.073300 -0.353392
v 0.046102 0.073300 -0.365668
v -0.008944 0.073300 -0.369792
v 0.029131 0.073300 -0.253265
v 0.066396 0.073300 -0.244777
v 0.101958 0.073300 -0.230822
v 0.135004 0.073300 -0.211737
v 0.164816 0.073300 -0.187952
v 0.190769 0.073300 -0.159947
v 0.212320 0.073300 -0.128393
v 0.228843 0.073300 -0.094011
v 0.240158 0.073300 -0.057518
v 0.245815 0.073300 -0.019778
v 0.245815 0.073300 0.018441
v 0.242761 0.073787 -0.019538
v 0.242761 0.073787 0.018201
v 0.237104 0.073787 -0.056846
v 0.225969 0.073787 -0.092859
v 0.209626 0.073787 -0.126859
v 0.188434 0.073787 -0.158029
v 0.162752 0.073787 -0.185650
v 0.133207 0.073787 -0.209195
v 0.100611 0.073787 -0.228041
v 0.065499 0.073787 -0.241804
v 0.028681 0.073787 -0.250196
v -0.008944 0.073300 -0.256142
v -0.063901 0.073300 -0.365668
v -0.117690 0.073300 -0.353392
v -0.169056 0.073300 -0.333251
v -0.216829 0.073300 -0.305678
v -0.260022 0.073300 -0.271247
v -0.297558 0.073300 -0.230822
v -0.328628 0.073300 -0.185218
v -0.352514 0.073300 -0.135538
v -0.368768 0.073300 -0.082789
v -0.377029 0.073300 -0.028266
v -0.377029 0.073300 0.026929
v -0.368768 0.073300 0.081452
v -0.352514 0.073300 0.134201
v -0.328628 0.073300 0.183881
v -0.297558 0.073300 0.229485
v -0.260022 0.073300 0.269910
v -0.216829 0.073300 0.304341
v -0.169056 0.073300 0.331914
v -0.117690 0.073300 0.352055
v -0.063901 0.073300 0.364331
v -0.008944 0.073300 0.368455
v 0.046821 0.072544 0.369126
v 0.101328 0.072544 0.356658
v 0.102586 0.070326 0.360830
v 0.103574 0.066868 0.364139
v 0.156735 0.066868 0.343279
v 0.206124 0.066868 0.314747
v 0.250754 0.066868 0.279165
v 0.289547 0.066868 0.237350
v 0.321695 0.066868 0.190211
v 0.346479 0.066868 0.138805
v 0.363272 0.066868 0.084281
v 0.368301 0.070326 0.027600
v 0.359859 0.070326 0.083514
v 0.363991 0.072544 0.027264
v 0.343247 0.070326 0.137558
v 0.318732 0.070326 0.188485
v 0.286853 0.070326 0.235192
v 0.248420 0.070326 0.276624
v 0.204149 0.070326 0.311917
v 0.155208 0.070326 0.340162
v 0.153322 0.072544 0.336230
v 0.201724 0.072544 0.308321
v 0.245455 0.072544 0.273459
v 0.283441 0.072544 0.232506
v 0.314960 0.072544 0.186327
v 0.339206 0.072544 0.135975
v 0.355639 0.072544 0.082555
v 0.359142 0.073300 0.026928
v 0.350970 0.073300 0.081452
v 0.245815 0.073300 0.018441
v 0.240158 0.073300 0.056180
v 0.242761 0.073787 0.018201
v 0.237104 0.073787 0.055509
v 0.239978 0.075193 0.017961
v 0.234410 0.075193 0.054886
v 0.237734 0.077408 0.017818
v 0.232255 0.077408 0.054358
v 0.236296 0.080164 0.017722
v 0.230819 0.080164 0.054070
v 0.235847 0.083245 0.017674
v 0.230370 0.083245 0.053974
v 0.235847 0.146492 0.017674
v 0.230370 0.146492 0.053974
v 0.234860 0.152599 0.017626
v 0.229472 0.152599 0.053735
v 0.232075 0.158058 0.017386
v 0.226688 0.158058 0.053111
v 0.227765 0.162437 0.017050
v 0.222467 0.162437 0.052152
v 0.222198 0.165247 0.016667
v 0.217079 0.165247 0.050905
v 0.216182 0.166168 0.016187
v 0.211153 0.166168 0.049563
v 0.150987 0.166168 0.011296
v 0.147395 0.166168 0.035033
v 0.150987 0.150545 0.011296
v 0.147395 0.150545 0.035033
v 0.140301 0.166168 0.057907
v 0.140301 0.150545 0.057907
v 0.129975 0.166168 0.079486
v 0.129975 0.150545 0.079486
v 0.116415 0.166168 0.099291
v 0.116415 0.150545 0.099291
v 0.100161 0.166168 0.116890
v 0.100161 0.150545 0.116890
v 0.081394 0.166168 0.131803
v 0.081394 0.150545 0.131803
v 0.060650 0.166168 0.143792
v 0.060650 0.150545 0.143792
v 0.038379 0.166168 0.152568
v 0.038379 0.150545 0.152568
v 0.014943 0.166168 0.157890
v 0.014943 0.150545 0.157890
v -0.008944 0.166168 0.159665
v -0.008944 0.150545 0.159665
v -0.032830 0.166168 0.157890
v -0.032830 0.150545 0.157890
v -0.056179 0.166168 0.152568
v -0.056179 0.150545 0.152568
v -0.078448 0.166168 0.143792
v -0.078448 0.150545 0.143792
v -0.099283 0.166168 0.131803
v -0.099283 0.150545 0.131803
v -0.117960 0.166168 0.116890
v -0.117960 0.150545 0.116890
v -0.134304 0.166168 0.099291
v -0.134304 0.150545 0.099291
v -0.147773 0.166168 0.079486
v -0.147773 0.150545 0.079486
v -0.158190 0.166168 0.057907
v -0.158190 0.150545 0.057907
v -0.165284 0.166168 0.035033
v -0.165284 0.150545 0.035033
v -0.168786 0.166168 0.011296
v -0.168786 0.150545 0.011296
v -0.168786 0.166168 -0.012633
v -0.168786 0.150545 -0.012633
v -0.165284 0.166168 -0.036370
v -0.165284 0.150545 -0.036370
v -0.158190 0.166168 -0.059244
v -0.158190 0.150545 -0.059244
v -0.147773 0.166168 -0.080823
v -0.218984 0.166168 -0.083125
v -0.228951 0.166168 -0.050900
v -0.233980 0.166168 -0.017524
v -0.233980 0.166168 0.016187
v -0.228951 0.166168 0.049563
v -0.218984 0.166168 0.081788
v -0.204346 0.166168 0.112190
v -0.185399 0.166168 0.140052
v -0.162411 0.166168 0.164796
v -0.136099 0.166168 0.185799
v -0.106825 0.166168 0.202679
v -0.075485 0.166168 0.215003
v -0.042529 0.166168 0.222532
v -0.008944 0.166168 0.225025
v 0.024730 0.166168 0.222532
v 0.057596 0.166168 0.215003
v 0.025629 0.165247 0.228526
v -0.008944 0.165247 0.231116
v -0.043427 0.165247 0.228526
v -0.077281 0.165247 0.220853
v -0.109519 0.165247 0.208194
v -0.139512 0.165247 0.190883
v -0.166631 0.165247 0.169255
v -0.190158 0.165247 0.143840
v -0.209645 0.165247 0.115212
v -0.224731 0.165247 0.084042
v -0.234879 0.165247 0.050905
v -0.240086 0.165247 0.016667
v -0.240086 0.165247 -0.018004
v -0.234879 0.165247 -0.052243
v -0.224731 0.165247 -0.085379
v -0.209645 0.165247 -0.116549
v -0.204346 0.166168 -0.113528
v -0.134304 0.166168 -0.100628
v -0.147773 0.150545 -0.080823
v -0.137357 0.150545 -0.051044
v -0.143374 0.150545 -0.031383
v -0.165284 0.150545 -0.036370
v -0.146517 0.150545 -0.010955
v -0.168786 0.150545 -0.012633
v -0.146517 0.150545 0.009665
v -0.168786 0.150545 0.011296
v -0.143374 0.150545 0.030045
v -0.165284 0.150545 0.035033
v -0.137357 0.150545 0.049707
v -0.158190 0.150545 0.057907
v -0.128376 0.150545 0.068313
v -0.147773 0.150545 0.079486
v -0.116793 0.150545 0.085337
v -0.134304 0.150545 0.099291
v -0.102785 0.150545 0.100442
v -0.117960 0.150545 0.116890
v -0.099283 0.150545 0.131803
v -0.086620 0.150545 0.113294
v -0.078448 0.150545 0.143792
v -0.068750 0.150545 0.123604
v -0.056179 0.150545 0.152568
v -0.049623 0.150545 0.131132
v -0.032830 0.150545 0.157890
v -0.029508 0.150545 0.135736
v -0.008944 0.150545 0.159665
v -0.008944 0.150545 0.137270
v 0.014943 0.150545 0.157890
v 0.011619 0.150545 0.135736
v 0.038379 0.150545 0.152568
v 0.031735 0.150545 0.131132
v 0.060650 0.150545 0.143792
v 0.050952 0.150545 0.123604
v 0.081394 0.150545 0.131803
v 0.068822 0.150545 0.113293
v 0.100161 0.150545 0.116890
v -0.008944 0.150545 -0.000645
v -0.128376 0.150545 -0.069650
v -0.134304 0.150545 -0.100628
v -0.116793 0.150545 -0.086674
v -0.102785 0.150545 -0.101779
v -0.086620 0.150545 -0.114631
v -0.117960 0.150545 -0.118227
v -0.099283 0.150545 -0.133141
v -0.068750 0.150545 -0.124940
v -0.078448 0.150545 -0.145129
v -0.049623 0.150545 -0.132469
v -0.056179 0.150545 -0.153904
v -0.029508 0.150545 -0.137073
v -0.032830 0.150545 -0.159227
v -0.008944 0.150545 -0.138607
v -0.008944 0.150545 -0.161002
v 0.011619 0.150545 -0.137073
v 0.014943 0.150545 -0.159227
v 0.031735 0.150545 -0.132469
v 0.050952 0.150545 -0.124940
v 0.038379 0.150545 -0.153904
v 0.060650 0.150545 -0.145129
v 0.050952 0.150545 -0.124940
v 0.068822 0.150545 -0.114631
v 0.060650 0.150545 -0.145129
v 0.081394 0.150545 -0.133141
v 0.084896 0.150545 -0.101779
v 0.100161 0.150545 -0.118227
v 0.116415 0.150545 -0.100628
v 0.098904 0.150545 -0.086674
v 0.129975 0.150545 -0.080823
v 0.110578 0.150545 -0.069650
v 0.140301 0.150545 -0.059244
v 0.119468 0.150545 -0.051044
v 0.147395 0.150545 -0.036370
v 0.125574 0.150545 -0.031383
v 0.150987 0.150545 -0.012633
v 0.128628 0.150545 -0.010955
v 0.150987 0.150545 0.011296
v 0.128628 0.150545 0.009665
v 0.147395 0.150545 0.035033
v 0.125574 0.150545 0.030045
v 0.119468 0.150545 0.049707
v 0.110578 0.150545 0.068313
v 0.129975 0.150545 0.079486
v 0.116415 0.150545 0.099291
v 0.098904 0.150545 0.085337
v 0.084896 0.150545 0.100442
v 0.140301 0.150545 0.057907
v 0.046102 0.073300 0.364331
v 0.099892 0.073300 0.352055
v 0.151256 0.073300 0.331914
v 0.199029 0.073300 0.304341
v 0.242133 0.073300 0.269910
v 0.279669 0.073300 0.229485
v 0.310739 0.073300 0.183881
v 0.334716 0.073300 0.134201
v 0.228843 0.073300 0.092673
v 0.212320 0.073300 0.127056
v 0.190769 0.073300 0.158609
v 0.164816 0.073300 0.186614
v 0.135004 0.073300 0.210399
v 0.101958 0.073300 0.229485
v 0.066396 0.073300 0.243440
v 0.029131 0.073300 0.251928
v -0.008944 0.073300 0.254805
v -0.047019 0.073300 0.251928
v -0.084196 0.073300 0.243440
v -0.119756 0.073300 0.229485
v -0.152802 0.073300 0.210400
v -0.182705 0.073300 0.186614
v -0.208657 0.073300 0.158609
v -0.230119 0.073300 0.127056
v -0.246732 0.073300 0.092673
v -0.257956 0.073300 0.056180
v -0.263614 0.073300 0.018441
v -0.263614 0.073300 -0.019778
v -0.257956 0.073300 -0.057518
v -0.246732 0.073300 -0.094011
v -0.230119 0.073300 -0.128393
v -0.208657 0.073300 -0.159947
v -0.182705 0.073300 -0.187952
v -0.152802 0.073300 -0.211737
v -0.119756 0.073300 -0.230822
v -0.084196 0.073300 -0.244777
v -0.047019 0.073300 -0.253265
v -0.008944 0.073787 -0.253025
v -0.046570 0.073787 -0.250196
v -0.083298 0.073787 -0.241804
v -0.118409 0.073787 -0.228041
v -0.151096 0.073787 -0.209195
v -0.180550 0.073787 -0.185650
v -0.206232 0.073787 -0.158029
v -0.227515 0.073787 -0.126859
v -0.243858 0.073787 -0.092859
v -0.254993 0.073787 -0.056846
v -0.260561 0.073787 -0.019538
v -0.260561 0.073787 0.018201
v -0.254993 0.073787 0.055509
v -0.243858 0.073787 0.091523
v -0.227515 0.073787 0.125522
v -0.206232 0.073787 0.156691
v -0.180550 0.073787 0.184313
v -0.151096 0.073787 0.207858
v -0.118409 0.073787 0.226704
v -0.083298 0.073787 0.240467
v -0.046570 0.073787 0.248858
v -0.008944 0.073787 0.251688
v 0.028681 0.073787 0.248858
v 0.065499 0.073787 0.240467
v 0.100611 0.073787 0.226704
v 0.133207 0.073787 0.207858
v 0.162752 0.073787 0.184313
v 0.188434 0.073787 0.156691
v 0.209626 0.073787 0.125522
v 0.225969 0.073787 0.091523
v 0.223366 0.075193 0.090515
v 0.207201 0.075193 0.124131
v 0.186188 0.075193 0.154965
v 0.160865 0.075193 0.182299
v 0.131681 0.075193 0.205556
v 0.099353 0.075193 0.224210
v 0.064691 0.075193 0.237829
v 0.028322 0.075193 0.246125
v -0.008944 0.075193 0.248906
v -0.046121 0.075193 0.246125
v -0.082490 0.075193 0.237829
v -0.117242 0.075193 0.224210
v -0.149480 0.075193 0.205556
v -0.178664 0.075193 0.182299
v -0.204077 0.075193 0.154965
v -0.225090 0.075193 0.124131
v -0.241253 0.075193 0.090515
v -0.252210 0.075193 0.054886
v -0.257778 0.075193 0.017961
v -0.257778 0.075193 -0.019299
v -0.252210 0.075193 -0.056223
v -0.241253 0.075193 -0.091853
v -0.225090 0.075193 -0.125468
v -0.204077 0.075193 -0.156254
v -0.178664 0.075193 -0.183636
v -0.149480 0.075193 -0.206894
v -0.117242 0.075193 -0.225547
v -0.082490 0.075193 -0.239166
v -0.046121 0.075193 -0.247462
v -0.008944 0.075193 -0.250244
v 0.028322 0.075193 -0.247462
v 0.064691 0.075193 -0.239166
v 0.099353 0.075193 -0.225547
v 0.131681 0.075193 -0.206894
v 0.160865 0.075193 -0.183636
v 0.186188 0.075193 -0.156254
v 0.207201 0.075193 -0.125468
v 0.223366 0.075193 -0.091853
v 0.234410 0.075193 -0.056223
v 0.239978 0.075193 -0.019299
v 0.239978 0.075193 0.017961
v 0.237734 0.077408 -0.019155
v 0.237734 0.077408 0.017818
v 0.232255 0.077408 -0.055696
v 0.221389 0.077408 -0.091037
v 0.205316 0.077408 -0.124365
v 0.184482 0.077408 -0.154912
v 0.159339 0.077408 -0.182006
v 0.130423 0.077408 -0.205071
v 0.098456 0.077408 -0.223533
v 0.063972 0.077408 -0.237056
v 0.027963 0.077408 -0.245256
v -0.008944 0.077408 -0.248038
v -0.045762 0.077408 -0.245256
v -0.081861 0.077408 -0.237056
v -0.116254 0.077408 -0.223533
v -0.148222 0.077408 -0.205071
v -0.177137 0.077408 -0.182006
v -0.202282 0.077408 -0.154912
v -0.223115 0.077408 -0.124365
v -0.239189 0.077408 -0.091037
v -0.250055 0.077408 -0.055695
v -0.255621 0.077408 -0.019155
v -0.255621 0.077408 0.017818
v -0.250055 0.077408 0.054358
v -0.239189 0.077408 0.089700
v -0.223115 0.077408 0.123028
v -0.202282 0.077408 0.153574
v -0.177137 0.077408 0.180668
v -0.148222 0.077408 0.203734
v -0.116254 0.077408 0.222196
v -0.081861 0.077408 0.235719
v -0.045762 0.077408 0.243919
v -0.008944 0.077408 0.246701
v 0.027963 0.077408 0.243919
v 0.063972 0.077408 0.235719
v 0.098365 0.077408 0.222196
v 0.130423 0.077408 0.203734
v 0.159339 0.077408 0.180668
v 0.184482 0.077408 0.153574
v 0.205316 0.077408 0.123028
v 0.221389 0.077408 0.089700
v 0.220043 0.080164 0.089172
v 0.204058 0.080164 0.122309
v 0.183405 0.080164 0.152663
v 0.158351 0.080164 0.179613
v 0.129615 0.080164 0.202535
v 0.097826 0.080164 0.220901
v 0.063613 0.080164 0.234328
v 0.027693 0.080164 0.242529
v -0.008944 0.080164 0.245262
v -0.045582 0.080164 0.242529
v -0.081413 0.080164 0.234328
v -0.115626 0.080164 0.220901
v -0.147504 0.080164 0.202535
v -0.176240 0.080164 0.179614
v -0.201203 0.080164 0.152663
v -0.221947 0.080164 0.122309
v -0.237842 0.080164 0.089172
v -0.248708 0.080164 0.054071
v -0.254185 0.080164 0.017722
v -0.254185 0.080164 -0.019059
v -0.248708 0.080164 -0.055408
v -0.237842 0.080164 -0.090510
v -0.221947 0.080164 -0.123646
v -0.201203 0.080164 -0.154001
v -0.176240 0.080164 -0.180950
v -0.147504 0.080164 -0.203872
v -0.115626 0.080164 -0.222239
v -0.081413 0.080164 -0.235666
v -0.045582 0.080164 -0.243866
v -0.008944 0.080164 -0.246599
v 0.027693 0.080164 -0.243866
v 0.063613 0.080164 -0.235666
v 0.097826 0.080164 -0.222239
v 0.129615 0.080164 -0.203872
v 0.158351 0.080164 -0.180950
v 0.183405 0.080164 -0.154001
v 0.204058 0.080164 -0.123646
v 0.220043 0.080164 -0.090510
v 0.230819 0.080164 -0.055408
v 0.236387 0.080164 -0.019059
v 0.236296 0.080164 0.017722
v 0.235847 0.083245 -0.019011
v 0.235847 0.083245 0.017674
v 0.230370 0.083245 -0.055264
v 0.219593 0.083245 -0.090366
v 0.203699 0.083245 -0.123406
v 0.182956 0.083245 -0.153713
v 0.157992 0.083245 -0.180615
v 0.129346 0.083245 -0.203489
v 0.097557 0.083245 -0.221807
v 0.063433 0.083245 -0.235234
v 0.027693 0.083245 -0.243386
v -0.008944 0.083245 -0.246120
v -0.045493 0.083245 -0.243386
v -0.081233 0.083245 -0.235234
v -0.115446 0.083245 -0.221807
v -0.147145 0.083245 -0.203489
v -0.175881 0.083245 -0.180615
v -0.200844 0.083245 -0.153713
v -0.221499 0.083245 -0.123406
v -0.237393 0.083245 -0.090366
v -0.248258 0.083245 -0.055264
v -0.253646 0.083245 -0.019011
v -0.253646 0.083245 0.017674
v -0.248258 0.083245 0.053974
v -0.237393 0.083245 0.089029
v -0.221499 0.083245 0.122069
v -0.200844 0.083245 0.152375
v -0.175881 0.083245 0.179278
v -0.147145 0.083245 0.202152
v -0.115446 0.083245 0.220470
v -0.081233 0.083245 0.233897
v -0.045493 0.083245 0.242049
v -0.008944 0.083245 0.244783
v 0.027693 0.083245 0.242049
v 0.063433 0.083245 0.233897
v 0.097557 0.083245 0.220470
v 0.129346 0.083245 0.202152
v 0.157992 0.083245 0.179278
v 0.182956 0.083245 0.152375
v 0.203610 0.083245 0.122069
v 0.219593 0.083245 0.089029
v 0.219593 0.146492 0.089029
v 0.203610 0.146492 0.122069
v 0.182956 0.146492 0.152375
v 0.157992 0.146492 0.179278
v 0.129346 0.146492 0.202152
v 0.097557 0.146492 0.220470
v 0.063433 0.146492 0.233897
v 0.027693 0.146492 0.242049
v -0.008944 0.146492 0.244783
v -0.045493 0.146492 0.242049
v -0.081233 0.146492 0.233897
v -0.115446 0.146492 0.220470
v -0.147145 0.146492 0.202152
v -0.175881 0.146492 0.179278
v -0.200844 0.146492 0.152375
v -0.221499 0.146492 0.122069
v -0.237393 0.146492 0.089029
v -0.248258 0.146492 0.053974
v -0.253646 0.146492 0.017674
v -0.253646 0.146492 -0.019011
v -0.248258 0.146492 -0.055264
v -0.237393 0.146492 -0.090366
v -0.221499 0.146492 -0.123406
v -0.200844 0.146492 -0.153713
v -0.175881 0.146492 -0.180615
v -0.147145 0.146492 -0.203489
v -0.115446 0.146492 -0.221807
v -0.081233 0.146492 -0.235234
v -0.045493 0.146492 -0.243386
v -0.008944 0.146492 -0.246120
v 0.027693 0.146492 -0.243386
v 0.063433 0.146492 -0.235234
v 0.097557 0.146492 -0.221807
v 0.129346 0.146492 -0.203489
v 0.157992 0.146492 -0.180615
v 0.182956 0.146492 -0.153713
v 0.203699 0.146492 -0.123406
v 0.219593 0.146492 -0.090366
v 0.230370 0.146492 -0.055264
v 0.235847 0.146492 -0.019011
v 0.235847 0.146492 0.017674
v 0.234860 0.152599 -0.018963
v 0.234860 0.152599 0.017626
v 0.229472 0.152599 -0.055072
v 0.218696 0.152599 -0.089982
v 0.202802 0.152599 -0.122926
v 0.182238 0.152599 -0.153089
v 0.157363 0.152599 -0.179895
v 0.128807 0.152599 -0.202674
v 0.097198 0.152599 -0.220944
v 0.063164 0.152599 -0.234275
v 0.027514 0.152599 -0.242427
v -0.008944 0.152599 -0.245160
v -0.045313 0.152599 -0.242427
v -0.080963 0.152599 -0.234275
v -0.114996 0.152599 -0.220944
v -0.146606 0.152599 -0.202673
v -0.175252 0.152599 -0.179895
v -0.200036 0.152599 -0.153089
v -0.220691 0.152599 -0.122926
v -0.236495 0.152599 -0.089982
v -0.247270 0.152599 -0.055072
v -0.252749 0.152599 -0.018963
v -0.252749 0.152599 0.017626
v -0.247270 0.152599 0.053735
v -0.236495 0.152599 0.088645
v -0.220691 0.152599 0.121589
v -0.200036 0.152599 0.151752
v -0.175252 0.152599 0.178558
v -0.146606 0.152599 0.201336
v -0.114996 0.152599 0.219607
v -0.080963 0.152599 0.232986
v -0.045313 0.152599 0.241090
v -0.008944 0.152599 0.243824
v 0.027514 0.152599 0.241090
v 0.063164 0.152599 0.232938
v 0.097198 0.152599 0.219607
v 0.128807 0.152599 0.201336
v 0.157363 0.152599 0.178558
v 0.182238 0.152599 0.151752
v 0.202802 0.152599 0.121589
v 0.218696 0.152599 0.088645
v 0.216091 0.158058 0.087638
v 0.200376 0.158058 0.120151
v 0.180082 0.158058 0.150026
v 0.155477 0.158058 0.176496
v 0.127190 0.158058 0.199035
v 0.095941 0.158058 0.217065
v 0.062356 0.158058 0.230300
v 0.027065 0.158058 0.238309
v -0.008944 0.158058 0.240994
v -0.044954 0.158058 0.238309
v -0.080155 0.158058 0.230300
v -0.113740 0.158058 0.217065
v -0.145079 0.158058 0.199035
v -0.173276 0.158058 0.176496
v -0.197881 0.158058 0.150026
v -0.218265 0.158058 0.120151
v -0.233891 0.158058 0.087638
v -0.244577 0.158058 0.053111
v -0.249964 0.158058 0.017386
v -0.249964 0.158058 -0.018723
v -0.244577 0.158058 -0.054449
v -0.233891 0.158058 -0.088975
v -0.218265 0.158058 -0.121488
v -0.197881 0.158058 -0.151363
v -0.173276 0.158058 -0.177834
v -0.145079 0.158058 -0.200372
v -0.113740 0.158058 -0.218402
v -0.080155 0.158058 -0.231638
v -0.044954 0.158058 -0.239646
v -0.008944 0.158058 -0.242331
v 0.027065 0.158058 -0.239646
v 0.062356 0.158058 -0.231638
v 0.095941 0.158058 -0.218402
v 0.127190 0.158058 -0.200372
v 0.155477 0.158058 -0.177834
v 0.180082 0.158058 -0.151363
v 0.200376 0.158058 -0.121488
v 0.216091 0.158058 -0.088975
v 0.226688 0.158058 -0.054449
v 0.232075 0.158058 -0.018723
v 0.232075 0.158058 0.017386
v 0.227765 0.162437 -0.018388
v 0.227765 0.162437 0.017050
v 0.222467 0.162437 -0.053490
v 0.211961 0.162437 -0.087345
v 0.196605 0.162437 -0.119330
v 0.176580 0.162437 -0.148630
v 0.152514 0.162437 -0.174621
v 0.124766 0.162437 -0.196727
v 0.094055 0.162437 -0.214470
v 0.061009 0.162437 -0.227418
v 0.026437 0.162437 -0.235330
v -0.008944 0.162437 -0.237967
v 0.025629 0.165247 -0.229863
v 0.059392 0.165247 -0.222191
v 0.091630 0.165247 -0.209531
v 0.121623 0.165247 -0.192220
v 0.148742 0.165247 -0.170593
v 0.172360 0.165247 -0.145177
v 0.191845 0.165247 -0.116549
v 0.206843 0.165247 -0.085379
v 0.217079 0.165247 -0.052243
v 0.222198 0.165247 -0.018004
v 0.222198 0.165247 0.016667
v 0.216182 0.166168 -0.017524
v 0.216182 0.166168 0.016187
v 0.211153 0.166168 -0.050900
v 0.201184 0.166168 -0.083125
v 0.186548 0.166168 -0.113528
v 0.167510 0.166168 -0.141389
v 0.144612 0.166168 -0.166133
v 0.118211 0.166168 -0.187137
v 0.089026 0.166168 -0.204016
v 0.057596 0.166168 -0.216340
v 0.024730 0.166168 -0.223869
v -0.008944 0.165247 -0.232453
v -0.044326 0.162437 -0.235330
v -0.078898 0.162437 -0.227418
v -0.111854 0.162437 -0.214470
v -0.142565 0.162437 -0.196727
v -0.170313 0.162437 -0.174620
v -0.194469 0.162437 -0.148630
v -0.214404 0.162437 -0.119330
v -0.229850 0.162437 -0.087345
v -0.240266 0.162437 -0.053489
v -0.245565 0.162437 -0.018388
v -0.245565 0.162437 0.017050
v -0.240266 0.162437 0.052152
v -0.229850 0.162437 0.086055
v -0.214404 0.162437 0.117993
v -0.194469 0.162437 0.147293
v -0.170313 0.162437 0.173283
v -0.142565 0.162437 0.195390
v -0.111854 0.162437 0.213133
v -0.078898 0.162437 0.226081
v -0.044326 0.162437 0.233993
v -0.008944 0.162437 0.236630
v -0.190158 0.165247 -0.145177
v -0.185399 0.166168 -0.141389
v -0.117960 0.166168 -0.118227
v -0.099283 0.166168 -0.133141
v -0.078448 0.166168 -0.145129
v -0.078448 0.150545 -0.145129
v -0.056179 0.166168 -0.153904
v -0.056179 0.150545 -0.153904
v -0.032830 0.166168 -0.159227
v -0.032830 0.150545 -0.159227
v -0.008944 0.166168 -0.161002
v -0.008944 0.150545 -0.161002
v 0.014943 0.166168 -0.159227
v 0.014943 0.150545 -0.159227
v 0.038379 0.166168 -0.153904
v 0.038379 0.150545 -0.153904
v 0.060650 0.166168 -0.145129
v 0.060650 0.150545 -0.145129
v 0.081394 0.166168 -0.133141
v 0.081394 0.150545 -0.133141
v 0.100161 0.166168 -0.118227
v 0.100161 0.150545 -0.118227
v 0.116415 0.166168 -0.100628
v 0.116415 0.150545 -0.100628
v 0.129975 0.166168 -0.080823
v 0.129975 0.150545 -0.080823
v 0.140301 0.166168 -0.059244
v 0.140301 0.150545 -0.059244
v 0.147395 0.166168 -0.036370
v 0.147395 0.150545 -0.036370
v 0.150987 0.166168 -0.012633
v 0.150987 0.150545 -0.012633
v 0.150987 0.166168 0.011296
v 0.150987 0.150545 0.011296
v -0.008944 0.166168 -0.226363
v -0.042529 0.166168 -0.223869
v -0.043427 0.165247 -0.229863
v -0.077281 0.165247 -0.222191
v -0.109519 0.165247 -0.209531
v -0.139512 0.165247 -0.192219
v -0.166542 0.165247 -0.170592
v -0.162411 0.166168 -0.166133
v -0.136099 0.166168 -0.187137
v -0.106825 0.166168 -0.204016
v -0.075485 0.166168 -0.216340
v 0.061009 0.162437 0.226081
v 0.026437 0.162437 0.233993
v 0.094055 0.162437 0.213133
v 0.124766 0.162437 0.195390
v 0.152514 0.162437 0.173283
v 0.176580 0.162437 0.147293
v 0.196605 0.162437 0.117993
v 0.211961 0.162437 0.086055
v 0.206843 0.165247 0.084042
v 0.191845 0.165247 0.115212
v 0.172360 0.165247 0.143840
v 0.148742 0.165247 0.169255
v 0.121623 0.165247 0.190883
v 0.091630 0.165247 0.208194
v 0.059392 0.165247 0.220853
v 0.089026 0.166168 0.202679
v 0.118211 0.166168 0.185799
v 0.144612 0.166168 0.164796
v 0.167510 0.166168 0.140052
v 0.186548 0.166168 0.112190
v 0.201184 0.166168 0.081788
v 0.016755 2.899509 -0.000645
v 0.015675 2.898790 0.008610
v 0.014972 2.899509 0.008322
v 0.010431 2.898790 0.016475
v 0.019566 2.892325 0.025586
v 0.027621 2.892325 0.013550
v 0.017513 2.898790 -0.000645
v 0.030432 2.892325 -0.000645
v 0.028269 2.891606 0.013837
v 0.031187 2.891606 -0.000645
v 0.016485 2.900497 -0.000645
v 0.020054 2.891606 0.026113
v 0.007782 2.891606 0.034314
v 0.007890 2.890619 0.034601
v 0.020269 2.890619 0.026305
v 0.028594 2.890619 0.013933
v 0.031457 2.890619 -0.000645
v 0.028594 2.880472 0.013933
v 0.031457 2.880472 -0.000645
v 0.020269 2.880472 0.026305
v 0.007890 2.880472 0.034601
v -0.006704 2.880472 0.037478
v -0.006704 2.890619 0.037478
v -0.006704 2.891606 0.037191
v 0.007512 2.892325 0.033642
v 0.002593 2.898790 0.021701
v 0.009891 2.899509 0.015947
v 0.014702 2.900497 0.008179
v 0.016485 2.956082 -0.000645
v 0.014702 2.956082 0.008179
v 0.009673 2.900497 0.015707
v 0.009673 2.956082 0.015707
v 0.002161 2.900497 0.020742
v 0.002161 2.956082 0.020742
v -0.006704 2.900497 0.022517
v -0.006704 2.956082 0.022517
v -0.015570 2.900497 0.020742
v -0.015570 2.956082 0.020742
v -0.023084 2.900497 0.015707
v -0.023084 2.956082 0.015707
v -0.028111 2.900497 0.008179
v -0.028111 2.956082 0.008179
v -0.029894 2.900497 -0.000645
v -0.029894 2.956082 -0.000645
v -0.028111 2.900497 -0.009516
v -0.028111 2.956082 -0.009516
v -0.023084 2.900497 -0.017045
v -0.023084 2.956082 -0.017045
v -0.015570 2.900497 -0.022080
v -0.015570 2.956082 -0.022080
v -0.006704 2.900497 -0.023854
v -0.006704 2.956082 -0.023854
v 0.002161 2.900497 -0.022080
v 0.002161 2.956082 -0.022080
v 0.009673 2.900497 -0.017045
v 0.009673 2.956082 -0.017045
v 0.014702 2.900497 -0.009516
v 0.014702 2.956082 -0.009516
v 0.016485 2.900497 -0.000645
v 0.016485 2.956082 -0.000645
v 0.002268 2.899509 0.021030
v 0.016755 2.899509 -0.000645
v 0.014972 2.899509 -0.009660
v 0.009891 2.899509 -0.017285
v 0.002268 2.899509 -0.022368
v -0.006704 2.899509 -0.024142
v -0.015677 2.899509 -0.022368
v -0.023299 2.899509 -0.017285
v -0.028381 2.899509 -0.009660
v -0.030164 2.899509 -0.000645
v -0.028381 2.899509 0.008322
v -0.023299 2.899509 0.015947
v -0.015677 2.899509 0.021030
v -0.006704 2.899509 0.022805
v -0.006704 2.898790 0.023524
v -0.006704 2.892325 0.036472
v 0.017513 2.898790 -0.000645
v -0.015947 2.898790 0.021701
v -0.023840 2.898790 0.016475
v -0.020921 2.892325 0.033642
v -0.021191 2.891606 0.034314
v -0.021299 2.890619 0.034601
v -0.006704 2.890619 0.037478
v -0.021299 2.880472 0.034601
v -0.006704 2.880472 0.037478
v -0.021191 2.879483 0.034314
v -0.006704 2.879483 0.037191
v -0.020921 2.878765 0.033642
v -0.032975 2.878765 0.025586
v -0.033462 2.879483 0.026113
v -0.040975 2.878765 0.013550
v -0.041678 2.879483 0.013837
v -0.043841 2.878765 -0.000645
v -0.044543 2.879483 -0.000645
v -0.041950 2.880472 0.013933
v -0.044868 2.880472 -0.000645
v -0.033678 2.880472 0.026305
v -0.033678 2.890619 0.026305
v -0.041950 2.890619 0.013933
v -0.044868 2.890619 -0.000645
v -0.041678 2.891606 0.013837
v -0.044543 2.891606 -0.000645
v -0.033462 2.891606 0.026113
v -0.032975 2.892325 0.025586
v -0.040975 2.892325 0.013550
v -0.029084 2.898790 0.008610
v -0.030922 2.898790 -0.000693
v -0.029084 2.898790 -0.009948
v -0.023840 2.898790 -0.017812
v -0.015947 2.898790 -0.023039
v -0.006704 2.898790 -0.024861
v 0.002593 2.898790 -0.023039
v 0.010431 2.898790 -0.017812
v 0.015675 2.898790 -0.009948
v 0.030432 2.892325 -0.000645
v 0.027621 2.892325 -0.014887
v 0.031187 2.891606 -0.000645
v 0.028269 2.891606 -0.015175
v 0.031457 2.890619 -0.000645
v 0.019566 2.892325 -0.026923
v 0.020054 2.891606 -0.027451
v 0.028594 2.890619 -0.015271
v 0.031457 2.880472 -0.000645
v 0.028594 2.880472 -0.015271
v 0.031187 2.879483 -0.000645
v 0.007512 2.892325 -0.034980
v -0.006704 2.892325 -0.037809
v -0.020921 2.892325 -0.034980
v 0.007782 2.891606 -0.035651
v 0.020269 2.890619 -0.027643
v 0.007890 2.890619 -0.035939
v 0.020269 2.880472 -0.027643
v 0.028269 2.879483 -0.015175
v 0.030432 2.878765 -0.000645
v 0.027621 2.878765 -0.014887
v 0.017513 2.872299 -0.000645
v -0.006704 2.891606 -0.038528
v -0.006704 2.890619 -0.038816
v 0.007890 2.880472 -0.035939
v -0.006704 2.880472 -0.038816
v 0.007782 2.879483 -0.035651
v -0.006704 2.879483 -0.038528
v 0.020054 2.879483 -0.027451
v 0.019566 2.878765 -0.026923
v 0.007512 2.878765 -0.034980
v -0.006704 2.878765 -0.037809
v -0.021191 2.879483 -0.035651
v -0.020921 2.878765 -0.034980
v -0.015947 2.872299 -0.023039
v -0.006704 2.872299 -0.024861
v 0.002593 2.872299 -0.023039
v 0.010431 2.872299 -0.017812
v 0.015675 2.872299 -0.009948
v 0.014972 2.871581 -0.009660
v 0.016755 2.871581 -0.000645
v 0.016485 2.870594 -0.000645
v 0.009891 2.871581 -0.017285
v 0.002268 2.871581 -0.022368
v -0.006704 2.871581 -0.024142
v -0.015677 2.871581 -0.022368
v -0.023840 2.872299 -0.017812
v -0.032975 2.878765 -0.026923
v -0.040975 2.878765 -0.014887
v -0.029084 2.872299 -0.009948
v -0.043841 2.878765 -0.000645
v -0.030922 2.872299 -0.000693
v -0.040975 2.878765 0.013550
v -0.029084 2.872299 0.008610
v -0.032975 2.878765 0.025586
v -0.023840 2.872299 0.016475
v -0.015947 2.872299 0.021701
v -0.023299 2.871581 0.015947
v -0.028381 2.871581 0.008322
v -0.030164 2.871581 -0.000645
v -0.028381 2.871581 -0.009660
v -0.023299 2.871581 -0.017285
v -0.015570 2.870594 -0.022080
v -0.006704 2.870594 -0.023854
v 0.002161 2.870594 -0.022080
v 0.009673 2.870594 -0.017045
v 0.014702 2.870594 -0.009516
v 0.016485 2.801269 -0.000645
v 0.014702 2.801269 -0.009516
v 0.016593 2.800730 -0.000645
v -0.020921 2.878765 0.033642
v 0.009673 2.801269 -0.017045
v 0.002161 2.801269 -0.022080
v -0.006704 2.801269 -0.023854
v -0.015570 2.801269 -0.022080
v -0.023084 2.870594 -0.017045
v -0.028111 2.870594 -0.009516
v -0.029894 2.870594 -0.000645
v -0.028111 2.870594 0.008179
v -0.023084 2.870594 0.015707
v -0.015677 2.871581 0.021030
v -0.006704 2.872299 0.023524
v -0.006704 2.878765 0.036472
v -0.006704 2.879483 0.037191
v -0.021191 2.879483 0.034314
v -0.006704 2.871581 0.022805
v -0.015570 2.870594 0.020742
v -0.006704 2.870594 0.022517
v 0.002268 2.871581 0.021030
v 0.002161 2.870594 0.020742
v 0.009891 2.871581 0.015947
v 0.009673 2.870594 0.015707
v 0.014972 2.871581 0.008322
v 0.014702 2.870594 0.008179
v 0.016755 2.871581 -0.000645
v 0.016485 2.870594 -0.000645
v 0.014702 2.801269 0.008179
v 0.016485 2.801269 -0.000645
v 0.009673 2.801269 0.015708
v 0.002161 2.801269 0.020742
v -0.006704 2.801269 0.022517
v -0.015570 2.801269 0.020742
v -0.023084 2.801269 0.015708
v -0.028111 2.801269 0.008179
v -0.029894 2.801269 -0.000645
v -0.028111 2.801269 -0.009516
v -0.023084 2.801269 -0.017045
v -0.015624 2.800730 -0.022176
v -0.006704 2.800730 -0.023950
v 0.002213 2.800730 -0.022176
v 0.009783 2.800730 -0.017141
v 0.014810 2.800730 -0.009564
v 0.016810 2.800191 -0.000645
v 0.015025 2.800191 -0.009660
v 0.019999 2.795612 -0.000645
v 0.009943 2.800191 -0.017285
v 0.002323 2.800191 -0.022416
v -0.006704 2.800191 -0.024190
v -0.015677 2.800191 -0.022416
v -0.023137 2.800730 -0.017141
v -0.028218 2.800730 -0.009564
v -0.029949 2.800730 -0.000645
v -0.028218 2.800730 0.008227
v -0.023137 2.800730 0.015803
v -0.015624 2.800730 0.020839
v -0.006704 2.800730 0.022612
v 0.002213 2.800730 0.020839
v 0.009783 2.800730 0.015803
v 0.014810 2.800730 0.008227
v 0.016593 2.800730 -0.000645
v 0.015025 2.800191 0.008322
v 0.016810 2.800191 -0.000645
v 0.009943 2.800191 0.015947
v 0.002323 2.800191 0.021078
v -0.006704 2.800191 0.022852
v -0.015677 2.800191 0.021078
v -0.023354 2.800191 0.015947
v -0.028436 2.800191 0.008322
v -0.030219 2.800191 -0.000645
v -0.028436 2.800191 -0.009660
v -0.023354 2.800191 -0.017285
v -0.016922 2.795612 -0.025293
v -0.025570 2.795612 -0.019539
v -0.031354 2.795612 -0.010859
v -0.033355 2.795612 -0.000645
v -0.031354 2.795612 0.009521
v -0.025570 2.795612 0.018201
v -0.016922 2.795612 0.023956
v -0.006704 2.795612 0.026017
v 0.003511 2.795612 0.023956
v 0.012161 2.795612 0.018201
v 0.017946 2.795612 0.009521
v 0.019999 2.795612 -0.000645
v 0.018161 2.795073 0.009617
v 0.020214 2.795073 -0.000645
v 0.012324 2.795073 0.018393
v 0.003619 2.795073 0.024195
v -0.006704 2.795073 0.026257
v -0.016975 2.795073 0.024195
v -0.025733 2.795073 0.018393
v -0.031569 2.795073 0.009617
v -0.033625 2.795073 -0.000645
v -0.031569 2.795073 -0.010955
v -0.025733 2.795073 -0.019730
v -0.016975 2.795073 -0.025533
v -0.006704 2.795073 -0.027595
v -0.006704 2.795612 -0.027355
v 0.003511 2.795612 -0.025293
v 0.012161 2.795612 -0.019539
v 0.017946 2.795612 -0.010859
v 0.020214 2.795073 -0.000645
v 0.018161 2.795073 -0.010955
v 0.020324 2.794534 -0.000645
v 0.012324 2.795073 -0.019730
v 0.003619 2.795073 -0.025533
v 0.003619 2.794534 -0.025629
v 0.012431 2.794534 -0.019778
v 0.018268 2.794534 -0.011003
v 0.020324 2.785913 -0.000645
v 0.018268 2.785913 -0.011003
v 0.012431 2.785913 -0.019778
v 0.003619 2.785913 -0.025629
v -0.006704 2.794534 -0.027691
v -0.006704 2.785913 -0.027691
v -0.017030 2.794534 -0.025629
v -0.017030 2.785913 -0.025629
v -0.025785 2.794534 -0.019778
v -0.031679 2.794534 -0.011003
v -0.033733 2.794534 -0.000645
v -0.031679 2.794534 0.009665
v -0.025785 2.794534 0.018441
v -0.017030 2.794534 0.024291
v -0.006704 2.794534 0.026353
v 0.003674 2.794534 0.024291
v 0.012431 2.794534 0.018441
v 0.018268 2.794534 0.009665
v 0.020324 2.794534 -0.000645
v 0.018268 2.785913 0.009665
v 0.020324 2.785913 -0.000645
v -0.017030 2.785913 -0.025629
v -0.025785 2.785913 -0.019778
v 0.012431 2.785913 0.018441
v 0.003674 2.785913 0.024291
v -0.006704 2.785913 0.026353
v -0.017030 2.785913 0.024291
v -0.017030 2.785913 0.024291
v -0.025785 2.785913 0.018441
v -0.031679 2.785913 0.009665
v -0.033733 2.785913 -0.000645
v -0.031679 2.785913 -0.011003
v -0.043841 2.892325 -0.000645
v -0.040975 2.892325 -0.014887
v -0.041678 2.891606 -0.015175
v -0.041950 2.890619 -0.015271
v -0.044868 2.890619 -0.000645
v -0.041950 2.880472 -0.015271
v -0.044868 2.880472 -0.000645
v -0.041678 2.879483 -0.015175
v -0.044543 2.879483 -0.000645
v -0.040975 2.878765 -0.014887
v -0.043841 2.878765 -0.000645
v -0.032975 2.878765 -0.026923
v -0.033462 2.879483 -0.027451
v -0.033678 2.880472 -0.027643
v -0.033678 2.890619 -0.027643
v -0.020921 2.878765 -0.034980
v -0.021191 2.879483 -0.035651
v -0.021299 2.880472 -0.035939
v -0.021299 2.890619 -0.035939
v -0.033462 2.891606 -0.027451
v -0.032975 2.892325 -0.026923
v -0.021191 2.891606 -0.035651
v -0.006704 2.890619 -0.038816
v -0.006704 2.880472 -0.038816
v -0.006704 2.879483 -0.038528
v 0.016755 2.871581 -0.000645
v 0.017513 2.872299 -0.000645
v 0.014972 2.871581 0.008322
v 0.015675 2.872299 0.008610
v 0.009891 2.871581 0.015947
v 0.010431 2.872299 0.016475
v 0.002268 2.871581 0.021030
v 0.002593 2.872299 0.021701
v -0.006704 2.871581 0.022805
v -0.006704 2.872299 0.023524
v -0.006704 2.878765 0.036472
v 0.007512 2.878765 0.033642
v 0.019566 2.878765 0.025586
v 0.027621 2.878765 0.013550
v 0.028269 2.879483 0.013837
v 0.031187 2.879483 -0.000645
v 0.020054 2.879483 0.026113
v 0.007782 2.879483 0.034314
v -0.006704 2.879483 0.037191
v 0.030432 2.878765 -0.000645
v -0.014652 1.577400 0.764888
v -0.014652 1.572911 0.764888
v -0.014652 1.562583 0.668645
v -0.013569 1.559890 0.668645
v -0.013569 1.570216 0.764888
v -0.010921 1.558722 0.668645
v -0.010921 1.569049 0.764888
v -0.002435 1.558722 0.668645
v -0.002435 1.569049 0.764888
v 0.000160 1.559890 0.668645
v 0.000160 1.570216 0.764888
v 0.001296 1.562583 0.668645
v 0.001296 1.572911 0.764888
v 0.001296 1.567163 0.668645
v 0.001296 1.577400 0.764888
v 0.000160 1.569857 0.668645
v 0.000160 1.580184 0.764888
v -0.002435 1.571024 0.668645
v -0.002435 1.581262 0.764888
v -0.010921 1.571024 0.668645
v -0.010921 1.581262 0.764888
v -0.013569 1.569857 0.668645
v -0.013569 1.574975 0.572402
v -0.010921 1.576143 0.572402
v -0.002435 1.576143 0.572402
v 0.000160 1.574975 0.572402
v -0.013569 1.587278 0.476159
v -0.010921 1.588355 0.476159
v -0.002435 1.588355 0.476159
v 0.000160 1.587278 0.476159
v 0.001296 1.572281 0.572402
v 0.001296 1.584494 0.476159
v 0.001296 1.567791 0.572402
v 0.001296 1.580004 0.476159
v 0.000160 1.565008 0.572402
v -0.002435 1.563930 0.572402
v 0.000160 1.577310 0.476159
v -0.002435 1.576143 0.476159
v -0.010921 1.563930 0.572402
v -0.010921 1.576143 0.476159
v -0.013569 1.565008 0.572402
v -0.013569 1.577310 0.476159
v -0.014652 1.567791 0.572402
v -0.014652 1.580004 0.476159
v -0.014652 1.572281 0.572402
v -0.014652 1.584494 0.476159
v -0.013569 1.574975 0.572402
v -0.013569 1.587278 0.476159
v -0.014652 1.567163 0.668645
v -0.013569 1.569857 0.668645
v -0.013569 1.580184 0.764888
v -0.010921 1.581262 0.764888
v -0.010921 1.571024 0.668645
v -0.013569 1.577310 0.476159
v -0.010921 1.611614 0.387924
v -0.002435 1.611614 0.387924
v 0.000160 1.612691 0.387924
v 0.001296 1.615475 0.387924
v 0.001296 1.580004 0.476159
v 0.001296 1.619965 0.387924
v 0.001296 1.584494 0.476159
v 0.000160 1.622659 0.387924
v 0.000160 1.587278 0.476159
v -0.002435 1.623826 0.387924
v -0.002435 1.588355 0.476159
v -0.010921 1.623826 0.387924
v -0.010921 1.588355 0.476159
v -0.013569 1.622659 0.387924
v -0.013569 1.587278 0.476159
v -0.013569 1.626521 0.371908
v -0.010921 1.627597 0.371908
v -0.002435 1.627597 0.371908
v 0.000160 1.626521 0.371908
v -0.013569 1.644839 0.126193
v -0.010921 1.645917 0.126193
v -0.002435 1.645917 0.126193
v 0.000160 1.644839 0.126193
v 0.001296 1.623736 0.371908
v 0.001296 1.619246 0.371908
v -0.010921 1.645917 -0.127530
v -0.002435 1.645917 -0.127530
v 0.000160 1.644839 -0.127530
v 0.001296 1.642056 0.126193
v -0.013569 1.644839 -0.127530
v -0.013569 1.626521 -0.373245
v -0.010921 1.627597 -0.373245
v -0.002435 1.627597 -0.373245
v -0.013569 1.622839 -0.388782
v -0.010921 1.624006 -0.388782
v -0.013569 1.587278 -0.477496
v -0.010921 1.588355 -0.477496
v -0.002435 1.624006 -0.388782
v -0.002435 1.588355 -0.477496
v 0.000160 1.626521 -0.373245
v 0.001296 1.642056 -0.127530
v 0.001296 1.637566 0.126193
v 0.000160 1.616552 0.371908
v -0.002435 1.615385 0.371908
v 0.000160 1.634872 0.126193
v 0.001296 1.637566 -0.127530
v 0.001296 1.623736 -0.373245
v 0.000160 1.622839 -0.388782
v 0.000160 1.587278 -0.477496
v 0.001296 1.620144 -0.388782
v 0.001296 1.584494 -0.477496
v 0.001296 1.619246 -0.373245
v 0.000160 1.634872 -0.127530
v -0.002435 1.633704 0.126193
v -0.010921 1.615385 0.371908
v -0.013569 1.612691 0.387924
v -0.014652 1.580004 0.476159
v -0.014652 1.615475 0.387924
v -0.014652 1.584494 0.476159
v -0.013569 1.616552 0.371908
v -0.010921 1.633704 0.126193
v -0.002435 1.633704 -0.127530
v 0.000160 1.616552 -0.373245
v 0.001296 1.615655 -0.388782
v 0.001296 1.580004 -0.477496
v 0.000160 1.612870 -0.388782
v 0.000160 1.577310 -0.477496
v -0.002435 1.615385 -0.373245
v -0.010921 1.633704 -0.127530
v -0.013569 1.634872 0.126193
v -0.014652 1.619246 0.371908
v -0.014652 1.619965 0.387924
v -0.013569 1.587278 0.476159
v -0.013569 1.622659 0.387924
v -0.014652 1.623736 0.371908
v -0.013569 1.626521 0.371908
v -0.014652 1.642056 0.126193
v -0.013569 1.644839 0.126193
v -0.014652 1.642056 -0.127530
v -0.013569 1.644839 -0.127530
v -0.014652 1.623736 -0.373245
v -0.013569 1.626521 -0.373245
v -0.014652 1.620144 -0.388782
v -0.013569 1.622839 -0.388782
v -0.014652 1.584494 -0.477496
v -0.013569 1.587278 -0.477496
v -0.014652 1.637566 0.126193
v -0.010921 1.645917 0.126193
v -0.010921 1.645917 -0.127530
v -0.014652 1.580004 -0.477496
v -0.014652 1.615655 -0.388782
v -0.014652 1.619246 -0.373245
v -0.014652 1.637566 -0.127530
v -0.013569 1.634872 -0.127530
v -0.010921 1.615385 -0.373245
v -0.013569 1.577310 -0.477496
v -0.013569 1.612870 -0.388782
v -0.010921 1.576143 -0.477496
v -0.010921 1.611793 -0.388782
v -0.013569 1.616552 -0.373245
v -0.002435 1.611793 -0.388782
v -0.002435 1.576143 -0.477496
v 0.000160 1.565008 -0.573739
v -0.002435 1.563930 -0.573739
v 0.001296 1.567791 -0.573739
v 0.001296 1.580004 -0.477496
v 0.001296 1.572281 -0.573739
v 0.001296 1.584494 -0.477496
v 0.000160 1.574975 -0.573739
v 0.000160 1.587278 -0.477496
v -0.002435 1.576143 -0.573739
v -0.002435 1.588355 -0.477496
v -0.010921 1.576143 -0.573739
v -0.010921 1.588355 -0.477496
v -0.013569 1.574975 -0.573739
v -0.013569 1.587278 -0.477496
v -0.013569 1.569857 -0.669982
v -0.010921 1.571024 -0.669982
v -0.002435 1.571024 -0.669982
v 0.000160 1.569857 -0.669982
v 0.001296 1.567163 -0.669982
v 0.001296 1.562583 -0.669982
v -0.002435 1.581262 -0.766225
v 0.000160 1.580184 -0.766225
v 0.001296 1.577400 -0.766225
v 0.001296 1.572911 -0.766225
v 0.000160 1.559890 -0.669982
v 0.000160 1.570216 -0.766225
v -0.002435 1.558722 -0.669982
v -0.002435 1.569049 -0.766225
v -0.010921 1.558722 -0.669982
v -0.010921 1.569049 -0.766225
v -0.010921 1.563930 -0.573739
v -0.013569 1.565008 -0.573739
v -0.013569 1.559890 -0.669982
v -0.013569 1.570216 -0.766225
v -0.014652 1.562583 -0.669982
v -0.014652 1.572911 -0.766225
v -0.013569 1.577310 -0.477496
v -0.014652 1.580004 -0.477496
v -0.014652 1.567791 -0.573739
v -0.014652 1.584494 -0.477496
v -0.014652 1.572281 -0.573739
v -0.013569 1.587278 -0.477496
v -0.013569 1.574975 -0.573739
v -0.014652 1.567163 -0.669982
v -0.014652 1.577400 -0.766225
v -0.013569 1.569857 -0.669982
v -0.013569 1.580184 -0.766225
v -0.010921 1.571024 -0.669982
v -0.010921 1.581262 -0.766225
v -0.002435 1.571024 -0.669982
v -0.002435 1.581262 -0.766225
v -0.063031 1.682106 -0.111130
v 0.049675 1.682106 -0.111130
v 0.027891 1.682106 -0.131846
v 0.030755 1.683273 -0.131846
v 0.052486 1.683273 -0.111130
v 0.031890 1.685967 -0.131846
v 0.022864 1.685967 -0.152562
v 0.021729 1.683273 -0.152562
v 0.018863 1.682106 -0.152562
v -0.041300 1.682106 -0.131846
v -0.065895 1.683273 -0.111130
v -0.090815 1.683273 -0.075788
v -0.087949 1.682106 -0.075788
v -0.090815 1.683273 0.074451
v -0.087949 1.682106 0.074451
v 0.074595 1.682106 -0.075788
v 0.074595 1.682106 0.074451
v 0.077406 1.683273 -0.075788
v 0.077406 1.683273 0.074451
v 0.078594 1.685967 -0.075788
v 0.078594 1.685967 0.074451
v 0.078594 1.707519 -0.075788
v 0.078594 1.707519 0.074451
v 0.077406 1.710213 -0.075788
v 0.053674 1.685967 0.109792
v 0.052486 1.683273 0.109792
v 0.049675 1.682106 0.109792
v -0.063031 1.682106 0.109792
v -0.065895 1.683273 0.109792
v -0.044111 1.683273 0.130509
v -0.041300 1.682106 0.130509
v 0.027891 1.682106 0.130509
v 0.030755 1.683273 0.130509
v 0.031945 1.685967 0.130509
v 0.053674 1.707519 0.109792
v 0.077406 1.710213 0.074451
v 0.074595 1.711380 -0.075788
v 0.049675 1.711380 -0.111130
v -0.063031 1.711380 -0.111130
v -0.041300 1.711380 -0.131846
v -0.044166 1.710213 -0.131846
v -0.065895 1.710213 -0.111130
v -0.087949 1.711380 -0.075788
v -0.090815 1.710213 -0.075788
v -0.087949 1.711380 0.074451
v -0.090815 1.710213 0.074451
v -0.063031 1.711380 0.109792
v -0.065895 1.710213 0.109792
v -0.041300 1.711380 0.130509
v -0.044111 1.710213 0.130509
v -0.032272 1.711380 0.151224
v -0.035083 1.710213 0.151224
v -0.025462 1.719282 0.194191
v -0.028326 1.718205 0.194191
v -0.025515 1.725389 0.212702
v -0.028326 1.724581 0.213516
v -0.025462 1.758524 0.226512
v -0.028326 1.758524 0.227663
v 0.052486 1.710213 -0.111130
v 0.027891 1.711380 -0.131846
v 0.030755 1.710213 -0.131846
v 0.012106 1.758524 0.226512
v 0.012106 1.725389 0.212702
v 0.014917 1.758524 0.227663
v 0.012106 1.719282 0.194191
v 0.018863 1.711380 0.151224
v 0.027891 1.711380 0.130509
v 0.049675 1.711380 0.109792
v 0.074595 1.711380 0.074451
v 0.052486 1.710213 0.109792
v 0.030755 1.710213 0.130509
v 0.021729 1.710213 0.151224
v 0.014917 1.718205 0.194191
v 0.014917 1.724581 0.213516
v 0.016107 1.758524 0.230492
v 0.016107 1.722515 0.215483
v 0.016107 1.758524 0.251016
v 0.016107 1.715511 0.194191
v 0.022864 1.707519 0.151224
v 0.031945 1.707519 0.130509
v 0.022864 1.685967 0.151224
v 0.016107 1.693869 0.194191
v 0.016107 1.707519 0.230060
v 0.014917 1.758524 0.253702
v 0.014917 1.705544 0.231979
v 0.012106 1.758524 0.254852
v 0.012106 1.704734 0.232746
v -0.025515 1.758524 0.254852
v -0.025462 1.704734 0.232746
v -0.028326 1.758524 0.253702
v -0.028326 1.705544 0.231979
v -0.029516 1.758524 0.251016
v -0.029516 1.707519 0.230060
v -0.029516 1.758524 0.230492
v -0.029516 1.722515 0.215483
v -0.028326 1.758524 0.227663
v -0.028326 1.724581 0.213516
v 0.014917 1.691176 0.194191
v 0.012106 1.704734 0.232746
v 0.012106 1.690098 0.194191
v -0.025462 1.704734 0.232746
v 0.021729 1.683273 0.151224
v 0.018863 1.682106 0.151224
v -0.025462 1.690098 0.194191
v -0.032272 1.682106 0.151224
v -0.028326 1.691176 0.194191
v -0.028326 1.705544 0.231979
v -0.029516 1.707519 0.230060
v -0.035083 1.683273 0.151224
v -0.029516 1.693869 0.194191
v -0.029516 1.722515 0.215483
v -0.029516 1.715511 0.194191
v -0.028326 1.724581 0.213516
v -0.028326 1.718205 0.194191
v -0.036273 1.707519 0.151224
v -0.035083 1.710213 0.151224
v -0.045301 1.707519 0.130509
v -0.044111 1.710213 0.130509
v -0.067085 1.707519 0.109792
v -0.065895 1.710213 0.109792
v -0.091950 1.707519 0.074451
v -0.090815 1.710213 0.074451
v -0.091950 1.707519 -0.075788
v -0.090815 1.710213 -0.075788
v -0.067085 1.707519 -0.111130
v -0.065895 1.710213 -0.111130
v -0.045301 1.707519 -0.131846
v -0.044166 1.710213 -0.131846
v -0.036273 1.707519 -0.152562
v -0.035083 1.710213 -0.152562
v -0.029516 1.715511 -0.195529
v -0.028326 1.718205 -0.195529
v -0.029516 1.722515 -0.216820
v -0.028326 1.724581 -0.214854
v -0.029516 1.758524 -0.231829
v -0.028326 1.758524 -0.229000
v -0.029516 1.758524 -0.252354
v -0.029516 1.707519 -0.231398
v -0.029516 1.693869 -0.195529
v -0.036273 1.685967 -0.152562
v -0.045301 1.685967 -0.131846
v -0.067085 1.685967 -0.111130
v -0.091950 1.685967 -0.075788
v -0.091950 1.685967 0.074451
v -0.067085 1.685967 0.109792
v -0.045301 1.685967 0.130509
v -0.036273 1.685967 0.151224
v -0.044166 1.683273 -0.131846
v -0.035083 1.683273 -0.152562
v -0.028326 1.691176 -0.195529
v -0.028326 1.705544 -0.233316
v -0.028326 1.758524 -0.255039
v -0.025462 1.758524 -0.256190
v -0.025515 1.704734 -0.234083
v 0.012106 1.758524 -0.256190
v -0.025515 1.690098 -0.195529
v -0.032272 1.682106 -0.152562
v 0.012106 1.690098 -0.195529
v 0.012106 1.704734 -0.234083
v 0.014917 1.758524 -0.255039
v 0.014917 1.705544 -0.233316
v 0.014917 1.691176 -0.195529
v 0.016107 1.693869 -0.195529
v 0.014917 1.758524 -0.255039
v 0.016107 1.758524 -0.252354
v 0.016107 1.707519 -0.231398
v 0.016107 1.758524 -0.231829
v 0.016107 1.722515 -0.216820
v 0.014917 1.758524 -0.229000
v 0.016107 1.715511 -0.195529
v 0.022864 1.707519 -0.152562
v 0.031890 1.707519 -0.131846
v 0.053674 1.685967 -0.111130
v 0.053674 1.707519 -0.111130
v 0.078594 1.685967 -0.075788
v 0.078594 1.707519 -0.075788
v 0.052486 1.710213 -0.111130
v 0.077406 1.710213 -0.075788
v 0.077406 1.683273 -0.075788
v 0.030755 1.710213 -0.131846
v 0.021729 1.710213 -0.152562
v 0.014917 1.718205 -0.195529
v 0.014917 1.724581 -0.214854
v 0.012106 1.758524 -0.227849
v 0.012106 1.725389 -0.214039
v -0.025515 1.758524 -0.227849
v 0.012106 1.719282 -0.195529
v 0.018863 1.711380 -0.152562
v 0.027891 1.711380 -0.131846
v -0.032272 1.711380 -0.152562
v -0.041300 1.711380 -0.131846
v -0.035083 1.710213 -0.152562
v -0.044166 1.710213 -0.131846
v -0.028326 1.718205 -0.195529
v -0.025515 1.719282 -0.195529
v -0.025515 1.725389 -0.214039
v -0.028326 1.758524 -0.229000
v -0.028326 1.724581 -0.214854
v 0.003944 1.778908 0.231595
v -0.017353 1.778908 0.231595
v 0.003944 1.812134 0.231595
v -0.017353 1.812134 0.231595
v -0.021191 1.812134 0.233274
v -0.021191 1.778908 0.233274
v -0.022814 1.812134 0.237350
v -0.022814 1.778908 0.237350
v -0.022814 1.812134 0.244015
v -0.022814 1.778908 0.244015
v 0.007782 1.778908 0.233274
v 0.007782 1.812134 0.233274
v 0.009403 1.778908 0.237350
v 0.009403 1.812134 0.237350
v 0.009403 1.778908 0.244015
v 0.009403 1.812134 0.244015
v 0.007782 1.778908 0.248043
v 0.007782 1.812134 0.248043
v 0.007782 1.861793 0.223826
v 0.009403 1.861793 0.219750
v 0.007782 1.908668 0.212557
v 0.009403 1.908668 0.208529
v 0.007782 1.971437 0.227327
v 0.009403 1.971437 0.223299
v 0.007782 2.045431 0.256099
v 0.009403 2.045431 0.252023
v 0.009403 1.971437 0.216633
v 0.009403 2.045431 0.245358
v 0.009403 1.861793 0.213085
v 0.007782 1.861793 0.209057
v 0.003944 1.861793 0.207379
v 0.009403 1.908668 0.201864
v 0.007782 1.908668 0.197788
v 0.007782 1.971437 0.212557
v 0.007782 2.045431 0.241330
v 0.003944 1.971437 0.210879
v 0.003944 1.908668 0.196109
v -0.017353 1.861793 0.207379
v -0.021191 1.861793 0.209057
v -0.017353 1.908668 0.196109
v -0.017353 1.971437 0.210879
v -0.021191 1.908668 0.197788
v -0.022814 1.861793 0.213085
v -0.022814 1.861793 0.219750
v -0.021191 1.812134 0.248043
v -0.021191 1.778908 0.248043
v -0.017353 1.812134 0.249722
v -0.017353 1.778908 0.249722
v 0.003944 1.778908 0.249722
v 0.003944 1.812134 0.249722
v 0.007782 1.812134 0.248043
v 0.003944 1.861793 0.225505
v 0.007782 1.861793 0.223826
v 0.003944 1.908668 0.214236
v 0.007782 1.908668 0.212557
v 0.003944 1.971437 0.229005
v 0.007782 1.971437 0.227327
v 0.003944 2.045431 0.257778
v 0.007782 2.045431 0.256099
v 0.003944 2.704196 0.263676
v 0.007782 2.704196 0.261998
v 0.009403 2.045431 0.252023
v 0.009403 2.704196 0.257922
v 0.009403 2.704196 0.251304
v 0.009403 2.742002 0.245645
v 0.009403 2.737781 0.241569
v 0.007782 2.704196 0.247228
v 0.007782 2.045431 0.241330
v 0.009403 2.045431 0.245358
v 0.007782 1.778908 0.248043
v 0.007782 2.745145 0.248714
v 0.003944 2.746492 0.249961
v 0.003944 2.777203 0.214427
v 0.007782 2.775316 0.213804
v 0.009403 2.742002 0.245645
v 0.009403 2.770916 0.212269
v 0.009403 2.737781 0.241569
v 0.009403 2.766157 0.210639
v 0.007782 2.734548 0.238404
v 0.007782 2.761488 0.209057
v 0.003944 2.733201 0.237110
v 0.003944 2.759512 0.208433
v 0.007782 2.779806 0.131468
v 0.003944 2.777651 0.131468
v 0.009403 2.784746 0.131468
v 0.032973 2.770558 0.024243
v 0.037296 2.775587 0.024243
v 0.025675 2.770558 0.035992
v 0.029242 2.775587 0.035992
v 0.011511 2.770558 0.047741
v 0.013512 2.775587 0.047741
v 0.007782 2.770558 0.058626
v 0.009403 2.775587 0.058626
v 0.009403 2.780345 0.058626
v 0.009403 2.789595 0.131468
v 0.007782 2.794354 0.131468
v 0.037296 2.780345 0.024243
v 0.029242 2.780345 0.035992
v 0.013512 2.780345 0.047741
v 0.011511 2.785195 0.047741
v 0.007782 2.785195 0.058626
v 0.025675 2.785195 0.035992
v 0.032973 2.785195 0.024243
v 0.036324 2.785195 0.007316
v 0.041080 2.780345 0.007316
v 0.037296 2.775587 0.024243
v 0.041080 2.775587 0.007316
v 0.032973 2.770558 0.024243
v 0.036324 2.770558 0.007316
v 0.041080 2.775587 -0.008653
v 0.036324 2.770558 -0.008653
v 0.037296 2.775587 -0.025581
v 0.032973 2.770558 -0.025581
v 0.037296 2.780345 -0.025581
v 0.041080 2.780345 -0.008653
v 0.036324 2.785195 -0.008653
v 0.032973 2.785195 -0.025581
v 0.025675 2.785195 -0.037329
v 0.029242 2.780345 -0.037329
v 0.037296 2.775587 -0.025581
v 0.029242 2.775587 -0.037329
v 0.032973 2.770558 -0.025581
v 0.025675 2.770558 -0.037329
v 0.013512 2.775587 -0.049078
v 0.011511 2.770558 -0.049078
v 0.009403 2.775587 -0.059963
v 0.007782 2.770558 -0.059963
v 0.009403 2.784746 -0.132805
v 0.007782 2.779806 -0.132805
v 0.009403 2.766157 -0.211977
v 0.007782 2.761488 -0.210394
v 0.009403 2.737781 -0.242907
v 0.007782 2.734548 -0.239742
v 0.003944 2.759512 -0.209771
v 0.003944 2.733201 -0.238447
v 0.003944 2.777651 -0.132805
v 0.009403 2.742002 -0.246983
v 0.009403 2.770916 -0.213607
v 0.007782 2.745145 -0.250052
v 0.009403 2.789595 -0.132805
v 0.009403 2.780345 -0.059963
v 0.013512 2.780345 -0.049078
v 0.011511 2.785195 -0.049078
v 0.007782 2.785195 -0.059963
v 0.007782 2.794354 -0.132805
v 0.007782 2.775316 -0.215142
v 0.003944 2.746492 -0.251299
v 0.003944 2.777203 -0.215765
v 0.003944 2.796420 -0.132805
v 0.003944 2.787170 -0.059963
v 0.006647 2.787170 -0.049078
v 0.017080 2.787170 -0.037329
v 0.022432 2.787170 -0.025581
v 0.024918 2.787170 -0.008653
v 0.024918 2.787170 0.007316
v 0.022432 2.787170 0.024243
v 0.017080 2.787170 0.035992
v 0.006647 2.787170 0.047741
v 0.003944 2.787170 0.058626
v 0.003944 2.796420 0.131468
v -0.017353 2.796420 0.131468
v -0.017353 2.787170 0.058626
v -0.020056 2.787170 0.047741
v -0.030489 2.787170 0.035992
v -0.035786 2.787170 0.024243
v -0.038326 2.787170 0.007316
v -0.038326 2.787170 -0.008653
v -0.035786 2.787170 -0.025581
v -0.030489 2.787170 -0.037329
v -0.020056 2.787170 -0.049078
v -0.017353 2.787170 -0.059963
v -0.017353 2.796420 -0.132805
v -0.017353 2.777203 -0.215765
v -0.017353 2.746492 -0.251299
v -0.017353 2.704196 -0.265013
v 0.003944 2.704196 -0.265013
v 0.007782 2.704196 -0.263335
v 0.009403 2.742002 -0.246983
v 0.009403 2.704196 -0.259259
v 0.009403 2.737781 -0.242907
v 0.009403 2.704196 -0.252642
v 0.007782 2.734548 -0.239742
v 0.007782 2.704196 -0.248565
v 0.003944 2.733201 -0.238447
v 0.003944 2.704196 -0.246887
v 0.009403 2.661541 -0.246695
v 0.007782 2.661541 -0.242667
v 0.009403 1.971437 -0.217971
v 0.007782 1.971437 -0.213895
v 0.009403 1.908668 -0.203201
v 0.007782 1.908668 -0.199125
v 0.009403 1.861793 -0.214422
v 0.007782 1.861793 -0.210394
v 0.009403 1.812134 -0.238687
v 0.007782 1.812134 -0.234611
v 0.007782 1.778908 -0.234611
v 0.009403 1.778908 -0.238687
v 0.009403 1.812134 -0.245353
v 0.009403 1.778908 -0.245353
v 0.009403 1.861793 -0.221088
v 0.009403 1.908668 -0.209867
v 0.009403 1.971437 -0.224637
v 0.009403 2.661541 -0.253361
v 0.007782 2.661541 -0.257437
v 0.007782 1.971437 -0.228665
v 0.007782 1.908668 -0.213895
v 0.007782 1.861793 -0.225164
v 0.007782 1.812134 -0.249381
v 0.007782 1.778908 -0.249381
v 0.003944 1.812134 -0.251059
v 0.003944 1.778908 -0.251059
v -0.017353 1.778908 -0.251059
v -0.017353 1.812134 -0.251059
v -0.021191 1.812134 -0.249381
v -0.021191 1.778908 -0.249381
v -0.022814 1.812134 -0.245353
v -0.022814 1.778908 -0.245353
v -0.022814 1.812134 -0.238687
v -0.022814 1.778908 -0.238687
v -0.021191 1.812134 -0.234611
v -0.021191 1.778908 -0.234611
v -0.017353 1.812134 -0.232932
v -0.017353 1.778908 -0.232932
v 0.003944 1.778908 -0.232932
v 0.003944 1.812134 -0.232932
v 0.007782 1.812134 -0.234611
v 0.003944 1.861793 -0.208716
v 0.007782 1.861793 -0.210394
v 0.003944 1.908668 -0.197447
v 0.007782 1.908668 -0.199125
v 0.003944 1.971437 -0.212216
v 0.007782 1.971437 -0.213895
v 0.003944 2.661541 -0.240989
v 0.007782 2.661541 -0.242667
v 0.003944 2.704196 -0.246887
v 0.007782 2.704196 -0.248565
v 0.007782 1.778908 -0.234611
v 0.003944 2.733201 -0.238447
v -0.017353 2.733201 -0.238447
v -0.017353 2.704196 -0.246887
v -0.017353 2.661541 -0.240989
v -0.017353 1.971437 -0.212216
v -0.017353 1.908668 -0.197447
v -0.017353 1.861793 -0.208716
v -0.021191 1.861793 -0.210394
v -0.021191 2.734548 -0.239742
v -0.021191 2.704196 -0.248565
v -0.022814 2.737781 -0.242907
v -0.021191 2.661541 -0.242667
v -0.021191 1.971437 -0.213895
v -0.021191 1.908668 -0.199125
v -0.022814 2.704196 -0.252642
v -0.022814 2.742002 -0.246983
v -0.022814 2.704196 -0.259259
v -0.021191 2.745145 -0.250052
v -0.021191 2.704196 -0.263335
v -0.022814 2.661541 -0.253361
v -0.022814 2.661541 -0.246695
v -0.022814 1.971437 -0.217971
v -0.022814 1.908668 -0.203201
v -0.022814 1.861793 -0.214422
v -0.022814 1.861793 -0.221088
v -0.022814 1.971437 -0.224637
v -0.021191 2.661541 -0.257437
v -0.021191 1.971437 -0.228665
v -0.022814 1.908668 -0.209867
v -0.021191 1.908668 -0.213895
v -0.021191 1.861793 -0.225164
v -0.017353 1.861793 -0.226842
v -0.017353 1.908668 -0.215573
v -0.017353 1.971437 -0.230343
v -0.017353 2.661541 -0.259115
v -0.021191 2.775316 -0.215142
v -0.021191 2.794354 -0.132805
v -0.021191 2.785195 -0.059963
v -0.024922 2.785195 -0.049078
v -0.039084 2.785195 -0.037329
v -0.046326 2.785195 -0.025581
v -0.049732 2.785195 -0.008653
v -0.049732 2.785195 0.007316
v -0.046326 2.785195 0.024243
v -0.039084 2.785195 0.035992
v -0.024922 2.785195 0.047741
v -0.021191 2.785195 0.058626
v -0.021191 2.794354 0.131468
v -0.017353 2.777203 0.214427
v -0.017353 2.746492 0.249961
v -0.017353 2.704196 0.263676
v -0.017353 2.045431 0.257778
v -0.017353 1.971437 0.229005
v -0.017353 1.908668 0.214236
v -0.017353 1.861793 0.225505
v -0.021191 1.861793 0.223826
v -0.022814 1.908668 0.208529
v -0.022814 1.908668 0.201864
v -0.021191 1.971437 0.212557
v -0.022814 2.742002 -0.246983
v -0.022814 2.770916 -0.213607
v -0.022814 2.737781 -0.242907
v -0.022814 1.971437 0.216633
v 0.003944 2.045431 0.239651
v -0.017353 2.045431 0.239651
v -0.021191 2.045431 0.241330
v 0.007782 2.704196 0.247228
v 0.003944 2.704196 0.245549
v -0.017353 2.704196 0.245549
v -0.021191 2.704196 0.247228
v -0.017353 2.733201 0.237110
v -0.021191 2.734548 0.238404
v -0.022814 2.704196 0.251304
v -0.022814 2.737781 0.241569
v 0.003944 2.733201 0.237110
v -0.022814 2.045431 0.245358
v -0.022814 1.971437 0.223299
v -0.021191 1.908668 0.212557
v -0.021191 1.971437 0.227327
v -0.021191 2.045431 0.256099
v -0.021191 2.704196 0.261998
v -0.021191 2.745145 0.248714
v -0.021191 2.775316 0.213804
v -0.022814 2.789595 0.131468
v -0.022814 2.780345 0.058626
v -0.026921 2.780345 0.047741
v -0.042653 2.780345 0.035992
v -0.050705 2.780345 0.024243
v -0.054489 2.780345 0.007316
v -0.054489 2.780345 -0.008653
v -0.050705 2.780345 -0.025581
v -0.042653 2.780345 -0.037329
v -0.026921 2.780345 -0.049078
v -0.022814 2.780345 -0.059963
v -0.022814 2.789595 -0.132805
v -0.022814 2.766157 -0.211977
v -0.021191 2.734548 -0.239742
v -0.021191 2.761488 -0.210394
v -0.017353 2.733201 -0.238447
v -0.022814 2.045431 0.252023
v -0.022814 2.784746 -0.132805
v -0.022814 2.775587 -0.059963
v -0.026921 2.775587 -0.049078
v -0.042653 2.775587 -0.037329
v -0.050705 2.775587 -0.025581
v -0.039084 2.770558 -0.037329
v -0.046326 2.770558 -0.025581
v -0.024922 2.770558 -0.049078
v -0.021191 2.770558 -0.059963
v -0.021191 2.779806 -0.132805
v -0.017353 2.759512 -0.209771
v 0.003944 2.733201 -0.238447
v 0.003944 2.759512 -0.209771
v -0.017353 2.777651 -0.132805
v -0.017353 2.768492 -0.059963
v -0.020056 2.768492 -0.049078
v 0.003944 2.768492 -0.059963
v 0.006647 2.768492 -0.049078
v 0.007782 2.770558 -0.059963
v 0.011511 2.770558 -0.049078
v 0.007782 2.779806 -0.132805
v 0.003944 2.777651 -0.132805
v -0.022814 2.704196 0.257969
v -0.022814 2.742002 0.245645
v -0.022814 2.770916 0.212269
v -0.022814 2.742002 0.245645
v -0.022814 2.766157 0.210639
v -0.022814 2.737781 0.241569
v -0.022814 2.784746 0.131468
v -0.022814 2.775587 0.058626
v -0.026921 2.775587 0.047741
v -0.042653 2.775587 0.035992
v -0.050705 2.775587 0.024243
v -0.046326 2.770558 0.024243
v -0.039084 2.770558 0.035992
v -0.024922 2.770558 0.047741
v -0.021191 2.770558 0.058626
v -0.021191 2.779806 0.131468
v -0.021191 2.761488 0.209057
v -0.021191 2.734548 0.238404
v -0.017353 2.759512 0.208433
v -0.017353 2.733201 0.237110
v 0.003944 2.759512 0.208433
v 0.003944 2.733201 0.237110
v 0.003944 2.777651 0.131468
v -0.017353 2.777651 0.131468
v -0.017353 2.768492 0.058626
v -0.020056 2.768492 0.047741
v -0.030489 2.768492 0.035992
v -0.035786 2.768492 0.024243
v -0.038326 2.768492 0.007316
v -0.049732 2.770558 0.007316
v -0.038326 2.768492 -0.008653
v -0.049732 2.770558 -0.008653
v -0.035786 2.768492 -0.025581
v -0.046326 2.770558 -0.025581
v -0.030489 2.768492 -0.037329
v -0.039084 2.770558 -0.037329
v -0.020056 2.768492 -0.049078
v -0.024922 2.770558 -0.049078
v 0.006647 2.768492 -0.049078
v 0.017080 2.768492 -0.037329
v 0.022432 2.768492 -0.025581
v 0.024918 2.768492 -0.008653
v 0.024918 2.768492 0.007316
v 0.022432 2.768492 0.024243
v 0.017080 2.768492 0.035992
v 0.006647 2.768492 0.047741
v 0.003944 2.768492 0.058626
v 0.007782 2.770558 0.058626
v 0.007782 2.779806 0.131468
v 0.011511 2.770558 -0.049078
v 0.025675 2.770558 -0.037329
v 0.011511 2.770558 0.047741
v 0.025675 2.770558 0.035992
v 0.032973 2.770558 0.024243
v 0.036324 2.770558 0.007316
v 0.036324 2.770558 -0.008653
v 0.032973 2.770558 -0.025581
v 0.007782 2.734548 0.238404
v 0.003944 2.704196 0.245549
v 0.003944 2.733201 0.237110
v 0.003944 1.861793 -0.226842
v 0.003944 1.908668 -0.215573
v 0.003944 1.971437 -0.230343
v 0.003944 2.661541 -0.259115
v -0.046326 2.770558 0.024243
v -0.050705 2.775587 0.024243
v -0.049732 2.770558 0.007316
v -0.054489 2.775587 0.007316
v -0.049732 2.770558 -0.008653
v -0.054489 2.775587 -0.008653
v -0.046326 2.770558 -0.025581
v -0.050705 2.775587 -0.025581
v 0.020376 1.758165 -0.269089
v 0.007945 1.764002 -0.277386
v 0.020376 1.764002 -0.269089
v 0.007945 1.764720 -0.277337
v 0.007945 1.758165 -0.277386
v 0.019891 1.755920 -0.268562
v 0.007675 1.755920 -0.276714
v 0.018701 1.755022 -0.267411
v 0.007025 1.755022 -0.275180
v 0.020324 1.764720 -0.269042
v 0.028646 1.764002 -0.256669
v 0.028646 1.758165 -0.256669
v 0.028054 1.755920 -0.256382
v 0.026486 1.755022 -0.255758
v 0.007890 1.765439 -0.277242
v 0.020269 1.765439 -0.268945
v 0.007187 1.773790 -0.275515
v 0.018918 1.773790 -0.267651
v 0.007132 1.774509 -0.275467
v 0.018918 1.774509 -0.267603
v 0.007187 1.775227 -0.275515
v 0.028646 1.764720 -0.256621
v 0.028539 1.765439 -0.256621
v 0.026808 1.773790 -0.255902
v 0.026756 1.774509 -0.255854
v 0.018918 1.775227 -0.267651
v 0.026808 1.775227 -0.255902
v 0.020269 1.783578 -0.268946
v 0.028539 1.783578 -0.256621
v 0.020324 1.784297 -0.269042
v 0.007945 1.784297 -0.277337
v 0.007945 1.784925 -0.277386
v 0.020376 1.784925 -0.269089
v 0.007945 1.790852 -0.277386
v 0.007890 1.783578 -0.277242
v 0.028646 1.784297 -0.256621
v 0.020376 1.790852 -0.269089
v 0.028646 1.784925 -0.256670
v 0.007675 1.793097 -0.276714
v 0.019891 1.793097 -0.268562
v 0.007025 1.793995 -0.275180
v 0.018701 1.793995 -0.267411
v -0.006704 1.793995 -0.241996
v 0.026486 1.793995 -0.255758
v 0.028054 1.793097 -0.256382
v 0.028646 1.790852 -0.256670
v 0.031567 1.784925 -0.241996
v 0.031512 1.784297 -0.241996
v 0.031405 1.783578 -0.241996
v 0.029567 1.775227 -0.241996
v 0.029512 1.774509 -0.241996
v 0.029567 1.773790 -0.241996
v 0.031405 1.765439 -0.241996
v 0.031512 1.764720 -0.241996
v 0.031567 1.764002 -0.241996
v 0.031567 1.758165 -0.241996
v 0.030864 1.755920 -0.241996
v 0.029189 1.755022 -0.241996
v -0.006704 1.755022 -0.241996
v -0.006704 1.755022 -0.277913
v -0.006704 1.755920 -0.279591
v 0.007675 1.755920 -0.276714
v -0.006704 1.758165 -0.280311
v 0.007945 1.758165 -0.277386
v -0.006704 1.764002 -0.280311
v 0.007945 1.764002 -0.277386
v -0.006704 1.764720 -0.280263
v 0.007945 1.764720 -0.277337
v -0.006704 1.765439 -0.280119
v 0.007890 1.765439 -0.277242
v -0.006704 1.773790 -0.278249
v 0.007187 1.773790 -0.275515
v -0.006704 1.774509 -0.278201
v 0.007132 1.774509 -0.275467
v -0.006704 1.775227 -0.278249
v 0.007187 1.775227 -0.275515
v -0.006704 1.783578 -0.280119
v 0.007890 1.783578 -0.277242
v -0.006704 1.784297 -0.280263
v 0.007945 1.784297 -0.277337
v -0.006704 1.784925 -0.280311
v 0.007945 1.784925 -0.277386
v -0.006704 1.790852 -0.280311
v 0.007945 1.790852 -0.277386
v -0.006704 1.793097 -0.279591
v 0.007675 1.793097 -0.276714
v -0.006704 1.793995 -0.277913
v 0.007025 1.793995 -0.275180
v -0.006704 1.793995 -0.241996
v -0.020436 1.793995 -0.275180
v -0.032110 1.793995 -0.267411
v -0.021084 1.793097 -0.276714
v -0.033245 1.793097 -0.268562
v -0.021354 1.790852 -0.277386
v -0.021354 1.784925 -0.277386
v -0.039842 1.793995 -0.255758
v -0.042598 1.793995 -0.241996
v -0.041407 1.793097 -0.256382
v -0.044273 1.793097 -0.241996
v -0.042057 1.790852 -0.256670
v -0.033787 1.790852 -0.269089
v -0.033787 1.784925 -0.269089
v -0.021354 1.784297 -0.277337
v -0.021299 1.783578 -0.277242
v -0.033733 1.784297 -0.269042
v -0.042057 1.784925 -0.256670
v -0.044976 1.790852 -0.241996
v -0.041407 1.793097 -0.227610
v -0.039842 1.793995 -0.228281
v -0.032110 1.793995 -0.216628
v -0.006704 1.793995 -0.241996
v -0.020436 1.793995 -0.208860
v -0.033245 1.793097 -0.215429
v -0.042057 1.790852 -0.227370
v -0.044976 1.784925 -0.241996
v -0.042003 1.784297 -0.256621
v -0.033678 1.783578 -0.268946
v -0.020596 1.775227 -0.275515
v -0.020543 1.774509 -0.275467
v -0.042598 1.793995 -0.241996
v -0.032327 1.775227 -0.267651
v -0.041895 1.783578 -0.256621
v -0.044921 1.784297 -0.241996
v -0.042057 1.784925 -0.227370
v -0.033787 1.790852 -0.214950
v -0.021084 1.793097 -0.207277
v -0.006704 1.793995 -0.206126
v 0.007025 1.793995 -0.208860
v 0.018701 1.793995 -0.216628
v -0.006704 1.793097 -0.204448
v -0.021354 1.790852 -0.206654
v -0.033787 1.784925 -0.214950
v -0.042003 1.784297 -0.227370
v -0.044813 1.783578 -0.241996
v -0.040219 1.775227 -0.255902
v -0.032272 1.774509 -0.267603
v -0.020596 1.773790 -0.275515
v -0.021299 1.765439 -0.277242
v -0.032327 1.773790 -0.267651
v -0.040112 1.774509 -0.255854
v -0.042975 1.775227 -0.241996
v -0.041895 1.783578 -0.227418
v -0.033733 1.784297 -0.214950
v -0.021354 1.784925 -0.206654
v -0.006704 1.790852 -0.203729
v 0.007675 1.793097 -0.207277
v 0.019891 1.793097 -0.215429
v 0.026486 1.793995 -0.228281
v 0.029189 1.793995 -0.241996
v 0.030864 1.793097 -0.241996
v 0.027999 1.793097 -0.227610
v 0.020376 1.790852 -0.214950
v 0.007945 1.790852 -0.206654
v -0.006704 1.784925 -0.203729
v -0.021354 1.784297 -0.206702
v -0.033678 1.783578 -0.215046
v -0.040219 1.775227 -0.228137
v -0.042868 1.774509 -0.241996
v -0.040219 1.773790 -0.255902
v -0.033678 1.765439 -0.268945
v -0.021354 1.764720 -0.277337
v -0.021354 1.764002 -0.277386
v -0.033733 1.764720 -0.269042
v -0.041895 1.765439 -0.256621
v -0.042975 1.773790 -0.241996
v -0.040112 1.774509 -0.228137
v -0.032327 1.775227 -0.216388
v -0.021299 1.783578 -0.206798
v -0.006704 1.784297 -0.203777
v 0.007945 1.784925 -0.206654
v 0.020376 1.784925 -0.214950
v 0.007945 1.784297 -0.206702
v -0.006704 1.783578 -0.203872
v -0.020596 1.775227 -0.208524
v -0.032272 1.774509 -0.216436
v -0.040219 1.773790 -0.228137
v -0.044813 1.765439 -0.241996
v -0.042003 1.764720 -0.256621
v -0.033787 1.764002 -0.269089
v -0.021354 1.758165 -0.277386
v -0.021084 1.755920 -0.276714
v -0.020436 1.755022 -0.275180
v -0.032110 1.755022 -0.267411
v -0.039842 1.755022 -0.255758
v -0.041407 1.755920 -0.256382
v -0.044273 1.755920 -0.241996
v -0.042598 1.755022 -0.241996
v -0.041407 1.755920 -0.227610
v -0.039842 1.755022 -0.228281
v -0.032110 1.755022 -0.216628
v -0.033245 1.755920 -0.215429
v -0.021084 1.755920 -0.207277
v -0.020436 1.755022 -0.208860
v -0.006704 1.755022 -0.206126
v -0.006704 1.755920 -0.204448
v 0.007675 1.755920 -0.207277
v 0.007025 1.755022 -0.208860
v 0.018701 1.755022 -0.216628
v 0.026486 1.755022 -0.228281
v 0.027999 1.755920 -0.227610
v -0.033245 1.755920 -0.268562
v 0.019891 1.755920 -0.215429
v 0.020376 1.758165 -0.214950
v 0.007945 1.758165 -0.206654
v -0.006704 1.758165 -0.203729
v -0.021354 1.758165 -0.206654
v -0.033787 1.758165 -0.214950
v -0.042057 1.758165 -0.227370
v -0.044976 1.758165 -0.241996
v -0.042057 1.758165 -0.256669
v -0.033787 1.758165 -0.269089
v -0.042057 1.764002 -0.256669
v -0.044976 1.764002 -0.241996
v -0.042057 1.764002 -0.227370
v -0.033787 1.764002 -0.214950
v -0.021354 1.764002 -0.206654
v -0.006704 1.764002 -0.203729
v 0.007945 1.764002 -0.206654
v 0.020376 1.764002 -0.214950
v 0.028646 1.764002 -0.227370
v 0.028646 1.758165 -0.227370
v 0.028646 1.764720 -0.227370
v 0.020324 1.764720 -0.214950
v 0.007945 1.764720 -0.206702
v -0.006704 1.764720 -0.203777
v -0.021354 1.764720 -0.206702
v -0.033733 1.764720 -0.214950
v -0.042003 1.764720 -0.227370
v -0.044921 1.764720 -0.241996
v -0.041895 1.765439 -0.227418
v -0.033678 1.765439 -0.215046
v -0.021299 1.765439 -0.206798
v -0.006704 1.765439 -0.203872
v 0.007890 1.765439 -0.206798
v 0.020269 1.765439 -0.215046
v 0.028539 1.765439 -0.227418
v 0.026808 1.773790 -0.228137
v 0.018918 1.773790 -0.216388
v 0.007187 1.773790 -0.208524
v -0.006704 1.773790 -0.205743
v -0.020596 1.773790 -0.208524
v -0.032327 1.773790 -0.216388
v -0.020543 1.774509 -0.208572
v -0.006704 1.774509 -0.205791
v 0.007132 1.774509 -0.208572
v 0.018918 1.774509 -0.216436
v 0.026756 1.774509 -0.228137
v 0.026808 1.775227 -0.228137
v 0.018918 1.775227 -0.216388
v 0.007187 1.775227 -0.208524
v -0.006704 1.775227 -0.205743
v 0.007890 1.783578 -0.206798
v 0.020269 1.783578 -0.215046
v 0.028539 1.783578 -0.227418
v 0.028646 1.784297 -0.227370
v 0.020324 1.784297 -0.214950
v 0.028646 1.784925 -0.227370
v 0.031567 1.790852 -0.241996
v 0.028646 1.790852 -0.227370
v -0.608501 2.836829 -0.006927
v -0.608501 2.833237 -0.006927
v -0.532826 2.825155 -0.006927
v -0.608501 2.831172 -0.006063
v -0.532826 2.823000 -0.006063
v -0.608501 2.830274 -0.004002
v -0.532826 2.822191 -0.004002
v -0.457201 2.827040 -0.006063
v -0.457201 2.826143 -0.004002
v -0.457201 2.829197 -0.006927
v -0.532826 2.828747 -0.006927
v -0.532826 2.830902 -0.006063
v -0.608501 2.838984 -0.006063
v -0.532826 2.831800 -0.004002
v -0.608501 2.839883 -0.004002
v -0.532826 2.831800 0.002664
v -0.608501 2.839883 0.002664
v -0.532826 2.830902 0.004726
v -0.608501 2.838984 0.004726
v -0.532826 2.828747 0.005589
v -0.608501 2.836829 0.005589
v -0.608501 2.833237 0.005589
v -0.532826 2.825155 0.005589
v -0.532826 2.823000 0.004726
v -0.608501 2.831172 0.004726
v -0.532826 2.822191 0.002664
v -0.608501 2.830274 0.002664
v -0.532826 2.822191 -0.004002
v -0.608501 2.830274 -0.004002
v -0.457201 2.826143 -0.004002
v -0.457201 2.826143 0.002664
v -0.457201 2.827040 0.004726
v -0.457201 2.829197 0.005589
v -0.381525 2.836739 0.004726
v -0.381525 2.838804 0.005589
v -0.312172 2.864577 0.004726
v -0.312172 2.863679 0.002664
v -0.381525 2.835841 0.002664
v -0.312172 2.863679 -0.004002
v -0.381525 2.835841 -0.004002
v -0.381525 2.835841 -0.004002
v -0.381525 2.835841 0.002664
v -0.299576 2.866642 -0.004002
v -0.299576 2.866642 0.002664
v -0.299576 2.867540 0.004726
v -0.312172 2.866732 0.005589
v -0.299576 2.869695 0.005589
v -0.106437 2.881997 0.004726
v -0.106437 2.881100 0.002664
v 0.093028 2.881100 0.002664
v 0.093028 2.881100 -0.004002
v 0.286222 2.866642 -0.004002
v 0.286222 2.866642 0.002664
v 0.298438 2.863858 -0.004002
v -0.106437 2.881100 -0.004002
v 0.093028 2.881997 0.004726
v -0.106437 2.884063 0.005589
v 0.298438 2.863858 0.002664
v 0.286222 2.867540 0.004726
v 0.298438 2.864666 0.004726
v 0.368169 2.835841 0.002664
v 0.368169 2.836739 0.004726
v 0.093028 2.884063 0.005589
v 0.286222 2.869695 0.005589
v 0.298438 2.866822 0.005589
v -0.106437 2.887656 0.005589
v -0.299576 2.873197 0.005589
v -0.312172 2.870234 0.005589
v -0.381525 2.842396 0.005589
v -0.457201 2.832788 0.005589
v -0.457201 2.834854 0.004726
v 0.368169 2.835841 -0.004002
v 0.286222 2.873197 0.005589
v 0.093028 2.887656 0.005589
v -0.381525 2.844552 0.004726
v -0.457201 2.835751 0.002664
v -0.457201 2.835751 -0.004002
v -0.457201 2.834854 -0.006063
v -0.457201 2.832788 -0.006927
v -0.381525 2.838804 -0.006927
v -0.381525 2.836739 -0.006063
v -0.381525 2.835841 -0.004002
v -0.312172 2.866732 -0.006927
v -0.381525 2.842396 -0.006927
v -0.381525 2.844552 -0.006063
v -0.381525 2.845449 -0.004002
v -0.381525 2.845449 0.002664
v -0.312172 2.872389 0.004726
v -0.299576 2.875352 0.004726
v -0.312172 2.873288 0.002664
v -0.312172 2.873288 -0.004002
v -0.312172 2.872389 -0.006063
v -0.312172 2.870234 -0.006927
v -0.299576 2.876251 0.002664
v -0.299576 2.876251 -0.004002
v -0.299576 2.875352 -0.006063
v -0.106437 2.889811 0.004726
v 0.093028 2.889811 0.004726
v -0.106437 2.890708 0.002664
v -0.106437 2.890708 -0.004002
v 0.093028 2.890708 0.002664
v 0.286222 2.875352 0.004726
v 0.298438 2.870414 0.005589
v 0.368169 2.842396 0.005589
v 0.298438 2.872569 0.004726
v 0.286222 2.876251 0.002664
v 0.093028 2.890708 -0.004002
v -0.106437 2.889811 -0.006063
v -0.299576 2.873197 -0.006927
v -0.299576 2.869695 -0.006927
v -0.312172 2.864577 -0.006063
v -0.299576 2.867540 -0.006063
v -0.312172 2.863679 -0.004002
v -0.299576 2.866642 -0.004002
v -0.106437 2.881997 -0.006063
v -0.106437 2.881100 -0.004002
v 0.093028 2.881997 -0.006063
v 0.093028 2.881100 -0.004002
v 0.286222 2.867540 -0.006063
v 0.286222 2.866642 -0.004002
v 0.298438 2.864666 -0.006063
v 0.298438 2.863858 -0.004002
v 0.368169 2.836739 -0.006063
v 0.368169 2.835841 -0.004002
v -0.381525 2.835841 -0.004002
v 0.368169 2.838804 -0.006927
v 0.298438 2.866822 -0.006927
v 0.286222 2.869695 -0.006927
v 0.093028 2.884063 -0.006927
v -0.106437 2.884063 -0.006927
v -0.106437 2.887656 -0.006927
v 0.093028 2.889811 -0.006063
v 0.286222 2.876251 -0.004002
v 0.298438 2.873466 0.002664
v 0.368169 2.844552 0.004726
v 0.443792 2.832788 0.005589
v 0.368169 2.838804 0.005589
v 0.443792 2.829197 0.005589
v 0.443792 2.827040 0.004726
v 0.519470 2.828747 0.005589
v 0.443792 2.834854 0.004726
v 0.368169 2.845449 0.002664
v 0.298438 2.873466 -0.004002
v 0.286222 2.875352 -0.006063
v 0.093028 2.887656 -0.006927
v 0.286222 2.873197 -0.006927
v 0.298438 2.872569 -0.006063
v 0.368169 2.845449 -0.004002
v 0.443792 2.835751 0.002664
v 0.519470 2.830902 0.004726
v 0.595093 2.836829 0.005589
v 0.519470 2.825155 0.005589
v 0.595093 2.833237 0.005589
v 0.595093 2.831172 0.004726
v 0.519470 2.823000 0.004726
v 0.595093 2.830274 0.002664
v 0.519470 2.822191 0.002664
v 0.595093 2.830274 -0.004002
v 0.519470 2.822191 -0.004002
v 0.443792 2.826143 0.002664
v 0.443792 2.826143 -0.004002
v 0.368169 2.835841 0.002664
v 0.368169 2.835841 -0.004002
v 0.298438 2.870414 -0.006927
v 0.368169 2.844552 -0.006063
v 0.443792 2.835751 -0.004002
v 0.519470 2.831800 0.002664
v 0.595093 2.838984 0.004726
v 0.595093 2.839883 0.002664
v 0.519470 2.831800 -0.004002
v 0.443792 2.834854 -0.006063
v 0.595093 2.839883 -0.004002
v 0.519470 2.830902 -0.006063
v 0.595093 2.838984 -0.006063
v 0.519470 2.828747 -0.006927
v 0.595093 2.836829 -0.006927
v 0.595093 2.833237 -0.006927
v 0.519470 2.825155 -0.006927
v 0.519470 2.823000 -0.006063
v 0.443792 2.827040 -0.006063
v 0.443792 2.826143 -0.004002
v 0.368169 2.835841 -0.004002
v 0.443792 2.829197 -0.006927
v 0.368169 2.842396 -0.006927
v 0.443792 2.832788 -0.006927
v 0.595093 2.831172 -0.006063
v 0.519470 2.822191 -0.004002
v 0.595093 2.830274 -0.004002
v 0.007945 1.758165 0.276048
v 0.020376 1.764002 0.267752
v 0.007945 1.764002 0.276048
v 0.020324 1.764720 0.267704
v 0.007945 1.764720 0.276000
v 0.020269 1.765439 0.267608
v 0.028539 1.765439 0.255284
v 0.028646 1.764720 0.255284
v 0.028646 1.764002 0.255332
v 0.020376 1.758165 0.267752
v 0.007675 1.755920 0.275377
v -0.006704 1.755920 0.278254
v -0.006704 1.758165 0.278973
v -0.021084 1.755920 0.275377
v -0.021354 1.758165 0.276048
v -0.006704 1.764002 0.278973
v -0.021354 1.764002 0.276048
v -0.006704 1.764720 0.278925
v 0.007890 1.765439 0.275905
v 0.018918 1.773790 0.266314
v 0.026808 1.773790 0.254565
v 0.029567 1.773790 0.240658
v 0.031405 1.765439 0.240658
v 0.031512 1.764720 0.240658
v 0.031567 1.764002 0.240658
v 0.028646 1.758165 0.255332
v 0.019891 1.755920 0.267225
v 0.007025 1.755022 0.273842
v -0.006704 1.755022 0.276576
v -0.020436 1.755022 0.273842
v -0.032110 1.755022 0.266074
v -0.033245 1.755920 0.267225
v -0.039842 1.755022 0.254421
v -0.006704 1.755022 0.240658
v -0.042598 1.755022 0.240658
v -0.041407 1.755920 0.255045
v -0.033787 1.758165 0.267752
v -0.033787 1.764002 0.267752
v -0.021354 1.764720 0.276000
v -0.006704 1.765439 0.278782
v 0.007187 1.773790 0.274178
v 0.018918 1.774509 0.266266
v 0.026756 1.774509 0.254517
v 0.029512 1.774509 0.240658
v 0.026756 1.774509 0.226800
v 0.026808 1.773790 0.226800
v 0.028539 1.765439 0.226081
v 0.028646 1.764720 0.226032
v 0.028646 1.764002 0.226032
v 0.031567 1.758165 0.240658
v 0.027999 1.755920 0.255045
v 0.018701 1.755022 0.266074
v -0.006704 1.755022 0.240658
v 0.026486 1.755022 0.254421
v 0.030864 1.755920 0.240658
v 0.029189 1.755022 0.240658
v 0.026486 1.755022 0.226943
v 0.018701 1.755022 0.215291
v 0.019891 1.755920 0.214092
v 0.007675 1.755920 0.205940
v 0.007945 1.758165 0.205316
v 0.007025 1.755022 0.207522
v 0.028054 1.755920 0.226272
v 0.028646 1.758165 0.226032
v 0.020376 1.764002 0.213613
v 0.020324 1.764720 0.213613
v 0.020269 1.765439 0.213708
v 0.018918 1.773790 0.215051
v 0.018918 1.774509 0.215099
v 0.007132 1.774509 0.207234
v 0.007187 1.773790 0.207187
v 0.007890 1.765439 0.205460
v 0.007945 1.764720 0.205364
v 0.007945 1.764002 0.205316
v 0.020376 1.758165 0.213613
v 0.007187 1.775227 0.207187
v 0.018918 1.775227 0.215051
v 0.026808 1.775227 0.226800
v 0.029567 1.775227 0.240658
v 0.026808 1.775227 0.254565
v 0.018918 1.775227 0.266314
v 0.007132 1.774509 0.274130
v -0.006704 1.773790 0.276911
v -0.021299 1.765439 0.275905
v -0.033733 1.764720 0.267704
v -0.042057 1.764002 0.255332
v -0.042057 1.758165 0.255332
v -0.044273 1.755920 0.240658
v -0.039894 1.755022 0.226943
v -0.032110 1.755022 0.215291
v -0.041407 1.755920 0.226272
v -0.044976 1.758165 0.240658
v -0.044976 1.764002 0.240658
v -0.042003 1.764720 0.255284
v -0.033678 1.765439 0.267608
v -0.020596 1.773790 0.274178
v -0.006704 1.774509 0.276864
v 0.007187 1.775227 0.274178
v 0.020269 1.783578 0.267608
v 0.028539 1.783578 0.255284
v 0.031405 1.783578 0.240658
v 0.028539 1.783578 0.226081
v 0.020269 1.783578 0.213708
v 0.007890 1.783578 0.205460
v 0.007945 1.784297 0.205364
v 0.020324 1.784297 0.213613
v 0.028646 1.784297 0.226032
v 0.031512 1.784297 0.240658
v 0.028646 1.784297 0.255284
v 0.020324 1.784297 0.267704
v 0.007890 1.783578 0.275904
v -0.006704 1.775227 0.276911
v -0.020543 1.774509 0.274130
v -0.032327 1.773790 0.266314
v -0.041895 1.765439 0.255284
v -0.044921 1.764720 0.240658
v -0.042057 1.764002 0.226032
v -0.042057 1.758165 0.226032
v -0.033245 1.755920 0.214092
v -0.020436 1.755022 0.207522
v -0.006704 1.755022 0.204789
v 0.007025 1.755022 0.207522
v 0.007945 1.784925 0.205316
v 0.020376 1.784925 0.213613
v 0.007945 1.790852 0.205316
v -0.021084 1.755920 0.205940
v -0.033787 1.758165 0.213613
v -0.033787 1.764002 0.213613
v -0.042003 1.764720 0.226032
v -0.044813 1.765439 0.240658
v -0.040219 1.773790 0.254565
v -0.032272 1.774509 0.266266
v -0.020596 1.775227 0.274178
v -0.006704 1.783578 0.278782
v 0.007945 1.784297 0.276000
v 0.020376 1.784925 0.267752
v 0.028646 1.784925 0.255332
v 0.031567 1.784925 0.240658
v 0.028646 1.784925 0.226032
v 0.020376 1.790852 0.213613
v 0.007675 1.793097 0.205940
v 0.019891 1.793097 0.214092
v 0.028646 1.790852 0.226032
v 0.031567 1.790852 0.240658
v 0.028646 1.790852 0.255332
v 0.020376 1.790852 0.267752
v 0.007945 1.784925 0.276048
v -0.006704 1.784297 0.278925
v -0.021299 1.783578 0.275904
v -0.032327 1.775227 0.266314
v -0.040112 1.774509 0.254517
v -0.042975 1.773790 0.240658
v -0.041895 1.765439 0.226081
v -0.033733 1.764720 0.213613
v -0.021354 1.764002 0.205316
v -0.021354 1.758165 0.205316
v -0.006704 1.755920 0.203111
v 0.007675 1.755920 0.205940
v -0.006704 1.758165 0.202391
v 0.007945 1.758165 0.205316
v -0.006704 1.764002 0.202391
v 0.007945 1.764002 0.205316
v -0.006704 1.764720 0.202439
v 0.007945 1.764720 0.205364
v -0.021354 1.764720 0.205364
v -0.033678 1.765439 0.213708
v -0.040219 1.773790 0.226800
v -0.042868 1.774509 0.240658
v -0.040219 1.775227 0.254565
v -0.033678 1.783578 0.267608
v -0.021354 1.784297 0.276000
v -0.006704 1.784925 0.278973
v 0.007945 1.790852 0.276048
v 0.019891 1.793097 0.267225
v 0.027999 1.793097 0.255045
v 0.030864 1.793097 0.240658
v 0.028054 1.793097 0.226272
v 0.018701 1.793995 0.215291
v 0.026486 1.793995 0.226943
v 0.029189 1.793995 0.240658
v 0.026486 1.793995 0.254421
v -0.006704 1.793995 0.240658
v 0.007025 1.793995 0.207522
v 0.019891 1.793097 0.214092
v 0.007675 1.793097 0.205940
v -0.006704 1.793995 0.204789
v -0.006704 1.793097 0.203111
v -0.020436 1.793995 0.207522
v -0.021084 1.793097 0.205940
v -0.032110 1.793995 0.215291
v -0.033245 1.793097 0.214092
v -0.039894 1.793995 0.226943
v -0.041407 1.793097 0.226272
v -0.042598 1.793995 0.240658
v -0.039842 1.793995 0.254421
v -0.044273 1.793097 0.240658
v -0.042057 1.790852 0.226032
v -0.033787 1.790852 0.213613
v -0.021354 1.790852 0.205316
v -0.006704 1.790852 0.202391
v 0.007945 1.790852 0.205316
v 0.007945 1.784925 0.205316
v -0.006704 1.784925 0.202391
v 0.007945 1.784297 0.205364
v -0.021354 1.784925 0.205316
v -0.033787 1.784925 0.213613
v -0.042057 1.784925 0.226032
v -0.044976 1.790852 0.240658
v -0.041407 1.793097 0.255045
v -0.032110 1.793995 0.266074
v -0.020436 1.793995 0.273842
v -0.033245 1.793097 0.267225
v -0.042057 1.790852 0.255332
v -0.044976 1.784925 0.240658
v -0.042003 1.784297 0.226032
v -0.033733 1.784297 0.213613
v -0.021354 1.784297 0.205364
v -0.006704 1.784297 0.202439
v 0.007890 1.783578 0.205460
v -0.006704 1.783578 0.202535
v 0.007187 1.775227 0.207187
v -0.021299 1.783578 0.205460
v -0.033678 1.783578 0.213708
v -0.041895 1.783578 0.226081
v -0.044921 1.784297 0.240658
v -0.042057 1.784925 0.255332
v -0.033787 1.790852 0.267752
v -0.021084 1.793097 0.275377
v -0.006704 1.793995 0.276576
v 0.007025 1.793995 0.273842
v 0.018701 1.793995 0.266074
v 0.007675 1.793097 0.275377
v -0.006704 1.793097 0.278254
v -0.021354 1.790852 0.276048
v -0.033787 1.784925 0.267752
v -0.042003 1.784297 0.255284
v -0.044813 1.783578 0.240658
v -0.040219 1.775227 0.226800
v -0.032327 1.775227 0.215051
v -0.020596 1.775227 0.207187
v -0.006704 1.775227 0.204405
v 0.007132 1.774509 0.207234
v -0.006704 1.774509 0.204501
v 0.007187 1.773790 0.207187
v -0.020543 1.774509 0.207234
v -0.032272 1.774509 0.215099
v -0.040112 1.774509 0.226800
v -0.042975 1.775227 0.240658
v -0.041895 1.783578 0.255284
v -0.033733 1.784297 0.267704
v -0.021354 1.784925 0.276048
v -0.006704 1.790852 0.278973
v -0.032327 1.773790 0.215051
v -0.021299 1.765439 0.205460
v -0.006704 1.765439 0.202535
v 0.007890 1.765439 0.205460
v -0.006704 1.773790 0.204405
v -0.020596 1.773790 0.207187
v 0.503900 2.849131 0.210831
v 0.503900 2.825335 0.210831
v 0.545955 2.825335 -0.000645
v 0.546658 2.823629 -0.000645
v 0.545955 2.849131 -0.000645
v 0.504550 2.850838 0.211071
v 0.546658 2.850838 -0.000645
v 0.506011 2.851556 0.211694
v 0.548281 2.851556 -0.000645
v 0.518982 2.851556 0.217065
v 0.562280 2.851556 -0.000645
v 0.395630 2.851556 0.401639
v 0.385737 2.851556 0.391760
v 0.211029 2.851556 0.524975
v 0.205677 2.851556 0.512028
v -0.006704 2.851556 0.568326
v -0.006704 2.851556 0.554275
v -0.224440 2.851556 0.524975
v -0.219088 2.851556 0.512028
v -0.409039 2.851556 0.401639
v -0.399093 2.851556 0.391760
v -0.532338 2.851556 0.217065
v -0.519419 2.851556 0.211694
v -0.575691 2.851556 -0.000645
v -0.561637 2.851556 -0.000645
v -0.532338 2.851556 -0.218403
v -0.519419 2.851556 -0.213032
v -0.409039 2.851556 -0.402976
v -0.399093 2.851556 -0.393098
v -0.224440 2.851556 -0.526313
v -0.219088 2.851556 -0.513366
v -0.006704 2.851556 -0.569663
v -0.006704 2.851556 -0.555613
v 0.211029 2.851556 -0.526313
v 0.205677 2.851556 -0.513366
v 0.395630 2.851556 -0.402976
v 0.385737 2.851556 -0.393098
v 0.518982 2.851556 -0.218403
v 0.506011 2.851556 -0.213032
v 0.562280 2.851556 -0.000645
v 0.548281 2.851556 -0.000645
v 0.504550 2.850838 -0.212408
v 0.546658 2.850838 -0.000645
v 0.384601 2.850838 -0.391947
v 0.205085 2.850838 -0.511879
v -0.006704 2.850838 -0.554030
v -0.218438 2.850838 -0.511879
v -0.397958 2.850838 -0.391947
v -0.517906 2.850838 -0.212408
v -0.560014 2.850838 -0.000645
v -0.517906 2.850838 0.211071
v -0.397958 2.850838 0.390609
v -0.218438 2.850838 0.510541
v -0.006704 2.850838 0.552693
v 0.205085 2.850838 0.510541
v 0.384601 2.850838 0.390609
v 0.384114 2.849131 0.390130
v 0.204814 2.849131 0.509918
v -0.006704 2.849131 0.552021
v -0.218223 2.849131 0.509918
v -0.397470 2.849131 0.390130
v -0.517311 2.849131 0.210831
v -0.559366 2.849131 -0.000645
v -0.517311 2.849131 -0.212169
v -0.397470 2.849131 -0.391467
v -0.218168 2.849131 -0.511256
v -0.006704 2.849131 -0.553359
v 0.204814 2.849131 -0.511256
v 0.384114 2.849131 -0.391467
v 0.503900 2.849131 -0.212169
v 0.545955 2.849131 -0.000645
v 0.503900 2.825335 -0.212169
v 0.545955 2.825335 -0.000645
v 0.384114 2.825335 -0.391467
v 0.204814 2.825335 -0.511256
v -0.006704 2.825335 -0.553359
v -0.218168 2.825335 -0.511256
v -0.397470 2.825335 -0.391467
v -0.517311 2.825335 -0.212169
v -0.559366 2.825335 -0.000645
v -0.517311 2.825335 0.210831
v -0.397470 2.825335 0.390130
v -0.218223 2.825335 0.509918
v -0.006704 2.825335 0.552021
v 0.204814 2.825335 0.509918
v 0.384114 2.825335 0.390130
v 0.504550 2.823629 0.211071
v 0.548281 2.822910 -0.000645
v 0.506011 2.822910 0.211694
v 0.562280 2.822910 -0.000645
v 0.518982 2.822910 0.217065
v 0.385737 2.822910 0.391760
v 0.395630 2.822910 0.401639
v 0.205677 2.822910 0.512028
v 0.211029 2.822910 0.524975
v -0.006704 2.822910 0.554275
v -0.006704 2.822910 0.568326
v -0.219088 2.822910 0.512028
v -0.224440 2.822910 0.524975
v -0.399093 2.822910 0.391760
v -0.409039 2.822910 0.401639
v -0.519419 2.822910 0.211694
v -0.532338 2.822910 0.217065
v -0.561637 2.822910 -0.000645
v -0.575691 2.822910 -0.000645
v -0.519419 2.822910 -0.213032
v -0.532338 2.822910 -0.218403
v -0.399093 2.822910 -0.393098
v -0.409039 2.822910 -0.402976
v -0.219088 2.822910 -0.513366
v -0.224440 2.822910 -0.526313
v -0.006704 2.822910 -0.555613
v -0.006704 2.822910 -0.569663
v 0.205677 2.822910 -0.513366
v 0.211029 2.822910 -0.526313
v 0.385737 2.822910 -0.393098
v 0.395630 2.822910 -0.402976
v 0.506011 2.822910 -0.213032
v 0.518982 2.822910 -0.218403
v 0.548281 2.822910 -0.000645
v 0.562280 2.822910 -0.000645
v 0.546658 2.823629 -0.000645
v 0.504550 2.823629 -0.212408
v 0.384601 2.823629 -0.391947
v 0.205085 2.823629 -0.511879
v -0.006704 2.823629 -0.554030
v -0.218438 2.823629 -0.511879
v -0.397958 2.823629 -0.391947
v -0.517906 2.823629 -0.212408
v -0.560014 2.823629 -0.000645
v -0.517906 2.823629 0.211071
v -0.397958 2.823629 0.390609
v -0.218438 2.823629 0.510541
v -0.006704 2.823629 0.552693
v 0.205085 2.823629 0.510541
v 0.384601 2.823629 0.390609
v -0.010055 2.830274 0.601126
v -0.012111 2.831172 0.601126
v -0.010055 2.822191 0.525455
v -0.012111 2.823000 0.525455
v -0.010055 2.826143 0.449832
v -0.012111 2.827040 0.449832
v -0.010055 2.835841 0.374161
v -0.012111 2.836739 0.374161
v -0.012976 2.829197 0.449832
v -0.012976 2.825155 0.525455
v -0.012976 2.828747 0.525455
v -0.012976 2.836829 0.601126
v -0.012111 2.838984 0.601126
v -0.012111 2.830902 0.525455
v -0.010055 2.839883 0.601126
v -0.012976 2.833237 0.601126
v -0.010055 2.835841 0.374161
v -0.010055 2.863679 0.304820
v -0.012111 2.864577 0.304820
v -0.010055 2.866642 0.292208
v -0.012111 2.867540 0.292208
v -0.010055 2.881100 0.099051
v -0.012111 2.881997 0.099051
v -0.012976 2.869695 0.292208
v -0.012976 2.884063 0.099051
v -0.012111 2.881997 -0.100388
v -0.012976 2.884063 -0.100388
v -0.012976 2.887656 0.099051
v -0.012976 2.873197 0.292208
v -0.012976 2.870234 0.304820
v -0.012976 2.866732 0.304820
v -0.012976 2.838804 0.374161
v -0.012976 2.832788 0.449832
v -0.012111 2.834854 0.449832
v -0.010055 2.831800 0.525455
v -0.003353 2.839883 0.601126
v -0.003353 2.831800 0.525455
v -0.001300 2.838984 0.601126
v -0.012976 2.842396 0.374161
v -0.012111 2.844552 0.374161
v -0.012111 2.872389 0.304820
v -0.012111 2.875352 0.292208
v -0.012111 2.889811 0.099051
v -0.012976 2.887656 -0.100388
v -0.012976 2.869695 -0.293546
v -0.012111 2.867540 -0.293546
v -0.010055 2.866642 -0.293546
v -0.010055 2.881100 -0.100388
v -0.010055 2.835751 0.449832
v -0.010055 2.863769 -0.305774
v -0.012111 2.864666 -0.305774
v -0.012976 2.866822 -0.305774
v -0.012976 2.873197 -0.293546
v -0.012111 2.889811 -0.100388
v -0.010055 2.890708 0.099051
v -0.010055 2.876251 0.292208
v -0.010055 2.873288 0.304820
v -0.010055 2.845449 0.374161
v -0.003353 2.835751 0.449832
v -0.001300 2.830902 0.525455
v -0.000435 2.836829 0.601126
v -0.000435 2.828747 0.525503
v -0.000435 2.833237 0.601126
v -0.010055 2.835841 -0.375499
v -0.012111 2.836739 -0.375499
v -0.001300 2.834854 0.449832
v -0.003353 2.845449 0.374161
v -0.003353 2.873288 0.304820
v -0.003353 2.876251 0.292208
v -0.003353 2.890708 0.099051
v -0.010055 2.890708 -0.100388
v -0.012111 2.875352 -0.293546
v -0.012976 2.870414 -0.305774
v -0.012976 2.838804 -0.375499
v -0.012111 2.827040 -0.451170
v -0.010055 2.826143 -0.451170
v -0.010055 2.835841 -0.375499
v -0.012976 2.829197 -0.451170
v -0.012111 2.823000 -0.526793
v -0.012976 2.842396 -0.375499
v -0.012111 2.872569 -0.305774
v -0.010055 2.876251 -0.293546
v -0.003353 2.890708 -0.100388
v -0.001300 2.889811 0.099051
v -0.001300 2.875352 0.292208
v -0.001300 2.872389 0.304820
v -0.001300 2.844552 0.374161
v -0.000435 2.832788 0.449832
v -0.000435 2.825155 0.525503
v -0.001300 2.831172 0.601126
v -0.001300 2.823000 0.525455
v -0.003353 2.830274 0.601126
v -0.000435 2.829197 0.449832
v -0.000435 2.842396 0.374161
v -0.000435 2.870234 0.304820
v -0.000435 2.873197 0.292208
v -0.000435 2.887656 0.099051
v -0.001300 2.889811 -0.100388
v -0.003353 2.876251 -0.293546
v -0.010055 2.873466 -0.305774
v -0.012111 2.844552 -0.375499
v -0.012976 2.832788 -0.451170
v -0.012976 2.825155 -0.526793
v -0.012111 2.831172 -0.602464
v -0.010055 2.830274 -0.602464
v -0.010055 2.822191 -0.526793
v -0.012976 2.833237 -0.602464
v -0.012976 2.828747 -0.526793
v -0.012111 2.834854 -0.451170
v -0.010055 2.845449 -0.375499
v -0.003353 2.873466 -0.305774
v -0.001300 2.875352 -0.293546
v -0.000435 2.887656 -0.100388
v -0.000435 2.884063 0.099051
v -0.000435 2.869695 0.292208
v -0.000435 2.866732 0.304820
v -0.000435 2.838804 0.374161
v -0.001300 2.827040 0.449832
v -0.003353 2.822191 0.525455
v -0.010055 2.830274 0.601126
v -0.010055 2.822191 0.525455
v -0.003353 2.826143 0.449832
v -0.010055 2.826143 0.449832
v -0.003353 2.835841 0.374161
v -0.010055 2.835841 0.374161
v -0.012976 2.836829 -0.602464
v -0.001300 2.836739 0.374161
v -0.001300 2.864577 0.304820
v -0.001300 2.867540 0.292208
v -0.003353 2.835841 0.374161
v -0.003353 2.863679 0.304820
v -0.010055 2.835841 0.374161
v -0.010055 2.863679 0.304820
v -0.003353 2.866642 0.292208
v -0.010055 2.866642 0.292208
v -0.003353 2.881100 0.099051
v -0.010055 2.881100 0.099051
v -0.003353 2.881100 -0.100388
v -0.010055 2.881100 -0.100388
v -0.012111 2.881997 0.099051
v -0.012111 2.881997 -0.100388
v -0.001300 2.881997 0.099051
v -0.010055 2.835841 -0.375499
v -0.010055 2.863769 -0.305774
v -0.003353 2.835841 -0.375499
v -0.003353 2.863769 -0.305774
v -0.001300 2.836739 -0.375499
v -0.001300 2.864666 -0.305774
v -0.003353 2.866642 -0.293546
v -0.001300 2.867540 -0.293546
v -0.001300 2.881997 -0.100388
v -0.000435 2.884063 -0.100388
v -0.000435 2.873197 -0.293546
v -0.010055 2.866642 -0.293546
v -0.000435 2.869695 -0.293546
v -0.000435 2.866822 -0.305774
v -0.000435 2.838804 -0.375499
v -0.000435 2.829197 -0.451170
v -0.001300 2.827040 -0.451170
v -0.003353 2.835841 -0.375499
v -0.003353 2.826143 -0.451170
v -0.010055 2.835841 -0.375499
v -0.010055 2.826143 -0.451170
v -0.003353 2.822191 -0.526793
v -0.010055 2.822191 -0.526793
v -0.003353 2.830274 -0.602464
v -0.010055 2.830274 -0.602464
v -0.012111 2.827040 -0.451170
v -0.012111 2.823000 -0.526793
v -0.001300 2.831172 -0.602464
v -0.001300 2.823000 -0.526793
v -0.000435 2.825155 -0.526793
v -0.000435 2.828747 -0.526793
v -0.000435 2.832788 -0.451170
v -0.000435 2.842396 -0.375499
v -0.000435 2.870414 -0.305774
v -0.001300 2.872569 -0.305774
v -0.003353 2.845449 -0.375499
v -0.000435 2.833237 -0.602464
v -0.000435 2.836829 -0.602464
v -0.001300 2.838984 -0.602464
v -0.001300 2.844552 -0.375499
v -0.001300 2.834854 -0.451170
v -0.001300 2.830902 -0.526793
v -0.003353 2.839883 -0.602464
v -0.003353 2.831800 -0.526793
v -0.010055 2.839883 -0.602464
v -0.003353 2.835751 -0.451170
v -0.010055 2.835751 -0.451170
v -0.012111 2.830902 -0.526793
v -0.012111 2.838984 -0.602464
v -0.010055 2.831800 -0.526793
v 0.518117 1.536721 -0.525450
v 0.678985 1.536721 -0.284674
v 0.696771 1.536721 -0.292059
v 0.754718 1.536721 -0.000645
v 0.531686 1.536721 -0.539069
v 0.277301 1.536721 -0.686335
v 0.284706 1.536721 -0.704125
v -0.006704 1.536721 -0.742824
v -0.006704 1.536721 -0.762102
v -0.290710 1.536721 -0.686335
v -0.298063 1.536721 -0.704125
v -0.531473 1.536721 -0.525450
v -0.545095 1.536721 -0.539069
v -0.692397 1.536721 -0.284674
v -0.710127 1.536721 -0.292059
v -0.748884 1.536721 -0.000693
v -0.768127 1.536721 -0.000645
v -0.692397 1.536721 0.283337
v -0.710127 1.536721 0.290722
v -0.531473 1.536721 0.524113
v -0.545095 1.536721 0.537731
v -0.290710 1.536721 0.684997
v -0.298063 1.536721 0.702788
v -0.006704 1.536721 0.741487
v -0.006704 1.536721 0.760764
v 0.277301 1.536721 0.684997
v 0.284706 1.536721 0.702788
v 0.518117 1.536721 0.524113
v 0.531686 1.536721 0.537731
v 0.678985 1.536721 0.283337
v 0.696771 1.536721 0.290722
v 0.677310 1.535913 0.282666
v 0.516821 1.535913 0.522866
v 0.276599 1.535913 0.683319
v -0.006704 1.535913 0.739664
v -0.290008 1.535913 0.683319
v -0.530230 1.535913 0.522866
v -0.690721 1.535913 0.282666
v -0.747046 1.535913 -0.000645
v -0.690721 1.535913 -0.284003
v -0.530230 1.535913 -0.524155
v -0.290008 1.535913 -0.684656
v -0.006704 1.535913 -0.741002
v 0.276599 1.535913 -0.684656
v 0.516821 1.535913 -0.524155
v 0.677310 1.535913 -0.284003
v 0.735475 1.536721 -0.000645
v 0.733637 1.535913 -0.000645
v 0.678985 1.536721 0.283337
v 0.677310 1.535913 0.282666
v 0.732879 1.534117 -0.000645
v 0.676607 1.534117 0.282378
v 0.676607 1.534117 0.282378
v 0.696771 1.536721 0.290722
v 0.676607 1.534117 -0.283715
v 0.516279 1.534117 -0.523628
v 0.276329 1.534117 -0.683985
v -0.006704 1.534117 -0.740282
v -0.289738 1.534117 -0.683985
v -0.529690 1.534117 -0.523628
v -0.690018 1.534117 -0.283715
v -0.746288 1.534117 -0.000645
v -0.690018 1.534117 0.282378
v -0.529690 1.534117 0.522290
v -0.289738 1.534117 0.682648
v -0.006704 1.534117 0.738945
v 0.276329 1.534117 0.682648
v 0.516279 1.534117 0.522290
v 0.676607 1.508524 0.282378
v 0.516279 1.508524 0.522290
v 0.677310 1.506729 0.282666
v 0.276329 1.508524 0.682648
v -0.006704 1.508524 0.738945
v -0.289738 1.508524 0.682648
v -0.529690 1.508524 0.522290
v -0.690018 1.508524 0.282378
v -0.746288 1.508524 -0.000645
v -0.690018 1.508524 -0.283715
v -0.529690 1.508524 -0.523628
v -0.289738 1.508524 -0.683985
v -0.006704 1.508524 -0.740282
v 0.276329 1.508524 -0.683985
v 0.516279 1.508524 -0.523628
v 0.676607 1.508524 -0.283715
v 0.732879 1.508524 -0.000645
v 0.676607 1.508524 0.282378
v 0.733637 1.506729 -0.000645
v 0.677310 1.506729 0.282666
v 0.677310 1.506729 -0.284003
v 0.516821 1.506729 -0.524155
v 0.276599 1.506729 -0.684656
v -0.006704 1.506729 -0.741002
v -0.290008 1.506729 -0.684656
v -0.530230 1.506729 -0.524155
v -0.690721 1.506729 -0.284003
v -0.747046 1.506729 -0.000645
v -0.690721 1.506729 0.282666
v -0.530230 1.506729 0.522866
v -0.290008 1.506729 0.683319
v -0.006704 1.506729 0.739664
v 0.276599 1.506729 0.683319
v 0.516821 1.506729 0.522866
v 0.678985 1.505921 0.283337
v 0.518117 1.505921 0.524113
v 0.696771 1.505921 0.290722
v 0.531686 1.505921 0.537731
v 0.277301 1.505921 0.684997
v -0.006704 1.505921 0.741487
v -0.290710 1.505921 0.684997
v -0.531473 1.505921 0.524113
v -0.692397 1.505921 0.283337
v -0.748884 1.505921 -0.000693
v -0.692397 1.505921 -0.284674
v -0.531473 1.505921 -0.525450
v -0.290710 1.505921 -0.686335
v -0.006704 1.505921 -0.742824
v 0.277301 1.505921 -0.686335
v 0.518117 1.505921 -0.525450
v 0.678985 1.505921 -0.284674
v 0.735475 1.505921 -0.000645
v 0.678985 1.505921 0.283337
v 0.754718 1.505921 -0.000645
v 0.696771 1.505921 0.290722
v 0.696771 1.505921 -0.292059
v 0.531686 1.505921 -0.539069
v 0.284706 1.505921 -0.704125
v -0.006704 1.505921 -0.762102
v -0.298063 1.505921 -0.704125
v -0.545095 1.505921 -0.539069
v -0.710127 1.505921 -0.292059
v -0.768127 1.505921 -0.000645
v -0.710127 1.505921 0.290722
v -0.545095 1.505921 0.537731
v -0.298063 1.505921 0.702788
v -0.006704 1.505921 0.760764
v 0.284706 1.505921 0.702788
v 0.005727 2.997479 -0.013113
v 0.009566 2.997479 -0.007406
v -0.006704 3.001070 -0.000645
v 0.010916 2.997479 -0.000693
v 0.009566 2.997479 0.006069
v 0.023350 2.987153 0.011775
v 0.025783 2.987153 -0.000645
v 0.023350 2.987153 -0.013113
v 0.016268 2.987153 -0.023662
v 0.032540 2.971797 -0.016901
v 0.023350 2.971797 -0.030712
v 0.035783 2.971797 -0.000645
v 0.032540 2.971797 0.015564
v 0.023350 2.971797 0.029374
v 0.016268 2.987153 0.022325
v 0.005727 2.997479 0.011775
v 0.000053 2.997479 0.015564
v -0.006704 2.997479 0.016906
v 0.005727 2.987153 0.029374
v -0.006704 2.987153 0.031820
v -0.013409 2.997479 0.015564
v -0.019138 2.987153 0.029374
v -0.019138 2.997479 0.011775
v -0.029679 2.987153 0.022325
v -0.036706 2.987153 0.011775
v -0.022922 2.997479 0.006069
v -0.024272 2.997479 -0.000645
v -0.039192 2.987153 -0.000645
v -0.049137 2.971797 -0.000645
v -0.045949 2.971797 0.015564
v -0.036706 2.971797 0.029374
v -0.022922 2.971797 0.038581
v -0.006704 2.971797 0.041794
v 0.009566 2.971797 0.038581
v 0.010916 2.953657 0.041794
v 0.025783 2.953657 0.031820
v 0.035783 2.953657 0.016906
v 0.039242 2.953657 -0.000645
v 0.035783 2.953657 -0.018244
v 0.025783 2.953657 -0.033157
v 0.032540 2.935518 -0.016901
v 0.023350 2.935518 -0.030712
v 0.035783 2.935518 -0.000645
v 0.032540 2.935518 0.015564
v 0.023350 2.935518 0.029374
v 0.009566 2.935518 0.038581
v -0.006704 2.953657 0.045295
v -0.024272 2.953657 0.041794
v -0.006704 2.935518 0.041794
v 0.005727 2.920162 0.029374
v 0.016268 2.920162 0.022325
v 0.005727 2.909925 0.011775
v 0.000053 2.909925 0.015564
v -0.006704 2.920162 0.031820
v -0.022922 2.935518 0.038581
v 0.023350 2.920162 0.011775
v 0.009566 2.909925 0.006069
v -0.006704 2.906334 -0.000645
v -0.006704 2.909925 0.016906
v -0.019138 2.920162 0.029374
v -0.013409 2.909925 0.015564
v -0.019138 2.909925 0.011775
v -0.022922 2.909925 0.006069
v -0.036706 2.920162 0.011775
v -0.024272 2.909925 -0.000645
v -0.039192 2.920162 -0.000645
v -0.022922 2.909925 -0.007406
v -0.036706 2.920162 -0.013113
v -0.019138 2.909925 -0.013113
v -0.013409 2.909925 -0.016901
v -0.006704 2.909925 -0.018244
v 0.000053 2.909925 -0.016901
v 0.005727 2.909925 -0.013113
v 0.016268 2.920162 -0.023662
v 0.005727 2.920162 -0.030712
v -0.006704 2.920162 -0.033157
v -0.019138 2.920162 -0.030712
v -0.029679 2.920162 -0.023662
v -0.045949 2.935518 -0.016901
v -0.049137 2.935518 -0.000645
v -0.045949 2.935518 0.015564
v -0.036706 2.935518 0.029374
v -0.029679 2.920162 0.022325
v -0.039192 2.953657 0.031820
v -0.049137 2.953657 0.016906
v -0.052651 2.953657 -0.000645
v -0.049137 2.953657 -0.018244
v -0.036706 2.935518 -0.030712
v -0.022922 2.935518 -0.039919
v -0.039192 2.953657 -0.033157
v -0.045949 2.971797 -0.016901
v -0.036706 2.987153 -0.013113
v -0.022922 2.997479 -0.007406
v -0.019138 2.997479 -0.013113
v -0.029679 2.987153 -0.023662
v -0.013409 2.997479 -0.016901
v -0.006704 2.997479 -0.018244
v 0.000053 2.997479 -0.016901
v 0.005727 2.997479 -0.013113
v 0.005727 2.987153 -0.030712
v 0.016268 2.987153 -0.023662
v 0.009566 2.971797 -0.039919
v 0.023350 2.971797 -0.030712
v 0.025783 2.953657 -0.033157
v 0.010916 2.953657 -0.043132
v 0.023350 2.935518 -0.030712
v 0.009566 2.935518 -0.039919
v -0.006704 2.935518 -0.043132
v -0.024272 2.953657 -0.043132
v -0.006704 2.953657 -0.046633
v -0.006704 2.971797 -0.043132
v -0.006704 2.987153 -0.033157
v -0.019138 2.987153 -0.030712
v -0.036706 2.971797 -0.030712
v -0.022922 2.971797 -0.039919
v 0.025783 2.920162 -0.000645
v 0.023350 2.920162 -0.013113
v 0.016268 2.920162 -0.023662
v 0.009566 2.909925 -0.007406
v 0.005727 2.909925 -0.013113
v 0.010916 2.909925 -0.000693
v -0.772236 1.577400 -0.008653
v -0.676017 1.562583 -0.008653
v -0.772236 1.572911 -0.008653
v -0.772236 1.570216 -0.007550
v -0.676017 1.559890 -0.007550
v -0.772236 1.569049 -0.004913
v -0.676017 1.558722 -0.004913
v -0.772236 1.569049 0.003575
v -0.676017 1.558722 0.003575
v -0.772236 1.570216 0.006213
v -0.676017 1.559890 0.006213
v -0.772236 1.572911 0.007316
v -0.676017 1.562583 0.007316
v -0.676017 1.567163 0.007316
v -0.772236 1.577400 0.007316
v -0.772236 1.580184 0.006213
v -0.676017 1.569857 0.006213
v -0.772236 1.581262 0.003575
v -0.676017 1.571024 0.003575
v -0.772236 1.581262 -0.004913
v -0.676017 1.571024 -0.004913
v -0.579745 1.576143 0.003575
v -0.579745 1.574975 0.006213
v -0.579745 1.572281 0.007316
v -0.579745 1.567791 0.007316
v -0.483526 1.584494 0.007316
v -0.483526 1.587278 0.006213
v -0.483526 1.588355 0.003575
v -0.579745 1.576143 -0.004913
v -0.483526 1.588355 -0.004913
v -0.579745 1.574975 -0.007550
v -0.483526 1.587278 -0.007550
v -0.676017 1.569857 -0.007550
v -0.483526 1.580004 0.007316
v -0.483526 1.577310 0.006213
v -0.579745 1.565008 0.006213
v -0.579745 1.563930 0.003575
v -0.579745 1.563930 -0.004913
v -0.579745 1.565008 -0.007550
v -0.579745 1.567791 -0.008653
v -0.676017 1.567163 -0.008653
v -0.676017 1.569857 -0.007550
v -0.772236 1.580184 -0.007550
v -0.676017 1.571024 -0.004913
v -0.772236 1.581262 -0.004913
v -0.579745 1.574975 -0.007550
v -0.579745 1.572281 -0.008653
v -0.483526 1.580004 -0.008653
v -0.483526 1.577310 -0.007550
v -0.483526 1.576143 -0.004913
v -0.483526 1.576143 0.003575
v -0.395309 1.611614 0.003575
v -0.395309 1.611614 -0.004913
v -0.395309 1.612691 -0.007550
v -0.483526 1.577310 -0.007550
v -0.395309 1.615475 -0.008653
v -0.483526 1.580004 -0.008653
v -0.483526 1.584494 -0.008653
v -0.395309 1.619965 -0.008653
v -0.395309 1.622659 -0.007550
v -0.379254 1.626521 -0.007550
v -0.379254 1.623736 -0.008653
v -0.133573 1.644839 -0.007550
v -0.483526 1.587278 -0.007550
v -0.483526 1.584494 -0.008653
v -0.483526 1.587278 -0.007550
v -0.379254 1.619246 -0.008653
v -0.379254 1.616552 -0.007550
v -0.379254 1.615385 -0.004913
v -0.379254 1.615385 0.003575
v -0.395309 1.612691 0.006213
v -0.379254 1.616552 0.006213
v -0.395309 1.615475 0.007316
v -0.483526 1.580004 0.007316
v -0.133573 1.637566 -0.008653
v -0.133573 1.634872 -0.007550
v -0.133573 1.633704 -0.004913
v -0.133573 1.633704 0.003575
v -0.133573 1.642056 -0.008653
v 0.120164 1.644839 -0.007550
v 0.120164 1.642056 -0.008653
v 0.365898 1.626521 -0.007550
v 0.365898 1.623736 -0.008653
v 0.381413 1.622839 -0.007550
v 0.381413 1.620144 -0.008653
v 0.470117 1.587278 -0.007550
v 0.470117 1.584494 -0.008653
v 0.470117 1.580004 -0.008653
v 0.381413 1.615655 -0.008653
v 0.381413 1.612870 -0.007550
v 0.470117 1.577310 -0.007550
v 0.381413 1.611793 -0.004913
v 0.470117 1.576143 -0.004913
v 0.381413 1.611793 0.003575
v 0.470117 1.576143 0.003575
v 0.381413 1.612870 0.006213
v 0.470117 1.577310 0.006213
v 0.566389 1.563930 0.003575
v 0.566389 1.563930 -0.004913
v 0.566389 1.565008 -0.007550
v 0.470117 1.577310 -0.007550
v 0.566389 1.567791 -0.008653
v 0.470117 1.580004 -0.008653
v 0.470117 1.584494 -0.008653
v 0.566389 1.572281 -0.008653
v 0.566389 1.574975 -0.007550
v 0.662608 1.569857 -0.007550
v 0.662608 1.567163 -0.008653
v 0.662608 1.562583 -0.008653
v 0.662608 1.559890 -0.007550
v 0.662608 1.558722 -0.004913
v 0.662608 1.558722 0.003575
v 0.566389 1.565008 0.006213
v 0.662608 1.559890 0.006213
v 0.566389 1.567791 0.007316
v 0.470117 1.580004 0.007316
v 0.470117 1.587278 -0.007550
v 0.758827 1.572911 -0.008653
v 0.758827 1.570216 -0.007550
v 0.758827 1.569049 -0.004913
v 0.758827 1.569049 0.003575
v 0.758827 1.570216 0.006213
v 0.662608 1.562583 0.007316
v 0.758827 1.572911 0.007316
v 0.758827 1.577400 0.007316
v 0.662608 1.567163 0.007316
v 0.758827 1.577400 -0.008653
v 0.758827 1.580184 -0.007550
v 0.758827 1.581262 -0.004913
v 0.662608 1.571024 -0.004913
v 0.566389 1.572281 0.007316
v 0.470117 1.584494 0.007316
v 0.470117 1.587278 0.006213
v 0.566389 1.574975 0.006213
v 0.470117 1.588355 0.003575
v 0.662608 1.569857 0.006213
v 0.758827 1.580184 0.006213
v 0.662608 1.571024 0.003575
v 0.758827 1.581262 0.003575
v 0.662608 1.571024 -0.004913
v 0.758827 1.581262 -0.004913
v 0.662608 1.569857 -0.007550
v 0.566389 1.574975 -0.007550
v 0.566389 1.576143 -0.004913
v 0.566389 1.576143 0.003575
v 0.470117 1.588355 -0.004913
v 0.470117 1.587278 -0.007550
v 0.120164 1.637566 -0.008653
v 0.120164 1.634872 -0.007550
v 0.120164 1.633704 -0.004913
v 0.120164 1.633704 0.003575
v -0.133573 1.634872 0.006213
v -0.379254 1.619246 0.007316
v -0.395309 1.619965 0.007316
v -0.483526 1.584494 0.007316
v -0.483526 1.587278 0.006213
v -0.395309 1.622659 0.006213
v -0.483526 1.588355 0.003575
v -0.395309 1.623826 0.003575
v -0.483526 1.588355 -0.004913
v -0.395309 1.623826 -0.004913
v -0.483526 1.587278 -0.007550
v -0.395309 1.622659 -0.007550
v -0.379254 1.627597 -0.004913
v -0.379254 1.626521 -0.007550
v -0.379254 1.623736 0.007316
v -0.379254 1.626521 0.006213
v -0.379254 1.627597 0.003575
v -0.133573 1.645917 0.003575
v -0.133573 1.645917 -0.004913
v -0.133573 1.644839 -0.007550
v 0.120164 1.645917 -0.004913
v 0.120164 1.644839 -0.007550
v -0.133573 1.644839 0.006213
v 0.120164 1.644839 0.006213
v 0.120164 1.645917 0.003575
v -0.133573 1.642056 0.007316
v 0.120164 1.642056 0.007316
v -0.133573 1.637566 0.007316
v 0.120164 1.634872 0.006213
v 0.120164 1.637566 0.007316
v 0.365898 1.623736 0.007316
v 0.365898 1.626521 0.006213
v 0.365898 1.627597 0.003575
v 0.365898 1.627597 -0.004913
v 0.365898 1.626521 -0.007550
v 0.381413 1.624006 -0.004913
v 0.381413 1.622839 -0.007550
v 0.470117 1.588355 -0.004913
v 0.470117 1.587278 -0.007550
v 0.470117 1.588355 0.003575
v 0.381413 1.624006 0.003575
v 0.381413 1.622839 0.006213
v 0.381413 1.620144 0.007316
v 0.381413 1.615655 0.007316
v 0.470117 1.584494 0.007316
v 0.470117 1.580004 0.007316
v 0.365898 1.619246 0.007316
v 0.365898 1.616552 0.006213
v 0.365898 1.615385 0.003575
v 0.365898 1.615385 -0.004913
v 0.365898 1.616552 -0.007550
v 0.365898 1.619246 -0.008653
v 0.470117 1.587278 0.006213
vn 0.7223 0.2323 -0.6514
vn 0.7220 0.2323 -0.6517
vn 0.5818 0.2326 -0.7794
vn 0.5821 0.2326 -0.7792
vn 0.4175 0.2326 -0.8784
vn 0.4179 0.2326 -0.8782
vn -0.7775 0.2409 -0.5809
vn -0.6513 0.2368 -0.7209
vn -0.6515 0.2368 -0.7208
vn -0.7776 0.2409 -0.5807
vn -0.2953 -0.9357 0.1931
vn -0.2446 -0.9502 0.1932
vn -0.1826 -0.6934 0.6971
vn -0.2115 -0.6658 0.7155
vn -0.4152 0.2404 0.8774
vn -0.4156 0.2404 0.8772
vn -0.2391 0.2337 0.9425
vn -0.2387 0.2336 0.9426
vn 0.2968 0.0095 -0.9549
vn 0.1477 0.0095 -0.9890
vn 0.1429 0.3068 -0.9410
vn 0.2794 0.3074 -0.9097
vn 0.8295 -0.0589 -0.5553
vn 0.1717 0.4694 -0.8661
vn 0.1702 -0.4742 -0.8638
vn 0.8293 -0.0618 -0.5553
vn 0.9717 0.2311 0.0492
vn 0.9428 0.2307 0.2406
vn 0.9427 0.2306 0.2412
vn 0.9717 0.2310 0.0491
vn 0.1703 -0.4731 0.8644
vn -0.1765 -0.4718 0.8638
vn -0.1951 -0.0611 0.9789
vn 0.1942 -0.0576 0.9793
vn 0.2370 0.2374 -0.9420
vn 0.2366 0.2374 -0.9422
vn 0.0506 0.2420 -0.9690
vn 0.0508 0.2390 -0.9697
vn -0.0530 0.2367 0.9701
vn -0.0534 0.2367 0.9701
vn 0.1372 0.2357 0.9621
vn 0.1376 0.2357 0.9620
vn -0.1385 0.2367 -0.9617
vn -0.1389 0.2366 -0.9616
vn -0.3262 0.2377 -0.9149
vn -0.3259 0.2377 -0.9151
vn 0.9168 0.2315 -0.3254
vn 0.9630 0.2312 -0.1386
vn 0.9630 0.2312 -0.1388
vn 0.9167 0.2315 -0.3257
vn 0.7798 0.2310 0.5819
vn 0.6507 0.2381 0.7211
vn 0.6497 0.2386 0.7217
vn 0.7797 0.2310 0.5820
vn -0.9146 0.2406 0.3251
vn -0.9146 0.2406 0.3249
vn -0.8359 0.2364 0.4954
vn -0.8357 0.2364 0.4956
vn -0.9692 0.2413 -0.0491
vn -0.9406 0.2412 -0.2390
vn -0.9693 0.2411 -0.0491
vn -0.8750 0.2412 -0.4198
vn -0.8750 0.2412 -0.4197
vn -0.0536 -0.2012 0.9781
vn -0.0570 -0.1779 0.9824
vn -0.4874 -0.4762 -0.7319
vn -0.1712 -0.4729 -0.8643
vn 0.1695 0.4694 -0.8665
vn -0.5522 -0.0588 -0.8317
vn 0.3252 0.2372 0.9154
vn 0.3249 0.2371 0.9156
vn 0.4963 0.2390 0.8346
vn 0.4966 0.2390 0.8344
vn -0.5804 0.2385 0.7786
vn -0.5808 0.2385 0.7784
vn -0.9615 0.2372 0.1386
vn -0.9615 0.2372 0.1384
vn 0.8367 0.2319 -0.4962
vn 0.8368 0.2319 -0.4959
vn -0.7214 0.2358 0.6511
vn -0.7217 0.2358 0.6509
vn -0.4975 0.2395 -0.8337
vn -0.4972 0.2396 -0.8339
vn -0.0094 -0.1866 -0.9824
vn -0.0246 -0.1808 -0.9832
vn -0.1035 -0.6813 -0.7246
vn -0.0227 -0.6919 -0.7216
vn -0.1523 -0.9675 -0.2017
vn -0.0396 -0.9786 -0.2018
vn 0.7080 -0.0000 -0.7062
vn 0.3831 -0.0000 -0.9237
vn 0.3824 0.0833 -0.9202
vn 0.7062 0.0818 -0.7033
vn 0.7016 0.1147 -0.7032
vn 0.9178 0.1111 -0.3812
vn 0.9178 0.1112 -0.3811
vn 0.7016 0.1148 -0.7032
vn 0.9936 0.1130 0.0022
vn -0.0000 0.1133 0.9936
vn -0.3782 0.1149 0.9186
vn -0.3786 0.1149 0.9184
vn -0.0001 0.1145 0.9934
vn 0.1072 -0.6808 -0.7246
vn 0.0227 -0.6918 -0.7217
vn 0.0359 -0.9787 -0.2019
vn 0.1485 -0.9681 -0.2018
vn 0.0283 -0.1805 -0.9832
vn 0.0057 -0.1866 -0.9824
vn 0.9887 0.0019 0.1501
vn 0.9556 -0.0000 0.2948
vn -0.0023 1.0000 0.0017
vn -0.0023 1.0000 0.0020
vn 0.0942 0.9483 -0.3031
vn 0.0490 0.9490 -0.3115
vn 0.0227 0.9877 -0.1545
vn 0.0491 0.9875 -0.1501
vn 0.0645 0.1981 0.9781
vn 0.0281 0.1977 0.9799
vn -0.0280 -0.1803 0.9832
vn -0.0039 -0.1477 -0.9890
vn -0.3793 -0.1486 -0.9133
vn -0.3794 0.1481 -0.9133
vn -0.0036 0.1477 -0.9890
vn -0.0849 -0.9758 -0.2015
vn 0.0283 -0.9790 -0.2018
vn 0.0283 -0.9790 0.2017
vn -0.0849 -0.9758 0.2016
vn 0.1071 0.6986 -0.7075
vn 0.2155 0.6826 -0.6983
vn 0.0684 0.1967 -0.9781
vn 0.0319 0.1976 -0.9798
vn -0.0000 0.1133 -0.9936
vn 0.3791 0.1120 -0.9186
vn 0.3791 0.1121 -0.9185
vn -0.0000 0.1134 -0.9936
vn 0.7020 0.1127 0.7032
vn 0.3782 0.1150 0.9186
vn 0.3782 0.1150 0.9185
vn 0.9165 0.1161 0.3828
vn 0.9164 0.1166 0.3830
vn -0.9936 0.1130 0.0022
vn -0.9178 0.1111 -0.3812
vn -0.9178 0.1112 -0.3811
vn -0.9936 0.1131 0.0022
vn 0.9486 0.3081 0.0721
vn 0.9279 0.3078 0.2103
vn 0.9747 0.0151 0.2231
vn 0.9969 0.0123 0.0774
vn 0.8666 0.0133 -0.4987
vn 0.7805 0.0133 -0.6250
vn 0.7440 0.3070 -0.5934
vn 0.8232 0.3096 -0.4759
vn -0.7020 0.1127 0.7032
vn -0.9171 0.1166 0.3812
vn -0.9172 0.1165 0.3811
vn -0.7020 0.1128 0.7032
vn -0.3791 0.1120 -0.9186
vn -0.7016 0.1147 -0.7032
vn -0.7016 0.1148 -0.7032
vn 0.9179 0.1161 0.3796
vn 0.9179 0.1166 0.3794
vn -0.9461 0.3156 0.0720
vn -0.9255 0.3149 0.2103
vn -0.9748 0.0076 0.2231
vn -0.9971 0.0038 0.0764
vn 0.1503 0.9687 -0.1976
vn 0.2902 0.9372 -0.1933
vn 0.2163 0.6851 -0.6956
vn 0.1074 0.7009 -0.7052
vn 0.0980 -0.9951 -0.0109
vn 0.0980 -0.9951 0.0109
vn -0.0980 -0.9951 0.0109
vn -0.0979 -0.9951 -0.0108
vn 0.3982 0.9170 -0.0240
vn 0.9286 0.3687 -0.0415
vn 0.9791 0.2026 -0.0196
vn 0.9836 0.1804 -0.0065
vn -0.2137 -0.6652 -0.7155
vn -0.0541 -0.1789 -0.9824
vn 0.1934 -0.0000 -0.9811
vn -0.5546 -0.0000 -0.8321
vn -0.5722 0.1250 -0.8105
vn -0.1224 0.0556 -0.9909
vn -0.2125 -0.0000 0.9772
vn -0.1958 0.3342 0.9219
vn 0.1926 0.3360 0.9220
vn 0.2124 0.0002 0.9772
vn 0.7079 -0.0000 -0.7063
vn 0.3829 -0.0000 -0.9238
vn 0.3832 0.0001 -0.9237
vn 0.4275 -0.2589 -0.8662
vn 0.9681 -0.2372 -0.0813
vn 0.9809 0.0014 -0.1943
vn 0.5571 0.0015 -0.8304
vn -0.9822 -0.1875 0.0066
vn -0.9822 -0.1875 -0.0066
vn -0.9808 0.1947 0.0068
vn -0.9808 0.1947 -0.0068
vn -0.0075 0.1910 0.9816
vn 0.0075 0.1912 0.9815
vn 0.0264 0.6982 0.7154
vn -0.0264 0.6980 0.7156
vn 0.5532 0.1514 -0.8192
vn 0.7055 -0.0483 -0.7070
vn -0.9245 -0.0000 0.3812
vn -0.7079 -0.0000 0.7063
vn -0.9243 -0.0001 0.3816
vn 0.3744 -0.1887 0.9079
vn 0.3745 0.1891 0.9078
vn 0.6957 0.1861 0.6938
vn 0.6955 -0.1869 0.6938
vn -0.9815 0.0037 0.1913
vn -0.8333 0.0037 0.5527
vn -0.7257 0.2546 0.6392
vn -0.9153 0.2539 0.3126
vn 0.0057 0.1910 -0.9816
vn -0.1233 0.5826 0.8033
vn -0.2424 0.5852 0.7738
vn -0.2779 0.3085 0.9097
vn -0.1420 0.3071 0.9410
vn -0.0541 -0.1787 -0.9824
vn -0.0247 -0.1807 -0.9832
vn 0.0337 0.1968 -0.9799
vn 0.0686 0.1965 -0.9781
vn -0.2154 0.6826 -0.6984
vn -0.0651 0.1977 -0.9781
vn -0.0450 0.1725 -0.9840
vn -0.1774 0.6647 -0.7257
vn 0.0449 0.1725 -0.9840
vn -0.0578 -0.1999 -0.9781
vn -0.7926 0.5825 -0.1803
vn -0.7560 0.5844 -0.2949
vn -0.8866 0.3040 -0.3486
vn -0.9272 0.3100 -0.2103
vn 0.8307 -0.0589 -0.5536
vn 0.8306 -0.0619 -0.5534
vn -1.0000 -0.0000 0.0022
vn -0.9245 0.0037 -0.3812
vn -0.9568 0.2123 -0.1985
vn -0.9241 0.3821 -0.0001
vn -0.7079 0.0038 -0.7063
vn -0.3832 -0.0000 -0.9237
vn -0.5366 0.2065 -0.8181
vn -0.6537 0.3810 -0.6538
vn 0.5522 0.2108 -0.8066
vn 0.3554 0.3719 -0.8575
vn -0.7806 0.0133 -0.6249
vn -0.8666 0.0133 -0.4988
vn -0.8229 0.3103 -0.4759
vn -0.7436 0.3076 -0.5937
vn -0.7072 -0.0302 0.7064
vn -0.9241 -0.0276 0.3810
vn -0.9190 -0.1004 0.3811
vn -0.7030 -0.1044 0.7035
vn 0.9245 -0.0000 -0.3812
vn 1.0000 0.0001 0.0022
vn 0.9591 0.2192 -0.1790
vn 0.8688 0.3678 -0.3314
vn 0.8662 0.0133 -0.4994
vn 0.7806 0.0132 -0.6249
vn 0.7436 0.3075 -0.5937
vn 0.8229 0.3103 -0.4759
vn -0.1015 -0.6816 0.7247
vn -0.2976 -0.9350 -0.1930
vn -0.9970 0.0114 0.0764
vn -0.9747 0.0152 0.2231
vn -0.9279 0.3078 0.2104
vn -0.9486 0.3082 0.0720
vn -0.1970 0.9688 0.1502
vn -0.2024 0.9786 0.0373
vn -0.7110 0.7027 0.0243
vn -0.7046 0.7015 0.1072
vn -0.8841 0.3111 0.3487
vn -0.8231 0.3102 0.4757
vn -0.8667 0.0039 0.4988
vn -0.9309 0.0094 0.3652
vn -0.4344 0.0094 0.9007
vn -0.2966 0.0151 0.9549
vn -0.4150 0.3061 0.8568
vn 0.8867 0.3038 0.3486
vn 0.8229 0.3103 0.4759
vn 0.8667 0.0113 0.4988
vn 0.9310 0.0095 0.3649
vn 0.7408 0.3145 -0.5935
vn 0.6447 0.3140 -0.6970
vn 0.6795 0.0057 -0.7336
vn 0.7807 0.0057 -0.6249
vn -0.9299 -0.3546 0.0981
vn -0.9299 -0.3546 -0.0982
vn -0.5010 -0.8637 -0.0548
vn -0.5008 -0.8638 0.0547
vn 0.5765 0.8062 0.1329
vn 0.5505 0.8068 0.2147
vn 0.7577 0.5822 0.2948
vn 0.7897 0.5863 0.1803
vn -0.0865 0.8051 0.5868
vn -0.1758 0.8059 0.5654
vn 0.2188 0.6830 0.6969
vn 0.1753 0.6665 0.7246
vn 0.2557 0.9464 0.1976
vn 0.2917 0.9368 0.1932
vn -0.1523 -0.9675 0.2018
vn -0.0867 0.9879 0.1285
vn -0.1087 0.9873 0.1160
vn -0.2168 0.9484 0.2315
vn -0.1800 0.9483 0.2613
vn 0.0264 0.6980 0.7156
vn 0.1088 0.6993 0.7065
vn 0.1503 0.9687 0.1977
vn 0.0359 0.9788 0.2018
vn 0.5796 0.8138 -0.0416
vn 0.5805 0.8132 0.0415
vn 0.2981 0.9542 0.0240
vn 0.2977 0.9544 -0.0239
vn 0.1965 -0.2426 -0.9500
vn 0.2010 0.0813 -0.9762
vn 0.6922 0.0680 -0.7185
vn 0.6980 -0.1773 -0.6938
vn 0.2006 -0.9681 -0.1502
vn 0.2024 -0.9786 -0.0371
vn 0.7228 -0.6906 -0.0240
vn 0.7261 -0.6792 -0.1068
vn 0.3778 -0.1822 0.9078
vn 0.3769 -0.1537 0.9134
vn 0.6999 -0.1565 0.6969
vn 0.6956 -0.1863 0.6938
vn 0.1238 0.5826 -0.8033
vn -0.0000 0.5849 -0.8111
vn 0.0037 0.8046 -0.5938
vn 0.0903 0.8047 -0.5868
vn 0.9184 0.1055 0.3812
vn 0.9945 0.1044 0.0022
vn 0.9824 0.1868 0.0021
vn 0.9070 0.1875 0.3772
vn 0.9426 -0.1991 0.2679
vn 0.6453 -0.1804 0.7423
vn 0.5572 0.0013 0.8304
vn 0.8083 0.5670 0.1585
vn -0.1504 0.9687 -0.1975
vn -0.0396 0.9786 -0.2018
vn -0.0283 0.6993 -0.7142
vn -0.1111 0.7005 -0.7050
vn 0.0245 0.6968 -0.7169
vn 0.9462 0.3154 0.0720
vn 0.9255 0.3150 0.2102
vn 0.7850 0.5926 0.1804
vn 0.8026 0.5937 0.0590
vn 0.3046 0.9498 -0.0720
vn 0.2938 0.9488 -0.1158
vn 0.0076 1.0000 -0.0022
vn -0.1206 0.9878 -0.0981
vn -0.1092 0.9873 -0.1155
vn -0.2136 0.9491 -0.2316
vn -0.2467 0.9488 -0.1975
vn -0.7070 0.0296 0.7066
vn -0.7027 0.1048 0.7037
vn -0.9184 0.1069 0.3809
vn -0.9241 0.0309 0.3809
vn 0.5049 0.8126 0.2912
vn 0.4516 0.8160 0.3609
vn 0.2361 0.9532 0.1889
vn 0.2572 0.9546 0.1502
vn 0.4906 0.4592 0.7405
vn 0.4939 0.4593 0.7383
vn 0.8295 -0.0588 0.5553
vn 0.5522 -0.0586 0.8316
vn -0.0019 0.1481 -0.9890
vn 0.3777 0.1481 -0.9140
vn 0.3802 -0.0307 -0.9244
vn 0.0018 -0.0304 -0.9995
vn -0.9238 0.0343 -0.3814
vn -0.9144 -0.1471 -0.3771
vn -0.9898 -0.1422 0.0021
vn -0.9996 0.0297 0.0024
vn -0.6975 -0.1522 0.7002
vn -0.9134 -0.1532 0.3771
vn -0.9201 0.0903 0.3812
vn -0.7057 0.0897 0.7028
vn -0.9802 0.0356 0.1946
vn -0.4965 0.4548 0.7394
vn -0.4914 0.4712 0.7325
vn -0.7355 0.4684 0.4895
vn -0.1353 0.9485 0.2864
vn -0.3342 0.8048 0.4905
vn -0.2563 0.8067 0.5325
vn -0.0000 1.0000 -0.0022
vn -0.2210 -0.0019 0.9753
vn -0.0741 0.0019 0.9972
vn -0.0000 1.0000 0.0022
vn 0.8650 0.4708 0.1736
vn 0.4939 0.4576 0.7394
vn 0.8726 0.4573 0.1718
vn -0.9129 0.1565 0.3770
vn -0.6997 0.1571 0.6970
vn -0.7077 0.0002 0.7065
vn -0.9245 0.0027 0.3812
vn -0.4880 0.4711 0.7347
vn -0.5539 -0.0586 0.8305
vn 0.0075 1.0000 -0.0022
vn 0.0072 1.0000 0.0022
vn 0.3114 0.9500 0.0240
vn 0.3116 0.9499 -0.0240
vn -0.9081 0.1816 -0.3772
vn -0.9824 0.1870 0.0022
vn -0.9874 0.1585 0.0022
vn -0.9131 0.1551 -0.3771
vn 0.0192 0.6843 -0.7290
vn -0.0812 0.9166 -0.3916
vn -0.0170 0.1860 -0.9824
vn 0.0076 0.1782 -0.9840
vn -0.0001 1.0000 0.0022
vn -0.2354 0.9534 0.1887
vn -0.2581 0.9544 0.1502
vn 0.9309 0.0170 0.3649
vn 0.9309 0.0095 0.3650
vn 0.9747 0.0076 0.2232
vn 0.0166 0.1869 0.9822
vn -0.0038 0.1784 0.9840
vn -0.0151 0.6858 0.7276
vn 0.0340 0.3714 0.9279
vn -0.8163 0.1726 -0.5512
vn -0.7125 -0.0316 -0.7010
vn 0.2535 -0.9660 0.0512
vn 0.2458 -0.8531 0.4603
vn 0.7916 -0.5397 0.2865
vn 0.7926 -0.6088 0.0334
vn 0.1914 -0.9348 0.2991
vn 0.7161 -0.6656 0.2104
vn 0.7267 -0.6792 0.1024
vn 0.2005 -0.9681 0.1501
vn -0.9660 -0.2166 0.1414
vn -0.9309 -0.2098 0.2990
vn -0.6408 -0.7249 0.2528
vn -0.6576 -0.7097 0.2528
vn 0.0207 -0.7046 0.7093
vn 0.0941 -0.9146 0.3933
vn 0.0187 -0.1773 0.9840
vn 0.0056 -0.1995 0.9799
vn 0.4979 0.7096 -0.4986
vn 0.6953 0.1874 -0.6938
vn 0.9077 0.1861 -0.3761
vn 0.6550 0.7058 -0.2699
vn 0.5353 0.3122 -0.7848
vn 0.5633 0.0077 -0.8262
vn 0.5343 0.3142 0.7847
vn 0.6467 0.3098 0.6971
vn 0.6796 0.0038 0.7336
vn 0.5634 0.0038 0.8262
vn -0.2390 0.5831 0.7765
vn -0.1232 0.5827 0.8033
vn -0.0869 0.8052 0.5866
vn -0.1759 0.8059 0.5654
vn 0.2023 0.9786 0.0372
vn 0.2026 0.9786 -0.0372
vn -0.2022 0.9786 -0.0372
vn 0.7081 -0.0003 -0.7061
vn 0.6997 0.1573 -0.6969
vn 0.3787 0.1530 -0.9128
vn 0.3849 -0.0020 -0.9230
vn 0.0093 -0.1867 0.9824
vn 0.0247 -0.6920 0.7215
vn -0.0282 -0.6917 0.7217
vn -0.0057 -0.1868 0.9824
vn -0.1089 0.6996 0.7062
vn -0.0396 0.9786 0.2019
vn -0.1504 0.9687 0.1973
vn -0.9748 0.0171 -0.2225
vn -0.9970 0.0114 -0.0764
vn -0.9486 0.3081 -0.0720
vn -0.6963 -0.1832 -0.6939
vn -0.9080 -0.1822 -0.3772
vn -0.9183 -0.1068 -0.3812
vn -0.7021 -0.1101 -0.7035
vn 0.9807 -0.1952 0.0066
vn 0.9834 -0.1804 0.0197
vn 0.7301 -0.6795 0.0720
vn 0.7067 -0.7073 0.0196
vn -0.1968 0.9689 0.1502
vn -0.7055 0.7004 0.1081
vn -0.6979 0.6820 0.2185
vn -0.1947 0.9355 0.2947
vn -0.7042 0.5830 -0.4052
vn -0.5505 0.8067 -0.2146
vn -0.5117 0.8069 -0.2950
vn 0.0359 0.9787 -0.2019
vn 0.5631 0.0114 0.8263
vn 0.4347 0.0170 0.9004
vn 0.4350 0.0093 0.9004
vn 0.2102 -0.6664 -0.7153
vn 0.2975 -0.9350 -0.1930
vn 0.0866 0.8129 0.5760
vn 0.1686 0.8150 0.5544
vn 0.2355 0.5953 0.7682
vn 0.1235 0.5934 0.7954
vn -0.9790 -0.0626 0.1942
vn 0.0886 -0.9755 0.2015
vn 0.2389 -0.9515 0.1937
vn 0.1825 -0.6933 0.6972
vn 0.0622 -0.6992 0.7122
vn 0.0002 1.0000 -0.0022
vn 0.2029 0.9544 -0.2192
vn 0.2356 0.9533 -0.1889
vn -0.1634 -0.9776 0.1329
vn -0.1650 -0.9463 0.2781
vn -0.1939 0.0016 -0.9810
vn -0.1968 0.0015 -0.9804
vn -0.2098 0.9239 -0.3199
vn -0.0773 0.9229 -0.3771
vn -0.1107 0.6979 -0.7076
vn -0.0339 0.1967 -0.9799
vn 0.9820 -0.1887 0.0021
vn 0.9946 -0.1039 0.0024
vn 0.9181 -0.1085 0.3811
vn 0.9066 -0.1888 0.3774
vn 0.0577 -0.1776 -0.9824
vn 0.7051 0.7010 -0.1069
vn 0.6989 0.6823 -0.2144
vn 0.1948 0.9368 -0.2905
vn 0.2006 0.9688 -0.1459
vn 0.1826 -0.6933 0.6971
vn 0.2409 -0.9511 0.1934
vn 0.2991 -0.9345 0.1928
vn 0.2116 -0.6658 0.7155
vn -0.9038 0.3881 -0.1806
vn -0.9054 0.3844 0.1801
vn -0.9062 0.3833 0.1786
vn -0.9064 0.3814 -0.1817
vn 0.9273 0.3097 -0.2101
vn 0.9462 0.3155 -0.0720
vn 0.8023 0.5940 -0.0589
vn 0.7838 0.5943 -0.1801
vn -0.0001 1.0000 -0.0022
vn -0.2023 0.9546 -0.2188
vn -0.1729 0.9530 -0.2486
vn 0.1352 0.9485 0.2864
vn 0.1802 0.9483 0.2613
vn 0.0077 0.9999 0.0066
vn -0.0001 1.0000 0.0066
vn 0.7577 0.5822 0.2949
vn 0.7042 0.5830 0.4053
vn -0.9245 0.0038 -0.3812
vn -0.9204 0.0862 -0.3814
vn -0.7054 0.0872 -0.7035
vn -0.7079 0.0037 -0.7063
vn 0.2466 -0.9496 -0.1934
vn 0.1814 -0.6943 -0.6964
vn 0.0534 -0.1790 0.9824
vn 0.0572 -0.2003 0.9781
vn 0.2024 -0.9790 -0.0241
vn 0.2023 -0.9740 -0.1024
vn 0.7300 -0.6797 -0.0720
vn 0.7067 -0.7072 -0.0196
vn -0.7130 -0.6983 -0.0633
vn -0.6969 -0.6942 -0.1802
vn -0.1967 -0.9495 -0.2443
vn -0.2005 -0.9756 -0.0894
vn -0.2465 0.9488 0.1975
vn -0.4615 0.8067 0.3690
vn -0.4036 0.8059 0.4331
vn -0.2781 0.3084 0.9097
vn -0.1418 0.3073 0.9410
vn -0.8535 0.3828 0.3535
vn 0.7031 0.1063 -0.7031
vn 0.6960 0.1858 -0.6936
vn 0.9070 0.1885 -0.3767
vn 0.9184 0.1066 -0.3811
vn -0.9832 -0.1805 -0.0284
vn -0.9823 -0.1874 -0.0066
vn -0.7230 -0.6905 -0.0240
vn -0.7232 -0.6823 -0.1067
vn 0.9821 -0.1801 -0.0544
vn 0.9788 0.1946 0.0633
vn 0.9841 0.1730 0.0415
vn 0.9776 -0.2021 -0.0590
vn -0.3549 0.5833 0.7307
vn -0.4149 0.3062 0.8568
vn 0.9970 0.0114 -0.0764
vn 0.9748 0.0170 -0.2223
vn 0.9272 0.3100 -0.2103
vn 0.9486 0.3083 -0.0719
vn -0.2059 -0.9670 -0.1502
vn -0.7235 -0.6821 -0.1066
vn -0.7243 -0.6891 -0.0242
vn -0.2041 -0.9782 -0.0374
vn 0.9748 0.0094 -0.2230
vn 0.9971 0.0038 -0.0764
vn -0.7123 0.7015 0.0240
vn -0.7123 0.7014 -0.0241
vn 0.6795 0.0132 -0.7336
vn 0.5634 0.0151 -0.8261
vn 0.5363 0.3038 -0.7874
vn 0.6476 0.3071 -0.6973
vn -0.4562 0.5839 -0.6715
vn -0.3522 0.5849 -0.7307
vn -0.4133 0.3086 -0.8567
vn -0.5362 0.3039 -0.7875
vn -0.5519 0.5855 -0.5938
vn -0.4561 0.5840 -0.6714
vn -0.5364 0.3038 -0.7874
vn -0.6479 0.3073 -0.6970
vn 0.1429 -0.6759 0.7230
vn 0.4071 -0.6772 0.6129
vn 0.5548 -0.0015 0.8320
vn 0.1936 -0.0012 0.9811
vn 0.0038 0.0873 0.9962
vn 0.3809 0.0902 0.9202
vn 0.3674 0.2941 0.8823
vn 0.0019 0.2932 0.9561
vn -0.7898 0.5863 0.1803
vn -0.8113 0.5816 0.0589
vn -0.6472 0.3101 0.6964
vn -0.5343 0.3142 0.7847
vn -0.5635 0.0038 0.8261
vn -0.6795 0.0038 0.7336
vn -0.3831 -0.0000 0.9237
vn -0.3831 0.0002 0.9237
vn -0.8245 0.1702 0.5397
vn -0.9236 -0.0323 0.3819
vn -0.8670 -0.2603 -0.4250
vn -0.6378 -0.2595 -0.7252
vn -0.5554 0.0015 -0.8316
vn -0.8317 0.0015 -0.5552
vn -0.9271 0.3101 -0.2105
vn -0.9462 0.3155 -0.0720
vn -0.9971 0.0038 -0.0764
vn -0.9748 0.0095 -0.2228
vn -0.9182 0.1070 -0.3815
vn -0.9945 0.1043 0.0024
vn 0.9431 0.2308 0.2394
vn 0.8774 0.2309 0.4206
vn 0.8774 0.2309 0.4207
vn 0.9431 0.2307 0.2395
vn -0.3827 0.0011 -0.9239
vn -0.3763 0.1554 -0.9134
vn -0.6998 0.1564 -0.6970
vn -0.7082 0.0025 -0.7060
vn 0.9996 0.0296 0.0022
vn 0.9240 0.0301 0.3813
vn -0.0851 0.9757 -0.2019
vn -0.2517 0.9475 -0.1974
vn -0.1772 0.6675 -0.7232
vn -0.0811 0.9158 -0.3933
vn -0.7188 -0.2411 -0.6520
vn -0.8761 -0.3175 -0.3628
vn -0.8740 0.3254 -0.3610
vn -0.7165 0.2484 -0.6519
vn -0.8329 0.0050 0.5534
vn -0.8315 0.0051 0.5554
vn -0.7461 -0.1775 0.6417
vn -0.8806 -0.1782 0.4392
vn 0.2518 0.9474 -0.1974
vn 0.0886 0.9754 -0.2018
vn 0.0604 0.6910 -0.7203
vn 0.1736 0.6683 -0.7234
vn 0.2813 0.3110 0.9078
vn 0.4107 0.3121 0.8567
vn 0.2927 0.0057 0.9562
vn -0.6800 0.0133 -0.7331
vn -0.7805 0.0133 -0.6250
vn -0.7435 0.3075 -0.5939
vn 0.7123 0.7015 -0.0241
vn 0.7121 0.7017 0.0241
vn 0.9807 0.1953 0.0066
vn 0.9810 0.1941 -0.0074
vn 0.7926 0.5825 -0.1803
vn 0.8069 0.5878 -0.0590
vn 0.9486 0.3083 -0.0721
vn 0.4349 0.0113 -0.9004
vn 0.4131 0.3081 -0.8570
vn -0.6794 0.0115 0.7337
vn -0.5632 0.0113 0.8262
vn -0.5351 0.3059 0.7874
vn -0.6464 0.3103 0.6970
vn 0.5350 0.3060 0.7875
vn 0.4150 0.3061 0.8568
vn -0.6727 0.3045 0.6744
vn -0.3655 0.3016 0.8806
vn -0.3817 0.0862 0.9203
vn -0.0246 0.9791 0.2019
vn 0.0886 0.9754 0.2020
vn 0.4087 0.3144 -0.8568
vn 0.4349 0.0038 -0.9005
vn 0.0753 0.7067 0.7035
vn 0.0151 0.6859 0.7276
vn 0.0283 0.9790 0.2018
vn 0.1051 0.9747 0.1975
vn -0.4342 0.0170 0.9006
vn -0.1486 0.0096 -0.9888
vn -0.2968 0.0095 -0.9549
vn -0.2794 0.3072 -0.9097
vn -0.1428 0.3068 -0.9410
vn 0.9485 0.3084 0.0721
vn 0.9275 0.3087 0.2110
vn 0.9970 0.0114 0.0764
vn -0.9179 0.1093 -0.3814
vn -0.7027 0.1086 -0.7032
vn -0.7073 0.0334 -0.7061
vn -0.0000 -0.0000 -1.0000
vn 0.0002 0.3780 -0.9258
vn 0.9346 0.3116 0.1716
vn 0.7846 0.0543 0.6176
vn 0.5579 -0.0000 0.8299
vn 0.8322 -0.0000 0.5545
vn 0.0206 0.1985 0.9799
vn 0.0038 0.1784 0.9840
vn 0.8311 0.0091 -0.5561
vn 0.9807 0.0076 -0.1952
vn 0.9245 0.0001 -0.3812
vn 0.8310 0.0096 -0.5561
vn 0.0602 0.6882 -0.7231
vn -0.0193 0.6843 -0.7289
vn -0.0075 0.1782 -0.9840
vn 0.0132 0.1862 -0.9824
vn 0.5546 -0.0000 0.8321
vn 0.1934 0.0010 0.9811
vn -0.1934 0.0017 0.9811
vn 0.1972 0.0075 0.9803
vn 0.1733 0.6657 -0.7259
vn -0.8311 -0.0015 -0.5561
vn -0.9808 -0.0000 -0.1951
vn -0.9661 0.2517 -0.0580
vn -0.8704 0.2542 -0.4215
vn -0.7806 0.0114 0.6249
vn -0.7445 0.3052 0.5937
vn -0.6799 0.0133 -0.7332
vn -0.6480 0.3072 -0.6969
vn 0.9238 0.0004 0.3829
vn 0.7079 -0.0000 0.7063
vn 0.8120 0.1857 0.5534
vn 0.8982 0.3719 0.2345
vn 0.3832 0.0001 0.9237
vn -0.0002 -0.0000 1.0000
vn 0.1833 0.2058 0.9613
vn 0.3439 0.3722 0.8621
vn -0.5523 0.2117 0.8064
vn -0.3548 0.3753 0.8563
vn -0.9947 0.1024 0.0024
vn 0.2965 0.0170 -0.9549
vn 0.2793 0.3074 -0.9097
vn 0.9252 0.0003 0.3795
vn 0.9608 0.2028 0.1889
vn 0.8866 0.3040 0.3486
vn -0.0578 -0.1998 -0.9781
vn -0.0185 -0.1944 -0.9807
vn -0.9037 0.1997 -0.3788
vn -0.9037 -0.1989 -0.3790
vn -0.6925 -0.1976 -0.6938
vn -0.6925 0.1978 -0.6938
vn 0.0038 -0.1997 -0.9799
vn 0.0735 0.7069 -0.7035
vn 0.1054 0.9741 -0.2001
vn 0.0290 0.9786 -0.2037
vn -0.7134 0.7004 0.0237
vn -0.7140 0.6998 -0.0235
vn -0.9808 0.1949 -0.0066
vn -0.9807 0.1953 0.0066
vn -0.0244 0.1981 0.9799
vn -0.0753 0.7067 0.7035
vn 0.9238 0.0001 0.3829
vn -0.5551 0.1666 0.8149
vn 0.2556 0.9464 -0.1976
vn 0.2024 -0.9786 0.0371
vn 0.7226 -0.6909 0.0240
vn 0.7227 -0.6907 -0.0240
vn 0.2022 -0.9786 -0.0371
vn 0.1970 0.1557 -0.9680
vn -0.3816 0.0857 0.9203
vn -0.7061 0.0832 0.7032
vn -0.7078 -0.0000 0.7064
vn -0.3850 -0.0000 0.9229
vn -0.2123 0.0001 -0.9772
vn -0.2011 -0.2905 -0.9355
vn 0.1977 -0.2926 -0.9356
vn 0.2125 -0.0000 -0.9772
vn 0.2039 -0.0000 0.9790
vn 0.7189 -0.0000 0.6951
vn 0.7408 -0.1572 0.6531
vn 0.2038 -0.2268 0.9524
vn -0.4349 0.0095 0.9004
vn -0.2927 0.0056 0.9562
vn -0.8334 -0.0001 -0.5527
vn -0.5579 -0.0000 -0.8299
vn 0.5545 0.0076 -0.8321
vn 0.5545 0.0067 -0.8321
vn -0.0019 -0.1996 0.9799
vn -0.0186 -0.1773 0.9840
vn 0.8311 0.0076 0.5561
vn -0.0245 0.9791 -0.2018
vn -0.9808 -0.1951 0.0066
vn -0.9806 -0.1951 -0.0197
vn -0.7070 -0.7070 0.0196
vn -0.0039 -0.1997 -0.9798
vn -0.0226 -0.1767 -0.9840
vn 0.0189 0.1988 -0.9799
vn 0.1973 -0.0000 -0.9803
vn 0.5579 -0.0000 -0.8299
vn 0.5544 0.0283 0.8317
vn 0.8310 0.0284 0.5555
vn 0.4916 0.4575 0.7410
vn -0.0189 -0.7046 -0.7093
vn -0.0379 -0.3752 -0.9262
vn 0.2016 0.2508 -0.9468
vn 0.2082 -0.0746 -0.9752
vn 0.7456 -0.0453 -0.6648
vn 0.7254 0.1719 -0.6665
vn 0.1933 0.0075 -0.9811
vn -0.8333 -0.0000 -0.5528
vn -0.5579 -0.0018 -0.8299
vn -0.4104 0.3122 0.8568
vn -0.2812 0.3113 0.9078
vn 0.8321 0.0078 0.5546
vn 0.8311 0.0075 0.5561
vn -0.8311 -0.0031 0.5561
vn -0.9808 -0.0038 0.1952
vn -0.5545 -0.0005 0.8322
vn -0.1934 0.0022 0.9811
vn -0.0000 0.0001 1.0000
vn 0.1972 0.0053 0.9804
vn 0.3832 0.0002 0.9237
vn 0.9815 0.0076 0.1912
vn 1.0000 -0.0000 0.0022
vn -0.9815 -0.0075 -0.1912
vn -0.9808 -0.0039 0.1952
vn -0.5546 -0.0010 0.8321
vn -0.5579 -0.0001 0.8299
vn -0.8311 -0.0036 0.5562
vn -0.5546 -0.0008 0.8321
vn -0.0247 -0.9791 -0.2016
vn -0.1074 -0.9735 -0.2019
vn -0.0245 -0.9791 0.2020
vn 0.0886 -0.9754 -0.2017
vn 0.8332 0.0076 0.5529
vn 0.1036 -0.9739 0.2019
vn -0.1973 -0.0000 -0.9803
vn -0.1973 0.0013 -0.9803
vn 0.1932 0.0075 -0.9811
vn 0.1962 0.0281 0.9802
vn 0.1754 0.4548 0.8732
vn -0.9815 -0.0000 -0.1912
vn -0.2772 0.3145 -0.9079
vn -0.4091 0.3143 -0.8567
vn -0.4351 0.0038 -0.9004
vn -0.2927 0.0094 -0.9562
vn -0.1783 0.4548 0.8726
vn -0.5565 0.0283 0.8304
vn -0.1980 0.0318 0.9797
vn -0.0434 -0.3747 0.9261
vn -0.0170 -0.7045 0.7095
vn -0.1768 0.6645 -0.7260
vn -0.0449 0.1724 -0.9840
vn -0.7379 0.6030 -0.3031
vn -0.5633 0.6058 -0.5619
vn -0.6997 0.1422 -0.7002
vn -0.9145 0.1465 -0.3771
vn 0.0188 -0.1945 -0.9807
vn 0.0541 -0.2009 -0.9781
vn 0.1794 -0.6941 -0.6971
vn 0.0661 -0.6986 -0.7124
vn -0.0396 -0.9786 0.2018
vn 0.0359 -0.9788 0.2018
vn 0.8334 -0.0000 -0.5527
vn 0.9252 -0.0000 0.3794
vn -0.3831 0.0001 -0.9237
vn -1.0000 -0.0000 0.0021
vn 0.8322 0.0075 0.5544
vn 0.9815 -0.0000 -0.1913
vn 0.8332 -0.0001 0.5529
vn 0.1876 0.9324 -0.3090
vn 0.1745 0.9560 -0.2358
vn -0.1709 0.9567 -0.2355
vn -0.1876 0.9324 -0.3089
vn -0.4581 0.5824 0.6715
vn -0.5541 0.5835 0.5938
vn -0.3791 -0.1477 -0.9135
vn -0.3818 0.0312 -0.9237
vn 0.0018 0.0305 -0.9995
vn -0.0019 -0.1481 -0.9890
vn -0.0659 -0.6988 0.7123
vn -0.5630 0.0114 0.8264
vn -0.9650 0.1734 -0.1970
vn -0.1883 0.1599 -0.9690
vn -0.3841 0.2984 0.8737
vn 0.9695 0.1217 -0.2125
vn 0.7747 0.3078 0.5523
vn 0.8162 0.1174 -0.5657
vn 0.0595 0.2524 -0.9658
vn 0.4246 0.2515 -0.8698
vn -0.9306 0.0170 0.3656
vn -0.1420 -0.6765 0.7226
vn -0.4125 -0.6754 0.6113
vn -0.2910 -0.8550 0.4293
vn -0.2887 -0.8550 0.4309
vn -0.0151 -0.1948 0.9807
vn 0.0018 0.5383 0.8428
vn -0.3200 0.5389 0.7792
vn -0.2181 0.8252 0.5210
vn -0.0019 0.8251 0.5650
vn -0.0007 1.0000 0.0018
vn -0.1278 0.9544 0.2698
vn -0.1725 0.9531 0.2486
vn -0.1964 0.0013 0.9805
vn -0.0618 -0.2600 0.9636
vn -0.0000 1.0000 -0.0023
vn -0.9887 0.0019 0.1502
vn -0.9555 -0.0000 0.2949
vn -0.7654 0.3879 -0.5135
vn -0.5136 0.3812 -0.7687
vn -0.0009 1.0000 -0.0008
vn -0.0012 1.0000 0.0018
vn -0.5687 -0.8225 0.0023
vn -0.5206 -0.8265 -0.2143
vn -0.7788 -0.5374 -0.3234
vn -0.8450 -0.5348 0.0025
vn 0.0407 0.1733 0.9840
vn -0.0535 -0.2010 0.9781
vn 0.1005 -0.8557 0.5075
vn 0.1005 -0.8556 0.5078
vn -0.2887 -0.8551 0.4306
vn -0.8043 0.4932 -0.3316
vn -0.8713 0.4908 0.0027
vn -0.8661 0.4998 0.0027
vn -0.8021 0.4966 -0.3318
vn -0.9966 0.0825 0.0020
vn -0.9572 0.2895 0.0024
vn -0.8834 0.2944 -0.3647
vn -0.1931 -0.9346 0.2988
vn -0.7160 -0.6657 0.2102
vn -0.6950 -0.6960 0.1806
vn -0.1988 -0.9487 0.2457
vn 0.0001 1.0000 -0.0022
vn 0.2576 0.9545 -0.1500
vn 0.2793 0.9538 -0.1106
vn 0.9805 -0.1957 -0.0185
vn 0.7153 -0.6960 -0.0633
vn 0.6970 -0.6940 -0.1803
vn 0.0001 1.0000 -0.0021
vn 0.1724 0.9531 -0.2486
vn -0.5612 -0.6078 0.5618
vn -0.6990 -0.1458 0.7001
vn -0.9144 -0.1465 0.3774
vn -0.7378 -0.6031 0.3033
vn -0.6210 -0.2989 0.7246
vn -0.6552 -0.5378 0.5305
vn -0.1806 -0.6987 0.6922
vn -0.1701 -0.3744 0.9115
vn 0.1798 0.9484 0.2612
vn 0.2171 0.9483 0.2316
vn 0.1093 0.9873 0.1155
vn 0.0869 0.9879 0.1284
vn 0.9151 -0.1429 0.3771
vn 0.9896 -0.1435 0.0023
vn 0.3783 -0.1553 -0.9126
vn 0.6997 -0.1570 -0.6970
vn 0.7082 0.0001 -0.7060
vn 0.3849 -0.0021 -0.9230
vn -0.1413 -0.6761 -0.7231
vn 0.1440 -0.6763 -0.7224
vn 0.1016 -0.8558 -0.5073
vn -0.1025 -0.8553 -0.5079
vn -0.4105 -0.9119 0.0020
vn -0.7281 -0.6855 0.0020
vn -0.6758 -0.6826 -0.2782
vn -0.3787 -0.9118 -0.1588
vn -0.9836 0.1804 0.0065
vn -0.3982 0.9170 0.0241
vn -0.3918 0.9148 0.0981
vn -0.9792 0.2022 0.0196
vn -0.9804 0.0321 0.1945
vn 0.9054 0.1946 -0.3772
vn 0.6375 0.7236 -0.2646
vn 0.2772 0.9205 -0.2755
vn 0.6936 0.1937 -0.6938
vn 0.9796 -0.0588 0.1922
vn 0.8627 -0.4760 0.1706
vn 0.9591 0.2832 -0.0004
vn 0.8819 0.2991 -0.3645
vn 0.8063 0.4895 -0.3322
vn 0.8740 0.4859 -0.0010
vn 0.7073 0.0316 -0.7062
vn 0.6997 -0.1425 -0.7001
vn 0.3811 -0.1483 -0.9125
vn 0.3835 0.0300 -0.9230
vn 0.3203 0.9227 -0.2146
vn 0.2096 0.9242 -0.3194
vn 0.0016 1.0000 0.0009
vn 0.0009 1.0000 -0.0008
vn 0.0019 1.0000 0.0005
vn 0.0011 1.0000 0.0014
vn -0.0020 1.0000 0.0013
vn -0.0022 1.0000 -0.0000
vn -0.0020 1.0000 0.0023
vn 0.0015 1.0000 0.0023
vn 0.1829 0.3843 -0.9049
vn 0.5155 0.3798 -0.7681
vn 0.0007 1.0000 0.0010
vn -0.1819 0.3821 -0.9060
vn -0.0000 1.0000 -0.0008
vn 0.3752 0.1954 0.9061
vn 0.2607 0.7237 0.6389
vn 0.4888 0.7237 0.4871
vn 0.6936 0.1939 0.6938
vn -0.6353 0.5832 -0.5063
vn -0.7042 0.5830 -0.4053
vn -0.5118 0.8069 -0.2949
vn -0.4652 0.8046 -0.3691
vn 0.9967 0.0812 0.0005
vn 0.9208 0.0844 -0.3808
vn 0.0737 0.9232 -0.3773
vn 0.0008 1.0000 0.0003
vn 0.8314 0.0020 -0.5557
vn 0.1968 0.0013 -0.9804
vn 0.1967 -0.0017 -0.9805
vn 0.8315 -0.0017 -0.5555
vn -0.4928 -0.4728 0.7305
vn 0.5550 0.0016 0.8318
vn 0.5574 0.0015 0.8303
vn 0.3204 0.9226 0.2148
vn 0.2113 0.9236 0.3198
vn 0.1770 0.4553 -0.8726
vn 0.4984 0.4527 -0.7393
vn 0.5565 0.0285 -0.8304
vn 0.1685 -0.4981 -0.8506
vn 0.4792 -0.5016 -0.7202
vn 0.1682 -0.5012 -0.8489
vn -0.3815 0.0311 -0.9238
vn -0.3794 -0.1481 -0.9133
vn -0.6997 -0.1422 -0.7001
vn 0.7335 0.4716 -0.4895
vn 0.4908 0.4718 -0.7325
vn -0.1814 -0.6945 -0.6962
vn -0.2466 -0.9497 -0.1932
vn -0.6381 -0.7220 -0.2675
vn -0.4878 -0.7242 -0.4874
vn -0.1706 0.4566 -0.8731
vn 0.1661 -0.4981 -0.8511
vn -0.4772 -0.5016 -0.7215
vn -0.5544 0.0284 -0.8317
vn 0.1658 -0.5011 -0.8493
vn -0.1754 0.6665 0.7246
vn -0.2187 0.6828 0.6971
vn -0.2953 0.9357 0.1932
vn -0.2557 0.9464 0.1973
vn 0.1737 0.6655 -0.7259
vn 0.9793 -0.0603 0.1932
vn 0.4880 -0.4756 0.7319
vn -0.8295 -0.0589 -0.5553
vn -0.4900 0.4692 -0.7347
vn -0.7333 0.4684 -0.4928
vn 0.1685 0.4708 -0.8660
vn -0.4960 0.4527 -0.7410
vn -0.9842 0.1723 0.0415
vn -0.9779 0.1991 0.0633
vn -0.9828 -0.1763 -0.0546
vn -0.9781 -0.1996 -0.0589
vn 0.0407 0.1736 0.9840
vn -0.9807 0.1954 0.0022
vn -0.9809 -0.1947 0.0022
vn -0.9055 -0.1982 -0.3752
vn -0.9053 0.1992 -0.3753
vn -0.5550 0.0015 0.8318
vn -0.1939 0.0015 0.9810
vn 0.0735 0.9231 0.3773
vn -0.0773 0.9229 0.3772
vn -0.3979 -0.8250 -0.4014
vn -0.4135 -0.8099 -0.4161
vn -0.2240 -0.8064 -0.5474
vn -0.2129 -0.8261 -0.5218
vn -0.9832 -0.1801 0.0285
vn -0.9828 -0.1765 0.0545
vn -0.7161 -0.6655 0.2103
vn -0.7270 -0.6789 0.1025
vn -0.0008 1.0000 -0.0002
vn -0.0007 1.0000 0.0002
vn 0.1672 -0.9769 0.1329
vn 0.1653 -0.9463 0.2779
vn 0.1837 0.3810 -0.9061
vn 0.5162 0.3780 -0.7685
vn 0.9868 -0.0302 -0.1588
vn 0.9758 0.0604 0.2103
vn 0.9828 -0.0000 0.1847
vn 0.9828 -0.0000 -0.1846
vn -0.1768 0.9490 -0.2611
vn -0.2135 0.9491 -0.2316
vn -0.0074 1.0000 -0.0066
vn -0.0077 0.9999 -0.0066
vn -0.0282 0.6965 -0.7170
vn -0.0090 0.1910 -0.9816
vn 0.2222 0.8696 -0.4408
vn 0.2053 0.5439 -0.8136
vn -0.2090 0.5426 -0.8136
vn -0.2259 0.8687 -0.4409
vn 0.7321 -0.0052 0.6812
vn 0.6232 -0.0014 0.7821
vn -0.0017 1.0000 0.0006
vn -0.0018 1.0000 0.0007
vn -0.0075 0.1909 0.9816
vn -0.0317 0.1972 0.9799
vn -0.1813 0.3809 -0.9067
vn -0.7933 -0.5373 -0.2863
vn -0.7713 -0.3327 -0.5426
vn -0.9899 -0.0753 -0.1199
vn -0.9914 -0.1170 -0.0590
vn -0.1687 0.9834 -0.0674
vn -0.1803 0.9836 0.0021
vn 0.0243 -0.1807 0.9832
vn 0.0014 1.0000 0.0036
vn 0.0008 1.0000 0.0040
vn -0.1941 -0.0017 0.9810
vn 0.5551 -0.0017 0.8318
vn -0.7806 0.0113 0.6249
vn -0.8667 0.0114 0.4987
vn -0.7807 0.0038 0.6249
vn 0.1485 -0.9681 0.2017
vn 0.1089 -0.6804 0.7247
vn 0.1724 0.4708 -0.8652
vn -0.3170 0.9237 -0.2149
vn -0.2137 -0.6650 -0.7156
vn -0.1796 -0.6944 -0.6969
vn -0.2477 -0.9492 -0.1943
vn -0.2973 -0.9346 -0.1951
vn 0.4878 -0.7239 -0.4879
vn 0.6934 -0.1943 -0.6938
vn 0.3750 -0.1959 -0.9061
vn 0.2664 -0.7218 -0.6387
vn 0.7077 -0.0000 0.7066
vn 0.3839 -0.0000 0.9234
vn 0.3769 0.1543 0.9133
vn 0.6986 0.1488 0.6999
vn 0.8330 -0.0017 -0.5533
vn -0.9828 -0.1766 0.0546
vn -0.9783 -0.1984 0.0590
vn -0.2974 0.9350 -0.1932
vn -0.2162 0.6850 -0.6957
vn -0.7359 -0.4709 -0.4866
vn -0.8628 -0.4760 0.1706
vn -0.9814 0.0021 0.1919
vn -0.8330 -0.0017 -0.5533
vn -0.1978 0.3330 -0.9219
vn 0.1979 0.3328 -0.9220
vn 0.0001 1.0000 0.0022
vn 0.1730 0.9530 0.2486
vn 0.1281 0.9544 0.2698
vn -0.3727 0.9248 -0.0766
vn -0.0000 -1.0000 0.0022
vn -0.1730 -0.9849 0.0022
vn -0.1615 -0.9846 0.0676
vn -0.5136 0.3800 -0.7693
vn 0.3739 -0.1902 -0.9078
vn 0.3739 0.1899 -0.9078
vn -0.0019 0.1867 -0.9824
vn -0.0018 -0.1867 -0.9824
vn -0.3738 -0.1898 -0.9079
vn -0.3739 0.1898 -0.9079
vn -0.6945 0.1901 -0.6939
vn -0.6947 -0.1900 -0.6938
vn 0.4316 -0.8548 -0.2882
vn 0.5049 -0.8569 -0.1041
vn 0.7984 -0.2832 -0.5313
vn 0.5325 -0.2847 -0.7971
vn -0.4282 -0.8565 -0.2881
vn -0.5046 -0.8571 -0.1040
vn -0.5050 -0.8568 -0.1041
vn -0.4283 -0.8564 -0.2883
vn -0.6989 0.6811 0.2184
vn -0.7073 0.6988 0.1066
vn -0.9803 0.1948 0.0327
vn 0.1015 -0.8558 -0.5072
vn 0.1884 -0.2831 -0.9404
vn -0.3814 -0.0000 -0.9244
vn -0.3822 0.0864 -0.9200
vn -0.0002 0.0873 -0.9962
vn -0.7657 0.3846 -0.5156
vn -0.7687 0.3814 0.5135
vn -0.0025 1.0000 0.0033
vn 0.0698 -0.9841 -0.1632
vn 0.1242 -0.9844 -0.1243
vn 0.9139 -0.1494 0.3774
vn 0.9891 -0.1471 0.0042
vn 0.8476 -0.5306 0.0040
vn 0.7793 -0.5359 0.3249
vn 0.9832 -0.1801 -0.0284
vn 0.9802 0.1953 0.0327
vn -0.0848 -0.9758 0.2017
vn -0.2425 -0.9506 0.1936
vn -0.2457 -0.9502 -0.1916
vn -0.0849 -0.9761 -0.1999
vn 0.8670 0.4984 -0.0002
vn 0.7995 0.5004 -0.3323
vn 0.8812 0.3000 -0.3654
vn 0.9520 0.3061 -0.0003
vn 0.0542 -0.2008 -0.9781
vn -0.0407 0.1737 0.9840
vn -0.0131 0.1862 0.9824
vn 0.0150 -0.1948 0.9807
vn 0.0571 -0.2001 0.9781
vn -0.1753 0.6667 0.7244
vn -0.0658 0.6890 0.7218
vn -0.2152 0.9227 0.3198
vn -0.3172 0.9237 0.2147
vn -0.8331 0.0050 0.5532
vn -0.8314 0.0052 0.5556
vn -0.4862 0.8724 0.0503
vn -0.4861 0.8725 -0.0503
vn -0.9271 0.3617 -0.0982
vn -0.9272 0.3615 0.0981
vn -0.2042 -0.9673 0.1502
vn -0.1912 -0.9349 0.2989
vn -0.5551 -0.0017 0.8318
vn -0.8315 0.0020 0.5555
vn 0.0037 0.1089 -0.9940
vn 0.3793 0.1043 -0.9194
vn 0.3803 0.0301 -0.9244
vn -0.0679 0.1969 0.9781
vn -0.0407 0.1734 0.9840
vn -0.7342 -0.4735 0.4866
vn 0.8667 0.0113 0.4987
vn 0.8230 0.3102 0.4758
vn -0.9792 -0.0589 -0.1942
vn -0.9794 -0.0625 0.1922
vn -0.5634 0.0152 -0.8261
vn -0.7344 -0.4709 -0.4888
vn 0.8658 0.4707 0.1697
vn -0.2557 0.9464 -0.1973
vn -0.1776 0.6662 -0.7243
vn -0.8329 0.0021 0.5534
vn -0.5717 0.1228 0.8112
vn -0.1940 -0.0016 -0.9810
vn -0.8650 0.4707 -0.1737
vn -0.8658 0.4707 0.1698
vn 0.1712 0.4698 0.8660
vn 0.9457 0.1875 -0.2654
vn 0.7990 0.1724 -0.5761
vn 0.7990 -0.1724 -0.5761
vn 0.9309 -0.2097 -0.2990
vn 0.2936 0.9489 -0.1155
vn 0.3120 0.9474 -0.0720
vn 0.5765 0.8062 -0.1329
vn 0.5506 0.8067 -0.2148
vn -0.8730 0.4559 -0.1733
vn -0.9808 0.0356 0.1918
vn 0.2101 -0.6660 -0.7157
vn 0.1486 -0.9677 -0.2036
vn 0.2973 -0.9345 -0.1959
vn -0.4984 0.4527 -0.7394
vn 0.0621 -0.6990 0.7124
vn -0.8310 0.0285 -0.5555
vn 0.9806 -0.1952 0.0197
vn 0.9807 -0.1952 -0.0066
vn 0.9836 0.1804 0.0065
vn 0.9821 0.1878 -0.0153
vn 0.9807 0.0281 0.1932
vn 0.9810 0.0284 0.1920
vn 0.8735 0.4559 0.1705
vn 0.8735 0.4555 0.1721
vn -0.9805 0.0285 -0.1945
vn -0.9809 0.0321 0.1920
vn 0.9807 0.0302 0.1932
vn 0.7394 0.4573 -0.4942
vn 0.9805 0.0284 -0.1945
vn -0.1051 0.9746 0.1975
vn 0.7220 -0.4981 0.4802
vn 0.8507 -0.4978 0.1689
vn -0.8490 -0.5015 0.1661
vn -0.7211 -0.5012 0.4782
vn -0.9279 -0.3705 0.0417
vn -0.9834 -0.1804 0.0197
vn -0.7215 -0.4988 -0.4802
vn -0.8502 -0.4988 -0.1684
vn -0.3963 0.9178 0.0240
vn -0.3915 0.9150 0.0981
vn -0.9790 0.2027 0.0197
vn -0.9836 0.1802 0.0066
vn 0.8506 -0.4985 0.1673
vn 0.8509 -0.4983 0.1661
vn -0.8802 -0.1803 -0.4390
vn -0.9108 -0.2386 0.3368
vn -0.3096 -0.2592 -0.9149
vn 0.9792 0.2022 -0.0196
vn 0.9835 -0.1798 0.0197
vn 0.9807 -0.1953 0.0065
vn 0.2464 0.9488 0.1976
vn 0.2756 0.9481 0.1588
vn 0.1354 0.9878 0.0764
vn 0.1203 0.9879 0.0981
vn 0.8314 -0.0013 0.5557
vn 0.5550 -0.0009 0.8319
vn 0.5099 0.3856 0.7689
vn 0.7664 0.3835 0.5153
vn 0.1730 0.9849 0.0022
vn 0.6908 0.7230 0.0022
vn 0.6396 0.7215 0.2653
vn 0.1615 0.9846 0.0675
vn -0.5641 0.8156 -0.1286
vn -0.5385 0.8157 -0.2112
vn -0.2793 0.9538 -0.1112
vn -0.2909 0.9545 -0.0662
vn -0.1503 0.9881 0.0328
vn -0.1580 0.9874 0.0109
vn -0.3191 0.9474 0.0240
vn -0.3116 0.9475 0.0720
vn 0.1737 0.6667 -0.7248
vn -0.8331 0.0009 -0.5532
vn -0.8314 0.0015 -0.5556
vn -0.8315 -0.0017 -0.5555
vn -0.0001 0.0870 -0.9962
vn 0.3801 0.0913 -0.9204
vn 0.3661 0.3004 -0.8807
vn 0.0037 0.3007 -0.9537
vn -0.4807 -0.4983 0.7216
vn -0.4826 -0.4983 0.7203
vn 0.0641 -0.2594 -0.9636
vn 0.6388 -0.2601 0.7241
vn 0.4779 -0.5009 0.7215
vn 0.1614 -0.9103 0.3811
vn 0.2776 -0.6838 0.6747
vn 0.0019 -0.6828 0.7306
vn 0.0037 -0.9106 0.4132
vn 0.1614 0.9103 0.3812
vn 0.0037 0.9106 0.4134
vn 0.0019 0.6828 0.7306
vn 0.2776 0.6838 0.6748
vn -0.0623 -0.6991 -0.7123
vn 0.0189 -0.7045 -0.7094
vn 0.6787 0.7215 -0.1370
vn 0.5921 0.6841 -0.4260
vn 0.6194 -0.2998 -0.7256
vn 0.6523 -0.5432 -0.5287
vn 0.1813 -0.7001 -0.6907
vn 0.1653 -0.3766 -0.9115
vn 0.1753 0.6666 0.7245
vn 0.7560 0.5844 -0.2949
vn 0.7043 0.5829 -0.4053
vn 0.5117 0.8070 -0.2948
vn 0.0542 -0.2010 -0.9781
vn 0.0187 -0.1947 -0.9807
vn -0.0170 0.1863 -0.9823
vn -0.0849 0.9757 0.2019
vn 0.7071 0.0318 0.7064
vn 0.7031 0.1071 0.7030
vn 0.3791 0.1115 0.9186
vn 0.3818 0.0301 0.9237
vn -0.6140 -0.6752 0.4088
vn -0.8313 0.0023 0.5558
vn -0.8331 0.0024 0.5531
vn 0.2389 0.5830 0.7766
vn 0.3549 0.5833 0.7306
vn 0.2563 0.8067 0.5325
vn 0.1757 0.8059 0.5653
vn 0.7064 0.0830 0.7029
vn 0.6777 0.2932 0.6744
vn 0.4565 0.5841 -0.6712
vn 0.3523 0.5848 -0.7306
vn 0.2601 0.8055 -0.5324
vn 0.3348 0.8042 -0.4911
vn -0.2517 0.9475 0.1974
vn 0.7351 -0.6064 0.3031
vn 0.5640 -0.6051 0.5619
vn 0.1949 -0.9607 0.1975
vn 0.2610 -0.9594 0.1068
vn 0.3113 -0.2598 0.9141
vn 0.1686 -0.5002 0.8493
vn 0.7077 -0.0000 -0.7065
vn 0.9245 -0.0000 -0.3813
vn 0.9140 0.1497 -0.3772
vn 0.6980 0.1514 -0.6999
vn -0.7376 -0.6034 0.3032
vn -0.5615 -0.6074 0.5619
vn -0.6990 -0.1456 0.7001
vn -0.9145 -0.1468 0.3771
vn -0.9783 -0.1984 -0.0590
vn 0.3191 0.9474 0.0240
vn 0.3118 0.9474 0.0720
vn 0.5896 0.8064 0.0458
vn -0.0186 0.6869 -0.7265
vn -0.1926 0.2882 -0.9380
vn -0.2045 0.2486 -0.9468
vn 0.1925 0.2882 -0.9380
vn 0.4585 0.5822 0.6715
vn 0.5541 0.5835 0.5938
vn 0.4036 0.8059 0.4331
vn 0.3346 0.8043 0.4911
vn 0.7281 -0.6854 0.0021
vn 0.6738 -0.6846 0.2782
vn 0.3789 -0.9117 0.1587
vn 0.4105 -0.9119 0.0022
vn -0.3808 0.1055 -0.9186
vn 0.6773 0.2933 -0.6747
vn 0.6179 0.4908 -0.6143
vn -0.3835 -0.0010 0.9235
vn -0.0000 -0.0001 1.0000
vn -0.0002 -0.1568 0.9876
vn -0.3773 -0.1546 0.9131
vn -0.9789 -0.0528 -0.1975
vn -0.9841 0.0453 0.1717
vn -0.9865 -0.0113 0.1632
vn -0.9765 0.0190 -0.2146
vn 0.1481 -0.0017 0.9890
vn 0.2928 -0.0019 0.9562
vn 0.2966 0.0150 0.9549
vn 0.1474 0.0130 0.9890
vn -0.1074 -0.9735 0.2019
vn 0.1233 0.5826 0.8033
vn 0.0866 0.8051 0.5868
vn 0.0226 -0.1769 -0.9840
vn 0.0999 -0.9140 -0.3933
vn 0.5720 0.1233 0.8109
vn 0.2042 0.9748 0.0894
vn 0.1988 0.9485 0.2467
vn -0.1988 0.9485 0.2467
vn -0.2005 0.9756 0.0894
vn -0.0245 0.9791 -0.2020
vn -0.0245 0.9792 0.2013
vn -0.1055 0.9745 0.1978
vn -0.1055 0.9747 -0.1970
vn 0.1844 0.1582 0.9700
vn -0.0019 -0.0398 0.9992
vn -0.2028 0.9785 0.0368
vn -0.2033 0.9784 -0.0364
vn -0.5026 0.8365 0.2181
vn -0.8728 0.3285 0.3609
vn -0.4104 0.9119 0.0023
vn -0.7282 0.6854 0.0021
vn -0.6738 0.6846 0.2780
vn -0.3787 0.9118 0.1589
vn -0.0000 -1.0000 0.0019
vn 0.3787 -0.9118 -0.1589
vn 0.7963 0.5083 0.3279
vn 0.8612 0.5083 0.0042
vn 0.5951 0.8036 0.0045
vn 0.5449 0.8071 0.2273
vn 0.2901 -0.9118 -0.2908
vn -0.1968 -0.9495 0.2443
vn -0.6939 -0.6967 0.1821
vn -0.6837 0.7166 0.1376
vn -0.5928 0.6836 0.4258
vn -0.7998 0.1683 0.5761
vn -0.9450 0.1908 0.2655
vn 0.1934 -0.9503 0.2440
vn 0.6974 -0.6936 0.1803
vn 0.7165 -0.6651 0.2104
vn 0.5148 -0.6835 0.5176
vn 0.2905 -0.9115 0.2913
vn 0.1597 0.9106 -0.3812
vn 0.2899 0.9118 -0.2908
vn 0.5124 0.6842 -0.5190
vn 0.2764 0.6844 -0.6747
vn 0.7155 -0.6662 -0.2104
vn 0.6968 -0.6942 -0.1803
vn 0.1933 -0.9503 -0.2440
vn 0.1913 -0.9348 -0.2991
vn -0.5107 0.3882 0.7672
vn -0.5115 0.3868 0.7673
vn -0.7694 0.3817 0.5121
vn -0.0829 0.8132 -0.5760
vn -0.0000 0.8148 -0.5797
vn -0.0000 0.9542 -0.2992
vn -0.0454 0.9532 -0.2989
vn -0.3047 0.9497 0.0720
vn -0.2936 0.9490 0.1153
vn -0.0075 1.0000 0.0022
vn -0.0076 1.0000 0.0022
vn 0.9884 0.1521 -0.0000
vn 0.9138 0.1505 -0.3772
vn 0.7962 0.5085 -0.3278
vn 0.8588 0.5123 -0.0001
vn -0.4991 -0.0037 0.8666
vn -0.3670 0.0019 0.9302
vn -0.2169 0.9483 0.2317
vn -0.4040 0.8058 0.4330
vn -0.3348 0.8042 0.4911
vn -0.3027 -0.6047 -0.7367
vn -0.5631 -0.6062 -0.5616
vn -0.6997 -0.1427 -0.7001
vn 0.8589 0.3674 -0.3568
vn 0.6732 0.6852 -0.2781
vn 0.7282 0.6854 0.0021
vn 0.9323 0.3616 0.0022
vn 0.0038 -0.3629 -0.9318
vn -0.3526 -0.3660 -0.8612
vn -0.3827 -0.0000 -0.9239
vn 0.0003 -0.0000 -1.0000
vn 0.3624 0.3058 0.8804
vn -0.0000 0.3009 0.9537
vn 0.0035 0.5006 0.8657
vn 0.3326 0.4978 0.8010
vn -0.0000 -0.6828 -0.7306
vn -0.2763 -0.6844 -0.6747
vn 0.9241 -0.0318 0.3809
vn 0.9996 -0.0273 0.0024
vn -0.0003 1.0000 0.0022
vn -0.2976 0.9544 0.0239
vn -0.2974 0.9544 -0.0240
vn 0.7664 0.3871 -0.5127
vn 0.7682 0.3837 -0.5125
vn 0.0080 1.0000 0.0022
vn 0.0078 1.0000 0.0022
vn 0.3047 0.9497 0.0720
vn 0.3122 0.9497 0.0240
vn -0.3715 0.9253 0.0764
vn -0.9814 0.0059 0.1917
vn 0.2753 0.9482 -0.1587
vn -0.6598 -0.3621 -0.6584
vn -0.8603 -0.3641 -0.3568
vn 0.2593 -0.9598 -0.1071
vn 0.1950 -0.9607 -0.1975
vn 0.5633 -0.6061 -0.5615
vn 0.7356 -0.6057 -0.3035
vn -0.2899 -0.9119 -0.2906
vn -0.5138 -0.6842 -0.5176
vn -0.6105 -0.5087 0.6071
vn -0.7956 -0.5092 0.3283
vn -0.5492 -0.8039 0.2281
vn -0.4198 -0.8059 0.4176
vn 0.9740 -0.1919 -0.1203
vn 0.7229 -0.4988 -0.4782
vn 0.0006 1.0000 0.0022
vn 0.0454 0.9532 0.2989
vn -0.0000 0.9541 0.2994
vn 0.3836 0.0004 -0.9235
vn 0.3526 -0.3659 -0.8613
vn 0.3833 -0.0002 0.9236
vn 0.3542 0.3647 0.8611
vn -0.0018 0.3630 0.9318
vn 0.0003 -0.0000 1.0000
vn 0.7035 0.5830 -0.4065
vn 0.7560 0.5844 -0.2950
vn 0.8867 0.3043 -0.3482
vn 0.8069 0.5877 0.0589
vn 0.9485 0.3084 0.0720
vn -0.9323 0.3617 0.0022
vn -0.8603 0.3644 -0.3565
vn -0.2837 -0.8567 -0.4307
vn -0.1025 -0.8555 -0.5076
vn -0.1894 -0.2812 -0.9408
vn -0.5326 -0.2815 -0.7982
vn -0.3199 -0.5398 0.7786
vn 0.0012 -0.5365 0.8439
vn -0.0037 -0.8247 0.5656
vn -0.2181 -0.8251 0.5212
vn 0.4082 -0.6781 -0.6113
vn 0.6133 -0.6758 -0.4089
vn 0.5045 -0.8571 -0.1040
vn 0.4318 -0.8546 -0.2884
vn 0.7626 0.4733 -0.4408
vn 0.6908 0.7108 -0.1329
vn -0.7799 -0.1759 -0.6006
vn -0.9688 -0.1654 -0.1847
vn -0.7230 -0.6723 -0.1589
vn -0.7864 -0.3325 -0.5206
vn -0.5491 0.5918 0.5902
vn -0.4558 0.5915 0.6651
vn -0.9833 -0.1807 -0.0194
vn -0.9807 -0.1953 -0.0065
vn 0.3526 0.3660 -0.8612
vn 0.0037 0.3629 -0.9318
vn -0.0000 0.6828 -0.7306
vn 0.9898 0.1426 0.0023
vn 0.7967 0.6044 0.0022
vn 0.7351 0.6063 0.3033
vn 0.9150 0.1431 0.3772
vn -0.9081 -0.1818 0.3772
vn -0.6955 -0.1863 0.6940
vn -0.7030 -0.1047 0.7035
vn -0.9189 -0.1020 0.3811
vn 0.9150 -0.1432 0.3771
vn 0.6983 -0.1497 0.7000
vn -0.9897 0.1429 0.0021
vn -0.9144 0.1467 0.3772
vn -0.7377 0.6032 0.3033
vn -0.7963 0.6049 0.0022
vn 0.3050 -0.6039 0.7364
vn 0.3798 -0.1474 0.9133
vn -0.0000 -0.1475 0.9891
vn 0.0019 -0.6060 0.7955
vn -0.5178 0.6813 0.5175
vn -0.6583 0.3648 0.6585
vn -0.3539 0.3646 0.8613
vn -0.2811 0.6824 0.6748
vn -0.3669 0.0019 0.9303
vn -0.5006 -0.0037 0.8657
vn 0.0010 1.0000 0.0001
vn 0.0008 1.0000 -0.0001
vn 0.7807 -0.0038 0.6249
vn 0.8667 -0.0037 0.4988
vn 0.7806 0.0113 0.6249
vn -1.0000 -0.0000 -0.0022
vn -0.9889 0.0019 -0.1483
vn 0.0025 1.0000 0.0022
vn 0.0023 1.0000 0.0020
vn 0.0038 0.1955 -0.9807
vn 0.0038 -0.1953 -0.9807
vn 0.3751 0.1960 -0.9060
vn 0.0018 -0.1868 0.9824
vn 0.0019 0.1868 0.9824
vn -0.6798 0.0114 0.7333
vn 0.5518 0.5854 -0.5940
vn 0.6352 0.5834 -0.5062
vn 0.6320 0.5867 0.5063
vn 0.7043 0.5829 0.4052
vn 0.5144 0.8053 0.2948
vn 0.4614 0.8068 0.3690
vn 0.7064 -0.0000 -0.7078
vn 0.6584 -0.3621 -0.6599
vn 0.5124 -0.6841 -0.5190
vn 0.2763 -0.6843 -0.6748
vn 0.3348 0.8042 0.4911
vn 0.2562 0.8068 0.5324
vn 0.4584 0.5822 0.6715
vn 0.7070 -0.0317 0.7065
vn 0.7027 -0.1070 0.7034
vn 0.9182 -0.1073 0.3812
vn 0.9241 -0.0302 0.3809
vn -0.7043 0.5829 0.4052
vn -0.7576 0.5823 0.2949
vn -0.8865 0.3041 0.3487
vn -0.8230 0.3102 0.4759
vn 0.9065 0.3809 0.1821
vn 0.7663 0.3869 0.5129
vn 0.9065 0.3820 0.1799
vn 0.6983 0.1487 -0.7002
vn 0.6107 0.5071 -0.6082
vn -0.1614 0.9103 0.3813
vn -0.2950 0.9102 0.2906
vn 0.8866 0.3040 -0.3487
vn -0.9307 0.0170 -0.3654
vn -0.9310 0.0095 -0.3649
vn 0.9808 -0.0015 0.1952
vn 0.2042 0.9748 -0.0895
vn 0.2024 0.9789 0.0284
vn -0.2026 0.9789 0.0283
vn -0.2006 0.9756 -0.0894
vn -0.0000 1.0000 0.0019
vn 0.9095 0.3740 0.1812
vn 0.9073 0.3797 0.1805
vn 0.9076 0.3797 0.1791
vn 0.9086 0.3764 0.1809
vn 0.7790 0.1796 -0.6008
vn 0.9720 0.1652 -0.1673
vn 0.7351 0.6736 -0.0764
vn 0.7825 0.3463 -0.5175
vn 0.0036 0.9106 -0.4132
vn -0.1562 0.9111 -0.3813
vn -0.2900 0.9118 -0.2907
vn 0.5100 0.3879 0.7677
vn 0.1761 0.3845 0.9062
vn -0.0000 1.0000 0.0052
vn 0.4008 0.8073 -0.4331
vn 0.4651 0.8047 -0.3690
vn -0.3787 0.9118 -0.1587
vn -0.1943 0.0015 -0.9809
vn 0.1963 0.0015 -0.9805
vn 0.9720 0.1650 0.1673
vn 0.9849 0.1729 0.0109
vn 0.9907 -0.1356 -0.0066
vn 0.9688 -0.1653 0.1847
vn -0.7352 0.6735 -0.0764
vn -0.7431 0.6684 -0.0328
vn -0.9849 0.1729 -0.0109
vn -0.9720 0.1651 -0.1674
vn -0.2498 -0.8519 -0.4603
vn -0.2224 -0.5074 -0.8325
vn -0.9323 -0.3617 0.0022
vn -0.7082 0.0001 0.7060
vn -0.8590 0.3671 0.3568
vn -0.9239 -0.0000 0.3826
vn -0.1635 -0.9775 -0.1329
vn -0.1672 -0.9459 -0.2781
vn 0.1709 -0.9452 -0.2781
vn 0.1672 -0.9769 -0.1329
vn -0.6598 0.3620 -0.6585
vn -0.5138 0.6842 -0.5175
vn -0.2764 0.6843 -0.6748
vn -0.3526 0.3660 -0.8613
vn -0.6758 0.6826 -0.2781
vn -0.8590 -0.3671 0.3568
vn -0.6582 -0.3653 0.6583
vn -0.3540 -0.3646 0.8612
vn -0.3827 -0.0000 0.9239
vn 0.9775 -0.2025 0.0589
vn 0.7155 -0.6957 0.0633
vn 0.9461 0.3156 0.0720
vn 0.8024 0.5939 0.0589
vn -0.5635 -0.0036 0.8261
vn -0.4350 0.0018 0.9004
vn -0.3787 -0.9118 0.1587
vn -0.1559 -0.9112 -0.3813
vn 0.8322 0.0020 0.5544
vn 0.5574 -0.0017 0.8303
vn 0.8317 -0.0021 0.5552
vn 0.3810 0.0907 0.9201
vn 0.0040 0.0870 0.9962
vn 0.5507 0.8067 0.2146
vn 0.5763 0.8064 0.1329
vn 0.2937 0.9489 0.1151
vn 0.3669 0.2942 -0.8825
vn -0.3910 0.9168 0.0809
vn -0.7276 0.6632 0.1754
vn -0.9841 0.1729 0.0415
vn -0.9821 0.1876 0.0153
vn 0.9282 0.3705 -0.0330
vn 0.7240 0.6670 -0.1760
vn 0.9841 0.1728 -0.0415
vn 0.9765 0.0226 -0.2144
vn 0.9789 -0.0528 -0.1975
vn 0.3540 -0.3647 0.8612
vn -0.0019 -0.3630 0.9318
vn 0.5894 0.8065 -0.0458
vn 0.5897 0.8063 0.0458
vn -0.6738 -0.6846 0.2781
vn -0.2950 -0.9102 0.2906
vn -0.5177 -0.6813 0.5175
vn -0.0019 -0.1869 -0.9824
vn -0.3773 -0.1833 -0.9078
vn -0.3814 -0.1055 -0.9184
vn 0.0037 -0.1089 -0.9940
vn 0.9203 0.0874 -0.3813
vn 0.9958 0.0916 0.0003
vn 0.3829 0.1052 -0.9178
vn 0.7030 0.1070 -0.7031
vn 0.7073 0.0319 -0.7062
vn 0.3836 0.0302 -0.9230
vn 0.4554 0.8139 -0.3609
vn 0.3973 0.8132 -0.4252
vn 0.5469 0.5939 -0.5901
vn 0.6304 0.5916 -0.5026
vn -0.5800 0.8135 -0.0415
vn -0.8024 0.5938 -0.0590
vn -0.7833 0.5948 -0.1804
vn 0.5515 0.5852 -0.5945
vn 0.4011 0.8072 -0.4330
vn -0.2811 -0.6824 0.6748
vn -0.1613 -0.9103 0.3812
vn -0.1470 0.0170 -0.9890
vn -0.0001 0.0132 -0.9999
vn 0.0038 0.0079 -1.0000
vn -0.1477 0.0095 -0.9890
vn 0.1943 0.0014 0.9809
vn 0.3164 0.2540 0.9140
vn 0.5554 0.0014 0.8316
vn 0.6123 0.5014 -0.6113
vn 0.3318 0.4983 -0.8010
vn 0.3344 0.4883 -0.8060
vn 0.6548 -0.7123 0.2529
vn 0.6436 -0.7224 0.2528
vn 0.9309 -0.2097 0.2990
vn 0.9659 -0.2169 0.1414
vn -0.9813 0.0053 0.1922
vn 0.1597 -0.9106 -0.3811
vn 0.2898 -0.9119 -0.2905
vn 0.0246 0.6993 -0.7144
vn 0.8313 -0.0016 0.5558
vn -0.0016 1.0000 0.0005
vn -0.0009 1.0000 0.0001
vn 0.2517 0.9475 0.1972
vn 0.0037 -0.9106 -0.4134
vn 0.9814 0.0015 -0.1922
vn -0.8807 0.3023 0.3648
vn -0.9512 0.3086 0.0028
vn -0.7998 0.5001 0.3319
vn 0.8082 0.4863 0.3322
vn 0.8688 0.4951 0.0038
vn 0.8683 0.4960 0.0039
vn 0.7982 0.5028 0.3317
vn 0.0207 0.1989 0.9798
vn -0.0187 -0.1775 0.9839
vn -0.0019 -0.1995 0.9799
vn 0.0037 0.1781 0.9840
vn 0.0020 1.0000 0.0037
vn 0.3721 0.9250 0.0767
vn -0.5154 -0.8275 0.2230
vn -0.4976 -0.8657 0.0544
vn -0.1129 -0.9927 0.0415
vn -0.0015 1.0000 0.0036
vn -0.0020 1.0000 0.0031
vn -0.1985 -0.2938 0.9350
vn -0.1980 -0.2431 0.9496
vn -0.6975 -0.1790 0.6939
vn -0.7171 -0.2084 0.6651
vn -0.1651 -0.3767 -0.9115
vn -0.1777 -0.7011 -0.6906
vn -0.6524 -0.5431 -0.5286
vn -0.6222 -0.2963 -0.7247
vn -0.0660 -0.9844 -0.1632
vn -0.1242 -0.9845 -0.1242
vn -0.8761 -0.3220 0.3589
vn -0.5173 -0.8263 0.2228
vn 0.6612 0.3621 -0.6570
vn 0.5153 0.6841 -0.5161
vn 0.7349 0.6067 -0.3032
vn 0.2594 0.9598 -0.1070
vn 0.2830 0.9591 0.0022
vn 0.7968 0.6042 0.0022
vn 0.6584 0.3620 -0.6599
vn -0.0019 0.9844 0.1762
vn 0.0698 0.9841 0.1634
vn 0.2597 -0.9597 -0.1072
vn 0.1950 -0.9607 -0.1974
vn 0.5634 -0.6059 -0.5616
vn 0.7354 -0.6059 -0.3034
vn 0.0021 1.0000 -0.0001
vn 0.0009 1.0000 0.0021
vn 0.1616 -0.9845 -0.0676
vn -0.6444 0.3142 -0.6972
vn -0.5356 0.3123 -0.7846
vn -0.4536 0.5933 -0.6651
vn -0.5467 0.5938 -0.5903
vn -0.5431 -0.8085 -0.2267
vn 0.1419 0.3072 0.9410
vn 0.2780 0.3084 0.9097
vn 0.2425 0.5852 0.7738
vn 0.1232 0.5827 0.8033
vn -1.0000 -0.0001 0.0025
vn -0.1054 0.9936 0.0415
vn -0.0904 0.9959 0.0066
vn -0.6545 0.7065 0.2692
vn -0.1686 0.9834 0.0674
vn -0.1261 0.9837 0.1285
vn -0.4993 0.7082 0.4991
vn -0.9804 0.1950 0.0283
vn -0.0019 0.7231 0.6908
vn -0.7418 0.3120 0.5936
vn -0.6995 0.5914 0.4012
vn -0.6270 0.5952 0.5026
vn 0.8591 -0.3669 0.3567
vn 0.9245 -0.0000 0.3813
vn 0.7077 -0.0000 0.7065
vn 0.6601 -0.3615 0.6584
vn -0.1945 0.9356 0.2948
vn -0.6964 0.6834 0.2192
vn 0.6601 0.3615 0.6585
vn 0.8592 0.3669 0.3567
vn 0.8589 -0.3674 -0.3567
vn 0.9242 -0.0000 -0.3818
vn 1.0000 -0.0000 0.0021
vn 0.9323 -0.3617 0.0022
vn -0.3301 0.4995 0.8009
vn -0.0004 0.4890 0.8723
vn -0.3305 0.4920 0.8054
vn -0.3674 0.2931 0.8826
vn 0.5021 0.8145 -0.2906
vn 0.6978 0.5934 -0.4012
vn 0.6613 -0.3620 -0.6570
vn 0.7093 0.0001 -0.7049
vn 0.6743 0.6841 0.2781
vn 0.7303 -0.6793 0.0720
vn 0.7069 -0.7071 0.0197
vn 0.8091 0.5658 0.1589
vn -0.0189 0.1988 -0.9799
vn -0.0773 0.7065 -0.7035
vn -0.8327 0.0016 -0.5536
vn 0.3723 0.9250 0.0764
vn -0.0680 -0.9835 -0.1676
vn -0.1585 -0.9135 -0.3748
vn -0.2908 -0.9127 -0.2869
vn -0.1261 -0.9836 -0.1287
vn 0.2145 0.8256 0.5218
vn 0.3196 0.5385 0.7796
vn 0.0038 0.7078 0.7064
vn -0.0019 0.9836 0.1805
vn 0.0697 0.9834 0.1674
vn 0.2727 0.7079 0.6515
vn 0.6728 -0.6856 -0.2780
vn 0.5154 -0.6841 -0.5162
vn 0.1242 0.9845 0.1241
vn 0.5953 -0.5367 -0.5980
vn 0.3254 -0.5365 -0.7786
vn 0.2131 -0.8264 -0.5212
vn 0.3979 -0.8249 -0.4016
vn 0.3254 0.5350 -0.7796
vn 0.5946 0.5385 -0.5970
vn 0.3980 0.8247 -0.4017
vn 0.2130 0.8262 -0.5216
vn 0.3991 -0.8243 0.4015
vn 0.2147 -0.8257 0.5216
vn 0.3193 -0.5401 0.7787
vn 0.5948 -0.5385 0.5968
vn 0.2914 0.9114 0.2907
vn 0.3789 0.9117 0.1588
vn 0.0742 0.0019 0.9972
vn -0.0742 0.0018 0.9972
vn -0.0000 1.0000 -0.0002
vn -0.0009 1.0000 -0.0001
vn -0.2024 -0.9677 -0.1503
vn -0.2023 -0.9786 -0.0371
vn -0.9815 0.0023 0.1916
vn -0.9808 -0.0021 -0.1949
vn -0.9063 0.1906 -0.3771
vn -0.9063 -0.1908 -0.3771
vn 0.1969 -0.9763 -0.0894
vn 0.1969 -0.0011 -0.9804
vn 0.5575 -0.0012 -0.8302
vn 0.9138 0.1508 0.3770
vn 0.6980 0.1500 0.7002
vn 0.6982 -0.1481 0.7004
vn 0.9140 -0.1498 0.3769
vn -0.9239 -0.0330 -0.3812
vn -0.9995 -0.0319 0.0020
vn 0.5148 0.6834 0.5176
vn -0.0000 0.5006 -0.8657
vn -0.0016 0.4893 -0.8721
vn -0.3346 0.4879 -0.8062
vn -0.3313 0.4989 -0.8008
vn -0.8440 0.5363 0.0021
vn -0.7798 0.5356 -0.3241
vn -0.5212 0.8260 -0.2147
vn -0.5685 0.8227 0.0020
vn 0.6744 0.3008 -0.6743
vn 0.1284 -0.9833 -0.1286
vn 0.2860 -0.9139 -0.2881
vn 0.1583 -0.9137 -0.3742
vn 0.0680 -0.9836 -0.1673
vn -0.6154 0.4936 0.6145
vn -0.6752 0.2984 0.6745
vn -0.1968 0.9695 -0.1458
vn -0.1950 0.9367 -0.2906
vn -0.6951 0.6860 -0.2149
vn -0.7060 0.7001 -0.1069
vn 0.7662 -0.2645 0.5856
vn 0.4104 0.9119 0.0022
vn 0.3787 0.9118 -0.1587
vn 0.2901 0.9118 -0.2907
vn -0.7071 0.7071 0.0041
vn -0.1807 0.9835 0.0022
vn 0.6549 0.7060 0.2697
vn 0.1690 0.9833 0.0677
vn 0.1803 0.9836 0.0023
vn 0.7075 0.7067 0.0025
vn -0.0660 0.9844 -0.1633
vn -0.1243 0.9844 -0.1241
vn -0.0019 0.9843 -0.1763
vn 0.1691 -0.9833 -0.0676
vn -0.9842 0.1724 -0.0415
vn -0.9822 0.1874 -0.0153
vn -0.9806 -0.1950 0.0197
vn -0.9782 -0.1989 0.0589
vn 0.0697 0.9841 -0.1631
vn 0.0697 -0.9841 0.1631
vn 0.1241 -0.9844 0.1243
vn 0.1616 0.9845 -0.0677
vn 0.1243 0.9844 -0.1243
vn -0.0020 1.0000 0.0039
vn 0.4994 0.7084 0.4988
vn 0.1297 0.9832 0.1286
vn -0.7914 -0.6104 -0.0327
vn -0.9908 -0.1354 -0.0066
vn 0.7974 -0.2829 0.5330
vn 0.5311 -0.2837 0.7984
vn -0.0019 -0.9844 -0.1762
vn -0.0660 0.9844 0.1631
vn -0.0000 1.0000 0.0021
vn -0.5982 0.5347 -0.5968
vn -0.3217 0.5382 -0.7790
vn -0.2129 0.8262 -0.5216
vn -0.3975 0.8255 -0.4006
vn 0.0001 1.0000 0.0001
vn -0.0735 0.9831 0.1674
vn -0.2726 0.7079 0.6516
vn 0.1693 0.9832 -0.0678
vn -0.0000 1.0000 0.0023
vn -0.1615 0.9846 0.0676
vn -0.1730 0.9849 0.0022
vn -0.1809 0.3841 0.9054
vn -0.0003 1.0000 0.0033
vn 0.1764 0.9490 -0.2614
vn 0.2137 0.9491 -0.2316
vn -0.2610 -0.9594 0.1070
vn -0.1950 -0.9607 0.1976
vn 0.3828 -0.1050 -0.9178
vn 0.3835 -0.0299 -0.9231
vn 0.7073 -0.0318 -0.7062
vn 0.7030 -0.1071 -0.7031
vn -0.6367 -0.7240 0.2652
vn -0.6911 -0.7228 0.0020
vn 0.1983 -0.9762 0.0876
vn -0.2003 -0.9757 0.0893
vn -0.2024 -0.9790 -0.0242
vn 0.2025 -0.9790 -0.0240
vn -0.6371 0.7237 0.2654
vn -0.6908 0.7230 0.0021
vn -0.0003 1.0000 -0.0022
vn -0.2357 0.9533 -0.1889
vn -0.1242 0.9844 0.1244
vn -0.4860 0.7252 0.4877
vn 0.1037 0.9596 -0.2615
vn 0.1949 0.9607 -0.1975
vn 0.5633 0.6061 -0.5615
vn 0.3044 0.6051 -0.7357
vn -0.5484 0.8048 0.2271
vn -0.5925 0.8055 0.0022
vn -0.8595 0.5112 0.0023
vn -0.7942 0.5112 0.3283
vn 0.2607 -0.7241 0.6386
vn -0.0019 -0.9843 0.1762
vn -0.0019 -0.7230 0.6909
vn -0.5054 -0.8569 0.1013
vn -0.9405 -0.2819 -0.1899
vn -0.9412 -0.2809 0.1876
vn 0.0019 -0.7230 -0.6908
vn 0.2887 -0.8550 0.4308
vn 0.4327 -0.8542 0.2882
vn 0.4329 -0.8541 0.2883
vn 0.2887 -0.8549 0.4311
vn -0.3121 0.9497 -0.0240
vn -0.3046 0.9497 -0.0720
vn -0.5764 0.8063 -0.1329
vn -0.5898 0.8063 -0.0458
vn 0.7072 0.0315 0.7063
vn 0.7032 0.1059 0.7030
vn 0.3791 0.1119 0.9186
vn 0.3817 0.0301 0.9238
vn -0.3220 -0.5366 -0.7800
vn -0.5973 -0.5350 -0.5975
vn -0.0021 -0.5378 -0.8431
vn 0.0038 -0.8248 -0.5654
vn -0.0000 1.0000 0.0044
vn -0.0008 1.0000 0.0040
vn -0.4880 0.7244 -0.4869
vn -0.2665 0.7215 -0.6390
vn 0.2664 0.7220 -0.6385
vn 0.0019 0.7232 -0.6907
vn 0.4343 -0.8544 0.2854
vn 0.5054 -0.8569 -0.1015
vn 0.7222 -0.6773 0.1404
vn 0.7223 -0.6769 0.1420
vn 0.1354 0.9485 0.2865
vn 0.0941 0.9483 0.3032
vn -0.2611 0.9594 0.1070
vn -0.2829 0.9592 0.0023
vn 0.0002 1.0000 0.0022
vn 0.2026 0.9545 0.2189
vn -0.5540 0.5835 0.5938
vn -0.6321 0.5866 0.5063
vn -0.7444 0.3053 0.5938
vn -0.6470 0.3093 0.6969
vn 0.2168 0.9483 0.2316
vn 0.2462 0.9489 0.1974
vn 0.0076 0.9999 0.0066
vn 0.0074 1.0000 0.0066
vn -0.7577 0.5822 0.2949
vn -0.7897 0.5864 0.1804
vn -0.9279 0.3077 0.2103
vn -0.8866 0.3039 0.3486
vn 0.0942 0.9483 -0.3032
vn 0.0485 0.9489 -0.3118
vn -0.0000 1.0000 -0.0066
vn 0.1939 -0.0012 -0.9810
vn -0.5550 -0.0013 -0.8319
vn 0.8113 0.5816 0.0590
vn -0.1615 0.9846 -0.0675
vn -0.6376 0.7227 -0.2667
vn -0.7607 0.4763 -0.4409
vn -0.7320 0.2633 -0.6283
vn -0.1893 0.3786 -0.9060
vn -0.7266 0.1700 0.6657
vn -0.7455 -0.0452 0.6650
vn -0.3750 0.1955 -0.9061
vn -0.3345 0.8044 -0.4910
vn -0.4008 0.8074 -0.4331
vn -0.1763 0.9490 -0.2614
vn 0.2462 0.9489 -0.1974
vn 0.2755 0.9481 -0.1587
vn -0.5799 0.8137 0.0415
vn -0.5646 0.8153 0.1285
vn -0.7853 0.5923 0.1803
vn -0.8024 0.5939 0.0590
vn 0.0037 0.9489 -0.3157
vn 0.2491 0.8138 0.5250
vn 0.3275 0.8137 0.4802
vn 0.4559 0.5916 0.6650
vn 0.3523 0.5923 0.7246
vn -0.2005 -0.9743 -0.1025
vn 0.2026 -0.9739 -0.1025
vn -0.3750 -0.1959 -0.9061
vn -0.2664 -0.7219 -0.6386
vn 0.6232 -0.0037 -0.7821
vn 0.7321 -0.0019 -0.6812
vn -0.6394 0.7223 -0.2635
vn 0.9807 0.1954 0.0021
vn 0.1036 -0.9739 -0.2019
vn 0.9070 0.1876 0.3771
vn 0.9073 -0.1866 0.3769
vn 0.1932 0.2146 -0.9574
vn -0.1931 0.2145 -0.9574
vn -0.3793 0.1480 -0.9134
vn -0.3822 -0.0296 -0.9236
vn -0.7070 -0.0356 -0.7063
vn -0.6997 0.1419 -0.7002
vn -0.6937 0.1931 0.6939
vn -0.6935 -0.1940 0.6938
vn -0.9046 -0.1989 0.3771
vn -0.9047 0.1983 0.3771
vn 0.9054 0.1951 0.3771
vn -0.7072 -0.0296 0.7064
vn -0.9241 -0.0287 0.3810
vn 0.5168 -0.8266 0.2227
vn 0.4977 -0.8656 0.0548
vn 0.9296 -0.3551 0.0988
vn 0.8773 -0.3187 0.3590
vn -0.0000 0.1946 0.9809
vn -0.0000 -0.1949 0.9808
vn 0.3752 -0.1956 0.9061
vn 0.1769 -0.7027 0.6892
vn 0.6530 -0.5424 0.5286
vn -0.3189 0.9475 -0.0240
vn -0.5894 0.8065 -0.0460
vn -0.5896 0.8064 0.0457
vn 0.6396 -0.7214 0.2655
vn 0.9054 -0.1951 0.3772
vn 0.9807 -0.1954 0.0023
vn 0.6908 -0.7230 0.0023
vn 0.9056 -0.1941 -0.3772
vn 0.6394 -0.7215 -0.2656
vn 0.1882 -0.2821 0.9407
vn -0.1938 -0.0012 0.9810
vn 0.3671 0.0018 0.9302
vn 0.2211 -0.0019 0.9752
vn -0.0007 1.0000 -0.0001
vn -0.0012 1.0000 0.0001
vn -0.8842 0.3109 -0.3487
vn -0.8230 0.3102 -0.4759
vn -0.6976 0.5936 -0.4012
vn -0.7516 0.5901 -0.2948
vn -0.0018 0.5378 -0.8430
vn 0.0037 0.8248 -0.5654
vn -0.7068 0.6682 0.2323
vn -0.7086 0.6667 -0.2312
vn -0.9388 0.1914 -0.2865
vn -0.9396 0.1871 0.2865
vn -0.7200 0.0038 -0.6939
vn -0.9828 -0.0000 -0.1847
vn -0.9869 -0.0302 -0.1588
vn -0.7426 -0.1537 -0.6518
vn -0.2938 0.9488 0.1155
vn -0.5763 0.8064 0.1328
vn -0.5507 0.8066 0.2147
vn 0.3946 0.9153 0.0807
vn 0.3984 0.9169 -0.0240
vn 0.9820 0.1882 0.0157
vn -0.1967 -0.0017 -0.9805
vn 0.5679 0.8231 0.0006
vn 0.5244 0.8240 -0.2146
vn 0.7778 0.5386 -0.3239
vn 0.8439 0.5365 0.0007
vn 0.8313 -0.0016 -0.5559
vn 0.8331 -0.0009 -0.5531
vn 0.9807 0.0019 0.1957
vn -0.8322 0.0038 0.5544
vn 0.9812 -0.0000 0.1932
vn 0.2022 -0.9740 0.1024
vn -0.2005 -0.9743 0.1025
vn -0.2005 -0.9794 0.0241
vn 0.2025 -0.9790 0.0241
vn 0.5006 -0.0052 0.8657
vn -0.0013 1.0000 0.0003
vn -0.1968 -0.0011 0.9804
vn -0.5575 -0.0018 0.8302
vn -0.1969 0.0004 0.9804
vn -0.0000 -0.0000 1.0000
vn -0.3834 -0.0000 0.9236
vn -0.3771 0.1538 0.9133
vn -0.0001 0.1522 0.9884
vn 0.6936 -0.1939 0.6938
vn 0.1504 0.9687 0.1975
vn 0.1089 0.6995 0.7063
vn 0.2186 0.6829 0.6971
vn 0.9808 -0.0005 0.1950
vn -0.1971 -0.0011 0.9804
vn -0.2045 0.5443 0.8136
vn -0.1984 0.0873 0.9762
vn 0.1983 0.0872 0.9762
vn 0.2080 0.5430 0.8135
vn -0.3819 -0.0298 0.9237
vn -0.3797 0.1471 0.9133
vn -0.6990 0.1457 0.7001
vn 0.9970 0.0113 -0.0763
vn 0.9971 0.0126 0.0750
vn 0.9971 -0.0038 0.0764
vn 0.9971 -0.0038 -0.0764
vn 0.9241 -0.0302 -0.3809
vn 0.9150 0.1435 -0.3771
vn 0.9898 0.1425 0.0022
vn -0.1474 0.0129 0.9890
vn -0.2928 -0.0019 0.9562
vn -0.1480 -0.0018 0.9890
vn 0.5006 -0.0001 -0.8657
vn 0.6233 -0.0038 -0.7820
vn -0.0013 1.0000 0.0041
vn -0.0011 1.0000 -0.0001
vn 0.1970 -0.0013 -0.9804
vn -0.1937 -0.0012 -0.9811
vn -0.9958 0.0920 0.0021
vn 0.4887 -0.7237 0.4873
vn 0.0001 1.0000 -0.0066
vn -0.4059 -0.6782 -0.6126
vn -0.6148 -0.6732 -0.4110
vn -0.8313 -0.0011 -0.5558
vn -0.5548 -0.0016 -0.8320
vn 0.2393 0.5864 -0.7738
vn 0.1725 0.8067 -0.5653
vn 0.6125 -0.6754 0.4108
vn 0.4562 0.5840 -0.6714
vn 0.3522 0.5850 -0.7306
vn 0.2600 0.8055 -0.5325
vn 0.3343 0.8050 -0.4902
vn -0.7223 -0.6771 0.1405
vn 0.9239 0.0298 -0.3815
vn 0.6955 0.1864 -0.6939
vn -0.7217 -0.6773 -0.1430
vn -0.9808 -0.0016 -0.1949
vn -0.1872 -0.2841 0.9403
vn -0.6401 -0.7217 -0.2634
vn 0.9815 -0.0017 0.1915
vn -0.7975 -0.2827 -0.5330
vn -0.6920 0.7095 -0.1332
vn -0.6920 0.0679 -0.7187
vn -0.6970 -0.1810 -0.6939
vn -0.5055 -0.8568 0.1014
vn -0.0008 -0.5093 0.8606
vn -0.3257 -0.5116 0.7951
vn -0.2291 -0.8050 0.5472
vn -0.0020 -0.8070 0.5905
vn -0.4345 -0.8541 0.2860
vn 0.7219 -0.6769 0.1437
vn 0.4345 -0.8535 0.2877
vn -0.3736 0.1988 0.9060
vn -0.2643 0.7228 0.6385
vn -0.4856 -0.7258 0.4872
vn -0.3735 -0.1983 0.9062
vn -0.2644 -0.7224 0.6389
vn 0.4341 -0.8545 0.2853
vn 0.5051 -0.8571 -0.1014
vn 0.4340 -0.8538 0.2876
vn -0.4345 -0.8540 0.2860
vn -0.5447 0.8071 -0.2277
vn -0.4213 0.8052 -0.4173
vn -0.6094 0.5095 -0.6075
vn -0.7974 0.5061 -0.3286
vn -0.2908 -0.8551 0.4293
vn -0.2836 -0.8567 -0.4308
vn -0.6119 0.5020 -0.6112
vn -0.6741 0.3019 -0.6741
vn -0.3665 0.3011 -0.8804
vn -0.1617 -0.9845 -0.0676
vn -0.1616 0.9845 -0.0677
vn -0.1503 0.9881 -0.0328
vn -0.1467 0.9874 -0.0589
vn -0.2937 0.9489 -0.1155
vn -0.3118 0.9474 -0.0720
vn -0.1808 -0.7016 0.6893
vn -0.6552 -0.5411 0.5272
vn 0.9401 -0.2844 0.1878
vn -0.8001 -0.2784 0.5313
vn -0.5325 -0.2847 0.7971
vn 0.7776 -0.5389 -0.3239
vn 0.5238 -0.8244 -0.2146
vn 0.9401 -0.2838 0.1888
vn 0.6981 -0.1490 -0.7003
vn 0.3768 -0.1558 -0.9131
vn 0.4145 -0.8089 -0.4170
vn 0.2240 -0.8065 -0.5471
vn -0.5614 0.6077 0.5618
vn -0.1950 0.9607 0.1976
vn 0.2935 0.9490 0.1155
vn 0.9396 -0.2844 0.1904
vn 0.1581 0.9874 0.0109
vn 0.1503 0.9881 0.0328
vn -0.0684 0.9876 -0.1412
vn -0.0490 0.9874 -0.1502
vn -0.0941 0.9483 -0.3031
vn -0.1392 0.9479 -0.2865
vn -0.8331 0.0028 0.5532
vn -0.6768 0.2937 -0.6751
vn -0.3652 0.2962 -0.8825
vn -0.8314 -0.0005 -0.5557
vn -0.5412 0.8141 0.2104
vn -0.5053 0.8126 0.2906
vn -0.7485 0.5940 0.2948
vn -0.0661 -0.9844 0.1632
vn -0.1242 -0.9845 0.1242
vn 0.0036 -0.1521 -0.9884
vn -0.0000 0.0132 0.9999
vn -0.0001 -0.0000 1.0000
vn 0.9816 -0.0000 0.1912
vn 0.9811 -0.0021 0.1934
vn 0.1480 0.0018 -0.9890
vn -0.0001 -0.0000 -1.0000
vn -0.6233 -0.0000 0.7820
vn -0.7321 -0.0038 0.6811
vn 0.0015 1.0000 0.0005
vn 0.0012 1.0000 0.0002
vn 0.2926 0.0095 -0.9562
vn -0.2024 -0.9677 0.1503
vn -0.1894 -0.9352 0.2992
vn 0.9061 0.3828 0.1801
vn 0.1618 -0.9845 0.0677
vn 0.1729 -0.9849 0.0022
vn -0.2290 0.8054 0.5467
vn -0.4192 0.8064 0.4171
vn -0.6110 0.5075 0.6076
vn -0.3268 0.5108 0.7952
vn 0.7958 -0.5088 -0.3282
vn 0.6096 -0.5091 -0.6076
vn 0.6979 -0.1503 -0.7002
vn 0.9138 -0.1509 -0.3772
vn -0.2795 0.9537 0.1112
vn 0.0040 -0.1567 -0.9876
vn -0.0000 -0.0001 -1.0000
vn -0.3764 -0.1543 -0.9135
vn 0.9788 0.1949 -0.0633
vn 0.6991 0.6820 -0.2146
vn 0.7052 0.7009 -0.1068
vn 0.9803 0.1950 -0.0327
vn 0.1050 0.9936 0.0411
vn 0.0905 0.9959 0.0066
vn -0.9804 0.1946 -0.0322
vn -0.9781 0.1985 -0.0633
vn 0.0015 1.0000 0.0024
vn 0.0012 1.0000 0.0025
vn 0.9059 0.3826 0.1818
vn 0.0003 1.0000 0.0023
vn 0.0025 1.0000 0.0026
vn 0.3723 0.9250 0.0763
vn 0.9814 -0.0017 -0.1919
vn 0.1036 0.9597 -0.2612
vn 0.3014 0.6064 -0.7358
vn -0.0001 0.6059 -0.7955
vn 0.0038 0.9593 -0.2825
vn -0.1619 -0.9845 -0.0678
vn -0.0000 -1.0000 0.0023
vn 0.5031 0.8361 0.2189
vn 0.4829 0.8743 0.0502
vn 0.1284 -0.9833 0.1287
vn 0.0698 -0.9834 0.1675
vn -0.0679 0.9836 -0.1674
vn 0.0038 0.9836 -0.1805
vn 0.2832 0.9590 0.0021
vn 0.2608 0.9594 0.1070
vn 0.9815 0.0012 -0.1916
vn 0.8330 0.0017 -0.5533
vn 0.6795 0.0113 0.7336
vn 0.4901 -0.4756 0.7305
vn 0.9794 -0.0586 0.1933
vn 0.8632 -0.4756 0.1691
vn 0.8619 -0.4766 0.1733
vn -0.9147 0.1450 -0.3772
vn -0.6979 0.1509 -0.7001
vn -0.6981 -0.1499 -0.7001
vn -0.9146 -0.1463 -0.3769
vn 0.2042 0.9748 0.0897
vn 0.2025 0.9789 -0.0283
vn 0.2043 0.9748 -0.0894
vn -0.2006 0.9756 -0.0895
vn -0.1986 0.9480 -0.2486
vn 0.1988 0.9480 -0.2487
vn 0.8322 -0.0000 0.5544
vn 0.8323 0.0001 0.5544
vn 0.8654 0.4706 0.1717
vn -0.1985 0.9476 0.2504
vn 0.1988 0.9475 0.2505
vn 0.1947 0.9355 0.2948
vn 0.1952 0.9754 -0.1026
vn 0.9288 0.3682 -0.0416
vn 0.9790 0.2031 0.0196
vn 0.3909 0.9152 0.0980
vn 0.9289 0.3702 0.0110
vn 0.9837 0.1799 0.0065
vn -0.0659 0.6891 0.7217
vn 0.0150 0.6859 0.7275
vn 0.0001 1.0000 0.0021
vn -0.0000 -0.9134 -0.4071
vn 0.0037 -0.9836 -0.1804
vn -0.7144 -0.6969 0.0634
vn -0.2024 -0.9752 0.0897
vn -0.1985 -0.9494 0.2434
vn -0.5630 0.0151 -0.8263
vn -0.5634 0.0076 -0.8262
vn -0.6795 0.0057 -0.7337
vn 0.6973 -0.6937 0.1803
vn 0.1932 -0.9508 0.2423
vn 0.7159 -0.6953 0.0633
vn 0.0037 0.1566 -0.9877
vn -0.3764 0.1554 -0.9133
vn -0.3828 -0.0004 -0.9238
vn 0.6920 -0.2446 0.6793
vn 0.6908 -0.0001 0.7230
vn 0.1997 -0.0001 0.9799
vn 0.1885 -0.3290 0.9253
vn -0.9790 0.2031 -0.0196
vn -0.9277 0.3709 -0.0417
vn -0.9287 0.3707 -0.0110
vn -0.9836 0.1804 -0.0065
vn -0.3944 0.9154 0.0807
vn -0.9821 0.1879 0.0155
vn -0.6967 -0.6944 -0.1803
vn -0.7129 -0.6984 -0.0633
vn -0.9806 -0.1951 -0.0195
vn -0.9783 -0.1988 -0.0590
vn 0.9487 0.3080 0.0720
vn 0.2146 0.6845 -0.6967
vn 0.1739 0.6668 -0.7247
vn -0.7266 0.6642 0.1760
vn -0.1987 0.9480 0.2486
vn -0.9807 -0.1952 0.0065
vn -0.7068 -0.7071 0.0199
vn -0.9281 -0.3701 0.0417
vn -0.9833 -0.1807 0.0194
vn -0.0189 0.6856 -0.7277
vn -0.0774 0.7073 -0.7027
vn -0.0189 0.1989 -0.9798
vn -0.0075 0.1781 -0.9840
vn -0.9780 0.1986 -0.0634
vn -0.9803 0.1950 -0.0327
vn -0.7077 0.6984 -0.1069
vn -0.6968 0.6845 -0.2145
vn -0.9832 -0.1801 0.0283
vn -0.9783 -0.1985 0.0590
vn -0.9841 0.1725 -0.0415
vn -0.9806 -0.1952 0.0196
vn -0.9821 0.1877 -0.0152
vn -0.9131 0.1550 -0.3771
vn -0.9875 0.1576 0.0022
vn -1.0000 -0.0009 0.0024
vn -0.9245 0.0025 -0.3813
vn -0.6997 -0.1574 -0.6969
vn -0.9245 0.0028 -0.3813
vn -0.9130 -0.1560 -0.3770
vn -0.2041 -0.9787 0.0241
vn -0.2026 -0.9752 -0.0894
vn -0.1949 0.9368 -0.2906
vn 0.1948 0.9370 -0.2900
vn 0.4349 0.0017 0.9005
vn 0.4350 0.0094 0.9004
vn -0.8667 0.0132 -0.4986
vn -0.7807 0.0057 -0.6249
vn -0.8667 0.0058 -0.4988
vn 0.6796 -0.0037 0.7336
vn 0.6798 0.0114 0.7333
vn 0.9013 0.0004 0.4331
vn 0.8273 -0.0033 0.5618
vn -0.0021 1.0000 -0.0033
vn -0.0022 1.0000 0.0013
vn -0.7073 0.0335 -0.7061
vn 0.9748 0.0095 -0.2230
vn -0.0000 0.1092 0.9940
vn -0.0017 0.0306 0.9995
vn 0.3803 -0.0301 -0.9244
vn 0.3794 -0.1047 -0.9193
vn 0.0037 -0.1091 -0.9940
vn 0.0018 -0.0307 -0.9995
vn 0.8840 0.3113 -0.3487
vn 0.8230 0.3104 -0.4758
vn 0.8667 0.0057 -0.4988
vn 0.9312 0.0095 -0.3643
vn 0.9789 -0.0528 0.1975
vn 0.9764 0.0226 0.2146
vn 0.6921 0.0677 0.7186
vn 0.6962 -0.1783 0.6954
vn 0.1390 0.3131 0.9395
vn 0.0037 0.3053 0.9523
vn 0.8331 -0.0016 -0.5531
vn 0.3798 0.1472 0.9133
vn 0.3798 -0.1470 0.9133
vn -0.5633 -0.0000 -0.8262
vn -0.6801 -0.0000 -0.7331
vn 0.3798 -0.1473 0.9133
vn 0.0019 -0.1480 0.9890
vn 0.2929 0.0018 -0.9562
vn 0.0001 1.0000 0.0023
vn 0.9396 0.1875 0.2864
vn 0.7533 0.1576 0.6385
vn 0.7533 -0.1576 0.6385
vn 0.9396 -0.1875 0.2865
vn 0.2209 0.0019 -0.9753
vn 0.3670 -0.0019 -0.9302
vn -0.0007 1.0000 0.0044
vn 0.0003 1.0000 0.0002
vn -0.9828 -0.0000 0.1846
vn -0.9758 0.0603 0.2104
vn 0.3839 -0.0000 -0.9234
vn 0.3770 0.1544 -0.9133
vn -0.9970 0.0113 -0.0764
vn -0.9749 0.0095 -0.2225
vn -0.9748 0.0019 -0.2231
vn -0.9971 -0.0037 -0.0764
vn 0.2189 0.9716 -0.0895
vn 0.2190 0.9716 0.0895
vn 0.7048 0.6705 0.2316
vn 0.7034 0.6725 -0.2303
vn -0.7807 -0.0018 -0.6249
vn -0.8667 -0.0018 -0.4988
vn 0.7214 0.0001 0.6925
vn 0.9828 -0.0000 0.1846
vn 0.9868 -0.0302 0.1588
vn 0.7431 -0.1569 0.6505
vn 0.7224 -0.6911 0.0240
vn 0.9821 -0.1880 0.0066
vn 0.9822 -0.1876 -0.0066
vn -0.9209 0.0841 0.3807
vn -1.0000 -0.0000 0.0019
vn -0.1481 0.0017 -0.9890
vn -0.2928 0.0019 -0.9562
vn 0.1980 -0.2432 0.9495
vn 0.9880 -0.1542 0.0042
vn 0.9887 0.1501 0.0040
vn 0.9244 -0.0000 -0.3815
vn -0.7215 -0.6920 -0.0239
vn -0.7215 -0.6920 0.0239
vn -0.2023 -0.9786 0.0371
vn 0.6797 0.0133 -0.7334
vn 0.7807 -0.0018 -0.6249
vn 0.6796 -0.0017 -0.7336
vn -0.9396 -0.1874 0.2865
vn -0.7525 -0.1608 0.6387
vn -0.7526 0.1610 0.6385
vn -0.9485 0.3085 0.0717
vn -0.9486 0.3082 -0.0720
vn 0.8799 0.3044 0.3649
vn 0.9540 0.2999 0.0044
vn 0.9962 0.0875 0.0045
vn 0.9201 0.0890 0.3815
vn 0.4536 0.5933 -0.6650
vn 0.3493 0.5942 -0.7245
vn -0.2116 -0.6658 0.7155
vn -0.1826 -0.6936 0.6968
vn -0.0536 -0.2013 0.9781
vn -0.0570 -0.1778 0.9824
vn -0.7269 -0.6791 0.1025
vn -0.2965 0.0170 -0.9549
vn -0.4342 0.0113 -0.9008
vn -0.4126 0.3089 -0.8569
vn -0.2794 0.3073 -0.9097
vn 0.7444 0.3053 0.5938
vn 0.6469 0.3096 0.6969
vn -0.9308 0.0095 -0.3655
vn -0.0000 0.3055 -0.9522
vn -0.8667 0.0113 0.4988
vn -0.8229 0.3104 0.4760
vn 0.5349 0.3061 0.7875
vn 0.5632 0.0114 0.8262
vn -0.9747 0.0151 0.2231
vn -0.9308 0.0094 0.3655
vn -0.6998 0.1569 -0.6969
vn -0.7083 0.0026 -0.7059
vn -0.1474 0.0130 0.9890
vn -0.9269 0.3105 -0.2108
vn 0.9307 0.0095 -0.3656
vn 0.5633 0.0152 -0.8261
vn 0.4341 0.0113 -0.9008
vn 0.4128 0.3074 -0.8574
vn 0.1470 0.0170 -0.9890
vn -0.0000 0.3053 -0.9523
vn 0.1429 0.3067 -0.9410
vn -0.4341 0.0113 -0.9008
vn -0.1389 0.3130 0.9396
vn -0.1479 0.0055 0.9890
vn -0.7243 -0.6891 0.0242
vn -0.0000 0.5849 0.8111
vn -0.2395 0.5865 -0.7738
vn -0.1237 0.5826 -0.8033
vn 0.5542 0.5833 0.5937
vn -0.8231 0.3102 -0.4757
vn -0.8070 0.5875 -0.0589
vn -0.7926 0.5824 -0.1805
vn -0.7559 0.5845 -0.2949
vn 0.2530 0.8127 -0.5250
vn 0.1723 0.8140 -0.5547
vn 0.2359 0.5954 -0.7680
vn -0.7041 0.5830 0.4053
vn -0.6322 0.5869 0.5059
vn 0.6475 0.3075 -0.6973
vn -0.3549 0.5833 0.7306
vn -0.8070 0.5876 0.0590
vn -0.9130 0.1561 0.3770
vn -0.9245 0.0019 0.3812
vn 0.1420 0.3072 0.9410
vn 0.2780 0.3085 0.9097
vn -0.6353 0.5831 -0.5063
vn 0.8071 0.5874 0.0589
vn 0.7901 0.5858 0.1804
vn -0.6986 0.1485 -0.6999
vn -0.9133 0.1537 -0.3772
vn -0.4553 0.8139 -0.3609
vn -0.5017 0.8147 -0.2908
vn -0.6303 0.5918 -0.5026
vn -0.0227 -0.6922 -0.7214
vn -0.0396 -0.9783 -0.2033
vn 0.0359 -0.9783 -0.2040
vn 0.7055 0.7006 0.1068
vn -0.4511 0.8162 0.3610
vn -0.0019 0.2925 -0.9563
vn -0.4614 0.8068 0.3690
vn -0.5143 0.8053 0.2949
vn -0.8114 0.5815 -0.0590
vn 0.4037 0.8059 0.4331
vn 0.0340 0.3713 0.9279
vn 0.0168 0.1861 0.9824
vn -0.0037 0.1783 0.9840
vn -0.0151 0.6862 0.7273
vn 0.1759 0.8058 0.5655
vn 0.2771 0.3146 -0.9079
vn 0.0865 0.8052 0.5867
vn 0.1392 0.9479 -0.2865
vn 0.1764 0.9490 -0.2612
vn -0.2563 0.8067 0.5324
vn -0.3815 0.0294 0.9239
vn -0.3792 0.1113 0.9186
vn 0.6353 0.5832 -0.5063
vn 0.4652 0.8046 -0.3691
vn 0.5117 0.8070 -0.2949
vn -0.5764 0.8063 0.1329
vn -0.5506 0.8067 -0.2146
vn 0.5144 0.8052 0.2950
vn -0.6102 -0.5082 -0.6078
vn -0.7970 -0.5072 -0.3280
vn 0.9874 -0.1583 0.0020
vn 0.9824 -0.1868 0.0022
vn 0.9065 -0.1893 0.3774
vn 0.9123 -0.1601 0.3768
vn -0.1727 0.8066 -0.5653
vn -0.0904 0.8047 -0.5867
vn 0.9185 -0.1054 -0.3811
vn 0.9070 -0.1872 -0.3773
vn 0.7991 0.1723 0.5760
vn 0.9457 0.1874 0.2656
vn 0.7989 -0.1723 0.5762
vn 0.5635 -0.0038 0.8261
vn 0.9822 -0.1879 0.0066
vn 0.9832 -0.1805 0.0283
vn 0.9245 0.0021 -0.3812
vn 0.9122 0.1601 -0.3771
vn 0.6997 0.1572 -0.6969
vn 0.2008 0.9689 -0.1444
vn 0.2023 0.9786 -0.0371
vn -0.1391 0.9479 -0.2865
vn -0.0942 0.9483 -0.3032
vn -0.2602 0.8055 -0.5325
vn -0.3353 0.8037 -0.4916
vn -0.4006 0.8074 -0.4330
vn -0.2462 0.9489 -0.1975
vn 0.0679 0.9876 -0.1415
vn 0.0869 0.9879 -0.1284
vn 0.2465 0.9488 -0.1975
vn 0.0037 0.1567 -0.9876
vn 0.2972 0.9545 0.0240
vn 0.2902 0.9546 0.0677
vn 0.3190 0.9474 -0.0240
vn 0.3187 0.9475 0.0240
vn 0.5895 0.8065 0.0458
vn 0.5895 0.8065 -0.0459
vn 0.0676 0.9876 0.1416
vn 0.0075 0.1908 0.9816
vn -0.0490 0.9490 0.3115
vn -0.0941 0.9483 0.3031
vn 0.2116 -0.6659 0.7154
vn 0.2428 -0.9506 0.1933
vn 0.2988 -0.9345 0.1933
vn 0.5764 0.8064 -0.1322
vn 0.0490 0.9490 0.3116
vn 0.0490 0.9874 0.1502
vn 0.9246 -0.0015 0.3809
vn 0.9125 -0.1592 0.3769
vn 0.7080 0.0007 0.7062
vn -0.0000 0.9488 0.3159
vn -0.0000 0.8044 0.5940
vn -0.2573 0.9546 -0.1502
vn 0.0283 -0.1803 -0.9832
vn 0.0057 -0.1867 -0.9824
vn 0.2026 0.9786 0.0370
vn 0.2004 0.9681 0.1502
vn 0.7018 0.2086 -0.6812
vn 0.6923 0.0001 -0.7216
vn 0.1996 0.0001 -0.9799
vn -0.3735 -0.9146 -0.1550
vn -0.6233 -0.0037 -0.7820
vn -0.7322 -0.0019 -0.6811
vn -0.9014 -0.0037 -0.4330
vn -0.8274 -0.0000 -0.5617
vn -0.0000 1.0000 0.0066
vn -0.2024 -0.9790 0.0240
vn 0.2024 -0.9790 0.0240
vn -0.9898 0.1427 0.0021
vn -0.9144 0.1465 -0.3775
vn -0.9239 -0.0347 -0.3812
vn -0.9996 -0.0297 0.0020
vn 0.0076 1.0000 0.0022
vn -0.0076 0.9999 0.0066
vn 0.0001 1.0000 0.0066
vn -0.0010 1.0000 0.0064
vn -0.8273 -0.0019 0.5617
vn -0.7321 -0.0037 0.6812
vn -0.9310 0.0017 0.3650
vn -0.8667 -0.0038 0.4987
vn 0.0003 1.0000 -0.0022
vn -0.0076 1.0000 -0.0022
vn -0.0080 1.0000 -0.0022
vn 0.1465 0.9874 -0.0589
vn 0.1505 0.9881 -0.0327
vn -0.7806 -0.0038 0.6250
vn 0.0906 0.9959 -0.0067
vn 0.4830 0.8742 -0.0503
vn 0.6980 0.6819 0.2185
vn 0.1948 0.9355 0.2947
vn 0.1987 0.9480 0.2487
vn 0.7240 0.6669 0.1761
vn 0.2793 0.9538 0.1110
vn -0.6516 0.7091 -0.2695
vn -0.7066 0.7076 -0.0000
vn -0.9821 0.1883 0.0001
vn 0.0904 0.9538 0.2865
vn -0.1347 0.9879 -0.0774
vn -0.2755 0.9481 -0.1588
vn -0.1352 0.9485 0.2864
vn -0.0074 1.0000 0.0066
vn 0.1313 0.9539 -0.2701
vn 0.0868 0.9541 -0.2865
vn 0.0490 0.9490 0.3114
vn -0.2755 0.9481 0.1588
vn -0.0078 0.9999 0.0066
vn -0.0077 1.0000 0.0022
vn -0.3114 0.9500 0.0240
vn -0.5896 0.8064 0.0458
vn -0.5006 -0.0000 -0.8657
vn -0.3670 -0.0019 -0.9302
vn 0.1580 0.9874 -0.0109
vn 0.1577 0.9874 0.0109
vn -0.1320 0.9539 -0.2697
vn -0.0076 0.9999 -0.0066
vn -0.0073 1.0000 0.0022
vn -0.0488 0.9490 -0.3115
vn 0.9151 -0.1429 -0.3771
vn 0.9898 -0.1428 0.0022
vn 0.7964 -0.6048 0.0023
vn 0.9126 0.1582 0.3771
vn 0.6997 0.1570 0.6970
vn 0.6960 0.1859 0.6935
vn -0.5519 0.5854 -0.5938
vn -0.9827 -0.1768 -0.0546
vn -0.7126 -0.6693 -0.2102
vn -0.9840 0.1733 -0.0415
vn -0.7262 0.6646 -0.1759
vn -0.9283 0.3704 -0.0330
vn 0.7066 -0.7073 -0.0196
vn 0.3941 0.8147 0.4253
vn 0.5487 0.5919 0.5904
vn 0.9281 0.3709 -0.0329
vn 0.9820 0.1882 -0.0153
vn 0.0829 0.8132 -0.5761
vn 0.0447 0.9535 -0.2979
vn 0.1390 0.9480 -0.2864
vn -0.2070 -0.2244 0.9523
vn -0.2038 0.0038 0.9790
vn 0.9013 -0.0038 -0.4331
vn 0.9555 0.0019 -0.2949
vn -0.0021 1.0000 0.0030
vn -0.0020 1.0000 0.0034
vn -0.9148 -0.1448 0.3771
vn -0.9882 -0.1534 0.0039
vn -0.8585 -0.5127 0.0035
vn 0.7305 -0.6791 -0.0721
vn -0.0023 1.0000 0.0028
vn -0.0024 1.0000 0.0018
vn 0.2904 0.9545 -0.0677
vn 0.5646 0.8153 -0.1285
vn -0.0000 0.3128 0.9498
vn -0.1232 0.5933 0.7955
vn -0.0000 0.5920 0.8059
vn 0.9841 0.0453 -0.1718
vn 0.9866 -0.0076 -0.1631
vn -0.3798 0.1470 0.9133
vn -0.6990 0.1459 0.7001
vn -0.3819 -0.0311 0.9237
vn -0.3968 0.9176 0.0240
vn -0.9297 0.3670 -0.0326
vn 0.8113 0.5816 -0.0590
vn 0.4987 -0.7089 0.4988
vn 0.2728 -0.7077 0.6518
vn 0.0023 1.0000 -0.0027
vn -0.1912 -0.9349 -0.2990
vn -0.1947 0.2849 0.9386
vn -0.1995 -0.0036 0.9799
vn 0.1946 0.2849 0.9386
vn 0.9748 0.0019 -0.2231
vn 0.9310 0.0019 -0.3650
vn -0.2041 -0.9674 -0.1501
vn 0.2537 0.9469 -0.1977
vn 0.2537 0.9469 0.1974
vn 0.0886 0.9753 0.2021
vn 0.0886 0.9754 -0.2019
vn 0.8741 0.3250 0.3610
vn 0.7179 0.2443 0.6518
vn 0.7203 -0.2374 0.6518
vn 0.8762 -0.3172 0.3628
vn -0.2004 -0.9756 0.0894
vn -0.2023 -0.9790 -0.0241
vn 0.1968 -0.9763 0.0894
vn 0.0019 0.1480 0.9890
vn -0.0017 -0.0306 0.9995
vn -0.3671 -0.0019 -0.9302
vn -0.2210 0.0019 -0.9753
vn 0.0007 1.0000 0.0044
vn 0.0010 1.0000 0.0043
vn 0.0004 1.0000 0.0045
vn 0.5442 0.1546 0.8246
vn -0.7321 -0.0019 -0.6812
vn 0.0018 1.0000 0.0036
vn 0.0020 1.0000 -0.0010
vn 0.2053 -0.2268 -0.9521
vn 0.7418 -0.1575 -0.6519
vn 0.7201 -0.0000 -0.6939
vn 0.2046 -0.0000 -0.9788
vn 0.2025 -0.9739 0.1025
vn -0.2026 -0.9739 0.1025
vn 0.8274 -0.0000 -0.5617
vn -0.0018 1.0000 0.0037
vn -0.0016 0.0307 0.9995
vn 0.9887 0.0019 -0.1502
vn -0.1352 0.9879 0.0764
vn -0.1468 0.9874 0.0589
vn -0.1580 0.9874 -0.0109
vn -0.0002 1.0000 0.0022
vn -0.2754 0.9481 -0.1588
vn 0.0073 1.0000 0.0022
vn 0.0013 1.0000 0.0041
vn 0.2210 -0.0019 0.9753
vn 0.3670 0.0019 0.9302
vn -0.0279 -0.1803 0.9832
vn 0.0282 0.1977 0.9799
vn -0.0056 -0.1867 0.9824
vn -0.9556 0.0019 -0.2948
vn -0.9841 0.1730 0.0415
vn -0.9781 0.1983 0.0633
vn -0.9803 0.1949 0.0328
vn -0.9832 -0.1801 -0.0284
vn 0.9832 -0.1802 -0.0284
vn 0.9807 0.1956 0.0067
vn 0.9802 0.1954 0.0328
vn 0.2210 0.0019 -0.9753
vn 0.3669 -0.0019 -0.9302
vn -0.0000 0.9880 0.1544
vn -0.0000 0.9489 0.3157
vn 0.0227 0.9877 0.1545
vn -0.9063 -0.1908 0.3771
vn -0.6552 -0.7057 0.2696
vn -0.4046 -0.9145 0.0027
vn -0.9821 -0.1883 0.0042
vn -0.2936 0.9489 -0.1155
vn -0.0075 1.0000 -0.0022
vn -0.9887 0.0019 -0.1502
vn -0.2904 0.9545 0.0677
vn 0.2136 0.9491 -0.2316
vn 0.1092 0.9873 -0.1155
vn -0.2752 0.9482 0.1588
vn -0.9013 0.0019 0.4331
vn 0.7961 -0.6051 0.0023
vn 0.9151 -0.1426 -0.3772
vn 0.8620 -0.5070 -0.0002
vn 0.9890 -0.1479 0.0001
vn 0.9555 -0.0000 0.2948
vn -0.0227 0.9877 -0.1544
vn -0.0000 0.9880 -0.1544
vn 0.0038 0.8148 0.5797
vn -0.0865 0.8128 0.5761
vn -0.0451 0.9532 0.2990
vn 0.7241 0.6669 -0.1760
vn -0.0226 -0.1768 -0.9840
vn -0.0038 -0.1996 -0.9799
vn -0.0189 -0.7045 -0.7094
vn -0.0380 -0.3752 -0.9262
vn -0.0170 -0.7047 0.7093
vn 0.0151 -0.1949 0.9807
vn -0.8310 0.0037 0.5562
vn 0.2117 -0.9733 -0.0893
vn 0.2508 -0.9668 0.0493
vn 0.7916 -0.6102 0.0327
vn 0.7216 -0.6739 -0.1586
vn 0.9821 -0.1801 0.0545
vn 0.0037 -0.7078 0.7064
vn -0.1564 -0.9140 0.3745
vn -0.3744 -0.1890 0.9078
vn 0.5006 -0.0000 -0.8657
vn 0.7972 -0.5069 0.3279
vn 0.8575 -0.5144 0.0040
vn 0.0741 -0.0019 -0.9972
vn 0.0075 0.1780 -0.9840
vn -0.1206 0.9878 0.0981
vn 0.0226 -0.1767 -0.9840
vn 0.0039 -0.1997 -0.9798
vn 0.7155 -0.6662 -0.2105
vn 0.1912 -0.9349 -0.2991
vn 0.7261 -0.6792 -0.1069
vn -0.0490 0.9490 -0.3115
vn 0.2007 0.9792 0.0291
vn 0.1931 0.9758 0.1025
vn -0.1952 0.9754 0.1027
vn -0.2021 0.9790 0.0284
vn 0.9014 -0.0037 -0.4331
vn 0.1354 0.9878 -0.0764
vn 0.0020 1.0000 0.0010
vn 0.0013 1.0000 -0.0008
vn 0.0038 0.9489 -0.3156
vn 0.1070 0.6998 -0.7063
vn 0.9775 -0.2026 0.0589
vn 0.0021 1.0000 -0.0042
vn 0.2005 0.9681 0.1502
vn -0.0283 -0.6917 0.7217
vn -0.0001 1.0000 -0.0066
vn 0.0076 0.9999 -0.0066
vn 0.3796 0.1480 -0.9132
vn 0.3290 0.5091 -0.7953
vn 0.8761 -0.3176 -0.3628
vn 0.7202 -0.2376 -0.6518
vn 0.7177 0.2449 -0.6519
vn 0.8740 0.3253 -0.3609
vn -0.2490 0.8139 0.5250
vn -0.3270 0.8143 0.4795
vn -0.7077 -0.0000 0.7065
vn -0.6974 0.1542 0.6999
vn 0.2025 0.9789 0.0284
vn 0.0079 0.9999 -0.0063
vn 0.0074 1.0000 -0.0066
vn 0.3244 0.8153 -0.4797
vn -0.0867 0.9879 -0.1285
vn -0.0490 0.9874 0.1501
vn -0.0678 0.9876 0.1415
vn 0.0006 1.0000 -0.0009
vn 0.1204 0.9879 -0.0981
vn 0.2903 0.9373 -0.1929
vn -0.0904 0.9538 0.2866
vn -0.2028 0.9544 0.2190
vn 0.3815 -0.0001 -0.9244
vn 0.3750 0.1548 -0.9140
vn 0.3298 -0.5084 0.7955
vn 0.6118 -0.5053 0.6086
vn 0.1949 0.9755 0.1025
vn -0.3285 -0.5102 -0.7948
vn 0.3834 -0.0301 -0.9231
vn 0.7072 -0.0319 -0.7063
vn 0.7027 -0.1082 -0.7032
vn 0.3828 -0.1051 -0.9178
vn -0.4976 -0.8657 -0.0544
vn 0.9126 -0.1578 -0.3771
vn 0.5388 0.8157 -0.2103
vn 0.7514 0.5903 -0.2949
vn -0.1984 -0.9489 -0.2452
vn -0.1930 -0.9346 -0.2989
vn -0.7968 -0.6043 0.0022
vn -0.9898 -0.1424 0.0022
vn -0.0942 0.9483 0.3031
vn -0.7430 0.6684 0.0328
vn -0.7258 0.6113 0.3155
vn -0.2259 0.8686 0.4409
vn -0.2338 0.9710 0.0503
vn 0.9246 -0.0020 0.3809
vn -0.1724 0.8141 -0.5546
vn -0.0868 0.9541 -0.2865
vn -0.2530 0.8127 -0.5248
vn -0.3244 0.8153 -0.4797
vn -0.1794 -0.6942 -0.6971
vn -0.5765 0.8062 -0.1326
vn 0.5413 0.8141 0.2104
vn 0.6750 0.2977 0.6751
vn 0.7052 0.0896 0.7033
vn 0.3822 -0.0301 0.9236
vn 0.3795 -0.1117 0.9184
vn 0.9886 0.0019 -0.1502
vn -0.1201 0.5939 -0.7955
vn -0.0001 0.5921 -0.8059
vn 0.9812 -0.0010 0.1932
vn 0.9814 -0.0010 0.1918
vn -0.3771 -0.1551 0.9131
vn 0.0002 -0.1523 0.9883
vn 0.9245 0.0010 -0.3812
vn 0.9123 0.1601 -0.3770
vn 0.5898 0.8062 0.0459
vn 0.9126 0.1578 0.3771
vn -0.6954 0.1864 0.6940
vn -0.3778 0.1821 0.9078
vn -0.3773 0.1537 0.9133
vn -0.2057 -0.9670 0.1501
vn -0.2041 -0.9782 0.0374
vn -0.1971 0.9695 -0.1459
vn 0.5644 0.8155 0.1286
vn 0.5799 0.8137 0.0415
vn -0.1686 0.8149 0.5545
vn 0.0189 -0.7047 -0.7092
vn -0.0624 -0.6988 -0.7126
vn -0.0185 -0.1949 -0.9806
vn -0.3975 0.8132 -0.4251
vn -0.3944 0.8146 0.4253
vn -0.3264 -0.5103 0.7957
vn -0.0013 -0.5069 0.8620
vn -0.0002 -0.1480 0.9890
vn -0.3796 -0.1468 0.9134
vn -0.3521 0.5923 0.7247
vn 0.8115 0.5814 0.0589
vn 0.7486 0.5939 0.2948
vn 0.9287 0.3707 0.0110
vn 0.7028 -0.1063 0.7034
vn 0.6955 -0.1865 0.6939
vn 0.5642 0.6051 0.5617
vn 0.3049 0.6040 0.7363
vn 0.3798 0.1474 0.9133
vn 0.6982 0.1495 0.7001
vn -0.3496 0.5939 -0.7246
vn -0.2363 0.5950 -0.7682
vn -0.7068 -0.0348 -0.7066
vn -0.3822 -0.0307 -0.9236
vn 0.3287 -0.5089 -0.7956
vn 0.0037 -0.5085 -0.8610
vn 0.0002 -0.1482 -0.9890
vn 0.3793 -0.1477 -0.9134
vn 0.6992 0.5916 0.4015
vn 0.6268 0.5954 0.5027
vn 0.9822 -0.1875 -0.0066
vn -0.7497 0.0037 0.6617
vn -0.9832 -0.0490 0.1761
vn -0.9873 -0.0000 0.1589
vn 0.1427 0.3113 -0.9395
vn 0.1200 0.5942 -0.7953
vn -0.0000 0.3135 -0.9496
vn -0.1426 0.3115 -0.9395
vn 0.9874 0.1582 0.0022
vn 1.0000 -0.0001 0.0021
vn -0.7406 0.3145 -0.5939
vn 0.9830 -0.0528 -0.1761
vn 0.9841 0.0453 0.1717
vn 0.9793 0.0604 0.1932
vn 0.1478 0.0095 -0.9890
vn 0.3755 -0.1830 -0.9086
vn 0.3748 -0.1549 -0.9141
vn -0.0019 -0.1868 -0.9824
vn 0.6467 0.3097 0.6970
vn 0.7446 0.3056 0.5935
vn -0.6997 -0.1568 0.6971
vn -0.1984 -0.9494 -0.2434
vn 0.8841 0.3111 0.3486
vn -0.7058 0.0887 -0.7029
vn -0.3818 0.0871 -0.9201
vn -0.9944 -0.1061 0.0020
vn -0.2025 -0.9786 -0.0371
vn -0.2023 0.9789 0.0284
vn 0.9807 -0.1947 0.0196
vn 0.9972 0.0052 0.0751
vn 0.0408 0.1736 0.9840
vn -0.0150 -0.1949 0.9807
vn 0.7414 0.3125 0.5939
vn 0.7806 0.0039 0.6250
vn 0.1478 0.0057 0.9890
vn 0.0030 0.0082 1.0000
vn 0.8667 0.0038 0.4988
vn 0.3791 0.1835 -0.9070
vn -0.0000 0.5850 -0.8111
vn -0.1428 0.3069 -0.9410
vn -0.1238 0.5825 -0.8033
vn 0.2223 0.8696 0.4409
vn -0.6989 0.1462 0.7001
vn -0.9143 0.1473 0.3773
vn -0.6988 -0.1470 0.7000
vn -0.2004 0.9756 0.0894
vn 0.3810 0.1483 -0.9126
vn 0.6997 0.1427 -0.7000
vn -0.2025 0.9789 -0.0284
vn 0.9309 0.0170 -0.3649
vn 0.0039 0.1522 -0.9883
vn 0.7806 0.0114 0.6249
vn 0.7201 -0.0000 -0.6938
vn 0.6884 0.1647 -0.7063
vn 0.1474 0.0131 0.9890
vn -0.0001 0.0132 0.9999
vn 0.9996 -0.0297 0.0025
vn 0.9242 -0.0292 -0.3809
vn 0.9150 0.1432 -0.3772
vn -0.9145 -0.1465 -0.3772
vn -0.9238 0.0337 -0.3813
vn 0.9807 0.1952 -0.0066
vn 0.6981 -0.1496 0.7002
vn -0.3797 -0.1473 0.9133
vn 0.9748 -0.0000 0.2231
vn -0.9309 -0.2098 -0.2989
vn -0.7990 -0.1724 -0.5761
vn -0.7990 0.1724 -0.5760
vn -0.9457 0.1878 -0.2654
vn 0.7533 0.1577 -0.6385
vn 0.9389 0.1878 -0.2885
vn 0.9389 -0.1878 -0.2884
vn 0.7532 -0.1578 -0.6386
vn 0.7044 -0.6717 -0.2295
vn 0.7049 -0.6704 0.2315
vn 0.2189 -0.9716 0.0894
vn 0.2190 -0.9716 -0.0895
vn -0.1894 -0.9352 -0.2992
vn 0.5634 -0.0000 -0.8262
vn -0.1774 0.6659 -0.7247
vn -0.2167 0.6836 -0.6969
vn -0.0651 0.1975 -0.9781
vn -0.6921 0.0676 0.7186
vn -0.9765 0.0188 0.2146
vn -0.9789 -0.0528 0.1974
vn 0.2966 0.0151 0.9549
vn 0.9970 0.0049 0.0776
vn -0.5351 0.3061 0.7874
vn -0.7025 0.2061 0.6812
vn -0.2003 0.2500 0.9473
vn 0.0604 0.6897 -0.7216
vn -0.1579 -0.9826 -0.0982
vn -0.5938 -0.6830 -0.4254
vn -0.6410 -0.7248 -0.2528
vn -0.0848 -0.9753 -0.2040
vn 0.0283 -0.9787 -0.2033
vn 0.0283 0.9791 0.2015
vn 0.1055 0.9746 0.1975
vn 0.0755 0.7072 0.7030
vn 0.1238 0.5825 -0.8033
vn 0.2359 0.5843 -0.7765
vn -0.1950 0.9754 0.1025
vn 0.9875 0.1574 0.0022
vn 1.0000 -0.0000 0.0019
vn 0.6958 0.1865 0.6936
vn 0.9069 0.1881 0.3771
vn -0.4584 0.5822 0.6715
vn -0.3523 0.5849 -0.7306
vn -0.0000 0.5852 0.8109
vn -0.2359 0.5842 -0.7766
vn 0.9806 -0.1957 -0.0065
vn -0.1752 0.6667 0.7245
vn 0.1796 -0.6944 -0.6968
vn 0.0577 -0.1777 -0.9824
vn 0.3829 0.1051 -0.9178
vn -0.6139 0.5000 0.6109
vn -0.0252 0.9787 -0.2037
vn -0.1054 0.9741 -0.2001
vn -0.0905 0.8047 -0.5867
vn -0.0038 0.8046 -0.5938
vn -0.0338 0.1968 -0.9799
vn -0.0094 0.1910 -0.9816
vn -0.0000 0.8047 0.5937
vn -0.3792 -0.1114 0.9186
vn -0.5140 0.8054 0.2951
vn -0.4350 -0.0038 -0.9004
vn -0.5013 0.7069 -0.4990
vn -0.2678 0.7096 -0.6517
vn 0.1470 0.9874 0.0581
vn 0.5507 0.8066 -0.2147
vn -0.0232 0.9877 0.1544
vn 0.9186 0.1046 0.3812
vn 0.0018 0.7077 -0.7066
vn 0.2713 0.7082 -0.6518
vn -0.1724 0.8066 -0.5653
vn 0.6954 -0.1866 -0.6940
vn 0.0904 0.8047 -0.5867
vn 0.7867 -0.3306 -0.5213
vn 0.7243 -0.6710 -0.1590
vn 0.9688 -0.1652 -0.1846
vn 0.7807 -0.1722 -0.6008
vn -0.7083 -0.7056 -0.0203
vn -0.7297 -0.6799 -0.0720
vn -0.2601 0.8055 -0.5324
vn 0.3773 -0.1536 0.9133
vn 0.6978 -0.1512 0.7001
vn 0.5951 -0.5377 0.5972
vn 0.3211 -0.5363 0.7806
vn 0.7353 -0.6061 0.3032
vn 0.5639 -0.6053 0.5618
vn -0.7269 0.6638 0.1761
vn -0.3926 0.9162 0.0807
vn 0.9833 -0.1807 -0.0194
vn 0.0189 0.1986 -0.9799
vn 0.0736 0.7070 -0.7034
vn 0.0189 0.6857 -0.7277
vn 0.0025 1.0000 0.0031
vn -0.1943 0.0014 0.9809
vn -0.3838 -0.0000 -0.9234
vn -0.3766 0.1562 -0.9131
vn -0.8334 0.0037 0.5527
vn -0.9886 0.1507 0.0023
vn 0.4350 -0.0038 -0.9004
vn -0.8273 -0.0019 0.5618
vn 0.0031 1.0000 -0.0006
vn 0.0028 1.0000 0.0014
vn -0.0000 1.0000 0.0045
vn 0.1983 -0.9762 -0.0876
vn -0.2043 -0.9735 -0.1025
vn -0.2042 -0.9786 -0.0247
vn -0.4653 0.8045 -0.3690
vn -0.0000 -0.6059 -0.7955
vn 0.3776 -0.1481 -0.9140
vn 0.3006 -0.6051 -0.7372
vn 0.6187 0.4892 0.6147
vn 0.3299 0.4918 0.8058
vn -0.6956 0.1855 0.6940
vn -0.9063 0.1912 0.3770
vn -0.3742 0.1891 0.9079
vn 0.9824 0.1869 0.0023
vn 0.1724 0.8067 -0.5652
vn 0.3746 -0.9140 0.1555
vn -0.3027 0.6048 -0.7366
vn -0.6956 -0.1860 0.6940
vn -0.4991 -0.7084 0.4990
vn -0.1263 0.9836 -0.1287
vn 0.9803 0.1948 -0.0328
vn 0.7124 0.7014 -0.0241
vn 0.0681 0.9835 -0.1676
vn 0.1295 0.9832 -0.1286
vn -0.0016 1.0000 0.0039
vn 0.1803 -0.9836 0.0020
vn 0.4059 -0.9139 0.0020
vn 0.3735 -0.9146 -0.1550
vn 0.5688 -0.8225 0.0002
vn 0.8437 -0.5368 0.0005
vn -0.1948 0.9608 -0.1975
vn -0.5635 0.6055 -0.5619
vn -0.7376 0.6034 -0.3031
vn -0.2558 0.9608 -0.1068
vn 0.5445 0.8075 -0.2270
vn 0.5930 0.8052 -0.0000
vn 0.2254 -0.8061 0.5471
vn 0.0020 -0.8073 0.5901
vn -0.0001 -0.8250 0.5652
vn -0.1687 -0.9833 -0.0675
vn -0.4054 -0.9141 0.0015
vn -0.1805 -0.9836 0.0021
vn -0.9888 -0.1495 0.0020
vn -0.7781 -0.5380 0.3242
vn 0.4163 -0.8077 0.4175
vn 0.5459 -0.8064 0.2275
vn -0.3288 0.5092 -0.7954
vn -0.2240 0.8066 -0.5470
vn -0.0019 -0.9836 0.1805
vn -0.3799 0.1470 0.9133
vn -0.0396 -0.9790 -0.1999
vn -0.1523 -0.9679 -0.2000
vn -0.0397 -0.9786 0.2018
vn -0.0003 0.5079 0.8614
vn -0.0001 0.8073 0.5902
vn -0.1076 0.9592 -0.2616
vn -0.0578 -0.2001 -0.9781
vn -0.9134 0.1534 0.3771
vn 1.0000 -0.0000 0.0041
vn 0.9141 0.1490 0.3771
vn 0.9885 0.1510 0.0039
vn -0.9971 -0.0034 0.0762
vn 0.9884 -0.1517 0.0005
vn 0.9141 -0.1494 -0.3769
vn 0.5966 0.5361 0.5972
vn 0.7776 0.5389 0.3238
vn -0.6979 -0.1502 -0.7002
vn -0.9131 -0.1549 -0.3772
vn 0.9887 0.1500 0.0003
vn -0.5958 -0.5365 0.5976
vn -0.3768 -0.1546 -0.9133
vn -0.1690 -0.9833 0.0675
vn -0.1800 -0.9837 0.0021
vn -0.0019 -0.8072 -0.5903
vn -0.9821 0.1882 0.0041
vn 0.5233 0.8247 0.2143
vn 0.5686 0.8226 0.0041
vn 0.8439 0.5365 0.0038
vn 0.9401 0.1877 -0.2845
vn -0.0018 0.8074 -0.5900
vn -0.2093 -0.0708 -0.9753
vn -0.2224 -0.5043 -0.8344
vn 0.2246 -0.5033 -0.8344
vn 0.1128 -0.9927 -0.0416
vn 0.5130 -0.8291 -0.2225
vn 0.4943 -0.8676 -0.0544
vn 0.3299 0.5086 0.7953
vn 0.0035 0.1474 0.9891
vn -0.2038 0.0038 -0.9790
vn -0.2037 -0.2275 -0.9522
vn 0.0038 -0.1478 0.9890
vn 0.0021 -0.5082 0.8612
vn 0.6108 0.5079 0.6074
vn -0.0849 0.9758 0.2017
vn -0.0848 0.9758 -0.2017
vn 0.0283 0.9790 -0.2017
vn -0.4164 -0.8070 -0.4187
vn -0.5469 -0.8054 -0.2284
vn -0.9887 0.1501 0.0044
vn -0.3809 0.1051 -0.9186
vn 0.8668 -0.0019 -0.4987
vn -0.7201 -0.0000 0.6938
vn -0.2039 0.0037 0.9790
vn -0.1910 0.2164 0.9574
vn -0.6885 0.1644 0.7063
vn -0.8591 -0.5118 -0.0000
vn -0.9886 -0.1504 -0.0000
vn 0.4158 0.8084 0.4166
vn 0.2255 0.8063 0.5468
vn 0.5440 -0.8076 -0.2275
vn 0.5945 -0.8041 -0.0000
vn -0.5210 -0.8260 0.2149
vn 0.3993 0.8244 0.4012
vn -0.5955 0.5372 0.5973
vn -0.4026 0.8226 0.4017
vn 0.0030 -0.5397 0.8418
vn -0.7778 0.5386 0.3238
vn -0.5207 0.8263 0.2145
vn 0.9071 -0.1874 -0.3770
vn 0.5233 -0.8248 0.2142
vn 0.5687 -0.8226 0.0038
vn 0.5928 -0.8053 0.0042
vn 0.9824 -0.1869 0.0020
vn -0.5917 -0.8062 0.0013
vn 1.0000 -0.0000 0.0003
vn 0.1950 0.9607 -0.1974
vn 0.5633 0.6062 -0.5615
vn -0.2302 -0.8047 0.5473
vn -0.0002 0.1479 0.9890
vn -0.6795 -0.0037 0.7336
vn -0.5472 -0.8057 0.2268
vn -0.5911 -0.8066 0.0021
vn 0.7349 0.6067 -0.3030
vn 0.2591 0.9599 -0.1067
vn 0.0040 0.5082 -0.8612
vn 0.2240 0.8066 -0.5470
vn 0.1693 -0.9832 0.0679
vn 0.0027 -0.5065 -0.8622
vn -0.2253 -0.8066 -0.5465
vn -0.3277 -0.5096 -0.7956
vn -0.0735 -0.9831 0.1674
vn -0.1261 -0.9836 0.1286
vn 0.4216 0.8050 -0.4174
vn -0.4022 -0.8230 0.4012
vn 0.7759 -0.5421 0.3226
vn 0.8440 -0.5363 0.0025
vn -0.9185 0.1064 0.3809
vn -0.7027 0.1047 0.7037
vn -0.9078 0.1831 0.3774
vn 0.1950 0.9607 0.1976
vn -0.4180 -0.8075 0.4162
vn -0.9815 0.1691 -0.0894
vn -0.7276 0.6092 -0.3155
vn 0.5916 -0.6850 0.4252
vn 0.1935 -0.9507 -0.2425
vn 0.6900 0.1640 0.7050
vn 0.7214 -0.0000 0.6925
vn 0.2477 -0.9497 -0.1916
vn 0.2975 -0.9353 -0.1914
vn -0.6233 -0.0038 -0.7820
vn -0.9821 -0.1881 0.0002
vn 0.0002 0.1482 -0.9890
vn 0.6954 -0.1867 -0.6939
vn 0.6996 -0.1576 -0.6969
vn 0.3783 -0.1551 -0.9126
vn 0.3792 -0.1835 -0.9069
vn -0.0019 0.1868 -0.9824
vn 0.3753 0.1826 -0.9087
vn -0.9748 -0.0000 0.2229
vn -0.0019 -0.1480 -0.9890
vn 0.3776 -0.1480 -0.9141
vn 0.3006 -0.6050 -0.7373
vn 0.7053 0.0918 -0.7029
vn 0.0356 0.9789 -0.2013
vn 0.0359 0.9787 0.2019
vn 0.1503 0.9687 -0.1975
vn 0.6997 -0.1428 -0.7000
vn 0.3811 -0.1481 -0.9126
vn 0.9271 0.3618 0.0982
vn -0.9941 -0.1085 0.0020
vn 0.9241 0.0285 0.3812
vn 0.9996 0.0297 0.0022
vn 0.9944 0.1061 0.0022
vn -0.3774 -0.1822 -0.9079
vn 0.6130 0.5003 0.6115
vn -0.3815 -0.1034 -0.9186
vn 0.9946 -0.1042 0.0025
vn 0.9187 -0.1032 -0.3812
vn -0.6576 -0.7097 -0.2528
vn -0.8829 0.2956 -0.3649
vn -0.9206 0.0838 -0.3814
vn -0.7024 -0.1100 -0.7033
vn -0.6965 -0.1822 -0.6940
vn -0.9079 -0.1831 -0.3772
vn -0.9180 -0.1094 -0.3812
vn -0.9133 -0.1542 0.3771
vn -0.9874 -0.1585 0.0025
vn -0.9820 -0.1888 0.0022
vn -0.9082 -0.1815 0.3772
vn -0.6997 -0.1579 -0.6967
vn -0.9130 -0.1561 -0.3770
vn -0.3792 0.1110 0.9186
vn -0.8064 0.4889 0.3326
vn -0.8839 0.2930 0.3646
vn 0.0001 -0.1092 0.9940
vn 0.3796 -0.1116 0.9184
vn 0.3822 -0.0299 0.9236
vn -0.6183 0.4894 -0.6150
vn -0.5008 -0.0000 -0.8656
vn -0.7023 0.3875 -0.5972
vn 0.0019 -0.6059 0.7955
vn -0.3798 -0.1474 0.9133
vn -0.3050 -0.6038 0.7365
vn 0.3050 -0.6038 0.7364
vn 0.8839 0.2922 0.3652
vn 0.9552 0.2958 0.0042
vn 0.9209 0.0802 0.3814
vn 0.9964 0.0845 0.0044
vn -0.9828 0.1848 0.0021
vn -0.9076 0.1846 0.3771
vn -0.7079 0.0014 0.7063
vn -0.6998 -0.1558 0.6972
vn -0.3772 0.1822 -0.9080
vn 0.0019 -0.1866 0.9824
vn -0.3777 -0.1823 0.9078
vn -0.3773 -0.1548 0.9131
vn -0.0002 -0.1567 0.9877
vn -0.9291 0.3684 -0.0327
vn 0.3792 0.1835 -0.9069
vn -0.6964 0.1831 -0.6939
vn 0.3825 -0.0000 0.9239
vn 0.7078 -0.0000 0.7064
vn -0.9133 -0.1539 0.3772
vn -0.9873 -0.1587 0.0025
vn -0.7200 -0.0000 0.6940
vn -0.7419 -0.1571 0.6519
vn -0.9145 0.1464 0.3772
vn 1.0000 0.0001 0.0003
vn 0.1036 0.9597 -0.2613
vn 0.3007 0.6051 -0.7372
vn -0.9887 0.0017 -0.1501
vn -0.2537 0.9469 0.1975
vn -0.2952 0.9357 0.1931
vn -0.2974 0.9351 -0.1929
vn -0.2537 0.9469 -0.1975
vn -0.2557 -0.9608 -0.1068
vn -0.2830 -0.9591 0.0023
vn -0.7970 -0.6040 0.0022
vn -0.7374 -0.6036 -0.3031
vn -0.0000 1.0000 0.0020
vn 0.1950 0.9607 0.1977
vn 0.2608 0.9595 0.1069
vn 0.1054 -0.9595 0.2611
vn -0.9885 0.1514 0.0003
vn -0.5951 -0.8037 0.0032
vn 0.1054 0.9595 0.2613
vn -0.0019 0.9593 0.2825
vn -0.1054 0.9595 0.2613
vn 0.0018 0.1866 0.9824
vn 0.0001 0.1089 0.9941
vn 0.3777 0.1823 0.9078
vn 0.1129 -0.9927 0.0415
vn 0.4943 -0.8676 0.0544
vn 0.5140 -0.8284 0.2225
vn 0.0018 0.0306 -0.9995
vn 0.7070 -0.0309 0.7065
vn 0.6981 0.1498 0.7001
vn -0.1947 0.9608 -0.1975
vn -0.3025 0.6052 -0.7364
vn -0.1073 0.9593 -0.2612
vn -0.1949 0.9607 0.1975
vn -0.2612 0.9593 0.1071
vn -0.1074 -0.9593 -0.2613
vn -0.1948 -0.9608 -0.1975
vn -0.7379 -0.6030 -0.3032
vn 0.0283 -0.9790 0.2018
vn 0.0283 -0.9794 -0.1999
vn 0.0245 -0.6919 0.7216
vn -0.0005 -0.0000 1.0000
vn -0.0020 0.1480 -0.9890
vn 0.9834 -0.1803 -0.0197
vn 0.9791 0.2026 0.0197
vn -0.9808 -0.1951 -0.0065
vn -0.9835 -0.1799 -0.0196
vn -0.7297 -0.6798 -0.0729
vn -0.7069 -0.7070 -0.0197
vn -0.2021 -0.9740 -0.1024
vn 0.7321 -0.0019 -0.6811
vn 0.3916 0.9149 0.0981
vn -0.3051 0.6036 0.7366
vn 0.0283 0.9790 -0.2018
vn 0.0186 0.6868 -0.7266
vn -0.2154 0.9724 -0.0894
vn -0.2153 0.9724 0.0894
vn -0.2354 0.5954 0.7682
vn -0.2830 0.9591 0.0021
vn -0.7250 0.6659 -0.1757
vn -0.1983 0.9486 -0.2465
vn 0.1986 0.9486 -0.2466
vn -0.2559 -0.9608 -0.1068
vn 0.1986 -0.2937 0.9350
vn -0.1055 0.9595 0.2613
vn 0.0038 -0.9593 -0.2824
vn 0.1036 -0.9597 -0.2613
vn 0.3043 -0.6054 -0.7354
vn 0.1037 -0.9597 -0.2611
vn 0.9310 0.0019 0.3650
vn -0.6948 -0.6963 0.1803
vn -0.7130 -0.6984 0.0633
vn -0.7284 0.6623 -0.1754
vn 0.2827 -0.9592 0.0022
vn -0.3025 -0.6049 -0.7366
vn -0.1074 -0.9593 -0.2612
vn -0.1949 -0.9607 -0.1976
vn -0.5634 -0.6057 -0.5619
vn 0.7155 -0.6957 -0.0633
vn 0.2302 0.9718 -0.0502
vn 0.2099 0.9772 0.0328
vn 0.7431 0.6684 -0.0328
vn -0.7265 0.6643 0.1759
vn 0.2032 0.2477 0.9473
vn 0.7243 0.6666 0.1761
vn 0.6980 0.6819 0.2188
vn 0.9821 -0.1805 -0.0546
vn 0.9776 -0.2022 -0.0590
vn -0.7132 -0.6687 -0.2103
vn -0.7105 0.7033 -0.0242
vn -0.1918 -0.3270 0.9254
vn 0.0018 0.1870 0.9824
vn 0.3778 0.1820 0.9078
vn 0.3770 0.1547 0.9132
vn -0.3849 0.0001 -0.9229
vn -0.0246 -0.9792 0.2016
vn -0.1074 -0.9734 0.2023
vn -0.1074 -0.9739 -0.1999
vn -0.0246 -0.9795 -0.1999
vn 0.0093 -0.1866 0.9824
vn 0.1055 0.9750 -0.1956
vn 0.7056 0.7005 0.1069
vn 0.7120 0.7018 0.0241
vn -0.6957 -0.6949 -0.1823
vn 0.3777 0.1480 -0.9140
vn 0.1988 0.9474 -0.2507
vn -0.1988 0.9474 -0.2508
vn 0.7268 -0.6792 0.1025
vn 0.9832 -0.1805 0.0284
vn -0.9310 0.0016 -0.3650
vn 0.0020 0.6059 0.7955
vn 0.1054 0.9595 0.2612
vn -0.3049 -0.6038 0.7365
vn -0.1055 -0.9595 0.2614
vn -0.0019 -0.9593 0.2824
vn 0.2022 -0.9786 0.0371
vn -0.2021 0.9789 -0.0284
vn -0.1931 0.9758 -0.1025
vn 0.1949 0.9755 -0.1024
vn 0.2024 0.9789 -0.0284
vn 0.9779 0.1059 -0.1803
vn 0.9822 0.1649 -0.0895
vn 0.9909 -0.1203 0.0605
vn 0.9899 -0.0751 0.1199
vn 0.9706 0.1523 -0.1864
vn 0.9988 -0.0479 0.0001
vn 0.9775 -0.2026 0.0590
vn 0.9822 -0.1799 0.0546
vn -0.0019 0.1869 -0.9824
vn -0.3772 0.1829 -0.9079
vn 0.9788 0.1948 0.0633
vn 0.9841 0.1726 0.0415
vn -0.1746 0.9836 0.0459
vn -0.1708 0.9567 0.2358
vn -0.6921 0.7094 0.1331
vn -0.6774 0.7228 -0.1368
vn -0.7229 -0.6906 0.0243
vn -0.2024 -0.9786 0.0371
vn 0.9787 0.1952 -0.0633
vn -0.3836 -0.0011 0.9235
vn -0.1503 0.9687 0.1975
vn -0.1504 0.9687 -0.1977
vn -0.9823 -0.1874 0.0066
vn 0.7041 -0.6706 -0.2335
vn 0.5832 -0.6383 -0.5025
vn -0.7094 0.6967 -0.1067
vn -0.9774 -0.0754 -0.1975
vn -0.9767 -0.0037 -0.2146
vn -0.6922 -0.0000 -0.7217
vn -0.6919 -0.2484 -0.6779
vn -0.7790 0.1795 0.6008
vn -0.7179 0.2445 0.6518
vn -0.7203 -0.2373 0.6518
vn -0.7806 -0.1723 0.6008
vn -0.1952 -0.9501 0.2435
vn 0.8231 0.1457 0.5489
vn -0.1950 0.9754 -0.1025
vn 0.9842 0.1724 -0.0415
vn -0.1035 -0.6814 -0.7246
vn -0.1522 -0.9672 -0.2032
vn -0.7286 0.6619 0.1761
vn -0.7270 0.6637 -0.1762
vn 0.0001 0.1568 0.9876
vn -0.6981 0.6832 -0.2142
vn -0.6956 -0.1853 0.6941
vn -0.9078 0.1833 -0.3771
vn -0.3792 -0.1129 0.9184
vn 0.7245 0.6663 -0.1762
vn -0.9388 -0.1910 -0.2865
vn 0.9775 -0.2025 -0.0589
vn 0.9806 -0.1952 -0.0196
vn 0.9841 0.1729 0.0415
vn 0.9821 0.1878 0.0153
vn 0.7241 0.6668 0.1760
vn 0.3945 0.9153 0.0806
vn 0.7187 -0.0000 0.6953
vn 0.6871 0.1645 0.7077
vn 0.1939 0.2137 0.9574
vn -0.9299 0.3677 -0.0111
vn -0.9836 0.1802 -0.0065
vn -0.3814 -0.0000 0.9244
vn -0.3778 -0.1823 0.9078
vn -0.9288 0.3705 -0.0112
vn -0.3763 -0.1559 -0.9133
vn -0.9792 0.2021 -0.0197
vn -0.9287 0.3685 -0.0414
vn 0.9820 0.1887 0.0022
vn 0.9071 -0.1862 -0.3775
vn -0.1916 -0.9648 -0.1803
vn 0.1577 -0.9826 -0.0980
vn 0.1913 -0.9648 -0.1803
vn 0.5908 -0.6858 -0.4251
vn -0.7999 -0.1684 0.5761
vn -0.5842 -0.6371 0.5027
vn -0.5919 -0.6847 0.4253
vn 0.1579 -0.9826 0.0982
vn -0.1580 0.9825 -0.0982
vn 0.1579 0.9826 -0.0982
vn 0.1710 0.9842 0.0459
vn -0.5863 -0.6356 -0.5023
vn -0.5855 0.6366 -0.5020
vn -0.7070 0.6683 -0.2316
vn -0.1917 0.9647 -0.1806
vn -0.3819 0.0295 0.9237
vn -0.7070 0.0294 0.7066
vn 0.9068 0.1890 -0.3767
vn 0.8473 -0.0590 0.5278
vn -0.9828 -0.0000 -0.1846
vn -0.9828 -0.0000 0.1847
vn -0.9869 -0.0301 0.1588
vn -0.9760 0.0566 -0.2104
vn -0.2154 -0.9724 -0.0895
vn -0.2153 -0.9724 0.0894
vn -0.7050 -0.6703 0.2316
vn -0.7073 -0.6678 -0.2317
vn 0.1914 0.9648 -0.1804
vn 0.3831 0.0015 0.9237
vn 0.3768 -0.1532 0.9135
vn 0.1857 -0.9659 0.1802
vn 0.5839 -0.6377 0.5023
vn 0.0019 -0.1870 0.9824
vn -0.9774 -0.0754 0.1974
vn -0.9767 -0.0038 0.2146
vn -0.9873 -0.0001 -0.1589
vn -0.9833 0.0604 -0.1718
vn 0.1857 0.9659 0.1804
vn 0.5838 0.6377 0.5024
vn -0.1894 -0.9652 0.1805
vn -0.1579 -0.9826 0.0982
vn 0.5841 0.6367 -0.5034
vn -0.9242 0.0317 0.3807
vn -0.1896 0.9651 0.1806
vn -0.1578 0.9826 -0.0982
vn -0.7380 0.6028 0.3034
vn -0.7966 0.6045 0.0021
vn -0.5922 0.6844 -0.4253
vn -0.7050 0.6703 0.2316
vn -0.5834 0.6386 0.5018
vn -0.1581 0.9825 0.0981
vn -0.5912 0.6864 0.4235
vn -0.6948 0.7068 -0.1325
vn 0.7335 0.2590 -0.6284
vn 0.1890 0.3784 -0.9062
vn -0.2830 -0.9591 0.0022
vn 0.5826 0.6396 -0.5016
vn 0.1578 0.9826 -0.0981
vn -0.5613 0.6078 0.5617
vn 0.5892 0.6875 -0.4245
vn -0.2039 0.0038 -0.9790
vn -0.7201 0.0038 -0.6939
vn -0.6876 0.1683 -0.7063
vn 0.1906 0.3777 0.9061
vn 0.1875 0.9324 0.3090
vn 0.7626 0.4733 0.4409
vn 0.7310 0.2660 0.6284
vn 0.3831 0.0007 0.9237
vn 0.3770 0.1545 0.9132
vn -0.3258 0.9164 -0.2324
vn -0.7781 0.1835 -0.6007
vn -0.6922 -0.2474 0.6780
vn 0.1577 0.9826 0.0980
vn 0.9401 -0.1878 -0.2845
vn 0.5915 0.6852 0.4251
vn 0.0650 0.1973 0.9782
vn 0.1745 0.9560 0.2359
vn 0.6908 0.7108 0.1329
vn -0.9865 -0.0112 -0.1631
vn -0.9899 -0.0756 -0.1199
vn -0.7716 -0.3290 -0.5443
vn -0.7452 -0.0492 -0.6651
vn -0.9629 -0.1055 -0.2485
vn -0.9684 -0.1764 -0.1760
vn -0.9896 0.1056 0.0981
vn -0.9875 0.0604 0.1458
vn 0.6994 0.1425 -0.7004
vn 0.5649 0.6042 -0.5620
vn -0.6947 0.7070 0.1325
vn -0.7622 0.4754 0.4394
vn -0.9804 0.1950 -0.0284
vn 0.9804 0.1950 -0.0284
vn 0.9659 -0.2167 -0.1417
vn -0.9658 -0.2173 -0.1416
vn 0.6224 -0.2972 0.7240
vn 0.9675 -0.1809 0.1769
vn 0.9629 -0.1053 0.2485
vn 0.9896 0.1056 -0.0981
vn 0.9875 0.0602 -0.1459
vn 0.6437 -0.7223 -0.2529
vn 0.6549 -0.7122 -0.2528
vn 0.6794 0.7208 0.1372
vn 0.1710 0.9842 -0.0459
vn 0.1754 0.6667 0.7244
vn -0.1746 0.9836 -0.0458
vn -0.0906 0.9959 -0.0068
vn -0.6808 0.7195 0.1370
vn -0.0000 -1.0000 0.0021
vn 0.4949 -0.7339 0.4652
vn 0.5166 -0.8264 0.2242
vn 0.9677 -0.1804 -0.1760
vn -0.6800 0.7203 -0.1374
vn -0.5869 0.6341 -0.5034
vn -0.5949 0.6819 -0.4256
vn -0.7533 0.1576 -0.6385
vn -0.7530 -0.1577 -0.6388
vn 0.9896 0.1056 0.0981
vn 0.9875 0.0604 0.1459
vn 0.7351 0.6064 0.3032
vn 0.4898 0.7404 0.4604
vn 0.9271 0.3616 -0.0982
vn 0.9296 -0.3551 -0.0988
vn -0.2096 -0.0701 0.9753
vn 0.2072 -0.0723 0.9756
vn 0.9804 0.1950 0.0284
vn 0.5640 0.6053 0.5617
vn -0.5849 0.6360 0.5034
vn 0.1672 -0.9826 -0.0807
vn -0.1634 -0.9833 -0.0806
vn 0.7868 -0.3293 -0.5221
vn -0.9684 -0.1780 0.1746
vn 0.9629 -0.1052 -0.2486
vn 0.6209 -0.2991 -0.7246
vn -0.1054 -0.9595 0.2614
vn 0.1773 -0.6997 0.6921
vn 0.1679 -0.3746 0.9119
vn 0.2116 -0.9733 0.0894
vn 0.2515 -0.9666 -0.0499
vn -0.2484 -0.9674 -0.0502
vn -0.2152 -0.9725 0.0895
vn -0.5931 0.6843 -0.4242
vn 0.9239 0.0302 -0.3814
vn 0.0040 -0.1563 -0.9877
vn 0.3748 -0.1550 -0.9141
vn 0.3815 -0.0000 -0.9244
vn 0.9876 -0.1573 0.0020
vn -0.9841 0.0452 -0.1718
vn -0.9793 0.0604 -0.1933
vn -0.9872 0.0642 -0.1459
vn -0.9896 0.1056 -0.0982
vn -0.9685 -0.1757 0.1767
vn -0.9628 -0.1058 0.2486
vn -0.7335 0.2624 -0.6270
vn -0.7617 0.4749 -0.4408
vn -0.9896 0.1052 -0.0981
vn 0.7039 0.6715 -0.2313
vn -0.7623 0.4753 -0.4393
vn 0.0019 0.6060 0.7955
vn -0.7308 0.2657 0.6287
vn -0.7609 0.4762 0.4409
vn -0.1878 0.9323 0.3090
vn -0.1872 0.3791 0.9062
vn -0.1965 -0.2425 -0.9500
vn -0.2009 0.0811 -0.9762
vn 0.3050 0.6037 0.7365
vn 0.4975 -0.8657 -0.0547
vn -0.2043 -0.9735 0.1024
vn 0.1391 0.9825 0.1242
vn -0.1391 0.9825 0.1240
vn 0.9766 -0.0007 -0.2153
vn 0.9774 -0.0754 -0.1975
vn 0.6932 -0.2446 -0.6780
vn 0.9873 -0.0001 -0.1588
vn 0.7498 -0.0001 -0.6617
vn 0.7169 -0.2068 -0.6658
vn 0.9841 0.0454 -0.1717
vn 0.9793 0.0603 -0.1933
vn -0.9780 0.1054 -0.1803
vn 0.7808 -0.1721 0.6006
vn 0.7870 -0.3300 0.5213
vn 0.9833 0.0604 0.1717
vn 0.7185 0.2371 0.6539
vn -0.7170 0.2379 -0.6552
vn -0.9833 0.0603 0.1717
vn 0.9766 -0.0007 0.2153
vn 0.0940 -0.9136 0.3956
vn 0.0208 -0.7045 0.7094
vn 0.1036 -0.9739 0.2021
vn 0.7160 -0.2087 0.6662
vn -0.0658 -0.6987 0.7124
vn 0.7007 0.2079 0.6825
vn -0.1996 -0.0001 -0.9799
vn -0.1896 -0.3284 -0.9253
vn 0.6923 0.0001 0.7216
vn 0.6948 -0.2435 0.6767
vn 0.9774 -0.0754 0.1976
vn 0.0057 -0.1996 0.9799
vn 0.7160 0.2378 0.6563
vn 0.1927 -0.3265 -0.9253
vn -0.6923 -0.0037 0.7216
vn -0.0397 0.9786 -0.2018
vn -0.0397 0.9786 0.2019
vn 0.0886 -0.9758 -0.1999
vn 0.2457 -0.9502 -0.1917
vn 0.7171 0.2378 -0.6552
vn -0.7497 -0.0002 -0.6618
vn -0.7181 -0.2036 -0.6655
vn -0.9775 0.1092 0.1803
vn 0.0187 -0.1775 0.9839
vn -0.0243 0.1979 0.9799
vn 0.7718 -0.3285 0.5444
vn 0.7467 -0.0459 0.6636
vn 0.9866 -0.0074 0.1631
vn 0.9899 -0.0757 0.1199
vn -0.7259 0.1758 -0.6650
vn -0.0753 0.7066 0.7036
vn -0.7323 0.2657 0.6270
vn -0.7008 0.3900 0.5973
vn -0.9779 0.1059 -0.1803
vn -0.9775 0.1093 0.1803
vn -0.9815 0.1690 0.0895
vn -0.2249 -0.5067 0.8323
vn -0.2474 -0.8526 0.4603
vn -0.7914 -0.5400 0.2864
vn -0.7701 -0.3359 0.5423
vn 0.9908 -0.1355 0.0066
vn 0.5153 -0.8272 -0.2241
vn 0.4939 -0.7345 -0.4653
vn 0.1928 -0.9499 -0.2460
vn -0.2457 -0.9495 -0.1951
vn -0.9908 -0.1353 0.0066
vn -0.9914 -0.1166 0.0590
vn 0.1055 0.9746 -0.1975
vn -0.9725 0.1616 0.1674
vn -0.9688 -0.1652 0.1846
vn 0.9849 0.1729 -0.0109
vn -0.3236 0.9171 0.2329
vn -0.4867 0.7425 0.4603
vn 0.4888 0.7411 -0.4604
vn 0.5030 0.8361 -0.2189
vn 0.5162 -0.8270 -0.2227
vn 0.8772 -0.3189 -0.3589
vn 0.0997 -0.9130 -0.3956
vn -0.9014 -0.0038 -0.4330
vn 0.1486 -0.9685 -0.2000
vn 0.0359 -0.9792 -0.1999
vn 0.1486 -0.9681 0.2019
vn 0.2095 -0.0759 -0.9749
vn 0.2270 -0.5029 -0.8340
vn 0.7716 -0.3287 -0.5446
vn 0.7466 -0.0464 -0.6637
vn 0.9899 -0.0754 -0.1199
vn 0.9779 0.1055 0.1803
vn 0.1037 -0.9743 -0.1999
vn -0.4940 -0.7351 0.4643
vn -0.8749 -0.3206 0.3629
vn -0.7853 -0.3341 0.5213
vn 0.7244 -0.6708 0.1590
vn 0.7926 -0.6088 -0.0334
vn 0.7714 -0.3328 -0.5424
vn 0.7954 -0.5341 -0.2865
vn 0.9909 -0.1206 -0.0591
vn 0.9899 -0.0758 -0.1198
vn -0.2485 -0.9673 0.0503
vn -0.7916 -0.6102 0.0327
vn 0.7791 0.1793 0.6008
vn -0.9899 -0.0754 0.1199
vn 0.1930 -0.9498 0.2464
vn -0.9849 0.1729 0.0109
vn 0.0056 0.1909 -0.9816
vn -0.0095 -0.1866 -0.9824
vn 0.7834 0.3442 0.5175
vn 0.7349 0.6738 0.0763
vn -0.7231 -0.6723 0.1588
vn -0.2098 0.9772 0.0328
vn -0.2339 0.9710 -0.0501
vn 0.1615 0.9839 0.0764
vn 0.2097 0.9772 -0.0328
vn 0.1615 0.9839 -0.0764
vn 0.1391 0.9825 -0.1240
vn 0.1054 0.9936 -0.0415
vn 0.1447 -0.9805 0.1329
vn 0.4939 -0.7350 0.4645
vn -0.1615 0.9839 -0.0764
vn -0.7351 0.6737 0.0764
vn -0.2099 0.9772 -0.0328
vn 0.1689 -0.9823 0.0809
vn -0.1689 -0.9823 0.0807
vn -0.1615 0.9839 0.0763
vn 0.1448 -0.9805 -0.1328
vn -0.1129 -0.9927 -0.0415
vn -0.1410 -0.9811 -0.1328
vn -0.1410 -0.9811 0.1328
vn -0.1392 0.9825 -0.1242
vn 0.7007 0.3902 0.5972
vn -0.9899 -0.0756 0.1199
vn -0.0318 0.1971 0.9799
vn 0.0266 -0.1819 0.9830
vn 0.9833 0.0604 -0.1718
vn 0.9758 0.0604 -0.2104
vn -0.9791 0.0640 0.1932
vn -0.9832 -0.0490 -0.1760
vn -0.7283 0.6623 -0.1759
vn 0.7281 0.1713 0.6638
vn 0.7032 0.2076 0.6800
vn -0.2187 0.6829 0.6970
vn 0.9873 -0.0000 0.1589
vn 0.7509 -0.0001 0.6604
vn 0.0572 -0.2002 0.9781
vn 0.0534 -0.1791 0.9824
vn -0.2465 -0.9498 0.1927
vn -0.0283 0.6981 -0.7155
vn 0.0246 0.6981 -0.7156
vn -0.1953 -0.9496 -0.2454
vn 0.9242 -0.0000 0.3819
vn -0.7008 0.2121 -0.6811
vn -0.1986 -0.9760 -0.0894
vn -0.1952 -0.9501 -0.2435
vn -0.1110 0.6990 -0.7064
vn -0.0677 0.1967 0.9781
vn -0.1089 0.6995 0.7063
vn 0.2481 -0.8522 -0.4606
vn 0.2246 -0.5057 -0.8329
vn 0.2227 -0.5049 0.8340
vn 0.2097 -0.0749 0.9749
vn -0.5026 0.8365 -0.2181
vn -0.4888 0.7410 -0.4604
vn 0.9779 0.1054 -0.1804
vn 0.7005 0.3906 -0.5973
vn -0.7184 0.2339 0.6552
vn 0.2302 0.9719 0.0502
vn 0.9830 -0.0530 0.1760
vn 0.7185 -0.2080 0.6637
vn 0.2477 -0.9491 -0.1944
vn 0.7255 0.1717 0.6665
vn 0.7456 -0.0452 0.6648
vn 0.7253 0.6119 -0.3156
vn 0.7431 0.6684 0.0328
vn -0.1054 0.9936 -0.0413
vn -0.5162 -0.8271 -0.2224
vn -0.4961 -0.7337 -0.4643
vn 0.7257 0.6113 0.3156
vn -0.1952 -0.9495 0.2455
vn 0.9822 0.1652 0.0895
vn 0.9780 0.1049 0.1803
vn -0.0809 0.9151 -0.3951
vn 0.0661 -0.6986 -0.7125
vn 0.2457 -0.9497 -0.1944
vn 0.0885 -0.9751 -0.2035
vn -0.7702 -0.3321 0.5445
vn -0.2248 -0.5030 0.8345
vn -0.0017 -0.0308 0.9995
vn -0.0000 0.1474 0.9891
vn -0.6955 0.1863 0.6940
vn -0.3776 0.1821 0.9079
vn 0.9789 -0.0528 0.1976
vn 0.7486 0.0002 0.6630
vn 0.7715 -0.3324 0.5425
vn 0.2226 -0.5074 0.8325
vn 0.6988 -0.1791 0.6926
vn -0.2040 0.9783 0.0368
vn -0.2047 0.9781 -0.0367
vn -0.2975 -0.9354 -0.1914
vn -0.2477 -0.9497 -0.1916
vn 0.2202 -0.5052 0.8344
vn 0.7874 -0.3288 0.5214
vn 0.7216 -0.6739 0.1586
vn 0.2203 -0.5077 0.8329
vn 0.2423 -0.8539 0.4605
vn 0.7279 0.1715 -0.6639
vn -0.4971 -0.7323 -0.4654
vn -0.5188 -0.8250 -0.2243
vn -0.0246 -0.9787 -0.2038
vn 0.2271 -0.5054 -0.8324
vn 0.2513 -0.8515 -0.4602
vn 0.2539 -0.9659 -0.0514
vn 0.1036 -0.9734 -0.2044
vn 0.7912 -0.6106 -0.0328
vn -0.1636 -0.9832 -0.0808
vn -0.7875 -0.3289 -0.5212
vn 0.1673 -0.9826 -0.0807
vn 0.7873 -0.3292 -0.5214
vn 0.4930 -0.7358 -0.4643
vn -0.0433 -0.3742 0.9263
vn -0.8771 -0.3190 -0.3589
vn -0.5190 -0.8252 -0.2228
vn -0.1073 -0.9731 -0.2037
vn -0.7113 -0.7001 0.0632
vn -0.7059 -0.7081 -0.0193
vn -0.3772 0.1537 0.9133
vn -0.6997 0.1570 0.6970
vn 0.0001 0.1567 0.9876
vn 0.0001 -0.1090 0.9940
vn -0.6963 0.1831 -0.6940
vn 0.9124 -0.1591 -0.3771
vn 0.6952 -0.1876 -0.6939
vn 0.3786 0.1533 -0.9128
vn -0.1962 0.9752 -0.1023
vn -0.2045 0.9784 -0.0291
vn 0.3043 -0.6051 -0.7357
vn 0.1036 -0.9597 -0.2611
vn 0.3750 0.1550 -0.9140
vn 0.2830 -0.9591 0.0022
vn -0.0000 -1.0000 0.0020
vn 0.0038 -0.9593 -0.2825
vn 0.0037 0.1092 -0.9940
vn 0.3755 -0.1835 -0.9085
vn -0.2825 0.9593 0.0023
vn 0.3753 0.1829 -0.9087
vn 0.3793 0.1047 -0.9193
vn -0.9820 -0.1889 0.0022
vn -0.2609 -0.9594 0.1069
vn -0.1948 -0.9607 0.1976
vn 0.3792 -0.1834 -0.9070
vn 0.1971 0.9750 0.1025
vn -0.1055 0.9750 -0.1956
vn 0.3794 -0.1057 -0.9192
vn 0.2611 -0.9594 0.1070
vn 0.3033 0.6041 -0.7369
vt 0.161591 0.968057
vt 0.161591 0.594534
vt 0.192349 0.594534
vt 0.192349 0.968057
vt 0.223108 0.594534
vt 0.223108 0.968057
vt 0.438417 0.968057
vt 0.407658 0.968057
vt 0.407658 0.594534
vt 0.438417 0.594534
vt 0.117977 0.297078
vt 0.136480 0.315860
vt 0.135999 0.316564
vt 0.117256 0.297078
vt 0.715122 0.968057
vt 0.715122 0.594534
vt 0.745880 0.594534
vt 0.745880 0.968057
vt 0.781925 0.287101
vt 0.793099 0.290153
vt 0.792859 0.291209
vt 0.781685 0.288274
vt 0.472539 0.066767
vt 0.473260 0.080384
vt 0.464729 0.082614
vt 0.463648 0.068997
vt 0.038557 0.968057
vt 0.007799 0.968057
vt 0.007799 0.594534
vt 0.038557 0.594534
vt 0.454156 0.195305
vt 0.458241 0.182979
vt 0.466291 0.186031
vt 0.463047 0.200000
vt 0.253866 0.968057
vt 0.253866 0.594534
vt 0.284625 0.594534
vt 0.284625 0.968057
vt 0.776639 0.968057
vt 0.776639 0.594534
vt 0.807397 0.594534
vt 0.807397 0.968057
vt 0.315383 0.968057
vt 0.315383 0.594534
vt 0.346141 0.594534
vt 0.346141 0.968057
vt 0.100074 0.968057
vt 0.069316 0.968057
vt 0.069316 0.594534
vt 0.100074 0.594534
vt 0.930431 0.968057
vt 0.899672 0.968057
vt 0.899672 0.594534
vt 0.930431 0.594534
vt 0.592088 0.968057
vt 0.592088 0.594534
vt 0.622847 0.594534
vt 0.622847 0.968057
vt 0.530572 0.968057
vt 0.499933 0.968057
vt 0.499933 0.594534
vt 0.530572 0.594534
vt 0.469175 0.968057
vt 0.469175 0.594534
vt 0.135278 0.316799
vt 0.116535 0.297078
vt 0.465931 0.107970
vt 0.465450 0.095409
vt 0.473981 0.094001
vt 0.474221 0.107383
vt 0.838156 0.968057
vt 0.838156 0.594534
vt 0.868914 0.594534
vt 0.868914 0.968057
vt 0.684364 0.968057
vt 0.684364 0.594534
vt 0.561330 0.968057
vt 0.561330 0.594534
vt 0.130833 0.594534
vt 0.130833 0.968057
vt 0.653605 0.968057
vt 0.653605 0.594534
vt 0.376900 0.594534
vt 0.376900 0.968057
vt 0.178652 0.272193
vt 0.121941 0.293557
vt 0.121461 0.293087
vt 0.177931 0.271840
vt 0.120980 0.292500
vt 0.177331 0.271371
vt 0.666341 0.314217
vt 0.666942 0.315625
vt 0.665620 0.316330
vt 0.665020 0.314921
vt 0.966956 0.067823
vt 0.965515 0.053150
vt 0.978371 0.052446
vt 0.979813 0.067119
vt 0.964794 0.038712
vt 0.977289 0.038007
vt 0.976088 0.219838
vt 0.976208 0.204930
vt 0.988343 0.204578
vt 0.988583 0.219721
vt 0.133596 0.192722
vt 0.179253 0.216317
vt 0.178532 0.216669
vt 0.133236 0.193427
vt 0.133957 0.192018
vt 0.179854 0.215965
vt 0.836714 0.404604
vt 0.831427 0.400143
vt 0.833950 0.397209
vt 0.839237 0.401787
vt 0.768108 0.347789
vt 0.775918 0.349550
vt 0.775558 0.350959
vt 0.767628 0.349432
vt 0.115453 0.297078
vt 0.118457 0.288861
vt 0.119058 0.289800
vt 0.651803 0.324547
vt 0.650722 0.326307
vt 0.649160 0.325486
vt 0.650361 0.323960
vt 0.161711 0.320086
vt 0.184059 0.329242
vt 0.183098 0.331238
vt 0.160870 0.322082
vt 0.123263 0.294848
vt 0.122422 0.295787
vt 0.121821 0.295904
vt 0.122783 0.294261
vt 0.970321 0.098109
vt 0.968639 0.083084
vt 0.981495 0.082027
vt 0.982816 0.097053
vt 0.976568 0.249420
vt 0.976088 0.234746
vt 0.988704 0.234746
vt 0.988704 0.249537
vt 0.977169 0.264093
vt 0.988704 0.264328
vt 0.975127 0.159150
vt 0.974406 0.143772
vt 0.986781 0.143068
vt 0.987742 0.158563
vt 0.945209 0.576809
vt 0.950736 0.563662
vt 0.951938 0.564249
vt 0.946411 0.577396
vt 0.725695 0.334290
vt 0.734827 0.335229
vt 0.734586 0.336755
vt 0.725695 0.335816
vt 0.976088 0.189670
vt 0.975727 0.174058
vt 0.988103 0.174175
vt 0.988463 0.189553
vt 0.971883 0.112782
vt 0.984378 0.112195
vt 0.973204 0.128043
vt 0.985700 0.127573
vt 0.965394 0.023686
vt 0.977289 0.023334
vt 0.875162 0.378075
vt 0.880328 0.384883
vt 0.879607 0.385470
vt 0.874561 0.378662
vt 0.116655 0.285692
vt 0.112209 0.298370
vt 0.111609 0.298722
vt 0.116294 0.285105
vt 0.465330 0.386996
vt 0.468214 0.386292
vt 0.472900 0.396739
vt 0.469415 0.397561
vt 0.151138 0.474566
vt 0.136600 0.462358
vt 0.136960 0.462006
vt 0.151498 0.474096
vt 0.120500 0.296491
vt 0.120980 0.296257
vt 0.643873 0.102218
vt 0.643152 0.116187
vt 0.633540 0.114895
vt 0.634021 0.100809
vt 0.527928 0.359880
vt 0.532614 0.354715
vt 0.535378 0.357063
vt 0.531413 0.361288
vt 0.692294 0.079210
vt 0.689049 0.092122
vt 0.669825 0.089540
vt 0.671988 0.076980
vt 0.566496 0.064185
vt 0.565415 0.050803
vt 0.571783 0.052094
vt 0.572264 0.064419
vt 0.312139 0.395565
vt 0.324635 0.366806
vt 0.324995 0.367275
vt 0.312740 0.395330
vt 0.022818 0.325016
vt 0.043964 0.289683
vt 0.044325 0.290270
vt 0.023298 0.325016
vt 0.852814 0.092122
vt 0.849690 0.077449
vt 0.680639 0.171945
vt 0.681600 0.185679
vt 0.664299 0.187440
vt 0.663458 0.173471
vt 0.645435 0.359528
vt 0.642071 0.361758
vt 0.612995 0.348024
vt 0.613235 0.343798
vt 0.641470 0.157154
vt 0.641470 0.171123
vt 0.632098 0.171945
vt 0.632098 0.157859
vt 0.179734 0.272897
vt 0.951337 0.440524
vt 0.948213 0.429255
vt 0.949174 0.429020
vt 0.952538 0.440172
vt 0.083373 0.283814
vt 0.079649 0.287453
vt 0.079288 0.286514
vt 0.082532 0.283814
vt 0.128309 0.191900
vt 0.128189 0.192605
vt 0.105241 0.194013
vt 0.105481 0.193427
vt 0.137801 0.311047
vt 0.137681 0.312221
vt 0.848489 0.381596
vt 0.842721 0.376666
vt 0.843803 0.375375
vt 0.849570 0.380422
vt 0.472179 0.052798
vt 0.461365 0.055733
vt 0.680399 0.158563
vt 0.680999 0.145885
vt 0.691933 0.146237
vt 0.691332 0.159619
vt 0.682201 0.132151
vt 0.684244 0.118417
vt 0.695778 0.119356
vt 0.693495 0.132738
vt 0.705871 0.080149
vt 0.702146 0.092944
vt 0.863988 0.317151
vt 0.873239 0.322551
vt 0.872639 0.323608
vt 0.863387 0.318208
vt 0.245215 0.375257
vt 0.247859 0.373731
vt 0.247859 0.373849
vt 0.245215 0.375375
vt 0.695057 0.066884
vt 0.696619 0.054324
vt 0.711878 0.055146
vt 0.709235 0.067589
vt 0.723533 0.278297
vt 0.735668 0.278649
vt 0.735548 0.279940
vt 0.723533 0.279470
vt 0.119418 0.290387
vt 0.119899 0.296726
vt 0.861825 0.390283
vt 0.866992 0.396035
vt 0.865790 0.397091
vt 0.860624 0.391457
vt 0.206047 0.495109
vt 0.229836 0.480318
vt 0.230197 0.480787
vt 0.206287 0.495695
vt 0.884894 0.392044
vt 0.888619 0.399087
vt 0.887898 0.399439
vt 0.884173 0.392396
vt 0.944368 0.418690
vt 0.950256 0.428668
vt 0.943167 0.419160
vt 0.955302 0.551102
vt 0.958906 0.538424
vt 0.960108 0.538776
vt 0.956503 0.551454
vt 0.735548 0.318090
vt 0.745640 0.319382
vt 0.745520 0.320203
vt 0.735548 0.318912
vt 0.477465 0.400730
vt 0.476624 0.403195
vt 0.475423 0.403195
vt 0.476264 0.400378
vt 0.897149 0.541828
vt 0.899192 0.533376
vt 0.900634 0.533729
vt 0.898591 0.542298
vt 0.950135 0.440759
vt 0.947132 0.429490
vt 0.114732 0.297196
vt 0.133476 0.317504
vt 0.132875 0.317973
vt 0.114012 0.297313
vt 0.119779 0.290857
vt 0.880448 0.435946
vt 0.876484 0.428551
vt 0.877805 0.427729
vt 0.881890 0.435242
vt 0.172284 0.267967
vt 0.118097 0.288274
vt 0.117736 0.287570
vt 0.171563 0.267614
vt 0.695417 0.316447
vt 0.686046 0.318560
vt 0.685805 0.317856
vt 0.695177 0.315625
vt 0.502697 0.440289
vt 0.496329 0.441228
vt 0.496329 0.440641
vt 0.502817 0.439585
vt 0.204004 0.490765
vt 0.229235 0.475505
vt 0.229235 0.475975
vt 0.204244 0.491235
vt 0.280299 0.525042
vt 0.279939 0.526216
vt 0.277656 0.525864
vt 0.277656 0.524455
vt 0.792499 0.292383
vt 0.803312 0.296257
vt 0.802952 0.297431
vt 0.792138 0.293557
vt 0.275613 0.528446
vt 0.274172 0.529972
vt 0.274051 0.529855
vt 0.275613 0.528329
vt 0.563012 0.247424
vt 0.562652 0.236390
vt 0.569020 0.236742
vt 0.568900 0.247894
vt 0.131073 0.201409
vt 0.171083 0.221364
vt 0.170362 0.221717
vt 0.130833 0.202113
vt 0.180334 0.273366
vt 0.914090 0.555914
vt 0.917334 0.547228
vt 0.918055 0.547463
vt 0.914571 0.556267
vt 0.699142 0.283931
vt 0.711518 0.283462
vt 0.711638 0.284635
vt 0.699262 0.285222
vt 0.827823 0.370445
vt 0.821094 0.366453
vt 0.822056 0.365162
vt 0.828784 0.369271
vt 0.284745 0.530559
vt 0.284865 0.530559
vt 0.285946 0.532320
vt 0.285826 0.532320
vt 0.923943 0.528916
vt 0.925505 0.519055
vt 0.926346 0.519173
vt 0.924784 0.529033
vt 0.471698 0.218664
vt 0.467853 0.234394
vt 0.453796 0.227234
vt 0.458962 0.213969
vt 0.286307 0.543706
vt 0.286307 0.546054
vt 0.284745 0.545819
vt 0.285225 0.543472
vt 0.285706 0.536428
vt 0.284865 0.536311
vt 0.285345 0.534433
vt 0.286187 0.534315
vt 0.659252 0.334290
vt 0.658652 0.332764
vt 0.667903 0.325016
vt 0.668504 0.326425
vt 0.499693 0.164080
vt 0.498251 0.178636
vt 0.480469 0.175701
vt 0.482632 0.161380
vt 0.885855 0.442520
vt 0.883212 0.434537
vt 0.887297 0.441815
vt 0.776519 0.387935
vt 0.774476 0.382653
vt 0.780243 0.381009
vt 0.781565 0.386409
vt 0.463768 0.249654
vt 0.488279 0.240850
vt 0.485636 0.259397
vt 0.248459 0.375610
vt 0.245456 0.377253
vt 0.245456 0.377136
vt 0.248459 0.375492
vt 0.477946 0.190140
vt 0.468815 0.172532
vt 0.686767 0.286631
vt 0.673550 0.289918
vt 0.673190 0.288509
vt 0.686647 0.285340
vt 0.254347 0.372558
vt 0.251944 0.374905
vt 0.251223 0.373497
vt 0.253386 0.371266
vt 0.085896 0.158563
vt 0.089381 0.181571
vt 0.088780 0.181923
vt 0.085176 0.158563
vt 0.891622 0.397796
vt 0.894506 0.406365
vt 0.893665 0.405895
vt 0.890902 0.398148
vt 0.901475 0.543002
vt 0.903758 0.534315
vt 0.919257 0.537837
vt 0.916614 0.546876
vt 0.159669 0.324429
vt 0.182017 0.333585
vt 0.181656 0.334172
vt 0.159308 0.325134
vt 0.863387 0.149524
vt 0.861705 0.135320
vt 0.486597 0.423503
vt 0.489480 0.433716
vt 0.488759 0.434068
vt 0.485876 0.423620
vt 0.343738 0.415638
vt 0.343378 0.415521
vt 0.341095 0.411530
vt 0.341335 0.411178
vt 0.219023 0.243081
vt 0.229476 0.244020
vt 0.229356 0.244724
vt 0.218903 0.243785
vt 0.182737 0.331825
vt 0.204124 0.343446
vt 0.203884 0.344033
vt 0.182497 0.332529
vt 0.628133 0.444398
vt 0.627893 0.444515
vt 0.591488 0.430898
vt 0.591608 0.430664
vt 0.754651 0.321260
vt 0.754651 0.322199
vt 0.924423 0.499100
vt 0.924543 0.508725
vt 0.923702 0.508725
vt 0.923582 0.499100
vt 0.892223 0.448858
vt 0.895467 0.456723
vt 0.894025 0.457310
vt 0.890781 0.449445
vt 0.229596 0.478557
vt 0.257591 0.484426
vt 0.257230 0.485952
vt 0.227674 0.363519
vt 0.227433 0.363636
vt 0.224790 0.361641
vt 0.225030 0.361523
vt 0.175288 0.218664
vt 0.176009 0.218312
vt 0.174687 0.269610
vt 0.173966 0.269140
vt 0.131794 0.198709
vt 0.173726 0.219721
vt 0.173005 0.220191
vt 0.131674 0.199413
vt 0.850771 0.379249
vt 0.856058 0.384883
vt 0.854736 0.386174
vt 0.287268 0.539011
vt 0.288469 0.536428
vt 0.288590 0.536546
vt 0.287388 0.539011
vt 0.152099 0.473510
vt 0.137681 0.461419
vt 0.138042 0.461067
vt 0.152460 0.473040
vt 0.357195 0.360467
vt 0.357195 0.359997
vt 0.361040 0.361993
vt 0.360800 0.362110
vt 0.836954 0.371853
vt 0.841640 0.377957
vt 0.835993 0.373144
vt 0.169521 0.266323
vt 0.906881 0.499217
vt 0.906161 0.490413
vt 0.922982 0.489474
vt 0.127709 0.194483
vt 0.127589 0.195305
vt 0.922140 0.468579
vt 0.923943 0.479027
vt 0.923102 0.479144
vt 0.921420 0.468697
vt 0.471097 0.159619
vt 0.081811 0.335464
vt 0.064510 0.352132
vt 0.064029 0.351780
vt 0.081691 0.334994
vt 0.735548 0.314569
vt 0.745520 0.315977
vt 0.745520 0.316799
vt 0.735548 0.315508
vt 0.229235 0.245429
vt 0.218782 0.244489
vt 0.448269 0.099166
vt 0.447908 0.110317
vt 0.447188 0.110435
vt 0.447548 0.099400
vt 0.134798 0.190374
vt 0.134437 0.191079
vt 0.232600 0.367040
vt 0.232720 0.366923
vt 0.233921 0.369740
vt 0.233801 0.369858
vt 0.127949 0.193779
vt 0.285946 0.490765
vt 0.288349 0.490765
vt 0.288469 0.491235
vt 0.285826 0.491352
vt 0.100915 0.199531
vt 0.101156 0.198826
vt 0.127709 0.197418
vt 0.127829 0.198122
vt 0.414266 0.130038
vt 0.413786 0.136612
vt 0.413546 0.136494
vt 0.414026 0.130038
vt 0.705270 0.316917
vt 0.695778 0.317973
vt 0.695538 0.317269
vt 0.705150 0.316095
vt 0.828424 0.339455
vt 0.836714 0.343563
vt 0.836233 0.344268
vt 0.827943 0.340159
vt 0.958306 0.486539
vt 0.959027 0.499452
vt 0.957705 0.499452
vt 0.956984 0.486892
vt 0.954100 0.550632
vt 0.957705 0.538072
vt 0.669585 0.321260
vt 0.668143 0.321729
vt 0.667783 0.320203
vt 0.669105 0.319851
vt 0.101997 0.196831
vt 0.104039 0.195774
vt 0.128189 0.198826
vt 0.101276 0.200235
vt 0.326557 0.463297
vt 0.344579 0.464588
vt 0.344579 0.465175
vt 0.326677 0.463884
vt 0.167839 0.482196
vt 0.183218 0.488300
vt 0.183458 0.489239
vt 0.167478 0.482666
vt 0.874201 0.420334
vt 0.875402 0.419395
vt 0.879127 0.427025
vt 0.893785 0.448272
vt 0.897029 0.456136
vt 0.691693 0.173119
vt 0.225270 0.365749
vt 0.225391 0.365632
vt 0.227794 0.367627
vt 0.227674 0.367745
vt 0.203043 0.488065
vt 0.228995 0.472805
vt 0.228995 0.473275
vt 0.203163 0.488652
vt 0.359598 0.363988
vt 0.359838 0.363519
vt 0.367047 0.375375
vt 0.366567 0.375844
vt 0.888739 0.441228
vt 0.890181 0.440641
vt 0.698421 0.334290
vt 0.707553 0.333468
vt 0.707673 0.334994
vt 0.698662 0.335816
vt 0.356955 0.358236
vt 0.356955 0.358706
vt 0.324394 0.366453
vt 0.324274 0.366101
vt 0.705390 0.317738
vt 0.695898 0.318795
vt 0.325355 0.367627
vt 0.313220 0.395213
vt 0.743838 0.336990
vt 0.752369 0.340746
vt 0.752128 0.342976
vt 0.743718 0.338398
vt 0.843803 0.310343
vt 0.834191 0.306234
vt 0.834671 0.305061
vt 0.844283 0.309169
vt 0.823978 0.362580
vt 0.816769 0.358941
vt 0.817610 0.357650
vt 0.824819 0.361288
vt 0.162432 0.138138
vt 0.161471 0.143420
vt 0.160750 0.143420
vt 0.161711 0.138138
vt 0.671027 0.328773
vt 0.671748 0.330181
vt 0.671628 0.330299
vt 0.670907 0.328890
vt 0.864589 0.398265
vt 0.859662 0.392631
vt 0.894025 0.417634
vt 0.900754 0.424912
vt 0.900153 0.425264
vt 0.893665 0.417869
vt 0.683282 0.199531
vt 0.665500 0.200822
vt 0.864108 0.192253
vt 0.864589 0.177814
vt 0.566737 0.124521
vt 0.567217 0.109261
vt 0.572744 0.109026
vt 0.572384 0.123699
vt 0.863387 0.366219
vt 0.869515 0.371853
vt 0.868794 0.372558
vt 0.862786 0.366806
vt 0.254347 0.372675
vt 0.252064 0.375023
vt 0.991948 0.968057
vt 0.961189 0.968057
vt 0.961189 0.594534
vt 0.991948 0.594534
vt 0.257110 0.365984
vt 0.257351 0.366219
vt 0.255428 0.368801
vt 0.255428 0.368684
vt 0.274172 0.530090
vt 0.275613 0.528564
vt 0.079529 0.186736
vt 0.097671 0.203522
vt 0.097191 0.203991
vt 0.078928 0.186970
vt 0.477345 0.408360
vt 0.476504 0.406717
vt 0.477105 0.406130
vt 0.478066 0.408008
vt 0.572023 0.169010
vt 0.570942 0.182862
vt 0.565175 0.182157
vt 0.566136 0.167249
vt 0.134077 0.321729
vt 0.158227 0.327951
vt 0.157987 0.328538
vt 0.133957 0.322434
vt 0.922381 0.479144
vt 0.923823 0.489357
vt 0.921540 0.479261
vt 0.825780 0.359997
vt 0.832509 0.364575
vt 0.831547 0.365749
vt 0.315383 0.394626
vt 0.326677 0.369271
vt 0.327038 0.369623
vt 0.315864 0.394626
vt 0.698902 0.281466
vt 0.686526 0.282875
vt 0.686526 0.281583
vt 0.698662 0.280175
vt 0.761380 0.340276
vt 0.761140 0.341920
vt 0.933074 0.399556
vt 0.938601 0.409065
vt 0.937400 0.409534
vt 0.931993 0.400143
vt 0.905199 0.499334
vt 0.904478 0.490413
vt 0.668624 0.326425
vt 0.669345 0.327833
vt 0.669225 0.327951
vt 0.181296 0.334877
vt 0.159068 0.325838
vt 0.763903 0.322786
vt 0.763663 0.323608
vt 0.078687 0.133794
vt 0.077606 0.158798
vt 0.076885 0.158915
vt 0.077967 0.133794
vt 0.891622 0.439937
vt 0.895347 0.447685
vt 0.814967 0.298487
vt 0.825059 0.300835
vt 0.824699 0.302009
vt 0.814726 0.299778
vt 0.897630 0.551454
vt 0.900033 0.542650
vt 0.899072 0.551923
vt 0.285826 0.536428
vt 0.284625 0.538424
vt 0.686647 0.105387
vt 0.698782 0.105974
vt 0.634622 0.252589
vt 0.633420 0.240146
vt 0.643993 0.238268
vt 0.644834 0.250946
vt 0.079408 0.133912
vt 0.078207 0.158798
vt 0.662256 0.075923
vt 0.663938 0.063363
vt 0.674271 0.064537
vt 0.654807 0.075219
vt 0.656489 0.062424
vt 0.162672 0.316799
vt 0.185621 0.326307
vt 0.185261 0.326894
vt 0.162552 0.317621
vt 0.643393 0.225473
vt 0.642792 0.212326
vt 0.651443 0.212913
vt 0.652284 0.225825
vt 0.139363 0.311517
vt 0.139844 0.310813
vt 0.642191 0.130155
vt 0.641710 0.144359
vt 0.632339 0.143185
vt 0.632699 0.129099
vt 0.928148 0.389813
vt 0.927067 0.390400
vt 0.854376 0.312691
vt 0.853775 0.313747
vt 0.690852 0.251298
vt 0.689770 0.238503
vt 0.703467 0.239794
vt 0.704669 0.252589
vt 0.687848 0.225708
vt 0.685565 0.212795
vt 0.697820 0.213734
vt 0.700824 0.226882
vt 0.692894 0.186736
vt 0.695057 0.200352
vt 0.286307 0.534315
vt 0.769790 0.341215
vt 0.769310 0.342859
vt 0.697580 0.042116
vt 0.711878 0.042703
vt 0.902196 0.533963
vt 0.138763 0.312573
vt 0.162192 0.318677
vt 0.265761 0.400613
vt 0.262998 0.397209
vt 0.300605 0.364106
vt 0.304209 0.366806
vt 0.184780 0.327951
vt 0.087579 0.134499
vt 0.088299 0.134499
vt 0.086617 0.158680
vt 0.228755 0.471397
vt 0.259153 0.477266
vt 0.259033 0.477853
vt 0.228875 0.471983
vt 0.203403 0.345089
vt 0.203043 0.345794
vt 0.669946 0.250946
vt 0.669585 0.239090
vt 0.862907 0.206809
vt 0.131313 0.319499
vt 0.317426 0.394274
vt 0.316945 0.394274
vt 0.327758 0.370445
vt 0.327999 0.370797
vt 0.856298 0.106561
vt 0.670546 0.327247
vt 0.669705 0.326073
vt 0.670787 0.325368
vt 0.671628 0.326425
vt 0.525045 0.450267
vt 0.514952 0.445572
vt 0.516154 0.442167
vt 0.526967 0.447098
vt 0.535137 0.471749
vt 0.534537 0.472218
vt 0.531172 0.467992
vt 0.531653 0.467523
vt 0.906521 0.433011
vt 0.910606 0.440994
vt 0.656008 0.144124
vt 0.657090 0.129921
vt 0.665020 0.129921
vt 0.663938 0.144007
vt 0.660694 0.088953
vt 0.653725 0.088601
vt 0.079288 0.158798
vt 0.080610 0.134029
vt 0.653005 0.238385
vt 0.180334 0.336872
vt 0.154502 0.470457
vt 0.168079 0.481844
vt 0.154142 0.470927
vt 0.084094 0.158563
vt 0.085776 0.134381
vt 0.086858 0.134381
vt 0.644954 0.088014
vt 0.645916 0.074162
vt 0.508704 0.226647
vt 0.507383 0.243668
vt 0.490201 0.224182
vt 0.083373 0.158680
vt 0.085055 0.134381
vt 0.518076 0.377253
vt 0.518196 0.381948
vt 0.517475 0.382183
vt 0.517355 0.377488
vt 0.659252 0.102452
vt 0.668143 0.102805
vt 0.649881 0.144124
vt 0.650722 0.130038
vt 0.907122 0.433011
vt 0.911567 0.440641
vt 0.660454 0.250946
vt 0.659973 0.238620
vt 0.656128 0.186501
vt 0.655648 0.172532
vt 0.657090 0.200118
vt 0.658171 0.213382
vt 0.667062 0.213969
vt 0.659252 0.226295
vt 0.668624 0.226764
vt 0.665380 0.051272
vt 0.675352 0.052446
vt 0.649520 0.157976
vt 0.649640 0.171827
vt 0.642191 0.198709
vt 0.641710 0.184740
vt 0.649881 0.185679
vt 0.650602 0.199413
vt 0.082652 0.158563
vt 0.084214 0.134381
vt 0.084935 0.183918
vt 0.080610 0.158798
vt 0.086738 0.182979
vt 0.657931 0.049863
vt 0.658531 0.037421
vt 0.665620 0.038712
vt 0.204485 0.342741
vt 0.657931 0.116069
vt 0.651563 0.116069
vt 0.652644 0.102335
vt 0.509666 0.210447
vt 0.492244 0.208335
vt 0.655528 0.158328
vt 0.810281 0.335229
vt 0.818451 0.338633
vt 0.818091 0.339337
vt 0.809920 0.335933
vt 0.495368 0.193309
vt 0.514832 0.179927
vt 0.512789 0.195187
vt 0.081331 0.134147
vt 0.080009 0.158798
vt 0.102477 0.194131
vt 0.102357 0.194718
vt 0.289791 0.536781
vt 0.288590 0.539246
vt 0.288229 0.539246
vt 0.289551 0.536663
vt 0.087939 0.182392
vt 0.101997 0.195539
vt 0.101876 0.196126
vt 0.087338 0.182627
vt 0.175288 0.270080
vt 0.176610 0.217843
vt 0.647237 0.061132
vt 0.675352 0.040120
vt 0.666341 0.116539
vt 0.663337 0.158915
vt 0.653605 0.250828
vt 0.648319 0.048103
vt 0.649280 0.035425
vt 0.205326 0.256932
vt 0.210732 0.259515
vt 0.204845 0.266558
vt 0.201481 0.265149
vt 0.936198 0.410004
vt 0.930791 0.400730
vt 0.259994 0.369740
vt 0.259273 0.368449
vt 0.261436 0.366336
vt 0.262637 0.368097
vt 0.160510 0.322786
vt 0.887177 0.432424
vt 0.864348 0.163728
vt 0.859182 0.120999
vt 0.632219 0.185209
vt 0.637265 0.044816
vt 0.638106 0.032373
vt 0.636304 0.058433
vt 0.634982 0.086957
vt 0.635463 0.072871
vt 0.871437 0.402608
vt 0.162672 0.132855
vt 0.162913 0.128629
vt 0.163754 0.128629
vt 0.163393 0.132621
vt 0.160149 0.323490
vt 0.637145 0.330886
vt 0.639187 0.330299
vt 0.639187 0.330533
vt 0.637265 0.331120
vt 0.902676 0.422681
vt 0.909645 0.431251
vt 0.909044 0.431837
vt 0.902316 0.423386
vt 0.570341 0.197183
vt 0.564454 0.197418
vt 0.754411 0.432424
vt 0.756093 0.437355
vt 0.750807 0.439820
vt 0.749004 0.433950
vt 0.414507 0.123347
vt 0.414507 0.116773
vt 0.414867 0.116773
vt 0.414747 0.123347
vt 0.657570 0.331825
vt 0.657090 0.330533
vt 0.657210 0.330533
vt 0.657690 0.331707
vt 0.135278 0.318208
vt 0.135759 0.317151
vt 0.168319 0.138255
vt 0.163153 0.138138
vt 0.168440 0.133560
vt 0.667903 0.321847
vt 0.668384 0.323255
vt 0.667543 0.323608
vt 0.667062 0.322082
vt 0.668624 0.323138
vt 0.668504 0.323255
vt 0.668023 0.321729
vt 0.337971 0.415169
vt 0.338452 0.415051
vt 0.333165 0.422681
vt 0.332685 0.422094
vt 0.579593 0.052211
vt 0.579593 0.065945
vt 0.715122 0.313395
vt 0.725695 0.314099
vt 0.725815 0.314921
vt 0.715362 0.314217
vt 0.378942 0.383827
vt 0.378942 0.384296
vt 0.366327 0.376197
vt 0.755012 0.317856
vt 0.755012 0.318677
vt 0.284024 0.531263
vt 0.284264 0.531029
vt 0.285105 0.532672
vt 0.284865 0.532789
vt 0.191148 0.241320
vt 0.204244 0.238620
vt 0.204485 0.239324
vt 0.191268 0.242024
vt 0.900393 0.499569
vt 0.900514 0.507904
vt 0.898831 0.507904
vt 0.898711 0.499687
vt 0.275974 0.529385
vt 0.274652 0.530911
vt 0.268645 0.533494
vt 0.270327 0.531850
vt 0.270447 0.531968
vt 0.268885 0.533729
vt 0.160510 0.101748
vt 0.160510 0.097053
vt 0.161110 0.097053
vt 0.161231 0.101748
vt 0.250262 0.514829
vt 0.250502 0.512599
vt 0.252785 0.512247
vt 0.252184 0.514595
vt 0.314302 0.435007
vt 0.314422 0.435359
vt 0.301325 0.438411
vt 0.301325 0.438059
vt 0.516274 0.165019
vt 0.364885 0.481961
vt 0.364524 0.482196
vt 0.371493 0.427259
vt 0.371854 0.427494
vt 0.477946 0.037421
vt 0.461966 0.042468
vt 0.663337 0.312104
vt 0.664178 0.313747
vt 0.663337 0.312221
vt 0.225150 0.365984
vt 0.224069 0.367510
vt 0.220945 0.366571
vt 0.222147 0.364575
vt 0.441781 0.065358
vt 0.445385 0.076510
vt 0.444544 0.076862
vt 0.440940 0.065945
vt 0.413546 0.098461
vt 0.412584 0.092592
vt 0.445385 0.131681
vt 0.446106 0.142364
vt 0.414026 0.136729
vt 0.414507 0.130038
vt 0.413906 0.105035
vt 0.413305 0.098696
vt 0.414146 0.104800
vt 0.414266 0.110904
vt 0.414507 0.110787
vt 0.437696 0.411999
vt 0.437936 0.411999
vt 0.458962 0.447919
vt 0.458602 0.447919
vt 0.862666 0.319264
vt 0.871918 0.324664
vt 0.871197 0.325721
vt 0.862065 0.320438
vt 0.663458 0.312104
vt 0.664299 0.313630
vt 0.446106 0.088249
vt 0.445265 0.088601
vt 0.446106 0.076041
vt 0.446827 0.088014
vt 0.454517 0.085314
vt 0.453796 0.072754
vt 0.460644 0.170067
vt 0.433611 0.198239
vt 0.427123 0.209978
vt 0.426522 0.209274
vt 0.433010 0.197652
vt 0.502577 0.075923
vt 0.502336 0.060546
vt 0.518316 0.059841
vt 0.519157 0.075571
vt 0.531653 0.059254
vt 0.532975 0.074749
vt 0.283063 0.540185
vt 0.282222 0.539715
vt 0.283784 0.538189
vt 0.485275 0.048337
vt 0.485035 0.063480
vt 0.137561 0.313043
vt 0.137561 0.313982
vt 0.262757 0.396974
vt 0.300364 0.363871
vt 0.503057 0.091183
vt 0.519278 0.090714
vt 0.533575 0.107030
vt 0.519758 0.105739
vt 0.533455 0.090949
vt 0.102237 0.202113
vt 0.128790 0.200352
vt 0.128670 0.201057
vt 0.102357 0.202817
vt 0.137921 0.310343
vt 0.448870 0.240850
vt 0.450071 0.208921
vt 0.474101 0.120412
vt 0.485996 0.106561
vt 0.485756 0.120765
vt 0.486116 0.092475
vt 0.503538 0.105974
vt 0.185261 0.487831
vt 0.201721 0.488300
vt 0.201601 0.489122
vt 0.184540 0.488418
vt 0.134197 0.317269
vt 0.558326 0.330533
vt 0.558807 0.326425
vt 0.608789 0.325955
vt 0.609150 0.330299
vt 0.441781 0.175466
vt 0.437576 0.186031
vt 0.436855 0.185562
vt 0.441060 0.175114
vt 0.656729 0.328890
vt 0.654086 0.329125
vt 0.653966 0.327012
vt 0.656128 0.326660
vt 0.286427 0.485483
vt 0.287869 0.486070
vt 0.287989 0.486539
vt 0.286307 0.486070
vt 0.447067 0.121117
vt 0.446346 0.110552
vt 0.224429 0.257989
vt 0.215298 0.253293
vt 0.413666 0.105152
vt 0.413065 0.099048
vt 0.532374 0.344502
vt 0.531533 0.343563
vt 0.535498 0.339455
vt 0.536339 0.340276
vt 0.842721 0.312573
vt 0.851973 0.317269
vt 0.851372 0.318325
vt 0.842121 0.313630
vt 0.181536 0.214908
vt 0.180935 0.215378
vt 0.486116 0.435476
vt 0.490682 0.440055
vt 0.488759 0.443576
vt 0.483233 0.437355
vt 0.815447 0.385587
vt 0.810521 0.382653
vt 0.812804 0.378544
vt 0.818211 0.382888
vt 0.174327 0.219369
vt 0.131914 0.197887
vt 0.414026 0.111139
vt 0.509786 0.383827
vt 0.514832 0.382535
vt 0.515673 0.383357
vt 0.510026 0.384648
vt 0.491643 0.515299
vt 0.492004 0.517529
vt 0.457040 0.527624
vt 0.456800 0.525277
vt 0.132154 0.196831
vt 0.425921 0.208569
vt 0.432289 0.197065
vt 0.444544 0.190374
vt 0.440579 0.202935
vt 0.879007 0.416812
vt 0.875162 0.409534
vt 0.891142 0.406247
vt 0.132515 0.195422
vt 0.132274 0.196126
vt 0.485035 0.078271
vt 0.447788 0.121117
vt 0.083974 0.283579
vt 0.085776 0.263741
vt 0.086497 0.263976
vt 0.084575 0.283579
vt 0.376299 0.429607
vt 0.375939 0.429490
vt 0.419193 0.389696
vt 0.419553 0.389931
vt 0.629215 0.323725
vt 0.630657 0.323255
vt 0.635342 0.331120
vt 0.633540 0.331590
vt 0.450432 0.060780
vt 0.338812 0.415051
vt 0.333526 0.422916
vt 0.128430 0.203052
vt 0.128550 0.203756
vt 0.465330 0.132855
vt 0.464369 0.145063
vt 0.454517 0.143772
vt 0.455117 0.132151
vt 0.531653 0.455902
vt 0.534176 0.452967
vt 0.927187 0.489004
vt 0.927667 0.499100
vt 0.926826 0.499100
vt 0.926346 0.489122
vt 0.446226 0.131681
vt 0.559408 0.322434
vt 0.558927 0.325721
vt 0.521801 0.315391
vt 0.522281 0.312104
vt 0.414266 0.116891
vt 0.627413 0.473275
vt 0.631378 0.473979
vt 0.615398 0.507669
vt 0.613355 0.504030
vt 0.578151 0.502269
vt 0.578872 0.507317
vt 0.531052 0.509195
vt 0.531533 0.505673
vt 0.166037 0.092827
vt 0.164354 0.087427
vt 0.165796 0.088131
vt 0.166878 0.093061
vt 0.167959 0.111256
vt 0.168319 0.115834
vt 0.162793 0.115365
vt 0.163033 0.110904
vt 0.201601 0.487831
vt 0.202442 0.486774
vt 0.202682 0.487244
vt 0.165436 0.097405
vt 0.166637 0.097640
vt 0.667543 0.316799
vt 0.668504 0.318208
vt 0.667302 0.318795
vt 0.666341 0.317504
vt 0.414266 0.123464
vt 0.413065 0.143068
vt 0.413305 0.143185
vt 0.419793 0.390048
vt 0.376539 0.429725
vt 0.663337 0.340863
vt 0.664299 0.342037
vt 0.664178 0.342155
vt 0.663217 0.340863
vt 0.357556 0.362932
vt 0.357556 0.362345
vt 0.077606 0.244372
vt 0.078087 0.263506
vt 0.076405 0.263389
vt 0.075924 0.244489
vt 0.662616 0.312808
vt 0.663458 0.314099
vt 0.663337 0.314099
vt 0.104760 0.195070
vt 0.099834 0.200939
vt 0.082773 0.185092
vt 0.083734 0.184623
vt 0.100435 0.200118
vt 0.099473 0.201526
vt 0.082172 0.185444
vt 0.442862 0.163845
vt 0.445145 0.153163
vt 0.445866 0.153398
vt 0.443583 0.164197
vt 0.479508 0.401082
vt 0.478427 0.403547
vt 0.477345 0.403313
vt 0.478186 0.400965
vt 0.288349 0.488300
vt 0.286187 0.488300
vt 0.286307 0.486657
vt 0.288109 0.486892
vt 0.448990 0.178753
vt 0.451032 0.166662
vt 0.261315 0.366101
vt 0.263718 0.364223
vt 0.264079 0.364575
vt 0.128550 0.199765
vt 0.101876 0.201409
vt 0.463047 0.157624
vt 0.905560 0.525629
vt 0.903998 0.525394
vt 0.473621 0.133325
vt 0.472780 0.146355
vt 0.844884 0.308113
vt 0.465931 0.120295
vt 0.485275 0.032256
vt 0.102838 0.205048
vt 0.102838 0.205869
vt 0.453315 0.155159
vt 0.632579 0.199178
vt 0.456079 0.097287
vt 0.485275 0.134499
vt 0.484674 0.147881
vt 0.475303 0.204109
vt 0.291593 0.296491
vt 0.285345 0.296609
vt 0.284024 0.291209
vt 0.290632 0.291326
vt 0.716804 0.339807
vt 0.708033 0.339689
vt 0.707913 0.338163
vt 0.716804 0.338163
vt 0.502457 0.134851
vt 0.501255 0.149407
vt 0.042522 0.363519
vt 0.040600 0.363636
vt 0.041081 0.363284
vt 0.042282 0.362932
vt 0.502817 0.120295
vt 0.084335 0.184270
vt 0.519278 0.120882
vt 0.312259 0.470575
vt 0.326797 0.464471
vt 0.326917 0.465292
vt 0.312620 0.471397
vt 0.517716 0.006548
vt 0.516875 0.025917
vt 0.500174 0.026856
vt 0.497891 0.008426
vt 0.518917 0.135907
vt 0.517475 0.150463
vt 0.507503 0.261276
vt 0.501375 0.044698
vt 0.517355 0.043172
vt 0.202802 0.346498
vt 0.523843 0.241790
vt 0.525285 0.258224
vt 0.531653 0.151520
vt 0.530211 0.166428
vt 0.139844 0.458954
vt 0.140084 0.458484
vt 0.533095 0.122173
vt 0.532013 0.136729
vt 0.326196 0.459071
vt 0.345180 0.460480
vt 0.345060 0.461067
vt 0.326076 0.459541
vt 0.534056 0.011361
vt 0.531293 0.027677
vt 0.542707 0.137081
vt 0.541986 0.152107
vt 0.543908 0.106796
vt 0.543668 0.091418
vt 0.396124 0.359176
vt 0.396604 0.359645
vt 0.388194 0.369975
vt 0.387713 0.369506
vt 0.900273 0.516355
vt 0.899312 0.524690
vt 0.897750 0.524455
vt 0.898591 0.516238
vt 0.168800 0.147411
vt 0.169761 0.142716
vt 0.408499 0.166662
vt 0.406937 0.172062
vt 0.411143 0.507317
vt 0.411143 0.506965
vt 0.448990 0.490178
vt 0.449230 0.490413
vt 0.864589 0.364927
vt 0.858101 0.359410
vt 0.858701 0.358706
vt 0.865189 0.364223
vt 0.860984 0.401435
vt 0.856298 0.395917
vt 0.857380 0.394861
vt 0.862306 0.400378
vt 0.130953 0.320086
vt 0.446947 0.131681
vt 0.448629 0.121117
vt 0.456439 0.120765
vt 0.665140 0.318090
vt 0.664539 0.316799
vt 0.664659 0.316799
vt 0.665260 0.318090
vt 0.526727 0.195892
vt 0.529130 0.181336
vt 0.539943 0.181805
vt 0.538261 0.196244
vt 0.543308 0.075806
vt 0.535618 0.225356
vt 0.535738 0.239559
vt 0.523603 0.226177
vt 0.243173 0.515416
vt 0.241130 0.513421
vt 0.242933 0.513186
vt 0.244134 0.515299
vt 0.541385 0.167015
vt 0.238367 0.500039
vt 0.240049 0.500156
vt 0.239448 0.502856
vt 0.236925 0.502504
vt 0.161951 0.319382
vt 0.184419 0.328538
vt 0.291834 0.297196
vt 0.285706 0.297196
vt 0.324995 0.290974
vt 0.311418 0.291092
vt 0.311538 0.290387
vt 0.325115 0.290270
vt 0.135038 0.318912
vt 0.716684 0.336637
vt 0.725695 0.337459
vt 0.725695 0.338985
vt 0.060545 0.346850
vt 0.080370 0.328773
vt 0.080490 0.329712
vt 0.060785 0.347672
vt 0.081571 0.185796
vt 0.233321 0.375727
vt 0.233441 0.375610
vt 0.235724 0.378662
vt 0.235603 0.378779
vt 0.162192 0.124286
vt 0.162072 0.128629
vt 0.161471 0.124286
vt 0.902075 0.481961
vt 0.902916 0.490648
vt 0.901234 0.490883
vt 0.900514 0.482313
vt 0.672349 0.331707
vt 0.758857 0.283931
vt 0.770031 0.286748
vt 0.769790 0.288040
vt 0.758616 0.285222
vt 0.098993 0.201996
vt 0.230437 0.374318
vt 0.232239 0.377136
vt 0.231999 0.377370
vt 0.230197 0.374553
vt 0.536819 0.210800
vt 0.525285 0.210800
vt 0.641230 0.313865
vt 0.641951 0.312573
vt 0.648799 0.317621
vt 0.648198 0.319264
vt 0.250021 0.378309
vt 0.246777 0.380188
vt 0.246537 0.379835
vt 0.249781 0.378075
vt 0.183218 0.487596
vt 0.893184 0.549810
vt 0.895707 0.541359
vt 0.894626 0.550397
vt 0.180094 0.337577
vt 0.521560 0.366571
vt 0.521921 0.377136
vt 0.517956 0.365984
vt 0.903637 0.499452
vt 0.903758 0.508021
vt 0.902075 0.507904
vt 0.901955 0.499452
vt 0.543548 0.121938
vt 0.236805 0.516238
vt 0.238247 0.515064
vt 0.241491 0.516473
vt 0.240770 0.517412
vt 0.283183 0.540302
vt 0.665020 0.315038
vt 0.664899 0.315038
vt 0.242092 0.378427
vt 0.239088 0.378309
vt 0.239088 0.378192
vt 0.242092 0.378309
vt 0.502457 0.445219
vt 0.502697 0.446159
vt 0.495728 0.446628
vt 0.495848 0.445689
vt 0.973925 0.459658
vt 0.976568 0.472218
vt 0.961910 0.474449
vt 0.959147 0.462827
vt 0.082052 0.134264
vt 0.900514 0.473392
vt 0.898831 0.473744
vt 0.206407 0.339572
vt 0.205926 0.340159
vt 0.633060 0.227351
vt 0.165316 0.486422
vt 0.182377 0.493817
vt 0.181656 0.495226
vt 0.164475 0.487478
vt 0.080490 0.225473
vt 0.078808 0.225590
vt 0.076885 0.206104
vt 0.078567 0.205869
vt 0.859422 0.236507
vt 0.861224 0.221482
vt 0.325596 0.367979
vt 0.313701 0.395096
vt 0.480349 0.398969
vt 0.479147 0.398852
vt 0.246537 0.500391
vt 0.246898 0.502973
vt 0.244975 0.502856
vt 0.244975 0.500274
vt 0.248459 0.517412
vt 0.240289 0.518351
vt 0.631738 0.334877
vt 0.629335 0.335111
vt 0.629335 0.334877
vt 0.631738 0.334759
vt 0.240169 0.519407
vt 0.299764 0.479966
vt 0.299283 0.479496
vt 0.228515 0.238503
vt 0.233801 0.236977
vt 0.234041 0.237446
vt 0.228635 0.239207
vt 0.300725 0.481492
vt 0.300965 0.481961
vt 0.288469 0.488770
vt 0.239809 0.513890
vt 0.242212 0.515768
vt 0.251824 0.497339
vt 0.252064 0.496282
vt 0.256750 0.496752
vt 0.255789 0.498513
vt 0.202682 0.492643
vt 0.183218 0.491352
vt 0.183338 0.490883
vt 0.202322 0.492056
vt 0.412224 0.149407
vt 0.411984 0.149172
vt 0.412825 0.142951
vt 0.801870 0.331120
vt 0.793099 0.328186
vt 0.793340 0.327364
vt 0.802231 0.330416
vt 0.907843 0.363519
vt 0.913730 0.372675
vt 0.912769 0.373379
vt 0.906881 0.364341
vt 0.651683 0.315860
vt 0.651202 0.318090
vt 0.651082 0.318090
vt 0.651563 0.315860
vt 0.767147 0.392748
vt 0.763783 0.388170
vt 0.768949 0.385000
vt 0.771713 0.390048
vt 0.933915 0.411060
vt 0.928388 0.401904
vt 0.929590 0.401317
vt 0.935117 0.410591
vt 0.260234 0.370210
vt 0.257591 0.372088
vt 0.257471 0.371618
vt 0.231278 0.509430
vt 0.231398 0.502973
vt 0.232840 0.503326
vt 0.233441 0.508608
vt 0.260354 0.507199
vt 0.257711 0.508373
vt 0.257110 0.505556
vt 0.259393 0.504030
vt 0.670667 0.330768
vt 0.669946 0.329360
vt 0.670066 0.329360
vt 0.670787 0.330768
vt 0.259633 0.511543
vt 0.257471 0.511543
vt 0.234041 0.369623
vt 0.232840 0.366806
vt 0.872038 0.369388
vt 0.877925 0.375844
vt 0.877204 0.376314
vt 0.871437 0.370092
vt 0.412344 0.092944
vt 0.412104 0.093296
vt 0.940283 0.574227
vt 0.946171 0.561901
vt 0.947372 0.562371
vt 0.941605 0.574931
vt 0.446707 0.142481
vt 0.447428 0.142598
vt 0.723653 0.283227
vt 0.723653 0.284401
vt 0.255188 0.509195
vt 0.254707 0.506612
vt 0.252785 0.509899
vt 0.252304 0.507434
vt 0.274172 0.533142
vt 0.274172 0.535489
vt 0.273691 0.535255
vt 0.273811 0.533024
vt 0.254227 0.514477
vt 0.254948 0.512129
vt 0.642311 0.334524
vt 0.644354 0.333820
vt 0.644474 0.333938
vt 0.642311 0.334642
vt 0.541746 0.031434
vt 0.541385 0.046107
vt 0.530572 0.043994
vt 0.923823 0.468345
vt 0.922982 0.468462
vt 0.919978 0.458132
vt 0.920819 0.458015
vt 0.261436 0.502739
vt 0.262757 0.506730
vt 0.239088 0.509312
vt 0.238487 0.506378
vt 0.239929 0.506025
vt 0.241130 0.508960
vt 0.723653 0.280762
vt 0.711397 0.280996
vt 0.711277 0.279823
vt 0.672589 0.285809
vt 0.672349 0.284401
vt 0.249901 0.507904
vt 0.248700 0.505556
vt 0.250983 0.504969
vt 0.167599 0.106678
vt 0.166157 0.102452
vt 0.166878 0.102687
vt 0.168440 0.106796
vt 0.659853 0.335816
vt 0.660694 0.336990
vt 0.660694 0.337107
vt 0.659733 0.335933
vt 0.160630 0.092240
vt 0.159548 0.087075
vt 0.160149 0.087075
vt 0.161351 0.092240
vt 0.205566 0.256111
vt 0.211453 0.259163
vt 0.478186 0.410591
vt 0.478066 0.412351
vt 0.477105 0.412351
vt 0.477465 0.410943
vt 0.894506 0.417399
vt 0.901355 0.424560
vt 0.301205 0.437472
vt 0.314302 0.434420
vt 0.259153 0.500274
vt 0.257230 0.501800
vt 0.254707 0.500039
vt 0.272369 0.525864
vt 0.272249 0.525629
vt 0.274892 0.523986
vt 0.275013 0.524338
vt 0.288349 0.530911
vt 0.286547 0.529033
vt 0.286667 0.528916
vt 0.288349 0.530794
vt 0.230677 0.373966
vt 0.232600 0.376783
vt 0.290752 0.533024
vt 0.289070 0.530207
vt 0.289310 0.529972
vt 0.291233 0.532907
vt 0.279458 0.528916
vt 0.279458 0.528564
vt 0.281140 0.529268
vt 0.281020 0.529503
vt 0.243293 0.502973
vt 0.244494 0.506025
vt 0.242452 0.506260
vt 0.241611 0.503091
vt 0.762461 0.369506
vt 0.754651 0.368097
vt 0.755492 0.364106
vt 0.763422 0.365632
vt 0.976809 0.527272
vt 0.974286 0.541476
vt 0.962391 0.525512
vt 0.702506 0.361993
vt 0.696258 0.362462
vt 0.696138 0.358589
vt 0.702506 0.358002
vt 0.421836 0.327129
vt 0.425801 0.323490
vt 0.415228 0.387583
vt 0.650001 0.392513
vt 0.646036 0.392748
vt 0.882731 0.424560
vt 0.743477 0.339689
vt 0.734466 0.338398
vt 0.903397 0.516590
vt 0.902436 0.525159
vt 0.900874 0.524925
vt 0.901835 0.516473
vt 0.263839 0.501800
vt 0.265280 0.506612
vt 0.263478 0.512364
vt 0.261796 0.511425
vt 0.960228 0.499452
vt 0.959627 0.486539
vt 0.960829 0.486657
vt 0.961430 0.499452
vt 0.277656 0.524220
vt 0.277656 0.524338
vt 0.275133 0.525394
vt 0.275133 0.525277
vt 0.872759 0.411530
vt 0.869034 0.404487
vt 0.870236 0.403547
vt 0.873960 0.410591
vt 0.405255 0.177110
vt 0.407178 0.172414
vt 0.405255 0.177697
vt 0.650962 0.320086
vt 0.650842 0.320086
vt 0.241731 0.500039
vt 0.243413 0.500156
vt 0.716684 0.335111
vt 0.845004 0.374084
vt 0.856418 0.361523
vt 0.167959 0.152341
vt 0.313100 0.472336
vt 0.327158 0.466466
vt 0.327398 0.467875
vt 0.313821 0.473627
vt 0.242812 0.497104
vt 0.409581 0.083436
vt 0.411143 0.086605
vt 0.411022 0.087779
vt 0.409460 0.083436
vt 0.488279 0.413173
vt 0.486717 0.414347
vt 0.485876 0.414112
vt 0.487318 0.412704
vt 0.251223 0.498395
vt 0.250622 0.499217
vt 0.249781 0.500039
vt 0.408740 0.167132
vt 0.410061 0.161263
vt 0.410302 0.161498
vt 0.408980 0.167484
vt 0.743477 0.340981
vt 0.734346 0.339924
vt 0.248219 0.500274
vt 0.579713 0.095761
vt 0.572744 0.094587
vt 0.572624 0.079327
vt 0.579713 0.080971
vt 0.492004 0.397443
vt 0.499213 0.392044
vt 0.499573 0.392748
vt 0.492724 0.397796
vt 0.479988 0.412586
vt 0.478306 0.423855
vt 0.477465 0.423973
vt 0.479027 0.412469
vt 0.542346 0.061015
vt 0.509545 0.383122
vt 0.514351 0.381948
vt 0.250382 0.510251
vt 0.245215 0.507904
vt 0.246537 0.505673
vt 0.247498 0.508021
vt 0.295078 0.276888
vt 0.303849 0.280996
vt 0.302166 0.290035
vt 0.290752 0.289800
vt 0.253265 0.504265
vt 0.251223 0.502152
vt 0.253145 0.501213
vt 0.255308 0.503091
vt 0.249180 0.502621
vt 0.248099 0.510251
vt 0.245816 0.510134
vt 0.243774 0.510486
vt 0.242933 0.508373
vt 0.301806 0.482196
vt 0.312139 0.470105
vt 0.686526 0.319969
vt 0.686286 0.319264
vt 0.951938 0.403078
vt 0.957825 0.413408
vt 0.248459 0.514947
vt 0.256029 0.514477
vt 0.417871 0.223008
vt 0.434091 0.215730
vt 0.426041 0.228994
vt 0.670667 0.330886
vt 0.952899 0.550280
vt 0.948453 0.562723
vt 0.951697 0.549928
vt 0.665500 0.316330
vt 0.168800 0.480670
vt 0.183218 0.486070
vt 0.183098 0.486657
vt 0.168560 0.481140
vt 0.312860 0.471866
vt 0.302527 0.483253
vt 0.302166 0.482900
vt 0.496329 0.439937
vt 0.502937 0.438763
vt 0.239929 0.511543
vt 0.241971 0.511425
vt 0.686526 0.284166
vt 0.672829 0.287218
vt 0.248339 0.512482
vt 0.246657 0.514595
vt 0.246297 0.512012
vt 0.284985 0.543472
vt 0.286066 0.541241
vt 0.286187 0.541241
vt 0.285105 0.543472
vt 0.662496 0.312808
vt 0.271288 0.536311
vt 0.271769 0.533963
vt 0.271889 0.534081
vt 0.271528 0.536428
vt 0.735548 0.316330
vt 0.745640 0.317621
vt 0.745640 0.318560
vt 0.735548 0.317151
vt 0.870836 0.370679
vt 0.870116 0.371266
vt 0.863988 0.365514
vt 0.747202 0.282170
vt 0.747202 0.283462
vt 0.244615 0.512716
vt 0.245215 0.515182
vt 0.794421 0.347789
vt 0.785890 0.345441
vt 0.792258 0.330416
vt 0.800909 0.333233
vt 0.570101 0.211269
vt 0.577670 0.211856
vt 0.577310 0.224886
vt 0.569500 0.224651
vt 0.664058 0.315391
vt 0.664659 0.316682
vt 0.665500 0.316447
vt 0.214938 0.253998
vt 0.224069 0.258811
vt 0.223709 0.259632
vt 0.214577 0.254585
vt 0.571423 0.153633
vt 0.578511 0.155980
vt 0.579833 0.171593
vt 0.632819 0.213617
vt 0.258552 0.515416
vt 0.259153 0.516238
vt 0.168800 0.265854
vt 0.161110 0.149172
vt 0.158467 0.149524
vt 0.157145 0.143303
vt 0.134798 0.319616
vt 0.257351 0.514829
vt 0.579353 0.040003
vt 0.570702 0.040120
vt 0.579713 0.110082
vt 0.579112 0.125460
vt 0.667422 0.323608
vt 0.668023 0.324899
vt 0.672829 0.333233
vt 0.673911 0.334759
vt 0.673070 0.334994
vt 0.671988 0.333585
vt 0.578391 0.185092
vt 0.577791 0.198709
vt 0.576950 0.237681
vt 0.576109 0.250124
vt 0.116775 0.333585
vt 0.116535 0.334407
vt 0.100074 0.334290
vt 0.100314 0.333585
vt 0.416429 0.221834
vt 0.417150 0.222421
vt 0.477345 0.397326
vt 0.473380 0.398735
vt 0.476504 0.395565
vt 0.442141 0.163610
vt 0.444304 0.152928
vt 0.525525 0.367862
vt 0.526006 0.378075
vt 0.525285 0.377840
vt 0.524804 0.367745
vt 0.325476 0.281114
vt 0.312379 0.282053
vt 0.312379 0.281349
vt 0.325235 0.280410
vt 0.333526 0.336051
vt 0.300004 0.363636
vt 0.297361 0.361523
vt 0.331483 0.333351
vt 0.478306 0.398382
vt 0.477225 0.397913
vt 0.229235 0.508491
vt 0.230077 0.501565
vt 0.234282 0.362697
vt 0.235003 0.362697
vt 0.234883 0.365749
vt 0.234402 0.365867
vt 0.260955 0.498513
vt 0.435533 0.373262
vt 0.438777 0.373614
vt 0.441541 0.411178
vt 0.438296 0.411882
vt 0.707793 0.336520
vt 0.226112 0.369975
vt 0.223468 0.368566
vt 0.223709 0.368097
vt 0.226352 0.369623
vt 0.436855 0.054559
vt 0.411623 0.085901
vt 0.373055 0.477853
vt 0.369691 0.479496
vt 0.379543 0.431251
vt 0.834791 0.346146
vt 0.826621 0.342272
vt 0.827102 0.341568
vt 0.835272 0.345559
vt 0.654566 0.331003
vt 0.957945 0.463062
vt 0.960709 0.474683
vt 0.959507 0.474801
vt 0.956624 0.463297
vt 0.251103 0.373379
vt 0.482512 0.398382
vt 0.481430 0.401317
vt 0.681600 0.495578
vt 0.681360 0.495813
vt 0.659733 0.462006
vt 0.659973 0.461888
vt 0.219263 0.238033
vt 0.435173 0.373262
vt 0.891622 0.405308
vt 0.889340 0.398735
vt 0.892223 0.405543
vt 0.235724 0.513303
vt 0.234642 0.510838
vt 0.237045 0.509899
vt 0.237886 0.512129
vt 0.204004 0.496400
vt 0.203884 0.496869
vt 0.236805 0.506847
vt 0.235123 0.507786
vt 0.230677 0.516355
vt 0.228274 0.513890
vt 0.231759 0.511895
vt 0.233080 0.514595
vt 0.669465 0.327833
vt 0.670306 0.327364
vt 0.670426 0.327364
vt 0.725695 0.315625
vt 0.725695 0.316447
vt 0.228154 0.517647
vt 0.225391 0.514008
vt 0.234282 0.503326
vt 0.396845 0.359880
vt 0.388434 0.370210
vt 0.578872 0.027795
vt 0.571423 0.029203
vt 0.207008 0.338633
vt 0.207488 0.338046
vt 0.571783 0.138255
vt 0.578511 0.140720
vt 0.437696 0.053855
vt 0.578031 0.501447
vt 0.578031 0.501917
vt 0.531653 0.505321
vt 0.531653 0.505086
vt 0.635342 0.331590
vt 0.635342 0.331355
vt 0.645796 0.392748
vt 0.645435 0.392748
vt 0.641590 0.362110
vt 0.641831 0.361993
vt 0.538141 0.253293
vt 0.235243 0.517764
vt 0.233681 0.519407
vt 0.459323 0.447802
vt 0.655167 0.320908
vt 0.655528 0.322668
vt 0.655287 0.322668
vt 0.655047 0.320908
vt 0.647838 0.320908
vt 0.648319 0.319264
vt 0.648439 0.319382
vt 0.647958 0.321025
vt 0.633780 0.339220
vt 0.635463 0.339103
vt 0.635463 0.339220
vt 0.633780 0.339455
vt 0.236324 0.499452
vt 0.235123 0.498982
vt 0.785049 0.374553
vt 0.777720 0.372792
vt 0.778681 0.368919
vt 0.786131 0.370679
vt 0.357676 0.363636
vt 0.357556 0.364810
vt 0.328840 0.371736
vt 0.170122 0.120295
vt 0.170002 0.115834
vt 0.566977 0.094001
vt 0.567097 0.078623
vt 0.491523 0.514829
vt 0.490802 0.511073
vt 0.166757 0.483957
vt 0.167839 0.097992
vt 0.167839 0.093296
vt 0.631738 0.335111
vt 0.633780 0.334759
vt 0.633780 0.336403
vt 0.631858 0.336637
vt 0.288710 0.536546
vt 0.289551 0.533376
vt 0.235603 0.502973
vt 0.665380 0.318090
vt 0.666221 0.317621
vt 0.667062 0.318912
vt 0.666101 0.319382
vt 0.643272 0.328068
vt 0.644354 0.327012
vt 0.644474 0.327129
vt 0.643393 0.328303
vt 0.623808 0.447567
vt 0.624169 0.447450
vt 0.627052 0.473157
vt 0.626692 0.473157
vt 0.669465 0.326073
vt 0.669585 0.326073
vt 0.285586 0.492996
vt 0.288710 0.492878
vt 0.288830 0.493348
vt 0.285466 0.493465
vt 0.544990 0.017465
vt 0.234162 0.498395
vt 0.233441 0.497339
vt 0.232840 0.496282
vt 0.701065 0.525746
vt 0.700944 0.525864
vt 0.578632 0.364693
vt 0.578872 0.364810
vt 0.564814 0.403195
vt 0.564454 0.403313
vt 0.336529 0.341568
vt 0.338572 0.344268
vt 0.307333 0.369506
vt 0.304690 0.367275
vt 0.421115 0.327716
vt 0.417751 0.330886
vt 0.621645 0.449093
vt 0.587282 0.436650
vt 0.588724 0.434772
vt 0.298202 0.478205
vt 0.310337 0.466349
vt 0.310697 0.466936
vt 0.298802 0.478792
vt 0.414507 0.387231
vt 0.411503 0.385587
vt 0.429886 0.413643
vt 0.433010 0.413056
vt 0.453315 0.448389
vt 0.449831 0.448858
vt 0.364164 0.482313
vt 0.360920 0.484192
vt 0.368129 0.425616
vt 0.371253 0.427142
vt 0.412464 0.149524
vt 0.612874 0.348376
vt 0.612874 0.348728
vt 0.495968 0.384883
vt 0.496329 0.385705
vt 0.167959 0.147646
vt 0.168800 0.142833
vt 0.462687 0.447567
vt 0.422917 0.391809
vt 0.426402 0.322786
vt 0.429646 0.319851
vt 0.450191 0.338985
vt 0.452835 0.340863
vt 0.645435 0.325486
vt 0.646396 0.324077
vt 0.646637 0.324195
vt 0.645555 0.325603
vt 0.446827 0.099518
vt 0.642431 0.424677
vt 0.642672 0.424677
vt 0.593290 0.428551
vt 0.591848 0.430429
vt 0.567338 0.402726
vt 0.557846 0.334524
vt 0.520479 0.324195
vt 0.520960 0.320908
vt 0.558206 0.331120
vt 0.411263 0.155511
vt 0.411503 0.155746
vt 0.758496 0.286396
vt 0.747082 0.284753
vt 0.250382 0.378544
vt 0.247018 0.380422
vt 0.227794 0.359293
vt 0.228034 0.359176
vt 0.231038 0.361171
vt 0.230797 0.361288
vt 0.521681 0.315743
vt 0.558807 0.326073
vt 0.327518 0.435946
vt 0.328119 0.436885
vt 0.315383 0.440055
vt 0.315143 0.438998
vt 0.521080 0.320673
vt 0.558206 0.330886
vt 0.844764 0.348846
vt 0.844403 0.349550
vt 0.480109 0.319030
vt 0.479988 0.318795
vt 0.265401 0.528798
vt 0.267683 0.528564
vt 0.267563 0.528916
vt 0.265521 0.529385
vt 0.643513 0.331590
vt 0.645435 0.330533
vt 0.645555 0.330768
vt 0.643633 0.331707
vt 0.433250 0.412938
vt 0.429766 0.372675
vt 0.430126 0.372675
vt 0.168199 0.120178
vt 0.169160 0.115834
vt 0.169160 0.120295
vt 0.426041 0.323138
vt 0.167959 0.142951
vt 0.167238 0.147881
vt 0.162552 0.148937
vt 0.162312 0.143420
vt 0.894626 0.346850
vt 0.887297 0.339337
vt 0.888138 0.338398
vt 0.895587 0.345911
vt 0.277656 0.527624
vt 0.277656 0.527507
vt 0.279698 0.527742
vt 0.656369 0.326542
vt 0.656849 0.328655
vt 0.655888 0.324429
vt 0.655768 0.324429
vt 0.436134 0.185092
vt 0.440459 0.174762
vt 0.304449 0.367040
vt 0.336289 0.341333
vt 0.414867 0.387348
vt 0.421475 0.327481
vt 0.158227 0.075571
vt 0.159789 0.081792
vt 0.159068 0.081792
vt 0.157506 0.075571
vt 0.899672 0.491117
vt 0.898831 0.482548
vt 0.289431 0.529620
vt 0.291713 0.531498
vt 0.927908 0.509195
vt 0.927067 0.519290
vt 0.927067 0.508960
vt 0.880328 0.426203
vt 0.876604 0.418573
vt 0.877805 0.417751
vt 0.881530 0.425381
vt 0.958546 0.512129
vt 0.957465 0.524807
vt 0.956263 0.524572
vt 0.957224 0.512012
vt 0.915773 0.371384
vt 0.909645 0.361875
vt 0.910606 0.361171
vt 0.916854 0.370679
vt 0.780724 0.291796
vt 0.791778 0.294613
vt 0.791537 0.295787
vt 0.780484 0.292970
vt 0.168560 0.102335
vt 0.169160 0.106678
vt 0.896068 0.550984
vt 0.481190 0.322199
vt 0.266242 0.401200
vt 0.266001 0.400848
vt 0.201361 0.265854
vt 0.193671 0.264915
vt 0.193791 0.264210
vt 0.502697 0.446863
vt 0.495608 0.447332
vt 0.336049 0.340981
vt 0.816048 0.360349
vt 0.823017 0.363871
vt 0.815207 0.361523
vt 0.734226 0.341450
vt 0.725695 0.340629
vt 0.876484 0.376901
vt 0.881650 0.383827
vt 0.881049 0.384414
vt 0.875883 0.377488
vt 0.802471 0.298487
vt 0.802111 0.299661
vt 0.925505 0.489239
vt 0.925985 0.499100
vt 0.925144 0.499100
vt 0.924664 0.489357
vt 0.302767 0.443224
vt 0.302407 0.442050
vt 0.333886 0.336755
vt 0.333766 0.336403
vt 0.828303 0.445454
vt 0.823377 0.442285
vt 0.825900 0.437942
vt 0.831187 0.440289
vt 0.609150 0.330651
vt 0.411022 0.506495
vt 0.205566 0.340863
vt 0.578391 0.364458
vt 0.575628 0.361758
vt 0.540544 0.460245
vt 0.537901 0.462710
vt 0.252424 0.363871
vt 0.254106 0.364341
vt 0.253746 0.366923
vt 0.252424 0.366453
vt 0.479868 0.318443
vt 0.478547 0.314451
vt 0.521681 0.315977
vt 0.521080 0.320321
vt 0.448750 0.489944
vt 0.286667 0.528798
vt 0.288469 0.530794
vt 0.497290 0.402843
vt 0.497651 0.405660
vt 0.496449 0.405660
vt 0.496089 0.403078
vt 0.434812 0.373144
vt 0.430367 0.372675
vt 0.433611 0.412821
vt 0.206647 0.248715
vt 0.206407 0.249420
vt 0.851372 0.389579
vt 0.852093 0.388522
vt 0.858581 0.393687
vt 0.445145 0.486539
vt 0.445505 0.486774
vt 0.410782 0.501682
vt 0.410782 0.501330
vt 0.368970 0.479848
vt 0.369330 0.479614
vt 0.169160 0.138255
vt 0.170002 0.138372
vt 0.798506 0.378662
vt 0.791898 0.376431
vt 0.793220 0.372558
vt 0.799828 0.374788
vt 0.857019 0.360819
vt 0.850171 0.356358
vt 0.850651 0.355537
vt 0.857620 0.360115
vt 0.647237 0.322551
vt 0.647357 0.322551
vt 0.255308 0.230638
vt 0.288349 0.251650
vt 0.287989 0.252237
vt 0.255068 0.231225
vt 0.540424 0.343681
vt 0.541025 0.343915
vt 0.537540 0.348259
vt 0.536819 0.348024
vt 0.866631 0.406482
vt 0.863507 0.399322
vt 0.867833 0.405543
vt 0.378702 0.382535
vt 0.387473 0.369271
vt 0.378822 0.383005
vt 0.455718 0.109143
vt 0.649520 0.316095
vt 0.649160 0.317621
vt 0.649040 0.317621
vt 0.159909 0.092122
vt 0.158828 0.087075
vt 0.158347 0.156098
vt 0.140685 0.135673
vt 0.155103 0.161732
vt 0.397085 0.360115
vt 0.398046 0.360936
vt 0.389636 0.371266
vt 0.388795 0.370562
vt 0.150177 0.165371
vt 0.144169 0.167132
vt 0.804514 0.380892
vt 0.806196 0.376901
vt 0.137921 0.166545
vt 0.132515 0.163610
vt 0.128670 0.158915
vt 0.126868 0.153046
vt 0.170002 0.133912
vt 0.170242 0.129334
vt 0.411022 0.155276
vt 0.127468 0.147059
vt 0.130232 0.141542
vt 0.134798 0.137668
vt 0.631978 0.322786
vt 0.633180 0.322199
vt 0.639067 0.330181
vt 0.637145 0.330768
vt 0.453916 0.448389
vt 0.146692 0.135673
vt 0.152580 0.138255
vt 0.078207 0.283814
vt 0.077967 0.283344
vt 0.079889 0.281701
vt 0.080370 0.282170
vt 0.161231 0.155746
vt 0.566256 0.139194
vt 0.158467 0.137903
vt 0.158707 0.133090
vt 0.161831 0.132973
vt 0.519157 0.387700
vt 0.523963 0.384061
vt 0.526006 0.386174
vt 0.520719 0.391339
vt 0.284745 0.527272
vt 0.285345 0.526685
vt 0.287268 0.528329
vt 0.686166 0.280410
vt 0.672108 0.283109
vt 0.670066 0.267614
vt 0.684364 0.265619
vt 0.231999 0.363871
vt 0.233681 0.363049
vt 0.233921 0.366101
vt 0.953740 0.439820
vt 0.963352 0.424090
vt 0.967557 0.435711
vt 0.865430 0.451441
vt 0.862186 0.444633
vt 0.865790 0.442872
vt 0.869154 0.449915
vt 0.156785 0.101631
vt 0.156665 0.096818
vt 0.159789 0.096935
vt 0.159909 0.101748
vt 0.667422 0.323725
vt 0.453676 0.448389
vt 0.820013 0.335933
vt 0.832749 0.309521
vt 0.161591 0.106326
vt 0.162312 0.110904
vt 0.161471 0.110787
vt 0.160870 0.106326
vt 0.781325 0.289448
vt 0.781084 0.290622
vt 0.161831 0.149055
vt 0.751888 0.344033
vt 0.760899 0.343563
vt 0.760659 0.345089
vt 0.751648 0.345207
vt 0.161591 0.119708
vt 0.160990 0.119708
vt 0.272730 0.531733
vt 0.272850 0.531850
vt 0.271648 0.533846
vt 0.161951 0.115247
vt 0.161231 0.115247
vt 0.169281 0.133794
vt 0.608789 0.325603
vt 0.158347 0.081792
vt 0.168680 0.111256
vt 0.204364 0.267028
vt 0.495968 0.444985
vt 0.502457 0.444515
vt 0.162312 0.119708
vt 0.659973 0.339455
vt 0.657931 0.338163
vt 0.658051 0.337929
vt 0.660093 0.339337
vt 0.163033 0.124286
vt 0.161951 0.155628
vt 0.162552 0.155511
vt 0.449591 0.338516
vt 0.449951 0.338750
vt 0.478427 0.314099
vt 0.445385 0.335581
vt 0.445145 0.335346
vt 0.163754 0.077567
vt 0.164475 0.083084
vt 0.166757 0.153163
vt 0.168560 0.124521
vt 0.646637 0.328773
vt 0.647838 0.327129
vt 0.647958 0.327247
vt 0.646757 0.328890
vt 0.168560 0.129099
vt 0.162312 0.106443
vt 0.666581 0.320673
vt 0.665981 0.319382
vt 0.609270 0.321964
vt 0.608909 0.325251
vt 0.609270 0.330886
vt 0.610231 0.334290
vt 0.845365 0.385118
vt 0.839718 0.380188
vt 0.840679 0.379131
vt 0.846326 0.383944
vt 0.210132 0.240498
vt 0.210492 0.239911
vt 0.165316 0.083553
vt 0.169281 0.124638
vt 0.169401 0.129216
vt 0.654927 0.319147
vt 0.654807 0.319147
vt 0.164715 0.078506
vt 0.655407 0.320908
vt 0.655648 0.322668
vt 0.652764 0.320556
vt 0.652884 0.322551
vt 0.287388 0.527977
vt 0.287508 0.527742
vt 0.897630 0.533024
vt 0.167358 0.152694
vt 0.891622 0.549106
vt 0.894266 0.541006
vt 0.807157 0.359997
vt 0.799467 0.357532
vt 0.800068 0.356124
vt 0.807878 0.358589
vt 0.170122 0.124756
vt 0.667663 0.320321
vt 0.667182 0.318795
vt 0.169521 0.111256
vt 0.886456 0.391339
vt 0.890181 0.398382
vt 0.885615 0.391691
vt 0.444785 0.335111
vt 0.478306 0.313747
vt 0.656128 0.324429
vt 0.156785 0.092122
vt 0.956624 0.451324
vt 0.970681 0.447567
vt 0.155584 0.082379
vt 0.154262 0.076627
vt 0.156785 0.075806
vt 0.563012 0.223947
vt 0.563613 0.210800
vt 0.157626 0.106326
vt 0.804153 0.294026
vt 0.797185 0.276653
vt 0.808479 0.280410
vt 0.746722 0.367040
vt 0.738551 0.365162
vt 0.739272 0.361171
vt 0.747442 0.363167
vt 0.774837 0.326190
vt 0.342176 0.410356
vt 0.344820 0.415990
vt 0.411383 0.086605
vt 0.444905 0.486305
vt 0.410662 0.500978
vt 0.639668 0.332998
vt 0.641590 0.332294
vt 0.641590 0.332529
vt 0.639788 0.333116
vt 0.652644 0.318443
vt 0.652644 0.320438
vt 0.652524 0.320438
vt 0.652524 0.318325
vt 0.887057 0.390752
vt 0.257831 0.363284
vt 0.258071 0.363401
vt 0.256990 0.365867
vt 0.342417 0.415051
vt 0.342056 0.414934
vt 0.340014 0.412351
vt 0.340374 0.412117
vt 0.451873 0.492526
vt 0.411263 0.510838
vt 0.491763 0.402491
vt 0.491763 0.405073
vt 0.286427 0.484544
vt 0.287628 0.485365
vt 0.407298 0.172767
vt 0.405135 0.178284
vt 0.409701 0.078975
vt 0.409821 0.078858
vt 0.430967 0.040238
vt 0.431808 0.039768
vt 0.447548 0.048103
vt 0.245095 0.358354
vt 0.245696 0.357650
vt 0.250502 0.360936
vt 0.249541 0.360819
vt 0.262517 0.396739
vt 0.259994 0.394509
vt 0.493926 0.403313
vt 0.494166 0.405543
vt 0.613355 0.343211
vt 0.613595 0.340746
vt 0.648078 0.357884
vt 0.646036 0.359176
vt 0.578632 0.510251
vt 0.578872 0.508021
vt 0.615638 0.508256
vt 0.616719 0.510603
vt 0.410782 0.497456
vt 0.442141 0.483839
vt 0.272129 0.525394
vt 0.274772 0.523751
vt 0.267804 0.404252
vt 0.438657 0.053268
vt 0.442502 0.064889
vt 0.907002 0.508138
vt 0.426402 0.372323
vt 0.444424 0.221951
vt 0.477585 0.310695
vt 0.441901 0.332646
vt 0.467974 0.025212
vt 0.456920 0.030495
vt 0.438417 0.235216
vt 0.646997 0.329007
vt 0.648198 0.327247
vt 0.649881 0.328068
vt 0.648319 0.329946
vt 0.378582 0.382066
vt 0.386992 0.368919
vt 0.326677 0.433950
vt 0.326196 0.433011
vt 0.334847 0.423620
vt 0.335808 0.424325
vt 0.442141 0.034838
vt 0.432649 0.039299
vt 0.478547 0.016056
vt 0.184540 0.495343
vt 0.184419 0.493700
vt 0.203644 0.494874
vt 0.395643 0.358589
vt 0.395884 0.358941
vt 0.301926 0.440759
vt 0.301806 0.440407
vt 0.314782 0.437237
vt 0.314902 0.437707
vt 0.081211 0.333585
vt 0.081091 0.333116
vt 0.100314 0.333116
vt 0.157746 0.119591
vt 0.157987 0.114895
vt 0.613235 0.503678
vt 0.613115 0.503443
vt 0.325355 0.431603
vt 0.324995 0.431368
vt 0.332204 0.422681
vt 0.818331 0.356358
vt 0.826261 0.342859
vt 0.834431 0.346967
vt 0.337010 0.425733
vt 0.337370 0.425968
vt 0.327398 0.435594
vt 0.283063 0.542767
vt 0.284625 0.540889
vt 0.284745 0.540889
vt 0.283183 0.542885
vt 0.525525 0.461654
vt 0.520599 0.457310
vt 0.521080 0.456723
vt 0.526006 0.461067
vt 0.394201 0.357415
vt 0.394442 0.357650
vt 0.385551 0.367862
vt 0.385310 0.367510
vt 0.378342 0.379953
vt 0.378221 0.379483
vt 0.370171 0.372558
vt 0.378101 0.378192
vt 0.378101 0.378779
vt 0.369811 0.372792
vt 0.689650 0.337224
vt 0.689290 0.335698
vt 0.082172 0.283579
vt 0.083734 0.264210
vt 0.084335 0.264093
vt 0.368970 0.373497
vt 0.368609 0.373731
vt 0.384830 0.367158
vt 0.384589 0.366923
vt 0.393360 0.356828
vt 0.393721 0.357063
vt 0.080970 0.225473
vt 0.079168 0.205869
vt 0.079769 0.205869
vt 0.081571 0.225356
vt 0.339533 0.414934
vt 0.338212 0.413760
vt 0.338452 0.413408
vt 0.339894 0.414816
vt 0.337731 0.414112
vt 0.299043 0.479261
vt 0.298562 0.478792
vt 0.325596 0.431955
vt 0.325836 0.432424
vt 0.287148 0.536428
vt 0.287748 0.533963
vt 0.287869 0.533963
vt 0.255308 0.368566
vt 0.253265 0.371149
vt 0.253265 0.371032
vt 0.384229 0.366688
vt 0.377981 0.377723
vt 0.340374 0.414816
vt 0.341696 0.414934
vt 0.978010 0.485600
vt 0.963352 0.486539
vt 0.838877 0.369388
vt 0.842601 0.352602
vt 0.849690 0.357180
vt 0.978010 0.513303
vt 0.963472 0.512482
vt 0.825660 0.395213
vt 0.820734 0.390165
vt 0.823497 0.387348
vt 0.828664 0.392278
vt 0.256870 0.370562
vt 0.698541 0.278884
vt 0.238487 0.381009
vt 0.238487 0.381244
vt 0.252905 0.358354
vt 0.253386 0.358354
vt 0.254227 0.361406
vt 0.253986 0.361288
vt 0.715843 0.316564
vt 0.725695 0.317269
vt 0.725695 0.318090
vt 0.715843 0.317386
vt 0.531172 0.379014
vt 0.526847 0.387113
vt 0.526487 0.386644
vt 0.530451 0.378662
vt 0.920579 0.468814
vt 0.955422 0.451558
vt 0.167238 0.088836
vt 0.635823 0.334407
vt 0.635823 0.336285
vt 0.851132 0.294613
vt 0.861224 0.299191
vt 0.235003 0.380070
vt 0.238367 0.383357
vt 0.785650 0.273132
vt 0.156064 0.087427
vt 0.235603 0.276066
vt 0.228274 0.270901
vt 0.231759 0.266793
vt 0.238127 0.272779
vt 0.870716 0.465175
vt 0.868433 0.458132
vt 0.872158 0.456841
vt 0.874561 0.464001
vt 0.541986 0.344502
vt 0.538502 0.348728
vt 0.640509 0.315038
vt 0.647718 0.320790
vt 0.898231 0.343328
vt 0.890541 0.335464
vt 0.900153 0.324429
vt 0.908804 0.332764
vt 0.259633 0.301774
vt 0.234762 0.276771
vt 0.235243 0.276418
vt 0.260234 0.301304
vt 0.871317 0.304239
vt 0.881169 0.310108
vt 0.546792 0.461536
vt 0.546191 0.462123
vt 0.541986 0.458015
vt 0.542346 0.457428
vt 0.258192 0.481961
vt 0.258071 0.482431
vt 0.229356 0.476562
vt 0.668984 0.324664
vt 0.669946 0.322668
vt 0.670306 0.324077
vt 0.819412 0.284048
vt 0.830106 0.287218
vt 0.529731 0.378662
vt 0.158347 0.110552
vt 0.629455 0.337107
vt 0.629215 0.335229
vt 0.665500 0.312808
vt 0.329200 0.371853
vt 0.319228 0.394157
vt 0.318747 0.393922
vt 0.747563 0.279705
vt 0.736148 0.264093
vt 0.749125 0.264797
vt 0.253145 0.236390
vt 0.242452 0.238738
vt 0.241611 0.233925
vt 0.905199 0.351663
vt 0.904238 0.352485
vt 0.897390 0.344150
vt 0.671988 0.333703
vt 0.672949 0.334994
vt 0.672829 0.334994
vt 0.754772 0.320438
vt 0.764263 0.321964
vt 0.078447 0.279940
vt 0.078808 0.263623
vt 0.079288 0.263741
vt 0.078928 0.280410
vt 0.337491 0.414347
vt 0.802591 0.350372
vt 0.810521 0.353189
vt 0.809920 0.354480
vt 0.801991 0.351780
vt 0.961069 0.525277
vt 0.962271 0.512364
vt 0.882131 0.328773
vt 0.881289 0.329712
vt 0.962150 0.486657
vt 0.803673 0.295200
vt 0.923222 0.379835
vt 0.922140 0.380422
vt 0.962631 0.499452
vt 0.963833 0.499452
vt 0.911687 0.360467
vt 0.917815 0.369975
vt 0.285946 0.538659
vt 0.286066 0.538776
vt 0.898471 0.455667
vt 0.889700 0.336520
vt 0.711277 0.278531
vt 0.759217 0.281583
vt 0.770631 0.284401
vt 0.770391 0.285575
vt 0.758977 0.282757
vt 0.777720 0.343446
vt 0.785410 0.346967
vt 0.776999 0.345089
vt 0.835152 0.304004
vt 0.914331 0.448741
vt 0.913610 0.448976
vt 0.311658 0.395683
vt 0.954221 0.451793
vt 0.824218 0.303182
vt 0.814486 0.301187
vt 0.961069 0.512247
vt 0.837915 0.370562
vt 0.896428 0.345089
vt 0.888859 0.337459
vt 0.880569 0.330768
vt 0.764384 0.321142
vt 0.774837 0.323490
vt 0.774837 0.324429
vt 0.921059 0.381127
vt 0.959868 0.525159
vt 0.925985 0.391105
vt 0.747322 0.280996
vt 0.942085 0.419629
vt 0.903277 0.353306
vt 0.287148 0.531616
vt 0.902075 0.473040
vt 0.903758 0.481727
vt 0.830586 0.366923
vt 0.944008 0.576222
vt 0.949655 0.563192
vt 0.637505 0.319382
vt 0.638346 0.318560
vt 0.645315 0.325368
vt 0.644234 0.326777
vt 0.844043 0.350372
vt 0.851252 0.354832
vt 0.843683 0.351193
vt 0.028224 0.325721
vt 0.046968 0.294496
vt 0.047328 0.294965
vt 0.028825 0.325838
vt 0.357556 0.361993
vt 0.892944 0.405660
vt 0.924904 0.391691
vt 0.920098 0.381714
vt 0.853415 0.387348
vt 0.959747 0.512129
vt 0.080129 0.244372
vt 0.079529 0.244372
vt 0.077606 0.225825
vt 0.078207 0.225708
vt 0.958185 0.475036
vt 0.774837 0.325251
vt 0.955422 0.463532
vt 0.760178 0.346733
vt 0.751287 0.346380
vt 0.940884 0.420099
vt 0.283183 0.529503
vt 0.283183 0.529385
vt 0.735548 0.281231
vt 0.735427 0.282522
vt 0.723653 0.281936
vt 0.914811 0.372088
vt 0.908804 0.362697
vt 0.879848 0.331707
vt 0.956503 0.537837
vt 0.958666 0.524925
vt 0.650001 0.328186
vt 0.648439 0.329946
vt 0.273210 0.528329
vt 0.272730 0.526920
vt 0.275133 0.525512
vt 0.275253 0.526803
vt 0.823738 0.304356
vt 0.813885 0.302009
vt 0.231759 0.363988
vt 0.231638 0.364106
vt 0.223468 0.268201
vt 0.219864 0.264915
vt 0.227914 0.262332
vt 0.978491 0.499334
vt 0.316584 0.394391
vt 0.340855 0.411764
vt 0.271648 0.530207
vt 0.271769 0.530324
vt 0.270567 0.532085
vt 0.339653 0.412586
vt 0.315023 0.394744
vt 0.833229 0.308465
vt 0.823257 0.305530
vt 0.833710 0.307291
vt 0.843202 0.311399
vt 0.852574 0.316095
vt 0.861465 0.321495
vt 0.759698 0.348259
vt 0.750927 0.347554
vt 0.735427 0.283696
vt 0.258312 0.363636
vt 0.915773 0.556971
vt 0.919497 0.547932
vt 0.920218 0.548284
vt 0.916373 0.557323
vt 0.699382 0.340276
vt 0.690732 0.341685
vt 0.690371 0.340159
vt 0.699142 0.338750
vt 0.897990 0.491235
vt 0.172885 0.268436
vt 0.949054 0.441111
vt 0.945810 0.430077
vt 0.044084 0.369506
vt 0.064269 0.352367
vt 0.044325 0.369975
vt 0.812564 0.303769
vt 0.802471 0.329594
vt 0.793580 0.326660
vt 0.699022 0.282640
vt 0.956984 0.475153
vt 0.954100 0.463766
vt 0.897269 0.482783
vt 0.232720 0.371266
vt 0.232840 0.371149
vt 0.234642 0.373731
vt 0.234642 0.373849
vt 0.951697 0.452380
vt 0.953019 0.452145
vt 0.852213 0.353306
vt 0.851733 0.354011
vt 0.040240 0.363871
vt 0.027624 0.325603
vt 0.326437 0.368919
vt 0.357435 0.361523
vt 0.517235 0.365984
vt 0.520359 0.356124
vt 0.521080 0.356476
vt 0.490802 0.510721
vt 0.778802 0.457662
vt 0.783728 0.459188
vt 0.782526 0.464706
vt 0.776879 0.463062
vt 0.766546 0.457780
vt 0.769670 0.452967
vt 0.774116 0.455549
vt 0.771593 0.460714
vt 0.955782 0.475388
vt 0.952899 0.464001
vt 0.950496 0.452615
vt 0.153781 0.471397
vt 0.152700 0.472688
vt 0.249300 0.370914
vt 0.251103 0.368919
vt 0.252064 0.369623
vt 0.250021 0.371736
vt 0.925505 0.478909
vt 0.954100 0.537250
vt 0.925505 0.529268
vt 0.932594 0.411530
vt 0.938481 0.421038
vt 0.915052 0.439468
vt 0.944368 0.430664
vt 0.947853 0.441463
vt 0.918055 0.448272
vt 0.753330 0.416812
vt 0.753089 0.421977
vt 0.747322 0.422094
vt 0.747683 0.416225
vt 0.929950 0.362228
vt 0.935717 0.372558
vt 0.865790 0.363636
vt 0.886456 0.340276
vt 0.893785 0.347789
vt 0.716804 0.341333
vt 0.708153 0.341215
vt 0.941124 0.382888
vt 0.491162 0.407304
vt 0.493686 0.407773
vt 0.359959 0.363049
vt 0.360079 0.362815
vt 0.367648 0.374671
vt 0.367408 0.375023
vt 0.922381 0.538659
vt 0.923102 0.538894
vt 0.491523 0.515064
vt 0.456800 0.525042
vt 0.456800 0.524690
vt 0.924784 0.478909
vt 0.833830 0.375375
vt 0.834912 0.374318
vt 0.939682 0.420568
vt 0.927187 0.402491
vt 0.764624 0.320321
vt 0.774837 0.322668
vt 0.897269 0.474214
vt 0.919017 0.382301
vt 0.923823 0.392161
vt 0.922621 0.392748
vt 0.917935 0.383005
vt 0.901475 0.355067
vt 0.902316 0.354128
vt 0.859302 0.358002
vt 0.788293 0.465645
vt 0.788774 0.460010
vt 0.793940 0.460245
vt 0.794181 0.465879
vt 0.699623 0.341802
vt 0.691212 0.343094
vt 0.819653 0.336637
vt 0.860864 0.322551
vt 0.900514 0.355889
vt 0.813164 0.302830
vt 0.226592 0.369036
vt 0.228875 0.371266
vt 0.228515 0.371736
vt 0.275373 0.527038
vt 0.277656 0.526098
vt 0.277536 0.527390
vt 0.853174 0.314921
vt 0.361761 0.361641
vt 0.362121 0.361406
vt 0.334126 0.423268
vt 0.334487 0.423386
vt 0.326076 0.432777
vt 0.315023 0.438646
vt 0.926226 0.508843
vt 0.925385 0.508725
vt 0.326797 0.434303
vt 0.327038 0.434655
vt 0.784449 0.325368
vt 0.784449 0.324664
vt 0.769550 0.289213
vt 0.534416 0.464823
vt 0.537781 0.469284
vt 0.851973 0.424442
vt 0.848849 0.418925
vt 0.851853 0.416812
vt 0.855097 0.422094
vt 0.644354 0.333585
vt 0.646516 0.332529
vt 0.646637 0.332646
vt 0.302287 0.441698
vt 0.848248 0.411530
vt 0.844043 0.406365
vt 0.694937 0.314921
vt 0.704789 0.313747
vt 0.704909 0.314569
vt 0.705029 0.315273
vt 0.917455 0.458367
vt 0.915052 0.448506
vt 0.918176 0.458132
vt 0.532254 0.379249
vt 0.527448 0.387818
vt 0.242452 0.374905
vt 0.244975 0.374201
vt 0.242332 0.376197
vt 0.327518 0.468462
vt 0.314182 0.474096
vt 0.698902 0.337342
vt 0.613355 0.343563
vt 0.645796 0.359293
vt 0.709235 0.357767
vt 0.201721 0.490296
vt 0.514351 0.449563
vt 0.522882 0.453789
vt 0.513150 0.452967
vt 0.697700 0.264093
vt 0.710676 0.263741
vt 0.203403 0.489122
vt 0.083253 0.264210
vt 0.081451 0.264093
vt 0.080730 0.244372
vt 0.082412 0.244372
vt 0.495248 0.403313
vt 0.493686 0.401552
vt 0.494286 0.401317
vt 0.495848 0.402961
vt 0.311178 0.467992
vt 0.326317 0.461536
vt 0.311899 0.469518
vt 0.240169 0.374671
vt 0.239809 0.375844
vt 0.876964 0.493817
vt 0.875883 0.486539
vt 0.879968 0.485835
vt 0.881169 0.493348
vt 0.874801 0.479379
vt 0.878887 0.478440
vt 0.858221 0.251767
vt 0.876964 0.521638
vt 0.877685 0.514829
vt 0.881770 0.515064
vt 0.880929 0.521990
vt 0.533455 0.345559
vt 0.532854 0.345089
vt 0.536819 0.340746
vt 0.537300 0.341215
vt 0.138402 0.460597
vt 0.139483 0.459306
vt 0.855217 0.431133
vt 0.858581 0.429138
vt 0.281501 0.528564
vt 0.845365 0.413760
vt 0.868914 0.414230
vt 0.865430 0.407421
vt 0.685565 0.317269
vt 0.850531 0.390635
vt 0.895948 0.416695
vt 0.784569 0.323842
vt 0.870476 0.326777
vt 0.950616 0.549576
vt 0.881530 0.501095
vt 0.792138 0.385353
vt 0.792018 0.379718
vt 0.798146 0.380188
vt 0.797545 0.385705
vt 0.077366 0.282053
vt 0.077726 0.282875
vt 0.043484 0.288979
vt 0.765585 0.449798
vt 0.761860 0.454141
vt 0.831307 0.406013
vt 0.833109 0.411530
vt 0.827342 0.412704
vt 0.825660 0.407773
vt 0.369330 0.373144
vt 0.361280 0.361758
vt 0.357195 0.359645
vt 0.357075 0.359058
vt 0.204485 0.491704
vt 0.229476 0.477383
vt 0.204845 0.492526
vt 0.816409 0.457897
vt 0.812924 0.453319
vt 0.816889 0.450150
vt 0.820854 0.454258
vt 0.893545 0.466349
vt 0.895107 0.465879
vt 0.895587 0.474566
vt 0.684964 0.493583
vt 0.685205 0.493465
vt 0.704789 0.523281
vt 0.704549 0.523399
vt 0.879127 0.332764
vt 0.878286 0.333820
vt 0.869755 0.327833
vt 0.833229 0.434655
vt 0.827703 0.433129
vt 0.761860 0.446041
vt 0.757775 0.449915
vt 0.883092 0.382770
vt 0.882371 0.383357
vt 0.742997 0.342859
vt 0.742516 0.344737
vt 0.800308 0.465292
vt 0.799107 0.459893
vt 0.804033 0.458249
vt 0.806076 0.463414
vt 0.870236 0.413291
vt 0.753450 0.427259
vt 0.747803 0.427964
vt 0.274892 0.531146
vt 0.273571 0.532672
vt 0.653125 0.316212
vt 0.653005 0.316095
vt 0.828784 0.400613
vt 0.823377 0.402961
vt 0.820373 0.398500
vt 0.816649 0.394391
vt 0.802832 0.386644
vt 0.807878 0.388405
vt 0.786852 0.385587
vt 0.786131 0.379953
vt 0.791658 0.355067
vt 0.783608 0.352954
vt 0.919017 0.458132
vt 0.916133 0.448506
vt 0.917094 0.448389
vt 0.754171 0.411530
vt 0.748524 0.410356
vt 0.750206 0.404487
vt 0.755613 0.406482
vt 0.336169 0.424677
vt 0.790817 0.422329
vt 0.117376 0.328655
vt 0.101035 0.329125
vt 0.101276 0.328538
vt 0.117256 0.328068
vt 0.808599 0.456019
vt 0.820373 0.446393
vt 0.100074 0.334759
vt 0.081451 0.334407
vt 0.828544 0.428081
vt 0.336409 0.424912
vt 0.828784 0.422916
vt 0.828424 0.417751
vt 0.158828 0.128629
vt 0.472539 0.411178
vt 0.471338 0.424677
vt 0.470617 0.424677
vt 0.471698 0.411178
vt 0.343017 0.415286
vt 0.812564 0.390870
vt 0.650241 0.392513
vt 0.647357 0.424207
vt 0.647117 0.424207
vt 0.824939 0.450150
vt 0.631858 0.336872
vt 0.629455 0.337342
vt 0.811482 0.460949
vt 0.100915 0.329946
vt 0.872879 0.421155
vt 0.080610 0.205869
vt 0.082412 0.225356
vt 0.359478 0.364341
vt 0.359238 0.364693
vt 0.357676 0.363284
vt 0.792258 0.353541
vt 0.326437 0.456841
vt 0.345541 0.458367
vt 0.345300 0.460010
vt 0.326196 0.458484
vt 0.834311 0.428785
vt 0.758616 0.441933
vt 0.754051 0.445219
vt 0.725455 0.342155
vt 0.723533 0.358706
vt 0.716203 0.358119
vt 0.784088 0.351428
vt 0.079048 0.286044
vt 0.336770 0.425381
vt 0.834671 0.423034
vt 0.771112 0.367393
vt 0.205326 0.493583
vt 0.043123 0.288509
vt 0.077246 0.281466
vt 0.769310 0.290505
vt 0.758256 0.287687
vt 0.650722 0.322082
vt 0.650602 0.321964
vt 0.493565 0.411295
vt 0.491523 0.412234
vt 0.491042 0.411647
vt 0.493085 0.410591
vt 0.908443 0.432307
vt 0.901835 0.423973
vt 0.634381 0.321612
vt 0.640509 0.329477
vt 0.314662 0.436885
vt 0.735427 0.284988
vt 0.746962 0.285927
vt 0.764864 0.319499
vt 0.774837 0.321847
vt 0.887657 0.390165
vt 0.754892 0.319616
vt 0.822776 0.306704
vt 0.811602 0.332294
vt 0.814486 0.362815
vt 0.955302 0.537485
vt 0.887778 0.450737
vt 0.884534 0.443107
vt 0.730982 0.359997
vt 0.733986 0.343094
vt 0.081691 0.283344
vt 0.914331 0.439702
vt 0.895347 0.416812
vt 0.259393 0.360702
vt 0.259754 0.360936
vt 0.635703 0.336403
vt 0.633660 0.336637
vt 0.301686 0.439937
vt 0.650842 0.326425
vt 0.266722 0.531381
vt 0.268765 0.530207
vt 0.268885 0.530324
vt 0.266842 0.531498
vt 0.470016 0.399439
vt 0.271648 0.530090
vt 0.715482 0.315038
vt 0.715603 0.315743
vt 0.370532 0.372088
vt 0.362482 0.361288
vt 0.253025 0.376314
vt 0.252665 0.375962
vt 0.889219 0.450150
vt 0.496930 0.387113
vt 0.510867 0.386292
vt 0.511227 0.387113
vt 0.497290 0.387700
vt 0.275253 0.526920
vt 0.277656 0.525981
vt 0.811002 0.333820
vt 0.811242 0.333116
vt 0.819292 0.337342
vt 0.827462 0.340863
vt 0.138282 0.313278
vt 0.847407 0.382770
vt 0.921540 0.538424
vt 0.671387 0.332294
vt 0.671267 0.332294
vt 0.280299 0.524925
vt 0.834191 0.417282
vt 0.801510 0.331825
vt 0.792859 0.328890
vt 0.165436 0.079093
vt 0.166277 0.084140
vt 0.659973 0.335581
vt 0.660814 0.336872
vt 0.229476 0.365867
vt 0.229356 0.365984
vt 0.942806 0.575635
vt 0.234522 0.373966
vt 0.232600 0.371384
vt 0.245816 0.378779
vt 0.241371 0.380657
vt 0.242092 0.378544
vt 0.337250 0.414699
vt 0.311418 0.396035
vt 0.338812 0.413173
vt 0.918776 0.547697
vt 0.915172 0.556619
vt 0.913610 0.440055
vt 0.083013 0.225238
vt 0.085055 0.244020
vt 0.084455 0.244020
vt 0.835753 0.344854
vt 0.894866 0.417164
vt 0.640269 0.335111
vt 0.638346 0.336051
vt 0.638346 0.335816
vt 0.640269 0.334994
vt 0.907722 0.432777
vt 0.690011 0.338633
vt 0.920819 0.538189
vt 0.327038 0.465879
vt 0.235603 0.372205
vt 0.235603 0.372323
vt 0.277896 0.522342
vt 0.280660 0.523751
vt 0.280540 0.524103
vt 0.277776 0.522929
vt 0.818932 0.337929
vt 0.810641 0.334524
vt 0.287508 0.539011
vt 0.286307 0.541359
vt 0.652764 0.322551
vt 0.652884 0.324781
vt 0.652644 0.324664
vt 0.652524 0.322551
vt 0.923102 0.528681
vt 0.924664 0.518938
vt 0.327398 0.370092
vt 0.527328 0.359645
vt 0.524084 0.367510
vt 0.526607 0.359293
vt 0.784449 0.326894
vt 0.784449 0.326190
vt 0.792499 0.329712
vt 0.801270 0.332529
vt 0.273210 0.528564
vt 0.273210 0.528446
vt 0.843322 0.352015
vt 0.516995 0.440876
vt 0.503177 0.437707
vt 0.517595 0.439937
vt 0.783968 0.327716
vt 0.253986 0.358471
vt 0.259033 0.360467
vt 0.254587 0.361523
vt 0.905440 0.508021
vt 0.904959 0.516708
vt 0.245456 0.377018
vt 0.370772 0.372088
vt 0.920098 0.537954
vt 0.922381 0.528564
vt 0.666461 0.320790
vt 0.665861 0.319499
vt 0.250021 0.371853
vt 0.228995 0.473862
vt 0.314422 0.435829
vt 0.327278 0.435242
vt 0.686767 0.320673
vt 0.080249 0.263976
vt 0.078687 0.244372
vt 0.923943 0.518821
vt 0.923102 0.518703
vt 0.919738 0.469049
vt 0.916734 0.458719
vt 0.921540 0.528329
vt 0.271048 0.536076
vt 0.784929 0.348493
vt 0.793820 0.349198
vt 0.793340 0.350606
vt 0.512309 0.390635
vt 0.565776 0.153163
vt 0.641710 0.332646
vt 0.643633 0.331942
vt 0.642191 0.334290
vt 0.378462 0.380540
vt 0.265881 0.529972
vt 0.267924 0.529268
vt 0.385911 0.368097
vt 0.716684 0.333585
vt 0.639788 0.316330
vt 0.646997 0.322434
vt 0.906521 0.516942
vt 0.544869 0.463649
vt 0.544269 0.464119
vt 0.541025 0.459658
vt 0.903758 0.472570
vt 0.901355 0.464001
vt 0.272610 0.526685
vt 0.270687 0.528681
vt 0.270207 0.527859
vt 0.255068 0.373731
vt 0.254467 0.372792
vt 0.257831 0.483253
vt 0.277656 0.528446
vt 0.282702 0.530090
vt 0.841400 0.408947
vt 0.965755 0.569179
vt 0.960468 0.582913
vt 0.295799 0.275597
vt 0.292434 0.271606
vt 0.296640 0.268319
vt 0.299163 0.271606
vt 0.277776 0.298604
vt 0.266602 0.301069
vt 0.264920 0.296374
vt 0.276695 0.293674
vt 0.265040 0.295670
vt 0.238487 0.272427
vt 0.238847 0.271840
vt 0.265521 0.294965
vt 0.358637 0.365280
vt 0.761860 0.267497
vt 0.061025 0.348259
vt 0.042522 0.365514
vt 0.042522 0.364927
vt 0.523483 0.383709
vt 0.523002 0.383357
vt 0.524564 0.377723
vt 0.905320 0.481492
vt 0.899793 0.464471
vt 0.913490 0.555680
vt 0.885855 0.433129
vt 0.514472 0.448858
vt 0.502697 0.447567
vt 0.083013 0.244255
vt 0.291593 0.272897
vt 0.291954 0.272193
vt 0.295438 0.276184
vt 0.085656 0.243902
vt 0.083614 0.225238
vt 0.100435 0.332646
vt 0.117015 0.332412
vt 0.116895 0.332998
vt 0.776639 0.346615
vt 0.768829 0.344620
vt 0.301446 0.438881
vt 0.230918 0.368566
vt 0.231038 0.368449
vt 0.233561 0.375492
vt 0.231638 0.372792
vt 0.884534 0.433833
vt 0.809200 0.355889
vt 0.898231 0.464940
vt 0.801390 0.353189
vt 0.315023 0.438294
vt 0.063188 0.350841
vt 0.062828 0.350372
vt 0.060305 0.346263
vt 0.042522 0.364106
vt 0.222267 0.364341
vt 0.668744 0.326307
vt 0.186102 0.325603
vt 0.207849 0.337342
vt 0.792739 0.352132
vt 0.784569 0.349902
vt 0.039519 0.364341
vt 0.026783 0.325486
vt 0.896669 0.465410
vt 0.284745 0.527390
vt 0.892463 0.457897
vt 0.871437 0.412351
vt 0.840799 0.290505
vt 0.531052 0.509430
vt 0.578872 0.507669
vt 0.896188 0.532672
vt 0.711518 0.282288
vt 0.891022 0.458367
vt 0.231518 0.372910
vt 0.615518 0.508021
vt 0.631738 0.474096
vt 0.083614 0.244137
vt 0.800789 0.354597
vt 0.624409 0.447215
vt 0.776278 0.348024
vt 0.489120 0.414230
vt 0.488519 0.415051
vt 0.487558 0.414699
vt 0.488759 0.413643
vt 0.314182 0.433950
vt 0.301085 0.437120
vt 0.808599 0.357297
vt 0.661655 0.338398
vt 0.662496 0.339572
vt 0.662376 0.339689
vt 0.661415 0.338398
vt 0.276094 0.529620
vt 0.277776 0.528798
vt 0.181296 0.495695
vt 0.164234 0.487948
vt 0.302166 0.441346
vt 0.117376 0.329477
vt 0.117376 0.330064
vt 0.100795 0.330533
vt 0.882010 0.508021
vt 0.708994 0.361641
vt 0.409821 0.161028
vt 0.639187 0.317504
vt 0.646276 0.323960
vt 0.158227 0.124286
vt 0.770151 0.371149
vt 0.636544 0.320203
vt 0.643152 0.327951
vt 0.773875 0.270197
vt 0.730501 0.363871
vt 0.878526 0.535255
vt 0.880088 0.528798
vt 0.876964 0.471162
vt 0.379063 0.384766
vt 0.300965 0.436650
vt 0.314061 0.433598
vt 0.829625 0.368097
vt 0.262998 0.368919
vt 0.265641 0.367275
vt 0.266122 0.368566
vt 0.672229 0.331707
vt 0.671508 0.330299
vt 0.660334 0.461771
vt 0.681840 0.495461
vt 0.643032 0.424560
vt 0.876724 0.541359
vt 0.564214 0.403313
vt 0.768469 0.346146
vt 0.575388 0.361523
vt 0.287148 0.541476
vt 0.287508 0.541476
vt 0.663578 0.460128
vt 0.663818 0.460010
vt 0.530932 0.509664
vt 0.285946 0.490296
vt 0.257711 0.483839
vt 0.631978 0.474214
vt 0.628494 0.444163
vt 0.862306 0.435946
vt 0.559408 0.404369
vt 0.559768 0.404369
vt 0.588965 0.434537
vt 0.654566 0.317621
vt 0.654687 0.317621
vt 0.251343 0.366219
vt 0.251824 0.366336
vt 0.250742 0.368684
vt 0.250382 0.368449
vt 0.650962 0.318090
vt 0.651322 0.315860
vt 0.635823 0.336637
vt 0.638106 0.336755
vt 0.637145 0.339337
vt 0.490682 0.510486
vt 0.455598 0.520816
vt 0.455478 0.520464
vt 0.657931 0.331590
vt 0.658411 0.332764
vt 0.679438 0.496987
vt 0.699262 0.527624
vt 0.657811 0.462945
vt 0.633660 0.336755
vt 0.631858 0.336990
vt 0.530932 0.511895
vt 0.649040 0.325486
vt 0.648799 0.325368
vt 0.652884 0.392396
vt 0.650602 0.392513
vt 0.639788 0.333351
vt 0.490321 0.508256
vt 0.531893 0.502856
vt 0.722932 0.362580
vt 0.612634 0.351076
vt 0.639548 0.363401
vt 0.580434 0.366571
vt 0.715723 0.361993
vt 0.041801 0.286514
vt 0.076164 0.279470
vt 0.076885 0.280996
vt 0.042763 0.287922
vt 0.640148 0.425029
vt 0.637745 0.334172
vt 0.637745 0.333938
vt 0.286787 0.543824
vt 0.287869 0.541593
vt 0.287148 0.543824
vt 0.085176 0.263858
vt 0.635583 0.320908
vt 0.641951 0.328773
vt 0.563493 0.038242
vt 0.565535 0.027560
vt 0.626451 0.324899
vt 0.627773 0.324312
vt 0.631858 0.332059
vt 0.630176 0.332529
vt 0.916734 0.341920
vt 0.630657 0.442637
vt 0.634381 0.474566
vt 0.578271 0.499217
vt 0.611913 0.501095
vt 0.655047 0.319147
vt 0.633540 0.331707
vt 0.631738 0.332294
vt 0.656969 0.328420
vt 0.657330 0.330181
vt 0.649400 0.316095
vt 0.659132 0.334407
vt 0.656489 0.326425
vt 0.685325 0.493230
vt 0.687247 0.492056
vt 0.707192 0.522225
vt 0.705029 0.523164
vt 0.653005 0.324781
vt 0.701305 0.525512
vt 0.631858 0.332412
vt 0.630176 0.332764
vt 0.630176 0.332646
vt 0.260715 0.300717
vt 0.650121 0.323725
vt 0.521080 0.382653
vt 0.518677 0.385000
vt 0.516995 0.384414
vt 0.462447 0.388052
vt 0.462086 0.386174
vt 0.464970 0.385000
vt 0.635823 0.334290
vt 0.637866 0.334407
vt 0.539823 0.343328
vt 0.536219 0.347672
vt 0.638106 0.336285
vt 0.638106 0.336520
vt 0.633780 0.334642
vt 0.080970 0.332529
vt 0.080610 0.330886
vt 0.100675 0.331120
vt 0.650121 0.328303
vt 0.648559 0.330064
vt 0.645675 0.331003
vt 0.256750 0.370445
vt 0.259153 0.368332
vt 0.723412 0.263623
vt 0.542707 0.344972
vt 0.543308 0.345324
vt 0.539823 0.349432
vt 0.539222 0.349080
vt 0.647237 0.331942
vt 0.647117 0.331942
vt 0.633780 0.334524
vt 0.635703 0.334055
vt 0.652764 0.318443
vt 0.653245 0.316212
vt 0.658291 0.332998
vt 0.633540 0.331825
vt 0.640629 0.329594
vt 0.640749 0.329712
vt 0.637145 0.339455
vt 0.642071 0.329007
vt 0.642191 0.329242
vt 0.589085 0.434303
vt 0.632219 0.339455
vt 0.630657 0.339924
vt 0.629575 0.337577
vt 0.560129 0.404252
vt 0.647357 0.332059
vt 0.642912 0.311282
vt 0.237165 0.359880
vt 0.237045 0.359410
vt 0.640389 0.335346
vt 0.637866 0.334290
vt 0.946171 0.393100
vt 0.656008 0.334407
vt 0.655047 0.332764
vt 0.270086 0.527507
vt 0.269966 0.527155
vt 0.650241 0.323842
vt 0.650361 0.321847
vt 0.575147 0.361406
vt 0.651923 0.324664
vt 0.650962 0.326542
vt 0.653846 0.327129
vt 0.647718 0.424207
vt 0.664058 0.459893
vt 0.650722 0.320086
vt 0.658892 0.334524
vt 0.632339 0.339572
vt 0.630777 0.340042
vt 0.249060 0.377136
vt 0.245936 0.378896
vt 0.249060 0.377018
vt 0.650001 0.423855
vt 0.665981 0.458954
vt 0.643152 0.392865
vt 0.277896 0.521873
vt 0.656849 0.336168
vt 0.624409 0.472923
vt 0.481911 0.438059
vt 0.482632 0.437707
vt 0.228394 0.261393
vt 0.557005 0.404956
vt 0.573465 0.359762
vt 0.366086 0.376549
vt 0.531293 0.342859
vt 0.535017 0.338985
vt 0.064630 0.354363
vt 0.044925 0.371384
vt 0.877925 0.508021
vt 0.454397 0.518468
vt 0.455718 0.521051
vt 0.650602 0.323960
vt 0.230557 0.361406
vt 0.227794 0.363284
vt 0.225270 0.361406
vt 0.227674 0.359410
vt 0.261075 0.365867
vt 0.263478 0.363988
vt 0.923462 0.352132
vt 0.280059 0.540537
vt 0.277055 0.540772
vt 0.276334 0.539715
vt 0.279578 0.540185
vt 0.663938 0.315391
vt 0.045646 0.292148
vt 0.044685 0.290740
vt 0.078808 0.285457
vt 0.273210 0.535020
vt 0.273811 0.537837
vt 0.495488 0.405660
vt 0.289431 0.533376
vt 0.231398 0.373027
vt 0.229596 0.370210
vt 0.229716 0.370092
vt 0.254467 0.364458
vt 0.671387 0.332177
vt 0.254347 0.364458
vt 0.272610 0.526803
vt 0.304089 0.280292
vt 0.666942 0.322199
vt 0.253866 0.367040
vt 0.253986 0.367158
vt 0.252184 0.369740
vt 0.252064 0.369740
vt 0.287268 0.531616
vt 0.287989 0.533963
vt 0.250142 0.371971
vt 0.247979 0.373966
vt 0.287268 0.536428
vt 0.241250 0.380775
vt 0.668864 0.324664
vt 0.239689 0.376079
vt 0.237526 0.374553
vt 0.237526 0.374436
vt 0.667543 0.320321
vt 0.877565 0.501095
vt 0.488399 0.444280
vt 0.238367 0.384179
vt 0.241971 0.381948
vt 0.242332 0.382183
vt 0.234762 0.380540
vt 0.673911 0.334642
vt 0.672949 0.333233
vt 0.674031 0.334642
vt 0.286427 0.534198
vt 0.286066 0.532202
vt 0.285706 0.529737
vt 0.285826 0.529737
vt 0.259153 0.367979
vt 0.282582 0.526216
vt 0.284625 0.527390
vt 0.284024 0.528329
vt 0.282101 0.527155
vt 0.310096 0.465879
vt 0.222507 0.364106
vt 0.256630 0.370327
vt 0.672949 0.329594
vt 0.673670 0.331003
vt 0.248339 0.375375
vt 0.538261 0.468814
vt 0.535017 0.464471
vt 0.247378 0.372792
vt 0.664539 0.311282
vt 0.287508 0.546054
vt 0.286907 0.546054
vt 0.872999 0.540537
vt 0.874561 0.534433
vt 0.238006 0.373379
vt 0.062347 0.350019
vt 0.043003 0.367510
vt 0.042522 0.366101
vt 0.061266 0.348728
vt 0.284264 0.536311
vt 0.284745 0.534550
vt 0.285105 0.534550
vt 0.284625 0.536311
vt 0.242933 0.365632
vt 0.236925 0.370679
vt 0.235603 0.368449
vt 0.234522 0.380775
vt 0.645675 0.330886
vt 0.646637 0.332881
vt 0.238487 0.372558
vt 0.240409 0.373731
vt 0.242572 0.374084
vt 0.281501 0.528446
vt 0.279698 0.527624
vt 0.471578 0.385940
vt 0.467853 0.384179
vt 0.471097 0.384296
vt 0.281140 0.541593
vt 0.235724 0.372088
vt 0.236444 0.371266
vt 0.290031 0.536898
vt 0.288830 0.539363
vt 0.251824 0.363754
vt 0.251223 0.363636
vt 0.244855 0.373379
vt 0.246898 0.372088
vt 0.260474 0.370679
vt 0.257831 0.372440
vt 0.255308 0.374201
vt 0.075684 0.226060
vt 0.074002 0.226177
vt 0.021256 0.324781
vt 0.020775 0.324781
vt 0.672229 0.328303
vt 0.251463 0.361054
vt 0.344579 0.465645
vt 0.344579 0.466466
vt 0.326196 0.460362
vt 0.344940 0.461888
vt 0.344820 0.462358
vt 0.326196 0.460949
vt 0.344700 0.462945
vt 0.858821 0.437824
vt 0.344579 0.467053
vt 0.285466 0.526451
vt 0.074723 0.158680
vt 0.074002 0.158798
vt 0.228755 0.325016
vt 0.206047 0.298017
vt 0.912649 0.440407
vt 0.248820 0.370445
vt 0.304209 0.485131
vt 0.303849 0.484779
vt 0.302767 0.483722
vt 0.255428 0.374553
vt 0.529130 0.368097
vt 0.285586 0.526333
vt 0.263358 0.369623
vt 0.266362 0.369623
vt 0.220585 0.367510
vt 0.220344 0.368332
vt 0.970801 0.555562
vt 0.299283 0.479379
vt 0.310937 0.467523
vt 0.297841 0.477853
vt 0.228274 0.372088
vt 0.281981 0.539363
vt 0.281741 0.539246
vt 0.283303 0.537837
vt 0.283543 0.537954
vt 0.166517 0.484426
vt 0.482632 0.423620
vt 0.485035 0.413760
vt 0.483353 0.423620
vt 0.184540 0.495813
vt 0.502216 0.451206
vt 0.184299 0.493230
vt 0.203644 0.494287
vt 0.203043 0.493113
vt 0.183578 0.491939
vt 0.201601 0.489709
vt 0.257110 0.486539
vt 0.528529 0.458249
vt 0.238487 0.380892
vt 0.235724 0.378544
vt 0.236565 0.376666
vt 0.668624 0.318208
vt 0.099954 0.335346
vt 0.116415 0.335581
vt 0.116294 0.337342
vt 0.099834 0.336872
vt 0.021857 0.324899
vt 0.075804 0.133560
vt 0.205085 0.493113
vt 0.229476 0.477970
vt 0.184059 0.488770
vt 0.248219 0.357884
vt 0.301325 0.485365
vt 0.302046 0.486892
vt 0.286187 0.488887
vt 0.286066 0.489474
vt 0.891022 0.316564
vt 0.283303 0.525159
vt 0.280780 0.523516
vt 0.283423 0.524925
vt 0.282582 0.530324
vt 0.282462 0.530559
vt 0.281020 0.529737
vt 0.258312 0.481374
vt 0.149816 0.476327
vt 0.135158 0.464001
vt 0.136239 0.462827
vt 0.150778 0.475036
vt 0.492004 0.438294
vt 0.487438 0.434890
vt 0.488039 0.434420
vt 0.492364 0.437355
vt 0.846566 0.062424
vt 0.844283 0.046577
vt 0.300605 0.483370
vt 0.288469 0.489357
vt 0.281381 0.541711
vt 0.283303 0.540302
vt 0.078087 0.279588
vt 0.203403 0.493817
vt 0.184059 0.492761
vt 0.295799 0.310226
vt 0.305411 0.306469
vt 0.305531 0.307174
vt 0.296039 0.310930
vt 0.258792 0.479144
vt 0.258672 0.479731
vt 0.288349 0.490178
vt 0.037236 0.365632
vt 0.038557 0.364810
vt 0.258913 0.478675
vt 0.265160 0.295670
vt 0.276695 0.293087
vt 0.286547 0.483957
vt 0.530091 0.353658
vt 0.525645 0.358823
vt 0.524925 0.358471
vt 0.529370 0.353424
vt 0.483233 0.394391
vt 0.480709 0.396974
vt 0.479868 0.396504
vt 0.482271 0.393687
vt 0.338212 0.426790
vt 0.857139 0.268554
vt 0.394802 0.357884
vt 0.300965 0.484192
vt 0.234883 0.368919
vt 0.079769 0.287922
vt 0.080009 0.288509
vt 0.185741 0.487478
vt 0.302166 0.487361
vt 0.238968 0.378544
vt 0.287508 0.484896
vt 0.245215 0.375492
vt 0.242332 0.376314
vt 0.301085 0.484779
vt 0.285105 0.256228
vt 0.252064 0.375140
vt 0.183098 0.491939
vt 0.166277 0.484896
vt 0.182858 0.492761
vt 0.165916 0.485600
vt 0.182617 0.493348
vt 0.165676 0.485952
vt 0.546191 0.347789
vt 0.546792 0.348376
vt 0.542827 0.352485
vt 0.542346 0.351898
vt 0.258672 0.383592
vt 0.149456 0.476679
vt 0.154983 0.469753
vt 0.278978 0.542650
vt 0.672108 0.326894
vt 0.242332 0.376431
vt 0.155343 0.469401
vt 0.284865 0.540889
vt 0.140565 0.457780
vt 0.140925 0.457310
vt 0.229836 0.369975
vt 0.270807 0.528798
vt 0.289070 0.266323
vt 0.284384 0.289683
vt 0.276935 0.292383
vt 0.284024 0.290505
vt 0.235243 0.242494
vt 0.242332 0.239442
vt 0.235243 0.243198
vt 0.228755 0.260571
vt 0.291713 0.314099
vt 0.286307 0.297900
vt 0.292074 0.298017
vt 0.289431 0.265619
vt 0.237165 0.328890
vt 0.228274 0.325486
vt 0.237646 0.328420
vt 0.241371 0.380892
vt 0.245936 0.379014
vt 0.272730 0.531616
vt 0.842000 0.029908
vt 0.539823 0.467640
vt 0.538862 0.468345
vt 0.535618 0.464001
vt 0.536699 0.463532
vt 0.284384 0.257402
vt 0.252424 0.237798
vt 0.252785 0.237094
vt 0.284745 0.256815
vt 0.259633 0.312456
vt 0.236565 0.376549
vt 0.236685 0.376314
vt 0.232359 0.265502
vt 0.232239 0.266206
vt 0.239689 0.376197
vt 0.529610 0.457428
vt 0.523723 0.452497
vt 0.524324 0.451558
vt 0.530572 0.456723
vt 0.227073 0.271606
vt 0.227674 0.271253
vt 0.241971 0.240264
vt 0.235003 0.244020
vt 0.278016 0.299191
vt 0.249060 0.377253
vt 0.206167 0.286866
vt 0.244735 0.329477
vt 0.247138 0.372440
vt 0.249060 0.370562
vt 0.244254 0.329946
vt 0.205566 0.298487
vt 0.205566 0.287218
vt 0.208209 0.279470
vt 0.207608 0.279823
vt 0.219263 0.237329
vt 0.196194 0.255993
vt 0.196314 0.256580
vt 0.253145 0.376549
vt 0.260234 0.312104
vt 0.258312 0.319734
vt 0.244855 0.373849
vt 0.258913 0.319264
vt 0.541265 0.466819
vt 0.540544 0.467288
vt 0.537300 0.463180
vt 0.318747 0.299191
vt 0.309976 0.297665
vt 0.310096 0.296961
vt 0.318987 0.298604
vt 0.279939 0.526333
vt 0.279939 0.526451
vt 0.480109 0.410825
vt 0.479027 0.410591
vt 0.529010 0.457780
vt 0.222147 0.270080
vt 0.264560 0.296257
vt 0.222868 0.269140
vt 0.079529 0.281114
vt 0.304329 0.297665
vt 0.304209 0.296961
vt 0.522161 0.383005
vt 0.518797 0.385940
vt 0.518797 0.385353
vt 0.521560 0.382770
vt 0.324875 0.279705
vt 0.312499 0.280762
vt 0.312620 0.276184
vt 0.322232 0.275127
vt 0.233441 0.359997
vt 0.234642 0.359528
vt 0.307693 0.274775
vt 0.312620 0.275479
vt 0.307333 0.275362
vt 0.303969 0.296257
vt 0.302287 0.291444
vt 0.304449 0.279705
vt 0.193070 0.251180
vt 0.206407 0.250124
vt 0.193431 0.251650
vt 0.205686 0.255406
vt 0.195954 0.255406
vt 0.290632 0.290622
vt 0.302166 0.290857
vt 0.219263 0.265502
vt 0.218542 0.266088
vt 0.080850 0.264093
vt 0.207608 0.274188
vt 0.480469 0.403900
vt 0.277776 0.529150
vt 0.279458 0.529150
vt 0.206888 0.274423
vt 0.223468 0.380188
vt 0.494647 0.400613
vt 0.496329 0.402021
vt 0.311298 0.291679
vt 0.299764 0.271136
vt 0.294957 0.262332
vt 0.297361 0.268084
vt 0.294357 0.262567
vt 0.289911 0.265032
vt 0.310217 0.296257
vt 0.319468 0.298017
vt 0.235243 0.368566
vt 0.492604 0.401317
vt 0.494767 0.408126
vt 0.495488 0.408360
vt 0.495608 0.448037
vt 0.495488 0.451676
vt 0.211694 0.258576
vt 0.236685 0.370914
vt 0.241250 0.233455
vt 0.472659 0.409299
vt 0.476985 0.410591
vt 0.476264 0.412234
vt 0.471698 0.409065
vt 0.210973 0.239324
vt 0.322472 0.294144
vt 0.322832 0.293557
vt 0.242692 0.382535
vt 0.238247 0.385000
vt 0.206407 0.248598
vt 0.192830 0.250476
vt 0.480589 0.387348
vt 0.494406 0.381009
vt 0.495608 0.384296
vt 0.482752 0.390635
vt 0.292074 0.314804
vt 0.282101 0.527272
vt 0.227553 0.367979
vt 0.283423 0.542885
vt 0.282101 0.544763
vt 0.281861 0.544645
vt 0.231158 0.368332
vt 0.523483 0.377488
vt 0.523002 0.367040
vt 0.191989 0.235920
vt 0.200880 0.233807
vt 0.203884 0.238033
vt 0.191268 0.240616
vt 0.192109 0.235099
vt 0.200520 0.233220
vt 0.237406 0.374671
vt 0.214577 0.236038
vt 0.266842 0.301656
vt 0.242572 0.374436
vt 0.215058 0.235568
vt 0.240289 0.374084
vt 0.317906 0.308465
vt 0.309976 0.307291
vt 0.310096 0.306587
vt 0.317906 0.307643
vt 0.502457 0.443811
vt 0.495968 0.444398
vt 0.238247 0.372910
vt 0.496449 0.408830
vt 0.393000 0.356593
vt 0.491162 0.400378
vt 0.483473 0.396856
vt 0.519758 0.355771
vt 0.525165 0.349550
vt 0.525525 0.350137
vt 0.527688 0.445806
vt 0.527328 0.446511
vt 0.516514 0.441463
vt 0.516634 0.377723
vt 0.516514 0.366101
vt 0.488880 0.445102
vt 0.492604 0.399087
vt 0.493205 0.398969
vt 0.524684 0.348493
vt 0.524324 0.347907
vt 0.531172 0.456371
vt 0.531293 0.354128
vt 0.528289 0.444750
vt 0.074242 0.206574
vt 0.076284 0.225942
vt 0.073641 0.206691
vt 0.529851 0.368214
vt 0.078207 0.244372
vt 0.512910 0.453671
vt 0.524324 0.358119
vt 0.528769 0.353071
vt 0.528769 0.444163
vt 0.535618 0.449915
vt 0.535378 0.450619
vt 0.076765 0.225942
vt 0.535858 0.357650
vt 0.526006 0.350724
vt 0.523363 0.453202
vt 0.025701 0.325368
vt 0.023899 0.325134
vt 0.082412 0.337107
vt 0.065831 0.352954
vt 0.534537 0.452380
vt 0.524684 0.450854
vt 0.514712 0.446276
vt 0.518677 0.386526
vt 0.074843 0.206456
vt 0.075684 0.206339
vt 0.492724 0.437707
vt 0.495968 0.438176
vt 0.496209 0.438881
vt 0.492364 0.438176
vt 0.522642 0.377253
vt 0.076284 0.206222
vt 0.321871 0.274423
vt 0.518797 0.386996
vt 0.487438 0.444633
vt 0.517355 0.385235
vt 0.510386 0.385470
vt 0.484434 0.445572
vt 0.479868 0.439233
vt 0.480469 0.438881
vt 0.485275 0.445337
vt 0.484915 0.423620
vt 0.493686 0.412469
vt 0.491523 0.413173
vt 0.365966 0.376314
vt 0.086497 0.263271
vt 0.476624 0.424090
vt 0.481190 0.438411
vt 0.117256 0.330651
vt 0.484674 0.392865
vt 0.483953 0.392161
vt 0.484194 0.423620
vt 0.484314 0.394978
vt 0.481791 0.396974
vt 0.490081 0.411295
vt 0.492004 0.410004
vt 0.494767 0.411647
vt 0.493806 0.410943
vt 0.081211 0.205869
vt 0.876003 0.528211
vt 0.872999 0.472218
vt 0.033151 0.367979
vt 0.018973 0.324547
vt 0.034592 0.367275
vt 0.528529 0.388874
vt 0.524564 0.393100
vt 0.523843 0.392748
vt 0.528049 0.388287
vt 0.523002 0.392513
vt 0.521921 0.392278
vt 0.071959 0.206809
vt 0.479268 0.395565
vt 0.478427 0.398382
vt 0.481430 0.392983
vt 0.493445 0.398265
vt 0.499933 0.393570
vt 0.520599 0.394391
vt 0.512669 0.393804
vt 0.512669 0.392983
vt 0.520719 0.393687
vt 0.475062 0.424325
vt 0.475783 0.424207
vt 0.491763 0.398969
vt 0.486236 0.445102
vt 0.496689 0.386409
vt 0.046247 0.293087
vt 0.046728 0.293909
vt 0.490802 0.398500
vt 0.491162 0.396856
vt 0.483353 0.391339
vt 0.480830 0.412704
vt 0.479027 0.423855
vt 0.489841 0.397913
vt 0.490442 0.396504
vt 0.486236 0.412351
vt 0.488519 0.411060
vt 0.489841 0.409652
vt 0.474341 0.386409
vt 0.473020 0.384883
vt 0.481190 0.411060
vt 0.485395 0.393570
vt 0.486116 0.394039
vt 0.477826 0.387466
vt 0.480709 0.391926
vt 0.485275 0.395565
vt 0.460644 0.389461
vt 0.466051 0.397678
vt 0.463408 0.397326
vt 0.478787 0.394157
vt 0.480229 0.408712
vt 0.521080 0.392044
vt 0.489480 0.446159
vt 0.036275 0.366219
vt 0.035554 0.366688
vt 0.534897 0.451676
vt 0.541385 0.459071
vt 0.035073 0.367040
vt 0.545350 0.462945
vt 0.514592 0.448154
vt 0.514712 0.446980
vt 0.298202 0.478557
vt 0.503418 0.437002
vt 0.518076 0.439233
vt 0.043123 0.367979
vt 0.518677 0.355302
vt 0.517956 0.354950
vt 0.063669 0.351428
vt 0.043844 0.369036
vt 0.078207 0.263623
vt 0.026182 0.325368
vt 0.046007 0.292618
vt 0.364885 0.376666
vt 0.674391 0.332529
vt 0.675232 0.333938
vt 0.522281 0.366688
vt 0.379303 0.386174
vt 0.365606 0.377723
vt 0.039038 0.364575
vt 0.043484 0.368332
vt 0.036755 0.365984
vt 0.508945 0.379601
vt 0.514231 0.379014
vt 0.492845 0.437120
vt 0.495968 0.437589
vt 0.478306 0.406130
vt 0.479027 0.408126
vt 0.491883 0.438646
vt 0.491042 0.439350
vt 0.531893 0.354363
vt 0.498612 0.390752
vt 0.515433 0.366219
vt 0.514592 0.366453
vt 0.059704 0.345911
vt 0.502096 0.451910
vt 0.495608 0.452380
vt 0.486717 0.435242
vt 0.498852 0.391339
vt 0.479988 0.406599
vt 0.466532 0.399556
vt 0.463888 0.398735
vt 0.512429 0.391339
vt 0.338452 0.426555
vt 0.512549 0.392161
vt 0.520840 0.392748
vt 0.080610 0.330299
vt 0.080249 0.328186
vt 0.060425 0.345441
vt 0.080129 0.327716
vt 0.489961 0.446980
vt 0.490201 0.447802
vt 0.282702 0.525981
vt 0.283063 0.525394
vt 0.284865 0.530442
vt 0.283303 0.529385
vt 0.515553 0.378192
vt 0.532013 0.361641
vt 0.492604 0.436650
vt 0.492965 0.436181
vt 0.514832 0.378427
vt 0.228875 0.470810
vt 0.259393 0.476679
vt 0.076765 0.279001
vt 0.076525 0.263623
vt 0.490201 0.451558
vt 0.477465 0.386644
vt 0.480229 0.386761
vt 0.480830 0.447332
vt 0.476384 0.440759
vt 0.532975 0.379366
vt 0.476744 0.409065
vt 0.475783 0.407421
vt 0.101276 0.328068
vt 0.520479 0.395096
vt 0.512789 0.394626
vt 0.500054 0.394274
vt 0.081811 0.205869
vt 0.494166 0.380305
vt 0.460644 0.396035
vt 0.460885 0.396974
vt 0.458962 0.391691
vt 0.458722 0.390752
vt 0.460404 0.387935
vt 0.116415 0.334994
vt 0.476264 0.405778
vt 0.475183 0.406013
vt 0.117376 0.327481
vt 0.328119 0.437355
vt 0.315383 0.440524
vt 0.283904 0.528446
vt 0.285706 0.529855
vt 0.281981 0.527272
vt 0.282582 0.526098
vt 0.284745 0.538541
vt 0.229716 0.365749
vt 0.269005 0.530442
vt 0.269005 0.533846
vt 0.141286 0.456841
vt 0.155704 0.468931
vt 0.275133 0.538307
vt 0.275734 0.538776
vt 0.268164 0.521168
vt 0.281741 0.544528
vt 0.275013 0.531381
vt 0.279218 0.534550
vt 0.279338 0.539833
vt 0.281260 0.541711
vt 0.284264 0.545702
vt 0.294116 0.542180
vt 0.291473 0.533963
vt 0.279338 0.543119
vt 0.279218 0.542885
vt 0.289310 0.533494
vt 0.284625 0.532907
vt 0.283784 0.531498
vt 0.289190 0.521168
vt 0.266963 0.531733
vt 0.344459 0.467640
vt 0.201721 0.348376
vt 0.229235 0.358119
vt 0.284504 0.545819
vt 0.276214 0.529972
vt 0.229596 0.357650
s 1
usemtl Material.001
f 55/1/1 56/2/2 54/3/3 53/4/4
f 53/4/4 54/3/3 52/5/5 51/6/6
f 38/7/7 40/8/8 39/9/9 37/10/10
f 4199/11/11 4200/12/12 4202/13/13 4201/14/14
f 19/15/15 20/16/16 18/17/17 17/18/18
f 703/19/19 701/20/20 733/21/21 732/22/22
f 607/23/23 614/24/24 608/25/25 600/26/26
f 64/27/27 66/28/28 65/29/29 63/30/30
f 282/31/31 301/32/32 283/33/33 277/34/34
f 49/35/35 50/36/36 48/37/37 47/38/38
f 15/39/39 16/40/40 14/41/41 13/42/42
f 45/43/43 46/44/44 44/45/45 43/46/46
f 47/38/38 48/37/37 46/44/44 45/43/43
f 59/47/47 62/48/48 61/49/49 60/50/50
f 6/51/51 8/52/52 7/53/53 5/54/54
f 27/55/55 28/56/56 26/57/57 25/58/58
f 32/59/59 34/60/60 33/61/60 31/62/61
f 34/60/60 36/63/62 35/64/63 33/61/60
f 17/18/18 18/17/17 16/40/40 15/39/39
f 4302/65/64 4300/66/65 4201/14/14 4202/13/13
f 337/67/66 609/68/67 351/69/68 339/70/69
f 11/71/70 12/72/71 10/73/72 9/74/73
f 13/42/42 14/41/41 12/72/71 11/71/70
f 21/75/74 22/76/75 20/16/16 19/15/15
f 30/77/76 32/59/59 31/62/61 29/78/77
f 59/47/47 60/50/50 58/79/78 57/80/79
f 9/74/73 10/73/72 7/53/53 8/52/52
f 23/81/80 24/82/81 22/76/75 21/75/74
f 43/46/46 44/45/45 42/83/82 41/84/83
f 36/63/62 38/7/7 37/10/10 35/64/63
f 41/84/83 42/83/82 39/9/9 40/8/8
f 57/80/79 58/79/78 56/2/2 55/1/1
f 62/48/48 64/27/27 63/30/30 61/49/49
f 4253/85/84 4308/86/85 4307/87/86 4254/88/87
f 4254/88/87 4307/87/86 4306/89/88 4255/90/89
f 1905/91/90 1906/92/91 1900/93/92 1901/94/93
f 97/95/94 99/96/95 98/97/96 96/98/97
f 99/96/95 101/99/98 100/100/98 98/97/96
f 77/101/99 79/102/100 78/103/101 73/104/102
f 4173/105/103 4181/106/104 4182/107/105 4174/108/106
f 4172/109/107 4180/110/108 4181/106/104 4173/105/103
f 1009/111/109 1011/112/110 1010/113/111 1008/114/112
f 1502/115/113 1501/116/114 1522/117/115 1521/118/116
f 4300/66/65 4299/119/117 4287/120/118 4303/121/119
f 1958/122/120 1952/123/121 1953/124/122 1957/125/123
f 4204/126/124 4216/127/125 4217/128/126 4203/129/127
f 4187/130/128 4189/131/129 4190/132/130 4188/133/131
f 93/134/132 95/135/133 94/136/134 92/137/135
f 70/138/136 72/139/137 71/140/138 69/141/136
f 68/142/139 70/138/136 69/141/136 67/143/140
f 85/144/141 87/145/142 86/146/143 84/147/144
f 647/148/145 648/149/146 643/150/147 645/151/148
f 1402/152/149 1401/153/150 1412/154/151 1411/155/152
f 95/135/133 97/95/94 96/98/97 94/136/134
f 81/156/153 83/157/154 82/158/155 80/159/156
f 91/160/157 93/134/132 92/137/135 90/161/157
f 79/102/100 81/156/153 80/159/156 78/103/101
f 87/145/142 89/162/158 88/163/159 86/146/143
f 101/99/98 103/164/160 102/165/161 100/100/98
f 1302/166/162 1301/167/163 1348/168/164 1347/169/165
f 4290/170/166 4292/171/167 4293/172/168 4291/173/169
f 2785/174/170 2786/175/171 2772/176/172 2774/177/173
f 1995/178/174 1996/179/175 1994/180/176 1993/181/177
f 4195/182/178 4307/87/86 4308/86/85 4194/183/179
f 217/184/180 216/185/181 229/186/182 228/187/183
f 2675/188/184 2676/189/185 2436/190/186 2438/191/187
f 154/192/188 153/193/189 162/194/190 161/195/188
f 391/196/191 393/197/192 409/198/193 408/199/194
f 3683/200/195 3681/201/196 3684/202/197 3700/203/198
f 3140/204/199 3148/205/200 3172/206/201 3171/207/202
f 97/95/94 95/135/133 108/208/203 107/209/204
f 147/210/205 146/211/206 169/212/206 168/213/207
f 3597/214/208 3586/215/209 3585/216/210 3598/217/211
f 213/218/212 212/219/213 233/220/214 232/221/215
f 4188/133/131 4308/86/85 4253/85/84 4186/222/216
f 758/223/217 759/224/218 753/225/219 754/226/220
f 3201/227/221 3202/228/222 3220/229/223 3238/230/224
f 4165/231/225 4164/232/226 4163/233/227 4171/234/228
f 4192/235/229 4193/236/230 4194/183/179 4190/132/130
f 1468/237/231 1469/238/232 1426/239/233 1427/240/234
f 601/241/235 607/23/23 600/26/26 591/242/236
f 148/243/237 149/244/238 132/245/239 133/246/240
f 609/68/67 608/25/25 614/24/24 351/69/68
f 150/247/241 151/248/242 130/249/243 131/250/244
f 153/193/189 154/192/188 127/251/245 128/252/246
f 687/253/247 685/254/248 741/255/249 740/256/250
f 3497/257/251 3488/258/252 3498/259/253 3512/260/254
f 155/261/255 156/262/256 124/263/257 126/264/258
f 713/265/259 711/266/260 728/267/261 727/268/262
f 4201/14/14 4300/66/65 4303/121/119 4304/269/263
f 4197/270/264 4306/89/88 4307/87/86 4195/182/178
f 1384/271/265 1383/272/266 1430/273/267 1429/274/268
f 2050/275/269 2054/276/270 2053/277/271 2049/278/272
f 1300/279/273 1299/280/274 1350/281/275 1349/282/276
f 663/283/277 661/284/278 753/225/219 752/285/279
f 649/286/280 650/287/281 639/288/282 641/289/283
f 1319/290/284 1318/291/285 1331/292/286 1330/293/287
f 2811/294/288 2813/295/289 2812/296/290 2810/297/291
f 961/298/292 1597/299/293 1448/300/294 959/301/295
f 759/224/218 758/223/217 821/302/296 820/303/297
f 4298/304/298 4309/305/299 4296/306/300 4297/307/301
f 4201/14/14 4304/269/263 4305/308/302 4199/11/11
f 1024/309/303 1023/310/304 1037/311/305 1036/312/306
f 4280/313/307 4288/314/308 4289/315/309 4281/316/310
f 1241/317/311 1242/318/312 881/319/313 880/320/314
f 2807/321/315 2560/322/316 2561/323/317 2588/324/318
f 2077/325/319 2087/326/320 2078/327/321 2076/328/322
f 3067/329/323 3065/330/324 3064/331/325 3068/332/326
f 779/333/327 778/334/328 801/335/329 800/336/330
f 3037/337/331 2869/338/332 2868/339/333 3051/340/334
f 239/341/335 240/342/336 238/343/337 237/344/338
f 4269/345/339 4275/346/340 4276/347/341 4270/348/342
f 4185/349/343 4187/130/128 4188/133/131 4186/222/216
f 950/350/344 951/351/345 949/352/346 948/353/347
f 854/354/348 853/355/349 860/356/350 859/357/350
f 1546/358/351 1586/359/352 1585/360/353 1545/361/354
f 3030/362/355 3042/363/356 3043/364/357 3029/365/358
f 1203/366/359 1204/367/360 1199/368/361 1200/369/362
f 273/370/363 248/371/364 250/372/365 272/373/366
f 2898/374/367 2899/375/368 2897/376/369 2896/377/370
f 3027/378/371 3025/379/372 3024/380/373 3028/381/374
f 1804/382/375 1803/383/376 1828/384/377 1827/385/378
f 357/386/379 358/387/380 345/388/381 346/389/382
f 1035/390/383 1036/312/306 1540/391/384 1541/392/385
f 1102/393/386 1103/394/387 1101/395/388 1100/396/389
f 247/397/390 248/371/364 246/398/391 245/399/392
f 3393/400/393 3376/401/394 3394/402/395 3413/403/396
f 345/388/381 284/404/397 283/33/33 344/405/398
f 857/406/399 858/407/400 856/408/401 855/409/402
f 3415/410/403 3392/411/404 3414/412/405 3429/413/406
f 4147/414/407 4151/415/408 4152/416/409 4146/417/410
f 1158/418/411 1157/419/389 1187/420/412 1186/421/413
f 955/422/147 1366/423/414 1365/424/415 953/425/416
f 4236/426/417 4231/427/418 4241/428/419 4239/429/420
f 89/162/158 87/145/142 112/430/421 111/431/422
f 2520/432/423 2518/433/424 2515/434/425 2513/435/426
f 3802/436/427 3804/437/428 3806/438/429 3805/439/430
f 2296/440/431 2333/441/432 2295/442/433 2292/443/434
f 4219/444/435 4227/445/436 4229/446/437 4228/447/438
f 3572/448/439 3581/449/440 3582/450/441 3571/451/442
f 1318/291/285 1317/452/443 1332/453/444 1331/292/286
f 1288/454/445 1287/455/446 1362/456/447 1361/457/448
f 1458/458/449 1457/459/450 1543/460/451 1542/461/452
f 2055/462/453 2060/463/454 2059/464/455 2054/276/270
f 3331/465/456 3330/466/457 3333/467/458 3332/468/459
f 4284/469/460 4257/470/461 4285/471/462 4286/472/463
f 4272/473/464 4279/474/202 4274/475/465 4273/476/466
f 1386/477/467 1385/478/468 1428/479/469 1427/240/234
f 2932/480/470 2937/481/471 2931/482/472 2920/483/473
f 1991/484/474 1992/485/475 1990/486/476 1989/487/477
f 3712/488/478 3698/489/479 3697/490/480 3713/491/481
f 1470/492/482 1469/238/232 1531/493/483 1530/494/484
f 4281/316/310 4289/315/309 4290/170/166 4277/495/485
f 1370/496/486 1371/497/487 1360/498/488 1361/457/448
f 4159/499/489 4173/105/103 4174/108/106 4158/500/490
f 1209/501/491 1208/502/492 1277/503/493 1276/504/494
f 344/405/398 343/505/495 346/389/382 345/388/381
f 3105/506/496 3116/507/497 3108/508/498 3106/509/499
f 874/510/386 873/511/500 886/512/501 885/513/502
f 2292/443/434 2295/442/433 2291/514/503 2290/515/504
f 598/516/505 611/517/506 597/518/507 594/519/508
f 4165/231/225 4166/520/509 4167/521/510 4164/232/226
f 3363/522/511 3370/523/512 3371/524/513 3362/525/514
f 4164/232/226 4167/521/510 4172/109/107 4161/526/515
f 2073/527/516 2081/528/517 2071/529/518 2066/530/519
f 4140/531/520 4156/532/521 4157/533/522 4176/534/523
f 554/535/524 555/536/525 536/537/526 537/538/527
f 1322/539/528 1323/540/529 1243/541/530 1245/542/531
f 1168/543/532 1167/544/386 1177/545/533 1176/546/534
f 933/547/535 934/548/536 1138/549/537 1137/550/538
f 650/287/281 649/286/280 922/551/539 921/552/540
f 1934/553/541 1912/554/542 1911/555/543 1925/556/544
f 4158/500/490 4155/557/545 4160/558/546 4159/499/489
f 4178/559/547 4179/560/548 4140/531/520 4176/534/523
f 2162/561/549 2163/562/550 2161/563/551 2160/564/552
f 2020/565/553 2021/566/554 2019/567/555 2018/568/556
f 1037/311/305 1038/569/557 1538/570/558 1539/571/559
f 1457/459/450 1458/458/449 1437/572/560 1438/573/561
f 147/210/205 148/243/237 133/246/240 134/574/562
f 3328/575/563 3329/576/564 3309/577/565 3310/578/566
f 2104/579/567 2120/580/568 2103/581/569 2093/582/570
f 3772/583/571 3751/584/572 3750/585/573 3773/586/574
f 1458/458/449 1459/587/575 1436/588/576 1437/572/560
f 1405/589/577 1404/590/578 1409/591/579 1407/592/580
f 4161/526/515 4172/109/107 4173/105/103 4159/499/489
f 3676/593/581 3677/594/582 3679/595/583 3678/596/584
f 1323/540/529 1322/539/528 1327/597/585 1325/598/586
f 3700/203/198 3684/202/197 3699/599/587 3710/600/588
f 1400/601/589 1399/602/590 1414/603/591 1413/604/592
f 774/605/593 775/606/594 737/607/595 738/608/596
f 1472/609/597 1473/610/598 1422/611/599 1423/612/600
f 474/613/601 475/614/602 432/615/603 433/616/604
f 1917/617/605 1918/618/606 1881/619/607 1882/620/608
f 1465/621/609 1466/622/610 1429/274/268 1430/273/267
f 1297/623/611 1296/624/612 1353/625/613 1352/626/614
f 146/211/206 145/627/615 170/628/616 169/212/206
f 83/157/154 81/156/153 115/629/617 114/630/618
f 382/631/619 383/632/620 405/633/621 404/634/622
f 1304/635/623 1303/636/624 1346/637/625 1345/638/626
f 3391/639/627 3378/640/628 3392/411/404 3415/410/403
f 2/641/629 4/642/630 3/643/631 1/644/632
f 3507/645/633 3520/646/634 3515/647/635 3508/648/636
f 2870/649/637 2869/338/332 3037/337/331 3035/650/638
f 4134/651/639 4135/652/640 4137/653/641 4136/654/642
f 154/192/188 155/261/255 126/264/258 127/251/245
f 2725/655/643 2726/656/644 2712/657/645 2713/658/646
f 400/659/647 401/660/648 378/661/649 379/662/650
f 4251/663/651 4249/664/652 4248/665/653 4252/666/654
f 1290/667/655 1289/668/656 1360/498/488 1359/669/657
f 1390/670/658 1389/671/659 1424/672/660 1423/612/600
f 3754/673/661 3740/674/662 3753/675/663 3769/676/664
f 787/677/665 788/678/666 722/679/667 725/680/579
f 1399/602/590 1398/681/668 1415/682/669 1414/603/591
f 667/683/670 665/684/671 751/685/672 750/686/673
f 1371/497/487 1370/496/486 1443/687/674 1442/688/675
f 1848/689/676 1849/690/677 1826/691/678 1827/385/378
f 4243/692/679 4250/693/680 4239/429/420 4241/428/419
f 4292/171/167 4290/170/166 4289/315/309 4297/307/301
f 1317/452/443 1316/694/681 1333/695/682 1332/453/444
f 4121/696/683 4122/697/684 4124/698/685 4123/699/686
f 1377/700/687 1376/701/278 1437/572/560 1436/588/576
f 697/702/688 695/703/689 736/704/690 735/705/691
f 956/706/692 957/707/693 955/422/147 954/708/694
f 2993/709/695 2978/710/696 2994/710/697 3027/378/371
f 152/711/698 153/193/189 128/252/246 129/712/699
f 176/713/700 207/714/701 175/715/702 174/716/703
f 4120/717/704 4119/718/705 4122/697/684 4121/696/683
f 188/719/706 189/720/707 160/721/708 161/195/188
f 189/720/707 188/719/706 195/722/709 194/723/707
f 4211/724/710 4212/725/711 4213/726/712 4210/727/713
f 206/728/714 209/729/715 205/730/716 177/731/717
f 4211/724/710 4210/727/713 4209/732/229 4222/733/718
f 215/734/719 214/735/720 231/736/721 230/737/722
f 669/738/723 667/683/670 750/686/673 749/739/724
f 689/740/725 687/253/247 740/256/250 739/741/726
f 149/244/238 150/247/241 131/250/244 132/245/239
f 120/742/727 121/743/728 119/744/729 118/745/730
f 138/746/731 144/747/732 137/748/733 123/749/734
f 145/627/615 146/211/206 135/750/735 136/751/736
f 144/747/732 145/627/615 136/751/736 137/748/733
f 3029/365/358 3043/364/357 3044/752/737 3028/381/374
f 121/743/728 138/746/731 123/749/734 119/744/729
f 1398/681/668 1397/753/738 1416/754/739 1415/682/669
f 156/262/256 157/755/740 125/756/741 124/263/257
f 957/707/693 1447/757/742 1366/423/414 955/422/147
f 4208/758/743 4209/732/229 4210/727/713 4207/759/744
f 3901/760/745 3917/761/746 3918/762/747 3916/763/748
f 4213/726/712 4214/764/749 4207/759/744 4210/727/713
f 4147/414/407 4148/765/750 4150/766/751 4149/767/752
f 2111/768/753 2113/769/754 2112/770/755 2110/771/756
f 4231/427/418 4230/772/757 4242/773/758 4241/428/419
f 122/774/759 139/775/728 121/743/728 120/742/727
f 81/156/153 79/102/100 116/776/760 115/629/617
f 1384/271/265 1385/478/468 1346/637/625 1347/169/165
f 4294/777/761 4292/171/167 4297/307/301 4296/306/300
f 3794/778/762 3807/779/763 3798/780/764 3792/781/765
f 95/135/133 93/134/132 109/782/766 108/208/203
f 1916/783/767 1915/784/768 1931/785/769 1930/786/770
f 2654/787/771 2655/788/772 2806/789/773 2805/790/774
f 2608/791/775 2621/792/776 2610/793/777 2609/794/778
f 4274/475/465 4281/316/310 4277/495/485 4275/346/340
f 1376/701/278 1377/700/687 1354/795/779 1355/796/780
f 183/797/781 184/798/782 165/799/544 166/800/541
f 188/719/706 187/801/783 196/802/784 195/722/709
f 4118/803/785 4119/718/705 4120/717/704 4117/804/786
f 175/715/702 206/728/714 177/731/717 173/805/787
f 4245/806/788 4249/664/652 4250/693/680 4243/692/679
f 1982/807/789 2022/808/790 2020/565/553 1983/809/791
f 4107/810/792 4108/811/793 4106/812/794 4146/417/410
f 218/813/795 219/814/796 195/722/709 196/802/784
f 275/815/797 244/816/798 246/398/391 274/817/799
f 4108/811/793 4107/810/792 4110/818/800 4109/819/801
f 2685/820/802 2689/821/803 2688/822/804 2419/823/805
f 186/824/806 187/801/783 162/194/190 163/825/698
f 184/798/782 183/797/781 200/826/807 199/827/808
f 1295/828/809 1294/829/810 1355/796/780 1354/795/779
f 140/830/811 141/831/812 139/775/728 122/774/759
f 180/832/813 181/833/814 168/213/207 169/212/206
f 179/834/815 180/832/813 169/212/206 170/628/616
f 178/835/816 179/834/815 170/628/616 171/836/817
f 172/837/818 178/835/816 171/836/817 143/838/819
f 141/831/812 172/837/818 143/838/819 139/775/728
f 189/720/707 190/839/820 158/840/821 160/721/708
f 213/218/212 214/735/720 200/826/807 201/841/822
f 212/219/213 213/218/212 201/841/822 202/842/823
f 210/843/824 211/844/825 203/845/826 204/846/827
f 4109/819/801 4110/818/800 4112/847/828 4111/848/829
f 4142/849/496 4114/850/830 4112/847/828 4143/851/831
f 192/852/820 193/853/832 191/854/832 190/839/820
f 4217/128/126 4226/855/833 4227/445/436 4219/444/435
f 180/832/813 179/834/815 204/846/827 203/845/826
f 186/824/806 185/856/834 198/857/835 197/858/836
f 280/859/837 275/815/797 274/817/799 279/860/838
f 179/834/815 178/835/816 205/730/716 204/846/827
f 173/805/787 177/731/717 172/837/818 141/831/812
f 181/833/814 180/832/813 203/845/826 202/842/823
f 182/861/839 181/833/814 202/842/823 201/841/822
f 1311/862/840 1310/863/841 1339/864/842 1338/865/843
f 190/839/820 189/720/707 194/723/707 192/852/820
f 185/856/834 184/798/782 199/827/808 198/857/835
f 359/866/844 358/387/380 361/867/845 360/868/846
f 217/184/180 218/813/795 196/802/784 197/858/836
f 4115/869/847 4116/870/848 4118/803/785 4117/804/786
f 4151/415/408 4169/871/849 4170/872/850 4152/416/409
f 2913/873/851 2908/874/852 2916/875/853 2915/876/854
f 4145/877/855 4153/878/856 4154/879/857 4144/880/858
f 4182/107/105 4255/90/89 4256/881/859 4183/882/860
f 216/185/181 217/184/180 197/858/836 198/857/835
f 215/734/719 216/185/181 198/857/835 199/827/808
f 214/735/720 215/734/719 199/827/808 200/826/807
f 219/814/796 220/883/861 194/723/707 195/722/709
f 190/839/820 191/854/832 159/884/862 158/840/821
f 185/856/834 186/824/806 163/825/698 164/885/863
f 181/833/814 182/861/839 167/886/864 168/213/207
f 142/887/865 173/805/787 141/831/812 140/830/811
f 209/729/715 210/843/824 204/846/827 205/730/716
f 184/798/782 185/856/834 164/885/863 165/799/544
f 174/716/703 175/715/702 173/805/787 142/887/865
f 221/888/866 222/889/867 193/853/832 192/852/820
f 2249/890/868 2251/891/869 2239/892/870 2241/893/871
f 761/894/872 762/895/873 750/686/673 751/685/672
f 3418/896/874 3417/897/875 3423/898/876 3421/899/877
f 4157/533/522 4156/532/521 4155/557/545 4158/500/490
f 4203/129/127 4217/128/126 4219/444/435 4218/900/878
f 1377/700/687 1378/901/879 1353/625/613 1354/795/779
f 158/840/821 159/884/862 157/755/740 156/262/256
f 87/145/142 85/144/141 113/902/880 112/430/421
f 155/261/255 154/192/188 161/195/188 160/721/708
f 93/134/132 91/160/157 110/903/881 109/782/766
f 212/219/213 211/844/825 234/904/882 233/220/214
f 223/905/883 224/906/884 222/889/867 221/888/866
f 221/888/866 220/883/861 225/907/885 223/905/883
f 1385/478/468 1386/477/467 1345/638/626 1346/637/625
f 219/814/796 218/813/795 227/908/886 226/909/887
f 1382/910/888 1383/272/266 1348/168/164 1349/282/276
f 473/911/889 472/912/890 480/913/891 479/914/892
f 4220/915/893 4218/900/878 4219/444/435 4228/447/438
f 1684/916/894 1683/917/895 1688/918/896 1685/919/897
f 1155/920/389 1154/921/898 1190/922/899 1189/923/900
f 401/660/648 402/924/901 377/925/902 378/661/649
f 1119/926/389 1121/927/903 1120/928/904 1118/929/905
f 553/930/906 552/931/907 560/932/908 559/933/909
f 1776/934/910 1774/935/911 1785/936/912 1784/937/913
f 4220/915/893 4236/426/417 4237/938/914 4221/939/915
f 505/940/916 478/941/917 479/914/892 504/942/918
f 1868/943/919 1869/944/920 1863/945/921 1864/946/922
f 1912/554/542 1913/947/923 1886/948/924 1887/949/925
f 3706/950/926 3707/951/927 3721/952/928 3720/953/929
f 225/954/885 226/955/887 408/199/194 409/198/193
f 145/627/615 144/747/732 171/836/817 170/628/616
f 876/956/386 875/957/930 884/958/931 883/959/932
f 3773/586/574 3749/960/933 3774/961/934 3783/962/935
f 873/511/500 872/963/936 887/964/937 886/512/501
f 3006/965/938 3022/966/939 3023/967/940 3003/968/941
f 2276/969/942 2277/970/943 2275/971/944 2274/972/945
f 1602/973/946 1601/974/947 1607/975/948 1606/976/949
f 3035/650/638 3036/977/950 2871/978/951 2870/649/637
f 2836/979/952 2841/980/953 2835/981/954 2834/982/955
f 466/983/956 465/984/957 487/985/958 486/986/959
f 4049/987/960 4050/988/961 4052/989/962 4051/990/963
f 3764/991/964 3846/992/965 3847/993/966 3782/994/967
f 358/387/380 357/386/379 362/995/968 361/867/845
f 3911/996/969 3886/997/970 3885/998/971 3912/999/972
f 589/1000/973 601/241/235 591/242/236 587/1001/974
f 1895/1002/975 1896/1003/976 1894/1003/977 1839/1004/978
f 3327/1005/979 3337/1006/980 3323/1007/981 3336/1008/982
f 572/1009/983 583/1010/984 571/1011/985 570/1012/986
f 571/1011/985 563/1013/987 564/1014/988 570/1012/986
f 613/1015/989 332/1016/990 557/1017/991 558/1018/992
f 550/1019/993 549/1020/994 563/1013/987 562/1021/995
f 552/931/907 551/1022/996 561/1023/997 560/932/908
f 3907/1024/998 3890/1025/999 3889/1026/1000 3908/1027/1001
f 772/1028/1002 771/1029/1003 808/1030/1004 807/1031/1005
f 1897/1032/1006 1902/1033/1007 1896/1003/976 1895/1002/975
f 4220/915/893 4221/939/915 4202/13/13 4218/900/878
f 583/1010/984 584/1034/1008 580/1035/1009 571/1011/985
f 585/1036/1010 593/1037/1011 584/1034/1008 583/1010/984
f 153/193/189 152/711/698 163/825/698 162/194/190
f 600/26/26 608/25/25 599/1038/1012 592/1039/1013
f 344/405/398 283/33/33 301/32/32 302/1040/1014
f 269/1041/1015 256/1042/1016 258/1043/1017 268/1044/1018
f 616/1045/1019 620/1046/1020 617/1047/1021 388/1048/1022
f 388/1048/1022 617/1047/1021 392/1049/1023 389/1050/1024
f 4202/13/13 4200/12/12 4203/129/127 4218/900/878
f 2994/710/697 2977/1051/1025 2995/1052/1026 3026/1053/1027
f 606/1054/1028 618/1055/1029 607/23/23 601/241/235
f 51/6/6 52/5/5 50/36/36 49/35/35
f 4195/182/178 4196/1056/1030 4198/1057/1031 4197/270/264
f 139/775/728 143/838/819 138/746/731 121/743/728
f 3917/761/746 3919/1058/1032 3950/1059/1033 3918/762/747
f 387/1060/1034 616/1045/1019 388/1048/1022 386/1061/1035
f 367/1062/1036 366/1063/1037 386/1061/1035 385/1064/1038
f 4261/1065/1039 4262/1066/1040 4264/1067/1041 4263/1068/1042
f 4189/131/129 4191/1069/1043 4192/235/229 4190/132/130
f 249/1070/1044 250/372/365 248/371/364 247/397/390
f 271/1071/1045 282/31/31 277/34/34 272/373/366
f 340/1072/1046 339/70/69 350/1073/1047 349/1074/1048
f 352/1075/1049 387/1060/1034 353/1076/1050 350/1073/1047
f 2092/1077/1051 2105/1078/1052 2091/1079/1053 2090/1080/1054
f 4299/119/117 4301/1081/1055 4309/305/299 4298/304/298
f 3899/1082/1056 3933/1083/1057 3934/1084/1058 3900/1085/1059
f 299/1086/1060 285/1087/1061 286/1088/1062 298/1089/1063
f 1771/1090/1064 1772/1091/1065 1758/1092/1066 1759/1093/1067
f 2125/1094/1068 2124/1095/1069 2130/1096/1070 2133/1097/1071
f 596/1098/1072 559/933/909 560/932/908 595/1099/1073
f 2290/515/504 2291/514/503 2289/1100/1074 2286/1101/1075
f 549/1020/994 550/1019/993 541/1102/1076 542/1103/1077
f 2398/1104/1078 2400/1105/1079 2399/1106/1080 2397/1107/1081
f 841/1108/1082 840/1109/1083 896/1110/1084 895/1111/1085
f 4166/520/509 4168/1112/1086 4184/1113/1087 4167/521/510
f 2532/1114/1088 2531/1115/1089 2558/1116/1090 2557/1117/1091
f 1088/1118/1092 1092/1119/1093 1547/1120/1094 1048/1121/1095
f 4282/1122/1096 4279/474/202 4272/473/464 4271/1123/1097
f 550/1019/993 551/1022/996 540/1124/1098 541/1102/1076
f 2760/1125/1099 2761/1126/1100 2749/1127/1101 2748/1128/1102
f 3528/1129/1103 3530/1130/389 3531/1131/389 3529/1132/1104
f 4271/1123/1097 4258/1133/1105 4284/469/460 4282/1122/1096
f 268/1044/1018 258/1043/1017 260/1134/1106 267/1135/1107
f 149/244/238 148/243/237 167/886/864 166/800/541
f 281/1136/1108 282/31/31 271/1071/1045 270/1137/1109
f 1380/1138/1110 1381/1139/1111 1350/281/275 1351/1140/1112
f 4175/1141/1113 4183/882/860 4257/470/461 4177/1142/1114
f 614/24/24 615/1143/1115 352/1075/1049 351/69/68
f 4257/470/461 4183/882/860 4256/881/859 4285/471/462
f 597/518/507 612/1144/1116 596/1098/1072 595/1099/1073
f 4258/1133/1105 4177/1142/1114 4257/470/461 4284/469/460
f 3195/1145/1117 3197/1146/1118 3198/1147/1119 3196/1148/1120
f 3946/1149/1121 3923/1150/1122 3922/1151/1123 3947/1152/1124
f 1642/1153/1125 1644/1154/1126 1643/1155/1127 1641/1156/1128
f 591/242/236 600/26/26 592/1039/1013 586/1157/1129
f 3707/951/927 3708/1158/1130 3730/1159/1131 3721/952/928
f 4266/1160/1132 4269/345/339 4270/348/342 4268/1161/1133
f 331/1162/1134 309/1163/1135 310/1164/1136 330/1165/1137
f 2653/1166/1138 2654/787/771 2805/790/774 2804/1167/1139
f 1148/1168/1140 1147/1169/1140 1197/1170/1141 1196/1171/1142
f 612/1144/1116 333/1172/1143 613/1015/989 596/1098/1072
f 3970/1173/1144 3968/1174/1145 3967/1175/1146 3972/1176/1144
f 551/1022/996 552/931/907 539/1177/1147 540/1124/1098
f 3603/1178/1148 3580/1179/1149 3579/1180/1150 3604/1181/1151
f 3605/1182/1152 3578/1183/1153 3577/1184/1154 3606/1185/1155
f 495/1186/1156 494/1187/1157 518/1188/1158 517/1189/1159
f 499/1190/1160 500/1191/1161 483/1192/1162 484/1193/1163
f 4157/533/522 4175/1141/1113 4177/1142/1114 4176/534/523
f 2107/1194/1164 2109/1195/1165 2108/1196/1166 2105/1078/1052
f 496/1197/1167 495/1186/1156 517/1189/1159 516/1198/1168
f 1908/1199/698 1910/1200/1169 1909/1201/1170 1907/1202/1171
f 552/931/907 553/930/906 538/1203/1172 539/1177/1147
f 556/1204/1173 555/536/525 557/1017/991 326/1205/1174
f 613/1015/989 558/1018/992 559/933/909 596/1098/1072
f 3947/1152/1124 3957/1206/1175 3958/1207/1176 3946/1149/1121
f 1818/1208/1177 1820/1209/1178 1819/1210/1179 1817/1211/1180
f 3771/1212/1181 3752/1213/1182 3751/584/572 3772/583/571
f 3234/1214/1183 3236/1215/1184 3237/1216/1185 3235/1217/1186
f 1837/1218/1187 1838/1219/1188 1836/1220/1189 1794/1218/1190
f 4159/499/489 4160/558/546 4162/1221/1191 4161/526/515
f 4131/1222/1192 4129/1223/1193 4130/1224/1194 4139/1225/1195
f 4129/1223/1193 4131/1222/1192 4132/1226/1196 4128/1227/1197
f 4178/559/547 4176/534/523 4177/1142/1114 4258/1133/1105
f 305/1228/1198 312/1229/1199 306/1230/1200 304/1231/1201
f 2664/1232/1202 2663/1233/1203 2711/1234/1204 2710/1235/1205
f 2134/1236/427 2101/1237/430 2128/1238/1206 2132/1239/1207
f 300/1240/1208 303/1241/1209 302/1040/1014 301/32/32
f 3423/898/876 3425/1242/1210 3426/1243/1211 3424/1244/1212
f 4178/559/547 4259/1245/1213 4260/1246/1214 4179/560/548
f 343/505/495 344/405/398 302/1040/1014 308/1247/1215
f 1367/1248/1216 1366/423/414 1447/757/742 1446/1249/1217
f 341/1250/1218 342/1251/1219 309/1163/1135 331/1162/1134
f 691/1252/1220 689/740/725 739/741/726 738/608/596
f 339/70/69 340/1072/1046 338/1253/1221 337/67/66
f 602/1254/1222 606/1054/1028 601/241/235 589/1000/973
f 4260/1246/1214 4259/1245/1213 4262/1066/1040 4261/1065/1039
f 4265/1255/1223 4266/1160/1132 4268/1161/1133 4267/1256/1224
f 308/1247/1215 302/1040/1014 303/1241/1209 307/1257/1225
f 211/844/825 210/843/824 235/1258/1226 234/904/882
f 4144/880/858 4154/879/857 4155/557/545 4143/851/831
f 609/68/67 610/1259/1227 599/1038/1012 608/25/25
f 342/1251/1219 341/1250/1218 348/1260/1228 347/1261/1229
f 277/34/34 278/1262/1230 273/370/363 272/373/366
f 307/1257/1225 310/1164/1136 309/1163/1135 308/1247/1215
f 618/1055/1029 615/1143/1115 614/24/24 607/23/23
f 283/33/33 284/404/397 278/1262/1230 277/34/34
f 4/642/630 6/51/51 5/54/54 3/643/631
f 2357/1263/1231 2358/1264/1232 2192/1265/1233 2193/1266/1234
f 1508/1267/1235 1509/1268/1236 1491/1269/1237 1492/1270/1238
f 615/1143/1115 616/1045/1019 387/1060/1034 352/1075/1049
f 278/1262/1230 279/860/838 274/817/799 273/370/363
f 355/1271/1239 356/1272/1240 347/1261/1229 348/1260/1228
f 356/1272/1240 357/386/379 346/389/382 347/1261/1229
f 3185/1273/1241 3186/1274/103 3188/1275/1242 3187/1276/1243
f 354/1277/1244 355/1271/1239 348/1260/1228 349/1074/1048
f 274/817/799 246/398/391 248/371/364 273/370/363
f 353/1076/1050 387/1060/1034 386/1061/1035 366/1063/1037
f 4139/1225/1195 4130/1224/1194 4141/1278/1245 4140/531/520
f 354/1277/1244 353/1076/1050 366/1063/1037 365/1279/1246
f 2138/1280/1247 2155/1281/1248 2154/1282/1249 2140/1283/1250
f 605/1284/1251 622/1285/1252 604/1286/1253 603/1287/1254
f 356/1272/1240 355/1271/1239 364/1288/1255 363/1289/1256
f 177/731/717 205/730/716 178/835/816 172/837/818
f 245/399/392 246/398/391 244/816/798 243/1290/1257
f 619/1291/1258 604/1286/1253 622/1285/1252 621/1292/1259
f 4128/1227/1197 4122/697/684 4119/718/705 4129/1223/1193
f 4241/428/419 4242/773/758 4244/1293/1260 4243/692/679
f 243/1290/1257 244/816/798 242/1294/1261 241/1295/1262
f 370/1296/1263 371/1297/1264 362/995/968 363/1289/1256
f 1983/809/791 1984/1298/1265 1981/1299/1266 1982/807/789
f 368/1300/1267 369/1301/1268 364/1288/1255 365/1279/1246
f 388/1048/1022 389/1050/1024 385/1064/1038 386/1061/1035
f 2181/1302/1269 2182/1303/1270 2180/1304/1271 2179/1305/1272
f 623/1306/1273 624/1307/1274 622/1285/1252 605/1284/1251
f 370/1296/1263 369/1301/1268 381/1308/1275 380/1309/1276
f 383/1310/620 367/1062/1036 385/1064/1038 384/1311/1277
f 3717/1312/1278 3719/1313/1279 3745/1314/1280 3718/1315/177
f 1600/1316/1281 1599/1317/1282 1609/1318/1283 1608/1319/1284
f 292/1320/1285 317/1321/1286 294/1322/1287 290/1323/1288
f 3864/1324/1289 3887/1325/1290 3888/1326/1291 3862/1327/1292
f 1222/1328/1293 1223/1329/1294 1180/1330/1295 1181/1331/1296
f 1601/974/947 1600/1316/1281 1608/1319/1284 1607/975/948
f 4130/1224/1194 4118/803/785 4116/870/848 4141/1278/1245
f 4141/1278/1245 4116/870/848 4114/850/830 4142/849/496
f 1019/1332/1297 1018/1333/1298 1042/1334/1299 1041/1335/1300
f 4292/171/167 4294/777/761 4295/1336/1301 4293/172/168
f 330/1165/1137 329/1337/1302 334/1338/1303 335/1339/1304
f 1798/1340/1305 1797/1341/1306 1834/1342/1307 1833/1343/1308
f 300/1240/1208 281/1136/1108 285/1087/1061 299/1086/1060
f 373/1344/1309 372/1345/1310 378/1346/649 377/1347/902
f 389/1050/1024 390/1348/1311 384/1311/1277 385/1064/1038
f 375/1349/1312 240/1350/336 242/1294/1261 276/1351/1313
f 4037/1352/1314 4034/1353/1315 4038/1354/1316 4043/1355/1317
f 371/1297/1264 370/1296/1263 380/1309/1276 379/1356/650
f 4001/1357/1318 4002/1358/1319 4004/1359/1320 4003/1360/1321
f 4205/1361/1322 4215/1362/1323 4216/127/125 4204/126/124
f 4207/759/744 4214/764/749 4215/1362/1323 4205/1361/1322
f 2358/1264/1232 2357/1263/1231 2367/1363/1324 2366/1364/1325
f 2346/1365/1326 2347/1366/1327 2345/1367/1328 2341/1368/1329
f 4237/938/914 4236/426/417 4239/429/420 4238/1369/1330
f 1485/1370/1331 1484/1371/1332 1493/1372/1333 1492/1270/1238
f 3154/1373/1334 3084/1374/1335 3153/1375/1336 3158/1376/850
f 4127/1377/1337 4124/698/685 4122/697/684 4128/1227/1197
f 4197/270/264 4198/1057/1031 4200/12/12 4199/11/11
f 3264/1378/1338 3266/1379/1339 3267/1380/1340 3265/1381/1341
f 471/1382/1342 472/912/890 437/1383/1343 439/1384/1344
f 1454/1385/1345 1453/1386/1346 1592/1387/1347 1590/1388/1348
f 1918/618/606 1919/1389/1349 1880/1389/1350 1881/619/607
f 782/1390/1351 781/1391/1352 798/1392/1353 797/1393/1354
f 4128/1227/1197 4132/1226/1196 4133/1394/1355 4127/1377/1337
f 3313/1395/1356 3289/1396/1357 3314/1397/1358 3316/1398/1359
f 373/1344/1309 377/1347/902 376/1399/1360 374/1400/1361
f 374/1400/1361 280/859/837 360/868/846 373/1344/1309
f 1666/1401/1362 1668/1402/1363 1667/1403/1364 1665/1404/1365
f 620/1046/1020 619/1291/1258 621/1292/1259 617/1047/1021
f 3298/1405/1366 3294/1406/1367 3299/1407/1368 3349/1408/1369
f 2022/808/790 2023/1409/1370 2021/566/554 2020/565/553
f 360/868/846 280/859/837 279/860/838 359/866/844
f 280/859/837 374/1400/1361 276/1351/1313 275/815/797
f 374/1400/1361 376/1399/1360 375/1349/1312 276/1351/1313
f 962/1410/1371 963/1411/1372 961/298/292 960/1412/1373
f 4145/877/855 4107/810/792 4146/417/410 4152/416/409
f 4247/1413/1374 4248/665/653 4249/664/652 4245/806/788
f 2425/1414/1375 2686/1415/1376 2685/820/802 2420/1416/1377
f 1452/1417/1378 1451/1418/1379 1594/1419/1380 1593/1420/1381
f 368/1300/1267 367/1062/1036 383/1310/620 382/1421/619
f 371/1297/1264 372/1345/1310 361/867/845 362/995/968
f 4146/417/410 4106/812/794 4148/765/750 4147/414/407
f 4229/446/437 4230/772/757 4231/427/418 4228/447/438
f 4100/1422/1382 4040/1423/1383 4041/1424/1384 4105/1425/1385
f 2977/1051/1025 2994/710/697 2978/710/696 2976/1426/1386
f 1896/1003/976 1898/1427/1387 1893/1428/1388 1894/1003/977
f 3375/1429/1389 3359/1430/1390 3374/1431/1391 3395/1432/1392
f 2641/1433/1393 2642/1434/1394 2636/1435/1395 2638/1436/1396
f 628/1437/1397 630/1438/1398 626/1439/1399 627/1440/1400
f 4113/1441/1401 4114/850/830 4116/870/848 4115/869/847
f 1455/1442/1402 1454/1385/1345 1590/1388/1348 1591/1443/1403
f 269/1041/1015 285/1087/1061 281/1136/1108 270/1137/1109
f 4214/764/749 4223/1444/1404 4224/1445/1405 4215/1362/1323
f 4111/848/829 4112/847/828 4114/850/830 4113/1441/1401
f 207/714/701 208/1446/1406 206/728/714 175/715/702
f 2004/1447/1407 2008/1448/1408 2007/1449/1409 2003/1450/1410
f 3244/1451/1411 3241/1452/1412 3243/1453/1413 3246/1454/1414
f 76/1455/1415 117/1456/1416 77/101/99 72/139/137
f 4127/1377/1337 4133/1394/1355 4135/652/640 4134/651/639
f 150/247/241 149/244/238 166/800/541 165/799/544
f 218/813/795 217/184/180 228/187/183 227/908/886
f 3710/600/588 3699/599/587 3711/1457/1417 3727/1458/1418
f 2665/1459/1419 2664/1232/1202 2710/1235/1205 2709/1460/1420
f 4011/1461/1421 4012/1462/1422 4009/1463/1423 4010/1464/1424
f 4042/1465/1425 4105/1425/1385 4041/1424/1384
f 4103/1466/1426 4105/1425/1385 4042/1465/1425
f 1619/1467/1427 1620/1468/1428 1618/1469/1429 1616/1470/1430
f 4104/1471/1431 4103/1466/1426 4042/1465/1425
f 2131/1472/1432 2132/1239/1207 2130/1096/1070 2129/1473/1433
f 2302/1474/1434 2304/1475/1435 2303/1476/1436 2301/1477/1437
f 2134/1236/427 2135/1478/1438 2100/1479/1439 2099/1480/1440
f 4035/1481/1441 4034/1353/1315 4037/1352/1314 4036/1482/1442
f 4082/1483/1443 4083/1484/1444 4085/1485/1445 4084/1486/1446
f 2036/1487/1447 2016/1488/1448 2017/1489/1449 2035/1490/1450
f 4040/1423/1383 4035/1481/1441 4036/1482/1442 4041/1424/1384
f 556/1204/1173 325/1491/1451 534/1492/1452 535/1493/1453
f 553/930/906 554/535/524 537/538/527 538/1203/1172
f 1230/1494/1454 1231/1495/1455 1172/1496/1456 1173/1497/1457
f 833/1498/1458 832/1499/1459 904/1500/1460 903/1501/1461
f 1729/1502/1462 1732/1503/1463 1728/1504/1464 1727/1505/1465
f 1105/1506/1140 1107/1507/1466 1106/1508/1467 1104/1509/1140
f 828/1510/306 829/1511/1468 817/1512/1469 818/1513/1470
f 3388/1514/1471 3381/1515/1472 3389/1516/1473 3418/896/874
f 3994/1517/1474 3992/1518/1475 3991/1519/1476 3996/1520/1477
f 4092/1521/1478 4073/1522/1479 4093/1523/1480 4094/1524/1481
f 1851/1525/1482 1850/1526/1483 1859/1527/1484 1858/1528/1485
f 4060/1529/1486 4061/1530/1487 4073/1522/1479 4092/1521/1478
f 3399/1531/1488 3371/524/513 3370/523/512 3400/1532/1489
f 1162/1533/532 1161/1534/1490 1183/1535/1491 1182/1536/1492
f 298/1089/1063 305/1228/1198 304/1231/1201 299/1086/1060
f 548/1537/1493 549/1020/994 542/1103/1077 543/1538/1494
f 940/1539/1495 941/1540/1496 939/1541/1497 926/1542/1498
f 312/1229/1199 328/1543/1499 311/1544/1500 306/1230/1200
f 853/355/349 852/1545/1501 861/1546/399 860/356/350
f 4073/1522/1479 4072/1547/1502 4074/1548/544 4093/1523/1480
f 4072/1547/1502 4063/1549/1503 4071/1550/541 4074/1548/544
f 2829/1551/1504 2823/1552/1505 2821/1553/1506 2828/1554/1507
f 4053/1555/1508 4051/990/963 4052/989/962 4062/1556/1509
f 1700/1557/1510 1702/1558/1511 1701/1559/1512 1699/1560/1513
f 397/1561/1514 393/1562/192 625/1563/1515 624/1307/1274
f 1150/1564/1516 1194/1565/1517 1193/1566/1518 1151/1567/389
f 4092/1521/1478 4094/1524/1481 4089/1568/1519 4091/1569/1520
f 4019/1570/1521 4018/1571/1522 4017/1572/1523 4031/1573/1524
f 785/1574/1525 786/1575/1526 726/1576/1527 727/268/262
f 788/678/666 789/1577/1528 723/1578/1529 722/679/667
f 4071/1550/541 4070/1579/237 4013/1580/1530 4075/1581/1531
f 498/1582/1532 497/1583/1533 515/1584/1534 514/1585/1535
f 1805/1586/1536 1810/1587/1537 1806/1588/1538 1781/1589/1539
f 551/1022/996 550/1019/993 562/1021/995 561/1023/997
f 464/1590/1540 463/1591/1541 489/1592/1542 488/1593/1543
f 2251/891/869 2249/890/868 2260/1594/1544 2259/1595/1545
f 2724/1596/1546 2723/1597/1547 2730/1598/1548 2729/1599/1549
f 1296/624/612 1297/623/611 1270/1600/1550 1271/1601/1551
f 3763/1602/1552 3759/1603/1553 3764/991/964 3782/994/967
f 4086/1604/1554 4095/1605/1555 4096/1606/1556 4084/1486/1446
f 3073/1607/1557 2965/1608/1558 2966/1609/1559 3074/1610/1560
f 4304/269/263 4303/121/119 4286/472/463 4285/471/462
f 2957/1611/1561 2971/1612/1562 2958/1613/1563 2948/1614/1564
f 3288/1615/1565 3272/1616/1566 3289/1396/1357 3313/1395/1356
f 2922/1617/1567 2929/1618/1568 2923/1619/1569 2914/1620/1570
f 3011/1621/1571 3019/1622/1572 3020/1623/1573 3010/1624/1574
f 4008/1625/1575 4015/1626/1576 4016/1627/1577 4006/1628/1578
f 1560/1629/1579 1562/1630/1580 1561/1631/1581 1559/1632/1582
f 638/1633/1583 640/1634/1584 639/288/282 637/1635/1585
f 1576/1636/1586 1578/1637/1587 1577/1638/1588 1575/1639/1589
f 3914/1640/1590 3921/1641/1591 3922/1151/1123 3913/1642/1592
f 3596/1643/1593 3587/1644/1594 3586/215/209 3597/214/208
f 1378/901/879 1379/1645/1595 1352/626/614 1353/625/613
f 1482/1646/1596 1483/1647/1597 1412/154/151 1413/604/592
f 1450/1648/1598 1449/1649/1599 1596/1650/1600 1595/1651/1601
f 4088/1652/1602 4090/1653/1603 4091/1569/1520 4089/1568/1519
f 4090/1653/1603 4058/1654/1604 4059/1655/1605 4091/1569/1520
f 931/1656/1606 932/1657/1607 917/1658/1346 918/1659/1608
f 2986/1660/1609 3071/1661/1610 3070/1662/1611 3072/1663/1612
f 1463/1664/1613 1464/1665/1614 1431/1666/1615 1432/1667/1616
f 265/1668/1617 290/1323/1288 263/1669/1618 264/1670/1619
f 1740/1671/1620 1731/1672/1621 1728/1504/1464 1732/1503/1463
f 4005/1673/1622 4007/1674/1623 4008/1625/1575 4006/1628/1578
f 1484/1371/1332 1485/1370/1331 1410/1675/1624 1411/155/152
f 1386/477/467 1387/1676/1625 1344/1677/1626 1345/638/626
f 291/1678/1627 292/1320/1285 290/1323/1288 265/1668/1617
f 2144/1679/1628 2152/1680/1629 2151/1681/1630 2146/1682/1631
f 3987/1683/1632 4083/1484/1444 4082/1483/1443
f 545/1684/1633 546/1685/1634 544/1686/1635 522/1687/1636
f 2526/1688/1637 2525/1689/1638 2528/1690/1639 2527/1691/1640
f 4081/1692/1641 3987/1683/1632 4082/1483/1443
f 4080/1693/1642 3987/1683/1632 4081/1692/1641
f 4078/1694/1643 3987/1683/1632 4080/1693/1642
f 289/1695/1644 295/1696/1645 288/1697/1646 262/1698/1107
f 4008/1625/1575 4007/1674/1623 4010/1464/1424 4009/1463/1423
f 1483/1647/1597 1482/1646/1596 1495/1699/1647 1494/1700/1648
f 3987/1683/1632 4078/1694/1643 4077/1701/1649
f 4011/1461/1421 3987/1683/1632 4077/1701/1649
f 228/1702/183 406/1703/1650 407/1704/1651 227/1705/886
f 2478/1706/1652 2479/1707/1653 2469/1708/1654 2477/1709/1655
f 2659/1710/1656 2658/1711/1657 2716/1712/1658 2715/1713/1659
f 625/1563/1515 393/1562/192 391/1714/191 392/1049/1023
f 2762/1715/1660 2763/1716/1661 2761/1126/1100 2760/1125/1099
f 4070/1579/237 4071/1550/541 4063/1549/1503 4064/1717/1662
f 4068/1718/1663 4015/1626/1576 4014/1719/1664 4069/1720/1665
f 2343/1721/1666 2342/1722/1667 2344/1723/1668 2195/1724/1669
f 4098/1725/1670 4079/1726/1671 4097/1727/1672 4099/1728/1673
f 4079/1726/1671 4098/1725/1670 4075/1581/1531 4076/1729/1674
f 4065/1730/1675 4069/1720/1665 4070/1579/237 4064/1717/1662
f 4066/1731/1676 4068/1718/1663 4069/1720/1665 4065/1730/1675
f 4039/1732/1677 4032/1733/1678 4068/1718/1663 4066/1731/1676
f 2138/1280/1247 2139/1734/1679 2100/1479/1439 2136/1735/1680
f 4074/1548/544 4098/1725/1670 4099/1728/1673 4093/1523/1480
f 4062/1556/1509 4072/1547/1502 4073/1522/1479 4061/1530/1487
f 1323/540/529 1324/1736/1681 1244/1737/1682 1243/541/530
f 663/283/277 665/684/671 664/1738/1683 662/1739/1684
f 226/955/887 227/1705/886 407/1704/1651 408/199/194
f 4049/987/960 4051/990/963 4042/1465/1425
f 4047/1740/1685 4049/987/960 4042/1465/1425
f 4002/1358/1319 4005/1673/1622 4006/1628/1578 4004/1359/1320
f 4054/1741/1686 4053/1555/1508 4062/1556/1509 4061/1530/1487
f 255/1742/1687 256/1042/1016 254/1743/1688 253/1744/1689
f 1850/1526/1483 1851/1525/1482 1824/1745/1690 1825/1526/1691
f 927/1746/1692 925/1747/1693 939/1541/1497 938/1748/1694
f 4009/1463/1423 4014/1719/1664 4015/1626/1576 4008/1625/1575
f 1899/1749/1695 1898/1427/1387 1901/94/93 1900/93/92
f 2026/1750/1696 2027/1751/1697 2025/1752/1698 2024/1753/1699
f 2142/1754/1700 2143/1755/1701 2141/1756/1702 2140/1283/1250
f 2588/324/318 2561/323/317 2563/1757/1703 2587/1758/1704
f 4034/1353/1315 4030/1759/1705 4033/1760/1706 4038/1354/1316
f 790/1761/1707 791/1762/1708 789/1577/1528 788/678/666
f 2135/1478/1438 2134/1236/427 2132/1239/1207 2131/1472/1432
f 4013/1580/1530 4012/1462/1422 4076/1729/1674 4075/1581/1531
f 4048/1763/1709 4047/1740/1685 4046/1764/1710 4067/1765/1711
f 2892/1766/1712 2919/1767/1713 2918/1768/1714 2894/1769/1715
f 1794/1218/1190 1836/1220/1189 1793/1220/1716 1792/1770/1717
f 2819/1771/1718 2825/1772/1719 2818/1773/1720 2817/1774/1721
f 1237/1775/1722 1236/1776/1723 1249/1777/1724 1248/1778/1725
f 1222/1328/1293 1221/1779/1726 1264/1780/1727 1263/1781/1728
f 783/1782/1729 782/1390/1351 797/1393/1354 796/1783/1730
f 4043/1355/1317 4038/1354/1316 4044/1784/1731 4045/1785/1732
f 220/883/861 219/814/796 226/909/887 225/907/885
f 1394/1786/1733 1395/1787/1734 1336/1788/1735 1337/1789/1736
f 395/1790/1737 236/1791/1738 208/1792/1406 394/1793/1739
f 4012/1462/1422 4011/1461/1421 4077/1701/1649 4076/1729/1674
f 1840/1794/1740 1838/1219/1188 1894/1003/977 1893/1428/1388
f 1841/1795/1741 1840/1794/1740 1893/1428/1388 1892/1796/1742
f 2284/1797/1743 2288/1798/1744 2267/1799/1745 2268/1800/1746
f 400/659/647 399/1801/1747 232/1802/215 233/1803/214
f 210/843/824 209/729/715 236/1804/1738 235/1258/1226
f 4042/1465/1425 4056/1805/1748 4057/1806/1749
f 4275/346/340 4277/495/485 4278/1807/1750 4276/347/341
f 432/615/603 415/1808/1751 417/1809/1752 431/1810/1753
f 4240/1811/1754 4250/693/680 4249/664/652 4251/663/651
f 3027/378/371 2994/710/697 3026/1053/1027 3025/379/372
f 4055/1812/1755 4056/1805/1748 4042/1465/1425
f 4054/1741/1686 4055/1812/1755 4042/1465/1425
f 223/1813/883 225/954/885 409/198/193 410/1814/1756
f 4053/1555/1508 4054/1741/1686 4042/1465/1425
f 4051/990/963 4053/1555/1508 4042/1465/1425
f 229/1815/182 230/1816/722 404/634/622 405/633/621
f 1847/384/1757 1846/1817/1758 1863/945/921 1862/1818/1759
f 229/1815/182 405/633/621 406/1703/1650 228/1702/183
f 1876/1819/1760 1877/1820/1761 1856/1821/1762 1855/1822/1763
f 4077/1701/1649 4078/1694/1643 4079/1726/1671 4076/1729/1674
f 402/924/901 401/660/648 234/1823/882 235/1824/1226
f 237/344/338 238/343/337 207/1825/701 176/1826/700
f 4042/1465/1425 4046/1764/1710 4047/1740/1685
f 4045/1785/1732 4046/1764/1710 4042/1465/1425
f 4043/1355/1317 4045/1785/1732 4042/1465/1425
f 4055/1812/1755 4054/1741/1686 4061/1530/1487 4060/1529/1486
f 3095/1827/1764 3096/1828/1765 3097/1829/1766 3094/1830/1767
f 259/1831/1768 260/1134/1106 258/1043/1017 257/1832/1769
f 2755/1833/1770 2773/1834/1771 2772/176/172 2771/1835/1772
f 313/1836/1773 327/1837/1774 312/1229/1199 305/1228/1198
f 4056/1805/1748 4055/1812/1755 4060/1529/1486 4059/1655/1605
f 4042/1465/1425 4037/1352/1314 4043/1355/1317
f 2674/1838/1775 2673/1839/1776 2701/1840/1777 2700/1841/1778
f 2339/1842/1779 2340/1843/1780 2337/1844/1781 2338/1845/1782
f 4036/1482/1442 4037/1352/1314 4042/1465/1425
f 4041/1424/1384 4036/1482/1442 4042/1465/1425
f 3955/1846/1783 3952/1847/1784 3954/1848/1144 3984/1849/1144
f 2809/1850/1785 2811/294/288 2810/297/291 2808/1851/1786
f 3992/1518/1475 3994/1517/1474 3995/1852/1787 3993/1853/1788
f 327/1837/1774 332/1016/990 328/1543/1499 312/1229/1199
f 3439/1854/1789 3441/1855/1790 3442/1856/1791 3438/1857/1792
f 4084/1486/1446 4085/1485/1445 4087/1858/1793 4086/1604/1554
f 4089/1568/1519 4094/1524/1481 4095/1605/1555 4086/1604/1554
f 4017/1572/1523 4018/1571/1522 4003/1360/1321 4004/1359/1320
f 4057/1806/1749 4056/1805/1748 4059/1655/1605 4058/1654/1604
f 3856/1859/1794 3857/1860/389 3859/1861/389 3858/1862/1795
f 1485/1370/1331 1486/1863/665 1409/591/579 1410/1675/1624
f 4033/1760/1706 4031/1573/1524 4032/1733/1678 4039/1732/1677
f 3319/1864/1796 3320/1865/1797 3321/1866/1798 3325/1867/1799
f 569/1868/1800 570/1012/986 564/1014/988 565/1869/1801
f 4030/1759/1705 4019/1570/1521 4031/1573/1524 4033/1760/1706
f 3980/1870/1144 3959/1871/1802 3958/1207/1176 3981/1872/1144
f 1308/1873/1803 1309/1874/1804 1258/1875/1805 1259/1876/1806
f 1771/1090/1064 1774/935/911 1773/1877/1807 1772/1091/1065
f 656/1878/1808 655/1879/1809 916/1880/1810 756/1881/1811
f 3414/412/405 3393/400/393 3413/403/396 3430/1882/1812
f 2664/1232/1202 2665/1459/1419 2549/1883/1813 2550/1884/1814
f 3562/1885/1815 3559/1886/1816 3557/1887/1817 3564/1888/1818
f 2333/441/432 2296/440/431 2298/1889/1819 2301/1477/1437
f 3858/1862/1795 3890/1025/999 3891/1890/1820 3856/1859/1794
f 1298/1891/1821 1299/280/274 1268/1892/1822 1269/1893/1823
f 4028/1894/1824 4021/1895/1825 4020/1896/1826 4029/1897/1827
f 2045/1898/1828 2050/275/269 2049/278/272 2047/1899/1829
f 3998/1900/1830 4020/1896/1826 4021/1895/1825 3997/1901/1831
f 4025/1902/1832 4023/1903/1833 4022/1904/1834 4027/1905/1835
f 4027/1905/1835 4022/1904/1834 4021/1895/1825 4028/1894/1824
f 1850/1526/1483 1849/690/677 1860/1906/1836 1859/1527/1484
f 1873/620/1837 1872/1907/1838 1883/1908/1839 1882/620/608
f 1238/1909/1840 1237/1775/1722 1248/1778/1725 1247/1910/1841
f 4023/1903/1833 4025/1902/1832 4026/1911/1842 4024/1912/1843
f 3996/1520/1477 3991/1519/1476 3990/1913/1844 3997/1901/1831
f 3719/1313/1279 3746/1914/1845 3747/1915/1846 3745/1314/1280
f 4029/1897/1827 4020/1896/1826 4019/1570/1521 4030/1759/1705
f 4030/1759/1705 4034/1353/1315 4035/1481/1441 4029/1897/1827
f 3987/1683/1632 4007/1674/1623 4005/1673/1622
f 4002/1358/1319 3987/1683/1632 4005/1673/1622
f 224/1916/884 223/1813/883 410/1814/1756 398/1917/1847
f 4232/1918/1848 4213/726/712 4212/725/711 4233/1919/1849
f 399/1801/1747 403/1920/1850 231/1921/721 232/1802/215
f 4065/1730/1675 4048/1763/1709 4067/1765/1711 4066/1731/1676
f 332/1016/990 613/1015/989 333/1172/1143 328/1543/1499
f 4059/1655/1605 4060/1529/1486 4092/1521/1478 4091/1569/1520
f 4038/1354/1316 4033/1760/1706 4039/1732/1677 4044/1784/1731
f 4066/1731/1676 4067/1765/1711 4044/1784/1731 4039/1732/1677
f 569/1868/1800 573/1922/1851 572/1009/983 570/1012/986
f 3614/1923/1852 3655/1924/1853 3656/1925/1854 3612/1926/1855
f 1685/919/897 1636/1927/1856 1671/1928/1857 1684/916/894
f 3566/1929/1858 3553/1930/1859 3551/1931/1860 3567/1932/1861
f 4062/1556/1509 4052/989/962 4063/1549/1503 4072/1547/1502
f 4064/1717/1662 4050/988/961 4048/1763/1709 4065/1730/1675
f 241/1295/1262 242/1294/1261 240/1350/336 239/1933/335
f 3987/1683/1632 4011/1461/1421 4010/1464/1424
f 4007/1674/1623 3987/1683/1632 4010/1464/1424
f 4101/1934/1862 4103/1466/1426 4104/1471/1431 4102/1935/1863
f 3862/1327/1292 3888/1326/1291 3889/1026/1000 3860/1936/1864
f 4079/1726/1671 4078/1694/1643 4080/1693/1642 4097/1727/1672
f 4096/1606/1556 4097/1727/1672 4080/1693/1642 4081/1692/1641
f 4084/1486/1446 4096/1606/1556 4081/1692/1641 4082/1483/1443
f 1767/1937/1865 1768/1938/1866 1761/1939/1867 1762/1940/1868
f 1675/1941/1869 1674/1942/1870 1723/1943/1871 1722/1944/1872
f 1965/1945/1873 1967/1946/1874 1966/1947/1875 1964/1948/1876
f 3987/1683/1632 4002/1358/1319 4001/1357/1318
f 4000/1949/1877 3987/1683/1632 4001/1357/1318
f 3989/1950/1878 3987/1683/1632 4000/1949/1877
f 389/1050/1024 392/1049/1023 391/1714/191 390/1348/1311
f 4029/1897/1827 4035/1481/1441 4040/1423/1383 4028/1894/1824
f 1554/1951/1879 1556/1952/1880 1555/1953/1881 1553/1954/1882
f 3790/1955/319 3791/1956/1883 3793/1957/1884 3792/781/765
f 530/1958/1885 529/1959/1886 537/538/527 536/537/526
f 384/1960/1277 390/1961/1311 407/1704/1651 406/1703/1650
f 3521/1962/1887 3522/1963/1888 3606/1185/1155 3577/1184/1154
f 2018/568/556 2019/567/555 2017/1489/1449 2015/1964/1889
f 525/1965/1890 524/1966/1891 542/1103/1077 541/1102/1076
f 1626/1967/1892 1625/1968/1893 1630/1969/1894 1628/1970/1895
f 2921/1971/1896 2930/1972/1897 2922/1617/1567 2915/876/854
f 4028/1894/1824 4040/1423/1383 4100/1422/1382 4027/1905/1835
f 4027/1905/1835 4100/1422/1382 4101/1934/1862 4025/1902/1832
f 3990/1913/1844 3989/1950/1878 4000/1949/1877 3999/1973/1898
f 1842/1974/1899 1891/1975/1900 1866/1976/1901 1843/1977/1902
f 1680/1978/1903 1679/1979/1904 1718/1980/1905 1717/1981/1906
f 1840/1794/1740 1841/1795/1741 1834/1342/1307 1835/1794/1907
f 4025/1902/1832 4101/1934/1862 4102/1935/1863 4026/1911/1842
f 3620/1982/1908 3652/1983/1909 3653/1984/1910 3618/1985/1911
f 1872/1907/1838 1871/1986/1912 1884/1987/1913 1883/1908/1839
f 2065/1988/1914 2068/1989/1915 2067/1990/1916 2064/1991/1917
f 396/1992/1918 397/1561/1514 624/1307/1274 623/1306/1273
f 3987/1683/1632 3989/1950/1878 3988/1993/1919
f 3986/1994/1920 3987/1683/1632 3988/1993/1919
f 3985/1995/1921 3987/1683/1632 3986/1994/1920
f 3559/1886/1816 3562/1885/1815 3563/1996/1922 3561/1997/1923
f 3569/1998/1924 3547/1999/1925 3545/2000/1926 3570/2001/1927
f 3874/2002/1928 3875/2003/389 3877/2004/389 3876/2005/1929
f 3872/2006/1930 3873/2007/389 3875/2003/389 3874/2002/1928
f 3620/1982/1908 3621/2008/1144 3623/2009/1144 3622/2010/1931
f 2175/2011/1932 2176/2012/1933 2174/2013/1934 2173/2014/1935
f 3870/2015/1936 3871/2016/389 3873/2007/389 3872/2006/1930
f 3976/2017/1144 3963/2018/1937 3962/2019/1938 3977/2020/1144
f 3866/2021/1939 3867/2022/389 3869/2023/389 3868/2024/1940
f 4180/110/108 4253/85/84 4254/88/87 4181/106/104
f 326/1205/1174 327/1837/1774 313/1836/1773 314/2025/1941
f 3568/2026/1942 3549/2027/1943 3547/1999/1925 3569/1998/1924
f 2759/2028/1944 2760/1125/1099 2748/1128/1102 2750/2029/1945
f 318/2030/1946 322/2031/1947 317/1321/1286 292/1320/1285
f 325/1491/1451 556/1204/1173 326/1205/1174 314/2025/1941
f 3858/1862/1795 3859/1861/389 3861/2032/389 3860/1936/1864
f 3982/2033/1144 3957/1206/1175 3956/2034/1948 3983/2035/1144
f 3854/2036/1949 3855/2037/1950 3857/1860/389 3856/1859/1794
f 1678/2038/1951 1677/2039/1952 1720/2040/1953 1719/2041/1954
f 594/519/508 597/518/507 595/1099/1073 581/2042/1955
f 3564/1888/1818 3557/1887/1817 3555/2043/1956 3565/2044/1957
f 3542/2045/389 3543/2046/1958 3545/2000/1926 3544/2047/1959
f 3852/2048/389 3851/2049/389 3850/2050/1960 3895/2051/1961
f 315/2052/1962 325/1491/1451 314/2025/1941 296/2053/1963
f 849/2054/1964 850/2055/1965 796/1783/1730 797/1393/1354
f 3295/2056/1966 3293/2057/1967 3294/1406/1367 3298/1405/1366
f 3367/2058/1968 3385/2059/1969 3386/2060/1970 3368/2061/1971
f 3868/2024/1940 3869/2023/389 3871/2016/389 3870/2015/1936
f 3937/2062/1972 3967/1175/1146 3968/1174/1145 3935/2063/1973
f 3817/2064/1974 3819/2065/1975 3821/2066/1976 3820/2067/1977
f 3850/2050/1960 3894/2068/1978 3896/2069/1979 3895/2051/1961
f 1167/544/386 1166/2070/1980 1178/2071/1981 1177/545/533
f 4100/1422/1382 4105/1425/1385 4103/1466/1426 4101/1934/1862
f 3849/2072/1982 3893/2073/1983 3894/2068/1978 3850/2050/1960
f 2856/2074/1984 2857/2075/1985 2855/2076/1986 2854/2077/1987
f 1715/2078/1988 1935/2079/1989 1712/2080/1990 1711/2081/1991
f 299/1086/1060 304/1231/1201 303/1241/1209 300/1240/1208
f 1601/974/947 1602/973/946 1593/1420/1381 1594/1419/1380
f 3941/2082/1992 3963/2018/1937 3964/2083/1993 3940/2084/1994
f 501/2085/1995 500/1191/1161 512/2086/1996 511/2087/1997
f 4044/1784/1731 4067/1765/1711 4046/1764/1710 4045/1785/1732
f 3948/2088/1998 3956/2034/1948 3957/1206/1175 3947/1152/1124
f 506/2089/1999 320/2090/2000 411/2091/2001 476/2092/2002
f 835/2093/2003 836/2094/2004 810/2095/2005 811/2096/2006
f 307/1257/1225 303/1241/1209 304/1231/1201 306/1230/1200
f 3034/2097/2007 3038/2098/2008 3039/2099/2009 3033/2099/2010
f 1770/2100/2011 1786/2101/2012 1771/1090/1064 1759/1093/1067
f 1768/1938/1866 1769/2102/2013 1760/2103/2014 1761/1939/1867
f 298/1089/1063 286/1088/1062 287/2104/2015 297/2105/2016
f 3876/2005/1929 3881/2106/2017 3882/2107/2018 3874/2002/1928
f 3870/2015/1936 3884/2108/2019 3885/998/971 3868/2024/1940
f 3986/1994/1920 3992/1518/1475 3993/1853/1788 3985/1995/1921
f 4047/1740/1685 4048/1763/1709 4050/988/961 4049/987/960
f 3988/1993/1919 3991/1519/1476 3992/1518/1475 3986/1994/1920
f 3872/2006/1930 3883/2109/2020 3884/2108/2019 3870/2015/1936
f 1769/2102/2013 1770/2100/2011 1759/1093/1067 1760/2103/2014
f 477/2110/2021 490/2111/2022 462/2112/2023 461/2113/2024
f 1603/2114/2025 1604/2115/2026 1590/1388/1348 1592/1387/1347
f 2924/2116/2027 2935/2117/2028 2914/1620/1570 2923/1619/1569
f 1146/2118/389 1145/2119/2029 1199/368/361 1198/2120/2030
f 1461/2121/2031 1462/2122/2032 1433/2123/2033 1434/2124/2034
f 935/2125/2035 936/2126/2036 1140/2127/2037 1139/2128/2038
f 524/1966/1891 525/1965/1890 516/1198/1168 517/1189/1159
f 765/2129/2039 766/2130/2040 746/2131/2041 747/2132/2042
f 847/2133/2043 846/2134/2044 867/2135/2045 866/2136/2045
f 526/2137/2046 527/2138/2047 514/1585/1535 515/1584/1534
f 960/1412/1373 961/298/292 959/301/295 958/2139/2048
f 3849/2072/1982 3850/2050/1960 3851/2049/389 3853/2140/389
f 3878/2141/2049 3880/2142/2050 3881/2106/2017 3876/2005/1929
f 3881/2106/2017 3880/2142/2050 3901/760/745 3916/763/748
f 2242/2143/2051 2244/2144/2052 2243/2145/2053 2241/893/871
f 2636/1435/1395 2642/1434/1394 2633/2146/2054 2631/2147/2055
f 463/1591/1541 462/2112/2023 490/2111/2022 489/1592/1542
f 3915/2148/2056 3882/2107/2018 3881/2106/2017 3916/763/748
f 1527/2149/2057 1528/2150/2058 1585/360/353 1584/2151/2059
f 1506/2152/2060 1507/2153/2061 1493/1372/1333 1494/1700/1648
f 625/1563/1515 392/1049/1023 617/1047/1021 621/1292/1259
f 1220/2154/2062 1219/2155/2063 1266/2156/2064 1265/2157/2065
f 845/2158/2066 868/2159/2045 867/2135/2045 846/2134/2044
f 1207/2160/2067 1206/2161/2068 1279/2162/2069 1278/2163/2070
f 3820/2067/1977 3821/2066/1976 3823/2164/2071 3822/2165/2072
f 3948/2088/1998 3921/1641/1591 3920/2166/2073 3949/2167/2074
f 1067/2168/2075 1068/2169/389 1065/2170/389 1066/2171/2076
f 3912/999/972 3885/998/971 3884/2108/2019 3913/1642/1592
f 620/1046/1020 616/1045/1019 615/1143/1115 618/1055/1029
f 3896/2069/1979 3899/1082/1056 3900/1085/1059 3898/2172/2077
f 3910/2173/2078 3887/1325/1290 3886/997/970 3911/996/969
f 4216/127/125 4225/2174/2079 4226/855/833 4217/128/126
f 3598/217/211 3585/216/210 3584/2175/2080 3599/2176/2081
f 2804/1167/1139 2594/2177/2082 2597/2178/2083 2653/1166/1138
f 3461/2179/2084 3467/2180/2085 3468/2181/2086 3460/2182/2087
f 3904/2183/2088 3931/2184/2089 3932/2185/2090 3903/2186/2091
f 4158/500/490 4174/108/106 4175/1141/1113 4157/533/522
f 3908/1027/1001 3889/1026/1000 3888/1326/1291 3909/2187/2092
f 2948/1614/1564 2958/1613/1563 2947/2188/2093 2939/2189/2094
f 465/984/957 464/1590/1540 488/1593/1543 487/985/958
f 2492/2190/2095 2493/2191/2096 2491/2192/2097 2490/2193/2098
f 875/957/930 874/510/386 885/513/502 884/958/931
f 3906/2194/2099 3891/1890/1820 3890/1025/999 3907/1024/998
f 3940/2084/1994 3929/2195/2100 3928/2196/2101 3941/2082/1992
f 2285/2197/2102 2286/1101/1075 2284/1797/1743 2271/2198/2103
f 2286/1101/1075 2289/1100/1074 2288/1798/1744 2284/1797/1743
f 1042/1334/1299 1043/2199/2104 1533/2200/2105 1534/2201/2106
f 1236/1776/1723 1237/1775/1722 885/513/502 886/512/501
f 3943/2202/2107 3926/2203/2108 3925/2204/2109 3944/2205/2110
f 3944/2205/2110 3925/2204/2109 3924/2206/2111 3945/2207/2112
f 322/2031/1947 507/2208/2113 323/2209/2114 317/1321/1286
f 1550/2210/2115 1552/2211/2116 1551/2212/2117 1549/2213/2118
f 1305/2214/2119 1306/2215/2120 1261/2216/2121 1262/2217/2122
f 3912/999/972 3923/1150/1122 3924/2206/2111 3911/996/969
f 1677/2039/1952 1676/2218/2123 1721/2219/2124 1720/2040/1953
f 401/660/648 400/659/647 233/1803/214 234/1823/882
f 2308/2220/2125 2310/2221/2126 2309/2222/2127 2307/2223/2128
f 390/1961/1311 391/196/191 408/199/194 407/1704/1651
f 2390/2224/2129 2392/2225/2130 2391/2226/2131 2389/2227/2132
f 1040/2228/2133 1041/1335/1300 1535/2229/2134 1536/2230/2135
f 3722/2231/2136 3716/2232/2137 3718/1315/177 3744/2233/2138
f 270/1137/1109 254/1743/1688 256/1042/1016 269/1041/1015
f 334/1338/1303 611/517/506 336/2234/2139 335/1339/1304
f 1687/2235/2140 1724/2236/2141 1673/2237/2142 1672/2235/2143
f 463/1591/1541 464/1590/1540 453/2238/2144 455/2239/2145
f 417/1809/1752 416/2240/2146 418/2241/2147
f 416/2240/2146 419/2242/2148 418/2241/2147
f 3748/2243/2149 3776/2244/2150 3777/2245/2151 3775/2246/2152
f 419/2242/2148 420/2247/389 418/2241/2147
f 420/2247/389 421/2248/389 418/2241/2147
f 1093/2249/2153 1550/2210/2115 1549/2213/2118 1548/2250/2154
f 421/2248/389 422/2251/389 418/2241/2147
f 422/2251/389 423/2252/389 418/2241/2147
f 423/2252/389 424/2253/389 418/2241/2147
f 424/2253/389 425/2254/389 418/2241/2147
f 533/2255/2155 532/2256/2156 534/1492/1452 324/2257/2157
f 425/2254/389 426/2258/389 418/2241/2147
f 426/2258/389 427/2259/389 418/2241/2147
f 418/2241/2147 427/2259/389 428/2260/2147
f 1646/2261/2158 1648/2262/2159 1647/2263/2160 1645/2264/2161
f 3909/2187/2092 3926/2203/2108 3927/2265/2162 3908/1027/1001
f 429/2266/389 430/2267/389 418/2241/2147
f 430/2267/389 431/1810/1753 418/2241/2147
f 418/2241/2147 431/1810/1753 417/1809/1752
f 3911/996/969 3924/2206/2111 3925/2204/2109 3910/2173/2078
f 619/1291/1258 620/1046/1020 618/1055/1029 606/1054/1028
f 3180/2268/2163 3176/2269/2164 3179/2270/2165 3208/2271/301
f 3947/1152/1124 3922/1151/1123 3921/1641/1591 3948/2088/1998
f 416/2240/2146 417/1809/1752 415/1808/1751 414/2272/2166
f 381/2273/1275 382/631/619 404/634/622 403/1920/1850
f 3903/2186/2091 3932/2185/2090 3933/1083/1057 3899/1082/1056
f 91/160/157 89/162/158 111/431/422 110/903/881
f 434/2274/389 436/2275/1950 435/2276/2167 433/616/604
f 2671/2277/2168 2672/2278/2169 2444/2279/2170 2456/2280/2171
f 2947/2188/2093 2959/2281/2172 2946/2282/2173 2940/2283/2174
f 719/2284/2175 721/2285/2176 720/2286/2177 718/2287/2178
f 3401/2288/2179 3405/2289/2180 3406/2290/2181 3400/1532/1489
f 659/2291/2182 661/284/278 660/2292/2183 658/2293/2184
f 993/2294/2185 995/2295/2186 994/2296/2187 992/2297/2188
f 450/2298/389 452/2299/389 451/2300/2189 449/2301/2190
f 3914/1640/1590 3883/2109/2020 3882/2107/2018 3915/2148/2056
f 1846/1817/1758 1847/384/1757 1828/384/377 1829/2302/2191
f 3942/2303/2192 3927/2265/2162 3926/2203/2108 3943/2202/2107
f 1169/2304/532 894/2305/2193 895/1111/1085 1168/543/532
f 467/2306/2194 468/2307/2195 445/2308/2196 447/2309/2197
f 466/983/956 467/2306/2194 447/2309/2197 449/2301/2190
f 781/1391/1352 780/2310/2198 799/2311/2199 798/1392/1353
f 475/614/602 413/2312/2200 415/1808/1751 432/615/603
f 1481/2313/2201 1480/2314/2202 1497/2315/2203 1496/2316/2204
f 470/2317/2205 471/1382/1342 439/1384/1344 441/2318/1885
f 2837/2319/566 2826/2320/2206 2825/1772/1719 2831/2321/2207
f 468/2307/2195 469/2322/2208 443/2323/2209 445/2308/2196
f 1482/1646/1596 1481/2313/2201 1496/2316/2204 1495/1699/1647
f 533/2255/2155 323/2209/2114 507/2208/2113 508/2324/2210
f 473/911/889 474/613/601 433/616/604 435/2276/2167
f 472/912/890 473/911/889 435/2276/2167 437/1383/1343
f 3945/2207/2112 3924/2206/2111 3923/1150/1122 3946/1149/1121
f 3933/1083/1057 3935/2063/1973 3936/2325/2211 3934/1084/1058
f 3899/1082/1056 3896/2069/1979 3894/2068/1978 3903/2186/2091
f 462/2112/2023 463/1591/1541 455/2239/2145 457/2326/2212
f 3941/2082/1992 3928/2196/2101 3927/2265/2162 3942/2303/2192
f 499/1190/1160 498/1582/1532 514/1585/1535 513/2327/2213
f 2240/2328/2214 2242/2143/2051 2241/893/871 2239/892/870
f 2640/2329/2215 2648/2330/2216 2641/1433/1393 2638/1436/1396
f 470/2317/2205 469/2322/2208 483/1192/1162 482/2331/2217
f 1808/2332/2218 1809/2333/2219 1795/2334/2220 1807/2335/2221
f 472/912/890 471/1382/1342 481/2336/2222 480/913/891
f 474/613/601 473/911/889 479/914/892 478/941/917
f 475/614/602 474/613/601 478/941/917 476/2092/2002
f 476/2092/2002 411/2091/2001 413/2312/2200 475/614/602
f 412/2337/2223 413/2312/2200 411/2091/2001 321/2338/2224
f 3905/2339/2225 3892/2340/2226 3891/1890/1820 3906/2194/2099
f 497/1583/1533 486/986/959 487/985/958 496/1197/1167
f 3938/2341/2227 3931/2184/2089 3930/2342/2228 3939/2343/2229
f 491/2344/2230 492/2345/2231 490/2111/2022 477/2110/2021
f 321/2338/2224 411/2091/2001 320/2090/2000 319/2346/2232
f 501/2085/1995 502/2347/2233 481/2336/2222 482/2331/2217
f 506/2089/1999 476/2092/2002 478/941/917 505/940/916
f 3937/2062/1972 3932/2185/2090 3931/2184/2089 3938/2341/2227
f 1936/2348/2234 1955/2349/2235 1954/2350/2236 1937/2351/2237
f 502/2347/2233 503/2352/2238 480/913/891 481/2336/2222
f 503/2352/2238 504/942/918 479/914/892 480/913/891
f 500/1191/1161 501/2085/1995 482/2331/2217 483/1192/1162
f 498/1582/1532 499/1190/1160 484/1193/1163 485/2353/2239
f 494/1187/1157 495/1186/1156 488/1593/1543 489/1592/1542
f 1843/1977/1902 1865/2354/2240 1844/2354/2241 1832/2355/2242
f 3935/2063/1973 3933/1083/1057 3932/2185/2090 3937/2062/1972
f 495/1186/1156 496/1197/1167 487/985/958 488/1593/1543
f 3968/1174/1145 3970/1173/1144 3971/2356/1144 3969/2357/2243
f 3852/2048/389 3895/2051/1961 3897/2358/2244 3902/2359/389
f 1016/2360/2245 1015/2361/2246 1045/2362/2247 1044/2363/2248
f 1679/1979/1904 1678/2038/1951 1719/2041/1954 1718/1980/1905
f 2290/515/504 2287/2364/2249 2293/2365/2250 2292/443/434
f 494/1187/1157 492/2345/2231 519/2366/2251 518/1188/1158
f 502/2347/2233 501/2085/1995 511/2087/1997 510/2367/2252
f 503/2352/2238 502/2347/2233 510/2367/2252 509/2368/2253
f 504/942/918 503/2352/2238 509/2368/2253 508/2324/2210
f 505/940/916 504/942/918 508/2324/2210 507/2208/2113
f 1764/2369/2254 1767/1937/1865 1762/1940/1868 1763/2370/2255
f 493/2371/2256 519/2366/2251 492/2345/2231 491/2344/2230
f 3935/2063/1973 3968/1174/1145 3969/2357/2243 3936/2325/2211
f 1768/1938/1866 1767/1937/1865 1790/2372/2257 1789/2373/2258
f 1754/2374/2259 1762/1940/1868 1761/1939/1867 1755/2375/2260
f 2923/1619/1569 2928/2376/2261 2925/2377/2262 2924/2116/2027
f 963/1411/1372 1598/2378/2263 1597/299/293 961/298/292
f 293/2379/2264 318/2030/1946 292/1320/1285 291/1678/1627
f 964/2380/2265 965/2381/2266 963/1411/1372 962/1410/1371
f 465/984/957 466/983/956 449/2301/2190 451/2300/2189
f 532/2256/2156 533/2255/2155 508/2324/2210 509/2368/2253
f 1588/2382/2267 1589/2383/2268 1582/2384/2269 1583/2385/2270
f 530/1958/1885 531/2386/2271 510/2367/2252 511/2087/1997
f 1909/1201/1170 1911/555/543 1888/2387/2272 1889/2388/2273
f 528/2389/2274 529/1959/1886 512/2086/1996 513/2327/2213
f 1218/2390/2275 1217/2391/2276 1268/1892/1822 1267/2392/2277
f 3939/2343/2229 3965/2393/2278 3966/2394/2279 3938/2341/2227
f 1797/1341/1306 1798/1340/1305 1788/2395/2280 1789/2373/2258
f 3940/2084/1994 3964/2083/1993 3965/2393/2278 3939/2343/2229
f 3856/1859/1794 3891/1890/1820 3892/2340/2226 3854/2036/1949
f 452/2299/389 454/2396/389 453/2238/2144 451/2300/2189
f 657/2397/2281 659/2291/2182 658/2293/2184 629/2398/2282
f 458/2399/2283 460/2400/2148 459/2401/2284 457/2326/2212
f 375/2402/1312 376/2403/1360 395/1790/1737 394/1793/1739
f 448/2404/389 450/2298/389 449/2301/2190 447/2309/2197
f 699/2405/1734 701/20/20 700/2406/2285 698/2407/2286
f 1564/2408/2287 1566/2409/2288 1565/2410/2289 1563/2411/2290
f 1397/753/738 1398/681/668 1333/695/682 1334/2412/2291
f 3805/439/430 3810/2413/2292 3800/2414/2293 3802/436/427
f 3942/2303/2192 3962/2019/1938 3963/2018/1937 3941/2082/1992
f 547/2415/2294 548/1537/1493 543/1538/1494 544/1686/1635
f 3943/2202/2107 3961/2416/2295 3962/2019/1938 3942/2303/2192
f 3944/2205/2110 3960/2417/2296 3961/2416/2295 3943/2202/2107
f 1690/2418/2297 1714/2419/2298 1713/2420/2299 1691/2421/2300
f 1743/2422/2301 1753/2423/2302 1742/2424/2303 1734/2425/2304
f 4297/307/301 4289/315/309 4288/314/308 4298/304/298
f 611/517/506 334/1338/1303 612/1144/1116 597/518/507
f 3997/1901/1831 3990/1913/1844 3999/1973/1898 3998/1900/1830
f 1217/2391/2276 1218/2390/2275 1185/2426/2305 1186/421/413
f 3503/2427/2306 3505/2428/2307 3507/645/633 3502/2429/2308
f 3945/2207/2112 3959/1871/1802 3960/2417/2296 3944/2205/2110
f 555/536/525 554/535/524 558/1018/992 557/1017/991
f 3946/1149/1121 3958/1207/1176 3959/1871/1802 3945/2207/2112
f 3832/2430/2309 3833/2431/2310 3768/2432/2311 3809/2433/2312
f 3862/1327/1292 3863/2434/389 3865/2435/389 3864/1324/1289
f 2540/2436/2313 2539/2437/2314 2550/1884/1814 2549/1883/1813
f 295/1696/1645 315/2052/1962 296/2053/1963 288/1697/1646
f 2124/1095/1069 2125/1094/1068 2114/2438/2315 2116/2439/2316
f 261/2440/2317 266/2441/2318 264/1670/1619 263/1669/1618
f 547/2415/2294 567/2442/2319 566/2443/2320 565/1869/1801
f 3874/2002/1928 3882/2107/2018 3883/2109/2020 3872/2006/1930
f 3949/2167/2074 3955/1846/1783 3956/2034/1948 3948/2088/1998
f 581/2042/1955 561/1023/997 562/1021/995 580/1035/1009
f 568/2444/2321 569/1868/1800 565/1869/1801 566/2443/2320
f 3864/1324/1289 3865/2435/389 3867/2022/389 3866/2021/1939
f 3952/1847/1784 3955/1846/1783 3949/2167/2074 3950/1059/1033
f 579/2445/2322 573/1922/1851 569/1868/1800 568/2444/2321
f 284/404/397 359/866/844 279/860/838 278/1262/1230
f 526/2137/2046 525/1965/1890 541/1102/1076 540/1124/1098
f 587/1001/974 591/242/236 586/1157/1129 577/2446/2323
f 3445/2447/2324 3447/2448/2325 3449/2449/2326 3448/2450/2327
f 3951/2451/2328 3953/2452/2329 3954/1848/1144 3952/1847/1784
f 2539/2437/2314 2540/2436/2313 2487/2453/2330 2488/2454/2331
f 3849/2072/1982 3853/2140/389 3855/2037/1950 3854/2036/1949
f 3628/2455/2332 3629/2456/1144 3631/2457/1144 3630/2458/2333
f 3534/2459/389 3535/2460/2334 3537/2461/2335 3536/2462/389
f 3981/1872/1144 3958/1207/1176 3957/1206/1175 3982/2033/1144
f 262/1698/1107 267/1135/1107 260/1134/1106 261/2440/2317
f 267/1135/1107 262/1698/1107 288/1697/1646 287/2104/2015
f 3860/1936/1864 3861/2032/389 3863/2434/389 3862/1327/1292
f 3979/2463/1144 3960/2417/2296 3959/1871/1802 3980/1870/1144
f 257/1832/1769 258/1043/1017 256/1042/1016 255/1742/1687
f 3978/2464/1144 3961/2416/2295 3960/2417/2296 3979/2463/1144
f 2964/2465/2336 2963/2466/2337 2966/1609/1559 2965/1608/1558
f 3977/2020/1144 3962/2019/1938 3961/2416/2295 3978/2464/1144
f 3876/2005/1929 3877/2004/389 3879/2467/1959 3878/2141/2049
f 574/2468/2338 582/2469/2339 572/1009/983 573/1922/1851
f 1369/2470/2340 1370/496/486 1361/457/448 1362/456/447
f 343/505/495 342/1251/1219 347/1261/1229 346/389/382
f 3975/2471/1144 3964/2083/1993 3963/2018/1937 3976/2017/1144
f 272/373/366 250/372/365 252/2472/2341 271/1071/1045
f 337/67/66 338/1253/1221 335/1339/1304 336/2234/2139
f 3983/2035/1144 3956/2034/1948 3955/1846/1783 3984/1849/1144
f 3973/2473/1144 3966/2394/2279 3965/2393/2278 3974/2474/1144
f 588/2475/2342 589/1000/973 587/1001/974 578/2476/2343
f 253/1744/1689 254/1743/1688 252/2472/2341 251/2477/2344
f 1938/2478/2345 1949/2479/2346 1948/2480/2347 1940/2481/2348
f 582/2469/2339 585/1036/1010 583/1010/984 572/1009/983
f 296/2053/1963 297/2105/2016 287/2104/2015 288/1697/1646
f 3972/1176/1144 3967/1175/1146 3966/2394/2279 3973/2473/1144
f 297/2105/2016 296/2053/1963 314/2025/1941 313/1836/1773
f 3715/2482/2349 3693/2483/2350 3716/2232/2137 3722/2231/2136
f 3844/2484/2351 3845/2485/2352 3766/2486/2353 3834/2487/2354
f 584/1034/1008 594/519/508 581/2042/1955 580/1035/1009
f 593/1037/1011 598/516/505 594/519/508 584/1034/1008
f 576/2488/2355 577/2446/2323 574/2468/2338 575/2489/2356
f 330/1165/1137 335/1339/1304 338/1253/1221 331/1162/1134
f 251/2477/2344 252/2472/2341 250/372/365 249/1070/1044
f 590/2490/2357 602/1254/1222 589/1000/973 588/2475/2342
f 2045/1898/1828 2046/2491/2358 2044/2492/2359 2043/2493/2360
f 604/1286/1253 619/1291/1258 606/1054/1028 602/1254/1222
f 357/386/379 356/1272/1240 363/1289/1256 362/995/968
f 3692/2494/2361 3694/2495/2362 3716/2232/2137 3693/2483/2350
f 3836/2496/2363 3837/2497/2364 3840/2498/2365 3829/2499/2366
f 573/1922/1851 579/2445/2322 575/2489/2356 574/2468/2338
f 3094/1830/1767 3144/2500/1193 3145/2501/2367 3092/2502/2368
f 610/1259/1227 609/68/67 337/67/66 336/2234/2139
f 27/55/55 30/77/76 29/78/77 28/56/56
f 271/1071/1045 252/2472/2341 254/1743/1688 270/1137/1109
f 442/2503/1950 444/2504/2369 443/2323/2209 441/2318/1885
f 3618/1985/1911 3653/1984/1910 3654/2505/2370 3616/2506/2371
f 595/1099/1073 560/932/908 561/1023/997 581/2042/1955
f 3731/2507/2372 3732/2508/2373 3733/2509/2374 3721/952/928
f 1390/670/658 1391/2510/2375 1340/2511/2376 1341/2512/2377
f 326/1205/1174 557/1017/991 332/1016/990 327/1837/1774
f 3803/2513/2378 3816/2514/2379 3817/2064/1974 3815/2515/2380
f 300/1240/1208 301/32/32 282/31/31 281/1136/1108
f 146/211/206 147/210/205 134/574/562 135/750/735
f 351/69/68 352/1075/1049 350/1073/1047 339/70/69
f 358/387/380 359/866/844 284/404/397 345/388/381
f 187/801/783 186/824/806 197/858/836 196/802/784
f 2886/2516/2381 2952/2517/2382 2934/2518/2383 2888/2519/2307
f 2612/2520/2384 2614/2521/2385 2613/2522/2386 2611/2523/2387
f 603/1287/1254 604/1286/1253 602/1254/1222 590/2490/2357
f 3668/2524/2388 3669/2525/2389 3670/2526/2390 3667/2527/2391
f 3667/2527/2391 3670/2526/2390 3690/2528/2392 3689/2529/2393
f 353/1076/1050 354/1277/1244 349/1074/1048 350/1073/1047
f 3664/2530/2394 3662/2531/2395 3665/2532/2396 3688/2533/2397
f 1407/592/580 1408/2534/2398 1406/2535/2176 1405/589/577
f 355/1271/1239 354/1277/1244 365/1279/1246 364/1288/1255
f 3238/230/224 3221/2536/2399 3239/2537/2400 3258/2538/229
f 369/1301/1268 370/1296/1263 363/1289/1256 364/1288/1255
f 372/1345/1310 371/1297/1264 379/1356/650 378/1346/649
f 3713/491/481 3697/490/480 3696/2539/2401 3714/2540/2402
f 1993/181/177 1994/180/176 1992/485/475 1991/484/474
f 3666/2541/2403 3660/2542/2404 3658/2543/2405 3672/2544/2406
f 3247/2545/2407 3248/2546/2408 3250/2547/2409 3249/2548/2410
f 3989/1950/1878 3990/1913/1844 3991/1519/1476 3988/1993/1919
f 319/2346/2232 320/2090/2000 318/2030/1946 293/2379/2264
f 3729/2549/2411 3709/2550/2412 3728/2551/2413 3737/2552/2414
f 3708/1158/1130 3701/2553/2415 3709/2550/2412 3729/2549/2411
f 2123/2554/2416 2124/1095/1069 2116/2439/2316 2118/2555/2417
f 3750/585/573 3744/2233/2138 3749/960/933 3773/586/574
f 3759/1603/1553 3734/2556/2418 3758/2557/2419 3764/991/964
f 3666/2541/2403 3665/2532/2396 3662/2531/2395 3660/2542/2404
f 599/1038/1012 610/1259/1227 598/516/505 593/1037/1011
f 2974/2558/2420 2980/2559/2421 2973/2560/2422 2955/2558/2423
f 3501/2561/2424 3508/648/636 3509/2562/2425 3500/2563/2426
f 3659/2564/2427 3660/2542/2404 3662/2531/2395 3661/2565/2428
f 3766/2486/2353 3756/2566/2429 3767/2567/2430 3834/2487/2354
f 4143/851/831 4155/557/545 4156/532/521 4142/849/496
f 394/1793/1739 238/343/337 240/342/336 375/2402/1312
f 630/1438/1398 632/2568/2431 631/2569/2432 626/1439/1399
f 1388/2570/2433 1389/671/659 1342/2571/2434 1343/2572/2435
f 636/2573/2436 638/1633/1583 637/1635/1585 635/2574/2437
f 1013/2575/2438 1049/2576/2439 1014/2577/2440 1012/2578/2441
f 3417/897/875 3418/896/874 3389/1516/1473 3390/2579/2442
f 719/2284/2175 717/2580/2443 725/680/579 722/679/667
f 3267/1380/1340 3280/2581/2444 3278/2582/2445 3265/1381/1341
f 3464/2583/2446 3466/2584/2447 3480/2585/2448 3465/2586/2449
f 1321/2587/2450 1320/2588/2451 1329/2589/2452 1328/2590/2453
f 2446/2591/2454 2447/2592/2455 2445/2593/2456 2443/2594/2457
f 1290/667/655 1291/2595/2458 1276/504/494 1277/503/493
f 25/58/58 26/57/57 24/82/81 23/81/80
f 659/2291/2182 657/2397/2281 755/2596/2459 754/226/220
f 524/1966/1891 523/2597/2460 543/1538/1494 542/1103/1077
f 532/2256/2156 531/2386/2271 535/1493/1453 534/1492/1452
f 1625/1968/1893 1624/2598/2461 1631/2599/2462 1630/1969/1894
f 689/740/725 691/1252/1220 690/2600/2463 688/2601/2464
f 3263/2602/2465 3265/1381/1341 3278/2582/2445 3275/2603/2466
f 701/20/20 703/19/19 702/2604/2467 700/2406/2285
f 454/2396/389 456/2605/2468 455/2239/2145 453/2238/2144
f 661/284/278 663/283/277 662/1739/1684 660/2292/2183
f 383/632/620 384/1960/1277 406/1703/1650 405/633/621
f 528/2389/2274 527/2138/2047 539/1177/1147 538/1203/1172
f 2287/2364/2249 2290/515/504 2286/1101/1075 2285/2197/2102
f 531/2386/2271 530/1958/1885 536/537/526 535/1493/1453
f 2209/2606/2469 2221/2607/2470 2211/2608/2471 2207/2609/2472
f 989/2610/2473 991/2611/2474 990/2612/2475 988/2613/2476
f 2392/2225/2130 2394/2614/2477 2393/2615/2478 2391/2226/2131
f 1664/2616/2479 1666/1401/1362 1665/1404/1365 1663/2617/2480
f 679/2618/2481 681/2619/2482 680/2620/2483 678/2621/2484
f 592/1039/1013 599/1038/1012 593/1037/1011 585/1036/1010
f 2223/2622/2485 2255/2623/2486 2222/2624/2487 2210/2625/2488
f 685/254/248 687/253/247 686/2626/2489 684/2627/2490
f 3604/1181/1151 3579/1180/1150 3578/1183/1153 3605/1182/1152
f 2580/2628/2491 2581/2629/2492 2578/2630/2493 2579/2631/2494
f 2078/327/321 2086/2632/2495 2079/2633/2496 2075/2634/2497
f 1914/2635/2498 1913/947/923 1933/2636/2499 1932/2637/205
f 695/703/689 697/702/688 696/2638/2500 694/2639/2501
f 2672/2278/2169 2673/1839/1776 2442/2640/2502 2444/2279/2170
f 446/2641/389 448/2404/389 447/2309/2197 445/2308/2196
f 1906/92/91 1908/1199/698 1907/1202/1171 1900/93/92
f 1628/1970/1895 1629/2642/2503 1627/2643/2504 1626/1967/1892
f 1904/2644/2505 1905/91/90 1901/94/93 1902/1033/1007
f 3793/1957/1884 3796/2645/2506 3797/2646/2507 3795/2647/2508
f 709/2648/2509 711/266/260 710/2649/2510 708/2650/2511
f 2330/2651/2512 2331/2652/2513 2305/2653/2514 2307/2223/2128
f 679/2618/2481 677/2654/265 745/2655/2515 744/2656/2516
f 1853/2657/2517 1854/2658/2518 1822/2659/2519 1821/2657/2520
f 3731/2507/2372 3721/952/928 3730/1159/1131 3734/2556/2418
f 1316/694/681 1317/452/443 1250/2660/2521 1251/2661/2522
f 3134/2662/2523 3136/2663/2524 3211/2664/2525 3139/2665/2526
f 3702/2666/2527 3701/2553/2415 3708/1158/1130 3707/951/927
f 72/139/137 77/101/99 73/104/102 71/140/138
f 1393/2667/2528 1392/2668/2529 1421/2669/2530 1420/2670/2531
f 650/287/281 651/2671/2532 637/1635/1585 639/288/282
f 651/2671/2532 652/2672/2533 635/2574/2437 637/1635/1585
f 1392/2668/2529 1391/2510/2375 1422/611/599 1421/2669/2530
f 685/254/248 683/2673/2534 742/2674/233 741/255/249
f 654/2675/675 655/1879/1809 626/1439/1399 631/2569/2432
f 655/1879/1809 656/1878/1808 627/1440/1400 626/1439/1399
f 699/2405/1734 697/702/688 735/705/691 734/2676/2535
f 656/1878/1808 755/2596/2459 657/2397/2281 627/1440/1400
f 661/284/278 659/2291/2182 754/226/220 753/225/219
f 665/684/671 663/283/277 752/285/279 751/685/672
f 151/248/242 152/711/698 129/712/699 130/249/243
f 671/2677/2536 669/738/723 749/739/724 748/2678/2537
f 653/2679/2538 654/2675/675 631/2569/2432 633/2680/2539
f 675/2681/2540 673/2682/2541 747/2132/2042 746/2131/2041
f 2952/2517/2382 2954/2683/2542 2951/2684/2543 2934/2518/2383
f 1376/701/278 1375/2685/2544 1438/573/561 1437/572/560
f 681/2619/2482 679/2618/2481 744/2656/2516 743/2686/2545
f 717/2580/2443 715/2687/2546 726/1576/1527 725/680/579
f 707/2688/2547 705/2689/2548 731/2690/2549 730/2691/591
f 1396/2692/2550 1395/1787/1734 1418/2693/2551 1417/2694/2552
f 648/149/146 649/286/280 641/289/283 643/150/147
f 673/2682/2541 671/2677/2536 748/2678/2537 747/2132/2042
f 695/703/689 693/2695/2553 737/607/595 736/704/690
f 1294/829/810 1293/2696/2554 1356/2697/2555 1355/796/780
f 722/679/667 723/1578/1529 721/2285/2176 719/2284/2175
f 3701/2553/2415 3702/2666/2527 3682/2698/2556 3683/200/195
f 757/2699/2557 758/223/217 754/226/220 755/2596/2459
f 3701/2553/2415 3683/200/195 3700/203/198 3709/2550/2412
f 778/334/328 779/333/327 733/21/21 734/2676/2535
f 776/2700/2558 777/2701/2559 735/705/691 736/704/690
f 775/606/594 776/2700/2558 736/704/690 737/607/595
f 653/2679/2538 652/2672/2533 919/2702/2560 918/1659/1608
f 1469/238/232 1470/492/482 1425/2703/2561 1426/239/233
f 1289/668/656 1290/667/655 1277/503/493 1278/2163/2070
f 768/2704/2562 769/2705/2563 743/2686/2545 744/2656/2516
f 769/2705/2563 770/2706/2564 742/2674/233 743/2686/2545
f 777/2701/2559 778/334/328 734/2676/2535 735/705/691
f 1234/2707/2565 1233/2708/2566 1252/2709/2567 1251/2661/2522
f 786/1575/1526 787/677/665 725/680/579 726/1576/1527
f 764/2710/2568 765/2129/2039 747/2132/2042 748/2678/2537
f 651/2671/2532 650/287/281 921/552/540 920/2711/1598
f 762/895/873 763/2712/2569 749/739/724 750/686/673
f 782/1390/1351 783/1782/1729 729/2713/2570 730/2691/591
f 760/2714/2571 761/894/872 751/685/672 752/285/279
f 3994/1517/1474 4023/1903/1833 4024/1912/1843 3995/1852/1787
f 767/2715/2572 768/2704/2562 744/2656/2516 745/2655/2515
f 4069/1720/1665 4014/1719/1664 4013/1580/1530 4070/1579/237
f 2980/2559/2421 2991/2716/2573 2981/2716/2574 2973/2560/2422
f 654/2675/675 653/2679/2538 918/1659/1608 917/1658/1346
f 1454/1385/1345 1455/1442/1402 1440/2717/2575 1441/2718/2576
f 652/2672/2533 651/2671/2532 920/2711/1598 919/2702/2560
f 1470/492/482 1471/2719/2577 1424/672/660 1425/2703/2561
f 4031/1573/1524 4017/1572/1523 4016/1627/1577 4032/1733/1678
f 1317/452/443 1318/291/285 1249/1777/1724 1250/2660/2521
f 724/2720/2578 923/2721/2579 648/149/146 647/148/145
f 1656/2722/541 1658/2723/241 1657/2724/2580 1655/2725/2581
f 1225/2726/2582 1224/2727/2583 1261/2216/2121 1260/2728/2584
f 3189/2729/104 3191/2730/2585 3192/2731/2586 3190/2732/2587
f 3741/2733/2588 3752/1213/1182 3753/675/663 3740/674/662
f 1217/2391/2276 1216/2734/2589 1269/1893/1823 1268/1892/1822
f 925/1747/1693 927/1746/1692 922/551/539 923/2721/2579
f 1907/1202/1171 1909/1201/1170 1889/2388/2273 1890/1975/2590
f 764/2710/2568 763/2712/2569 816/2735/2591 815/2736/2592
f 1467/2737/2593 1466/622/610 1534/2201/2106 1533/2200/2105
f 930/2738/2594 931/1656/1606 918/1659/1608 919/2702/2560
f 3215/2739/2595 3210/2740/2596 3214/2741/2597 3224/2742/2598
f 932/1657/1607 915/2743/2599 916/1880/1810 917/1658/1346
f 1315/2744/2600 1316/694/681 1251/2661/2522 1252/2709/2567
f 756/1881/1811 916/1880/1810 915/2743/2599 823/2745/2601
f 1503/2746/2602 1504/2747/2603 1496/2316/2204 1497/2315/2203
f 760/2714/2571 759/224/218 820/303/297 819/2748/2604
f 3031/2749/2605 3041/2750/2606 3042/363/356 3030/362/355
f 762/895/873 761/894/872 818/1513/1470 817/1512/1469
f 784/2751/2607 783/1782/1729 796/1783/1730 795/2752/2608
f 785/1574/1525 784/2751/2607 795/2752/2608 794/2753/2609
f 1465/621/609 1464/1665/1614 1536/2230/2135 1535/2229/2134
f 766/2130/2040 765/2129/2039 814/2754/2135 813/2755/2610
f 464/1590/1540 465/984/957 451/2300/2189 453/2238/2144
f 769/2705/2563 768/2704/2562 811/2096/2006 810/2095/2005
f 771/1029/1003 770/2706/2564 809/2756/2611 808/1030/1004
f 928/2757/2612 929/2758/1601 920/2711/1598 921/552/540
f 929/2758/1601 930/2738/2594 919/2702/2560 920/2711/1598
f 1449/1649/1599 1448/300/294 1597/299/293 1596/1650/1600
f 1940/2481/2348 1948/2480/2347 1947/2759/2613 1942/2760/2614
f 2865/2761/2615 2864/2762/2616 3069/2763/2617 3063/2764/2618
f 777/2701/2559 776/2700/2558 803/2765/2619 802/2766/2620
f 1304/635/623 1305/2214/2119 1262/2217/2122 1263/1781/1728
f 3369/2767/2621 3364/2768/2622 3368/2061/1971 3386/2060/1970
f 2266/2769/2623 2265/2770/2624 2267/1799/1745 2220/2771/2625
f 632/2568/2431 634/2772/2626 633/2680/2539 631/2569/2432
f 3809/2433/2312 3769/676/664 3808/2773/2627 3811/2774/2628
f 2835/981/954 2840/2775/2629 2839/2776/2630 2833/2777/2631
f 3755/2778/2632 3739/2779/2633 3754/673/661 3768/2432/2311
f 842/2780/2634 843/2781/2635 803/2765/2619 804/2782/2636
f 932/1657/1607 931/1656/1606 934/548/536 933/547/535
f 840/1109/1083 841/1108/1082 805/2783/2637 806/2784/2638
f 839/2785/2639 840/1109/1083 806/2784/2638 807/1031/1005
f 1504/2747/2603 1503/2746/2602 1520/2786/2640 1519/2787/2641
f 851/2788/2642 852/1545/1501 794/2753/2609 795/2752/2608
f 3505/2428/2307 3519/2789/2643 3520/646/634 3507/645/633
f 944/2790/2644 945/2791/2645 943/2792/411 942/2793/2029
f 1510/2794/2646 1511/2795/2647 1490/2796/2648 1489/2797/2649
f 1603/2114/2025 1602/973/946 1606/976/949 1605/2798/2650
f 931/1656/1606 930/2738/2594 935/2125/2035 934/548/536
f 4283/2799/2651 4287/120/118 4288/314/308 4280/313/307
f 824/2800/2652 826/2801/2653 820/303/297 821/302/296
f 3110/2802/2654 3108/508/498 3112/2803/2655 3111/2804/2656
f 892/2805/2193 1171/2806/532 891/2807/930 868/2159/2045
f 854/354/348 855/409/402 790/1761/1707 792/2808/2657
f 823/2745/2601 915/2743/2599 914/2809/2026 913/2810/2658
f 855/409/402 856/408/401 791/1762/1708 790/1761/1707
f 841/1108/1082 842/2780/2634 804/2782/2636 805/2783/2637
f 1604/2115/2026 1603/2114/2025 1605/2798/2650 1030/2811/2659
f 846/2134/2044 847/2133/2043 799/2311/2199 800/336/330
f 3305/2812/2660 3342/2813/2661 3343/2814/325 3304/2815/2662
f 1600/1316/1281 1601/974/947 1594/1419/1380 1595/1651/1601
f 1509/1268/1236 1510/2794/2646 1489/2797/2649 1491/1269/1237
f 823/2745/2601 913/2810/2658 825/2816/2663 822/2817/2664
f 1166/2070/1980 1165/2818/532 1179/2819/2665 1178/2071/1981
f 4199/11/11 4305/308/302 4306/89/88 4197/270/264
f 3189/2729/104 3186/1274/103 3184/2820/2666 3204/2821/2667
f 3740/674/662 3726/2822/2668 3725/2823/2669 3741/2733/2588
f 2418/2824/2670 2417/2825/2671 2421/2826/2672 2420/1416/1377
f 3606/1185/1155 3522/1963/1888 3607/2827/2673 3656/1925/1854
f 1132/2828/930 1133/2829/389 1085/2830/2674 1131/2831/2675
f 934/548/536 935/2125/2035 1139/2128/2038 1138/549/537
f 1134/2832/2676 1128/2833/389 1129/2834/930 1130/2835/2677
f 914/2809/2026 933/547/535 1137/550/538 1136/2836/538
f 913/2810/2658 914/2809/2026 1136/2836/538 1135/2837/2678
f 913/2810/2658 1135/2837/2678 912/2838/2678 825/2816/2663
f 1985/2839/2679 2018/568/556 2015/1964/1889 1987/2840/2680
f 3470/2841/2681 3459/2842/2682 3469/2843/2683 3476/2844/2684
f 1151/1567/389 912/2838/2678 1135/2837/2678 1150/1564/1516
f 1150/1564/1516 1135/2837/2678 1136/2836/538 1149/2845/1140
f 1145/2119/2029 1140/2127/2037 1141/2846/2685 1144/2847/1140
f 1155/920/389 908/2848/2686 909/2849/2687 1154/921/898
f 1153/2850/411 910/2851/2678 911/2852/2688 1152/2853/1140
f 1146/2118/389 1139/2128/2038 1140/2127/2037 1145/2119/2029
f 1154/921/898 909/2849/2687 910/2851/2678 1153/2850/411
f 1112/2854/389 1115/2855/389 1114/2856/2689 1113/2857/2690
f 671/2677/2536 673/2682/2541 672/2858/2691 670/2859/2692
f 461/2113/2024 462/2112/2023 457/2326/2212 459/2401/2284
f 942/2793/2029 943/2792/411 941/1540/1496 940/1539/1495
f 1162/1533/532 1163/2860/2693 900/2861/2694 901/2862/2695
f 1509/1268/1236 1508/1267/1235 1515/2863/2696 1514/2864/2697
f 669/738/723 671/2677/2536 670/2859/2692 668/2865/2698
f 2538/2866/2699 2539/2437/2314 2488/2454/2331 2500/2867/2700
f 3742/2868/2701 3724/2869/2702 3723/2870/2703 3743/2871/2704
f 945/2791/2645 1201/2872/2705 1143/2873/1140 943/2792/411
f 3521/1962/1887 3526/2874/2706 3527/2875/2707 3525/2876/2708
f 1145/2119/2029 1144/2847/1140 1200/369/362 1199/368/361
f 1147/1169/1140 1146/2118/389 1198/2120/2030 1197/1170/1141
f 1149/2845/1140 1148/1168/1140 1196/1171/1142 1195/2877/2709
f 1150/1564/1516 1149/2845/1140 1195/2877/2709 1194/1565/1517
f 1015/2361/2246 1047/2878/2710 1046/2879/2711 1045/2362/2247
f 1152/2853/1140 911/2852/2688 912/2838/2678 1151/1567/389
f 826/2801/2653 824/2800/2652 911/2852/2688 910/2851/2678
f 827/2880/2712 826/2801/2653 910/2851/2678 909/2849/2687
f 828/1510/306 827/2880/2712 909/2849/2687 908/2848/2686
f 829/1511/1468 828/1510/306 908/2848/2686 907/2881/2713
f 1233/2708/2566 1234/2707/2565 888/2882/2714 889/2883/2715
f 1604/2115/2026 1031/2884/2716 1591/1443/1403 1590/1388/1348
f 831/2885/2717 830/2886/557 906/2887/2718 905/2888/2719
f 268/1044/1018 286/1088/1062 285/1087/1061 269/1041/1015
f 833/1498/1458 834/2889/2720 812/2890/2721 813/2755/2610
f 1164/2891/386 1163/2860/2693 1181/1331/1296 1180/1330/1295
f 1083/2892/2722 1084/2893/389 1082/2894/1959 1081/2895/2723
f 1512/2896/2724 1513/2897/2725 1511/2795/2647 1510/2794/2646
f 1169/2304/532 1168/543/532 1176/546/534 1175/2898/2726
f 840/1109/1083 839/2785/2639 897/2899/2727 896/1110/1084
f 1507/2153/2061 1508/1267/1235 1492/1270/1238 1493/1372/1333
f 834/2889/2720 833/1498/1458 903/1501/1461 902/2900/2728
f 844/2901/2729 892/2805/2193 868/2159/2045 845/2158/2066
f 825/2816/2663 912/2838/2678 911/2852/2688 824/2800/2652
f 3325/1867/1799 3326/2902/2730 3312/2903/2731 3317/2904/2732
f 3742/2868/2701 3751/584/572 3752/1213/1182 3741/2733/2588
f 780/2310/2198 779/333/327 800/336/330 799/2311/2199
f 779/333/327 780/2310/2198 732/22/22 733/21/21
f 780/2310/2198 781/1391/1352 731/2690/2549 732/22/22
f 3051/340/334 3052/2905/2733 3053/2906/2734 3050/2907/2735
f 773/2908/2736 774/605/593 738/608/596 739/741/726
f 784/2751/2607 785/1574/1525 727/268/262 728/267/261
f 958/2139/2048 959/301/295 957/707/693 956/706/692
f 3687/2909/2737 3675/2910/2738 3664/2530/2394 3688/2533/2397
f 788/678/666 787/677/665 792/2808/2657 790/1761/1707
f 846/2134/2044 800/336/330 801/335/329 845/2158/2066
f 3758/2557/2419 3736/2911/2739 3757/2912/2740 3765/2913/2741
f 3723/2870/2703 3715/2482/2349 3722/2231/2136 3743/2871/2704
f 3820/2067/1977 3827/2914/2742 3815/2515/2380 3817/2064/1974
f 1206/2161/2068 1205/2915/2743 1280/2916/2744 1279/2162/2069
f 774/605/593 773/2908/2736 806/2784/2638 805/2783/2637
f 773/2908/2736 772/1028/1002 807/1031/1005 806/2784/2638
f 758/223/217 757/2699/2557 822/2817/2664 821/302/296
f 3839/2917/2745 3830/2918/2746 3829/2499/2366 3840/2498/2365
f 1231/1495/1455 1232/2919/2747 890/2920/2748 1172/1496/1456
f 3668/2524/2388 3667/2527/2391 3666/2541/2403 3672/2544/2406
f 847/2133/2043 848/2921/2749 798/1392/1353 799/2311/2199
f 2608/791/775 2609/794/778 2606/2922/2750 2607/2923/2751
f 1001/2924/2752 1003/2925/2753 1002/2926/2754 1000/2927/2755
f 848/2921/2749 849/2054/1964 797/1393/1354 798/1392/1353
f 1915/784/768 1914/2635/2498 1932/2637/205 1931/785/769
f 850/2055/1965 851/2788/2642 795/2752/2608 796/1783/1730
f 1705/2928/2756 1706/2929/2757 1704/2930/2758 1702/1558/1511
f 831/2885/2717 832/1499/1459 814/2754/2135 815/2736/2592
f 832/1499/1459 833/1498/1458 813/2755/2610 814/2754/2135
f 3822/2165/2072 3826/2931/2759 3827/2914/2742 3820/2067/1977
f 855/409/402 854/354/348 859/357/350 857/406/399
f 1018/1333/1298 1019/1332/1297 1004/2932/2760 1006/2933/2761
f 878/2934/500 877/2935/386 882/2936/2762 880/320/314
f 1240/2937/2763 1241/317/311 880/320/314 882/2936/2762
f 827/2880/2712 828/1510/306 818/1513/1470 819/2748/2604
f 1292/2938/2764 1293/2696/2554 1274/2939/2765 1275/2940/2766
f 2446/2591/2454 2453/2941/2767 2448/2942/2768 2447/2592/2455
f 3496/2943/2769 3489/2944/2770 3497/257/251 3513/2945/2771
f 2146/1682/1631 2151/1681/1630 2150/2946/2772 2148/2947/2773
f 1486/1863/665 1487/2948/2774 1407/592/580 1409/591/579
f 1487/2948/2774 1486/1863/665 1491/1269/1237 1489/2797/2649
f 3598/217/211 3648/2949/2775 3647/2950/2776 3597/214/208
f 1512/2896/2724 1514/2864/2697 1573/2951/2777 1575/1639/1589
f 2035/1490/1450 2017/1489/1449 2019/567/555 2034/2952/2778
f 2626/2953/2779 2627/2954/2780 2613/2522/2386 2615/2955/2781
f 715/2687/2546 717/2580/2443 716/2956/2782 714/2957/2783
f 2034/2952/2778 2088/2958/2784 2077/325/319 2035/1490/1450
f 3792/781/765 3793/1957/1884 3795/2647/2508 3794/778/762
f 3222/2959/2785 3216/2960/2786 3223/2961/2787 3240/2962/2788
f 1389/671/659 1390/670/658 1341/2512/2377 1342/2571/2434
f 2481/2963/2789 2482/2964/2790 2473/2965/2791 2471/2966/2792
f 2166/2967/2793 2164/2968/2794 2162/561/549 2137/2969/2795
f 3514/2970/2796 3496/2943/2769 3513/2945/2771 3434/2971/2797
f 981/2972/2798 983/2973/2799 982/2974/2800 980/2975/2801
f 983/2973/2799 985/2976/2799 984/2977/2802 982/2974/2800
f 717/2580/2443 719/2284/2175 718/2287/2178 716/2956/2782
f 75/2978/2803 76/1455/1415 72/139/137 70/138/136
f 973/2979/2677 975/2980/2804 974/2981/2805 972/2982/2806
f 2387/2983/2807 2396/2984/2808 2395/2985/2809 2385/2986/2810
f 143/838/819 171/836/817 144/747/732 138/746/731
f 4282/1122/1096 4283/2799/2651 4280/313/307 4279/474/202
f 1987/2840/2680 1988/2987/2811 1986/2988/2812 1985/2839/2679
f 999/2989/2813 1001/2924/2752 1000/2927/2755 998/2990/2814
f 3032/2991/2815 3020/1623/1573 3019/1622/1572 3033/2099/2010
f 1003/2925/2753 1005/2992/2816 1004/2932/2760 1002/2926/2754
f 756/1881/1811 757/2699/2557 755/2596/2459 656/1878/1808
f 4263/1068/1042 4264/1067/1041 4266/1160/1132 4265/1255/1223
f 1021/2993/2817 1000/2927/2755 1002/2926/2754 1020/2994/2818
f 1019/1332/1297 1020/2994/2818 1002/2926/2754 1004/2932/2760
f 878/2934/500 879/2995/1140 858/407/400 857/406/399
f 876/956/386 860/356/350 861/1546/399 875/957/930
f 1016/2360/2245 1017/2996/2819 1008/114/112 1010/113/111
f 1156/2997/2820 907/2881/2713 908/2848/2686 1155/920/389
f 3734/2556/2418 3730/1159/1131 3736/2911/2739 3758/2557/2419
f 868/2159/2045 891/2807/930 869/2998/532 867/2135/2045
f 838/2999/2821 839/2785/2639 807/1031/1005 808/1030/1004
f 1149/2845/1140 1136/2836/538 1137/550/538 1148/1168/1140
f 943/2792/411 1143/2873/1140 1142/3000/2822 941/1540/1496
f 978/3001/2823 980/2975/2801 1605/2798/2650 1606/976/949
f 1588/2382/2267 1549/2213/2118 1551/2212/2117 1589/2383/2268
f 1096/3002/1959 1097/3003/2824 1095/3004/2825 1094/3005/389
f 3138/3006/2826 3147/3007/2827 3148/205/200 3137/3008/2828
f 1127/3009/389 1128/2833/389 1134/2832/2676 1126/3010/2829
f 1054/3011/109 1056/3012/821 1055/3013/389 1053/3014/389
f 3688/2533/2397 3695/3015/2830 3686/3016/2831 3687/2909/2737
f 3685/3017/2832 3680/3018/2833 3687/2909/2737 3686/3016/2831
f 1911/555/543 1912/554/542 1887/949/925 1888/2387/2272
f 3684/202/197 3681/201/196 3680/3018/2833 3685/3017/2832
f 4181/106/104 4254/88/87 4255/90/89 4182/107/105
f 2058/3019/2834 2075/2634/2497 2062/3020/2835 2057/3021/2836
f 1073/3022/2837 1074/3023/389 1072/3024/389 1071/3025/2838
f 1028/3026/2839 1032/3027/2840 1031/2884/2716 1029/3028/2841
f 4287/120/118 4283/2799/2651 4286/472/463 4303/121/119
f 531/2386/2271 532/2256/2156 509/2368/2253 510/2367/2252
f 3592/3029/2842 3643/3030/2843 3642/3031/2844 3593/3032/2845
f 838/2999/2821 837/3033/2846 899/3034/2694 898/3035/2847
f 1064/3036/2813 1066/2171/2076 1065/2170/389 1063/3037/389
f 3913/1642/1592 3884/2108/2019 3883/2109/2020 3914/1640/1590
f 1125/3038/389 1127/3009/389 1126/3010/2829 1124/3039/2848
f 1161/1534/1490 1160/3040/389 1184/3041/2849 1183/1535/1491
f 1505/3042/2850 1504/2747/2603 1519/2787/2641 1518/3043/2851
f 1163/2860/2693 1162/1533/532 1182/1536/1492 1181/1331/1296
f 1079/3044/2799 1080/3045/1959 1078/3046/1959 1077/3047/2799
f 1021/2993/2817 1020/2994/2818 1040/2228/2133 1039/3048/2852
f 974/2981/2805 1608/1319/1284 1609/1318/1283 972/2982/2806
f 2939/2189/2094 2947/2188/2093 2940/2283/2174 2929/1618/1568
f 1117/3049/411 1119/926/389 1118/929/905 1116/3050/2853
f 1913/947/923 1912/554/542 1934/553/541 1933/2636/2499
f 2872/3051/2854 2828/1554/1507 2827/3052/2855 2871/978/951
f 1735/3053/2856 1743/2422/2301 1734/2425/2304 1733/3054/2857
f 1838/1219/1188 1840/1794/1740 1835/1794/1907 1836/1220/1189
f 1013/2575/2438 1052/3055/2858 1051/3056/1959 1050/3057/389
f 1050/3057/389 1087/3058/1959 1049/2576/2439 1013/2575/2438
f 1129/2834/930 1132/2828/930 1131/2831/2675 1130/2835/2677
f 1047/2878/2710 1546/358/351 1545/361/354 1046/2879/2711
f 1091/3059/389 1093/2249/2153 1092/1119/1093 1090/3060/1959
f 1094/3005/389 1095/3004/2825 1093/2249/2153 1091/3059/389
f 1224/2727/2583 1225/2726/2582 1178/2071/1981 1179/2819/2665
f 1098/3061/389 1099/3062/1879 1097/3003/2824 1096/3002/1959
f 4172/109/107 4167/521/510 4184/1113/1087 4180/110/108
f 1580/3063/2859 1553/1954/1882 1555/1953/1881 1579/3064/2860
f 1104/1509/1140 1106/1508/1467 1103/394/387 1102/393/386
f 1210/3065/2861 1211/3066/2862 1192/3067/2863 1193/1566/1518
f 1109/3068/386 1111/3069/2287 1110/3070/1580 1108/3071/1140
f 1112/2854/389 1113/2857/2690 1111/3069/2287 1109/3068/386
f 3834/2487/2354 3767/2567/2430 3833/2431/2310 3838/3072/2864
f 3689/2529/2393 3690/2528/2392 3696/2539/2401 3695/3015/2830
f 1084/2893/389 1086/3073/1959 1082/2894/1959
f 4119/718/705 4118/803/785 4130/1224/1194 4129/1223/1193
f 1082/2894/1959 1086/3073/1959 1080/3045/1959
f 1080/3045/1959 1086/3073/1959 1078/3046/1959
f 3076/3074/2865 3077/3075/2866 3079/3076/2867 3078/3077/2868
f 1078/3046/1959 1086/3073/1959 1076/3078/389
f 3746/1914/1845 3748/2243/2149 3775/2246/2152 3747/1915/1846
f 1076/3078/389 1086/3073/1959 1074/3023/389
f 1074/3023/389 1086/3073/1959 1072/3024/389
f 1072/3024/389 1086/3073/1959 1070/3079/389
f 3098/3080/2869 3106/509/499 3107/3081/2870 3097/1829/1766
f 1070/3079/389 1086/3073/1959 1068/2169/389
f 1068/2169/389 1086/3073/1959 1065/2170/389
f 3688/2533/2397 3665/2532/2396 3689/2529/2393 3695/3015/2830
f 1065/2170/389 1086/3073/1959 1063/3037/389
f 1063/3037/389 1086/3073/1959 1061/3082/389
f 3833/2431/2310 3832/2430/2309 3831/3083/1702 3838/3072/2864
f 1061/3082/389 1086/3073/1959 1059/3084/389
f 1059/3084/389 1086/3073/1959 1057/3085/389
f 3767/2567/2430 3755/2778/2632 3768/2432/2311 3833/2431/2310
f 1057/3085/389 1086/3073/1959 1055/3013/389
f 1055/3013/389 1086/3073/1959 1053/3014/389
f 436/2275/1950 438/3086/2871 437/1383/1343 435/2276/2167
f 1053/3014/389 1086/3073/1959 1051/3056/1959
f 1051/3056/1959 1086/3073/1959 1050/3057/389
f 1086/3073/1959 1087/3058/1959 1050/3057/389
f 1115/2855/389 1117/3049/411 1116/3050/2853 1114/2856/2689
f 85/144/141 83/157/154 114/630/618 113/902/880
f 2738/3087/2872 2743/3088/2873 2742/3089/2874 2740/3090/2875
f 3811/2774/2628 3806/438/429 3804/437/428 3812/3091/2876
f 1087/3058/1959 1086/3073/1959 1089/3092/389
f 1089/3092/389 1086/3073/1959 1090/3060/1959
f 1086/3073/1959 1091/3059/389 1090/3060/1959
f 3596/1643/1593 3646/3093/2877 3645/3094/2878 3595/3095/2879
f 1071/3025/2838 1072/3024/389 1070/3079/389 1069/3096/2880
f 1629/2642/2503 1628/1970/1895 1974/3097/2881 1975/3098/2882
f 1075/3099/2883 1076/3078/389 1074/3023/389 1073/3022/2837
f 3695/3015/2830 3696/2539/2401 3697/490/480 3686/3016/2831
f 1077/3047/2799 1078/3046/1959 1076/3078/389 1075/3099/2883
f 1102/393/386 1100/396/389 1086/3073/1959
f 1100/396/389 1098/3061/389 1086/3073/1959
f 3838/3072/2864 3831/3083/1702 3830/2918/2746 3839/2917/2745
f 1098/3061/389 1096/3002/1959 1086/3073/1959
f 1096/3002/1959 1094/3005/389 1086/3073/1959
f 1086/3073/1959 1094/3005/389 1091/3059/389
f 3084/1374/1335 3077/3075/2866 3085/3100/2884 3153/1375/1336
f 1022/3101/2885 1021/2993/2817 1039/3048/2852 1038/569/557
f 3250/2547/2409 3251/3102/2886 3252/3103/2887 3249/2548/2410
f 1020/2994/2818 1019/1332/1297 1041/1335/1300 1040/2228/2133
f 1102/393/386 1086/3073/1959 1104/1509/1140
f 1086/3073/1959 1105/1506/1140 1104/1509/1140
f 1081/2895/2723 1082/2894/1959 1080/3045/1959 1079/3044/2799
f 3839/2917/2745 3844/2484/2351 3834/2487/2354 3838/3072/2864
f 3784/3104/2888 3787/3105/2889 3790/1955/319 3785/3106/2890
f 3805/439/430 3806/438/429 3807/779/763 3794/778/762
f 1086/3073/1959 1109/3068/386 1108/3071/1140
f 1589/2383/2268 1580/3063/2859 1581/3107/2891 1582/2384/2269
f 2185/3108/2892 2186/3109/2893 2184/3110/2894 2183/3111/2895
f 3909/2187/2092 3888/1326/1291 3887/1325/1290 3910/2173/2078
f 1144/2847/1140 1141/2846/2685 1142/3000/2822 1143/2873/1140
f 1062/3112/2896 1064/3036/2813 1063/3037/389 1061/3082/389
f 1123/3113/386 1125/3038/389 1124/3039/2848 1122/3114/1586
f 1516/3115/2897 1569/3116/2898 1571/3117/2899 1515/2863/2696
f 1513/2897/2725 1512/2896/2724 1575/1639/1589 1577/1638/1588
f 1581/3107/2891 1580/3063/2859 1579/3064/2860 1523/3118/2900
f 3785/3106/2890 3790/1955/319 3792/781/765 3798/780/764
f 1125/3038/389 1123/3113/386 1086/3073/1959
f 1123/3113/386 1121/927/903 1086/3073/1959
f 3220/229/223 3218/3119/2901 3221/2536/2399 3238/230/224
f 1121/927/903 1119/926/389 1086/3073/1959
f 1119/926/389 1117/3049/411 1086/3073/1959
f 3813/3120/2902 3831/3083/1702 3832/2430/2309 3812/3091/2876
f 1117/3049/411 1115/2855/389 1086/3073/1959
f 1115/2855/389 1112/2854/389 1086/3073/1959
f 1086/3073/1959 1112/2854/389 1109/3068/386
f 3743/2871/2704 3722/2231/2136 3744/2233/2138 3750/585/573
f 1069/3096/2880 1070/3079/389 1068/2169/389 1067/2168/2075
f 1125/3038/389 1086/3073/1959 1127/3009/389
f 1127/3009/389 1086/3073/1959 1128/2833/389
f 1086/3073/1959 1129/2834/930 1128/2833/389
f 1060/3121/2753 1062/3112/2896 1061/3082/389 1059/3084/389
f 1579/3064/2860 1555/1953/1881 1557/3122/2903 1522/117/115
f 1014/2577/2440 1047/2878/2710 1015/2361/2246 1012/2578/2441
f 3812/3091/2876 3804/437/428 3803/2513/2378 3813/3120/2902
f 1084/2893/389 1133/2829/389 1086/3073/1959
f 1133/2829/389 1132/2828/930 1086/3073/1959
f 1086/3073/1959 1132/2828/930 1129/2834/930
f 4194/183/179 4308/86/85 4188/133/131 4190/132/130
f 3768/2432/2311 3754/673/661 3769/676/664 3809/2433/2312
f 586/1157/1129 592/1039/1013 585/1036/1010 582/2469/2339
f 2043/2493/2360 2051/3123/2904 2050/275/269 2045/1898/1828
f 3130/3124/2905 3133/3125/263 3138/3006/2826 3137/3008/2828
f 941/1540/1496 1142/3000/2822 938/1748/1694 939/1541/1497
f 849/2054/1964 848/2921/2749 865/3126/2906 864/3127/2907
f 1740/1671/1620 1741/3128/2908 1739/3129/2909 1731/1672/1621
f 1237/1775/1722 1238/1909/1840 884/958/931 885/513/502
f 1166/2070/1980 897/2899/2727 898/3035/2847 1165/2818/532
f 1052/3055/2858 1054/3011/109 1053/3014/389 1051/3056/1959
f 2504/3130/2910 2505/3131/2911 2503/3132/2912 2498/3133/2913
f 876/956/386 877/2935/386 859/357/350 860/356/350
f 1213/3134/2914 1214/3135/2915 1189/923/900 1190/922/899
f 4203/129/127 4200/12/12 4198/1057/1031 4204/126/124
f 1648/2262/2159 1650/3136/2916 1649/3137/2917 1647/2263/2160
f 1158/418/411 905/2888/2719 906/2887/2718 1157/419/389
f 3840/2498/2365 3842/3138/2918 3844/2484/2351 3839/2917/2745
f 875/957/930 861/1546/399 862/3139/2919 874/510/386
f 1157/419/389 906/2887/2718 907/2881/2713 1156/2997/2820
f 873/511/500 863/3140/2920 864/3127/2907 872/963/936
f 1514/2864/2697 1515/2863/2696 1571/3117/2899 1573/2951/2777
f 871/3141/532 865/3126/2906 866/2136/2045 870/3142/930
f 1232/2919/2747 1233/2708/2566 889/2883/2715 890/2920/2748
f 1159/3143/389 1160/3040/389 903/1501/1461 904/1500/1460
f 1235/3144/2921 1236/1776/1723 886/512/501 887/964/937
f 1171/2806/532 892/2805/2193 893/3145/2045 1170/3146/532
f 1170/3146/532 893/3145/2045 894/2305/2193 1169/2304/532
f 1148/1168/1140 1137/550/538 1138/549/537 1147/1169/1140
f 1168/543/532 895/1111/1085 896/1110/1084 1167/544/386
f 1548/2250/2154 1587/3147/2922 1586/359/352 1547/1120/1094
f 936/2126/2036 937/3148/1282 1141/2846/2685 1140/2127/2037
f 1026/3149/2923 990/2612/2475 992/2297/2188 1025/3150/2924
f 1163/2860/2693 1164/2891/386 899/3034/2694 900/2861/2694
f 1167/544/386 896/1110/1084 897/2899/2727 1166/2070/1980
f 1518/3043/2851 1565/2410/2289 1567/3151/2925 1517/3152/2926
f 1160/3040/389 1161/1534/1490 902/2900/2728 903/1501/1461
f 1015/2361/2246 1016/2360/2245 1010/113/111 1012/2578/2441
f 1159/3143/389 904/1500/1460 905/2888/2719 1158/418/411
f 852/1545/1501 851/2788/2642 862/3139/2919 861/1546/399
f 874/510/386 862/3139/2919 863/3140/2920 873/511/500
f 1147/1169/1140 1138/549/537 1139/2128/2038 1146/2118/389
f 872/963/936 864/3127/2907 865/3126/2906 871/3141/532
f 877/2935/386 878/2934/500 857/406/399 859/357/350
f 1087/3058/1959 1089/3092/389 1088/1118/1092 1049/2576/2439
f 3221/2536/2399 3217/3153/2927 3222/2959/2785 3239/2537/2400
f 3949/2167/2074 3920/2166/2073 3918/762/747 3950/1059/1033
f 1153/2850/411 1152/2853/1140 1192/3067/2863 1191/3154/2928
f 1154/921/898 1153/2850/411 1191/3154/2928 1190/922/899
f 839/2785/2639 838/2999/2821 898/3035/2847 897/2899/2727
f 1156/2997/2820 1155/920/389 1189/923/900 1188/3155/2929
f 1605/2798/2650 980/2975/2801 982/2974/2800 1030/2811/2659
f 826/2801/2653 827/2880/2712 819/2748/2604 820/303/297
f 1160/3040/389 1159/3143/389 1185/2426/2305 1184/3041/2849
f 1151/1567/389 1193/1566/1518 1192/3067/2863 1152/2853/1140
f 880/320/314 881/319/313 879/2995/1140 878/2934/500
f 1017/2996/2819 1016/2360/2245 1044/2363/2248 1043/2199/2104
f 836/2094/2004 835/2093/2003 901/2862/2695 900/2861/2694
f 1165/2818/532 1164/2891/386 1180/1330/1295 1179/2819/2665
f 3504/3156/2930 3506/3157/2931 3519/2789/2643 3505/2428/2307
f 877/2935/386 876/956/386 883/959/932 882/2936/2762
f 837/3033/2846 836/2094/2004 900/2861/2694 899/3034/2694
f 1977/3158/2932 1976/3159/2933 1630/1969/1894 1631/2599/2462
f 3837/2497/2364 3841/3160/2934 3842/3138/2918 3840/2498/2365
f 1171/2806/532 1173/1497/1457 1172/1496/1456 891/2807/930
f 891/2807/930 1172/1496/1456 890/2920/2748 869/2998/532
f 842/2780/2634 841/1108/1082 895/1111/1085 894/2305/2193
f 1948/2480/2347 1952/123/121 1951/3161/2935 1947/2759/2613
f 872/963/936 871/3141/532 888/2882/2714 887/964/937
f 2847/3162/2936 2848/3163/2937 2845/3164/2938 2846/3165/2939
f 3904/2183/2088 3893/2073/1983 3892/2340/2226 3905/2339/2225
f 2773/1834/1771 2775/3166/2940 2774/177/173 2772/176/172
f 2841/980/953 2842/3167/2941 2840/2775/2629 2835/981/954
f 1240/2937/2763 1239/3168/2942 1246/3169/2943 1245/542/531
f 3765/2913/2741 3757/2912/2740 3766/2486/2353 3845/2485/2352
f 3673/3170/2944 3664/2530/2394 3675/2910/2738 3674/3171/2945
f 3674/3171/2945 3675/2910/2738 3677/594/582 3676/593/581
f 555/536/525 556/1204/1173 535/1493/1453 536/537/526
f 3350/3172/2946 3298/1405/1366 3349/1408/1369 3354/3173/2947
f 1026/3149/2923 1025/3150/2924 1035/390/383 1034/3174/2948
f 1208/502/492 1209/501/491 1194/1565/1517 1195/2877/2709
f 1234/2707/2565 1235/3144/2921 887/964/937 888/2882/2714
f 2669/3175/2949 2704/3176/2950 2670/3177/2951 2545/3178/2952
f 1025/3150/2924 992/2297/2188 994/2296/2187 1024/309/303
f 3062/3179/2953 3063/2764/2618 3064/331/325 3061/3180/2662
f 1229/3181/2954 1230/1494/1454 1173/1497/1457 1174/3182/2955
f 1228/3183/2956 1229/3181/2954 1174/3182/2955 1175/2898/2726
f 1227/3184/2957 1228/3183/2956 1175/2898/2726 1176/546/534
f 4204/126/124 4198/1057/1031 4206/3185/2958 4205/1361/1322
f 1043/2199/2104 1044/2363/2248 1532/3186/2959 1533/2200/2105
f 1202/3187/2960 1203/366/359 1200/369/362 1201/2872/2705
f 1851/1525/1482 1852/3188/2961 1823/3189/2962 1824/1745/1690
f 2986/1660/1609 2985/3190/2963 2987/329/2964 3071/1661/1610
f 1159/3143/389 1158/418/411 1186/421/413 1185/2426/2305
f 523/2597/2460 524/1966/1891 517/1189/1159 518/1188/1158
f 1238/1909/1840 1239/3168/2942 883/959/932 884/958/931
f 1058/3191/2965 1060/3121/2753 1059/3084/389 1057/3085/389
f 1231/1495/1455 1230/1494/1454 1255/3192/2966 1254/3193/2967
f 520/3194/2968 521/3195/2969 519/2366/2251 493/2371/2256
f 1811/3196/2970 1812/3197/2971 1810/1587/1537 1805/1586/1536
f 3330/466/457 3331/465/456 3307/3198/2972 3308/3199/2973
f 1205/2915/2743 1206/2161/2068 1197/1170/1141 1198/2120/2030
f 1207/2160/2067 1208/502/492 1195/2877/2709 1196/1171/1142
f 924/3200/2974 925/1747/1693 923/2721/2579 724/2720/2578
f 1165/2818/532 898/3035/2847 899/3034/2694 1164/2891/386
f 1626/1967/1892 1627/2643/2504 1620/1468/1428 1619/1467/1427
f 2870/649/637 2826/2320/2206 2837/2319/566 2869/338/332
f 1036/312/306 1037/311/305 1539/571/559 1540/391/384
f 3304/2815/2662 3282/3201/2734 3283/3202/2975 3305/2812/2660
f 1220/2154/2062 1221/1779/1726 1182/1536/1492 1183/1535/1491
f 3357/3203/2976 3346/3204/2977 3358/3205/2978 3376/401/394
f 3702/2666/2527 3703/3206/2979 3704/3207/2980 3682/2698/2556
f 3756/2566/2429 3738/3208/2981 3755/2778/2632 3767/2567/2430
f 948/353/347 949/352/346 947/3209/2982 946/3210/2983
f 1212/3211/2984 1213/3134/2914 1190/922/899 1191/3154/2928
f 1462/2122/2032 1461/2121/2031 1539/571/559 1538/570/558
f 3252/3103/2887 3253/3212/2985 3254/3213/2986 3257/3214/2987
f 1227/3184/2957 1226/3215/2988 1259/1876/1806 1258/1875/1805
f 1214/3135/2915 1215/3216/2989 1188/3155/2929 1189/923/900
f 766/2130/2040 767/2715/2572 745/2655/2515 746/2131/2041
f 1696/3217/2990 1697/3218/2991 1695/3219/2992 1694/3220/2993
f 1210/3065/2861 1209/501/491 1276/504/494 1275/2940/2766
f 1211/3066/2862 1210/3065/2861 1275/2940/2766 1274/2939/2765
f 1044/2363/2248 1045/2362/2247 1531/493/483 1532/3186/2959
f 1214/3135/2915 1213/3134/2914 1272/3221/2994 1271/1601/1551
f 1489/2797/2649 1490/2796/2648 1488/3222/2995 1487/2948/2774
f 949/352/346 1283/3223/2996 1202/3187/2960 947/3209/2982
f 2140/1283/1250 2154/1282/1249 2153/3224/2997 2142/1754/1700
f 3372/3225/2998 3361/3226/2999 3371/524/513 3399/1531/1488
f 1223/1329/1294 1222/1328/1293 1263/1781/1728 1262/2217/2122
f 1224/2727/2583 1223/1329/1294 1262/2217/2122 1261/2216/2121
f 2962/3227/3000 2961/3228/3001 2968/3229/3002 2967/3230/3003
f 1236/1776/1723 1235/3144/2921 1250/2660/2521 1249/1777/1724
f 1229/3181/2954 1228/3183/2956 1257/3231/3004 1256/3232/3005
f 1230/1494/1454 1229/3181/2954 1256/3232/3005 1255/3192/2966
f 2918/1768/1714 2920/483/473 2917/3233/3006 2910/3234/3007
f 1225/2726/2582 1226/3215/2988 1177/545/533 1178/2071/1981
f 1751/3235/3008 1752/3236/3009 1750/3237/3010 1749/3238/3011
f 1221/1779/1726 1220/2154/2062 1265/2157/2065 1264/1780/1727
f 1204/367/360 1203/366/359 1282/3239/3012 1281/3240/3013
f 1215/3216/2989 1214/3135/2915 1271/1601/1551 1270/1600/1550
f 3400/1532/1489 3370/523/512 3369/2767/2621 3401/2288/2179
f 3770/3241/3014 3753/675/663 3752/1213/1182 3771/1212/1181
f 1321/2587/2450 1322/539/528 1245/542/531 1246/3169/2943
f 701/20/20 699/2405/1734 734/2676/2535 733/21/21
f 2699/3242/3015 2700/1841/1778 2698/3243/3016 2678/3244/3017
f 1320/2588/2451 1321/2587/2450 1246/3169/2943 1247/1910/1841
f 1319/290/284 1320/2588/2451 1247/1910/1841 1248/1778/1725
f 1318/291/285 1319/290/284 1248/1778/1725 1249/1777/1724
f 1480/2314/2202 1481/2313/2201 1414/603/591 1415/682/669
f 771/1029/1003 772/1028/1002 740/256/250 741/255/249
f 1314/3245/3018 1315/2744/2600 1252/2709/2567 1253/3246/3019
f 1313/3247/3020 1314/3245/3018 1253/3246/3019 1254/3193/2967
f 1312/3248/3021 1313/3247/3020 1254/3193/2967 1255/3192/2966
f 1311/862/840 1312/3248/3021 1255/3192/2966 1256/3232/3005
f 1898/1427/1387 1896/1003/976 1902/1033/1007 1901/94/93
f 2867/3249/3022 2839/2776/2630 2840/2775/2629 2866/3250/3023
f 1307/3251/3024 1308/1873/1803 1259/1876/1806 1260/2728/2584
f 1306/2215/2120 1307/3251/3024 1260/2728/2584 1261/2216/2121
f 527/2138/2047 528/2389/2274 513/2327/2213 514/1585/1535
f 778/334/328 777/2701/2559 802/2766/2620 801/335/329
f 2586/3252/3025 2587/1758/1704 2570/3253/3026 2572/3254/3027
f 1315/2744/2600 1314/3245/3018 1335/3255/3028 1334/2412/2291
f 1301/167/163 1302/166/162 1265/2157/2065 1266/2156/2064
f 1300/279/273 1301/167/163 1266/2156/2064 1267/2392/2277
f 1299/280/274 1300/279/273 1267/2392/2277 1268/1892/1822
f 3997/1901/1831 4021/1895/1825 4022/1904/1834 3996/1520/1477
f 3481/3256/3029 3483/3257/3030 3503/2427/2306 3482/3258/3031
f 1450/1648/1598 1451/1418/1379 1444/3259/3032 1445/3260/3033
f 3394/402/395 3375/1429/1389 3395/1432/1392 3412/3261/3034
f 763/2712/2569 764/2710/2568 748/2678/2537 749/739/724
f 3661/2565/2428 3662/2531/2395 3664/2530/2394 3663/3262/3035
f 1284/3263/3036 1285/3264/1217 1282/3239/3012 1283/3223/2996
f 525/1965/1890 526/2137/2046 515/1584/1534 516/1198/1168
f 1832/2355/2242 1844/2354/2241 1831/3265/3037 1799/3266/3038
f 783/1782/1729 784/2751/2607 728/267/261 729/2713/2570
f 1291/2595/2458 1292/2938/2764 1275/2940/2766 1276/504/494
f 1243/541/530 1244/1737/1682 1242/318/312 1241/317/311
f 3488/258/252 3476/2844/2684 3487/3267/3039 3498/259/253
f 2093/582/570 2103/581/569 2094/3268/3040 2088/2958/2784
f 3846/992/965 3765/2913/2741 3845/2485/2352 3848/3269/3041
f 3813/3120/2902 3803/2513/2378 3815/2515/2380 3814/3270/3042
f 1325/598/586 1326/3271/3043 1324/1736/1681 1323/540/529
f 3178/3272/3044 3211/2664/2525 3212/3273/3045 3210/2740/2596
f 182/861/839 183/797/781 166/800/541 167/886/864
f 1387/1676/1625 1386/477/467 1427/240/234 1426/239/233
f 1287/455/446 1286/3274/3046 1363/3275/3047 1362/456/447
f 1289/668/656 1288/454/445 1361/457/448 1360/498/488
f 2142/1754/1700 2153/3224/2997 2152/1680/1629 2144/1679/1628
f 1291/2595/2458 1290/667/655 1359/669/657 1358/3276/3048
f 1292/2938/2764 1291/2595/2458 1358/3276/3048 1357/3277/3049
f 1303/636/624 1302/166/162 1347/169/165 1346/637/625
f 1285/3264/1217 1284/3263/3036 1365/424/415 1364/3278/3050
f 211/844/825 212/219/213 202/842/823 203/845/826
f 1296/624/612 1295/828/809 1354/795/779 1353/625/613
f 677/2654/265 675/2681/2540 746/2131/2041 745/2655/2515
f 1298/1891/1821 1297/623/611 1352/626/614 1351/1140/1112
f 1299/280/274 1298/1891/1821 1351/1140/1112 1350/281/275
f 1322/539/528 1321/2587/2450 1328/2590/2453 1327/597/585
f 83/157/154 85/144/141 84/147/144 82/158/155
f 953/425/416 1365/424/415 1284/3263/3036 951/351/345
f 89/162/158 91/160/157 90/161/157 88/163/159
f 2830/3279/3051 2831/2321/2207 2825/1772/1719 2819/1771/1718
f 1309/1874/1804 1308/1873/1803 1341/2512/2377 1340/2511/2376
f 4074/1548/544 4071/1550/541 4075/1581/1531 4098/1725/1670
f 183/797/781 182/861/839 201/841/822 200/826/807
f 1312/3248/3021 1311/862/840 1338/865/843 1337/1789/1736
f 1313/3247/3020 1312/3248/3021 1337/1789/1736 1336/1788/1735
f 1477/3280/3052 1418/2693/2551 1419/3281/3053 1476/3282/3054
f 1316/694/681 1315/2744/2600 1334/2412/2291 1333/695/682
f 2867/3249/3022 2866/3250/3023 3062/3179/2953 3052/2905/2733
f 1320/2588/2451 1319/290/284 1330/293/287 1329/2589/2452
f 1293/2696/2554 1292/2938/2764 1357/3277/3049 1356/2697/2555
f 1306/2215/2120 1305/2214/2119 1344/1677/1626 1343/2572/2435
f 3728/2551/2413 3710/600/588 3727/1458/1418 3738/3208/2981
f 3739/2779/2633 3726/2822/2668 3740/674/662 3754/673/661
f 3677/594/582 3680/3018/2833 3681/201/196 3679/595/583
f 2670/3177/2951 2671/2277/2168 2456/2280/2171 2457/3283/3055
f 380/3284/1276 381/2273/1275 403/1920/1850 399/1801/1747
f 1708/3285/3056 1709/3286/3057 1705/2928/2756 1707/3287/3058
f 3714/2540/2402 3705/3288/3059 3715/2482/2349 3723/2870/2703
f 577/2446/2323 586/1157/1129 582/2469/2339 574/2468/2338
f 2849/3289/3060 2852/3290/3061 2848/3163/2937 2847/3162/2936
f 2051/3123/2904 2055/462/453 2054/276/270 2050/275/269
f 529/1959/1886 528/2389/2274 538/1203/1172 537/538/527
f 3705/3288/3059 3691/3291/3062 3693/2483/2350 3715/2482/2349
f 1402/152/149 1403/3292/3063 1328/2590/2453 1329/2589/2452
f 1662/3293/698 1664/2616/2479 1663/2617/2480 1661/3294/3064
f 1368/3295/3065 1369/2470/2340 1362/456/447 1363/3275/3047
f 522/1687/1636 544/1686/1635 521/3195/2969 520/3194/2968
f 431/1810/1753 434/2274/389 433/616/604 432/615/603
f 2593/3296/3066 2595/3297/2810 2594/2177/2082 2592/3298/3067
f 1373/3299/3068 1374/3300/3069 1357/3277/3049 1358/3276/3048
f 402/924/901 395/1790/1737 376/2403/1360 377/925/902
f 2862/3301/3070 2853/3302/3071 2861/3303/3072 3073/1607/1557
f 3738/3208/2981 3727/1458/1418 3739/2779/2633 3755/2778/2632
f 1552/2211/2116 1554/1951/1879 1553/1954/1882 1551/2212/2117
f 3380/3304/3073 3379/3305/3074 3390/2579/2442 3389/1516/1473
f 1375/2685/2544 1376/701/278 1355/796/780 1356/2697/2555
f 2075/2634/2497 2079/2633/2496 2074/3306/3075 2062/3020/2835
f 1374/3300/3069 1375/2685/2544 1356/2697/2555 1357/3277/3049
f 3034/2097/2007 3018/3307/3076 3036/977/950 3035/650/638
f 3031/2749/2605 3021/3308/3077 3020/1623/1573 3032/2991/2815
f 2131/1472/1432 2166/2967/2793 2137/2969/2795 2135/1478/1438
f 1005/2992/2816 1007/3309/1834 1006/2933/2761 1004/2932/2760
f 644/3310/3078 646/3311/2177 645/151/148 643/150/147
f 2326/3312/3079 2327/3313/3080 2313/3314/3081 2315/3315/3082
f 1392/2668/2529 1393/2667/2528 1338/865/843 1339/864/842
f 2360/3316/3083 2362/3317/3084 2361/3318/3085 2359/3319/3086
f 1366/423/414 1367/1248/1216 1364/3278/3050 1365/424/415
f 2204/3320/3087 2205/3321/3088 2203/3322/3089 2202/3323/3090
f 3787/3105/2889 3789/3324/3091 3791/1956/1883 3790/1955/319
f 707/2688/2547 709/2648/2509 708/2650/2511 706/3325/3092
f 1385/478/468 1384/271/265 1429/274/268 1428/479/469
f 3709/2550/2412 3700/203/198 3710/600/588 3728/2551/2413
f 3680/3018/2833 3677/594/582 3675/2910/2738 3687/2909/2737
f 683/2673/2534 681/2619/2482 743/2686/2545 742/2674/233
f 3159/3326/3093 3166/3327/3094 3167/3328/3095 3158/1376/850
f 2701/1840/1777 2702/3329/3096 2744/3330/3097 2721/3331/3098
f 1369/2470/2340 1368/3295/3065 1445/3260/3033 1444/3259/3032
f 1391/2510/2375 1390/670/658 1423/612/600 1422/611/599
f 1372/3332/3099 1371/497/487 1442/688/675 1441/2718/2576
f 1373/3299/3068 1372/3332/3099 1441/2718/2576 1440/2717/2575
f 1374/3300/3069 1373/3299/3068 1440/2717/2575 1439/3333/2459
f 1375/2685/2544 1374/3300/3069 1439/3333/2459 1438/573/561
f 952/3334/3100 953/425/416 951/351/345 950/350/344
f 1378/901/879 1377/700/687 1436/588/576 1435/3335/3101
f 1370/496/486 1369/2470/2340 1444/3259/3032 1443/687/674
f 1380/1138/1110 1379/1645/1595 1434/2124/2034 1433/2123/2033
f 1382/910/888 1381/1139/1111 1432/1667/1616 1431/1666/1615
f 1404/590/578 1403/3292/3063 1410/1675/1624 1409/591/579
f 652/2672/2533 653/2679/2538 633/2680/2539 635/2574/2437
f 705/2689/2548 703/19/19 732/22/22 731/2690/2549
f 2633/2146/2054 2634/3336/3102 2626/2953/2779 2625/3337/3103
f 1389/671/659 1388/2570/2433 1425/2703/2561 1424/672/660
f 3245/3338/3104 3240/2962/2788 3244/1451/1411 3247/2545/2407
f 340/1072/1046 341/1250/1218 331/1162/1134 338/1253/1221
f 1397/753/738 1396/2692/2550 1417/2694/2552 1416/754/739
f 1383/272/266 1382/910/888 1431/1666/1615 1430/273/267
f 1403/3292/3063 1402/152/149 1411/155/152 1410/1675/1624
f 1395/1787/1734 1394/1786/1733 1419/3281/3053 1418/2693/2551
f 1394/1786/1733 1393/2667/2528 1420/2670/2531 1419/3281/3053
f 1368/3295/3065 1367/1248/1216 1446/1249/1217 1445/3260/3033
f 1379/1645/1595 1378/901/879 1435/3335/3101 1434/2124/2034
f 1308/1873/1803 1307/3251/3024 1342/2571/2434 1341/2512/2377
f 2343/1721/1666 2196/3339/3105 2334/3340/3106 2335/3341/3107
f 3255/3342/3108 3254/3213/2986 3253/3212/2985 3261/3343/3109
f 1310/863/841 1309/1874/1804 1340/2511/2376 1339/864/842
f 4087/1858/1793 4088/1652/1602 4089/1568/1519 4086/1604/1554
f 1481/2313/2201 1482/1646/1596 1413/604/592 1414/603/591
f 4018/1571/1522 4019/1570/1521 4020/1896/1826 3998/1900/1830
f 3090/3344/3110 3091/3345/3111 3093/3346/3112 3092/2502/2368
f 1478/3347/3113 1479/3348/3114 1416/754/739 1417/2694/2552
f 3846/992/965 3848/3269/3041 3843/3349/3115 3847/993/966
f 1286/3274/3046 1287/455/446 1280/2916/2744 1281/3240/3013
f 3305/2812/2660 3283/3202/2975 3284/3350/3116 3306/3351/3117
f 3282/3201/2734 3268/3352/3118 3269/3353/3119 3283/3202/2975
f 1900/93/92 1907/1202/1171 1890/1975/2590 1899/1749/1695
f 1285/3264/1217 1286/3274/3046 1281/3240/3013 1282/3239/3012
f 1471/2719/2577 1472/609/597 1423/612/600 1424/672/660
f 1483/1647/1597 1484/1371/1332 1411/155/152 1412/154/151
f 772/1028/1002 773/2908/2736 739/741/726 740/256/250
f 1459/587/575 1460/3354/3120 1435/3335/3101 1436/588/576
f 1467/2737/2593 1468/237/231 1427/240/234 1428/479/469
f 3028/381/374 3044/752/737 2993/709/695 3027/378/371
f 770/2706/2564 771/1029/1003 741/255/249 742/2674/233
f 1473/610/598 1474/3355/3121 1421/2669/2530 1422/611/599
f 1448/300/294 1449/1649/1599 1446/1249/1217 1447/757/742
f 1462/2122/2032 1463/1664/1613 1432/1667/1616 1433/2123/2033
f 1287/455/446 1288/454/445 1279/2162/2069 1280/2916/2744
f 1460/3354/3120 1461/2121/2031 1434/2124/2034 1435/3335/3101
f 1464/1665/1614 1465/621/609 1430/273/267 1431/1666/1615
f 1453/1386/1346 1454/1385/1345 1441/2718/2576 1442/688/675
f 1303/636/624 1304/635/623 1263/1781/1728 1264/1780/1727
f 3764/991/964 3758/2557/2419 3765/2913/2741 3846/992/965
f 1457/459/450 1438/573/561 1439/3333/2459 1456/3356/3122
f 1456/3356/3122 1439/3333/2459 1440/2717/2575 1455/1442/1402
f 2137/2969/2795 2162/561/549 2160/564/552 2136/1735/1680
f 1474/3355/3121 1475/3357/3123 1420/2670/2531 1421/2669/2530
f 1452/1417/1378 1453/1386/1346 1442/688/675 1443/687/674
f 1302/166/162 1303/636/624 1264/1780/1727 1265/2157/2065
f 4032/1733/1678 4016/1627/1577 4015/1626/1576 4068/1718/1663
f 1449/1649/1599 1450/1648/1598 1445/3260/3033 1446/1249/1217
f 759/224/218 760/2714/2571 752/285/279 753/225/219
f 959/301/295 1448/300/294 1447/757/742 957/707/693
f 1983/809/791 2020/565/553 2018/568/556 1985/2839/2679
f 1466/622/610 1467/2737/2593 1428/479/469 1429/274/268
f 3828/3358/3124 3829/2499/2366 3830/2918/2746 3814/3270/3042
f 3144/2500/1193 3143/3359/1214 3149/3360/3125 3145/2501/2367
f 3155/3361/3126 3154/1373/1334 3157/3362/3127 3185/1273/1241
f 3772/583/571 3784/3104/2888 3785/3106/2890 3771/1212/1181
f 1216/2734/2589 1215/3216/2989 1270/1600/1550 1269/1893/1823
f 3328/575/563 3327/1005/979 3336/1008/982 3335/3363/3128
f 1848/689/676 1847/384/1757 1862/1818/1759 1861/3364/3129
f 1451/1418/1379 1450/1648/1598 1595/1651/1601 1594/1419/1380
f 4233/1919/1849 4212/725/711 4235/3365/3130 4234/3366/3131
f 1453/1386/1346 1452/1417/1378 1593/1420/1381 1592/1387/1347
f 1476/3282/3054 1524/3367/3132 1500/3368/3133 1477/3280/3052
f 1205/2915/2743 1204/367/360 1281/3240/3013 1280/2916/2744
f 3167/3328/3095 3183/3369/3134 3184/2820/2666 3157/3362/3127
f 3184/2820/2666 3183/3369/3134 3205/3370/3135 3204/2821/2667
f 1032/3027/2840 1544/3371/3136 1591/1443/1403 1031/2884/2716
f 1023/310/304 1022/3101/2885 1038/569/557 1037/311/305
f 1218/2390/2275 1219/2155/2063 1184/3041/2849 1185/2426/2305
f 1602/973/946 1603/2114/2025 1592/1387/1347 1593/1420/1381
f 2958/1613/1563 2970/3372/3137 2959/2281/2172 2947/2188/2093
f 837/3033/2846 838/2999/2821 808/1030/1004 809/2756/2611
f 1599/1317/1282 1600/1316/1281 1595/1651/1601 1596/1650/1600
f 1524/3367/3132 1581/3107/2891 1523/3118/2900 1500/3368/3133
f 1033/3373/2652 1034/3174/2948 1542/461/452 1543/460/451
f 836/2094/2004 837/3033/2846 809/2756/2611 810/2095/2005
f 1463/1664/1613 1462/2122/2032 1538/570/558 1537/3374/3138
f 691/1252/1220 693/2695/2553 692/3375/3139 690/2600/2463
f 850/2055/1965 849/2054/1964 864/3127/2907 863/3140/2920
f 3771/1212/1181 3785/3106/2890 3798/780/764 3770/3241/3014
f 3711/1457/1417 3699/599/587 3698/489/479 3712/488/478
f 3576/3376/3140 3577/1184/1154 3578/1183/1153 3575/3377/3141
f 965/2381/2266 1610/3378/3142 1598/2378/2263 963/1411/1372
f 1598/2378/2263 1599/1317/1282 1596/1650/1600 1597/299/293
f 853/355/349 854/354/348 792/2808/2657 793/3379/3143
f 870/3142/930 866/2136/2045 867/2135/2045 869/2998/532
f 1031/2884/2716 1604/2115/2026 1030/2811/2659 1029/3028/2841
f 1027/3380/3144 1033/3373/2652 1032/3027/2840 1028/3026/2839
f 1032/3027/2840 1033/3373/2652 1543/460/451 1544/3371/3136
f 763/2712/2569 762/895/873 817/1512/1469 816/2735/2591
f 1459/587/575 1458/458/449 1542/461/452 1541/392/385
f 1460/3354/3120 1459/587/575 1541/392/385 1540/391/384
f 1464/1665/1614 1463/1664/1613 1537/3374/3138 1536/2230/2135
f 1239/3168/2942 1238/1909/1840 1247/1910/1841 1246/3169/2943
f 3269/3353/3119 3266/1379/1339 3264/1378/1338 3270/3381/3145
f 1455/1442/1402 1591/1443/1403 1544/3371/3136 1456/3356/3122
f 787/677/665 786/1575/1526 793/3379/3143 792/2808/2657
f 1468/237/231 1467/2737/2593 1533/2200/2105 1532/3186/2959
f 1461/2121/2031 1460/3354/3120 1540/391/384 1539/571/559
f 3574/3382/3146 3579/1180/1150 3580/1179/1149 3573/3383/3147
f 1473/610/598 1472/609/597 1528/2150/2058 1527/2149/2057
f 3249/2548/2410 3252/3103/2887 3257/3214/2987 3259/3384/713
f 1915/784/768 1916/783/767 1883/1908/1839 1884/1987/1913
f 1476/3282/3054 1475/3357/3123 1525/3385/3148 1524/3367/3132
f 3603/1178/1148 3653/1984/1910 3652/1983/1909 3602/3386/3149
f 1477/3280/3052 1500/3368/3133 1499/3387/3150 1478/3347/3113
f 1456/3356/3122 1544/3371/3136 1543/460/451 1457/459/450
f 2509/3388/3151 2511/3389/3152 2510/3390/3153 2508/3391/3154
f 3731/2507/2372 3734/2556/2418 3759/1603/1553 3735/3392/3155
f 1045/2362/2247 1046/2879/2711 1530/494/484 1531/493/483
f 3760/3393/3156 3735/3392/3155 3759/1603/1553 3763/1602/1552
f 1524/3367/3132 1525/3385/3148 1582/2384/2269 1581/3107/2891
f 1525/3385/3148 1526/3394/3157 1583/2385/2270 1582/2384/2269
f 1508/1267/1235 1507/2153/2061 1516/3115/2897 1515/2863/2696
f 947/3209/2982 1202/3187/2960 1201/2872/2705 945/2791/2645
f 1041/1335/1300 1042/1334/1299 1534/2201/2106 1535/2229/2134
f 928/2757/2612 927/1746/1692 938/1748/1694 937/3148/1282
f 1814/3395/3158 1816/3396/3159 1815/3397/3160 1813/3398/3161
f 3015/3399/3162 3036/977/950 3018/3307/3076 3017/3400/3163
f 2003/1450/1410 2007/1449/1409 2006/3401/3164 2002/3402/3165
f 1171/2806/532 1170/3146/532 1174/3182/2955 1173/1497/1457
f 1038/569/557 1039/3048/2852 1537/3374/3138 1538/570/558
f 4238/1369/1330 4239/429/420 4250/693/680 4240/1811/1754
f 3835/3403/3166 3836/2496/2363 3829/2499/2366 3828/3358/3124
f 3085/3100/2884 3075/3404/3167 3087/3405/3168 3086/3406/3169
f 844/2901/2729 843/2781/2635 893/3145/2045 892/2805/2193
f 976/3407/3170 1607/975/948 1608/1319/1284 974/2981/2805
f 3842/3138/2918 3848/3269/3041 3845/2485/2352 3844/2484/2351
f 2871/978/951 2827/3052/2855 2826/2320/2206 2870/649/637
f 1574/3408/904 1576/1636/1586 1575/1639/1589 1573/2951/2777
f 323/2209/2114 533/2255/2155 324/2257/2157 316/3409/3171
f 1400/601/589 1401/153/150 1330/293/287 1331/292/286
f 1660/3410/3172 1662/3293/698 1661/3294/3064 1659/3411/3173
f 438/3086/2871 440/3412/3174 439/1384/1344 437/1383/1343
f 1556/1952/1880 1558/3413/387 1557/3122/2903 1555/1953/1881
f 1654/3414/237 1656/2722/541 1655/2725/2581 1653/3415/3175
f 703/19/19 705/2689/2548 704/3416/3176 702/2604/2467
f 1562/1630/1580 1564/2408/2287 1563/2411/2290 1561/1631/1581
f 1092/1119/1093 1093/2249/2153 1548/2250/2154 1547/1120/1094
f 1566/2409/2288 1568/3417/3177 1567/3151/2925 1565/2410/2289
f 444/2504/2369 446/2641/389 445/2308/2196 443/2323/2209
f 1017/2996/2819 1018/1333/1298 1006/2933/2761 1008/114/112
f 1517/3152/2926 1567/3151/2925 1569/3116/2898 1516/3115/2897
f 967/3418/3178 970/3419/3179 1610/3378/3142 965/2381/2266
f 3696/2539/2401 3690/2528/2392 3705/3288/3059 3714/2540/2402
f 972/2982/2806 1609/1318/1283 1610/3378/3142 970/3419/3179
f 1048/1121/1095 1546/358/351 1047/2878/2710 1014/2577/2440
f 1547/1120/1094 1586/359/352 1546/358/351 1048/1121/1095
f 978/3001/2823 1606/976/949 1607/975/948 976/3407/3170
f 1587/3147/2922 1548/2250/2154 1549/2213/2118 1588/2382/2267
f 1056/3012/821 1058/3191/2965 1057/3085/389 1055/3013/389
f 1030/2811/2659 982/2974/2800 984/2977/2802 1029/3028/2841
f 1029/3028/2841 984/2977/2802 986/3420/3180 1028/3026/2839
f 1028/3026/2839 986/3420/3180 988/2613/2476 1027/3380/3144
f 3774/961/934 3747/1915/1846 3775/2246/2152 3778/3421/3181
f 3760/3393/3156 3761/3422/3182 3762/3423/3183 3735/3392/3155
f 1523/3118/2900 1579/3064/2860 1522/117/115 1501/116/114
f 1545/361/354 1585/360/353 1528/2150/2058 1529/3424/3184
f 2915/876/854 2922/1617/1567 2914/1620/1570 2913/873/851
f 3419/3425/3185 3421/899/877 3422/3426/3186 3420/3427/3187
f 1875/3428/3188 1874/3429/3189 1881/619/607 1880/1389/1350
f 1121/927/903 1123/3113/386 1122/3114/1586 1120/928/904
f 1519/2787/2641 1563/2411/2290 1565/2410/2289 1518/3043/2851
f 3564/1888/1818 3589/3430/3190 3590/3431/3191 3562/1885/1815
f 1018/1333/1298 1017/2996/2819 1043/2199/2104 1042/1334/1299
f 830/2886/557 829/1511/1468 907/2881/2713 906/2887/2718
f 1027/3380/3144 1026/3149/2923 1034/3174/2948 1033/3373/2652
f 3568/2026/1942 3585/216/210 3586/215/209 3567/1932/1861
f 3566/1929/1858 3587/1644/1594 3588/3432/3192 3565/2044/1957
f 3605/1182/1152 3655/1924/1853 3654/2505/2370 3604/1181/1151
f 3565/2044/1957 3588/3432/3192 3589/3430/3190 3564/1888/1818
f 1027/3380/3144 988/2613/2476 990/2612/2475 1026/3149/2923
f 294/1322/1287 316/3409/3171 295/1696/1645 289/1695/1644
f 966/3433/2321 967/3418/3178 965/2381/2266 964/2380/2265
f 1161/1534/1490 1162/1533/532 901/2862/2695 902/2900/2728
f 3570/2001/1927 3583/3434/3193 3584/2175/2080 3569/1998/1924
f 3571/451/442 3582/450/441 3583/3434/3193 3570/2001/1927
f 1479/3348/3114 1478/3347/3113 1499/3387/3150 1498/3435/3194
f 3599/2176/2081 3649/3436/3195 3648/2949/2775 3598/217/211
f 3573/3383/3147 3580/1179/1149 3581/449/440 3572/448/439
f 1203/366/359 1202/3187/2960 1283/3223/2996 1282/3239/3012
f 757/2699/2557 756/1881/1811 823/2745/2601 822/2817/2664
f 1484/1371/1332 1483/1647/1597 1494/1700/1648 1493/1372/1333
f 1799/3266/3038 1798/1340/1305 1833/1343/1308 1832/2355/2242
f 1471/2719/2577 1470/492/482 1530/494/484 1529/3424/3184
f 1235/3144/2921 1234/2707/2565 1251/2661/2522 1250/2660/2521
f 1584/2151/2059 1585/360/353 1586/359/352 1587/3147/2922
f 3575/3377/3141 3578/1183/1153 3579/1180/1150 3574/3382/3146
f 2909/3437/122 2916/875/853 2908/874/852 2907/3438/3196
f 3939/2343/2229 3930/2342/2228 3929/2195/2100 3940/2084/1994
f 1505/3042/2850 1506/2152/2060 1494/1700/1648 1495/1699/1647
f 1504/2747/2603 1505/3042/2850 1495/1699/1647 1496/2316/2204
f 2076/328/322 2078/327/321 2075/2634/2497 2058/3019/2834
f 1502/115/113 1503/2746/2602 1497/2315/2203 1498/3435/3194
f 1501/116/114 1502/115/113 1498/3435/3194 1499/3387/3150
f 1241/317/311 1240/2937/2763 1245/542/531 1243/541/530
f 3594/3439/3197 3644/3440/3198 3643/3030/2843 3592/3029/2842
f 3528/1129/1103 3526/2874/2706 3576/3376/3140 3533/3441/3199
f 3575/3377/3141 3535/2460/2334 3533/3441/3199 3576/3376/3140
f 1503/2746/2602 1502/115/113 1521/118/116 1520/2786/2640
f 1521/118/116 1559/1632/1582 1561/1631/1581 1520/2786/2640
f 3574/3382/3146 3537/2461/2335 3535/2460/2334 3575/3377/3141
f 1520/2786/2640 1561/1631/1581 1563/2411/2290 1519/2787/2641
f 830/2886/557 831/2885/2717 815/2736/2592 816/2735/2591
f 1204/367/360 1205/2915/2743 1198/2120/2030 1199/368/361
f 1506/2152/2060 1505/3042/2850 1518/3043/2851 1517/3152/2926
f 1507/2153/2061 1506/2152/2060 1517/3152/2926 1516/3115/2897
f 2074/3306/3075 2080/3442/3200 2073/527/516 2061/3443/3201
f 3573/3383/3147 3539/3444/3202 3537/2461/2335 3574/3382/3146
f 3572/448/439 3541/3445/3203 3539/3444/3202 3573/3383/3147
f 1157/419/389 1156/2997/2820 1188/3155/2929 1187/420/412
f 1022/3101/2885 998/2990/2814 1000/2927/2755 1021/2993/2817
f 1023/310/304 996/3446/3204 998/2990/2814 1022/3101/2885
f 1024/309/303 994/2296/2187 996/3446/3204 1023/310/304
f 3570/2001/1927 3545/2000/1926 3543/2046/1958 3571/451/442
f 3624/3447/3205 3650/3448/3206 3651/3449/3207 3622/2010/1931
f 3571/451/442 3543/2046/1958 3541/3445/3203 3572/448/439
f 1763/2370/2255 1746/3450/3208 1765/3451/3209 1764/2369/2254
f 1674/1942/1870 1673/2237/2142 1724/2236/2141 1723/1943/1871
f 3452/3452/3210 3453/3453/3211 3455/3454/3212 3454/3455/3213
f 3616/2506/2371 3654/2505/2370 3655/1924/1853 3614/1923/1852
f 1727/1505/1465 1728/1504/1464 1726/3456/3214 1725/3457/3215
f 1967/1946/1874 1971/3458/3216 1970/3459/3217 1969/3460/3218
f 3612/1926/1855 3656/1925/1854 3607/2827/2673 3609/3461/3219
f 3524/3462/3220 3608/3463/3221 3609/3461/3219 3607/2827/2673
f 1802/3464/3222 1803/383/376 1783/3465/3223 1784/937/913
f 3558/3466/389 3559/1886/1816 3561/1997/1923 3560/3467/389
f 3556/3468/389 3557/1887/1817 3559/1886/1816 3558/3466/389
f 1974/3097/2881 1976/3159/2933 1972/3469/3224 1973/3470/3225
f 3532/3471/1950 3533/3441/3199 3535/2460/2334 3534/2459/389
f 1956/3472/3226 1954/2350/2236 1955/2349/2235 1738/3473/3227
f 3630/2458/2333 3631/2457/1144 3633/3474/1144 3632/3475/3228
f 1691/2421/2300 1713/2420/2299 1708/3285/3056 1692/3476/3229
f 1522/117/115 1557/3122/2903 1559/1632/1582 1521/118/116
f 3609/3461/3219 3611/3477/1144 3613/3478/2329 3612/1926/1855
f 1568/3417/3177 1570/3479/2853 1569/3116/2898 1567/3151/2925
f 3548/3480/389 3549/2027/1943 3551/1931/1860 3550/3481/389
f 3546/3482/389 3547/1999/1925 3549/2027/1943 3548/3480/389
f 1570/3479/2853 1572/3483/905 1571/3117/2899 1569/3116/2898
f 1401/153/150 1402/152/149 1329/2589/2452 1330/293/287
f 3125/3484/3230 3126/3485/3231 3127/3486/302 3124/3487/3232
f 3554/3488/389 3555/2043/1956 3557/1887/1817 3556/3468/389
f 1211/3066/2862 1212/3211/2984 1191/3154/2928 1192/3067/2863
f 1691/2421/2300 1634/3489/3233 1686/3490/3234 1690/2418/2297
f 2900/3491/2326 2907/3438/3196 2905/3492/3235 2902/3493/2327
f 3254/3213/2986 3197/1146/1118 3200/3494/3236 3257/3214/2987
f 1816/3396/3159 1818/1208/1177 1817/1211/1180 1815/3397/3160
f 3544/2047/1959 3545/2000/1926 3547/1999/1925 3546/3482/389
f 1558/3413/387 1560/1629/1579 1559/1632/1582 1557/3122/2903
f 523/2597/2460 521/3195/2969 544/1686/1635 543/1538/1494
f 1652/3495/205 1654/3414/237 1653/3415/3175 1651/3496/3237
f 3908/1027/1001 3927/2265/2162 3928/2196/2101 3907/1024/998
f 1692/3476/3229 1708/3285/3056 1707/3287/3058 1694/3220/2993
f 3916/763/748 3918/762/747 3920/2166/2073 3915/2148/2056
f 398/1917/1847 410/1814/1756 397/3497/1514 396/3498/1918
f 3906/2194/2099 3929/2195/2100 3930/2342/2228 3905/2339/2225
f 1644/1154/1126 1646/2261/2158 1645/2264/2161 1643/1155/1127
f 1639/3499/3238 1640/3500/1825 1638/3501/3239 1621/3502/3240
f 677/2654/265 679/2618/2481 678/2621/2484 676/3503/3241
f 399/1801/1747 400/659/647 379/662/650 380/3284/1276
f 1572/3483/905 1574/3408/904 1573/2951/2777 1571/3117/2899
f 3540/3504/1950 3541/3445/3203 3543/2046/1958 3542/2045/389
f 3538/3505/389 3539/3444/3202 3541/3445/3203 3540/3504/1950
f 1226/3215/2988 1227/3184/2957 1176/546/534 1177/545/533
f 3614/1923/1852 3615/3506/1144 3617/3507/1144 3616/2506/2371
f 3536/2462/389 3537/2461/2335 3539/3444/3202 3538/3505/389
f 3974/2474/1144 3965/2393/2278 3964/2083/1993 3975/2471/1144
f 3530/1130/389 3528/1129/1103 3533/3441/3199 3532/3471/1950
f 1766/3451/3242 1791/3508/3243 1764/2369/2254 1765/3451/3209
f 1638/3501/3239 1641/1156/1128 1637/3509/3244 1613/3510/3245
f 521/3195/2969 523/2597/2460 518/1188/1158 519/2366/2251
f 1769/2102/2013 1768/1938/1866 1789/2373/2258 1788/2395/2280
f 852/1545/1501 853/355/349 793/3379/3143 794/2753/2609
f 946/3210/2983 947/3209/2982 945/2791/2645 944/2790/2644
f 1800/3511/3246 1801/3512/3247 1785/936/912 1786/2101/2012
f 1672/2235/2143 1673/2237/2142 1667/1403/1364 1669/3513/3248
f 1803/383/376 1804/382/375 1782/3514/3249 1783/3465/3223
f 1787/3515/3250 1800/3511/3246 1786/2101/2012 1770/2100/2011
f 1684/916/894 1671/1928/1857 1643/1155/1127 1645/2264/2161
f 1812/3197/2971 1814/3395/3158 1813/3398/3161 1810/1587/1537
f 3638/3516/3251 3639/3517/1144 3641/3518/1144 3640/3519/3252
f 1676/2218/2123 1675/1941/1869 1722/1944/1872 1721/2219/2124
f 1755/2375/2260 1761/1939/1867 1760/2103/2014 1756/3520/3253
f 3526/2874/2706 3528/1129/1103 3529/1132/1104 3527/2875/2707
f 3562/1885/1815 3590/3431/3191 3591/3521/3254 3563/1996/1922
f 1612/3522/3255 1617/3523/3256 1611/3524/3257 1613/3510/3245
f 1658/2723/241 1660/3410/3172 1659/3411/3173 1657/2724/2580
f 1650/3136/2916 1652/3495/205 1651/3496/3237 1649/3137/2917
f 2210/2625/2488 2222/2624/2487 2209/2606/2469 2208/3525/3258
f 1738/3473/3227 1720/2040/1953 1721/2219/2124 1737/3526/3259
f 4255/90/89 4306/89/88 4305/308/302 4256/881/859
f 2690/3527/3260 2692/3528/3261 2696/3529/3262 2689/821/803
f 2785/174/170 2784/3530/3263 2800/3531/3264 2799/3532/3265
f 1405/589/577 1406/2535/2176 1326/3271/3043 1325/598/586
f 471/1382/1342 470/2317/2205 482/2331/2217 481/2336/2222
f 1623/3533/3266 1634/3489/3233 1633/3534/3267 1624/2598/2461
f 2386/3535/3268 2388/3536/3269 2387/2983/2807 2385/2986/2810
f 1631/2599/2462 1632/3537/3270 1978/3538/3271 1977/3158/2932
f 1387/1676/1625 1388/2570/2433 1343/2572/2435 1344/1677/1626
f 2066/530/519 2071/529/518 2068/1989/1915 2065/1988/1914
f 1976/3159/2933 1977/3158/2932 1971/3458/3216 1972/3469/3224
f 1624/2598/2461 1625/1968/1893 1622/3539/3272 1623/3533/3266
f 3090/3344/3110 3150/3540/3273 3151/3541/3274 3088/3542/3275
f 4273/476/466 4274/475/465 4275/346/340 4269/345/339
f 1942/2760/2614 1947/2759/2613 1946/3543/3276 1944/3544/3277
f 1711/2081/1991 1712/2080/1990 1710/3545/3278 1709/3286/3057
f 634/2772/2626 636/2573/2436 635/2574/2437 633/2680/2539
f 317/1321/1286 323/2209/2114 316/3409/3171 294/1322/1287
f 3417/897/875 3390/2579/2442 3416/3546/696 3427/3547/3279
f 713/265/259 715/2687/2546 714/2957/2783 712/3548/3280
f 627/1440/1400 657/2397/2281 629/2398/2282 628/1437/1397
f 3595/3095/2879 3588/3432/3192 3587/1644/1594 3596/1643/1593
f 871/3141/532 870/3142/930 889/2883/2715 888/2882/2714
f 1379/1645/1595 1380/1138/1110 1351/1140/1112 1352/626/614
f 1025/3150/2924 1024/309/303 1036/312/306 1035/390/383
f 2430/3549/3281 2432/3550/3282 2431/3551/3283 2429/3552/3284
f 1640/3500/1825 1642/1153/1125 1641/1156/1128 1638/3501/3239
f 1942/2760/2614 1943/3553/3285 1941/3554/3286 1940/2481/2348
f 3526/2874/2706 3521/1962/1887 3577/1184/1154 3576/3376/3140
f 3595/3095/2879 3645/3094/2878 3644/3440/3198 3594/3439/3197
f 1673/2237/2142 1674/1942/1870 1665/1404/1365 1667/1403/1364
f 3567/1932/1861 3586/215/209 3587/1644/1594 3566/1929/1858
f 3597/214/208 3647/2950/2776 3646/3093/2877 3596/1643/1593
f 1615/3555/3287 1635/3556/3288 1623/3533/3266 1622/3539/3272
f 1746/3450/3208 1763/2370/2255 1745/3557/3289 1744/3558/3290
f 497/1583/1533 496/1197/1167 516/1198/1168 515/1584/1534
f 1510/2794/2646 1509/1268/1236 1514/2864/2697 1512/2896/2724
f 1778/3559/3291 1776/934/910 1784/937/913 1783/3465/3223
f 1613/3510/3245 1637/3509/3244 1614/3560/3292 1612/3522/3255
f 1683/917/895 1682/3561/3293 1689/3562/3294 1688/918/896
f 1967/1946/1874 1969/3460/3218 1968/3563/3295 1966/1947/1875
f 1682/3561/3293 1681/3564/3296 1716/3565/3297 1689/3562/3294
f 3602/3386/3149 3652/1983/1909 3651/3449/3207 3601/3566/3298
f 1963/3567/3299 1961/3568/3300 1979/3569/3301 1973/3470/3225
f 1973/3470/3225 1979/3569/3301 1975/3098/2882 1974/3097/2881
f 937/3148/1282 938/1748/1694 1142/3000/2822 1141/2846/2685
f 1526/3394/3157 1527/2149/2057 1584/2151/2059 1583/2385/2270
f 3600/3570/3302 3650/3448/3206 3649/3436/3195 3599/2176/2081
f 1944/3544/3277 1945/3571/3303 1943/3553/3285 1942/2760/2614
f 3569/1998/1924 3584/2175/2080 3585/216/210 3568/2026/1942
f 3741/2733/2588 3725/2823/2669 3724/2869/2702 3742/2868/2701
f 1615/3555/3287 1616/1470/1430 1612/3522/3255 1614/3560/3292
f 1616/1470/1430 1615/3555/3287 1622/3539/3272 1619/1467/1427
f 1625/1968/1893 1626/1967/1892 1619/1467/1427 1622/3539/3272
f 3604/1181/1151 3654/2505/2370 3653/1984/1910 3603/1178/1148
f 1668/1402/1363 1670/3572/3304 1669/3513/3248 1667/1403/1364
f 3606/1185/1155 3656/1925/1854 3655/1924/1853 3605/1182/1152
f 1615/3555/3287 1614/3560/3292 1636/1927/1856 1635/3556/3288
f 3440/3573/3305 3446/3574/3306 3447/2448/2325 3445/2447/2324
f 3895/2051/1961 3896/2069/1979 3898/2172/2077 3897/2358/2244
f 843/2781/2635 842/2780/2634 894/2305/2193 893/3145/2045
f 1696/3217/2990 1700/1557/1510 1699/1560/1513 1698/3575/3307
f 1954/2350/2236 1956/3472/3226 1953/124/122 1949/2479/2346
f 1694/3220/2993 1695/3219/2992 1693/3576/3308 1692/3476/3229
f 667/683/670 669/738/723 668/2865/2698 666/3577/3309
f 1630/1969/1894 1976/3159/2933 1974/3097/2881 1628/1970/1895
f 1725/3457/3215 1726/3456/3214 1724/2236/2141 1687/2235/2140
f 1776/934/910 1778/3559/3291 1777/3578/3310 1775/3579/3311
f 2965/1608/1558 2860/3580/3312 2859/3581/3313 2964/2465/2336
f 3622/2010/1931 3651/3449/3207 3652/1983/1909 3620/1982/1908
f 1739/3129/2909 1747/3582/3314 1737/3526/3259 1736/3583/3315
f 3626/3584/3316 3649/3436/3195 3650/3448/3206 3624/3447/3205
f 1692/3476/3229 1693/3576/3308 1634/3489/3233 1691/2421/2300
f 3915/2148/2056 3920/2166/2073 3921/1641/1591 3914/1640/1590
f 1959/3585/3317 1951/3161/2935 1952/123/121 1958/122/120
f 3628/2455/2332 3648/2949/2775 3649/3436/3195 3626/3584/3316
f 3630/2458/2333 3647/2950/2776 3648/2949/2775 3628/2455/2332
f 832/1499/1459 831/2885/2717 905/2888/2719 904/1500/1460
f 3632/3475/3228 3646/3093/2877 3647/2950/2776 3630/2458/2333
f 467/2306/2194 466/983/956 486/986/959 485/2353/2239
f 1947/2759/2613 1951/3161/2935 1950/3586/3318 1946/3543/3276
f 1756/3520/3253 1758/1092/1066 1757/3587/3319 1752/3236/3009
f 1635/3556/3288 1686/3490/3234 1634/3489/3233 1623/3533/3266
f 3634/3588/3320 3645/3094/2878 3646/3093/2877 3632/3475/3228
f 1688/918/896 1690/2418/2297 1686/3490/3234 1685/919/897
f 3636/3589/3321 3644/3440/3198 3645/3094/2878 3634/3588/3320
f 1737/3526/3259 1721/2219/2124 1722/1944/1872 1736/3583/3315
f 1965/1945/1873 1972/3469/3224 1971/3458/3216 1967/1946/1874
f 1726/3456/3214 1730/3590/3322 1723/1943/1871 1724/2236/2141
f 1780/3591/3323 1778/3559/3291 1783/3465/3223 1782/3514/3249
f 1961/3568/3300 1963/3567/3299 1962/3592/3324 1960/3593/3325
f 3356/3594/3326 3347/3595/3327 3357/3203/2976 3377/3596/3328
f 3638/3516/3251 3643/3030/2843 3644/3440/3198 3636/3589/3321
f 3640/3519/3252 3642/3031/2844 3643/3030/2843 3638/3516/3251
f 580/1035/1009 562/1021/995 563/1013/987 571/1011/985
f 259/1831/1768 266/2441/2318 261/2440/2317 260/1134/1106
f 3634/3588/3320 3635/3597/1144 3637/3598/1144 3636/3589/3321
f 3550/3481/389 3551/1931/1860 3553/1930/1859 3552/3599/389
f 2962/3227/3000 2966/1609/1559 2963/2466/2337 2944/3600/3329
f 1755/2375/2260 1756/3520/3253 1752/3236/3009 1751/3235/3008
f 1782/3514/3249 1805/1586/1536 1781/1589/1539 1780/3591/3323
f 1781/1589/1539 1795/2334/2220 1779/3601/3330 1780/3591/3323
f 3632/3475/3228 3633/3474/1144 3635/3597/1144 3634/3588/3320
f 1778/3559/3291 1780/3591/3323 1779/3601/3330 1777/3578/3310
f 1717/1981/1906 1718/1980/1905 1936/2348/2234 1935/2079/1989
f 1935/2079/1989 1715/2078/1988 1716/3565/3297 1717/1981/1906
f 1718/1980/1905 1719/2041/1954 1955/2349/2235 1936/2348/2234
f 1720/2040/1953 1738/3473/3227 1955/2349/2235 1719/2041/1954
f 3618/1985/1911 3619/3602/1144 3621/2008/1144 3620/1982/1908
f 2682/3603/3331 2716/1712/1658 2658/1711/1657 2657/3604/3332
f 1774/935/911 1771/1090/1064 1786/2101/2012 1785/936/912
f 2288/1798/1744 2219/3605/3333 2220/2771/2625 2267/1799/1745
f 1963/3567/3299 1965/1945/1873 1964/1948/1876 1962/3592/3324
f 1677/2039/1952 1678/2038/1951 1657/2724/2580 1659/3411/3173
f 1675/1941/1869 1676/2218/2123 1661/3294/3064 1663/2617/2480
f 1676/2218/2123 1677/2039/1952 1659/3411/3173 1661/3294/3064
f 1674/1942/1870 1675/1941/1869 1663/2617/2480 1665/1404/1365
f 843/2781/2635 844/2901/2729 802/2766/2620 803/2765/2619
f 3624/3447/3205 3625/3606/2329 3627/3607/1144 3626/3584/3316
f 3712/488/478 3725/2823/2669 3726/2822/2668 3711/1457/1417
f 3774/961/934 3778/3421/3181 3780/3608/3334 3783/962/935
f 3622/2010/1931 3623/2009/1144 3625/3606/2329 3624/3447/3205
f 3626/3584/3316 3627/3607/1144 3629/2456/1144 3628/2455/2332
f 554/535/524 553/930/906 559/933/909 558/1018/992
f 3552/3599/389 3553/1930/1859 3555/2043/1956 3554/3488/389
f 2400/1105/1079 2402/3609/3335 2401/3610/3336 2399/1106/1080
f 3616/2506/2371 3617/3507/1144 3619/3602/1144 3618/1985/1911
f 705/2689/2548 707/2688/2547 706/3325/3092 704/3416/3176
f 3907/1024/998 3928/2196/2101 3929/2195/2100 3906/2194/2099
f 3111/2804/2656 3112/2803/2655 3114/3611/3337 3113/3612/3338
f 975/2980/2804 977/3613/3339 976/3407/3170 974/2981/2805
f 3612/1926/1855 3613/3478/2329 3615/3506/1144 3614/1923/1852
f 1702/1558/1511 1700/1557/1510 1707/3287/3058 1705/2928/2756
f 1679/1979/1904 1680/1978/1903 1653/3415/3175 1655/2725/2581
f 1680/1978/1903 1681/3564/3296 1651/3496/3237 1653/3415/3175
f 1678/2038/1951 1679/1979/1904 1655/2725/2581 1657/2724/2580
f 1682/3561/3293 1683/917/895 1647/2263/2160 1649/3137/2917
f 1956/3472/3226 1738/3473/3227 1737/3526/3259 1747/3582/3314
f 1756/3520/3253 1760/2103/2014 1759/1093/1067 1758/1092/1066
f 1977/3158/2932 1978/3538/3271 1970/3459/3217 1971/3458/3216
f 3636/3589/3321 3637/3598/1144 3639/3517/1144 3638/3516/3251
f 3608/3463/3221 3610/3614/1144 3611/3477/1144 3609/3461/3219
f 1683/917/895 1684/916/894 1645/2264/2161 1647/2263/2160
f 3868/2024/1940 3885/998/971 3886/997/970 3866/2021/1939
f 3522/1963/1888 3523/3615/3340 3524/3462/3220 3607/2827/2673
f 148/243/237 147/210/205 168/213/207 167/886/864
f 1770/2100/2011 1769/2102/2013 1788/2395/2280 1787/3515/3250
f 1641/1156/1128 1643/1155/1127 1671/1928/1857 1637/3509/3244
f 1767/1937/1865 1764/2369/2254 1791/3508/3243 1790/2372/2257
f 1621/3502/3240 1638/3501/3239 1613/3510/3245 1611/3524/3257
f 1749/3238/3011 1750/3237/3010 1748/3616/3341 1741/3128/2908
f 3365/3617/3342 3339/3618/3343 3338/3619/3344 3366/3620/3345
f 3517/3621/3346 3519/2789/2643 3506/3157/2931 3518/3622/3347
f 673/2682/2541 675/2681/2540 674/3623/3348 672/2858/2691
f 2878/3624/3349 2879/3625/3350 2877/3626/3351 2876/3627/3185
f 665/684/671 667/683/670 666/3577/3309 664/1738/1683
f 1793/1220/1716 1796/3628/3352 1790/2372/2257 1791/3508/3243
f 3181/3629/3353 3175/3630/3354 3180/2268/2163 3207/3631/3355
f 2816/3632/3356 2820/3633/3357 2817/1774/1721 2818/1773/1720
f 1812/3197/2971 1811/3196/2970 1826/691/678 1825/1526/1691
f 2490/2193/2098 2491/2192/2097 2489/3634/3358 2481/2963/2789
f 1816/3396/3159 1814/3395/3158 1824/1745/1690 1823/3189/2962
f 2710/1235/1205 2711/1234/1204 2813/295/289 2811/294/288
f 3502/2429/2308 3507/645/633 3508/648/636 3501/2561/2424
f 2938/3635/3359 2948/1614/1564 2939/2189/2094 2930/1972/1897
f 786/1575/1526 785/1574/1525 794/2753/2609 793/3379/3143
f 3270/3381/3145 3271/3636/3360 3287/3637/3361 3286/3638/3362
f 1232/2919/2747 1231/1495/1455 1254/3193/2967 1253/3246/3019
f 1223/1329/1294 1224/2727/2583 1179/2819/2665 1180/1330/1295
f 1855/1822/1763 1856/1821/1762 1854/2658/2518 1853/2657/2517
f 208/1792/1406 207/1825/701 238/343/337 394/1793/1739
f 3685/3017/2832 3698/489/479 3699/599/587 3684/202/197
f 3502/2429/2308 3484/3639/3363 3482/3258/3031 3503/2427/2306
f 3466/2584/2447 3481/3256/3029 3482/3258/3031 3480/2585/2448
f 1853/2657/2517 1852/3188/2961 1857/3640/3364 1855/1822/1763
f 1852/3188/2961 1851/1525/1482 1858/1528/1485 1857/3640/3364
f 4063/1549/1503 4052/989/962 4050/988/961 4064/1717/1662
f 1849/690/677 1848/689/676 1861/3364/3129 1860/1906/1836
f 3480/2585/2448 3482/3258/3031 3484/3639/3363 3479/3641/3365
f 2863/3642/3366 2851/3302/3367 2853/3302/3071 2862/3301/3070
f 2342/1722/1667 2343/1721/1666 2335/3341/3107 2336/3643/3368
f 1845/3644/3369 1846/1817/1758 1829/2302/2191 1830/3644/3370
f 1844/2354/2241 1845/3644/3369 1830/3644/3370 1831/3265/3037
f 715/2687/2546 713/265/259 727/268/262 726/1576/1527
f 3478/3645/3371 3485/3646/3372 3486/3647/3373 3477/3648/3374
f 1937/2351/2237 1954/2350/2236 1949/2479/2346 1938/2478/2345
f 1797/1341/1306 1796/3628/3352 1835/1794/1907 1834/1342/1307
f 1796/3628/3352 1793/1220/1716 1836/1220/1189 1835/1794/1907
f 1466/622/610 1465/621/609 1535/2229/2134 1534/2201/2106
f 578/2476/2343 587/1001/974 577/2446/2323 576/2488/2355
f 1401/153/150 1400/601/589 1413/604/592 1412/154/151
f 1208/502/492 1207/2160/2067 1278/2163/2070 1277/503/493
f 1589/2383/2268 1551/2212/2117 1553/1954/1882 1580/3063/2859
f 2973/2560/2422 2981/2716/2574 2972/3649/3375 2956/3650/3376
f 1841/1795/1741 1842/1974/1899 1833/1343/1308 1834/1342/1307
f 1842/1974/1899 1843/1977/1902 1832/2355/2242 1833/1343/1308
f 3860/1936/1864 3889/1026/1000 3890/1025/999 3858/1862/1795
f 1845/3644/3369 1844/2354/2241 1865/2354/2240 1864/946/922
f 1846/1817/1758 1845/3644/3369 1864/946/922 1863/945/921
f 402/924/901 235/1824/1226 236/1791/1738 395/1790/1737
f 775/606/594 774/605/593 805/2783/2637 804/2782/2636
f 3498/259/253 3487/3267/3039 3499/3651/3377 3511/3652/3378
f 1871/1986/1912 1872/1907/1838 1860/1906/1836 1861/3364/3129
f 1873/620/1837 1859/1527/1484 1860/1906/1836 1872/1907/1838
f 1487/2948/2774 1488/3222/2995 1408/2534/2398 1407/592/580
f 3392/411/404 3377/3596/3328 3393/400/393 3414/412/405
f 2936/2684/3379 2950/3653/3380 2937/481/471 2932/480/470
f 328/1543/1499 333/1172/1143 329/1337/1302 311/1544/1500
f 3347/3595/3327 3301/3654/3381 3346/3204/2977 3357/3203/2976
f 1870/3655/3382 1871/1986/1912 1861/3364/3129 1862/1818/1759
f 1869/944/920 1870/3655/3382 1862/1818/1759 1863/945/921
f 1841/1795/1741 1892/1796/1742 1891/1975/1900 1842/1974/1899
f 4016/1627/1577 4017/1572/1523 4004/1359/1320 4006/1628/1578
f 1486/1863/665 1485/1370/1331 1492/1270/1238 1491/1269/1237
f 1870/3655/3382 1869/944/920 1886/948/924 1885/2635/3383
f 3410/3656/3384 3397/3657/3385 3409/3658/3386 3434/2971/2797
f 230/1816/722 231/1921/721 403/1920/1850 404/634/622
f 1867/3659/3387 1868/943/919 1864/946/922 1865/2354/2240
f 1839/1004/978 1894/1003/977 1838/1219/1188 1837/1218/1187
f 979/3660/3388 981/2972/2798 980/2975/2801 978/3001/2823
f 2639/3661/3389 2657/3604/3332 2557/1117/1091 2558/1116/1090
f 693/2695/2553 695/703/689 694/2639/2501 692/3375/3139
f 3274/3662/3390 3275/2603/2466 3277/3663/3391 3276/3664/3392
f 3273/3665/3393 3263/2602/2465 3275/2603/2466 3274/3662/3390
f 1868/943/919 1867/3659/3387 1888/2387/2272 1887/949/925
f 1898/1427/1387 1899/1749/1695 1892/1796/1742 1893/1428/1388
f 1899/1749/1695 1890/1975/2590 1891/1975/1900 1892/1796/1742
f 1866/1976/1901 1891/1975/1900 1890/1975/2590 1889/2388/2273
f 1867/3659/3387 1866/1976/1901 1889/2388/2273 1888/2387/2272
f 372/1345/1310 373/1344/1309 360/868/846 361/867/845
f 1869/944/920 1868/943/919 1887/949/925 1886/948/924
f 1871/1986/1912 1870/3655/3382 1885/2635/3383 1884/1987/1913
f 977/3613/3339 979/3660/3388 978/3001/2823 976/3407/3170
f 1874/3429/3189 1858/1528/1485 1859/1527/1484 1873/620/1837
f 2920/483/473 2931/482/472 2921/1971/1896 2917/3233/3006
f 1874/3429/3189 1875/3428/3188 1857/3640/3364 1858/1528/1485
f 1875/3428/3188 1876/1819/1760 1855/1822/1763 1857/3640/3364
f 3378/640/628 3356/3594/3326 3377/3596/3328 3392/411/404
f 1878/1819/3394 1879/3666/3395 1877/1820/1761 1876/1819/1760
f 1920/3667/3396 1921/3668/3397 1879/3666/3395 1878/1819/3394
f 2991/2716/2573 2980/2559/2421 2992/3669/3398 3045/3670/3399
f 2981/2716/2574 2990/3671/3400 2982/3672/3401 2972/3649/3375
f 1876/1819/1760 1875/3428/3188 1880/1389/1350 1878/1819/3394
f 1587/3147/2922 1588/2382/2267 1583/2385/2270 1584/2151/2059
f 4262/1066/1040 4272/473/464 4273/476/466 4264/1067/1041
f 711/266/260 709/2648/2509 729/2713/2570 728/267/261
f 320/2090/2000 506/2089/1999 322/2031/1947 318/2030/1946
f 1919/1389/1349 1920/3667/3396 1878/1819/3394 1880/1389/1350
f 3421/899/877 3423/898/876 3424/1244/1212 3422/3426/3186
f 1796/3628/3352 1797/1341/1306 1789/2373/2258 1790/2372/2257
f 1821/2657/2520 1822/2659/2519 1820/1209/1178 1818/1208/1177
f 1802/3464/3222 1801/3512/3247 1830/3644/3370 1829/2302/2191
f 1733/3054/2857 1734/2425/2304 1732/1503/1463 1729/1502/1462
f 835/2093/2003 834/2889/2720 902/2900/2728 901/2862/2695
f 3519/2789/2643 3517/3621/3346 3516/3673/3402 3520/646/634
f 2988/3674/3403 2983/3675/3404 2989/3676/3405 3066/3677/3406
f 765/2129/2039 764/2710/2568 815/2736/2592 814/2754/2135
f 1914/2635/2498 1915/784/768 1884/1987/1913 1885/2635/3383
f 1913/947/923 1914/2635/2498 1885/2635/3383 1886/948/924
f 3050/2907/2735 3038/2098/2008 3037/337/331 3051/340/334
f 927/1746/1692 928/2757/2612 921/552/540 922/551/539
f 1916/783/767 1917/617/605 1882/620/608 1883/1908/1839
f 870/3142/930 869/2998/532 890/2920/2748 889/2883/2715
f 1310/863/841 1311/862/840 1256/3232/3005 1257/3231/3004
f 2178/3678/3407 2181/1302/1269 2179/1305/1272 2176/2012/1933
f 3330/466/457 3329/576/564 3334/3679/3408 3333/467/458
f 3029/365/358 3023/967/940 3022/966/939 3030/362/355
f 3428/3680/3409 3415/410/403 3429/413/406 3515/647/635
f 1919/1389/1349 1918/618/606 1927/3681/3410 1926/3682/3411
f 3430/1882/1812 3413/403/396 3431/3683/3412 3510/1882/3413
f 2394/2614/2477 2430/3549/3281 2429/3552/3284 2393/2615/2478
f 2605/3684/3414 2607/2923/2751 2606/2922/2750 2604/3685/3415
f 3489/2944/2770 3475/3686/3416 3488/258/252 3497/257/251
f 3271/3636/3360 3264/1378/1338 3272/1616/1566 3288/1615/1565
f 1903/3687/3417 1904/2644/2505 1902/1033/1007 1897/1032/1006
f 1742/2424/2303 1749/3238/3011 1741/3128/2908 1740/1671/1620
f 3277/3663/3391 3299/1407/1368 3294/1406/1367 3276/3664/3392
f 2902/3493/2327 2903/3688/3418 2901/3689/3419 2900/3491/2326
f 1774/935/911 1776/934/910 1775/3579/3311 1773/1877/1807
f 1398/681/668 1399/602/590 1332/453/444 1333/695/682
f 968/3690/3420 969/3691/2829 967/3418/3178 966/3433/2321
f 3434/2971/2797 3409/3658/3386 3435/3692/2461 3514/2970/2796
f 3161/3693/3421 3164/3694/3422 3165/3695/3423 3160/3696/3424
f 2999/3697/3425 3002/3698/3426 3001/3699/3427 3000/3700/3428
f 3444/3701/3429 3493/3702/3430 3443/3703/3431
f 3272/1616/1566 3263/2602/2465 3273/3665/3393 3289/1396/1357
f 3565/2044/1957 3555/2043/1956 3553/1930/1859 3566/1929/1858
f 3289/1396/1357 3273/3665/3393 3290/3704/3432 3314/1397/1358
f 3854/2036/1949 3892/2340/2226 3893/2073/1983 3849/2072/1982
f 1500/3368/3133 1523/3118/2900 1501/116/114 1499/3387/3150
f 1803/383/376 1802/3464/3222 1829/2302/2191 1828/384/377
f 1938/2478/2345 1939/3705/3433 1712/2080/1990 1937/2351/2237
f 1702/1558/1511 1704/2930/2758 1703/3706/3434 1701/1559/1512
f 3444/3701/3429 3492/3707/3435 3493/3702/3430
f 3491/3708/3436 3492/3707/3435 3444/3701/3429
f 3473/3709/3437 3491/3708/3436 3444/3701/3429
f 297/2105/2016 313/1836/1773 305/1228/1198 298/1089/1063
f 1818/1208/1177 1816/3396/3159 1823/3189/2962 1821/2657/2520
f 1681/3564/3296 1682/3561/3293 1649/3137/2917 1651/3496/3237
f 2526/1688/1637 2503/3132/2912 2505/3131/2911 2508/3391/3154
f 3416/3546/696 3391/639/627 3415/410/403 3428/3680/3409
f 1753/2423/2302 1751/3235/3008 1749/3238/3011 1742/2424/2303
f 3602/3386/3149 3581/449/440 3580/1179/1149 3603/1178/1148
f 316/3409/3171 324/2257/2157 315/2052/1962 295/1696/1645
f 3427/3547/3279 3416/3546/696 3428/3680/3409 3516/3673/3402
f 1714/2419/2298 1715/2078/1988 1711/2081/1991 1713/2420/2299
f 1689/3562/3294 1716/3565/3297 1715/2078/1988 1714/2419/2298
f 3048/3710/3438 3040/3710/3439 3039/2099/2009 3049/3711/3440
f 2787/3712/3441 2786/175/171 2798/3713/3442 2797/3714/3443
f 1731/1672/1621 1739/3129/2909 1736/3583/3315 1730/3590/3322
f 3427/3547/3279 3516/3673/3402 3517/3621/3346 3425/1242/1210
f 1741/3128/2908 1748/3616/3341 1747/3582/3314 1739/3129/2909
f 2878/3624/3349 2995/1052/1026 2977/1051/1025 2880/3715/3444
f 1233/2708/2566 1232/2919/2747 1253/3246/3019 1252/2709/2567
f 3479/3641/3365 3467/2180/2085 3465/2586/2449 3480/2585/2448
f 1286/3274/3046 1285/3264/1217 1364/3278/3050 1363/3275/3047
f 926/1542/1498 939/1541/1497 925/1747/1693 924/3200/2974
f 1219/2155/2063 1218/2390/2275 1267/2392/2277 1266/2156/2064
f 3409/3658/3386 3398/3716/3445 3408/3717/3446 3435/3692/2461
f 1034/3174/2948 1035/390/383 1541/392/385 1542/461/452
f 469/2322/2208 468/2307/2195 484/1193/1163 483/1192/1162
f 506/2089/1999 505/940/916 507/2208/2113 322/2031/1947
f 2908/874/852 2913/873/851 2911/3718/3213 2906/3719/3447
f 3448/2450/2327 3449/2449/2326 3451/3720/3448 3450/3721/3449
f 3444/3701/3429 3472/3722/3450 3473/3709/3437
f 1736/3583/3315 1722/1944/1872 1723/1943/1871 1730/3590/3322
f 1754/2374/2259 1745/3557/3289 1763/2370/2255 1762/1940/1868
f 1745/3557/3289 1754/2374/2259 1753/2423/2302 1743/2422/2301
f 1744/3558/3290 1745/3557/3289 1743/2422/2301 1735/3053/2856
f 3457/3723/3451 3472/3722/3450 3444/3701/3429
f 3903/2186/2091 3894/2068/1978 3893/2073/1983 3904/2183/2088
f 3382/3724/3452 3352/3725/3453 3381/1515/1472 3388/1514/1471
f 1754/2374/2259 1755/2375/2260 1751/3235/3008 1753/2423/2302
f 3353/3726/3454 3350/3172/2946 3354/3173/2947 3380/3304/3073
f 1956/3472/3226 1747/3582/3314 1957/125/123 1953/124/122
f 3231/3727/3455 3234/1214/1183 3235/1217/1186 3233/3728/3456
f 3841/3160/2934 3843/3349/3115 3848/3269/3041 3842/3138/2918
f 1616/1470/1430 1618/1469/1429 1617/3523/3256 1612/3522/3255
f 3122/3729/3457 3123/3730/860 3124/3487/3232 3130/3124/2905
f 1918/618/606 1917/617/605 1928/3731/3458 1927/3681/3410
f 3444/3701/3429 3452/3452/3210 3454/3455/3213
f 3450/3721/3449 3452/3452/3210 3444/3701/3429
f 1694/3220/2993 1707/3287/3058 1700/1557/1510 1696/3217/2990
f 3448/2450/2327 3450/3721/3449 3444/3701/3429
f 3445/2447/2324 3448/2450/2327 3444/3701/3429
f 3461/2179/2084 3451/3720/3448 3449/2449/2326 3462/3732/3459
f 2155/1281/1248 2159/3733/3460 2158/3734/3461 2154/1282/1249
f 2170/3735/3462 2171/3736/3463 2169/3737/3464 2168/3738/3465
f 2168/3738/3465 2169/3737/3464 2165/3739/3466 2164/2968/2794
f 997/3740/3467 999/2989/2813 998/2990/2814 996/3446/3204
f 2160/564/552 2161/563/551 2159/3733/3460 2155/1281/1248
f 2179/1305/1272 2180/1304/1271 2171/3736/3463 2170/3735/3462
f 2154/1282/1249 2158/3734/3461 2157/3741/3468 2153/3224/2997
f 761/894/872 760/2714/2571 819/2748/2604 818/1513/1470
f 1814/3395/3158 1812/3197/2971 1825/1526/1691 1824/1745/1690
f 2940/2283/2174 2946/2282/2173 2941/3742/3469 2928/2376/2261
f 3381/1515/1472 3353/3726/3454 3380/3304/3073 3389/1516/1473
f 4126/3743/3470 4134/651/639 4136/654/642 4138/3744/3471
f 2255/2623/2486 2223/2622/2485 2229/3745/3472 2231/3746/3473
f 1307/3251/3024 1306/2215/2120 1343/2572/2435 1342/2571/2434
f 1212/3211/2984 1211/3066/2862 1274/2939/2765 1273/3747/3474
f 3938/2341/2227 3966/2394/2279 3967/1175/1146 3937/2062/1972
f 3444/3701/3429 3456/3748/3475 3457/3723/3451
f 2148/2947/2773 2149/3749/3476 2147/3750/3477 2146/1682/1631
f 3454/3455/3213 3456/3748/3475 3444/3701/3429
f 527/2138/2047 526/2137/2046 540/1124/1098 539/1177/1147
f 2144/1679/1628 2145/3751/3478 2143/1755/1701 2142/1754/1700
f 4205/1361/1322 4206/3185/2958 4208/758/743 4207/759/744
f 2024/1753/1699 2025/1752/1698 2023/1409/1370 2022/808/790
f 4144/880/858 4110/818/800 4107/810/792 4145/877/855
f 3352/3725/3453 3351/3752/3479 3353/3726/3454 3381/1515/1472
f 1294/829/810 1295/828/809 1272/3221/2994 1273/3747/3474
f 2673/1839/1776 2674/1838/1775 2440/3753/3480 2442/2640/2502
f 2928/2376/2261 2941/3742/3469 2927/3754/3481 2925/2377/2262
f 3383/3755/3482 3382/3724/3452 3388/1514/1471 3419/3425/3185
f 4220/915/893 4228/447/438 4231/427/418 4236/426/417
f 3383/3755/3482 3419/3425/3185 3420/3427/3187 3384/3756/3483
f 3322/3757/3484 3321/1866/1798 3320/1865/1797 3324/3758/3485
f 2135/1478/1438 2137/2969/2795 2136/1735/1680 2100/1479/1439
f 640/1634/1584 642/3759/3486 641/289/283 639/288/282
f 2172/3760/3487 2167/3761/3488 2166/2967/2793 2131/1472/1432
f 2173/2014/1935 2174/2013/1934 2167/3761/3488 2172/3760/3487
f 4153/878/856 4145/877/855 4152/416/409 4170/872/850
f 2177/3762/3489 2178/3678/3407 2176/2012/1933 2175/2011/1932
f 3444/3701/3429 3440/3573/3305 3445/2447/2324
f 3441/1855/1790 3440/3573/3305 3444/3701/3429
f 3442/1856/1791 3441/1855/1790 3444/3701/3429
f 3443/3703/3431 3442/1856/1791 3444/3701/3429
f 2167/3761/3488 2168/3738/3465 2164/2968/2794 2166/2967/2793
f 2174/2013/1934 2170/3735/3462 2168/3738/3465 2167/3761/3488
f 2174/2013/1934 2176/2012/1933 2179/1305/1272 2170/3735/3462
f 768/2704/2562 767/2715/2572 812/2890/2721 811/2096/2006
f 1806/1588/1538 1807/2335/2221 1795/2334/2220 1781/1589/1539
f 3319/1864/1796 3325/1867/1799 3317/2904/2732 3318/3763/3490
f 324/2257/2157 534/1492/1452 325/1491/1451 315/2052/1962
f 2183/3111/2895 2184/3110/2894 2182/1303/1270 2181/1302/1269
f 2996/3764/3491 2997/3765/3492 2998/3766/3493 3016/3767/3494
f 2015/1964/1889 2017/1489/1449 2016/1488/1448 2014/3768/3495
f 2533/3769/3496 2534/3770/3497 2528/1690/1639 2529/3771/3498
f 2047/1899/1829 2048/3772/3499 2046/2491/2358 2045/1898/1828
f 2625/3337/3103 2626/2953/2779 2615/2955/2781 2617/3773/3500
f 2043/2493/2360 2044/2492/2359 2042/3774/3501 2041/3775/3502
f 4194/183/179 4193/236/230 4196/1056/1030 4195/182/178
f 3157/3362/3127 3154/1373/1334 3158/1376/850 3167/3328/3095
f 2037/3776/3503 2038/3777/3504 2016/1488/1448 2036/1487/1447
f 4003/1360/1321 3999/1973/1898 4000/1949/1877 4001/1357/1318
f 2341/1368/1329 2345/1367/1328 2340/1843/1780 2339/1842/1779
f 1226/3215/2988 1225/2726/2582 1260/2728/2584 1259/1876/1806
f 2089/3778/3505 2093/582/570 2088/2958/2784 2034/2952/2778
f 1811/3196/2970 1804/382/375 1827/385/378 1826/691/678
f 2035/1490/1450 2077/325/319 2076/328/322 2036/1487/1447
f 2036/1487/1447 2076/328/322 2058/3019/2834 2037/3776/3503
f 2827/3052/2855 2816/3632/3356 2818/1773/1720 2826/2320/2206
f 2059/464/455 2065/1988/1914 2064/1991/1917 2063/3779/3506
f 2628/3780/3507 2606/2922/2750 2609/794/778 2611/2523/2387
f 655/1879/1809 654/2675/675 917/1658/1346 916/1880/1810
f 3301/3654/3381 3280/2581/2444 3302/3781/3508 3346/3204/2977
f 1039/3048/2852 1040/2228/2133 1536/2230/2135 1537/3374/3138
f 2105/1078/1052 2108/1196/1166 2104/579/567 2091/1079/1053
f 4262/1066/1040 4259/1245/1213 4271/1123/1097 4272/473/464
f 3281/3782/3509 3268/3352/3118 3282/3201/2734 3303/3783/3510
f 2951/2684/2543 2955/2558/2423 2950/3653/3380 2936/2684/3379
f 1924/3784/3511 1925/556/544 1911/555/543 1909/1201/1170
f 3100/3785/3512 3101/3786/3513 3103/3787/3514 3102/3788/3515
f 3131/3789/3516 3122/3729/3457 3130/3124/2905 3137/3008/2828
f 2108/1196/1166 2110/771/756 2120/580/568 2104/579/567
f 3499/3651/3377 3486/3647/3373 3500/2563/2426 3510/1882/3413
f 1474/3355/3121 1473/610/598 1527/2149/2057 1526/3394/3157
f 4277/495/485 4290/170/166 4291/173/169 4278/1807/1750
f 4123/699/686 4124/698/685 4126/3743/3470 4125/3790/3517
f 2052/3791/3518 2056/3792/3519 2055/462/453 2051/3123/2904
f 1709/3286/3057 1708/3285/3056 1713/2420/2299 1711/2081/1991
f 1388/2570/2433 1387/1676/1625 1426/239/233 1425/2703/2561
f 3714/2540/2402 3723/2870/2703 3724/2869/2702 3713/491/481
f 2132/1239/1207 2128/1238/1206 2133/1097/1071 2130/1096/1070
f 2033/3793/3520 2089/3778/3505 2034/2952/2778 2019/567/555
f 2358/1264/1232 2360/3316/3083 2359/3319/3086 2192/1265/1233
f 3462/3732/3459 3449/2449/2326 3447/2448/2325 3463/3794/3521
f 3417/897/875 3427/3547/3279 3425/1242/1210 3423/898/876
f 2071/529/518 2072/3795/3522 2070/3796/3523 2068/1989/1915
f 1381/1139/1111 1382/910/888 1349/282/276 1350/281/275
f 2101/1237/430 2134/1236/427 2099/1480/1440 2096/3797/3524
f 2057/3021/2836 2062/3020/2835 2056/3792/3519 2052/3791/3518
f 3599/2176/2081 3584/2175/2080 3583/3434/3193 3600/3570/3302
f 2086/2632/2495 2096/3797/3524 2085/3798/3525 2079/2633/2496
f 3419/3425/3185 3388/1514/1471 3418/896/874 3421/899/877
f 3999/1973/1898 4003/1360/1321 4018/1571/1522 3998/1900/1830
f 681/2619/2482 683/2673/2534 682/3799/3526 680/2620/2483
f 2945/3800/3527 2961/3228/3001 2943/3801/3528 2942/3802/3436
f 3010/1624/1574 3007/3803/3529 3008/3804/3530 3009/3805/3531
f 2095/3806/3532 2101/1237/430 2096/3797/3524 2086/2632/2495
f 1999/3807/3533 2000/3808/3534 1998/3809/3535 1997/3810/3536
f 1100/396/389 1101/395/388 1099/3062/1879 1098/3061/389
f 2521/3811/3537 2522/3812/3538 2514/3813/3539 2516/3814/3540
f 3460/2182/2087 3453/3453/3211 3451/3720/3448 3461/2179/2084
f 101/99/98 99/96/95 106/3815/3541 104/3816/3542
f 2099/1480/1440 2100/1479/1439 2098/3817/3543 2097/3818/3544
f 2884/3819/3545 2953/3820/3546 2952/2517/2382 2886/2516/2381
f 3812/3091/2876 3832/2430/2309 3809/2433/2312 3811/2774/2628
f 3601/3566/3298 3651/3449/3207 3650/3448/3206 3600/3570/3302
f 1740/1671/1620 1732/1503/1463 1734/2425/2304 1742/2424/2303
f 4279/474/202 4280/313/307 4281/316/310 4274/475/465
f 3127/3486/302 3132/3821/11 3134/2662/2523 3133/3125/263
f 3487/3267/3039 3477/3648/3374 3486/3647/3373 3499/3651/3377
f 3773/586/574 3783/962/935 3784/3104/2888 3772/583/571
f 2039/3822/3547 2040/3823/3548 2038/3777/3504 2037/3776/3503
f 3425/1242/1210 3517/3621/3346 3518/3622/3347 3426/1243/1211
f 2954/2683/2542 2974/2558/2420 2955/2558/2423 2951/2684/2543
f 2376/3824/3549 2381/3825/3550 2380/3826/3551 2378/3827/3552
f 2127/3828/3553 2133/1097/1071 2128/1238/1206 2102/3829/3554
f 3679/595/583 3681/201/196 3683/200/195 3682/2698/2556
f 1451/1418/1379 1452/1417/1378 1443/687/674 1444/3259/3032
f 2080/3442/3200 2083/3830/3555 2081/528/517 2073/527/516
f 2989/3676/3405 2982/3672/3401 2990/3671/3400 3058/3676/3556
f 4299/119/117 4300/66/65 4302/65/64 4301/1081/1055
f 2041/3775/3502 2042/3774/3501 2040/3823/3548 2039/3822/3547
f 1479/3348/3114 1480/2314/2202 1415/682/669 1416/754/739
f 834/2889/2720 835/2093/2003 811/2096/2006 812/2890/2721
f 1866/1976/1901 1867/3659/3387 1865/2354/2240 1843/1977/1902
f 3164/3694/3422 3168/3831/3557 3169/3832/3558 3165/3695/3423
f 2126/3833/3559 2120/580/568 2110/771/756 2112/770/755
f 2126/3833/3559 2125/1094/1068 2133/1097/1071 2127/3828/3553
f 2359/3319/3086 2361/3318/3085 2365/3834/3560 2191/3835/3561
f 1475/3357/3123 1474/3355/3121 1526/3394/3157 1525/3385/3148
f 2090/1080/1054 2091/1079/1053 2089/3778/3505 2033/3793/3520
f 2091/1079/1053 2104/579/567 2093/582/570 2089/3778/3505
f 2113/769/754 2115/3836/3562 2114/2438/2315 2112/770/755
f 330/1165/1137 310/1164/1136 311/1544/1500 329/1337/1302
f 3483/3257/3030 3504/3156/2930 3505/2428/2307 3503/2427/2306
f 2427/3837/3563 2679/3838/3564 2426/3839/3565 2423/3840/3566
f 2129/1473/1433 2130/1096/1070 2124/1095/1069 2123/2554/2416
f 2342/1722/1667 2340/1843/1780 2345/1367/1328 2344/1723/1668
f 2707/3841/3567 2708/3842/3568 2753/3843/3569 2752/3844/3570
f 2125/1094/1068 2126/3833/3559 2112/770/755 2114/2438/2315
f 3816/2514/2379 3818/3845/3571 3819/2065/1975 3817/2064/1974
f 74/3846/3572 75/2978/2803 70/138/136 68/142/139
f 3321/1866/1798 3322/3757/3484 3323/1007/981 3337/1006/980
f 456/2605/2468 458/2399/2283 457/2326/2212 455/2239/2145
f 3671/3847/3573 3692/2494/2361 3693/2483/2350 3691/3291/3062
f 3369/2767/2621 3386/2060/1970 3401/2288/2179
f 2863/3642/3366 2862/3301/3070 3072/1663/1612 3070/1662/1611
f 1847/384/1757 1848/689/676 1827/385/378 1828/384/377
f 2097/3818/3544 2098/3817/3543 2084/3848/3574 2083/3830/3555
f 2085/3798/3525 2097/3818/3544 2083/3830/3555 2080/3442/3200
f 2079/2633/2496 2085/3798/3525 2080/3442/3200 2074/3306/3075
f 3399/1531/1488 3407/3849/1560 3408/3717/3446 3398/3716/3445
f 3910/2173/2078 3925/2204/2109 3926/2203/2108 3909/2187/2092
f 930/2738/2594 929/2758/1601 936/2126/2036 935/2125/2035
f 3191/2730/2585 3193/3850/3575 3194/3851/3576 3192/2731/2586
f 3398/3716/3445 3372/3225/2998 3399/1531/1488
f 1314/3245/3018 1313/3247/3020 1336/1788/1735 1335/3255/3028
f 2106/3852/3577 2107/1194/1164 2105/1078/1052 2092/1077/1051
f 2068/1989/1915 2070/3796/3523 2069/3853/3578 2067/1990/1916
f 3302/3781/3508 3281/3782/3509 3303/3783/3510 3345/3854/3579
f 290/1323/1288 294/1322/1287 289/1695/1644 263/1669/1618
f 951/351/345 1284/3263/3036 1283/3223/2996 949/352/346
f 933/547/535 914/2809/2026 915/2743/2599 932/1657/1607
f 2115/3836/3562 2117/3855/3580 2116/2439/2316 2114/2438/2315
f 1309/1874/1804 1310/863/841 1257/3231/3004 1258/1875/1805
f 3431/3683/3412 3412/3261/3034 3432/3856/3581 3511/3652/3378
f 2992/3669/3398 2979/709/3582 2993/709/695 3044/752/737
f 3433/3857/3583 3410/3656/3384 3434/2971/2797 3513/2945/2771
f 2081/528/517 2082/3858/3584 2072/3795/3522 2071/529/518
f 829/1511/1468 830/2886/557 816/2735/2591 817/1512/1469
f 2329/3859/3585 2330/2651/2512 2307/2223/2128 2309/2222/2127
f 3379/3305/3074 3380/3304/3073 3354/3173/2947 3355/3860/374
f 1391/2510/2375 1392/2668/2529 1339/864/842 1340/2511/2376
f 2861/3303/3072 2852/3290/3061 2855/2076/1986 2860/3580/3312
f 3450/3721/3449 3451/3720/3448 3453/3453/3211 3452/3452/3210
f 2014/3768/3495 2016/1488/1448 2013/3861/3586 2012/3862/3587
f 1228/3183/2956 1227/3184/2957 1258/1875/1805 1257/3231/3004
f 2012/3862/3587 2013/3861/3586 2011/3863/3588 2010/3864/3589
f 2010/3864/3589 2011/3863/3588 2009/3865/3590 2005/3866/3591
f 3478/3645/3371 3468/2181/2086 3467/2180/2085 3479/3641/3365
f 2433/3867/775 2454/3868/3592 2435/3869/3593 2434/3870/3594
f 1215/3216/2989 1216/2734/2589 1187/420/412 1188/3155/2929
f 3321/1866/1798 3337/1006/980 3326/2902/2730 3325/1867/1799
f 3296/3871/1144 3383/3755/3482 3384/3756/3483
f 1999/3807/3533 2003/1450/1410 2002/3402/3165 2001/3872/3595
f 3727/1458/1418 3711/1457/1417 3726/2822/2668 3739/2779/2633
f 1995/178/174 2005/3866/3591 2004/1447/1407 1997/3810/3536
f 1993/181/177 2010/3864/3589 2005/3866/3591 1995/178/174
f 2028/3873/3596 2024/1753/1699 2022/808/790 1982/807/789
f 1991/484/474 1989/487/477 2014/3768/3495 2012/3862/3587
f 3382/3724/3452 3383/3755/3482 3296/3871/1144
f 3352/3725/3453 3382/3724/3452 3296/3871/1144
f 3919/1058/1032 3951/2451/2328 3952/1847/1784 3950/1059/1033
f 1997/3810/3536 1998/3809/3535 1996/179/175 1995/178/174
f 4214/764/749 4213/726/712 4232/1918/1848 4223/1444/1404
f 367/1062/1036 368/1300/1267 365/1279/1246 366/1063/1037
f 1989/487/477 1990/486/476 1988/2987/2811 1987/2840/2680
f 2880/3715/3444 2881/3874/1212 2879/3625/3350 2878/3624/3349
f 3003/968/941 3023/967/940 3024/380/373 3001/3699/3427
f 2164/2968/2794 2165/3739/3466 2163/562/550 2162/561/549
f 3364/2768/2622 3369/2767/2621 3370/523/512 3363/522/511
f 1987/2840/2680 2015/1964/1889 2014/3768/3495 1989/487/477
f 1917/617/605 1916/783/767 1929/3875/3597 1928/3731/3458
f 4143/851/831 4112/847/828 4110/818/800 4144/880/858
f 3358/3205/2978 3345/3854/3579 3359/1430/1390 3375/1429/1389
f 3512/260/254 3498/259/253 3511/3652/3378 3432/3856/3581
f 276/1351/1313 242/1294/1261 244/816/798 275/815/797
f 3412/3261/3034 3395/1432/1392 3411/3876/3598 3432/3856/3581
f 4215/1362/1323 4224/1445/1405 4225/2174/2079 4216/127/125
f 1213/3134/2914 1212/3211/2984 1273/3747/3474 1272/3221/2994
f 2140/1283/1250 2141/1756/1702 2139/1734/1679 2138/1280/1247
f 649/286/280 648/149/146 923/2721/2579 922/551/539
f 2029/3877/3599 2026/1750/1696 2024/1753/1699 2028/3873/3596
f 1991/484/474 2012/3862/3587 2010/3864/3589 1993/181/177
f 2933/3878/3600 2936/2684/3379 2932/480/470 2919/1767/1713
f 1980/3879/3601 2028/3873/3596 1982/807/789 1981/1299/1266
f 2030/3880/3602 2029/3877/3599 2028/3873/3596 1980/3879/3601
f 767/2715/2572 766/2130/2040 813/2755/2610 812/2890/2721
f 3807/779/763 3808/2773/2627 3770/3241/3014 3798/780/764
f 3362/525/514 3371/524/513 3361/3226/2999
f 3269/3353/3119 3270/3381/3145 3286/3638/3362 3285/3881/3603
f 2851/3302/3367 2844/3882/3604 2845/3164/2938 2848/3163/2937
f 3285/3881/3603 3286/3638/3362 3310/578/566 3309/577/565
f 3365/3617/3342 3368/2061/1971 3364/2768/2622
f 3329/576/564 3328/575/563 3335/3363/3128 3334/3679/3408
f 3501/2561/2424 3485/3646/3372 3484/3639/3363 3502/2429/2308
f 2187/3883/3605 2189/3884/3606 2188/3885/3607
f 3329/576/564 3330/466/457 3308/3199/2973 3309/577/565
f 2189/3884/3606 2190/3886/3608 2188/3885/3607
f 2188/3885/3607 2190/3886/3608 2191/3835/3561
f 2332/3887/3609 2331/2652/2513 2215/3888/3610 2216/3889/3611
f 3284/3350/3116 3285/3881/3603 3309/577/565 3308/3199/2973
f 2289/1100/1074 2218/3890/3612 2219/3605/3333 2288/1798/1744
f 2865/2761/2615 2842/3167/2941 2844/3882/3604 2864/2762/2616
f 2376/3824/3549 2377/3891/3613 2375/3892/3614 2374/3893/3615
f 2189/3884/3606 2187/3883/3605 2196/3339/3105
f 2196/3339/3105 2187/3883/3605 2197/3894/3616
f 2228/3895/3617 2230/3896/3618 2229/3745/3472 2225/3897/3619
f 3277/3663/3391 3279/3898/3620 3300/3899/3621 3299/1407/1368
f 2833/2777/2631 2839/2776/2630 2838/3900/3622 2831/2321/2207
f 104/3816/3542 105/3901/3623 103/164/160 101/99/98
f 2601/3902/3624 2603/3903/3625 2602/3904/3626 2600/3905/3627
f 2102/3829/3554 2128/1238/1206 2101/1237/430 2095/3806/3532
f 2199/3906/3628 2201/3907/3629 2200/3908/3630 2198/3909/3631
f 1399/602/590 1400/601/589 1331/292/286 1332/453/444
f 2225/3897/3619 2229/3745/3472 2223/2622/2485 2224/3910/3632
f 3359/1430/1390 3344/3911/3633 3360/3912/3634 3374/1431/1391
f 2213/3913/3635 2203/3322/3089 2205/3321/3088 2212/3914/3636
f 3395/1432/1392 3374/1431/1391 3396/3915/3637 3411/3876/3598
f 3267/1380/1340 3266/1379/1339 3268/3352/3118 3281/3782/3509
f 1792/1770/1717 1793/1220/1716 1791/3508/3243 1766/3451/3242
f 2645/3916/3638 2644/3917/3639 2650/3918/3640 2646/3919/3641
f 2255/2623/2486 2254/3920/3642 2256/3921/3643 2222/2624/2487
f 2188/3885/3607 2202/3323/3090 2199/3906/3628 2187/3883/3605
f 1709/3286/3057 1710/3545/3278 1706/2929/2757 1705/2928/2756
f 2215/3888/3610 2214/3922/3644 2216/3889/3611
f 2216/3889/3611 2214/3922/3644 2217/3923/3645
f 2214/3922/3644 2213/3913/3635 2217/3923/3645
f 2217/3923/3645 2213/3913/3635 2218/3890/3612
f 2213/3913/3635 2212/3914/3636 2218/3890/3612
f 2218/3890/3612 2212/3914/3636 2219/3605/3333
f 2360/3316/3083 2358/1264/1232 2366/1364/1325 2363/3924/3646
f 3348/3925/3647 3349/1408/1369 3299/1407/1368 3300/3899/3621
f 2212/3914/3636 2205/3321/3088 2207/2609/2472 2211/2608/2471
f 2103/581/569 2127/3828/3553 2102/3829/3554 2094/3268/3040
f 2191/3835/3561 2365/3834/3560 2202/3323/3090 2188/3885/3607
f 2254/3920/3642 2255/2623/2486 2231/3746/3473 2233/3926/3648
f 2224/3910/3632 2226/3927/3649 2225/3897/3619
f 3471/3928/3650 3458/3929/3651 3470/2841/2681 3475/3686/3416
f 2226/3927/3649 2227/3930/3652 2225/3897/3619
f 2227/3930/3652 2228/3895/3617 2225/3897/3619
f 2232/3931/3653 2234/3932/3654 2233/3926/3648 2231/3746/3473
f 2094/3268/3040 2102/3829/3554 2095/3806/3532 2087/326/320
f 2215/3888/3610 2200/3908/3630 2201/3907/3629 2214/3922/3644
f 2233/3926/3648 2234/3932/3654 2235/3933/3655
f 2234/3932/3654 2236/3934/3656 2235/3933/3655
f 2374/3893/3615 2375/3892/3614 2366/1364/1325 2367/1363/1324
f 2300/3935/3657 2302/1474/1434 2301/1477/1437 2298/1889/1819
f 2250/3936/3658 2260/1594/1544 2249/890/868 2248/3937/3659
f 3456/3748/3475 3454/3455/3213 3455/3454/3212 3458/3929/3651
f 3296/3871/1144 3351/3752/3479 3352/3725/3453
f 3297/3938/3660 3351/3752/3479 3296/3871/1144
f 2245/3939/3661 2246/3940/3662 2224/3910/3632
f 2224/3910/3632 2246/3940/3662 2226/3927/3649
f 3457/3723/3451 3456/3748/3475 3458/3929/3651 3471/3928/3650
f 3474/3941/3663 3471/3928/3650 3475/3686/3416 3489/2944/2770
f 2245/3939/3661 2247/3942/3664 2246/3940/3662
f 2596/3943/3665 2599/3944/3666 2598/3945/3667 2597/2178/2083
f 3303/3783/3510 3282/3201/2734 3304/2815/2662 3344/3911/3633
f 3280/2581/2444 3267/1380/1340 3281/3782/3509 3302/3781/3508
f 3346/3204/2977 3302/3781/3508 3345/3854/3579 3358/3205/2978
f 220/883/861 221/888/866 192/852/820 194/723/707
f 2370/3946/3668 2371/3947/3669 2369/3948/3670 2355/3949/3671
f 3060/3950/3672 3054/3951/3673 3053/2906/2734 3061/3180/2662
f 929/2758/1601 928/2757/2612 937/3148/1282 936/2126/2036
f 1305/2214/2119 1304/635/623 1345/638/626 1344/1677/1626
f 2660/3952/3674 2659/1710/1656 2715/1713/1659 2714/3953/3675
f 2645/3916/3638 2602/3904/3626 2604/3685/3415 2629/3954/3676
f 2235/3933/3655 2253/3955/3677 2233/3926/3648
f 2253/3955/3677 2254/3920/3642 2233/3926/3648
f 2214/3922/3644 2201/3907/3629 2203/3322/3089 2213/3913/3635
f 2206/3956/3678 2207/2609/2472 2205/3321/3088 2204/3320/3087
f 4093/1523/1480 4099/1728/1673 4095/1605/1555 4094/1524/1481
f 2187/3883/3605 2199/3906/3628 2198/3909/3631 2197/3894/3616
f 1381/1139/1111 1380/1138/1110 1433/2123/2033 1432/1667/1616
f 1852/3188/2961 1853/2657/2517 1821/2657/2520 1823/3189/2962
f 2256/3921/3643 2254/3920/3642 2257/3957/3679
f 2254/3920/3642 2253/3955/3677 2257/3957/3679
f 3178/3272/3044 3177/3958/3680 3139/2665/2526 3211/2664/2525
f 2373/3959/3681 2374/3893/3615 2367/1363/1324 2368/3960/3682
f 2371/3947/3669 2373/3959/3681 2368/3960/3682 2369/3948/3670
f 3300/3899/3621 3279/3898/3620 3301/3654/3381 3347/3595/3327
f 2694/3961/3683 2695/3962/3684 2693/3963/3685 2691/3964/3686
f 2323/3965/3687 2324/3966/3688 2319/3967/3689 2321/3968/3690
f 683/2673/2534 685/254/248 684/2627/2490 682/3799/3526
f 3405/2289/2180 3402/3969/3691 3404/3970/3692 3439/1854/1789
f 2318/3971/3693 2320/3972/3694 2319/3967/3689 2317/3973/3695
f 2357/1263/1231 2356/3974/3696 2368/3960/3682 2367/1363/1324
f 2327/3313/3080 2326/3312/3079 2335/3341/3107 2334/3340/3106
f 2211/2608/2471 2220/2771/2625 2219/3605/3333 2212/3914/3636
f 2136/1735/1680 2160/564/552 2155/1281/1248 2138/1280/1247
f 3913/1642/1592 3922/1151/1123 3923/1150/1122 3912/999/972
f 2356/3974/3696 2357/1263/1231 2193/1266/1234 2349/3975/3697
f 2324/3966/3688 2325/3976/3698 2317/3973/3695 2319/3967/3689
f 2324/3966/3688 2323/3965/3687 2338/1845/1782 2337/1844/1781
f 2248/3937/3659 2249/890/868 2241/893/871 2243/2145/2053
f 1937/2351/2237 1712/2080/1990 1935/2079/1989 1936/2348/2234
f 2270/3977/3699 2271/2198/2103 2269/3978/3700 2263/3979/3701
f 2263/3979/3701 2269/3978/3700 2262/3980/3702 2261/3981/3703
f 2261/3981/3703 2262/3980/3702 2260/1594/1544 2250/3936/3658
f 3479/3641/3365 3484/3639/3363 3485/3646/3372 3478/3645/3371
f 3743/2871/2704 3750/585/573 3751/584/572 3742/2868/2701
f 2340/1843/1780 2342/1722/1667 2336/3643/3368 2337/1844/1781
f 1288/454/445 1289/668/656 1278/2163/2070 1279/2162/2069
f 3061/3180/2662 3053/2906/2734 3052/2905/2733 3062/3179/2953
f 2349/3975/3697 2193/1266/1234 2194/3982/3704 2348/3983/3705
f 2265/2770/2624 2266/2769/2623 2257/3957/3679 2258/3984/3706
f 2931/482/472 2938/3635/3359 2930/1972/1897 2921/1971/1896
f 2253/3955/3677 2252/3985/3707 2258/3984/3706 2257/3957/3679
f 1849/690/677 1850/1526/1483 1825/1526/1691 1826/691/678
f 3216/2960/2786 3209/3986/3708 3215/2739/2595 3223/2961/2787
f 2348/3983/3705 2194/3982/3704 2195/1724/1669 2344/1723/1668
f 2251/891/869 2252/3985/3707 2237/3987/3709 2239/892/870
f 2271/2198/2103 2284/1797/1743 2268/1800/1746 2269/3978/3700
f 2539/2437/2314 2538/2866/2699 2551/3988/3710 2550/1884/1814
f 3438/1857/1792 3406/2290/2181 3405/2289/2180 3439/1854/1789
f 3404/3970/3692 3440/3573/3305 3441/1855/1790 3439/1854/1789
f 3013/3989/1358 3017/3400/3163 3011/1621/1571 3012/3990/3432
f 2252/3985/3707 2253/3955/3677 2235/3933/3655 2237/3987/3709
f 2236/3934/3656 2238/3991/3711 2237/3987/3709 2235/3933/3655
f 3315/3992/3712 3324/3758/3485 3320/1865/1797
f 2326/3312/3079 2325/3976/3698 2336/3643/3368 2335/3341/3107
f 3315/3992/3712 3320/1865/1797 3319/1864/1796
f 2471/2966/2792 2473/2965/2791 2472/3993/3713 2470/3994/3714
f 2352/3995/3715 2349/3975/3697 2348/3983/3705 2347/1366/1327
f 3318/3763/3490 3315/3992/3712 3319/1864/1796
f 2316/3996/3716 2318/3971/3693 2317/3973/3695 2315/3315/3082
f 2333/441/432 2332/3887/3609 2216/3889/3611 2295/442/433
f 2312/3997/3717 2314/3998/3718 2313/3314/3081 2311/3999/3719
f 2331/2652/2513 2330/2651/2512 2200/3908/3630 2215/3888/3610
f 2221/2607/2470 2266/2769/2623 2220/2771/2625 2211/2608/2471
f 2329/3859/3585 2328/4000/3720 2197/3894/3616 2198/3909/3631
f 2328/4000/3720 2327/3313/3080 2334/3340/3106 2197/3894/3616
f 498/1582/1532 485/2353/2239 486/986/959 497/1583/1533
f 4259/1245/1213 4178/559/547 4258/1133/1105 4271/1123/1097
f 2356/3974/3696 2354/4001/3721 2369/3948/3670 2368/3960/3682
f 2355/3949/3671 2369/3948/3670 2354/4001/3721 2353/4002/3722
f 3316/1398/1359 3315/3992/3712 3318/3763/3490
f 3438/1857/1792 3442/1856/1791 3443/3703/3431 3437/4003/3723
f 3437/4003/3723 3407/3849/1560 3406/2290/2181 3438/1857/1792
f 2482/2964/2790 2481/2963/2789 2487/2453/2330 2486/4004/3724
f 2354/4001/3721 2356/3974/3696 2349/3975/3697 2352/3995/3715
f 687/253/247 689/740/725 688/2601/2464 686/2626/2489
f 2499/4005/3725 2489/3634/3358 2491/2192/2097 2494/4006/3726
f 2062/3020/2835 2074/3306/3075 2061/3443/3201 2056/3792/3519
f 2624/4007/3727 2625/3337/3103 2617/3773/3500 2619/4008/3728
f 711/266/260 713/265/259 712/3548/3280 710/2649/2510
f 2327/3313/3080 2328/4000/3720 2311/3999/3719 2313/3314/3081
f 3462/3732/3459 3465/2586/2449 3467/2180/2085 3461/2179/2084
f 2265/2770/2624 2264/4009/3729 2268/1800/1746 2267/1799/1745
f 3437/4003/3723 3443/3703/3431 3493/3702/3430 3436/4010/3730
f 3315/3992/3712 3316/1398/1359 3314/1397/1358
f 1216/2734/2589 1217/2391/2276 1186/421/413 1187/420/412
f 2304/1475/1435 2306/4011/3731 2305/2653/2514 2303/1476/1436
f 2738/3087/2872 2739/4012/3732 2737/4013/3733 2736/4014/3628
f 675/2681/2540 677/2654/265 676/3503/3241 674/3623/3348
f 2306/4011/3731 2308/2220/2125 2307/2223/2128 2305/2653/2514
f 2740/3090/2875 2741/4015/3734 2739/4012/3732 2738/3087/2872
f 2314/3998/3718 2316/3996/3716 2315/3315/3082 2313/3314/3081
f 2294/4016/3735 2296/440/431 2292/443/434 2293/2365/2250
f 2351/4017/3736 2352/3995/3715 2347/1366/1327 2350/4018/3737
f 3292/4019/3738 3293/2057/1967 3296/3871/1144
f 3291/4020/3531 3292/4019/3738 3296/3871/1144
f 3279/3898/3620 3278/2582/2445 3280/2581/2444 3301/3654/3381
f 610/1259/1227 336/2234/2139 611/517/506 598/516/505
f 2197/3894/3616 2334/3340/3106 2196/3339/3105
f 3290/3704/3432 3291/4020/3531 3315/3992/3712
f 3314/1397/1358 3290/3704/3432 3315/3992/3712
f 548/1537/1493 547/2415/2294 565/1869/1801 564/1014/988
f 2274/972/945 2275/971/944 2273/4021/3739 2272/4022/3740
f 3436/4010/3730 3408/3717/3446 3407/3849/1560 3437/4003/3723
f 2790/4023/3741 2766/4024/3742 2767/4025/3743 2768/4026/3744
f 2347/1366/1327 2348/3983/3705 2344/1723/1668 2345/1367/1328
f 3694/2495/2362 3717/1312/1278 3718/1315/177 3716/2232/2137
f 2378/3827/3552 2379/4027/3745 2377/3891/3613 2376/3824/3549
f 3060/3950/3672 3065/330/324 3066/3677/3406 3059/4028/1390
f 2374/3893/3615 2373/3959/3681 2381/3825/3550 2376/3824/3549
f 3327/1005/979 3311/4029/3746 3326/2902/2730 3337/1006/980
f 3996/1520/1477 4022/1904/1834 4023/1903/1833 3994/1517/1474
f 2272/4022/3740 2273/4021/3739 2271/2198/2103 2270/3977/3699
f 2890/4030/3747 2891/4031/3748 2889/4032/3749 2888/2519/2307
f 333/1172/1143 612/1144/1116 334/1338/1303 329/1337/1302
f 2866/3250/3023 2865/2761/2615 3063/2764/2618 3062/3179/2953
f 3306/3351/3117 3341/4033/3750 3342/2813/2661 3305/2812/2660
f 2698/3243/3016 2721/3331/3098 2697/4034/3751 2684/4035/3752
f 2280/4036/3753 2281/4037/3754 2279/4038/3755 2278/4039/3756
f 2282/4040/3757 2283/4041/3758 2281/4037/3754 2280/4036/3753
f 1046/2879/2711 1545/361/354 1529/3424/3184 1530/494/484
f 3360/3912/3634 3343/2814/325 3361/3226/2999 3373/4042/323
f 2325/3976/3698 2324/3966/3688 2337/1844/1781 2336/3643/3368
f 2297/4043/3759 2298/1889/1819 2296/440/431 2294/4016/3735
f 3396/3915/3637 3373/4042/323 3397/3657/3385 3410/3656/3384
f 2325/3976/3698 2326/3312/3079 2315/3315/3082 2317/3973/3695
f 1372/3332/3099 1373/3299/3068 1358/3276/3048 1359/669/657
f 2230/3896/3618 2232/3931/3653 2231/3746/3473 2229/3745/3472
f 3592/3029/2842 3590/3431/3191 3589/3430/3190 3594/3439/3197
f 2222/2624/2487 2256/3921/3643 2221/2607/2470 2209/2606/2469
f 3348/3925/3647 3300/3899/3621 3347/3595/3327 3356/3594/3326
f 2331/2652/2513 2332/3887/3609 2303/1476/1436 2305/2653/2514
f 2363/3924/3646 2364/4044/3760 2362/3317/3084 2360/3316/3083
f 3472/3722/3450 3457/3723/3451 3471/3928/3650 3474/3941/3663
f 3296/3871/1144 3295/2056/1966 3297/3938/3660
f 3293/2057/1967 3295/2056/1966 3296/3871/1144
f 3473/3709/3437 3472/3722/3450 3474/3941/3663 3490/4045/3469
f 2192/1265/1233 2359/3319/3086 2191/3835/3561 2190/3886/3608
f 2190/3886/3608 2194/3982/3704 2193/1266/1234 2192/1265/1233
f 2310/2221/2126 2312/3997/3717 2311/3999/3719 2309/2222/2127
f 2299/4046/3761 2300/3935/3657 2298/1889/1819 2297/4043/3759
f 3491/3708/3436 3473/3709/3437 3490/4045/3469 3495/4047/3762
f 2383/4048/3763 2384/4049/3764 2382/4050/3765 2372/4051/3766
f 2656/4052/3767 2559/4053/3768 2560/322/316 2807/321/315
f 3494/4054/3769 3492/3707/3435 3491/3708/3436 3495/4047/3762
f 2854/2077/1987 2855/2076/1986 2852/3290/3061 2849/3289/3060
f 2384/4049/3764 2380/3826/3551 2381/3825/3550 2382/4050/3765
f 2039/3822/3547 2057/3021/2836 2052/3791/3518 2041/3775/3502
f 2189/3884/3606 2195/1724/1669 2194/3982/3704 2190/3886/3608
f 2291/514/503 2217/3923/3645 2218/3890/3612 2289/1100/1074
f 2264/4009/3729 2262/3980/3702 2269/3978/3700 2268/1800/1746
f 3311/4029/3746 3287/3637/3361 3312/2903/2731 3326/2902/2730
f 263/1669/1618 289/1695/1644 262/1698/1107 261/2440/2317
f 2869/338/332 2837/2319/566 2838/3900/3622 2868/339/333
f 2967/3230/3003 2986/1660/1609 3072/1663/1612 3074/1610/1560
f 3362/525/514 3342/2813/2661 3341/4033/3750 3363/522/511
f 1728/1504/1464 1731/1672/1621 1730/3590/3322 1726/3456/3214
f 3361/3226/2999 3343/2814/325 3342/2813/2661 3362/525/514
f 3373/4042/323 3361/3226/2999 3372/3225/2998 3397/3657/3385
f 2676/189/185 2431/3551/3283 2434/3870/3594 2436/190/186
f 697/702/688 699/2405/1734 698/2407/2286 696/2638/2500
f 2087/326/320 2095/3806/3532 2086/2632/2495 2078/327/321
f 2330/2651/2512 2329/3859/3585 2198/3909/3631 2200/3908/3630
f 2493/2191/2096 2495/4055/3770 2494/4006/3726 2491/2192/2097
f 3657/4056/3771 3658/2543/2405 3660/2542/2404 3659/2564/2427
f 3460/2182/2087 3468/2181/2086 3469/2843/2683 3459/2842/2682
f 3905/2339/2225 3930/2342/2228 3931/2184/2089 3904/2183/2088
f 3601/3566/3298 3582/450/441 3581/449/440 3602/3386/3149
f 3463/3794/3521 3464/2583/2446 3465/2586/2449 3462/3732/3459
f 3495/4047/3762 3514/2970/2796 3435/3692/2461 3494/4054/3769
f 2541/4057/3772 2540/2436/2313 2549/1883/1813 2548/4058/3773
f 2416/4059/3774 2413/4060/3775 2414/4061/3776 2417/2825/2671
f 2586/3252/3025 2585/4062/3777 2590/4063/3778 2589/4064/3779
f 2418/2824/2670 2419/823/805 2412/4065/3780 2411/4066/3781
f 2639/3661/3389 2640/2329/2215 2638/1436/1396 2637/4067/3782
f 3400/1532/1489 3406/2290/2181 3407/3849/1560 3399/1531/1488
f 3270/3381/3145 3264/1378/1338 3271/3636/3360
f 2473/2965/2791 2475/4068/3783 2474/4069/3784 2472/3993/3713
f 2400/1105/1079 2404/4070/3785 2403/4071/3786 2402/3609/3335
f 2653/1166/1138 2597/2178/2083 2598/3945/3667 2652/4072/3787
f 4168/1112/1086 4185/349/343 4186/222/216 4184/1113/1087
f 1469/238/232 1468/237/231 1532/3186/2959 1531/493/483
f 3268/3352/3118 3266/1379/1339 3269/3353/3119
f 2679/3838/3564 2427/3837/3563 2428/4073/3788 2678/3244/3017
f 2585/4062/3777 2586/3252/3025 2572/3254/3027 2574/4074/3789
f 2096/3797/3524 2099/1480/1440 2097/3818/3544 2085/3798/3525
f 2262/3980/3702 2264/4009/3729 2259/1595/1545 2260/1594/1544
f 3228/4075/3790 3229/4076/3791 3231/3727/3455 3230/4077/3792
f 2441/4078/3793 2443/2594/2457 2442/2640/2502 2440/3753/3480
f 3229/4076/3791 3213/4079/3794 3234/1214/1183 3231/3727/3455
f 2614/2521/2385 2616/4080/3795 2615/2955/2781 2613/2522/2386
f 2423/3840/3566 2426/3839/3565 2424/4081/3796 2422/4082/3797
f 2575/4083/3798 2577/4084/3799 2576/4085/3800 2574/4074/3789
f 2041/3775/3502 2052/3791/3518 2051/3123/2904 2043/2493/2360
f 3226/4086/3801 3212/3273/3045 3213/4079/3794 3229/4076/3791
f 3214/2741/2597 3210/2740/2596 3212/3273/3045 3226/4086/3801
f 2373/3959/3681 2371/3947/3669 2382/4050/3765 2381/3825/3550
f 2435/3869/3593 2437/4087/3802 2436/190/186 2434/3870/3594
f 2577/4084/3799 2579/2631/2494 2578/2630/2493 2576/4085/3800
f 3223/2961/2787 3215/2739/2595 3224/2742/2598 3241/1452/1412
f 468/2307/2195 467/2306/2194 485/2353/2239 484/1193/1163
f 3209/3986/3708 3178/3272/3044 3210/2740/2596 3215/2739/2595
f 341/1250/1218 340/1072/1046 349/1074/1048 348/1260/1228
f 3179/2270/2165 3177/3958/3680 3178/3272/3044 3209/3986/3708
f 3730/1159/1131 3708/1158/1130 3729/2549/2411 3736/2911/2739
f 2388/3536/3269 2422/4082/3797 2415/4088/3803 2387/2983/2807
f 3239/2537/2400 3245/3338/3104 3259/3384/713 3258/2538/229
f 2634/3336/3102 2635/4089/3804 2627/2954/2780 2626/2953/2779
f 2644/3917/3639 2645/3916/3638 2629/3954/3676 2635/4089/3804
f 2398/1104/1078 2413/4060/3775 2404/4070/3785 2400/1105/1079
f 3239/2537/2400 3222/2959/2785 3240/2962/2788 3245/3338/3104
f 2652/4072/3787 2598/3945/3667 2600/3905/3627 2646/3919/3641
f 2723/1597/1547 2724/1596/1546 2714/3953/3675 2715/1713/1659
f 3174/4090/3805 3173/4091/3806 3175/3630/3354 3181/3629/3353
f 3104/4092/3807 3115/4093/3808 3116/507/497 3105/506/496
f 2202/3323/3090 2203/3322/3089 2201/3907/3629 2199/3906/3628
f 2387/2983/2807 2415/4088/3803 2414/4061/3776 2396/2984/2808
f 2804/1167/1139 2805/790/774 2590/4063/3778 2591/4094/3809
f 2651/4095/3810 2649/4096/3811 2655/788/772 2654/787/771
f 187/801/783 188/719/706 161/195/188 162/194/190
f 709/2648/2509 707/2688/2547 730/2691/591 729/2713/2570
f 2744/3330/3097 2694/3961/3683 2697/4034/3751 2721/3331/3098
f 2744/3330/3097 2745/4097/3812 2695/3962/3684 2694/3961/3683
f 3214/2741/2597 3226/4086/3801 3227/4098/3813 3225/4099/3814
f 2566/4100/3815 2567/4101/3816 2565/4102/3817 2564/4103/3818
f 2691/3964/3686 2687/4104/3819 2697/4034/3751 2694/3961/3683
f 3224/2742/2598 3214/2741/2597 3225/4099/3814 3242/4105/3820
f 3241/1452/1412 3224/2742/2598 3242/4105/3820 3243/1453/1413
f 4264/1067/1041 4273/476/466 4269/345/339 4266/1160/1132
f 1293/2696/2554 1294/829/810 1273/3747/3474 1274/2939/2765
f 1396/2692/2550 1397/753/738 1334/2412/2291 1335/3255/3028
f 2320/3972/3694 2322/4106/3821 2321/3968/3690 2319/3967/3689
f 2672/2278/2169 2671/2277/2168 2703/4107/3822 2702/3329/3096
f 3669/2525/2389 3671/3847/3573 3691/3291/3062 3670/2526/2390
f 3090/3344/3110 3092/2502/2368 3145/2501/2367 3150/3540/3273
f 2681/4108/3823 2682/3603/3331 2657/3604/3332 2639/3661/3389
f 2748/1128/1102 2749/1127/1101 2747/4109/3824 2746/4110/3825
f 3686/3016/2831 3697/490/480 3698/489/479 3685/3017/2832
f 2720/4111/3826 2732/4112/3827 2719/4113/3828 2718/4114/3829
f 1367/1248/1216 1368/3295/3065 1363/3275/3047 1364/3278/3050
f 3208/2271/301 3179/2270/2165 3209/3986/3708 3216/2960/2786
f 2513/435/426 2515/434/425 2514/3813/3539 2512/4115/3830
f 3176/2269/2164 3147/3007/2827 3177/3958/3680 3179/2270/2165
f 3147/3007/2827 3138/3006/2826 3139/2665/2526 3177/3958/3680
f 2506/4116/3831 2507/4117/3832 2505/3131/2911 2504/3130/2910
f 2507/4117/3832 2509/3388/3151 2508/3391/3154 2505/3131/2911
f 3783/962/935 3786/4118/3833 3787/3105/2889 3784/3104/2888
f 3255/3342/3108 3256/4119/3834 3197/1146/1118 3254/3213/2986
f 2722/4120/3835 2723/1597/1547 2715/1713/1659 2716/1712/1658
f 2717/4121/3836 2722/4120/3835 2716/1712/1658 2682/3603/3331
f 3100/3785/3512 3105/506/496 3106/509/499 3098/3080/2869
f 3827/2914/2742 3828/3358/3124 3814/3270/3042 3815/2515/2380
f 3744/2233/2138 3718/1315/177 3745/1314/1280 3749/960/933
f 3475/3686/3416 3470/2841/2681 3476/2844/2684 3488/258/252
f 3088/3542/3275 3089/4122/3837 3091/3345/3111 3090/3344/3110
f 3028/381/374 3024/380/373 3023/967/940 3029/365/358
f 2706/4123/3838 2707/3841/3567 2752/3844/3570 2751/4124/3839
f 991/2611/2474 993/2294/2185 992/2297/2188 990/2612/2475
f 2525/1689/1638 2524/4125/3840 2529/3771/3498 2528/1690/1639
f 2433/3867/775 2434/3870/3594 2431/3551/3283 2432/3550/3282
f 2667/4126/3841 2666/4127/3842 2708/3842/3568 2707/3841/3567
f 2498/3133/2913 2503/3132/2912 2502/4128/3843 2501/4129/3844
f 2499/4005/3725 2498/3133/2913 2501/4129/3844 2500/2867/2700
f 3590/3431/3191 3592/3029/2842 3593/3032/2845 3591/3521/3254
f 2495/4055/3770 2497/4130/3845 2496/4131/3846 2494/4006/3726
f 3253/3212/2985 3252/3103/2887 3251/3102/2886 3260/4132/3847
f 969/3691/2829 971/4133/3848 970/3419/3179 967/3418/3178
f 3826/2931/2759 3835/3403/3166 3828/3358/3124 3827/2914/2742
f 987/4134/2883 989/2610/2473 988/2613/2476 986/3420/3180
f 3287/3637/3361 3271/3636/3360 3288/1615/1565 3312/2903/2731
f 3245/3338/3104 3247/2545/2407 3249/2548/2410 3259/3384/713
f 1940/2481/2348 1941/3554/3286 1939/3705/3433 1938/2478/2345
f 3213/4079/3794 3136/2663/2524 3236/1215/1184 3234/1214/1183
f 3117/4135/3849 3129/4136/3850 3123/3730/860 3118/4137/3851
f 2802/4138/3852 2803/4139/3853 2801/4140/3854 2451/4141/3855
f 2448/2942/2768 2450/4142/3856 2449/4143/3857 2447/2592/2455
f 3737/2552/2414 3728/2551/2413 3738/3208/2981 3756/2566/2429
f 3230/4077/3792 3231/3727/3455 3233/3728/3456 3232/4144/3858
f 2755/1833/1770 2756/4145/3859 2753/3843/3569 2754/4146/3860
f 2756/4145/3859 2757/4147/3861 2752/3844/3570 2753/3843/3569
f 2475/4068/3783 2477/1709/1655 2476/4148/3862 2474/4069/3784
f 2477/1709/1655 2469/1708/1654 2467/4149/3863 2476/4148/3862
f 2463/4150/3864 2464/4151/3865 2462/4152/3866 2461/4153/3867
f 3148/205/200 3147/3007/2827 3176/2269/2164 3172/206/201
f 4012/1462/1422 4013/1580/1530 4014/1719/1664 4009/1463/1423
f 822/2817/2664 825/2816/2663 824/2800/2652 821/302/296
f 99/96/95 97/95/94 107/209/204 106/3815/3541
f 2732/4112/3827 2735/4154/3868 2731/4155/3869 2719/4113/3828
f 2483/4156/3870 2478/1706/1652 2477/1709/1655 2475/4068/3783
f 3175/3630/3354 3172/206/201 3176/2269/2164 3180/2268/2163
f 2683/4157/3871 2717/4121/3836 2682/3603/3331 2681/4108/3823
f 549/1020/994 548/1537/1493 564/1014/988 563/1013/987
f 3125/3484/3230 3124/3487/3232 3123/3730/860 3129/4136/3850
f 3801/2514/3872 3803/2513/2378 3804/437/428 3802/436/427
f 2705/4158/3873 2706/4123/3838 2751/4124/3839 2750/2029/1945
f 3205/3370/3135 3219/4159/3874 3203/4160/3875 3204/2821/2667
f 2500/2867/2700 2488/2454/2331 2489/3634/3358 2499/4005/3725
f 3212/3273/3045 3211/2664/2525 3136/2663/2524 3213/4079/3794
f 2483/4156/3870 2482/2964/2790 2486/4004/3724 2484/4161/3876
f 3200/3494/3236 3201/227/221 3238/230/224 3258/2538/229
f 3197/1146/1118 3195/1145/1117 3201/227/221 3200/3494/3236
f 2484/4161/3876 2485/4162/3877 2478/1706/1652 2483/4156/3870
f 2758/4163/3878 2759/2028/1944 2750/2029/1945 2751/4124/3839
f 2705/4158/3873 2746/4110/3825 2704/3176/2950 2669/3175/2949
f 3257/3214/2987 3200/3494/3236 3258/2538/229 3259/3384/713
f 2671/2277/2168 2670/3177/2951 2704/3176/2950 2703/4107/3822
f 1170/3146/532 1169/2304/532 1175/2898/2726 1174/3182/2955
f 2658/1711/1657 2659/1710/1656 2555/4164/3879 2556/4165/3880
f 2542/4166/3881 2543/4167/3882 2485/4162/3877 2484/4161/3876
f 2527/1691/1640 2535/4168/3883 2502/4128/3843
f 2535/4168/3883 2536/4169/3884 2502/4128/3843
f 2540/2436/2313 2541/4057/3772 2486/4004/3724 2487/2453/2330
f 267/1135/1107 287/2104/2015 286/1088/1062 268/1044/1018
f 2916/875/853 2909/3437/122 2910/3234/3007 2917/3233/3006
f 2537/4170/3885 2538/2866/2699 2500/2867/2700 2501/4129/3844
f 2788/4171/3886 2787/3712/3441 2797/3714/3443 2796/4172/3887
f 2486/4004/3724 2541/4057/3772 2484/4161/3876
f 2541/4057/3772 2542/4166/3881 2484/4161/3876
f 2659/1710/1656 2660/3952/3674 2554/4173/3888 2555/4164/3879
f 2668/4174/3889 2669/3175/2949 2545/3178/2952 2546/4175/3890
f 2657/3604/3332 2658/1711/1657 2556/4165/3880 2557/1117/1091
f 2083/3830/3555 2084/3848/3574 2082/3858/3584 2081/528/517
f 1007/3309/1834 1009/111/109 1008/114/112 1006/2933/2761
f 208/1446/1406 236/1804/1738 209/729/715 206/728/714
f 2789/4176/3891 2790/4023/3741 2768/4026/3744 2769/4177/3892
f 2547/4178/3893 2542/4166/3881 2548/4058/3773
f 2542/4166/3881 2541/4057/3772 2548/4058/3773
f 2783/4179/3894 2784/3530/3263 2776/4180/3895 2778/4181/3896
f 2786/175/171 2787/3712/3441 2771/1835/1772 2772/176/172
f 2208/3525/3258 2209/2606/2469 2207/2609/2472 2206/3956/3678
f 2784/3530/3263 2785/174/170 2774/177/173 2776/4180/3895
f 2787/3712/3441 2788/4171/3886 2770/4182/3897 2771/1835/1772
f 2553/4183/3898 2536/4169/3884 2554/4173/3888
f 2536/4169/3884 2535/4168/3883 2554/4173/3888
f 2543/4167/3882 2542/4166/3881 2547/4178/3893 2546/4175/3890
f 971/4133/3848 973/2979/2677 972/2982/2806 970/3419/3179
f 3191/2730/2585 3189/2729/104 3204/2821/2667 3203/4160/3875
f 2525/1689/1638 2526/1688/1637 2508/3391/3154 2510/3390/3153
f 156/262/256 155/261/255 160/721/708 158/840/821
f 3218/3119/2901 3207/3631/3355 3217/3153/2927 3221/2536/2399
f 2456/2280/2171 2444/2279/2170 2445/2593/2456 2455/4184/3899
f 2455/4184/3899 2445/2593/2456 2447/2592/2455 2449/4143/3857
f 2637/4067/3782 2638/1436/1396 2636/1435/1395 2632/4185/3900
f 2702/3329/3096 2703/4107/3822 2745/4097/3812 2744/3330/3097
f 1681/3564/3296 1680/1978/1903 1717/1981/1906 1716/3565/3297
f 3102/3788/3515 3104/4092/3807 3105/506/496 3100/3785/3512
f 2533/3769/3496 2532/1114/1088 2557/1117/1091 2556/4165/3880
f 500/1191/1161 499/1190/1160 513/2327/2213 512/2086/1996
f 2109/1195/1165 2111/768/753 2110/771/756 2108/1196/1166
f 3131/3789/3516 3140/204/199 3141/4186/3901 3121/4187/3902
f 1475/3357/3123 1476/3282/3054 1419/3281/3053 1420/2670/2531
f 2417/2825/2671 2418/2824/2670 2411/4066/3781 2416/4059/3774
f 2252/3985/3707 2251/891/869 2259/1595/1545 2258/3984/3706
f 2584/4188/3903 2582/4189/3904 2592/3298/3067 2591/4094/3809
f 3121/4187/3902 3119/4190/1114 3122/3729/3457 3131/3789/3516
f 2056/3792/3519 2061/3443/3201 2060/463/454 2055/462/453
f 4174/108/106 4182/107/105 4183/882/860 4175/1141/1113
f 2581/2629/2492 2583/4191/1081 2582/4189/3904 2578/2630/2493
f 3808/2773/2627 3807/779/763 3806/438/429 3811/2774/2628
f 2646/3919/3641 2600/3905/3627 2602/3904/3626 2645/3916/3638
f 2264/4009/3729 2265/2770/2624 2258/3984/3706 2259/1595/1545
f 2644/3917/3639 2643/4192/3905 2647/4193/3906 2650/3918/3640
f 2641/1433/1393 2647/4193/3906 2643/4192/3905 2642/1434/1394
f 3133/3125/263 3134/2662/2523 3139/2665/2526 3138/3006/2826
f 2117/3855/3580 2119/4194/3907 2118/2555/2417 2116/2439/2316
f 2571/4195/3908 2573/4196/3909 2572/3254/3027 2570/3253/3026
f 3161/3693/3421 3149/3360/3125 3162/4197/3910 3164/3694/3422
f 3157/3362/3127 3184/2820/2666 3186/1274/103 3185/1273/1241
f 2404/4070/3785 2406/4198/3911 2405/4199/3912 2403/4071/3786
f 2396/2984/2808 2414/4061/3776 2413/4060/3775 2398/1104/1078
f 152/711/698 151/248/242 164/885/863 163/825/698
f 3109/4200/3913 3108/508/498 3110/2802/2654 3120/4201/3914
f 1371/497/487 1372/3332/3099 1359/669/657 1360/498/488
f 3132/3821/11 3135/4202/3915 3136/2663/2524 3134/2662/2523
f 2386/3535/3268 2390/2224/2129 2389/2227/2132 2388/3536/3269
f 2424/4081/3796 2425/1414/1375 2420/1416/1377 2421/2826/2672
f 2655/788/772 2656/4052/3767 2807/321/315 2806/789/773
f 1395/1787/1734 1396/2692/2550 1335/3255/3028 1336/1788/1735
f 2896/377/370 2910/3234/3007 2909/3437/122 2898/374/367
f 3182/4203/3916 3174/4090/3805 3181/3629/3353 3206/4204/3917
f 1874/3429/3189 1873/620/1837 1882/620/608 1881/619/607
f 3786/4118/3833 3788/4205/3918 3789/3324/3091 3787/3105/2889
f 1922/4206/3919 1923/4207/3238 1921/3668/3397 1920/3667/3396
f 2629/3954/3676 2604/3685/3415 2606/2922/2750 2628/3780/3507
f 2635/4089/3804 2629/3954/3676 2628/3780/3507 2627/2954/2780
f 2426/3839/3565 2680/4208/3920 2425/1414/1375 2424/4081/3796
f 693/2695/2553 691/1252/1220 738/608/596 737/607/595
f 2631/2147/2055 2633/2146/2054 2625/3337/3103 2624/4007/3727
f 3206/4204/3917 3181/3629/3353 3207/3631/3355 3218/3119/2901
f 3778/3421/3181 3779/4209/3921 3781/4210/3922 3780/3608/3334
f 2389/2227/2132 2423/3840/3566 2422/4082/3797 2388/3536/3269
f 3169/3832/3558 3174/4090/3805 3182/4203/3916 3170/4211/3923
f 3165/3695/3423 3169/3832/3558 3170/4211/3923 3166/3327/3094
f 3142/4212/3924 3141/4186/3901 3163/4213/3925 3162/4197/3910
f 3141/4186/3901 3142/4212/3924 3120/4201/3914 3121/4187/3902
f 2724/1596/1546 2725/655/643 2713/658/646 2714/3953/3675
f 1403/3292/3063 1404/590/578 1327/597/585 1328/2590/2453
f 2764/4214/3926 2765/4215/3927 2763/1716/1661 2762/1715/1660
f 2786/175/171 2785/174/170 2799/3532/3265 2798/3713/3442
f 2583/4191/1081 2593/3296/3066 2592/3298/3067 2582/4189/3904
f 2372/4051/3766 2382/4050/3765 2371/3947/3669 2370/3946/3668
f 2594/2177/2082 2804/1167/1139 2591/4094/3809 2592/3298/3067
f 3195/1145/1117 3193/3850/3575 3202/228/222 3201/227/221
f 3168/3831/3557 3163/4213/3925 3171/207/202 3173/4091/3806
f 2568/4216/3928 2569/4217/3929 2567/4101/3816 2566/4100/3815
f 2451/4141/3855 2801/4140/3854 2450/4142/3856 2448/2942/2768
f 2534/3770/3497 2533/3769/3496 2556/4165/3880 2555/4164/3879
f 3130/3124/2905 3124/3487/3232 3127/3486/302 3133/3125/263
f 3435/3692/2461 3408/3717/3446 3436/4010/3730 3494/4054/3769
f 2649/4096/3811 2648/2330/2216 2656/4052/3767 2655/788/772
f 2675/188/184 2674/1838/1775 2700/1841/1778 2699/3242/3015
f 2652/4072/3787 2651/4095/3810 2654/787/771 2653/1166/1138
f 2746/4110/3825 2747/4109/3824 2703/4107/3822 2704/3176/2950
f 2238/3991/3711 2240/2328/2214 2239/892/870 2237/3987/3709
f 2567/4101/3816 2571/4195/3908 2570/3253/3026 2565/4102/3817
f 2662/4218/3930 2661/4219/3931 2713/658/646 2712/657/645
f 2562/4220/3932 2563/1757/1703 2561/323/317 2523/4221/3933
f 3141/4186/3901 3140/204/199 3171/207/202 3163/4213/3925
f 2570/3253/3026 2587/1758/1704 2563/1757/1703 2565/4102/3817
f 2396/2984/2808 2398/1104/1078 2397/1107/1081 2395/2985/2809
f 2587/1758/1704 2586/3252/3025 2589/4064/3779 2588/324/318
f 2573/4196/3909 2575/4083/3798 2574/4074/3789 2572/3254/3027
f 2651/4095/3810 2652/4072/3787 2646/3919/3641 2650/3918/3640
f 2429/3552/3284 2677/4222/3934 2428/4073/3788 2393/2615/2478
f 2393/2615/2478 2428/4073/3788 2427/3837/3563 2391/2226/2131
f 2545/3178/2952 2670/3177/2951 2457/3283/3055 2544/4223/3935
f 3123/3730/860 3122/3729/3457 3119/4190/1114 3118/4137/3851
f 3377/3596/3328 3357/3203/2976 3376/401/394 3393/400/393
f 2642/1434/1394 2643/4192/3905 2634/3336/3102 2633/2146/2054
f 2406/4198/3911 2408/4224/3936 2407/4225/3937 2405/4199/3912
f 2677/4222/3934 2699/3242/3015 2678/3244/3017 2428/4073/3788
f 2391/2226/2131 2427/3837/3563 2423/3840/3566 2389/2227/2132
f 2677/4222/3934 2429/3552/3284 2431/3551/3283 2676/189/185
f 3349/1408/1369 3348/3925/3647 3355/3860/374 3354/3173/2947
f 3183/3369/3134 3170/4211/3923 3182/4203/3916 3205/3370/3135
f 2413/4060/3775 2416/4059/3774 2406/4198/3911 2404/4070/3785
f 2037/3776/3503 2058/3019/2834 2057/3021/2836 2039/3822/3547
f 3111/2804/2656 3118/4137/3851 3119/4190/1114 3110/2802/2654
f 3205/3370/3135 3182/4203/3916 3206/4204/3917 3219/4159/3874
f 3120/4201/3914 3142/4212/3924 3143/3359/1214 3109/4200/3913
f 3149/3360/3125 3143/3359/1214 3142/4212/3924 3162/4197/3910
f 2676/189/185 2675/188/184 2699/3242/3015 2677/4222/3934
f 3155/3361/3126 3185/1273/1241 3187/1276/1243 3199/4226/3938
f 2805/790/774 2806/789/773 2589/4064/3779 2590/4063/3778
f 2806/789/773 2807/321/315 2588/324/318 2589/4064/3779
f 2618/4227/3939 2620/4228/3940 2619/4008/3728 2617/3773/3500
f 2523/4221/3933 2561/323/317 2560/322/316 2531/1115/1089
f 2531/1115/1089 2532/1114/1088 2530/4229/3941 2523/4221/3933
f 2532/1114/1088 2533/3769/3496 2529/3771/3498 2530/4229/3941
f 2543/4167/3882 2544/4223/3935 2480/4230/3942 2485/4162/3877
f 2667/4126/3841 2668/4174/3889 2546/4175/3890 2547/4178/3893
f 2554/4173/3888 2660/3952/3674 2553/4183/3898
f 2660/3952/3674 2661/4219/3931 2553/4183/3898
f 2665/1459/1419 2666/4127/3842 2548/4058/3773 2549/1883/1813
f 2498/3133/2913 2499/4005/3725 2494/4006/3726 2496/4131/3846
f 2662/4218/3930 2663/1233/1203 2551/3988/3710 2552/4231/3943
f 2777/4232/3944 2779/4233/3945 2778/4181/3896 2776/4180/3895
f 2548/4058/3773 2666/4127/3842 2547/4178/3893
f 2666/4127/3842 2667/4126/3841 2547/4178/3893
f 2684/4035/3752 2697/4034/3751 2687/4104/3819 2680/4208/3920
f 1144/2847/1140 1143/2873/1140 1201/2872/2705 1200/369/362
f 2544/4223/3935 2457/3283/3055 2458/4234/3946 2480/4230/3942
f 1011/112/110 1013/2575/2438 1012/2578/2441 1010/113/111
f 995/2295/2186 997/3740/3467 996/3446/3204 994/2296/2187
f 3799/4235/3947 3801/2514/3872 3802/436/427 3800/2414/2293
f 2596/3943/3665 2597/2178/2083 2594/2177/2082 2595/3297/2810
f 3794/778/762 3795/2647/2508 3810/2413/2292 3805/439/430
f 1801/3512/3247 1800/3511/3246 1831/3265/3037 1830/3644/3370
f 642/3759/3486 644/3310/3078 643/150/147 641/289/283
f 3594/3439/3197 3589/3430/3190 3588/3432/3192 3595/3095/2879
f 3317/2904/2732 3313/1395/1356 3316/1398/1359 3318/3763/3490
f 2585/4062/3777 2584/4188/3903 2591/4094/3809 2590/4063/3778
f 2584/4188/3903 2585/4062/3777 2574/4074/3789 2576/4085/3800
f 2643/4192/3905 2644/3917/3639 2635/4089/3804 2634/3336/3102
f 3110/2802/2654 3119/4190/1114 3121/4187/3902 3120/4201/3914
f 3736/2911/2739 3729/2549/2411 3737/2552/2414 3757/2912/2740
f 2523/4221/3933 2530/4229/3941 2522/3812/3538 2521/3811/3537
f 2461/4153/3867 2462/4152/3866 2460/4236/3948 2459/4237/3949
f 3159/3326/3093 3152/4238/3950 3151/3541/3274 3160/3696/3424
f 2627/2954/2780 2628/3780/3507 2611/2523/2387 2613/2522/2386
f 3082/4239/3951 3155/3361/3126 3156/4240/3952 3083/4241/3953
f 2524/4125/3840 2522/3812/3538 2530/4229/3941 2529/3771/3498
f 3106/509/499 3108/508/498 3109/4200/3913 3107/3081/2870
f 3109/4200/3913 3143/3359/1214 3144/2500/1193 3107/3081/2870
f 2416/4059/3774 2411/4066/3781 2408/4224/3936 2406/4198/3911
f 3035/650/638 3037/337/331 3038/2098/2008 3034/2097/2007
f 2146/1682/1631 2147/3750/3477 2145/3751/3478 2144/1679/1628
f 2420/1416/1377 2685/820/802 2419/823/805 2418/2824/2670
f 2700/1841/1778 2701/1840/1777 2721/3331/3098 2698/3243/3016
f 3158/1376/850 3153/1375/1336 3152/4238/3950 3159/3326/3093
f 3107/3081/2870 3144/2500/1193 3094/1830/1767 3097/1829/1766
f 2687/4104/3819 2691/3964/3686 2690/3527/3260 2686/1415/1376
f 2674/1838/1775 2675/188/184 2438/191/187 2440/3753/3480
f 2673/1839/1776 2672/2278/2169 2702/3329/3096 2701/1840/1777
f 3690/2528/2392 3670/2526/2390 3691/3291/3062 3705/3288/3059
f 2630/4242/3954 2631/2147/2055 2624/4007/3727 2623/4243/3955
f 2632/4185/3900 2636/1435/1395 2631/2147/2055 2630/4242/3954
f 3240/2962/2788 3223/2961/2787 3241/1452/1412 3244/1451/1411
f 3088/3542/3275 3151/3541/3274 3152/4238/3950 3086/3406/3169
f 3769/676/664 3753/675/663 3770/3241/3014 3808/2773/2627
f 3084/1374/1335 3154/1373/1334 3155/3361/3126 3082/4239/3951
f 2969/4244/3956 2985/3190/2963 2968/3229/3002 2960/4245/3957
f 3203/4160/3875 3219/4159/3874 3220/229/223 3202/228/222
f 3046/4246/3958 3042/363/356 3041/2750/2606 3047/4247/3959
f 2411/4066/3781 2412/4065/3780 2410/4248/3960 2408/4224/3936
f 2649/4096/3811 2651/4095/3810 2650/3918/3640 2647/4193/3906
f 2437/4087/3802 2439/4249/3961 2438/191/187 2436/190/186
f 3401/2288/2179 3386/2060/1970 3402/3969/3691 3405/2289/2180
f 2439/4249/3961 2441/4078/3793 2440/3753/3480 2438/191/187
f 2680/4208/3920 2687/4104/3819 2686/1415/1376 2425/1414/1375
f 2443/2594/2457 2445/2593/2456 2444/2279/2170 2442/2640/2502
f 3297/3938/3660 3295/2056/1966 3298/1405/1366 3350/3172/2946
f 2455/4184/3899 2458/4234/3946 2457/3283/3055 2456/2280/2171
f 2480/4230/3942 2458/4234/3946 2460/4236/3948 2479/1707/1653
f 2485/4162/3877 2480/4230/3942 2479/1707/1653 2478/1706/1652
f 2661/4219/3931 2660/3952/3674 2714/3953/3675 2713/658/646
f 2196/3339/3105 2343/1721/1666 2195/1724/1669 2189/3884/3606
f 2663/1233/1203 2662/4218/3930 2712/657/645 2711/1234/1204
f 151/248/242 150/247/241 165/799/544 164/885/863
f 2750/2029/1945 2748/1128/1102 2746/4110/3825 2705/4158/3873
f 2666/4127/3842 2665/1459/1419 2709/1460/1420 2708/3842/3568
f 2661/4219/3931 2662/4218/3930 2552/4231/3943 2553/4183/3898
f 2668/4174/3889 2667/4126/3841 2707/3841/3567 2706/4123/3838
f 2669/3175/2949 2668/4174/3889 2706/4123/3838 2705/4158/3873
f 3086/3406/3169 3152/4238/3950 3153/1375/1336 3085/3100/2884
f 2522/3812/3538 2524/4125/3840 2512/4115/3830 2514/3813/3539
f 2515/434/425 2517/4250/3962 2516/3814/3540 2514/3813/3539
f 2518/433/424 2519/4251/3963 2517/4250/3962 2515/434/425
f 3665/2532/2396 3666/2541/2403 3667/2527/2391 3689/2529/2393
f 3814/3270/3042 3830/2918/2746 3831/3083/1702 3813/3120/2902
f 2408/4224/3936 2410/4248/3960 2409/4252/3964 2407/4225/3937
f 4162/1221/1191 4163/233/227 4164/232/226 4161/526/515
f 2678/3244/3017 2698/3243/3016 2684/4035/3752 2679/3838/3564
f 845/2158/2066 801/335/329 802/2766/2620 844/2901/2729
f 1997/3810/3536 2004/1447/1407 2003/1450/1410 1999/3807/3533
f 2469/1708/1654 2462/4152/3866 2464/4151/3865 2467/4149/3863
f 2679/3838/3564 2684/4035/3752 2680/4208/3920 2426/3839/3565
f 2524/4125/3840 2525/1689/1638 2510/3390/3153 2512/4115/3830
f 3775/2246/2152 3777/2245/2151 3779/4209/3921 3778/3421/3181
f 3160/3696/3424 3151/3541/3274 3150/3540/3273 3161/3693/3421
f 2121/4253/3965 2122/4254/3966 2113/769/754 2111/768/753
f 2353/4002/3722 2354/4001/3721 2352/3995/3715 2351/4017/3736
f 3193/3850/3575 3191/2730/2585 3203/4160/3875 3202/228/222
f 3186/1274/103 3189/2729/104 3190/2732/2587 3188/1275/1242
f 369/1301/1268 368/1300/1267 382/1421/619 381/1308/1275
f 2527/1691/1640 2502/4128/3843 2503/3132/2912 2526/1688/1637
f 2757/4147/3861 2758/4163/3878 2751/4124/3839 2752/3844/3570
f 2511/3389/3152 2513/435/426 2512/4115/3830 2510/3390/3153
f 3193/3850/3575 3195/1145/1117 3196/1148/1120 3194/3851/3576
f 2760/1125/1099 2759/2028/1944 2767/4025/3743 2762/1715/1660
f 3128/4255/3967 3146/4256/3968 3135/4202/3915 3132/3821/11
f 2623/4243/3955 2624/4007/3727 2619/4008/3728 2622/4257/3969
f 1092/1119/1093 1088/1118/1092 1089/3092/389 1090/3060/1959
f 2686/1415/1376 2690/3527/3260 2689/821/803 2685/820/802
f 2759/2028/1944 2758/4163/3878 2768/4026/3744 2767/4025/3743
f 2758/4163/3878 2757/4147/3861 2769/4177/3892 2768/4026/3744
f 954/708/694 955/422/147 953/425/416 952/3334/3100
f 2535/4168/3883 2534/3770/3497 2555/4164/3879 2554/4173/3888
f 2790/4023/3741 2789/4176/3891 2795/4258/3970 2791/4259/3971
f 2278/4039/3756 2279/4038/3755 2277/970/943 2276/969/942
f 3140/204/199 3131/3789/3516 3137/3008/2828 3148/205/200
f 4256/881/859 4305/308/302 4304/269/263 4285/471/462
f 2735/4154/3868 2736/4014/3628 2730/1598/1548 2731/4155/3869
f 2852/3290/3061 2861/3303/3072 2853/3302/3071 2848/3163/2937
f 216/185/181 215/734/719 230/737/722 229/186/182
f 2733/4260/3972 2734/4261/3973 2732/4112/3827 2720/4111/3826
f 1301/167/163 1300/279/273 1349/282/276 1348/168/164
f 2564/4103/3818 2565/4102/3817 2563/1757/1703 2562/4220/3932
f 2295/442/433 2216/3889/3611 2217/3923/3645 2291/514/503
f 3166/3327/3094 3170/4211/3923 3183/3369/3134 3167/3328/3095
f 2448/2942/2768 2453/2941/2767 2452/4262/3974 2451/4141/3855
f 3164/3694/3422 3162/4197/3910 3163/4213/3925 3168/3831/3557
f 3126/3485/3231 3128/4255/3967 3132/3821/11 3127/3486/302
f 2459/4237/3949 2460/4236/3948 2458/4234/3946 2455/4184/3899
f 4298/304/298 4288/314/308 4287/120/118 4299/119/117
f 3150/3540/3273 3145/2501/2367 3149/3360/3125 3161/3693/3421
f 3113/3612/3338 3117/4135/3849 3118/4137/3851 3111/2804/2656
f 2479/1707/1653 2460/4236/3948 2462/4152/3866 2469/1708/1654
f 2060/463/454 2066/530/519 2065/1988/1914 2059/464/455
f 2422/4082/3797 2424/4081/3796 2421/2826/2672 2415/4088/3803
f 2482/2964/2790 2483/4156/3870 2475/4068/3783 2473/2965/2791
f 214/735/720 213/218/212 232/221/215 231/736/721
f 3160/3696/3424 3165/3695/3423 3166/3327/3094 3159/3326/3093
f 1637/3509/3244 1671/1928/1857 1636/1927/1856 1614/3560/3292
f 3082/4239/3951 3079/3076/2867 3077/3075/2866 3084/1374/1335
f 2727/4263/3975 2728/4264/3976 2726/656/644 2725/655/643
f 3079/3076/2867 3082/4239/3951 3083/4241/3953 3081/4265/3977
f 2725/655/643 2724/1596/1546 2729/1599/1549 2727/4263/3975
f 3757/2912/2740 3737/2552/2414 3756/2566/2429 3766/2486/2353
f 2723/1597/1547 2722/4120/3835 2731/4155/3869 2730/1598/1548
f 2719/4113/3828 2731/4155/3869 2722/4120/3835 2717/4121/3836
f 2718/4114/3829 2719/4113/3828 2717/4121/3836 2683/4157/3871
f 2465/4266/3978 2466/4267/3979 2464/4151/3865 2463/4150/3864
f 2599/3944/3666 2601/3902/3624 2600/3905/3627 2598/3945/3667
f 2708/3842/3568 2709/1460/1420 2754/4146/3860 2753/3843/3569
f 2332/3887/3609 2333/441/432 2301/1477/1437 2303/1476/1436
f 1920/3667/3396 1919/1389/1349 1926/3682/3411 1922/4206/3919
f 2466/4267/3979 2468/4268/3980 2467/4149/3863 2464/4151/3865
f 3261/3343/3109 3253/3212/2985 3260/4132/3847 3262/4269/3981
f 2791/4259/3971 2792/4270/3982 2766/4024/3742 2790/4023/3741
f 2534/3770/3497 2535/4168/3883 2527/1691/1640 2528/1690/1639
f 2769/4177/3892 2757/4147/3861 2770/4182/3897
f 2757/4147/3861 2756/4145/3859 2770/4182/3897
f 2536/4169/3884 2537/4170/3885 2501/4129/3844 2502/4128/3843
f 2775/3166/2940 2777/4232/3944 2776/4180/3895 2774/177/173
f 1949/2479/2346 1953/124/122 1952/123/121 1948/2480/2347
f 2756/4145/3859 2755/1833/1770 2771/1835/1772 2770/4182/3897
f 2778/4181/3896 2779/4233/3945 2780/4271/3983
f 2779/4233/3945 2781/4272/3984 2780/4271/3983
f 3227/4098/3813 3226/4086/3801 3229/4076/3791 3228/4075/3790
f 3077/3075/2866 3076/3074/2865 3075/3404/3167 3085/3100/2884
f 2780/4271/3983 2782/4273/3985 2778/4181/3896
f 2782/4273/3985 2783/4179/3894 2778/4181/3896
f 2537/4170/3885 2536/4169/3884 2553/4183/3898 2552/4231/3943
f 1624/2598/2461 1633/3534/3267 1632/3537/3270 1631/2599/2462
f 2538/2866/2699 2537/4170/3885 2552/4231/3943 2551/3988/3710
f 2582/4189/3904 2584/4188/3903 2576/4085/3800 2578/2630/2493
f 2770/4182/3897 2788/4171/3886 2769/4177/3892
f 2788/4171/3886 2789/4176/3891 2769/4177/3892
f 2266/2769/2623 2221/2607/2470 2256/3921/3643 2257/3957/3679
f 3207/3631/3355 3180/2268/2163 3208/2271/301 3217/3153/2927
f 3219/4159/3874 3206/4204/3917 3218/3119/2901 3220/229/223
f 624/1307/1274 625/1563/1515 621/1292/1259 622/1285/1252
f 3086/3406/3169 3087/3405/3168 3089/4122/3837 3088/3542/3275
f 2782/4273/3985 2793/4274/3986 2783/4179/3894
f 2088/2958/2784 2094/3268/3040 2087/326/320 2077/325/319
f 2793/4274/3986 2794/4275/3987 2783/4179/3894
f 2210/2625/2488 2245/3939/3661 2224/3910/3632 2223/2622/2485
f 3244/1451/1411 3246/1454/1414 3248/2546/2408 3247/2545/2407
f 3092/2502/2368 3093/3346/3112 3095/1827/1764 3094/1830/1767
f 2736/4014/3628 2737/4013/3733 2729/1599/1549 2730/1598/1548
f 2795/4258/3970 2789/4176/3891 2796/4172/3887
f 2789/4176/3891 2788/4171/3886 2796/4172/3887
f 2800/3531/3264 2784/3530/3263 2783/4179/3894 2794/4275/3987
f 1689/3562/3294 1714/2419/2298 1690/2418/2297 1688/918/896
f 2762/1715/1660 2767/4025/3743 2766/4024/3742 2764/4214/3926
f 2610/793/777 2612/2520/2384 2611/2523/2387 2609/794/778
f 4095/1605/1555 4099/1728/1673 4097/1727/1672 4096/1606/1556
f 2691/3964/3686 2693/3963/3685 2692/3528/3261 2690/3527/3260
f 3098/3080/2869 3099/4276/3988 3101/3786/3513 3100/3785/3512
f 3097/1829/1766 3096/1828/1765 3099/4276/3988 3098/3080/2869
f 1404/590/578 1405/589/577 1325/598/586 1327/597/585
f 2417/2825/2671 2414/4061/3776 2415/4088/3803 2421/2826/2672
f 3703/3206/2979 3702/2666/2527 3707/951/927 3706/950/926
f 2616/4080/3795 2618/4227/3939 2617/3773/3500 2615/2955/2781
f 2648/2330/2216 2640/2329/2215 2559/4053/3768 2656/4052/3767
f 3600/3570/3302 3583/3434/3193 3582/450/441 3601/3566/3298
f 3072/1663/1612 2862/3301/3070 3073/1607/1557 3074/1610/1560
f 3275/2603/2466 3278/2582/2445 3279/3898/3620 3277/3663/3391
f 3312/2903/2731 3288/1615/1565 3313/1395/1356 3317/2904/2732
f 3015/3399/3162 2872/3051/2854 2871/978/951 3036/977/950
f 440/3412/3174 442/2503/1950 441/2318/1885 439/1384/1344
f 3217/3153/2927 3208/2271/301 3216/2960/2786 3222/2959/2785
f 79/102/100 77/101/99 117/1456/1416 116/776/760
f 1085/2830/2674 1133/2829/389 1084/2893/389 1083/2892/2722
f 4126/3743/3470 4124/698/685 4127/1377/1337 4134/651/639
f 2813/295/289 2815/4277/3989 2814/4278/3990 2812/296/290
f 4284/469/460 4286/472/463 4283/2799/2651 4282/1122/1096
f 3264/1378/1338 3265/1381/1341 3263/2602/2465 3272/1616/1566
f 1221/1779/1726 1222/1328/1293 1181/1331/1296 1182/1536/1492
f 3049/3711/3440 3039/2099/2009 3038/2098/2008 3050/2907/2735
f 1383/272/266 1384/271/265 1347/169/165 1348/168/164
f 3523/3615/3340 3522/1963/1888 3521/1962/1887 3525/2876/2708
f 3078/3077/2868 3079/3076/2867 3081/4265/3977 3080/4279/3991
f 3819/2065/1975 3824/4280/3992 3825/4281/3993 3821/2066/1976
f 3168/3831/3557 3173/4091/3806 3174/4090/3805 3169/3832/3558
f 2868/339/333 2867/3249/3022 3052/2905/2733 3051/340/334
f 3283/3202/2975 3269/3353/3119 3285/3881/3603 3284/3350/3116
f 1206/2161/2068 1207/2160/2067 1196/1171/1142 1197/1170/1141
f 3492/3707/3435 3494/4054/3769 3436/4010/3730 3493/3702/3430
f 3047/4247/3959 3056/4282/3994 3057/4283/3995 3046/4246/3958
f 3049/3711/3440 3054/3951/3673 3055/4284/3996 3048/3710/3438
f 2983/3675/3404 2988/3674/3403 2984/4285/3997 2970/3372/3137
f 2825/1772/1719 2826/2320/2206 2818/1773/1720
f 3067/329/323 2988/3674/3403 3066/3677/3406 3065/330/324
f 2328/4000/3720 2329/3859/3585 2309/2222/2127 2311/3999/3719
f 1219/2155/2063 1220/2154/2062 1183/1535/1491 1184/3041/2849
f 2860/3580/3312 2855/2076/1986 2857/2075/1985 2859/3581/3313
f 1985/2839/2679 1986/2988/2812 1984/1298/1265 1983/809/791
f 3345/3854/3579 3303/3783/3510 3344/3911/3633 3359/1430/1390
f 2919/1767/1713 2932/480/470 2920/483/473 2918/1768/1714
f 2953/3820/3546 2975/4286/3998 2954/2683/2542 2952/2517/2382
f 3061/3180/2662 3064/331/325 3065/330/324 3060/3950/3672
f 1480/2314/2202 1479/3348/3114 1498/3435/3194 1497/2315/2203
f 3344/3911/3633 3304/2815/2662 3343/2814/325 3360/3912/3634
f 3331/465/456 3339/3618/3343 3340/4287/3999 3307/3198/2972
f 3307/3198/2972 3340/4287/3999 3341/4033/3750 3306/3351/3117
f 3306/3351/3117 3284/3350/3116 3308/3199/2973 3307/3198/2972
f 2837/2319/566 2831/2321/2207 2838/3900/3622
f 2843/4288/4000 2844/3882/3604 2842/3167/2941 2841/980/953
f 1239/3168/2942 1240/2937/2763 882/2936/2762 883/959/932
f 1804/382/375 1811/3196/2970 1805/1586/1536 1782/3514/3249
f 2648/2330/2216 2649/4096/3811 2647/4193/3906 2641/1433/1393
f 1209/501/491 1210/3065/2861 1193/1566/1518 1194/1565/1517
f 2844/3882/3604 2843/4288/4000 2845/3164/2938
f 3432/3856/3581 3411/3876/3598 3433/3857/3583 3512/260/254
f 3397/3657/3385 3372/3225/2998 3398/3716/3445 3409/3658/3386
f 1798/1340/1305 1799/3266/3038 1787/3515/3250 1788/2395/2280
f 2834/982/955 2835/981/954 2833/2777/2631 2832/4289/4001
f 2832/4289/4001 2833/2777/2631 2831/2321/2207 2830/3279/3051
f 3059/4028/1390 3066/3677/3406 2989/3676/3405 3058/3676/3556
f 3376/401/394 3358/3205/2978 3375/1429/1389 3394/402/395
f 1295/828/809 1296/624/612 1271/1601/1551 1272/3221/2994
f 2031/4290/4002 2032/4291/4003 2029/3877/3599 2030/3880/3602
f 3515/647/635 3429/413/406 3509/2562/2425 3508/648/636
f 2972/3649/3375 2982/3672/3401 2971/1612/1562 2957/1611/1561
f 2127/3828/3553 2103/581/569 2120/580/568 2126/3833/3559
f 2848/3163/2937 2853/3302/3071 2851/3302/3367
f 2982/3672/3401 2989/3676/3405 2983/3675/3404 2971/1612/1562
f 2821/1553/1506 2822/4292/4004 2820/3633/3357 2816/3632/3356
f 2823/1552/1505 2824/4293/4005 2822/4292/4004 2821/1553/1506
f 2856/2074/1984 2858/4294/389 2857/2075/1985
f 3048/3710/3438 3055/4284/3996 3056/4282/3994 3047/4247/3959
f 2858/4294/389 2859/3581/3313 2857/2075/1985
f 2828/1554/1507 2821/1553/1506 2816/3632/3356 2827/3052/2855
f 3516/3673/3402 3428/3680/3409 3515/647/635 3520/646/634
f 2061/3443/3201 2073/527/516 2066/530/519 2060/463/454
f 2868/339/333 2838/3900/3622 2839/2776/2630 2867/3249/3022
f 1478/3347/3113 1417/2694/2552 1418/2693/2551 1477/3280/3052
f 2866/3250/3023 2840/2775/2629 2842/3167/2941 2865/2761/2615
f 2888/2519/2307 2889/4032/3749 2887/4295/4006 2886/2516/2381
f 2864/2762/2616 2844/3882/3604 2851/3302/3367 2863/3642/3366
f 851/2788/2642 850/2055/1965 863/3140/2920 862/3139/2919
f 985/2976/2799 987/4134/2883 986/3420/3180 984/2977/2802
f 2861/3303/3072 2860/3580/3312 2965/1608/1558 3073/1607/1557
f 3567/1932/1861 3551/1931/1860 3549/2027/1943 3568/2026/1942
f 2873/4296/4007 2874/4297/4008 2829/1551/1504
f 2829/1551/1504 2874/4297/4008 2823/1552/1505
f 3068/332/326 3064/331/325 3063/2764/2618 3069/2763/2617
f 2823/1552/1505 2874/4297/4008 2824/4293/4005
f 2874/4297/4008 2875/4298/4009 2824/4293/4005
f 3290/3704/3432 3273/3665/3393 3274/3662/3390 3291/4020/3531
f 2900/3491/2326 2901/3689/3419 2899/375/368 2898/374/367
f 2711/1234/1204 2712/657/645 2815/4277/3989 2813/295/289
f 3032/2991/2815 3040/3710/3439 3041/2750/2606 3031/2749/2605
f 2882/4299/4010 2976/1426/1386 2953/3820/3546 2884/3819/3545
f 2892/1766/1712 2893/4300/4011 2891/4031/3748 2890/4030/3747
f 3364/2768/2622 3340/4287/3999 3339/3618/3343 3365/3617/3342
f 3059/4028/1390 3055/4284/3996 3054/3951/3673 3060/3950/3672
f 3374/1431/1391 3360/3912/3634 3373/4042/323 3396/3915/3637
f 3411/3876/3598 3396/3915/3637 3410/3656/3384 3433/3857/3583
f 2970/3372/3137 2984/4285/3997 2969/4244/3956 2959/2281/2172
f 3033/2099/2010 3019/1622/1572 3018/3307/3076 3034/2097/2007
f 2876/3627/3185 2996/3764/3491 2995/1052/1026 2878/3624/3349
f 2876/3627/3185 2877/3626/3351 2824/4293/4005 2875/4298/4009
f 2903/3688/3418 2902/3493/2327 2904/4301/389
f 2902/3493/2327 2905/3492/3235 2904/4301/389
f 2904/4301/389 2905/3492/3235 2906/3719/3447
f 3292/4019/3738 3276/3664/3392 3294/1406/1367 3293/2057/1967
f 3363/522/511 3341/4033/3750 3340/4287/3999 3364/2768/2622
f 3016/3767/3494 3026/1053/1027 2995/1052/1026 2996/3764/3491
f 3495/4047/3762 3490/4045/3469 3496/2943/2769 3514/2970/2796
f 3713/491/481 3724/2869/2702 3725/2823/2669 3712/488/478
f 2984/4285/3997 2987/329/2964 2985/3190/2963 2969/4244/3956
f 2864/2762/2616 2863/3642/3366 3070/1662/1611 3069/2763/2617
f 3069/2763/2617 3070/1662/1611 3071/1661/1610 3068/332/326
f 3366/3620/3345 3367/2058/1968 3368/2061/1971 3365/3617/3342
f 2875/4298/4009 2997/3765/3492 2996/3764/3491 2876/3627/3185
f 3047/4247/3959 3041/2750/2606 3040/3710/3439 3048/3710/3438
f 2987/329/2964 2984/4285/3997 2988/3674/3403 3067/329/323
f 2906/3719/3447 2911/3718/3213 2904/4301/389
f 2971/1612/1562 2983/3675/3404 2970/3372/3137 2958/1613/1563
f 2904/4301/389 2911/3718/3213 2912/4302/4012
f 2640/2329/2215 2639/3661/3389 2558/1116/1090 2559/4053/3768
f 3001/3699/3427 3024/380/373 3025/379/372 3000/3700/3428
f 3000/3700/3428 3025/379/372 3026/1053/1027 3016/3767/3494
f 1049/2576/2439 1088/1118/1092 1048/1121/1095 1014/2577/2440
f 2743/3088/2873 2735/4154/3868 2732/4112/3827 2734/4261/3973
f 3513/2945/2771 3497/257/251 3512/260/254 3433/3857/3583
f 2990/3671/3400 2981/2716/2574 2991/2716/2573 3057/4283/3995
f 2884/3819/3545 2885/4303/4013 2883/4304/4014 2882/4299/4010
f 2886/2516/2381 2887/4295/4006 2885/4303/4013 2884/3819/3545
f 2949/4305/4015 2957/1611/1561 2948/1614/1564 2938/3635/3359
f 2956/3650/3376 2972/3649/3375 2957/1611/1561 2949/4305/4015
f 3016/3767/3494 2998/3766/3493 2999/3697/3425 3000/3700/3428
f 2937/481/471 2949/4305/4015 2938/3635/3359 2931/482/472
f 3749/960/933 3745/1314/1280 3747/1915/1846 3774/961/934
f 3379/3305/3074 3355/3860/374 3378/640/628 3391/639/627
f 2976/1426/1386 2978/710/696 2975/4286/3998 2953/3820/3546
f 2894/1769/1715 2918/1768/1714 2910/3234/3007 2896/377/370
f 4180/110/108 4184/1113/1087 4186/222/216 4253/85/84
f 3458/3929/3651 3455/3454/3212 3459/2842/2682 3470/2841/2681
f 3002/3698/3426 3004/4306/4016 3003/968/941 3001/3699/3427
f 3006/965/938 3003/968/941 3004/4306/4016 3005/4307/4017
f 2924/2116/2027 2925/2377/2262 2926/4308/389
f 3390/2579/2442 3379/3305/3074 3391/639/627 3416/3546/696
f 2926/4308/389 2925/2377/2262 2927/3754/3481
f 3005/4307/4017 3008/3804/3530 3007/3803/3529 3006/965/938
f 3459/2842/2682 3455/3454/3212 3453/3453/3211 3460/2182/2087
f 776/2700/2558 775/606/594 804/2782/2636 803/2765/2619
f 2978/710/696 2993/709/695 2979/709/3582 2975/4286/3998
f 2850/4309/4018 2843/4288/4000 2841/980/953 2836/979/952
f 2153/3224/2997 2157/3741/3468 2156/4310/4019 2152/1680/1629
f 3058/3676/3556 3056/4282/3994 3055/4284/3996 3059/4028/1390
f 2888/2519/2307 2934/2518/2383 2933/3878/3600 2890/4030/3747
f 342/1251/1219 343/505/495 308/1247/1215 309/1163/1135
f 2880/3715/3444 2977/1051/1025 2976/1426/1386 2882/4299/4010
f 2924/2116/2027 2926/4308/389 2935/2117/2028
f 3327/1005/979 3328/575/563 3310/578/566 3311/4029/3746
f 3058/3676/3556 2990/3671/3400 3057/4283/3995 3056/4282/3994
f 2975/4286/3998 2979/709/3582 2974/2558/2420 2954/2683/2542
f 3476/2844/2684 3469/2843/2683 3477/3648/3374 3487/3267/3039
f 4243/692/679 4244/1293/1260 4246/4311/4020 4245/806/788
f 3007/3803/3529 3021/3308/3077 3022/966/939 3006/965/938
f 1685/919/897 1686/3490/3234 1635/3556/3288 1636/1927/1856
f 2927/3754/3481 2942/3802/3436 2926/4308/389
f 2942/3802/3436 2943/3801/3528 2926/4308/389
f 2926/4308/389 2943/3801/3528 2944/3600/3329
f 3286/3638/3362 3287/3637/3361 3311/4029/3746 3310/578/566
f 2966/1609/1559 2962/3227/3000 2967/3230/3003 3074/1610/1560
f 3009/3805/3531 3012/3990/3432 3011/1621/1571 3010/1624/1574
f 770/2706/2564 769/2705/2563 810/2095/2005 809/2756/2611
f 3010/1624/1574 3020/1623/1573 3021/3308/3077 3007/3803/3529
f 3385/2059/1969 3387/4312/3060 3402/3969/3691 3386/2060/1970
f 3477/3648/3374 3469/2843/2683 3468/2181/2086 3478/3645/3371
f 2955/2558/2423 2973/2560/2422 2956/3650/3376 2950/3653/3380
f 3511/3652/3378 3499/3651/3377 3510/1882/3413 3431/3683/3412
f 414/2272/2166 415/1808/1751 413/2312/2200 412/2337/2223
f 2934/2518/2383 2951/2684/2543 2936/2684/3379 2933/3878/3600
f 2663/1233/1203 2664/1232/1202 2550/1884/1814 2551/3988/3710
f 2890/4030/3747 2933/3878/3600 2919/1767/1713 2892/1766/1712
f 2894/1769/1715 2895/4313/4021 2893/4300/4011 2892/1766/1712
f 3173/4091/3806 3171/207/202 3172/206/201 3175/3630/3354
f 2917/3233/3006 2921/1971/1896 2915/876/854 2916/875/853
f 3046/4246/3958 3057/4283/3995 2991/2716/2573 3045/3670/3399
f 3413/403/396 3394/402/395 3412/3261/3034 3431/3683/3412
f 3355/3860/374 3348/3925/3647 3356/3594/3326 3378/640/628
f 2979/709/3582 2992/3669/3398 2980/2559/2421 2974/2558/2420
f 3045/3670/3399 3043/364/357 3042/363/356 3046/4246/3958
f 2005/3866/3591 2009/3865/3590 2008/1448/1408 2004/1447/1407
f 1799/3266/3038 1831/3265/3037 1800/3511/3246 1787/3515/3250
f 2946/2282/2173 2960/4245/3957 2945/3800/3527 2941/3742/3469
f 2736/4014/3628 2735/4154/3868 2743/3088/2873 2738/3087/2872
f 1965/1945/1873 1963/3567/3299 1973/3470/3225 1972/3469/3224
f 3015/3399/3162 3017/3400/3163 3013/3989/1358 3014/4314/4022
f 2944/3600/3329 2963/2466/2337 2858/4294/389
f 2963/2466/2337 2964/2465/2336 2858/4294/389
f 2858/4294/389 2964/2465/2336 2859/3581/3313
f 2873/4296/4007 2829/1551/1504 2828/1554/1507 2872/3051/2854
f 393/197/192 397/3497/1514 410/1814/1756 409/198/193
f 2544/4223/3935 2543/4167/3882 2546/4175/3890 2545/3178/2952
f 2872/3051/2854 3015/3399/3162 3014/4314/4022 2873/4296/4007
f 2959/2281/2172 2969/4244/3956 2960/4245/3957 2946/2282/2173
f 2531/1115/1089 2560/322/316 2559/4053/3768 2558/1116/1090
f 3017/3400/3163 3018/3307/3076 3019/1622/1572 3011/1621/1571
f 2603/3903/3625 2605/3684/3414 2604/3685/3415 2602/3904/3626
f 3068/332/326 3071/1661/1610 2987/329/2964 3067/329/323
f 3500/2563/2426 3486/3647/3373 3485/3646/3372 3501/2561/2424
f 3510/1882/3413 3500/2563/2426 3509/2562/2425 3430/1882/1812
f 3045/3670/3399 2992/3669/3398 3044/752/737 3043/364/357
f 1297/623/611 1298/1891/1821 1269/1893/1823 1270/1600/1550
f 2850/4309/4018 2846/3165/2939 2845/3164/2938 2843/4288/4000
f 2930/1972/1897 2939/2189/2094 2929/1618/1568 2922/1617/1567
f 2882/4299/4010 2883/4304/4014 2881/3874/1212 2880/3715/3444
f 3030/362/355 3022/966/939 3021/3308/3077 3031/2749/2605
f 2709/1460/1420 2710/1235/1205 2811/294/288 2809/1850/1785
f 3033/2099/2010 3039/2099/2009 3040/3710/3439 3032/2991/2815
f 3332/468/459 3338/3619/3344 3339/3618/3343 3331/465/456
f 1393/2667/2528 1394/1786/1733 1337/1789/1736 1338/865/843
f 1801/3512/3247 1802/3464/3222 1784/937/913 1785/936/912
f 2950/3653/3380 2956/3650/3376 2949/4305/4015 2937/481/471
f 3429/413/406 3414/412/405 3430/1882/1812 3509/2562/2425
f 529/1959/1886 530/1958/1885 511/2087/1997 512/2086/1996
f 3050/2907/2735 3053/2906/2734 3054/3951/3673 3049/3711/3440
f 781/1391/1352 782/1390/1351 730/2691/591 731/2690/2549
f 2896/377/370 2897/376/369 2895/4313/4021 2894/1769/1715
f 3490/4045/3469 3474/3941/3663 3489/2944/2770 3496/2943/2769
f 306/1230/1200 311/1544/1500 310/1164/1136 307/1257/1225
f 4142/849/496 4156/532/521 4140/531/520 4141/1278/1245
f 2900/3491/2326 2898/374/367 2909/3437/122 2907/3438/3196
f 3291/4020/3531 3274/3662/3390 3276/3664/3392 3292/4019/3738
f 2875/4298/4009 2874/4297/4008 2997/3765/3492
f 2997/3765/3492 2874/4297/4008 2998/3766/3493
f 2874/4297/4008 2999/3697/3425 2998/3766/3493
f 469/2322/2208 470/2317/2205 441/2318/1885 443/2323/2209
f 2913/873/851 2914/1620/1570 2912/4302/4012 2911/3718/3213
f 3002/3698/3426 2874/4297/4008 3004/4306/4016
f 1472/609/597 1471/2719/2577 1529/3424/3184 1528/2150/2058
f 2874/4297/4008 3005/4307/4017 3004/4306/4016
f 3866/2021/1939 3886/997/970 3887/1325/1290 3864/1324/1289
f 492/2345/2231 494/1187/1157 489/1592/1542 490/2111/2022
f 2929/1618/1568 2940/2283/2174 2928/2376/2261 2923/1619/1569
f 3005/4307/4017 2874/4297/4008 3008/3804/3530
f 2874/4297/4008 3009/3805/3531 3008/3804/3530
f 2941/3742/3469 2945/3800/3527 2942/3802/3436 2927/3754/3481
f 848/2921/2749 847/2133/2043 866/2136/2045 865/3126/2906
f 3009/3805/3531 2874/4297/4008 3012/3990/3432
f 3012/3990/3432 2874/4297/4008 3013/3989/1358
f 1599/1317/1282 1598/2378/2263 1610/3378/3142 1609/1318/1283
f 3013/3989/1358 2874/4297/4008 3014/4314/4022
f 2874/4297/4008 2873/4296/4007 3014/4314/4022
f 3351/3752/3479 3297/3938/3660 3350/3172/2946 3353/3726/3454
f 2960/4245/3957 2968/3229/3002 2961/3228/3001 2945/3800/3527
f 2481/2963/2789 2489/3634/3358 2488/2454/2331 2487/2453/2330
f 3387/4312/3060 3403/4315/4023 3404/3970/3692 3402/3969/3691
f 2961/3228/3001 2962/3227/3000 2944/3600/3329 2943/3801/3528
f 2999/3697/3425 2874/4297/4008 3002/3698/3426
f 2907/3438/3196 2908/874/852 2906/3719/3447 2905/3492/3235
f 2985/3190/2963 2986/1660/1609 2967/3230/3003 2968/3229/3002
f 137/748/733 136/751/736 116/776/760 117/1456/1416
f 137/748/733 117/1456/1416 76/1455/1415 123/749/734
f 76/1455/1415 75/2978/2803 119/744/729 123/749/734
f 125/756/741 105/3901/3623 104/3816/3542 124/263/257
f 75/2978/2803 74/3846/3572 118/745/730 119/744/729
f 126/264/258 124/263/257 104/3816/3542 106/3815/3541
f 127/251/245 126/264/258 106/3815/3541 107/209/204
f 128/252/246 127/251/245 107/209/204 108/208/203
f 129/712/699 128/252/246 108/208/203 109/782/766
f 130/249/243 129/712/699 109/782/766 110/903/881
f 111/431/422 131/250/244 130/249/243 110/903/881
f 112/430/421 132/245/239 131/250/244 111/431/422
f 133/246/240 132/245/239 112/430/421 113/902/880
f 134/574/562 133/246/240 113/902/880 114/630/618
f 135/750/735 134/574/562 114/630/618 115/629/617
f 136/751/736 135/750/735 115/629/617 116/776/760
