# Blender 4.4.0
# www.blender.org
mtllib Lampara.mtl
o Walk_lamp
v -0.030791 1.022787 0.193660
v -0.210038 2.458492 0.148152
v -0.083224 1.022787 0.338720
v -0.250147 2.458492 0.259116
v -0.162956 1.022787 0.470737
v -0.311121 2.458492 0.360059
v -0.266905 1.022787 0.584675
v -0.390637 2.458492 0.447239
v -0.485611 2.458492 0.517203
v -0.391070 1.022787 0.676122
v -0.592426 2.458492 0.567267
v -0.530694 1.022787 0.741627
v -0.706968 2.458492 0.595560
v -0.680427 1.022787 0.778599
v -0.824808 2.458492 0.600979
v -0.834484 1.022787 0.785648
v -0.941459 2.458492 0.583283
v -0.986975 1.022787 0.762535
v -1.052382 2.458492 0.543146
v -1.132004 1.022787 0.710073
v -1.153355 2.458492 0.482149
v -1.264009 1.022787 0.630374
v -1.240494 2.458492 0.402642
v -1.377956 1.022787 0.526411
v -1.310495 2.458492 0.307694
v -1.469418 1.022787 0.402211
v -1.360550 2.458492 0.200853
v -1.534878 1.022787 0.262569
v -1.571852 1.022787 0.112858
v -1.388821 2.458492 0.086339
v -1.578934 1.022787 -0.041217
v -1.394226 2.458492 -0.031531
v -1.555797 1.022787 -0.193662
v -1.376550 2.458492 -0.148154
v -1.503364 1.022787 -0.338722
v -1.336441 2.458492 -0.259071
v -1.423632 1.022787 -0.470739
v -1.275467 2.458492 -0.360062
v -1.319685 1.022787 -0.584676
v -1.195953 2.458492 -0.447241
v -1.100977 2.458492 -0.517206
v -1.195521 1.022787 -0.676124
v -0.994165 2.458492 -0.567269
v -1.055896 1.022787 -0.741629
v -0.879620 2.458492 -0.595562
v -0.906161 1.022787 -0.778601
v -0.761779 2.458492 -0.600981
v -0.752104 1.022787 -0.785650
v -0.645129 2.458492 -0.583286
v -0.599615 1.022787 -0.762537
v -0.534208 2.458492 -0.543149
v -0.454584 1.022787 -0.710075
v -0.433178 2.458492 -0.482152
v -0.322527 1.022787 -0.630328
v -0.346041 2.458492 -0.402644
v -0.208632 1.022787 -0.526413
v -0.276093 2.458492 -0.307696
v -0.117172 1.022787 -0.402213
v -0.225985 2.458492 -0.200855
v -0.051657 1.022787 -0.262572
v -0.014683 1.022787 -0.112860
v -0.197714 2.458492 -0.086342
v -0.007654 1.022787 0.041215
v -0.192307 2.458492 0.031528
v -0.030791 1.022787 0.193660
v -0.210038 2.458492 0.148152
v -0.010845 0.138270 0.057279
v -0.010845 0.105852 0.105809
v -0.010845 0.057271 0.138273
v -0.468638 0.138270 0.057279
v -0.468638 0.105852 0.105809
v -0.508801 0.135844 0.056129
v -0.509180 0.104055 0.103699
v -0.542316 0.135126 0.054978
v -0.468638 0.057271 0.138273
v -0.010845 -0.000021 0.149639
v -0.010845 -0.057223 0.138273
v -0.010845 -0.105804 0.105809
v -0.010845 -0.138222 0.057279
v -0.010845 -0.149626 0.000023
v -0.010845 -0.138222 -0.057282
v -0.010845 -0.105804 -0.105811
v -0.010845 -0.057223 -0.138275
v -0.010845 -0.000021 -0.149640
v -0.010845 0.057271 -0.138275
v -0.010845 0.105852 -0.105811
v -0.010845 0.138270 -0.057282
v -0.010845 0.149673 0.000023
v -0.010845 0.138270 0.057279
v -0.468638 0.149673 0.000023
v -0.468638 0.138270 0.057279
v -0.468638 0.138270 -0.057282
v -0.468638 0.105852 -0.105811
v -0.468638 0.057271 -0.138275
v -0.468638 -0.000021 -0.149640
v -0.468638 -0.057223 -0.138275
v -0.468638 -0.105804 -0.105811
v -0.468638 -0.138222 -0.057282
v -0.468638 -0.149626 0.000023
v -0.468638 -0.138222 0.057279
v -0.468638 -0.105804 0.105809
v -0.468638 -0.057223 0.138273
v -0.468638 -0.000021 0.149639
v -0.509721 0.056462 0.135492
v -0.544369 0.104055 0.101589
v -0.568749 0.136652 0.053875
v -0.573775 0.106570 0.099527
v -0.589075 0.140065 0.052724
v -0.547505 0.057629 0.132759
v -0.510316 0.000338 0.146665
v -0.510964 -0.055787 0.135492
v -0.511504 -0.103380 0.103699
v -0.511829 -0.135168 0.056129
v -0.511936 -0.146304 -0.000025
v -0.511829 -0.135168 -0.056131
v -0.511504 -0.103380 -0.103701
v -0.510964 -0.055787 -0.135494
v -0.510316 0.000338 -0.146667
v -0.509721 0.056462 -0.135494
v -0.509180 0.104055 -0.103701
v -0.508801 0.135844 -0.056131
v -0.508693 0.147070 0.000023
v -0.508801 0.135844 0.056129
v -0.541613 0.146082 0.000023
v -0.542316 0.135126 0.054978
v -0.542316 0.135126 -0.054980
v -0.544369 0.104055 -0.101591
v -0.547505 0.057629 -0.132761
v -0.551126 0.002763 -0.143694
v -0.554802 -0.052105 -0.132761
v -0.557883 -0.098620 -0.101591
v -0.559991 -0.129691 -0.054980
v -0.560694 -0.140556 0.000023
v -0.559991 -0.129691 0.054978
v -0.557883 -0.098620 0.101589
v -0.554802 -0.052105 0.132759
v -0.551126 0.002763 0.143692
v -0.581345 0.061581 0.130026
v -0.597992 0.111599 0.097417
v -0.604804 0.144915 0.051573
v -0.617886 0.118873 0.095307
v -0.617831 0.151200 0.050422
v -0.611291 0.069034 0.127244
v -0.590263 0.008600 0.140719
v -0.599183 -0.044471 0.130026
v -0.606750 -0.089461 0.099527
v -0.611777 -0.119544 0.053875
v -0.613560 -0.130050 0.000023
v -0.611777 -0.119544 -0.053877
v -0.606750 -0.089461 -0.099529
v -0.599183 -0.044471 -0.130027
v -0.590263 0.008600 -0.140721
v -0.581345 0.061581 -0.130027
v -0.573775 0.106570 -0.099529
v -0.568749 0.136652 -0.053877
v -0.566965 0.147249 0.000023
v -0.568749 0.136652 0.053875
v -0.585939 0.150033 0.000023
v -0.589075 0.140065 0.052724
v -0.589075 0.140065 -0.052726
v -0.597992 0.111599 -0.097419
v -0.611291 0.069034 -0.127246
v -0.626966 0.018837 -0.137748
v -0.642696 -0.031361 -0.127246
v -0.655995 -0.073926 -0.097419
v -0.664913 -0.102391 -0.052726
v -0.667994 -0.112360 0.000023
v -0.664913 -0.102391 0.052724
v -0.655995 -0.073926 0.097417
v -0.642696 -0.031361 0.127244
v -0.626966 0.018837 0.137746
v -0.637562 0.079900 0.124511
v -0.634966 0.128481 0.093197
v -0.630047 0.159911 0.049271
v -0.650481 0.141053 0.091087
v -0.642263 0.172303 0.048169
v -0.660644 0.094447 0.121777
v -0.660696 0.034013 0.134773
v -0.683833 -0.011874 0.124511
v -0.703454 -0.050847 0.095307
v -0.716591 -0.076889 0.051573
v -0.721185 -0.085959 0.000023
v -0.716591 -0.076889 -0.051575
v -0.703454 -0.050847 -0.095309
v -0.683833 -0.011874 -0.124513
v -0.660696 0.034013 -0.134775
v -0.637507 0.079900 -0.124513
v -0.617886 0.118873 -0.095309
v -0.604804 0.144915 -0.051575
v -0.600155 0.153983 0.000023
v -0.604804 0.144915 0.051573
v -0.611831 0.159192 0.000023
v -0.617831 0.151200 0.050422
v -0.617831 0.151200 -0.050424
v -0.634966 0.128481 -0.093199
v -0.660644 0.094447 -0.121732
v -0.690860 0.054307 -0.131802
v -0.721130 0.014168 -0.121779
v -0.746807 -0.019867 -0.093199
v -0.763943 -0.042676 -0.050424
v -0.769942 -0.050667 0.000023
v -0.763943 -0.042675 0.050422
v -0.746807 -0.019867 0.093197
v -0.721130 0.014168 0.121777
v -0.690860 0.054307 0.131800
v -0.681075 0.112766 0.118996
v -0.665020 0.157486 0.088977
v -0.654319 0.189365 0.047017
v -0.678482 0.178409 0.086867
v -0.665563 0.211455 0.045867
v -0.699183 0.135216 0.116263
v -0.717183 0.079451 0.128827
v -0.753294 0.046135 0.118996
v -0.783889 0.017849 0.091087
v -0.804375 -0.001008 0.049271
v -0.811565 -0.007654 0.000023
v -0.804375 -0.001008 -0.049273
v -0.783889 0.017849 -0.091089
v -0.753294 0.046135 -0.118998
v -0.717183 0.079451 -0.128829
v -0.681075 0.112766 -0.118998
v -0.650481 0.141053 -0.091089
v -0.630047 0.159911 -0.049273
v -0.622857 0.166556 0.000023
v -0.630047 0.159911 0.049271
v -0.634211 0.177512 0.000023
v -0.642263 0.172303 0.048169
v -0.642263 0.172303 -0.048170
v -0.665020 0.157486 -0.088979
v -0.699183 0.135216 -0.116265
v -0.739400 0.109084 -0.125808
v -0.779672 0.082863 -0.116265
v -0.813780 0.060683 -0.088979
v -0.836592 0.045866 -0.048170
v -0.844592 0.040658 0.000023
v -0.836592 0.045866 0.048169
v -0.813780 0.060683 0.088977
v -0.779672 0.082863 0.116263
v -0.739400 0.109084 0.125805
v -0.714698 0.161886 0.113482
v -0.690373 0.203913 0.084757
v -0.675291 0.238395 0.044716
v -0.700158 0.233636 0.082647
v -0.683076 0.269465 0.043613
v -0.727509 0.192508 0.110748
v -0.757401 0.142489 0.122833
v -0.800159 0.123093 0.113482
v -0.836322 0.106660 0.086867
v -0.860539 0.095704 0.047017
v -0.869027 0.091844 0.000023
v -0.860539 0.095704 -0.047020
v -0.836322 0.106660 -0.086869
v -0.800159 0.123093 -0.113484
v -0.757401 0.142489 -0.122834
v -0.714698 0.161886 -0.113484
v -0.678482 0.178409 -0.086869
v -0.654319 0.189365 -0.047020
v -0.645832 0.193225 0.000023
v -0.654319 0.189365 0.047017
v -0.656858 0.214149 0.000023
v -0.665563 0.211455 0.045867
v -0.665563 0.211455 -0.045869
v -0.690373 0.203913 -0.084759
v -0.727509 0.192508 -0.110750
v -0.771295 0.179128 -0.119861
v -0.815078 0.165658 -0.110750
v -0.852214 0.154343 -0.084759
v -0.877027 0.146710 -0.045869
v -0.885729 0.144107 0.000023
v -0.877027 0.146710 0.045867
v -0.852214 0.154343 0.084757
v -0.815078 0.165658 0.110748
v -0.771295 0.179128 0.119859
v -0.737347 0.226452 0.108015
v -0.707671 0.266951 0.080537
v -0.688860 0.304307 0.042462
v -0.712915 0.303319 0.078427
v -0.692914 0.342561 0.041311
v -0.744374 0.263089 0.105233
v -0.781240 0.218010 0.116886
v -0.825134 0.209659 0.108015
v -0.862377 0.202475 0.082647
v -0.887242 0.197716 0.044716
v -0.895945 0.196010 0.000023
v -0.887242 0.197716 -0.044718
v -0.862377 0.202475 -0.082649
v -0.825134 0.209659 -0.108017
v -0.781240 0.218010 -0.116888
v -0.737347 0.226452 -0.108017
v -0.700158 0.233636 -0.082649
v -0.675291 0.238395 -0.044718
v -0.666588 0.240011 0.000023
v -0.675291 0.238395 0.044716
v -0.674480 0.270364 0.000023
v -0.683076 0.269465 0.043613
v -0.683076 0.269465 -0.043615
v -0.707618 0.266951 -0.080539
v -0.744374 0.263089 -0.105235
v -0.787727 0.258510 -0.113915
v -0.831025 0.254019 -0.105235
v -0.867781 0.250159 -0.080539
v -0.892324 0.247644 -0.043615
v -0.900972 0.246746 0.000023
v -0.892324 0.247644 0.043613
v -0.867781 0.250159 0.080537
v -0.831025 0.254019 0.105233
v -0.787727 0.258510 0.113913
v -0.748861 0.301792 0.102500
v -0.716266 0.342381 0.076317
v -0.695832 0.383600 0.040160
v -0.718589 0.383600 0.074207
v -0.695832 0.450231 0.040160
v -0.751294 0.342112 0.099719
v -0.791241 0.299997 0.110940
v -0.833674 0.298201 0.102500
v -0.869620 0.296674 0.078427
v -0.893622 0.295597 0.042462
v -0.902054 0.295327 0.000023
v -0.893622 0.295597 -0.042464
v -0.869620 0.296674 -0.078429
v -0.833674 0.298201 -0.102502
v -0.791241 0.299997 -0.110942
v -0.748861 0.301792 -0.102502
v -0.712860 0.303319 -0.078429
v -0.688860 0.304307 -0.042464
v -0.680427 0.304666 0.000023
v -0.688860 0.304307 0.042462
v -0.684696 0.342561 0.000023
v -0.692914 0.342561 0.041311
v -0.692914 0.342561 -0.041313
v -0.716266 0.342381 -0.076319
v -0.751294 0.342112 -0.099721
v -0.792646 0.341753 -0.107969
v -0.833944 0.341484 -0.099721
v -0.868972 0.341214 -0.076319
v -0.892379 0.341034 -0.041313
v -0.900594 0.340945 0.000023
v -0.892379 0.341034 0.041311
v -0.868972 0.341214 0.076317
v -0.833944 0.341484 0.099719
v -0.792646 0.341753 0.107967
v -0.752644 0.383600 0.096986
v -0.718589 0.450231 0.074207
v -0.695995 0.480582 0.040160
v -0.718751 0.480492 0.074159
v -0.696372 0.502853 0.040112
v -0.752644 0.450231 0.096986
v -0.792809 0.383600 0.104993
v -0.833026 0.383600 0.096986
v -0.867079 0.383600 0.074207
v -0.889838 0.383600 0.040160
v -0.897783 0.383600 -0.000025
v -0.889838 0.383600 -0.040162
v -0.867079 0.383600 -0.074209
v -0.833026 0.383600 -0.096987
v -0.792809 0.383600 -0.104996
v -0.752644 0.383600 -0.096987
v -0.718589 0.383600 -0.074209
v -0.695832 0.383600 -0.040162
v -0.687832 0.383600 0.000023
v -0.695832 0.383600 0.040160
v -0.687832 0.450231 0.000023
v -0.695832 0.450231 0.040160
v -0.695832 0.450231 -0.040162
v -0.718589 0.450231 -0.074209
v -0.752644 0.450231 -0.096987
v -0.792809 0.450231 -0.104996
v -0.833026 0.450231 -0.096987
v -0.867079 0.450231 -0.074209
v -0.889838 0.450231 -0.040162
v -0.897783 0.450231 -0.000025
v -0.889838 0.450231 0.040160
v -0.867079 0.450231 0.074207
v -0.833026 0.450231 0.096986
v -0.792809 0.450231 0.104993
v -0.752807 0.480223 0.096889
v -0.719076 0.502673 0.074111
v -0.696535 0.532037 0.040064
v -0.719239 0.532037 0.074063
v -0.696049 0.678319 0.040256
v -0.753077 0.502494 0.096841
v -0.792916 0.480043 0.104898
v -0.833078 0.479774 0.096889
v -0.867079 0.479595 0.074159
v -0.889838 0.479415 0.040160
v -0.897838 0.479325 0.000023
v -0.889838 0.479415 -0.040162
v -0.867079 0.479595 -0.074161
v -0.833078 0.479774 -0.096891
v -0.792916 0.480043 -0.104900
v -0.752807 0.480223 -0.096891
v -0.718751 0.480492 -0.074161
v -0.695995 0.480582 -0.040162
v -0.688049 0.480672 0.000023
v -0.695995 0.480582 0.040160
v -0.688372 0.502853 0.000023
v -0.696372 0.502853 0.040112
v -0.696372 0.502853 -0.040114
v -0.719076 0.502673 -0.074113
v -0.753077 0.502494 -0.096844
v -0.793186 0.502223 -0.104804
v -0.833296 0.501954 -0.096844
v -0.867296 0.501775 -0.074113
v -0.890053 0.501595 -0.040114
v -0.898000 0.501595 0.000023
v -0.890053 0.501595 0.040112
v -0.867296 0.501775 0.074111
v -0.833296 0.501954 0.096841
v -0.793186 0.502223 0.104802
v -0.753184 0.532037 0.096746
v -0.718861 0.678319 0.074399
v -0.753024 0.678319 0.097225
v -0.793294 0.532037 0.104754
v -0.833349 0.532037 0.096746
v -0.867351 0.532037 0.074063
v -0.890053 0.532037 0.040064
v -0.898053 0.532037 0.000023
v -0.890053 0.532037 -0.040066
v -0.867351 0.532037 -0.074066
v -0.833349 0.532037 -0.096748
v -0.793294 0.532037 -0.104756
v -0.753184 0.532037 -0.096748
v -0.719239 0.532037 -0.074066
v -0.696535 0.532037 -0.040066
v -0.688535 0.532037 0.000023
v -0.696535 0.532037 0.040064
v -0.688049 0.678319 0.000023
v -0.696049 0.678319 0.040256
v -0.696049 0.678319 -0.040258
v -0.718861 0.678319 -0.074401
v -0.753024 0.678319 -0.097227
v -0.793294 0.678319 -0.105235
v -0.833566 0.678319 -0.097227
v -0.867729 0.678319 -0.074401
v -0.890541 0.678319 -0.040258
v -0.898541 0.678319 0.000023
v -0.890541 0.678319 0.040256
v -0.867729 0.678319 0.074399
v -0.833566 0.678319 0.097225
v -0.793294 0.678319 0.105233
v -0.709886 0.699602 0.034549
v -0.729455 0.699602 0.063801
v -0.682158 0.781318 0.046058
v -0.708211 0.781318 0.085093
v -0.652101 0.803948 0.058478
v -0.685239 0.803948 0.108062
v -0.627831 0.848668 0.068548
v -0.666643 0.848668 0.126621
v -0.629777 0.910449 0.067734
v -0.668156 0.910449 0.125134
v -0.657238 0.967382 0.056320
v -0.689185 0.967382 0.104130
v -0.676211 1.005008 0.048504
v -0.703672 1.005008 0.089600
v -0.674480 1.033653 0.049223
v -0.702374 1.033653 0.090895
v -0.659508 1.063197 0.055409
v -0.690860 1.063197 0.102404
v -0.659508 1.087622 0.055409
v -0.690860 1.087622 0.102404
v -0.660264 1.089598 0.055074
v -0.691508 1.089598 0.101781
v -0.662209 1.090496 0.054307
v -0.692968 1.090496 0.100294
v -0.759996 1.090496 0.033303
v -0.775294 1.090496 0.043469
v -0.760266 1.090676 0.033015
v -0.750158 1.090676 0.017862
v -0.750266 1.091035 0.017814
v -0.749781 1.090496 0.018006
v -0.738970 1.090496 0.131080
v -0.738212 1.089598 0.132998
v -0.737887 1.087622 0.133814
v -0.737887 1.063197 0.133814
v -0.744104 1.033653 0.118804
v -0.744807 1.005008 0.117078
v -0.736914 0.967382 0.136020
v -0.725563 0.910449 0.163497
v -0.724753 0.848668 0.165415
v -0.734806 0.803948 0.141151
v -0.793294 1.005008 0.126716
v -0.793294 0.967382 0.147241
v -0.793294 0.910449 0.176972
v -0.793294 0.848668 0.179082
v -0.793294 1.063197 0.144843
v -0.793294 1.033653 0.128587
v -0.841781 1.005008 0.117078
v -0.849621 0.967382 0.136020
v -0.793294 1.087622 0.144843
v -0.793294 1.089598 0.143980
v -0.793294 1.090496 0.141870
v -0.793294 1.090496 0.047065
v -0.775401 1.090676 0.043134
v -0.760374 1.091035 0.032919
v -0.750266 1.214598 0.017814
v -0.760374 1.214598 0.032919
v -0.749671 1.216842 0.018054
v -0.775456 1.091035 0.042989
v -0.793294 1.090676 0.046682
v -0.811294 1.090496 0.043469
v -0.847565 1.090496 0.131080
v -0.848376 1.089598 0.132998
v -0.848701 1.087622 0.133814
v -0.848701 1.063197 0.133814
v -0.842484 1.033653 0.118804
v -0.884216 1.033653 0.090895
v -0.895675 1.063197 0.102404
v -0.895675 1.087622 0.102404
v -0.895080 1.089598 0.101781
v -0.927082 1.087622 0.055409
v -0.927082 1.063197 0.055409
v -0.912055 1.033653 0.049223
v -0.921838 1.033653 0.000023
v -0.938108 1.063197 0.000023
v -0.938108 1.087622 0.000023
v -0.926269 1.089598 0.055074
v -0.893622 1.090496 0.100294
v -0.826592 1.090496 0.033303
v -0.811132 1.090676 0.043134
v -0.793294 1.091035 0.046538
v -0.775456 1.214598 0.042989
v -0.759889 1.216842 0.033399
v -0.748158 1.218639 0.018677
v -0.758753 1.218639 0.034549
v -0.735671 1.226631 0.023856
v -0.775241 1.216842 0.043613
v -0.793294 1.214598 0.046538
v -0.811079 1.091035 0.042989
v -0.826321 1.090676 0.033015
v -0.836755 1.090496 0.018006
v -0.924379 1.090496 0.054307
v -0.937243 1.089598 0.000023
v -0.927082 1.087622 -0.055412
v -0.927082 1.063197 -0.055412
v -0.912055 1.033653 -0.049225
v -0.935134 1.090496 0.000023
v -0.926269 1.089598 -0.055076
v -0.895675 1.087622 -0.102406
v -0.895675 1.063197 -0.102406
v -0.848701 1.063197 -0.133816
v -0.842484 1.033653 -0.118806
v -0.884216 1.033653 -0.090897
v -0.841781 1.005008 -0.117080
v -0.882918 1.005008 -0.089603
v -0.910379 1.005008 -0.048506
v -0.920000 1.005008 0.000023
v -0.910379 1.005008 0.048504
v -0.882918 1.005008 0.089600
v -0.897405 0.967382 0.104130
v -0.929298 0.967382 0.056320
v -0.940541 0.967382 0.000023
v -0.929298 0.967382 -0.056323
v -0.897405 0.967382 -0.104085
v -0.849621 0.967382 -0.136022
v -0.793294 1.005008 -0.126719
v -0.793294 0.967382 -0.147243
v -0.861024 0.910449 -0.163499
v -0.918432 0.910449 -0.125136
v -0.956811 0.910449 -0.067736
v -0.970272 0.910449 0.000023
v -0.956811 0.910449 0.067734
v -0.918432 0.910449 0.125134
v -0.861024 0.910449 0.163497
v -0.861837 0.848668 0.165415
v -0.919892 0.848668 0.126621
v -0.958704 0.848668 0.068548
v -0.972326 0.848668 0.000023
v -0.958704 0.848668 -0.068551
v -0.919892 0.848668 -0.126623
v -0.861837 0.848668 -0.165417
v -0.851782 0.803948 -0.141153
v -0.901352 0.803948 -0.108017
v -0.934432 0.803948 -0.058481
v -0.946055 0.803948 0.000023
v -0.934432 0.803948 0.058478
v -0.901352 0.803948 0.108062
v -0.851782 0.803948 0.141151
v -0.793294 0.803948 0.152803
v -0.747240 0.781318 0.111132
v -0.793294 0.781318 0.120291
v -0.839350 0.781318 0.111132
v -0.878377 0.781318 0.085093
v -0.904432 0.781318 0.046058
v -0.913620 0.781318 0.000023
v -0.904432 0.781318 -0.046061
v -0.878377 0.781318 -0.085095
v -0.839350 0.781318 -0.111134
v -0.793294 0.781318 -0.120293
v -0.793294 0.803948 -0.152805
v -0.793294 0.848668 -0.179084
v -0.793294 0.910449 -0.176974
v -0.724753 0.848668 -0.165417
v -0.734806 0.803948 -0.141153
v -0.747240 0.781318 -0.111134
v -0.708211 0.781318 -0.085095
v -0.685239 0.803948 -0.108017
v -0.682158 0.781318 -0.046061
v -0.758753 0.699602 0.083367
v -0.793294 0.699602 0.090272
v -0.682158 0.781318 0.046058
v -0.672967 0.781318 0.000023
v -0.709886 0.699602 0.034549
v -0.883514 0.699602 0.000023
v -0.876647 0.699602 0.034549
v -0.857081 0.699602 0.063801
v -0.827837 0.699602 0.083367
v -0.876647 0.699602 -0.034552
v -0.857081 0.699602 -0.063804
v -0.827837 0.699602 -0.083369
v -0.793294 0.699602 -0.090226
v -0.758753 0.699602 -0.083369
v -0.729455 0.699602 -0.063804
v -0.709886 0.699602 -0.034552
v -0.703022 0.699602 0.000023
v -0.749186 1.226631 0.044093
v -0.734158 1.228338 0.024479
v -0.748050 1.228338 0.045243
v -0.733563 1.230582 0.024767
v -0.747563 1.230582 0.045723
v -0.733563 1.240729 0.024767
v -0.747563 1.240729 0.045723
v -0.839025 1.240729 0.045723
v -0.728589 1.240729 0.000023
v -0.733563 1.240729 -0.024769
v -0.747563 1.240729 -0.045725
v -0.768536 1.240729 -0.059728
v -0.793294 1.240729 -0.064667
v -0.818051 1.240729 -0.059728
v -0.839025 1.240729 -0.045725
v -0.853025 1.240729 -0.024769
v -0.857943 1.240729 0.000023
v -0.853025 1.240729 0.024767
v -0.818051 1.240729 0.059725
v -0.793294 1.240729 0.064665
v -0.768536 1.240729 0.059725
v -0.768536 1.230582 0.059725
v -0.793294 1.230582 0.064665
v -0.793294 1.240729 0.064665
v -0.818051 1.230582 0.059725
v -0.818051 1.240729 0.059725
v -0.839025 1.230582 0.045723
v -0.839025 1.240729 0.045723
v -0.853025 1.230582 0.024767
v -0.853025 1.240729 0.024767
v -0.857943 1.230582 0.000023
v -0.857943 1.240729 0.000023
v -0.853025 1.230582 -0.024769
v -0.853025 1.240729 -0.024769
v -0.839025 1.230582 -0.045725
v -0.839025 1.240729 -0.045725
v -0.818051 1.230582 -0.059728
v -0.818051 1.240729 -0.059728
v -0.793294 1.230582 -0.064667
v -0.793294 1.240729 -0.064667
v -0.768536 1.230582 -0.059728
v -0.768536 1.240729 -0.059728
v -0.747563 1.230582 -0.045725
v -0.747563 1.240729 -0.045725
v -0.733563 1.230582 -0.024769
v -0.733563 1.240729 -0.024769
v -0.728589 1.230582 0.000023
v -0.728589 1.240729 0.000023
v -0.733563 1.230582 0.024767
v -0.733563 1.240729 0.024767
v -0.734158 1.228338 0.024479
v -0.729292 1.228338 0.000023
v -0.734158 1.228338 -0.024481
v -0.748050 1.228338 -0.045246
v -0.768807 1.228338 -0.059104
v -0.793294 1.228338 -0.063995
v -0.817781 1.228338 -0.059104
v -0.838538 1.228338 -0.045246
v -0.852432 1.228338 -0.024481
v -0.857296 1.228338 0.000023
v -0.852432 1.228338 0.024479
v -0.838538 1.228338 0.045243
v -0.817781 1.228338 0.059102
v -0.793294 1.228338 0.063993
v -0.768807 1.228338 0.059102
v -0.769402 1.226631 0.057615
v -0.735671 1.226631 0.023856
v -0.793294 1.226631 0.062363
v -0.817133 1.226631 0.057615
v -0.837402 1.226631 0.044093
v -0.850916 1.226631 0.023856
v -0.855675 1.226631 0.000023
v -0.850916 1.226631 -0.023858
v -0.837402 1.226631 -0.044094
v -0.817133 1.226631 -0.057617
v -0.793294 1.226631 -0.062365
v -0.769402 1.226631 -0.057617
v -0.749186 1.226631 -0.044094
v -0.735671 1.226631 -0.023858
v -0.730915 1.226631 0.000023
v -0.748158 1.218639 0.018677
v -0.744429 1.218639 0.000023
v -0.749671 1.216842 0.018054
v -0.748158 1.218639 -0.018679
v -0.758753 1.218639 -0.034552
v -0.774591 1.218639 -0.045102
v -0.793294 1.218639 -0.048842
v -0.811997 1.218639 -0.045102
v -0.827837 1.218639 -0.034552
v -0.838430 1.218639 -0.018679
v -0.842106 1.218639 0.000023
v -0.838430 1.218639 0.018677
v -0.827837 1.218639 0.034549
v -0.811997 1.218639 0.045099
v -0.793294 1.218639 0.048840
v -0.774591 1.218639 0.045099
v -0.793294 1.216842 0.047210
v -0.811349 1.216842 0.043613
v -0.826647 1.216842 0.033399
v -0.836917 1.216842 0.018054
v -0.840486 1.216842 0.000023
v -0.836917 1.216842 -0.018056
v -0.826647 1.216842 -0.033401
v -0.811349 1.216842 -0.043615
v -0.793294 1.216842 -0.047211
v -0.775241 1.216842 -0.043615
v -0.759889 1.216842 -0.033401
v -0.749671 1.216842 -0.018056
v -0.746050 1.216842 0.000023
v -0.750266 1.214598 0.017814
v -0.746752 1.214598 0.000023
v -0.750266 1.091035 0.017814
v -0.750266 1.214598 -0.017816
v -0.760374 1.214598 -0.032921
v -0.775456 1.214598 -0.042991
v -0.793294 1.214598 -0.046540
v -0.811079 1.214598 -0.042991
v -0.826214 1.214598 -0.032921
v -0.836269 1.214598 -0.017816
v -0.839835 1.214598 0.000023
v -0.836269 1.214598 0.017814
v -0.826214 1.214598 0.032919
v -0.811079 1.214598 0.042989
v -0.826214 1.091035 0.032919
v -0.836269 1.091035 0.017814
v -0.839835 1.091035 0.000023
v -0.836269 1.091035 -0.017816
v -0.826214 1.091035 -0.032921
v -0.811079 1.091035 -0.042991
v -0.793294 1.091035 -0.046540
v -0.775456 1.091035 -0.042991
v -0.760374 1.091035 -0.032921
v -0.750266 1.091035 -0.017816
v -0.746752 1.091035 0.000023
v -0.750158 1.090676 0.017862
v -0.746590 1.090676 0.000023
v -0.746590 1.090676 0.000023
v -0.750158 1.090676 -0.017864
v -0.760266 1.090676 -0.033017
v -0.775401 1.090676 -0.043135
v -0.793294 1.090676 -0.046684
v -0.811132 1.090676 -0.043135
v -0.826321 1.090676 -0.033017
v -0.836430 1.090676 -0.017864
v -0.839998 1.090676 0.000023
v -0.836430 1.090676 0.017862
v -0.840376 1.090496 0.000023
v -0.836755 1.090496 -0.018008
v -0.826592 1.090496 -0.033305
v -0.811294 1.090496 -0.043471
v -0.793294 1.090496 -0.047068
v -0.775294 1.090496 -0.043471
v -0.759996 1.090496 -0.033305
v -0.749781 1.090496 -0.018008
v -0.746212 1.090496 0.000023
v -0.749781 1.090496 0.018006
v -0.750158 1.090676 0.017862
v -0.662209 1.090496 0.054307
v -0.651399 1.090496 0.000023
v -0.662209 1.090496 -0.054309
v -0.692968 1.090496 -0.100296
v -0.660264 1.089598 -0.055076
v -0.649345 1.089598 0.000023
v -0.648480 1.087622 0.000023
v -0.659508 1.087622 0.055409
v -0.659508 1.063197 0.055409
v -0.648480 1.063197 0.000023
v -0.674480 1.033653 0.049223
v -0.660264 1.089598 0.055074
v -0.738970 1.090496 -0.131083
v -0.793294 1.090496 -0.141872
v -0.659508 1.087622 -0.055412
v -0.691508 1.089598 -0.101783
v -0.738212 1.089598 -0.133001
v -0.690860 1.087622 -0.102406
v -0.659508 1.063197 -0.055412
v -0.664697 1.033653 0.000023
v -0.676211 1.005008 0.048504
v -0.666535 1.005008 0.000023
v -0.657238 0.967382 0.056320
v -0.674480 1.033653 -0.049225
v -0.690860 1.063197 -0.102406
v -0.737887 1.087622 -0.133816
v -0.793294 1.089598 -0.143934
v -0.847565 1.090496 -0.131083
v -0.893622 1.090496 -0.100296
v -0.848376 1.089598 -0.133001
v -0.793294 1.087622 -0.144845
v -0.737887 1.063197 -0.133816
v -0.702374 1.033653 -0.090897
v -0.676211 1.005008 -0.048506
v -0.646047 0.967382 0.000023
v -0.629777 0.910449 0.067734
v -0.616318 0.910449 0.000023
v -0.627831 0.848668 0.068548
v -0.657238 0.967382 -0.056323
v -0.703672 1.005008 -0.089603
v -0.744104 1.033653 -0.118758
v -0.793294 1.033653 -0.128589
v -0.793294 1.063197 -0.144845
v -0.848701 1.087622 -0.133816
v -0.895080 1.089598 -0.101783
v -0.924379 1.090496 -0.054309
v -0.744807 1.005008 -0.117080
v -0.736969 0.967382 -0.136022
v -0.725563 0.910449 -0.163499
v -0.666643 0.848668 -0.126623
v -0.689185 0.967382 -0.104085
v -0.629777 0.910449 -0.067736
v -0.668156 0.910449 -0.125136
v -0.627831 0.848668 -0.068503
v -0.614210 0.848668 0.000023
v -0.652101 0.803948 0.058478
v -0.640480 0.803948 0.000023
v -0.652101 0.803948 -0.058481
v -0.769834 2.457235 0.000023
v -0.770915 2.456516 0.009278
v -0.771617 2.457235 0.008990
v -0.776159 2.456516 0.017142
v -0.767023 2.450051 0.026253
v -0.758969 2.450051 0.014217
v -0.769077 2.456516 0.000023
v -0.756158 2.450051 0.000023
v -0.758321 2.449332 0.014505
v -0.755402 2.449332 0.000023
v -0.770104 2.458223 0.000023
v -0.766536 2.449332 0.026781
v -0.778807 2.449332 0.034981
v -0.778700 2.448344 0.035269
v -0.766321 2.448344 0.026973
v -0.757996 2.448344 0.014601
v -0.755132 2.448344 0.000023
v -0.757996 2.438198 0.014601
v -0.755132 2.438198 0.000023
v -0.766321 2.438198 0.026973
v -0.778700 2.438198 0.035269
v -0.793294 2.438198 0.038146
v -0.793294 2.448344 0.038146
v -0.793294 2.449332 0.037858
v -0.779077 2.450051 0.034309
v -0.783996 2.456516 0.022369
v -0.776699 2.457235 0.016615
v -0.771888 2.458223 0.008846
v -0.770104 2.513808 0.000023
v -0.771888 2.513808 0.008846
v -0.776916 2.458223 0.016375
v -0.776916 2.513808 0.016375
v -0.784429 2.458223 0.021410
v -0.784429 2.513808 0.021410
v -0.793294 2.458223 0.023184
v -0.793294 2.513808 0.023184
v -0.802159 2.458223 0.021410
v -0.802159 2.513808 0.021410
v -0.809674 2.458223 0.016375
v -0.809674 2.513808 0.016375
v -0.814700 2.458223 0.008846
v -0.814700 2.513808 0.008846
v -0.816483 2.458223 0.000023
v -0.816483 2.513808 0.000023
v -0.814700 2.458223 -0.008849
v -0.814700 2.513808 -0.008849
v -0.809674 2.458223 -0.016377
v -0.809674 2.513808 -0.016377
v -0.802159 2.458223 -0.021413
v -0.802159 2.513808 -0.021413
v -0.793294 2.458223 -0.023187
v -0.793294 2.513808 -0.023187
v -0.784429 2.458223 -0.021413
v -0.784429 2.513808 -0.021413
v -0.776916 2.458223 -0.016377
v -0.776916 2.513808 -0.016377
v -0.771888 2.458223 -0.008849
v -0.771888 2.513808 -0.008849
v -0.770104 2.458223 0.000023
v -0.770104 2.513808 0.000023
v -0.784321 2.457235 0.021698
v -0.769834 2.457235 0.000023
v -0.771617 2.457235 -0.008992
v -0.776699 2.457235 -0.016617
v -0.784321 2.457235 -0.021700
v -0.793294 2.457235 -0.023474
v -0.802267 2.457235 -0.021700
v -0.809889 2.457235 -0.016617
v -0.814970 2.457235 -0.008992
v -0.816754 2.457235 0.000023
v -0.814970 2.457235 0.008990
v -0.809889 2.457235 0.016615
v -0.802267 2.457235 0.021698
v -0.793294 2.457235 0.023472
v -0.793294 2.456516 0.024192
v -0.793294 2.450051 0.037139
v -0.769077 2.456516 0.000023
v -0.802537 2.456516 0.022369
v -0.810429 2.456516 0.017142
v -0.807511 2.450051 0.034309
v -0.807781 2.449332 0.034981
v -0.807888 2.448344 0.035269
v -0.793294 2.448344 0.038146
v -0.807888 2.438198 0.035269
v -0.793294 2.438198 0.038146
v -0.807781 2.437209 0.034981
v -0.793294 2.437209 0.037858
v -0.807511 2.436491 0.034309
v -0.819564 2.436491 0.026253
v -0.820052 2.437209 0.026781
v -0.827564 2.436491 0.014217
v -0.828267 2.437209 0.014505
v -0.830430 2.436491 0.000023
v -0.831133 2.437209 0.000023
v -0.828539 2.438198 0.014601
v -0.831458 2.438198 0.000023
v -0.820267 2.438198 0.026973
v -0.820267 2.448344 0.026973
v -0.828539 2.448344 0.014601
v -0.831458 2.448344 0.000023
v -0.828267 2.449332 0.014505
v -0.831133 2.449332 0.000023
v -0.820052 2.449332 0.026781
v -0.819564 2.450051 0.026253
v -0.827564 2.450051 0.014217
v -0.815673 2.456516 0.009278
v -0.817511 2.456516 -0.000025
v -0.815673 2.456516 -0.009280
v -0.810429 2.456516 -0.017145
v -0.802537 2.456516 -0.022372
v -0.793294 2.456516 -0.024194
v -0.783996 2.456516 -0.022372
v -0.776159 2.456516 -0.017145
v -0.770915 2.456516 -0.009280
v -0.756158 2.450051 0.000023
v -0.758969 2.450051 -0.014220
v -0.755402 2.449332 0.000023
v -0.758321 2.449332 -0.014507
v -0.755132 2.448344 0.000023
v -0.767023 2.450051 -0.026256
v -0.766536 2.449332 -0.026783
v -0.757996 2.448344 -0.014603
v -0.755132 2.438198 0.000023
v -0.757996 2.438198 -0.014603
v -0.755402 2.437209 0.000023
v -0.779077 2.450051 -0.034312
v -0.793294 2.450051 -0.037141
v -0.807511 2.450051 -0.034312
v -0.778807 2.449332 -0.034983
v -0.766321 2.448344 -0.026975
v -0.778700 2.448344 -0.035271
v -0.766321 2.438198 -0.026975
v -0.758321 2.437209 -0.014507
v -0.756158 2.436491 0.000023
v -0.758969 2.436491 -0.014220
v -0.769077 2.430025 0.000023
v -0.793294 2.449332 -0.037861
v -0.793294 2.448344 -0.038148
v -0.778700 2.438198 -0.035271
v -0.793294 2.438198 -0.038148
v -0.778807 2.437209 -0.034983
v -0.793294 2.437209 -0.037861
v -0.766536 2.437209 -0.026783
v -0.767023 2.436491 -0.026256
v -0.779077 2.436491 -0.034312
v -0.793294 2.436491 -0.037141
v -0.807781 2.437209 -0.034983
v -0.807511 2.436491 -0.034312
v -0.802537 2.430025 -0.022372
v -0.793294 2.430025 -0.024194
v -0.783996 2.430025 -0.022372
v -0.776159 2.430025 -0.017145
v -0.770915 2.430025 -0.009280
v -0.771617 2.429307 -0.008992
v -0.769834 2.429307 0.000023
v -0.770104 2.428319 0.000023
v -0.776699 2.429307 -0.016617
v -0.784321 2.429307 -0.021700
v -0.793294 2.429307 -0.023474
v -0.802267 2.429307 -0.021700
v -0.810429 2.430025 -0.017145
v -0.819564 2.436491 -0.026256
v -0.827564 2.436491 -0.014220
v -0.815673 2.430025 -0.009280
v -0.830430 2.436491 0.000023
v -0.817511 2.430025 -0.000025
v -0.827564 2.436491 0.014217
v -0.815673 2.430025 0.009278
v -0.819564 2.436491 0.026253
v -0.810429 2.430025 0.017142
v -0.802537 2.430025 0.022369
v -0.809889 2.429307 0.016615
v -0.814970 2.429307 0.008990
v -0.816754 2.429307 0.000023
v -0.814970 2.429307 -0.008992
v -0.809889 2.429307 -0.016617
v -0.802159 2.428319 -0.021413
v -0.793294 2.428319 -0.023187
v -0.784429 2.428319 -0.021413
v -0.776916 2.428319 -0.016377
v -0.771888 2.428319 -0.008849
v -0.770104 2.358995 0.000023
v -0.771888 2.358995 -0.008849
v -0.769997 2.358456 0.000023
v -0.807511 2.436491 0.034309
v -0.776916 2.358995 -0.016377
v -0.784429 2.358995 -0.021413
v -0.793294 2.358995 -0.023187
v -0.802159 2.358995 -0.021413
v -0.809674 2.428319 -0.016377
v -0.814700 2.428319 -0.008849
v -0.816483 2.428319 0.000023
v -0.814700 2.428319 0.008846
v -0.809674 2.428319 0.016375
v -0.802267 2.429307 0.021698
v -0.793294 2.430025 0.024192
v -0.793294 2.436491 0.037139
v -0.793294 2.437209 0.037858
v -0.807781 2.437209 0.034981
v -0.793294 2.429307 0.023472
v -0.802159 2.428319 0.021410
v -0.793294 2.428319 0.023184
v -0.784321 2.429307 0.021698
v -0.784429 2.428319 0.021410
v -0.776699 2.429307 0.016615
v -0.776916 2.428319 0.016375
v -0.771617 2.429307 0.008990
v -0.771888 2.428319 0.008846
v -0.769834 2.429307 0.000023
v -0.770104 2.428319 0.000023
v -0.771888 2.358995 0.008846
v -0.770104 2.358995 0.000023
v -0.776916 2.358995 0.016375
v -0.784429 2.358995 0.021410
v -0.793294 2.358995 0.023184
v -0.802159 2.358995 0.021410
v -0.809674 2.358995 0.016375
v -0.814700 2.358995 0.008846
v -0.816483 2.358995 0.000023
v -0.814700 2.358995 -0.008849
v -0.809674 2.358995 -0.016377
v -0.802214 2.358456 -0.021508
v -0.793294 2.358456 -0.023283
v -0.784376 2.358456 -0.021508
v -0.776807 2.358456 -0.016473
v -0.771780 2.358456 -0.008897
v -0.769779 2.357917 0.000023
v -0.771565 2.357917 -0.008992
v -0.766591 2.353338 0.000023
v -0.776646 2.357917 -0.016617
v -0.784266 2.357917 -0.021748
v -0.793294 2.357917 -0.023522
v -0.802267 2.357917 -0.021748
v -0.809726 2.358456 -0.016473
v -0.814808 2.358456 -0.008897
v -0.816538 2.358456 0.000023
v -0.814808 2.358456 0.008894
v -0.809726 2.358456 0.016471
v -0.802214 2.358456 0.021506
v -0.793294 2.358456 0.023280
v -0.784376 2.358456 0.021506
v -0.776807 2.358456 0.016471
v -0.771780 2.358456 0.008894
v -0.769997 2.358456 0.000023
v -0.771565 2.357917 0.008990
v -0.769779 2.357917 0.000023
v -0.776646 2.357917 0.016615
v -0.784266 2.357917 0.021746
v -0.793294 2.357917 0.023520
v -0.802267 2.357917 0.021746
v -0.809944 2.357917 0.016615
v -0.815025 2.357917 0.008990
v -0.816809 2.357917 0.000023
v -0.815025 2.357917 -0.008992
v -0.809944 2.357917 -0.016617
v -0.803512 2.353338 -0.024625
v -0.812160 2.353338 -0.018871
v -0.817944 2.353338 -0.010191
v -0.819944 2.353338 0.000023
v -0.817944 2.353338 0.010189
v -0.812160 2.353338 0.018869
v -0.803512 2.353338 0.024623
v -0.793294 2.353338 0.026685
v -0.783078 2.353338 0.024623
v -0.774428 2.353338 0.018869
v -0.768644 2.353338 0.010189
v -0.766591 2.353338 0.000023
v -0.768429 2.352798 0.010285
v -0.766376 2.352798 0.000023
v -0.774266 2.352798 0.019060
v -0.782971 2.352798 0.024863
v -0.793294 2.352798 0.026925
v -0.803565 2.352798 0.024863
v -0.812322 2.352798 0.019060
v -0.818159 2.352798 0.010285
v -0.820214 2.352798 0.000023
v -0.818159 2.352798 -0.010287
v -0.812322 2.352798 -0.019063
v -0.803565 2.352798 -0.024865
v -0.793294 2.352798 -0.026927
v -0.793294 2.353338 -0.026688
v -0.783078 2.353338 -0.024625
v -0.774428 2.353338 -0.018871
v -0.768644 2.353338 -0.010191
v -0.766376 2.352798 0.000023
v -0.768429 2.352798 -0.010287
v -0.766266 2.352259 0.000023
v -0.774266 2.352798 -0.019063
v -0.782971 2.352798 -0.024865
v -0.782971 2.352259 -0.024961
v -0.774158 2.352259 -0.019111
v -0.768321 2.352259 -0.010335
v -0.766266 2.343639 0.000023
v -0.768321 2.343639 -0.010335
v -0.774158 2.343639 -0.019111
v -0.782971 2.343639 -0.024961
v -0.793294 2.352259 -0.027023
v -0.793294 2.343639 -0.027023
v -0.803620 2.352259 -0.024961
v -0.803620 2.343639 -0.024961
v -0.812375 2.352259 -0.019111
v -0.818269 2.352259 -0.010335
v -0.820322 2.352259 0.000023
v -0.818269 2.352259 0.010333
v -0.812375 2.352259 0.019108
v -0.803620 2.352259 0.024958
v -0.793294 2.352259 0.027021
v -0.782916 2.352259 0.024958
v -0.774158 2.352259 0.019108
v -0.768321 2.352259 0.010333
v -0.766266 2.352259 0.000023
v -0.768321 2.343639 0.010333
v -0.766266 2.343639 0.000023
v -0.803620 2.343639 -0.024961
v -0.812375 2.343639 -0.019111
v -0.774158 2.343639 0.019108
v -0.782916 2.343639 0.024958
v -0.793294 2.343639 0.027021
v -0.803620 2.343639 0.024958
v -0.803620 2.343639 0.024958
v -0.812375 2.343639 0.019108
v -0.818269 2.343639 0.010333
v -0.820322 2.343639 0.000023
v -0.818269 2.343639 -0.010335
v -0.830430 2.450051 0.000023
v -0.827564 2.450051 -0.014220
v -0.828267 2.449332 -0.014507
v -0.828539 2.448344 -0.014603
v -0.831458 2.448344 0.000023
v -0.828539 2.438198 -0.014603
v -0.831458 2.438198 0.000023
v -0.828267 2.437209 -0.014507
v -0.831133 2.437209 0.000023
v -0.827564 2.436491 -0.014220
v -0.830430 2.436491 0.000023
v -0.819564 2.436491 -0.026256
v -0.820052 2.437209 -0.026783
v -0.820267 2.438198 -0.026975
v -0.820267 2.448344 -0.026975
v -0.807511 2.436491 -0.034312
v -0.807781 2.437209 -0.034983
v -0.807888 2.438198 -0.035271
v -0.807888 2.448344 -0.035271
v -0.820052 2.449332 -0.026783
v -0.819564 2.450051 -0.026256
v -0.807781 2.449332 -0.034983
v -0.793294 2.448344 -0.038148
v -0.793294 2.438198 -0.038148
v -0.793294 2.437209 -0.037861
v -0.769834 2.429307 0.000023
v -0.769077 2.430025 0.000023
v -0.771617 2.429307 0.008990
v -0.770915 2.430025 0.009278
v -0.776699 2.429307 0.016615
v -0.776159 2.430025 0.017142
v -0.784321 2.429307 0.021698
v -0.783996 2.430025 0.022369
v -0.793294 2.429307 0.023472
v -0.793294 2.430025 0.024192
v -0.793294 2.436491 0.037139
v -0.779077 2.436491 0.034309
v -0.767023 2.436491 0.026253
v -0.758969 2.436491 0.014217
v -0.758321 2.437209 0.014505
v -0.755402 2.437209 0.000023
v -0.766536 2.437209 0.026781
v -0.778807 2.437209 0.034981
v -0.793294 2.437209 0.037858
v -0.756158 2.436491 0.000023
v -0.801241 1.135126 0.765556
v -0.801241 1.130636 0.765556
v -0.801241 1.120309 0.669313
v -0.800159 1.117616 0.669313
v -0.800159 1.127942 0.765556
v -0.797510 1.116448 0.669313
v -0.797510 1.126775 0.765556
v -0.789025 1.116448 0.669313
v -0.789025 1.126775 0.765556
v -0.786429 1.117616 0.669313
v -0.786429 1.127942 0.765556
v -0.785294 1.120309 0.669313
v -0.785294 1.130636 0.765556
v -0.785294 1.124889 0.669313
v -0.785294 1.135126 0.765556
v -0.786429 1.127583 0.669313
v -0.786429 1.137910 0.765556
v -0.789025 1.128750 0.669313
v -0.789025 1.138988 0.765556
v -0.797510 1.128750 0.669313
v -0.797510 1.138988 0.765556
v -0.800159 1.127583 0.669313
v -0.800159 1.132701 0.573069
v -0.797510 1.133868 0.573069
v -0.789025 1.133868 0.573069
v -0.786429 1.132701 0.573069
v -0.800159 1.145004 0.476826
v -0.797510 1.146081 0.476826
v -0.789025 1.146081 0.476826
v -0.786429 1.145004 0.476826
v -0.785294 1.130007 0.573069
v -0.785294 1.142220 0.476826
v -0.785294 1.125517 0.573069
v -0.785294 1.137730 0.476826
v -0.786429 1.122734 0.573069
v -0.789025 1.121656 0.573069
v -0.786429 1.135036 0.476826
v -0.789025 1.133868 0.476826
v -0.797510 1.121656 0.573069
v -0.797510 1.133868 0.476826
v -0.800159 1.122734 0.573069
v -0.800159 1.135036 0.476826
v -0.801241 1.125517 0.573069
v -0.801241 1.137730 0.476826
v -0.801241 1.130007 0.573069
v -0.801241 1.142220 0.476826
v -0.800159 1.132701 0.573069
v -0.800159 1.145004 0.476826
v -0.801241 1.124889 0.669313
v -0.800159 1.127583 0.669313
v -0.800159 1.137910 0.765556
v -0.797510 1.138988 0.765556
v -0.797510 1.128750 0.669313
v -0.800159 1.135036 0.476826
v -0.797510 1.169339 0.388592
v -0.789025 1.169339 0.388592
v -0.786429 1.170416 0.388592
v -0.785294 1.173201 0.388592
v -0.785294 1.137730 0.476826
v -0.785294 1.177691 0.388592
v -0.785294 1.142220 0.476826
v -0.786429 1.180385 0.388592
v -0.786429 1.145004 0.476826
v -0.789025 1.181552 0.388592
v -0.789025 1.146081 0.476826
v -0.797510 1.181552 0.388592
v -0.797510 1.146081 0.476826
v -0.800159 1.180385 0.388592
v -0.800159 1.145004 0.476826
v -0.800159 1.184246 0.372575
v -0.797510 1.185323 0.372575
v -0.789025 1.185323 0.372575
v -0.786429 1.184246 0.372575
v -0.800159 1.202565 0.126860
v -0.797510 1.203643 0.126860
v -0.789025 1.203643 0.126860
v -0.786429 1.202565 0.126860
v -0.785294 1.181462 0.372575
v -0.785294 1.176972 0.372575
v -0.797510 1.203643 -0.126863
v -0.789025 1.203643 -0.126863
v -0.786429 1.202565 -0.126863
v -0.785294 1.199782 0.126860
v -0.800159 1.202565 -0.126863
v -0.800159 1.184246 -0.372577
v -0.797510 1.185323 -0.372577
v -0.789025 1.185323 -0.372577
v -0.800159 1.180565 -0.388114
v -0.797510 1.181732 -0.388114
v -0.800159 1.145004 -0.476829
v -0.797510 1.146081 -0.476829
v -0.789025 1.181732 -0.388114
v -0.789025 1.146081 -0.476829
v -0.786429 1.184246 -0.372577
v -0.785294 1.199782 -0.126863
v -0.785294 1.195292 0.126860
v -0.786429 1.174278 0.372575
v -0.789025 1.173110 0.372575
v -0.786429 1.192598 0.126860
v -0.785294 1.195292 -0.126863
v -0.785294 1.181462 -0.372577
v -0.786429 1.180565 -0.388114
v -0.786429 1.145004 -0.476829
v -0.785294 1.177870 -0.388114
v -0.785294 1.142220 -0.476829
v -0.785294 1.176972 -0.372577
v -0.786429 1.192598 -0.126863
v -0.789025 1.191430 0.126860
v -0.797510 1.173110 0.372575
v -0.800159 1.170416 0.388592
v -0.801241 1.137730 0.476826
v -0.801241 1.173201 0.388592
v -0.801241 1.142220 0.476826
v -0.800159 1.174278 0.372575
v -0.797510 1.191430 0.126860
v -0.789025 1.191430 -0.126863
v -0.786429 1.174278 -0.372577
v -0.785294 1.173381 -0.388114
v -0.785294 1.137730 -0.476829
v -0.786429 1.170596 -0.388114
v -0.786429 1.135036 -0.476829
v -0.789025 1.173110 -0.372577
v -0.797510 1.191430 -0.126863
v -0.800159 1.192598 0.126860
v -0.801241 1.176972 0.372575
v -0.801241 1.177691 0.388592
v -0.800159 1.145004 0.476826
v -0.800159 1.180385 0.388592
v -0.801241 1.181462 0.372575
v -0.800159 1.184246 0.372575
v -0.801241 1.199782 0.126860
v -0.800159 1.202565 0.126860
v -0.801241 1.199782 -0.126863
v -0.800159 1.202565 -0.126863
v -0.801241 1.181462 -0.372577
v -0.800159 1.184246 -0.372577
v -0.801241 1.177870 -0.388114
v -0.800159 1.180565 -0.388114
v -0.801241 1.142220 -0.476829
v -0.800159 1.145004 -0.476829
v -0.801241 1.195292 0.126860
v -0.797510 1.203643 0.126860
v -0.797510 1.203643 -0.126863
v -0.801241 1.137730 -0.476829
v -0.801241 1.173381 -0.388114
v -0.801241 1.176972 -0.372577
v -0.801241 1.195292 -0.126863
v -0.800159 1.192598 -0.126863
v -0.797510 1.173110 -0.372577
v -0.800159 1.135036 -0.476829
v -0.800159 1.170596 -0.388114
v -0.797510 1.133868 -0.476829
v -0.797510 1.169519 -0.388114
v -0.800159 1.174278 -0.372577
v -0.789025 1.169519 -0.388114
v -0.789025 1.133868 -0.476829
v -0.786429 1.122734 -0.573072
v -0.789025 1.121656 -0.573072
v -0.785294 1.125517 -0.573072
v -0.785294 1.137730 -0.476829
v -0.785294 1.130007 -0.573072
v -0.785294 1.142220 -0.476829
v -0.786429 1.132701 -0.573072
v -0.786429 1.145004 -0.476829
v -0.789025 1.133868 -0.573072
v -0.789025 1.146081 -0.476829
v -0.797510 1.133868 -0.573072
v -0.797510 1.146081 -0.476829
v -0.800159 1.132701 -0.573072
v -0.800159 1.145004 -0.476829
v -0.800159 1.127583 -0.669315
v -0.797510 1.128750 -0.669315
v -0.789025 1.128750 -0.669315
v -0.786429 1.127583 -0.669315
v -0.785294 1.124889 -0.669315
v -0.785294 1.120309 -0.669315
v -0.789025 1.138988 -0.765558
v -0.786429 1.137910 -0.765558
v -0.785294 1.135126 -0.765558
v -0.785294 1.130636 -0.765558
v -0.786429 1.117616 -0.669315
v -0.786429 1.127942 -0.765558
v -0.789025 1.116448 -0.669315
v -0.789025 1.126775 -0.765558
v -0.797510 1.116448 -0.669315
v -0.797510 1.126775 -0.765558
v -0.797510 1.121656 -0.573072
v -0.800159 1.122734 -0.573072
v -0.800159 1.117616 -0.669315
v -0.800159 1.127942 -0.765558
v -0.801241 1.120309 -0.669315
v -0.801241 1.130636 -0.765558
v -0.800159 1.135036 -0.476829
v -0.801241 1.137730 -0.476829
v -0.801241 1.125517 -0.573072
v -0.801241 1.142220 -0.476829
v -0.801241 1.130007 -0.573072
v -0.800159 1.145004 -0.476829
v -0.800159 1.132701 -0.573072
v -0.801241 1.124889 -0.669315
v -0.801241 1.135126 -0.765558
v -0.800159 1.127583 -0.669315
v -0.800159 1.137910 -0.765558
v -0.797510 1.128750 -0.669315
v -0.797510 1.138988 -0.765558
v -0.789025 1.128750 -0.669315
v -0.789025 1.138988 -0.765558
v -0.849621 1.239832 -0.110463
v -0.736914 1.239832 -0.110463
v -0.758699 1.239832 -0.131179
v -0.755835 1.240999 -0.131179
v -0.734104 1.240999 -0.110463
v -0.754700 1.243693 -0.131179
v -0.763725 1.243693 -0.151895
v -0.764860 1.240999 -0.151895
v -0.767726 1.239832 -0.151895
v -0.827889 1.239832 -0.131179
v -0.852484 1.240999 -0.110463
v -0.877404 1.240999 -0.075121
v -0.874539 1.239832 -0.075121
v -0.877404 1.240999 0.075118
v -0.874539 1.239832 0.075118
v -0.711994 1.239832 -0.075121
v -0.711994 1.239832 0.075118
v -0.709184 1.240999 -0.075121
v -0.709184 1.240999 0.075118
v -0.707996 1.243693 -0.075121
v -0.707996 1.243693 0.075118
v -0.707996 1.265245 -0.075121
v -0.707996 1.265245 0.075118
v -0.709184 1.267939 -0.075121
v -0.732916 1.243693 0.110460
v -0.734104 1.240999 0.110460
v -0.736914 1.239832 0.110460
v -0.849621 1.239832 0.110460
v -0.852484 1.240999 0.110460
v -0.830700 1.240999 0.131176
v -0.827889 1.239832 0.131176
v -0.758699 1.239832 0.131176
v -0.755835 1.240999 0.131176
v -0.754645 1.243693 0.131176
v -0.732916 1.265245 0.110460
v -0.709184 1.267939 0.075118
v -0.711994 1.269106 -0.075121
v -0.736914 1.269106 -0.110463
v -0.849621 1.269106 -0.110463
v -0.827889 1.269106 -0.131179
v -0.830755 1.267939 -0.131179
v -0.852484 1.267939 -0.110463
v -0.874539 1.269106 -0.075121
v -0.877404 1.267939 -0.075121
v -0.874539 1.269106 0.075118
v -0.877404 1.267939 0.075118
v -0.849621 1.269106 0.110460
v -0.852484 1.267939 0.110460
v -0.827889 1.269106 0.131176
v -0.830700 1.267939 0.131176
v -0.818862 1.269106 0.151892
v -0.821673 1.267939 0.151892
v -0.812052 1.277008 0.194859
v -0.814915 1.275931 0.194859
v -0.812105 1.283115 0.213369
v -0.814915 1.282307 0.214184
v -0.812052 1.316250 0.227180
v -0.814915 1.316250 0.228330
v -0.734104 1.267939 -0.110463
v -0.758699 1.269106 -0.131179
v -0.755835 1.267939 -0.131179
v -0.774483 1.316250 0.227180
v -0.774483 1.283115 0.213369
v -0.771672 1.316250 0.228330
v -0.774483 1.277008 0.194859
v -0.767726 1.269106 0.151892
v -0.758699 1.269106 0.131176
v -0.736914 1.269106 0.110460
v -0.711994 1.269106 0.075118
v -0.734104 1.267939 0.110460
v -0.755835 1.267939 0.131176
v -0.764860 1.267939 0.151892
v -0.771672 1.275931 0.194859
v -0.771672 1.282307 0.214184
v -0.770482 1.316250 0.231160
v -0.770482 1.280241 0.216150
v -0.770482 1.316250 0.251684
v -0.770482 1.273237 0.194859
v -0.763725 1.265245 0.151892
v -0.754645 1.265245 0.131176
v -0.763725 1.243693 0.151892
v -0.770482 1.251595 0.194859
v -0.770482 1.265245 0.230728
v -0.771672 1.316250 0.254369
v -0.771672 1.263270 0.232646
v -0.774483 1.316250 0.255520
v -0.774483 1.262460 0.233414
v -0.812105 1.316250 0.255520
v -0.812052 1.262460 0.233414
v -0.814915 1.316250 0.254369
v -0.814915 1.263270 0.232646
v -0.816106 1.316250 0.251684
v -0.816106 1.265245 0.230728
v -0.816106 1.316250 0.231160
v -0.816106 1.280241 0.216150
v -0.814915 1.316250 0.228330
v -0.814915 1.282307 0.214184
v -0.771672 1.248902 0.194859
v -0.774483 1.262460 0.233414
v -0.774483 1.247824 0.194859
v -0.812052 1.262460 0.233414
v -0.764860 1.240999 0.151892
v -0.767726 1.239832 0.151892
v -0.812052 1.247824 0.194859
v -0.818862 1.239832 0.151892
v -0.814915 1.248902 0.194859
v -0.814915 1.263270 0.232646
v -0.816106 1.265245 0.230728
v -0.821673 1.240999 0.151892
v -0.816106 1.251595 0.194859
v -0.816106 1.280241 0.216150
v -0.816106 1.273237 0.194859
v -0.814915 1.282307 0.214184
v -0.814915 1.275931 0.194859
v -0.822863 1.265245 0.151892
v -0.821673 1.267939 0.151892
v -0.831891 1.265245 0.131176
v -0.830700 1.267939 0.131176
v -0.853675 1.265245 0.110460
v -0.852484 1.267939 0.110460
v -0.878540 1.265245 0.075118
v -0.877404 1.267939 0.075118
v -0.878540 1.265245 -0.075121
v -0.877404 1.267939 -0.075121
v -0.853675 1.265245 -0.110463
v -0.852484 1.267939 -0.110463
v -0.831891 1.265245 -0.131179
v -0.830755 1.267939 -0.131179
v -0.822863 1.265245 -0.151895
v -0.821673 1.267939 -0.151895
v -0.816106 1.273237 -0.194861
v -0.814915 1.275931 -0.194861
v -0.816106 1.280241 -0.216152
v -0.814915 1.282307 -0.214186
v -0.816106 1.316250 -0.231162
v -0.814915 1.316250 -0.228333
v -0.816106 1.316250 -0.251686
v -0.816106 1.265245 -0.230730
v -0.816106 1.251595 -0.194861
v -0.822863 1.243693 -0.151895
v -0.831891 1.243693 -0.131179
v -0.853675 1.243693 -0.110463
v -0.878540 1.243693 -0.075121
v -0.878540 1.243693 0.075118
v -0.853675 1.243693 0.110460
v -0.831891 1.243693 0.131176
v -0.822863 1.243693 0.151892
v -0.830755 1.240999 -0.131179
v -0.821673 1.240999 -0.151895
v -0.814915 1.248902 -0.194861
v -0.814915 1.263270 -0.232648
v -0.814915 1.316250 -0.254372
v -0.812052 1.316250 -0.255522
v -0.812105 1.262460 -0.233416
v -0.774483 1.316250 -0.255522
v -0.812105 1.247824 -0.194861
v -0.818862 1.239832 -0.151895
v -0.774483 1.247824 -0.194861
v -0.774483 1.262460 -0.233416
v -0.771672 1.316250 -0.254372
v -0.771672 1.263270 -0.232648
v -0.771672 1.248902 -0.194861
v -0.770482 1.251595 -0.194861
v -0.771672 1.316250 -0.254372
v -0.770482 1.316250 -0.251686
v -0.770482 1.265245 -0.230730
v -0.770482 1.316250 -0.231162
v -0.770482 1.280241 -0.216152
v -0.771672 1.316250 -0.228333
v -0.770482 1.273237 -0.194861
v -0.763725 1.265245 -0.151895
v -0.754700 1.265245 -0.131179
v -0.732916 1.243693 -0.110463
v -0.732916 1.265245 -0.110463
v -0.707996 1.243693 -0.075121
v -0.707996 1.265245 -0.075121
v -0.734104 1.267939 -0.110463
v -0.709184 1.267939 -0.075121
v -0.709184 1.240999 -0.075121
v -0.755835 1.267939 -0.131179
v -0.764860 1.267939 -0.151895
v -0.771672 1.275931 -0.194861
v -0.771672 1.282307 -0.214186
v -0.774483 1.316250 -0.227182
v -0.774483 1.283115 -0.213371
v -0.812105 1.316250 -0.227182
v -0.774483 1.277008 -0.194861
v -0.767726 1.269106 -0.151895
v -0.758699 1.269106 -0.131179
v -0.818862 1.269106 -0.151895
v -0.827889 1.269106 -0.131179
v -0.821673 1.267939 -0.151895
v -0.830755 1.267939 -0.131179
v -0.814915 1.275931 -0.194861
v -0.812105 1.277008 -0.194861
v -0.812105 1.283115 -0.213371
v -0.814915 1.316250 -0.228333
v -0.814915 1.282307 -0.214186
v -0.782646 1.336634 0.232263
v -0.803942 1.336634 0.232263
v -0.782646 1.369860 0.232263
v -0.803942 1.369860 0.232263
v -0.807781 1.369860 0.233941
v -0.807781 1.336634 0.233941
v -0.809404 1.369860 0.238017
v -0.809404 1.336634 0.238017
v -0.809404 1.369860 0.244683
v -0.809404 1.336634 0.244683
v -0.778807 1.336634 0.233941
v -0.778807 1.369860 0.233941
v -0.777187 1.336634 0.238017
v -0.777187 1.369860 0.238017
v -0.777187 1.336634 0.244683
v -0.777187 1.369860 0.244683
v -0.778807 1.336634 0.248711
v -0.778807 1.369860 0.248711
v -0.778807 1.419519 0.224494
v -0.777187 1.419519 0.220418
v -0.778807 1.466394 0.213225
v -0.777187 1.466394 0.209197
v -0.778807 1.529163 0.227994
v -0.777187 1.529163 0.223966
v -0.778807 1.603157 0.256767
v -0.777187 1.603157 0.252691
v -0.777187 1.529163 0.217301
v -0.777187 1.603157 0.246025
v -0.777187 1.419519 0.213753
v -0.778807 1.419519 0.209725
v -0.782646 1.419519 0.208046
v -0.777187 1.466394 0.202531
v -0.778807 1.466394 0.198455
v -0.778807 1.529163 0.213225
v -0.778807 1.603157 0.241997
v -0.782646 1.529163 0.211547
v -0.782646 1.466394 0.196777
v -0.803942 1.419519 0.208046
v -0.807781 1.419519 0.209725
v -0.803942 1.466394 0.196777
v -0.803942 1.529163 0.211547
v -0.807781 1.466394 0.198455
v -0.809404 1.419519 0.213753
v -0.809404 1.419519 0.220418
v -0.807781 1.369860 0.248711
v -0.807781 1.336634 0.248711
v -0.803942 1.369860 0.250389
v -0.803942 1.336634 0.250389
v -0.782646 1.336634 0.250389
v -0.782646 1.369860 0.250389
v -0.778807 1.369860 0.248711
v -0.782646 1.419519 0.226172
v -0.778807 1.419519 0.224494
v -0.782646 1.466394 0.214903
v -0.778807 1.466394 0.213225
v -0.782646 1.529163 0.229673
v -0.778807 1.529163 0.227994
v -0.782646 1.603157 0.258445
v -0.778807 1.603157 0.256767
v -0.782646 2.261922 0.264344
v -0.778807 2.261922 0.262665
v -0.777187 1.603157 0.252691
v -0.777187 2.261922 0.258589
v -0.777187 2.261922 0.251971
v -0.777187 2.299728 0.246313
v -0.777187 2.295507 0.242237
v -0.778807 2.261922 0.247895
v -0.778807 1.603157 0.241997
v -0.777187 1.603157 0.246025
v -0.778807 1.336634 0.248711
v -0.778807 2.302870 0.249382
v -0.782646 2.304217 0.250629
v -0.782646 2.334929 0.215095
v -0.778807 2.333042 0.214472
v -0.777187 2.299728 0.246313
v -0.777187 2.328642 0.212937
v -0.777187 2.295507 0.242237
v -0.777187 2.323883 0.211307
v -0.778807 2.292274 0.239072
v -0.778807 2.319214 0.209724
v -0.782646 2.290926 0.237777
v -0.782646 2.317238 0.209101
v -0.778807 2.337532 0.132135
v -0.782646 2.335377 0.132135
v -0.777187 2.342472 0.132135
v -0.753617 2.328284 0.024911
v -0.749293 2.333313 0.024911
v -0.760914 2.328284 0.036660
v -0.757348 2.333313 0.036660
v -0.775078 2.328284 0.048408
v -0.773078 2.333313 0.048408
v -0.778807 2.328284 0.059294
v -0.777187 2.333313 0.059294
v -0.777187 2.338071 0.059294
v -0.777187 2.347321 0.132135
v -0.778807 2.352080 0.132135
v -0.749293 2.338071 0.024911
v -0.757348 2.338071 0.036660
v -0.773078 2.338071 0.048408
v -0.775078 2.342920 0.048408
v -0.778807 2.342920 0.059294
v -0.760914 2.342920 0.036660
v -0.753617 2.342920 0.024911
v -0.750266 2.342920 0.007983
v -0.745509 2.338071 0.007983
v -0.749293 2.333313 0.024911
v -0.745509 2.333313 0.007983
v -0.753617 2.328284 0.024911
v -0.750266 2.328284 0.007983
v -0.745509 2.333313 -0.007986
v -0.750266 2.328284 -0.007986
v -0.749293 2.333313 -0.024913
v -0.753617 2.328284 -0.024913
v -0.749293 2.338071 -0.024913
v -0.745509 2.338071 -0.007986
v -0.750266 2.342920 -0.007986
v -0.753617 2.342920 -0.024913
v -0.760914 2.342920 -0.036662
v -0.757348 2.338071 -0.036662
v -0.749293 2.333313 -0.024913
v -0.757348 2.333313 -0.036662
v -0.753617 2.328284 -0.024913
v -0.760914 2.328284 -0.036662
v -0.773078 2.333313 -0.048410
v -0.775078 2.328284 -0.048410
v -0.777187 2.333313 -0.059296
v -0.778807 2.328284 -0.059296
v -0.777187 2.342472 -0.132138
v -0.778807 2.337532 -0.132138
v -0.777187 2.323883 -0.211309
v -0.778807 2.319214 -0.209727
v -0.777187 2.295507 -0.242239
v -0.778807 2.292274 -0.239074
v -0.782646 2.317238 -0.209103
v -0.782646 2.290926 -0.237780
v -0.782646 2.335377 -0.132138
v -0.777187 2.299728 -0.246315
v -0.777187 2.328642 -0.212940
v -0.778807 2.302870 -0.249384
v -0.777187 2.347321 -0.132138
v -0.777187 2.338071 -0.059296
v -0.773078 2.338071 -0.048410
v -0.775078 2.342920 -0.048410
v -0.778807 2.342920 -0.059296
v -0.778807 2.352080 -0.132138
v -0.778807 2.333042 -0.214474
v -0.782646 2.304217 -0.250631
v -0.782646 2.334929 -0.215098
v -0.782646 2.354146 -0.132138
v -0.782646 2.344896 -0.059296
v -0.779942 2.344896 -0.048410
v -0.769509 2.344896 -0.036662
v -0.764158 2.344896 -0.024913
v -0.761672 2.344896 -0.007986
v -0.761672 2.344896 0.007983
v -0.764158 2.344896 0.024911
v -0.769509 2.344896 0.036660
v -0.779942 2.344896 0.048408
v -0.782646 2.344896 0.059294
v -0.782646 2.354146 0.132135
v -0.803942 2.354146 0.132135
v -0.803942 2.344896 0.059294
v -0.806646 2.344896 0.048408
v -0.817079 2.344896 0.036660
v -0.822375 2.344896 0.024911
v -0.824916 2.344896 0.007983
v -0.824916 2.344896 -0.007986
v -0.822375 2.344896 -0.024913
v -0.817079 2.344896 -0.036662
v -0.806646 2.344896 -0.048410
v -0.803942 2.344896 -0.059296
v -0.803942 2.354146 -0.132138
v -0.803942 2.334929 -0.215098
v -0.803942 2.304217 -0.250631
v -0.803942 2.261922 -0.264346
v -0.782646 2.261922 -0.264346
v -0.778807 2.261922 -0.262667
v -0.777187 2.299728 -0.246315
v -0.777187 2.261922 -0.258591
v -0.777187 2.295507 -0.242239
v -0.777187 2.261922 -0.251974
v -0.778807 2.292274 -0.239074
v -0.778807 2.261922 -0.247898
v -0.782646 2.290926 -0.237780
v -0.782646 2.261922 -0.246220
v -0.777187 2.219267 -0.246028
v -0.778807 2.219267 -0.241999
v -0.777187 1.529163 -0.217303
v -0.778807 1.529163 -0.213227
v -0.777187 1.466394 -0.202534
v -0.778807 1.466394 -0.198458
v -0.777187 1.419519 -0.213755
v -0.778807 1.419519 -0.209727
v -0.777187 1.369860 -0.238019
v -0.778807 1.369860 -0.233943
v -0.778807 1.336634 -0.233943
v -0.777187 1.336634 -0.238019
v -0.777187 1.369860 -0.244685
v -0.777187 1.336634 -0.244685
v -0.777187 1.419519 -0.220420
v -0.777187 1.466394 -0.209199
v -0.777187 1.529163 -0.223969
v -0.777187 2.219267 -0.252693
v -0.778807 2.219267 -0.256769
v -0.778807 1.529163 -0.227997
v -0.778807 1.466394 -0.213227
v -0.778807 1.419519 -0.224496
v -0.778807 1.369860 -0.248713
v -0.778807 1.336634 -0.248713
v -0.782646 1.369860 -0.250391
v -0.782646 1.336634 -0.250391
v -0.803942 1.336634 -0.250391
v -0.803942 1.369860 -0.250391
v -0.807781 1.369860 -0.248713
v -0.807781 1.336634 -0.248713
v -0.809404 1.369860 -0.244685
v -0.809404 1.336634 -0.244685
v -0.809404 1.369860 -0.238019
v -0.809404 1.336634 -0.238019
v -0.807781 1.369860 -0.233943
v -0.807781 1.336634 -0.233943
v -0.803942 1.369860 -0.232265
v -0.803942 1.336634 -0.232265
v -0.782646 1.336634 -0.232265
v -0.782646 1.369860 -0.232265
v -0.778807 1.369860 -0.233943
v -0.782646 1.419519 -0.208048
v -0.778807 1.419519 -0.209727
v -0.782646 1.466394 -0.196779
v -0.778807 1.466394 -0.198458
v -0.782646 1.529163 -0.211549
v -0.778807 1.529163 -0.213227
v -0.782646 2.219267 -0.240321
v -0.778807 2.219267 -0.241999
v -0.782646 2.261922 -0.246220
v -0.778807 2.261922 -0.247898
v -0.778807 1.336634 -0.233943
v -0.782646 2.290926 -0.237780
v -0.803942 2.290926 -0.237780
v -0.803942 2.261922 -0.246220
v -0.803942 2.219267 -0.240321
v -0.803942 1.529163 -0.211549
v -0.803942 1.466394 -0.196779
v -0.803942 1.419519 -0.208048
v -0.807781 1.419519 -0.209727
v -0.807781 2.292274 -0.239074
v -0.807781 2.261922 -0.247898
v -0.809404 2.295507 -0.242239
v -0.807781 2.219267 -0.241999
v -0.807781 1.529163 -0.213227
v -0.807781 1.466394 -0.198458
v -0.809404 2.261922 -0.251974
v -0.809404 2.299728 -0.246315
v -0.809404 2.261922 -0.258591
v -0.807781 2.302870 -0.249384
v -0.807781 2.261922 -0.262667
v -0.809404 2.219267 -0.252693
v -0.809404 2.219267 -0.246028
v -0.809404 1.529163 -0.217303
v -0.809404 1.466394 -0.202534
v -0.809404 1.419519 -0.213755
v -0.809404 1.419519 -0.220420
v -0.809404 1.529163 -0.223969
v -0.807781 2.219267 -0.256769
v -0.807781 1.529163 -0.227997
v -0.809404 1.466394 -0.209199
v -0.807781 1.466394 -0.213227
v -0.807781 1.419519 -0.224496
v -0.803942 1.419519 -0.226175
v -0.803942 1.466394 -0.214906
v -0.803942 1.529163 -0.229675
v -0.803942 2.219267 -0.258448
v -0.807781 2.333042 -0.214474
v -0.807781 2.352080 -0.132138
v -0.807781 2.342920 -0.059296
v -0.811512 2.342920 -0.048410
v -0.825674 2.342920 -0.036662
v -0.832916 2.342920 -0.024913
v -0.836322 2.342920 -0.007986
v -0.836322 2.342920 0.007983
v -0.832916 2.342920 0.024911
v -0.825674 2.342920 0.036660
v -0.811512 2.342920 0.048408
v -0.807781 2.342920 0.059294
v -0.807781 2.352080 0.132135
v -0.803942 2.334929 0.215095
v -0.803942 2.304217 0.250629
v -0.803942 2.261922 0.264344
v -0.803942 1.603157 0.258445
v -0.803942 1.529163 0.229673
v -0.803942 1.466394 0.214903
v -0.803942 1.419519 0.226172
v -0.807781 1.419519 0.224494
v -0.809404 1.466394 0.209197
v -0.809404 1.466394 0.202531
v -0.807781 1.529163 0.213225
v -0.809404 2.299728 -0.246315
v -0.809404 2.328642 -0.212940
v -0.809404 2.295507 -0.242239
v -0.809404 1.529163 0.217301
v -0.782646 1.603157 0.240319
v -0.803942 1.603157 0.240319
v -0.807781 1.603157 0.241997
v -0.778807 2.261922 0.247895
v -0.782646 2.261922 0.246217
v -0.803942 2.261922 0.246217
v -0.807781 2.261922 0.247895
v -0.803942 2.290926 0.237777
v -0.807781 2.292274 0.239072
v -0.809404 2.261922 0.251971
v -0.809404 2.295507 0.242237
v -0.782646 2.290926 0.237777
v -0.809404 1.603157 0.246025
v -0.809404 1.529163 0.223966
v -0.807781 1.466394 0.213225
v -0.807781 1.529163 0.227994
v -0.807781 1.603157 0.256767
v -0.807781 2.261922 0.262665
v -0.807781 2.302870 0.249382
v -0.807781 2.333042 0.214472
v -0.809404 2.347321 0.132135
v -0.809404 2.338071 0.059294
v -0.813510 2.338071 0.048408
v -0.829242 2.338071 0.036660
v -0.837295 2.338071 0.024911
v -0.841078 2.338071 0.007983
v -0.841078 2.338071 -0.007986
v -0.837295 2.338071 -0.024913
v -0.829242 2.338071 -0.036662
v -0.813510 2.338071 -0.048410
v -0.809404 2.338071 -0.059296
v -0.809404 2.347321 -0.132138
v -0.809404 2.323883 -0.211309
v -0.807781 2.292274 -0.239074
v -0.807781 2.319214 -0.209727
v -0.803942 2.290926 -0.237780
v -0.809404 1.603157 0.252691
v -0.809404 2.342472 -0.132138
v -0.809404 2.333313 -0.059296
v -0.813510 2.333313 -0.048410
v -0.829242 2.333313 -0.036662
v -0.837295 2.333313 -0.024913
v -0.825674 2.328284 -0.036662
v -0.832916 2.328284 -0.024913
v -0.811512 2.328284 -0.048410
v -0.807781 2.328284 -0.059296
v -0.807781 2.337532 -0.132138
v -0.803942 2.317238 -0.209103
v -0.782646 2.290926 -0.237780
v -0.782646 2.317238 -0.209103
v -0.803942 2.335377 -0.132138
v -0.803942 2.326218 -0.059296
v -0.806646 2.326218 -0.048410
v -0.782646 2.326218 -0.059296
v -0.779942 2.326218 -0.048410
v -0.778807 2.328284 -0.059296
v -0.775078 2.328284 -0.048410
v -0.778807 2.337532 -0.132138
v -0.782646 2.335377 -0.132138
v -0.809404 2.261922 0.258637
v -0.809404 2.299728 0.246313
v -0.809404 2.328642 0.212937
v -0.809404 2.299728 0.246313
v -0.809404 2.323883 0.211307
v -0.809404 2.295507 0.242237
v -0.809404 2.342472 0.132135
v -0.809404 2.333313 0.059294
v -0.813510 2.333313 0.048408
v -0.829242 2.333313 0.036660
v -0.837295 2.333313 0.024911
v -0.832916 2.328284 0.024911
v -0.825674 2.328284 0.036660
v -0.811512 2.328284 0.048408
v -0.807781 2.328284 0.059294
v -0.807781 2.337532 0.132135
v -0.807781 2.319214 0.209724
v -0.807781 2.292274 0.239072
v -0.803942 2.317238 0.209101
v -0.803942 2.290926 0.237777
v -0.782646 2.317238 0.209101
v -0.782646 2.290926 0.237777
v -0.782646 2.335377 0.132135
v -0.803942 2.335377 0.132135
v -0.803942 2.326218 0.059294
v -0.806646 2.326218 0.048408
v -0.817079 2.326218 0.036660
v -0.822375 2.326218 0.024911
v -0.824916 2.326218 0.007983
v -0.836322 2.328284 0.007983
v -0.824916 2.326218 -0.007986
v -0.836322 2.328284 -0.007986
v -0.822375 2.326218 -0.024913
v -0.832916 2.328284 -0.024913
v -0.817079 2.326218 -0.036662
v -0.825674 2.328284 -0.036662
v -0.806646 2.326218 -0.048410
v -0.811512 2.328284 -0.048410
v -0.779942 2.326218 -0.048410
v -0.769509 2.326218 -0.036662
v -0.764158 2.326218 -0.024913
v -0.761672 2.326218 -0.007986
v -0.761672 2.326218 0.007983
v -0.764158 2.326218 0.024911
v -0.769509 2.326218 0.036660
v -0.779942 2.326218 0.048408
v -0.782646 2.326218 0.059294
v -0.778807 2.328284 0.059294
v -0.778807 2.337532 0.132135
v -0.775078 2.328284 -0.048410
v -0.760914 2.328284 -0.036662
v -0.775078 2.328284 0.048408
v -0.760914 2.328284 0.036660
v -0.753617 2.328284 0.024911
v -0.750266 2.328284 0.007983
v -0.750266 2.328284 -0.007986
v -0.753617 2.328284 -0.024913
v -0.778807 2.292274 0.239072
v -0.782646 2.261922 0.246217
v -0.782646 2.290926 0.237777
v -0.782646 1.419519 -0.226175
v -0.782646 1.466394 -0.214906
v -0.782646 1.529163 -0.229675
v -0.782646 2.219267 -0.258448
v -0.832916 2.328284 0.024911
v -0.837295 2.333313 0.024911
v -0.836322 2.328284 0.007983
v -0.841078 2.333313 0.007983
v -0.836322 2.328284 -0.007986
v -0.841078 2.333313 -0.007986
v -0.832916 2.328284 -0.024913
v -0.837295 2.333313 -0.024913
v -0.766213 1.315891 -0.268422
v -0.778645 1.321728 -0.276718
v -0.766213 1.321728 -0.268422
v -0.778645 1.322446 -0.276670
v -0.778645 1.315891 -0.276718
v -0.766698 1.313646 -0.267895
v -0.778915 1.313646 -0.276047
v -0.767889 1.312748 -0.266743
v -0.779565 1.312748 -0.274512
v -0.766266 1.322446 -0.268374
v -0.757943 1.321728 -0.256002
v -0.757943 1.315891 -0.256002
v -0.758536 1.313646 -0.255714
v -0.760104 1.312748 -0.255091
v -0.778700 1.323165 -0.276574
v -0.766321 1.323165 -0.268278
v -0.779402 1.331516 -0.274848
v -0.767671 1.331516 -0.266983
v -0.779457 1.332235 -0.274800
v -0.767671 1.332235 -0.266935
v -0.779402 1.332952 -0.274848
v -0.757943 1.322446 -0.255954
v -0.758051 1.323165 -0.255954
v -0.759781 1.331516 -0.255235
v -0.759834 1.332235 -0.255187
v -0.767671 1.332952 -0.266983
v -0.759781 1.332952 -0.255235
v -0.766321 1.341304 -0.268278
v -0.758051 1.341304 -0.255954
v -0.766266 1.342023 -0.268374
v -0.778645 1.342023 -0.276670
v -0.778645 1.342651 -0.276718
v -0.766213 1.342651 -0.268422
v -0.778645 1.348578 -0.276718
v -0.778700 1.341304 -0.276574
v -0.757943 1.342023 -0.255954
v -0.766213 1.348578 -0.268422
v -0.757943 1.342651 -0.256002
v -0.778915 1.350823 -0.276047
v -0.766698 1.350823 -0.267895
v -0.779565 1.351721 -0.274512
v -0.767889 1.351721 -0.266743
v -0.793294 1.351721 -0.241328
v -0.760104 1.351721 -0.255091
v -0.758536 1.350823 -0.255714
v -0.757943 1.348578 -0.256002
v -0.755022 1.342651 -0.241328
v -0.755077 1.342023 -0.241328
v -0.755185 1.341304 -0.241328
v -0.757023 1.332952 -0.241328
v -0.757078 1.332235 -0.241328
v -0.757023 1.331516 -0.241328
v -0.755185 1.323165 -0.241328
v -0.755077 1.322446 -0.241328
v -0.755022 1.321728 -0.241328
v -0.755022 1.315891 -0.241328
v -0.755725 1.313646 -0.241328
v -0.757401 1.312748 -0.241328
v -0.793294 1.312748 -0.241328
v -0.793294 1.312748 -0.277246
v -0.793294 1.313646 -0.278924
v -0.778915 1.313646 -0.276047
v -0.793294 1.315891 -0.279643
v -0.778645 1.315891 -0.276718
v -0.793294 1.321728 -0.279643
v -0.778645 1.321728 -0.276718
v -0.793294 1.322446 -0.279595
v -0.778645 1.322446 -0.276670
v -0.793294 1.323165 -0.279451
v -0.778700 1.323165 -0.276574
v -0.793294 1.331516 -0.277581
v -0.779402 1.331516 -0.274848
v -0.793294 1.332235 -0.277533
v -0.779457 1.332235 -0.274800
v -0.793294 1.332952 -0.277581
v -0.779402 1.332952 -0.274848
v -0.793294 1.341304 -0.279451
v -0.778700 1.341304 -0.276574
v -0.793294 1.342023 -0.279595
v -0.778645 1.342023 -0.276670
v -0.793294 1.342651 -0.279643
v -0.778645 1.342651 -0.276718
v -0.793294 1.348578 -0.279643
v -0.778645 1.348578 -0.276718
v -0.793294 1.350823 -0.278924
v -0.778915 1.350823 -0.276047
v -0.793294 1.351721 -0.277246
v -0.779565 1.351721 -0.274512
v -0.793294 1.351721 -0.241328
v -0.807025 1.351721 -0.274512
v -0.818699 1.351721 -0.266743
v -0.807673 1.350823 -0.276047
v -0.819835 1.350823 -0.267895
v -0.807943 1.348578 -0.276718
v -0.807943 1.342651 -0.276718
v -0.826431 1.351721 -0.255091
v -0.829187 1.351721 -0.241328
v -0.827997 1.350823 -0.255714
v -0.830863 1.350823 -0.241328
v -0.828647 1.348578 -0.256002
v -0.820377 1.348578 -0.268422
v -0.820377 1.342651 -0.268422
v -0.807943 1.342023 -0.276670
v -0.807888 1.341304 -0.276574
v -0.820322 1.342023 -0.268374
v -0.828647 1.342651 -0.256002
v -0.831565 1.348578 -0.241328
v -0.827997 1.350823 -0.226942
v -0.826431 1.351721 -0.227613
v -0.818699 1.351721 -0.215960
v -0.793294 1.351721 -0.241328
v -0.807025 1.351721 -0.208192
v -0.819835 1.350823 -0.214762
v -0.828647 1.348578 -0.226702
v -0.831565 1.342651 -0.241328
v -0.828592 1.342023 -0.255954
v -0.820267 1.341304 -0.268278
v -0.807186 1.332952 -0.274848
v -0.807133 1.332235 -0.274800
v -0.829187 1.351721 -0.241328
v -0.818917 1.332952 -0.266983
v -0.828484 1.341304 -0.255954
v -0.831510 1.342023 -0.241328
v -0.828647 1.342651 -0.226702
v -0.820377 1.348578 -0.214282
v -0.807673 1.350823 -0.206610
v -0.793294 1.351721 -0.205459
v -0.779565 1.351721 -0.208192
v -0.767889 1.351721 -0.215960
v -0.793294 1.350823 -0.203780
v -0.807943 1.348578 -0.205986
v -0.820377 1.342651 -0.214282
v -0.828592 1.342023 -0.226702
v -0.831403 1.341304 -0.241328
v -0.826809 1.332952 -0.255235
v -0.818862 1.332235 -0.266935
v -0.807186 1.331516 -0.274848
v -0.807888 1.323165 -0.276574
v -0.818917 1.331516 -0.266983
v -0.826701 1.332235 -0.255187
v -0.829565 1.332952 -0.241328
v -0.828484 1.341304 -0.226750
v -0.820322 1.342023 -0.214282
v -0.807943 1.342651 -0.205986
v -0.793294 1.348578 -0.203061
v -0.778915 1.350823 -0.206610
v -0.766698 1.350823 -0.214762
v -0.760104 1.351721 -0.227613
v -0.757401 1.351721 -0.241328
v -0.755725 1.350823 -0.241328
v -0.758591 1.350823 -0.226942
v -0.766213 1.348578 -0.214282
v -0.778645 1.348578 -0.205986
v -0.793294 1.342651 -0.203061
v -0.807943 1.342023 -0.206034
v -0.820267 1.341304 -0.214378
v -0.826809 1.332952 -0.227469
v -0.829457 1.332235 -0.241328
v -0.826809 1.331516 -0.255235
v -0.820267 1.323165 -0.268278
v -0.807943 1.322446 -0.276670
v -0.807943 1.321728 -0.276718
v -0.820322 1.322446 -0.268374
v -0.828484 1.323165 -0.255954
v -0.829565 1.331516 -0.241328
v -0.826701 1.332235 -0.227469
v -0.818917 1.332952 -0.215721
v -0.807888 1.341304 -0.206130
v -0.793294 1.342023 -0.203109
v -0.778645 1.342651 -0.205986
v -0.766213 1.342651 -0.214282
v -0.778645 1.342023 -0.206034
v -0.793294 1.341304 -0.203205
v -0.807186 1.332952 -0.207856
v -0.818862 1.332235 -0.215769
v -0.826809 1.331516 -0.227469
v -0.831403 1.323165 -0.241328
v -0.828592 1.322446 -0.255954
v -0.820377 1.321728 -0.268422
v -0.807943 1.315891 -0.276718
v -0.807673 1.313646 -0.276047
v -0.807025 1.312748 -0.274512
v -0.818699 1.312748 -0.266743
v -0.826431 1.312748 -0.255091
v -0.827997 1.313646 -0.255714
v -0.830863 1.313646 -0.241328
v -0.829187 1.312748 -0.241328
v -0.827997 1.313646 -0.226942
v -0.826431 1.312748 -0.227613
v -0.818699 1.312748 -0.215960
v -0.819835 1.313646 -0.214762
v -0.807673 1.313646 -0.206610
v -0.807025 1.312748 -0.208192
v -0.793294 1.312748 -0.205459
v -0.793294 1.313646 -0.203780
v -0.778915 1.313646 -0.206610
v -0.779565 1.312748 -0.208192
v -0.767889 1.312748 -0.215960
v -0.760104 1.312748 -0.227613
v -0.758591 1.313646 -0.226942
v -0.819835 1.313646 -0.267895
v -0.766698 1.313646 -0.214762
v -0.766213 1.315891 -0.214282
v -0.778645 1.315891 -0.205986
v -0.793294 1.315891 -0.203061
v -0.807943 1.315891 -0.205986
v -0.820377 1.315891 -0.214282
v -0.828647 1.315891 -0.226702
v -0.831565 1.315891 -0.241328
v -0.828647 1.315891 -0.256002
v -0.820377 1.315891 -0.268422
v -0.828647 1.321728 -0.256002
v -0.831565 1.321728 -0.241328
v -0.828647 1.321728 -0.226702
v -0.820377 1.321728 -0.214282
v -0.807943 1.321728 -0.205986
v -0.793294 1.321728 -0.203061
v -0.778645 1.321728 -0.205986
v -0.766213 1.321728 -0.214282
v -0.757943 1.321728 -0.226702
v -0.757943 1.315891 -0.226702
v -0.757943 1.322446 -0.226702
v -0.766266 1.322446 -0.214282
v -0.778645 1.322446 -0.206034
v -0.793294 1.322446 -0.203109
v -0.807943 1.322446 -0.206034
v -0.820322 1.322446 -0.214282
v -0.828592 1.322446 -0.226702
v -0.831510 1.322446 -0.241328
v -0.828484 1.323165 -0.226750
v -0.820267 1.323165 -0.214378
v -0.807888 1.323165 -0.206130
v -0.793294 1.323165 -0.203205
v -0.778700 1.323165 -0.206130
v -0.766321 1.323165 -0.214378
v -0.758051 1.323165 -0.226750
v -0.759781 1.331516 -0.227469
v -0.767671 1.331516 -0.215721
v -0.779402 1.331516 -0.207856
v -0.793294 1.331516 -0.205075
v -0.807186 1.331516 -0.207856
v -0.818917 1.331516 -0.215721
v -0.807133 1.332235 -0.207904
v -0.793294 1.332235 -0.205123
v -0.779457 1.332235 -0.207904
v -0.767671 1.332235 -0.215769
v -0.759834 1.332235 -0.227469
v -0.759781 1.332952 -0.227469
v -0.767671 1.332952 -0.215721
v -0.779402 1.332952 -0.207856
v -0.793294 1.332952 -0.205075
v -0.778700 1.341304 -0.206130
v -0.766321 1.341304 -0.214378
v -0.758051 1.341304 -0.226750
v -0.757943 1.342023 -0.226702
v -0.766266 1.342023 -0.214282
v -0.757943 1.342651 -0.226702
v -0.755022 1.348578 -0.241328
v -0.757943 1.348578 -0.226702
v -1.395091 2.394555 -0.006259
v -1.395091 2.390962 -0.006259
v -1.319415 2.382881 -0.006259
v -1.395091 2.388898 -0.005396
v -1.319415 2.380726 -0.005396
v -1.395091 2.387999 -0.003334
v -1.319415 2.379917 -0.003334
v -1.243790 2.384766 -0.005396
v -1.243790 2.383869 -0.003334
v -1.243790 2.386922 -0.006259
v -1.319415 2.386472 -0.006259
v -1.319415 2.388628 -0.005396
v -1.395091 2.396710 -0.005396
v -1.319415 2.389526 -0.003334
v -1.395091 2.397609 -0.003334
v -1.319415 2.389526 0.003332
v -1.395091 2.397609 0.003332
v -1.319415 2.388628 0.005393
v -1.395091 2.396710 0.005393
v -1.319415 2.386472 0.006257
v -1.395091 2.394555 0.006257
v -1.395091 2.390962 0.006257
v -1.319415 2.382881 0.006257
v -1.319415 2.380726 0.005393
v -1.395091 2.388898 0.005393
v -1.319415 2.379917 0.003332
v -1.395091 2.387999 0.003332
v -1.319415 2.379917 -0.003334
v -1.395091 2.387999 -0.003334
v -1.243790 2.383869 -0.003334
v -1.243790 2.383869 0.003332
v -1.243790 2.384766 0.005393
v -1.243790 2.386922 0.006257
v -1.168115 2.394464 0.005393
v -1.168115 2.396530 0.006257
v -1.098761 2.422303 0.005393
v -1.098761 2.421405 0.003332
v -1.168115 2.393567 0.003332
v -1.098761 2.421405 -0.003334
v -1.168115 2.393567 -0.003334
v -1.168115 2.393567 -0.003334
v -1.168115 2.393567 0.003332
v -1.086165 2.424368 -0.003334
v -1.086165 2.424368 0.003332
v -1.086165 2.425266 0.005393
v -1.098761 2.424458 0.006257
v -1.086165 2.427421 0.006257
v -0.893027 2.439723 0.005393
v -0.893027 2.438826 0.003332
v -0.693561 2.438826 0.003332
v -0.693561 2.438826 -0.003334
v -0.500368 2.424368 -0.003334
v -0.500368 2.424368 0.003332
v -0.488152 2.421584 -0.003334
v -0.893027 2.438826 -0.003334
v -0.693561 2.439723 0.005393
v -0.893027 2.441789 0.006257
v -0.488152 2.421584 0.003332
v -0.500368 2.425266 0.005393
v -0.488152 2.422392 0.005393
v -0.418421 2.393567 0.003332
v -0.418421 2.394464 0.005393
v -0.693561 2.441789 0.006257
v -0.500368 2.427421 0.006257
v -0.488152 2.424547 0.006257
v -0.893027 2.445381 0.006257
v -1.086165 2.430923 0.006257
v -1.098761 2.427960 0.006257
v -1.168115 2.400122 0.006257
v -1.243790 2.390514 0.006257
v -1.243790 2.392580 0.005393
v -0.418421 2.393567 -0.003334
v -0.500368 2.430923 0.006257
v -0.693561 2.445381 0.006257
v -1.168115 2.402278 0.005393
v -1.243790 2.393477 0.003332
v -1.243790 2.393477 -0.003334
v -1.243790 2.392580 -0.005396
v -1.243790 2.390514 -0.006259
v -1.168115 2.396530 -0.006259
v -1.168115 2.394464 -0.005396
v -1.168115 2.393567 -0.003334
v -1.098761 2.424458 -0.006259
v -1.168115 2.400122 -0.006259
v -1.168115 2.402278 -0.005396
v -1.168115 2.403175 -0.003334
v -1.168115 2.403175 0.003332
v -1.098761 2.430115 0.005393
v -1.086165 2.433078 0.005393
v -1.098761 2.431014 0.003332
v -1.098761 2.431014 -0.003334
v -1.098761 2.430115 -0.005396
v -1.098761 2.427960 -0.006259
v -1.086165 2.433977 0.003332
v -1.086165 2.433977 -0.003334
v -1.086165 2.433078 -0.005396
v -0.893027 2.447536 0.005393
v -0.693561 2.447536 0.005393
v -0.893027 2.448434 0.003332
v -0.893027 2.448434 -0.003334
v -0.693561 2.448434 0.003332
v -0.500368 2.433078 0.005393
v -0.488152 2.428140 0.006257
v -0.418421 2.400122 0.006257
v -0.488152 2.430295 0.005393
v -0.500368 2.433977 0.003332
v -0.693561 2.448434 -0.003334
v -0.893027 2.447536 -0.005396
v -1.086165 2.430923 -0.006259
v -1.086165 2.427421 -0.006259
v -1.098761 2.422303 -0.005396
v -1.086165 2.425266 -0.005396
v -1.098761 2.421405 -0.003334
v -1.086165 2.424368 -0.003334
v -0.893027 2.439723 -0.005396
v -0.893027 2.438826 -0.003334
v -0.693561 2.439723 -0.005396
v -0.693561 2.438826 -0.003334
v -0.500368 2.425266 -0.005396
v -0.500368 2.424368 -0.003334
v -0.488152 2.422392 -0.005396
v -0.488152 2.421584 -0.003334
v -0.418421 2.394464 -0.005396
v -0.418421 2.393567 -0.003334
v -1.168115 2.393567 -0.003334
v -0.418421 2.396530 -0.006259
v -0.488152 2.424547 -0.006259
v -0.500368 2.427421 -0.006259
v -0.693561 2.441789 -0.006259
v -0.893027 2.441789 -0.006259
v -0.893027 2.445381 -0.006259
v -0.693561 2.447536 -0.005396
v -0.500368 2.433977 -0.003334
v -0.488152 2.431192 0.003332
v -0.418421 2.402278 0.005393
v -0.342798 2.390514 0.006257
v -0.418421 2.396530 0.006257
v -0.342798 2.386922 0.006257
v -0.342798 2.384766 0.005393
v -0.267120 2.386472 0.006257
v -0.342798 2.392580 0.005393
v -0.418421 2.403175 0.003332
v -0.488152 2.431192 -0.003334
v -0.500368 2.433078 -0.005396
v -0.693561 2.445381 -0.006259
v -0.500368 2.430923 -0.006259
v -0.488152 2.430295 -0.005396
v -0.418421 2.403175 -0.003334
v -0.342798 2.393477 0.003332
v -0.267120 2.388628 0.005393
v -0.191497 2.394555 0.006257
v -0.267120 2.382881 0.006257
v -0.191497 2.390962 0.006257
v -0.191497 2.388898 0.005393
v -0.267120 2.380726 0.005393
v -0.191497 2.387999 0.003332
v -0.267120 2.379917 0.003332
v -0.191497 2.387999 -0.003334
v -0.267120 2.379917 -0.003334
v -0.342798 2.383869 0.003332
v -0.342798 2.383869 -0.003334
v -0.418421 2.393567 0.003332
v -0.418421 2.393567 -0.003334
v -0.488152 2.428140 -0.006259
v -0.418421 2.402278 -0.005396
v -0.342798 2.393477 -0.003334
v -0.267120 2.389526 0.003332
v -0.191497 2.396710 0.005393
v -0.191497 2.397609 0.003332
v -0.267120 2.389526 -0.003334
v -0.342798 2.392580 -0.005396
v -0.191497 2.397609 -0.003334
v -0.267120 2.388628 -0.005396
v -0.191497 2.396710 -0.005396
v -0.267120 2.386472 -0.006259
v -0.191497 2.394555 -0.006259
v -0.191497 2.390962 -0.006259
v -0.267120 2.382881 -0.006259
v -0.267120 2.380726 -0.005396
v -0.342798 2.384766 -0.005396
v -0.342798 2.383869 -0.003334
v -0.418421 2.393567 -0.003334
v -0.342798 2.386922 -0.006259
v -0.418421 2.400122 -0.006259
v -0.342798 2.390514 -0.006259
v -0.191497 2.388898 -0.005396
v -0.267120 2.379917 -0.003334
v -0.191497 2.387999 -0.003334
v -0.778645 1.315891 0.276716
v -0.766213 1.321728 0.268420
v -0.778645 1.321728 0.276716
v -0.766266 1.322446 0.268372
v -0.778645 1.322446 0.276668
v -0.766321 1.323165 0.268276
v -0.758051 1.323165 0.255952
v -0.757943 1.322446 0.255952
v -0.757943 1.321728 0.255999
v -0.766213 1.315891 0.268420
v -0.778915 1.313646 0.276044
v -0.793294 1.313646 0.278922
v -0.793294 1.315891 0.279641
v -0.807673 1.313646 0.276044
v -0.807943 1.315891 0.276716
v -0.793294 1.321728 0.279641
v -0.807943 1.321728 0.276716
v -0.793294 1.322446 0.279593
v -0.778700 1.323165 0.276572
v -0.767671 1.331516 0.266981
v -0.759781 1.331516 0.255233
v -0.757023 1.331516 0.241326
v -0.755185 1.323165 0.241326
v -0.755077 1.322446 0.241326
v -0.755022 1.321728 0.241326
v -0.757943 1.315891 0.255999
v -0.766698 1.313646 0.267892
v -0.779565 1.312748 0.274510
v -0.793294 1.312748 0.277243
v -0.807025 1.312748 0.274510
v -0.818699 1.312748 0.266742
v -0.819835 1.313646 0.267892
v -0.826431 1.312748 0.255088
v -0.793294 1.312748 0.241326
v -0.829187 1.312748 0.241326
v -0.827997 1.313646 0.255712
v -0.820377 1.315891 0.268420
v -0.820377 1.321728 0.268420
v -0.807943 1.322446 0.276668
v -0.793294 1.323165 0.279449
v -0.779402 1.331516 0.274846
v -0.767671 1.332235 0.266933
v -0.759834 1.332235 0.255185
v -0.757078 1.332235 0.241326
v -0.759834 1.332235 0.227467
v -0.759781 1.331516 0.227467
v -0.758051 1.323165 0.226748
v -0.757943 1.322446 0.226700
v -0.757943 1.321728 0.226700
v -0.755022 1.315891 0.241326
v -0.758591 1.313646 0.255712
v -0.767889 1.312748 0.266742
v -0.793294 1.312748 0.241326
v -0.760104 1.312748 0.255088
v -0.755725 1.313646 0.241326
v -0.757401 1.312748 0.241326
v -0.760104 1.312748 0.227611
v -0.767889 1.312748 0.215959
v -0.766698 1.313646 0.214760
v -0.778915 1.313646 0.206608
v -0.778645 1.315891 0.205984
v -0.779565 1.312748 0.208190
v -0.758536 1.313646 0.226940
v -0.757943 1.315891 0.226700
v -0.766213 1.321728 0.214280
v -0.766266 1.322446 0.214280
v -0.766321 1.323165 0.214376
v -0.767671 1.331516 0.215719
v -0.767671 1.332235 0.215767
v -0.779457 1.332235 0.207902
v -0.779402 1.331516 0.207854
v -0.778700 1.323165 0.206128
v -0.778645 1.322446 0.206032
v -0.778645 1.321728 0.205984
v -0.766213 1.315891 0.214280
v -0.779402 1.332952 0.207854
v -0.767671 1.332952 0.215719
v -0.759781 1.332952 0.227467
v -0.757023 1.332952 0.241326
v -0.759781 1.332952 0.255233
v -0.767671 1.332952 0.266981
v -0.779457 1.332235 0.274798
v -0.793294 1.331516 0.277579
v -0.807888 1.323165 0.276572
v -0.820322 1.322446 0.268372
v -0.828647 1.321728 0.255999
v -0.828647 1.315891 0.255999
v -0.830863 1.313646 0.241326
v -0.826484 1.312748 0.227611
v -0.818699 1.312748 0.215959
v -0.827997 1.313646 0.226940
v -0.831565 1.315891 0.241326
v -0.831565 1.321728 0.241326
v -0.828592 1.322446 0.255952
v -0.820267 1.323165 0.268276
v -0.807186 1.331516 0.274846
v -0.793294 1.332235 0.277531
v -0.779402 1.332952 0.274846
v -0.766321 1.341304 0.268276
v -0.758051 1.341304 0.255952
v -0.755185 1.341304 0.241326
v -0.758051 1.341304 0.226748
v -0.766321 1.341304 0.214376
v -0.778700 1.341304 0.206128
v -0.778645 1.342023 0.206032
v -0.766266 1.342023 0.214280
v -0.757943 1.342023 0.226700
v -0.755077 1.342023 0.241326
v -0.757943 1.342023 0.255952
v -0.766266 1.342023 0.268372
v -0.778700 1.341304 0.276572
v -0.793294 1.332952 0.277579
v -0.807133 1.332235 0.274798
v -0.818917 1.331516 0.266981
v -0.828484 1.323165 0.255952
v -0.831510 1.322446 0.241326
v -0.828647 1.321728 0.226700
v -0.828647 1.315891 0.226700
v -0.819835 1.313646 0.214760
v -0.807025 1.312748 0.208190
v -0.793294 1.312748 0.205457
v -0.779565 1.312748 0.208190
v -0.778645 1.342651 0.205984
v -0.766213 1.342651 0.214280
v -0.778645 1.348578 0.205984
v -0.807673 1.313646 0.206608
v -0.820377 1.315891 0.214280
v -0.820377 1.321728 0.214280
v -0.828592 1.322446 0.226700
v -0.831403 1.323165 0.241326
v -0.826809 1.331516 0.255233
v -0.818862 1.332235 0.266933
v -0.807186 1.332952 0.274846
v -0.793294 1.341304 0.279449
v -0.778645 1.342023 0.276668
v -0.766213 1.342651 0.268420
v -0.757943 1.342651 0.255999
v -0.755022 1.342651 0.241326
v -0.757943 1.342651 0.226700
v -0.766213 1.348578 0.214280
v -0.778915 1.350823 0.206608
v -0.766698 1.350823 0.214760
v -0.757943 1.348578 0.226700
v -0.755022 1.348578 0.241326
v -0.757943 1.348578 0.255999
v -0.766213 1.348578 0.268420
v -0.778645 1.342651 0.276716
v -0.793294 1.342023 0.279593
v -0.807888 1.341304 0.276572
v -0.818917 1.332952 0.266981
v -0.826701 1.332235 0.255185
v -0.829565 1.331516 0.241326
v -0.828484 1.323165 0.226748
v -0.820322 1.322446 0.214280
v -0.807943 1.321728 0.205984
v -0.807943 1.315891 0.205984
v -0.793294 1.313646 0.203778
v -0.778915 1.313646 0.206608
v -0.793294 1.315891 0.203059
v -0.778645 1.315891 0.205984
v -0.793294 1.321728 0.203059
v -0.778645 1.321728 0.205984
v -0.793294 1.322446 0.203107
v -0.778645 1.322446 0.206032
v -0.807943 1.322446 0.206032
v -0.820267 1.323165 0.214376
v -0.826809 1.331516 0.227467
v -0.829457 1.332235 0.241326
v -0.826809 1.332952 0.255233
v -0.820267 1.341304 0.268276
v -0.807943 1.342023 0.276668
v -0.793294 1.342651 0.279641
v -0.778645 1.348578 0.276716
v -0.766698 1.350823 0.267892
v -0.758591 1.350823 0.255712
v -0.755725 1.350823 0.241326
v -0.758536 1.350823 0.226940
v -0.767889 1.351721 0.215959
v -0.760104 1.351721 0.227611
v -0.757401 1.351721 0.241326
v -0.760104 1.351721 0.255088
v -0.793294 1.351721 0.241326
v -0.779565 1.351721 0.208190
v -0.766698 1.350823 0.214760
v -0.778915 1.350823 0.206608
v -0.793294 1.351721 0.205457
v -0.793294 1.350823 0.203778
v -0.807025 1.351721 0.208190
v -0.807673 1.350823 0.206608
v -0.818699 1.351721 0.215959
v -0.819835 1.350823 0.214760
v -0.826484 1.351721 0.227611
v -0.827997 1.350823 0.226940
v -0.829187 1.351721 0.241326
v -0.826431 1.351721 0.255088
v -0.830863 1.350823 0.241326
v -0.828647 1.348578 0.226700
v -0.820377 1.348578 0.214280
v -0.807943 1.348578 0.205984
v -0.793294 1.348578 0.203059
v -0.778645 1.348578 0.205984
v -0.778645 1.342651 0.205984
v -0.793294 1.342651 0.203059
v -0.778645 1.342023 0.206032
v -0.807943 1.342651 0.205984
v -0.820377 1.342651 0.214280
v -0.828647 1.342651 0.226700
v -0.831565 1.348578 0.241326
v -0.827997 1.350823 0.255712
v -0.818699 1.351721 0.266742
v -0.807025 1.351721 0.274510
v -0.819835 1.350823 0.267892
v -0.828647 1.348578 0.255999
v -0.831565 1.342651 0.241326
v -0.828592 1.342023 0.226700
v -0.820322 1.342023 0.214280
v -0.807943 1.342023 0.206032
v -0.793294 1.342023 0.203107
v -0.778700 1.341304 0.206128
v -0.793294 1.341304 0.203203
v -0.779402 1.332952 0.207854
v -0.807888 1.341304 0.206128
v -0.820267 1.341304 0.214376
v -0.828484 1.341304 0.226748
v -0.831510 1.342023 0.241326
v -0.828647 1.342651 0.255999
v -0.820377 1.348578 0.268420
v -0.807673 1.350823 0.276044
v -0.793294 1.351721 0.277243
v -0.779565 1.351721 0.274510
v -0.767889 1.351721 0.266742
v -0.778915 1.350823 0.276044
v -0.793294 1.350823 0.278922
v -0.807943 1.348578 0.276716
v -0.820377 1.342651 0.268420
v -0.828592 1.342023 0.255952
v -0.831403 1.341304 0.241326
v -0.826809 1.332952 0.227467
v -0.818917 1.332952 0.215719
v -0.807186 1.332952 0.207854
v -0.793294 1.332952 0.205073
v -0.779457 1.332235 0.207902
v -0.793294 1.332235 0.205169
v -0.779402 1.331516 0.207854
v -0.807133 1.332235 0.207902
v -0.818862 1.332235 0.215767
v -0.826701 1.332235 0.227467
v -0.829565 1.332952 0.241326
v -0.828484 1.341304 0.255952
v -0.820322 1.342023 0.268372
v -0.807943 1.342651 0.276716
v -0.793294 1.348578 0.279641
v -0.818917 1.331516 0.215719
v -0.807888 1.323165 0.206128
v -0.793294 1.323165 0.203203
v -0.778700 1.323165 0.206128
v -0.793294 1.331516 0.205073
v -0.807186 1.331516 0.207854
v -0.282689 2.406857 0.211498
v -0.282689 2.383061 0.211498
v -0.240634 2.383061 0.000023
v -0.239932 2.381354 0.000023
v -0.240634 2.406857 0.000023
v -0.282039 2.408563 0.211738
v -0.239932 2.408563 0.000023
v -0.280579 2.409282 0.212362
v -0.238309 2.409282 0.000023
v -0.267607 2.409282 0.217732
v -0.224309 2.409282 0.000023
v -0.390960 2.409282 0.402306
v -0.400853 2.409282 0.392428
v -0.575561 2.409282 0.525643
v -0.580912 2.409282 0.512696
v -0.793294 2.409282 0.568993
v -0.793294 2.409282 0.554943
v -1.011030 2.409282 0.525643
v -1.005678 2.409282 0.512696
v -1.195628 2.409282 0.402306
v -1.185683 2.409282 0.392428
v -1.318928 2.409282 0.217732
v -1.306009 2.409282 0.212362
v -1.362281 2.409282 0.000023
v -1.348227 2.409282 0.000023
v -1.318928 2.409282 -0.217735
v -1.306009 2.409282 -0.212364
v -1.195628 2.409282 -0.402309
v -1.185683 2.409282 -0.392430
v -1.011030 2.409282 -0.525645
v -1.005678 2.409282 -0.512698
v -0.793294 2.409282 -0.568996
v -0.793294 2.409282 -0.554945
v -0.575561 2.409282 -0.525645
v -0.580912 2.409282 -0.512698
v -0.390960 2.409282 -0.402309
v -0.400853 2.409282 -0.392430
v -0.267607 2.409282 -0.217735
v -0.280579 2.409282 -0.212364
v -0.224309 2.409282 0.000023
v -0.238309 2.409282 0.000023
v -0.282039 2.408563 -0.211741
v -0.239932 2.408563 0.000023
v -0.401988 2.408563 -0.391279
v -0.581505 2.408563 -0.511212
v -0.793294 2.408563 -0.553363
v -1.005028 2.408563 -0.511212
v -1.184547 2.408563 -0.391279
v -1.304496 2.408563 -0.211741
v -1.346604 2.408563 0.000023
v -1.304496 2.408563 0.211738
v -1.184547 2.408563 0.391277
v -1.005028 2.408563 0.511209
v -0.793294 2.408563 0.553360
v -0.581505 2.408563 0.511209
v -0.401988 2.408563 0.391277
v -0.402476 2.406857 0.390797
v -0.581775 2.406857 0.510586
v -0.793294 2.406857 0.552689
v -1.004813 2.406857 0.510586
v -1.184060 2.406857 0.390797
v -1.303901 2.406857 0.211498
v -1.345956 2.406857 0.000023
v -1.303901 2.406857 -0.211501
v -1.184060 2.406857 -0.390800
v -1.004758 2.406857 -0.510588
v -0.793294 2.406857 -0.552691
v -0.581775 2.406857 -0.510588
v -0.402476 2.406857 -0.390800
v -0.282689 2.406857 -0.211501
v -0.240634 2.406857 0.000023
v -0.282689 2.383061 -0.211501
v -0.240634 2.383061 0.000023
v -0.402476 2.383061 -0.390800
v -0.581775 2.383061 -0.510588
v -0.793294 2.383061 -0.552691
v -1.004758 2.383061 -0.510588
v -1.184060 2.383061 -0.390800
v -1.303901 2.383061 -0.211501
v -1.345956 2.383061 0.000023
v -1.303901 2.383061 0.211498
v -1.184060 2.383061 0.390797
v -1.004813 2.383061 0.510586
v -0.793294 2.383061 0.552689
v -0.581775 2.383061 0.510586
v -0.402476 2.383061 0.390797
v -0.282039 2.381354 0.211738
v -0.238309 2.380636 0.000023
v -0.280579 2.380636 0.212362
v -0.224309 2.380636 0.000023
v -0.267607 2.380636 0.217732
v -0.400853 2.380636 0.392428
v -0.390960 2.380636 0.402306
v -0.580912 2.380636 0.512696
v -0.575561 2.380636 0.525643
v -0.793294 2.380636 0.554943
v -0.793294 2.380636 0.568993
v -1.005678 2.380636 0.512696
v -1.011030 2.380636 0.525643
v -1.185683 2.380636 0.392428
v -1.195628 2.380636 0.402306
v -1.306009 2.380636 0.212362
v -1.318928 2.380636 0.217732
v -1.348227 2.380636 0.000023
v -1.362281 2.380636 0.000023
v -1.306009 2.380636 -0.212364
v -1.318928 2.380636 -0.217735
v -1.185683 2.380636 -0.392430
v -1.195628 2.380636 -0.402309
v -1.005678 2.380636 -0.512698
v -1.011030 2.380636 -0.525645
v -0.793294 2.380636 -0.554945
v -0.793294 2.380636 -0.568996
v -0.580912 2.380636 -0.512698
v -0.575561 2.380636 -0.525645
v -0.400853 2.380636 -0.392430
v -0.390960 2.380636 -0.402309
v -0.280579 2.380636 -0.212364
v -0.267607 2.380636 -0.217735
v -0.238309 2.380636 0.000023
v -0.224309 2.380636 0.000023
v -0.239932 2.381354 0.000023
v -0.282039 2.381354 -0.211741
v -0.401988 2.381354 -0.391279
v -0.581505 2.381354 -0.511212
v -0.793294 2.381354 -0.553363
v -1.005028 2.381354 -0.511212
v -1.184547 2.381354 -0.391279
v -1.304496 2.381354 -0.211741
v -1.346604 2.381354 0.000023
v -1.304496 2.381354 0.211738
v -1.184547 2.381354 0.391277
v -1.005028 2.381354 0.511209
v -0.793294 2.381354 0.553360
v -0.581505 2.381354 0.511209
v -0.401988 2.381354 0.391277
v -0.796645 2.387999 0.601794
v -0.798701 2.388898 0.601794
v -0.796645 2.379917 0.526123
v -0.798701 2.380726 0.526123
v -0.796645 2.383869 0.450500
v -0.798701 2.384766 0.450500
v -0.796645 2.393567 0.374829
v -0.798701 2.394464 0.374829
v -0.799566 2.386922 0.450500
v -0.799566 2.382881 0.526123
v -0.799566 2.386472 0.526123
v -0.799566 2.394555 0.601794
v -0.798701 2.396710 0.601794
v -0.798701 2.388628 0.526123
v -0.796645 2.397609 0.601794
v -0.799566 2.390962 0.601794
v -0.796645 2.393567 0.374829
v -0.796645 2.421405 0.305488
v -0.798701 2.422303 0.305488
v -0.796645 2.424368 0.292876
v -0.798701 2.425266 0.292876
v -0.796645 2.438826 0.099718
v -0.798701 2.439723 0.099718
v -0.799566 2.427421 0.292876
v -0.799566 2.441789 0.099718
v -0.798701 2.439723 -0.099721
v -0.799566 2.441789 -0.099721
v -0.799566 2.445381 0.099718
v -0.799566 2.430923 0.292876
v -0.799566 2.427960 0.305488
v -0.799566 2.424458 0.305488
v -0.799566 2.396530 0.374829
v -0.799566 2.390514 0.450500
v -0.798701 2.392580 0.450500
v -0.796645 2.389526 0.526123
v -0.789943 2.397609 0.601794
v -0.789943 2.389526 0.526123
v -0.787890 2.396710 0.601794
v -0.799566 2.400122 0.374829
v -0.798701 2.402278 0.374829
v -0.798701 2.430115 0.305488
v -0.798701 2.433078 0.292876
v -0.798701 2.447536 0.099718
v -0.799566 2.445381 -0.099721
v -0.799566 2.427421 -0.292878
v -0.798701 2.425266 -0.292878
v -0.796645 2.424368 -0.292878
v -0.796645 2.438826 -0.099721
v -0.796645 2.393477 0.450500
v -0.796645 2.421495 -0.305107
v -0.798701 2.422392 -0.305107
v -0.799566 2.424547 -0.305107
v -0.799566 2.430923 -0.292878
v -0.798701 2.447536 -0.099721
v -0.796645 2.448434 0.099718
v -0.796645 2.433977 0.292876
v -0.796645 2.431014 0.305488
v -0.796645 2.403175 0.374829
v -0.789943 2.393477 0.450500
v -0.787890 2.388628 0.526123
v -0.787024 2.394555 0.601794
v -0.787024 2.386472 0.526171
v -0.787024 2.390962 0.601794
v -0.796645 2.393567 -0.374831
v -0.798701 2.394464 -0.374831
v -0.787890 2.392580 0.450500
v -0.789943 2.403175 0.374829
v -0.789943 2.431014 0.305488
v -0.789943 2.433977 0.292876
v -0.789943 2.448434 0.099718
v -0.796645 2.448434 -0.099721
v -0.798701 2.433078 -0.292878
v -0.799566 2.428140 -0.305107
v -0.799566 2.396530 -0.374831
v -0.798701 2.384766 -0.450502
v -0.796645 2.383869 -0.450502
v -0.796645 2.393567 -0.374831
v -0.799566 2.386922 -0.450502
v -0.798701 2.380726 -0.526125
v -0.799566 2.400122 -0.374831
v -0.798701 2.430295 -0.305107
v -0.796645 2.433977 -0.292878
v -0.789943 2.448434 -0.099721
v -0.787890 2.447536 0.099718
v -0.787890 2.433078 0.292876
v -0.787890 2.430115 0.305488
v -0.787890 2.402278 0.374829
v -0.787024 2.390514 0.450500
v -0.787024 2.382881 0.526171
v -0.787890 2.388898 0.601794
v -0.787890 2.380726 0.526123
v -0.789943 2.387999 0.601794
v -0.787024 2.386922 0.450500
v -0.787024 2.400122 0.374829
v -0.787024 2.427960 0.305488
v -0.787024 2.430923 0.292876
v -0.787024 2.445381 0.099718
v -0.787890 2.447536 -0.099721
v -0.789943 2.433977 -0.292878
v -0.796645 2.431192 -0.305107
v -0.798701 2.402278 -0.374831
v -0.799566 2.390514 -0.450502
v -0.799566 2.382881 -0.526125
v -0.798701 2.388898 -0.601796
v -0.796645 2.387999 -0.601796
v -0.796645 2.379917 -0.526125
v -0.799566 2.390962 -0.601796
v -0.799566 2.386472 -0.526125
v -0.798701 2.392580 -0.450502
v -0.796645 2.403175 -0.374831
v -0.789943 2.431192 -0.305107
v -0.787890 2.433078 -0.292878
v -0.787024 2.445381 -0.099721
v -0.787024 2.441789 0.099718
v -0.787024 2.427421 0.292876
v -0.787024 2.424458 0.305488
v -0.787024 2.396530 0.374829
v -0.787890 2.384766 0.450500
v -0.789943 2.379917 0.526123
v -0.796645 2.387999 0.601794
v -0.796645 2.379917 0.526123
v -0.789943 2.383869 0.450500
v -0.796645 2.383869 0.450500
v -0.789943 2.393567 0.374829
v -0.796645 2.393567 0.374829
v -0.799566 2.394555 -0.601796
v -0.787890 2.394464 0.374829
v -0.787890 2.422303 0.305488
v -0.787890 2.425266 0.292876
v -0.789943 2.393567 0.374829
v -0.789943 2.421405 0.305488
v -0.796645 2.393567 0.374829
v -0.796645 2.421405 0.305488
v -0.789943 2.424368 0.292876
v -0.796645 2.424368 0.292876
v -0.789943 2.438826 0.099718
v -0.796645 2.438826 0.099718
v -0.789943 2.438826 -0.099721
v -0.796645 2.438826 -0.099721
v -0.798701 2.439723 0.099718
v -0.798701 2.439723 -0.099721
v -0.787890 2.439723 0.099718
v -0.796645 2.393567 -0.374831
v -0.796645 2.421495 -0.305107
v -0.789943 2.393567 -0.374831
v -0.789943 2.421495 -0.305107
v -0.787890 2.394464 -0.374831
v -0.787890 2.422392 -0.305107
v -0.789943 2.424368 -0.292878
v -0.787890 2.425266 -0.292878
v -0.787890 2.439723 -0.099721
v -0.787024 2.441789 -0.099721
v -0.787024 2.430923 -0.292878
v -0.796645 2.424368 -0.292878
v -0.787024 2.427421 -0.292878
v -0.787024 2.424547 -0.305107
v -0.787024 2.396530 -0.374831
v -0.787024 2.386922 -0.450502
v -0.787890 2.384766 -0.450502
v -0.789943 2.393567 -0.374831
v -0.789943 2.383869 -0.450502
v -0.796645 2.393567 -0.374831
v -0.796645 2.383869 -0.450502
v -0.789943 2.379917 -0.526125
v -0.796645 2.379917 -0.526125
v -0.789943 2.387999 -0.601796
v -0.796645 2.387999 -0.601796
v -0.798701 2.384766 -0.450502
v -0.798701 2.380726 -0.526125
v -0.787890 2.388898 -0.601796
v -0.787890 2.380726 -0.526125
v -0.787024 2.382881 -0.526125
v -0.787024 2.386472 -0.526125
v -0.787024 2.390514 -0.450502
v -0.787024 2.400122 -0.374831
v -0.787024 2.428140 -0.305107
v -0.787890 2.430295 -0.305107
v -0.789943 2.403175 -0.374831
v -0.787024 2.390962 -0.601796
v -0.787024 2.394555 -0.601796
v -0.787890 2.396710 -0.601796
v -0.787890 2.402278 -0.374831
v -0.787890 2.392580 -0.450502
v -0.787890 2.388628 -0.526125
v -0.789943 2.397609 -0.601796
v -0.789943 2.389526 -0.526125
v -0.796645 2.397609 -0.601796
v -0.789943 2.393477 -0.450502
v -0.796645 2.393477 -0.450502
v -0.798701 2.388628 -0.526125
v -0.798701 2.396710 -0.601796
v -0.796645 2.389526 -0.526125
v -0.268473 1.094447 -0.524782
v -0.107604 1.094447 -0.284007
v -0.089819 1.094447 -0.291392
v -0.031871 1.094447 0.000023
v -0.254904 1.094447 -0.538401
v -0.509288 1.094447 -0.685667
v -0.501883 1.094447 -0.703458
v -0.793294 1.094447 -0.742156
v -0.793294 1.094447 -0.761434
v -1.077300 1.094447 -0.685667
v -1.084652 1.094447 -0.703458
v -1.318063 1.094447 -0.524782
v -1.331684 1.094447 -0.538401
v -1.478986 1.094447 -0.284007
v -1.496716 1.094447 -0.291392
v -1.535473 1.094447 -0.000025
v -1.554717 1.094447 0.000023
v -1.478986 1.094447 0.284004
v -1.496716 1.094447 0.291390
v -1.318063 1.094447 0.524780
v -1.331684 1.094447 0.538399
v -1.077300 1.094447 0.685665
v -1.084652 1.094447 0.703455
v -0.793294 1.094447 0.742154
v -0.793294 1.094447 0.761431
v -0.509288 1.094447 0.685665
v -0.501883 1.094447 0.703455
v -0.268473 1.094447 0.524780
v -0.254904 1.094447 0.538399
v -0.107604 1.094447 0.284004
v -0.089819 1.094447 0.291390
v -0.109280 1.093639 0.283333
v -0.269768 1.093639 0.523533
v -0.509991 1.093639 0.683987
v -0.793294 1.093639 0.740332
v -1.076597 1.093639 0.683987
v -1.316820 1.093639 0.523533
v -1.477311 1.093639 0.283333
v -1.533635 1.093639 0.000023
v -1.477311 1.093639 -0.283336
v -1.316820 1.093639 -0.523487
v -1.076597 1.093639 -0.683989
v -0.793294 1.093639 -0.740334
v -0.509991 1.093639 -0.683989
v -0.269768 1.093639 -0.523487
v -0.109280 1.093639 -0.283336
v -0.051115 1.094447 0.000023
v -0.052953 1.093639 0.000023
v -0.107604 1.094447 0.284004
v -0.109280 1.093639 0.283333
v -0.053710 1.091843 0.000023
v -0.109982 1.091843 0.283045
v -0.109982 1.091843 0.283045
v -0.089819 1.094447 0.291390
v -0.109982 1.091843 -0.283048
v -0.270311 1.091843 -0.522960
v -0.510261 1.091843 -0.683317
v -0.793294 1.091843 -0.739615
v -1.076327 1.091843 -0.683317
v -1.316280 1.091843 -0.522960
v -1.476608 1.091843 -0.283048
v -1.532878 1.091843 0.000023
v -1.476608 1.091843 0.283045
v -1.316280 1.091843 0.522958
v -1.076327 1.091843 0.683315
v -0.793294 1.091843 0.739612
v -0.510261 1.091843 0.683315
v -0.270311 1.091843 0.522958
v -0.109982 1.066250 0.283045
v -0.270311 1.066250 0.522958
v -0.109280 1.064454 0.283333
v -0.510261 1.066250 0.683315
v -0.793294 1.066250 0.739612
v -1.076327 1.066250 0.683315
v -1.316280 1.066250 0.522958
v -1.476608 1.066250 0.283045
v -1.532878 1.066250 0.000023
v -1.476608 1.066250 -0.283048
v -1.316280 1.066250 -0.522960
v -1.076327 1.066250 -0.683317
v -0.793294 1.066250 -0.739615
v -0.510261 1.066250 -0.683317
v -0.270311 1.066250 -0.522960
v -0.109982 1.066250 -0.283048
v -0.053710 1.066250 0.000023
v -0.109982 1.066250 0.283045
v -0.052953 1.064454 0.000023
v -0.109280 1.064454 0.283333
v -0.109280 1.064454 -0.283336
v -0.269768 1.064454 -0.523487
v -0.509991 1.064454 -0.683989
v -0.793294 1.064454 -0.740334
v -1.076597 1.064454 -0.683989
v -1.316820 1.064454 -0.523487
v -1.477311 1.064454 -0.283336
v -1.533635 1.064454 0.000023
v -1.477311 1.064454 0.283333
v -1.316820 1.064454 0.523533
v -1.076597 1.064454 0.683987
v -0.793294 1.064454 0.740332
v -0.509991 1.064454 0.683987
v -0.269768 1.064454 0.523533
v -0.107604 1.063646 0.284004
v -0.268473 1.063646 0.524780
v -0.089819 1.063646 0.291390
v -0.254904 1.063646 0.538399
v -0.509288 1.063646 0.685665
v -0.793294 1.063646 0.742154
v -1.077300 1.063646 0.685665
v -1.318063 1.063646 0.524780
v -1.478986 1.063646 0.284004
v -1.535473 1.063646 -0.000025
v -1.478986 1.063646 -0.284007
v -1.318063 1.063646 -0.524782
v -1.077300 1.063646 -0.685667
v -0.793294 1.063646 -0.742156
v -0.509288 1.063646 -0.685667
v -0.268473 1.063646 -0.524782
v -0.107604 1.063646 -0.284007
v -0.051115 1.063646 0.000023
v -0.107604 1.063646 0.284004
v -0.031871 1.063646 0.000023
v -0.089819 1.063646 0.291390
v -0.089819 1.063646 -0.291392
v -0.254904 1.063646 -0.538401
v -0.501883 1.063646 -0.703458
v -0.793294 1.063646 -0.761434
v -1.084652 1.063646 -0.703458
v -1.331684 1.063646 -0.538401
v -1.496716 1.063646 -0.291392
v -1.554717 1.063646 0.000023
v -1.496716 1.063646 0.291390
v -1.331684 1.063646 0.538399
v -1.084652 1.063646 0.703455
v -0.793294 1.063646 0.761431
v -0.501883 1.063646 0.703455
v -0.780863 2.555205 -0.012445
v -0.777024 2.555205 -0.006739
v -0.793294 2.558796 0.000023
v -0.775673 2.555205 -0.000025
v -0.777024 2.555205 0.006736
v -0.763240 2.544878 0.012443
v -0.760807 2.544878 0.000023
v -0.763240 2.544878 -0.012445
v -0.770322 2.544878 -0.022995
v -0.754050 2.529523 -0.016234
v -0.763240 2.529523 -0.030044
v -0.750806 2.529523 0.000023
v -0.754050 2.529523 0.016231
v -0.763240 2.529523 0.030042
v -0.770322 2.544878 0.022993
v -0.780863 2.555205 0.012443
v -0.786537 2.555205 0.016231
v -0.793294 2.555205 0.017574
v -0.780863 2.544878 0.030042
v -0.793294 2.544878 0.032487
v -0.799998 2.555205 0.016231
v -0.805728 2.544878 0.030042
v -0.805728 2.555205 0.012443
v -0.816268 2.544878 0.022993
v -0.823295 2.544878 0.012443
v -0.809511 2.555205 0.006736
v -0.810862 2.555205 0.000023
v -0.825781 2.544878 0.000023
v -0.835727 2.529523 0.000023
v -0.832538 2.529523 0.016231
v -0.823295 2.529523 0.030042
v -0.809511 2.529523 0.039249
v -0.793294 2.529523 0.042462
v -0.777024 2.529523 0.039249
v -0.775673 2.511383 0.042462
v -0.760807 2.511383 0.032487
v -0.750806 2.511383 0.017574
v -0.747348 2.511383 0.000023
v -0.750806 2.511383 -0.017576
v -0.760807 2.511383 -0.032490
v -0.754050 2.493244 -0.016234
v -0.763240 2.493244 -0.030044
v -0.750806 2.493244 0.000023
v -0.754050 2.493244 0.016231
v -0.763240 2.493244 0.030042
v -0.777024 2.493244 0.039249
v -0.793294 2.511383 0.045963
v -0.810862 2.511383 0.042462
v -0.793294 2.493244 0.042462
v -0.780863 2.477888 0.030042
v -0.770322 2.477888 0.022993
v -0.780863 2.467651 0.012443
v -0.786537 2.467651 0.016231
v -0.793294 2.477888 0.032487
v -0.809511 2.493244 0.039249
v -0.763240 2.477888 0.012443
v -0.777024 2.467651 0.006736
v -0.793294 2.464059 0.000023
v -0.793294 2.467651 0.017574
v -0.805728 2.477888 0.030042
v -0.799998 2.467651 0.016231
v -0.805728 2.467651 0.012443
v -0.809511 2.467651 0.006736
v -0.823295 2.477888 0.012443
v -0.810862 2.467651 0.000023
v -0.825781 2.477888 0.000023
v -0.809511 2.467651 -0.006739
v -0.823295 2.477888 -0.012445
v -0.805728 2.467651 -0.012445
v -0.799998 2.467651 -0.016234
v -0.793294 2.467651 -0.017576
v -0.786537 2.467651 -0.016234
v -0.780863 2.467651 -0.012445
v -0.770322 2.477888 -0.022995
v -0.780863 2.477888 -0.030044
v -0.793294 2.477888 -0.032490
v -0.805728 2.477888 -0.030044
v -0.816268 2.477888 -0.022995
v -0.832538 2.493244 -0.016234
v -0.835727 2.493244 0.000023
v -0.832538 2.493244 0.016231
v -0.823295 2.493244 0.030042
v -0.816268 2.477888 0.022993
v -0.825781 2.511383 0.032487
v -0.835727 2.511383 0.017574
v -0.839240 2.511383 0.000023
v -0.835727 2.511383 -0.017576
v -0.823295 2.493244 -0.030044
v -0.809511 2.493244 -0.039251
v -0.825781 2.511383 -0.032490
v -0.832538 2.529523 -0.016234
v -0.823295 2.544878 -0.012445
v -0.809511 2.555205 -0.006739
v -0.805728 2.555205 -0.012445
v -0.816268 2.544878 -0.022995
v -0.799998 2.555205 -0.016234
v -0.793294 2.555205 -0.017576
v -0.786537 2.555205 -0.016234
v -0.780863 2.555205 -0.012445
v -0.780863 2.544878 -0.030044
v -0.770322 2.544878 -0.022995
v -0.777024 2.529523 -0.039251
v -0.763240 2.529523 -0.030044
v -0.760807 2.511383 -0.032490
v -0.775673 2.511383 -0.042464
v -0.763240 2.493244 -0.030044
v -0.777024 2.493244 -0.039251
v -0.793294 2.493244 -0.042464
v -0.810862 2.511383 -0.042464
v -0.793294 2.511383 -0.045965
v -0.793294 2.529523 -0.042464
v -0.793294 2.544878 -0.032490
v -0.805728 2.544878 -0.030044
v -0.823295 2.529523 -0.030044
v -0.809511 2.529523 -0.039251
v -0.760807 2.477888 0.000023
v -0.763240 2.477888 -0.012445
v -0.770322 2.477888 -0.022995
v -0.777024 2.467651 -0.006739
v -0.780863 2.467651 -0.012445
v -0.775673 2.467651 -0.000025
v -1.558825 1.135126 -0.007985
v -1.462606 1.120309 -0.007985
v -1.558825 1.130636 -0.007985
v -1.558825 1.127942 -0.006882
v -1.462606 1.117616 -0.006882
v -1.558825 1.126775 -0.004245
v -1.462606 1.116448 -0.004245
v -1.558825 1.126775 0.004243
v -1.462606 1.116448 0.004243
v -1.558825 1.127942 0.006880
v -1.462606 1.117616 0.006880
v -1.558825 1.130636 0.007983
v -1.462606 1.120309 0.007983
v -1.462606 1.124889 0.007983
v -1.558825 1.135126 0.007983
v -1.558825 1.137910 0.006880
v -1.462606 1.127583 0.006880
v -1.558825 1.138988 0.004243
v -1.462606 1.128750 0.004243
v -1.558825 1.138988 -0.004245
v -1.462606 1.128750 -0.004245
v -1.366335 1.133868 0.004243
v -1.366335 1.132701 0.006880
v -1.366335 1.130007 0.007983
v -1.366335 1.125517 0.007983
v -1.270116 1.142220 0.007983
v -1.270116 1.145004 0.006880
v -1.270116 1.146081 0.004243
v -1.366335 1.133868 -0.004245
v -1.270116 1.146081 -0.004245
v -1.366335 1.132701 -0.006882
v -1.270116 1.145004 -0.006882
v -1.462606 1.127583 -0.006882
v -1.270116 1.137730 0.007983
v -1.270116 1.135036 0.006880
v -1.366335 1.122734 0.006880
v -1.366335 1.121656 0.004243
v -1.366335 1.121656 -0.004245
v -1.366335 1.122734 -0.006882
v -1.366335 1.125517 -0.007985
v -1.462606 1.124889 -0.007985
v -1.462606 1.127583 -0.006882
v -1.558825 1.137910 -0.006882
v -1.462606 1.128750 -0.004245
v -1.558825 1.138988 -0.004245
v -1.366335 1.132701 -0.006882
v -1.366335 1.130007 -0.007985
v -1.270116 1.137730 -0.007985
v -1.270116 1.135036 -0.006882
v -1.270116 1.133868 -0.004245
v -1.270116 1.133868 0.004243
v -1.181899 1.169339 0.004243
v -1.181899 1.169339 -0.004245
v -1.181899 1.170416 -0.006882
v -1.270116 1.135036 -0.006882
v -1.181899 1.173201 -0.007985
v -1.270116 1.137730 -0.007985
v -1.270116 1.142220 -0.007985
v -1.181899 1.177691 -0.007985
v -1.181899 1.180385 -0.006882
v -1.165844 1.184246 -0.006882
v -1.165844 1.181462 -0.007985
v -0.920162 1.202565 -0.006882
v -1.270116 1.145004 -0.006882
v -1.270116 1.142220 -0.007985
v -1.270116 1.145004 -0.006882
v -1.165844 1.176972 -0.007985
v -1.165844 1.174278 -0.006882
v -1.165844 1.173110 -0.004245
v -1.165844 1.173110 0.004243
v -1.181899 1.170416 0.006880
v -1.165844 1.174278 0.006880
v -1.181899 1.173201 0.007983
v -1.270116 1.137730 0.007983
v -0.920162 1.195292 -0.007985
v -0.920162 1.192598 -0.006882
v -0.920162 1.191430 -0.004245
v -0.920162 1.191430 0.004243
v -0.920162 1.199782 -0.007985
v -0.666426 1.202565 -0.006882
v -0.666426 1.199782 -0.007985
v -0.420691 1.184246 -0.006882
v -0.420691 1.181462 -0.007985
v -0.405177 1.180565 -0.006882
v -0.405177 1.177870 -0.007985
v -0.316472 1.145004 -0.006882
v -0.316472 1.142220 -0.007985
v -0.316472 1.137730 -0.007985
v -0.405177 1.173381 -0.007985
v -0.405177 1.170596 -0.006882
v -0.316472 1.135036 -0.006882
v -0.405177 1.169519 -0.004245
v -0.316472 1.133868 -0.004245
v -0.405177 1.169519 0.004243
v -0.316472 1.133868 0.004243
v -0.405177 1.170596 0.006880
v -0.316472 1.135036 0.006880
v -0.220201 1.121656 0.004243
v -0.220201 1.121656 -0.004245
v -0.220201 1.122734 -0.006882
v -0.316472 1.135036 -0.006882
v -0.220201 1.125517 -0.007985
v -0.316472 1.137730 -0.007985
v -0.316472 1.142220 -0.007985
v -0.220201 1.130007 -0.007985
v -0.220201 1.132701 -0.006882
v -0.123982 1.127583 -0.006882
v -0.123982 1.124889 -0.007985
v -0.123982 1.120309 -0.007985
v -0.123982 1.117616 -0.006882
v -0.123982 1.116448 -0.004245
v -0.123982 1.116448 0.004243
v -0.220201 1.122734 0.006880
v -0.123982 1.117616 0.006880
v -0.220201 1.125517 0.007983
v -0.316472 1.137730 0.007983
v -0.316472 1.145004 -0.006882
v -0.027763 1.130636 -0.007985
v -0.027763 1.127942 -0.006882
v -0.027763 1.126775 -0.004245
v -0.027763 1.126775 0.004243
v -0.027763 1.127942 0.006880
v -0.123982 1.120309 0.007983
v -0.027763 1.130636 0.007983
v -0.027763 1.135126 0.007983
v -0.123982 1.124889 0.007983
v -0.027763 1.135126 -0.007985
v -0.027763 1.137910 -0.006882
v -0.027763 1.138988 -0.004245
v -0.123982 1.128750 -0.004245
v -0.220201 1.130007 0.007983
v -0.316472 1.142220 0.007983
v -0.316472 1.145004 0.006880
v -0.220201 1.132701 0.006880
v -0.316472 1.146081 0.004243
v -0.123982 1.127583 0.006880
v -0.027763 1.137910 0.006880
v -0.123982 1.128750 0.004243
v -0.027763 1.138988 0.004243
v -0.123982 1.128750 -0.004245
v -0.027763 1.138988 -0.004245
v -0.123982 1.127583 -0.006882
v -0.220201 1.132701 -0.006882
v -0.220201 1.133868 -0.004245
v -0.220201 1.133868 0.004243
v -0.316472 1.146081 -0.004245
v -0.316472 1.145004 -0.006882
v -0.666426 1.195292 -0.007985
v -0.666426 1.192598 -0.006882
v -0.666426 1.191430 -0.004245
v -0.666426 1.191430 0.004243
v -0.920162 1.192598 0.006880
v -1.165844 1.176972 0.007983
v -1.181899 1.177691 0.007983
v -1.270116 1.142220 0.007983
v -1.270116 1.145004 0.006880
v -1.181899 1.180385 0.006880
v -1.270116 1.146081 0.004243
v -1.181899 1.181552 0.004243
v -1.270116 1.146081 -0.004245
v -1.181899 1.181552 -0.004245
v -1.270116 1.145004 -0.006882
v -1.181899 1.180385 -0.006882
v -1.165844 1.185323 -0.004245
v -1.165844 1.184246 -0.006882
v -1.165844 1.181462 0.007983
v -1.165844 1.184246 0.006880
v -1.165844 1.185323 0.004243
v -0.920162 1.203643 0.004243
v -0.920162 1.203643 -0.004245
v -0.920162 1.202565 -0.006882
v -0.666426 1.203643 -0.004245
v -0.666426 1.202565 -0.006882
v -0.920162 1.202565 0.006880
v -0.666426 1.202565 0.006880
v -0.666426 1.203643 0.004243
v -0.920162 1.199782 0.007983
v -0.666426 1.199782 0.007983
v -0.920162 1.195292 0.007983
v -0.666426 1.192598 0.006880
v -0.666426 1.195292 0.007983
v -0.420691 1.181462 0.007983
v -0.420691 1.184246 0.006880
v -0.420691 1.185323 0.004243
v -0.420691 1.185323 -0.004245
v -0.420691 1.184246 -0.006882
v -0.405177 1.181732 -0.004245
v -0.405177 1.180565 -0.006882
v -0.316472 1.146081 -0.004245
v -0.316472 1.145004 -0.006882
v -0.316472 1.146081 0.004243
v -0.405177 1.181732 0.004243
v -0.405177 1.180565 0.006880
v -0.405177 1.177870 0.007983
v -0.405177 1.173381 0.007983
v -0.316472 1.142220 0.007983
v -0.316472 1.137730 0.007983
v -0.420691 1.176972 0.007983
v -0.420691 1.174278 0.006880
v -0.420691 1.173110 0.004243
v -0.420691 1.173110 -0.004245
v -0.420691 1.174278 -0.006882
v -0.420691 1.176972 -0.007985
v -0.316472 1.145004 0.006880
v 0.156904 0.698766 -0.293475
v 0.156904 -0.698766 -0.293475
v 0.156904 -0.698766 0.293475
v 0.156904 0.698766 0.293475
v 0.037056 -0.604598 0.253926
v 0.011879 -0.574207 0.241162
v 0.033683 -0.589403 0.247544
v 0.024467 -0.578279 0.242872
v 0.011879 0.574207 0.241162
v 0.037056 0.604598 0.253926
v 0.024467 0.578279 0.242872
v 0.033683 0.589403 0.247544
v 0.037056 -0.604598 -0.253926
v 0.011879 -0.574207 -0.241162
v 0.033683 -0.589403 -0.247544
v 0.024467 -0.578279 -0.242872
v 0.011879 0.574207 -0.241162
v 0.037056 0.604598 -0.253926
v 0.024467 0.578279 -0.242872
v 0.033683 0.589403 -0.247544
v 0.068770 0.632673 -0.265717
v 0.097358 0.667180 -0.280210
v 0.083064 0.637296 -0.267658
v 0.093528 0.649926 -0.272963
v 0.097358 -0.667180 -0.280210
v 0.068770 -0.632673 -0.265717
v 0.093528 -0.649926 -0.272963
v 0.083064 -0.637296 -0.267658
v 0.097358 -0.667180 0.280210
v 0.068770 -0.632673 0.265717
v 0.093528 -0.649926 0.272963
v 0.083064 -0.637296 0.267658
v 0.068770 0.632673 0.265717
v 0.097358 0.667180 0.280210
v 0.083064 0.637296 0.267658
v 0.093528 0.649926 0.272963
v 0.037056 0.615454 -0.258485
v 0.051320 0.632673 -0.265717
v 0.038967 0.624063 -0.262101
v 0.044188 0.630366 -0.264748
v 0.051320 -0.632673 -0.265717
v 0.037056 -0.615454 -0.258485
v 0.044188 -0.630366 -0.264748
v 0.038967 -0.624063 -0.262101
v 0.051320 -0.632673 0.265717
v 0.037056 -0.615454 0.258485
v 0.044188 -0.630366 0.264748
v 0.038967 -0.624063 0.262101
v 0.037056 0.615454 0.258485
v 0.051320 0.632673 0.265717
v 0.038967 0.624063 0.262101
v 0.044188 0.630366 0.264748
v -0.002957 -0.574207 0.241162
v -0.025569 -0.551595 0.218550
v -0.014263 -0.571178 0.238133
v -0.022540 -0.562901 0.229856
v -0.002957 0.574207 0.241162
v -0.025569 0.551595 0.218550
v -0.014263 0.571178 0.238133
v -0.022540 0.562901 0.229856
v -0.025569 -0.551595 -0.218550
v -0.002957 -0.574207 -0.241162
v -0.022540 -0.562901 -0.229856
v -0.014263 -0.571178 -0.238133
v -0.002957 0.574207 -0.241162
v -0.025569 0.551595 -0.218550
v -0.014263 0.571178 -0.238133
v -0.022540 0.562901 -0.229856
v 0.097358 0.673980 -0.283065
v 0.117892 0.698766 -0.293475
v 0.100109 0.686373 -0.288270
v 0.107625 0.695445 -0.292081
v 0.117892 -0.698766 -0.293475
v 0.097358 -0.673980 -0.283065
v 0.107625 -0.695445 -0.292081
v 0.100109 -0.686373 -0.288270
v 0.117892 -0.698766 0.293475
v 0.097358 -0.673980 0.283065
v 0.107625 -0.695445 0.292081
v 0.100109 -0.686373 0.288270
v 0.097358 0.673980 0.283065
v 0.117892 0.698766 0.293475
v 0.100109 0.686373 0.288270
v 0.107625 0.695445 0.292081
v -0.025569 -0.494854 0.196068
v -0.025569 -0.494854 -0.196068
v -0.025569 0.494854 0.196068
v -0.025569 0.494854 -0.196068
v -0.006848 -0.494854 0.196068
v -0.006848 -0.494854 -0.196068
v -0.006848 0.494854 0.196068
v -0.006848 0.494854 -0.196068
vn 0.7371 0.1204 -0.6650
vn 0.7371 0.1203 -0.6650
vn 0.5940 0.1201 -0.7955
vn 0.5940 0.1201 -0.7954
vn 0.4264 0.1195 -0.8966
vn -0.7950 0.1242 -0.5938
vn -0.6656 0.1204 -0.7366
vn -0.6656 0.1203 -0.7366
vn -0.2953 -0.9357 0.1931
vn -0.2446 -0.9502 0.1932
vn -0.1826 -0.6934 0.6971
vn -0.2115 -0.6658 0.7155
vn -0.4246 0.1261 0.8966
vn -0.2440 0.1199 0.9623
vn -0.2439 0.1199 0.9624
vn 0.8295 -0.0589 -0.5553
vn 0.1717 0.4694 -0.8661
vn 0.1702 -0.4742 -0.8638
vn 0.8293 -0.0618 -0.5553
vn 0.9914 0.1206 0.0502
vn 0.9624 0.1206 0.2436
vn 0.9622 0.1205 0.2441
vn 0.9914 0.1205 0.0502
vn 0.1703 -0.4731 0.8644
vn -0.1765 -0.4718 0.8638
vn -0.1951 -0.0611 0.9789
vn 0.1942 -0.0576 0.9793
vn 0.2420 0.1237 -0.9624
vn 0.0519 0.1278 -0.9904
vn 0.0517 0.1247 -0.9908
vn -0.0542 0.1237 0.9908
vn 0.1404 0.1232 0.9824
vn 0.1404 0.1233 0.9824
vn -0.1417 0.1217 -0.9824
vn -0.3331 0.1221 -0.9350
vn -0.0981 -0.9766 0.1912
vn -0.0886 -0.8286 0.5528
vn -0.1409 -0.8213 0.5528
vn -0.1559 -0.9691 0.1912
vn 0.9355 0.1205 -0.3322
vn 0.9826 0.1205 -0.1415
vn 0.7956 0.1203 0.5938
vn 0.6644 0.1272 0.7365
vn 0.6637 0.1278 0.7370
vn -0.9350 0.1242 0.3322
vn -0.8539 0.1204 0.5063
vn -0.9910 0.1244 -0.0503
vn -0.9617 0.1242 -0.2444
vn -0.9910 0.1242 -0.0502
vn -0.8947 0.1243 -0.4291
vn -0.0536 -0.2012 0.9781
vn -0.0570 -0.1779 0.9824
vn -0.4874 -0.4762 -0.7319
vn -0.1712 -0.4729 -0.8644
vn 0.1695 0.4694 -0.8665
vn -0.5522 -0.0588 -0.8317
vn 0.3319 0.1254 0.9350
vn 0.3319 0.1253 0.9350
vn 0.5071 0.1278 0.8524
vn -0.5933 0.1236 0.7954
vn -0.5933 0.1236 0.7955
vn -0.9826 0.1205 0.1415
vn 0.8539 0.1205 -0.5063
vn -0.7371 0.1202 0.6650
vn -0.5084 0.1235 -0.8522
vn -0.5083 0.1236 -0.8522
vn -0.0094 -0.1866 -0.9824
vn -0.0246 -0.1808 -0.9832
vn -0.1035 -0.6813 -0.7246
vn -0.0227 -0.6919 -0.7216
vn -0.1523 -0.9675 -0.2017
vn -0.0396 -0.9786 -0.2018
vn 0.7080 -0.0000 -0.7062
vn 0.3831 -0.0000 -0.9237
vn 0.3824 0.0834 -0.9202
vn 0.7062 0.0818 -0.7033
vn 0.1072 -0.6807 -0.7246
vn 0.0227 -0.6918 -0.7217
vn 0.0359 -0.9787 -0.2019
vn 0.1485 -0.9681 -0.2019
vn 0.0283 -0.1805 -0.9832
vn 0.0057 -0.1866 -0.9824
vn -0.0585 0.5585 -0.8275
vn -0.0528 0.8317 -0.5528
vn -0.0003 0.9808 -0.1952
vn -0.0004 0.8311 -0.5561
vn -0.0282 0.5608 -0.8275
vn -0.0074 0.8333 -0.5528
vn 0.0645 0.1981 0.9781
vn 0.0281 0.1977 0.9799
vn -0.0280 -0.1803 0.9832
vn -0.0039 -0.1477 -0.9890
vn -0.3793 -0.1486 -0.9133
vn -0.3794 0.1481 -0.9133
vn -0.0036 0.1477 -0.9890
vn -0.0849 -0.9758 -0.2015
vn 0.0283 -0.9790 -0.2019
vn 0.0283 -0.9790 0.2017
vn -0.0849 -0.9758 0.2016
vn 0.1071 0.6985 -0.7075
vn 0.2155 0.6826 -0.6983
vn 0.0684 0.1967 -0.9781
vn 0.0319 0.1975 -0.9798
vn 0.1503 0.9687 -0.1976
vn 0.2902 0.9372 -0.1933
vn 0.2163 0.6851 -0.6956
vn 0.1074 0.7008 -0.7052
vn 0.0980 -0.9951 -0.0109
vn 0.0980 -0.9951 0.0109
vn -0.0980 -0.9951 0.0109
vn -0.0979 -0.9951 -0.0108
vn -0.0651 0.1997 -0.9777
vn 0.0034 0.5546 -0.8321
vn 0.3982 0.9170 -0.0240
vn 0.9286 0.3687 -0.0415
vn 0.9791 0.2026 -0.0197
vn 0.9836 0.1804 -0.0065
vn -0.2137 -0.6652 -0.7155
vn -0.0541 -0.1789 -0.9824
vn 0.1934 -0.0000 -0.9811
vn -0.5546 -0.0000 -0.8321
vn -0.5722 0.1250 -0.8105
vn -0.1224 0.0556 -0.9909
vn -0.2125 -0.0000 0.9772
vn -0.1958 0.3342 0.9219
vn 0.1926 0.3360 0.9220
vn 0.2124 0.0002 0.9772
vn 0.7079 -0.0000 -0.7063
vn 0.3829 -0.0000 -0.9238
vn 0.3832 0.0001 -0.9237
vn 0.4275 -0.2589 -0.8662
vn 0.9681 -0.2372 -0.0813
vn 0.9809 0.0014 -0.1943
vn 0.5571 0.0015 -0.8304
vn -0.9822 -0.1875 0.0066
vn -0.9822 -0.1875 -0.0066
vn -0.9808 0.1947 0.0068
vn -0.9808 0.1947 -0.0068
vn -0.0075 0.1910 0.9816
vn 0.0075 0.1912 0.9815
vn 0.0264 0.6982 0.7154
vn -0.0264 0.6980 0.7157
vn -0.1147 0.7016 -0.7032
vn -0.1119 0.3791 -0.9186
vn -0.9245 -0.0000 0.3812
vn -0.7079 -0.0000 0.7063
vn -0.9243 -0.0001 0.3816
vn 0.3744 -0.1887 0.9079
vn 0.3745 0.1891 0.9078
vn 0.6957 0.1861 0.6938
vn 0.6955 -0.1868 0.6938
vn -0.9815 0.0037 0.1913
vn -0.8333 0.0037 0.5527
vn -0.7257 0.2546 0.6392
vn -0.9153 0.2539 0.3126
vn 0.0057 0.1910 -0.9816
vn -0.0792 -0.1906 -0.9785
vn 0.0034 0.1933 -0.9811
vn -0.0541 -0.1787 -0.9824
vn -0.0247 -0.1807 -0.9832
vn 0.0337 0.1968 -0.9799
vn 0.0686 0.1965 -0.9781
vn 0.0248 0.5609 -0.8275
vn 0.0681 0.8305 -0.5528
vn 0.0927 0.5538 -0.8275
vn 0.1618 0.8199 -0.5491
vn -0.2154 0.6826 -0.6984
vn -0.0651 0.1977 -0.9781
vn -0.0450 0.1725 -0.9840
vn -0.1774 0.6647 -0.7257
vn 0.0449 0.1725 -0.9840
vn -0.0578 -0.1999 -0.9781
vn -0.0428 0.2056 -0.9777
vn -0.0577 0.2019 -0.9777
vn 0.8307 -0.0589 -0.5536
vn 0.8306 -0.0619 -0.5534
vn -1.0000 -0.0000 0.0022
vn -0.9245 0.0037 -0.3812
vn -0.9797 0.0454 -0.1952
vn -0.9803 0.0490 0.1912
vn -0.0980 -0.9758 -0.1952
vn -0.0905 -0.8261 -0.5561
vn 0.0033 -0.5579 -0.8299
vn -0.0004 -0.8334 -0.5527
vn -0.8310 0.0152 -0.5561
vn -0.9808 0.0001 -0.1952
vn -0.8294 0.0529 -0.5561
vn -0.7079 0.0038 -0.7063
vn -0.3832 -0.0000 -0.9237
vn -0.5553 0.0567 -0.8297
vn 0.5554 0.0830 -0.8274
vn 0.1966 0.0740 -0.9777
vn -0.0680 0.1948 0.9785
vn -0.0750 -0.1962 0.9777
vn -0.0004 -0.5546 0.8321
vn -0.0004 -0.1934 0.9811
vn -0.7072 -0.0302 0.7064
vn -0.9241 -0.0276 0.3810
vn -0.9190 -0.1005 0.3812
vn -0.7029 -0.1044 0.7035
vn 0.9245 -0.0000 -0.3812
vn 1.0000 0.0001 0.0022
vn 0.9774 0.0906 -0.1912
vn 0.8284 0.0905 -0.5528
vn -0.0453 0.9805 -0.1912
vn -0.0509 0.9798 0.1932
vn 0.0017 0.8333 0.5528
vn 0.0015 0.9815 0.1913
vn -0.1015 -0.6816 0.7247
vn 0.0001 0.9815 -0.1913
vn -0.2976 -0.9350 -0.1930
vn -0.5537 0.0304 -0.8321
vn -0.0263 0.5611 0.8274
vn -0.0324 0.5573 0.8297
vn -0.0546 0.5555 0.8297
vn -0.0545 0.5589 0.8274
vn -0.1940 0.0563 -0.9794
vn 0.1937 0.0812 -0.9777
vn 0.1873 0.0950 -0.9777
vn -0.1977 0.0418 -0.9794
vn -0.5545 -0.0073 -0.8321
vn -0.1970 0.9688 0.1502
vn -0.2024 0.9786 0.0373
vn -0.7110 0.7027 0.0243
vn -0.7046 0.7015 0.1072
vn -0.0884 -0.5512 -0.8297
vn -0.1428 -0.8187 -0.5562
vn -0.1181 -0.5456 -0.8297
vn -0.0860 -0.1876 -0.9785
vn -0.9299 -0.3546 0.0981
vn -0.9299 -0.3546 -0.0982
vn -0.5010 -0.8637 -0.0548
vn -0.5008 -0.8638 0.0547
vn -0.0127 0.2097 -0.9777
vn 0.2784 0.7880 -0.5492
vn 0.1719 0.5384 -0.8250
vn 0.2560 0.5039 -0.8250
vn 0.4091 0.7287 -0.5492
vn 0.2188 0.6829 0.6969
vn 0.1753 0.6665 0.7246
vn 0.2557 0.9464 0.1976
vn 0.2917 0.9368 0.1932
vn -0.1523 -0.9675 0.2018
vn 0.0264 0.6980 0.7156
vn 0.1088 0.6993 0.7065
vn 0.1503 0.9687 0.1977
vn 0.0359 0.9788 0.2018
vn 0.1965 -0.2426 -0.9500
vn 0.2010 0.0813 -0.9762
vn 0.6922 0.0680 -0.7185
vn 0.6980 -0.1773 -0.6938
vn -0.2237 -0.8005 -0.5561
vn -0.1763 -0.5296 -0.8297
vn 0.2006 -0.9681 -0.1501
vn 0.2024 -0.9786 -0.0371
vn 0.7228 -0.6907 -0.0240
vn 0.7261 -0.6792 -0.1068
vn -0.0845 -0.5552 0.8274
vn 0.0015 -0.9808 0.1952
vn 0.0015 -0.8311 0.5561
vn -0.2220 -0.8033 0.5527
vn -0.2519 -0.9487 0.1912
vn -0.1726 -0.5344 0.8274
vn -0.1216 -0.5482 0.8274
vn 0.3778 -0.1822 0.9078
vn 0.3769 -0.1537 0.9134
vn 0.6999 -0.1565 0.6969
vn 0.6956 -0.1864 0.6938
vn -0.0396 0.2026 0.9785
vn -0.1088 -0.1797 0.9777
vn -0.0888 -0.1904 0.9777
vn -0.0538 0.1992 0.9785
vn -0.2042 0.0257 0.9786
vn -0.5554 -0.0529 0.8299
vn -0.5509 -0.1091 0.8274
vn -0.2101 0.0031 0.9777
vn 0.9184 0.1055 0.3812
vn 0.9945 0.1044 0.0022
vn 0.9824 0.1868 0.0021
vn 0.9070 0.1875 0.3772
vn 0.0019 0.9808 0.1950
vn -0.0509 0.9795 0.1951
vn 0.0907 0.9773 -0.1913
vn 0.9426 -0.1991 0.2679
vn 0.6453 -0.1804 0.7423
vn 0.5572 0.0013 0.8304
vn 0.8083 0.5670 0.1585
vn 0.2027 0.9604 -0.1912
vn -0.1504 0.9687 -0.1975
vn -0.0396 0.9786 -0.2018
vn -0.0283 0.6993 -0.7142
vn -0.1111 0.7005 -0.7050
vn 0.0245 0.6968 -0.7169
vn 0.0860 0.5517 0.8296
vn -0.0174 0.2056 0.9785
vn 0.0204 0.5579 0.8297
vn -0.1333 -0.1623 0.9777
vn -0.2427 -0.5064 0.8274
vn -0.3219 -0.7687 0.5527
vn -0.3734 -0.9077 0.1912
vn -0.9113 -0.3646 0.1912
vn -0.9118 -0.3613 -0.1952
vn -0.8494 -0.4903 -0.1952
vn -0.8485 -0.4935 0.1912
vn -0.7070 0.0296 0.7066
vn -0.7027 0.1048 0.7037
vn -0.9184 0.1070 0.3809
vn -0.9241 0.0309 0.3809
vn -0.1060 -0.1771 -0.9785
vn -0.2393 -0.5043 -0.8297
vn -0.1305 -0.1599 -0.9785
vn -0.1919 -0.0761 -0.9785
vn -0.4518 -0.3279 -0.8297
vn -0.4988 -0.2506 -0.8297
vn -0.2008 -0.0475 -0.9785
vn 0.4906 0.4592 0.7405
vn 0.4939 0.4593 0.7383
vn 0.8295 -0.0588 0.5553
vn 0.5522 -0.0586 0.8316
vn -0.0019 0.1481 -0.9890
vn 0.3777 0.1481 -0.9140
vn 0.3802 -0.0307 -0.9244
vn 0.0018 -0.0304 -0.9995
vn 0.3396 0.4517 -0.8250
vn 0.5278 0.6480 -0.5492
vn 0.4129 0.3859 -0.8250
vn 0.6309 0.5481 -0.5491
vn -0.9238 0.0343 -0.3814
vn -0.9144 -0.1471 -0.3771
vn -0.9898 -0.1422 0.0021
vn -0.9996 0.0298 0.0024
vn -0.6975 -0.1521 0.7002
vn -0.9134 -0.1532 0.3771
vn -0.9201 0.0902 0.3812
vn -0.7057 0.0896 0.7028
vn -0.9802 0.0356 0.1946
vn -0.4965 0.4548 0.7394
vn -0.4914 0.4712 0.7325
vn -0.7355 0.4684 0.4895
vn 0.0160 0.2137 -0.9768
vn -0.1573 -0.1336 -0.9785
vn -0.1749 -0.1095 -0.9785
vn 0.0536 0.2075 -0.9768
vn 0.8650 0.4708 0.1736
vn 0.4939 0.4576 0.7394
vn 0.8726 0.4573 0.1718
vn -0.4436 -0.7028 -0.5562
vn -0.3175 -0.4591 -0.8297
vn -0.3234 -0.7656 -0.5561
vn -0.5099 -0.8378 -0.1953
vn -0.3684 -0.9089 -0.1952
vn 0.9766 0.0904 0.1951
vn 0.5554 0.0826 0.8275
vn 0.5516 0.1050 0.8275
vn 0.9714 0.1354 0.1951
vn -0.4425 -0.7062 0.5527
vn -0.5081 -0.8398 0.1912
vn -0.9129 0.1565 0.3770
vn -0.6997 0.1570 0.6970
vn -0.7077 0.0002 0.7065
vn -0.9245 0.0027 0.3812
vn 0.0123 0.2094 0.9777
vn -0.1553 -0.1415 0.9777
vn -0.4880 0.4711 0.7347
vn -0.5539 -0.0586 0.8305
vn 0.3334 0.9232 -0.1913
vn 0.3346 0.9224 0.1932
vn 0.1967 0.9612 0.1932
vn -0.9081 0.1816 -0.3772
vn -0.9824 0.1870 0.0022
vn -0.9874 0.1585 0.0022
vn -0.9131 0.1551 -0.3771
vn 0.0192 0.6843 -0.7289
vn -0.0812 0.9166 -0.3916
vn -0.0170 0.1860 -0.9824
vn 0.0076 0.1782 -0.9840
vn 0.0166 0.1869 0.9822
vn -0.0038 0.1784 0.9840
vn -0.0151 0.6858 0.7276
vn 0.0340 0.3714 0.9279
vn -0.1147 -0.7016 -0.7032
vn -0.1111 -0.9178 -0.3812
vn 0.2535 -0.9660 0.0512
vn 0.2458 -0.8531 0.4603
vn 0.7916 -0.5397 0.2865
vn 0.7926 -0.6088 0.0334
vn 0.1914 -0.9348 0.2991
vn 0.7161 -0.6656 0.2104
vn 0.7267 -0.6793 0.1024
vn 0.2004 -0.9681 0.1501
vn -0.9660 -0.2166 0.1414
vn -0.9309 -0.2097 0.2990
vn -0.6408 -0.7249 0.2528
vn -0.6576 -0.7097 0.2528
vn 0.0207 -0.7046 0.7093
vn 0.0941 -0.9146 0.3933
vn 0.0187 -0.1773 0.9840
vn 0.0056 -0.1995 0.9799
vn 0.4979 0.7096 -0.4986
vn 0.6953 0.1874 -0.6939
vn 0.9077 0.1861 -0.3761
vn 0.6551 0.7057 -0.2699
vn -0.3148 -0.4650 0.8274
vn -0.3909 -0.4032 0.8274
vn -0.5514 -0.6248 0.5527
vn -0.5521 -0.6212 -0.5562
vn -0.3929 -0.3965 -0.8297
vn 0.0896 0.1947 -0.9768
vn 0.1165 0.1799 -0.9768
vn 0.2024 0.9786 0.0372
vn 0.2026 0.9786 -0.0372
vn -0.2022 0.9786 -0.0372
vn 0.7081 -0.0003 -0.7061
vn 0.6997 0.1573 -0.6969
vn 0.3787 0.1530 -0.9128
vn 0.3849 -0.0020 -0.9230
vn 0.7075 0.4449 -0.5491
vn 0.4652 0.3209 -0.8250
vn 0.5000 0.2556 -0.8275
vn 0.7612 0.3450 -0.5491
vn 0.9597 0.2023 0.1950
vn 0.5414 0.1491 0.8275
vn 0.5276 0.1923 0.8275
vn 0.9370 0.2899 0.1950
vn 0.0093 -0.1867 0.9824
vn 0.0247 -0.6920 0.7215
vn -0.0282 -0.6917 0.7217
vn -0.0057 -0.1868 0.9824
vn 0.1465 0.1564 -0.9768
vn -0.1089 0.6996 0.7062
vn -0.0264 0.6980 0.7156
vn -0.0396 0.9786 0.2019
vn -0.1504 0.9687 0.1973
vn -0.6505 -0.5172 -0.5561
vn 0.5515 0.1055 -0.8275
vn -0.4551 -0.3290 0.8274
vn -0.6504 -0.5211 0.5527
vn -0.6963 -0.1832 -0.6940
vn -0.9080 -0.1822 -0.3772
vn -0.9183 -0.1069 -0.3812
vn -0.7021 -0.1101 -0.7036
vn 0.9807 -0.1952 0.0066
vn 0.9834 -0.1804 0.0197
vn 0.7301 -0.6795 0.0720
vn 0.7067 -0.7073 0.0196
vn 0.3391 0.4480 0.8273
vn 0.0824 0.1938 0.9776
vn 0.0489 0.2041 0.9777
vn 0.2577 0.4991 0.8273
vn -0.1968 0.9689 0.1501
vn -0.7055 0.7004 0.1081
vn -0.6979 0.6820 0.2185
vn -0.1947 0.9355 0.2947
vn 0.6270 0.7552 -0.1913
vn 0.4754 0.8587 -0.1912
vn 0.5273 0.1931 -0.8274
vn 0.1759 0.1148 -0.9777
vn 0.5412 0.1497 -0.8274
vn 0.0359 0.9787 -0.2019
vn 0.2102 -0.6664 -0.7153
vn 0.2975 -0.9350 -0.1930
vn -0.9790 -0.0626 0.1942
vn -0.1939 -0.0793 0.9778
vn 0.1152 0.1763 0.9776
vn -0.2042 -0.0492 0.9777
vn -0.5021 -0.2516 0.8274
vn -0.7264 -0.4085 0.5527
vn -0.7581 -0.6235 0.1912
vn 0.0886 -0.9755 0.2016
vn 0.2389 -0.9515 0.1937
vn 0.1825 -0.6933 0.6972
vn 0.0622 -0.6992 0.7123
vn -0.1634 -0.9776 0.1329
vn -0.1650 -0.9463 0.2781
vn -0.1939 0.0016 -0.9810
vn -0.1968 0.0014 -0.9804
vn -0.2098 0.9239 -0.3199
vn -0.0773 0.9229 -0.3771
vn 0.1624 0.1332 -0.9777
vn -0.1107 0.6979 -0.7076
vn -0.0339 0.1967 -0.9799
vn 0.7941 0.2603 -0.5492
vn 0.9820 -0.1888 0.0021
vn 0.9946 -0.1039 0.0024
vn 0.9181 -0.1085 0.3811
vn 0.9066 -0.1888 0.3774
vn 0.0577 -0.1776 -0.9824
vn 0.7051 0.7010 -0.1069
vn 0.6989 0.6823 -0.2144
vn 0.1948 0.9368 -0.2905
vn 0.2006 0.9688 -0.1459
vn 0.1826 -0.6933 0.6971
vn 0.2409 -0.9511 0.1934
vn 0.2991 -0.9345 0.1928
vn 0.2116 -0.6658 0.7155
vn -0.2056 -0.0180 -0.9785
vn -0.2063 0.0045 -0.9785
vn -0.9038 0.3880 -0.1806
vn -0.9055 0.3843 0.1801
vn -0.9062 0.3834 0.1786
vn -0.9064 0.3813 -0.1817
vn -0.7769 -0.2952 -0.5561
vn -0.7260 -0.4045 -0.5562
vn 0.9770 0.0904 0.1932
vn 0.9718 0.1353 0.1932
vn 0.9721 0.1357 -0.1913
vn -0.7778 -0.2992 0.5527
vn -0.2091 -0.0195 0.9777
vn -0.5337 -0.1749 0.8274
vn 0.4631 0.3182 0.8272
vn 0.1452 0.1518 0.9777
vn 0.4063 0.3880 0.8273
vn 0.8342 0.5157 0.1951
vn 0.4660 0.3197 0.8250
vn 0.4141 0.3846 0.8250
vn 0.7454 0.6375 0.1951
vn 0.8345 0.5168 -0.1913
vn 0.8345 0.5159 0.1932
vn 0.7456 0.6377 0.1932
vn 0.7453 0.6387 -0.1913
vn -0.9245 0.0038 -0.3812
vn -0.9204 0.0862 -0.3813
vn -0.7054 0.0872 -0.7035
vn -0.7079 0.0037 -0.7063
vn 0.8979 0.3965 -0.1912
vn 0.2466 -0.9496 -0.1934
vn 0.1814 -0.6943 -0.6964
vn 0.0534 -0.1790 0.9824
vn 0.0572 -0.2003 0.9781
vn -0.1982 0.0554 0.9786
vn -0.5571 0.0301 0.8299
vn -0.5580 -0.0056 0.8298
vn -0.2018 0.0407 0.9786
vn 0.2024 -0.9790 -0.0241
vn 0.2023 -0.9740 -0.1024
vn 0.7300 -0.6797 -0.0720
vn 0.7067 -0.7072 -0.0196
vn -0.7130 -0.6983 -0.0633
vn -0.6969 -0.6942 -0.1802
vn -0.1967 -0.9495 -0.2443
vn -0.2005 -0.9756 -0.0894
vn 0.1598 0.1306 0.9785
vn -0.8094 -0.1984 0.5527
vn -0.9510 -0.2428 0.1912
vn -0.8319 0.0490 0.5528
vn -0.9493 -0.2465 -0.1952
vn -0.8081 -0.1943 -0.5561
vn 0.7031 0.1063 -0.7031
vn 0.6960 0.1858 -0.6936
vn 0.9070 0.1885 -0.3767
vn 0.9184 0.1066 -0.3811
vn -0.9832 -0.1805 -0.0284
vn -0.9823 -0.1874 -0.0066
vn -0.7230 -0.6905 -0.0240
vn -0.7232 -0.6823 -0.1067
vn 0.9821 -0.1801 -0.0544
vn 0.9788 0.1946 0.0633
vn 0.9841 0.1730 0.0415
vn 0.9776 -0.2021 -0.0590
vn -0.2003 0.0269 -0.9794
vn 0.0923 0.9768 0.1932
vn 0.0019 0.9812 0.1932
vn -0.2059 -0.9670 -0.1502
vn -0.7235 -0.6821 -0.1066
vn -0.7243 -0.6891 -0.0242
vn -0.2041 -0.9782 -0.0374
vn -0.7123 0.7015 0.0240
vn -0.7123 0.7014 -0.0241
vn -0.5521 -0.0525 -0.8321
vn -0.5476 -0.1084 -0.8297
vn -0.8234 -0.1127 -0.5561
vn -0.9703 -0.1429 -0.1952
vn -0.8262 -0.1093 0.5527
vn -0.9705 -0.1466 0.1912
vn 0.1429 -0.6759 0.7230
vn 0.4071 -0.6772 0.6129
vn 0.5548 -0.0015 0.8320
vn 0.1936 -0.0012 0.9811
vn 0.0038 0.0873 0.9962
vn 0.3810 0.0903 0.9202
vn 0.3674 0.2941 0.8823
vn 0.0019 0.2932 0.9560
vn 0.5243 0.1915 0.8297
vn 0.4974 0.2535 0.8297
vn 0.5005 0.2546 0.8275
vn 0.9376 0.2904 -0.1913
vn 0.8120 0.1874 -0.5528
vn 0.9604 0.2027 -0.1913
vn -0.3831 -0.0000 0.9237
vn -0.3831 0.0002 0.9237
vn -0.1166 -0.9171 0.3812
vn -0.1127 -0.7020 0.7032
vn -0.6423 -0.7422 0.1912
vn -0.6438 -0.7398 -0.1953
vn -0.8670 -0.2603 -0.4250
vn -0.6378 -0.2595 -0.7252
vn -0.5554 0.0015 -0.8316
vn -0.8317 0.0015 -0.5552
vn 0.5381 0.1486 0.8297
vn 0.1839 0.0935 0.9785
vn 0.1729 0.1127 0.9785
vn -0.9182 0.1071 -0.3815
vn -0.9945 0.1043 0.0024
vn -0.8323 -0.0416 0.5528
vn -0.9795 -0.0640 0.1912
vn 0.9617 0.1206 0.2462
vn 0.8952 0.1204 0.4291
vn -0.3827 0.0011 -0.9239
vn -0.3763 0.1554 -0.9134
vn -0.6998 0.1564 -0.6970
vn -0.7082 0.0025 -0.7060
vn -0.8302 -0.0376 -0.5561
vn 0.9996 0.0296 0.0022
vn 0.9240 0.0301 0.3813
vn -0.0851 0.9757 -0.2019
vn -0.2518 0.9475 -0.1974
vn -0.1772 0.6675 -0.7233
vn -0.0811 0.9158 -0.3933
vn -0.7188 -0.2411 -0.6520
vn -0.8761 -0.3175 -0.3628
vn -0.8740 0.3254 -0.3610
vn -0.7165 0.2484 -0.6519
vn -0.8329 0.0050 0.5534
vn -0.8315 0.0051 0.5554
vn -0.7461 -0.1775 0.6417
vn -0.8806 -0.1782 0.4392
vn 0.2518 0.9474 -0.1974
vn 0.0886 0.9754 -0.2017
vn 0.0605 0.6910 -0.7203
vn 0.1736 0.6683 -0.7233
vn 0.7123 0.7015 -0.0241
vn 0.7121 0.7017 0.0241
vn 0.9807 0.1953 0.0066
vn 0.9810 0.1941 -0.0074
vn -0.8333 0.0113 0.5528
vn -0.9815 0.0038 0.1912
vn 0.1902 0.0803 0.9785
vn 0.5483 0.1048 0.8297
vn 0.9601 0.2023 0.1932
vn -0.6727 0.3044 0.6744
vn -0.3654 0.3016 0.8806
vn -0.3817 0.0862 0.9203
vn 0.8235 0.1280 -0.5528
vn -0.0246 0.9791 0.2019
vn 0.0886 0.9754 0.2019
vn 0.0753 0.7067 0.7035
vn 0.0151 0.6859 0.7276
vn 0.0283 0.9790 0.2018
vn 0.1051 0.9747 0.1975
vn 0.5521 0.0824 0.8297
vn 0.1930 0.0731 0.9785
vn -0.2006 0.0626 0.9777
vn -0.5587 0.0564 0.8274
vn -0.9179 0.1094 -0.3814
vn -0.7027 0.1086 -0.7032
vn -0.7073 0.0334 -0.7061
vn 0.0034 -0.1973 -0.9803
vn 0.9374 0.2899 0.1932
vn -0.1964 0.0633 -0.9785
vn -0.0000 -0.0000 -1.0000
vn 0.9346 0.3116 0.1716
vn 0.7846 0.0543 0.6176
vn 0.5579 -0.0000 0.8299
vn 0.8322 -0.0000 0.5545
vn 0.0206 0.1985 0.9799
vn 0.0038 0.1784 0.9840
vn 0.8311 0.0091 -0.5561
vn 0.9807 0.0076 -0.1952
vn 0.9245 0.0001 -0.3812
vn 0.8310 0.0096 -0.5561
vn 0.0602 0.6881 -0.7231
vn -0.0193 0.6843 -0.7289
vn -0.0075 0.1782 -0.9840
vn 0.0132 0.1862 -0.9824
vn 0.5546 -0.0000 0.8321
vn 0.1934 0.0010 0.9811
vn -0.1934 0.0017 0.9811
vn 0.1972 0.0075 0.9803
vn 0.1733 0.6657 -0.7259
vn -0.8311 -0.0015 -0.5561
vn -0.9808 -0.0000 -0.1951
vn -0.9661 0.2517 -0.0580
vn -0.8704 0.2542 -0.4215
vn 0.9238 0.0004 0.3829
vn 0.7079 -0.0000 0.7063
vn 0.3832 0.0001 0.9237
vn -0.0002 -0.0000 1.0000
vn -0.2466 -0.9493 -0.1952
vn -0.1553 -0.9684 -0.1953
vn -0.9947 0.1024 0.0024
vn 0.9252 0.0003 0.3795
vn -0.0578 -0.1998 -0.9781
vn -0.0185 -0.1944 -0.9807
vn -0.9037 0.1997 -0.3788
vn -0.9037 -0.1989 -0.3790
vn -0.6925 -0.1976 -0.6938
vn -0.6925 0.1978 -0.6938
vn 0.0038 -0.1997 -0.9799
vn 0.0735 0.7069 -0.7035
vn 0.1054 0.9741 -0.2001
vn 0.0290 0.9786 -0.2037
vn -0.7134 0.7004 0.0237
vn -0.7140 0.6998 -0.0235
vn -0.9808 0.1949 -0.0066
vn -0.9807 0.1953 0.0066
vn -0.0244 0.1981 0.9799
vn -0.0753 0.7067 0.7035
vn 0.9238 0.0001 0.3829
vn -0.1149 -0.3782 0.9186
vn 0.2556 0.9464 -0.1976
vn 0.2023 -0.9786 0.0371
vn 0.7226 -0.6909 0.0240
vn 0.7227 -0.6908 -0.0240
vn 0.2022 -0.9786 -0.0371
vn -0.1133 -0.0000 -0.9936
vn -0.3816 0.0857 0.9203
vn -0.7061 0.0832 0.7032
vn -0.7078 -0.0000 0.7064
vn -0.3850 -0.0000 0.9229
vn -0.2123 0.0001 -0.9772
vn -0.2011 -0.2905 -0.9355
vn 0.1977 -0.2926 -0.9356
vn 0.2125 -0.0000 -0.9772
vn 0.2039 -0.0000 0.9790
vn 0.7189 -0.0000 0.6951
vn 0.7408 -0.1572 0.6531
vn 0.2038 -0.2268 0.9524
vn -0.8334 -0.0001 -0.5527
vn -0.5579 -0.0000 -0.8299
vn 0.5545 0.0076 -0.8321
vn 0.5545 0.0067 -0.8321
vn -0.0019 -0.1996 0.9799
vn -0.0186 -0.1773 0.9840
vn 0.8311 0.0076 0.5561
vn -0.0245 0.9791 -0.2018
vn -0.9808 -0.1951 0.0066
vn -0.9806 -0.1951 -0.0197
vn -0.7070 -0.7070 0.0196
vn -0.0039 -0.1997 -0.9798
vn -0.0226 -0.1767 -0.9840
vn 0.0189 0.1988 -0.9799
vn 0.1973 -0.0000 -0.9803
vn 0.5579 -0.0000 -0.8299
vn 0.5544 0.0283 0.8317
vn 0.8310 0.0284 0.5555
vn 0.4916 0.4575 0.7410
vn -0.0189 -0.7046 -0.7094
vn -0.0379 -0.3752 -0.9262
vn 0.2016 0.2508 -0.9468
vn 0.2082 -0.0746 -0.9752
vn 0.7456 -0.0453 -0.6648
vn 0.7254 0.1719 -0.6665
vn 0.1933 0.0075 -0.9811
vn -0.8333 -0.0000 -0.5528
vn -0.5579 -0.0018 -0.8299
vn 0.8321 0.0077 0.5546
vn 0.8311 0.0075 0.5561
vn -0.8311 -0.0031 0.5561
vn -0.9808 -0.0038 0.1952
vn -0.5545 -0.0005 0.8322
vn -0.1934 0.0022 0.9811
vn -0.0000 0.0001 1.0000
vn 0.1972 0.0053 0.9804
vn 0.3832 0.0002 0.9237
vn 0.9815 0.0076 0.1912
vn 1.0000 -0.0000 0.0022
vn -0.9815 -0.0075 -0.1912
vn -0.9808 -0.0039 0.1952
vn -0.5546 -0.0010 0.8321
vn -0.5579 -0.0001 0.8299
vn -0.8311 -0.0036 0.5562
vn -0.5546 -0.0008 0.8321
vn -0.0247 -0.9791 -0.2017
vn -0.1074 -0.9735 -0.2019
vn 0.0886 -0.9755 0.2015
vn -0.0245 -0.9791 0.2020
vn 0.0886 -0.9754 -0.2017
vn 0.8332 0.0076 0.5529
vn 0.1036 -0.9739 0.2019
vn -0.1973 -0.0000 -0.9803
vn -0.1973 0.0013 -0.9803
vn 0.1932 0.0075 -0.9811
vn 0.1962 0.0281 0.9802
vn 0.1754 0.4548 0.8732
vn -0.9815 -0.0000 -0.1912
vn -0.1783 0.4548 0.8726
vn -0.5565 0.0283 0.8304
vn -0.1980 0.0318 0.9797
vn -0.0434 -0.3747 0.9261
vn -0.0170 -0.7045 0.7095
vn -0.1768 0.6645 -0.7260
vn -0.0449 0.1724 -0.9840
vn -0.7379 0.6030 -0.3031
vn -0.5633 0.6058 -0.5619
vn -0.6997 0.1422 -0.7002
vn -0.9145 0.1465 -0.3771
vn 0.0188 -0.1945 -0.9807
vn 0.0541 -0.2009 -0.9781
vn 0.1794 -0.6941 -0.6971
vn 0.0661 -0.6986 -0.7124
vn -0.0396 -0.9786 0.2018
vn 0.0359 -0.9788 0.2018
vn 0.8334 -0.0000 -0.5527
vn 0.9252 -0.0000 0.3794
vn -0.3831 0.0001 -0.9237
vn -1.0000 -0.0000 0.0021
vn 0.8322 0.0075 0.5544
vn 0.9815 -0.0000 -0.1913
vn 0.8332 -0.0001 0.5529
vn 0.1876 0.9324 -0.3090
vn 0.1745 0.9560 -0.2358
vn -0.1709 0.9567 -0.2355
vn -0.1876 0.9324 -0.3089
vn -0.3791 -0.1477 -0.9135
vn -0.3818 0.0312 -0.9237
vn 0.0018 0.0305 -0.9995
vn -0.0019 -0.1481 -0.9890
vn -0.0659 -0.6988 0.7123
vn -0.1130 -0.9936 0.0022
vn -0.0004 -0.9815 -0.1912
vn -0.1119 -0.3791 -0.9186
vn -0.3841 0.2984 0.8737
vn 0.9695 0.1217 -0.2125
vn 0.7747 0.3078 0.5523
vn 0.8162 0.1174 -0.5657
vn 0.0595 0.2524 -0.9658
vn 0.4246 0.2515 -0.8698
vn -0.5303 -0.1741 -0.8297
vn -0.1420 -0.6765 0.7226
vn -0.4125 -0.6754 0.6113
vn -0.2910 -0.8550 0.4293
vn -0.2887 -0.8550 0.4309
vn -0.0151 -0.1948 0.9807
vn 0.0018 0.5383 0.8428
vn -0.3200 0.5388 0.7793
vn -0.2181 0.8252 0.5211
vn -0.0019 0.8251 0.5650
vn -0.1964 0.0013 0.9805
vn -0.0618 -0.2600 0.9636
vn -0.7655 0.3878 -0.5135
vn -0.5137 0.3811 -0.7687
vn -0.0009 1.0000 -0.0009
vn -0.0012 1.0000 0.0017
vn -0.5687 -0.8225 0.0023
vn -0.5206 -0.8265 -0.2143
vn -0.7789 -0.5374 -0.3234
vn -0.8450 -0.5348 0.0025
vn 0.0407 0.1733 0.9840
vn -0.0535 -0.2010 0.9781
vn 0.1005 -0.8557 0.5075
vn 0.1005 -0.8556 0.5078
vn -0.2887 -0.8551 0.4306
vn -0.8042 0.4932 -0.3316
vn -0.8712 0.4908 0.0026
vn -0.8661 0.4998 0.0027
vn -0.8021 0.4966 -0.3318
vn -0.9966 0.0824 0.0020
vn -0.9572 0.2895 0.0024
vn -0.8834 0.2944 -0.3647
vn -0.1931 -0.9346 0.2988
vn -0.7160 -0.6657 0.2102
vn -0.6950 -0.6960 0.1806
vn -0.1987 -0.9488 0.2457
vn 0.9805 -0.1957 -0.0185
vn 0.7153 -0.6960 -0.0633
vn 0.6970 -0.6941 -0.1803
vn -0.5612 -0.6078 0.5618
vn -0.6990 -0.1458 0.7001
vn -0.9144 -0.1465 0.3774
vn -0.7378 -0.6031 0.3033
vn -0.6210 -0.2989 0.7246
vn -0.6552 -0.5378 0.5305
vn -0.1807 -0.6987 0.6922
vn -0.1701 -0.3744 0.9115
vn 0.9151 -0.1429 0.3771
vn 0.9896 -0.1435 0.0023
vn 0.3783 -0.1553 -0.9126
vn 0.6997 -0.1570 -0.6970
vn 0.7082 0.0001 -0.7060
vn 0.3849 -0.0021 -0.9230
vn -0.1413 -0.6761 -0.7231
vn 0.1440 -0.6763 -0.7225
vn 0.1016 -0.8558 -0.5073
vn -0.1025 -0.8553 -0.5079
vn -0.4105 -0.9119 0.0020
vn -0.7281 -0.6855 0.0020
vn -0.6758 -0.6826 -0.2782
vn -0.3787 -0.9118 -0.1588
vn -0.9836 0.1804 0.0065
vn -0.3982 0.9170 0.0241
vn -0.3919 0.9148 0.0981
vn -0.9792 0.2022 0.0196
vn -0.9804 0.0321 0.1945
vn 0.9054 0.1946 -0.3772
vn 0.6375 0.7236 -0.2646
vn 0.2772 0.9205 -0.2754
vn 0.6936 0.1937 -0.6938
vn 0.9796 -0.0588 0.1922
vn 0.8627 -0.4760 0.1706
vn 0.9591 0.2831 -0.0004
vn 0.8819 0.2991 -0.3645
vn 0.8063 0.4894 -0.3322
vn 0.8740 0.4859 -0.0009
vn 0.7073 0.0316 -0.7062
vn 0.6997 -0.1425 -0.7001
vn 0.3811 -0.1483 -0.9126
vn 0.3835 0.0300 -0.9230
vn 0.3414 0.4503 0.8250
vn 0.3203 0.9227 -0.2146
vn 0.2096 0.9242 -0.3194
vn 0.0016 1.0000 0.0009
vn 0.0009 1.0000 -0.0008
vn 0.0020 1.0000 0.0004
vn 0.0011 1.0000 0.0014
vn -0.0020 1.0000 0.0014
vn -0.0022 1.0000 -0.0000
vn -0.0021 1.0000 0.0023
vn 0.0015 1.0000 0.0023
vn 0.1829 0.3842 -0.9049
vn 0.5155 0.3798 -0.7681
vn 0.0007 1.0000 0.0009
vn -0.1820 0.3820 -0.9061
vn -0.0000 1.0000 -0.0009
vn 0.3752 0.1954 0.9061
vn 0.2607 0.7238 0.6389
vn 0.4888 0.7237 0.4871
vn 0.6936 0.1939 0.6938
vn 0.9967 0.0812 0.0004
vn 0.9208 0.0844 -0.3808
vn 0.0737 0.9232 -0.3773
vn 0.0008 1.0000 0.0003
vn 0.8314 0.0020 -0.5557
vn 0.1968 0.0013 -0.9804
vn 0.1967 -0.0017 -0.9805
vn 0.8315 -0.0017 -0.5555
vn -0.4928 -0.4728 0.7305
vn 0.1662 0.5367 0.8272
vn 0.5550 0.0016 0.8318
vn 0.5574 0.0015 0.8303
vn 0.3204 0.9226 0.2148
vn 0.2113 0.9236 0.3198
vn 0.1770 0.4553 -0.8726
vn 0.4984 0.4527 -0.7393
vn 0.5565 0.0285 -0.8304
vn 0.1685 -0.4981 -0.8506
vn 0.4792 -0.5016 -0.7202
vn 0.1682 -0.5012 -0.8489
vn -0.3815 0.0311 -0.9238
vn -0.3794 -0.1481 -0.9133
vn -0.6997 -0.1422 -0.7001
vn 0.7335 0.4716 -0.4895
vn 0.4908 0.4718 -0.7325
vn -0.1814 -0.6945 -0.6962
vn -0.2466 -0.9497 -0.1932
vn -0.6381 -0.7220 -0.2675
vn -0.4878 -0.7242 -0.4874
vn -0.1706 0.4566 -0.8731
vn 0.1661 -0.4981 -0.8511
vn -0.4772 -0.5016 -0.7215
vn -0.5544 0.0284 -0.8317
vn 0.1658 -0.5011 -0.8493
vn -0.1754 0.6664 0.7246
vn -0.2187 0.6828 0.6971
vn -0.2953 0.9357 0.1933
vn -0.2557 0.9464 0.1973
vn 0.1737 0.6655 -0.7259
vn 0.9793 -0.0603 0.1932
vn 0.4880 -0.4756 0.7319
vn -0.8295 -0.0589 -0.5553
vn -0.4900 0.4692 -0.7347
vn -0.7333 0.4684 -0.4928
vn 0.1685 0.4708 -0.8660
vn -0.4960 0.4527 -0.7410
vn -0.9842 0.1723 0.0415
vn -0.9779 0.1991 0.0633
vn -0.9828 -0.1763 -0.0546
vn -0.9781 -0.1996 -0.0589
vn 0.0407 0.1736 0.9840
vn -0.9807 0.1954 0.0022
vn -0.9808 -0.1948 0.0022
vn -0.9055 -0.1983 -0.3752
vn -0.9053 0.1992 -0.3753
vn -0.5550 0.0015 0.8318
vn -0.1939 0.0015 0.9810
vn 0.0735 0.9231 0.3773
vn -0.0773 0.9229 0.3772
vn -0.3979 -0.8250 -0.4014
vn -0.4135 -0.8099 -0.4161
vn -0.2240 -0.8064 -0.5474
vn -0.2129 -0.8261 -0.5217
vn -0.9832 -0.1801 0.0285
vn -0.9828 -0.1765 0.0545
vn -0.7162 -0.6655 0.2103
vn -0.7270 -0.6789 0.1025
vn -0.0008 1.0000 -0.0002
vn -0.0007 1.0000 0.0003
vn 0.1672 -0.9769 0.1329
vn 0.1653 -0.9463 0.2779
vn 0.1838 0.3810 -0.9061
vn 0.5163 0.3780 -0.7685
vn 0.9868 -0.0302 -0.1588
vn 0.9758 0.0604 0.2103
vn 0.9828 -0.0000 0.1847
vn 0.9828 -0.0000 -0.1846
vn -0.0282 0.6965 -0.7170
vn -0.0090 0.1910 -0.9816
vn 0.2223 0.8696 -0.4408
vn 0.2053 0.5439 -0.8136
vn -0.2090 0.5426 -0.8136
vn -0.2260 0.8687 -0.4409
vn -0.0075 0.1909 0.9816
vn -0.0317 0.1971 0.9799
vn -0.1813 0.3809 -0.9067
vn -0.7933 -0.5373 -0.2863
vn -0.7713 -0.3327 -0.5426
vn -0.9899 -0.0753 -0.1199
vn -0.9914 -0.1170 -0.0590
vn -0.1688 0.9834 -0.0674
vn -0.0000 1.0000 0.0022
vn -0.1803 0.9836 0.0021
vn 0.0243 -0.1807 0.9832
vn 0.0014 1.0000 0.0036
vn 0.0008 1.0000 0.0040
vn -0.1941 -0.0017 0.9810
vn 0.5551 -0.0017 0.8318
vn 0.1485 -0.9681 0.2017
vn 0.1089 -0.6804 0.7247
vn 0.1724 0.4708 -0.8652
vn -0.3170 0.9238 -0.2149
vn -0.2137 -0.6650 -0.7156
vn -0.1796 -0.6944 -0.6968
vn -0.2477 -0.9492 -0.1942
vn -0.2974 -0.9346 -0.1950
vn 0.4878 -0.7239 -0.4879
vn 0.6935 -0.1943 -0.6938
vn 0.3750 -0.1959 -0.9061
vn 0.2664 -0.7218 -0.6387
vn 0.7077 -0.0000 0.7066
vn 0.3839 -0.0000 0.9234
vn 0.3769 0.1543 0.9133
vn 0.6986 0.1488 0.6999
vn 0.8330 -0.0017 -0.5533
vn -0.9828 -0.1766 0.0546
vn -0.9784 -0.1984 0.0590
vn -0.2974 0.9350 -0.1932
vn -0.2162 0.6850 -0.6957
vn -0.7359 -0.4709 -0.4866
vn -0.8628 -0.4760 0.1706
vn -0.9814 0.0021 0.1919
vn -0.8330 -0.0017 -0.5533
vn -0.1978 0.3330 -0.9219
vn 0.1979 0.3328 -0.9220
vn -0.3727 0.9248 -0.0766
vn -0.0000 -1.0000 0.0022
vn -0.1730 -0.9849 0.0022
vn -0.1615 -0.9846 0.0676
vn -0.5137 0.3801 -0.7692
vn 0.3739 -0.1902 -0.9078
vn 0.3738 0.1899 -0.9079
vn -0.0020 0.1867 -0.9824
vn -0.0018 -0.1867 -0.9824
vn -0.3738 -0.1898 -0.9079
vn -0.3739 0.1898 -0.9079
vn -0.6945 0.1901 -0.6939
vn -0.6946 -0.1900 -0.6938
vn 0.4316 -0.8548 -0.2882
vn 0.5049 -0.8569 -0.1041
vn 0.7984 -0.2832 -0.5313
vn 0.5325 -0.2847 -0.7971
vn -0.4282 -0.8565 -0.2881
vn -0.5046 -0.8571 -0.1040
vn -0.5050 -0.8568 -0.1041
vn -0.4284 -0.8564 -0.2883
vn -0.6989 0.6811 0.2184
vn -0.7073 0.6988 0.1066
vn -0.9803 0.1948 0.0327
vn 0.1015 -0.8559 -0.5072
vn 0.1884 -0.2831 -0.9404
vn -0.3814 -0.0000 -0.9244
vn -0.3822 0.0864 -0.9200
vn -0.0002 0.0873 -0.9962
vn -0.7657 0.3845 -0.5156
vn -0.7687 0.3813 0.5135
vn -0.0026 1.0000 0.0034
vn 0.0698 -0.9841 -0.1632
vn 0.1241 -0.9844 -0.1243
vn 0.9139 -0.1493 0.3774
vn 0.9891 -0.1471 0.0042
vn 0.8476 -0.5306 0.0040
vn 0.7793 -0.5359 0.3249
vn 0.9832 -0.1801 -0.0284
vn 0.9802 0.1953 0.0327
vn -0.0849 -0.9758 0.2017
vn -0.2425 -0.9506 0.1935
vn -0.2457 -0.9502 -0.1916
vn -0.0849 -0.9761 -0.1999
vn 0.8670 0.4983 -0.0002
vn 0.7995 0.5004 -0.3323
vn 0.8812 0.3000 -0.3654
vn 0.9520 0.3060 -0.0003
vn 0.0542 -0.2008 -0.9781
vn -0.0407 0.1737 0.9840
vn -0.0131 0.1862 0.9824
vn 0.0150 -0.1948 0.9807
vn 0.0571 -0.2000 0.9781
vn -0.1753 0.6666 0.7245
vn -0.0658 0.6890 0.7218
vn -0.2152 0.9227 0.3198
vn -0.3172 0.9238 0.2147
vn -0.8331 0.0050 0.5532
vn -0.8314 0.0052 0.5557
vn -0.4862 0.8724 0.0503
vn -0.4861 0.8725 -0.0503
vn -0.9271 0.3617 -0.0982
vn -0.9272 0.3615 0.0981
vn 0.2005 -0.9681 0.1501
vn -0.2042 -0.9673 0.1502
vn -0.1912 -0.9349 0.2989
vn -0.5551 -0.0017 0.8318
vn -0.8315 0.0020 0.5555
vn 0.0037 0.1089 -0.9940
vn 0.3793 0.1043 -0.9194
vn 0.3803 0.0301 -0.9244
vn -0.0679 0.1968 0.9781
vn -0.0407 0.1734 0.9840
vn -0.7342 -0.4735 0.4866
vn -0.9792 -0.0589 -0.1942
vn -0.9794 -0.0625 0.1922
vn -0.7344 -0.4709 -0.4888
vn 0.8658 0.4707 0.1697
vn -0.2557 0.9464 -0.1973
vn -0.1776 0.6661 -0.7244
vn -0.8329 0.0021 0.5534
vn -0.5717 0.1228 0.8112
vn -0.1940 -0.0016 -0.9810
vn -0.8650 0.4707 -0.1737
vn -0.8658 0.4707 0.1698
vn 0.1712 0.4698 0.8660
vn 0.9457 0.1876 -0.2654
vn 0.7990 0.1724 -0.5761
vn 0.7990 -0.1724 -0.5761
vn 0.9309 -0.2097 -0.2990
vn -0.8730 0.4559 -0.1733
vn -0.9808 0.0356 0.1918
vn 0.2101 -0.6660 -0.7157
vn 0.1072 -0.6808 -0.7246
vn 0.1486 -0.9677 -0.2036
vn 0.2973 -0.9345 -0.1959
vn -0.4984 0.4527 -0.7394
vn 0.0621 -0.6990 0.7124
vn -0.8310 0.0285 -0.5555
vn 0.9806 -0.1952 0.0197
vn 0.9807 -0.1952 -0.0066
vn 0.9836 0.1804 0.0065
vn 0.9821 0.1878 -0.0153
vn 0.9807 0.0281 0.1932
vn 0.9810 0.0284 0.1920
vn 0.8735 0.4559 0.1705
vn 0.8735 0.4555 0.1721
vn -0.9805 0.0285 -0.1945
vn -0.9809 0.0321 0.1920
vn 0.9807 0.0302 0.1932
vn 0.7394 0.4573 -0.4942
vn 0.9805 0.0284 -0.1945
vn -0.1051 0.9747 0.1975
vn 0.7220 -0.4982 0.4802
vn 0.8507 -0.4978 0.1689
vn -0.8490 -0.5015 0.1661
vn -0.7211 -0.5013 0.4782
vn -0.9279 -0.3705 0.0417
vn -0.9834 -0.1804 0.0197
vn -0.7215 -0.4988 -0.4802
vn -0.8502 -0.4988 -0.1684
vn -0.3963 0.9178 0.0240
vn -0.3915 0.9150 0.0981
vn -0.9790 0.2027 0.0197
vn -0.9836 0.1802 0.0066
vn 0.8506 -0.4985 0.1673
vn 0.8509 -0.4983 0.1661
vn -0.8802 -0.1803 -0.4390
vn -0.9108 -0.2386 0.3368
vn -0.3096 -0.2592 -0.9149
vn 0.9792 0.2022 -0.0196
vn 0.9835 -0.1798 0.0197
vn 0.9807 -0.1953 0.0065
vn 0.8314 -0.0013 0.5557
vn 0.5550 -0.0009 0.8319
vn 0.5100 0.3857 0.7689
vn 0.7664 0.3836 0.5152
vn 0.1730 0.9849 0.0022
vn 0.6908 0.7230 0.0022
vn 0.6396 0.7215 0.2653
vn 0.1615 0.9846 0.0675
vn 0.1677 0.5397 0.8250
vn 0.0886 0.5545 0.8275
vn 0.1737 0.6667 -0.7248
vn -0.8331 0.0009 -0.5532
vn -0.8314 0.0014 -0.5557
vn -0.8315 -0.0017 -0.5555
vn -0.0001 0.0870 -0.9962
vn 0.3801 0.0913 -0.9204
vn 0.3661 0.3005 -0.8807
vn 0.0037 0.3007 -0.9537
vn -0.4807 -0.4983 0.7216
vn -0.4826 -0.4983 0.7203
vn 0.0641 -0.2594 -0.9636
vn 0.6388 -0.2601 0.7241
vn 0.4779 -0.5009 0.7215
vn 0.1614 -0.9103 0.3811
vn 0.2776 -0.6839 0.6747
vn 0.0019 -0.6828 0.7306
vn 0.0037 -0.9106 0.4132
vn 0.1614 0.9103 0.3811
vn 0.0037 0.9106 0.4134
vn 0.0019 0.6828 0.7306
vn 0.2776 0.6838 0.6748
vn -0.0623 -0.6991 -0.7123
vn 0.0189 -0.7045 -0.7094
vn 0.6787 0.7215 -0.1370
vn 0.5921 0.6841 -0.4260
vn 0.6194 -0.2998 -0.7256
vn 0.6523 -0.5432 -0.5287
vn 0.1813 -0.7001 -0.6907
vn 0.1653 -0.3766 -0.9115
vn 0.1753 0.6666 0.7245
vn 0.0542 -0.2010 -0.9781
vn 0.0187 -0.1947 -0.9807
vn -0.0170 0.1863 -0.9824
vn -0.0849 0.9757 0.2019
vn 0.7071 0.0318 0.7064
vn 0.7031 0.1072 0.7030
vn 0.3791 0.1116 0.9186
vn 0.3818 0.0301 0.9237
vn -0.6140 -0.6752 0.4088
vn -0.8313 0.0023 0.5558
vn -0.8331 0.0024 0.5531
vn 0.7065 0.0830 0.7029
vn 0.6777 0.2931 0.6744
vn -0.2518 0.9475 0.1974
vn 0.7351 -0.6064 0.3030
vn 0.5640 -0.6051 0.5619
vn 0.1949 -0.9607 0.1974
vn 0.2610 -0.9594 0.1068
vn 0.3113 -0.2598 0.9141
vn 0.1686 -0.5002 0.8493
vn 0.7077 -0.0000 -0.7065
vn 0.9245 -0.0000 -0.3813
vn 0.9140 0.1496 -0.3772
vn 0.6980 0.1514 -0.6999
vn -0.7376 -0.6034 0.3032
vn -0.5615 -0.6074 0.5619
vn -0.6990 -0.1456 0.7001
vn -0.9145 -0.1468 0.3771
vn -0.9783 -0.1984 -0.0590
vn -0.0186 0.6870 -0.7265
vn -0.1926 0.2882 -0.9380
vn -0.2045 0.2486 -0.9468
vn 0.1925 0.2882 -0.9380
vn 0.7281 -0.6854 0.0021
vn 0.6738 -0.6846 0.2782
vn 0.3789 -0.9117 0.1587
vn 0.4105 -0.9119 0.0022
vn -0.3808 0.1055 -0.9186
vn 0.6773 0.2933 -0.6747
vn 0.6178 0.4908 -0.6144
vn -0.3835 -0.0010 0.9235
vn -0.0000 -0.0001 1.0000
vn -0.0002 -0.1568 0.9876
vn -0.3773 -0.1546 0.9131
vn -0.9789 -0.0528 -0.1975
vn -0.9841 0.0453 0.1717
vn -0.9865 -0.0113 0.1632
vn -0.9765 0.0190 -0.2146
vn -0.1074 -0.9735 0.2019
vn 0.0226 -0.1769 -0.9840
vn 0.0999 -0.9140 -0.3933
vn 0.5720 0.1233 0.8109
vn 0.2042 0.9748 0.0894
vn 0.1988 0.9485 0.2467
vn -0.1988 0.9485 0.2467
vn -0.2005 0.9756 0.0894
vn -0.0245 0.9791 -0.2020
vn -0.0245 0.9792 0.2013
vn -0.1055 0.9745 0.1979
vn -0.1055 0.9747 -0.1970
vn -0.0004 0.5546 0.8321
vn -0.1133 -0.0000 0.9936
vn -0.1149 0.3782 0.9186
vn -0.2028 0.9785 0.0368
vn -0.2033 0.9784 -0.0364
vn -0.5026 0.8365 0.2181
vn -0.8728 0.3285 0.3609
vn -0.4104 0.9119 0.0023
vn -0.7282 0.6854 0.0021
vn -0.6738 0.6846 0.2780
vn -0.3787 0.9118 0.1589
vn -0.0000 -1.0000 0.0019
vn 0.3787 -0.9118 -0.1588
vn 0.7963 0.5083 0.3279
vn 0.8612 0.5083 0.0042
vn 0.5951 0.8036 0.0045
vn 0.5449 0.8071 0.2273
vn 0.2901 -0.9118 -0.2907
vn -0.1968 -0.9495 0.2443
vn -0.6939 -0.6967 0.1821
vn -0.6837 0.7166 0.1376
vn -0.5928 0.6836 0.4258
vn -0.7998 0.1683 0.5761
vn -0.9450 0.1908 0.2655
vn 0.1934 -0.9503 0.2440
vn 0.6974 -0.6936 0.1803
vn 0.7165 -0.6651 0.2104
vn 0.5147 -0.6835 0.5176
vn 0.2905 -0.9115 0.2913
vn 0.1597 0.9106 -0.3812
vn 0.2899 0.9118 -0.2908
vn 0.5124 0.6842 -0.5190
vn 0.2764 0.6844 -0.6747
vn 0.7155 -0.6662 -0.2104
vn 0.6968 -0.6942 -0.1803
vn 0.1933 -0.9503 -0.2440
vn 0.1913 -0.9348 -0.2991
vn -0.5107 0.3881 0.7672
vn -0.5115 0.3867 0.7673
vn -0.7694 0.3817 0.5121
vn 0.9884 0.1521 -0.0000
vn 0.9138 0.1505 -0.3772
vn 0.7962 0.5085 -0.3278
vn 0.8588 0.5123 -0.0001
vn -0.3027 -0.6047 -0.7367
vn -0.5631 -0.6062 -0.5616
vn -0.6997 -0.1427 -0.7001
vn 0.8589 0.3674 -0.3568
vn 0.6732 0.6852 -0.2781
vn 0.7282 0.6854 0.0021
vn 0.9323 0.3616 0.0022
vn 0.0038 -0.3629 -0.9318
vn -0.3526 -0.3660 -0.8612
vn -0.3827 -0.0000 -0.9239
vn 0.0003 -0.0000 -1.0000
vn 0.3624 0.3058 0.8804
vn -0.0000 0.3009 0.9536
vn 0.0035 0.5006 0.8657
vn 0.3326 0.4978 0.8010
vn -0.0000 -0.6828 -0.7306
vn -0.2763 -0.6844 -0.6747
vn 0.9241 -0.0318 0.3809
vn 0.9996 -0.0273 0.0024
vn 0.7663 0.3871 -0.5127
vn 0.7681 0.3838 -0.5125
vn -0.3715 0.9253 0.0764
vn -0.9814 0.0059 0.1917
vn -0.6598 -0.3621 -0.6584
vn -0.8603 -0.3641 -0.3568
vn 0.2593 -0.9598 -0.1070
vn 0.1950 -0.9607 -0.1975
vn 0.5633 -0.6061 -0.5615
vn 0.7356 -0.6056 -0.3035
vn -0.2899 -0.9119 -0.2906
vn -0.5138 -0.6842 -0.5176
vn -0.6105 -0.5087 0.6070
vn -0.7956 -0.5092 0.3283
vn -0.5493 -0.8039 0.2282
vn -0.4198 -0.8058 0.4177
vn 0.9740 -0.1919 -0.1203
vn 0.7229 -0.4988 -0.4782
vn 0.3836 0.0004 -0.9235
vn 0.3526 -0.3659 -0.8613
vn 0.3833 -0.0002 0.9236
vn 0.3542 0.3647 0.8611
vn -0.0018 0.3630 0.9318
vn 0.0003 -0.0000 1.0000
vn -0.9323 0.3617 0.0022
vn -0.8603 0.3644 -0.3565
vn -0.2837 -0.8567 -0.4308
vn -0.1025 -0.8555 -0.5076
vn -0.1894 -0.2811 -0.9408
vn -0.5326 -0.2815 -0.7982
vn -0.3199 -0.5398 0.7786
vn 0.0012 -0.5365 0.8439
vn -0.0037 -0.8247 0.5656
vn -0.2181 -0.8251 0.5212
vn 0.4082 -0.6781 -0.6113
vn 0.6133 -0.6758 -0.4089
vn 0.5046 -0.8571 -0.1040
vn 0.4318 -0.8546 -0.2884
vn 0.7626 0.4733 -0.4408
vn 0.6908 0.7108 -0.1329
vn -0.7799 -0.1759 -0.6006
vn -0.9688 -0.1654 -0.1847
vn -0.7230 -0.6723 -0.1589
vn -0.7864 -0.3325 -0.5206
vn -0.9833 -0.1807 -0.0194
vn -0.9807 -0.1953 -0.0065
vn 0.3526 0.3660 -0.8612
vn 0.0037 0.3629 -0.9318
vn -0.0000 0.6828 -0.7306
vn 0.9898 0.1426 0.0023
vn 0.7967 0.6044 0.0022
vn 0.7351 0.6063 0.3033
vn 0.9150 0.1432 0.3772
vn -0.9081 -0.1818 0.3772
vn -0.6955 -0.1863 0.6940
vn -0.7029 -0.1047 0.7035
vn -0.9189 -0.1021 0.3811
vn 0.9150 -0.1432 0.3771
vn 0.6982 -0.1497 0.7000
vn -0.9897 0.1429 0.0021
vn -0.9144 0.1467 0.3772
vn -0.7377 0.6032 0.3033
vn -0.7963 0.6049 0.0022
vn 0.3050 -0.6039 0.7364
vn 0.3798 -0.1474 0.9133
vn -0.0000 -0.1475 0.9891
vn 0.0019 -0.6059 0.7955
vn -0.5178 0.6813 0.5175
vn -0.6583 0.3648 0.6585
vn -0.3539 0.3646 0.8613
vn -0.2811 0.6824 0.6748
vn 0.0038 0.1955 -0.9807
vn 0.0038 -0.1953 -0.9807
vn 0.3751 0.1960 -0.9060
vn 0.0018 -0.1868 0.9824
vn 0.0019 0.1868 0.9824
vn 0.7064 -0.0000 -0.7078
vn 0.6584 -0.3621 -0.6599
vn 0.5124 -0.6841 -0.5190
vn 0.2763 -0.6843 -0.6748
vn 0.7070 -0.0317 0.7065
vn 0.7027 -0.1070 0.7034
vn 0.9182 -0.1073 0.3812
vn 0.9241 -0.0302 0.3809
vn 0.9065 0.3810 0.1821
vn 0.7663 0.3868 0.5129
vn 0.9065 0.3820 0.1799
vn 0.6984 0.1487 -0.7001
vn 0.6107 0.5072 -0.6082
vn -0.1614 0.9103 0.3813
vn -0.2950 0.9102 0.2906
vn 0.9808 -0.0015 0.1952
vn 0.2042 0.9748 -0.0895
vn 0.2024 0.9789 0.0284
vn -0.2026 0.9789 0.0283
vn -0.2006 0.9756 -0.0894
vn -0.0000 1.0000 0.0019
vn 0.9094 0.3743 0.1812
vn 0.9072 0.3800 0.1805
vn 0.9076 0.3798 0.1791
vn 0.9086 0.3765 0.1809
vn 0.7790 0.1796 -0.6008
vn 0.9720 0.1652 -0.1673
vn 0.7351 0.6736 -0.0764
vn 0.7825 0.3463 -0.5175
vn 0.0036 0.9106 -0.4132
vn -0.1562 0.9111 -0.3813
vn -0.2900 0.9118 -0.2907
vn 0.5101 0.3879 0.7677
vn 0.1761 0.3844 0.9062
vn -0.0000 1.0000 0.0053
vn 0.0008 1.0000 0.0041
vn -0.3787 0.9118 -0.1587
vn -0.1943 0.0015 -0.9809
vn 0.1963 0.0015 -0.9805
vn 0.9720 0.1650 0.1673
vn 0.9849 0.1729 0.0109
vn 0.9907 -0.1356 -0.0066
vn 0.9688 -0.1653 0.1847
vn -0.7353 0.6735 -0.0764
vn -0.7431 0.6684 -0.0328
vn -0.9849 0.1729 -0.0109
vn -0.9720 0.1651 -0.1674
vn -0.2498 -0.8519 -0.4603
vn -0.2224 -0.5074 -0.8325
vn -0.9323 -0.3617 0.0022
vn -0.7082 0.0001 0.7060
vn -0.8590 0.3671 0.3568
vn -0.9239 -0.0000 0.3826
vn -0.1635 -0.9775 -0.1329
vn -0.1672 -0.9459 -0.2781
vn 0.1709 -0.9452 -0.2781
vn 0.1672 -0.9769 -0.1329
vn -0.6598 0.3620 -0.6585
vn -0.5138 0.6842 -0.5175
vn -0.2764 0.6843 -0.6748
vn -0.3526 0.3660 -0.8613
vn -0.6758 0.6826 -0.2781
vn -0.8590 -0.3671 0.3568
vn -0.6582 -0.3653 0.6583
vn -0.3540 -0.3646 0.8612
vn -0.3827 -0.0000 0.9239
vn 0.9775 -0.2025 0.0589
vn 0.7155 -0.6957 0.0633
vn -0.3787 -0.9118 0.1587
vn -0.1559 -0.9112 -0.3813
vn 0.8322 0.0020 0.5544
vn 0.5574 -0.0017 0.8303
vn 0.8317 -0.0021 0.5552
vn 0.3810 0.0907 0.9201
vn 0.0040 0.0870 0.9962
vn 0.6215 0.7587 0.1950
vn 0.3668 0.2942 -0.8825
vn -0.3910 0.9168 0.0809
vn -0.7276 0.6632 0.1754
vn -0.9841 0.1729 0.0415
vn -0.9821 0.1876 0.0153
vn 0.9282 0.3705 -0.0330
vn 0.7240 0.6670 -0.1760
vn 0.9841 0.1728 -0.0415
vn 0.9765 0.0226 -0.2144
vn 0.9789 -0.0528 -0.1975
vn 0.3540 -0.3647 0.8612
vn -0.0019 -0.3630 0.9318
vn -0.6738 -0.6846 0.2781
vn -0.2950 -0.9102 0.2906
vn -0.5177 -0.6813 0.5175
vn 0.6218 0.7590 0.1932
vn 0.4783 0.8568 0.1928
vn -0.0019 -0.1869 -0.9824
vn -0.3772 -0.1833 -0.9078
vn -0.3813 -0.1055 -0.9184
vn 0.0037 -0.1089 -0.9940
vn 0.9203 0.0874 -0.3813
vn 0.9958 0.0916 0.0003
vn 0.3829 0.1053 -0.9178
vn 0.7030 0.1070 -0.7031
vn 0.7073 0.0319 -0.7062
vn 0.3836 0.0302 -0.9230
vn -0.2811 -0.6824 0.6748
vn -0.1613 -0.9103 0.3812
vn 0.1943 0.0014 0.9809
vn 0.3164 0.2541 0.9140
vn 0.5554 0.0014 0.8316
vn 0.6123 0.5014 -0.6113
vn 0.3318 0.4983 -0.8010
vn 0.3344 0.4883 -0.8061
vn 0.6548 -0.7123 0.2529
vn 0.6436 -0.7224 0.2528
vn 0.9309 -0.2097 0.2990
vn 0.9659 -0.2169 0.1414
vn -0.9813 0.0053 0.1922
vn 0.1597 -0.9106 -0.3811
vn 0.2898 -0.9119 -0.2905
vn 0.0246 0.6993 -0.7145
vn 0.8313 -0.0016 0.5558
vn -0.0016 1.0000 0.0005
vn -0.0009 1.0000 0.0001
vn 0.2517 0.9475 0.1972
vn 0.0037 -0.9106 -0.4134
vn 0.9814 0.0015 -0.1922
vn -0.8807 0.3022 0.3648
vn -0.9512 0.3086 0.0028
vn -0.7998 0.5001 0.3320
vn 0.8082 0.4863 0.3322
vn 0.8689 0.4950 0.0037
vn 0.8683 0.4960 0.0039
vn 0.7982 0.5028 0.3317
vn 0.0207 0.1989 0.9798
vn -0.0187 -0.1775 0.9839
vn -0.0019 -0.1995 0.9799
vn 0.0037 0.1781 0.9840
vn 0.0020 1.0000 0.0037
vn 0.3721 0.9250 0.0767
vn -0.5153 -0.8275 0.2230
vn -0.4975 -0.8657 0.0544
vn -0.1129 -0.9927 0.0415
vn -0.0015 1.0000 0.0036
vn -0.0019 1.0000 0.0031
vn -0.1985 -0.2938 0.9350
vn -0.1980 -0.2431 0.9496
vn -0.6975 -0.1790 0.6939
vn -0.7171 -0.2084 0.6651
vn -0.1651 -0.3767 -0.9115
vn -0.1777 -0.7011 -0.6906
vn -0.6524 -0.5431 -0.5286
vn -0.6222 -0.2963 -0.7247
vn -0.0660 -0.9844 -0.1632
vn -0.1242 -0.9845 -0.1242
vn -0.8761 -0.3220 0.3589
vn -0.5173 -0.8263 0.2228
vn 0.6612 0.3621 -0.6570
vn 0.5153 0.6841 -0.5161
vn 0.7349 0.6067 -0.3032
vn 0.2594 0.9598 -0.1070
vn 0.2830 0.9591 0.0022
vn 0.7968 0.6042 0.0022
vn 0.6584 0.3620 -0.6599
vn -0.0019 0.9844 0.1761
vn 0.0698 0.9841 0.1634
vn 0.2597 -0.9597 -0.1072
vn 0.1950 -0.9607 -0.1974
vn 0.5634 -0.6059 -0.5616
vn 0.7354 -0.6059 -0.3034
vn 0.0020 1.0000 -0.0001
vn 0.0010 1.0000 0.0021
vn 0.1616 -0.9845 -0.0676
vn -0.5431 -0.8085 -0.2267
vn -1.0000 -0.0001 0.0025
vn -0.1054 0.9936 0.0416
vn -0.0904 0.9959 0.0066
vn -0.6546 0.7064 0.2692
vn -0.1686 0.9834 0.0674
vn -0.1261 0.9837 0.1285
vn -0.4993 0.7082 0.4991
vn -0.9804 0.1950 0.0283
vn -0.0019 0.7231 0.6908
vn 0.8591 -0.3669 0.3567
vn 0.9245 -0.0000 0.3813
vn 0.7077 -0.0000 0.7065
vn 0.6601 -0.3615 0.6584
vn -0.1945 0.9356 0.2948
vn -0.6964 0.6834 0.2192
vn 0.6601 0.3615 0.6585
vn 0.8592 0.3669 0.3567
vn 0.8589 -0.3674 -0.3567
vn 0.9242 -0.0000 -0.3818
vn 1.0000 -0.0000 0.0021
vn 0.9323 -0.3617 0.0022
vn -0.3301 0.4996 0.8009
vn -0.0004 0.4890 0.8723
vn -0.3304 0.4920 0.8055
vn -0.3674 0.2931 0.8827
vn 0.6613 -0.3620 -0.6570
vn 0.7093 0.0001 -0.7049
vn 0.6743 0.6841 0.2781
vn 0.7303 -0.6793 0.0720
vn 0.7069 -0.7071 0.0197
vn -0.7594 -0.6207 -0.1953
vn 0.8091 0.5658 0.1589
vn -0.0189 0.1987 -0.9799
vn -0.0773 0.7065 -0.7035
vn -0.8327 0.0016 -0.5536
vn 0.3723 0.9250 0.0764
vn -0.0680 -0.9835 -0.1675
vn -0.1585 -0.9135 -0.3748
vn -0.2908 -0.9127 -0.2869
vn -0.1261 -0.9836 -0.1286
vn 0.2145 0.8256 0.5218
vn 0.3196 0.5386 0.7796
vn 0.0038 0.7077 0.7065
vn -0.0019 0.9836 0.1805
vn 0.0697 0.9834 0.1674
vn 0.2727 0.7079 0.6515
vn 0.6728 -0.6856 -0.2780
vn 0.5154 -0.6841 -0.5162
vn 0.1242 0.9845 0.1241
vn 0.5953 -0.5366 -0.5980
vn 0.3254 -0.5365 -0.7786
vn 0.2132 -0.8264 -0.5212
vn 0.3979 -0.8249 -0.4016
vn 0.3254 0.5350 -0.7796
vn 0.5946 0.5384 -0.5971
vn 0.3981 0.8247 -0.4017
vn 0.2130 0.8262 -0.5216
vn 0.3991 -0.8243 0.4016
vn 0.2147 -0.8257 0.5216
vn 0.3193 -0.5400 0.7787
vn 0.5948 -0.5384 0.5969
vn 0.2914 0.9114 0.2907
vn 0.3789 0.9117 0.1588
vn 0.2005 -0.9681 -0.1502
vn -0.2024 -0.9677 -0.1503
vn -0.2023 -0.9786 -0.0371
vn -0.9815 0.0022 0.1916
vn -0.9808 -0.0021 -0.1949
vn -0.9064 0.1906 -0.3771
vn -0.9063 -0.1908 -0.3771
vn 0.1969 -0.9763 -0.0894
vn 0.1969 -0.0011 -0.9804
vn 0.5575 -0.0012 -0.8302
vn 0.9138 0.1508 0.3770
vn 0.6980 0.1500 0.7002
vn 0.6983 -0.1481 0.7004
vn 0.9141 -0.1498 0.3769
vn -0.9239 -0.0331 -0.3812
vn -0.9995 -0.0320 0.0020
vn 0.5148 0.6834 0.5176
vn -0.0000 0.5006 -0.8657
vn -0.0016 0.4893 -0.8721
vn -0.3346 0.4878 -0.8063
vn -0.3313 0.4989 -0.8008
vn -0.8440 0.5363 0.0021
vn -0.7798 0.5355 -0.3241
vn -0.5212 0.8260 -0.2147
vn -0.5685 0.8227 0.0020
vn 0.6745 0.3008 -0.6743
vn 0.1284 -0.9833 -0.1286
vn 0.2860 -0.9139 -0.2880
vn 0.1583 -0.9137 -0.3742
vn 0.0680 -0.9836 -0.1673
vn -0.6154 0.4935 0.6146
vn -0.6752 0.2984 0.6746
vn -0.1968 0.9695 -0.1458
vn -0.1950 0.9367 -0.2906
vn -0.6951 0.6860 -0.2149
vn -0.7060 0.7001 -0.1069
vn 0.7662 -0.2645 0.5856
vn 0.4104 0.9119 0.0022
vn 0.3787 0.9118 -0.1588
vn 0.2901 0.9118 -0.2907
vn -0.7071 0.7071 0.0041
vn -0.1808 0.9835 0.0022
vn 0.6549 0.7060 0.2696
vn 0.1690 0.9833 0.0677
vn 0.1803 0.9836 0.0023
vn 0.7075 0.7067 0.0025
vn -0.0661 0.9844 -0.1633
vn -0.1243 0.9844 -0.1241
vn -0.0019 0.9843 -0.1762
vn 0.1691 -0.9833 -0.0676
vn -0.9842 0.1724 -0.0415
vn -0.9822 0.1874 -0.0153
vn -0.9806 -0.1950 0.0197
vn -0.9783 -0.1989 0.0589
vn 0.0697 0.9841 -0.1631
vn 0.0697 -0.9841 0.1631
vn 0.1241 -0.9844 0.1243
vn 0.1616 0.9845 -0.0677
vn 0.1243 0.9844 -0.1243
vn -0.0020 1.0000 0.0039
vn 0.4994 0.7084 0.4988
vn 0.1298 0.9832 0.1286
vn -0.7914 -0.6104 -0.0327
vn -0.9908 -0.1354 -0.0066
vn 0.7974 -0.2829 0.5330
vn 0.5311 -0.2837 0.7984
vn -0.0019 -0.9844 -0.1762
vn -0.0660 0.9844 0.1630
vn -0.0000 1.0000 0.0021
vn -0.5982 0.5346 -0.5969
vn -0.3217 0.5381 -0.7791
vn -0.2129 0.8262 -0.5217
vn -0.3975 0.8255 -0.4006
vn 0.0001 1.0000 0.0001
vn -0.0735 0.9831 0.1674
vn -0.2726 0.7079 0.6516
vn 0.1693 0.9832 -0.0678
vn -0.0000 1.0000 0.0023
vn -0.1615 0.9846 0.0676
vn -0.1730 0.9849 0.0022
vn -0.1809 0.3841 0.9054
vn -0.0004 1.0000 0.0034
vn -0.2610 -0.9594 0.1070
vn -0.1950 -0.9607 0.1976
vn 0.3829 -0.1049 -0.9178
vn 0.3835 -0.0299 -0.9230
vn 0.7073 -0.0318 -0.7062
vn 0.7030 -0.1071 -0.7031
vn -0.6367 -0.7240 0.2652
vn -0.6911 -0.7228 0.0020
vn 0.1983 -0.9762 0.0876
vn -0.2003 -0.9757 0.0893
vn -0.2024 -0.9790 -0.0242
vn 0.2025 -0.9790 -0.0240
vn -0.6371 0.7237 0.2654
vn -0.6908 0.7230 0.0021
vn -0.1242 0.9844 0.1244
vn -0.4860 0.7252 0.4877
vn 0.1037 0.9596 -0.2614
vn 0.1949 0.9607 -0.1975
vn 0.5633 0.6062 -0.5615
vn 0.3044 0.6051 -0.7356
vn -0.5483 0.8048 0.2272
vn -0.5925 0.8056 0.0022
vn -0.8595 0.5112 0.0024
vn -0.7942 0.5113 0.3283
vn 0.2607 -0.7241 0.6386
vn -0.0019 -0.9843 0.1762
vn -0.0019 -0.7230 0.6908
vn -0.5054 -0.8569 0.1013
vn -0.9405 -0.2819 -0.1899
vn -0.9412 -0.2809 0.1876
vn 0.0019 -0.7230 -0.6908
vn 0.2887 -0.8550 0.4308
vn 0.4327 -0.8543 0.2882
vn 0.4329 -0.8541 0.2884
vn 0.2887 -0.8549 0.4311
vn 0.7072 0.0315 0.7063
vn 0.7032 0.1059 0.7030
vn 0.3791 0.1119 0.9186
vn 0.3817 0.0301 0.9238
vn -0.3221 -0.5367 -0.7799
vn -0.5973 -0.5350 -0.5975
vn -0.0021 -0.5378 -0.8431
vn 0.0038 -0.8248 -0.5654
vn -0.0000 1.0000 0.0044
vn -0.0008 1.0000 0.0040
vn -0.4880 0.7244 -0.4869
vn -0.2665 0.7216 -0.6390
vn 0.2664 0.7220 -0.6385
vn 0.0019 0.7232 -0.6907
vn 0.4343 -0.8543 0.2854
vn 0.5054 -0.8569 -0.1015
vn 0.7222 -0.6773 0.1404
vn 0.7223 -0.6769 0.1420
vn -0.2610 0.9594 0.1070
vn -0.2828 0.9592 0.0023
vn 0.1967 0.9609 0.1950
vn 0.0210 0.5611 0.8275
vn 0.0923 0.9765 0.1950
vn 0.4784 0.8562 0.1950
vn 0.2584 0.5026 0.8250
vn 0.3345 0.9220 0.1951
vn 0.1939 -0.0012 -0.9810
vn -0.5550 -0.0013 -0.8319
vn -0.1615 0.9846 -0.0675
vn -0.6376 0.7227 -0.2667
vn -0.7607 0.4763 -0.4409
vn -0.7320 0.2633 -0.6283
vn -0.1893 0.3786 -0.9060
vn -0.7266 0.1700 0.6657
vn -0.7455 -0.0452 0.6650
vn -0.3750 0.1955 -0.9062
vn -0.2005 -0.9743 -0.1025
vn 0.2026 -0.9739 -0.1025
vn -0.3750 -0.1959 -0.9061
vn -0.2664 -0.7219 -0.6386
vn -0.6394 0.7223 -0.2635
vn 0.9807 0.1954 0.0021
vn 0.1036 -0.9739 -0.2019
vn 0.9070 0.1876 0.3771
vn 0.9073 -0.1866 0.3769
vn 0.1932 0.2146 -0.9574
vn -0.1931 0.2145 -0.9574
vn -0.3793 0.1480 -0.9134
vn -0.3822 -0.0296 -0.9236
vn -0.7070 -0.0356 -0.7063
vn -0.6997 0.1419 -0.7002
vn -0.6937 0.1931 0.6939
vn -0.6935 -0.1940 0.6938
vn -0.9046 -0.1989 0.3771
vn -0.9047 0.1983 0.3771
vn 0.9054 0.1951 0.3771
vn -0.7072 -0.0296 0.7064
vn -0.9241 -0.0287 0.3810
vn 0.5168 -0.8266 0.2228
vn 0.4977 -0.8656 0.0548
vn 0.9296 -0.3551 0.0988
vn 0.8773 -0.3187 0.3590
vn -0.0000 0.1946 0.9809
vn -0.0000 -0.1949 0.9808
vn 0.3752 -0.1957 0.9060
vn 0.1770 -0.7027 0.6892
vn 0.6530 -0.5424 0.5286
vn 0.6396 -0.7214 0.2655
vn 0.9054 -0.1951 0.3772
vn 0.9807 -0.1954 0.0023
vn 0.6908 -0.7231 0.0023
vn 0.9056 -0.1941 -0.3772
vn 0.6394 -0.7215 -0.2656
vn 0.1882 -0.2821 0.9407
vn -0.1938 -0.0012 0.9810
vn -0.0018 0.5378 -0.8430
vn 0.0037 0.8248 -0.5654
vn -0.7068 0.6682 0.2323
vn -0.7086 0.6666 -0.2312
vn -0.9388 0.1914 -0.2865
vn -0.9396 0.1871 0.2865
vn -0.7200 0.0038 -0.6939
vn -0.9828 -0.0000 -0.1847
vn -0.9869 -0.0302 -0.1588
vn -0.7426 -0.1537 -0.6518
vn 0.3946 0.9153 0.0807
vn 0.3984 0.9169 -0.0240
vn 0.9820 0.1882 0.0157
vn -0.1967 -0.0017 -0.9805
vn 0.5679 0.8231 0.0006
vn 0.5244 0.8240 -0.2146
vn 0.7779 0.5385 -0.3239
vn 0.8440 0.5364 0.0006
vn 0.8313 -0.0016 -0.5559
vn 0.8331 -0.0009 -0.5531
vn 0.9807 0.0019 0.1957
vn -0.8322 0.0038 0.5544
vn 0.9812 -0.0000 0.1932
vn 0.2022 -0.9740 0.1024
vn -0.2005 -0.9743 0.1025
vn -0.2005 -0.9794 0.0241
vn 0.2025 -0.9790 0.0241
vn -0.1968 -0.0011 0.9805
vn -0.5575 -0.0018 0.8302
vn -0.1969 0.0005 0.9804
vn -0.0000 -0.0000 1.0000
vn -0.3834 -0.0000 0.9236
vn -0.3771 0.1537 0.9133
vn -0.0001 0.1522 0.9884
vn 0.6936 -0.1939 0.6938
vn 0.1504 0.9687 0.1975
vn 0.1089 0.6995 0.7063
vn 0.2186 0.6828 0.6971
vn 0.9808 -0.0005 0.1950
vn -0.0002 1.0000 0.0021
vn -0.1971 -0.0011 0.9804
vn -0.2046 0.5443 0.8136
vn -0.1984 0.0873 0.9762
vn 0.1983 0.0872 0.9762
vn 0.2080 0.5430 0.8135
vn -0.3819 -0.0298 0.9237
vn -0.3797 0.1471 0.9133
vn -0.6990 0.1457 0.7001
vn 0.9241 -0.0302 -0.3809
vn 0.9150 0.1435 -0.3771
vn 0.9898 0.1425 0.0022
vn 0.1970 -0.0013 -0.9804
vn -0.1937 -0.0012 -0.9811
vn -0.9958 0.0920 0.0021
vn 0.4887 -0.7237 0.4873
vn -0.4059 -0.6781 -0.6126
vn -0.6148 -0.6731 -0.4110
vn -0.8313 -0.0011 -0.5558
vn -0.5548 -0.0016 -0.8320
vn 0.6125 -0.6754 0.4108
vn -0.7223 -0.6771 0.1405
vn 0.9239 0.0299 -0.3815
vn 0.6955 0.1864 -0.6939
vn -0.7217 -0.6772 -0.1430
vn -0.9808 -0.0017 -0.1949
vn -0.1872 -0.2841 0.9403
vn -0.6401 -0.7217 -0.2634
vn 0.9815 -0.0017 0.1915
vn -0.7975 -0.2826 -0.5331
vn -0.6920 0.7095 -0.1332
vn -0.6920 0.0679 -0.7187
vn -0.6970 -0.1810 -0.6939
vn -0.5056 -0.8568 0.1014
vn -0.0008 -0.5092 0.8606
vn -0.3257 -0.5116 0.7951
vn -0.2291 -0.8050 0.5472
vn -0.0020 -0.8070 0.5905
vn -0.4345 -0.8541 0.2860
vn 0.7219 -0.6769 0.1437
vn 0.4345 -0.8535 0.2877
vn -0.3736 0.1988 0.9060
vn -0.2644 0.7228 0.6385
vn -0.4856 -0.7258 0.4872
vn -0.3735 -0.1983 0.9062
vn -0.2644 -0.7224 0.6389
vn 0.4341 -0.8545 0.2853
vn 0.5051 -0.8571 -0.1014
vn 0.4340 -0.8538 0.2876
vn -0.5447 0.8071 -0.2277
vn -0.4212 0.8052 -0.4173
vn -0.6094 0.5096 -0.6074
vn -0.7974 0.5062 -0.3286
vn -0.2908 -0.8551 0.4293
vn -0.2836 -0.8567 -0.4308
vn -0.6119 0.5020 -0.6112
vn -0.6741 0.3018 -0.6742
vn -0.3664 0.3011 -0.8804
vn -0.1617 -0.9845 -0.0676
vn -0.1616 0.9845 -0.0677
vn -0.1808 -0.7016 0.6893
vn -0.6552 -0.5411 0.5272
vn 0.9401 -0.2844 0.1878
vn -0.8001 -0.2784 0.5313
vn -0.5325 -0.2847 0.7971
vn 0.7776 -0.5389 -0.3240
vn 0.5238 -0.8244 -0.2147
vn 0.9401 -0.2838 0.1888
vn 0.6981 -0.1490 -0.7003
vn 0.3768 -0.1558 -0.9131
vn 0.4145 -0.8088 -0.4170
vn 0.2240 -0.8065 -0.5471
vn -0.5614 0.6077 0.5618
vn -0.1949 0.9607 0.1976
vn 0.9396 -0.2844 0.1904
vn -0.8331 0.0028 0.5532
vn -0.6767 0.2937 -0.6752
vn -0.3652 0.2962 -0.8826
vn -0.8314 -0.0005 -0.5557
vn -0.0661 -0.9844 0.1632
vn -0.1242 -0.9845 0.1242
vn 0.0036 -0.1521 -0.9884
vn 0.9816 -0.0000 0.1912
vn 0.9811 -0.0021 0.1934
vn -0.0001 1.0000 0.0022
vn -0.2024 -0.9677 0.1503
vn -0.1894 -0.9352 0.2992
vn 0.9061 0.3828 0.1801
vn 0.1618 -0.9845 0.0677
vn 0.1729 -0.9849 0.0022
vn -0.2290 0.8054 0.5467
vn -0.4192 0.8064 0.4171
vn -0.6109 0.5076 0.6075
vn -0.3268 0.5108 0.7952
vn 0.7959 -0.5088 -0.3282
vn 0.6096 -0.5091 -0.6076
vn 0.6979 -0.1503 -0.7002
vn 0.9138 -0.1509 -0.3772
vn 0.0040 -0.1567 -0.9876
vn -0.0000 -0.0001 -1.0000
vn -0.3764 -0.1543 -0.9135
vn 0.9788 0.1949 -0.0633
vn 0.6991 0.6821 -0.2146
vn 0.7052 0.7009 -0.1068
vn 0.9803 0.1950 -0.0327
vn 0.1050 0.9936 0.0411
vn 0.0905 0.9959 0.0066
vn -0.9804 0.1946 -0.0322
vn -0.9781 0.1985 -0.0633
vn 0.0015 1.0000 0.0025
vn 0.0012 1.0000 0.0026
vn 0.9059 0.3824 0.1818
vn 0.0003 1.0000 0.0023
vn 0.0025 1.0000 0.0026
vn 0.3723 0.9250 0.0763
vn 0.9814 -0.0017 -0.1919
vn 0.1036 0.9597 -0.2612
vn 0.3014 0.6065 -0.7358
vn -0.0001 0.6059 -0.7955
vn 0.0038 0.9593 -0.2825
vn -0.1619 -0.9845 -0.0678
vn -0.0000 -1.0000 0.0023
vn 0.5031 0.8361 0.2189
vn 0.4829 0.8743 0.0502
vn 0.1284 -0.9833 0.1287
vn 0.0698 -0.9834 0.1675
vn -0.0679 0.9836 -0.1674
vn 0.0038 0.9836 -0.1805
vn 0.2832 0.9591 0.0021
vn 0.2608 0.9595 0.1070
vn 0.9815 0.0012 -0.1916
vn 0.8330 0.0017 -0.5533
vn 0.4901 -0.4756 0.7305
vn 0.9794 -0.0586 0.1933
vn 0.8632 -0.4756 0.1691
vn 0.8619 -0.4766 0.1733
vn -0.9147 0.1450 -0.3772
vn -0.6979 0.1510 -0.7001
vn -0.6982 -0.1499 -0.7001
vn -0.9146 -0.1464 -0.3769
vn 0.2042 0.9748 0.0897
vn 0.2025 0.9789 -0.0283
vn 0.2043 0.9748 -0.0894
vn -0.2006 0.9756 -0.0895
vn -0.1986 0.9480 -0.2486
vn 0.1988 0.9480 -0.2487
vn 0.8322 -0.0000 0.5544
vn 0.8323 0.0001 0.5544
vn 0.8654 0.4706 0.1717
vn -0.1985 0.9476 0.2504
vn 0.1988 0.9475 0.2505
vn 0.1947 0.9355 0.2948
vn 0.1952 0.9754 -0.1026
vn 0.9288 0.3681 -0.0416
vn 0.9790 0.2031 0.0196
vn 0.3909 0.9152 0.0980
vn 0.9289 0.3702 0.0110
vn 0.9837 0.1800 0.0065
vn -0.0659 0.6891 0.7217
vn 0.0150 0.6859 0.7275
vn 0.0001 1.0000 0.0021
vn -0.0000 -0.9134 -0.4071
vn 0.0037 -0.9836 -0.1804
vn -0.7144 -0.6969 0.0634
vn -0.2023 -0.9752 0.0897
vn -0.1985 -0.9494 0.2434
vn 0.6973 -0.6937 0.1803
vn 0.1932 -0.9508 0.2423
vn 0.7159 -0.6954 0.0633
vn 0.0037 0.1566 -0.9877
vn -0.3764 0.1554 -0.9133
vn -0.3827 -0.0004 -0.9239
vn 0.6920 -0.2446 0.6792
vn 0.6908 -0.0001 0.7230
vn 0.1997 -0.0001 0.9799
vn 0.1885 -0.3290 0.9253
vn -0.9790 0.2031 -0.0196
vn -0.9278 0.3709 -0.0417
vn -0.9287 0.3706 -0.0110
vn -0.9836 0.1804 -0.0064
vn -0.3944 0.9154 0.0807
vn -0.9821 0.1879 0.0155
vn -0.6967 -0.6944 -0.1803
vn -0.7129 -0.6984 -0.0633
vn -0.9806 -0.1951 -0.0195
vn -0.9783 -0.1988 -0.0590
vn 0.2146 0.6845 -0.6967
vn 0.1739 0.6668 -0.7247
vn -0.7265 0.6642 0.1760
vn -0.1987 0.9480 0.2486
vn -0.9807 -0.1952 0.0065
vn -0.7068 -0.7071 0.0199
vn -0.9281 -0.3701 0.0417
vn -0.9833 -0.1807 0.0194
vn -0.0189 0.6856 -0.7277
vn -0.0774 0.7072 -0.7027
vn -0.0189 0.1989 -0.9798
vn -0.0075 0.1781 -0.9840
vn -0.9780 0.1986 -0.0633
vn -0.9803 0.1950 -0.0327
vn -0.7077 0.6984 -0.1069
vn -0.6968 0.6845 -0.2145
vn -0.9832 -0.1801 0.0283
vn -0.9783 -0.1985 0.0590
vn -0.9841 0.1725 -0.0415
vn -0.9806 -0.1952 0.0196
vn -0.9821 0.1877 -0.0152
vn -0.9131 0.1550 -0.3771
vn -0.9875 0.1576 0.0022
vn -1.0000 -0.0009 0.0024
vn -0.9245 0.0025 -0.3813
vn -0.6997 -0.1574 -0.6969
vn -0.9245 0.0028 -0.3812
vn -0.9130 -0.1560 -0.3770
vn -0.2040 -0.9787 0.0241
vn -0.2025 -0.9752 -0.0894
vn -0.1950 0.9368 -0.2906
vn 0.1948 0.9370 -0.2900
vn -0.7073 0.0335 -0.7061
vn -0.9789 -0.0603 -0.1952
vn -0.0000 0.1092 0.9940
vn -0.0017 0.0306 0.9995
vn 0.3803 -0.0301 -0.9244
vn 0.3794 -0.1047 -0.9193
vn 0.0037 -0.1091 -0.9940
vn 0.0018 -0.0307 -0.9995
vn 0.9789 -0.0528 0.1975
vn 0.9764 0.0226 0.2146
vn 0.6921 0.0677 0.7186
vn 0.6962 -0.1783 0.6954
vn 0.8977 0.3959 0.1932
vn 0.8331 -0.0016 -0.5531
vn 0.3798 0.1472 0.9133
vn 0.3798 -0.1470 0.9133
vn 0.3797 -0.1473 0.9133
vn 0.0019 -0.1480 0.9890
vn 0.9396 0.1875 0.2864
vn 0.7533 0.1576 0.6385
vn 0.7533 -0.1576 0.6385
vn 0.9396 -0.1875 0.2865
vn -0.9828 -0.0000 0.1846
vn -0.9758 0.0603 0.2104
vn 0.3839 -0.0000 -0.9234
vn 0.3770 0.1544 -0.9133
vn 0.2189 0.9716 -0.0895
vn 0.2190 0.9716 0.0895
vn 0.7048 0.6705 0.2315
vn 0.7034 0.6725 -0.2302
vn 0.7214 0.0001 0.6925
vn 0.9828 -0.0000 0.1846
vn 0.9868 -0.0302 0.1588
vn 0.7431 -0.1569 0.6505
vn 0.7224 -0.6911 0.0240
vn 0.9821 -0.1880 0.0066
vn 0.9822 -0.1876 -0.0066
vn -0.9209 0.0840 0.3807
vn -1.0000 -0.0000 0.0019
vn 0.1980 -0.2432 0.9495
vn 0.9880 -0.1542 0.0042
vn 0.9887 0.1501 0.0040
vn 0.9244 -0.0000 -0.3815
vn -0.7214 -0.6921 -0.0239
vn -0.7214 -0.6921 0.0239
vn -0.2023 -0.9786 0.0371
vn -0.9396 -0.1874 0.2865
vn -0.7525 -0.1608 0.6387
vn -0.7526 0.1610 0.6385
vn 0.8799 0.3044 0.3649
vn 0.9540 0.2999 0.0044
vn 0.9962 0.0875 0.0044
vn 0.9201 0.0890 0.3815
vn -0.2116 -0.6658 0.7155
vn -0.1826 -0.6936 0.6968
vn -0.0536 -0.2013 0.9781
vn -0.0570 -0.1778 0.9824
vn -0.7269 -0.6791 0.1025
vn -0.6998 0.1569 -0.6969
vn -0.7082 0.0026 -0.7060
vn -0.7243 -0.6891 0.0242
vn -0.9130 0.1561 0.3770
vn -0.9245 0.0019 0.3812
vn -0.6986 0.1484 -0.7000
vn -0.9133 0.1537 -0.3772
vn -0.0227 -0.6922 -0.7214
vn -0.0396 -0.9783 -0.2033
vn 0.0359 -0.9783 -0.2040
vn 0.7055 0.7006 0.1068
vn -0.0019 0.2925 -0.9563
vn 0.0340 0.3713 0.9279
vn 0.0168 0.1861 0.9824
vn -0.0037 0.1783 0.9840
vn -0.0151 0.6862 0.7273
vn -0.3815 0.0294 0.9239
vn -0.3791 0.1113 0.9186
vn -0.6102 -0.5081 -0.6078
vn -0.7970 -0.5071 -0.3280
vn 0.9874 -0.1584 0.0020
vn 0.9824 -0.1868 0.0022
vn 0.9065 -0.1893 0.3774
vn 0.9123 -0.1601 0.3768
vn 0.9185 -0.1054 -0.3811
vn 0.9070 -0.1872 -0.3773
vn 0.7991 0.1723 0.5760
vn 0.9457 0.1874 0.2656
vn 0.7989 -0.1723 0.5762
vn 0.9822 -0.1879 0.0066
vn 0.9832 -0.1805 0.0283
vn 0.9245 0.0020 -0.3811
vn 0.9122 0.1601 -0.3771
vn 0.6997 0.1572 -0.6969
vn 0.2009 0.9689 -0.1444
vn 0.2023 0.9786 -0.0371
vn 0.0037 0.1567 -0.9876
vn 0.0075 0.1907 0.9816
vn 0.2116 -0.6659 0.7154
vn 0.2428 -0.9506 0.1933
vn 0.2988 -0.9345 0.1933
vn 0.9246 -0.0015 0.3809
vn 0.9125 -0.1593 0.3769
vn 0.7080 0.0007 0.7062
vn 0.0283 -0.1803 -0.9832
vn 0.0057 -0.1867 -0.9824
vn 0.2026 0.9786 0.0370
vn 0.2004 0.9681 0.1502
vn 0.7018 0.2086 -0.6812
vn 0.6923 0.0001 -0.7216
vn 0.1996 0.0001 -0.9799
vn -0.3735 -0.9146 -0.1550
vn -0.2024 -0.9790 0.0240
vn 0.2024 -0.9790 0.0240
vn -0.9898 0.1427 0.0021
vn -0.9144 0.1465 -0.3774
vn -0.9239 -0.0348 -0.3812
vn -0.9996 -0.0299 0.0020
vn 0.0906 0.9959 -0.0067
vn 0.4830 0.8742 -0.0503
vn 0.6980 0.6819 0.2185
vn 0.1947 0.9355 0.2947
vn 0.1987 0.9480 0.2487
vn 0.7240 0.6669 0.1761
vn -0.6516 0.7091 -0.2695
vn -0.7067 0.7076 -0.0000
vn -0.9821 0.1883 0.0001
vn -0.1780 -0.1116 0.9777
vn 0.9151 -0.1429 -0.3771
vn 0.9898 -0.1428 0.0022
vn 0.7964 -0.6048 0.0023
vn 0.9126 0.1582 0.3771
vn 0.6997 0.1570 0.6970
vn 0.6960 0.1859 0.6935
vn -0.9827 -0.1768 -0.0546
vn -0.7126 -0.6693 -0.2102
vn -0.9840 0.1733 -0.0415
vn -0.7262 0.6646 -0.1759
vn -0.9283 0.3704 -0.0330
vn 0.7066 -0.7074 -0.0196
vn 0.9281 0.3709 -0.0329
vn 0.9820 0.1882 -0.0153
vn -0.2070 -0.2244 0.9523
vn -0.2038 0.0038 0.9790
vn -0.9148 -0.1449 0.3770
vn -0.9882 -0.1534 0.0039
vn -0.8586 -0.5127 0.0035
vn 0.7305 -0.6791 -0.0721
vn 0.9841 0.0453 -0.1718
vn 0.9866 -0.0076 -0.1631
vn -0.3798 0.1471 0.9133
vn -0.6990 0.1459 0.7001
vn -0.3819 -0.0311 0.9237
vn -0.3968 0.9176 0.0240
vn -0.9297 0.3670 -0.0326
vn 0.4987 -0.7089 0.4988
vn 0.2728 -0.7077 0.6517
vn -0.1912 -0.9349 -0.2990
vn -0.1947 0.2849 0.9386
vn -0.1995 -0.0036 0.9799
vn 0.1946 0.2849 0.9386
vn -0.2041 -0.9674 -0.1501
vn 0.2537 0.9469 -0.1977
vn 0.2537 0.9469 0.1974
vn 0.0886 0.9753 0.2021
vn 0.0886 0.9754 -0.2019
vn 0.8741 0.3250 0.3610
vn 0.7179 0.2443 0.6518
vn 0.7203 -0.2374 0.6518
vn 0.8762 -0.3172 0.3628
vn -0.2004 -0.9756 0.0894
vn -0.2023 -0.9790 -0.0241
vn 0.1968 -0.9763 0.0894
vn 0.0019 0.1481 0.9890
vn -0.0017 -0.0306 0.9995
vn -0.0004 0.5579 0.8299
vn -0.1127 0.7020 0.7032
vn 0.2053 -0.2268 -0.9521
vn 0.7418 -0.1575 -0.6519
vn 0.7201 -0.0000 -0.6939
vn 0.2046 -0.0000 -0.9788
vn 0.2025 -0.9739 0.1025
vn -0.2026 -0.9739 0.1025
vn -0.0016 0.0307 0.9995
vn -0.0279 -0.1803 0.9832
vn 0.0282 0.1977 0.9799
vn -0.0056 -0.1867 0.9824
vn -0.9841 0.1730 0.0415
vn -0.9781 0.1983 0.0633
vn -0.9832 -0.1801 -0.0284
vn 0.9832 -0.1802 -0.0284
vn 0.9807 0.1956 0.0067
vn 0.9802 0.1954 0.0328
vn -0.9063 -0.1908 0.3771
vn -0.6552 -0.7057 0.2695
vn -0.4045 -0.9145 0.0027
vn -0.9821 -0.1883 0.0042
vn 0.7961 -0.6051 0.0023
vn 0.9151 -0.1426 -0.3772
vn 0.8620 -0.5070 -0.0002
vn 0.9890 -0.1479 0.0001
vn 0.7240 0.6669 -0.1760
vn -0.0226 -0.1768 -0.9840
vn -0.0038 -0.1996 -0.9799
vn -0.0189 -0.7045 -0.7094
vn -0.0380 -0.3752 -0.9262
vn -0.0170 -0.7047 0.7093
vn 0.0151 -0.1949 0.9807
vn -0.8310 0.0037 0.5562
vn 0.2117 -0.9733 -0.0893
vn 0.2508 -0.9668 0.0493
vn 0.7916 -0.6102 0.0327
vn 0.7216 -0.6739 -0.1586
vn 0.9821 -0.1802 0.0545
vn 0.0037 -0.7078 0.7064
vn -0.1564 -0.9140 0.3745
vn -0.3744 -0.1890 0.9078
vn 0.7972 -0.5069 0.3278
vn 0.8575 -0.5144 0.0041
vn 0.0075 0.1780 -0.9840
vn 0.0226 -0.1767 -0.9840
vn 0.0039 -0.1997 -0.9798
vn 0.7154 -0.6662 -0.2105
vn 0.1912 -0.9349 -0.2991
vn 0.7261 -0.6792 -0.1069
vn 0.2007 0.9792 0.0291
vn 0.1931 0.9758 0.1025
vn -0.1952 0.9754 0.1027
vn -0.2021 0.9790 0.0284
vn 0.1070 0.6998 -0.7063
vn 0.9775 -0.2026 0.0590
vn 0.2005 0.9681 0.1502
vn -0.0283 -0.6916 0.7217
vn 0.3796 0.1480 -0.9132
vn 0.3291 0.5092 -0.7953
vn 0.8761 -0.3176 -0.3628
vn 0.7202 -0.2376 -0.6518
vn 0.7176 0.2449 -0.6519
vn 0.8740 0.3253 -0.3609
vn -0.7077 -0.0000 0.7065
vn -0.6974 0.1542 0.6999
vn 0.2025 0.9789 0.0284
vn 0.2903 0.9373 -0.1930
vn 0.3815 -0.0002 -0.9244
vn 0.3750 0.1548 -0.9140
vn 0.3298 -0.5084 0.7955
vn 0.6119 -0.5053 0.6085
vn 0.1949 0.9755 0.1025
vn -0.3285 -0.5102 -0.7948
vn 0.3835 -0.0301 -0.9230
vn 0.7072 -0.0319 -0.7063
vn 0.7027 -0.1082 -0.7032
vn 0.3829 -0.1051 -0.9178
vn -0.4976 -0.8657 -0.0544
vn 0.9126 -0.1578 -0.3771
vn -0.1984 -0.9489 -0.2452
vn -0.1929 -0.9346 -0.2989
vn -0.7968 -0.6043 0.0022
vn -0.9898 -0.1424 0.0022
vn -0.7430 0.6684 0.0328
vn -0.7258 0.6113 0.3155
vn -0.2259 0.8686 0.4409
vn -0.2338 0.9710 0.0503
vn 0.9246 -0.0020 0.3809
vn -0.1794 -0.6942 -0.6971
vn 0.6750 0.2977 0.6751
vn 0.7052 0.0896 0.7033
vn 0.3822 -0.0302 0.9236
vn 0.3795 -0.1117 0.9184
vn 0.9812 -0.0010 0.1932
vn 0.9814 -0.0010 0.1918
vn -0.3771 -0.1551 0.9131
vn 0.0002 -0.1523 0.9883
vn 0.9245 0.0010 -0.3812
vn 0.9122 0.1601 -0.3770
vn 0.6997 0.1569 0.6970
vn 0.9126 0.1578 0.3771
vn -0.6954 0.1865 0.6940
vn -0.3778 0.1821 0.9078
vn -0.3772 0.1537 0.9133
vn -0.2057 -0.9670 0.1501
vn -0.2040 -0.9782 0.0374
vn -0.1971 0.9695 -0.1459
vn 0.0189 -0.7047 -0.7092
vn -0.0624 -0.6988 -0.7126
vn -0.0185 -0.1949 -0.9807
vn -0.3264 -0.5102 0.7957
vn -0.0014 -0.5069 0.8620
vn -0.0002 -0.1480 0.9890
vn -0.3796 -0.1468 0.9134
vn 0.9287 0.3707 0.0110
vn 0.7028 -0.1063 0.7034
vn 0.6955 -0.1865 0.6939
vn 0.5642 0.6051 0.5617
vn 0.3050 0.6040 0.7363
vn 0.3798 0.1474 0.9133
vn 0.6982 0.1495 0.7001
vn -0.7068 -0.0348 -0.7066
vn -0.3822 -0.0307 -0.9236
vn 0.3287 -0.5088 -0.7957
vn 0.0037 -0.5085 -0.8611
vn 0.0002 -0.1482 -0.9890
vn 0.3793 -0.1477 -0.9134
vn 0.9822 -0.1875 -0.0066
vn -0.7497 0.0037 0.6617
vn -0.9832 -0.0490 0.1761
vn -0.9873 -0.0000 0.1589
vn 0.9874 0.1582 0.0022
vn 1.0000 -0.0001 0.0021
vn 0.9830 -0.0528 -0.1761
vn 0.9841 0.0453 0.1717
vn 0.9793 0.0604 0.1932
vn 0.3755 -0.1830 -0.9086
vn 0.3748 -0.1550 -0.9141
vn -0.0019 -0.1868 -0.9824
vn -0.6997 -0.1568 0.6971
vn -0.1984 -0.9494 -0.2434
vn -0.7058 0.0886 -0.7029
vn -0.3817 0.0871 -0.9202
vn 0.8974 0.3958 0.1950
vn -0.9944 -0.1061 0.0020
vn -0.2025 -0.9786 -0.0371
vn -0.2023 0.9789 0.0284
vn 0.9807 -0.1948 0.0196
vn 0.0407 0.1735 0.9840
vn -0.0150 -0.1948 0.9807
vn 0.3791 0.1835 -0.9070
vn 0.2223 0.8696 0.4409
vn -0.6989 0.1462 0.7001
vn -0.9143 0.1474 0.3773
vn -0.6989 -0.1471 0.7000
vn -0.2004 0.9756 0.0894
vn 0.3810 0.1483 -0.9126
vn 0.6997 0.1426 -0.7000
vn -0.2025 0.9789 -0.0284
vn 0.0039 0.1523 -0.9883
vn 0.7201 -0.0000 -0.6938
vn 0.6884 0.1647 -0.7063
vn 0.9996 -0.0297 0.0025
vn 0.9242 -0.0292 -0.3809
vn 0.9150 0.1431 -0.3772
vn -0.9145 -0.1465 -0.3772
vn -0.9238 0.0338 -0.3813
vn 0.9807 0.1952 -0.0066
vn 0.6981 -0.1496 0.7002
vn -0.3797 -0.1473 0.9133
vn -0.9309 -0.2098 -0.2989
vn -0.7990 -0.1724 -0.5761
vn -0.7990 0.1724 -0.5760
vn -0.9457 0.1878 -0.2654
vn 0.7533 0.1578 -0.6385
vn 0.9389 0.1878 -0.2885
vn 0.9389 -0.1878 -0.2884
vn 0.7532 -0.1578 -0.6386
vn 0.7043 -0.6717 -0.2295
vn 0.7049 -0.6704 0.2315
vn 0.2189 -0.9716 0.0893
vn 0.2189 -0.9716 -0.0895
vn -0.1894 -0.9352 -0.2992
vn -0.1774 0.6659 -0.7246
vn -0.2168 0.6836 -0.6969
vn -0.0651 0.1975 -0.9781
vn -0.6921 0.0676 0.7186
vn -0.9765 0.0188 0.2146
vn -0.9789 -0.0528 0.1974
vn -0.7025 0.2061 0.6812
vn -0.2003 0.2500 0.9473
vn 0.0604 0.6897 -0.7216
vn 0.0019 0.8322 0.5544
vn -0.1578 -0.9826 -0.0982
vn -0.5937 -0.6830 -0.4254
vn -0.6410 -0.7248 -0.2527
vn -0.0848 -0.9753 -0.2040
vn 0.0283 -0.9787 -0.2033
vn 0.0283 0.9791 0.2015
vn 0.1055 0.9746 0.1975
vn 0.0755 0.7072 0.7030
vn -0.1951 0.9754 0.1025
vn 0.9875 0.1574 0.0022
vn 1.0000 -0.0000 0.0019
vn 0.6958 0.1865 0.6935
vn 0.9069 0.1882 0.3771
vn 0.9806 -0.1957 -0.0065
vn -0.1752 0.6667 0.7245
vn 0.1796 -0.6944 -0.6968
vn 0.0577 -0.1777 -0.9824
vn 0.3830 0.1051 -0.9178
vn -0.6138 0.4999 0.6110
vn -0.0252 0.9787 -0.2037
vn -0.1054 0.9741 -0.2001
vn -0.0338 0.1968 -0.9799
vn -0.0094 0.1910 -0.9816
vn -0.3792 -0.1114 0.9186
vn -0.5013 0.7069 -0.4990
vn -0.2678 0.7096 -0.6517
vn 0.9185 0.1046 0.3812
vn 0.0018 0.7077 -0.7066
vn 0.2713 0.7082 -0.6518
vn 0.6954 -0.1865 -0.6940
vn 0.7867 -0.3306 -0.5213
vn 0.7243 -0.6709 -0.1590
vn 0.9688 -0.1652 -0.1846
vn 0.7807 -0.1722 -0.6008
vn -0.7083 -0.7056 -0.0203
vn -0.7297 -0.6799 -0.0720
vn 0.3773 -0.1536 0.9133
vn 0.6979 -0.1512 0.7001
vn 0.5951 -0.5378 0.5972
vn 0.3211 -0.5363 0.7806
vn 0.7353 -0.6061 0.3032
vn 0.5639 -0.6053 0.5618
vn -0.7269 0.6638 0.1761
vn -0.3926 0.9162 0.0807
vn 0.9833 -0.1807 -0.0194
vn 0.0189 0.1986 -0.9799
vn 0.0736 0.7070 -0.7034
vn 0.0189 0.6856 -0.7277
vn -0.1943 0.0015 0.9809
vn -0.3838 -0.0000 -0.9234
vn -0.3766 0.1561 -0.9131
vn -0.8334 0.0037 0.5527
vn -0.9886 0.1507 0.0023
vn 0.1983 -0.9762 -0.0876
vn -0.2043 -0.9735 -0.1025
vn -0.2042 -0.9786 -0.0247
vn -0.0000 -0.6059 -0.7955
vn 0.3776 -0.1481 -0.9140
vn 0.3006 -0.6051 -0.7372
vn 0.6186 0.4892 0.6148
vn 0.3299 0.4917 0.8058
vn -0.6956 0.1856 0.6940
vn -0.9063 0.1912 0.3770
vn -0.3742 0.1891 0.9079
vn 0.9824 0.1869 0.0023
vn 0.3746 -0.9140 0.1555
vn -0.3027 0.6048 -0.7366
vn -0.6956 -0.1860 0.6940
vn -0.4991 -0.7084 0.4990
vn -0.1263 0.9836 -0.1287
vn 0.9803 0.1948 -0.0328
vn 0.7124 0.7014 -0.0241
vn 0.0681 0.9835 -0.1676
vn 0.1295 0.9832 -0.1286
vn 0.1803 -0.9836 0.0020
vn 0.4059 -0.9139 0.0020
vn 0.3735 -0.9146 -0.1550
vn 0.5688 -0.8225 0.0002
vn 0.8438 -0.5367 0.0005
vn -0.1948 0.9608 -0.1974
vn -0.5635 0.6056 -0.5619
vn -0.7376 0.6034 -0.3031
vn -0.2557 0.9608 -0.1067
vn 0.5445 0.8075 -0.2270
vn 0.5929 0.8053 -0.0000
vn 0.2254 -0.8061 0.5471
vn 0.0020 -0.8073 0.5901
vn -0.0001 -0.8250 0.5652
vn -0.1687 -0.9834 -0.0675
vn -0.4054 -0.9142 0.0015
vn -0.1804 -0.9836 0.0021
vn -0.9888 -0.1495 0.0019
vn -0.7781 -0.5380 0.3243
vn 0.4163 -0.8077 0.4175
vn 0.5459 -0.8064 0.2275
vn -0.3288 0.5092 -0.7954
vn -0.2240 0.8066 -0.5470
vn -0.0019 -0.9836 0.1805
vn -0.3799 0.1470 0.9133
vn -0.0396 -0.9790 -0.1999
vn -0.1523 -0.9679 -0.2000
vn -0.0397 -0.9786 0.2018
vn -0.0002 0.5079 0.8614
vn -0.0001 0.8073 0.5902
vn -0.0001 0.6060 -0.7955
vn -0.1076 0.9592 -0.2616
vn -0.0578 -0.2001 -0.9781
vn -0.9134 0.1534 0.3771
vn 1.0000 -0.0000 0.0041
vn 0.9141 0.1489 0.3771
vn 0.9885 0.1510 0.0039
vn 0.9884 -0.1516 0.0005
vn 0.9141 -0.1493 -0.3769
vn 0.5966 0.5361 0.5973
vn 0.7777 0.5388 0.3239
vn -0.6980 -0.1502 -0.7002
vn -0.9131 -0.1548 -0.3772
vn 0.9887 0.1499 0.0003
vn -0.5959 -0.5365 0.5976
vn -0.3768 -0.1546 -0.9133
vn -0.1690 -0.9833 0.0675
vn -0.1799 -0.9837 0.0021
vn -0.0019 -0.8072 -0.5903
vn -0.9821 0.1882 0.0041
vn 0.5234 0.8247 0.2143
vn 0.5686 0.8226 0.0042
vn 0.8439 0.5365 0.0039
vn 0.9401 0.1877 -0.2845
vn -0.0018 0.8074 -0.5901
vn -0.2093 -0.0708 -0.9753
vn -0.2224 -0.5043 -0.8344
vn 0.2246 -0.5033 -0.8344
vn 0.1128 -0.9927 -0.0416
vn 0.5130 -0.8291 -0.2225
vn 0.4943 -0.8676 -0.0544
vn 0.3299 0.5087 0.7953
vn 0.0035 0.1474 0.9891
vn -0.2038 0.0038 -0.9790
vn -0.2037 -0.2275 -0.9522
vn 0.0038 -0.1478 0.9890
vn 0.0021 -0.5082 0.8613
vn 0.6108 0.5080 0.6073
vn -0.0849 0.9758 0.2017
vn -0.0848 0.9758 -0.2018
vn 0.0283 0.9790 -0.2017
vn -0.4164 -0.8070 -0.4188
vn -0.5469 -0.8054 -0.2285
vn -0.9887 0.1501 0.0043
vn -0.3809 0.1050 -0.9186
vn -0.7201 -0.0000 0.6938
vn -0.2039 0.0037 0.9790
vn -0.1910 0.2164 0.9574
vn -0.6885 0.1644 0.7063
vn -0.8591 -0.5118 -0.0000
vn -0.9886 -0.1504 -0.0000
vn 0.4158 0.8084 0.4166
vn 0.2254 0.8064 0.5468
vn 0.5441 -0.8076 -0.2275
vn 0.5945 -0.8041 -0.0000
vn -0.5210 -0.8260 0.2149
vn 0.3993 0.8244 0.4012
vn -0.5955 0.5371 0.5974
vn -0.4026 0.8225 0.4017
vn 0.0030 -0.5397 0.8419
vn -0.7778 0.5386 0.3238
vn -0.5207 0.8263 0.2145
vn 0.9071 -0.1873 -0.3770
vn 0.5233 -0.8248 0.2143
vn 0.5687 -0.8226 0.0038
vn 0.5928 -0.8053 0.0042
vn 0.9824 -0.1869 0.0020
vn -0.5917 -0.8062 0.0013
vn 1.0000 -0.0000 0.0003
vn 0.1950 0.9607 -0.1974
vn -0.2303 -0.8047 0.5472
vn -0.0002 0.1479 0.9890
vn -0.5472 -0.8057 0.2268
vn -0.5911 -0.8066 0.0021
vn 0.7349 0.6067 -0.3031
vn 0.2591 0.9599 -0.1068
vn 0.0040 0.5082 -0.8612
vn 0.2240 0.8066 -0.5470
vn 0.1693 -0.9832 0.0679
vn 0.0027 -0.5065 -0.8623
vn -0.2253 -0.8066 -0.5464
vn -0.3277 -0.5095 -0.7956
vn -0.0735 -0.9832 0.1674
vn -0.1261 -0.9837 0.1285
vn 0.4216 0.8050 -0.4173
vn -0.4022 -0.8230 0.4012
vn 0.7759 -0.5421 0.3227
vn 0.8441 -0.5362 0.0026
vn -0.9185 0.1065 0.3809
vn -0.9078 0.1831 0.3774
vn 0.1950 0.9607 0.1976
vn -0.4180 -0.8075 0.4162
vn -0.9815 0.1692 -0.0894
vn -0.7276 0.6092 -0.3155
vn 0.5916 -0.6850 0.4252
vn 0.1935 -0.9507 -0.2425
vn 0.6900 0.1640 0.7050
vn 0.7214 -0.0000 0.6925
vn 0.2477 -0.9497 -0.1916
vn 0.2975 -0.9353 -0.1914
vn -0.9822 -0.1881 0.0002
vn 0.0002 0.1482 -0.9890
vn 0.6954 -0.1867 -0.6939
vn 0.6996 -0.1576 -0.6969
vn 0.3783 -0.1551 -0.9126
vn 0.3792 -0.1835 -0.9069
vn -0.0019 0.1868 -0.9824
vn 0.3753 0.1826 -0.9088
vn -0.0019 -0.1480 -0.9890
vn 0.3776 -0.1480 -0.9141
vn 0.3006 -0.6050 -0.7373
vn 0.7053 0.0918 -0.7029
vn 0.0356 0.9789 -0.2013
vn 0.0359 0.9787 0.2019
vn 0.1503 0.9687 -0.1975
vn 0.6997 -0.1428 -0.7000
vn 0.3811 -0.1481 -0.9126
vn 0.9271 0.3618 0.0982
vn -0.9941 -0.1086 0.0020
vn 0.9241 0.0285 0.3812
vn 0.9996 0.0297 0.0022
vn 0.9943 0.1061 0.0022
vn -0.3774 -0.1822 -0.9080
vn 0.6130 0.5003 0.6115
vn -0.3815 -0.1033 -0.9186
vn 0.9946 -0.1042 0.0025
vn 0.9187 -0.1032 -0.3812
vn -0.6576 -0.7097 -0.2528
vn -0.8829 0.2955 -0.3649
vn -0.9206 0.0837 -0.3814
vn -0.7023 -0.1100 -0.7033
vn -0.6965 -0.1822 -0.6941
vn -0.9079 -0.1831 -0.3772
vn -0.9180 -0.1095 -0.3812
vn -0.9133 -0.1542 0.3771
vn -0.9874 -0.1585 0.0025
vn -0.9820 -0.1888 0.0022
vn -0.9082 -0.1815 0.3772
vn -0.6997 -0.1579 -0.6968
vn -0.9130 -0.1561 -0.3770
vn -0.3792 0.1110 0.9186
vn -0.8064 0.4889 0.3326
vn -0.8839 0.2929 0.3646
vn 0.0001 -0.1092 0.9940
vn 0.3796 -0.1116 0.9184
vn 0.3822 -0.0299 0.9236
vn -0.6182 0.4893 -0.6151
vn -0.7023 0.3875 -0.5972
vn -0.3798 -0.1474 0.9133
vn -0.3050 -0.6038 0.7365
vn 0.3050 -0.6038 0.7364
vn 0.8839 0.2922 0.3652
vn 0.9552 0.2958 0.0042
vn 0.9209 0.0803 0.3814
vn 0.9964 0.0847 0.0044
vn -0.9828 0.1848 0.0021
vn -0.9076 0.1846 0.3771
vn -0.7079 0.0014 0.7063
vn -0.6998 -0.1558 0.6972
vn -0.3772 0.1822 -0.9080
vn 0.0019 -0.1866 0.9824
vn -0.3777 -0.1823 0.9078
vn -0.3773 -0.1548 0.9131
vn -0.0002 -0.1567 0.9876
vn -0.9291 0.3684 -0.0327
vn 0.3792 0.1835 -0.9069
vn -0.6964 0.1831 -0.6939
vn 0.3825 -0.0000 0.9239
vn 0.7078 -0.0000 0.7064
vn -0.9133 -0.1539 0.3772
vn -0.9873 -0.1586 0.0025
vn -0.7200 -0.0000 0.6940
vn -0.7419 -0.1571 0.6519
vn -0.9145 0.1464 0.3772
vn 1.0000 0.0001 0.0003
vn 0.3007 0.6051 -0.7372
vn -0.2537 0.9469 0.1975
vn -0.2952 0.9357 0.1931
vn -0.2974 0.9351 -0.1928
vn -0.2537 0.9469 -0.1975
vn -0.2557 -0.9608 -0.1068
vn -0.2830 -0.9591 0.0023
vn -0.7970 -0.6040 0.0022
vn -0.7374 -0.6036 -0.3031
vn -0.0000 1.0000 0.0020
vn 0.1950 0.9607 0.1977
vn 0.2608 0.9595 0.1069
vn 0.1054 -0.9595 0.2611
vn -0.9885 0.1514 0.0003
vn -0.5951 -0.8036 0.0032
vn 0.1054 0.9595 0.2612
vn -0.0019 0.9593 0.2825
vn -0.1054 0.9595 0.2612
vn 0.0018 0.1866 0.9824
vn 0.0001 0.1089 0.9941
vn 0.3777 0.1823 0.9078
vn 0.1129 -0.9927 0.0415
vn 0.4943 -0.8676 0.0544
vn 0.5140 -0.8284 0.2225
vn 0.0018 0.0306 -0.9995
vn 0.7070 -0.0309 0.7065
vn 0.6981 0.1498 0.7001
vn -0.2558 0.9608 -0.1068
vn -0.1947 0.9608 -0.1975
vn -0.3026 0.6052 -0.7364
vn -0.1073 0.9593 -0.2612
vn -0.1949 0.9607 0.1975
vn -0.2612 0.9593 0.1071
vn -0.1074 -0.9593 -0.2613
vn -0.1948 -0.9608 -0.1975
vn -0.7379 -0.6030 -0.3032
vn 0.0283 -0.9790 0.2018
vn 0.0282 -0.9794 -0.1999
vn 0.0245 -0.6919 0.7216
vn -0.0005 -0.0000 1.0000
vn -0.0020 0.1480 -0.9890
vn 0.9834 -0.1803 -0.0197
vn 0.9791 0.2026 0.0197
vn -0.9808 -0.1951 -0.0065
vn -0.9835 -0.1799 -0.0196
vn -0.7297 -0.6798 -0.0729
vn -0.7069 -0.7070 -0.0197
vn -0.2021 -0.9740 -0.1024
vn 0.3916 0.9149 0.0981
vn -0.3051 0.6036 0.7366
vn 0.0283 0.9790 -0.2018
vn 0.0186 0.6868 -0.7266
vn -0.2154 0.9724 -0.0894
vn -0.2153 0.9724 0.0894
vn -0.2830 0.9591 0.0021
vn -0.7250 0.6659 -0.1757
vn -0.1983 0.9486 -0.2465
vn 0.1986 0.9486 -0.2466
vn -0.2559 -0.9608 -0.1068
vn 0.1986 -0.2937 0.9350
vn -0.1054 0.9595 0.2613
vn 0.0038 -0.9593 -0.2824
vn 0.1036 -0.9597 -0.2613
vn 0.3043 -0.6054 -0.7354
vn 0.1037 -0.9597 -0.2611
vn -0.6948 -0.6963 0.1803
vn -0.7130 -0.6983 0.0633
vn -0.7284 0.6623 -0.1754
vn 0.2827 -0.9592 0.0022
vn -0.3025 -0.6049 -0.7366
vn -0.1074 -0.9593 -0.2612
vn -0.1950 -0.9607 -0.1976
vn -0.5634 -0.6057 -0.5619
vn 0.7155 -0.6957 -0.0633
vn 0.2302 0.9718 -0.0502
vn 0.2099 0.9772 0.0328
vn 0.7431 0.6684 -0.0328
vn -0.7265 0.6643 0.1759
vn 0.2032 0.2477 0.9473
vn 0.7243 0.6666 0.1761
vn 0.6980 0.6819 0.2188
vn 0.9821 -0.1805 -0.0546
vn 0.9776 -0.2022 -0.0590
vn -0.7132 -0.6687 -0.2103
vn -0.7105 0.7033 -0.0242
vn -0.1918 -0.3270 0.9254
vn 0.0018 0.1870 0.9824
vn 0.3778 0.1821 0.9078
vn 0.3770 0.1547 0.9132
vn -0.3850 0.0001 -0.9229
vn -0.0246 -0.9792 0.2016
vn -0.1074 -0.9734 0.2023
vn -0.1074 -0.9739 -0.1999
vn -0.0246 -0.9795 -0.1999
vn 0.0093 -0.1866 0.9824
vn 0.1055 0.9750 -0.1956
vn 0.7056 0.7005 0.1069
vn 0.7120 0.7018 0.0241
vn -0.6957 -0.6949 -0.1823
vn 0.3777 0.1480 -0.9140
vn 0.1988 0.9474 -0.2507
vn -0.1988 0.9474 -0.2508
vn 0.7268 -0.6792 0.1025
vn 0.9832 -0.1805 0.0284
vn 0.0020 0.6059 0.7955
vn 0.1053 0.9595 0.2612
vn -0.3049 -0.6038 0.7365
vn -0.1055 -0.9595 0.2614
vn -0.0019 -0.9593 0.2824
vn 0.2022 -0.9786 0.0371
vn -0.2021 0.9789 -0.0284
vn -0.1931 0.9758 -0.1025
vn 0.1949 0.9755 -0.1024
vn 0.2024 0.9789 -0.0284
vn 0.9779 0.1059 -0.1803
vn 0.9822 0.1649 -0.0895
vn 0.9909 -0.1203 0.0605
vn 0.9899 -0.0751 0.1199
vn -0.1130 0.9936 0.0022
vn -0.1111 0.9178 -0.3812
vn 0.9822 -0.1799 0.0546
vn -0.0019 0.1869 -0.9824
vn -0.3772 0.1829 -0.9079
vn -0.2953 -0.9357 0.1930
vn 0.9788 0.1948 0.0633
vn 0.9841 0.1726 0.0415
vn -0.1746 0.9836 0.0459
vn -0.1708 0.9567 0.2358
vn -0.6921 0.7094 0.1331
vn -0.6774 0.7228 -0.1368
vn -0.7229 -0.6906 0.0243
vn -0.2024 -0.9786 0.0371
vn 0.9787 0.1952 -0.0633
vn -0.3835 -0.0011 0.9235
vn -0.1503 0.9687 0.1975
vn -0.1504 0.9687 -0.1977
vn -0.9823 -0.1874 0.0066
vn 0.7041 -0.6706 -0.2335
vn 0.5832 -0.6383 -0.5025
vn -0.7094 0.6967 -0.1067
vn -0.9774 -0.0754 -0.1975
vn -0.9767 -0.0037 -0.2146
vn -0.6922 -0.0000 -0.7217
vn -0.6919 -0.2484 -0.6779
vn -0.7790 0.1795 0.6008
vn -0.7179 0.2445 0.6518
vn -0.7203 -0.2373 0.6518
vn -0.7806 -0.1723 0.6008
vn -0.1952 -0.9501 0.2435
vn -0.1161 0.9165 0.3829
vn -0.1950 0.9754 -0.1025
vn 0.9842 0.1724 -0.0415
vn 0.9150 0.1431 0.3772
vn -0.1035 -0.6814 -0.7246
vn -0.1522 -0.9672 -0.2032
vn -0.7286 0.6620 0.1761
vn -0.7270 0.6636 -0.1762
vn 0.0001 0.1568 0.9876
vn -0.6981 0.6832 -0.2142
vn -0.6956 -0.1854 0.6941
vn -0.9078 0.1833 -0.3771
vn -0.3791 -0.1129 0.9184
vn 0.7245 0.6663 -0.1762
vn -0.9388 -0.1910 -0.2865
vn 0.9775 -0.2025 -0.0589
vn 0.9806 -0.1952 -0.0196
vn 0.9841 0.1729 0.0415
vn 0.9821 0.1878 0.0153
vn 0.7241 0.6668 0.1760
vn 0.3945 0.9153 0.0806
vn 0.7187 -0.0000 0.6953
vn 0.6871 0.1645 0.7077
vn 0.1939 0.2137 0.9574
vn -0.9299 0.3677 -0.0111
vn -0.9836 0.1802 -0.0065
vn -0.3814 -0.0000 0.9244
vn -0.3778 -0.1823 0.9078
vn -0.9288 0.3705 -0.0112
vn -0.3763 -0.1559 -0.9133
vn -0.9792 0.2021 -0.0197
vn -0.9287 0.3685 -0.0414
vn 0.9820 0.1887 0.0022
vn 0.9071 -0.1862 -0.3775
vn -0.1916 -0.9648 -0.1803
vn 0.1577 -0.9826 -0.0980
vn 0.1913 -0.9648 -0.1802
vn 0.5907 -0.6858 -0.4251
vn -0.7999 -0.1683 0.5761
vn -0.5842 -0.6371 0.5027
vn -0.5919 -0.6847 0.4253
vn 0.1579 -0.9826 0.0982
vn -0.1581 0.9825 -0.0982
vn 0.1579 0.9826 -0.0982
vn 0.1710 0.9842 0.0459
vn -0.5863 -0.6356 -0.5023
vn -0.5855 0.6366 -0.5020
vn -0.7070 0.6683 -0.2316
vn -0.1917 0.9647 -0.1807
vn -0.3820 0.0295 0.9237
vn -0.7070 0.0294 0.7066
vn 0.9069 0.1890 -0.3767
vn -0.1161 0.9179 0.3795
vn -0.9828 -0.0000 -0.1846
vn -0.9828 -0.0000 0.1847
vn -0.9869 -0.0301 0.1588
vn -0.9760 0.0566 -0.2104
vn -0.2154 -0.9724 -0.0895
vn -0.2153 -0.9724 0.0894
vn -0.7050 -0.6703 0.2316
vn -0.7073 -0.6678 -0.2317
vn 0.1914 0.9648 -0.1804
vn 0.3830 0.0015 0.9237
vn 0.3768 -0.1532 0.9135
vn 0.1857 -0.9660 0.1802
vn 0.5839 -0.6377 0.5023
vn 0.0019 -0.1870 0.9824
vn -0.9774 -0.0754 0.1975
vn -0.9767 -0.0038 0.2146
vn -0.9873 -0.0001 -0.1589
vn -0.9833 0.0604 -0.1718
vn 0.1857 0.9659 0.1804
vn 0.5838 0.6377 0.5024
vn -0.1894 -0.9652 0.1804
vn -0.1579 -0.9826 0.0982
vn 0.5841 0.6367 -0.5034
vn -0.9242 0.0318 0.3807
vn -0.1896 0.9651 0.1805
vn -0.1578 0.9826 -0.0982
vn -0.7380 0.6028 0.3034
vn -0.7966 0.6045 0.0021
vn -0.5922 0.6845 -0.4252
vn -0.7050 0.6703 0.2316
vn -0.5834 0.6386 0.5018
vn -0.1581 0.9825 0.0981
vn -0.5912 0.6864 0.4235
vn -0.6949 0.7068 -0.1325
vn 0.7335 0.2590 -0.6284
vn 0.1890 0.3784 -0.9062
vn -0.2830 -0.9591 0.0022
vn 0.5826 0.6395 -0.5016
vn 0.1578 0.9826 -0.0982
vn -0.5613 0.6079 0.5617
vn 0.5892 0.6874 -0.4246
vn -0.2039 0.0038 -0.9790
vn -0.7201 0.0038 -0.6939
vn -0.6876 0.1683 -0.7063
vn 0.1906 0.3777 0.9061
vn 0.1875 0.9324 0.3090
vn 0.7626 0.4733 0.4409
vn 0.7310 0.2660 0.6284
vn 0.3831 0.0007 0.9237
vn 0.3770 0.1545 0.9132
vn -0.3258 0.9164 -0.2324
vn -0.7781 0.1835 -0.6007
vn -0.6922 -0.2474 0.6780
vn 0.1577 0.9826 0.0980
vn 0.9401 -0.1877 -0.2845
vn 0.5915 0.6852 0.4250
vn 0.0650 0.1973 0.9782
vn 0.1745 0.9560 0.2359
vn 0.6908 0.7107 0.1329
vn -0.9865 -0.0112 -0.1632
vn -0.9899 -0.0756 -0.1199
vn -0.7716 -0.3290 -0.5444
vn -0.7452 -0.0492 -0.6651
vn -0.9629 -0.1055 -0.2486
vn -0.9684 -0.1764 -0.1760
vn -0.9896 0.1056 0.0981
vn -0.9875 0.0604 0.1458
vn 0.6994 0.1425 -0.7004
vn 0.5649 0.6042 -0.5620
vn -0.6947 0.7070 0.1325
vn -0.7622 0.4754 0.4394
vn -0.9804 0.1950 -0.0284
vn 0.9804 0.1950 -0.0284
vn 0.9659 -0.2167 -0.1417
vn -0.9658 -0.2173 -0.1416
vn 0.6224 -0.2972 0.7240
vn 0.9675 -0.1809 0.1769
vn 0.9629 -0.1053 0.2485
vn 0.9896 0.1056 -0.0981
vn 0.9875 0.0602 -0.1459
vn 0.6437 -0.7223 -0.2529
vn 0.6549 -0.7122 -0.2528
vn 0.6794 0.7208 0.1372
vn 0.1710 0.9842 -0.0459
vn 0.1754 0.6667 0.7244
vn -0.1746 0.9836 -0.0458
vn -0.0906 0.9959 -0.0068
vn 0.1949 -0.9607 0.1975
vn -0.6808 0.7195 0.1370
vn -0.0000 -1.0000 0.0021
vn 0.4949 -0.7339 0.4652
vn 0.5166 -0.8264 0.2242
vn 0.9677 -0.1804 -0.1760
vn -0.6800 0.7203 -0.1374
vn -0.5869 0.6341 -0.5034
vn -0.5949 0.6819 -0.4256
vn -0.7533 0.1576 -0.6385
vn -0.7530 -0.1577 -0.6388
vn 0.9896 0.1056 0.0981
vn 0.9875 0.0604 0.1459
vn 0.7351 0.6064 0.3032
vn 0.4898 0.7403 0.4604
vn 0.9271 0.3616 -0.0982
vn 0.9296 -0.3551 -0.0989
vn -0.2096 -0.0701 0.9753
vn 0.2072 -0.0723 0.9756
vn 0.9804 0.1950 0.0284
vn 0.5640 0.6053 0.5617
vn -0.5849 0.6360 0.5034
vn 0.1672 -0.9826 -0.0807
vn -0.1634 -0.9833 -0.0805
vn 0.7868 -0.3293 -0.5221
vn -0.9684 -0.1780 0.1746
vn 0.9629 -0.1052 -0.2486
vn 0.6209 -0.2991 -0.7246
vn 0.1773 -0.6997 0.6921
vn 0.1679 -0.3746 0.9119
vn 0.2116 -0.9733 0.0894
vn 0.2515 -0.9666 -0.0499
vn -0.2484 -0.9674 -0.0502
vn -0.2152 -0.9725 0.0894
vn -0.5931 0.6843 -0.4242
vn 0.9239 0.0302 -0.3814
vn 0.0040 -0.1563 -0.9877
vn 0.3748 -0.1550 -0.9140
vn 0.3815 -0.0000 -0.9244
vn 0.9876 -0.1573 0.0020
vn -0.9841 0.0452 -0.1718
vn -0.9793 0.0604 -0.1933
vn -0.9872 0.0642 -0.1459
vn -0.9896 0.1056 -0.0982
vn -0.9685 -0.1757 0.1767
vn -0.9628 -0.1058 0.2486
vn -0.7335 0.2624 -0.6270
vn -0.7617 0.4749 -0.4408
vn -0.9896 0.1052 -0.0981
vn 0.7039 0.6716 -0.2313
vn -0.7623 0.4753 -0.4393
vn 0.0019 0.6060 0.7955
vn -0.7308 0.2657 0.6287
vn -0.7608 0.4762 0.4409
vn -0.1878 0.9323 0.3090
vn -0.1872 0.3791 0.9062
vn -0.1965 -0.2425 -0.9500
vn -0.2009 0.0811 -0.9762
vn 0.3050 0.6038 0.7365
vn 0.4975 -0.8657 -0.0547
vn -0.2043 -0.9735 0.1025
vn 0.1391 0.9825 0.1242
vn -0.1392 0.9825 0.1240
vn 0.9766 -0.0007 -0.2153
vn 0.9774 -0.0754 -0.1975
vn 0.6932 -0.2446 -0.6780
vn 0.9873 -0.0001 -0.1588
vn 0.7498 -0.0001 -0.6617
vn 0.7169 -0.2068 -0.6658
vn 0.9841 0.0454 -0.1717
vn 0.9793 0.0603 -0.1933
vn -0.9779 0.1054 -0.1803
vn 0.7808 -0.1721 0.6006
vn 0.7870 -0.3300 0.5213
vn 0.9833 0.0604 0.1717
vn 0.7185 0.2371 0.6539
vn -0.7170 0.2379 -0.6552
vn -0.9833 0.0603 0.1717
vn 0.9766 -0.0007 0.2153
vn 0.0940 -0.9136 0.3956
vn 0.0208 -0.7045 0.7094
vn 0.1036 -0.9739 0.2021
vn 0.7160 -0.2087 0.6662
vn -0.0658 -0.6987 0.7124
vn 0.7007 0.2079 0.6825
vn -0.1996 -0.0001 -0.9799
vn -0.1896 -0.3284 -0.9253
vn 0.6923 0.0001 0.7216
vn 0.6948 -0.2435 0.6767
vn 0.9774 -0.0754 0.1975
vn 0.0057 -0.1996 0.9799
vn 0.7160 0.2378 0.6563
vn 0.1927 -0.3265 -0.9253
vn -0.6923 -0.0037 0.7216
vn -0.0397 0.9786 -0.2018
vn -0.0397 0.9786 0.2020
vn 0.0887 -0.9758 -0.1999
vn 0.2457 -0.9502 -0.1917
vn 0.7171 0.2378 -0.6552
vn -0.7497 -0.0002 -0.6618
vn -0.7181 -0.2036 -0.6655
vn -0.9775 0.1092 0.1803
vn 0.0187 -0.1775 0.9839
vn -0.0243 0.1979 0.9799
vn 0.7718 -0.3285 0.5444
vn 0.7467 -0.0459 0.6636
vn 0.9866 -0.0074 0.1631
vn 0.9899 -0.0757 0.1199
vn -0.7259 0.1758 -0.6650
vn -0.0753 0.7066 0.7036
vn -0.7323 0.2657 0.6270
vn -0.7008 0.3900 0.5973
vn -0.9779 0.1059 -0.1803
vn -0.9775 0.1093 0.1803
vn -0.9815 0.1691 0.0895
vn -0.2249 -0.5067 0.8323
vn -0.2474 -0.8526 0.4603
vn -0.7914 -0.5400 0.2864
vn -0.7701 -0.3359 0.5423
vn 0.9908 -0.1355 0.0066
vn 0.5153 -0.8272 -0.2241
vn 0.4939 -0.7345 -0.4653
vn 0.1927 -0.9499 -0.2460
vn -0.2457 -0.9495 -0.1950
vn -0.9908 -0.1353 0.0066
vn -0.9914 -0.1166 0.0590
vn 0.1055 0.9746 -0.1975
vn -0.9725 0.1616 0.1674
vn -0.9688 -0.1652 0.1846
vn 0.9849 0.1729 -0.0109
vn -0.3236 0.9171 0.2329
vn -0.4867 0.7425 0.4603
vn 0.4888 0.7410 -0.4604
vn 0.5030 0.8361 -0.2189
vn 0.5162 -0.8270 -0.2227
vn 0.8772 -0.3189 -0.3589
vn 0.0997 -0.9130 -0.3956
vn 0.1486 -0.9685 -0.2000
vn 0.0359 -0.9792 -0.1999
vn 0.1486 -0.9681 0.2019
vn 0.2095 -0.0759 -0.9749
vn 0.2270 -0.5029 -0.8340
vn 0.7716 -0.3287 -0.5446
vn 0.7466 -0.0464 -0.6637
vn 0.9899 -0.0754 -0.1199
vn 0.9779 0.1055 0.1803
vn 0.1037 -0.9743 -0.1999
vn -0.4940 -0.7351 0.4643
vn -0.8749 -0.3206 0.3629
vn -0.7853 -0.3341 0.5213
vn 0.7244 -0.6708 0.1590
vn 0.7926 -0.6088 -0.0334
vn 0.7714 -0.3328 -0.5424
vn 0.7954 -0.5341 -0.2865
vn 0.9909 -0.1206 -0.0591
vn 0.9899 -0.0758 -0.1198
vn -0.2485 -0.9673 0.0503
vn -0.7916 -0.6102 0.0327
vn 0.7791 0.1793 0.6008
vn -0.9899 -0.0754 0.1199
vn 0.1930 -0.9498 0.2464
vn -0.9849 0.1729 0.0109
vn 0.0056 0.1909 -0.9816
vn -0.0095 -0.1866 -0.9824
vn 0.7834 0.3442 0.5175
vn 0.7350 0.6738 0.0763
vn -0.7231 -0.6723 0.1588
vn -0.2098 0.9772 0.0328
vn -0.2339 0.9710 -0.0501
vn 0.1615 0.9839 0.0764
vn 0.2097 0.9772 -0.0328
vn 0.1615 0.9839 -0.0764
vn 0.1391 0.9825 -0.1240
vn 0.1054 0.9936 -0.0415
vn 0.1447 -0.9805 0.1329
vn 0.4939 -0.7350 0.4646
vn -0.1616 0.9839 -0.0764
vn -0.7351 0.6737 0.0764
vn -0.2099 0.9772 -0.0328
vn 0.1689 -0.9823 0.0809
vn -0.1689 -0.9823 0.0807
vn -0.1615 0.9839 0.0763
vn 0.1448 -0.9805 -0.1328
vn -0.1129 -0.9927 -0.0415
vn -0.1410 -0.9811 -0.1329
vn -0.1410 -0.9811 0.1328
vn -0.1392 0.9824 -0.1242
vn 0.7008 0.3902 0.5972
vn -0.9899 -0.0756 0.1199
vn -0.0318 0.1971 0.9799
vn 0.0266 -0.1819 0.9830
vn 0.9833 0.0604 -0.1717
vn 0.9758 0.0604 -0.2103
vn -0.9791 0.0640 0.1932
vn -0.9832 -0.0490 -0.1760
vn -0.7283 0.6623 -0.1759
vn 0.7281 0.1713 0.6637
vn 0.7032 0.2076 0.6800
vn -0.2187 0.6830 0.6969
vn 0.9873 -0.0000 0.1589
vn 0.7509 -0.0001 0.6604
vn 0.0572 -0.2002 0.9781
vn 0.0534 -0.1791 0.9824
vn -0.2465 -0.9498 0.1927
vn -0.0283 0.6981 -0.7155
vn 0.0246 0.6981 -0.7156
vn -0.1953 -0.9496 -0.2454
vn 0.9242 -0.0000 0.3819
vn -0.7008 0.2121 -0.6811
vn -0.1986 -0.9760 -0.0894
vn -0.1952 -0.9501 -0.2435
vn -0.1110 0.6990 -0.7064
vn -0.0677 0.1967 0.9781
vn -0.1089 0.6995 0.7063
vn 0.2481 -0.8523 -0.4606
vn 0.2246 -0.5057 -0.8329
vn 0.2227 -0.5049 0.8340
vn 0.2097 -0.0749 0.9749
vn -0.5026 0.8365 -0.2181
vn -0.4888 0.7410 -0.4605
vn 0.9779 0.1054 -0.1804
vn 0.7005 0.3906 -0.5973
vn -0.7184 0.2339 0.6552
vn 0.2302 0.9719 0.0502
vn 0.9830 -0.0530 0.1760
vn 0.7185 -0.2080 0.6637
vn 0.2477 -0.9492 -0.1944
vn 0.7255 0.1717 0.6665
vn 0.7456 -0.0452 0.6648
vn 0.7253 0.6119 -0.3156
vn 0.7431 0.6684 0.0328
vn -0.1054 0.9936 -0.0414
vn -0.5162 -0.8271 -0.2224
vn -0.4961 -0.7337 -0.4643
vn 0.7257 0.6113 0.3156
vn -0.1952 -0.9495 0.2455
vn 0.9822 0.1652 0.0895
vn 0.9780 0.1049 0.1803
vn -0.0809 0.9151 -0.3951
vn 0.0661 -0.6986 -0.7125
vn 0.2457 -0.9497 -0.1944
vn 0.0885 -0.9750 -0.2036
vn -0.7702 -0.3321 0.5445
vn -0.2248 -0.5030 0.8345
vn -0.0017 -0.0309 0.9995
vn -0.0000 0.1475 0.9891
vn -0.6955 0.1863 0.6940
vn -0.3776 0.1821 0.9079
vn 0.9789 -0.0528 0.1976
vn 0.7486 0.0002 0.6630
vn 0.7715 -0.3324 0.5425
vn 0.2226 -0.5074 0.8325
vn 0.6988 -0.1791 0.6926
vn -0.2040 0.9783 0.0368
vn -0.2047 0.9781 -0.0367
vn -0.2975 -0.9354 -0.1914
vn -0.2477 -0.9497 -0.1916
vn 0.2202 -0.5052 0.8344
vn 0.7874 -0.3288 0.5215
vn 0.7216 -0.6739 0.1586
vn 0.2203 -0.5077 0.8329
vn 0.2423 -0.8539 0.4605
vn 0.7279 0.1715 -0.6639
vn -0.4971 -0.7323 -0.4654
vn -0.5188 -0.8250 -0.2243
vn -0.0246 -0.9787 -0.2038
vn 0.2271 -0.5054 -0.8324
vn 0.2513 -0.8515 -0.4602
vn 0.2540 -0.9658 -0.0514
vn 0.1036 -0.9734 -0.2043
vn 0.7912 -0.6106 -0.0328
vn -0.1636 -0.9832 -0.0808
vn -0.7875 -0.3289 -0.5212
vn 0.1673 -0.9826 -0.0807
vn 0.7873 -0.3292 -0.5214
vn 0.4929 -0.7358 -0.4643
vn -0.0433 -0.3742 0.9263
vn -0.8771 -0.3190 -0.3589
vn -0.5190 -0.8252 -0.2228
vn -0.1073 -0.9731 -0.2036
vn -0.7112 -0.7001 0.0632
vn -0.7058 -0.7081 -0.0193
vn 0.0001 0.1567 0.9876
vn 0.0001 -0.1090 0.9940
vn -0.6963 0.1831 -0.6940
vn 0.9124 -0.1591 -0.3771
vn 0.6952 -0.1876 -0.6939
vn 0.3786 0.1533 -0.9128
vn -0.1962 0.9752 -0.1023
vn -0.2045 0.9784 -0.0291
vn 0.3043 -0.6051 -0.7357
vn 0.1036 -0.9597 -0.2611
vn 0.3750 0.1550 -0.9140
vn 0.2830 -0.9591 0.0022
vn -0.0000 -1.0000 0.0020
vn 0.0038 -0.9593 -0.2825
vn 0.0037 0.1092 -0.9940
vn 0.3754 -0.1834 -0.9085
vn -0.2824 0.9593 0.0023
vn 0.3753 0.1829 -0.9087
vn 0.3793 0.1047 -0.9193
vn -0.9820 -0.1889 0.0022
vn -0.2609 -0.9594 0.1069
vn -0.1948 -0.9607 0.1976
vn 0.3792 -0.1834 -0.9070
vn 0.1971 0.9750 0.1025
vn -0.1055 0.9750 -0.1956
vn 0.3794 -0.1057 -0.9192
vn 0.2611 -0.9594 0.1070
vn 0.3033 0.6041 -0.7369
vn -0.1634 -0.6711 0.7231
vn -0.1634 0.6711 0.7231
vn -0.1672 0.6972 0.6972
vn -0.1672 -0.6972 0.6972
vn -0.1488 0.7140 -0.6841
vn -0.1488 0.7140 0.6841
vn -0.1634 0.6711 -0.7231
vn -0.9903 -0.0984 -0.0984
vn -0.9903 -0.0984 0.0984
vn -0.9045 0.3015 -0.3015
vn -0.9045 0.3015 0.3015
vn -1.0000 -0.0000 -0.0000
vn -0.1672 -0.6972 -0.6972
vn -0.1672 0.6972 -0.6972
vn -0.1634 -0.6711 -0.7231
vn -0.0000 -1.0000 -0.0000
vn -0.1488 -0.7140 0.6841
vn -0.9045 -0.3015 0.3015
vn -0.0000 0.7071 0.7071
vn -0.0000 -0.7071 0.7071
vn -0.9780 0.1620 -0.1311
vn -0.9780 -0.1620 -0.1311
vn -0.9260 -0.2027 -0.3185
vn -0.9260 0.2027 -0.3185
vn -0.5949 -0.4867 -0.6398
vn -0.5949 0.4867 -0.6398
vn -0.5949 -0.4867 0.6398
vn -0.9260 -0.2027 0.3185
vn -0.9780 -0.1620 0.1311
vn -0.5949 0.4867 0.6398
vn -0.9260 0.2027 0.3185
vn -0.9780 0.1620 0.1311
vn -0.1488 -0.7140 -0.6841
vn -0.0000 1.0000 -0.0000
vn -0.5113 -0.5938 -0.6213
vn -0.5113 0.5938 -0.6213
vn -0.8283 -0.2961 -0.4756
vn -0.8283 0.2961 -0.4756
vn -0.9553 -0.0944 -0.2802
vn -0.9553 0.0944 -0.2802
vn -0.9553 -0.0944 0.2802
vn -0.8283 -0.2961 0.4756
vn -0.5113 -0.5938 0.6213
vn -0.9553 0.0944 0.2802
vn -0.8283 0.2961 0.4756
vn -0.5113 0.5938 0.6213
vn -0.5542 -0.5886 0.5886
vn -0.5542 -0.5886 -0.5886
vn -0.8820 -0.3332 0.3332
vn -0.8820 -0.3332 -0.3332
vn -0.5542 0.5886 0.5886
vn -0.8820 0.3332 0.3332
vn -0.9903 0.0984 0.0984
vn -0.5542 0.5886 -0.5886
vn -0.8820 0.3332 -0.3332
vn -0.9903 0.0984 -0.0984
vn -0.3139 0.7021 -0.6391
vn -0.3139 -0.7021 -0.6391
vn -0.3139 -0.7021 0.6391
vn -0.3139 0.7021 0.6391
vn -0.9045 -0.3015 -0.3015
vn -0.0000 -0.7071 -0.7071
vn -0.0000 0.7071 -0.7071
vt 0.161591 0.968057
vt 0.161591 0.594534
vt 0.192349 0.594534
vt 0.192349 0.968057
vt 0.223108 0.594534
vt 0.223108 0.968057
vt 0.438417 0.968057
vt 0.407658 0.968057
vt 0.407658 0.594534
vt 0.438417 0.594534
vt 0.117977 0.297078
vt 0.136480 0.315860
vt 0.135999 0.316564
vt 0.117256 0.297078
vt 0.715122 0.968057
vt 0.715122 0.594534
vt 0.745880 0.594534
vt 0.745880 0.968057
vt 0.472539 0.066767
vt 0.473260 0.080384
vt 0.464729 0.082614
vt 0.463648 0.068997
vt 0.038557 0.968057
vt 0.007799 0.968057
vt 0.007799 0.594534
vt 0.038557 0.594534
vt 0.454156 0.195305
vt 0.458241 0.182979
vt 0.466291 0.186031
vt 0.463047 0.200000
vt 0.253866 0.968057
vt 0.253866 0.594534
vt 0.284625 0.594534
vt 0.284625 0.968057
vt 0.776639 0.968057
vt 0.776639 0.594534
vt 0.807397 0.594534
vt 0.807397 0.968057
vt 0.315383 0.968057
vt 0.315383 0.594534
vt 0.346141 0.594534
vt 0.346141 0.968057
vt 0.854496 0.164197
vt 0.854256 0.178518
vt 0.842962 0.178871
vt 0.843322 0.164784
vt 0.100074 0.968057
vt 0.069316 0.968057
vt 0.069316 0.594534
vt 0.100074 0.594534
vt 0.930431 0.968057
vt 0.899672 0.968057
vt 0.899672 0.594534
vt 0.930431 0.594534
vt 0.592088 0.968057
vt 0.592088 0.594534
vt 0.622847 0.594534
vt 0.622847 0.968057
vt 0.530572 0.968057
vt 0.499933 0.968057
vt 0.499933 0.594534
vt 0.530572 0.594534
vt 0.469175 0.968057
vt 0.469175 0.594534
vt 0.135278 0.316799
vt 0.116535 0.297078
vt 0.465931 0.107970
vt 0.465450 0.095409
vt 0.473981 0.094001
vt 0.474221 0.107383
vt 0.838156 0.968057
vt 0.838156 0.594534
vt 0.868914 0.594534
vt 0.868914 0.968057
vt 0.684364 0.968057
vt 0.684364 0.594534
vt 0.561330 0.968057
vt 0.561330 0.594534
vt 0.130833 0.594534
vt 0.130833 0.968057
vt 0.653605 0.968057
vt 0.653605 0.594534
vt 0.376900 0.594534
vt 0.376900 0.968057
vt 0.178652 0.272193
vt 0.121941 0.293557
vt 0.121461 0.293087
vt 0.177931 0.271840
vt 0.120980 0.292500
vt 0.177331 0.271371
vt 0.666341 0.314217
vt 0.666942 0.315625
vt 0.665620 0.316330
vt 0.665020 0.314921
vt 0.133596 0.192722
vt 0.179253 0.216317
vt 0.178532 0.216669
vt 0.133236 0.193427
vt 0.133957 0.192018
vt 0.179854 0.215965
vt 0.836233 0.078271
vt 0.832509 0.063245
vt 0.846566 0.062424
vt 0.849690 0.077449
vt 0.824218 0.079562
vt 0.820253 0.064654
vt 0.115453 0.297078
vt 0.118457 0.288861
vt 0.119058 0.289800
vt 0.651803 0.324547
vt 0.650722 0.326307
vt 0.649160 0.325486
vt 0.650361 0.323960
vt 0.161711 0.320086
vt 0.184059 0.329242
vt 0.183098 0.331238
vt 0.160870 0.322082
vt 0.123263 0.294848
vt 0.122422 0.295787
vt 0.121821 0.295904
vt 0.122783 0.294261
vt 0.116655 0.285692
vt 0.112209 0.298370
vt 0.111609 0.298722
vt 0.116294 0.285105
vt 0.465330 0.386996
vt 0.468214 0.386292
vt 0.472900 0.396739
vt 0.469415 0.397561
vt 0.840318 0.092944
vt 0.852814 0.092122
vt 0.151138 0.474566
vt 0.136600 0.462358
vt 0.136960 0.462006
vt 0.151498 0.474096
vt 0.120500 0.296491
vt 0.120980 0.296257
vt 0.643873 0.102218
vt 0.643152 0.116187
vt 0.633540 0.114895
vt 0.634021 0.100809
vt 0.527928 0.359880
vt 0.532614 0.354715
vt 0.535378 0.357063
vt 0.531413 0.361288
vt 0.692294 0.079210
vt 0.689049 0.092122
vt 0.669825 0.089540
vt 0.671988 0.076980
vt 0.566496 0.064185
vt 0.565415 0.050803
vt 0.571783 0.052094
vt 0.572264 0.064419
vt 0.312139 0.395565
vt 0.324635 0.366806
vt 0.324995 0.367275
vt 0.312740 0.395330
vt 0.022818 0.325016
vt 0.043964 0.289683
vt 0.044325 0.290270
vt 0.023298 0.325016
vt 0.966956 0.067823
vt 0.968639 0.083084
vt 0.680639 0.171945
vt 0.681600 0.185679
vt 0.664299 0.187440
vt 0.663458 0.173471
vt 0.645435 0.359528
vt 0.642071 0.361758
vt 0.612995 0.348024
vt 0.613235 0.343798
vt 0.641470 0.157154
vt 0.641470 0.171123
vt 0.632098 0.171945
vt 0.632098 0.157859
vt 0.179734 0.272897
vt 0.844403 0.107265
vt 0.856298 0.106561
vt 0.083373 0.283814
vt 0.079649 0.287453
vt 0.079288 0.286514
vt 0.082532 0.283814
vt 0.813765 0.080853
vt 0.810161 0.065945
vt 0.804874 0.081910
vt 0.801991 0.066884
vt 0.128309 0.191900
vt 0.128189 0.192605
vt 0.105241 0.194013
vt 0.105481 0.193427
vt 0.137801 0.311047
vt 0.137681 0.312221
vt 0.817730 0.095644
vt 0.828544 0.094235
vt 0.472179 0.052798
vt 0.461365 0.055733
vt 0.680399 0.158563
vt 0.680999 0.145885
vt 0.691933 0.146237
vt 0.691332 0.159619
vt 0.853174 0.149994
vt 0.851132 0.135790
vt 0.861705 0.135320
vt 0.863387 0.149524
vt 0.705029 0.133560
vt 0.703347 0.147059
vt 0.693495 0.132738
vt 0.682201 0.132151
vt 0.684244 0.118417
vt 0.695778 0.119356
vt 0.705871 0.080149
vt 0.702146 0.092944
vt 0.849209 0.221951
vt 0.851612 0.207278
vt 0.862907 0.206809
vt 0.861224 0.221482
vt 0.245215 0.375257
vt 0.247859 0.373731
vt 0.247859 0.373849
vt 0.245215 0.375375
vt 0.695057 0.066884
vt 0.696619 0.054324
vt 0.711878 0.055146
vt 0.709235 0.067589
vt 0.829265 0.047750
vt 0.828063 0.031669
vt 0.842000 0.029908
vt 0.844283 0.046577
vt 0.119418 0.290387
vt 0.816889 0.049277
vt 0.119899 0.296726
vt 0.707673 0.120178
vt 0.830827 0.251298
vt 0.834071 0.236507
vt 0.846326 0.236977
vt 0.843923 0.252237
vt 0.710917 0.106913
vt 0.714882 0.093766
vt 0.727377 0.094470
vt 0.723172 0.107617
vt 0.719568 0.120999
vt 0.206047 0.495109
vt 0.229836 0.480318
vt 0.230197 0.480787
vt 0.206287 0.495695
vt 0.848128 0.121586
vt 0.839838 0.136729
vt 0.836714 0.122643
vt 0.832749 0.108556
vt 0.477465 0.400730
vt 0.476624 0.403195
vt 0.475423 0.403195
vt 0.476264 0.400378
vt 0.807878 0.096700
vt 0.795142 0.067823
vt 0.796944 0.082732
vt 0.789615 0.083084
vt 0.789014 0.068410
vt 0.114732 0.297196
vt 0.133476 0.317504
vt 0.132875 0.317973
vt 0.114012 0.297313
vt 0.119779 0.290857
vt 0.172284 0.267967
vt 0.118097 0.288274
vt 0.117736 0.287570
vt 0.171563 0.267614
vt 0.502697 0.440289
vt 0.496329 0.441228
vt 0.496329 0.440641
vt 0.502817 0.439585
vt 0.828063 0.137903
vt 0.825059 0.124051
vt 0.204004 0.490765
vt 0.229235 0.475505
vt 0.229235 0.475975
vt 0.204244 0.491235
vt 0.853295 0.192840
vt 0.864589 0.177814
vt 0.864108 0.192253
vt 0.830827 0.179223
vt 0.831187 0.165371
vt 0.829745 0.193074
vt 0.841760 0.193074
vt 0.280299 0.525042
vt 0.279939 0.526216
vt 0.277656 0.525864
vt 0.277656 0.524455
vt 0.825540 0.221247
vt 0.828063 0.207043
vt 0.839958 0.207395
vt 0.837194 0.221834
vt 0.731583 0.203287
vt 0.729059 0.189553
vt 0.741435 0.190844
vt 0.744078 0.204461
vt 0.275613 0.528446
vt 0.274172 0.529972
vt 0.274051 0.529855
vt 0.275613 0.528329
vt 0.827342 0.266558
vt 0.841400 0.268084
vt 0.807157 0.050685
vt 0.563012 0.247424
vt 0.562652 0.236390
vt 0.569020 0.236742
vt 0.568900 0.247894
vt 0.799467 0.051859
vt 0.131073 0.201409
vt 0.171083 0.221364
vt 0.170362 0.221717
vt 0.130833 0.202113
vt 0.180334 0.273366
vt 0.812083 0.234512
vt 0.814246 0.220425
vt 0.822656 0.235568
vt 0.816048 0.206574
vt 0.817370 0.192840
vt 0.818091 0.179340
vt 0.818451 0.165958
vt 0.752008 0.163963
vt 0.752849 0.149642
vt 0.765345 0.150933
vt 0.764984 0.164667
vt 0.284745 0.530559
vt 0.284865 0.530559
vt 0.285946 0.532320
vt 0.285826 0.532320
vt 0.821455 0.109965
vt 0.813525 0.125577
vt 0.810521 0.111491
vt 0.779883 0.111374
vt 0.779282 0.125108
vt 0.767628 0.123934
vt 0.769069 0.110552
vt 0.471698 0.218664
vt 0.467853 0.234394
vt 0.453796 0.227234
vt 0.458962 0.213969
vt 0.286307 0.543706
vt 0.286307 0.546054
vt 0.284745 0.545819
vt 0.285225 0.543472
vt 0.782286 0.083201
vt 0.782767 0.068763
vt 0.774476 0.082966
vt 0.775798 0.068997
vt 0.285706 0.536428
vt 0.284865 0.536311
vt 0.285345 0.534433
vt 0.286187 0.534315
vt 0.659252 0.334290
vt 0.658652 0.332764
vt 0.667903 0.325016
vt 0.668504 0.326425
vt 0.499693 0.164080
vt 0.498251 0.178636
vt 0.480469 0.175701
vt 0.482632 0.161380
vt 0.798746 0.097405
vt 0.800429 0.112078
vt 0.790216 0.111961
vt 0.789976 0.097640
vt 0.463768 0.249654
vt 0.488279 0.240850
vt 0.485636 0.259397
vt 0.803552 0.142246
vt 0.802351 0.126869
vt 0.815928 0.139546
vt 0.804634 0.153867
vt 0.817490 0.152811
vt 0.704669 0.252589
vt 0.703467 0.239794
vt 0.716804 0.241085
vt 0.718486 0.253880
vt 0.804994 0.179340
vt 0.805235 0.166428
vt 0.248459 0.375610
vt 0.245456 0.377253
vt 0.245456 0.377136
vt 0.248459 0.375492
vt 0.803312 0.219604
vt 0.804153 0.205987
vt 0.477946 0.190140
vt 0.468815 0.172532
vt 0.793220 0.052915
vt 0.792378 0.037890
vt 0.798386 0.036599
vt 0.254347 0.372558
vt 0.251944 0.374905
vt 0.251223 0.373497
vt 0.253386 0.371266
vt 0.085896 0.158563
vt 0.089381 0.181571
vt 0.088780 0.181923
vt 0.085176 0.158563
vt 0.159669 0.324429
vt 0.182017 0.333585
vt 0.181656 0.334172
vt 0.159308 0.325134
vt 0.973204 0.128043
vt 0.974406 0.143772
vt 0.486597 0.423503
vt 0.489480 0.433716
vt 0.488759 0.434068
vt 0.485876 0.423620
vt 0.343738 0.415638
vt 0.343378 0.415521
vt 0.341095 0.411530
vt 0.341335 0.411178
vt 0.219023 0.243081
vt 0.229476 0.244020
vt 0.229356 0.244724
vt 0.218903 0.243785
vt 0.182737 0.331825
vt 0.204124 0.343446
vt 0.203884 0.344033
vt 0.182497 0.332529
vt 0.628133 0.444398
vt 0.627893 0.444515
vt 0.591488 0.430898
vt 0.591608 0.430664
vt 0.804634 0.192487
vt 0.791778 0.192018
vt 0.791537 0.178988
vt 0.791177 0.140016
vt 0.790817 0.126164
vt 0.780964 0.097405
vt 0.771953 0.096818
vt 0.229596 0.478557
vt 0.257591 0.484426
vt 0.257230 0.485952
vt 0.227674 0.363519
vt 0.227433 0.363636
vt 0.224790 0.361641
vt 0.225030 0.361523
vt 0.767868 0.068880
vt 0.765465 0.082262
vt 0.755252 0.082262
vt 0.758616 0.068997
vt 0.731823 0.255054
vt 0.729900 0.242142
vt 0.742516 0.243198
vt 0.744679 0.255876
vt 0.175288 0.218664
vt 0.176009 0.218312
vt 0.174687 0.269610
vt 0.173966 0.269140
vt 0.762461 0.095527
vt 0.131794 0.198709
vt 0.173726 0.219721
vt 0.173005 0.220191
vt 0.131674 0.199413
vt 0.778681 0.138607
vt 0.719087 0.080853
vt 0.779042 0.191666
vt 0.778201 0.178401
vt 0.287268 0.539011
vt 0.288469 0.536428
vt 0.288590 0.536546
vt 0.287388 0.539011
vt 0.152099 0.473510
vt 0.137681 0.461419
vt 0.138042 0.461067
vt 0.152460 0.473040
vt 0.783247 0.232281
vt 0.781805 0.218664
vt 0.792499 0.219017
vt 0.792739 0.232751
vt 0.357195 0.360467
vt 0.357195 0.359997
vt 0.361040 0.361993
vt 0.360800 0.362110
vt 0.782166 0.054559
vt 0.787813 0.053737
vt 0.743958 0.081910
vt 0.739513 0.095057
vt 0.731823 0.081440
vt 0.169521 0.266323
vt 0.127709 0.194483
vt 0.127589 0.195305
vt 0.471097 0.159619
vt 0.780243 0.205165
vt 0.770992 0.218664
vt 0.768469 0.205282
vt 0.766546 0.191783
vt 0.765225 0.178166
vt 0.778201 0.165371
vt 0.081811 0.335464
vt 0.064510 0.352132
vt 0.064029 0.351780
vt 0.081691 0.334994
vt 0.229235 0.245429
vt 0.218782 0.244489
vt 0.448269 0.099166
vt 0.447908 0.110317
vt 0.447188 0.110435
vt 0.447548 0.099400
vt 0.751167 0.095409
vt 0.134798 0.190374
vt 0.134437 0.191079
vt 0.747923 0.068880
vt 0.232600 0.367040
vt 0.232720 0.366923
vt 0.233921 0.369740
vt 0.233801 0.369858
vt 0.127949 0.193779
vt 0.285946 0.490765
vt 0.288349 0.490765
vt 0.288469 0.491235
vt 0.285826 0.491352
vt 0.100915 0.199531
vt 0.101156 0.198826
vt 0.127709 0.197418
vt 0.127829 0.198122
vt 0.758736 0.108909
vt 0.747082 0.108674
vt 0.414266 0.130038
vt 0.413786 0.136612
vt 0.413546 0.136494
vt 0.414026 0.130038
vt 0.754051 0.135673
vt 0.766186 0.137433
vt 0.711878 0.042703
vt 0.725575 0.043055
vt 0.725815 0.055615
vt 0.752609 0.178518
vt 0.756694 0.205869
vt 0.754171 0.192370
vt 0.762822 0.231929
vt 0.759938 0.219251
vt 0.773395 0.232046
vt 0.766787 0.257167
vt 0.765345 0.244724
vt 0.775197 0.245194
vt 0.775918 0.258224
vt 0.768829 0.055498
vt 0.768829 0.042468
vt 0.775918 0.041412
vt 0.775678 0.055263
vt 0.669585 0.321260
vt 0.668143 0.321729
vt 0.667783 0.320203
vt 0.669105 0.319851
vt 0.760899 0.055850
vt 0.101997 0.196831
vt 0.104039 0.195774
vt 0.128189 0.198826
vt 0.101276 0.200235
vt 0.707072 0.201291
vt 0.704669 0.187675
vt 0.716684 0.188614
vt 0.719207 0.202230
vt 0.326557 0.463297
vt 0.344579 0.464588
vt 0.344579 0.465175
vt 0.326677 0.463884
vt 0.167839 0.482196
vt 0.183218 0.488300
vt 0.183458 0.489239
vt 0.167478 0.482666
vt 0.747563 0.217960
vt 0.739993 0.176992
vt 0.739272 0.163141
vt 0.691693 0.173119
vt 0.740113 0.149407
vt 0.741555 0.135673
vt 0.225270 0.365749
vt 0.225391 0.365632
vt 0.227794 0.367627
vt 0.227674 0.367745
vt 0.203043 0.488065
vt 0.228995 0.472805
vt 0.228995 0.473275
vt 0.203163 0.488652
vt 0.359598 0.363988
vt 0.359838 0.363519
vt 0.367047 0.375375
vt 0.366567 0.375844
vt 0.735187 0.108204
vt 0.805955 0.035073
vt 0.815808 0.033312
vt 0.356955 0.358236
vt 0.356955 0.358706
vt 0.324394 0.366453
vt 0.324274 0.366101
vt 0.325355 0.367627
vt 0.313220 0.395213
vt 0.731703 0.121586
vt 0.743838 0.122056
vt 0.729180 0.135203
vt 0.727618 0.148702
vt 0.727377 0.175936
vt 0.726777 0.162202
vt 0.162432 0.138138
vt 0.161471 0.143420
vt 0.160750 0.143420
vt 0.161711 0.138138
vt 0.671027 0.328773
vt 0.671748 0.330181
vt 0.671628 0.330299
vt 0.670907 0.328890
vt 0.739032 0.230168
vt 0.751167 0.231107
vt 0.754411 0.244020
vt 0.750566 0.055968
vt 0.735908 0.068645
vt 0.738671 0.055850
vt 0.683282 0.199531
vt 0.665500 0.200822
vt 0.975727 0.174058
vt 0.976088 0.189670
vt 0.791658 0.166076
vt 0.791177 0.153163
vt 0.566737 0.124521
vt 0.567217 0.109261
vt 0.572744 0.109026
vt 0.572384 0.123699
vt 0.726416 0.229112
vt 0.722691 0.215730
vt 0.735067 0.216786
vt 0.254347 0.372675
vt 0.252064 0.375023
vt 0.715122 0.174997
vt 0.714641 0.161380
vt 0.991948 0.968057
vt 0.961189 0.968057
vt 0.961189 0.594534
vt 0.991948 0.594534
vt 0.257110 0.365984
vt 0.257351 0.366219
vt 0.255428 0.368801
vt 0.255428 0.368684
vt 0.717044 0.134381
vt 0.274172 0.530090
vt 0.275613 0.528564
vt 0.079529 0.186736
vt 0.097671 0.203522
vt 0.097191 0.203991
vt 0.078928 0.186970
vt 0.477345 0.408360
vt 0.476504 0.406717
vt 0.477105 0.406130
vt 0.478066 0.408008
vt 0.572023 0.169010
vt 0.570942 0.182862
vt 0.565175 0.182157
vt 0.566136 0.167249
vt 0.134077 0.321729
vt 0.158227 0.327951
vt 0.157987 0.328538
vt 0.133957 0.322434
vt 0.315383 0.394626
vt 0.326677 0.369271
vt 0.327038 0.369623
vt 0.315864 0.394626
vt 0.703227 0.174058
vt 0.702626 0.160558
vt 0.710196 0.214791
vt 0.713800 0.228055
vt 0.738431 0.043172
vt 0.668624 0.326425
vt 0.669345 0.327833
vt 0.669225 0.327951
vt 0.722932 0.068176
vt 0.181296 0.334877
vt 0.159068 0.325838
vt 0.078687 0.133794
vt 0.077606 0.158798
vt 0.076885 0.158915
vt 0.077967 0.133794
vt 0.700824 0.226882
vt 0.697820 0.213734
vt 0.695057 0.200352
vt 0.692894 0.186736
vt 0.285826 0.536428
vt 0.284625 0.538424
vt 0.859182 0.120999
vt 0.749966 0.043172
vt 0.698782 0.105974
vt 0.686647 0.105387
vt 0.634622 0.252589
vt 0.633420 0.240146
vt 0.643993 0.238268
vt 0.644834 0.250946
vt 0.079408 0.133912
vt 0.078207 0.158798
vt 0.662256 0.075923
vt 0.663938 0.063363
vt 0.674271 0.064537
vt 0.654807 0.075219
vt 0.656489 0.062424
vt 0.162672 0.316799
vt 0.185621 0.326307
vt 0.185261 0.326894
vt 0.162552 0.317621
vt 0.643393 0.225473
vt 0.642792 0.212326
vt 0.651443 0.212913
vt 0.652284 0.225825
vt 0.139363 0.311517
vt 0.139844 0.310813
vt 0.642191 0.130155
vt 0.641710 0.144359
vt 0.632339 0.143185
vt 0.632699 0.129099
vt 0.690852 0.251298
vt 0.689770 0.238503
vt 0.687848 0.225708
vt 0.685565 0.212795
vt 0.830106 0.151754
vt 0.842000 0.150815
vt 0.286307 0.534315
vt 0.697580 0.042116
vt 0.138763 0.312573
vt 0.162192 0.318677
vt 0.265761 0.400613
vt 0.262998 0.397209
vt 0.300605 0.364106
vt 0.304209 0.366806
vt 0.184780 0.327951
vt 0.087579 0.134499
vt 0.088299 0.134499
vt 0.086617 0.158680
vt 0.228755 0.471397
vt 0.259153 0.477266
vt 0.259033 0.477853
vt 0.228875 0.471983
vt 0.203403 0.345089
vt 0.203043 0.345794
vt 0.669946 0.250946
vt 0.669585 0.239090
vt 0.976208 0.204930
vt 0.131313 0.319499
vt 0.317426 0.394274
vt 0.316945 0.394274
vt 0.327758 0.370445
vt 0.327999 0.370797
vt 0.970321 0.098109
vt 0.670546 0.327247
vt 0.669705 0.326073
vt 0.670787 0.325368
vt 0.671628 0.326425
vt 0.525045 0.450267
vt 0.514952 0.445572
vt 0.516154 0.442167
vt 0.526967 0.447098
vt 0.535137 0.471749
vt 0.534537 0.472218
vt 0.531172 0.467992
vt 0.531653 0.467523
vt 0.656008 0.144124
vt 0.657090 0.129921
vt 0.665020 0.129921
vt 0.663938 0.144007
vt 0.660694 0.088953
vt 0.653725 0.088601
vt 0.079288 0.158798
vt 0.080610 0.134029
vt 0.653005 0.238385
vt 0.180334 0.336872
vt 0.154502 0.470457
vt 0.168079 0.481844
vt 0.154142 0.470927
vt 0.084094 0.158563
vt 0.085776 0.134381
vt 0.086858 0.134381
vt 0.644954 0.088014
vt 0.645916 0.074162
vt 0.508704 0.226647
vt 0.507383 0.243668
vt 0.490201 0.224182
vt 0.083373 0.158680
vt 0.085055 0.134381
vt 0.518076 0.377253
vt 0.518196 0.381948
vt 0.517475 0.382183
vt 0.517355 0.377488
vt 0.659252 0.102452
vt 0.668143 0.102805
vt 0.649881 0.144124
vt 0.650722 0.130038
vt 0.660454 0.250946
vt 0.659973 0.238620
vt 0.656128 0.186501
vt 0.655648 0.172532
vt 0.657090 0.200118
vt 0.658171 0.213382
vt 0.667062 0.213969
vt 0.659252 0.226295
vt 0.668624 0.226764
vt 0.665380 0.051272
vt 0.675352 0.052446
vt 0.649520 0.157976
vt 0.649640 0.171827
vt 0.642191 0.198709
vt 0.641710 0.184740
vt 0.649881 0.185679
vt 0.650602 0.199413
vt 0.082652 0.158563
vt 0.084214 0.134381
vt 0.084935 0.183918
vt 0.080610 0.158798
vt 0.086738 0.182979
vt 0.657931 0.049863
vt 0.658531 0.037421
vt 0.665620 0.038712
vt 0.204485 0.342741
vt 0.657931 0.116069
vt 0.651563 0.116069
vt 0.652644 0.102335
vt 0.509666 0.210447
vt 0.492244 0.208335
vt 0.655528 0.158328
vt 0.495368 0.193309
vt 0.514832 0.179927
vt 0.512789 0.195187
vt 0.081331 0.134147
vt 0.080009 0.158798
vt 0.102477 0.194131
vt 0.102357 0.194718
vt 0.289791 0.536781
vt 0.288590 0.539246
vt 0.288229 0.539246
vt 0.289551 0.536663
vt 0.087939 0.182392
vt 0.101997 0.195539
vt 0.101876 0.196126
vt 0.087338 0.182627
vt 0.175288 0.270080
vt 0.176610 0.217843
vt 0.647237 0.061132
vt 0.675352 0.040120
vt 0.666341 0.116539
vt 0.663337 0.158915
vt 0.653605 0.250828
vt 0.648319 0.048103
vt 0.649280 0.035425
vt 0.205326 0.256932
vt 0.210732 0.259515
vt 0.204845 0.266558
vt 0.201481 0.265149
vt 0.259994 0.369740
vt 0.259273 0.368449
vt 0.261436 0.366336
vt 0.262637 0.368097
vt 0.160510 0.322786
vt 0.975127 0.159150
vt 0.864348 0.163728
vt 0.971883 0.112782
vt 0.632219 0.185209
vt 0.637265 0.044816
vt 0.638106 0.032373
vt 0.636304 0.058433
vt 0.634982 0.086957
vt 0.635463 0.072871
vt 0.755973 0.122291
vt 0.162672 0.132855
vt 0.162913 0.128629
vt 0.163754 0.128629
vt 0.163393 0.132621
vt 0.160149 0.323490
vt 0.637145 0.330886
vt 0.639187 0.330299
vt 0.639187 0.330533
vt 0.637265 0.331120
vt 0.570341 0.197183
vt 0.564454 0.197418
vt 0.414507 0.123347
vt 0.414507 0.116773
vt 0.414867 0.116773
vt 0.414747 0.123347
vt 0.657570 0.331825
vt 0.657090 0.330533
vt 0.657210 0.330533
vt 0.657690 0.331707
vt 0.135278 0.318208
vt 0.135759 0.317151
vt 0.168319 0.138255
vt 0.163153 0.138138
vt 0.168440 0.133560
vt 0.667903 0.321847
vt 0.668384 0.323255
vt 0.667543 0.323608
vt 0.667062 0.322082
vt 0.668624 0.323138
vt 0.668504 0.323255
vt 0.668023 0.321729
vt 0.337971 0.415169
vt 0.338452 0.415051
vt 0.333165 0.422681
vt 0.332685 0.422094
vt 0.579593 0.052211
vt 0.579593 0.065945
vt 0.378942 0.383827
vt 0.378942 0.384296
vt 0.366327 0.376197
vt 0.284024 0.531263
vt 0.284264 0.531029
vt 0.285105 0.532672
vt 0.284865 0.532789
vt 0.191148 0.241320
vt 0.204244 0.238620
vt 0.204485 0.239324
vt 0.191268 0.242024
vt 0.275974 0.529385
vt 0.274652 0.530911
vt 0.268645 0.533494
vt 0.270327 0.531850
vt 0.270447 0.531968
vt 0.268885 0.533729
vt 0.160510 0.101748
vt 0.160510 0.097053
vt 0.161110 0.097053
vt 0.161231 0.101748
vt 0.250262 0.514829
vt 0.250502 0.512599
vt 0.252785 0.512247
vt 0.252184 0.514595
vt 0.314302 0.435007
vt 0.314422 0.435359
vt 0.301325 0.438411
vt 0.301325 0.438059
vt 0.516274 0.165019
vt 0.364885 0.481961
vt 0.364524 0.482196
vt 0.371493 0.427259
vt 0.371854 0.427494
vt 0.477946 0.037421
vt 0.461966 0.042468
vt 0.663337 0.312104
vt 0.664178 0.313747
vt 0.663337 0.312221
vt 0.225150 0.365984
vt 0.224069 0.367510
vt 0.220945 0.366571
vt 0.222147 0.364575
vt 0.784088 0.245898
vt 0.441781 0.065358
vt 0.445385 0.076510
vt 0.444544 0.076862
vt 0.440940 0.065945
vt 0.413546 0.098461
vt 0.412584 0.092592
vt 0.445385 0.131681
vt 0.446106 0.142364
vt 0.414026 0.136729
vt 0.414507 0.130038
vt 0.413906 0.105035
vt 0.413305 0.098696
vt 0.414146 0.104800
vt 0.414266 0.110904
vt 0.414507 0.110787
vt 0.437696 0.411999
vt 0.437936 0.411999
vt 0.458962 0.447919
vt 0.458602 0.447919
vt 0.663458 0.312104
vt 0.664299 0.313630
vt 0.446106 0.088249
vt 0.445265 0.088601
vt 0.446106 0.076041
vt 0.446827 0.088014
vt 0.454517 0.085314
vt 0.453796 0.072754
vt 0.460644 0.170067
vt 0.802231 0.233573
vt 0.433611 0.198239
vt 0.427123 0.209978
vt 0.426522 0.209274
vt 0.433010 0.197652
vt 0.502577 0.075923
vt 0.502336 0.060546
vt 0.518316 0.059841
vt 0.519157 0.075571
vt 0.531653 0.059254
vt 0.532975 0.074749
vt 0.283063 0.540185
vt 0.282222 0.539715
vt 0.283784 0.538189
vt 0.485275 0.048337
vt 0.485035 0.063480
vt 0.137561 0.313043
vt 0.137561 0.313982
vt 0.262757 0.396974
vt 0.300364 0.363871
vt 0.503057 0.091183
vt 0.519278 0.090714
vt 0.533575 0.107030
vt 0.519758 0.105739
vt 0.533455 0.090949
vt 0.102237 0.202113
vt 0.128790 0.200352
vt 0.128670 0.201057
vt 0.102357 0.202817
vt 0.137921 0.310343
vt 0.448870 0.240850
vt 0.450071 0.208921
vt 0.474101 0.120412
vt 0.485996 0.106561
vt 0.485756 0.120765
vt 0.486116 0.092475
vt 0.503538 0.105974
vt 0.185261 0.487831
vt 0.201721 0.488300
vt 0.201601 0.489122
vt 0.184540 0.488418
vt 0.134197 0.317269
vt 0.558326 0.330533
vt 0.558807 0.326425
vt 0.608789 0.325955
vt 0.609150 0.330299
vt 0.441781 0.175466
vt 0.437576 0.186031
vt 0.436855 0.185562
vt 0.441060 0.175114
vt 0.656729 0.328890
vt 0.654086 0.329125
vt 0.653966 0.327012
vt 0.656128 0.326660
vt 0.286427 0.485483
vt 0.287869 0.486070
vt 0.287989 0.486539
vt 0.286307 0.486070
vt 0.447067 0.121117
vt 0.446346 0.110552
vt 0.224429 0.257989
vt 0.215298 0.253293
vt 0.413666 0.105152
vt 0.413065 0.099048
vt 0.532374 0.344502
vt 0.531533 0.343563
vt 0.535498 0.339455
vt 0.536339 0.340276
vt 0.181536 0.214908
vt 0.180935 0.215378
vt 0.486116 0.435476
vt 0.490682 0.440055
vt 0.488759 0.443576
vt 0.483233 0.437355
vt 0.174327 0.219369
vt 0.131914 0.197887
vt 0.414026 0.111139
vt 0.509786 0.383827
vt 0.514832 0.382535
vt 0.515673 0.383357
vt 0.510026 0.384648
vt 0.491643 0.515299
vt 0.492004 0.517529
vt 0.457040 0.527624
vt 0.456800 0.525277
vt 0.132154 0.196831
vt 0.425921 0.208569
vt 0.432289 0.197065
vt 0.444544 0.190374
vt 0.440579 0.202935
vt 0.132515 0.195422
vt 0.132274 0.196126
vt 0.485035 0.078271
vt 0.447788 0.121117
vt 0.083974 0.283579
vt 0.085776 0.263741
vt 0.086497 0.263976
vt 0.084575 0.283579
vt 0.376299 0.429607
vt 0.375939 0.429490
vt 0.419193 0.389696
vt 0.419553 0.389931
vt 0.629215 0.323725
vt 0.630657 0.323255
vt 0.635342 0.331120
vt 0.633540 0.331590
vt 0.450432 0.060780
vt 0.338812 0.415051
vt 0.333526 0.422916
vt 0.128430 0.203052
vt 0.128550 0.203756
vt 0.465330 0.132855
vt 0.464369 0.145063
vt 0.454517 0.143772
vt 0.455117 0.132151
vt 0.531653 0.455902
vt 0.534176 0.452967
vt 0.446226 0.131681
vt 0.559408 0.322434
vt 0.558927 0.325721
vt 0.521801 0.315391
vt 0.522281 0.312104
vt 0.414266 0.116891
vt 0.627413 0.473275
vt 0.631378 0.473979
vt 0.615398 0.507669
vt 0.613355 0.504030
vt 0.578151 0.502269
vt 0.578872 0.507317
vt 0.531052 0.509195
vt 0.531533 0.505673
vt 0.166037 0.092827
vt 0.164354 0.087427
vt 0.165796 0.088131
vt 0.166878 0.093061
vt 0.167959 0.111256
vt 0.168319 0.115834
vt 0.162793 0.115365
vt 0.163033 0.110904
vt 0.201601 0.487831
vt 0.202442 0.486774
vt 0.202682 0.487244
vt 0.165436 0.097405
vt 0.166637 0.097640
vt 0.667543 0.316799
vt 0.668504 0.318208
vt 0.667302 0.318795
vt 0.666341 0.317504
vt 0.414266 0.123464
vt 0.413065 0.143068
vt 0.413305 0.143185
vt 0.419793 0.390048
vt 0.376539 0.429725
vt 0.663337 0.340863
vt 0.664299 0.342037
vt 0.664178 0.342155
vt 0.663217 0.340863
vt 0.357556 0.362932
vt 0.357556 0.362345
vt 0.077606 0.244372
vt 0.078087 0.263506
vt 0.076405 0.263389
vt 0.075924 0.244489
vt 0.662616 0.312808
vt 0.663458 0.314099
vt 0.663337 0.314099
vt 0.104760 0.195070
vt 0.099834 0.200939
vt 0.082773 0.185092
vt 0.083734 0.184623
vt 0.100435 0.200118
vt 0.099473 0.201526
vt 0.082172 0.185444
vt 0.442862 0.163845
vt 0.445145 0.153163
vt 0.445866 0.153398
vt 0.443583 0.164197
vt 0.479508 0.401082
vt 0.478427 0.403547
vt 0.477345 0.403313
vt 0.478186 0.400965
vt 0.288349 0.488300
vt 0.286187 0.488300
vt 0.286307 0.486657
vt 0.288109 0.486892
vt 0.448990 0.178753
vt 0.451032 0.166662
vt 0.261315 0.366101
vt 0.263718 0.364223
vt 0.264079 0.364575
vt 0.128550 0.199765
vt 0.101876 0.201409
vt 0.463047 0.157624
vt 0.473621 0.133325
vt 0.472780 0.146355
vt 0.465931 0.120295
vt 0.485275 0.032256
vt 0.102838 0.205048
vt 0.102838 0.205869
vt 0.453315 0.155159
vt 0.632579 0.199178
vt 0.456079 0.097287
vt 0.485275 0.134499
vt 0.484674 0.147881
vt 0.475303 0.204109
vt 0.291593 0.296491
vt 0.285345 0.296609
vt 0.284024 0.291209
vt 0.290632 0.291326
vt 0.502457 0.134851
vt 0.501255 0.149407
vt 0.042522 0.363519
vt 0.040600 0.363636
vt 0.041081 0.363284
vt 0.042282 0.362932
vt 0.502817 0.120295
vt 0.084335 0.184270
vt 0.519278 0.120882
vt 0.312259 0.470575
vt 0.326797 0.464471
vt 0.326917 0.465292
vt 0.312620 0.471397
vt 0.517716 0.006548
vt 0.516875 0.025917
vt 0.500174 0.026856
vt 0.497891 0.008426
vt 0.518917 0.135907
vt 0.517475 0.150463
vt 0.507503 0.261276
vt 0.501375 0.044698
vt 0.517355 0.043172
vt 0.202802 0.346498
vt 0.523843 0.241790
vt 0.525285 0.258224
vt 0.531653 0.151520
vt 0.530211 0.166428
vt 0.139844 0.458954
vt 0.140084 0.458484
vt 0.533095 0.122173
vt 0.532013 0.136729
vt 0.326196 0.459071
vt 0.345180 0.460480
vt 0.345060 0.461067
vt 0.326076 0.459541
vt 0.534056 0.011361
vt 0.531293 0.027677
vt 0.542707 0.137081
vt 0.541986 0.152107
vt 0.543908 0.106796
vt 0.543668 0.091418
vt 0.396124 0.359176
vt 0.396604 0.359645
vt 0.388194 0.369975
vt 0.387713 0.369506
vt 0.168800 0.147411
vt 0.169761 0.142716
vt 0.408499 0.166662
vt 0.406937 0.172062
vt 0.411143 0.507317
vt 0.411143 0.506965
vt 0.448990 0.490178
vt 0.449230 0.490413
vt 0.800669 0.247541
vt 0.809440 0.248715
vt 0.130953 0.320086
vt 0.446947 0.131681
vt 0.448629 0.121117
vt 0.456439 0.120765
vt 0.665140 0.318090
vt 0.664539 0.316799
vt 0.664659 0.316799
vt 0.665260 0.318090
vt 0.526727 0.195892
vt 0.529130 0.181336
vt 0.539943 0.181805
vt 0.538261 0.196244
vt 0.543308 0.075806
vt 0.535618 0.225356
vt 0.535738 0.239559
vt 0.523603 0.226177
vt 0.243173 0.515416
vt 0.241130 0.513421
vt 0.242933 0.513186
vt 0.244134 0.515299
vt 0.541385 0.167015
vt 0.238367 0.500039
vt 0.240049 0.500156
vt 0.239448 0.502856
vt 0.236925 0.502504
vt 0.161951 0.319382
vt 0.184419 0.328538
vt 0.291834 0.297196
vt 0.285706 0.297196
vt 0.324995 0.290974
vt 0.311418 0.291092
vt 0.311538 0.290387
vt 0.325115 0.290270
vt 0.135038 0.318912
vt 0.060545 0.346850
vt 0.080370 0.328773
vt 0.080490 0.329712
vt 0.060785 0.347672
vt 0.081571 0.185796
vt 0.233321 0.375727
vt 0.233441 0.375610
vt 0.235724 0.378662
vt 0.235603 0.378779
vt 0.162192 0.124286
vt 0.162072 0.128629
vt 0.161471 0.124286
vt 0.672349 0.331707
vt 0.098993 0.201996
vt 0.230437 0.374318
vt 0.232239 0.377136
vt 0.231999 0.377370
vt 0.230197 0.374553
vt 0.536819 0.210800
vt 0.525285 0.210800
vt 0.641230 0.313865
vt 0.641951 0.312573
vt 0.648799 0.317621
vt 0.648198 0.319264
vt 0.250021 0.378309
vt 0.246777 0.380188
vt 0.246537 0.379835
vt 0.249781 0.378075
vt 0.183218 0.487596
vt 0.180094 0.337577
vt 0.521560 0.366571
vt 0.521921 0.377136
vt 0.517956 0.365984
vt 0.543548 0.121938
vt 0.236805 0.516238
vt 0.238247 0.515064
vt 0.241491 0.516473
vt 0.240770 0.517412
vt 0.283183 0.540302
vt 0.665020 0.315038
vt 0.664899 0.315038
vt 0.242092 0.378427
vt 0.239088 0.378309
vt 0.239088 0.378192
vt 0.242092 0.378309
vt 0.502457 0.445219
vt 0.502697 0.446159
vt 0.495728 0.446628
vt 0.495848 0.445689
vt 0.082052 0.134264
vt 0.206407 0.339572
vt 0.205926 0.340159
vt 0.633060 0.227351
vt 0.165316 0.486422
vt 0.182377 0.493817
vt 0.181656 0.495226
vt 0.164475 0.487478
vt 0.080490 0.225473
vt 0.078808 0.225590
vt 0.076885 0.206104
vt 0.078567 0.205869
vt 0.859422 0.236507
vt 0.976088 0.219838
vt 0.976088 0.234746
vt 0.325596 0.367979
vt 0.313701 0.395096
vt 0.480349 0.398969
vt 0.479147 0.398852
vt 0.246537 0.500391
vt 0.246898 0.502973
vt 0.244975 0.502856
vt 0.244975 0.500274
vt 0.248459 0.517412
vt 0.240289 0.518351
vt 0.631738 0.334877
vt 0.629335 0.335111
vt 0.629335 0.334877
vt 0.631738 0.334759
vt 0.240169 0.519407
vt 0.299764 0.479966
vt 0.299283 0.479496
vt 0.228515 0.238503
vt 0.233801 0.236977
vt 0.234041 0.237446
vt 0.228635 0.239207
vt 0.300725 0.481492
vt 0.300965 0.481961
vt 0.288469 0.488770
vt 0.239809 0.513890
vt 0.242212 0.515768
vt 0.251824 0.497339
vt 0.252064 0.496282
vt 0.256750 0.496752
vt 0.255789 0.498513
vt 0.202682 0.492643
vt 0.183218 0.491352
vt 0.183338 0.490883
vt 0.202322 0.492056
vt 0.412224 0.149407
vt 0.411984 0.149172
vt 0.412825 0.142951
vt 0.651683 0.315860
vt 0.651202 0.318090
vt 0.651082 0.318090
vt 0.651563 0.315860
vt 0.260234 0.370210
vt 0.257591 0.372088
vt 0.257471 0.371618
vt 0.231278 0.509430
vt 0.231398 0.502973
vt 0.232840 0.503326
vt 0.233441 0.508608
vt 0.260354 0.507199
vt 0.257711 0.508373
vt 0.257110 0.505556
vt 0.259393 0.504030
vt 0.670667 0.330768
vt 0.669946 0.329360
vt 0.670066 0.329360
vt 0.670787 0.330768
vt 0.259633 0.511543
vt 0.257471 0.511543
vt 0.234041 0.369623
vt 0.232840 0.366806
vt 0.412344 0.092944
vt 0.412104 0.093296
vt 0.446707 0.142481
vt 0.447428 0.142598
vt 0.255188 0.509195
vt 0.254707 0.506612
vt 0.252785 0.509899
vt 0.252304 0.507434
vt 0.274172 0.533142
vt 0.274172 0.535489
vt 0.273691 0.535255
vt 0.273811 0.533024
vt 0.254227 0.514477
vt 0.254948 0.512129
vt 0.642311 0.334524
vt 0.644354 0.333820
vt 0.644474 0.333938
vt 0.642311 0.334642
vt 0.541746 0.031434
vt 0.541385 0.046107
vt 0.530572 0.043994
vt 0.261436 0.502739
vt 0.262757 0.506730
vt 0.239088 0.509312
vt 0.238487 0.506378
vt 0.239929 0.506025
vt 0.241130 0.508960
vt 0.249901 0.507904
vt 0.248700 0.505556
vt 0.250983 0.504969
vt 0.167599 0.106678
vt 0.166157 0.102452
vt 0.166878 0.102687
vt 0.168440 0.106796
vt 0.659853 0.335816
vt 0.660694 0.336990
vt 0.660694 0.337107
vt 0.659733 0.335933
vt 0.160630 0.092240
vt 0.159548 0.087075
vt 0.160149 0.087075
vt 0.161351 0.092240
vt 0.205566 0.256111
vt 0.211453 0.259163
vt 0.478186 0.410591
vt 0.478066 0.412351
vt 0.477105 0.412351
vt 0.477465 0.410943
vt 0.301205 0.437472
vt 0.314302 0.434420
vt 0.259153 0.500274
vt 0.257230 0.501800
vt 0.254707 0.500039
vt 0.272369 0.525864
vt 0.272249 0.525629
vt 0.274892 0.523986
vt 0.275013 0.524338
vt 0.288349 0.530911
vt 0.286547 0.529033
vt 0.286667 0.528916
vt 0.288349 0.530794
vt 0.230677 0.373966
vt 0.232600 0.376783
vt 0.290752 0.533024
vt 0.289070 0.530207
vt 0.289310 0.529972
vt 0.291233 0.532907
vt 0.279458 0.528916
vt 0.279458 0.528564
vt 0.281140 0.529268
vt 0.281020 0.529503
vt 0.243293 0.502973
vt 0.244494 0.506025
vt 0.242452 0.506260
vt 0.241611 0.503091
vt 0.421836 0.327129
vt 0.425801 0.323490
vt 0.415228 0.387583
vt 0.650001 0.392513
vt 0.646036 0.392748
vt 0.263839 0.501800
vt 0.265280 0.506612
vt 0.263478 0.512364
vt 0.261796 0.511425
vt 0.277656 0.524220
vt 0.277656 0.524338
vt 0.275133 0.525394
vt 0.275133 0.525277
vt 0.405255 0.177110
vt 0.407178 0.172414
vt 0.405255 0.177697
vt 0.650962 0.320086
vt 0.650842 0.320086
vt 0.241731 0.500039
vt 0.243413 0.500156
vt 0.167959 0.152341
vt 0.313100 0.472336
vt 0.327158 0.466466
vt 0.327398 0.467875
vt 0.313821 0.473627
vt 0.242812 0.497104
vt 0.409581 0.083436
vt 0.411143 0.086605
vt 0.411022 0.087779
vt 0.409460 0.083436
vt 0.488279 0.413173
vt 0.486717 0.414347
vt 0.485876 0.414112
vt 0.487318 0.412704
vt 0.251223 0.498395
vt 0.250622 0.499217
vt 0.249781 0.500039
vt 0.408740 0.167132
vt 0.410061 0.161263
vt 0.410302 0.161498
vt 0.408980 0.167484
vt 0.248219 0.500274
vt 0.579713 0.095761
vt 0.572744 0.094587
vt 0.572624 0.079327
vt 0.579713 0.080971
vt 0.492004 0.397443
vt 0.499213 0.392044
vt 0.499573 0.392748
vt 0.492724 0.397796
vt 0.479988 0.412586
vt 0.478306 0.423855
vt 0.477465 0.423973
vt 0.479027 0.412469
vt 0.542346 0.061015
vt 0.509545 0.383122
vt 0.514351 0.381948
vt 0.250382 0.510251
vt 0.245215 0.507904
vt 0.246537 0.505673
vt 0.247498 0.508021
vt 0.295078 0.276888
vt 0.303849 0.280996
vt 0.302166 0.290035
vt 0.290752 0.289800
vt 0.253265 0.504265
vt 0.251223 0.502152
vt 0.253145 0.501213
vt 0.255308 0.503091
vt 0.249180 0.502621
vt 0.248099 0.510251
vt 0.245816 0.510134
vt 0.243774 0.510486
vt 0.242933 0.508373
vt 0.301806 0.482196
vt 0.312139 0.470105
vt 0.248459 0.514947
vt 0.256029 0.514477
vt 0.417871 0.223008
vt 0.434091 0.215730
vt 0.426041 0.228994
vt 0.670667 0.330886
vt 0.783968 0.259280
vt 0.665500 0.316330
vt 0.168800 0.480670
vt 0.183218 0.486070
vt 0.183098 0.486657
vt 0.168560 0.481140
vt 0.312860 0.471866
vt 0.302527 0.483253
vt 0.302166 0.482900
vt 0.496329 0.439937
vt 0.502937 0.438763
vt 0.239929 0.511543
vt 0.241971 0.511425
vt 0.248339 0.512482
vt 0.246657 0.514595
vt 0.246297 0.512012
vt 0.781925 0.040238
vt 0.787212 0.039064
vt 0.284985 0.543472
vt 0.286066 0.541241
vt 0.286187 0.541241
vt 0.285105 0.543472
vt 0.662496 0.312808
vt 0.271288 0.536311
vt 0.271769 0.533963
vt 0.271889 0.534081
vt 0.271528 0.536428
vt 0.244615 0.512716
vt 0.245215 0.515182
vt 0.570101 0.211269
vt 0.577670 0.211856
vt 0.577310 0.224886
vt 0.569500 0.224651
vt 0.664058 0.315391
vt 0.664659 0.316682
vt 0.665500 0.316447
vt 0.214938 0.253998
vt 0.224069 0.258811
vt 0.223709 0.259632
vt 0.214577 0.254585
vt 0.571423 0.153633
vt 0.578511 0.155980
vt 0.579833 0.171593
vt 0.632819 0.213617
vt 0.258552 0.515416
vt 0.259153 0.516238
vt 0.168800 0.265854
vt 0.161110 0.149172
vt 0.158467 0.149524
vt 0.157145 0.143303
vt 0.134798 0.319616
vt 0.257351 0.514829
vt 0.579353 0.040003
vt 0.570702 0.040120
vt 0.579713 0.110082
vt 0.579112 0.125460
vt 0.667422 0.323608
vt 0.668023 0.324899
vt 0.672829 0.333233
vt 0.673911 0.334759
vt 0.673070 0.334994
vt 0.671988 0.333585
vt 0.578391 0.185092
vt 0.577791 0.198709
vt 0.576950 0.237681
vt 0.576109 0.250124
vt 0.116775 0.333585
vt 0.116535 0.334407
vt 0.100074 0.334290
vt 0.100314 0.333585
vt 0.416429 0.221834
vt 0.417150 0.222421
vt 0.477345 0.397326
vt 0.473380 0.398735
vt 0.476504 0.395565
vt 0.442141 0.163610
vt 0.444304 0.152928
vt 0.525525 0.367862
vt 0.526006 0.378075
vt 0.525285 0.377840
vt 0.524804 0.367745
vt 0.325476 0.281114
vt 0.312379 0.282053
vt 0.312379 0.281349
vt 0.325235 0.280410
vt 0.333526 0.336051
vt 0.300004 0.363636
vt 0.297361 0.361523
vt 0.331483 0.333351
vt 0.478306 0.398382
vt 0.477225 0.397913
vt 0.229235 0.508491
vt 0.230077 0.501565
vt 0.234282 0.362697
vt 0.235003 0.362697
vt 0.234883 0.365749
vt 0.234402 0.365867
vt 0.260955 0.498513
vt 0.435533 0.373262
vt 0.438777 0.373614
vt 0.441541 0.411178
vt 0.438296 0.411882
vt 0.226112 0.369975
vt 0.223468 0.368566
vt 0.223709 0.368097
vt 0.226352 0.369623
vt 0.436855 0.054559
vt 0.411623 0.085901
vt 0.373055 0.477853
vt 0.369691 0.479496
vt 0.379543 0.431251
vt 0.654566 0.331003
vt 0.251103 0.373379
vt 0.482512 0.398382
vt 0.481430 0.401317
vt 0.681600 0.495578
vt 0.681360 0.495813
vt 0.659733 0.462006
vt 0.659973 0.461888
vt 0.219263 0.238033
vt 0.435173 0.373262
vt 0.235724 0.513303
vt 0.234642 0.510838
vt 0.237045 0.509899
vt 0.237886 0.512129
vt 0.204004 0.496400
vt 0.203884 0.496869
vt 0.236805 0.506847
vt 0.235123 0.507786
vt 0.230677 0.516355
vt 0.228274 0.513890
vt 0.231759 0.511895
vt 0.233080 0.514595
vt 0.669465 0.327833
vt 0.670306 0.327364
vt 0.670426 0.327364
vt 0.228154 0.517647
vt 0.225391 0.514008
vt 0.234282 0.503326
vt 0.396845 0.359880
vt 0.388434 0.370210
vt 0.778081 0.152107
vt 0.578872 0.027795
vt 0.571423 0.029203
vt 0.207008 0.338633
vt 0.207488 0.338046
vt 0.571783 0.138255
vt 0.578511 0.140720
vt 0.437696 0.053855
vt 0.578031 0.501447
vt 0.578031 0.501917
vt 0.531653 0.505321
vt 0.531653 0.505086
vt 0.635342 0.331590
vt 0.635342 0.331355
vt 0.645796 0.392748
vt 0.645435 0.392748
vt 0.641590 0.362110
vt 0.641831 0.361993
vt 0.538141 0.253293
vt 0.235243 0.517764
vt 0.233681 0.519407
vt 0.459323 0.447802
vt 0.655167 0.320908
vt 0.655528 0.322668
vt 0.655287 0.322668
vt 0.655047 0.320908
vt 0.647838 0.320908
vt 0.648319 0.319264
vt 0.648439 0.319382
vt 0.647958 0.321025
vt 0.633780 0.339220
vt 0.635463 0.339103
vt 0.635463 0.339220
vt 0.633780 0.339455
vt 0.236324 0.499452
vt 0.235123 0.498982
vt 0.357676 0.363636
vt 0.357556 0.364810
vt 0.328840 0.371736
vt 0.170122 0.120295
vt 0.170002 0.115834
vt 0.566977 0.094001
vt 0.567097 0.078623
vt 0.491523 0.514829
vt 0.490802 0.511073
vt 0.166757 0.483957
vt 0.167839 0.097992
vt 0.167839 0.093296
vt 0.631738 0.335111
vt 0.633780 0.334759
vt 0.633780 0.336403
vt 0.631858 0.336637
vt 0.288710 0.536546
vt 0.289551 0.533376
vt 0.235603 0.502973
vt 0.665380 0.318090
vt 0.666221 0.317621
vt 0.667062 0.318912
vt 0.666101 0.319382
vt 0.643272 0.328068
vt 0.644354 0.327012
vt 0.644474 0.327129
vt 0.643393 0.328303
vt 0.623808 0.447567
vt 0.624169 0.447450
vt 0.627052 0.473157
vt 0.626692 0.473157
vt 0.669465 0.326073
vt 0.669585 0.326073
vt 0.285586 0.492996
vt 0.288710 0.492878
vt 0.288830 0.493348
vt 0.285466 0.493465
vt 0.544990 0.017465
vt 0.234162 0.498395
vt 0.233441 0.497339
vt 0.232840 0.496282
vt 0.701065 0.525746
vt 0.700944 0.525864
vt 0.578632 0.364693
vt 0.578872 0.364810
vt 0.564814 0.403195
vt 0.564454 0.403313
vt 0.336529 0.341568
vt 0.338572 0.344268
vt 0.307333 0.369506
vt 0.304690 0.367275
vt 0.421115 0.327716
vt 0.417751 0.330886
vt 0.621645 0.449093
vt 0.587282 0.436650
vt 0.588724 0.434772
vt 0.298202 0.478205
vt 0.310337 0.466349
vt 0.310697 0.466936
vt 0.298802 0.478792
vt 0.414507 0.387231
vt 0.411503 0.385587
vt 0.429886 0.413643
vt 0.433010 0.413056
vt 0.453315 0.448389
vt 0.449831 0.448858
vt 0.364164 0.482313
vt 0.360920 0.484192
vt 0.368129 0.425616
vt 0.371253 0.427142
vt 0.412464 0.149524
vt 0.612874 0.348376
vt 0.612874 0.348728
vt 0.495968 0.384883
vt 0.496329 0.385705
vt 0.167959 0.147646
vt 0.168800 0.142833
vt 0.462687 0.447567
vt 0.422917 0.391809
vt 0.426402 0.322786
vt 0.429646 0.319851
vt 0.450191 0.338985
vt 0.452835 0.340863
vt 0.645435 0.325486
vt 0.646396 0.324077
vt 0.646637 0.324195
vt 0.645555 0.325603
vt 0.446827 0.099518
vt 0.642431 0.424677
vt 0.642672 0.424677
vt 0.593290 0.428551
vt 0.591848 0.430429
vt 0.567338 0.402726
vt 0.557846 0.334524
vt 0.520479 0.324195
vt 0.520960 0.320908
vt 0.558206 0.331120
vt 0.411263 0.155511
vt 0.411503 0.155746
vt 0.250382 0.378544
vt 0.247018 0.380422
vt 0.227794 0.359293
vt 0.228034 0.359176
vt 0.231038 0.361171
vt 0.230797 0.361288
vt 0.521681 0.315743
vt 0.558807 0.326073
vt 0.327518 0.435946
vt 0.328119 0.436885
vt 0.315383 0.440055
vt 0.315143 0.438998
vt 0.521080 0.320673
vt 0.558206 0.330886
vt 0.480109 0.319030
vt 0.479988 0.318795
vt 0.265401 0.528798
vt 0.267683 0.528564
vt 0.267563 0.528916
vt 0.265521 0.529385
vt 0.643513 0.331590
vt 0.645435 0.330533
vt 0.645555 0.330768
vt 0.643633 0.331707
vt 0.433250 0.412938
vt 0.429766 0.372675
vt 0.430126 0.372675
vt 0.168199 0.120178
vt 0.169160 0.115834
vt 0.169160 0.120295
vt 0.426041 0.323138
vt 0.167959 0.142951
vt 0.167238 0.147881
vt 0.162552 0.148937
vt 0.162312 0.143420
vt 0.277656 0.527624
vt 0.277656 0.527507
vt 0.279698 0.527742
vt 0.656369 0.326542
vt 0.656849 0.328655
vt 0.655888 0.324429
vt 0.655768 0.324429
vt 0.436134 0.185092
vt 0.440459 0.174762
vt 0.304449 0.367040
vt 0.336289 0.341333
vt 0.414867 0.387348
vt 0.421475 0.327481
vt 0.158227 0.075571
vt 0.159789 0.081792
vt 0.159068 0.081792
vt 0.157506 0.075571
vt 0.289431 0.529620
vt 0.291713 0.531498
vt 0.806076 0.262919
vt 0.819412 0.250007
vt 0.815688 0.264680
vt 0.791177 0.260454
vt 0.792378 0.246602
vt 0.798266 0.261628
vt 0.168560 0.102335
vt 0.169160 0.106678
vt 0.481190 0.322199
vt 0.266242 0.401200
vt 0.266001 0.400848
vt 0.201361 0.265854
vt 0.193671 0.264915
vt 0.193791 0.264210
vt 0.502697 0.446863
vt 0.495608 0.447332
vt 0.336049 0.340981
vt 0.302767 0.443224
vt 0.302407 0.442050
vt 0.333886 0.336755
vt 0.333766 0.336403
vt 0.609150 0.330651
vt 0.411022 0.506495
vt 0.205566 0.340863
vt 0.578391 0.364458
vt 0.575628 0.361758
vt 0.540544 0.460245
vt 0.537901 0.462710
vt 0.252424 0.363871
vt 0.254106 0.364341
vt 0.253746 0.366923
vt 0.252424 0.366453
vt 0.479868 0.318443
vt 0.478547 0.314451
vt 0.521681 0.315977
vt 0.521080 0.320321
vt 0.448750 0.489944
vt 0.286667 0.528798
vt 0.288469 0.530794
vt 0.497290 0.402843
vt 0.497651 0.405660
vt 0.496449 0.405660
vt 0.496089 0.403078
vt 0.434812 0.373144
vt 0.430367 0.372675
vt 0.433611 0.412821
vt 0.206647 0.248715
vt 0.206407 0.249420
vt 0.445145 0.486539
vt 0.445505 0.486774
vt 0.410782 0.501682
vt 0.410782 0.501330
vt 0.368970 0.479848
vt 0.369330 0.479614
vt 0.169160 0.138255
vt 0.170002 0.138372
vt 0.647237 0.322551
vt 0.647357 0.322551
vt 0.255308 0.230638
vt 0.288349 0.251650
vt 0.287989 0.252237
vt 0.255068 0.231225
vt 0.540424 0.343681
vt 0.541025 0.343915
vt 0.537540 0.348259
vt 0.536819 0.348024
vt 0.378702 0.382535
vt 0.387473 0.369271
vt 0.378822 0.383005
vt 0.455718 0.109143
vt 0.649520 0.316095
vt 0.649160 0.317621
vt 0.649040 0.317621
vt 0.159909 0.092122
vt 0.158828 0.087075
vt 0.158347 0.156098
vt 0.140685 0.135673
vt 0.155103 0.161732
vt 0.397085 0.360115
vt 0.398046 0.360936
vt 0.389636 0.371266
vt 0.388795 0.370562
vt 0.150177 0.165371
vt 0.144169 0.167132
vt 0.137921 0.166545
vt 0.132515 0.163610
vt 0.128670 0.158915
vt 0.126868 0.153046
vt 0.170002 0.133912
vt 0.170242 0.129334
vt 0.411022 0.155276
vt 0.127468 0.147059
vt 0.130232 0.141542
vt 0.134798 0.137668
vt 0.631978 0.322786
vt 0.633180 0.322199
vt 0.639067 0.330181
vt 0.637145 0.330768
vt 0.453916 0.448389
vt 0.146692 0.135673
vt 0.152580 0.138255
vt 0.078207 0.283814
vt 0.077967 0.283344
vt 0.079889 0.281701
vt 0.080370 0.282170
vt 0.161231 0.155746
vt 0.566256 0.139194
vt 0.158467 0.137903
vt 0.158707 0.133090
vt 0.161831 0.132973
vt 0.519157 0.387700
vt 0.523963 0.384061
vt 0.526006 0.386174
vt 0.520719 0.391339
vt 0.284745 0.527272
vt 0.285345 0.526685
vt 0.287268 0.528329
vt 0.231999 0.363871
vt 0.233681 0.363049
vt 0.233921 0.366101
vt 0.156785 0.101631
vt 0.156665 0.096818
vt 0.159789 0.096935
vt 0.159909 0.101748
vt 0.667422 0.323725
vt 0.453676 0.448389
vt 0.161591 0.106326
vt 0.162312 0.110904
vt 0.161471 0.110787
vt 0.160870 0.106326
vt 0.161831 0.149055
vt 0.161591 0.119708
vt 0.160990 0.119708
vt 0.272730 0.531733
vt 0.272850 0.531850
vt 0.271648 0.533846
vt 0.161951 0.115247
vt 0.161231 0.115247
vt 0.169281 0.133794
vt 0.608789 0.325603
vt 0.158347 0.081792
vt 0.168680 0.111256
vt 0.204364 0.267028
vt 0.495968 0.444985
vt 0.502457 0.444515
vt 0.162312 0.119708
vt 0.659973 0.339455
vt 0.657931 0.338163
vt 0.658051 0.337929
vt 0.660093 0.339337
vt 0.163033 0.124286
vt 0.161951 0.155628
vt 0.162552 0.155511
vt 0.449591 0.338516
vt 0.449951 0.338750
vt 0.478427 0.314099
vt 0.445385 0.335581
vt 0.445145 0.335346
vt 0.163754 0.077567
vt 0.164475 0.083084
vt 0.166757 0.153163
vt 0.168560 0.124521
vt 0.646637 0.328773
vt 0.647838 0.327129
vt 0.647958 0.327247
vt 0.646757 0.328890
vt 0.168560 0.129099
vt 0.162312 0.106443
vt 0.666581 0.320673
vt 0.665981 0.319382
vt 0.609270 0.321964
vt 0.608909 0.325251
vt 0.609270 0.330886
vt 0.610231 0.334290
vt 0.210132 0.240498
vt 0.210492 0.239911
vt 0.165316 0.083553
vt 0.169281 0.124638
vt 0.169401 0.129216
vt 0.654927 0.319147
vt 0.654807 0.319147
vt 0.164715 0.078506
vt 0.655407 0.320908
vt 0.655648 0.322668
vt 0.652764 0.320556
vt 0.652884 0.322551
vt 0.287388 0.527977
vt 0.287508 0.527742
vt 0.167358 0.152694
vt 0.170122 0.124756
vt 0.667663 0.320321
vt 0.667182 0.318795
vt 0.169521 0.111256
vt 0.444785 0.335111
vt 0.478306 0.313747
vt 0.656128 0.324429
vt 0.156785 0.092122
vt 0.155584 0.082379
vt 0.154262 0.076627
vt 0.156785 0.075806
vt 0.563012 0.223947
vt 0.563613 0.210800
vt 0.157626 0.106326
vt 0.342176 0.410356
vt 0.344820 0.415990
vt 0.411383 0.086605
vt 0.444905 0.486305
vt 0.410662 0.500978
vt 0.639668 0.332998
vt 0.641590 0.332294
vt 0.641590 0.332529
vt 0.639788 0.333116
vt 0.652644 0.318443
vt 0.652644 0.320438
vt 0.652524 0.320438
vt 0.652524 0.318325
vt 0.257831 0.363284
vt 0.258071 0.363401
vt 0.256990 0.365867
vt 0.342417 0.415051
vt 0.342056 0.414934
vt 0.340014 0.412351
vt 0.340374 0.412117
vt 0.451873 0.492526
vt 0.411263 0.510838
vt 0.491763 0.402491
vt 0.491763 0.405073
vt 0.286427 0.484544
vt 0.287628 0.485365
vt 0.407298 0.172767
vt 0.405135 0.178284
vt 0.409701 0.078975
vt 0.409821 0.078858
vt 0.430967 0.040238
vt 0.431808 0.039768
vt 0.447548 0.048103
vt 0.245095 0.358354
vt 0.245696 0.357650
vt 0.250502 0.360936
vt 0.249541 0.360819
vt 0.262517 0.396739
vt 0.259994 0.394509
vt 0.493926 0.403313
vt 0.494166 0.405543
vt 0.613355 0.343211
vt 0.613595 0.340746
vt 0.648078 0.357884
vt 0.646036 0.359176
vt 0.578632 0.510251
vt 0.578872 0.508021
vt 0.615638 0.508256
vt 0.616719 0.510603
vt 0.410782 0.497456
vt 0.442141 0.483839
vt 0.272129 0.525394
vt 0.274772 0.523751
vt 0.267804 0.404252
vt 0.438657 0.053268
vt 0.442502 0.064889
vt 0.426402 0.372323
vt 0.444424 0.221951
vt 0.477585 0.310695
vt 0.441901 0.332646
vt 0.467974 0.025212
vt 0.456920 0.030495
vt 0.438417 0.235216
vt 0.646997 0.329007
vt 0.648198 0.327247
vt 0.649881 0.328068
vt 0.648319 0.329946
vt 0.378582 0.382066
vt 0.386992 0.368919
vt 0.326677 0.433950
vt 0.326196 0.433011
vt 0.334847 0.423620
vt 0.335808 0.424325
vt 0.442141 0.034838
vt 0.432649 0.039299
vt 0.478547 0.016056
vt 0.184540 0.495343
vt 0.184419 0.493700
vt 0.203644 0.494874
vt 0.395643 0.358589
vt 0.395884 0.358941
vt 0.301926 0.440759
vt 0.301806 0.440407
vt 0.314782 0.437237
vt 0.314902 0.437707
vt 0.081211 0.333585
vt 0.081091 0.333116
vt 0.100314 0.333116
vt 0.157746 0.119591
vt 0.157987 0.114895
vt 0.613235 0.503678
vt 0.613115 0.503443
vt 0.325355 0.431603
vt 0.324995 0.431368
vt 0.332204 0.422681
vt 0.337010 0.425733
vt 0.337370 0.425968
vt 0.327398 0.435594
vt 0.283063 0.542767
vt 0.284625 0.540889
vt 0.284745 0.540889
vt 0.283183 0.542885
vt 0.525525 0.461654
vt 0.520599 0.457310
vt 0.521080 0.456723
vt 0.526006 0.461067
vt 0.394201 0.357415
vt 0.394442 0.357650
vt 0.385551 0.367862
vt 0.385310 0.367510
vt 0.378342 0.379953
vt 0.378221 0.379483
vt 0.370171 0.372558
vt 0.378101 0.378192
vt 0.378101 0.378779
vt 0.369811 0.372792
vt 0.082172 0.283579
vt 0.083734 0.264210
vt 0.084335 0.264093
vt 0.368970 0.373497
vt 0.368609 0.373731
vt 0.384830 0.367158
vt 0.384589 0.366923
vt 0.393360 0.356828
vt 0.393721 0.357063
vt 0.080970 0.225473
vt 0.079168 0.205869
vt 0.079769 0.205869
vt 0.081571 0.225356
vt 0.339533 0.414934
vt 0.338212 0.413760
vt 0.338452 0.413408
vt 0.339894 0.414816
vt 0.337731 0.414112
vt 0.299043 0.479261
vt 0.298562 0.478792
vt 0.325596 0.431955
vt 0.325836 0.432424
vt 0.287148 0.536428
vt 0.287748 0.533963
vt 0.287869 0.533963
vt 0.255308 0.368566
vt 0.253265 0.371149
vt 0.253265 0.371032
vt 0.384229 0.366688
vt 0.377981 0.377723
vt 0.340374 0.414816
vt 0.341696 0.414934
vt 0.256870 0.370562
vt 0.715362 0.147881
vt 0.238487 0.381009
vt 0.238487 0.381244
vt 0.252905 0.358354
vt 0.253386 0.358354
vt 0.254227 0.361406
vt 0.253986 0.361288
vt 0.531172 0.379014
vt 0.526847 0.387113
vt 0.526487 0.386644
vt 0.530451 0.378662
vt 0.760178 0.042938
vt 0.167238 0.088836
vt 0.635823 0.334407
vt 0.635823 0.336285
vt 0.235003 0.380070
vt 0.238367 0.383357
vt 0.156064 0.087427
vt 0.235603 0.276066
vt 0.228274 0.270901
vt 0.231759 0.266793
vt 0.238127 0.272779
vt 0.541986 0.344502
vt 0.538502 0.348728
vt 0.640509 0.315038
vt 0.647718 0.320790
vt 0.259633 0.301774
vt 0.234762 0.276771
vt 0.235243 0.276418
vt 0.260234 0.301304
vt 0.546792 0.461536
vt 0.546191 0.462123
vt 0.541986 0.458015
vt 0.542346 0.457428
vt 0.258192 0.481961
vt 0.258071 0.482431
vt 0.229356 0.476562
vt 0.668984 0.324664
vt 0.669946 0.322668
vt 0.670306 0.324077
vt 0.529731 0.378662
vt 0.158347 0.110552
vt 0.629455 0.337107
vt 0.629215 0.335229
vt 0.665500 0.312808
vt 0.329200 0.371853
vt 0.319228 0.394157
vt 0.318747 0.393922
vt 0.253145 0.236390
vt 0.242452 0.238738
vt 0.241611 0.233925
vt 0.671988 0.333703
vt 0.672949 0.334994
vt 0.672829 0.334994
vt 0.078447 0.279940
vt 0.078808 0.263623
vt 0.079288 0.263741
vt 0.078928 0.280410
vt 0.337491 0.414347
vt 0.285946 0.538659
vt 0.286066 0.538776
vt 0.311658 0.395683
vt 0.287148 0.531616
vt 0.637505 0.319382
vt 0.638346 0.318560
vt 0.645315 0.325368
vt 0.644234 0.326777
vt 0.028224 0.325721
vt 0.046968 0.294496
vt 0.047328 0.294965
vt 0.028825 0.325838
vt 0.357556 0.361993
vt 0.080129 0.244372
vt 0.079529 0.244372
vt 0.077606 0.225825
vt 0.078207 0.225708
vt 0.283183 0.529503
vt 0.283183 0.529385
vt 0.650001 0.328186
vt 0.648439 0.329946
vt 0.273210 0.528329
vt 0.272730 0.526920
vt 0.275133 0.525512
vt 0.275253 0.526803
vt 0.231759 0.363988
vt 0.231638 0.364106
vt 0.223468 0.268201
vt 0.219864 0.264915
vt 0.227914 0.262332
vt 0.316584 0.394391
vt 0.340855 0.411764
vt 0.271648 0.530207
vt 0.271769 0.530324
vt 0.270567 0.532085
vt 0.339653 0.412586
vt 0.315023 0.394744
vt 0.258312 0.363636
vt 0.172885 0.268436
vt 0.044084 0.369506
vt 0.064269 0.352367
vt 0.044325 0.369975
vt 0.232720 0.371266
vt 0.232840 0.371149
vt 0.234642 0.373731
vt 0.234642 0.373849
vt 0.040240 0.363871
vt 0.027624 0.325603
vt 0.326437 0.368919
vt 0.357435 0.361523
vt 0.517235 0.365984
vt 0.520359 0.356124
vt 0.521080 0.356476
vt 0.490802 0.510721
vt 0.153781 0.471397
vt 0.152700 0.472688
vt 0.249300 0.370914
vt 0.251103 0.368919
vt 0.252064 0.369623
vt 0.250021 0.371736
vt 0.491162 0.407304
vt 0.493686 0.407773
vt 0.359959 0.363049
vt 0.360079 0.362815
vt 0.367648 0.374671
vt 0.367408 0.375023
vt 0.491523 0.515064
vt 0.456800 0.525042
vt 0.456800 0.524690
vt 0.792138 0.205400
vt 0.226592 0.369036
vt 0.228875 0.371266
vt 0.228515 0.371736
vt 0.275373 0.527038
vt 0.277656 0.526098
vt 0.277536 0.527390
vt 0.361761 0.361641
vt 0.362121 0.361406
vt 0.334126 0.423268
vt 0.334487 0.423386
vt 0.326076 0.432777
vt 0.315023 0.438646
vt 0.326797 0.434303
vt 0.327038 0.434655
vt 0.534416 0.464823
vt 0.537781 0.469284
vt 0.644354 0.333585
vt 0.646516 0.332529
vt 0.646637 0.332646
vt 0.302287 0.441698
vt 0.532254 0.379249
vt 0.527448 0.387818
vt 0.242452 0.374905
vt 0.244975 0.374201
vt 0.242332 0.376197
vt 0.327518 0.468462
vt 0.314182 0.474096
vt 0.613355 0.343563
vt 0.645796 0.359293
vt 0.201721 0.490296
vt 0.514351 0.449563
vt 0.522882 0.453789
vt 0.513150 0.452967
vt 0.203403 0.489122
vt 0.083253 0.264210
vt 0.081451 0.264093
vt 0.080730 0.244372
vt 0.082412 0.244372
vt 0.495248 0.403313
vt 0.493686 0.401552
vt 0.494286 0.401317
vt 0.495848 0.402961
vt 0.311178 0.467992
vt 0.326317 0.461536
vt 0.311899 0.469518
vt 0.240169 0.374671
vt 0.239809 0.375844
vt 0.858221 0.251767
vt 0.976568 0.249420
vt 0.533455 0.345559
vt 0.532854 0.345089
vt 0.536819 0.340746
vt 0.537300 0.341215
vt 0.138402 0.460597
vt 0.139483 0.459306
vt 0.281501 0.528564
vt 0.077366 0.282053
vt 0.077726 0.282875
vt 0.043484 0.288979
vt 0.369330 0.373144
vt 0.361280 0.361758
vt 0.357195 0.359645
vt 0.357075 0.359058
vt 0.204485 0.491704
vt 0.229476 0.477383
vt 0.204845 0.492526
vt 0.684964 0.493583
vt 0.685205 0.493465
vt 0.704789 0.523281
vt 0.704549 0.523399
vt 0.274892 0.531146
vt 0.273571 0.532672
vt 0.653125 0.316212
vt 0.653005 0.316095
vt 0.336169 0.424677
vt 0.117376 0.328655
vt 0.101035 0.329125
vt 0.101276 0.328538
vt 0.117256 0.328068
vt 0.100074 0.334759
vt 0.081451 0.334407
vt 0.336409 0.424912
vt 0.158828 0.128629
vt 0.472539 0.411178
vt 0.471338 0.424677
vt 0.470617 0.424677
vt 0.471698 0.411178
vt 0.343017 0.415286
vt 0.650241 0.392513
vt 0.647357 0.424207
vt 0.647117 0.424207
vt 0.631858 0.336872
vt 0.629455 0.337342
vt 0.100915 0.329946
vt 0.080610 0.205869
vt 0.082412 0.225356
vt 0.359478 0.364341
vt 0.359238 0.364693
vt 0.357676 0.363284
vt 0.326437 0.456841
vt 0.345541 0.458367
vt 0.345300 0.460010
vt 0.326196 0.458484
vt 0.079048 0.286044
vt 0.336770 0.425381
vt 0.205326 0.493583
vt 0.043123 0.288509
vt 0.077246 0.281466
vt 0.650722 0.322082
vt 0.650602 0.321964
vt 0.493565 0.411295
vt 0.491523 0.412234
vt 0.491042 0.411647
vt 0.493085 0.410591
vt 0.634381 0.321612
vt 0.640509 0.329477
vt 0.314662 0.436885
vt 0.081691 0.283344
vt 0.259393 0.360702
vt 0.259754 0.360936
vt 0.635703 0.336403
vt 0.633660 0.336637
vt 0.301686 0.439937
vt 0.650842 0.326425
vt 0.266722 0.531381
vt 0.268765 0.530207
vt 0.268885 0.530324
vt 0.266842 0.531498
vt 0.470016 0.399439
vt 0.271648 0.530090
vt 0.370532 0.372088
vt 0.362482 0.361288
vt 0.253025 0.376314
vt 0.252665 0.375962
vt 0.496930 0.387113
vt 0.510867 0.386292
vt 0.511227 0.387113
vt 0.497290 0.387700
vt 0.275253 0.526920
vt 0.277656 0.525981
vt 0.138282 0.313278
vt 0.671387 0.332294
vt 0.671267 0.332294
vt 0.280299 0.524925
vt 0.165436 0.079093
vt 0.166277 0.084140
vt 0.659973 0.335581
vt 0.660814 0.336872
vt 0.229476 0.365867
vt 0.229356 0.365984
vt 0.234522 0.373966
vt 0.232600 0.371384
vt 0.245816 0.378779
vt 0.241371 0.380657
vt 0.242092 0.378544
vt 0.337250 0.414699
vt 0.311418 0.396035
vt 0.338812 0.413173
vt 0.083013 0.225238
vt 0.085055 0.244020
vt 0.084455 0.244020
vt 0.640269 0.335111
vt 0.638346 0.336051
vt 0.638346 0.335816
vt 0.640269 0.334994
vt 0.327038 0.465879
vt 0.235603 0.372205
vt 0.235603 0.372323
vt 0.277896 0.522342
vt 0.280660 0.523751
vt 0.280540 0.524103
vt 0.277776 0.522929
vt 0.287508 0.539011
vt 0.286307 0.541359
vt 0.652764 0.322551
vt 0.652884 0.324781
vt 0.652644 0.324664
vt 0.652524 0.322551
vt 0.327398 0.370092
vt 0.527328 0.359645
vt 0.524084 0.367510
vt 0.526607 0.359293
vt 0.273210 0.528564
vt 0.273210 0.528446
vt 0.516995 0.440876
vt 0.503177 0.437707
vt 0.517595 0.439937
vt 0.253986 0.358471
vt 0.259033 0.360467
vt 0.254587 0.361523
vt 0.245456 0.377018
vt 0.370772 0.372088
vt 0.666461 0.320790
vt 0.665861 0.319499
vt 0.756574 0.256580
vt 0.250021 0.371853
vt 0.228995 0.473862
vt 0.314422 0.435829
vt 0.327278 0.435242
vt 0.080249 0.263976
vt 0.078687 0.244372
vt 0.271048 0.536076
vt 0.512309 0.390635
vt 0.565776 0.153163
vt 0.641710 0.332646
vt 0.643633 0.331942
vt 0.642191 0.334290
vt 0.378462 0.380540
vt 0.265881 0.529972
vt 0.267924 0.529268
vt 0.385911 0.368097
vt 0.639788 0.316330
vt 0.646997 0.322434
vt 0.544869 0.463649
vt 0.544269 0.464119
vt 0.541025 0.459658
vt 0.272610 0.526685
vt 0.270687 0.528681
vt 0.270207 0.527859
vt 0.255068 0.373731
vt 0.254467 0.372792
vt 0.257831 0.483253
vt 0.277656 0.528446
vt 0.282702 0.530090
vt 0.295799 0.275597
vt 0.292434 0.271606
vt 0.296640 0.268319
vt 0.299163 0.271606
vt 0.277776 0.298604
vt 0.266602 0.301069
vt 0.264920 0.296374
vt 0.276695 0.293674
vt 0.265040 0.295670
vt 0.238487 0.272427
vt 0.238847 0.271840
vt 0.265521 0.294965
vt 0.358637 0.365280
vt 0.061025 0.348259
vt 0.042522 0.365514
vt 0.042522 0.364927
vt 0.523483 0.383709
vt 0.523002 0.383357
vt 0.524564 0.377723
vt 0.514472 0.448858
vt 0.502697 0.447567
vt 0.083013 0.244255
vt 0.857139 0.268554
vt 0.291593 0.272897
vt 0.291954 0.272193
vt 0.295438 0.276184
vt 0.085656 0.243902
vt 0.083614 0.225238
vt 0.100435 0.332646
vt 0.117015 0.332412
vt 0.116895 0.332998
vt 0.301446 0.438881
vt 0.230918 0.368566
vt 0.231038 0.368449
vt 0.233561 0.375492
vt 0.231638 0.372792
vt 0.315023 0.438294
vt 0.063188 0.350841
vt 0.062828 0.350372
vt 0.060305 0.346263
vt 0.042522 0.364106
vt 0.222267 0.364341
vt 0.668744 0.326307
vt 0.186102 0.325603
vt 0.207849 0.337342
vt 0.039519 0.364341
vt 0.026783 0.325486
vt 0.284745 0.527390
vt 0.531052 0.509430
vt 0.578872 0.507669
vt 0.231518 0.372910
vt 0.615518 0.508021
vt 0.631738 0.474096
vt 0.083614 0.244137
vt 0.624409 0.447215
vt 0.489120 0.414230
vt 0.488519 0.415051
vt 0.487558 0.414699
vt 0.488759 0.413643
vt 0.314182 0.433950
vt 0.301085 0.437120
vt 0.661655 0.338398
vt 0.662496 0.339572
vt 0.662376 0.339689
vt 0.661415 0.338398
vt 0.276094 0.529620
vt 0.277776 0.528798
vt 0.181296 0.495695
vt 0.164234 0.487948
vt 0.302166 0.441346
vt 0.117376 0.329477
vt 0.117376 0.330064
vt 0.100795 0.330533
vt 0.409821 0.161028
vt 0.639187 0.317504
vt 0.646276 0.323960
vt 0.158227 0.124286
vt 0.636544 0.320203
vt 0.643152 0.327951
vt 0.379063 0.384766
vt 0.300965 0.436650
vt 0.314061 0.433598
vt 0.262998 0.368919
vt 0.265641 0.367275
vt 0.266122 0.368566
vt 0.672229 0.331707
vt 0.671508 0.330299
vt 0.660334 0.461771
vt 0.681840 0.495461
vt 0.643032 0.424560
vt 0.564214 0.403313
vt 0.575388 0.361523
vt 0.287148 0.541476
vt 0.287508 0.541476
vt 0.663578 0.460128
vt 0.663818 0.460010
vt 0.530932 0.509664
vt 0.285946 0.490296
vt 0.257711 0.483839
vt 0.631978 0.474214
vt 0.628494 0.444163
vt 0.559408 0.404369
vt 0.559768 0.404369
vt 0.588965 0.434537
vt 0.654566 0.317621
vt 0.654687 0.317621
vt 0.251343 0.366219
vt 0.251824 0.366336
vt 0.250742 0.368684
vt 0.250382 0.368449
vt 0.650962 0.318090
vt 0.651322 0.315860
vt 0.635823 0.336637
vt 0.638106 0.336755
vt 0.637145 0.339337
vt 0.490682 0.510486
vt 0.455598 0.520816
vt 0.455478 0.520464
vt 0.657931 0.331590
vt 0.658411 0.332764
vt 0.679438 0.496987
vt 0.699262 0.527624
vt 0.657811 0.462945
vt 0.633660 0.336755
vt 0.631858 0.336990
vt 0.530932 0.511895
vt 0.649040 0.325486
vt 0.648799 0.325368
vt 0.652884 0.392396
vt 0.650602 0.392513
vt 0.639788 0.333351
vt 0.490321 0.508256
vt 0.531893 0.502856
vt 0.612634 0.351076
vt 0.639548 0.363401
vt 0.580434 0.366571
vt 0.041801 0.286514
vt 0.076164 0.279470
vt 0.076885 0.280996
vt 0.042763 0.287922
vt 0.640148 0.425029
vt 0.637745 0.334172
vt 0.637745 0.333938
vt 0.286787 0.543824
vt 0.287869 0.541593
vt 0.287148 0.543824
vt 0.085176 0.263858
vt 0.635583 0.320908
vt 0.641951 0.328773
vt 0.563493 0.038242
vt 0.565535 0.027560
vt 0.626451 0.324899
vt 0.627773 0.324312
vt 0.631858 0.332059
vt 0.630176 0.332529
vt 0.630657 0.442637
vt 0.634381 0.474566
vt 0.578271 0.499217
vt 0.611913 0.501095
vt 0.655047 0.319147
vt 0.633540 0.331707
vt 0.631738 0.332294
vt 0.656969 0.328420
vt 0.657330 0.330181
vt 0.649400 0.316095
vt 0.659132 0.334407
vt 0.656489 0.326425
vt 0.685325 0.493230
vt 0.687247 0.492056
vt 0.707192 0.522225
vt 0.705029 0.523164
vt 0.653005 0.324781
vt 0.701305 0.525512
vt 0.631858 0.332412
vt 0.630176 0.332764
vt 0.630176 0.332646
vt 0.260715 0.300717
vt 0.650121 0.323725
vt 0.521080 0.382653
vt 0.518677 0.385000
vt 0.516995 0.384414
vt 0.462447 0.388052
vt 0.462086 0.386174
vt 0.464970 0.385000
vt 0.635823 0.334290
vt 0.637866 0.334407
vt 0.539823 0.343328
vt 0.536219 0.347672
vt 0.638106 0.336285
vt 0.638106 0.336520
vt 0.633780 0.334642
vt 0.080970 0.332529
vt 0.080610 0.330886
vt 0.100675 0.331120
vt 0.650121 0.328303
vt 0.648559 0.330064
vt 0.645675 0.331003
vt 0.256750 0.370445
vt 0.259153 0.368332
vt 0.542707 0.344972
vt 0.543308 0.345324
vt 0.539823 0.349432
vt 0.539222 0.349080
vt 0.647237 0.331942
vt 0.647117 0.331942
vt 0.633780 0.334524
vt 0.635703 0.334055
vt 0.652764 0.318443
vt 0.653245 0.316212
vt 0.658291 0.332998
vt 0.633540 0.331825
vt 0.640629 0.329594
vt 0.640749 0.329712
vt 0.637145 0.339455
vt 0.642071 0.329007
vt 0.642191 0.329242
vt 0.589085 0.434303
vt 0.632219 0.339455
vt 0.630657 0.339924
vt 0.629575 0.337577
vt 0.560129 0.404252
vt 0.647357 0.332059
vt 0.642912 0.311282
vt 0.237165 0.359880
vt 0.237045 0.359410
vt 0.640389 0.335346
vt 0.637866 0.334290
vt 0.656008 0.334407
vt 0.655047 0.332764
vt 0.270086 0.527507
vt 0.269966 0.527155
vt 0.650241 0.323842
vt 0.650361 0.321847
vt 0.575147 0.361406
vt 0.651923 0.324664
vt 0.650962 0.326542
vt 0.653846 0.327129
vt 0.647718 0.424207
vt 0.664058 0.459893
vt 0.650722 0.320086
vt 0.658892 0.334524
vt 0.632339 0.339572
vt 0.630777 0.340042
vt 0.249060 0.377136
vt 0.245936 0.378896
vt 0.249060 0.377018
vt 0.650001 0.423855
vt 0.665981 0.458954
vt 0.643152 0.392865
vt 0.277896 0.521873
vt 0.656849 0.336168
vt 0.624409 0.472923
vt 0.481911 0.438059
vt 0.482632 0.437707
vt 0.228394 0.261393
vt 0.557005 0.404956
vt 0.573465 0.359762
vt 0.366086 0.376549
vt 0.531293 0.342859
vt 0.535017 0.338985
vt 0.064630 0.354363
vt 0.044925 0.371384
vt 0.454397 0.518468
vt 0.455718 0.521051
vt 0.650602 0.323960
vt 0.230557 0.361406
vt 0.227794 0.363284
vt 0.225270 0.361406
vt 0.227674 0.359410
vt 0.261075 0.365867
vt 0.263478 0.363988
vt 0.280059 0.540537
vt 0.277055 0.540772
vt 0.276334 0.539715
vt 0.279578 0.540185
vt 0.663938 0.315391
vt 0.045646 0.292148
vt 0.044685 0.290740
vt 0.078808 0.285457
vt 0.273210 0.535020
vt 0.273811 0.537837
vt 0.495488 0.405660
vt 0.289431 0.533376
vt 0.231398 0.373027
vt 0.229596 0.370210
vt 0.229716 0.370092
vt 0.254467 0.364458
vt 0.671387 0.332177
vt 0.254347 0.364458
vt 0.272610 0.526803
vt 0.304089 0.280292
vt 0.666942 0.322199
vt 0.253866 0.367040
vt 0.253986 0.367158
vt 0.252184 0.369740
vt 0.252064 0.369740
vt 0.287268 0.531616
vt 0.287989 0.533963
vt 0.250142 0.371971
vt 0.247979 0.373966
vt 0.287268 0.536428
vt 0.241250 0.380775
vt 0.668864 0.324664
vt 0.239689 0.376079
vt 0.237526 0.374553
vt 0.237526 0.374436
vt 0.667543 0.320321
vt 0.488399 0.444280
vt 0.238367 0.384179
vt 0.241971 0.381948
vt 0.242332 0.382183
vt 0.234762 0.380540
vt 0.673911 0.334642
vt 0.672949 0.333233
vt 0.674031 0.334642
vt 0.286427 0.534198
vt 0.286066 0.532202
vt 0.285706 0.529737
vt 0.285826 0.529737
vt 0.259153 0.367979
vt 0.282582 0.526216
vt 0.284625 0.527390
vt 0.284024 0.528329
vt 0.282101 0.527155
vt 0.310096 0.465879
vt 0.222507 0.364106
vt 0.256630 0.370327
vt 0.672949 0.329594
vt 0.673670 0.331003
vt 0.248339 0.375375
vt 0.538261 0.468814
vt 0.535017 0.464471
vt 0.247378 0.372792
vt 0.664539 0.311282
vt 0.287508 0.546054
vt 0.286907 0.546054
vt 0.238006 0.373379
vt 0.062347 0.350019
vt 0.043003 0.367510
vt 0.042522 0.366101
vt 0.061266 0.348728
vt 0.284264 0.536311
vt 0.284745 0.534550
vt 0.285105 0.534550
vt 0.284625 0.536311
vt 0.242933 0.365632
vt 0.236925 0.370679
vt 0.235603 0.368449
vt 0.234522 0.380775
vt 0.645675 0.330886
vt 0.646637 0.332881
vt 0.238487 0.372558
vt 0.240409 0.373731
vt 0.242572 0.374084
vt 0.281501 0.528446
vt 0.279698 0.527624
vt 0.471578 0.385940
vt 0.467853 0.384179
vt 0.471097 0.384296
vt 0.281140 0.541593
vt 0.235724 0.372088
vt 0.236444 0.371266
vt 0.290031 0.536898
vt 0.288830 0.539363
vt 0.251824 0.363754
vt 0.251223 0.363636
vt 0.244855 0.373379
vt 0.246898 0.372088
vt 0.260474 0.370679
vt 0.257831 0.372440
vt 0.255308 0.374201
vt 0.075684 0.226060
vt 0.074002 0.226177
vt 0.021256 0.324781
vt 0.020775 0.324781
vt 0.672229 0.328303
vt 0.251463 0.361054
vt 0.344579 0.465645
vt 0.344579 0.466466
vt 0.326196 0.460362
vt 0.344940 0.461888
vt 0.344820 0.462358
vt 0.326196 0.460949
vt 0.344700 0.462945
vt 0.344579 0.467053
vt 0.285466 0.526451
vt 0.074723 0.158680
vt 0.074002 0.158798
vt 0.228755 0.325016
vt 0.206047 0.298017
vt 0.248820 0.370445
vt 0.304209 0.485131
vt 0.303849 0.484779
vt 0.302767 0.483722
vt 0.255428 0.374553
vt 0.529130 0.368097
vt 0.285586 0.526333
vt 0.263358 0.369623
vt 0.266362 0.369623
vt 0.220585 0.367510
vt 0.220344 0.368332
vt 0.299283 0.479379
vt 0.310937 0.467523
vt 0.297841 0.477853
vt 0.228274 0.372088
vt 0.281981 0.539363
vt 0.281741 0.539246
vt 0.283303 0.537837
vt 0.283543 0.537954
vt 0.166517 0.484426
vt 0.482632 0.423620
vt 0.485035 0.413760
vt 0.483353 0.423620
vt 0.184540 0.495813
vt 0.502216 0.451206
vt 0.184299 0.493230
vt 0.203644 0.494287
vt 0.203043 0.493113
vt 0.183578 0.491939
vt 0.201601 0.489709
vt 0.257110 0.486539
vt 0.528529 0.458249
vt 0.238487 0.380892
vt 0.235724 0.378544
vt 0.236565 0.376666
vt 0.668624 0.318208
vt 0.099954 0.335346
vt 0.116415 0.335581
vt 0.116294 0.337342
vt 0.099834 0.336872
vt 0.021857 0.324899
vt 0.075804 0.133560
vt 0.205085 0.493113
vt 0.229476 0.477970
vt 0.184059 0.488770
vt 0.248219 0.357884
vt 0.301325 0.485365
vt 0.302046 0.486892
vt 0.286187 0.488887
vt 0.286066 0.489474
vt 0.283303 0.525159
vt 0.280780 0.523516
vt 0.283423 0.524925
vt 0.282582 0.530324
vt 0.282462 0.530559
vt 0.281020 0.529737
vt 0.258312 0.481374
vt 0.149816 0.476327
vt 0.135158 0.464001
vt 0.136239 0.462827
vt 0.150778 0.475036
vt 0.492004 0.438294
vt 0.487438 0.434890
vt 0.488039 0.434420
vt 0.492364 0.437355
vt 0.964794 0.038712
vt 0.965515 0.053150
vt 0.300605 0.483370
vt 0.288469 0.489357
vt 0.281381 0.541711
vt 0.283303 0.540302
vt 0.078087 0.279588
vt 0.203403 0.493817
vt 0.184059 0.492761
vt 0.295799 0.310226
vt 0.305411 0.306469
vt 0.305531 0.307174
vt 0.296039 0.310930
vt 0.258792 0.479144
vt 0.258672 0.479731
vt 0.288349 0.490178
vt 0.037236 0.365632
vt 0.038557 0.364810
vt 0.258913 0.478675
vt 0.265160 0.295670
vt 0.276695 0.293087
vt 0.286547 0.483957
vt 0.530091 0.353658
vt 0.525645 0.358823
vt 0.524925 0.358471
vt 0.529370 0.353424
vt 0.483233 0.394391
vt 0.480709 0.396974
vt 0.479868 0.396504
vt 0.482271 0.393687
vt 0.338212 0.426790
vt 0.977169 0.264093
vt 0.394802 0.357884
vt 0.300965 0.484192
vt 0.234883 0.368919
vt 0.079769 0.287922
vt 0.080009 0.288509
vt 0.185741 0.487478
vt 0.302166 0.487361
vt 0.238968 0.378544
vt 0.287508 0.484896
vt 0.245215 0.375492
vt 0.242332 0.376314
vt 0.301085 0.484779
vt 0.285105 0.256228
vt 0.252064 0.375140
vt 0.183098 0.491939
vt 0.166277 0.484896
vt 0.182858 0.492761
vt 0.165916 0.485600
vt 0.182617 0.493348
vt 0.165676 0.485952
vt 0.546191 0.347789
vt 0.546792 0.348376
vt 0.542827 0.352485
vt 0.542346 0.351898
vt 0.258672 0.383592
vt 0.149456 0.476679
vt 0.154983 0.469753
vt 0.278978 0.542650
vt 0.672108 0.326894
vt 0.242332 0.376431
vt 0.155343 0.469401
vt 0.284865 0.540889
vt 0.140565 0.457780
vt 0.140925 0.457310
vt 0.229836 0.369975
vt 0.270807 0.528798
vt 0.289070 0.266323
vt 0.284384 0.289683
vt 0.276935 0.292383
vt 0.284024 0.290505
vt 0.235243 0.242494
vt 0.242332 0.239442
vt 0.235243 0.243198
vt 0.228755 0.260571
vt 0.291713 0.314099
vt 0.286307 0.297900
vt 0.292074 0.298017
vt 0.289431 0.265619
vt 0.237165 0.328890
vt 0.228274 0.325486
vt 0.237646 0.328420
vt 0.241371 0.380892
vt 0.245936 0.379014
vt 0.272730 0.531616
vt 0.965394 0.023686
vt 0.539823 0.467640
vt 0.538862 0.468345
vt 0.535618 0.464001
vt 0.536699 0.463532
vt 0.284384 0.257402
vt 0.252424 0.237798
vt 0.252785 0.237094
vt 0.284745 0.256815
vt 0.259633 0.312456
vt 0.236565 0.376549
vt 0.236685 0.376314
vt 0.232359 0.265502
vt 0.232239 0.266206
vt 0.239689 0.376197
vt 0.529610 0.457428
vt 0.523723 0.452497
vt 0.524324 0.451558
vt 0.530572 0.456723
vt 0.227073 0.271606
vt 0.227674 0.271253
vt 0.241971 0.240264
vt 0.235003 0.244020
vt 0.278016 0.299191
vt 0.249060 0.377253
vt 0.206167 0.286866
vt 0.244735 0.329477
vt 0.247138 0.372440
vt 0.249060 0.370562
vt 0.244254 0.329946
vt 0.205566 0.298487
vt 0.205566 0.287218
vt 0.208209 0.279470
vt 0.207608 0.279823
vt 0.219263 0.237329
vt 0.196194 0.255993
vt 0.196314 0.256580
vt 0.253145 0.376549
vt 0.260234 0.312104
vt 0.258312 0.319734
vt 0.244855 0.373849
vt 0.258913 0.319264
vt 0.541265 0.466819
vt 0.540544 0.467288
vt 0.537300 0.463180
vt 0.318747 0.299191
vt 0.309976 0.297665
vt 0.310096 0.296961
vt 0.318987 0.298604
vt 0.279939 0.526333
vt 0.279939 0.526451
vt 0.480109 0.410825
vt 0.479027 0.410591
vt 0.529010 0.457780
vt 0.222147 0.270080
vt 0.264560 0.296257
vt 0.222868 0.269140
vt 0.079529 0.281114
vt 0.304329 0.297665
vt 0.304209 0.296961
vt 0.522161 0.383005
vt 0.518797 0.385940
vt 0.518797 0.385353
vt 0.521560 0.382770
vt 0.324875 0.279705
vt 0.312499 0.280762
vt 0.312620 0.276184
vt 0.322232 0.275127
vt 0.233441 0.359997
vt 0.234642 0.359528
vt 0.307693 0.274775
vt 0.312620 0.275479
vt 0.307333 0.275362
vt 0.303969 0.296257
vt 0.302287 0.291444
vt 0.304449 0.279705
vt 0.193070 0.251180
vt 0.206407 0.250124
vt 0.193431 0.251650
vt 0.205686 0.255406
vt 0.195954 0.255406
vt 0.290632 0.290622
vt 0.302166 0.290857
vt 0.219263 0.265502
vt 0.218542 0.266088
vt 0.080850 0.264093
vt 0.207608 0.274188
vt 0.480469 0.403900
vt 0.277776 0.529150
vt 0.279458 0.529150
vt 0.206888 0.274423
vt 0.223468 0.380188
vt 0.494647 0.400613
vt 0.496329 0.402021
vt 0.311298 0.291679
vt 0.299764 0.271136
vt 0.294957 0.262332
vt 0.297361 0.268084
vt 0.294357 0.262567
vt 0.289911 0.265032
vt 0.310217 0.296257
vt 0.319468 0.298017
vt 0.235243 0.368566
vt 0.492604 0.401317
vt 0.494767 0.408126
vt 0.495488 0.408360
vt 0.495608 0.448037
vt 0.495488 0.451676
vt 0.211694 0.258576
vt 0.236685 0.370914
vt 0.241250 0.233455
vt 0.472659 0.409299
vt 0.476985 0.410591
vt 0.476264 0.412234
vt 0.471698 0.409065
vt 0.210973 0.239324
vt 0.322472 0.294144
vt 0.322832 0.293557
vt 0.242692 0.382535
vt 0.238247 0.385000
vt 0.206407 0.248598
vt 0.192830 0.250476
vt 0.480589 0.387348
vt 0.494406 0.381009
vt 0.495608 0.384296
vt 0.482752 0.390635
vt 0.292074 0.314804
vt 0.282101 0.527272
vt 0.227553 0.367979
vt 0.283423 0.542885
vt 0.282101 0.544763
vt 0.281861 0.544645
vt 0.231158 0.368332
vt 0.523483 0.377488
vt 0.523002 0.367040
vt 0.191989 0.235920
vt 0.200880 0.233807
vt 0.203884 0.238033
vt 0.191268 0.240616
vt 0.192109 0.235099
vt 0.200520 0.233220
vt 0.237406 0.374671
vt 0.214577 0.236038
vt 0.266842 0.301656
vt 0.242572 0.374436
vt 0.215058 0.235568
vt 0.240289 0.374084
vt 0.317906 0.308465
vt 0.309976 0.307291
vt 0.310096 0.306587
vt 0.317906 0.307643
vt 0.502457 0.443811
vt 0.495968 0.444398
vt 0.238247 0.372910
vt 0.496449 0.408830
vt 0.393000 0.356593
vt 0.491162 0.400378
vt 0.483473 0.396856
vt 0.519758 0.355771
vt 0.525165 0.349550
vt 0.525525 0.350137
vt 0.527688 0.445806
vt 0.527328 0.446511
vt 0.516514 0.441463
vt 0.516634 0.377723
vt 0.516514 0.366101
vt 0.488880 0.445102
vt 0.492604 0.399087
vt 0.493205 0.398969
vt 0.524684 0.348493
vt 0.524324 0.347907
vt 0.531172 0.456371
vt 0.531293 0.354128
vt 0.528289 0.444750
vt 0.074242 0.206574
vt 0.076284 0.225942
vt 0.073641 0.206691
vt 0.529851 0.368214
vt 0.078207 0.244372
vt 0.512910 0.453671
vt 0.524324 0.358119
vt 0.528769 0.353071
vt 0.528769 0.444163
vt 0.535618 0.449915
vt 0.535378 0.450619
vt 0.076765 0.225942
vt 0.535858 0.357650
vt 0.526006 0.350724
vt 0.523363 0.453202
vt 0.025701 0.325368
vt 0.023899 0.325134
vt 0.082412 0.337107
vt 0.065831 0.352954
vt 0.534537 0.452380
vt 0.524684 0.450854
vt 0.514712 0.446276
vt 0.518677 0.386526
vt 0.074843 0.206456
vt 0.075684 0.206339
vt 0.492724 0.437707
vt 0.495968 0.438176
vt 0.496209 0.438881
vt 0.492364 0.438176
vt 0.522642 0.377253
vt 0.076284 0.206222
vt 0.321871 0.274423
vt 0.518797 0.386996
vt 0.487438 0.444633
vt 0.517355 0.385235
vt 0.510386 0.385470
vt 0.484434 0.445572
vt 0.479868 0.439233
vt 0.480469 0.438881
vt 0.485275 0.445337
vt 0.484915 0.423620
vt 0.493686 0.412469
vt 0.491523 0.413173
vt 0.365966 0.376314
vt 0.086497 0.263271
vt 0.476624 0.424090
vt 0.481190 0.438411
vt 0.117256 0.330651
vt 0.484674 0.392865
vt 0.483953 0.392161
vt 0.484194 0.423620
vt 0.484314 0.394978
vt 0.481791 0.396974
vt 0.490081 0.411295
vt 0.492004 0.410004
vt 0.494767 0.411647
vt 0.493806 0.410943
vt 0.081211 0.205869
vt 0.033151 0.367979
vt 0.018973 0.324547
vt 0.034592 0.367275
vt 0.528529 0.388874
vt 0.524564 0.393100
vt 0.523843 0.392748
vt 0.528049 0.388287
vt 0.523002 0.392513
vt 0.521921 0.392278
vt 0.071959 0.206809
vt 0.479268 0.395565
vt 0.478427 0.398382
vt 0.481430 0.392983
vt 0.493445 0.398265
vt 0.499933 0.393570
vt 0.520599 0.394391
vt 0.512669 0.393804
vt 0.512669 0.392983
vt 0.520719 0.393687
vt 0.475062 0.424325
vt 0.475783 0.424207
vt 0.491763 0.398969
vt 0.486236 0.445102
vt 0.496689 0.386409
vt 0.046247 0.293087
vt 0.046728 0.293909
vt 0.490802 0.398500
vt 0.491162 0.396856
vt 0.483353 0.391339
vt 0.480830 0.412704
vt 0.479027 0.423855
vt 0.489841 0.397913
vt 0.490442 0.396504
vt 0.486236 0.412351
vt 0.488519 0.411060
vt 0.489841 0.409652
vt 0.474341 0.386409
vt 0.473020 0.384883
vt 0.481190 0.411060
vt 0.485395 0.393570
vt 0.486116 0.394039
vt 0.477826 0.387466
vt 0.480709 0.391926
vt 0.485275 0.395565
vt 0.460644 0.389461
vt 0.466051 0.397678
vt 0.463408 0.397326
vt 0.478787 0.394157
vt 0.480229 0.408712
vt 0.521080 0.392044
vt 0.489480 0.446159
vt 0.036275 0.366219
vt 0.035554 0.366688
vt 0.534897 0.451676
vt 0.541385 0.459071
vt 0.035073 0.367040
vt 0.545350 0.462945
vt 0.514592 0.448154
vt 0.514712 0.446980
vt 0.298202 0.478557
vt 0.503418 0.437002
vt 0.518076 0.439233
vt 0.043123 0.367979
vt 0.518677 0.355302
vt 0.517956 0.354950
vt 0.063669 0.351428
vt 0.043844 0.369036
vt 0.078207 0.263623
vt 0.026182 0.325368
vt 0.046007 0.292618
vt 0.364885 0.376666
vt 0.674391 0.332529
vt 0.675232 0.333938
vt 0.522281 0.366688
vt 0.379303 0.386174
vt 0.365606 0.377723
vt 0.039038 0.364575
vt 0.043484 0.368332
vt 0.036755 0.365984
vt 0.508945 0.379601
vt 0.514231 0.379014
vt 0.492845 0.437120
vt 0.495968 0.437589
vt 0.478306 0.406130
vt 0.479027 0.408126
vt 0.491883 0.438646
vt 0.491042 0.439350
vt 0.531893 0.354363
vt 0.498612 0.390752
vt 0.515433 0.366219
vt 0.514592 0.366453
vt 0.059704 0.345911
vt 0.502096 0.451910
vt 0.495608 0.452380
vt 0.486717 0.435242
vt 0.498852 0.391339
vt 0.479988 0.406599
vt 0.466532 0.399556
vt 0.463888 0.398735
vt 0.512429 0.391339
vt 0.338452 0.426555
vt 0.512549 0.392161
vt 0.520840 0.392748
vt 0.080610 0.330299
vt 0.080249 0.328186
vt 0.060425 0.345441
vt 0.080129 0.327716
vt 0.489961 0.446980
vt 0.490201 0.447802
vt 0.282702 0.525981
vt 0.283063 0.525394
vt 0.284865 0.530442
vt 0.283303 0.529385
vt 0.515553 0.378192
vt 0.532013 0.361641
vt 0.492604 0.436650
vt 0.492965 0.436181
vt 0.514832 0.378427
vt 0.228875 0.470810
vt 0.259393 0.476679
vt 0.076765 0.279001
vt 0.076525 0.263623
vt 0.490201 0.451558
vt 0.477465 0.386644
vt 0.480229 0.386761
vt 0.480830 0.447332
vt 0.476384 0.440759
vt 0.532975 0.379366
vt 0.476744 0.409065
vt 0.475783 0.407421
vt 0.101276 0.328068
vt 0.520479 0.395096
vt 0.512789 0.394626
vt 0.500054 0.394274
vt 0.081811 0.205869
vt 0.494166 0.380305
vt 0.460644 0.396035
vt 0.460885 0.396974
vt 0.458962 0.391691
vt 0.458722 0.390752
vt 0.460404 0.387935
vt 0.116415 0.334994
vt 0.476264 0.405778
vt 0.475183 0.406013
vt 0.117376 0.327481
vt 0.328119 0.437355
vt 0.315383 0.440524
vt 0.283904 0.528446
vt 0.285706 0.529855
vt 0.281981 0.527272
vt 0.282582 0.526098
vt 0.284745 0.538541
vt 0.229716 0.365749
vt 0.269005 0.530442
vt 0.269005 0.533846
vt 0.141286 0.456841
vt 0.155704 0.468931
vt 0.275133 0.538307
vt 0.275734 0.538776
vt 0.268164 0.521168
vt 0.281741 0.544528
vt 0.275013 0.531381
vt 0.279218 0.534550
vt 0.279338 0.539833
vt 0.281260 0.541711
vt 0.284264 0.545702
vt 0.294116 0.542180
vt 0.291473 0.533963
vt 0.279338 0.543119
vt 0.279218 0.542885
vt 0.289310 0.533494
vt 0.284625 0.532907
vt 0.283784 0.531498
vt 0.289190 0.521168
vt 0.266963 0.531733
vt 0.344459 0.467640
vt 0.201721 0.348376
vt 0.229235 0.358119
vt 0.284504 0.545819
vt 0.276214 0.529972
vt 0.229596 0.357650
vt 0.671757 0.092654
vt 0.931432 0.093295
vt 0.927728 0.096872
vt 0.674892 0.095715
vt 0.950279 0.218576
vt 0.950464 0.081425
vt 0.954832 0.077024
vt 0.955056 0.222653
vt 0.683367 0.194665
vt 0.682975 0.103904
vt 0.693575 0.108372
vt 0.694846 0.190524
vt 0.661834 0.086255
vt 0.661749 0.212579
vt 0.659102 0.213649
vt 0.659210 0.085168
vt 0.675349 0.202569
vt 0.928184 0.203692
vt 0.931318 0.206752
vt 0.671644 0.206147
vt 0.941238 0.213150
vt 0.941325 0.086865
vt 0.943972 0.085795
vt 0.943862 0.214237
vt 0.980005 0.061417
vt 0.622684 0.060868
vt 0.609748 0.050064
vt 0.991955 0.050108
vt 0.623098 0.238028
vt 0.611146 0.249338
vt 0.967530 0.069100
vt 0.635133 0.068579
vt 0.633285 0.067838
vt 0.969408 0.068352
vt 0.652756 0.080767
vt 0.647976 0.076690
vt 0.909506 0.191039
vt 0.698273 0.185740
vt 0.904848 0.187484
vt 0.635576 0.230343
vt 0.633697 0.231091
vt 0.980419 0.238536
vt 0.993353 0.249338
vt 0.967972 0.230827
vt 0.969820 0.231568
vt 0.665459 0.210957
vt 0.937602 0.211488
vt 0.668722 0.208758
vt 0.934310 0.209319
vt 0.668764 0.090087
vt 0.665471 0.087918
vt 0.934354 0.090685
vt 0.937615 0.088487
vt 0.652575 0.218079
vt 0.648203 0.222481
vt 0.640330 0.228311
vt 0.963299 0.228748
vt 0.644464 0.225638
vt 0.958986 0.225959
vt 0.644044 0.073383
vt 0.639728 0.070592
vt 0.958569 0.073868
vt 0.962701 0.071197
vt 0.654643 0.216206
vt 0.948152 0.216750
vt 0.656884 0.214648
vt 0.946032 0.215264
vt 0.657039 0.084140
vt 0.654885 0.082594
vt 0.946189 0.084797
vt 0.948397 0.083297
vt 0.677789 0.098584
vt 0.678095 0.199840
vt 0.680462 0.101340
vt 0.680827 0.197179
vt 0.924982 0.099601
vt 0.922251 0.102261
vt 0.919712 0.104775
vt 0.925288 0.200824
vt 0.922616 0.198069
vt 0.920103 0.195505
vt 0.626493 0.235053
vt 0.976890 0.235638
vt 0.630096 0.232675
vt 0.973355 0.233194
vt 0.629749 0.066211
vt 0.626213 0.063767
vt 0.973008 0.066768
vt 0.976611 0.064391
vt 0.908235 0.108913
vt 0.698233 0.111928
vt 0.904810 0.113697
s 1
usemtl Material.001
f 55/1/1 56/2/2 54/3/3 53/4/4
f 53/4/4 54/3/3 52/5/5 51/6/5
f 38/7/6 40/8/7 39/9/8 37/10/6
f 3418/11/9 3419/12/10 3421/13/11 3420/14/12
f 19/15/13 20/16/13 18/17/14 17/18/15
f 811/19/16 818/20/17 812/21/18 804/22/19
f 64/23/20 66/24/21 65/25/22 63/26/23
f 486/27/24 505/28/25 487/29/26 481/30/27
f 49/31/28 50/32/28 48/33/29 47/34/30
f 15/35/31 16/36/31 14/37/32 13/38/33
f 45/39/34 46/40/34 44/41/35 43/42/35
f 114/43/36 113/44/37 134/45/38 133/46/39
f 47/34/30 48/33/29 46/40/34 45/39/34
f 59/47/40 62/48/41 61/49/41 60/50/40
f 6/51/42 8/52/43 7/53/44 5/54/42
f 27/55/45 28/56/45 26/57/46 25/58/46
f 32/59/47 34/60/48 33/61/48 31/62/49
f 34/60/48 36/63/50 35/64/50 33/61/48
f 17/18/15 18/17/14 16/36/31 15/35/31
f 3521/65/51 3519/66/52 3420/14/12 3421/13/11
f 541/67/53 813/68/54 555/69/55 543/70/56
f 11/71/57 12/72/58 10/73/59 9/74/59
f 13/38/33 14/37/32 12/72/58 11/71/57
f 21/75/60 22/76/61 20/16/13 19/15/13
f 30/77/62 32/59/47 31/62/49 29/78/62
f 59/47/40 60/50/40 58/79/63 57/80/63
f 9/74/59 10/73/59 7/53/44 8/52/43
f 23/81/64 24/82/64 22/76/61 21/75/60
f 43/42/35 44/41/35 42/83/65 41/84/66
f 36/63/50 38/7/6 37/10/6 35/64/50
f 41/84/66 42/83/65 39/9/8 40/8/7
f 57/80/63 58/79/63 56/2/2 55/1/1
f 62/48/41 64/23/20 63/26/23 61/49/41
f 3472/85/67 3527/86/68 3526/87/69 3473/88/70
f 3473/88/70 3526/87/69 3525/89/71 3474/90/72
f 1124/91/73 1125/92/74 1119/93/75 1120/94/76
f 3392/95/77 3400/96/78 3401/97/79 3393/98/80
f 3391/99/81 3399/100/82 3400/96/78 3392/95/77
f 120/101/83 121/102/84 92/103/85 93/104/86
f 121/102/84 120/101/83 127/105/87 126/106/88
f 3519/66/52 3518/107/89 3506/108/90 3522/109/91
f 1177/110/92 1171/111/93 1172/112/94 1176/113/95
f 3423/114/96 3435/115/97 3436/116/98 3422/117/99
f 3406/118/100 3408/119/101 3409/120/102 3407/121/103
f 3509/122/104 3511/123/105 3512/124/106 3510/125/107
f 2004/126/108 2005/127/109 1991/128/110 1993/129/111
f 119/130/112 120/101/83 93/104/86 94/131/113
f 1214/132/114 1215/133/115 1213/134/116 1212/135/117
f 3414/136/118 3526/87/69 3527/86/68 3413/137/119
f 421/138/120 420/139/121 433/140/122 432/141/123
f 1894/142/124 1895/143/125 1655/144/126 1657/145/127
f 358/146/128 357/147/129 366/148/130 365/149/128
f 595/150/131 597/151/132 613/152/133 612/153/134
f 2902/154/135 2900/155/136 2903/156/137 2919/157/138
f 2359/158/139 2367/159/140 2391/160/141 2390/161/142
f 86/162/143 85/163/144 94/131/113 93/104/86
f 351/164/145 350/165/146 373/166/146 372/167/147
f 2816/168/148 2805/169/149 2804/170/150 2817/171/151
f 417/172/152 416/173/153 437/174/154 436/175/155
f 3407/121/103 3527/86/68 3472/85/67 3405/176/156
f 118/177/157 119/130/112 94/131/113 95/178/158
f 2420/179/159 2421/180/160 2439/181/161 2457/182/162
f 154/183/163 155/184/164 126/106/88 127/105/87
f 155/184/164 154/183/163 161/185/165 160/186/166
f 3384/187/167 3383/188/168 3382/189/169 3390/190/170
f 3411/191/171 3412/192/172 3413/137/119 3409/120/102
f 153/193/173 154/183/163 127/105/87 128/194/174
f 805/195/175 811/19/16 804/22/19 795/196/176
f 352/197/177 353/198/178 336/199/179 337/200/180
f 115/201/181 116/202/182 97/203/183 98/204/184
f 813/68/54 812/21/18 818/20/17 555/69/55
f 320/205/185 319/206/186 336/199/179 335/207/187
f 354/208/188 355/209/189 334/210/190 335/207/187
f 357/147/129 358/146/128 331/211/191 332/212/192
f 110/213/193 111/214/194 102/215/195 103/216/196
f 2716/217/197 2707/218/198 2717/219/199 2731/220/200
f 359/221/201 360/222/202 328/223/203 330/224/204
f 122/225/205 123/226/206 91/227/207 90/228/208
f 3420/14/12 3519/66/52 3522/109/91 3523/229/209
f 122/225/205 121/102/84 126/106/88 124/230/210
f 3416/231/211 3525/89/71 3526/87/69 3414/136/118
f 321/232/212 320/205/185 335/207/187 334/210/190
f 105/233/213 109/234/214 104/235/215 73/236/216
f 322/237/217 323/238/218 298/239/219 299/240/220
f 321/232/212 322/237/217 299/240/220 300/241/221
f 1269/242/222 1273/243/223 1272/244/224 1268/245/225
f 117/246/226 116/202/182 131/247/227 130/248/228
f 118/177/157 117/246/226 130/248/228 129/249/229
f 2030/250/230 2032/251/231 2031/252/232 2029/253/233
f 154/183/163 153/193/173 162/254/234 161/185/165
f 189/255/235 188/256/236 195/257/237 194/258/238
f 3517/259/239 3528/260/240 3515/261/241 3516/262/242
f 3420/14/12 3523/229/209 3524/263/243 3418/11/9
f 3499/264/244 3507/265/245 3508/266/246 3500/267/247
f 2026/268/248 1779/269/249 1780/270/250 1807/271/251
f 150/272/252 151/273/253 130/248/228 131/247/227
f 1296/274/254 1306/275/255 1297/276/256 1295/277/257
f 112/278/258 113/44/37 100/279/259 101/280/260
f 147/281/261 148/282/262 133/46/39 134/45/38
f 146/283/263 147/281/261 134/45/38 135/284/264
f 2286/285/265 2284/286/266 2283/287/267 2287/288/268
f 144/289/269 145/290/270 136/291/271 137/292/272
f 281/293/273 282/294/274 271/295/275 272/296/276
f 2256/297/277 2088/298/278 2087/299/279 2270/300/280
f 74/301/281 105/233/213 73/236/216 72/302/282
f 155/184/164 156/303/283 124/230/210 126/106/88
f 443/304/284 444/305/285 442/306/286 441/307/287
f 156/303/283 155/184/164 160/186/166 158/308/288
f 3488/309/289 3494/310/290 3495/311/291 3489/312/292
f 3404/313/293 3406/118/100 3407/121/103 3405/176/156
f 143/314/294 171/315/295 144/289/269 138/316/296
f 146/283/263 145/290/270 170/317/297 169/318/298
f 147/281/261 146/283/263 169/318/298 168/319/299
f 148/282/262 147/281/261 168/319/299 167/320/300
f 250/321/301 251/322/302 234/323/303 235/324/304
f 2249/325/305 2261/326/306 2262/327/307 2248/328/308
f 152/329/309 151/273/253 164/330/310 163/331/311
f 220/332/312 219/333/313 232/334/314 231/335/315
f 477/336/316 452/337/317 454/338/318 476/339/319
f 2117/340/320 2118/341/321 2116/342/322 2115/343/323
f 222/344/324 223/345/325 194/258/238 195/257/237
f 223/345/325 222/344/324 229/346/326 228/347/327
f 2246/348/328 2244/349/329 2243/350/330 2247/351/331
f 1023/352/332 1022/353/333 1047/354/334 1046/355/335
f 561/356/336 562/357/337 549/358/338 550/359/339
f 187/360/340 186/361/341 197/362/342 196/363/343
f 451/364/344 452/337/317 450/365/345 449/366/346
f 184/367/347 185/368/348 164/330/310 165/369/349
f 183/370/350 184/367/347 165/369/349 166/371/351
f 278/372/352 309/373/353 277/374/354 276/375/355
f 181/376/356 182/377/357 167/320/300 168/319/299
f 2612/378/358 2595/379/359 2613/380/360 2632/381/361
f 178/382/362 179/383/363 170/317/297 171/315/295
f 549/358/338 488/384/364 487/29/26 548/385/365
f 190/386/366 191/387/367 159/388/368 158/308/288
f 2634/389/369 2611/390/370 2633/391/371 2648/392/372
f 3366/393/373 3370/394/374 3371/395/375 3365/396/376
f 3455/397/377 3450/398/378 3460/399/379 3458/400/380
f 82/401/381 81/402/382 98/204/184 97/203/183
f 1739/403/383 1737/404/384 1734/405/385 1732/406/386
f 3021/407/387 3023/408/388 3025/409/389 3024/410/390
f 1515/411/391 1552/412/392 1514/413/393 1511/414/394
f 3438/415/395 3446/416/396 3448/417/397 3447/418/398
f 2791/419/399 2800/420/400 2801/421/401 2790/422/402
f 181/376/356 180/423/403 203/424/404 202/425/405
f 185/368/348 184/367/347 199/426/406 198/427/407
f 186/361/341 185/368/348 198/427/407 197/362/342
f 222/344/324 221/428/408 230/429/409 229/346/326
f 1274/430/410 1279/431/411 1278/432/412 1273/243/223
f 2550/433/413 2549/434/414 2552/435/415 2551/436/416
f 257/437/417 256/438/418 263/439/419 262/440/420
f 244/441/421 275/442/422 243/443/423 242/444/424
f 3503/445/425 3476/446/426 3504/447/427 3505/448/428
f 255/449/429 256/438/418 229/346/326 230/429/409
f 221/428/408 220/332/312 231/335/315 230/429/409
f 3491/450/430 3498/451/431 3493/452/432 3492/453/433
f 219/333/313 220/332/312 197/362/342 198/427/407
f 218/454/434 219/333/313 198/427/407 199/426/406
f 324/455/435 323/238/218 332/212/192 331/211/191
f 214/456/436 215/457/437 202/425/405 203/424/404
f 2151/458/438 2156/459/439 2150/460/440 2139/461/441
f 1210/462/442 1211/463/443 1209/464/444 1208/465/445
f 206/466/446 212/467/447 205/468/448 177/469/449
f 2931/470/450 2917/471/451 2916/472/452 2932/473/453
f 223/345/325 224/474/454 192/475/455 194/258/238
f 290/476/456 289/477/457 298/239/219 297/478/458
f 3500/267/247 3508/266/246 3509/122/104 3496/479/459
f 3378/480/460 3392/95/77 3393/98/80 3377/481/461
f 548/385/365 547/482/462 550/359/339 549/358/338
f 213/483/463 212/467/447 239/484/464 238/485/465
f 214/456/436 213/483/463 238/485/465 237/486/466
f 215/457/437 214/456/436 237/486/466 236/487/467
f 216/488/468 215/457/437 236/487/467 235/324/304
f 182/377/357 183/370/350 166/371/351 167/320/300
f 2324/489/469 2335/490/470 2327/491/471 2325/492/472
f 1511/414/394 1514/413/393 1510/493/473 1509/494/474
f 802/495/475 815/496/476 801/497/477 798/498/478
f 256/438/418 255/449/429 264/499/479 263/439/419
f 3384/187/167 3385/500/480 3386/501/481 3383/188/168
f 290/476/456 291/502/482 262/440/420 263/439/419
f 2582/503/483 2589/504/484 2590/505/485 2581/506/486
f 3383/188/168 3386/501/481 3391/99/81 3380/507/487
f 1292/508/488 1300/509/489 1290/510/490 1285/511/491
f 3359/512/492 3375/513/493 3376/514/494 3395/515/495
f 255/449/429 254/516/496 265/517/497 264/499/479
f 758/518/498 759/519/499 740/520/500 741/521/501
f 251/322/302 252/522/502 233/523/503 234/323/303
f 328/223/203 329/524/504 327/525/505 326/526/506
f 249/527/507 250/321/301 235/324/304 236/487/467
f 247/528/508 248/529/509 237/486/466 238/485/465
f 240/530/510 246/531/511 239/484/464 211/532/512
f 208/533/513 209/534/514 207/535/515 176/536/516
f 258/537/517 259/538/518 227/539/519 226/540/520
f 1153/541/521 1131/542/522 1130/543/523 1144/544/524
f 258/537/517 257/437/417 262/440/420 260/545/525
f 3377/481/461 3374/546/526 3379/547/527 3378/480/460
f 3397/548/528 3398/549/529 3359/512/492 3395/515/495
f 315/550/530 316/551/531 305/552/532 306/553/533
f 1381/554/534 1382/555/535 1380/556/536 1379/557/537
f 1239/558/538 1240/559/539 1238/560/540 1237/561/541
f 247/528/508 246/531/511 273/562/542 272/296/276
f 248/529/509 247/528/508 272/296/276 271/295/275
f 250/321/301 249/527/507 270/563/543 269/564/544
f 351/164/145 352/197/177 337/200/180 338/565/545
f 252/522/502 251/322/302 268/566/546 267/567/547
f 2547/568/548 2548/569/549 2528/570/550 2529/571/551
f 1323/572/552 1339/573/553 1322/574/554 1312/575/555
f 2991/576/556 2970/577/557 2969/578/558 2992/579/559
f 288/580/560 289/477/457 264/499/479 265/517/497
f 156/303/283 157/581/561 125/582/562 124/230/210
f 3380/507/487 3391/99/81 3392/95/77 3378/480/460
f 2895/583/563 2896/584/564 2898/585/565 2897/586/566
f 2919/157/138 2903/156/137 2918/587/567 2929/588/568
f 287/589/569 288/580/560 265/517/497 266/590/570
f 286/591/571 287/589/569 266/590/570 267/567/547
f 285/592/572 286/591/571 267/567/547 268/566/546
f 283/593/573 284/594/574 269/564/544 270/563/543
f 678/595/575 679/596/576 636/597/577 637/598/578
f 1136/599/579 1137/600/580 1100/601/581 1101/602/582
f 243/443/423 274/603/583 245/604/584 241/605/585
f 291/502/482 292/606/586 260/545/525 262/440/420
f 292/606/586 291/502/482 296/607/587 294/608/588
f 350/165/146 349/609/589 374/610/590 373/166/146
f 79/611/591 78/612/592 101/280/260 100/279/259
f 183/370/350 182/377/357 201/613/593 200/614/594
f 586/615/595 587/616/596 609/617/597 608/618/598
f 224/474/454 223/345/325 228/347/327 226/540/520
f 279/619/599 307/620/600 280/621/601 274/603/583
f 281/293/273 280/621/601 307/620/600 306/553/533
f 2610/622/602 2597/623/603 2611/390/370 2634/389/369
f 283/593/573 282/294/274 305/552/532 304/624/604
f 284/594/574 283/593/573 304/624/604 303/625/605
f 2/626/606 4/627/607 3/628/607 1/629/606
f 2726/630/608 2739/631/609 2734/632/610 2727/633/611
f 287/589/569 286/591/571 301/634/612 300/241/221
f 2089/635/613 2088/298/278 2256/297/277 2254/636/614
f 3353/637/615 3354/638/616 3356/639/617 3355/640/618
f 119/130/112 118/177/157 129/249/229 128/194/174
f 124/230/210 125/582/562 123/226/206 122/225/205
f 358/146/128 359/221/201 330/224/204 331/211/191
f 1944/641/619 1945/642/620 1931/643/621 1932/644/622
f 604/645/623 605/646/624 582/647/625 583/648/626
f 3470/649/627 3468/650/628 3467/651/629 3471/652/630
f 111/214/194 112/278/258 101/280/260 102/215/195
f 2973/653/631 2959/654/632 2972/655/633 2988/656/634
f 320/205/185 321/232/212 300/241/221 301/634/612
f 317/657/635 318/658/636 303/625/605 304/624/604
f 112/278/258 111/214/194 136/291/271 135/284/264
f 314/659/637 315/550/530 306/553/533 307/620/600
f 109/234/214 137/292/272 110/213/193 104/235/215
f 277/374/354 308/660/638 279/619/599 275/442/422
f 276/375/355 277/374/354 275/442/422 244/441/421
f 326/526/506 327/525/505 295/661/639 294/608/588
f 1067/662/640 1068/663/641 1045/664/642 1046/355/335
f 326/526/506 325/665/643 330/224/204 328/223/203
f 3462/666/644 3469/667/645 3458/400/380 3460/399/379
f 3511/123/105 3509/122/104 3508/266/246 3516/262/242
f 3340/668/646 3341/669/647 3343/670/648 3342/671/649
f 313/672/650 341/673/651 314/659/637 308/660/638
f 316/551/531 315/550/530 340/674/652 339/675/653
f 317/657/635 316/551/531 339/675/653 338/565/545
f 318/658/636 317/657/635 338/565/545 337/200/180
f 2212/676/654 2197/677/655 2213/677/656 2246/348/328
f 116/202/182 117/246/226 96/678/657 97/203/183
f 294/608/588 295/661/639 293/679/658 292/606/586
f 322/237/217 321/232/212 334/210/190 333/680/659
f 356/681/660 357/147/129 332/212/192 333/680/659
f 380/682/661 411/683/662 379/684/663 378/685/664
f 3339/686/665 3338/687/666 3341/669/647 3340/668/646
f 392/688/667 393/689/668 364/690/669 365/149/128
f 393/689/668 392/688/667 399/691/670 398/692/668
f 3430/693/671 3431/694/672 3432/695/673 3429/696/674
f 410/697/675 413/698/676 409/699/677 381/700/678
f 3430/693/671 3429/696/674 3428/701/171 3441/702/679
f 419/703/680 418/704/681 435/705/682 434/706/683
f 353/198/178 354/208/188 335/207/187 336/199/179
f 310/707/684 311/708/685 309/373/353 278/372/352
f 342/709/686 348/710/687 341/673/651 313/672/650
f 148/282/262 149/711/688 132/712/689 133/46/39
f 349/609/589 350/165/146 339/675/653 340/674/652
f 348/710/687 349/609/589 340/674/652 341/673/651
f 2248/328/308 2262/327/307 2263/713/690 2247/351/331
f 311/708/685 342/709/686 313/672/650 309/373/353
f 360/222/202 361/714/691 329/524/504 328/223/203
f 3427/715/692 3428/701/171 3429/696/674 3426/716/693
f 3120/717/694 3136/718/695 3137/719/696 3135/720/697
f 3432/695/673 3433/721/698 3426/716/693 3429/696/674
f 3366/393/373 3367/722/699 3369/723/700 3368/724/701
f 1330/725/702 1332/726/703 1331/727/704 1329/728/705
f 3450/398/378 3449/729/706 3461/730/707 3460/399/379
f 312/731/708 343/732/685 311/708/685 310/707/684
f 78/612/592 77/733/709 102/215/195 101/280/260
f 3513/734/710 3511/123/105 3516/262/242 3515/261/241
f 3013/735/711 3026/736/712 3017/737/713 3011/738/714
f 85/163/144 84/739/715 95/178/158 94/131/113
f 1135/740/716 1134/741/717 1150/742/718 1149/743/719
f 1873/744/720 1874/745/721 2025/746/722 2024/747/723
f 1827/748/724 1840/749/725 1829/750/726 1828/751/727
f 3493/452/432 3500/267/247 3496/479/459 3494/310/290
f 387/752/728 388/753/729 369/754/524 370/755/521
f 392/688/667 391/756/730 400/757/731 399/691/670
f 3337/758/732 3338/687/666 3339/686/665 3336/759/733
f 379/684/663 410/697/675 381/700/678 377/760/734
f 3464/761/735 3468/650/628 3469/667/645 3462/666/644
f 1201/762/736 1241/763/737 1239/558/538 1202/764/738
f 3326/765/739 3327/766/740 3325/767/741 3365/396/376
f 422/768/742 423/769/743 399/691/670 400/757/731
f 479/770/744 448/771/745 450/365/345 478/772/746
f 3327/766/740 3326/765/739 3329/773/747 3328/774/748
f 1904/775/749 1908/776/750 1907/777/751 1638/778/752
f 390/779/753 391/756/730 366/148/130 367/780/660
f 388/753/729 387/752/728 404/781/754 403/782/755
f 344/783/756 345/784/757 343/732/685 312/731/708
f 384/785/758 385/786/759 372/167/147 373/166/146
f 383/787/760 384/785/758 373/166/146 374/610/590
f 382/788/761 383/787/760 374/610/590 375/789/762
f 376/790/763 382/788/761 375/789/762 347/791/764
f 345/784/757 376/790/763 347/791/764 343/732/685
f 393/689/668 394/792/765 362/793/766 364/690/669
f 417/172/152 418/704/681 404/781/754 405/794/767
f 416/173/153 417/172/152 405/794/767 406/795/768
f 414/796/769 415/797/770 407/798/771 408/799/772
f 3328/774/748 3329/773/747 3331/800/773 3330/801/774
f 3361/802/775 3333/803/776 3331/800/773 3362/804/777
f 396/805/765 397/806/778 395/807/778 394/792/765
f 3436/116/98 3445/808/779 3446/416/396 3438/415/395
f 384/785/758 383/787/760 408/799/772 407/798/771
f 390/779/753 389/809/780 402/810/781 401/811/782
f 484/812/783 479/770/744 478/772/746 483/813/784
f 383/787/760 382/788/761 409/699/677 408/799/772
f 377/760/734 381/700/678 376/790/763 345/784/757
f 385/786/759 384/785/758 407/798/771 406/795/768
f 386/814/785 385/786/759 406/795/768 405/794/767
f 394/792/765 393/689/668 398/692/668 396/805/765
f 389/809/780 388/753/729 403/782/755 402/810/781
f 563/815/786 562/357/337 565/816/787 564/817/788
f 421/138/120 422/768/742 400/757/731 401/811/782
f 3334/818/789 3335/819/790 3337/758/732 3336/759/733
f 3370/394/374 3388/820/791 3389/821/792 3371/395/375
f 2132/822/793 2127/823/794 2135/824/795 2134/825/796
f 153/193/173 152/329/309 163/331/311 162/254/234
f 3364/826/797 3372/827/798 3373/828/799 3363/829/800
f 3401/97/79 3474/90/72 3475/830/801 3402/831/802
f 420/139/121 421/138/120 401/811/782 402/810/781
f 419/703/680 420/139/121 402/810/781 403/782/755
f 418/704/681 419/703/680 403/782/755 404/781/754
f 423/769/743 424/832/803 398/692/668 399/691/670
f 394/792/765 395/807/778 363/833/804 362/793/766
f 389/809/780 390/779/753 367/780/660 368/834/805
f 385/786/759 386/814/785 371/835/806 372/167/147
f 346/836/807 377/760/734 345/784/757 344/783/756
f 413/698/676 414/796/769 408/799/772 409/699/677
f 388/753/729 389/809/780 368/834/805 369/754/524
f 378/685/664 379/684/663 377/760/734 346/836/807
f 425/837/808 426/838/809 397/806/778 396/805/765
f 1468/839/810 1470/840/811 1458/841/812 1460/842/813
f 2637/843/814 2636/844/815 2642/845/816 2640/846/817
f 3376/514/494 3375/513/493 3374/546/526 3377/481/461
f 3422/117/99 3436/116/98 3438/415/395 3437/847/818
f 362/793/766 363/833/804 361/714/691 360/222/202
f 81/402/382 80/848/819 99/849/820 98/204/184
f 359/221/201 358/146/128 365/149/128 364/690/669
f 84/739/715 83/850/821 96/678/657 95/178/158
f 416/173/153 415/797/770 438/851/822 437/174/154
f 427/852/823 428/853/824 426/838/809 425/837/808
f 425/837/808 424/832/803 429/854/825 427/852/823
f 423/769/743 422/768/742 431/855/826 430/856/827
f 253/857/828 252/522/502 267/567/547 266/590/570
f 677/858/829 676/859/830 684/860/831 683/861/832
f 3439/862/833 3437/847/818 3438/415/395 3447/418/398
f 903/863/834 902/864/835 907/865/836 904/866/837
f 605/646/624 606/867/838 581/868/839 582/647/625
f 757/869/840 756/870/841 764/871/842 763/872/843
f 995/873/844 993/874/845 1004/875/846 1003/876/847
f 3439/862/833 3455/397/377 3456/877/848 3440/878/849
f 709/879/850 682/880/851 683/861/832 708/881/852
f 1087/882/853 1088/883/854 1082/884/855 1083/885/856
f 1131/542/522 1132/886/857 1105/887/858 1106/888/859
f 2925/889/860 2926/890/861 2940/891/862 2939/892/863
f 429/893/825 430/894/827 612/153/134 613/152/133
f 349/609/589 348/710/687 375/789/762 374/610/590
f 2992/579/559 2968/895/864 2993/896/865 3002/897/866
f 2225/898/867 2241/899/868 2242/900/869 2222/901/870
f 1495/902/871 1496/903/872 1494/904/873 1493/905/874
f 2254/636/614 2255/906/875 2090/907/876 2089/635/613
f 2055/908/877 2060/909/878 2054/910/879 2053/911/880
f 670/912/881 669/913/882 691/914/883 690/915/884
f 3268/916/885 3269/917/886 3271/918/887 3270/919/888
f 2983/920/889 3065/921/890 3066/922/891 3001/923/892
f 562/357/337 561/356/336 566/924/893 565/816/787
f 3130/925/894 3105/926/895 3104/927/896 3131/928/897
f 211/532/512 239/484/464 212/467/447 206/466/446
f 793/929/898 805/195/175 795/196/176 791/930/899
f 1114/931/900 1115/932/901 1113/932/902 1058/933/903
f 2546/934/904 2556/935/905 2542/936/906 2555/937/907
f 207/535/515 211/532/512 206/466/446 175/938/908
f 776/939/909 787/940/910 775/941/911 774/942/912
f 775/941/911 767/943/913 768/944/914 774/942/912
f 817/945/915 536/946/916 761/947/917 762/948/918
f 754/949/919 753/950/920 767/943/913 766/951/921
f 756/870/841 755/952/922 765/953/923 764/871/842
f 3126/954/924 3109/955/925 3108/956/926 3127/957/927
f 1116/958/928 1121/959/929 1115/932/901 1114/931/900
f 3439/862/833 3440/878/849 3421/13/11 3437/847/818
f 787/940/910 788/960/930 784/961/931 775/941/911
f 789/962/932 797/963/933 788/960/930 787/940/910
f 357/147/129 356/681/660 367/780/660 366/148/130
f 804/22/19 812/21/18 803/964/934 796/965/935
f 548/385/365 487/29/26 505/28/25 506/966/936
f 172/967/937 178/382/362 171/315/295 143/314/294
f 473/968/938 460/969/939 462/970/940 472/971/941
f 820/972/942 824/973/943 821/974/944 592/975/945
f 592/975/945 821/974/944 596/976/946 593/977/947
f 3421/13/11 3419/12/10 3422/117/99 3437/847/818
f 2213/677/656 2196/978/948 2214/979/949 2245/980/950
f 810/981/951 822/982/952 811/19/16 805/195/175
f 51/6/5 52/5/5 50/32/28 49/31/28
f 3414/136/118 3415/983/953 3417/984/954 3416/231/211
f 343/732/685 347/791/764 342/709/686 311/708/685
f 3136/718/695 3138/985/955 3169/986/956 3137/719/696
f 591/987/957 820/972/942 592/975/945 590/988/958
f 571/989/959 570/990/960 590/988/958 589/991/961
f 3480/992/962 3481/993/963 3483/994/964 3482/995/965
f 3408/119/101 3410/996/966 3411/191/171 3409/120/102
f 453/997/967 454/338/318 452/337/317 451/364/344
f 475/998/968 486/27/24 481/30/27 476/339/319
f 544/999/969 543/70/56 554/1000/970 553/1001/971
f 556/1002/972 591/987/957 557/1003/973 554/1000/970
f 1311/1004/974 1324/1005/975 1310/1006/976 1309/1007/977
f 3518/107/89 3520/1008/978 3528/260/240 3517/259/239
f 3118/1009/979 3152/1010/980 3153/1011/981 3119/1012/982
f 503/1013/983 489/1014/984 490/1015/985 502/1016/986
f 990/1017/987 991/1018/988 977/1019/989 978/1020/990
f 1344/1021/991 1343/1022/992 1349/1023/993 1352/1024/994
f 800/1025/995 763/872/843 764/871/842 799/1026/996
f 1509/494/474 1510/493/473 1508/1027/997 1505/1028/998
f 753/950/920 754/949/919 745/1029/999 746/1030/1000
f 1617/1031/1001 1619/1032/1002 1618/1033/1003 1616/1034/1004
f 3385/500/480 3387/1035/1005 3403/1036/1006 3386/501/481
f 1751/1037/1007 1750/1038/1008 1777/1039/1009 1776/1040/1010
f 3501/1041/1011 3498/451/431 3491/450/430 3490/1042/1012
f 754/949/919 755/952/922 744/1043/1013 745/1029/999
f 1979/1044/1014 1980/1045/1015 1968/1046/1016 1967/1047/1017
f 2747/1048/1018 2749/1049/1019 2750/1050/1019 2748/1051/1020
f 3490/1042/1012 3477/1052/1021 3503/445/425 3501/1041/1011
f 472/971/941 462/970/940 464/1053/1022 471/1054/1023
f 353/198/178 352/197/177 371/835/806 370/755/521
f 485/1055/1024 486/27/24 475/998/968 474/1056/1025
f 3394/1057/1026 3402/831/802 3476/446/426 3396/1058/1027
f 818/20/17 819/1059/1028 556/1002/972 555/69/55
f 3476/446/426 3402/831/802 3475/830/801 3504/447/427
f 801/497/477 816/1060/1029 800/1025/995 799/1026/996
f 3477/1052/1021 3396/1058/1027 3476/446/426 3503/445/425
f 2414/1061/1030 2416/1062/1031 2417/1063/1032 2415/1064/1033
f 3165/1065/1034 3142/1066/1035 3141/1067/1036 3166/1068/1037
f 861/1069/1038 863/1070/1039 862/1071/1040 860/1072/1041
f 795/196/176 804/22/19 796/965/935 790/1073/1042
f 2926/890/861 2927/1074/1043 2949/1075/1044 2940/891/862
f 3485/1076/1045 3488/309/289 3489/312/292 3487/1077/1046
f 535/1078/1047 513/1079/1048 514/1080/1049 534/1081/1050
f 1872/1082/1051 1873/744/720 2024/747/723 2023/1083/1052
f 816/1060/1029 537/1084/1053 817/945/915 800/1025/995
f 3189/1085/1054 3187/1086/1055 3186/1087/1056 3191/1088/1054
f 755/952/922 756/870/841 743/1089/1057 744/1043/1013
f 2822/1090/1058 2799/1091/1059 2798/1092/1060 2823/1093/1061
f 2824/1094/1062 2797/1095/1063 2796/1096/1064 2825/1097/1065
f 699/1098/1066 698/1099/1067 722/1100/1068 721/1101/1069
f 703/1102/1070 704/1103/1071 687/1104/1072 688/1105/1073
f 3376/514/494 3394/1057/1026 3396/1058/1027 3395/515/495
f 1326/1106/1074 1328/1107/1075 1327/1108/1076 1324/1005/975
f 700/1109/1077 699/1098/1066 721/1101/1069 720/1110/1078
f 1127/1111/660 1129/1112/1079 1128/1113/1080 1126/1114/1081
f 756/870/841 757/869/840 742/1115/1082 743/1089/1057
f 760/1116/1083 759/519/499 761/947/917 530/1117/1084
f 817/945/915 762/948/918 763/872/843 800/1025/995
f 3166/1068/1037 3176/1118/1085 3177/1119/1086 3165/1065/1034
f 1037/1120/1087 1039/1121/1088 1038/1122/1089 1036/1123/1090
f 2990/1124/1091 2971/1125/1092 2970/577/557 2991/576/556
f 2453/1126/1093 2455/1127/1094 2456/1128/1095 2454/1129/1096
f 1056/1130/1097 1057/1131/1098 1055/1132/1099 1013/1130/1100
f 3378/480/460 3379/547/527 3381/1133/1101 3380/507/487
f 3350/1134/1102 3348/1135/1103 3349/1136/1104 3358/1137/1105
f 3348/1135/1103 3350/1134/1102 3351/1138/1106 3347/1139/1107
f 3397/548/528 3395/515/495 3396/1058/1027 3477/1052/1021
f 509/1140/1108 516/1141/1109 510/1142/1110 508/1143/1111
f 1883/1144/1112 1882/1145/1113 1930/1146/1114 1929/1147/1115
f 1353/1148/387 1320/1149/1116 1347/1150/1117 1351/1151/1118
f 504/1152/1119 507/1153/1120 506/966/936 505/28/25
f 2642/845/816 2644/1154/1121 2645/1155/1122 2643/1156/1123
f 3397/548/528 3478/1157/1124 3479/1158/1125 3398/549/529
f 547/482/462 548/385/365 506/966/936 512/1159/1126
f 545/1160/1127 546/1161/1128 513/1079/1048 535/1078/1047
f 543/70/56 544/999/969 542/1162/1129 541/67/53
f 806/1163/1130 810/981/951 805/195/175 793/929/898
f 3479/1158/1125 3478/1157/1124 3481/993/963 3480/992/962
f 3484/1164/1131 3485/1076/1045 3487/1077/1046 3486/1165/1132
f 512/1159/1126 506/966/936 507/1153/1120 511/1166/1133
f 415/797/770 414/796/769 439/1167/1134 438/851/822
f 3363/829/800 3373/828/799 3374/546/526 3362/804/777
f 813/68/54 814/1168/1135 803/964/934 812/21/18
f 546/1161/1128 545/1160/1127 552/1169/1136 551/1170/1137
f 481/30/27 482/1171/1138 477/336/316 476/339/319
f 511/1166/1133 514/1080/1049 513/1079/1048 512/1159/1126
f 822/982/952 819/1059/1028 818/20/17 811/19/16
f 487/29/26 488/384/364 482/1171/1138 481/30/27
f 4/627/607 6/51/42 5/54/42 3/628/607
f 1576/1172/1139 1577/1173/1140 1411/1174/1141 1412/1175/1142
f 819/1059/1028 820/972/942 591/987/957 556/1002/972
f 482/1171/1138 483/813/784 478/772/746 477/336/316
f 559/1176/1143 560/1177/1144 551/1170/1137 552/1169/1136
f 560/1177/1144 561/356/336 550/359/339 551/1170/1137
f 2404/1178/1145 2405/1179/1146 2407/1180/1147 2406/1181/1148
f 558/1182/1149 559/1176/1143 552/1169/1136 553/1001/971
f 478/772/746 450/365/345 452/337/317 477/336/316
f 557/1003/973 591/987/957 590/988/958 570/990/960
f 3358/1137/1105 3349/1136/1104 3360/1183/1150 3359/512/492
f 558/1182/1149 557/1003/973 570/990/960 569/1184/1151
f 1357/1185/1152 1374/1186/1153 1373/1187/1154 1359/1188/1155
f 809/1189/1156 826/1190/1157 808/1191/1158 807/1192/1159
f 560/1177/1144 559/1176/1143 568/1193/1160 567/1194/1161
f 381/700/678 409/699/677 382/788/761 376/790/763
f 449/366/346 450/365/345 448/771/745 447/1195/1162
f 823/1196/1163 808/1191/1158 826/1190/1157 825/1197/1164
f 3347/1139/1107 3341/669/647 3338/687/666 3348/1135/1103
f 3460/399/379 3461/730/707 3463/1198/1165 3462/666/644
f 447/1195/1162 448/771/745 446/1199/1166 445/1200/1167
f 574/1201/1168 575/1202/1169 566/924/893 567/1194/1161
f 1202/764/738 1203/1203/1170 1200/1204/1171 1201/762/736
f 572/1205/1172 573/1206/1173 568/1193/1160 569/1184/1151
f 592/975/945 593/977/947 589/991/961 590/988/958
f 1400/1207/1174 1401/1208/1175 1399/1209/1176 1398/1210/1177
f 827/1211/1178 828/1212/1179 826/1190/1157 809/1189/1156
f 574/1201/1168 573/1206/1173 585/1213/1180 584/1214/1181
f 587/1215/596 571/989/959 589/991/961 588/1216/1182
f 2936/1217/1183 2938/1218/1184 2964/1219/1185 2937/1220/117
f 496/1221/1186 521/1222/1187 498/1223/1188 494/1224/1189
f 3083/1225/1190 3106/1226/1191 3107/1227/1192 3081/1228/1193
f 3349/1136/1104 3337/758/732 3335/819/790 3360/1183/1150
f 3360/1183/1150 3335/819/790 3333/803/776 3361/802/775
f 141/1229/1194 172/967/937 143/314/294 139/1230/1195
f 3511/123/105 3513/734/710 3514/1231/1196 3512/124/106
f 534/1081/1050 533/1232/1197 538/1233/1198 539/1234/1199
f 1017/1235/1200 1016/1236/1201 1053/1237/1202 1052/1238/1203
f 504/1152/1119 485/1055/1024 489/1014/984 503/1013/983
f 577/1239/1204 576/1240/1205 582/1241/625 581/1242/839
f 593/977/947 594/1243/1206 588/1216/1182 589/991/961
f 579/1244/1207 444/1245/285 446/1199/1166 480/1246/1208
f 3256/1247/1209 3253/1248/1210 3257/1249/1211 3262/1250/1212
f 575/1202/1169 574/1201/1168 584/1214/1181 583/1251/626
f 3220/1252/1213 3221/1253/1214 3223/1254/1215 3222/1255/1216
f 3424/1256/1217 3434/1257/1218 3435/115/97 3423/114/96
f 3426/716/693 3433/721/698 3434/1257/1218 3424/1256/1217
f 1577/1173/1140 1576/1172/1139 1586/1258/1219 1585/1259/1220
f 1565/1260/1221 1566/1261/1222 1564/1262/1223 1560/1263/1224
f 3456/877/848 3455/397/377 3458/400/380 3457/1264/1225
f 2373/1265/1226 2303/1266/1227 2372/1267/1228 2377/1268/792
f 3346/1269/1229 3343/670/648 3341/669/647 3347/1139/1107
f 3416/231/211 3417/984/954 3419/12/10 3418/11/9
f 2483/1270/1230 2485/1271/1231 2486/1272/1232 2484/1273/1233
f 675/1274/1234 676/859/830 641/1275/1235 643/1276/1236
f 1137/600/580 1138/1277/1237 1099/1277/1238 1100/601/581
f 3347/1139/1107 3351/1138/1106 3352/1278/1239 3346/1269/1229
f 2532/1279/1240 2508/1280/1241 2533/1281/1242 2535/1282/1243
f 577/1239/1204 581/1242/839 580/1283/1244 578/1284/1245
f 578/1284/1245 484/812/783 564/817/788 577/1239/1204
f 885/1285/1246 887/1286/1247 886/1287/1248 884/1288/1249
f 824/973/943 823/1196/1163 825/1197/1164 821/974/944
f 2517/1289/1250 2513/1290/1251 2518/1291/1252 2568/1292/1253
f 1241/763/737 1242/1293/1254 1240/559/539 1239/558/538
f 564/817/788 484/812/783 483/813/784 563/815/786
f 484/812/783 578/1284/1245 480/1246/1208 479/770/744
f 578/1284/1245 580/1283/1244 579/1244/1207 480/1246/1208
f 3364/826/797 3326/765/739 3365/396/376 3371/395/375
f 190/386/366 189/255/235 194/258/238 192/475/455
f 3466/1294/1255 3467/651/629 3468/650/628 3464/761/735
f 1644/1295/1256 1905/1296/1257 1904/775/749 1639/1297/1258
f 572/1205/1172 571/989/959 587/1215/596 586/1298/595
f 575/1202/1169 576/1240/1205 565/816/787 566/924/893
f 3365/396/376 3325/767/741 3367/722/699 3366/393/373
f 3448/417/397 3449/729/706 3450/398/378 3447/418/398
f 3319/1299/1259 3259/1300/1260 3260/1301/1261 3324/1302/1262
f 2196/978/948 2213/677/656 2197/677/655 2195/1303/1263
f 1115/932/901 1117/1304/1264 1112/1305/1265 1113/932/902
f 2594/1306/1266 2578/1307/1267 2593/1308/1268 2614/1309/1269
f 1860/1310/1270 1861/1311/1271 1855/1312/1272 1857/1313/1273
f 3332/1314/1274 3333/803/776 3335/819/790 3334/818/789
f 473/968/938 489/1014/984 485/1055/1024 474/1056/1025
f 3433/721/698 3442/1315/1275 3443/1316/1276 3434/1257/1218
f 3330/801/774 3331/800/773 3333/803/776 3332/1314/1274
f 411/683/662 412/1317/1277 410/697/675 379/684/663
f 1223/1318/1278 1227/1319/1279 1226/1320/1280 1222/1321/1281
f 2463/1322/1282 2460/1323/1283 2462/1324/1284 2465/1325/1285
f 75/1326/1286 103/216/196 76/1327/1287 69/1328/1288
f 3346/1269/1229 3352/1278/1239 3354/638/616 3353/637/615
f 354/208/188 353/198/178 370/755/521 369/754/524
f 422/768/742 421/138/120 432/141/123 431/855/826
f 2929/588/568 2918/587/567 2930/1329/1289 2946/1330/1290
f 1884/1331/1291 1883/1144/1112 1929/1147/1115 1928/1332/1292
f 3230/1333/1293 3231/1334/1294 3228/1335/1295 3229/1336/1296
f 3261/1337/1297 3324/1302/1262 3260/1301/1261
f 3322/1338/1298 3324/1302/1262 3261/1337/1297
f 838/1339/1299 839/1340/1300 837/1341/1301 835/1342/1302
f 3323/1343/1303 3322/1338/1298 3261/1337/1297
f 1350/1344/1304 1351/1151/1118 1349/1023/993 1348/1345/1305
f 1521/1346/1306 1523/1347/1307 1522/1348/1308 1520/1349/1309
f 1353/1148/387 1354/1350/1310 1319/1351/1311 1318/1352/1312
f 3254/1353/1313 3253/1248/1210 3256/1247/1209 3255/1354/1314
f 3301/1355/1315 3302/1356/1316 3304/1357/1317 3303/1358/1318
f 1255/1359/1319 1235/1360/1320 1236/1361/1321 1254/1362/1322
f 3259/1300/1260 3254/1353/1313 3255/1354/1314 3260/1301/1261
f 760/1116/1083 529/1363/1323 738/1364/1324 739/1365/1325
f 757/869/840 758/518/498 741/521/501 742/1115/1082
f 948/1366/1326 951/1367/1327 947/1368/1328 946/1369/1329
f 2607/1370/1330 2600/1371/1331 2608/1372/1332 2637/843/814
f 3213/1373/1333 3211/1374/1334 3210/1375/1335 3215/1376/1336
f 3311/1377/1337 3292/1378/1338 3312/1379/1339 3313/1380/1340
f 1070/1381/1341 1069/1382/1342 1078/1383/1343 1077/1384/1344
f 3279/1385/1345 3280/1386/1346 3292/1378/1338 3311/1377/1337
f 2618/1387/1347 2590/505/485 2589/504/484 2619/1388/1348
f 502/1016/986 509/1140/1108 508/1143/1111 503/1013/983
f 752/1389/1349 753/950/920 746/1030/1000 747/1390/1350
f 516/1141/1109 532/1391/1351 515/1392/1352 510/1142/1110
f 3292/1378/1338 3291/1393/1353 3293/1394/524 3312/1379/1339
f 3291/1393/1353 3282/1395/1354 3290/1396/521 3293/1394/524
f 2048/1397/1355 2042/1398/1356 2040/1399/1357 2047/1400/1358
f 3272/1401/1359 3270/919/888 3271/918/887 3281/1402/1360
f 919/1403/1361 921/1404/1362 920/1405/1363 918/1406/1364
f 601/1407/1365 597/1408/132 829/1409/1366 828/1212/1179
f 3311/1377/1337 3313/1380/1340 3308/1410/1367 3310/1411/1368
f 3238/1412/1369 3237/1413/1370 3236/1414/1371 3250/1415/1372
f 3290/1396/521 3289/1416/177 3232/1417/1373 3294/1418/1374
f 702/1419/1375 701/1420/1376 719/1421/1377 718/1422/1378
f 1024/1423/1379 1029/1424/1380 1025/1425/1381 1000/1426/1382
f 755/952/922 754/949/919 766/951/921 765/953/923
f 668/1427/1383 667/1428/1384 693/1429/1385 692/1430/1386
f 1470/840/811 1468/839/810 1479/1431/1387 1478/1432/1388
f 1943/1433/1389 1942/1434/1390 1949/1435/1391 1948/1436/1392
f 2982/1437/1393 2978/1438/1394 2983/920/889 3001/923/892
f 3305/1439/1395 3314/1440/1396 3315/1441/1397 3303/1358/1318
f 2292/1442/1398 2184/1443/1399 2185/1444/1400 2293/1445/1401
f 3523/229/209 3522/109/91 3505/448/428 3504/447/427
f 2176/1446/1402 2190/1447/1403 2177/1448/1404 2167/1449/1405
f 254/516/496 253/857/828 266/590/570 265/517/497
f 2507/1450/1406 2491/1451/1407 2508/1280/1241 2532/1279/1240
f 2141/1452/1408 2148/1453/1409 2142/1454/1410 2133/1455/1411
f 2230/1456/1412 2238/1457/1413 2239/1458/1414 2229/1459/1415
f 3227/1460/1416 3234/1461/1417 3235/1462/1418 3225/1463/1419
f 3133/1464/1420 3140/1465/1421 3141/1067/1036 3132/1466/1422
f 2815/1467/1423 2806/1468/1424 2805/169/149 2816/168/148
f 3307/1469/1425 3309/1470/1426 3310/1411/1368 3308/1410/1367
f 3309/1470/1426 3277/1471/1427 3278/1472/1428 3310/1411/1368
f 2205/1473/1429 2290/1474/1430 2289/1475/1431 2291/1476/1432
f 469/1477/1433 494/1224/1189 467/1478/1434 468/1479/1435
f 151/273/253 152/329/309 129/249/229 130/248/228
f 959/1480/1436 950/1481/1437 947/1368/1328 951/1367/1327
f 3224/1482/1438 3226/1483/1439 3227/1460/1416 3225/1463/1419
f 495/1484/1440 496/1221/1186 494/1224/1189 469/1477/1433
f 1363/1485/1441 1371/1486/1442 1370/1487/1443 1365/1488/1444
f 3206/1489/1445 3302/1356/1316 3301/1355/1315
f 749/1490/1446 750/1491/1447 748/1492/1448 726/1493/1449
f 1745/1494/1450 1744/1495/1451 1747/1496/1452 1746/1497/1453
f 3300/1498/1454 3206/1489/1445 3301/1355/1315
f 3299/1499/1455 3206/1489/1445 3300/1498/1454
f 3297/1500/1456 3206/1489/1445 3299/1499/1455
f 493/1501/1457 499/1502/1458 492/1503/1459 466/1504/1460
f 3227/1460/1416 3226/1483/1439 3229/1336/1296 3228/1335/1295
f 3206/1489/1445 3297/1500/1456 3296/1505/1461
f 3230/1333/1293 3206/1489/1445 3296/1505/1461
f 432/1506/123 610/1507/1462 611/1508/1463 431/1509/826
f 1697/1510/1464 1698/1511/1465 1688/1512/1466 1696/1513/1467
f 1878/1514/1468 1877/1515/1469 1935/1516/1470 1934/1517/1471
f 829/1409/1366 597/1408/132 595/1518/131 596/976/946
f 1981/1519/1472 1982/1520/1473 1980/1045/1015 1979/1044/1014
f 3289/1416/177 3290/1396/521 3282/1395/1354 3283/1521/1474
f 3287/1522/1475 3234/1461/1417 3233/1523/1476 3288/1524/1477
f 1562/1525/1478 1561/1526/1479 1563/1527/1480 1414/1528/1481
f 3317/1529/1482 3298/1530/1483 3316/1531/1484 3318/1532/1485
f 3298/1530/1483 3317/1529/1482 3294/1418/1374 3295/1533/1486
f 3284/1534/1487 3288/1524/1477 3289/1416/177 3283/1521/1474
f 3285/1535/1488 3287/1522/1475 3288/1524/1477 3284/1534/1487
f 3258/1536/1489 3251/1537/1490 3287/1522/1475 3285/1535/1488
f 1357/1185/1152 1358/1538/1491 1319/1351/1311 1355/1539/1492
f 3293/1394/524 3317/1529/1482 3318/1532/1485 3312/1379/1339
f 3281/1402/1360 3291/1393/1353 3292/1378/1338 3280/1386/1346
f 430/894/827 431/1509/826 611/1508/1463 612/153/134
f 3268/916/885 3270/919/888 3261/1337/1297
f 3266/1540/1493 3268/916/885 3261/1337/1297
f 3221/1253/1214 3224/1482/1438 3225/1463/1419 3223/1254/1215
f 3273/1541/1494 3272/1401/1359 3281/1402/1360 3280/1386/1346
f 459/1542/1495 460/969/939 458/1543/1496 457/1544/1497
f 1069/1382/1342 1070/1381/1341 1043/1545/1498 1044/1382/1499
f 176/536/516 207/535/515 175/938/908 174/1546/1500
f 3228/1335/1295 3233/1523/1476 3234/1461/1417 3227/1460/1416
f 1118/1547/1501 1117/1304/1264 1120/94/76 1119/93/75
f 1245/1548/1502 1246/1549/1503 1244/1550/1504 1243/1551/1505
f 1361/1552/1506 1362/1553/1507 1360/1554/1508 1359/1188/1155
f 1807/271/251 1780/270/250 1782/1555/1509 1806/1556/1510
f 3253/1248/1210 3249/1557/1511 3252/1558/1512 3257/1249/1211
f 1354/1350/1310 1353/1148/387 1351/1151/1118 1350/1344/1304
f 3232/1417/1373 3231/1334/1294 3295/1533/1486 3294/1418/1374
f 3267/1559/1513 3266/1540/1493 3265/1560/1514 3286/1561/1515
f 224/474/454 225/1562/1516 193/1563/1517 192/475/455
f 2111/1564/1518 2138/1565/1519 2137/1566/1520 2113/1567/1521
f 1013/1130/1100 1055/1132/1099 1012/1132/1522 1011/1568/1523
f 2038/1569/1524 2044/1570/1525 2037/1571/1526 2036/1572/1527
f 3262/1250/1212 3257/1249/1211 3263/1573/1528 3264/1574/1529
f 424/832/803 423/769/743 430/856/827 429/854/825
f 599/1575/1530 440/1576/1531 412/1577/1277 598/1578/1532
f 3231/1334/1294 3230/1333/1293 3296/1505/1461 3295/1533/1486
f 1059/1579/1533 1057/1131/1098 1113/932/902 1112/1305/1265
f 1060/1580/1534 1059/1579/1533 1112/1305/1265 1111/1581/1535
f 1503/1582/1536 1507/1583/1537 1486/1584/1538 1487/1585/1539
f 604/645/623 603/1586/1540 436/1587/155 437/1588/154
f 414/796/769 413/698/676 440/1589/1531 439/1167/1134
f 3261/1337/1297 3275/1590/1541 3276/1591/1542
f 3494/310/290 3496/479/459 3497/1592/1543 3495/311/291
f 636/597/577 619/1593/1544 621/1594/1545 635/1595/1546
f 3459/1596/1547 3469/667/645 3468/650/628 3470/649/627
f 2246/348/328 2213/677/656 2245/980/950 2244/349/329
f 3274/1597/1548 3275/1590/1541 3261/1337/1297
f 3273/1541/1494 3274/1597/1548 3261/1337/1297
f 427/1598/823 429/893/825 613/152/133 614/1599/1549
f 3272/1401/1359 3273/1541/1494 3261/1337/1297
f 3270/919/888 3272/1401/1359 3261/1337/1297
f 433/1600/122 434/1601/683 608/618/598 609/617/597
f 1066/354/1550 1065/1602/1551 1082/884/855 1081/1603/1552
f 433/1600/122 609/617/597 610/1507/1462 432/1506/123
f 1095/1604/1553 1096/1605/1554 1075/1606/1555 1074/1607/1556
f 3296/1505/1461 3297/1500/1456 3298/1530/1483 3295/1533/1486
f 606/867/838 605/646/624 438/1608/822 439/1609/1134
f 441/307/287 442/306/286 411/1610/662 380/1611/661
f 3261/1337/1297 3265/1560/1514 3266/1540/1493
f 3264/1574/1529 3265/1560/1514 3261/1337/1297
f 3262/1250/1212 3264/1574/1529 3261/1337/1297
f 3274/1597/1548 3273/1541/1494 3280/1386/1346 3279/1385/1345
f 2314/1612/1557 2315/1613/1558 2316/1614/1559 2313/1615/1560
f 463/1616/1561 464/1053/1022 462/970/940 461/1617/1562
f 1974/1618/1563 1992/1619/1564 1991/128/110 1990/1620/1565
f 517/1621/1566 531/1622/1567 516/1141/1109 509/1140/1108
f 3275/1590/1541 3274/1597/1548 3279/1385/1345 3278/1472/1428
f 3261/1337/1297 3256/1247/1209 3262/1250/1212
f 1893/1623/1568 1892/1624/1569 1920/1625/1570 1919/1626/1571
f 1558/1627/1572 1559/1628/1573 1556/1629/1574 1557/1630/1575
f 3255/1354/1314 3256/1247/1209 3261/1337/1297
f 3260/1301/1261 3255/1354/1314 3261/1337/1297
f 3174/1631/1576 3171/1632/1577 3173/1633/1054 3203/1634/1054
f 2028/1635/1578 2030/250/230 2029/253/233 2027/1636/1579
f 3211/1374/1334 3213/1373/1333 3214/1637/1580 3212/1638/1581
f 531/1622/1567 536/946/916 532/1391/1351 516/1141/1109
f 2658/1639/1582 2660/1640/1583 2661/1641/1584 2657/1642/1585
f 3303/1358/1318 3304/1357/1317 3306/1643/1586 3305/1439/1395
f 3308/1410/1367 3313/1380/1340 3314/1440/1396 3305/1439/1395
f 3236/1414/1371 3237/1413/1370 3222/1255/1216 3223/1254/1215
f 3276/1591/1542 3275/1590/1541 3278/1472/1428 3277/1471/1427
f 3075/1644/1587 3076/1645/1019 3078/1646/1019 3077/1647/1588
f 3252/1558/1512 3250/1415/1372 3251/1537/1490 3258/1536/1489
f 2538/1648/1589 2539/1649/1590 2540/1650/1591 2544/1651/1592
f 773/1652/1593 774/942/912 768/944/914 769/1653/1594
f 3249/1557/1511 3238/1412/1369 3250/1415/1372 3252/1558/1512
f 3199/1654/1054 3178/1655/1595 3177/1119/1086 3200/1656/1054
f 990/1017/987 993/874/845 992/1657/1596 991/1018/988
f 2633/391/371 2612/378/358 2632/381/361 2649/1658/1597
f 1883/1144/1112 1884/1331/1291 1768/1659/1598 1769/1660/1599
f 2781/1661/1600 2778/1662/1601 2776/1663/1602 2783/1664/1603
f 1552/412/392 1515/411/391 1517/1665/1604 1520/1349/1309
f 3077/1647/1588 3109/955/925 3110/1666/1605 3075/1644/1587
f 3247/1667/1606 3240/1668/1607 3239/1669/1608 3248/1670/1609
f 1264/1671/1610 1269/242/222 1268/245/225 1266/1672/1611
f 3217/1673/1612 3239/1669/1608 3240/1668/1607 3216/1674/1613
f 3244/1675/1614 3242/1676/1615 3241/1677/1616 3246/1678/1617
f 3246/1678/1617 3241/1677/1616 3240/1668/1607 3247/1667/1606
f 1069/1382/1342 1068/663/641 1079/1679/1618 1078/1383/1343
f 1092/602/1619 1091/1680/1620 1102/1681/1621 1101/602/582
f 3242/1676/1615 3244/1675/1614 3245/1682/1622 3243/1683/1623
f 3215/1376/1336 3210/1375/1335 3209/1684/1624 3216/1674/1613
f 2938/1218/1184 2965/1685/1625 2966/1686/1626 2964/1219/1185
f 3248/1670/1609 3239/1669/1608 3238/1412/1369 3249/1557/1511
f 3249/1557/1511 3253/1248/1210 3254/1353/1313 3248/1670/1609
f 3206/1489/1445 3226/1483/1439 3224/1482/1438
f 3221/1253/1214 3206/1489/1445 3224/1482/1438
f 218/454/434 217/1687/1627 234/323/303 233/523/503
f 289/477/457 290/476/456 263/439/419 264/499/479
f 428/1688/824 427/1598/823 614/1599/1549 602/1689/1628
f 3451/1690/1629 3432/695/673 3431/694/672 3452/1691/1630
f 603/1586/1540 607/1692/1631 435/1693/682 436/1587/155
f 3284/1534/1487 3267/1559/1513 3286/1561/1515 3285/1535/1488
f 536/946/916 817/945/915 537/1084/1053 532/1391/1351
f 3278/1472/1428 3279/1385/1345 3311/1377/1337 3310/1411/1368
f 3257/1249/1211 3252/1558/1512 3258/1536/1489 3263/1573/1528
f 3285/1535/1488 3286/1561/1515 3263/1573/1528 3258/1536/1489
f 773/1652/1593 777/1694/1632 776/939/909 774/942/912
f 2833/1695/1633 2874/1696/1634 2875/1697/1635 2831/1698/1636
f 904/866/837 855/1699/1637 890/1700/1638 903/863/834
f 2785/1701/1639 2772/1702/1640 2770/1703/1641 2786/1704/1642
f 3281/1402/1360 3271/918/887 3282/1395/1354 3291/1393/1353
f 3283/1521/1474 3269/917/886 3267/1559/1513 3284/1534/1487
f 445/1200/1167 446/1199/1166 444/1245/285 443/1705/284
f 3206/1489/1445 3230/1333/1293 3229/1336/1296
f 3226/1483/1439 3206/1489/1445 3229/1336/1296
f 3320/1706/1643 3322/1338/1298 3323/1343/1303 3321/1707/1644
f 3081/1228/1193 3107/1227/1192 3108/956/926 3079/1708/1645
f 3298/1530/1483 3297/1500/1456 3299/1499/1455 3316/1531/1484
f 3315/1441/1397 3316/1531/1484 3299/1499/1455 3300/1498/1454
f 3303/1358/1318 3315/1441/1397 3300/1498/1454 3301/1355/1315
f 986/1709/1646 987/1710/1647 980/1711/1648 981/1712/1649
f 894/1713/1650 893/1714/1651 942/1715/1652 941/1716/1653
f 1184/1717/1654 1186/1718/1655 1185/1719/1656 1183/1720/1657
f 3206/1489/1445 3221/1253/1214 3220/1252/1213
f 3219/1721/1658 3206/1489/1445 3220/1252/1213
f 3208/1722/1659 3206/1489/1445 3219/1721/1658
f 593/977/947 596/976/946 595/1518/131 594/1243/1206
f 3248/1670/1609 3254/1353/1313 3259/1300/1260 3247/1667/1606
f 3009/1723/1660 3010/1724/1661 3012/1725/1662 3011/738/714
f 734/1726/1663 733/1727/1664 741/521/501 740/520/500
f 588/1728/1182 594/1729/1206 611/1508/1463 610/1507/1462
f 2740/1730/1665 2741/1731/1666 2825/1097/1065 2796/1096/1064
f 1237/561/541 1238/560/540 1236/1361/1321 1234/1732/1667
f 729/1733/1668 728/1734/1669 746/1030/1000 745/1029/999
f 845/1735/1670 844/1736/1671 849/1737/1672 847/1738/1673
f 2140/1739/1674 2149/1740/1675 2141/1452/1408 2134/825/796
f 3247/1667/1606 3259/1300/1260 3319/1299/1259 3246/1678/1617
f 3246/1678/1617 3319/1299/1259 3320/1706/1643 3244/1675/1614
f 3209/1684/1624 3208/1722/1659 3219/1721/1658 3218/1741/1676
f 1061/1742/1677 1110/1743/1678 1085/1744/1679 1062/1745/1680
f 899/1746/1681 898/1747/1682 937/1748/1683 936/1749/1684
f 1059/1579/1533 1060/1580/1534 1053/1237/1202 1054/1579/1685
f 3244/1675/1614 3320/1706/1643 3321/1707/1644 3245/1682/1622
f 2839/1750/1686 2871/1751/1687 2872/1752/1688 2837/1753/1689
f 1091/1680/1620 1090/1754/1690 1103/1755/1691 1102/1681/1621
f 1284/1756/1692 1287/1757/1693 1286/1758/1694 1283/1759/1695
f 600/1760/1696 601/1407/1365 828/1212/1179 827/1211/1178
f 3206/1489/1445 3208/1722/1659 3207/1761/1697
f 3205/1762/1698 3206/1489/1445 3207/1761/1697
f 3204/1763/1699 3206/1489/1445 3205/1762/1698
f 2778/1662/1601 2781/1661/1600 2782/1764/1700 2780/1765/1701
f 2788/1766/1702 2766/1767/1703 2764/1768/1704 2789/1769/1705
f 3093/1770/1706 3094/1771/1019 3096/1772/1019 3095/1773/1707
f 3091/1774/1708 3092/1775/1019 3094/1771/1019 3093/1770/1706
f 2839/1750/1686 2840/1776/1054 2842/1777/1054 2841/1778/1709
f 1394/1779/1710 1395/1780/1711 1393/1781/1712 1392/1782/1713
f 3089/1783/1714 3090/1784/1019 3092/1775/1019 3091/1774/1708
f 3195/1785/1054 3182/1786/1715 3181/1787/1716 3196/1788/1054
f 3085/1789/1717 3086/1790/1019 3088/1791/1019 3087/1792/1718
f 3399/100/82 3472/85/67 3473/88/70 3400/96/78
f 530/1117/1084 531/1622/1567 517/1621/1566 518/1793/1719
f 2787/1794/1720 2768/1795/1721 2766/1767/1703 2788/1766/1702
f 1978/1796/1722 1979/1044/1014 1967/1047/1017 1969/1797/1723
f 522/1798/1724 526/1799/1725 521/1222/1187 496/1221/1186
f 529/1363/1323 760/1116/1083 530/1117/1084 518/1793/1719
f 3077/1647/1588 3078/1646/1019 3080/1800/1019 3079/1708/1645
f 3201/1801/1054 3176/1118/1085 3175/1802/1726 3202/1803/1054
f 3073/1804/1727 3074/1805/1728 3076/1645/1019 3075/1644/1587
f 897/1806/1729 896/1807/1730 939/1808/1731 938/1809/1732
f 798/498/478 801/497/477 799/1026/996 785/1810/1733
f 2783/1664/1603 2776/1663/1602 2774/1811/1734 2784/1812/1735
f 2761/1813/1019 2762/1814/1736 2764/1768/1704 2763/1815/1737
f 3071/1816/1019 3070/1817/1019 3069/1818/1738 3114/1819/1739
f 519/1820/1740 529/1363/1323 518/1793/1719 500/1821/1741
f 2514/1822/1742 2512/1823/1743 2513/1290/1251 2517/1289/1250
f 2586/1824/1744 2604/1825/1745 2605/1826/1746 2587/1827/1747
f 3087/1792/1718 3088/1791/1019 3090/1784/1019 3089/1783/1714
f 3156/1828/1748 3186/1087/1056 3187/1086/1055 3154/1829/1749
f 3036/1830/1750 3038/1831/1751 3040/1832/1752 3039/1833/1753
f 3069/1818/1738 3113/1834/1754 3115/1835/1755 3114/1819/1739
f 3319/1299/1259 3324/1302/1262 3322/1338/1298 3320/1706/1643
f 3068/1836/1756 3112/1837/1757 3113/1834/1754 3069/1818/1738
f 2075/1838/1758 2076/1839/1759 2074/1840/1760 2073/1841/1761
f 934/1842/1762 1154/1843/1763 931/1844/1764 930/1845/1765
f 253/857/828 254/516/496 231/335/315 232/334/314
f 503/1013/983 508/1143/1111 507/1153/1120 504/1152/1119
f 3160/1846/1766 3182/1786/1715 3183/1847/1767 3159/1848/1768
f 705/1849/1769 704/1103/1071 716/1850/1770 715/1851/1771
f 3263/1573/1528 3286/1561/1515 3265/1560/1514 3264/1574/1529
f 3167/1852/1772 3175/1802/1726 3176/1118/1085 3166/1068/1037
f 710/1853/1773 524/1854/1774 615/1855/1775 680/1856/1776
f 511/1166/1133 507/1153/1120 508/1143/1111 510/1142/1110
f 2253/1857/1777 2257/1858/1778 2258/1859/1779 2252/1859/1780
f 989/1860/1781 1005/1861/1782 990/1017/987 978/1020/990
f 987/1710/1647 988/1862/1783 979/1863/1784 980/1711/1648
f 502/1016/986 490/1015/985 491/1864/1785 501/1865/1786
f 3095/1773/1707 3100/1866/1787 3101/1867/1788 3093/1770/1706
f 3089/1783/1714 3103/1868/1789 3104/927/896 3087/1792/1718
f 3205/1762/1698 3211/1374/1334 3212/1638/1581 3204/1763/1699
f 3266/1540/1493 3267/1559/1513 3269/917/886 3268/916/885
f 3207/1761/1697 3210/1375/1335 3211/1374/1334 3205/1762/1698
f 3091/1774/1708 3102/1869/1790 3103/1868/1789 3089/1783/1714
f 988/1862/1783 989/1860/1781 978/1020/990 979/1863/1784
f 681/1870/1791 694/1871/1792 666/1872/1793 665/1873/1794
f 2143/1874/1795 2154/1875/1796 2133/1455/1411 2142/1454/1410
f 108/1876/1797 139/1230/1195 107/1877/1798 106/1878/1799
f 142/1879/1800 173/1880/1801 141/1229/1194 140/1881/1802
f 728/1734/1669 729/1733/1668 720/1110/1078 721/1101/1069
f 730/1882/1803 731/1883/1804 718/1422/1378 719/1421/1377
f 3068/1836/1756 3069/1818/1738 3070/1817/1019 3072/1884/1019
f 3097/1885/1805 3099/1886/1806 3100/1866/1787 3095/1773/1707
f 3100/1866/1787 3099/1886/1806 3120/717/694 3135/720/697
f 1461/1887/1807 1463/1888/1808 1462/1889/1809 1460/842/813
f 1855/1312/1272 1861/1311/1271 1852/1890/1810 1850/1891/1811
f 667/1428/1384 666/1872/1793 694/1871/1792 693/1429/1385
f 3134/1892/1812 3101/1867/1788 3100/1866/1787 3135/720/697
f 254/516/496 255/449/429 230/429/409 231/335/315
f 829/1409/1366 596/976/946 821/974/944 825/1197/1164
f 209/534/514 240/530/510 211/532/512 207/535/515
f 246/531/511 247/528/508 238/485/465 239/484/464
f 3039/1833/1753 3040/1832/1752 3042/1893/1813 3041/1894/1814
f 3167/1852/1772 3140/1465/1421 3139/1895/1815 3168/1896/1816
f 3131/928/897 3104/927/896 3103/1868/1789 3132/1466/1422
f 824/973/943 820/972/942 819/1059/1028 822/982/952
f 3115/1835/1755 3118/1009/979 3119/1012/982 3117/1897/1817
f 3129/1898/1818 3106/1226/1191 3105/926/895 3130/925/894
f 3435/115/97 3444/1899/1819 3445/808/779 3436/116/98
f 2817/171/151 2804/170/150 2803/1900/1820 2818/1901/1821
f 2023/1083/1052 1813/1902/1822 1816/1903/1823 1872/1082/1051
f 2680/1904/1824 2686/1905/1825 2687/1906/1826 2679/1907/1827
f 3123/1908/1828 3150/1909/1829 3151/1910/1830 3122/1911/1831
f 3377/481/461 3393/98/80 3394/1057/1026 3376/514/494
f 3127/957/927 3108/956/926 3107/1227/1192 3128/1912/1832
f 2167/1449/1405 2177/1448/1404 2166/1913/1833 2158/1914/1834
f 669/913/882 668/1427/1383 692/1430/1386 691/914/883
f 1711/1915/1835 1712/1916/1836 1710/1917/1837 1709/1918/1838
f 3125/1919/1839 3110/1666/1605 3109/955/925 3126/954/924
f 3159/1848/1768 3148/1920/1840 3147/1921/1841 3160/1846/1766
f 1504/1922/1842 1505/1028/998 1503/1582/1536 1490/1923/1843
f 1505/1028/998 1508/1027/997 1507/1583/1537 1503/1582/1536
f 188/256/236 189/255/235 160/186/166 161/185/165
f 3162/1924/1844 3145/1925/1845 3144/1926/1846 3163/1927/1847
f 3163/1927/1847 3144/1926/1846 3143/1928/1848 3164/1929/1849
f 526/1799/1725 711/1930/1850 527/1931/1851 521/1222/1187
f 3131/928/897 3142/1066/1035 3143/1928/1848 3130/925/894
f 896/1807/1730 895/1932/1852 940/1933/1853 939/1808/1731
f 605/646/624 604/645/623 437/1588/154 438/1608/822
f 1527/1934/1854 1529/1935/1855 1528/1936/1856 1526/1937/1857
f 594/1729/1206 595/150/131 612/153/134 611/1508/1463
f 1609/1938/1858 1611/1939/1859 1610/1940/1860 1608/1941/1861
f 2941/1942/1862 2935/1943/1863 2937/1220/117 2963/1944/1864
f 474/1056/1025 458/1543/1496 460/969/939 473/968/938
f 538/1233/1198 815/496/476 540/1945/1865 539/1234/1199
f 906/1946/1866 943/1947/1867 892/1948/1868 891/1946/1869
f 667/1428/1384 668/1427/1383 657/1949/1870 659/1950/1871
f 621/1594/1545 620/1951/1872 622/1952/1873
f 620/1951/1872 623/1953/1874 622/1952/1873
f 2967/1954/1875 2995/1955/1876 2996/1956/1877 2994/1957/1878
f 623/1953/1874 624/1958/1019 622/1952/1873
f 624/1958/1019 625/1959/1019 622/1952/1873
f 625/1959/1019 626/1960/1019 622/1952/1873
f 626/1960/1019 627/1961/1019 622/1952/1873
f 627/1961/1019 628/1962/1019 622/1952/1873
f 628/1962/1019 629/1963/1019 622/1952/1873
f 737/1964/1879 736/1965/1880 738/1364/1324 528/1966/1881
f 629/1963/1019 630/1967/1019 622/1952/1873
f 630/1967/1019 631/1968/1019 622/1952/1873
f 622/1952/1873 631/1968/1019 632/1969/1873
f 865/1970/1882 867/1971/1883 866/1972/1884 864/1973/1885
f 3128/1912/1832 3145/1925/1845 3146/1974/1886 3127/957/927
f 633/1975/1019 634/1976/1019 622/1952/1873
f 634/1976/1019 635/1595/1546 622/1952/1873
f 622/1952/1873 635/1595/1546 621/1594/1545
f 3130/925/894 3143/1928/1848 3144/1926/1846 3129/1898/1818
f 823/1196/1163 824/973/943 822/982/952 810/981/951
f 2399/1977/1887 2395/1978/1888 2398/1979/1889 2427/1980/242
f 3166/1068/1037 3141/1067/1036 3140/1465/1421 3167/1852/1772
f 620/1951/1872 621/1594/1545 619/1593/1544 618/1981/1890
f 585/1982/1180 586/615/595 608/618/598 607/1692/1631
f 3122/1911/1831 3151/1910/1830 3152/1010/980 3118/1009/979
f 83/850/821 82/401/381 97/203/183 96/678/657
f 638/1983/1019 640/1984/1891 639/1985/1892 637/598/578
f 1890/1986/1893 1891/1987/1894 1663/1988/1895 1675/1989/1896
f 2166/1913/1833 2178/1990/1897 2165/1991/1898 2159/1992/1899
f 2620/1993/1900 2624/1994/1901 2625/1995/1902 2619/1388/1348
f 654/1996/1019 656/1997/1891 655/1998/1903 653/1999/1904
f 3133/1464/1420 3102/1869/1790 3101/1867/1788 3134/1892/1812
f 1065/1602/1551 1066/354/1550 1047/354/334 1048/2000/1905
f 3161/2001/1906 3146/1974/1886 3145/1925/1845 3162/1924/1844
f 671/2002/1907 672/2003/1908 649/2004/1909 651/2005/1910
f 670/912/881 671/2002/1907 651/2005/1910 653/1999/1904
f 679/596/576 617/2006/1911 619/1593/1544 636/597/577
f 674/2007/1912 675/1274/1234 643/1276/1236 645/2008/1663
f 2056/2009/551 2045/2010/1913 2044/1570/1525 2050/2011/1914
f 672/2003/1908 673/2012/1915 647/2013/1916 649/2004/1909
f 737/1964/1879 527/1931/1851 711/1930/1850 712/2014/1917
f 677/858/829 678/595/575 637/598/578 639/1985/1892
f 676/859/830 677/858/829 639/1985/1892 641/1275/1235
f 3164/1929/1849 3143/1928/1848 3142/1066/1035 3165/1065/1034
f 3152/1010/980 3154/1829/1749 3155/2015/1918 3153/1011/981
f 3118/1009/979 3115/1835/1755 3113/1834/1754 3122/1911/1831
f 666/1872/1793 667/1428/1384 659/1950/1871 661/2016/1919
f 3160/1846/1766 3147/1921/1841 3146/1974/1886 3161/2001/1906
f 703/1102/1070 702/1419/1375 718/1422/1378 717/2017/1920
f 1459/2018/1921 1461/1887/1807 1460/842/813 1458/841/812
f 1859/2019/1922 1867/2020/1923 1860/1310/1270 1857/1313/1273
f 674/2007/1912 673/2012/1915 687/1104/1072 686/2021/1924
f 1027/2022/1925 1028/2023/1926 1014/2024/1927 1026/2025/1928
f 676/859/830 675/1274/1234 685/2026/1929 684/860/831
f 678/595/575 677/858/829 683/861/832 682/880/851
f 679/596/576 678/595/575 682/880/851 680/1856/1776
f 680/1856/1776 615/1855/1775 617/2006/1911 679/596/576
f 616/2027/1930 617/2006/1911 615/1855/1775 525/2028/1931
f 3124/2029/1932 3111/2030/1933 3110/1666/1605 3125/1919/1839
f 701/1420/1376 690/915/884 691/914/883 700/1109/1077
f 3157/2031/1934 3150/1909/1829 3149/2032/1935 3158/2033/1936
f 695/2034/1937 696/2035/1938 694/1871/1792 681/1870/1791
f 525/2028/1931 615/1855/1775 524/1854/1774 523/2036/1939
f 705/1849/1769 706/2037/1929 685/2026/1929 686/2021/1924
f 710/1853/1773 680/1856/1776 682/880/851 709/879/850
f 3156/1828/1748 3151/1910/1830 3150/1909/1829 3157/2031/1934
f 1155/2038/1940 1174/2039/1941 1173/2040/1942 1156/2041/1943
f 706/2037/1929 707/2042/1944 684/860/831 685/2026/1929
f 707/2042/1944 708/881/852 683/861/832 684/860/831
f 704/1103/1071 705/1849/1769 686/2021/1924 687/1104/1072
f 702/1419/1375 703/1102/1070 688/1105/1073 689/2043/1945
f 698/1099/1067 699/1098/1066 692/1430/1386 693/1429/1385
f 1062/1745/1680 1084/2044/1946 1063/2044/1947 1051/2045/1948
f 3154/1829/1749 3152/1010/980 3151/1910/1830 3156/1828/1748
f 699/1098/1066 700/1109/1077 691/914/883 692/1430/1386
f 3187/1086/1055 3189/1085/1054 3190/2046/1054 3188/2047/1949
f 3071/1816/1019 3114/1819/1739 3116/2048/1950 3121/2049/1019
f 898/1747/1682 897/1806/1729 938/1809/1732 937/1748/1683
f 1509/494/474 1506/2050/1951 1512/2051/1952 1511/414/394
f 698/1099/1067 696/2035/1938 723/2052/1953 722/1100/1068
f 706/2037/1929 705/1849/1769 715/1851/1771 714/2053/1954
f 707/2042/1944 706/2037/1929 714/2053/1954 713/2054/1955
f 708/881/852 707/2042/1944 713/2054/1955 712/2014/1917
f 709/879/850 708/881/852 712/2014/1917 711/1930/1850
f 983/2055/1956 986/1709/1646 981/1712/1649 982/2056/1957
f 697/2057/1958 723/2052/1953 696/2035/1938 695/2034/1937
f 3154/1829/1749 3187/1086/1055 3188/2047/1949 3155/2015/1918
f 987/1710/1647 986/1709/1646 1009/2058/1959 1008/2059/1960
f 973/2060/1961 981/1712/1649 980/1711/1648 974/2061/1962
f 2142/1454/1410 2147/2062/1963 2144/2063/1964 2143/1874/1795
f 497/2064/1965 522/1798/1724 496/1221/1186 495/1484/1440
f 669/913/882 670/912/881 653/1999/1904 655/1998/1903
f 736/1965/1880 737/1964/1879 712/2014/1917 713/2054/1955
f 734/1726/1663 735/2065/1966 714/2053/1954 715/1851/1771
f 1128/1113/1080 1130/543/523 1107/2066/1967 1108/2067/1968
f 732/2068/1969 733/1727/1664 716/1850/1770 717/2017/1920
f 3158/2033/1936 3184/2069/1970 3185/2070/1971 3157/2031/1934
f 1016/1236/1201 1017/1235/1200 1007/2071/1972 1008/2059/1960
f 3159/1848/1768 3183/1847/1767 3184/2069/1970 3158/2033/1936
f 3075/1644/1587 3110/1666/1605 3111/2030/1933 3073/1804/1727
f 656/1997/1891 658/2072/1019 657/1949/1870 655/1998/1903
f 662/2073/1973 664/2074/1874 663/2075/1974 661/2016/1919
f 579/2076/1207 580/2077/1244 599/1575/1530 598/1578/1532
f 652/2078/1975 654/1996/1019 653/1999/1904 651/2005/1910
f 3024/410/390 3029/2079/1976 3019/2080/1977 3021/407/387
f 3161/2001/1906 3181/1787/1716 3182/1786/1715 3160/1846/1766
f 751/2081/1978 752/1389/1349 747/1390/1350 748/1492/1448
f 3162/1924/1844 3180/2082/1979 3181/1787/1716 3161/2001/1906
f 3163/1927/1847 3179/2083/1980 3180/2082/1979 3162/1924/1844
f 909/2084/1981 933/2085/1982 932/2086/1983 910/2087/1984
f 962/2088/1985 972/2089/1986 961/2090/1987 953/2091/1988
f 3516/262/242 3508/266/246 3507/265/245 3517/259/239
f 187/360/340 188/256/236 161/185/165 162/254/234
f 815/496/476 538/1233/1198 816/1060/1029 801/497/477
f 3216/1674/1613 3209/1684/1624 3218/1741/1676 3217/1673/1612
f 2722/2092/1989 2724/2093/1990 2726/630/608 2721/2094/1991
f 3164/1929/1849 3178/1655/1595 3179/2083/1980 3163/1927/1847
f 759/519/499 758/518/498 762/948/918 761/947/917
f 3165/1065/1034 3177/1119/1086 3178/1655/1595 3164/1929/1849
f 3051/2095/1992 3052/2096/1993 2987/2097/1994 3028/2098/1995
f 3081/1228/1193 3082/2099/1019 3084/2100/1019 3083/1225/1190
f 1759/2101/1996 1758/2102/1997 1769/1660/1599 1768/1659/1598
f 499/1502/1458 519/1820/1740 500/1821/1741 492/1503/1459
f 1343/1022/992 1344/1021/991 1333/2103/1998 1335/2104/1999
f 465/2105/2000 470/2106/2001 468/1479/1435 467/1478/1434
f 751/2081/1978 771/2107/2002 770/2108/2003 769/1653/1594
f 3093/1770/1706 3101/1867/1788 3102/1869/1790 3091/1774/1708
f 3168/1896/1816 3174/1631/1576 3175/1802/1726 3167/1852/1772
f 785/1810/1733 765/953/923 766/951/921 784/961/931
f 772/2109/2004 773/1652/1593 769/1653/1594 770/2108/2003
f 3083/1225/1190 3084/2100/1019 3086/1790/1019 3085/1789/1717
f 3171/1632/1577 3174/1631/1576 3168/1896/1816 3169/986/956
f 783/2110/2005 777/1694/1632 773/1652/1593 772/2109/2004
f 175/938/908 206/466/446 177/469/449 173/1880/1801
f 488/384/364 563/815/786 483/813/784 482/1171/1138
f 730/1882/1803 729/1733/1668 745/1029/999 744/1043/1013
f 791/930/899 795/196/176 790/1073/1042 781/2111/2006
f 2664/2112/2007 2666/2113/2008 2668/2114/2009 2667/2115/2010
f 3170/2116/2011 3172/2117/2012 3173/1633/1054 3171/1632/1577
f 1758/2102/1997 1759/2101/1996 1706/2118/2013 1707/2119/2014
f 3068/1836/1756 3072/1884/1019 3074/1805/1728 3073/1804/1727
f 2847/2120/2015 2848/2121/1054 2850/2122/1054 2849/2123/2016
f 2753/2124/1019 2754/2125/2017 2756/2126/2018 2755/2127/1019
f 3200/1656/1054 3177/1119/1086 3176/1118/1085 3201/1801/1054
f 466/1504/1460 471/1054/1023 464/1053/1022 465/2105/2000
f 471/1054/1023 466/1504/1460 492/1503/1459 491/1864/1785
f 3079/1708/1645 3080/1800/1019 3082/2099/1019 3081/1228/1193
f 3198/2128/1054 3179/2083/1980 3178/1655/1595 3199/1654/1054
f 461/1617/1562 462/970/940 460/969/939 459/1542/1495
f 3197/2129/1054 3180/2082/1979 3179/2083/1980 3198/2128/1054
f 2183/2130/2019 2182/2131/2020 2185/1444/1400 2184/1443/1399
f 3196/1788/1054 3181/1787/1716 3180/2082/1979 3197/2129/1054
f 3095/1773/1707 3096/1772/1019 3098/2132/1737 3097/1885/1805
f 778/2133/2021 786/2134/2022 776/939/909 777/1694/1632
f 547/482/462 546/1161/1128 551/1170/1137 550/359/339
f 3194/2135/1054 3183/1847/1767 3182/1786/1715 3195/1785/1054
f 476/339/319 454/338/318 456/2136/2023 475/998/968
f 541/67/53 542/1162/1129 539/1234/1199 540/1945/1865
f 3202/1803/1054 3175/1802/1726 3174/1631/1576 3203/1634/1054
f 3192/2137/1054 3185/2070/1971 3184/2069/1970 3193/2138/1054
f 792/2139/2024 793/929/898 791/930/899 782/2140/2025
f 457/1544/1497 458/1543/1496 456/2136/2023 455/2141/2026
f 1157/2142/2027 1168/2143/2028 1167/2144/2029 1159/2145/2030
f 786/2134/2022 789/962/932 787/940/910 776/939/909
f 500/1821/1741 501/1865/1786 491/1864/1785 492/1503/1459
f 3191/1088/1054 3186/1087/1056 3185/2070/1971 3192/2137/1054
f 501/1865/1786 500/1821/1741 518/1793/1719 517/1621/1566
f 2934/2146/2031 2912/2147/2032 2935/1943/1863 2941/1942/1862
f 3063/2148/2033 3064/2149/2034 2985/2150/2035 3053/2151/2036
f 788/960/930 798/498/478 785/1810/1733 784/961/931
f 797/963/933 802/495/475 798/498/478 788/960/930
f 780/2152/2037 781/2111/2006 778/2133/2021 779/2153/2038
f 534/1081/1050 539/1234/1199 542/1162/1129 535/1078/1047
f 455/2141/2026 456/2136/2023 454/338/318 453/997/967
f 794/2154/2039 806/1163/1130 793/929/898 792/2139/2024
f 1264/1671/1610 1265/2155/2040 1263/2156/2041 1262/2157/2042
f 808/1191/1158 823/1196/1163 810/981/951 806/1163/1130
f 561/356/336 560/1177/1144 567/1194/1161 566/924/893
f 2911/2158/2043 2913/2159/2044 2935/1943/1863 2912/2147/2032
f 3055/2160/2045 3056/2161/2046 3059/2162/2047 3048/2163/2048
f 777/1694/1632 783/2110/2005 779/2153/2038 778/2133/2021
f 2313/1615/1560 2363/2164/1103 2364/2165/2049 2311/2166/2050
f 814/1168/1135 813/68/54 541/67/53 540/1945/1865
f 27/55/45 30/77/62 29/78/62 28/56/45
f 475/998/968 456/2136/2023 458/1543/1496 474/1056/1025
f 646/2167/1728 648/2168/2051 647/2013/1916 645/2008/1663
f 2837/1753/1689 2872/1752/1688 2873/2169/2052 2835/2170/2053
f 799/1026/996 764/871/842 765/953/923 785/1810/1733
f 2950/2171/2054 2951/2172/2055 2952/2173/2056 2940/891/862
f 530/1117/1084 761/947/917 536/946/916 531/1622/1567
f 3022/2174/2057 3035/2175/2058 3036/1830/1750 3034/2176/2059
f 504/1152/1119 505/28/25 486/27/24 485/1055/1024
f 350/165/146 351/164/145 338/565/545 339/675/653
f 555/69/55 556/1002/972 554/1000/970 543/70/56
f 562/357/337 563/815/786 488/384/364 549/358/338
f 391/756/730 390/779/753 401/811/782 400/757/731
f 315/550/530 314/659/637 341/673/651 340/674/652
f 2105/2177/2060 2171/2178/2061 2153/2179/2062 2107/2180/1990
f 1831/2181/2063 1833/2182/2064 1832/2183/2065 1830/2184/2066
f 807/1192/1159 808/1191/1158 806/1163/1130 794/2154/2039
f 2887/2185/2067 2888/2186/2068 2889/2187/2069 2886/2188/2070
f 2886/2188/2070 2889/2187/2069 2909/2189/2071 2908/2190/2072
f 557/1003/973 558/1182/1149 553/1001/971 554/1000/970
f 2883/2191/2073 2881/2192/2074 2884/2193/2075 2907/2194/2076
f 559/1176/1143 558/1182/1149 569/1184/1151 568/1193/1160
f 2457/182/162 2440/2195/2077 2458/2196/2078 2477/2197/171
f 573/1206/1173 574/1201/1168 567/1194/1161 568/1193/1160
f 576/1240/1205 575/1202/1169 583/1251/626 582/1241/625
f 2932/473/453 2916/472/452 2915/2198/2079 2933/2199/2080
f 1212/135/117 1213/134/116 1211/463/443 1210/462/442
f 2885/2200/2081 2879/2201/2082 2877/2202/2083 2891/2203/2084
f 2466/2204/2085 2467/2205/2086 2469/2206/2087 2468/2207/2088
f 3208/1722/1659 3209/1684/1624 3210/1375/1335 3207/1761/1697
f 185/368/348 186/361/341 163/331/311 164/330/310
f 523/2036/1939 524/1854/1774 522/1798/1724 497/2064/1965
f 2948/2208/2089 2928/2209/2090 2947/2210/2091 2956/2211/2092
f 2927/1074/1043 2920/2212/2093 2928/2209/2090 2948/2208/2089
f 177/469/449 205/468/448 178/382/362 172/967/937
f 1342/2213/2094 1343/1022/992 1335/2104/1999 1337/2214/2095
f 2969/578/558 2963/1944/1864 2968/895/864 2992/579/559
f 2978/1438/1394 2953/2215/2096 2977/2216/2097 2983/920/889
f 2885/2200/2081 2884/2193/2075 2881/2192/2074 2879/2201/2082
f 803/964/934 814/1168/1135 802/495/475 797/963/933
f 2193/2217/2098 2199/2218/2099 2192/2219/2100 2174/2217/2101
f 2720/2220/2102 2727/633/611 2728/2221/2103 2719/2222/2104
f 2878/2223/2105 2879/2201/2082 2881/2192/2074 2880/2224/2106
f 2985/2150/2035 2975/2225/2107 2986/2226/2108 3053/2151/2036
f 3362/804/777 3374/546/526 3375/513/493 3361/802/775
f 598/1578/1532 442/306/286 444/305/285 579/2076/1207
f 2636/844/815 2637/843/814 2608/1372/1332 2609/2227/2109
f 285/592/572 284/594/574 303/625/605 302/2228/2110
f 2486/1272/1232 2499/2229/2111 2497/2230/2112 2484/1273/1233
f 2683/2231/2113 2685/2232/2114 2699/2233/2115 2684/2234/2116
f 1665/2235/2117 1666/2236/2118 1664/2237/2119 1662/2238/2120
f 292/606/586 293/679/658 261/2239/2121 260/545/525
f 25/58/46 26/57/46 24/82/64 23/81/64
f 728/1734/1669 727/2240/2122 747/1390/1350 746/1030/1000
f 736/1965/1880 735/2065/1966 739/1365/1325 738/1364/1324
f 844/1736/1671 843/2241/2123 850/2242/2124 849/1737/1672
f 2482/2243/2125 2484/1273/1233 2497/2230/2112 2494/2244/2126
f 658/2072/1019 660/2245/1019 659/1950/1871 657/1949/1870
f 587/616/596 588/1728/1182 610/1507/1462 609/617/597
f 732/2068/1969 731/1883/1804 743/1089/1057 742/1115/1082
f 1506/2050/1951 1509/494/474 1505/1028/998 1504/1922/1842
f 735/2065/1966 734/1726/1663 740/520/500 739/1365/1325
f 1428/2246/2127 1440/2247/2128 1430/2248/2129 1426/2249/2130
f 1611/1939/1859 1613/2250/2131 1612/2251/2132 1610/1940/1860
f 883/2252/2133 885/1285/1246 884/1288/1249 882/2253/2134
f 796/965/935 803/964/934 797/963/933 789/962/932
f 1442/2254/2135 1474/2255/2136 1441/2256/2137 1429/2257/2138
f 2823/1093/1061 2798/1092/1060 2797/1095/1063 2824/1094/1062
f 1799/2258/2139 1800/2259/2140 1797/2260/2141 1798/2261/2142
f 1297/276/256 1305/2262/2143 1298/2263/2144 1294/2264/2145
f 1133/2265/2146 1132/886/857 1152/2266/2147 1151/2267/145
f 1891/1987/1894 1892/1624/1569 1661/2268/2148 1663/1988/1895
f 650/2269/1019 652/2078/1975 651/2005/1910 649/2004/1909
f 1125/92/74 1127/1111/660 1126/1114/1081 1119/93/75
f 847/1738/1673 848/2270/2149 846/2271/2150 845/1735/1670
f 1123/2272/2151 1124/91/73 1120/94/76 1121/959/929
f 3012/1725/1662 3015/2273/2152 3016/2274/2153 3014/2275/2154
f 1549/2276/2155 1550/2277/2156 1524/2278/2157 1526/1937/1857
f 1072/2279/2158 1073/2280/2159 1041/2281/2160 1040/2279/2161
f 2950/2171/2054 2940/891/862 2949/1075/1044 2953/2215/2096
f 2353/2282/2162 2355/2283/2163 2430/2284/2164 2358/2285/2165
f 2921/2286/2166 2920/2212/2093 2927/1074/1043 2926/890/861
f 217/1687/1627 216/488/468 235/324/304 234/323/303
f 284/594/574 285/592/572 268/566/546 269/564/544
f 318/658/636 319/206/186 302/2228/2110 303/625/605
f 355/209/189 356/681/660 333/680/659 334/210/190
f 2171/2178/2061 2173/2287/2167 2170/2288/2168 2153/2179/2062
f 251/322/302 250/321/301 269/564/544 268/566/546
f 2920/2212/2093 2921/2286/2166 2901/2289/2169 2902/154/135
f 2920/2212/2093 2902/154/135 2919/157/138 2928/2209/2090
f 111/214/194 110/213/193 137/292/272 136/291/271
f 257/437/417 258/537/517 226/540/520 228/347/327
f 275/442/422 279/619/599 274/603/583 243/443/423
f 282/294/274 283/593/573 270/563/543 271/295/275
f 3213/1373/1333 3242/1676/1615 3243/1683/1623 3214/1637/1580
f 3288/1524/1477 3233/1523/1476 3232/1417/1373 3289/1416/177
f 2199/2218/2099 2210/2290/2170 2200/2290/2171 2192/2219/2100
f 3250/1415/1372 3236/1414/1371 3235/1462/1418 3251/1537/1490
f 875/2291/521 877/2292/188 876/2293/2172 874/2294/2173
f 2408/2295/78 2410/2296/2174 2411/2297/2175 2409/2298/2176
f 2960/2299/2177 2971/1125/1092 2972/655/633 2959/654/632
f 1126/1114/1081 1128/1113/1080 1108/2067/1968 1109/1743/2178
f 2434/2300/2179 2429/2301/2180 2433/2302/2181 2443/2303/2182
f 2250/2304/2183 2260/2305/2184 2261/326/306 2249/325/305
f 668/1427/1383 669/913/882 655/1998/1903 657/1949/1870
f 184/367/347 183/370/350 200/614/594 199/426/406
f 1159/2145/2030 1167/2144/2029 1166/2306/2185 1161/2307/2186
f 2084/2308/2187 2083/2309/2188 2288/2310/2189 2282/2311/2190
f 2588/2312/2191 2583/2313/2192 2587/1827/1747 2605/1826/1746
f 1485/2314/2193 1484/2315/2194 1486/1584/1538 1439/2316/2195
f 3028/2098/1995 2988/656/634 3027/2317/2196 3030/2318/2197
f 2054/910/879 2059/2319/2198 2058/2320/2199 2052/2321/2200
f 2974/2322/2201 2958/2323/2202 2973/653/631 2987/2097/1994
f 173/1880/1801 177/469/449 172/967/937 141/1229/1194
f 2724/2093/1990 2738/2324/2203 2739/631/609 2726/630/608
f 3502/2325/2204 3506/108/90 3507/265/245 3499/264/244
f 2329/2326/2205 2327/491/471 2331/2327/2206 2330/2328/2207
f 2524/2329/2208 2561/2330/2209 2562/2331/267 2523/2332/2210
f 3418/11/9 3524/263/243 3525/89/71 3416/231/211
f 140/1881/1802 141/1229/1194 139/1230/1195 108/1876/1797
f 2408/2295/78 2405/1179/1146 2403/2333/2211 2423/2334/2212
f 2959/654/632 2945/2335/2213 2944/2336/2214 2960/2299/2177
f 1637/2337/2215 1636/2338/2216 1640/2339/2217 1639/1297/1258
f 2825/1097/1065 2741/1731/1666 2826/2340/2218 2875/1697/1635
f 1204/2341/2219 1237/561/541 1234/1732/1667 1206/2342/2220
f 2689/2343/2221 2678/2344/2222 2688/2345/2223 2695/2346/2224
f 665/1873/1794 666/1872/1793 661/2016/1919 663/2075/1974
f 1757/2347/2225 1758/2102/1997 1707/2119/2014 1719/2348/2226
f 2961/2349/2227 2943/2350/2228 2942/2351/2229 2962/2352/2230
f 2740/1730/1665 2745/2353/2231 2746/2354/2232 2744/2355/2233
f 213/483/463 214/456/436 203/424/404 204/2356/2234
f 472/971/941 490/1015/985 489/1014/984 473/968/938
f 2544/1651/1592 2545/2357/2235 2531/2358/2236 2536/2359/2237
f 2961/2349/2227 2970/577/557 2971/1125/1092 2960/2299/2177
f 2270/300/280 2271/2360/2238 2272/2361/2239 2269/2362/2240
f 308/660/638 314/659/637 307/620/600 279/619/599
f 248/529/509 249/527/507 236/487/467 237/486/466
f 2906/2363/2241 2894/2364/2242 2883/2191/2073 2907/2194/2076
f 2977/2216/2097 2955/2365/2243 2976/2366/2244 2984/2367/2245
f 2942/2351/2229 2934/2146/2031 2941/1942/1862 2962/2352/2230
f 3039/1833/1753 3046/2368/2246 3034/2176/2059 3036/1830/1750
f 3058/2369/2247 3049/2370/2248 3048/2163/2048 3059/2162/2047
f 2887/2185/2067 2886/2188/2070 2885/2200/2081 2891/2203/2084
f 1827/748/724 1828/751/727 1825/2371/2249 1826/2372/2250
f 1134/741/717 1133/2265/2146 1151/2267/145 1150/742/718
f 924/2373/2251 925/2374/2252 923/2375/2253 921/1404/1362
f 3041/1894/1814 3045/2376/2254 3046/2368/2246 3039/1833/1753
f 1665/2235/2117 1672/2377/2255 1667/2378/2256 1666/2236/2118
f 2715/2379/2257 2708/2380/2258 2716/217/197 2732/2381/2259
f 1365/1488/1444 1370/1487/1443 1369/2382/2260 1367/2383/2261
f 2817/171/151 2867/2384/2262 2866/2385/2263 2816/168/148
f 1254/1362/1322 1236/1361/1321 1238/560/540 1253/2386/2264
f 1845/2387/2265 1846/2388/2266 1832/2183/2065 1834/2389/2267
f 1253/2386/2264 1307/2390/2268 1296/274/254 1254/1362/1322
f 3011/738/714 3012/1725/1662 3014/2275/2154 3013/735/711
f 2441/2391/2269 2435/2392/2270 2442/2393/2271 2459/2394/2272
f 1700/2395/2273 1701/2396/2274 1692/2397/2275 1690/2398/2276
f 1385/2399/2277 1383/2400/2278 1381/554/534 1356/2401/2279
f 2733/2402/2280 2715/2379/2257 2732/2381/2259 2653/2403/2281
f 71/2404/2282 75/1326/1286 69/1328/1288 68/2405/2283
f 1606/2406/2284 1615/2407/2285 1614/2408/2286 1604/2409/2287
f 347/791/764 375/789/762 348/710/687 342/709/686
f 3501/1041/1011 3502/2325/2204 3499/264/244 3498/451/431
f 1206/2342/2220 1207/2410/2288 1205/2411/2289 1204/2341/2219
f 2251/2412/2290 2239/1458/1414 2238/1457/1413 2252/1859/1780
f 3482/995/965 3483/994/964 3485/1076/1045 3484/1164/1131
f 2953/2215/2096 2949/1075/1044 2955/2365/2243 2977/2216/2097
f 2357/2413/2291 2366/2414/2292 2367/159/140 2356/2415/2293
f 2907/2194/2076 2914/2416/2294 2905/2417/2295 2906/2363/2241
f 2904/2418/1076 2899/2419/2296 2906/2363/2241 2905/2417/2295
f 1130/543/523 1131/542/522 1106/888/859 1107/2066/1967
f 2903/156/137 2900/155/136 2899/2419/2296 2904/2418/1076
f 3400/96/78 3473/88/70 3474/90/72 3401/97/79
f 1277/2420/2297 1294/2264/2145 1281/2421/2298 1276/2422/2299
f 3506/108/90 3502/2325/2204 3505/448/428 3522/109/91
f 735/2065/1966 736/1965/1880 713/2054/1955 714/2053/1954
f 2811/2423/2300 2862/2424/2301 2861/2425/2302 2812/2426/2303
f 3132/1466/1422 3103/1868/1789 3102/1869/1790 3133/1464/1420
f 149/711/688 150/272/252 131/247/227 132/712/689
f 2158/1914/1834 2166/1913/1833 2159/1992/1899 2148/1453/1409
f 1132/886/857 1131/542/522 1153/541/521 1152/2266/2147
f 2091/2427/2304 2047/1400/1358 2046/2428/2305 2090/907/876
f 954/2429/2306 962/2088/1985 953/2091/1988 952/2430/2307
f 1057/1131/1098 1059/1579/1533 1054/1579/1685 1055/1132/1099
f 3391/99/81 3386/501/481 3403/1036/1006 3399/100/82
f 3053/2151/2036 2986/2226/2108 3052/2096/1993 3057/2431/2308
f 2908/2190/2072 2909/2189/2071 2915/2198/2079 2914/2416/2294
f 3338/687/666 3337/758/732 3349/1136/1104 3348/1135/1103
f 2295/2432/2309 2296/2433/2310 2298/2434/2311 2297/2435/2312
f 2965/1685/1625 2967/1954/1875 2994/1957/1878 2966/1686/1626
f 2317/2436/2313 2325/492/472 2326/2437/2314 2316/1614/1559
f 2907/2194/2076 2884/2193/2075 2908/2190/2072 2914/2416/2294
f 3052/2096/1993 3051/2095/1992 3050/2438/1508 3057/2431/2308
f 2986/2226/2108 2974/2322/2201 2987/2097/1994 3052/2096/1993
f 640/1984/1891 642/2439/2315 641/1275/1235 639/1985/1892
f 80/848/819 79/611/591 100/279/259 99/849/820
f 1957/2440/2316 1962/2441/2317 1961/2442/2318 1959/2443/2319
f 3030/2318/2197 3025/409/389 3023/408/388 3031/2444/2320
f 2815/1467/1423 2865/2445/2321 2864/2446/2322 2814/2447/2323
f 848/2270/2149 847/1738/1673 1193/2448/2324 1194/2449/2325
f 2914/2416/2294 2915/2198/2079 2916/472/452 2905/2417/2295
f 3057/2431/2308 3050/2438/1508 3049/2370/2248 3058/2369/2247
f 2303/1266/1227 2296/2433/2310 2304/2450/2326 2372/1267/1228
f 2469/2206/2087 2470/2451/2327 2471/2452/2328 2468/2207/2088
f 3058/2369/2247 3063/2148/2033 3053/2151/2036 3057/2431/2308
f 3003/2453/2329 3006/2454/2330 3009/1723/1660 3004/2455/2331
f 3024/410/390 3025/409/389 3026/736/712 3013/735/711
f 1404/2456/2332 1405/2457/2333 1403/2458/2334 1402/2459/2335
f 3128/1912/1832 3107/1227/1192 3106/1226/1191 3129/1898/1818
f 3004/2455/2331 3009/1723/1660 3011/738/714 3017/737/713
f 2439/181/161 2437/2460/2336 2440/2195/2077 2457/182/162
f 3032/2461/2337 3050/2438/1508 3051/2095/1992 3031/2444/2320
f 2962/2352/2230 2941/1942/1862 2963/1944/1864 2969/578/558
f 3031/2444/2320 3023/408/388 3022/2174/2057 3032/2461/2337
f 3413/137/119 3527/86/68 3407/121/103 3409/120/102
f 2987/2097/1994 2973/653/631 2988/656/634 3028/2098/1995
f 790/1073/1042 796/965/935 789/962/932 786/2134/2022
f 1262/2157/2042 1270/2462/2338 1269/242/222 1264/1671/1610
f 2349/2463/2339 2352/2464/209 2357/2413/2291 2356/2415/2293
f 959/1480/1436 960/2465/2340 958/2466/2341 950/1481/1437
f 1723/2467/2342 1724/2468/2343 1722/2469/2344 1717/2470/2345
f 3422/117/99 3419/12/10 3417/984/954 3423/114/96
f 867/1971/1883 869/2471/2346 868/2472/2347 866/1972/1884
f 3059/2162/2047 3061/2473/2348 3063/2148/2033 3058/2369/2247
f 2440/2195/2077 2436/2474/2349 2441/2391/2269 2458/2196/2078
f 174/1546/1500 175/938/908 173/1880/1801 142/1879/1800
f 3168/1896/1816 3139/1895/1815 3137/719/696 3169/986/956
f 2723/2475/2350 2725/2476/2351 2738/2324/2203 2724/2093/1990
f 179/383/363 180/423/403 169/318/298 170/317/297
f 1196/2477/2352 1195/2478/2353 849/1737/1672 850/2242/2124
f 3056/2161/2046 3060/2479/2354 3061/2473/2348 3059/2162/2047
f 1167/2144/2029 1171/111/93 1170/2480/2355 1166/2306/2185
f 2066/2481/2356 2067/2482/2357 2064/2483/2358 2065/2484/2359
f 219/333/313 218/454/434 233/523/503 232/334/314
f 3123/1908/1828 3112/1837/1757 3111/2030/1933 3124/2029/1932
f 1992/1619/1564 1994/2485/2360 1993/129/111 1991/128/110
f 2060/909/878 2061/2486/2361 2059/2319/2198 2054/910/879
f 2984/2367/2245 2976/2366/2244 2985/2150/2035 3064/2149/2034
f 2892/2487/2362 2883/2191/2073 2894/2364/2242 2893/2488/2363
f 2893/2488/2363 2894/2364/2242 2896/584/564 2895/583/563
f 759/519/499 760/1116/1083 739/1365/1325 740/520/500
f 2569/2489/2364 2517/1289/1250 2568/1292/1253 2573/2490/2365
f 1888/2491/2366 1923/2492/2367 1889/2493/2368 1764/2494/2369
f 2281/2495/2370 2282/2311/2190 2283/287/267 2280/2496/2210
f 139/1230/1195 143/314/294 138/316/296 107/1877/1798
f 3423/114/96 3417/984/954 3425/2497/2371 3424/1256/1217
f 1070/1381/1341 1071/2498/2372 1042/2499/2373 1043/1545/1498
f 2205/1473/1429 2204/2500/2374 2206/285/2375 2290/1474/1430
f 727/2240/2122 728/1734/1669 721/1101/1069 722/1100/1068
f 724/2501/2376 725/2502/2377 723/2052/1953 697/2057/1958
f 180/423/403 179/383/363 204/2356/2234 203/424/404
f 151/273/253 150/272/252 165/369/349 164/330/310
f 1030/2503/2378 1031/2504/2379 1029/1424/1380 1024/1423/1379
f 2549/434/414 2550/433/413 2526/2505/2380 2527/2506/2381
f 845/1735/1670 846/2271/2150 839/1340/1300 838/1339/1299
f 2089/635/613 2045/2010/1913 2056/2009/551 2088/298/278
f 252/522/502 253/857/828 232/334/314 233/523/503
f 2523/2332/2210 2501/2507/2382 2502/2508/2383 2524/2329/2208
f 2576/2509/2384 2565/2510/2385 2577/2511/2386 2595/379/359
f 2921/2286/2166 2922/2512/2387 2923/2513/2388 2901/2289/2169
f 2975/2225/2107 2957/2514/2389 2974/2322/2201 2986/2226/2108
f 2471/2452/2328 2472/2515/2390 2473/2516/2391 2476/2517/2392
f 915/2518/2393 916/2519/2394 914/2520/2395 913/2521/2396
f 192/475/455 193/1563/1517 191/387/367 190/386/366
f 1359/1188/1155 1373/1187/1154 1372/2522/2397 1361/1552/1506
f 145/290/270 146/283/263 135/284/264 136/291/271
f 2591/2523/2398 2580/2524/2399 2590/505/485 2618/1387/1347
f 2181/2525/2400 2180/2526/2401 2187/2527/2402 2186/2528/2403
f 138/316/296 144/289/269 137/292/272 109/234/214
f 2137/1566/1520 2139/461/441 2136/2529/2404 2129/2530/2405
f 970/2531/2406 971/2532/2407 969/2533/2408 968/2534/2409
f 2619/1388/1348 2589/504/484 2588/2312/2191 2620/1993/1900
f 2989/2535/2410 2972/655/633 2971/1125/1092 2990/1124/1091
f 1918/2536/2411 1919/1626/1571 1917/2537/2412 1897/2538/2413
f 188/256/236 187/360/340 196/363/343 195/257/237
f 1117/1304/1264 1115/932/901 1121/959/929 1120/94/76
f 286/591/571 285/592/572 302/2228/2110 301/634/612
f 2086/2539/2414 2058/2320/2199 2059/2319/2198 2085/2540/2415
f 731/1883/1804 732/2068/1969 717/2017/1920 718/1422/1378
f 1805/2541/2416 1806/1556/1510 1789/2542/2417 1791/2543/2418
f 3216/1674/1613 3240/1668/1607 3241/1677/1616 3215/1376/1336
f 2700/2544/2419 2702/2545/2420 2722/2092/1989 2701/2546/2421
f 2613/380/360 2594/1306/1266 2614/1309/1269 2631/2547/2422
f 2880/2224/2106 2881/2192/2074 2883/2191/2073 2882/2548/2423
f 729/1733/1668 730/1882/1803 719/1421/1377 720/1110/1078
f 1051/2045/1948 1063/2044/1947 1050/2549/2424 1018/2550/2425
f 107/1877/1798 138/316/296 109/234/214 105/233/213
f 120/101/83 119/130/112 128/194/174 127/105/87
f 242/444/424 243/443/423 241/605/585 210/2551/2426
f 210/2551/2426 241/605/585 209/534/514 208/533/513
f 2707/218/198 2695/2346/2224 2706/2552/2427 2717/219/199
f 1312/575/555 1322/574/554 1313/2553/2428 1307/2390/2268
f 3065/921/890 2984/2367/2245 3064/2149/2034 3067/2554/2429
f 3032/2461/2337 3022/2174/2057 3034/2176/2059 3033/2555/2430
f 2397/2556/2431 2430/2284/2164 2431/2557/2432 2429/2301/2180
f 386/814/785 387/752/728 370/755/521 371/835/806
f 260/545/525 261/2239/2121 259/538/518 258/537/517
f 182/377/357 181/376/356 202/425/405 201/613/593
f 1361/1552/1506 1372/2522/2397 1371/1486/1442 1363/1485/1441
f 415/797/770 416/173/153 406/795/768 407/798/771
f 116/202/182 115/201/181 132/712/689 131/247/227
f 323/238/218 324/455/435 297/478/458 298/239/219
f 104/235/215 110/213/193 103/216/196 75/1326/1286
f 113/44/37 112/278/258 135/284/264 134/45/38
f 2049/2558/2433 2050/2011/1914 2044/1570/1525 2038/1569/1524
f 3293/1394/524 3290/1396/521 3294/1418/1374 3317/1529/1482
f 387/752/728 386/814/785 405/794/767 404/781/754
f 115/201/181 114/43/36 133/46/39 132/712/689
f 2086/2539/2414 2085/2540/2415 2281/2495/2370 2271/2360/2238
f 323/238/218 322/237/217 333/680/659 332/212/192
f 2947/2210/2091 2929/588/568 2946/1330/1290 2957/2514/2389
f 2958/2323/2202 2945/2335/2213 2959/654/632 2973/653/631
f 114/43/36 115/201/181 98/204/184 99/849/820
f 2896/584/564 2899/2419/2296 2900/155/136 2898/585/565
f 1889/2493/2368 1890/1986/1893 1675/1989/1896 1676/2559/2434
f 584/2560/1181 585/1982/1180 607/1692/1631 603/1586/1540
f 927/2561/2435 928/2562/2436 924/2373/2251 926/2563/2437
f 2933/2199/2080 2924/2564/2438 2934/2146/2031 2942/2351/2229
f 781/2111/2006 790/1073/1042 786/2134/2022 778/2133/2021
f 2068/2565/2439 2071/2566/2440 2067/2482/2357 2066/2481/2356
f 1270/2462/2338 1274/430/410 1273/243/223 1269/242/222
f 733/1727/1664 732/2068/1969 742/1115/1082 741/521/501
f 2924/2564/2438 2910/2567/2441 2912/2147/2032 2934/2146/2031
f 881/2568/660 883/2252/2133 882/2253/2134 880/2569/2442
f 726/1493/1449 748/1492/1448 725/2502/2377 724/2501/2376
f 635/1595/1546 638/1983/1019 637/598/578 636/597/577
f 1812/2570/2443 1814/2571/2287 1813/1902/1822 1811/2572/2444
f 606/867/838 599/1575/1530 580/2077/1244 581/868/839
f 2081/2573/2445 2072/2574/2446 2080/2575/2447 2292/1442/1398
f 2957/2514/2389 2946/1330/1290 2958/2323/2202 2974/2322/2201
f 2599/2576/2448 2598/2577/2449 2609/2227/2109 2608/1372/1332
f 1294/2264/2145 1298/2263/2144 1293/2578/2450 1281/2421/2298
f 2253/1857/1777 2237/2579/2451 2255/906/875 2254/636/614
f 2250/2304/2183 2240/2580/2452 2239/1458/1414 2251/2412/2290
f 1350/1344/1304 1385/2399/2277 1356/2401/2279 1354/1350/1310
f 1545/2581/2453 1546/2582/2454 1532/2583/2455 1534/2584/2456
f 1579/2585/2457 1581/2586/2458 1580/2587/2459 1578/2588/2460
f 1423/2589/2461 1424/2590/2462 1422/2591/2463 1421/2592/2464
f 3006/2454/2330 3008/2593/2465 3010/1724/1661 3009/1723/1660
f 2928/2209/2090 2919/157/138 2929/588/568 2947/2210/2091
f 2899/2419/2296 2896/584/564 2894/2364/2242 2906/2363/2241
f 2378/2594/2466 2385/2595/2467 2386/2596/2468 2377/1268/792
f 216/488/468 217/1687/1627 200/614/594 201/613/593
f 1920/1625/1570 1921/2597/2469 1963/2598/2470 1940/2599/2471
f 324/455/435 325/665/643 296/607/587 297/478/458
f 319/206/186 320/205/185 301/634/612 302/2228/2110
f 316/551/531 317/657/635 304/624/604 305/552/532
f 325/665/643 324/455/435 331/211/191 330/224/204
f 215/457/437 216/488/468 201/613/593 202/425/405
f 1852/1890/1810 1853/2600/2472 1845/2387/2265 1844/2601/2473
f 113/44/37 114/43/36 99/849/820 100/279/259
f 2464/2602/2474 2459/2394/2272 2463/1322/1282 2466/2204/2085
f 544/999/969 545/1160/1127 535/1078/1047 542/1162/1129
f 149/711/688 148/282/262 167/320/300 166/371/351
f 309/373/353 313/672/650 308/660/638 277/374/354
f 72/302/282 73/236/216 71/2404/2282 70/2603/2475
f 117/246/226 118/177/157 95/178/158 96/678/657
f 1562/1525/1478 1415/2604/2476 1553/2605/2477 1554/2606/2478
f 2474/2607/2479 2473/2516/2391 2472/2515/2390 2480/2608/2480
f 152/329/309 153/193/173 128/194/174 129/249/229
f 226/540/520 227/539/519 225/1562/1516 224/474/454
f 3306/1643/1586 3307/1469/1425 3308/1410/1367 3305/1439/1395
f 3237/1413/1370 3238/1412/1369 3239/1669/1608 3217/1673/1612
f 2309/2609/2481 2310/2610/2482 2312/2611/2483 2311/2166/2050
f 3065/921/890 3067/2554/2429 3062/2612/2484 3066/922/891
f 249/527/507 248/529/509 271/295/275 270/563/543
f 2524/2329/2208 2502/2508/2383 2503/2613/2485 2525/2614/2486
f 2501/2507/2382 2487/2615/2487 2488/2616/2488 2502/2508/2383
f 1119/93/75 1126/1114/1081 1109/1743/2178 1118/1547/1501
f 2247/351/331 2263/713/690 2212/676/654 2246/348/328
f 2983/920/889 2977/2216/2097 2984/2367/2245 3065/921/890
f 1356/2401/2279 1381/554/534 1379/557/537 1355/1539/1492
f 3251/1537/1490 3235/1462/1418 3234/1461/1417 3287/1522/1475
f 1202/764/738 1239/558/538 1237/561/541 1204/2341/2219
f 3047/2617/2489 3048/2163/2048 3049/2370/2248 3033/2555/2430
f 217/1687/1627 218/454/434 199/426/406 200/614/594
f 2363/2164/1103 2362/2618/1125 2368/2619/2490 2364/2165/2049
f 2374/2620/2491 2373/1265/1226 2376/2621/2492 2404/1178/1145
f 2991/576/556 3003/2453/2329 3004/2455/2331 2990/1124/1091
f 2547/568/548 2546/934/904 2555/937/907 2554/2622/2493
f 1067/662/640 1066/354/1550 1081/1603/1552 1080/2623/2494
f 3452/1691/1630 3431/694/672 3454/2624/2495 3453/2625/2496
f 2386/2596/2468 2402/2626/2497 2403/2333/2211 2376/2621/2492
f 2403/2333/2211 2402/2626/2497 2424/2627/2498 2423/2334/2212
f 2177/1448/1404 2189/2628/2499 2178/1990/1897 2166/1913/1833
f 2990/1124/1091 3004/2455/2331 3017/737/713 2989/2535/2410
f 2930/1329/1289 2918/587/567 2917/471/451 2931/470/450
f 2795/2629/2500 2796/1096/1064 2797/1095/1063 2794/2630/2501
f 2488/2616/2488 2485/1271/1231 2483/1270/1230 2489/2631/2502
f 2793/2632/2503 2798/1092/1060 2799/1091/1059 2792/2633/2504
f 2468/2207/2088 2471/2452/2328 2476/2517/2392 2478/2634/674
f 1134/741/717 1135/740/716 1102/1681/1621 1103/1755/1691
f 2822/1090/1058 2872/1752/1688 2871/1751/1687 2821/2635/2505
f 1728/2636/2506 1730/2637/2507 1729/2638/2508 1727/2639/2509
f 2950/2171/2054 2953/2215/2096 2978/1438/1394 2954/2640/2510
f 2979/2641/2511 2954/2640/2510 2978/1438/1394 2982/1437/1393
f 1033/2642/2512 1035/2643/2513 1034/2644/2514 1032/2645/2515
f 2234/2646/2516 2255/906/875 2237/2579/2451 2236/2647/2517
f 245/604/584 273/562/542 246/531/511 240/530/510
f 1222/1321/1281 1226/1320/1280 1225/2648/2518 1221/2649/2519
f 3457/1264/1225 3458/400/380 3469/667/645 3459/1596/1547
f 3054/2650/2520 3055/2160/2045 3048/2163/2048 3047/2617/2489
f 2304/2450/2326 2294/2651/2521 2306/2652/2522 2305/2653/2523
f 3061/2473/2348 3067/2554/2429 3064/2149/2034 3063/2148/2033
f 2090/907/876 2046/2428/2305 2045/2010/1913 2089/635/613
f 527/1931/1851 737/1964/1879 528/1966/1881 520/2654/2524
f 879/2655/2525 881/2568/660 880/2569/2442 878/2656/2526
f 642/2439/2315 644/2657/2527 643/1276/1236 641/1275/1235
f 873/2658/177 875/2291/521 874/2294/2173 872/2659/2528
f 648/2168/2051 650/2269/1019 649/2004/1909 647/2013/1916
f 2915/2198/2079 2909/2189/2071 2924/2564/2438 2933/2199/2080
f 2993/896/865 2966/1686/1626 2994/1957/1878 2997/2660/2529
f 2979/2641/2511 2980/2661/2530 2981/2662/2531 2954/2640/2510
f 2134/825/796 2141/1452/1408 2133/1455/1411 2132/822/793
f 2638/2663/2532 2640/846/817 2641/2664/2533 2639/2665/2534
f 1094/2666/2535 1093/2667/2536 1100/601/581 1099/1277/1238
f 2783/1664/1603 2808/2668/2537 2809/2669/2538 2781/1661/1600
f 2787/1794/1720 2804/170/150 2805/169/149 2786/1704/1642
f 2785/1701/1639 2806/1468/1424 2807/2670/2539 2784/1812/1735
f 2824/1094/1062 2874/1696/1634 2873/2169/2052 2823/1093/1061
f 2784/1812/1735 2807/2670/2539 2808/2668/2537 2783/1664/1603
f 498/1223/1188 520/2654/2524 499/1502/1458 493/1501/1457
f 2789/1769/1705 2802/2671/2540 2803/1900/1820 2788/1766/1702
f 2790/422/402 2801/421/401 2802/2671/2540 2789/1769/1705
f 2818/1901/1821 2868/2672/2541 2867/2384/2262 2817/171/151
f 2792/2633/2504 2799/1091/1059 2800/420/400 2791/419/399
f 1018/2550/2425 1017/1235/1200 1052/1238/1203 1051/2045/1948
f 2794/2630/2501 2797/1095/1063 2798/1092/1060 2793/2632/2503
f 2128/2673/94 2135/824/795 2127/823/794 2126/2674/2542
f 3158/2033/1936 3149/2032/1935 3148/1920/1840 3159/1848/1768
f 1295/277/257 1297/276/256 1294/2264/2145 1277/2420/2297
f 2813/2675/2543 2863/2676/2544 2862/2424/2301 2811/2423/2300
f 2747/1048/1018 2745/2353/2231 2795/2629/2500 2752/2677/2545
f 2794/2630/2501 2754/2125/2017 2752/2677/2545 2795/2629/2500
f 2793/2632/2503 2756/2126/2018 2754/2125/2017 2794/2630/2501
f 1293/2578/2450 1299/2678/2546 1292/508/488 1280/2679/2547
f 2792/2633/2504 2758/2680/2548 2756/2126/2018 2793/2632/2503
f 145/290/270 144/289/269 171/315/295 170/317/297
f 2791/419/399 2760/2681/2549 2758/2680/2548 2792/2633/2504
f 2789/1769/1705 2764/1768/1704 2762/1814/1736 2790/422/402
f 2843/2682/2550 2869/2683/2551 2870/2684/2552 2841/1778/1709
f 2790/422/402 2762/1814/1736 2760/2681/2549 2791/419/399
f 982/2056/1957 965/2685/2553 984/2686/2554 983/2055/1956
f 893/1714/1651 892/1948/1868 943/1947/1867 942/1715/1652
f 2671/2687/2555 2672/2688/2556 2674/2689/2557 2673/2690/2558
f 2835/2170/2053 2873/2169/2052 2874/1696/1634 2833/1695/1633
f 946/1369/1329 947/1368/1328 945/2691/2559 944/2692/2560
f 1186/1718/1655 1190/2693/2561 1189/2694/2562 1188/2695/2563
f 2831/1698/1636 2875/1697/1635 2826/2340/2218 2828/2696/2564
f 2743/2697/2565 2827/2698/2566 2828/2696/2564 2826/2340/2218
f 1021/2699/2567 1022/353/333 1002/2700/2568 1003/876/847
f 2777/2701/1019 2778/1662/1601 2780/1765/1701 2779/2702/1019
f 2775/2703/1019 2776/1663/1602 2778/1662/1601 2777/2701/1019
f 1193/2448/2324 1195/2478/2353 1191/2704/2569 1192/2705/2570
f 2751/2706/1728 2752/2677/2545 2754/2125/2017 2753/2124/1019
f 1175/2707/2571 1173/2040/1942 1174/2039/1941 957/2708/2572
f 2849/2123/2016 2850/2122/1054 2852/2709/1054 2851/2710/2573
f 910/2087/1984 932/2086/1983 927/2561/2435 911/2711/2574
f 2828/2696/2564 2830/2712/1054 2832/2713/2012 2831/1698/1636
f 2767/2714/1019 2768/1795/1721 2770/1703/1641 2769/2715/1019
f 2765/2716/1019 2766/1767/1703 2768/1795/1721 2767/2714/1019
f 2344/2717/2575 2345/2718/2576 2346/2719/243 2343/2720/2577
f 2773/2721/1019 2774/1811/1734 2776/1663/1602 2775/2703/1019
f 910/2087/1984 853/2722/2578 905/2723/2579 909/2084/1981
f 2119/2724/2580 2126/2674/2542 2124/2725/2581 2121/2726/2010
f 2473/2516/2391 2416/1062/1031 2419/2727/2582 2476/2517/2392
f 1035/2643/2513 1037/1120/1087 1036/1123/1090 1034/2644/2514
f 2763/1815/1737 2764/1768/1704 2766/1767/1703 2765/2716/1019
f 727/2240/2122 725/2502/2377 748/1492/1448 747/1390/1350
f 871/2728/145 873/2658/177 872/2659/2528 870/2729/2583
f 3127/957/927 3146/1974/1886 3147/1921/1841 3126/954/924
f 911/2711/2574 927/2561/2435 926/2563/2437 913/2521/2396
f 3135/720/697 3137/719/696 3139/1895/1815 3134/1892/1812
f 602/1689/1628 614/1599/1549 601/2730/1365 600/2731/1696
f 3125/1919/1839 3148/1920/1840 3149/2032/1935 3124/2029/1932
f 863/1070/1039 865/1970/1882 864/1973/1885 862/1071/1040
f 858/2732/2584 859/2733/1607 857/2734/2585 840/2735/2586
f 603/1586/1540 604/645/623 583/648/626 584/2560/1181
f 2759/2736/1728 2760/2681/2549 2762/1814/1736 2761/1813/1019
f 2757/2737/1019 2758/2680/2548 2760/2681/2549 2759/2736/1728
f 2833/1695/1633 2834/2738/1054 2836/2739/1054 2835/2170/2053
f 2755/2127/1019 2756/2126/2018 2758/2680/2548 2757/2737/1019
f 3193/2138/1054 3184/2069/1970 3183/1847/1767 3194/2135/1054
f 2749/1049/1019 2747/1048/1018 2752/2677/2545 2751/2706/1728
f 985/2686/2587 1010/2740/2588 983/2055/1956 984/2686/2554
f 857/2734/2585 860/1072/1041 856/2741/2589 832/2742/2590
f 725/2502/2377 727/2240/2122 722/1100/1068 723/2052/1953
f 988/1862/1783 987/1710/1647 1008/2059/1960 1007/2071/1972
f 1019/2743/2591 1020/2744/2592 1004/875/846 1005/1861/1782
f 891/1946/1869 892/1948/1868 886/1287/1248 888/2745/2593
f 1022/353/333 1023/352/332 1001/2746/2594 1002/2700/2568
f 1006/2747/2595 1019/2743/2591 1005/1861/1782 989/1860/1781
f 903/863/834 890/1700/1638 862/1071/1040 864/1973/1885
f 1031/2504/2379 1033/2642/2512 1032/2645/2515 1029/1424/1380
f 2857/2748/2596 2858/2749/1054 2860/2750/1054 2859/2751/2597
f 895/1932/1852 894/1713/1650 941/1716/1653 940/1933/1853
f 974/2061/1962 980/1711/1648 979/1863/1784 975/2752/2598
f 2745/2353/2231 2747/1048/1018 2748/1051/1020 2746/2354/2232
f 2781/1661/1600 2809/2669/2538 2810/2753/2599 2782/1764/1700
f 831/2754/2600 836/2755/2601 830/2756/2602 832/2742/2590
f 877/2292/188 879/2655/2525 878/2656/2526 876/2293/2172
f 869/2471/2346 871/2728/145 870/2729/2583 868/2472/2347
f 1429/2257/2138 1441/2256/2137 1428/2246/2127 1427/2757/2603
f 957/2708/2572 939/1808/1731 940/1933/1853 956/2758/2604
f 3474/90/72 3525/89/71 3524/263/243 3475/830/801
f 1909/2759/2605 1911/2760/2606 1915/2761/2607 1908/776/750
f 2004/126/108 2003/2762/2608 2019/2763/2609 2018/2764/2610
f 675/1274/1234 674/2007/1912 686/2021/1924 685/2026/1929
f 842/2765/2611 853/2722/2578 852/2766/2612 843/2241/2123
f 1605/2767/2613 1607/2768/2614 1606/2406/2284 1604/2409/2287
f 850/2242/2124 851/2769/2615 1197/2770/2616 1196/2477/2352
f 1285/511/491 1290/510/490 1287/1757/1693 1284/1756/1692
f 1195/2478/2353 1196/2477/2352 1190/2693/2561 1191/2704/2569
f 843/2241/2123 844/1736/1671 841/2771/2617 842/2765/2611
f 2309/2609/2481 2369/2772/2618 2370/2773/2619 2307/2774/2620
f 3492/453/433 3493/452/432 3494/310/290 3488/309/289
f 1161/2307/2186 1166/2306/2185 1165/2775/2621 1163/2776/2622
f 930/1845/1765 931/1844/1764 929/2777/2623 928/2562/2436
f 521/1222/1187 527/1931/1851 520/2654/2524 498/1223/1188
f 2636/844/815 2609/2227/2109 2635/2778/655 2646/2779/2624
f 2814/2447/2323 2807/2670/2539 2806/1468/1424 2815/1467/1423
f 1649/2780/2625 1651/2781/2626 1650/2782/2627 1648/2783/2628
f 859/2733/1607 861/1069/1038 860/1072/1041 857/2734/2585
f 1161/2307/2186 1162/2784/2629 1160/2785/2630 1159/2145/2030
f 2745/2353/2231 2740/1730/1665 2796/1096/1064 2795/2629/2500
f 2814/2447/2323 2864/2446/2322 2863/2676/2544 2813/2675/2543
f 892/1948/1868 893/1714/1651 884/1288/1249 886/1287/1248
f 2786/1704/1642 2805/169/149 2806/1468/1424 2785/1701/1639
f 2816/168/148 2866/2385/2263 2865/2445/2321 2815/1467/1423
f 834/2786/2631 854/2787/2632 842/2765/2611 841/2771/2617
f 965/2685/2553 982/2056/1957 964/2788/2633 963/2789/2634
f 701/1420/1376 700/1109/1077 720/1110/1078 719/1421/1377
f 997/2790/2635 995/873/844 1003/876/847 1002/2700/2568
f 832/2742/2590 856/2741/2589 833/2791/2636 831/2754/2600
f 902/864/835 901/2792/2637 908/2793/2638 907/865/836
f 1186/1718/1655 1188/2695/2563 1187/2794/2639 1185/1719/1656
f 901/2792/2637 900/2795/2640 935/2796/2641 908/2793/2638
f 2821/2635/2505 2871/1751/1687 2870/2684/2552 2820/2797/2642
f 1182/2798/2643 1180/2799/2644 1198/2800/2645 1192/2705/2570
f 1192/2705/2570 1198/2800/2645 1194/2449/2325 1193/2448/2324
f 2819/2801/2646 2869/2683/2551 2868/2672/2541 2818/1901/1821
f 1163/2776/2622 1164/2802/2647 1162/2784/2629 1161/2307/2186
f 2788/1766/1702 2803/1900/1820 2804/170/150 2787/1794/1720
f 2960/2299/2177 2944/2336/2214 2943/2350/2228 2961/2349/2227
f 834/2786/2631 835/1342/1302 831/2754/2600 833/2791/2636
f 835/1342/1302 834/2786/2631 841/2771/2617 838/1339/1299
f 844/1736/1671 845/1735/1670 838/1339/1299 841/2771/2617
f 2823/1093/1061 2873/2169/2052 2872/1752/1688 2822/1090/1058
f 887/1286/1247 889/2803/2648 888/2745/2593 886/1287/1248
f 2825/1097/1065 2875/1697/1635 2874/1696/1634 2824/1094/1062
f 834/2786/2631 833/2791/2636 855/1699/1637 854/2787/2632
f 2659/2804/2649 2665/2805/1760 2666/2113/2008 2664/2112/2007
f 3114/1819/1739 3115/1835/1755 3117/1897/1817 3116/2048/1950
f 915/2518/2393 919/1403/1361 918/1406/1364 917/2806/2650
f 1173/2040/1942 1175/2707/2571 1172/112/94 1168/2143/2028
f 913/2521/2396 914/2520/2395 912/2807/2651 911/2711/2574
f 849/1737/1672 1195/2478/2353 1193/2448/2324 847/1738/1673
f 944/2692/2560 945/2691/2559 943/1947/1867 906/1946/1866
f 995/873/844 997/2790/2635 996/2808/2652 994/2809/2653
f 2184/1443/1399 2079/2810/2654 2078/2811/2655 2183/2130/2019
f 2841/1778/1709 2870/2684/2552 2871/1751/1687 2839/1750/1686
f 958/2466/2341 966/2812/2656 956/2758/2604 955/2813/2657
f 2845/2814/2658 2868/2672/2541 2869/2683/2551 2843/2682/2550
f 911/2711/2574 912/2807/2651 853/2722/2578 910/2087/1984
f 3134/1892/1812 3139/1895/1815 3140/1465/1421 3133/1464/1420
f 1178/2815/2659 1170/2480/2355 1171/111/93 1177/110/92
f 2847/2120/2015 2867/2384/2262 2868/2672/2541 2845/2814/2658
f 2849/2123/2016 2866/2385/2263 2867/2384/2262 2847/2120/2015
f 2851/2710/2573 2865/2445/2321 2866/2385/2263 2849/2123/2016
f 671/2002/1907 670/912/881 690/915/884 689/2043/1945
f 1166/2306/2185 1170/2480/2355 1169/2816/2660 1165/2775/2621
f 975/2752/2598 977/1019/989 976/2817/2661 971/2532/2407
f 854/2787/2632 905/2723/2579 853/2722/2578 842/2765/2611
f 2853/2818/2662 2864/2446/2322 2865/2445/2321 2851/2710/2573
f 907/865/836 909/2084/1981 905/2723/2579 904/866/837
f 2855/2819/2663 2863/2676/2544 2864/2446/2322 2853/2818/2662
f 956/2758/2604 940/1933/1853 941/1716/1653 955/2813/2657
f 1184/1717/1654 1191/2704/2569 1190/2693/2561 1186/1718/1655
f 945/2691/2559 949/2820/2664 942/1715/1652 943/1947/1867
f 999/2821/2665 997/2790/2635 1002/2700/2568 1001/2746/2594
f 1180/2799/2644 1182/2798/2643 1181/2822/2666 1179/2823/2667
f 2575/2824/2668 2566/2825/306 2576/2509/2384 2596/2826/2669
f 2857/2748/2596 2862/2424/2301 2863/2676/2544 2855/2819/2663
f 2859/2751/2597 2861/2425/2302 2862/2424/2301 2857/2748/2596
f 784/961/931 766/951/921 767/943/913 775/941/911
f 463/1616/1561 470/2106/2001 465/2105/2000 464/1053/1022
f 2853/2818/2662 2854/2827/1054 2856/2828/1054 2855/2819/2663
f 2769/2715/1019 2770/1703/1641 2772/1702/1640 2771/2829/1019
f 2181/2525/2400 2185/1444/1400 2182/2131/2020 2163/2830/2670
f 974/2061/1962 975/2752/2598 971/2532/2407 970/2531/2406
f 1001/2746/2594 1024/1423/1379 1000/1426/1382 999/2821/2665
f 1000/1426/1382 1014/2024/1927 998/2831/2671 999/2821/2665
f 2851/2710/2573 2852/2709/1054 2854/2827/1054 2853/2818/2662
f 997/2790/2635 999/2821/2665 998/2831/2671 996/2808/2652
f 936/1749/1684 937/1748/1683 1155/2038/1940 1154/1843/1763
f 1154/1843/1763 934/1842/1762 935/2796/2641 936/1749/1684
f 937/1748/1683 938/1809/1732 1174/2039/1941 1155/2038/1940
f 939/1808/1731 957/2708/2572 1174/2039/1941 938/1809/1732
f 2837/1753/1689 2838/2832/1054 2840/1776/1054 2839/1750/1686
f 1901/2833/2672 1935/1516/1470 1877/1515/1469 1876/2834/2673
f 993/874/845 990/1017/987 1005/1861/1782 1004/875/846
f 1507/1583/1537 1438/2835/2674 1439/2316/2195 1486/1584/1538
f 1182/2798/2643 1184/1717/1654 1183/1720/1657 1181/2822/2666
f 896/1807/1730 897/1806/1729 876/2293/2172 878/2656/2526
f 894/1713/1650 895/1932/1852 880/2569/2442 882/2253/2134
f 895/1932/1852 896/1807/1730 878/2656/2526 880/2569/2442
f 893/1714/1651 894/1713/1650 882/2253/2134 884/1288/1249
f 2843/2682/2550 2844/2836/2012 2846/2837/1054 2845/2814/2658
f 2931/470/450 2944/2336/2214 2945/2335/2213 2930/1329/1289
f 2993/896/865 2997/2660/2529 2999/2838/2675 3002/897/866
f 2841/1778/1709 2842/1777/1054 2844/2836/2012 2843/2682/2550
f 2845/2814/2658 2846/2837/1054 2848/2121/1054 2847/2120/2015
f 758/518/498 757/869/840 763/872/843 762/948/918
f 2771/2829/1019 2772/1702/1640 2774/1811/1734 2773/2721/1019
f 1619/1032/1002 1621/2839/2676 1620/2840/2677 1618/1033/1003
f 2835/2170/2053 2836/2739/1054 2838/2832/1054 2837/1753/1689
f 3126/954/924 3147/1921/1841 3148/1920/1840 3125/1919/1839
f 2330/2328/2207 2331/2327/2206 2333/2841/2678 2332/2842/2679
f 2831/1698/1636 2832/2713/2012 2834/2738/1054 2833/1695/1633
f 921/1404/1362 919/1403/1361 926/2563/2437 924/2373/2251
f 898/1747/1682 899/1746/1681 872/2659/2528 874/2294/2173
f 899/1746/1681 900/2795/2640 870/2729/2583 872/2659/2528
f 897/1806/1729 898/1747/1682 874/2294/2173 876/2293/2172
f 901/2792/2637 902/864/835 866/1972/1884 868/2472/2347
f 1175/2707/2571 957/2708/2572 956/2758/2604 966/2812/2656
f 975/2752/2598 979/1863/1784 978/1020/990 977/1019/989
f 1196/2477/2352 1197/2770/2616 1189/2694/2562 1190/2693/2561
f 2855/2819/2663 2856/2828/1054 2858/2749/1054 2857/2748/2596
f 2827/2698/2566 2829/2843/1054 2830/2712/1054 2828/2696/2564
f 902/864/835 903/863/834 864/1973/1885 866/1972/1884
f 3087/1792/1718 3104/927/896 3105/926/895 3085/1789/1717
f 2741/1731/1666 2742/2844/2680 2743/2697/2565 2826/2340/2218
f 352/197/177 351/164/145 372/167/147 371/835/806
f 989/1860/1781 988/1862/1783 1007/2071/1972 1006/2747/2595
f 860/1072/1041 862/1071/1040 890/1700/1638 856/2741/2589
f 986/1709/1646 983/2055/1956 1010/2740/2588 1009/2058/1959
f 840/2735/2586 857/2734/2585 832/2742/2590 830/2756/2602
f 968/2534/2409 969/2533/2408 967/2845/2681 960/2465/2340
f 2584/2846/2682 2558/2847/2683 2557/2848/2684 2585/2849/2685
f 2736/2850/2686 2738/2324/2203 2725/2476/2351 2737/2851/2687
f 2097/2852/2688 2098/2853/2689 2096/2854/2690 2095/2855/2532
f 1012/1132/1522 1015/2856/2691 1009/2058/1959 1010/2740/2588
f 2400/2857/2692 2394/2858/2693 2399/1977/1887 2426/2859/2694
f 2035/2860/2695 2039/2861/2696 2036/1572/1527 2037/1571/1526
f 1031/2504/2379 1030/2503/2378 1045/664/642 1044/1382/1499
f 1709/1918/1838 1710/1917/1837 1708/2862/2697 1700/2395/2273
f 1035/2643/2513 1033/2642/2512 1043/1545/1498 1042/2499/2373
f 1929/1147/1115 1930/1146/1114 2032/251/231 2030/250/230
f 2721/2094/1991 2726/630/608 2727/633/611 2720/2220/2102
f 2157/2863/2698 2167/1449/1405 2158/1914/1834 2149/1740/1675
f 2489/2631/2502 2490/2864/2699 2506/2865/2700 2505/2866/2701
f 1074/1607/1556 1075/1606/1555 1073/2280/2159 1072/2279/2158
f 412/1577/1277 411/1610/662 442/306/286 598/1578/1532
f 2904/2418/1076 2917/471/451 2918/587/567 2903/156/137
f 2721/2094/1991 2703/2867/2702 2701/2546/2421 2722/2092/1989
f 2685/2232/2114 2700/2544/2419 2701/2546/2421 2699/2233/2115
f 1072/2279/2158 1071/2498/2372 1076/2868/2703 1074/1607/1556
f 1071/2498/2372 1070/1381/1341 1077/1384/1344 1076/2868/2703
f 3282/1395/1354 3271/918/887 3269/917/886 3283/1521/1474
f 1068/663/641 1067/662/640 1080/2623/2494 1079/1679/1618
f 2699/2233/2115 2701/2546/2421 2703/2867/2702 2698/2869/2704
f 2082/2870/2705 2070/2574/2706 2072/2574/2446 2081/2573/2445
f 1561/1526/1479 1562/1525/1478 1554/2606/2478 1555/2871/2707
f 1064/2872/2708 1065/1602/1551 1048/2000/1905 1049/2872/2709
f 1063/2044/1947 1064/2872/2708 1049/2872/2709 1050/2549/2424
f 2697/2873/2710 2704/2874/2711 2705/2875/2712 2696/2876/2713
f 1156/2041/1943 1173/2040/1942 1168/2143/2028 1157/2142/2027
f 1016/1236/1201 1015/2856/2691 1054/1579/1685 1053/1237/1202
f 1015/2856/2691 1012/1132/1522 1055/1132/1099 1054/1579/1685
f 782/2140/2025 791/930/899 781/2111/2006 780/2152/2037
f 2192/2219/2100 2200/2290/2171 2191/2877/2714 2175/2878/2715
f 1060/1580/1534 1061/1742/1677 1052/1238/1203 1053/1237/1202
f 1061/1742/1677 1062/1745/1680 1051/2045/1948 1052/1238/1203
f 3079/1708/1645 3108/956/926 3109/955/925 3077/1647/1588
f 1064/2872/2708 1063/2044/1947 1084/2044/1946 1083/885/856
f 1065/1602/1551 1064/2872/2708 1083/885/856 1082/884/855
f 606/867/838 439/1609/1134 440/1576/1531 599/1575/1530
f 2717/219/199 2706/2552/2427 2718/2879/2716 2730/2880/2717
f 1090/1754/1690 1091/1680/1620 1079/1679/1618 1080/2623/2494
f 1092/602/1619 1078/1383/1343 1079/1679/1618 1091/1680/1620
f 2611/390/370 2596/2826/2669 2612/378/358 2633/391/371
f 2155/2288/2718 2169/2881/2719 2156/459/439 2151/458/438
f 532/1391/1351 537/1084/1053 533/1232/1197 515/1392/1352
f 2566/2825/306 2520/2882/2720 2565/2510/2385 2576/2509/2384
f 1089/2883/2721 1090/1754/1690 1080/2623/2494 1081/1603/1552
f 1088/883/854 1089/2883/2721 1081/1603/1552 1082/884/855
f 1060/1580/1534 1111/1581/1535 1110/1743/1678 1061/1742/1677
f 3235/1462/1418 3236/1414/1371 3223/1254/1215 3225/1463/1419
f 1089/2883/2721 1088/883/854 1105/887/858 1104/2265/2722
f 2629/2884/2723 2616/2885/2724 2628/2886/2725 2653/2403/2281
f 434/1601/683 435/1693/682 607/1692/1631 608/618/598
f 1086/2887/2726 1087/882/853 1083/885/856 1084/2044/1946
f 1058/933/903 1113/932/902 1057/1131/1098 1056/1130/1097
f 1858/2888/2727 1876/2834/2673 1776/1040/1010 1777/1039/1009
f 2493/2889/1415 2494/2244/2126 2496/2890/2728 2495/2891/2729
f 2492/2892/2730 2482/2243/2125 2494/2244/2126 2493/2889/1415
f 1087/882/853 1086/2887/2726 1107/2066/1967 1106/888/859
f 1117/1304/1264 1118/1547/1501 1111/1581/1535 1112/1305/1265
f 1118/1547/1501 1109/1743/2178 1110/1743/1678 1111/1581/1535
f 1085/1744/1679 1110/1743/1678 1109/1743/2178 1108/2067/1968
f 1086/2887/2726 1085/1744/1679 1108/2067/1968 1107/2066/1967
f 576/1240/1205 577/1239/1204 564/817/788 565/816/787
f 1088/883/854 1087/882/853 1106/888/859 1105/887/858
f 1090/1754/1690 1089/2883/2721 1104/2265/2722 1103/1755/1691
f 1093/2667/2536 1077/1384/1344 1078/1383/1343 1092/602/1619
f 2139/461/441 2150/460/440 2140/1739/1674 2136/2529/2404
f 1093/2667/2536 1094/2666/2535 1076/2868/2703 1077/1384/1344
f 1094/2666/2535 1095/1604/1553 1074/1607/1556 1076/2868/2703
f 2597/623/603 2575/2824/2668 2596/2826/2669 2611/390/370
f 1097/1604/2731 1098/2893/2732 1096/1605/1554 1095/1604/1553
f 1139/2894/2733 1140/2895/2734 1098/2893/2732 1097/1604/2731
f 2210/2290/2170 2199/2218/2099 2211/2896/2735 2264/2897/2736
f 2200/2290/2171 2209/2898/2737 2201/2899/2738 2191/2877/2714
f 1095/1604/1553 1094/2666/2535 1099/1277/1238 1097/1604/2731
f 3481/993/963 3491/450/430 3492/453/433 3483/994/964
f 158/308/288 159/388/368 157/581/561 156/303/283
f 524/1854/1774 710/1853/1773 526/1799/1725 522/1798/1724
f 1138/1277/1237 1139/2894/2733 1097/1604/2731 1099/1277/1238
f 2640/846/817 2642/845/816 2643/1156/1123 2641/2664/2533
f 1015/2856/2691 1016/1236/1201 1008/2059/1960 1009/2058/1959
f 1040/2279/2161 1041/2281/2160 1039/1121/1088 1037/1120/1087
f 1021/2699/2567 1020/2744/2592 1049/2872/2709 1048/2000/1905
f 952/2430/2307 953/2091/1988 951/1367/1327 948/1366/1326
f 2738/2324/2203 2736/2850/2686 2735/2900/2739 2739/631/609
f 2207/2901/2740 2202/2902/2741 2208/2903/2742 2285/2904/2743
f 280/621/601 281/293/273 272/296/276 273/562/542
f 1133/2265/2146 1134/741/717 1103/1755/1691 1104/2265/2722
f 1132/886/857 1133/2265/2146 1104/2265/2722 1105/887/858
f 256/438/418 257/437/417 228/347/327 229/346/326
f 2269/2362/2240 2257/1858/1778 2256/297/277 2270/300/280
f 1135/740/716 1136/599/579 1101/602/582 1102/1681/1621
f 1397/2905/2744 1400/1207/1174 1398/1210/1177 1395/1780/1711
f 2549/434/414 2548/569/549 2553/2906/2745 2552/435/415
f 2248/328/308 2242/900/869 2241/899/868 2249/325/305
f 2647/2907/2746 2634/389/369 2648/392/372 2734/632/610
f 1138/1277/1237 1137/600/580 1146/2908/2747 1145/2909/2748
f 2649/1658/1597 2632/381/361 2650/2910/2749 2729/1658/2750
f 1613/2250/2131 1649/2780/2625 1648/2783/2628 1612/2251/2132
f 189/255/235 190/386/366 158/308/288 160/186/166
f 1824/2911/2751 1826/2372/2250 1825/2371/2249 1823/2912/2752
f 2708/2380/2258 2694/2913/2753 2707/218/198 2716/217/197
f 2490/2864/2699 2483/1270/1230 2491/1451/1407 2507/1450/1406
f 1122/2914/2754 1123/2272/2151 1121/959/929 1116/958/928
f 961/2090/1987 968/2534/2409 960/2465/2340 959/1480/1436
f 2496/2890/2728 2518/1291/1252 2513/1290/1251 2495/2891/2729
f 2121/2726/2010 2122/2915/2007 2120/2916/2755 2119/2724/2580
f 993/874/845 995/873/844 994/2809/2653 992/1657/1596
f 2653/2403/2281 2628/2886/2725 2654/2917/2123 2733/2402/2280
f 2380/2918/2756 2383/2919/2757 2384/2920/2758 2379/2921/2759
f 2218/2922/2760 2221/2923/2761 2220/2924/2762 2219/2925/2763
f 2663/2926/2764 2712/2927/2765 2662/2928/2766
f 2491/1451/1407 2482/2243/2125 2492/2892/2730 2508/1280/1241
f 2784/1812/1735 2774/1811/1734 2772/1702/1640 2785/1701/1639
f 2508/1280/1241 2492/2892/2730 2509/2929/2767 2533/1281/1242
f 3073/1804/1727 3111/2030/1933 3112/1837/1757 3068/1836/1756
f 1022/353/333 1021/2699/2567 1048/2000/1905 1047/354/334
f 1157/2142/2027 1158/2930/2768 931/1844/1764 1156/2041/1943
f 921/1404/1362 923/2375/2253 922/2931/2769 920/1405/1363
f 2663/2926/2764 2711/2932/2770 2712/2927/2765
f 2710/2933/2771 2711/2932/2770 2663/2926/2764
f 2692/2934/2772 2710/2933/2771 2663/2926/2764
f 501/1865/1786 517/1621/1566 509/1140/1108 502/1016/986
f 1037/1120/1087 1035/2643/2513 1042/2499/2373 1040/2279/2161
f 900/2795/2640 901/2792/2637 868/2472/2347 870/2729/2583
f 1745/1494/1450 1722/2469/2344 1724/2468/2343 1727/2639/2509
f 325/665/643 326/526/506 294/608/588 296/607/587
f 2635/2778/655 2610/622/602 2634/389/369 2647/2907/2746
f 972/2089/1986 970/2531/2406 968/2534/2409 961/2090/1987
f 2821/2635/2505 2800/420/400 2799/1091/1059 2822/1090/1058
f 520/2654/2524 528/1966/1881 519/1820/1740 499/1502/1458
f 2646/2779/2624 2635/2778/655 2647/2907/2746 2735/2900/2739
f 933/2085/1982 934/1842/1762 930/1845/1765 932/2086/1983
f 908/2793/2638 935/2796/2641 934/1842/1762 933/2085/1982
f 2267/2935/2773 2259/2935/2774 2258/1859/1779 2268/2936/2775
f 2006/2937/2776 2005/127/109 2017/2938/2777 2016/2939/2778
f 950/1481/1437 958/2466/2341 955/2813/2657 949/2820/2664
f 2646/2779/2624 2735/2900/2739 2736/2850/2686 2644/1154/1121
f 960/2465/2340 967/2845/2681 966/2812/2656 958/2466/2341
f 2097/2852/2688 2214/979/949 2196/978/948 2099/2940/2779
f 2698/2869/2704 2686/1905/1825 2684/2234/2116 2699/2233/2115
f 2628/2886/2725 2617/2941/2780 2627/2942/2781 2654/2917/2123
f 673/2012/1915 672/2003/1908 688/1105/1073 687/1104/1072
f 710/1853/1773 709/879/850 711/1930/1850 526/1799/1725
f 2127/823/794 2132/822/793 2130/2943/2782 2125/2944/2783
f 2667/2115/2010 2668/2114/2009 2670/2945/2784 2669/2946/2785
f 2663/2926/2764 2691/2947/2786 2692/2934/2772
f 955/2813/2657 941/1716/1653 942/1715/1652 949/2820/2664
f 973/2060/1961 964/2788/2633 982/2056/1957 981/1712/1649
f 964/2788/2633 973/2060/1961 972/2089/1986 962/2088/1985
f 963/2789/2634 964/2788/2633 962/2088/1985 954/2429/2306
f 2676/2948/2787 2691/2947/2786 2663/2926/2764
f 3122/1911/1831 3113/1834/1754 3112/1837/1757 3123/1908/1828
f 2601/2949/2788 2571/2950/2789 2600/1371/1331 2607/1370/1330
f 973/2060/1961 974/2061/1962 970/2531/2406 972/2089/1986
f 2572/2951/2790 2569/2489/2364 2573/2490/2365 2599/2576/2448
f 1175/2707/2571 966/2812/2656 1176/113/95 1172/112/94
f 2450/2952/2791 2453/1126/1093 2454/1129/1096 2452/2953/2792
f 3060/2479/2354 3062/2612/2484 3067/2554/2429 3061/2473/2348
f 835/1342/1302 837/1341/1301 836/2755/2601 831/2754/2600
f 2341/2954/2793 2342/2955/802 2343/2720/2577 2349/2463/2339
f 1137/600/580 1136/599/579 1147/2956/2794 1146/2908/2747
f 2663/2926/2764 2671/2687/2555 2673/2690/2558
f 2669/2946/2785 2671/2687/2555 2663/2926/2764
f 913/2521/2396 926/2563/2437 919/1403/1361 915/2518/2393
f 2667/2115/2010 2669/2946/2785 2663/2926/2764
f 2664/2112/2007 2667/2115/2010 2663/2926/2764
f 2680/1904/1824 2670/2945/2784 2668/2114/2009 2681/2957/2795
f 1374/1186/1153 1378/2958/2796 1377/2959/2797 1373/1187/1154
f 1389/2960/2798 1390/2961/2799 1388/2962/2800 1387/2963/2801
f 1387/2963/2801 1388/2962/2800 1384/2964/2802 1383/2400/2278
f 1379/557/537 1380/556/536 1378/2958/2796 1374/1186/1153
f 1398/1210/1177 1399/1209/1176 1390/2961/2799 1389/2960/2798
f 1373/1187/1154 1377/2959/2797 1376/2965/2803 1372/2522/2397
f 1033/2642/2512 1031/2504/2379 1044/1382/1499 1043/1545/1498
f 2159/1992/1899 2165/1991/1898 2160/2966/2804 2147/2062/1963
f 2600/1371/1331 2572/2951/2790 2599/2576/2448 2608/1372/1332
f 3345/2967/2805 3353/637/615 3355/640/618 3357/2968/2806
f 1474/2255/2136 1442/2254/2135 1448/2969/2807 1450/2970/2808
f 3157/2031/1934 3185/2070/1971 3186/1087/1056 3156/1828/1748
f 2663/2926/2764 2675/2971/2809 2676/2948/2787
f 1367/2383/2261 1368/2972/2810 1366/2973/2811 1365/1488/1444
f 2673/2690/2558 2675/2971/2809 2663/2926/2764
f 731/1883/1804 730/1882/1803 744/1043/1013 743/1089/1057
f 1363/1485/1441 1364/2974/2812 1362/1553/1507 1361/1552/1506
f 3424/1256/1217 3425/2497/2371 3427/715/692 3426/716/693
f 1243/1551/1505 1244/1550/1504 1242/1293/1254 1241/763/737
f 3363/829/800 3329/773/747 3326/765/739 3364/826/797
f 2571/2950/2789 2570/2975/2813 2572/2951/2790 2600/1371/1331
f 1892/1624/1569 1893/1623/1568 1659/2976/2814 1661/2268/2148
f 2147/2062/1963 2160/2966/2804 2146/2977/2815 2144/2063/1964
f 2602/2978/2816 2601/2949/2788 2607/1370/1330 2638/2663/2532
f 3439/862/833 3447/418/398 3450/398/378 3455/397/377
f 2602/2978/2816 2638/2663/2532 2639/2665/2534 2603/2979/2817
f 2541/2980/2818 2540/1650/1591 2539/1649/1590 2543/2981/2819
f 1354/1350/1310 1356/2401/2279 1355/1539/1492 1319/1351/1311
f 1391/2982/2820 1386/2983/2821 1385/2399/2277 1350/1344/1304
f 1392/1782/1713 1393/1781/1712 1386/2983/2821 1391/2982/2820
f 3372/827/798 3364/826/797 3371/395/375 3389/821/792
f 1396/2984/2822 1397/2905/2744 1395/1780/1711 1394/1779/1710
f 2663/2926/2764 2659/2804/2649 2664/2112/2007
f 2660/1640/1583 2659/2804/2649 2663/2926/2764
f 2661/1641/1584 2660/1640/1583 2663/2926/2764
f 2662/2928/2766 2661/1641/1584 2663/2926/2764
f 1386/2983/2821 1387/2963/2801 1383/2400/2278 1385/2399/2277
f 1393/1781/1712 1389/2960/2798 1387/2963/2801 1386/2983/2821
f 1393/1781/1712 1395/1780/1711 1398/1210/1177 1389/2960/2798
f 1025/1425/1381 1026/2025/1928 1014/2024/1927 1000/1426/1382
f 2538/1648/1589 2544/1651/1592 2536/2359/2237 2537/2985/2823
f 528/1966/1881 738/1364/1324 529/1363/1323 519/1820/1740
f 1402/2459/2335 1403/2458/2334 1401/1208/1175 1400/1207/1174
f 2215/2986/2824 2216/2987/2825 2217/2988/2826 2235/2989/2827
f 1234/1732/1667 1236/1361/1321 1235/1360/1320 1233/2990/2828
f 1752/2991/2829 1753/2992/2830 1747/1496/1452 1748/2993/2831
f 1266/1672/1611 1267/2994/2832 1265/2155/2040 1264/1671/1610
f 1844/2601/2473 1845/2387/2265 1834/2389/2267 1836/2995/2833
f 1262/2157/2042 1263/2156/2041 1261/2996/2834 1260/2997/2835
f 3413/137/119 3412/192/172 3415/983/953 3414/136/118
f 2376/2621/2492 2373/1265/1226 2377/1268/792 2386/2596/2468
f 1256/2998/2836 1257/2999/2837 1235/1360/1320 1255/1359/1319
f 3222/1255/1216 3218/1741/1676 3219/1721/1658 3220/1252/1213
f 1560/1263/1224 1564/1262/1223 1559/1628/1573 1558/1627/1572
f 1308/3000/2838 1312/575/555 1307/2390/2268 1253/2386/2264
f 1030/2503/2378 1023/352/332 1046/355/335 1045/664/642
f 1254/1362/1322 1296/274/254 1295/277/257 1255/1359/1319
f 1255/1359/1319 1295/277/257 1277/2420/2297 1256/2998/2836
f 2046/2428/2305 2035/2860/2695 2037/1571/1526 2045/2010/1913
f 73/236/216 104/235/215 75/1326/1286 71/2404/2282
f 1278/432/412 1284/1756/1692 1283/1759/1695 1282/3001/2839
f 1847/3002/2840 1825/2371/2249 1828/751/727 1830/2184/2066
f 2520/2882/2720 2499/2229/2111 2521/3003/2841 2565/2510/2385
f 1324/1005/975 1327/1108/1076 1323/572/552 1310/1006/976
f 3481/993/963 3478/1157/1124 3490/1042/1012 3491/450/430
f 2500/3004/2842 2487/2615/2487 2501/2507/2382 2522/3005/2843
f 2170/2288/2168 2174/2217/2101 2169/2881/2719 2155/2288/2718
f 1143/3006/2844 1144/544/524 1130/543/523 1128/1113/1080
f 282/294/274 281/293/273 306/553/533 305/552/532
f 2319/3007/2845 2320/3008/2846 2322/3009/2847 2321/3010/2848
f 2350/3011/2849 2341/2954/2793 2349/2463/2339 2356/2415/2293
f 1327/1108/1076 1329/728/705 1339/573/553 1323/572/552
f 2718/2879/2716 2705/2875/2712 2719/2222/2104 2729/1658/2750
f 3496/479/459 3509/122/104 3510/125/107 3497/1592/1543
f 3342/671/649 3343/670/648 3345/2967/2805 3344/3012/2850
f 1271/3013/2851 1275/3014/2852 1274/430/410 1270/2462/2338
f 928/2562/2436 927/2561/2435 932/2086/1983 930/1845/1765
f 2933/2199/2080 2942/2351/2229 2943/2350/2228 2932/473/453
f 1351/1151/1118 1347/1150/1117 1352/1024/994 1349/1023/993
f 1252/3015/2853 1308/3000/2838 1253/2386/2264 1238/560/540
f 1577/1173/1140 1579/2585/2457 1578/2588/2460 1411/1174/1141
f 2681/2957/2795 2668/2114/2009 2666/2113/2008 2682/3016/2854
f 2636/844/815 2646/2779/2624 2644/1154/1121 2642/845/816
f 1290/510/490 1291/3017/2855 1289/3018/2856 1287/1757/1693
f 1320/1149/1116 1353/1148/387 1318/1352/1312 1315/3019/2857
f 1276/2422/2299 1281/2421/2298 1275/3014/2852 1271/3013/2851
f 2818/1901/1821 2803/1900/1820 2802/2671/2540 2819/2801/2646
f 1305/2262/2143 1315/3019/2857 1304/3020/2858 1298/2263/2144
f 2638/2663/2532 2607/1370/1330 2637/843/814 2640/846/817
f 3218/1741/1676 3222/1255/1216 3237/1413/1370 3217/1673/1612
f 2164/3021/2859 2180/2526/2401 2162/3022/2860 2161/3023/2771
f 2229/1459/1415 2226/3024/2861 2227/3025/2862 2228/3026/2863
f 1314/3027/2864 1320/1149/1116 1315/3019/2857 1305/2262/2143
f 1218/3028/2865 1219/3029/2866 1217/3030/2867 1216/3031/2868
f 1740/3032/2869 1741/3033/2870 1733/3034/2871 1735/3035/2872
f 2679/1907/1827 2672/2688/2556 2670/2945/2784 2680/1904/1824
f 88/3036/2873 87/3037/2874 92/103/85 90/228/208
f 1318/1352/1312 1319/1351/1311 1317/3038/2337 1316/3039/2875
f 2103/3040/2876 2172/3041/2877 2171/2178/2061 2105/2177/2060
f 3031/2444/2320 3051/2095/1992 3028/2098/1995 3030/2318/2197
f 2820/2797/2642 2870/2684/2552 2869/2683/2551 2819/2801/2646
f 959/1480/1436 951/1367/1327 953/2091/1988 961/2090/1987
f 3498/451/431 3499/264/244 3500/267/247 3493/452/432
f 2346/2719/243 2351/3042/2878 2353/2282/2162 2352/2464/209
f 2706/2552/2427 2696/2876/2713 2705/2875/2712 2718/2879/2716
f 2992/579/559 3002/897/866 3003/2453/2329 2991/576/556
f 1258/3043/2879 1259/3044/2880 1257/2999/2837 1256/2998/2836
f 2644/1154/1121 2736/2850/2686 2737/2851/2687 2645/1155/1122
f 2173/2287/2167 2193/2217/2098 2174/2217/2101 2170/2288/2168
f 1595/3045/2881 1600/3046/2882 1599/3047/2883 1597/3048/2884
f 1346/3049/2885 1352/1024/994 1347/1150/1117 1321/3050/2886
f 2898/585/565 2900/155/136 2902/154/135 2901/2289/2169
f 1299/2678/2546 1302/3051/2887 1300/509/489 1292/508/488
f 2208/2903/2742 2201/2899/2738 2209/2898/2737 2277/2903/2888
f 3518/107/89 3519/66/52 3521/65/51 3520/1008/978
f 1260/2997/2835 1261/2996/2834 1259/3044/2880 1258/3043/2879
f 1085/1744/1679 1086/2887/2726 1084/2044/1946 1062/1745/1680
f 2383/2919/2757 2387/3052/2889 2388/3053/2890 2384/2920/2758
f 1345/3054/2891 1339/573/553 1329/728/705 1331/727/704
f 1345/3054/2891 1344/1021/991 1352/1024/994 1346/3049/2885
f 1578/2588/2460 1580/2587/2459 1584/3055/2892 1410/3056/2893
f 1309/1007/977 1310/1006/976 1308/3000/2838 1252/3015/2853
f 1310/1006/976 1323/572/552 1312/575/555 1308/3000/2838
f 1332/726/703 1334/3057/2894 1333/2103/1998 1331/727/704
f 534/1081/1050 514/1080/1049 515/1392/1352 533/1232/1197
f 2702/2545/2420 2723/2475/2350 2724/2093/1990 2722/2092/1989
f 1646/3058/2895 1898/3059/2896 1645/3060/2897 1642/3061/2898
f 1348/1345/1305 1349/1023/993 1343/1022/992 1342/2213/2094
f 1561/1526/1479 1559/1628/1573 1564/1262/1223 1563/1527/1480
f 1926/3062/2899 1927/3063/2900 1972/3064/2901 1971/3065/2902
f 1344/1021/991 1345/3054/2891 1331/727/704 1333/2103/1998
f 3035/2175/2058 3037/3066/2903 3038/1831/1751 3036/1830/1750
f 70/2603/2475 71/2404/2282 68/2405/2283 67/3067/2904
f 2540/1650/1591 2541/2980/2818 2542/936/906 2556/935/905
f 660/2245/1019 662/2073/1973 661/2016/1919 659/1950/1871
f 2890/3068/2905 2911/2158/2043 2912/2147/2032 2910/2567/2441
f 2588/2312/2191 2605/1826/1746 2620/1993/1900
f 2082/2870/2705 2081/2573/2445 2291/1476/1432 2289/1475/1431
f 1066/354/1550 1067/662/640 1046/355/335 1047/354/334
f 1316/3039/2875 1317/3038/2337 1303/3069/2906 1302/3051/2887
f 1304/3020/2858 1316/3039/2875 1302/3051/2887 1299/2678/2546
f 1298/2263/2144 1304/3020/2858 1299/2678/2546 1293/2578/2450
f 2618/1387/1347 2626/3070/2907 2627/2942/2781 2617/2941/2780
f 3129/1898/1818 3144/1926/1846 3145/1925/1845 3128/1912/1832
f 2410/2296/2174 2412/3071/2908 2413/3072/2909 2411/2297/2175
f 2617/2941/2780 2591/2523/2398 2618/1387/1347
f 1325/3073/2910 1326/1106/1074 1324/1005/975 1311/1004/974
f 1287/1757/1693 1289/3018/2856 1288/3074/2911 1286/1758/1694
f 2521/3003/2841 2500/3004/2842 2522/3005/2843 2564/3075/2912
f 494/1224/1189 498/1223/1188 493/1501/1457 467/1478/1434
f 1334/3057/2894 1336/3076/2913 1335/2104/1999 1333/2103/1998
f 2650/2910/2749 2631/2547/2422 2651/3077/2914 2730/2880/2717
f 2211/2896/2735 2198/676/2915 2212/676/654 2263/713/690
f 2652/3078/2916 2629/2884/2723 2653/2403/2281 2732/2381/2259
f 1300/509/489 1301/3079/2917 1291/3017/2855 1290/510/490
f 1548/3080/2918 1549/2276/2155 1526/1937/1857 1528/1936/1856
f 2598/2577/2449 2599/2576/2448 2573/2490/2365 2574/3081/331
f 2080/2575/2447 2071/2566/2440 2074/1840/1760 2079/2810/2654
f 2669/2946/2785 2670/2945/2784 2672/2688/2556 2671/2687/2555
f 1233/2990/2828 1235/1360/1320 1232/3082/2919 1231/3083/2920
f 1231/3083/2920 1232/3082/2919 1230/3084/2921 1229/3085/2922
f 1229/3085/2922 1230/3084/2921 1228/3086/2923 1224/3087/2924
f 2697/2873/2710 2687/1906/1826 2686/1905/1825 2698/2869/2704
f 1652/3088/724 1673/3089/2925 1654/3090/2926 1653/3091/2927
f 2540/1650/1591 2556/935/905 2545/2357/2235 2544/1651/1592
f 2515/3092/1054 2602/2978/2816 2603/2979/2817
f 1218/3028/2865 1222/1321/1281 1221/2649/2519 1220/3093/2928
f 2946/1330/1290 2930/1329/1289 2945/2335/2213 2958/2323/2202
f 1214/132/114 1224/3087/2924 1223/1318/1278 1216/3031/2868
f 1212/135/117 1229/3085/2922 1224/3087/2924 1214/132/114
f 1247/3094/2929 1243/1551/1505 1241/763/737 1201/762/736
f 1210/462/442 1208/465/445 1233/2990/2828 1231/3083/2920
f 2601/2949/2788 2602/2978/2816 2515/3092/1054
f 2571/2950/2789 2601/2949/2788 2515/3092/1054
f 3138/985/955 3170/2116/2011 3171/1632/1577 3169/986/956
f 1216/3031/2868 1217/3030/2867 1215/133/115 1214/132/114
f 3433/721/698 3432/695/673 3451/1690/1629 3442/1315/1275
f 571/989/959 572/1205/1172 569/1184/1151 570/990/960
f 1208/465/445 1209/464/444 1207/2410/2288 1206/2342/2220
f 2099/2940/2779 2100/3095/1123 2098/2853/2689 2097/2852/2688
f 2222/901/870 2242/900/869 2243/350/330 2220/2924/2762
f 1383/2400/2278 1384/2964/2802 1382/555/535 1381/554/534
f 2583/2313/2192 2588/2312/2191 2589/504/484 2582/503/483
f 1206/2342/2220 1234/1732/1667 1233/2990/2828 1208/465/445
f 1136/599/579 1135/740/716 1148/3096/2930 1147/2956/2794
f 3362/804/777 3331/800/773 3329/773/747 3363/829/800
f 2577/2511/2386 2564/3075/2912 2578/1307/1267 2594/1306/1266
f 2731/220/200 2717/219/199 2730/2880/2717 2651/3077/2914
f 480/1246/1208 446/1199/1166 448/771/745 479/770/744
f 2631/2547/2422 2614/1309/1269 2630/3097/2931 2651/3077/2914
f 3434/1257/1218 3443/1316/1276 3444/1899/1819 3435/115/97
f 1359/1188/1155 1360/1554/1508 1358/1538/1491 1357/1185/1152
f 1248/3098/2932 1245/1548/1502 1243/1551/1505 1247/3094/2929
f 1210/462/442 1231/3083/2920 1229/3085/2922 1212/135/117
f 2152/3099/2933 2155/2288/2718 2151/458/438 2138/1565/1519
f 1199/3100/2934 1247/3094/2929 1201/762/736 1200/1204/1171
f 1249/3101/2935 1248/3098/2932 1247/3094/2929 1199/3100/2934
f 3026/736/712 3027/2317/2196 2989/2535/2410 3017/737/713
f 2581/506/486 2590/505/485 2580/2524/2399
f 2488/2616/2488 2489/2631/2502 2505/2866/2701 2504/3102/2936
f 2070/2574/2706 2063/3103/2937 2064/2483/2358 2067/2482/2357
f 2504/3102/2936 2505/2866/2701 2529/571/551 2528/570/550
f 2584/2846/2682 2587/1827/1747 2583/2313/2192
f 2548/569/549 2547/568/548 2554/2622/2493 2553/2906/2745
f 2720/2220/2102 2704/2874/2711 2703/2867/2702 2721/2094/1991
f 1406/3104/2938 1408/3105/2939 1407/3106/2940
f 2548/569/549 2549/434/414 2527/2506/2381 2528/570/550
f 1408/3105/2939 1409/3107/2941 1407/3106/2940
f 1407/3106/2940 1409/3107/2941 1410/3056/2893
f 1551/3108/2942 1550/2277/2156 1434/3109/2943 1435/3110/2944
f 2503/2613/2485 2504/3102/2936 2528/570/550 2527/2506/2381
f 1508/1027/997 1437/3111/2945 1438/2835/2674 1507/1583/1537
f 2084/2308/2187 2061/2486/2361 2063/3103/2937 2083/2309/2188
f 1595/3045/2881 1596/3112/2946 1594/3113/2947 1593/3114/2948
f 1408/3105/2939 1406/3104/2938 1415/2604/2476
f 1415/2604/2476 1406/3104/2938 1416/3115/2949
f 1447/3116/2950 1449/3117/2951 1448/2969/2807 1444/3118/2952
f 2496/2890/2728 2498/3119/2953 2519/3120/2954 2518/1291/1252
f 2052/2321/2200 2058/2320/2199 2057/3121/2955 2050/2011/1914
f 90/228/208 91/227/207 89/3122/2956 88/3036/2873
f 1820/3123/2957 1822/3124/2958 1821/3125/2959 1819/3126/2960
f 1321/3050/2886 1347/1150/1117 1320/1149/1116 1314/3027/2864
f 1418/3127/2961 1420/3128/2962 1419/3129/2963 1417/3130/2964
f 1444/3118/2952 1448/2969/2807 1442/2254/2135 1443/3131/2965
f 2578/1307/1267 2563/3132/2966 2579/3133/2967 2593/1308/1268
f 1432/3134/2968 1422/2591/2463 1424/2590/2462 1431/3135/2969
f 2614/1309/1269 2593/1308/1268 2615/3136/2970 2630/3097/2931
f 2486/1272/1232 2485/1271/1231 2487/2615/2487 2500/3004/2842
f 1011/1568/1523 1012/1132/1522 1010/2740/2588 985/2686/2587
f 1864/3137/2971 1863/3138/2972 1869/3139/2973 1865/3140/2974
f 1474/2255/2136 1473/3141/2975 1475/3142/2976 1441/2256/2137
f 1407/3106/2940 1421/2592/2464 1418/3127/2961 1406/3104/2938
f 319/206/186 318/658/636 337/200/180 336/199/179
f 928/2562/2436 929/2777/2623 925/2374/2252 924/2373/2251
f 1434/3109/2943 1433/3143/2977 1435/3110/2944
f 1435/3110/2944 1433/3143/2977 1436/3144/2978
f 1433/3143/2977 1432/3134/2968 1436/3144/2978
f 1436/3144/2978 1432/3134/2968 1437/3111/2945
f 1432/3134/2968 1431/3135/2969 1437/3111/2945
f 1437/3111/2945 1431/3135/2969 1438/2835/2674
f 1579/2585/2457 1577/1173/1140 1585/1259/1220 1582/3145/2979
f 2567/3146/2980 2568/1292/1253 2518/1291/1252 2519/3120/2954
f 1431/3135/2969 1424/2590/2462 1426/2249/2130 1430/2248/2129
f 1322/574/554 1346/3049/2885 1321/3050/2886 1313/2553/2428
f 1410/3056/2893 1584/3055/2892 1421/2592/2464 1407/3106/2940
f 1473/3141/2975 1474/2255/2136 1450/2970/2808 1452/3147/2981
f 1443/3131/2965 1445/3148/2982 1444/3118/2952
f 2690/3149/2983 2677/3150/2984 2689/2343/2221 2694/2913/2753
f 1445/3148/2982 1446/3151/2985 1444/3118/2952
f 1446/3151/2985 1447/3116/2950 1444/3118/2952
f 1451/3152/2986 1453/3153/2987 1452/3147/2981 1450/2970/2808
f 1313/2553/2428 1321/3050/2886 1314/3027/2864 1306/275/255
f 1434/3109/2943 1419/3129/2963 1420/3128/2962 1433/3143/2977
f 1452/3147/2981 1453/3153/2987 1454/3154/2988
f 1453/3153/2987 1455/3155/2989 1454/3154/2988
f 1593/3114/2948 1594/3113/2947 1585/1259/1220 1586/1258/1219
f 1519/3156/2990 1521/1346/1306 1520/1349/1309 1517/1665/1604
f 1469/3157/2991 1479/1431/1387 1468/839/810 1467/3158/2992
f 2675/2971/2809 2673/2690/2558 2674/2689/2557 2677/3150/2984
f 2515/3092/1054 2570/2975/2813 2571/2950/2789
f 2516/3159/2993 2570/2975/2813 2515/3092/1054
f 1464/3160/2994 1465/3161/2995 1443/3131/2965
f 1443/3131/2965 1465/3161/2995 1445/3148/2982
f 2676/2948/2787 2675/2971/2809 2677/3150/2984 2690/3149/2983
f 2693/3162/2996 2690/3149/2983 2694/2913/2753 2708/2380/2258
f 1464/3160/2994 1466/3163/2997 1465/3161/2995
f 1815/3164/2998 1818/3165/2999 1817/3166/3000 1816/1903/1823
f 2522/3005/2843 2501/2507/2382 2523/2332/2210 2563/3132/2966
f 2499/2229/2111 2486/1272/1232 2500/3004/2842 2521/3003/2841
f 2565/2510/2385 2521/3003/2841 2564/3075/2912 2577/2511/2386
f 424/832/803 425/837/808 396/805/765 398/692/668
f 1589/3167/3001 1590/3168/3002 1588/3169/3003 1574/3170/3004
f 2279/3171/3005 2273/3172/3006 2272/2361/2239 2280/2496/2210
f 1879/3173/3007 1878/1514/1468 1934/1517/1471 1933/3174/3008
f 1864/3137/2971 1821/3125/2959 1823/2912/2752 1848/3175/3009
f 1454/3154/2988 1472/3176/3010 1452/3147/2981
f 1472/3176/3010 1473/3141/2975 1452/3147/2981
f 1433/3143/2977 1420/3128/2962 1422/2591/2463 1432/3134/2968
f 1425/3177/3011 1426/2249/2130 1424/2590/2462 1423/2589/2461
f 3312/1379/1339 3318/1532/1485 3314/1440/1396 3313/1380/1340
f 1406/3104/2938 1418/3127/2961 1417/3130/2964 1416/3115/2949
f 1071/2498/2372 1072/2279/2158 1040/2279/2161 1042/2499/2373
f 1475/3142/2976 1473/3141/2975 1476/3178/3012
f 1473/3141/2975 1472/3176/3010 1476/3178/3012
f 2397/2556/2431 2396/3179/3013 2358/2285/2165 2430/2284/2164
f 1592/3180/3014 1593/3114/2948 1586/1258/1219 1587/3181/3015
f 1590/3168/3002 1592/3180/3014 1587/3181/3015 1588/3169/3003
f 2519/3120/2954 2498/3119/2953 2520/2882/2720 2566/2825/306
f 1913/3182/3016 1914/3183/3017 1912/3184/3018 1910/3185/3019
f 1542/3186/3020 1543/3187/3021 1538/3188/3022 1540/3189/3023
f 2624/1994/1901 2621/3190/3024 2623/3191/3025 2658/1639/1582
f 1537/3192/3026 1539/3193/3027 1538/3188/3022 1536/3194/3028
f 1576/1172/1139 1575/3195/3029 1587/3181/3015 1586/1258/1219
f 1546/2582/2454 1545/2581/2453 1554/2606/2478 1553/2605/2477
f 1430/2248/2129 1439/2316/2195 1438/2835/2674 1431/3135/2969
f 1355/1539/1492 1379/557/537 1374/1186/1153 1357/1185/1152
f 3132/1466/1422 3141/1067/1036 3142/1066/1035 3131/928/897
f 1575/3195/3029 1576/1172/1139 1412/1175/1142 1568/3196/3030
f 1543/3187/3021 1544/3197/3031 1536/3194/3028 1538/3188/3022
f 1543/3187/3021 1542/3186/3020 1557/1630/1575 1556/1629/1574
f 1467/3158/2992 1468/839/810 1460/842/813 1462/1889/1809
f 1156/2041/1943 931/1844/1764 1154/1843/1763 1155/2038/1940
f 1489/3198/3032 1490/1923/1843 1488/3199/3033 1482/3200/3034
f 1482/3200/3034 1488/3199/3033 1481/3201/3035 1480/3202/3036
f 1480/3202/3036 1481/3201/3035 1479/1431/1387 1469/3157/2991
f 2698/2869/2704 2703/2867/2702 2704/2874/2711 2697/2873/2710
f 289/477/457 288/580/560 299/240/220 298/239/219
f 2962/2352/2230 2969/578/558 2970/577/557 2961/2349/2227
f 1559/1628/1573 1561/1526/1479 1555/2871/2707 1556/1629/1574
f 2280/2496/2210 2272/2361/2239 2271/2360/2238 2281/2495/2370
f 1568/3196/3030 1412/1175/1142 1413/3203/3037 1567/3204/3038
f 1484/2315/2194 1485/2314/2193 1476/3178/3012 1477/3205/3039
f 2150/460/440 2157/2863/2698 2149/1740/1675 2140/1739/1674
f 1472/3176/3010 1471/3206/3040 1477/3205/3039 1476/3178/3012
f 1068/663/641 1069/1382/1342 1044/1382/1499 1045/664/642
f 2435/2392/2270 2428/3207/3041 2434/2300/2179 2442/2393/2271
f 1567/3204/3038 1413/3203/3037 1414/1528/1481 1563/1527/1480
f 1470/840/811 1471/3206/3040 1456/3208/3042 1458/841/812
f 186/361/341 187/360/340 162/254/234 163/331/311
f 1490/1923/1843 1503/1582/1536 1487/1585/1539 1488/3199/3033
f 1758/2102/1997 1757/2347/2225 1770/3209/3043 1769/1660/1599
f 2657/1642/1585 2625/1995/1902 2624/1994/1901 2658/1639/1582
f 2623/3191/3025 2659/2804/2649 2660/1640/1583 2658/1639/1582
f 2232/3210/3044 2236/2647/2517 2230/1456/1412 2231/3211/2767
f 1471/3206/3040 1472/3176/3010 1454/3154/2988 1456/3208/3042
f 1455/3155/2989 1457/3212/3045 1456/3208/3042 1454/3154/2988
f 2534/3213/3046 2543/2981/2819 2539/1649/1590
f 1545/2581/2453 1544/3197/3031 1555/2871/2707 1554/2606/2478
f 2534/3213/3046 2539/1649/1590 2538/1648/1589
f 1690/2398/2276 1692/2397/2275 1691/3214/3047 1689/3215/3048
f 1571/3216/3049 1568/3196/3030 1567/3204/3038 1566/1261/1222
f 2537/2985/2823 2534/3213/3046 2538/1648/1589
f 1535/3217/3050 1537/3192/3026 1536/3194/3028 1534/2584/2456
f 1552/412/392 1551/3108/2942 1435/3110/2944 1514/413/393
f 1531/3218/3051 1533/3219/3052 1532/2583/2455 1530/3220/3053
f 1550/2277/2156 1549/2276/2155 1419/3129/2963 1434/3109/2943
f 1440/2247/2128 1485/2314/2193 1439/2316/2195 1430/2248/2129
f 1548/3080/2918 1547/3221/3054 1416/3115/2949 1417/3130/2964
f 1547/3221/3054 1546/2582/2454 1553/2605/2477 1416/3115/2949
f 702/1419/1375 689/2043/1945 690/915/884 701/1420/1376
f 3478/1157/1124 3397/548/528 3477/1052/1021 3490/1042/1012
f 1575/3195/3029 1573/3222/3055 1588/3169/3003 1587/3181/3015
f 1574/3170/3004 1588/3169/3003 1573/3222/3055 1572/3223/3056
f 2535/1282/1243 2534/3213/3046 2537/2985/2823
f 2657/1642/1585 2661/1641/1584 2662/2928/2766 2656/3224/3057
f 2656/3224/3057 2626/3070/2907 2625/1995/1902 2657/1642/1585
f 1701/2396/2274 1700/2395/2273 1706/2118/2013 1705/3225/3058
f 1573/3222/3055 1575/3195/3029 1568/3196/3030 1571/3216/3049
f 1718/3226/3059 1708/2862/2697 1710/1917/1837 1713/3227/3060
f 1281/2421/2298 1293/2578/2450 1280/2679/2547 1275/3014/2852
f 1843/3228/3061 1844/2601/2473 1836/2995/2833 1838/3229/3062
f 1546/2582/2454 1547/3221/3054 1530/3220/3053 1532/2583/2455
f 2681/2957/2795 2684/2234/2116 2686/1905/1825 2680/1904/1824
f 1484/2315/2194 1483/3230/3063 1487/1585/1539 1486/1584/1538
f 2656/3224/3057 2662/2928/2766 2712/2927/2765 2655/3231/3064
f 2534/3213/3046 2535/1282/1243 2533/1281/1242
f 1523/1347/1307 1525/3232/3065 1524/2278/2157 1522/1348/1308
f 1957/2440/2316 1958/3233/3066 1956/3234/3067 1955/3235/2961
f 1525/3232/3065 1527/1934/1854 1526/1937/1857 1524/2278/2157
f 1959/2443/2319 1960/3236/3068 1958/3233/3066 1957/2440/2316
f 1533/3219/3052 1535/3217/3050 1534/2584/2456 1532/2583/2455
f 220/332/312 221/428/408 196/363/343 197/362/342
f 1513/3237/3069 1515/411/391 1511/414/394 1512/2051/1952
f 1570/3238/3070 1571/3216/3049 1566/1261/1222 1569/3239/3071
f 2511/3240/2862 2512/1823/1743 2515/3092/1054
f 2510/3241/2863 2511/3240/2862 2515/3092/1054
f 2498/3119/2953 2497/2230/2112 2499/2229/2111 2520/2882/2720
f 814/1168/1135 540/1945/1865 815/496/476 802/495/475
f 1416/3115/2949 1553/2605/2477 1415/2604/2476
f 2509/2929/2767 2510/3241/2863 2534/3213/3046
f 2533/1281/1242 2509/2929/2767 2534/3213/3046
f 752/1389/1349 751/2081/1978 769/1653/1594 768/944/914
f 1493/905/874 1494/904/873 1492/3242/3072 1491/3243/3073
f 2655/3231/3064 2627/2942/2781 2626/3070/2907 2656/3224/3057
f 2009/3244/3074 1985/3245/3075 1986/3246/3076 1987/3247/3077
f 1566/1261/1222 1567/3204/3038 1563/1527/1480 1564/1262/1223
f 2913/2159/2044 2936/1217/1183 2937/1220/117 2935/1943/1863
f 1597/3048/2884 1598/3248/3078 1596/3112/2946 1595/3045/2881
f 2279/3171/3005 2284/286/266 2285/2904/2743 2278/3249/1267
f 1593/3114/2948 1592/3180/3014 1600/3046/2882 1595/3045/2881
f 2546/934/904 2530/3250/3079 2545/2357/2235 2556/935/905
f 3215/1376/1336 3241/1677/1616 3242/1676/1615 3213/1373/1333
f 1491/3243/3073 1492/3242/3072 1490/1923/1843 1489/3198/3032
f 2109/3251/3080 2110/3252/3081 2108/3253/3082 2107/2180/1990
f 537/1084/1053 816/1060/1029 538/1233/1198 533/1232/1197
f 2085/2540/2415 2084/2308/2187 2282/2311/2190 2281/2495/2370
f 2525/2614/2486 2560/3254/3083 2561/2330/2209 2524/2329/2208
f 1917/2537/2412 1940/2599/2471 1916/3255/3084 1903/3256/3085
f 1499/3257/3086 1500/3258/3087 1498/3259/3088 1497/3260/3089
f 1501/3261/3090 1502/3262/3091 1500/3258/3087 1499/3257/3086
f 2579/3133/2967 2562/2331/267 2580/2524/2399 2592/3263/265
f 1544/3197/3031 1543/3187/3021 1556/1629/1574 1555/2871/2707
f 1516/3264/3092 1517/1665/1604 1515/411/391 1513/3237/3069
f 2615/3136/2970 2592/3263/265 2616/2885/2724 2629/2884/2723
f 1544/3197/3031 1545/2581/2453 1534/2584/2456 1536/3194/3028
f 1449/3117/2951 1451/3152/2986 1450/2970/2808 1448/2969/2807
f 2811/2423/2300 2809/2669/2538 2808/2668/2537 2813/2675/2543
f 1441/2256/2137 1475/3142/2976 1440/2247/2128 1428/2246/2127
f 2567/3146/2980 2519/3120/2954 2566/2825/306 2575/2824/2668
f 1550/2277/2156 1551/3108/2942 1522/1348/1308 1524/2278/2157
f 1582/3145/2979 1583/3265/3093 1581/2586/2458 1579/2585/2457
f 2691/2947/2786 2676/2948/2787 2690/3149/2983 2693/3162/2996
f 2515/3092/1054 2514/1822/1742 2516/3159/2993
f 2512/1823/1743 2514/1822/1742 2515/3092/1054
f 2692/2934/2772 2691/2947/2786 2693/3162/2996 2709/3266/2804
f 1411/1174/1141 1578/2588/2460 1410/3056/2893 1409/3107/2941
f 1409/3107/2941 1413/3203/3037 1412/1175/1142 1411/1174/1141
f 1529/1935/1855 1531/3218/3051 1530/3220/3053 1528/1936/1856
f 1518/3267/3094 1519/3156/2990 1517/1665/1604 1516/3264/3092
f 2710/2933/2771 2692/2934/2772 2709/3266/2804 2714/3268/3095
f 1602/3269/3096 1603/3270/3097 1601/3271/3098 1591/3272/3099
f 1875/3273/3100 1778/3274/3101 1779/269/249 2026/268/248
f 2713/3275/3102 2711/2932/2770 2710/2933/2771 2714/3268/3095
f 2073/1841/1761 2074/1840/1760 2071/2566/2440 2068/2565/2439
f 1603/3270/3097 1599/3047/2883 1600/3046/2882 1601/3271/3098
f 1258/3043/2879 1276/2422/2299 1271/3013/2851 1260/2997/2835
f 1408/3105/2939 1414/1528/1481 1413/3203/3037 1409/3107/2941
f 1510/493/473 1436/3144/2978 1437/3111/2945 1508/1027/997
f 1483/3230/3063 1481/3201/3035 1488/3199/3033 1487/1585/1539
f 2530/3250/3079 2506/2865/2700 2531/2358/2236 2545/2357/2235
f 467/1478/1434 493/1501/1457 466/1504/1460 465/2105/2000
f 2088/298/278 2056/2009/551 2057/3121/2955 2087/299/279
f 2186/2528/2403 2205/1473/1429 2291/1476/1432 2293/1445/1401
f 2581/506/486 2561/2330/2209 2560/3254/3083 2582/503/483
f 947/1368/1328 950/1481/1437 949/2820/2664 945/2691/2559
f 2580/2524/2399 2562/2331/267 2561/2330/2209 2581/506/486
f 2592/3263/265 2580/2524/2399 2591/2523/2398 2616/2885/2724
f 1895/143/125 1650/2782/2627 1653/3091/2927 1655/144/126
f 1306/275/255 1314/3027/2864 1305/2262/2143 1297/276/256
f 1549/2276/2155 1548/3080/2918 1417/3130/2964 1419/3129/2963
f 1712/1916/1836 1714/3276/3103 1713/3227/3060 1710/1917/1837
f 2876/3277/3104 2877/2202/2083 2879/2201/2082 2878/2223/2105
f 2679/1907/1827 2687/1906/1826 2688/2345/2223 2678/2344/2222
f 3124/2029/1932 3149/2032/1935 3150/1909/1829 3123/1908/1828
f 2820/2797/2642 2801/421/401 2800/420/400 2821/2635/2505
f 2682/3016/2854 2683/2231/2113 2684/2234/2116 2681/2957/2795
f 2714/3268/3095 2733/2402/2280 2654/2917/2123 2713/3275/3102
f 1760/3278/3105 1759/2101/1996 1768/1659/1598 1767/3279/3106
f 1635/3280/3107 1632/3281/3108 1633/3282/3109 1636/2338/2216
f 1805/2541/2416 1804/3283/3110 1809/3284/3111 1808/3285/3112
f 1637/2337/2215 1638/778/752 1631/3286/3113 1630/3287/3114
f 1858/2888/2727 1859/2019/1922 1857/1313/1273 1856/3288/3115
f 2619/1388/1348 2625/1995/1902 2626/3070/2907 2618/1387/1347
f 2489/2631/2502 2483/1270/1230 2490/2864/2699
f 1692/2397/2275 1694/3289/3116 1693/3290/3117 1691/3214/3047
f 1619/1032/1002 1623/3291/3118 1622/3292/3119 1621/2839/2676
f 1872/1082/1051 1816/1903/1823 1817/3166/3000 1871/3293/3120
f 3387/1035/1005 3404/313/293 3405/176/156 3403/1036/1006
f 2487/2615/2487 2485/1271/1231 2488/2616/2488
f 1898/3059/2896 1646/3058/2895 1647/3294/3121 1897/2538/2413
f 1804/3283/3110 1805/2541/2416 1791/2543/2418 1793/3295/3122
f 1315/3019/2857 1318/1352/1312 1316/3039/2875 1304/3020/2858
f 1481/3201/3035 1483/3230/3063 1478/1432/1388 1479/1431/1387
f 2447/3296/3123 2448/3297/3124 2450/2952/2791 2449/3298/3125
f 1660/3299/3126 1662/2238/2120 1661/2268/2148 1659/2976/2814
f 2448/3297/3124 2432/3300/3127 2453/1126/1093 2450/2952/2791
f 1833/2182/2064 1835/3301/3128 1834/2389/2267 1832/2183/2065
f 1642/3061/2898 1645/3060/2897 1643/3302/3129 1641/3303/3130
f 1794/3304/3131 1796/3305/3132 1795/3306/3133 1793/3295/3122
f 1260/2997/2835 1271/3013/2851 1270/2462/2338 1262/2157/2042
f 2445/3307/3134 2431/2557/2432 2432/3300/3127 2448/3297/3124
f 2433/2302/2181 2429/2301/2180 2431/2557/2432 2445/3307/3134
f 1592/3180/3014 1590/3168/3002 1601/3271/3098 1600/3046/2882
f 1654/3090/2926 1656/3308/3135 1655/144/126 1653/3091/2927
f 1796/3305/3132 1798/2261/2142 1797/2260/2141 1795/3306/3133
f 2442/2393/2271 2434/2300/2179 2443/2303/2182 2460/1323/1283
f 672/2003/1908 671/2002/1907 689/2043/1945 688/1105/1073
f 2428/3207/3041 2397/2556/2431 2429/2301/2180 2434/2300/2179
f 545/1160/1127 544/999/969 553/1001/971 552/1169/1136
f 2398/1979/1889 2396/3179/3013 2397/2556/2431 2428/3207/3041
f 2949/1075/1044 2927/1074/1043 2948/2208/2089 2955/2365/2243
f 1607/2768/2614 1641/3303/3130 1634/3309/3136 1606/2406/2284
f 2458/2196/2078 2464/2602/2474 2478/2634/674 2477/2197/171
f 1853/2600/2472 1854/3310/3137 1846/2388/2266 1845/2387/2265
f 1863/3138/2972 1864/3137/2971 1848/3175/3009 1854/3310/3137
f 1617/1031/1001 1632/3281/3108 1623/3291/3118 1619/1032/1002
f 2458/2196/2078 2441/2391/2269 2459/2394/2272 2464/2602/2474
f 1871/3293/3120 1817/3166/3000 1819/3126/2960 1865/3140/2974
f 1942/1434/1390 1943/1433/1389 1933/3174/3008 1934/1517/1471
f 2393/3311/3138 2392/3312/3139 2394/2858/2693 2400/2857/2692
f 2323/3313/3140 2334/3314/3141 2335/490/470 2324/489/469
f 1421/2592/2464 1422/2591/2463 1420/3128/2962 1418/3127/2961
f 1606/2406/2284 1634/3309/3136 1633/3282/3109 1615/2407/2285
f 2023/1083/1052 2024/747/723 1809/3284/3111 1810/3315/3142
f 1870/3316/3143 1868/3317/3144 1874/745/721 1873/744/720
f 391/756/730 392/688/667 365/149/128 366/148/130
f 1963/2598/2470 1913/3182/3016 1916/3255/3084 1940/2599/2471
f 1963/2598/2470 1964/3318/3145 1914/3183/3017 1913/3182/3016
f 2433/2302/2181 2445/3307/3134 2446/3319/3146 2444/3320/3147
f 1785/3321/3148 1786/3322/3149 1784/3323/3150 1783/3324/3151
f 1910/3185/3019 1906/3325/3152 1916/3255/3084 1913/3182/3016
f 2443/2303/2182 2433/2302/2181 2444/3320/3147 2461/3326/3153
f 2460/1323/1283 2443/2303/2182 2461/3326/3153 2462/1324/1284
f 3483/994/964 3492/453/433 3488/309/289 3485/1076/1045
f 1539/3193/3027 1541/3327/3154 1540/3189/3023 1538/3188/3022
f 1891/1987/1894 1890/1986/1893 1922/3328/3155 1921/2597/2469
f 2888/2186/2068 2890/3068/2905 2910/2567/2441 2889/2187/2069
f 179/383/363 178/382/362 205/468/448 204/2356/2234
f 2309/2609/2481 2311/2166/2050 2364/2165/2049 2369/2772/2618
f 212/467/447 213/483/463 204/2356/2234 205/468/448
f 1900/3329/3156 1901/2833/2672 1876/2834/2673 1858/2888/2727
f 1967/1047/1017 1968/1046/1016 1966/3330/3157 1965/3331/3158
f 2905/2417/2295 2916/472/452 2917/471/451 2904/2418/1076
f 1939/3332/3159 1951/3333/3160 1938/3334/3161 1937/3335/3162
f 2427/1980/242 2398/1979/1889 2428/3207/3041 2435/2392/2270
f 1732/406/386 1734/405/385 1733/3034/2871 1731/3336/3163
f 2395/1978/1888 2366/2414/2292 2396/3179/3013 2398/1979/1889
f 2366/2414/2292 2357/2413/2291 2358/2285/2165 2396/3179/3013
f 1725/3337/3164 1726/3338/3165 1724/2468/2343 1723/2467/2342
f 1726/3338/3165 1728/2636/2506 1727/2639/2509 1724/2468/2343
f 3002/897/866 3005/3339/3166 3006/2454/2330 3003/2453/2329
f 2474/2607/2479 2475/3340/3167 2416/1062/1031 2473/2516/2391
f 1941/3341/3168 1942/1434/1390 1934/1517/1471 1935/1516/1470
f 1936/3342/3169 1941/3341/3168 1935/1516/1470 1901/2833/2672
f 2319/3007/2845 2324/489/469 2325/492/472 2317/2436/2313
f 3046/2368/2246 3047/2617/2489 3033/2555/2430 3034/2176/2059
f 2963/1944/1864 2937/1220/117 2964/1219/1185 2968/895/864
f 2694/2913/2753 2689/2343/2221 2695/2346/2224 2707/218/198
f 2307/2774/2620 2308/3343/3170 2310/2610/2482 2309/2609/2481
f 2247/351/331 2243/350/330 2242/900/869 2248/328/308
f 1925/3344/3171 1926/3062/2899 1971/3065/2902 1970/3345/3172
f 1744/1495/1451 1743/3346/3173 1748/2993/2831 1747/1496/1452
f 1652/3088/724 1653/3091/2927 1650/2782/2627 1651/2781/2626
f 1886/3347/3174 1885/3348/3175 1927/3063/2900 1926/3062/2899
f 1717/2470/2345 1722/2469/2344 1721/3349/3176 1720/3350/3177
f 1718/3226/3059 1717/2470/2345 1720/3350/3177 1719/2348/2226
f 2809/2669/2538 2811/2423/2300 2812/2426/2303 2810/2753/2599
f 1714/3276/3103 1716/3351/3178 1715/3352/3179 1713/3227/3060
f 2472/2515/2390 2471/2452/2328 2470/2451/2327 2479/3353/3180
f 3045/2376/2254 3054/2650/2520 3047/2617/2489 3046/2368/2246
f 2506/2865/2700 2490/2864/2699 2507/1450/1406 2531/2358/2236
f 2464/2602/2474 2466/2204/2085 2468/2207/2088 2478/2634/674
f 1159/2145/2030 1160/2785/2630 1158/2930/2768 1157/2142/2027
f 2432/3300/3127 2355/2283/2163 2455/1127/1094 2453/1126/1093
f 2336/3354/3181 2348/3355/3182 2342/2955/802 2337/3356/3183
f 2021/3357/3184 2022/3358/3185 2020/3359/3186 1670/3360/3187
f 1667/2378/2256 1669/3361/3188 1668/3362/3189 1666/2236/2118
f 2956/2211/2092 2947/2210/2091 2957/2514/2389 2975/2225/2107
f 2449/3298/3125 2450/2952/2791 2452/2953/2792 2451/3363/3190
f 1974/1618/1563 1975/3364/3191 1972/3064/2901 1973/3365/3192
f 1975/3364/3191 1976/3366/3193 1971/3065/2902 1972/3064/2901
f 1694/3289/3116 1696/1513/1467 1695/3367/3194 1693/3290/3117
f 1696/1513/1467 1688/1512/1466 1686/3368/3195 1695/3367/3194
f 1682/3369/3196 1683/3370/3197 1681/3371/3198 1680/3372/3199
f 2367/159/140 2366/2414/2292 2395/1978/1888 2391/160/141
f 3231/1334/1294 3232/1417/1373 3233/1523/1476 3228/1335/1295
f 87/3037/2874 86/162/143 93/104/86 92/103/85
f 1951/3333/3160 1954/3373/3200 1950/3374/3201 1938/3334/3161
f 1702/3375/3202 1697/1510/1464 1696/1513/1467 1694/3289/3116
f 2394/2858/2693 2391/160/141 2395/1978/1888 2399/1977/1887
f 1902/3376/3203 1936/3342/3169 1901/2833/2672 1900/3329/3156
f 753/950/920 752/1389/1349 768/944/914 767/943/913
f 2344/2717/2575 2343/2720/2577 2342/2955/802 2348/3355/3182
f 3020/2175/3204 3022/2174/2057 3023/408/388 3021/407/387
f 1924/3377/3205 1925/3344/3171 1970/3345/3172 1969/1797/1723
f 2424/2627/2498 2438/3378/3206 2422/3379/3207 2423/2334/2212
f 1719/2348/2226 1707/2119/2014 1708/2862/2697 1718/3226/3059
f 2431/2557/2432 2430/2284/2164 2355/2283/2163 2432/3300/3127
f 1702/3375/3202 1701/2396/2274 1705/3225/3058 1703/3380/3208
f 2419/2727/2582 2420/179/159 2457/182/162 2477/2197/171
f 2416/1062/1031 2414/1061/1030 2420/179/159 2419/2727/2582
f 1703/3380/3208 1704/3381/3209 1697/1510/1464 1702/3375/3202
f 1977/3382/3210 1978/1796/1722 1969/1797/1723 1970/3345/3172
f 1924/3377/3205 1965/3331/3158 1923/2492/2367 1888/2491/2366
f 2476/2517/2392 2419/2727/2582 2477/2197/171 2478/2634/674
f 1890/1986/1893 1889/2493/2368 1923/2492/2367 1922/3328/3155
f 1877/1515/1469 1878/1514/1468 1774/3383/3211 1775/3384/3212
f 1761/3385/3213 1762/3386/3214 1704/3381/3209 1703/3380/3208
f 1746/1497/1453 1754/3387/3215 1721/3349/3176
f 1754/3387/3215 1755/3388/3216 1721/3349/3176
f 1759/2101/1996 1760/3278/3105 1705/3225/3058 1706/2118/2013
f 471/1054/1023 491/1864/1785 490/1015/985 472/971/941
f 2135/824/795 2128/2673/94 2129/2530/2405 2136/2529/2404
f 1756/3389/3217 1757/2347/2225 1719/2348/2226 1720/3350/3177
f 2007/3390/3218 2006/2937/2776 2016/2939/2778 2015/3391/3219
f 1705/3225/3058 1760/3278/3105 1703/3380/3208
f 1760/3278/3105 1761/3385/3213 1703/3380/3208
f 1878/1514/1468 1879/3173/3007 1773/3392/3220 1774/3383/3211
f 1887/3393/3221 1888/2491/2366 1764/2494/2369 1765/3394/3222
f 1876/2834/2673 1877/1515/1469 1775/3384/3212 1776/1040/1010
f 1302/3051/2887 1303/3069/2906 1301/3079/2917 1300/509/489
f 412/1317/1277 440/1589/1531 413/698/676 410/697/675
f 2008/3395/3223 2009/3244/3074 1987/3247/3077 1988/3396/3224
f 1766/3397/3225 1761/3385/3213 1767/3279/3106
f 1761/3385/3213 1760/3278/3105 1767/3279/3106
f 2002/3398/3226 2003/2762/2608 1995/3399/3227 1997/3400/3228
f 2005/127/109 2006/2937/2776 1990/1620/1565 1991/128/110
f 1427/2757/2603 1428/2246/2127 1426/2249/2130 1425/3177/3011
f 2003/2762/2608 2004/126/108 1993/129/111 1995/3399/3227
f 2006/2937/2776 2007/3390/3218 1989/3401/3229 1990/1620/1565
f 1772/3402/3230 1755/3388/3216 1773/3392/3220
f 1755/3388/3216 1754/3387/3215 1773/3392/3220
f 1762/3386/3214 1761/3385/3213 1766/3397/3225 1765/3394/3222
f 2410/2296/2174 2408/2295/78 2423/2334/2212 2422/3379/3207
f 1744/1495/1451 1745/1494/1450 1727/2639/2509 1729/2638/2508
f 360/222/202 359/221/201 364/690/669 362/793/766
f 2437/2460/2336 2426/2859/2694 2436/2474/2349 2440/2195/2077
f 1675/1989/1896 1663/1988/1895 1664/2237/2119 1674/3403/3231
f 1674/3403/3231 1664/2237/2119 1666/2236/2118 1668/3362/3189
f 1856/3288/3115 1857/1313/1273 1855/1312/1272 1851/3404/3232
f 1921/2597/2469 1922/3328/3155 1964/3318/3145 1963/2598/2470
f 900/2795/2640 899/1746/1681 936/1749/1684 935/2796/2641
f 2321/3010/2848 2323/3313/3140 2324/489/469 2319/3007/2845
f 1752/2991/2829 1751/1037/1007 1776/1040/1010 1775/3384/3212
f 704/1103/1071 703/1102/1070 717/2017/1920 716/1850/1770
f 1328/1107/1075 1330/725/702 1329/728/705 1327/1108/1076
f 2350/3011/2849 2359/158/139 2360/3405/3233 2340/3406/3234
f 1636/2338/2216 1637/2337/2215 1630/3287/3114 1635/3280/3107
f 1471/3206/3040 1470/840/811 1478/1432/1388 1477/3205/3039
f 1803/3407/3235 1801/3408/3236 1811/2572/2444 1810/3315/3142
f 2340/3406/3234 2338/3409/1027 2341/2954/2793 2350/3011/2849
f 1275/3014/2852 1280/2679/2547 1279/431/411 1274/430/410
f 3393/98/80 3401/97/79 3402/831/802 3394/1057/1026
f 1800/2259/2140 1802/3410/1004 1801/3408/3236 1797/2260/2141
f 3027/2317/2196 3026/736/712 3025/409/389 3030/2318/2197
f 1865/3140/2974 1819/3126/2960 1821/3125/2959 1864/3137/2971
f 1483/3230/3063 1484/2315/2194 1477/3205/3039 1478/1432/1388
f 1863/3138/2972 1862/3411/3237 1866/3412/3238 1869/3139/2973
f 1860/1310/1270 1866/3412/3238 1862/3411/3237 1861/1311/1271
f 2352/2464/209 2353/2282/2162 2358/2285/2165 2357/2413/2291
f 1336/3076/2913 1338/3413/3239 1337/2214/2095 1335/2104/1999
f 1790/3414/3240 1792/3415/3241 1791/2543/2418 1789/2542/2417
f 2380/2918/2756 2368/2619/2490 2381/3416/3242 2383/2919/2757
f 2376/2621/2492 2403/2333/2211 2405/1179/1146 2404/1178/1145
f 1623/3291/3118 1625/3417/3243 1624/3418/3244 1622/3292/3119
f 1615/2407/2285 1633/3282/3109 1632/3281/3108 1617/1031/1001
f 356/681/660 355/209/189 368/834/805 367/780/660
f 2328/3419/3245 2327/491/471 2329/2326/2205 2339/3420/3246
f 2351/3042/2878 2354/3421/3247 2355/2283/2163 2353/2282/2162
f 1605/2767/2613 1609/1938/1858 1608/1941/1861 1607/2768/2614
f 1643/3302/3129 1644/1295/1256 1639/1297/1258 1640/2339/2217
f 1874/745/721 1875/3273/3100 2026/268/248 2025/746/722
f 2115/343/323 2129/2530/2405 2128/2673/94 2117/340/320
f 2401/3422/3248 2393/3311/3138 2400/2857/2692 2425/3423/3249
f 1093/2667/2536 1092/602/1619 1101/602/582 1100/601/581
f 3005/3339/3166 3007/3424/3250 3008/2593/2465 3006/2454/2330
f 1141/3425/3251 1142/3426/2584 1140/2895/2734 1139/2894/2733
f 1848/3175/3009 1823/2912/2752 1825/2371/2249 1847/3002/2840
f 1854/3310/3137 1848/3175/3009 1847/3002/2840 1846/2388/2266
f 1645/3060/2897 1899/3427/3252 1644/1295/1256 1643/3302/3129
f 1850/1891/1811 1852/1890/1810 1844/2601/2473 1843/3228/3061
f 2425/3423/3249 2400/2857/2692 2426/2859/2694 2437/2460/2336
f 2997/2660/2529 2998/3428/3253 3000/3429/3254 2999/2838/2675
f 1608/1941/1861 1642/3061/2898 1641/3303/3130 1607/2768/2614
f 2388/3053/2890 2393/3311/3138 2401/3422/3248 2389/3430/3255
f 2384/2920/2758 2388/3053/2890 2389/3430/3255 2385/2595/2467
f 2361/3431/3256 2360/3405/3233 2382/3432/3257 2381/3416/3242
f 2360/3405/3233 2361/3431/3256 2339/3420/3246 2340/3406/3234
f 1943/1433/1389 1944/641/619 1932/644/622 1933/3174/3008
f 1983/3433/3258 1984/3434/3259 1982/1520/1473 1981/1519/1472
f 2005/127/109 2004/126/108 2018/2764/2610 2017/2938/2777
f 1802/3410/1004 1812/2570/2443 1811/2572/2444 1801/3408/3236
f 1591/3272/3099 1601/3271/3098 1590/3168/3002 1589/3167/3001
f 1813/1902/1822 2023/1083/1052 1810/3315/3142 1811/2572/2444
f 2414/1061/1030 2412/3071/2908 2421/180/160 2420/179/159
f 2387/3052/2889 2382/3432/3257 2390/161/142 2392/3312/3139
f 1787/3435/3260 1788/3436/3261 1786/3322/3149 1785/3321/3148
f 1670/3360/3187 2020/3359/3186 1669/3361/3188 1667/2378/2256
f 1753/2992/2830 1752/2991/2829 1775/3384/3212 1774/3383/3211
f 2349/2463/2339 2343/2720/2577 2346/2719/243 2352/2464/209
f 2654/2917/2123 2627/2942/2781 2655/3231/3064 2713/3275/3102
f 1868/3317/3144 1867/2020/1923 1875/3273/3100 1874/745/721
f 1894/142/124 1893/1623/1568 1919/1626/1571 1918/2536/2411
f 1871/3293/3120 1870/3316/3143 1873/744/720 1872/1082/1051
f 1965/3331/3158 1966/3330/3157 1922/3328/3155 1923/2492/2367
f 1457/3212/3045 1459/2018/1921 1458/841/812 1456/3208/3042
f 1786/3322/3149 1790/3414/3240 1789/2542/2417 1784/3323/3150
f 1881/3437/3262 1880/3438/3263 1932/644/622 1931/643/621
f 1781/3439/3264 1782/1555/1509 1780/270/250 1742/3440/3265
f 2360/3405/3233 2359/158/139 2390/161/142 2382/3432/3257
f 1789/2542/2417 1806/1556/1510 1782/1555/1509 1784/3323/3150
f 1615/2407/2285 1617/1031/1001 1616/1034/1004 1614/2408/2286
f 1806/1556/1510 1805/2541/2416 1808/3285/3112 1807/271/251
f 1792/3415/3241 1794/3304/3131 1793/3295/3122 1791/2543/2418
f 1870/3316/3143 1871/3293/3120 1865/3140/2974 1869/3139/2973
f 1648/2783/2628 1896/3441/3266 1647/3294/3121 1612/2251/2132
f 1612/2251/2132 1647/3294/3121 1646/3058/2895 1610/1940/1860
f 1764/2494/2369 1889/2493/2368 1676/2559/2434 1763/3442/3267
f 2342/2955/802 2341/2954/2793 2338/3409/1027 2337/3356/3183
f 2596/2826/2669 2576/2509/2384 2595/379/359 2612/378/358
f 1861/1311/1271 1862/3411/3237 1853/2600/2472 1852/1890/1810
f 1625/3417/3243 1627/3443/3268 1626/3444/3269 1624/3418/3244
f 1896/3441/3266 1918/2536/2411 1897/2538/2413 1647/3294/3121
f 1610/1940/1860 1646/3058/2895 1642/3061/2898 1608/1941/1861
f 1896/3441/3266 1648/2783/2628 1650/2782/2627 1895/143/125
f 2568/1292/1253 2567/3146/2980 2574/3081/331 2573/2490/2365
f 2402/2626/2497 2389/3430/3255 2401/3422/3248 2424/2627/2498
f 1632/3281/3108 1635/3280/3107 1625/3417/3243 1623/3291/3118
f 221/428/408 222/344/324 195/257/237 196/363/343
f 1256/2998/2836 1277/2420/2297 1276/2422/2299 1258/3043/2879
f 2330/2328/2207 2337/3356/3183 2338/3409/1027 2329/2326/2205
f 2424/2627/2498 2401/3422/3248 2425/3423/3249 2438/3378/3206
f 2339/3420/3246 2361/3431/3256 2362/2618/1125 2328/3419/3245
f 2368/2619/2490 2362/2618/1125 2361/3431/3256 2381/3416/3242
f 1895/143/125 1894/142/124 1918/2536/2411 1896/3441/3266
f 2374/2620/2491 2404/1178/1145 2406/1181/1148 2418/3445/3270
f 2024/747/723 2025/746/722 1808/3285/3112 1809/3284/3111
f 2025/746/722 2026/268/248 1807/271/251 1808/3285/3112
f 1837/3446/3271 1839/3447/3272 1838/3229/3062 1836/2995/2833
f 1742/3440/3265 1780/270/250 1779/269/249 1750/1038/1008
f 1750/1038/1008 1751/1037/1007 1749/3448/3273 1742/3440/3265
f 1751/1037/1007 1752/2991/2829 1748/2993/2831 1749/3448/3273
f 1762/3386/3214 1763/3442/3267 1699/3449/3274 1704/3381/3209
f 1886/3347/3174 1887/3393/3221 1765/3394/3222 1766/3397/3225
f 1773/3392/3220 1879/3173/3007 1772/3402/3230
f 1879/3173/3007 1880/3438/3263 1772/3402/3230
f 1884/1331/1291 1885/3348/3175 1767/3279/3106 1768/1659/1598
f 1717/2470/2345 1718/3226/3059 1713/3227/3060 1715/3352/3179
f 1881/3437/3262 1882/1145/1113 1770/3209/3043 1771/3450/3275
f 1996/3451/3276 1998/3452/3277 1997/3400/3228 1995/3399/3227
f 1767/3279/3106 1885/3348/3175 1766/3397/3225
f 1885/3348/3175 1886/3347/3174 1766/3397/3225
f 1903/3256/3085 1916/3255/3084 1906/3325/3152 1899/3427/3252
f 1763/3442/3267 1676/2559/2434 1677/3453/3278 1699/3449/3274
f 3018/3454/3279 3020/2175/3204 3021/407/387 3019/2080/1977
f 1815/3164/2998 1816/1903/1823 1813/1902/1822 1814/2571/2287
f 3013/735/711 3014/2275/2154 3029/2079/1976 3024/410/390
f 1020/2744/2592 1019/2743/2591 1050/2549/2424 1049/2872/2709
f 2813/2675/2543 2808/2668/2537 2807/2670/2539 2814/2447/2323
f 2536/2359/2237 2532/1279/1240 2535/1282/1243 2537/2985/2823
f 1804/3283/3110 1803/3407/3235 1810/3315/3142 1809/3284/3111
f 1803/3407/3235 1804/3283/3110 1793/3295/3122 1795/3306/3133
f 1862/3411/3237 1863/3138/2972 1854/3310/3137 1853/2600/2472
f 2329/2326/2205 2338/3409/1027 2340/3406/3234 2339/3420/3246
f 2955/2365/2243 2948/2208/2089 2956/2211/2092 2976/2366/2244
f 1742/3440/3265 1749/3448/3273 1741/3033/2870 1740/3032/2869
f 1680/3372/3199 1681/3371/3198 1679/3455/3280 1678/3456/3281
f 2378/2594/2466 2371/3457/3282 2370/2773/2619 2379/2921/2759
f 1846/2388/2266 1847/3002/2840 1830/2184/2066 1832/2183/2065
f 2301/3458/3283 2374/2620/2491 2375/3459/3284 2302/3460/3285
f 1743/3346/3173 1741/3033/2870 1749/3448/3273 1748/2993/2831
f 2325/492/472 2327/491/471 2328/3419/3245 2326/2437/2314
f 2328/3419/3245 2362/2618/1125 2363/2164/1103 2326/2437/2314
f 1635/3280/3107 1630/3287/3114 1627/3443/3268 1625/3417/3243
f 2254/636/614 2256/297/277 2257/1858/1778 2253/1857/1777
f 1365/1488/1444 1366/2973/2811 1364/2974/2812 1363/1485/1441
f 1639/1297/1258 1904/775/749 1638/778/752 1637/2337/2215
f 1919/1626/1571 1920/1625/1570 1940/2599/2471 1917/2537/2412
f 2377/1268/792 2372/1267/1228 2371/3457/3282 2378/2594/2466
f 2326/2437/2314 2363/2164/1103 2313/1615/1560 2316/1614/1559
f 1906/3325/3152 1910/3185/3019 1909/2759/2605 1905/1296/1257
f 1893/1623/1568 1894/142/124 1657/145/127 1659/2976/2814
f 1892/1624/1569 1891/1987/1894 1921/2597/2469 1920/1625/1570
f 2909/2189/2071 2889/2187/2069 2910/2567/2441 2924/2564/2438
f 1849/3461/3286 1850/1891/1811 1843/3228/3061 1842/3462/3287
f 1851/3404/3232 1855/1312/1272 1850/1891/1811 1849/3461/3286
f 2459/2394/2272 2442/2393/2271 2460/1323/1283 2463/1322/1282
f 2307/2774/2620 2370/2773/2619 2371/3457/3282 2305/2653/2523
f 2988/656/634 2972/655/633 2989/2535/2410 3027/2317/2196
f 2303/1266/1227 2373/1265/1226 2374/2620/2491 2301/3458/3283
f 2188/3463/3288 2204/2500/2374 2187/2527/2402 2179/3464/3289
f 2422/3379/3207 2438/3378/3206 2439/181/161 2421/180/160
f 2265/3465/3290 2261/326/306 2260/2305/2184 2266/3466/3291
f 1630/3287/3114 1631/3286/3113 1629/3467/3292 1627/3443/3268
f 1868/3317/3144 1870/3316/3143 1869/3139/2973 1866/3412/3238
f 1656/3308/3135 1658/3468/3293 1657/145/127 1655/144/126
f 2620/1993/1900 2605/1826/1746 2621/3190/3024 2624/1994/1901
f 1658/3468/3293 1660/3299/3126 1659/2976/2814 1657/145/127
f 1899/3427/3252 1906/3325/3152 1905/1296/1257 1644/1295/1256
f 1662/2238/2120 1664/2237/2119 1663/1988/1895 1661/2268/2148
f 2516/3159/2993 2514/1822/1742 2517/1289/1250 2569/2489/2364
f 1674/3403/3231 1677/3453/3278 1676/2559/2434 1675/1989/1896
f 1699/3449/3274 1677/3453/3278 1679/3455/3280 1698/1511/1465
f 1704/3381/3209 1699/3449/3274 1698/1511/1465 1697/1510/1464
f 1880/3438/3263 1879/3173/3007 1933/3174/3008 1932/644/622
f 1415/2604/2476 1562/1525/1478 1414/1528/1481 1408/3105/2939
f 1882/1145/1113 1881/3437/3262 1931/643/621 1930/1146/1114
f 355/209/189 354/208/188 369/754/524 368/834/805
f 1969/1797/1723 1967/1047/1017 1965/3331/3158 1924/3377/3205
f 1885/3348/3175 1884/1331/1291 1928/1332/1292 1927/3063/2900
f 1880/3438/3263 1881/3437/3262 1771/3450/3275 1772/3402/3230
f 1887/3393/3221 1886/3347/3174 1926/3062/2899 1925/3344/3171
f 1888/2491/2366 1887/3393/3221 1925/3344/3171 1924/3377/3205
f 2305/2653/2523 2371/3457/3282 2372/1267/1228 2304/2450/2326
f 1741/3033/2870 1743/3346/3173 1731/3336/3163 1733/3034/2871
f 1734/405/385 1736/3469/3294 1735/3035/2872 1733/3034/2871
f 1737/404/384 1738/3470/3295 1736/3469/3294 1734/405/385
f 2884/2193/2075 2885/2200/2081 2886/2188/2070 2908/2190/2072
f 3033/2555/2430 3049/2370/2248 3050/2438/1508 3032/2461/2337
f 1627/3443/3268 1629/3467/3292 1628/3471/3296 1626/3444/3269
f 3381/1133/1101 3382/189/169 3383/188/168 3380/507/487
f 1897/2538/2413 1917/2537/2412 1903/3256/3085 1898/3059/2896
f 1216/3031/2868 1223/1318/1278 1222/1321/1281 1218/3028/2865
f 1688/1512/1466 1681/3371/3198 1683/3370/3197 1686/3368/3195
f 1898/3059/2896 1903/3256/3085 1899/3427/3252 1645/3060/2897
f 1743/3346/3173 1744/1495/1451 1729/2638/2508 1731/3336/3163
f 2994/1957/1878 2996/1956/1877 2998/3428/3253 2997/2660/2529
f 2379/2921/2759 2370/2773/2619 2369/2772/2618 2380/2918/2756
f 1340/3472/3297 1341/3473/3298 1332/726/703 1330/725/702
f 1572/3223/3056 1573/3222/3055 1571/3216/3049 1570/3238/3070
f 2412/3071/2908 2410/2296/2174 2422/3379/3207 2421/180/160
f 2405/1179/1146 2408/2295/78 2409/2298/2176 2407/1180/1147
f 573/1206/1173 572/1205/1172 586/1298/595 585/1213/1180
f 1746/1497/1453 1721/3349/3176 1722/2469/2344 1745/1494/1450
f 1976/3366/3193 1977/3382/3210 1970/3345/3172 1971/3065/2902
f 1730/2637/2507 1732/406/386 1731/3336/3163 1729/2638/2508
f 2412/3071/2908 2414/1061/1030 2415/1064/1033 2413/3072/2909
f 1979/1044/1014 1978/1796/1722 1986/3246/3076 1981/1519/1472
f 2347/3474/3299 2365/3475/3300 2354/3421/3247 2351/3042/2878
f 1842/3462/3287 1843/3228/3061 1838/3229/3062 1841/3476/3301
f 1905/1296/1257 1909/2759/2605 1908/776/750 1904/775/749
f 1978/1796/1722 1977/3382/3210 1987/3247/3077 1986/3246/3076
f 1977/3382/3210 1976/3366/3193 1988/3396/3224 1987/3247/3077
f 1754/3387/3215 1753/2992/2830 1774/3383/3211 1773/3392/3220
f 2009/3244/3074 2008/3395/3223 2014/3477/3302 2010/3478/3303
f 1497/3260/3089 1498/3259/3088 1496/903/872 1495/902/871
f 2359/158/139 2350/3011/2849 2356/2415/2293 2367/159/140
f 3475/830/801 3524/263/243 3523/229/209 3504/447/427
f 1954/3373/3200 1955/3235/2961 1949/1435/1391 1950/3374/3201
f 2071/2566/2440 2080/2575/2447 2072/2574/2446 2067/2482/2357
f 420/139/121 419/703/680 434/706/683 433/140/122
f 1952/3479/3304 1953/3480/3305 1951/3333/3160 1939/3332/3159
f 1783/3324/3151 1784/3323/3150 1782/1555/1509 1781/3439/3264
f 1514/413/393 1435/3110/2944 1436/3144/2978 1510/493/473
f 2385/2595/2467 2389/3430/3255 2402/2626/2497 2386/2596/2468
f 1667/2378/2256 1672/2377/2255 1671/3481/3306 1670/3360/3187
f 2383/2919/2757 2381/3416/3242 2382/3432/3257 2387/3052/2889
f 2345/2718/2576 2347/3474/3299 2351/3042/2878 2346/2719/243
f 1678/3456/3281 1679/3455/3280 1677/3453/3278 1674/3403/3231
f 3517/259/239 3507/265/245 3506/108/90 3518/107/89
f 2369/2772/2618 2364/2165/2049 2368/2619/2490 2380/2918/2756
f 2332/2842/2679 2336/3354/3181 2337/3356/3183 2330/2328/2207
f 1698/1511/1465 1679/3455/3280 1681/3371/3198 1688/1512/1466
f 1279/431/411 1285/511/491 1284/1756/1692 1278/432/412
f 1641/3303/3130 1643/3302/3129 1640/2339/2217 1634/3309/3136
f 1701/2396/2274 1702/3375/3202 1694/3289/3116 1692/2397/2275
f 418/704/681 417/172/152 436/175/155 435/705/682
f 2379/2921/2759 2384/2920/2758 2385/2595/2467 2378/2594/2466
f 856/2741/2589 890/1700/1638 855/1699/1637 833/2791/2636
f 2301/3458/3283 2298/2434/2311 2296/2433/2310 2303/1266/1227
f 1946/3482/3307 1947/3483/3308 1945/642/620 1944/641/619
f 2298/2434/2311 2301/3458/3283 2302/3460/3285 2300/3484/3309
f 1944/641/619 1943/1433/1389 1948/1436/1392 1946/3482/3307
f 2976/2366/2244 2956/2211/2092 2975/2225/2107 2985/2150/2035
f 1942/1434/1390 1941/3341/3168 1950/3374/3201 1949/1435/1391
f 1938/3334/3161 1950/3374/3201 1941/3341/3168 1936/3342/3169
f 1937/3335/3162 1938/3334/3161 1936/3342/3169 1902/3376/3203
f 1684/3485/3310 1685/3486/3311 1683/3370/3197 1682/3369/3196
f 1818/3165/2999 1820/3123/2957 1819/3126/2960 1817/3166/3000
f 1927/3063/2900 1928/1332/1292 1973/3365/3192 1972/3064/2901
f 1551/3108/2942 1552/412/392 1520/1349/1309 1522/1348/1308
f 1139/2894/2733 1138/1277/1237 1145/2909/2748 1141/3425/3251
f 1685/3486/3311 1687/3487/3312 1686/3368/3195 1683/3370/3197
f 2480/2608/2480 2472/2515/2390 2479/3353/3180 2481/3488/3313
f 2010/3478/3303 2011/3489/3314 1985/3245/3075 2009/3244/3074
f 1753/2992/2830 1754/3387/3215 1746/1497/1453 1747/1496/1452
f 1988/3396/3224 1976/3366/3193 1989/3401/3229
f 1976/3366/3193 1975/3364/3191 1989/3401/3229
f 1755/3388/3216 1756/3389/3217 1720/3350/3177 1721/3349/3176
f 1994/2485/2360 1996/3451/3276 1995/3399/3227 1993/129/111
f 1168/2143/2028 1172/112/94 1171/111/93 1167/2144/2029
f 1975/3364/3191 1974/1618/1563 1990/1620/1565 1989/3401/3229
f 1997/3400/3228 1998/3452/3277 1999/3490/3315
f 1998/3452/3277 2000/3491/3316 1999/3490/3315
f 2446/3319/3146 2445/3307/3134 2448/3297/3124 2447/3296/3123
f 2296/2433/2310 2295/2432/2309 2294/2651/2521 2304/2450/2326
f 1999/3490/3315 2001/3492/3317 1997/3400/3228
f 2001/3492/3317 2002/3398/3226 1997/3400/3228
f 1756/3389/3217 1755/3388/3216 1772/3402/3230 1771/3450/3275
f 843/2241/2123 852/2766/2612 851/2769/2615 850/2242/2124
f 1757/2347/2225 1756/3389/3217 1771/3450/3275 1770/3209/3043
f 1801/3408/3236 1803/3407/3235 1795/3306/3133 1797/2260/2141
f 1989/3401/3229 2007/3390/3218 1988/3396/3224
f 2007/3390/3218 2008/3395/3223 1988/3396/3224
f 1485/2314/2193 1440/2247/2128 1475/3142/2976 1476/3178/3012
f 2426/2859/2694 2399/1977/1887 2427/1980/242 2436/2474/2349
f 2438/3378/3206 2425/3423/3249 2437/2460/2336 2439/181/161
f 828/1212/1179 829/1409/1366 825/1197/1164 826/1190/1157
f 2305/2653/2523 2306/2652/2522 2308/3343/3170 2307/2774/2620
f 2001/3492/3317 2012/3493/3318 2002/3398/3226
f 1307/2390/2268 1313/2553/2428 1306/275/255 1296/274/254
f 2012/3493/3318 2013/3494/3319 2002/3398/3226
f 1429/2257/2138 1464/3160/2994 1443/3131/2965 1442/2254/2135
f 2463/1322/1282 2465/1325/1285 2467/2205/2086 2466/2204/2085
f 2311/2166/2050 2312/2611/2483 2314/1612/1557 2313/1615/1560
f 1955/3235/2961 1956/3234/3067 1948/1436/1392 1949/1435/1391
f 2014/3477/3302 2008/3395/3223 2015/3391/3219
f 2008/3395/3223 2007/3390/3218 2015/3391/3219
f 2019/2763/2609 2003/2762/2608 2002/3398/3226 2013/3494/3319
f 908/2793/2638 933/2085/1982 909/2084/1981 907/865/836
f 1981/1519/1472 1986/3246/3076 1985/3245/3075 1983/3433/3258
f 1829/750/726 1831/2181/2063 1830/2184/2066 1828/751/727
f 3314/1440/1396 3318/1532/1485 3316/1531/1484 3315/1441/1397
f 180/423/403 181/376/356 168/319/299 169/318/298
f 106/1878/1799 107/1877/1798 105/233/213 74/301/281
f 1910/3185/3019 1912/3184/3018 1911/2760/2606 1909/2759/2605
f 2317/2436/2313 2318/3495/3320 2320/3008/2846 2319/3007/2845
f 2316/1614/1559 2315/1613/1558 2318/3495/3320 2317/2436/2313
f 1636/2338/2216 1633/3282/3109 1634/3309/3136 1640/2339/2217
f 2922/2512/2387 2921/2286/2166 2926/890/861 2925/889/860
f 1835/3301/3128 1837/3446/3271 1836/2995/2833 1834/2389/2267
f 1867/2020/1923 1859/2019/1922 1778/3274/3101 1875/3273/3100
f 2819/2801/2646 2802/2671/2540 2801/421/401 2820/2797/2642
f 2291/1476/1432 2081/2573/2445 2292/1442/1398 2293/1445/1401
f 2494/2244/2126 2497/2230/2112 2498/3119/2953 2496/2890/2728
f 2531/2358/2236 2507/1450/1406 2532/1279/1240 2536/2359/2237
f 2234/2646/2516 2091/2427/2304 2090/907/876 2255/906/875
f 644/2657/2527 646/2167/1728 645/2008/1663 643/1276/1236
f 2436/2474/2349 2427/1980/242 2435/2392/2270 2441/2391/2269
f 77/733/709 76/1327/1287 103/216/196 102/215/195
f 3345/2967/2805 3343/670/648 3346/1269/1229 3353/637/615
f 2032/251/231 2034/3496/3321 2033/3497/3322 2031/252/232
f 3503/445/425 3505/448/428 3502/2325/2204 3501/1041/1011
f 2483/1270/1230 2484/1273/1233 2482/2243/2125 2491/1451/1407
f 274/603/583 280/621/601 273/562/542 245/604/584
f 2268/2936/2775 2258/1859/1779 2257/1858/1778 2269/2362/2240
f 2742/2844/2680 2741/1731/1666 2740/1730/1665 2744/2355/2233
f 2297/2435/2312 2298/2434/2311 2300/3484/3309 2299/3498/3323
f 3038/1831/1751 3043/3499/3324 3044/3500/3325 3040/1832/1752
f 2387/3052/2889 2392/3312/3139 2393/3311/3138 2388/3053/2890
f 2087/299/279 2086/2539/2414 2271/2360/2238 2270/300/280
f 2502/2508/2383 2488/2616/2488 2504/3102/2936 2503/2613/2485
f 2711/2932/2770 2713/3275/3102 2655/3231/3064 2712/2927/2765
f 2266/3466/3291 2275/3501/2386 2276/3502/359 2265/3465/3290
f 2268/2936/2775 2273/3172/3006 2274/3503/3326 2267/2935/2773
f 2202/2902/2741 2207/2901/2740 2203/3504/3327 2189/2628/2499
f 2044/1570/1525 2045/2010/1913 2037/1571/1526
f 2286/285/265 2207/2901/2740 2285/2904/2743 2284/286/266
f 1547/3221/3054 1548/3080/2918 1528/1936/1856 1530/3220/3053
f 2079/2810/2654 2074/1840/1760 2076/1839/1759 2078/2811/2655
f 1204/2341/2219 1205/2411/2289 1203/1203/1170 1202/764/738
f 2564/3075/2912 2522/3005/2843 2563/3132/2966 2578/1307/1267
f 2138/1565/1519 2151/458/438 2139/461/441 2137/1566/1520
f 2172/3041/2877 2194/3505/3328 2173/2287/2167 2171/2178/2061
f 2280/2496/2210 2283/287/267 2284/286/266 2279/3171/3005
f 2563/3132/2966 2523/2332/2210 2562/2331/267 2579/3133/2967
f 2550/433/413 2558/2847/2683 2559/3506/3329 2526/2505/2380
f 241/605/585 245/604/584 240/530/510 209/534/514
f 2526/2505/2380 2559/3506/3329 2560/3254/3083 2525/2614/2486
f 2525/2614/2486 2503/2613/2485 2527/2506/2381 2526/2505/2380
f 2056/2009/551 2050/2011/1914 2057/3121/2955
f 2062/3507/3330 2063/3103/2937 2061/2486/2361 2060/909/878
f 1023/352/332 1030/2503/2378 1024/1423/1379 1001/2746/2594
f 1867/2020/1923 1868/3317/3144 1866/3412/3238 1860/1310/1270
f 2063/3103/2937 2062/3507/3330 2064/2483/2358
f 2651/3077/2914 2630/3097/2931 2652/3078/2916 2731/220/200
f 2616/2885/2724 2591/2523/2398 2617/2941/2780 2628/2886/2725
f 1017/1235/1200 1018/2550/2425 1006/2747/2595 1007/2071/1972
f 2053/911/880 2054/910/879 2052/2321/2200 2051/3508/3331
f 288/580/560 287/589/569 300/241/221 299/240/220
f 2051/3508/3331 2052/2321/2200 2050/2011/1914 2049/2558/2433
f 2278/3249/1267 2285/2904/2743 2208/2903/2742 2277/2903/2888
f 2595/379/359 2577/2511/2386 2594/1306/1266 2613/380/360
f 1250/3509/3332 1251/3510/3333 1248/3098/2932 1249/3101/2935
f 2734/632/610 2648/392/372 2728/2221/2103 2727/633/611
f 2191/2877/2714 2201/2899/2738 2190/1447/1403 2176/1446/1402
f 1346/3049/2885 1322/574/554 1339/573/553 1345/3054/2891
f 2067/2482/2357 2072/2574/2446 2070/2574/2706
f 2201/2899/2738 2208/2903/2742 2202/2902/2741 2190/1447/1403
f 150/272/252 149/711/688 166/371/351 165/369/349
f 2040/1399/1357 2041/3511/3334 2039/2861/2696 2035/2860/2695
f 2042/1398/1356 2043/3512/3335 2041/3511/3334 2040/1399/1357
f 2075/1838/1758 2077/3513/1019 2076/1839/1759
f 2267/2935/2773 2274/3503/3326 2275/3501/2386 2266/3466/3291
f 2077/3513/1019 2078/2811/2655 2076/1839/1759
f 2047/1400/1358 2040/1399/1357 2035/2860/2695 2046/2428/2305
f 2735/2900/2739 2647/2907/2746 2734/632/610 2739/631/609
f 1280/2679/2547 1292/508/488 1285/511/491 1279/431/411
f 2087/299/279 2057/3121/2955 2058/2320/2199 2086/2539/2414
f 2085/2540/2415 2059/2319/2198 2061/2486/2361 2084/2308/2187
f 2107/2180/1990 2108/3253/3082 2106/3514/3336 2105/2177/2060
f 2083/2309/2188 2063/3103/2937 2070/2574/2706 2082/2870/2705
f 2080/2575/2447 2079/2810/2654 2184/1443/1399 2292/1442/1398
f 2786/1704/1642 2770/1703/1641 2768/1795/1721 2787/1794/1720
f 2092/3515/3337 2093/3516/3338 2048/1397/1355
f 2048/1397/1355 2093/3516/3338 2042/1398/1356
f 2287/288/268 2283/287/267 2282/2311/2190 2288/2310/2189
f 2042/1398/1356 2093/3516/3338 2043/3512/3335
f 2093/3516/3338 2094/3517/3339 2043/3512/3335
f 2509/2929/2767 2492/2892/2730 2493/2889/1415 2510/3241/2863
f 2119/2724/2580 2120/2916/2755 2118/341/321 2117/340/320
f 1930/1146/1114 1931/643/621 2034/3496/3321 2032/251/231
f 2251/2412/2290 2259/2935/2774 2260/2305/2184 2250/2304/2183
f 2101/3518/3340 2195/1303/1263 2172/3041/2877 2103/3040/2876
f 2111/1564/1518 2112/3519/3341 2110/3252/3081 2109/3251/3080
f 2583/2313/2192 2559/3506/3329 2558/2847/2683 2584/2846/2682
f 2278/3249/1267 2274/3503/3326 2273/3172/3006 2279/3171/3005
f 2593/1308/1268 2579/3133/2967 2592/3263/265 2615/3136/2970
f 2630/3097/2931 2615/3136/2970 2629/2884/2723 2652/3078/2916
f 2189/2628/2499 2203/3504/3327 2188/3463/3288 2178/1990/1897
f 2252/1859/1780 2238/1457/1413 2237/2579/2451 2253/1857/1777
f 2095/2855/2532 2215/2986/2824 2214/979/949 2097/2852/2688
f 2095/2855/2532 2096/2854/2690 2043/3512/3335 2094/3517/3339
f 2122/2915/2007 2121/2726/2010 2123/3520/1019
f 2121/2726/2010 2124/2725/2581 2123/3520/1019
f 2123/3520/1019 2124/2725/2581 2125/2944/2783
f 2511/3240/2862 2495/2891/2729 2513/1290/1251 2512/1823/1743
f 2582/503/483 2560/3254/3083 2559/3506/3329 2583/2313/2192
f 2235/2989/2827 2245/980/950 2214/979/949 2215/2986/2824
f 2714/3268/3095 2709/3266/2804 2715/2379/2257 2733/2402/2280
f 2932/473/453 2943/2350/2228 2944/2336/2214 2931/470/450
f 2203/3504/3327 2206/285/2375 2204/2500/2374 2188/3463/3288
f 2083/2309/2188 2082/2870/2705 2289/1475/1431 2288/2310/2189
f 2288/2310/2189 2289/1475/1431 2290/1474/1430 2287/288/268
f 2585/2849/2685 2586/1824/1744 2587/1827/1747 2584/2846/2682
f 2094/3517/3339 2216/2987/2825 2215/2986/2824 2095/2855/2532
f 2266/3466/3291 2260/2305/2184 2259/2935/2774 2267/2935/2773
f 2206/285/2375 2203/3504/3327 2207/2901/2740 2286/285/265
f 2125/2944/2783 2130/2943/2782 2123/3520/1019
f 2190/1447/1403 2202/2902/2741 2189/2628/2499 2177/1448/1404
f 2123/3520/1019 2130/2943/2782 2131/3521/3342
f 1859/2019/1922 1858/2888/2727 1777/1039/1009 1778/3274/3101
f 2220/2924/2762 2243/350/330 2244/349/329 2219/2925/2763
f 2219/2925/2763 2244/349/329 2245/980/950 2235/2989/2827
f 1962/2441/2317 1954/3373/3200 1951/3333/3160 1953/3480/3305
f 2732/2381/2259 2716/217/197 2731/220/200 2652/3078/2916
f 2209/2898/2737 2200/2290/2171 2210/2290/2170 2276/3502/359
f 2103/3040/2876 2104/3522/3343 2102/3523/3344 2101/3518/3340
f 2105/2177/2060 2106/3514/3336 2104/3522/3343 2103/3040/2876
f 2168/3524/3345 2176/1446/1402 2167/1449/1405 2157/2863/2698
f 2175/2878/2715 2191/2877/2714 2176/1446/1402 2168/3524/3345
f 2235/2989/2827 2217/2988/2826 2218/2922/2760 2219/2925/2763
f 2156/459/439 2168/3524/3345 2157/2863/2698 2150/460/440
f 2968/895/864 2964/1219/1185 2966/1686/1626 2993/896/865
f 2598/2577/2449 2574/3081/331 2597/623/603 2610/622/602
f 2195/1303/1263 2197/677/655 2194/3505/3328 2172/3041/2877
f 2113/1567/1521 2137/1566/1520 2129/2530/2405 2115/343/323
f 3399/100/82 3403/1036/1006 3405/176/156 3472/85/67
f 2677/3150/2984 2674/2689/2557 2678/2344/2222 2689/2343/2221
f 2221/2923/2761 2223/3525/3346 2222/901/870 2220/2924/2762
f 2225/898/867 2222/901/870 2223/3525/3346 2224/3526/3347
f 2143/1874/1795 2144/2063/1964 2145/3527/1019
f 2609/2227/2109 2598/2577/2449 2610/622/602 2635/2778/655
f 2145/3527/1019 2144/2063/1964 2146/2977/2815
f 2224/3526/3347 2227/3025/2862 2226/3024/2861 2225/898/867
f 2678/2344/2222 2674/2689/2557 2672/2688/2556 2679/1907/1827
f 2197/677/655 2212/676/654 2198/676/2915 2194/3505/3328
f 2069/3528/3348 2062/3507/3330 2060/909/878 2055/908/877
f 1372/2522/2397 1376/2965/2803 1375/3529/3349 1371/1486/1442
f 2277/2903/2888 2275/3501/2386 2274/3503/3326 2278/3249/1267
f 2107/2180/1990 2153/2179/2062 2152/3099/2933 2109/3251/3080
f 546/1161/1128 547/482/462 512/1159/1126 513/1079/1048
f 2099/2940/2779 2196/978/948 2195/1303/1263 2101/3518/3340
f 2143/1874/1795 2145/3527/1019 2154/1875/1796
f 2546/934/904 2547/568/548 2529/571/551 2530/3250/3079
f 2277/2903/2888 2209/2898/2737 2276/3502/359 2275/3501/2386
f 2194/3505/3328 2198/676/2915 2193/2217/2098 2173/2287/2167
f 291/502/482 290/476/456 297/478/458 296/607/587
f 2695/2346/2224 2688/2345/2223 2696/2876/2713 2706/2552/2427
f 3462/666/644 3463/1198/1165 3465/3530/3350 3464/761/735
f 2226/3024/2861 2240/2580/2452 2241/899/868 2225/898/867
f 904/866/837 905/2723/2579 854/2787/2632 855/1699/1637
f 2146/2977/2815 2161/3023/2771 2145/3527/1019
f 2161/3023/2771 2162/3022/2860 2145/3527/1019
f 2145/3527/1019 2162/3022/2860 2163/2830/2670
f 2505/2866/2701 2506/2865/2700 2530/3250/3079 2529/571/551
f 2185/1444/1400 2181/2525/2400 2186/2528/2403 2293/1445/1401
f 2228/3026/2863 2231/3211/2767 2230/1456/1412 2229/1459/1415
f 2229/1459/1415 2239/1458/1414 2240/2580/2452 2226/3024/2861
f 2604/1825/1745 2606/3531/2439 2621/3190/3024 2605/1826/1746
f 2696/2876/2713 2688/2345/2223 2687/1906/1826 2697/2873/2710
f 2174/2217/2101 2192/2219/2100 2175/2878/2715 2169/2881/2719
f 2730/2880/2717 2718/2879/2716 2729/1658/2750 2650/2910/2749
f 618/1981/1890 619/1593/1544 617/2006/1911 616/2027/1930
f 2153/2179/2062 2170/2288/2168 2155/2288/2718 2152/3099/2933
f 1882/1145/1113 1883/1144/1112 1769/1660/1599 1770/3209/3043
f 2109/3251/3080 2152/3099/2933 2138/1565/1519 2111/1564/1518
f 2113/1567/1521 2114/3532/3351 2112/3519/3341 2111/1564/1518
f 2392/3312/3139 2390/161/142 2391/160/141 2394/2858/2693
f 2136/2529/2404 2140/1739/1674 2134/825/796 2135/824/795
f 2265/3465/3290 2276/3502/359 2210/2290/2170 2264/2897/2736
f 2632/381/361 2613/380/360 2631/2547/2422 2650/2910/2749
f 2574/3081/331 2567/3146/2980 2575/2824/2668 2597/623/603
f 2198/676/2915 2211/2896/2735 2199/2218/2099 2193/2217/2098
f 2264/2897/2736 2262/327/307 2261/326/306 2265/3465/3290
f 1224/3087/2924 1228/3086/2923 1227/1319/1279 1223/1318/1278
f 1018/2550/2425 1050/2549/2424 1019/2743/2591 1006/2747/2595
f 2165/1991/1898 2179/3464/3289 2164/3021/2859 2160/2966/2804
f 1955/3235/2961 1954/3373/3200 1962/2441/2317 1957/2440/2316
f 1184/1717/1654 1182/2798/2643 1192/2705/2570 1191/2704/2569
f 2234/2646/2516 2236/2647/2517 2232/3210/3044 2233/3533/3352
f 2163/2830/2670 2182/2131/2020 2077/3513/1019
f 2182/2131/2020 2183/2130/2019 2077/3513/1019
f 2077/3513/1019 2183/2130/2019 2078/2811/2655
f 2092/3515/3337 2048/1397/1355 2047/1400/1358 2091/2427/2304
f 597/151/132 601/2730/1365 614/1599/1549 613/152/133
f 1763/3442/3267 1762/3386/3214 1765/3394/3222 1764/2494/2369
f 2091/2427/2304 2234/2646/2516 2233/3533/3352 2092/3515/3337
f 2178/1990/1897 2188/3463/3288 2179/3464/3289 2165/1991/1898
f 1750/1038/1008 1779/269/249 1778/3274/3101 1777/1039/1009
f 2236/2647/2517 2237/2579/2451 2238/1457/1413 2230/1456/1412
f 1822/3124/2958 1824/2911/2751 1823/2912/2752 1821/3125/2959
f 121/102/84 122/225/205 90/228/208 92/103/85
f 2287/288/268 2290/1474/1430 2206/285/2375 2286/285/265
f 2719/2222/2104 2705/2875/2712 2704/2874/2711 2720/2220/2102
f 2729/1658/2750 2719/2222/2104 2728/2221/2103 2649/1658/1597
f 2264/2897/2736 2211/2896/2735 2263/713/690 2262/327/307
f 2069/3528/3348 2065/2484/2359 2064/2483/2358 2062/3507/3330
f 2149/1740/1675 2158/1914/1834 2148/1453/1409 2141/1452/1408
f 2101/3518/3340 2102/3523/3344 2100/3095/1123 2099/2940/2779
f 2249/325/305 2241/899/868 2240/2580/2452 2250/2304/2183
f 1928/1332/1292 1929/1147/1115 2030/250/230 2028/1635/1578
f 2252/1859/1780 2258/1859/1779 2259/2935/2774 2251/2412/2290
f 2551/436/416 2557/2848/2684 2558/2847/2683 2550/433/413
f 1020/2744/2592 1021/2699/2567 1003/876/847 1004/875/846
f 2169/2881/2719 2175/2878/2715 2168/3524/3345 2156/459/439
f 2648/392/372 2633/391/371 2649/1658/1597 2728/2221/2103
f 733/1727/1664 734/1726/1663 715/1851/1771 716/1850/1770
f 2269/2362/2240 2272/2361/2239 2273/3172/3006 2268/2936/2775
f 2115/343/323 2116/342/322 2114/3532/3351 2113/1567/1521
f 2709/3266/2804 2693/3162/2996 2708/2380/2258 2715/2379/2257
f 510/1142/1110 515/1392/1352 514/1080/1049 511/1166/1133
f 3361/802/775 3375/513/493 3359/512/492 3360/1183/1150
f 2119/2724/2580 2117/340/320 2128/2673/94 2126/2674/2542
f 2510/3241/2863 2493/2889/1415 2495/2891/2729 2511/3240/2862
f 2094/3517/3339 2093/3516/3338 2216/2987/2825
f 2216/2987/2825 2093/3516/3338 2217/2988/2826
f 2093/3516/3338 2218/2922/2760 2217/2988/2826
f 673/2012/1915 674/2007/1912 645/2008/1663 647/2013/1916
f 2132/822/793 2133/1455/1411 2131/3521/3342 2130/2943/2782
f 2221/2923/2761 2093/3516/3338 2223/3525/3346
f 2093/3516/3338 2224/3526/3347 2223/3525/3346
f 3085/1789/1717 3105/926/895 3106/1226/1191 3083/1225/1190
f 696/2035/1938 698/1099/1067 693/1429/1385 694/1871/1792
f 2148/1453/1409 2159/1992/1899 2147/2062/1963 2142/1454/1410
f 2224/3526/3347 2093/3516/3338 2227/3025/2862
f 2093/3516/3338 2228/3026/2863 2227/3025/2862
f 2160/2966/2804 2164/3021/2859 2161/3023/2771 2146/2977/2815
f 2228/3026/2863 2093/3516/3338 2231/3211/2767
f 2231/3211/2767 2093/3516/3338 2232/3210/3044
f 2232/3210/3044 2093/3516/3338 2233/3533/3352
f 2093/3516/3338 2092/3515/3337 2233/3533/3352
f 2570/2975/2813 2516/3159/2993 2569/2489/2364 2572/2951/2790
f 2179/3464/3289 2187/2527/2402 2180/2526/2401 2164/3021/2859
f 1700/2395/2273 1708/2862/2697 1707/2119/2014 1706/2118/2013
f 2606/3531/2439 2622/3534/3353 2623/3191/3025 2621/3190/3024
f 2180/2526/2401 2181/2525/2400 2163/2830/2670 2162/3022/2860
f 2218/2922/2760 2093/3516/3338 2221/2923/2761
f 2126/2674/2542 2127/823/794 2125/2944/2783 2124/2725/2581
f 2204/2500/2374 2205/1473/1429 2186/2528/2403 2187/2527/2402
f 3534/3535/3354 3537/3536/3355 3585/3537/3356 3581/3538/3357
f 3566/3539/3358 3578/3540/3359 3561/3541/3355 3549/3542/3360
f 3589/3543/3361 3582/3544/3362 3613/3545/3363 3614/3546/3364
s 0
f 3533/3547/3365 3541/3548/3365 3570/3549/3365 3574/3550/3365
s 1
f 3590/3551/3366 3593/3552/3367 3545/3553/3360 3542/3554/3368
f 3545/3553/3360 3593/3552/3367 3585/3537/3356 3537/3536/3355
s 0
f 3546/3555/3365 3538/3556/3365 3577/3557/3365 3565/3558/3365
f 3610/3559/1882 3605/3560/1882 3531/3561/1882 3532/3562/1882
f 3605/3560/3369 3601/3563/3369 3530/3564/3369 3531/3561/3369
f 3562/3565/3365 3557/3566/3365 3606/3567/3365 3609/3568/3365
f 3541/3548/3365 3546/3555/3365 3565/3558/3365 3570/3549/3365
f 3538/3556/3365 3533/3547/3365 3574/3550/3365 3577/3557/3365
s 1
f 3578/3540/3359 3573/3569/3370 3558/3570/3354 3561/3541/3355
f 3616/3571/3371 3614/3546/3364 3618/3572/3372 3620/3573/3373
s 0
f 3557/3566/3365 3553/3574/3365 3602/3575/3365 3606/3567/3365
f 3601/3563/660 3598/3576/660 3529/3577/660 3530/3564/660
f 3550/3578/3365 3562/3565/3365 3609/3568/3365 3597/3579/3365
s 1
f 3546/3555/3374 3541/3548/3375 3543/3580/3376 3548/3581/3377
f 3548/3581/3377 3543/3580/3376 3544/3582/3378 3547/3583/3379
f 3547/3583/3379 3544/3582/3378 3542/3554/3368 3545/3553/3360
f 3534/3535/3354 3542/3554/3368 3544/3582/3378 3536/3584/3380
f 3536/3584/3380 3544/3582/3378 3543/3580/3376 3535/3585/3381
f 3535/3585/3381 3543/3580/3376 3541/3548/3375 3533/3547/3382
f 3545/3553/3360 3537/3536/3355 3539/3586/3383 3547/3583/3379
f 3547/3583/3379 3539/3586/3383 3540/3587/3384 3548/3581/3377
f 3548/3581/3377 3540/3587/3384 3538/3556/3385 3546/3555/3374
f 3537/3536/3355 3534/3535/3354 3536/3584/3380 3539/3586/3383
f 3539/3586/3383 3536/3584/3380 3535/3585/3381 3540/3587/3384
f 3540/3587/3384 3535/3585/3381 3533/3547/3382 3538/3556/3385
f 3573/3569/3370 3569/3588/3386 3554/3589/3368 3558/3570/3354
f 3550/3578/3374 3553/3574/3375 3555/3590/3376 3552/3591/3377
f 3552/3591/3377 3555/3590/3376 3556/3592/3378 3551/3593/3379
f 3551/3593/3379 3556/3592/3378 3554/3589/3368 3549/3542/3360
f 3558/3570/3354 3554/3589/3368 3556/3592/3378 3560/3594/3380
f 3560/3594/3380 3556/3592/3378 3555/3590/3376 3559/3595/3381
f 3559/3595/3381 3555/3590/3376 3553/3574/3375 3557/3566/3382
f 3549/3542/3360 3561/3541/3355 3563/3596/3383 3551/3593/3379
f 3551/3593/3379 3563/3596/3383 3564/3597/3384 3552/3591/3377
f 3552/3591/3377 3564/3597/3384 3562/3565/3385 3550/3578/3374
f 3561/3541/3355 3558/3570/3354 3560/3594/3380 3563/3596/3383
f 3563/3596/3383 3560/3594/3380 3559/3595/3381 3564/3597/3384
f 3564/3597/3384 3559/3595/3381 3557/3566/3382 3562/3565/3385
s 0
f 3598/3576/3387 3610/3559/3387 3532/3562/3387 3529/3577/3387
s 1
f 3566/3539/3358 3569/3588/3386 3571/3598/3388 3568/3599/3389
f 3568/3599/3389 3571/3598/3388 3572/3600/3390 3567/3601/3391
f 3567/3601/3391 3572/3600/3390 3570/3549/3392 3565/3558/3393
f 3574/3550/3394 3570/3549/3392 3572/3600/3390 3576/3602/3395
f 3576/3602/3395 3572/3600/3390 3571/3598/3388 3575/3603/3396
f 3575/3603/3396 3571/3598/3388 3569/3588/3386 3573/3569/3370
f 3565/3558/3393 3577/3557/3397 3579/3604/3398 3567/3601/3391
f 3567/3601/3391 3579/3604/3398 3580/3605/3399 3568/3599/3389
f 3568/3599/3389 3580/3605/3399 3578/3540/3359 3566/3539/3358
f 3577/3557/3397 3574/3550/3394 3576/3602/3395 3579/3604/3398
f 3579/3604/3398 3576/3602/3395 3575/3603/3396 3580/3605/3399
f 3580/3605/3399 3575/3603/3396 3573/3569/3370 3578/3540/3359
f 3569/3588/3386 3566/3539/3358 3549/3542/3360 3554/3589/3368
f 3590/3551/3366 3581/3538/3357 3583/3606/3400 3592/3607/3401
f 3592/3607/3401 3583/3606/3400 3584/3608/3402 3591/3609/3403
f 3591/3609/3403 3584/3608/3402 3582/3544/3362 3589/3543/3361
f 3581/3538/3357 3585/3537/3356 3587/3610/3404 3583/3606/3400
f 3583/3606/3400 3587/3610/3404 3588/3611/3405 3584/3608/3402
f 3584/3608/3402 3588/3611/3405 3586/3612/3406 3582/3544/3362
f 3585/3537/3356 3593/3552/3367 3595/3613/3407 3587/3610/3404
f 3587/3610/3404 3595/3613/3407 3596/3614/3408 3588/3611/3405
f 3588/3611/3405 3596/3614/3408 3594/3615/3409 3586/3612/3406
f 3593/3552/3367 3590/3551/3366 3592/3607/3401 3595/3613/3407
f 3595/3613/3407 3592/3607/3401 3591/3609/3403 3596/3614/3408
f 3596/3614/3408 3591/3609/3403 3589/3543/3361 3594/3615/3409
f 3590/3551/3366 3542/3554/3368 3534/3535/3354 3581/3538/3357
f 3598/3576/3410 3601/3563/3411 3603/3616/3388 3600/3617/3389
f 3600/3617/3389 3603/3616/3388 3604/3618/3390 3599/3619/3391
f 3599/3619/3391 3604/3618/3390 3602/3575/3392 3597/3579/3393
f 3606/3567/3394 3602/3575/3392 3604/3618/3390 3608/3620/3395
f 3608/3620/3395 3604/3618/3390 3603/3616/3388 3607/3621/3396
f 3607/3621/3396 3603/3616/3388 3601/3563/3411 3605/3560/3412
f 3597/3579/3393 3609/3568/3397 3611/3622/3398 3599/3619/3391
f 3599/3619/3391 3611/3622/3398 3612/3623/3399 3600/3617/3389
f 3600/3617/3389 3612/3623/3399 3610/3559/3413 3598/3576/3410
f 3609/3568/3397 3606/3567/3394 3608/3620/3395 3611/3622/3398
f 3611/3622/3398 3608/3620/3395 3607/3621/3396 3612/3623/3399
f 3612/3623/3399 3607/3621/3396 3605/3560/3412 3610/3559/3413
s 0
f 3553/3574/3365 3550/3578/3365 3597/3579/3365 3602/3575/3365
s 1
f 3582/3544/3362 3586/3612/3406 3615/3624/3414 3613/3545/3363
f 3594/3615/3409 3589/3543/3361 3614/3546/3364 3616/3571/3371
f 3586/3612/3406 3594/3615/3409 3616/3571/3371 3615/3624/3414
s 0
f 3617/3625/3365 3619/3626/3365 3620/3573/3365 3618/3572/3365
s 1
f 3613/3545/3363 3615/3624/3414 3619/3626/3415 3617/3625/3416
f 3615/3624/3414 3616/3571/3371 3620/3573/3373 3619/3626/3415
f 3614/3546/3364 3613/3545/3363 3617/3625/3416 3618/3572/3372
